{"type": "FeatureCollection", "features": [{"type": "Feature", "geometry": {"type": "Point", "coordinates": [-122.3362, 47.6227]}, "properties": {"rank": 1, "name": "Amazon", "revenue_in_dollars": "$716.9 billion", "revenue_usd": 716924000000, "revenue": 716924000000.0, "revenue_currency": "USD", "revenue_year": "2025", "usd_rate": 1.0, "usd_rate_source": "European Central Bank euro reference rates, year average", "wikidata": "https://www.wikidata.org/wiki/Q3884", "hq": "Seattle", "country": "United States", "industry": "e-commerce; retail; web hosting service; web service", "employees": "1500000", "founded": "1994-07-05", "website": "https://www.amazon.com/", "exchange": "Nasdaq", "ceo": "Andy Jassy; Jeff Bezos"}}, {"type": "Feature", "geometry": {"type": "Point", "coordinates": [-94.2203385, 36.3655837]}, "properties": {"rank": 2, "name": "Walmart", "revenue_in_dollars": "$681.0 billion", "revenue_usd": 680985000000, "revenue": 680985000000.0, "revenue_currency": "USD", "revenue_year": "2024", "usd_rate": 1.0, "usd_rate_source": "European Central Bank euro reference rates, year average", "wikidata": "https://www.wikidata.org/wiki/Q483551", "hq": "Bentonville", "country": "United States", "industry": "big-box store; retail; retail chain; wholesale", "employees": "2300000", "founded": "1962-07-02; 1969-10-31", "website": "https://www.walmart.com/", "exchange": "Nasdaq", "ceo": "Doug McMillon"}}, {"type": "Feature", "geometry": {"type": "Point", "coordinates": [119.522777777, 26.661666666]}, "properties": {"rank": 3, "name": "Contemporary Amperex Technology Co. Limited", "revenue_in_dollars": "$566.0 billion", "revenue_usd": 566000000000, "revenue": 566000000000.0, "revenue_currency": "USD", "revenue_year": "2023", "usd_rate": 1.0, "usd_rate_source": "European Central Bank euro reference rates, year average", "wikidata": "https://www.wikidata.org/wiki/Q18653563", "hq": "Ningde", "country": "People's Republic of China", "industry": "battery industry", "employees": "83601", "founded": "2011-01-01", "website": "https://www.catl.com", "exchange": "Hong Kong Stock Exchange; Shenzhen Stock Exchange"}}, {"type": "Feature", "geometry": {"type": "Point", "coordinates": [139.763591, 35.680045]}, "properties": {"rank": 4, "name": "Mitsubishi", "revenue_in_dollars": "$532.6 billion", "revenue_usd": 532600000000, "revenue": 532600000000.0, "revenue_currency": "USD", "revenue_year": "2018", "usd_rate": 1.0, "usd_rate_source": "European Central Bank euro reference rates, year average", "wikidata": "https://www.wikidata.org/wiki/Q183275", "hq": "Tokyo", "country": "Japan", "industry": "trade; weapons industry", "employees": "350000", "founded": "1870-01-01; 1950-01-01", "website": "https://www.mitsubishi.com/en/; https://www.mitsubishi.com/ja/", "ceo": "Takehiko Kakiuchi"}}, {"type": "Feature", "geometry": {"type": "Point", "coordinates": [-122.008967784, 37.334641747]}, "properties": {"rank": 5, "name": "Apple Inc.", "revenue_in_dollars": "$416.2 billion", "revenue_usd": 416161000000, "revenue": 416161000000.0, "revenue_currency": "USD", "revenue_year": "2025", "usd_rate": 1.0, "usd_rate_source": "European Central Bank euro reference rates, year average", "wikidata": "https://www.wikidata.org/wiki/Q312", "hq": "Apple Park; Cupertino", "country": "United States", "industry": "consumer electronics industry; digital distribution; electronics industry; information technology industry; mobile phone industry; software development; software industry", "employees": "164000", "founded": "1976-04-01", "website": "https://apple.com.cn/; https://apple.com/; https://apple.com/ae-ar/; https://apple.com/ae/; https://apple.com/am/; https://apple.com/at/; https://apple.com/au/; https://apple.com/az/; https://apple.com/befr/; https://apple.com/benl/; https://apple.com/bg/; https://apple.com/bh-ar/; https://apple.com/bh/; https://apple.com/br/; https://apple.com/bw/; https://apple.com/by/; https://apple.com/ca/; https://apple.com/ca/fr/; https://apple.com/cf/; https://apple.com/chde/; https://apple.com/chfr/; https://apple.com/ci/; https://apple.com/cl/; https://apple.com/cm/; https://apple.com/co/; https://apple.com/cz/; https://apple.com/de/; https://apple.com/dk/; https://apple.com/ee/; https://apple.com/eg-ar/; https://apple.com/eg/; https://apple.com/es/; https://apple.com/fr/; https://apple.com/ge/; https://apple.com/gn/; https://apple.com/gq/; https://apple.com/gr/; https://apple.com/gw/; https://apple.com/hk/; https://apple.com/hk/en/; https://apple.com/hr/; https://apple.com/hu/; https://apple.com/id/; https://apple.com/ie/; https://apple.com/il/; https://apple.com/in/; https://apple.com/it/; https://apple.com/jo-ar/; https://apple.com/jo/; https://apple.com/jp/; https://apple.com/ke/; https://apple.com/kg/; https://apple.com/kr/; https://apple.com/kw-ar/; https://apple.com/kw/; https://apple.com/kz/; https://apple.com/la/; https://apple.com/lae/; https://apple.com/li/; https://apple.com/lt/; https://apple.com/lu/; https://apple.com/lv/; https://apple.com/ma/; https://apple.com/md/; https://apple.com/me/; https://apple.com/mg/; https://apple.com/mk/; https://apple.com/ml/; https://apple.com/mo/; https://apple.com/mt/; https://apple.com/mu/; https://apple.com/mx/; https://apple.com/my/; https://apple.com/mz/; https://apple.com/ne/; https://apple.com/ng/; https://apple.com/nl/; https://apple.com/no/; https://apple.com/nz/; https://apple.com/om-ar/; https://apple.com/om/; https://apple.com/ph/; https://apple.com/pl/; https://apple.com/pt/; https://apple.com/qa-ar/; https://apple.com/qa/; https://apple.com/ro/; https://apple.com/ru/; https://apple.com/sa-ar/; https://apple.com/sa/; https://apple.com/se/; https://apple.com/sg/; https://apple.com/si/; https://apple.com/sk/; https://apple.com/sn/; https://apple.com/th/; https://apple.com/tj/; https://apple.com/tm/; https://apple.com/tn/; https://apple.com/tr/; https://apple.com/tw/; https://apple.com/ua/; https://apple.com/ug/; https://apple.com/uk/; https://apple.com/uz/; https://apple.com/vn/; https://apple.com/za/; https://www.apple.com/tw", "exchange": "Nasdaq; Tokyo Stock Exchange", "ceo": "John Ternus"}}, {"type": "Feature", "geometry": {"type": "Point", "coordinates": [50.132611111, 26.310183333]}, "properties": {"rank": 6, "name": "Saudi Aramco", "revenue_in_dollars": "$415.8 billion", "revenue_usd": 415824533333, "revenue": 1559342000000.0, "revenue_currency": "SAR", "revenue_year": "2025", "usd_rate": 3.75, "usd_rate_source": "World Bank official exchange rate (PA.NUS.FCRF), SAU", "wikidata": "https://www.wikidata.org/wiki/Q679322", "hq": "Dhahran", "country": "Saudi Arabia", "industry": "extraction of crude petroleum and natural gas; extraction of petroleum; oil refining; petroleum industry", "employees": "79000", "founded": "1932-01-01; 1933-01-01; 1988-01-01; 1988-11-13", "website": "https://www.aramco.com//", "exchange": "Saudi Stock Exchange", "ceo": "Amin H. Al-Nasser"}}, {"type": "Feature", "geometry": {"type": "Point", "coordinates": [116.407526, 39.90403]}, "properties": {"rank": 7, "name": "Sinopec", "revenue_in_dollars": "$414.4 billion", "revenue_usd": 414398758441, "revenue": 2742779810000.0, "revenue_currency": "CNY", "revenue_year": "2018", "usd_rate": 6.618696977563048, "usd_rate_source": "European Central Bank euro reference rates, year average", "wikidata": "https://www.wikidata.org/wiki/Q831445", "hq": "Beijing", "country": "People's Republic of China", "industry": "petroleum industry", "employees": "351019", "founded": "2000-01-01", "website": "http://www.sinopecgroup.com; https://www.sinopechongkong.com/", "exchange": "Hong Kong Stock Exchange; Shanghai Stock Exchange"}}, {"type": "Feature", "geometry": {"type": "Point", "coordinates": [137.156333333, 35.082416666]}, "properties": {"rank": 8, "name": "Toyota", "revenue_in_dollars": "$410.9 billion", "revenue_usd": 410890000000, "revenue": 410890000000.0, "revenue_currency": "USD", "revenue_year": "2024", "usd_rate": 1.0, "usd_rate_source": "European Central Bank euro reference rates, year average", "wikidata": "https://www.wikidata.org/wiki/Q53268", "hq": "Toyota", "country": "Japan", "industry": "automotive industry", "employees": "359542", "founded": "1937-08-28", "website": "https://global.toyota", "exchange": "London Stock Exchange; Nagoya Stock Exchange; New York Stock Exchange; Tokyo Stock Exchange", "ceo": "Kōji Satō"}}, {"type": "Feature", "geometry": {"type": "Point", "coordinates": [-122.084444444, 37.422055555]}, "properties": {"rank": 9, "name": "Alphabet Inc.", "revenue_in_dollars": "$402.8 billion", "revenue_usd": 402836000000, "revenue": 402836000000.0, "revenue_currency": "USD", "revenue_year": "2025", "usd_rate": 1.0, "usd_rate_source": "European Central Bank euro reference rates, year average", "wikidata": "https://www.wikidata.org/wiki/Q20800404", "hq": "Mountain View", "country": "United States", "industry": "information technology", "employees": "190234", "founded": "2015-10-02", "website": "https://abc.xyz/", "exchange": "Nasdaq", "ceo": "Sundar Pichai"}}, {"type": "Feature", "geometry": {"type": "Point", "coordinates": [-93.4064, 44.8962]}, "properties": {"rank": 10, "name": "UnitedHealth Group", "revenue_in_dollars": "$400.3 billion", "revenue_usd": 400278000000, "revenue": 400278000000.0, "revenue_currency": "USD", "revenue_year": "2024", "usd_rate": 1.0, "usd_rate_source": "European Central Bank euro reference rates, year average", "wikidata": "https://www.wikidata.org/wiki/Q2103926", "hq": "Minnetonka", "country": "United States", "industry": "health insurance", "employees": "58000", "founded": "1977-01-01", "website": "http://www.unitedhealthgroup.com/; https://www.uhc.com/", "exchange": "New York Stock Exchange", "ceo": "Andrew Witty; Stephen J. Hemsley"}}, {"type": "Feature", "geometry": {"type": "Point", "coordinates": [116.41006, 39.92718]}, "properties": {"rank": 11, "name": "China National Petroleum Corporation", "revenue_in_dollars": "$392.7 billion", "revenue_usd": 392738544885, "revenue": 2599417420000.0, "revenue_currency": "CNY", "revenue_year": "2018", "usd_rate": 6.618696977563048, "usd_rate_source": "European Central Bank euro reference rates, year average", "wikidata": "https://www.wikidata.org/wiki/Q588786", "hq": "Dongcheng District", "country": "People's Republic of China", "industry": "petroleum industry", "employees": "1589508", "founded": "1988-09-17", "website": "http://www.cnpc.com.cn/; http://www.cnpc.com.cn/en/; http://www.cnpc.com.cn/es/; http://www.cnpc.com.cn/ru/; http://www.cnpc.com.cn:81/cnpc/index.shtml"}}, {"type": "Feature", "geometry": {"type": "Point", "coordinates": [116.407526, 39.90403]}, "properties": {"rank": 12, "name": "State Grid Corporation of China", "revenue_in_dollars": "$386.8 billion", "revenue_usd": 386821492007, "revenue": 2560254240000.0, "revenue_currency": "CNY", "revenue_year": "2018", "usd_rate": 6.618696977563048, "usd_rate_source": "European Central Bank euro reference rates, year average", "wikidata": "https://www.wikidata.org/wiki/Q209078", "hq": "Beijing", "country": "People's Republic of China", "industry": "electric power industry", "employees": "1581000", "founded": "2002-12-01", "website": "http://www.sgcc.com.cn/", "parent": "State-owned Assets Supervision and Administration Commission of the State Council", "ceo": "Shu Yinbiao"}}, {"type": "Feature", "geometry": {"type": "Point", "coordinates": [-71.516111111, 42.008333333]}, "properties": {"rank": 13, "name": "CVS Health", "revenue_in_dollars": "$372.8 billion", "revenue_usd": 372809000000, "revenue": 372809000000.0, "revenue_currency": "USD", "revenue_year": "2024", "usd_rate": 1.0, "usd_rate_source": "European Central Bank euro reference rates, year average", "wikidata": "https://www.wikidata.org/wiki/Q624375", "hq": "Rhode Island; Woonsocket", "country": "United States", "industry": "retail", "employees": "300000", "founded": "1963-01-01; 1996-01-01", "website": "https://cvshealth.com/", "exchange": "New York Stock Exchange", "ceo": "David Joyner; Karen S. Lynch; Larry Merlo"}}, {"type": "Feature", "geometry": {"type": "Point", "coordinates": [-95.965388888, 41.257361111]}, "properties": {"rank": 14, "name": "Berkshire Hathaway", "revenue_in_dollars": "$371.4 billion", "revenue_usd": 371433000000, "revenue": 371433000000.0, "revenue_currency": "USD", "revenue_year": "2024", "usd_rate": 1.0, "usd_rate_source": "European Central Bank euro reference rates, year average", "wikidata": "https://www.wikidata.org/wiki/Q217583", "hq": "Omaha", "country": "United States", "industry": "aircraft industry; conglomerate; insurance", "employees": "360000", "founded": "1955-01-01", "website": "https://www.berkshirehathaway.com/", "exchange": "New York Stock Exchange", "ceo": "Greg Abel"}}, {"type": "Feature", "geometry": {"type": "Point", "coordinates": [10.7685, 52.4295]}, "properties": {"rank": 15, "name": "Volkswagen Group", "revenue_in_dollars": "$363.0 billion", "revenue_usd": 363044275431, "revenue": 321913000000.0, "revenue_currency": "EUR", "revenue_year": "2025", "usd_rate": 0.8867045200428487, "usd_rate_source": "European Central Bank euro reference rates, year average", "wikidata": "https://www.wikidata.org/wiki/Q156578", "hq": "Wolfsburg", "country": "Germany", "industry": "automotive industry", "employees": "672800", "founded": "1937-05-28", "website": "https://www.volkswagenag.com/; https://www.volkswagenag.com/de.html; https://www.volkswagenag.com/en.html", "exchange": "Frankfurt Stock Exchange", "parent": "Porsche Automobil Holding SE", "ceo": "Oliver Blume"}}, {"type": "Feature", "geometry": {"type": "Point", "coordinates": [10.787222222, 52.423055555]}, "properties": {"rank": 16, "name": "Volkswagen", "revenue_in_dollars": "$363.0 billion", "revenue_usd": 363044275431, "revenue": 321913000000.0, "revenue_currency": "EUR", "revenue_year": "2025", "usd_rate": 0.8867045200428487, "usd_rate_source": "European Central Bank euro reference rates, year average", "wikidata": "https://www.wikidata.org/wiki/Q246", "hq": "Wolfsburg", "country": "Germany", "industry": "automotive industry", "founded": "1937-05-28", "website": "https://www.vw.com/en.html", "parent": "Volkswagen Group", "ceo": "Thomas Schäfer"}}, {"type": "Feature", "geometry": {"type": "Point", "coordinates": [-95.386944444, 30.054166666]}, "properties": {"rank": 17, "name": "ExxonMobil", "revenue_in_dollars": "$349.6 billion", "revenue_usd": 349585000000, "revenue": 349585000000.0, "revenue_currency": "USD", "revenue_year": "2024", "usd_rate": 1.0, "usd_rate_source": "European Central Bank euro reference rates, year average", "wikidata": "https://www.wikidata.org/wiki/Q156238", "hq": "Spring", "country": "United States", "industry": "petroleum industry", "employees": "74900", "founded": "1882-08-05", "website": "https://corporate.exxonmobil.com/", "exchange": "New York Stock Exchange", "ceo": "Darren Woods"}}, {"type": "Feature", "geometry": {"type": "Point", "coordinates": [-122.128055555, 47.64]}, "properties": {"rank": 18, "name": "Microsoft", "revenue_in_dollars": "$331.8 billion", "revenue_usd": 331839000000, "revenue": 331839000000.0, "revenue_currency": "USD", "revenue_year": "2026", "usd_rate": 1.0, "usd_rate_source": "European Central Bank euro reference rates, year average", "wikidata": "https://www.wikidata.org/wiki/Q2283", "hq": "Redmond", "country": "United States", "industry": "International Standard Industrial Classification; consumer electronics industry; software development; software industry; technology industry", "employees": "228000", "founded": "1975-04-04", "website": "https://www.microsoft.com/", "exchange": "Hong Kong Stock Exchange; Nasdaq", "ceo": "Satya Nadella"}}, {"type": "Feature", "geometry": {"type": "Point", "coordinates": [6.15, 46.2]}, "properties": {"rank": 19, "name": "Vitol", "revenue_in_dollars": "$331.0 billion", "revenue_usd": 331000000000, "revenue": 331000000000.0, "revenue_currency": "USD", "revenue_year": "2024", "usd_rate": 1.0, "usd_rate_source": "European Central Bank euro reference rates, year average", "wikidata": "https://www.wikidata.org/wiki/Q687365", "hq": "Geneva", "country": "Switzerland", "industry": "petroleum industry", "employees": "1800", "founded": "1966-01-01", "website": "http://vitol.com/"}}, {"type": "Feature", "geometry": {"type": "Point", "coordinates": [-0.1275, 51.507222222]}, "properties": {"rank": 20, "name": "Shell", "revenue_in_dollars": "$316.6 billion", "revenue_usd": 316620000000, "revenue": 316620000000.0, "revenue_currency": "USD", "revenue_year": "2023", "usd_rate": 1.0, "usd_rate_source": "European Central Bank euro reference rates, year average", "wikidata": "https://www.wikidata.org/wiki/Q154950", "hq": "London", "country": "United Kingdom", "industry": "extraction of crude petroleum and natural gas; petroleum industry", "employees": "90000", "founded": "1890-01-01", "website": "https://www.shell.com/", "exchange": "London Stock Exchange", "ceo": "Wael Sawan"}}, {"type": "Feature", "geometry": {"type": "Point", "coordinates": [-122.051, 47.5501]}, "properties": {"rank": 21, "name": "Costco", "revenue_in_dollars": "$275.2 billion", "revenue_usd": 275235000000, "revenue": 275235000000.0, "revenue_currency": "USD", "revenue_year": "2025", "usd_rate": 1.0, "usd_rate_source": "European Central Bank euro reference rates, year average", "wikidata": "https://www.wikidata.org/wiki/Q715583", "hq": "Issaquah", "country": "United States", "industry": "retail", "employees": "316000", "founded": "1983-01-01", "website": "https://www.costco.com/", "exchange": "Nasdaq", "ceo": "Ron Vachris"}}, {"type": "Feature", "geometry": {"type": "Point", "coordinates": [116.41006, 39.92718]}, "properties": {"rank": 22, "name": "PetroChina Company Limited", "revenue_in_dollars": "$274.5 billion", "revenue_usd": 274513879687, "revenue": 1725428000000.0, "revenue_currency": "CNY", "revenue_year": "2015", "usd_rate": 6.285394392317699, "usd_rate_source": "European Central Bank euro reference rates, year average", "wikidata": "https://www.wikidata.org/wiki/Q503182", "hq": "Beijing; Dongcheng District", "country": "People's Republic of China", "industry": "petroleum industry", "employees": "521566", "founded": "1999-11-05", "website": "https://petrochinaintl.com.hk/; https://www.petrochina.com.cn", "exchange": "Hong Kong Stock Exchange; New York Stock Exchange; Shanghai Stock Exchange", "parent": "China National Petroleum Corporation", "ceo": "Zhou Jiping"}}, {"type": "Feature", "geometry": {"type": "Point", "coordinates": [-96.950833333, 32.811666666]}, "properties": {"rank": 23, "name": "McKesson Corporation", "revenue_in_dollars": "$264.0 billion", "revenue_usd": 263966000000, "revenue": 263966000000.0, "revenue_currency": "USD", "revenue_year": "2022", "usd_rate": 1.0, "usd_rate_source": "European Central Bank euro reference rates, year average", "wikidata": "https://www.wikidata.org/wiki/Q570473", "hq": "Irving", "country": "United States", "industry": "product distribution", "employees": "68000", "founded": "1833-01-01", "website": "https://www.mckesson.com/", "exchange": "New York Stock Exchange", "ceo": "Brian S. Tyler; John Hammergren"}}, {"type": "Feature", "geometry": {"type": "Point", "coordinates": [8.5269, 47.1812]}, "properties": {"rank": 24, "name": "Glencore", "revenue_in_dollars": "$256.0 billion", "revenue_usd": 255984000000, "revenue": 255984000000.0, "revenue_currency": "USD", "revenue_year": "2022", "usd_rate": 1.0, "usd_rate_source": "European Central Bank euro reference rates, year average", "wikidata": "https://www.wikidata.org/wiki/Q169339", "hq": "Baar", "country": "Switzerland", "industry": "mining industry; security and commodity contracts brokerage", "employees": "156468", "founded": "1974-01-01", "website": "https://www.glencore.com/", "exchange": "Hong Kong Stock Exchange; Johannesburg Stock Exchange; London Stock Exchange", "ceo": "Gary Nagle"}}, {"type": "Feature", "geometry": {"type": "Point", "coordinates": [103.8, 1.3]}, "properties": {"rank": 25, "name": "Trafigura", "revenue_in_dollars": "$240.3 billion", "revenue_usd": 240268000000, "revenue": 240268000000.0, "revenue_currency": "USD", "revenue_year": "2025", "usd_rate": 1.0, "usd_rate_source": "European Central Bank euro reference rates, year average", "wikidata": "https://www.wikidata.org/wiki/Q687508", "hq": "Singapore", "country": "Netherlands; Singapore", "industry": "petroleum industry", "employees": "4316", "founded": "1993-01-01", "website": "https://www.trafigura.com/", "ceo": "Richard Holtum"}}, {"type": "Feature", "geometry": {"type": "Point", "coordinates": [-75.455, 40.074444444]}, "properties": {"rank": 26, "name": "Cencora", "revenue_in_dollars": "$238.6 billion", "revenue_usd": 238587006000, "revenue": 238587006000.0, "revenue_currency": "USD", "revenue_year": "2022", "usd_rate": 1.0, "usd_rate_source": "European Central Bank euro reference rates, year average", "wikidata": "https://www.wikidata.org/wiki/Q470156", "hq": "Chesterbrook", "country": "United States", "industry": "pharmaceutical industry", "employees": "44000", "founded": "2001-01-01", "website": "http://www.cencora.com/", "exchange": "New York Stock Exchange", "ceo": "Steven H. Collis"}}, {"type": "Feature", "geometry": {"type": "Point", "coordinates": [127.026870479, 37.496622653]}, "properties": {"rank": 27, "name": "Samsung Electronics", "revenue_in_dollars": "$234.7 billion", "revenue_usd": 234682138165, "revenue": 333605938000000.0, "revenue_currency": "KRW", "revenue_year": "2025", "usd_rate": 1421.522492547284, "usd_rate_source": "European Central Bank euro reference rates, year average", "wikidata": "https://www.wikidata.org/wiki/Q20718", "hq": "Seoul; Suwon", "country": "South Korea", "industry": "electronics industry", "employees": "109541", "founded": "1969-01-13", "website": "https://samsung.com/; https://www.samsungsales.co.kr", "exchange": "Frankfurt Stock Exchange; Korean Stock Exchange; London Stock Exchange", "ceo": "Lee Jae-yong"}}, {"type": "Feature", "geometry": {"type": "Point", "coordinates": [-121.966, 37.3733]}, "properties": {"rank": 28, "name": "Nvidia", "revenue_in_dollars": "$215.9 billion", "revenue_usd": 215938000000, "revenue": 215938000000.0, "revenue_currency": "USD", "revenue_year": "2025", "usd_rate": 1.0, "usd_rate_source": "European Central Bank euro reference rates, year average", "wikidata": "https://www.wikidata.org/wiki/Q182477", "hq": "Santa Clara", "country": "United States", "industry": "semiconductor industry", "employees": "42000", "founded": "1993-04-05", "website": "https://www.nvidia.com/", "exchange": "Nasdaq", "ceo": "Jensen Huang"}}, {"type": "Feature", "geometry": {"type": "Point", "coordinates": [127.027, 37.5039]}, "properties": {"rank": 29, "name": "Samsung Group", "revenue_in_dollars": "$208.5 billion", "revenue_usd": 208500000000, "revenue": 208500000000.0, "revenue_currency": "USD", "revenue_year": "2018", "usd_rate": 1.0, "usd_rate_source": "European Central Bank euro reference rates, year average", "wikidata": "https://www.wikidata.org/wiki/Q20716", "hq": "Samsung Town; Seoul", "country": "South Korea", "industry": "conglomerate", "employees": "262647", "founded": "1938-01-01", "website": "https://www.samsung.com/", "exchange": "Korean Stock Exchange", "ceo": "Lee Jae-yong"}}, {"type": "Feature", "geometry": {"type": "Point", "coordinates": [121.465, 25.0125]}, "properties": {"rank": 30, "name": "Foxconn", "revenue_in_dollars": "$205.8 billion", "revenue_usd": 205762610315, "revenue": 205762610315.0, "revenue_currency": "USD", "revenue_year": "2021", "usd_rate": 1.0, "usd_rate_source": "European Central Bank euro reference rates, year average", "wikidata": "https://www.wikidata.org/wiki/Q463094", "hq": "New Taipei City", "country": "Taiwan", "industry": "electronics; electronics industry", "employees": "618460", "founded": "1974-02-20", "website": "https://www.foxconn.com/", "exchange": "Hong Kong Stock Exchange; London Stock Exchange; Taiwan Stock Exchange", "ceo": "Terry Gou"}}, {"type": "Feature", "geometry": {"type": "Point", "coordinates": [4.883333333, 52.366666666]}, "properties": {"rank": 31, "name": "Stellantis", "revenue_in_dollars": "$204.9 billion", "revenue_usd": 204900624376, "revenue": 189544000000.0, "revenue_currency": "EUR", "revenue_year": "2023", "usd_rate": 0.9250533060935588, "usd_rate_source": "European Central Bank euro reference rates, year average", "wikidata": "https://www.wikidata.org/wiki/Q97439162", "hq": "Amsterdam", "country": "Netherlands", "industry": "automotive industry", "employees": "258275", "founded": "2021-01-16", "website": "https://www.stellantis.com/", "exchange": "Euronext Paris; Italian Stock Exchange; New York Stock Exchange", "ceo": "Antonio Filosa"}}, {"type": "Feature", "geometry": {"type": "Point", "coordinates": [-121.965, 37.7599]}, "properties": {"rank": 32, "name": "Chevron Corporation", "revenue_in_dollars": "$202.8 billion", "revenue_usd": 202792000000, "revenue": 202792000000.0, "revenue_currency": "USD", "revenue_year": "2024", "usd_rate": 1.0, "usd_rate_source": "European Central Bank euro reference rates, year average", "wikidata": "https://www.wikidata.org/wiki/Q319642", "hq": "San Ramon", "country": "United States", "industry": "petroleum industry", "employees": "48600", "website": "https://www.chevron.com", "exchange": "New York Stock Exchange", "ceo": "Mike Wirth"}}, {"type": "Feature", "geometry": {"type": "Point", "coordinates": [2.2451913, 48.8880637]}, "properties": {"rank": 33, "name": "TotalEnergies", "revenue_in_dollars": "$201.2 billion", "revenue_usd": 201196000000, "revenue": 201196000000.0, "revenue_currency": "USD", "revenue_year": "2025", "usd_rate": 1.0, "usd_rate_source": "European Central Bank euro reference rates, year average", "wikidata": "https://www.wikidata.org/wiki/Q154037", "hq": "Courbevoie", "country": "France", "industry": "activities of head offices; energy industry; extraction of crude petroleum and natural gas; petroleum industry", "employees": "101513", "founded": "1924-03-28", "website": "https://www.totalenergies.com/", "exchange": "Euronext Brussels; Euronext Paris; London Stock Exchange; New York Stock Exchange", "ceo": "Patrick Pouyanné"}}, {"type": "Feature", "geometry": {"type": "Point", "coordinates": [-122.1475, 37.485]}, "properties": {"rank": 34, "name": "Meta Platforms", "revenue_in_dollars": "$201.0 billion", "revenue_usd": 200966000000, "revenue": 200966000000.0, "revenue_currency": "USD", "revenue_year": "2025", "usd_rate": 1.0, "usd_rate_source": "European Central Bank euro reference rates, year average", "wikidata": "https://www.wikidata.org/wiki/Q380", "hq": "Menlo Park", "country": "United States", "industry": "information technology", "employees": "58604", "founded": "2004-07-29", "website": "https://www.meta.com/", "exchange": "Nasdaq", "ceo": "Mark Zuckerberg"}}, {"type": "Feature", "geometry": {"type": "Point", "coordinates": [-0.134166666, 51.507777777]}, "properties": {"rank": 35, "name": "BP", "revenue_in_dollars": "$194.6 billion", "revenue_usd": 194630000000, "revenue": 194630000000.0, "revenue_currency": "USD", "revenue_year": "2024", "usd_rate": 1.0, "usd_rate_source": "European Central Bank euro reference rates, year average", "wikidata": "https://www.wikidata.org/wiki/Q152057", "hq": "London", "country": "United Kingdom", "industry": "petroleum industry", "employees": "70100", "founded": "1909-04-14", "website": "https://bp.com", "exchange": "Frankfurt Stock Exchange; London Stock Exchange; New York Stock Exchange", "ceo": "Meg O'Neill"}}, {"type": "Feature", "geometry": {"type": "Point", "coordinates": [11.58888889, 48.15444444]}, "properties": {"rank": 36, "name": "Allianz SE", "revenue_in_dollars": "$194.5 billion", "revenue_usd": 194538015969, "revenue": 179778000000.0, "revenue_currency": "EUR", "revenue_year": "2024", "usd_rate": 0.9241278580138771, "usd_rate_source": "European Central Bank euro reference rates, year average", "wikidata": "https://www.wikidata.org/wiki/Q487292", "hq": "Munich", "country": "Germany", "industry": "financial services; insurance; insurance industry", "employees": "157883", "founded": "1890-02-05", "website": "https://www.allianz.com/", "exchange": "Frankfurt Stock Exchange"}}, {"type": "Feature", "geometry": {"type": "Point", "coordinates": [6.776666666, 51.225555555]}, "properties": {"rank": 37, "name": "Uniper", "revenue_in_dollars": "$193.8 billion", "revenue_usd": 193832622852, "revenue": 163979000000.0, "revenue_currency": "EUR", "revenue_year": "2021", "usd_rate": 0.8459824645982237, "usd_rate_source": "European Central Bank euro reference rates, year average", "wikidata": "https://www.wikidata.org/wiki/Q19839259", "hq": "Düsseldorf", "country": "Germany", "industry": "electricity generation", "employees": "11484", "founded": "2016-01-01", "website": "https://www.uniper.energy/", "exchange": "Frankfurt Stock Exchange", "parent": "Fortum"}}, {"type": "Feature", "geometry": {"type": "Point", "coordinates": [114.054444444, 22.546666666]}, "properties": {"rank": 38, "name": "Ping An Insurance", "revenue_in_dollars": "$191.5 billion", "revenue_usd": 191500878820, "revenue": 1321418000000.0, "revenue_currency": "CNY", "revenue_year": "2020", "usd_rate": 6.900323424850934, "usd_rate_source": "European Central Bank euro reference rates, year average", "wikidata": "https://www.wikidata.org/wiki/Q1256188", "hq": "Shenzhen", "country": "People's Republic of China", "industry": "insurance", "employees": "362035", "founded": "1988-01-01", "website": "https://www.pingan.com", "exchange": "Hong Kong Stock Exchange; Shanghai Stock Exchange", "ceo": "Ma Mingzhe"}}, {"type": "Feature", "geometry": {"type": "Point", "coordinates": [9.22304, 49.172551]}, "properties": {"rank": 39, "name": "Schwarz Group", "revenue_in_dollars": "$189.8 billion", "revenue_usd": 189800576272, "revenue": 175400000000.0, "revenue_currency": "EUR", "revenue_year": "2024", "usd_rate": 0.9241278580138771, "usd_rate_source": "European Central Bank euro reference rates, year average", "wikidata": "https://www.wikidata.org/wiki/Q712034", "hq": "Neckarsulm", "country": "Germany", "industry": "cloud computing; food industry; logistics; waste management", "employees": "442000", "website": "https://gruppe.schwarz/", "parent": "Dieter-Schwarz-Stiftung; Schwarz Unternehmenstreuhand"}}, {"type": "Feature", "geometry": {"type": "Point", "coordinates": [-83.1403, 40.1092]}, "properties": {"rank": 40, "name": "Cardinal Health", "revenue_in_dollars": "$181.4 billion", "revenue_usd": 181364000000, "revenue": 181364000000.0, "revenue_currency": "USD", "revenue_year": "2022", "usd_rate": 1.0, "usd_rate_source": "European Central Bank euro reference rates, year average", "wikidata": "https://www.wikidata.org/wiki/Q902397", "hq": "Dublin", "country": "United States", "industry": "health care", "founded": "1971-01-01", "website": "https://www.cardinalhealth.com/", "exchange": "New York Stock Exchange"}}, {"type": "Feature", "geometry": {"type": "Point", "coordinates": [116.407526, 39.90403]}, "properties": {"rank": 41, "name": "China State Construction Engineering Corporation Limited", "revenue_in_dollars": "$181.2 billion", "revenue_usd": 181202512982, "revenue": 1199324525000.0, "revenue_currency": "CNY", "revenue_year": "2018", "usd_rate": 6.618696977563048, "usd_rate_source": "European Central Bank euro reference rates, year average", "wikidata": "https://www.wikidata.org/wiki/Q69923136", "hq": "Beijing", "country": "People's Republic of China", "employees": "302827", "founded": "2007-01-01", "exchange": "Shanghai Stock Exchange", "parent": "China State Construction Engineering Group Co. Ltd."}}, {"type": "Feature", "geometry": {"type": "Point", "coordinates": [116.407526, 39.90403]}, "properties": {"rank": 42, "name": "China State Railway Group", "revenue_in_dollars": "$178.3 billion", "revenue_usd": 178308999132, "revenue": 1283037793100.0, "revenue_currency": "CNY", "revenue_year": "2024", "usd_rate": 7.195586309959185, "usd_rate_source": "European Central Bank euro reference rates, year average", "wikidata": "https://www.wikidata.org/wiki/Q1073489", "hq": "Beijing", "country": "People's Republic of China", "industry": "rail transport", "founded": "2013-03-14", "website": "http://www.china-railway.com.cn; http://www.china-railway.com.cn/english/"}}, {"type": "Feature", "geometry": {"type": "Point", "coordinates": [-73.97647, 40.756108055]}, "properties": {"rank": 43, "name": "JPMorgan Chase", "revenue_in_dollars": "$177.6 billion", "revenue_usd": 177556000000, "revenue": 177556000000.0, "revenue_currency": "USD", "revenue_year": "2024", "usd_rate": 1.0, "usd_rate_source": "European Central Bank euro reference rates, year average", "wikidata": "https://www.wikidata.org/wiki/Q192314", "hq": "New York City", "country": "United States", "industry": "economics of banking; financial sector; financial services", "employees": "271025", "founded": "1968-01-01; 2000-01-01", "website": "https://www.jpmorganchase.com/", "exchange": "New York Stock Exchange", "ceo": "Jamie Dimon"}}, {"type": "Feature", "geometry": {"type": "Point", "coordinates": [-83.642222222, 41.042777777]}, "properties": {"rank": 44, "name": "Marathon Petroleum", "revenue_in_dollars": "$177.5 billion", "revenue_usd": 177453000000, "revenue": 177453000000.0, "revenue_currency": "USD", "revenue_year": "2022", "usd_rate": 1.0, "usd_rate_source": "European Central Bank euro reference rates, year average", "wikidata": "https://www.wikidata.org/wiki/Q458363", "hq": "Findlay", "country": "United States", "industry": "petroleum industry", "founded": "2009-01-01", "website": "https://www.marathonpetroleum.com/", "exchange": "New York Stock Exchange"}}, {"type": "Feature", "geometry": {"type": "Point", "coordinates": [-98.493888888, 29.425]}, "properties": {"rank": 46, "name": "Valero Energy", "revenue_in_dollars": "$176.4 billion", "revenue_usd": 176383000000, "revenue": 176383000000.0, "revenue_currency": "USD", "revenue_year": "2022", "usd_rate": 1.0, "usd_rate_source": "European Central Bank euro reference rates, year average", "wikidata": "https://www.wikidata.org/wiki/Q1283291", "hq": "San Antonio", "country": "United States", "industry": "petroleum industry", "founded": "1980-01-01", "website": "https://www.valero.com", "exchange": "New York Stock Exchange", "ceo": "Joseph Gorder; Lane Riggs; William R. Klesse"}}, {"type": "Feature", "geometry": {"type": "Point", "coordinates": [-83.2101594, 42.3147537]}, "properties": {"rank": 47, "name": "Ford Motor Company", "revenue_in_dollars": "$176.2 billion", "revenue_usd": 176191000000, "revenue": 176191000000.0, "revenue_currency": "USD", "revenue_year": "2023", "usd_rate": 1.0, "usd_rate_source": "European Central Bank euro reference rates, year average", "wikidata": "https://www.wikidata.org/wiki/Q44294", "hq": "Dearborn", "country": "United States", "industry": "automotive industry", "employees": "186000", "founded": "1903-06-16", "website": "https://www.ford.com", "exchange": "New York Stock Exchange", "ceo": "Jim Farley"}}, {"type": "Feature", "geometry": {"type": "Point", "coordinates": [-95.562138888, 29.740833333]}, "properties": {"rank": 48, "name": "Phillips 66", "revenue_in_dollars": "$175.7 billion", "revenue_usd": 175702000000, "revenue": 175702000000.0, "revenue_currency": "USD", "revenue_year": "2022", "usd_rate": 1.0, "usd_rate_source": "European Central Bank euro reference rates, year average", "wikidata": "https://www.wikidata.org/wiki/Q1656230", "hq": "Westchase", "country": "United States", "industry": "downstream; petroleum industry", "founded": "1927-01-01; 2012-05-01", "website": "https://www.phillips66.com; https://www.phillips66gas.com", "exchange": "New York Stock Exchange", "ceo": "Greg Garland"}}, {"type": "Feature", "geometry": {"type": "Point", "coordinates": [-72.733333333, 41.85]}, "properties": {"rank": 49, "name": "The Cigna Group", "revenue_in_dollars": "$174.1 billion", "revenue_usd": 174078000000, "revenue": 174078000000.0, "revenue_currency": "USD", "revenue_year": "2021", "usd_rate": 1.0, "usd_rate_source": "European Central Bank euro reference rates, year average", "wikidata": "https://www.wikidata.org/wiki/Q642271", "hq": "Bloomfield", "country": "United States", "industry": "managed care", "employees": "73800", "founded": "1982-01-01", "website": "https://www.cigna.com/", "exchange": "New York Stock Exchange"}}, {"type": "Feature", "geometry": {"type": "Point", "coordinates": [-84.389722222, 33.754444444]}, "properties": {"rank": 50, "name": "The Home Depot", "revenue_in_dollars": "$159.5 billion", "revenue_usd": 159514000000, "revenue": 159514000000.0, "revenue_currency": "USD", "revenue_year": "2024", "usd_rate": 1.0, "usd_rate_source": "European Central Bank euro reference rates, year average", "wikidata": "https://www.wikidata.org/wiki/Q864407", "hq": "Atlanta; Cobb County", "country": "United States", "industry": "hardware store; retail", "employees": "400000", "founded": "1978-02-06", "website": "https://www.homedepot.com/", "exchange": "New York Stock Exchange", "ceo": "Craig Menear; Frank Blake; Ted Decker"}}, {"type": "Feature", "geometry": {"type": "Point", "coordinates": [9.239888, 48.785029]}, "properties": {"rank": 51, "name": "Mercedes-Benz Group", "revenue_in_dollars": "$157.5 billion", "revenue_usd": 157547463522, "revenue": 145594000000.0, "revenue_currency": "EUR", "revenue_year": "2024", "usd_rate": 0.9241278580138771, "usd_rate_source": "European Central Bank euro reference rates, year average", "wikidata": "https://www.wikidata.org/wiki/Q27530", "hq": "Stuttgart", "country": "Germany", "industry": "automotive industry", "employees": "168336", "founded": "1998-11-17", "website": "https://group.mercedes-benz.com/", "exchange": "Frankfurt Stock Exchange; Italian Stock Exchange", "ceo": "Ola Källenius"}}, {"type": "Feature", "geometry": {"type": "Point", "coordinates": [-83.0402, 42.3299]}, "properties": {"rank": 52, "name": "General Motors", "revenue_in_dollars": "$156.7 billion", "revenue_usd": 156735000000, "revenue": 156735000000.0, "revenue_currency": "USD", "revenue_year": "2022", "usd_rate": 1.0, "usd_rate_source": "European Central Bank euro reference rates, year average", "wikidata": "https://www.wikidata.org/wiki/Q81965", "hq": "Detroit", "country": "United States", "industry": "automotive industry", "employees": "164000", "founded": "1908-09-16", "website": "https://www.gm.com/", "exchange": "New York Stock Exchange", "ceo": "Mary Barra"}}, {"type": "Feature", "geometry": {"type": "Point", "coordinates": [-86.158055555, 39.768611111]}, "properties": {"rank": 53, "name": "Elevance Health, Inc.", "revenue_in_dollars": "$156.6 billion", "revenue_usd": 156595000000, "revenue": 156595000000.0, "revenue_currency": "USD", "revenue_year": "2022", "usd_rate": 1.0, "usd_rate_source": "European Central Bank euro reference rates, year average", "wikidata": "https://www.wikidata.org/wiki/Q677488", "hq": "Indianapolis", "country": "United States", "industry": "health insurance", "founded": "1940-01-01; 2004-01-01", "website": "https://www.elevancehealth.com", "exchange": "New York Stock Exchange", "ceo": "Gail Boudreaux"}}, {"type": "Feature", "geometry": {"type": "Point", "coordinates": [11.5603197, 48.1774935]}, "properties": {"rank": 54, "name": "BMW", "revenue_in_dollars": "$154.1 billion", "revenue_usd": 154069589792, "revenue": 142380000000.0, "revenue_currency": "EUR", "revenue_year": "2024", "usd_rate": 0.9241278580138771, "usd_rate_source": "European Central Bank euro reference rates, year average", "wikidata": "https://www.wikidata.org/wiki/Q26678", "hq": "Munich", "country": "Germany", "industry": "activities of holding companies; aeronautical engineering; automotive industry; manufacture of motor vehicles", "employees": "149475", "founded": "1916-03-07", "website": "https://www.bmw.com", "exchange": "Frankfurt Stock Exchange", "ceo": "Oliver Zipse"}}, {"type": "Feature", "geometry": {"type": "Point", "coordinates": [-84.5143, 39.1064]}, "properties": {"rank": 55, "name": "Kroger", "revenue_in_dollars": "$148.3 billion", "revenue_usd": 148258000000, "revenue": 148258000000.0, "revenue_currency": "USD", "revenue_year": "2022", "usd_rate": 1.0, "usd_rate_source": "European Central Bank euro reference rates, year average", "wikidata": "https://www.wikidata.org/wiki/Q153417", "hq": "Cincinnati", "country": "United States", "industry": "manufacture of bakery and farinaceous products; retail", "employees": "453000", "founded": "1882-01-01; 1883-01-01", "website": "https://www.kroger.com", "exchange": "New York Stock Exchange", "ceo": "Rodney McMullen"}}, {"type": "Feature", "geometry": {"type": "Point", "coordinates": [12.5007876, 41.9161052]}, "properties": {"rank": 56, "name": "Enel", "revenue_in_dollars": "$147.6 billion", "revenue_usd": 147636951695, "revenue": 140517000000.0, "revenue_currency": "EUR", "revenue_year": "2022", "usd_rate": 0.951773918298884, "usd_rate_source": "European Central Bank euro reference rates, year average", "wikidata": "https://www.wikidata.org/wiki/Q651222", "hq": "Rome", "country": "Italy", "industry": "energy industry", "employees": "61055; 66279", "founded": "1962-11-27", "website": "https://www.enel.com/", "exchange": "Italian Stock Exchange"}}, {"type": "Feature", "geometry": {"type": "Point", "coordinates": [116.407526, 39.90403]}, "properties": {"rank": 57, "name": "China Construction Bank", "revenue_in_dollars": "$147.1 billion", "revenue_usd": 147083633425, "revenue": 973502000000.0, "revenue_currency": "CNY", "revenue_year": "2018", "usd_rate": 6.618696977563048, "usd_rate_source": "European Central Bank euro reference rates, year average", "wikidata": "https://www.wikidata.org/wiki/Q26299", "hq": "Beijing", "country": "People's Republic of China", "industry": "financial sector", "employees": "369183", "founded": "1954-01-01", "website": "https://ccb.com; https://en.ccb.com", "exchange": "Hong Kong Stock Exchange; Shanghai Stock Exchange", "parent": "Central Huijin Investment"}}, {"type": "Feature", "geometry": {"type": "Point", "coordinates": [-93.503333333, 44.913333333]}, "properties": {"rank": 58, "name": "Cargill", "revenue_in_dollars": "$144.7 billion", "revenue_usd": 144695000000, "revenue": 144695000000.0, "revenue_currency": "USD", "revenue_year": "2018", "usd_rate": 1.0, "usd_rate_source": "European Central Bank euro reference rates, year average", "wikidata": "https://www.wikidata.org/wiki/Q1036056", "hq": "Minnetonka", "country": "United States", "industry": "conglomerate", "employees": "155000", "founded": "1865-01-01", "website": "http://www.cargill.com/", "ceo": "Brian Sikes"}}, {"type": "Feature", "geometry": {"type": "Point", "coordinates": [-90.199444444, 38.626388888]}, "properties": {"rank": 59, "name": "Centene Corporation", "revenue_in_dollars": "$144.5 billion", "revenue_usd": 144547000000, "revenue": 144547000000.0, "revenue_currency": "USD", "revenue_year": "2022", "usd_rate": 1.0, "usd_rate_source": "European Central Bank euro reference rates, year average", "wikidata": "https://www.wikidata.org/wiki/Q5059102", "hq": "St. Louis", "country": "United States", "industry": "health care", "founded": "1984-01-01", "website": "https://www.centene.com/", "exchange": "New York Stock Exchange", "ceo": "Michael F. Neidorff; Sarah London"}}, {"type": "Feature", "geometry": {"type": "Point", "coordinates": [116.407526, 39.90403]}, "properties": {"rank": 60, "name": "Agricultural Bank of China", "revenue_in_dollars": "$139.4 billion", "revenue_usd": 139439077379, "revenue": 922905000000.0, "revenue_currency": "CNY", "revenue_year": "2018", "usd_rate": 6.618696977563048, "usd_rate_source": "European Central Bank euro reference rates, year average", "wikidata": "https://www.wikidata.org/wiki/Q26298", "hq": "Beijing", "country": "People's Republic of China", "industry": "economics of banking; financial sector", "employees": "503082", "founded": "1951-01-01", "website": "https://www.abchina.com", "exchange": "Hong Kong Stock Exchange; Shanghai Stock Exchange"}}, {"type": "Feature", "geometry": {"type": "Point", "coordinates": [120.1675, 30.25]}, "properties": {"rank": 61, "name": "Alibaba Group", "revenue_in_dollars": "$137.3 billion", "revenue_usd": 137300000000, "revenue": 137300000000.0, "revenue_currency": "USD", "revenue_year": "2024", "usd_rate": 1.0, "usd_rate_source": "European Central Bank euro reference rates, year average", "wikidata": "https://www.wikidata.org/wiki/Q1359568", "hq": "Binjiang District; George Town; Hangzhou", "country": "People's Republic of China", "industry": "e-commerce", "employees": "251462", "founded": "1999-06-28", "website": "https://www.alibabagroup.com/", "exchange": "Hong Kong Stock Exchange; New York Stock Exchange", "ceo": "Joseph Tsai"}}, {"type": "Feature", "geometry": {"type": "Point", "coordinates": [-74.006111111, 40.712777777]}, "properties": {"rank": 62, "name": "Verizon", "revenue_in_dollars": "$134.8 billion", "revenue_usd": 134788000000, "revenue": 134788000000.0, "revenue_currency": "USD", "revenue_year": "2024", "usd_rate": 1.0, "usd_rate_source": "European Central Bank euro reference rates, year average", "wikidata": "https://www.wikidata.org/wiki/Q467752", "hq": "New York City", "country": "United States", "industry": "telecommunications industry", "employees": "132200", "founded": "1983-10-07; 2000-06-16", "website": "https://www.verizon.com/; https://www.verizon.net", "exchange": "Nasdaq; New York Stock Exchange", "ceo": "Hans Vestberg"}}, {"type": "Feature", "geometry": {"type": "Point", "coordinates": [-87.851388888, 42.168333333]}, "properties": {"rank": 63, "name": "Walgreens Boots Alliance", "revenue_in_dollars": "$132.7 billion", "revenue_usd": 132703000000, "revenue": 132703000000.0, "revenue_currency": "USD", "revenue_year": "2022", "usd_rate": 1.0, "usd_rate_source": "European Central Bank euro reference rates, year average", "wikidata": "https://www.wikidata.org/wiki/Q18712620", "hq": "Deerfield", "country": "United States", "industry": "retail", "founded": "2015-01-01", "website": "https://www.walgreensbootsalliance.com/", "exchange": "Nasdaq", "ceo": "Stefano Pessina"}}, {"type": "Feature", "geometry": {"type": "Point", "coordinates": [2.2961, 48.8748]}, "properties": {"rank": 64, "name": "Électricité de France", "revenue_in_dollars": "$128.4 billion", "revenue_usd": 128445429894, "revenue": 118700000000.0, "revenue_currency": "EUR", "revenue_year": "2024", "usd_rate": 0.9241278580138771, "usd_rate_source": "European Central Bank euro reference rates, year average", "wikidata": "https://www.wikidata.org/wiki/Q274591", "hq": "Paris", "country": "France", "industry": "Q112165525; electric power generation, transmission and distribution", "founded": "1946-01-01", "website": "https://www.edf.fr/", "ceo": "Bernard Fontana"}}, {"type": "Feature", "geometry": {"type": "Point", "coordinates": [116.36, 39.91]}, "properties": {"rank": 65, "name": "Bank of China", "revenue_in_dollars": "$127.6 billion", "revenue_usd": 127636905401, "revenue": 844790000000.0, "revenue_currency": "CNY", "revenue_year": "2018", "usd_rate": 6.618696977563048, "usd_rate_source": "European Central Bank euro reference rates, year average", "wikidata": "https://www.wikidata.org/wiki/Q790068", "hq": "Xicheng District", "country": "People's Republic of China", "industry": "financial sector", "employees": "310042", "founded": "1912-01-01", "website": "https://www.bankofchina.com; https://www.boc.cn", "exchange": "Hong Kong Stock Exchange; Shanghai Stock Exchange"}}, {"type": "Feature", "geometry": {"type": "Point", "coordinates": [-99.100530555, 19.534702777]}, "properties": {"rank": 66, "name": "Pemex", "revenue_in_dollars": "$125.9 billion", "revenue_usd": 125943900000, "revenue": 125943900000.0, "revenue_currency": "USD", "revenue_year": "2021", "usd_rate": 1.0, "usd_rate_source": "European Central Bank euro reference rates, year average", "wikidata": "https://www.wikidata.org/wiki/Q871308", "hq": "Mexico City", "country": "Mexico", "industry": "extraction of crude petroleum and natural gas; oil refining; petroleum industry", "employees": "138215", "founded": "1938-01-01", "website": "http://www.pemex.com", "parent": "Secretariat of Energy"}}, {"type": "Feature", "geometry": {"type": "Point", "coordinates": [7.128569444, 50.707813888]}, "properties": {"rank": 67, "name": "Deutsche Telekom", "revenue_in_dollars": "$125.3 billion", "revenue_usd": 125273790846, "revenue": 115769000000.0, "revenue_currency": "EUR", "revenue_year": "2024", "usd_rate": 0.9241278580138771, "usd_rate_source": "European Central Bank euro reference rates, year average", "wikidata": "https://www.wikidata.org/wiki/Q9396", "hq": "Bonn", "country": "Germany", "industry": "mobile phone industry; telecommunications industry", "employees": "199652", "founded": "1995-01-01", "website": "https://www.telekom.com/", "exchange": "Frankfurt Stock Exchange", "ceo": "Timotheus Höttges"}}, {"type": "Feature", "geometry": {"type": "Point", "coordinates": [-75.1652, 39.9526]}, "properties": {"rank": 68, "name": "Comcast", "revenue_in_dollars": "$123.7 billion", "revenue_usd": 123731000000, "revenue": 123731000000.0, "revenue_currency": "USD", "revenue_year": "2024", "usd_rate": 1.0, "usd_rate_source": "European Central Bank euro reference rates, year average", "wikidata": "https://www.wikidata.org/wiki/Q1113804", "hq": "Philadelphia", "country": "United States", "industry": "telecommunications industry", "founded": "1963-06-28", "website": "http://corporate.comcast.com; https://www.cmcsa.com/", "exchange": "Nasdaq", "ceo": "Brian L. Roberts"}}, {"type": "Feature", "geometry": {"type": "Point", "coordinates": [-96.7993, 32.7798]}, "properties": {"rank": 69, "name": "AT&T", "revenue_in_dollars": "$122.3 billion", "revenue_usd": 122336000000, "revenue": 122336000000.0, "revenue_currency": "USD", "revenue_year": "2024", "usd_rate": 1.0, "usd_rate_source": "European Central Bank euro reference rates, year average", "wikidata": "https://www.wikidata.org/wiki/Q35476", "hq": "Dallas; San Antonio", "country": "United States", "industry": "postal and telecommunications services; telecommunications industry", "employees": "202600", "founded": "2005-01-01", "website": "https://www.att.com", "exchange": "New York Stock Exchange", "ceo": "John Stankey"}}, {"type": "Feature", "geometry": {"type": "Point", "coordinates": [4.883333333, 52.366666666]}, "properties": {"rank": 70, "name": "Fiat Chrysler Automobiles", "revenue_in_dollars": "$120.9 billion", "revenue_usd": 120885332505, "revenue": 108000000000.0, "revenue_currency": "EUR", "revenue_year": "2019", "usd_rate": 0.8934086357860243, "usd_rate_source": "European Central Bank euro reference rates, year average", "wikidata": "https://www.wikidata.org/wiki/Q15678788", "hq": "Amsterdam; London", "country": "Netherlands", "industry": "automotive industry", "employees": "198545", "founded": "2014-10-12", "website": "https://www.fcagroup.com/", "exchange": "Italian Stock Exchange; New York Stock Exchange", "ceo": "Michael Manley"}}, {"type": "Feature", "geometry": {"type": "Point", "coordinates": [72.8775, 19.075833333]}, "properties": {"rank": 71, "name": "Reliance Industries Limited", "revenue_in_dollars": "$120.0 billion", "revenue_usd": 120000000000, "revenue": 120000000000.0, "revenue_currency": "USD", "revenue_year": "2023", "usd_rate": 1.0, "usd_rate_source": "European Central Bank euro reference rates, year average", "wikidata": "https://www.wikidata.org/wiki/Q908931", "hq": "Mumbai", "country": "India", "industry": "petroleum industry", "employees": "389414", "founded": "1958-01-01", "website": "https://www.ril.com/", "exchange": "Bombay Stock Exchange; London Stock Exchange; National Stock Exchange of India", "ceo": "Mukesh Ambani"}}, {"type": "Feature", "geometry": {"type": "Point", "coordinates": [139.766416666, 35.686666666]}, "properties": {"rank": 72, "name": "Japan Post Holdings", "revenue_in_dollars": "$118.8 billion", "revenue_usd": 118780841171, "revenue": 13326534000000.0, "revenue_currency": "JPY", "revenue_year": "2017", "usd_rate": 112.19430565232486, "usd_rate_source": "European Central Bank euro reference rates, year average", "wikidata": "https://www.wikidata.org/wiki/Q1372049", "hq": "Kasumigaseki; Ōtemachi Place", "country": "Japan", "industry": "economics of banking; postal service", "employees": "2886", "founded": "2006-01-23", "website": "https://www.japanpost.jp; https://www.japanpost.jp/en/", "exchange": "Tokyo Stock Exchange", "ceo": "Hiroya Masuda; Masatsugu Nagato"}}, {"type": "Feature", "geometry": {"type": "Point", "coordinates": [139.691666666, 35.689444444]}, "properties": {"rank": 73, "name": "Mitsui & Co.", "revenue_in_dollars": "$118.2 billion", "revenue_usd": 118240900326, "revenue": 9424000000000.0, "revenue_currency": "JPY", "revenue_year": "2011", "usd_rate": 79.70169352555769, "usd_rate_source": "European Central Bank euro reference rates, year average", "wikidata": "https://www.wikidata.org/wiki/Q904240", "hq": "Tokyo", "country": "Japan", "industry": "logistics; sōgō shōsha", "employees": "40026", "founded": "1947-01-01", "website": "https://www.mitsui.com/jp/ja", "exchange": "Nagoya Stock Exchange; Tokyo Stock Exchange", "parent": "Mitsui Group"}}, {"type": "Feature", "geometry": {"type": "Point", "coordinates": [116.36, 39.91]}, "properties": {"rank": 74, "name": "China Life Insurance Company", "revenue_in_dollars": "$116.1 billion", "revenue_usd": 116101146888, "revenue": 768438310000.0, "revenue_currency": "CNY", "revenue_year": "2018", "usd_rate": 6.618696977563048, "usd_rate_source": "European Central Bank euro reference rates, year average", "wikidata": "https://www.wikidata.org/wiki/Q1073306", "hq": "Beijing; Xicheng District", "country": "People's Republic of China", "industry": "insurance industry", "employees": "99739", "founded": "1949-01-01", "website": "https://www.chinalife.com.cn", "exchange": "Hong Kong Stock Exchange; New York Stock Exchange; Shanghai Stock Exchange"}}, {"type": "Feature", "geometry": {"type": "Point", "coordinates": [116.407526, 39.90403]}, "properties": {"rank": 75, "name": "Industrial and Commercial Bank of China", "revenue_in_dollars": "$115.9 billion", "revenue_usd": 115947463726, "revenue": 800075000000.0, "revenue_currency": "CNY", "revenue_year": "2020", "usd_rate": 6.900323424850934, "usd_rate_source": "European Central Bank euro reference rates, year average", "wikidata": "https://www.wikidata.org/wiki/Q26463", "hq": "Beijing", "country": "People's Republic of China", "industry": "economics of banking; financial sector; financial services", "employees": "439787", "founded": "1984-01-01", "website": "https://www.icbc.com.cn; https://www.icbc.com.cn/ICBC/en/", "exchange": "Australian Securities Exchange; Hong Kong Stock Exchange; Shanghai Stock Exchange"}}, {"type": "Feature", "geometry": {"type": "Point", "coordinates": [139.751527777, 35.658027777]}, "properties": {"rank": 76, "name": "Honda", "revenue_in_dollars": "$113.6 billion", "revenue_usd": 113644863147, "revenue": 14950000000000.0, "revenue_currency": "JPY", "revenue_year": "2022", "usd_rate": 131.55016061506493, "usd_rate_source": "European Central Bank euro reference rates, year average", "wikidata": "https://www.wikidata.org/wiki/Q9584", "hq": "Minato", "country": "Japan", "industry": "automotive industry; industrial manufacturing", "employees": "204035", "founded": "1948-09-24", "website": "https://global.honda", "exchange": "New York Stock Exchange; Tokyo Stock Exchange", "ceo": "Takahiro Hachigō"}}, {"type": "Feature", "geometry": {"type": "Point", "coordinates": [116.407526, 39.90403]}, "properties": {"rank": 77, "name": "China Railway Engineering Corporation", "revenue_in_dollars": "$112.1 billion", "revenue_usd": 112064778387, "revenue": 741722810000.0, "revenue_currency": "CNY", "revenue_year": "2018", "usd_rate": 6.618696977563048, "usd_rate_source": "European Central Bank euro reference rates, year average", "wikidata": "https://www.wikidata.org/wiki/Q20051446", "hq": "Beijing", "country": "People's Republic of China", "industry": "holding company", "founded": "1958-01-01", "website": "http://www.crecg.com", "parent": "State-owned Assets Supervision and Administration Commission of the State Council"}}, {"type": "Feature", "geometry": {"type": "Point", "coordinates": [116.36, 39.91]}, "properties": {"rank": 78, "name": "China Mobile", "revenue_in_dollars": "$111.3 billion", "revenue_usd": 111309275335, "revenue": 768070000000.0, "revenue_currency": "CNY", "revenue_year": "2020", "usd_rate": 6.900323424850934, "usd_rate_source": "European Central Bank euro reference rates, year average", "wikidata": "https://www.wikidata.org/wiki/Q741618", "hq": "Xicheng District", "country": "People's Republic of China", "industry": "mobile phone industry; telecommunications industry", "founded": "1997-01-01", "website": "http://www.10086.cn/", "exchange": "Hong Kong Stock Exchange", "parent": "State-owned Assets Supervision and Administration Commission of the State Council"}}, {"type": "Feature", "geometry": {"type": "Point", "coordinates": [2.352222222, 48.856666666]}, "properties": {"rank": 79, "name": "AXA", "revenue_in_dollars": "$111.1 billion", "revenue_usd": 111056302727, "revenue": 102733000000.0, "revenue_currency": "EUR", "revenue_year": "2023", "usd_rate": 0.9250533060935588, "usd_rate_source": "European Central Bank euro reference rates, year average", "wikidata": "https://www.wikidata.org/wiki/Q160054", "hq": "Paris", "country": "France", "industry": "financial services; insurance; insurance industry; investment funds and similar financial entities", "employees": "110477", "founded": "1816-01-01", "website": "https://www.axa.com/", "exchange": "Euronext Paris", "ceo": "Jef Van In"}}, {"type": "Feature", "geometry": {"type": "Point", "coordinates": [116.407526, 39.90403]}, "properties": {"rank": 80, "name": "China Railway Construction Corporation Limited", "revenue_in_dollars": "$110.4 billion", "revenue_usd": 110388998390, "revenue": 730631330000.0, "revenue_currency": "CNY", "revenue_year": "2018", "usd_rate": 6.618696977563048, "usd_rate_source": "European Central Bank euro reference rates, year average", "wikidata": "https://www.wikidata.org/wiki/Q1073482", "hq": "Beijing", "country": "People's Republic of China", "industry": "construction", "employees": "261333", "founded": "1948-01-01", "website": "http://www.crcc.cn", "exchange": "Hong Kong Stock Exchange; Shanghai Stock Exchange", "parent": "China Railway Construction Corporation"}}, {"type": "Feature", "geometry": {"type": "Point", "coordinates": [-93.269166666, 44.981944444]}, "properties": {"rank": 81, "name": "Target Corporation", "revenue_in_dollars": "$109.1 billion", "revenue_usd": 109120000000, "revenue": 109120000000.0, "revenue_currency": "USD", "revenue_year": "2022", "usd_rate": 1.0, "usd_rate_source": "European Central Bank euro reference rates, year average", "wikidata": "https://www.wikidata.org/wiki/Q1046951", "hq": "Minneapolis", "country": "United States", "industry": "big-box store; retail; retail chain", "employees": "400000", "founded": "1902-06-24; 1962-05-01", "website": "https://www.target.com", "exchange": "New York Stock Exchange", "ceo": "Brian Cornell"}}, {"type": "Feature", "geometry": {"type": "Point", "coordinates": [114.054557, 22.653331]}, "properties": {"rank": 82, "name": "Huawei", "revenue_in_dollars": "$109.0 billion", "revenue_usd": 108964347884, "revenue": 721202000000.0, "revenue_currency": "CNY", "revenue_year": "2018", "usd_rate": 6.618696977563048, "usd_rate_source": "European Central Bank euro reference rates, year average", "wikidata": "https://www.wikidata.org/wiki/Q160120", "hq": "Shenzhen", "country": "People's Republic of China", "industry": "electronics industry; information and communications technology; telecommunications industry", "employees": "197000", "founded": "1987-01-01", "website": "https://www.huawei.com/", "ceo": "Ren Zhengfei"}}, {"type": "Feature", "geometry": {"type": "Point", "coordinates": [139.62614444, 35.46348333]}, "properties": {"rank": 83, "name": "Nissan", "revenue_in_dollars": "$108.2 billion", "revenue_usd": 108181148324, "revenue": 11951169000000.0, "revenue_currency": "JPY", "revenue_year": "2018", "usd_rate": 110.47367480550425, "usd_rate_source": "European Central Bank euro reference rates, year average", "wikidata": "https://www.wikidata.org/wiki/Q20165", "hq": "Montigny-le-Bretonneux; Yokohama", "country": "Japan", "industry": "automotive industry", "employees": "136134", "founded": "1933-12-26", "website": "https://www.nissan-global.com/", "exchange": "Nasdaq; Tokyo Stock Exchange", "parent": "Renault; Renault–Nissan–Mitsubishi Alliance", "ceo": "Makoto Uchida"}}, {"type": "Feature", "geometry": {"type": "Point", "coordinates": [116.43737, 39.92038]}, "properties": {"rank": 84, "name": "China National Offshore Oil Corporation", "revenue_in_dollars": "$108.1 billion", "revenue_usd": 108064980528, "revenue": 715249360000.0, "revenue_currency": "CNY", "revenue_year": "2018", "usd_rate": 6.618696977563048, "usd_rate_source": "European Central Bank euro reference rates, year average", "wikidata": "https://www.wikidata.org/wiki/Q795354", "hq": "Chaoyang District", "country": "People's Republic of China", "industry": "petroleum industry", "founded": "1982-01-01", "website": "https://www.cnooc.com.cn/", "parent": "State-owned Assets Supervision and Administration Commission of the State Council"}}, {"type": "Feature", "geometry": {"type": "Point", "coordinates": [6.835, 46.466944444]}, "properties": {"rank": 85, "name": "Nestlé", "revenue_in_dollars": "$107.7 billion", "revenue_usd": 107684684001, "revenue": 89490000000.0, "revenue_currency": "CHF", "revenue_year": "2025", "usd_rate": 0.8310374017454195, "usd_rate_source": "European Central Bank euro reference rates, year average", "wikidata": "https://www.wikidata.org/wiki/Q160746", "hq": "Vevey", "country": "Switzerland", "industry": "food industry", "employees": "270000", "founded": "1866-01-01", "website": "https://www.nestle.com/", "exchange": "Swiss Stock Exchange", "ceo": "Philipp Navratil"}}, {"type": "Feature", "geometry": {"type": "Point", "coordinates": [121.469166666, 31.2325]}, "properties": {"rank": 86, "name": "SAIC Motor", "revenue_in_dollars": "$107.6 billion", "revenue_usd": 107550386363, "revenue": 742132450370.0, "revenue_currency": "CNY", "revenue_year": "2020", "usd_rate": 6.900323424850934, "usd_rate_source": "European Central Bank euro reference rates, year average", "wikidata": "https://www.wikidata.org/wiki/Q910401", "hq": "Shanghai", "country": "People's Republic of China", "industry": "automotive industry", "employees": "204815", "founded": "1984-01-01", "website": "https://www.saicmotor.com/; https://www.saicmotor.com/english/index.shtml", "exchange": "Shanghai Stock Exchange"}}, {"type": "Feature", "geometry": {"type": "Point", "coordinates": [10.738888888, 59.913333333]}, "properties": {"rank": 87, "name": "Veidekke", "revenue_in_dollars": "$106.9 billion", "revenue_usd": 106903783184, "revenue": 941000000000.0, "revenue_currency": "NOK", "revenue_year": "2019", "usd_rate": 8.802307757273496, "usd_rate_source": "European Central Bank euro reference rates, year average", "wikidata": "https://www.wikidata.org/wiki/Q7918631", "hq": "Oslo", "country": "Norway", "industry": "Category:Norwegian civil engineers; construction; construction industry", "employees": "8200", "founded": "1936-01-01", "website": "http://www.veidekke.com", "exchange": "Oslo Stock Exchange"}}, {"type": "Feature", "geometry": {"type": "Point", "coordinates": [9.183388888, 48.777088888]}, "properties": {"rank": 88, "name": "Mercedes-Benz AG", "revenue_in_dollars": "$105.1 billion", "revenue_usd": 105077336663, "revenue": 93877000000.0, "revenue_currency": "EUR", "revenue_year": "2019", "usd_rate": 0.8934086357860243, "usd_rate_source": "European Central Bank euro reference rates, year average", "wikidata": "https://www.wikidata.org/wiki/Q76754241", "hq": "Stuttgart", "country": "Germany", "industry": "automotive industry", "employees": "158000", "founded": "2019-11-01", "website": "https://www.mercedes-benz.de/", "parent": "Mercedes-Benz Group", "ceo": "Ola Källenius"}}, {"type": "Feature", "geometry": {"type": "Point", "coordinates": [5.71745, 58.8918]}, "properties": {"rank": 89, "name": "Equinor ASA", "revenue_in_dollars": "$103.8 billion", "revenue_usd": 103770000000, "revenue": 103770000000.0, "revenue_currency": "USD", "revenue_year": "2024", "usd_rate": 1.0, "usd_rate_source": "European Central Bank euro reference rates, year average", "wikidata": "https://www.wikidata.org/wiki/Q1776022", "hq": "Stavanger", "country": "Norway", "industry": "petroleum industry", "employees": "20000", "founded": "1972-06-14", "website": "https://equinor.ar; https://equinor.ar/en; https://equinor.co.kr; https://equinor.co.kr/en; https://equinor.com; https://equinor.com.br; https://equinor.de; https://equinor.jp; https://equinor.jp/en; https://equinor.no; https://equinor.pl; https://equinorcelticsea.co.uk; https://equinorstorage.de; https://equinorstorage.de/en", "exchange": "New York Stock Exchange; Oslo Stock Exchange", "ceo": "Anders Opedal"}}, {"type": "Feature", "geometry": {"type": "Point", "coordinates": [116.407526, 39.90403]}, "properties": {"rank": 90, "name": "China Development Bank", "revenue_in_dollars": "$103.0 billion", "revenue_usd": 103010456939, "revenue": 681795000000.0, "revenue_currency": "CNY", "revenue_year": "2018", "usd_rate": 6.618696977563048, "usd_rate_source": "European Central Bank euro reference rates, year average", "wikidata": "https://www.wikidata.org/wiki/Q1064065", "hq": "Beijing", "country": "People's Republic of China", "industry": "financial sector", "founded": "1994-01-01", "website": "http://www.cdb.com.cn/", "parent": "State Council of the People's Republic of China"}}, {"type": "Feature", "geometry": {"type": "Point", "coordinates": [13.770277777, 45.650277777]}, "properties": {"rank": 91, "name": "Assicurazioni Generali", "revenue_in_dollars": "$103.0 billion", "revenue_usd": 103005227225, "revenue": 95190000000.0, "revenue_currency": "EUR", "revenue_year": "2024", "usd_rate": 0.9241278580138771, "usd_rate_source": "European Central Bank euro reference rates, year average", "wikidata": "https://www.wikidata.org/wiki/Q670482", "hq": "Trieste", "country": "Italy", "industry": "insurance industry", "employees": "75000", "founded": "1831-01-01", "website": "https://www.generali.com/", "exchange": "Italian Stock Exchange", "ceo": "Philippe Donnet"}}, {"type": "Feature", "geometry": {"type": "Point", "coordinates": [9.063700427, 48.785941648]}, "properties": {"rank": 92, "name": "Robert Bosch", "revenue_in_dollars": "$102.6 billion", "revenue_usd": 102627197610, "revenue": 91000000000.0, "revenue_currency": "EUR", "revenue_year": "2025", "usd_rate": 0.8867045200428487, "usd_rate_source": "European Central Bank euro reference rates, year average", "wikidata": "https://www.wikidata.org/wiki/Q234021", "hq": "Gerlingen; Stuttgart", "country": "Germany; Netherlands", "industry": "automotive supplier; home appliance industry; semiconductor industry", "employees": "413000", "founded": "1886-11-15", "website": "https://www.bosch.com/; https://www.bosch.com/de/", "ceo": "Stefan Hartung"}}, {"type": "Feature", "geometry": {"type": "Point", "coordinates": [-97.665555555, 30.491111111]}, "properties": {"rank": 93, "name": "Dell", "revenue_in_dollars": "$102.3 billion", "revenue_usd": 102301000000, "revenue": 102301000000.0, "revenue_currency": "USD", "revenue_year": "2022", "usd_rate": 1.0, "usd_rate_source": "European Central Bank euro reference rates, year average", "wikidata": "https://www.wikidata.org/wiki/Q30873", "hq": "Round Rock", "country": "United States", "industry": "computer hardware industry; software industry", "employees": "165000", "founded": "1984-05-03", "website": "https://www.dell.com/", "exchange": "New York Stock Exchange", "parent": "Dell Technologies", "ceo": "Michael Dell"}}, {"type": "Feature", "geometry": {"type": "Point", "coordinates": [-80.838611111, 35.223333333]}, "properties": {"rank": 94, "name": "Bank of America", "revenue_in_dollars": "$101.9 billion", "revenue_usd": 101887000000, "revenue": 101887000000.0, "revenue_currency": "USD", "revenue_year": "2024", "usd_rate": 1.0, "usd_rate_source": "European Central Bank euro reference rates, year average", "wikidata": "https://www.wikidata.org/wiki/Q487907", "hq": "Charlotte", "country": "United States", "industry": "International Standard Industrial Classification; financial sector; financial services", "employees": "204000; 209000; 213000", "founded": "1998-01-01", "website": "https://www.bankofamerica.com/", "exchange": "New York Stock Exchange", "ceo": "Brian Moynihan"}}, {"type": "Feature", "geometry": {"type": "Point", "coordinates": [2.264942, 48.723434]}, "properties": {"rank": 95, "name": "Carrefour Group", "revenue_in_dollars": "$101.8 billion", "revenue_usd": 101758460166, "revenue": 94132000000.0, "revenue_currency": "EUR", "revenue_year": "2023", "usd_rate": 0.9250533060935588, "usd_rate_source": "European Central Bank euro reference rates, year average", "wikidata": "https://www.wikidata.org/wiki/Q3117359", "hq": "Massy", "country": "France", "industry": "holding company activities; product distribution; retail", "employees": "322164; 500001", "founded": "1959-01-01", "website": "https://www.carrefour.com/en/group; https://www.carrefour.com/fr/groupe", "exchange": "Euronext", "ceo": "Alexandre Bompard"}}, {"type": "Feature", "geometry": {"type": "Point", "coordinates": [-87.6305, 41.8865]}, "properties": {"rank": 96, "name": "Archer Daniels Midland", "revenue_in_dollars": "$101.6 billion", "revenue_usd": 101556000000, "revenue": 101556000000.0, "revenue_currency": "USD", "revenue_year": "2022", "usd_rate": 1.0, "usd_rate_source": "European Central Bank euro reference rates, year average", "wikidata": "https://www.wikidata.org/wiki/Q632694", "hq": "77 West Wacker Drive; Decatur", "country": "United States", "industry": "food processing", "employees": "31600", "founded": "1902-01-01", "website": "https://adm.com/", "exchange": "New York Stock Exchange"}}, {"type": "Feature", "geometry": {"type": "Point", "coordinates": [-95.383055555, 29.762777777]}, "properties": {"rank": 97, "name": "Enron", "revenue_in_dollars": "$100.8 billion", "revenue_usd": 100789000000, "revenue": 100789000000.0, "revenue_currency": "USD", "revenue_year": "2000", "usd_rate": 1.0, "usd_rate_source": "European Central Bank euro reference rates, year average", "wikidata": "https://www.wikidata.org/wiki/Q327646", "hq": "Houston", "country": "United States", "industry": "energy and water industries; energy industry", "employees": "20600", "founded": "1985-01-01", "website": "http://www.enron.com/", "exchange": "NYSE Chicago, Inc.; New York Stock Exchange", "ceo": "Connor Gaydos; Jeffrey Skilling"}}, {"type": "Feature", "geometry": {"type": "Point", "coordinates": [-77.075, 38.9395]}, "properties": {"rank": 98, "name": "Fannie Mae", "revenue_in_dollars": "$100.3 billion", "revenue_usd": 100328000000, "revenue": 100328000000.0, "revenue_currency": "USD", "revenue_year": "2021", "usd_rate": 1.0, "usd_rate_source": "European Central Bank euro reference rates, year average", "wikidata": "https://www.wikidata.org/wiki/Q621096", "hq": "Northwest", "country": "United States", "industry": "financial services", "employees": "7700", "founded": "1938-01-01", "website": "https://www.fanniemae.com/", "ceo": "Timothy Mayopoulos"}}, {"type": "Feature", "geometry": {"type": "Point", "coordinates": [-80.820277777, 35.584444444]}, "properties": {"rank": 99, "name": "Lowe's", "revenue_in_dollars": "$97.1 billion", "revenue_usd": 97059000000, "revenue": 97059000000.0, "revenue_currency": "USD", "revenue_year": "2022", "usd_rate": 1.0, "usd_rate_source": "European Central Bank euro reference rates, year average", "wikidata": "https://www.wikidata.org/wiki/Q1373493", "hq": "Mooresville", "country": "United States", "industry": "hardware store", "founded": "1921-03-25", "website": "http://lowes.com", "exchange": "New York Stock Exchange", "ceo": "Marvin Ellison"}}, {"type": "Feature", "geometry": {"type": "Point", "coordinates": [116.407526, 39.90403]}, "properties": {"rank": 100, "name": "Suning Holdings Group", "revenue_in_dollars": "$96.4 billion", "revenue_usd": 96409828792, "revenue": 665259000000.0, "revenue_currency": "CNY", "revenue_year": "2020", "usd_rate": 6.900323424850934, "usd_rate_source": "European Central Bank euro reference rates, year average", "wikidata": "https://www.wikidata.org/wiki/Q24451600", "hq": "Beijing", "country": "People's Republic of China", "industry": "holding company", "founded": "2011-01-01", "website": "http://www.suningholdings.com/cms/en/index.htm#/"}}, {"type": "Feature", "geometry": {"type": "Point", "coordinates": [4.842222222, 52.441666666]}, "properties": {"rank": 101, "name": "Ahold Delhaize", "revenue_in_dollars": "$95.8 billion", "revenue_usd": 95778264254, "revenue": 88600000000.0, "revenue_currency": "EUR", "revenue_year": "2023", "usd_rate": 0.9250533060935588, "usd_rate_source": "European Central Bank euro reference rates, year average", "wikidata": "https://www.wikidata.org/wiki/Q20539261", "hq": "Zaandam", "country": "Netherlands", "industry": "retail", "employees": "372000", "founded": "2016-07-25", "website": "https://www.aholddelhaize.com/", "exchange": "Amsterdam Stock Exchange", "ceo": "Frans Muller"}}, {"type": "Feature", "geometry": {"type": "Point", "coordinates": [-122.138, 37.4292]}, "properties": {"rank": 102, "name": "Tesla", "revenue_in_dollars": "$94.8 billion", "revenue_usd": 94827000000, "revenue": 94827000000.0, "revenue_currency": "USD", "revenue_year": "2025", "usd_rate": 1.0, "usd_rate_source": "European Central Bank euro reference rates, year average", "wikidata": "https://www.wikidata.org/wiki/Q478214", "hq": "Austin; Palo Alto", "country": "United States", "industry": "automotive industry; battery industry; solar industry", "employees": "140473", "founded": "2003-07-01", "website": "https://www.tesla.com/", "exchange": "Frankfurt Stock Exchange; London Stock Exchange; Nasdaq; Xetra", "ceo": "Elon Musk"}}, {"type": "Feature", "geometry": {"type": "Point", "coordinates": [139.718175, 35.672608333]}, "properties": {"rank": 103, "name": "Itochu", "revenue_in_dollars": "$94.3 billion", "revenue_usd": 94317086823, "revenue": 10362628000000.0, "revenue_currency": "JPY", "revenue_year": "2021", "usd_rate": 109.87010253407936, "usd_rate_source": "European Central Bank euro reference rates, year average", "wikidata": "https://www.wikidata.org/wiki/Q717093", "hq": "Kita-Aoyama; Umeda", "country": "Japan", "industry": "sōgō shōsha; trade", "employees": "62500", "founded": "1949-12-01", "website": "https://www.itochu.co.jp", "exchange": "Hong Kong Stock Exchange; Nasdaq; Tokyo Stock Exchange", "ceo": "Okafuji Masahiro"}}, {"type": "Feature", "geometry": {"type": "Point", "coordinates": [-89.8591, 35.1058]}, "properties": {"rank": 104, "name": "FedEx", "revenue_in_dollars": "$93.5 billion", "revenue_usd": 93512000000, "revenue": 93512000000.0, "revenue_currency": "USD", "revenue_year": "2022", "usd_rate": 1.0, "usd_rate_source": "European Central Bank euro reference rates, year average", "wikidata": "https://www.wikidata.org/wiki/Q459477", "hq": "Memphis", "country": "Canada; United States", "industry": "logistics; transport industry", "employees": "400000", "founded": "1971-01-01", "website": "https://www.fedex.com/", "exchange": "New York Stock Exchange", "ceo": "Raj Subramaniam"}}, {"type": "Feature", "geometry": {"type": "Point", "coordinates": [-85.751388888, 38.256111111]}, "properties": {"rank": 105, "name": "Humana", "revenue_in_dollars": "$92.9 billion", "revenue_usd": 92870000000, "revenue": 92870000000.0, "revenue_currency": "USD", "revenue_year": "2022", "usd_rate": 1.0, "usd_rate_source": "European Central Bank euro reference rates, year average", "wikidata": "https://www.wikidata.org/wiki/Q910866", "hq": "Louisville", "country": "United States", "industry": "insurance industry", "employees": "51600", "founded": "1961-01-01", "website": "https://www.humana.com/", "exchange": "New York Stock Exchange", "ceo": "Bruce Broussard"}}, {"type": "Feature", "geometry": {"type": "Point", "coordinates": [12.500787611, 41.916105194]}, "properties": {"rank": 106, "name": "Eni", "revenue_in_dollars": "$92.6 billion", "revenue_usd": 92647548471, "revenue": 82151000000.0, "revenue_currency": "EUR", "revenue_year": "2025", "usd_rate": 0.8867045200428487, "usd_rate_source": "European Central Bank euro reference rates, year average", "wikidata": "https://www.wikidata.org/wiki/Q565594", "hq": "Rome; San Donato Milanese", "country": "Italy", "industry": "energy industry; petroleum industry", "employees": "32349", "founded": "1953-02-10", "website": "https://www.eni.com/", "exchange": "Italian Stock Exchange; New York Stock Exchange"}}, {"type": "Feature", "geometry": {"type": "Point", "coordinates": [-73.714444444, 41.040555555]}, "properties": {"rank": 107, "name": "PepsiCo", "revenue_in_dollars": "$91.9 billion", "revenue_usd": 91854000000, "revenue": 91854000000.0, "revenue_currency": "USD", "revenue_year": "2024", "usd_rate": 1.0, "usd_rate_source": "European Central Bank euro reference rates, year average", "wikidata": "https://www.wikidata.org/wiki/Q334800", "hq": "Purchase", "country": "Belgium; United States", "industry": "beverage industry; fast-moving consumer goods; food industry", "employees": "263000; 264000; 309000", "founded": "1961-01-01", "website": "https://www.pepsico.com/", "exchange": "New York Stock Exchange", "ceo": "Ramon Laguarta"}}, {"type": "Feature", "geometry": {"type": "Point", "coordinates": [2.305546369, 48.866317038]}, "properties": {"rank": 108, "name": "LVMH", "revenue_in_dollars": "$91.1 billion", "revenue_usd": 91131823706, "revenue": 80807000000.0, "revenue_currency": "EUR", "revenue_year": "2025", "usd_rate": 0.8867045200428487, "usd_rate_source": "European Central Bank euro reference rates, year average", "wikidata": "https://www.wikidata.org/wiki/Q504998", "hq": "Headquarters of LVMH; Paris", "country": "France", "industry": "retail", "employees": "215000", "founded": "1987-06-03", "website": "https://www.lvmh.com/", "exchange": "Euronext Paris", "ceo": "Bernard Arnault"}}, {"type": "Feature", "geometry": {"type": "Point", "coordinates": [-73.62846, 41.02649]}, "properties": {"rank": 109, "name": "United Parcel Service", "revenue_in_dollars": "$91.1 billion", "revenue_usd": 91070000000, "revenue": 91070000000.0, "revenue_currency": "USD", "revenue_year": "2024", "usd_rate": 1.0, "usd_rate_source": "European Central Bank euro reference rates, year average", "wikidata": "https://www.wikidata.org/wiki/Q155026", "hq": "Greenwich; Neuss; Sandy Springs", "country": "United States", "industry": "delivery; logistics", "employees": "434000", "founded": "1907-08-28", "website": "https://www.ups.com/", "exchange": "New York Stock Exchange", "ceo": "Carol Tomé"}}, {"type": "Feature", "geometry": {"type": "Point", "coordinates": [110.7755, 32.63507]}, "properties": {"rank": 110, "name": "Dongfeng Motor Corporation", "revenue_in_dollars": "$90.9 billion", "revenue_usd": 90879108386, "revenue": 601501280000.0, "revenue_currency": "CNY", "revenue_year": "2018", "usd_rate": 6.618696977563048, "usd_rate_source": "European Central Bank euro reference rates, year average", "wikidata": "https://www.wikidata.org/wiki/Q1138452", "hq": "Shiyan; Wuhan", "country": "People's Republic of China", "industry": "automotive industry", "employees": "161377", "founded": "1969-01-01", "website": "https://www.dfmc.com.cn/", "parent": "State-owned Assets Supervision and Administration Commission of the State Council"}}, {"type": "Feature", "geometry": {"type": "Point", "coordinates": [-96.808888888, 32.779166666]}, "properties": {"rank": 111, "name": "Energy Transfer Equity", "revenue_in_dollars": "$89.9 billion", "revenue_usd": 89876000000, "revenue": 89876000000.0, "revenue_currency": "USD", "revenue_year": "2022", "usd_rate": 1.0, "usd_rate_source": "European Central Bank euro reference rates, year average", "wikidata": "https://www.wikidata.org/wiki/Q5376999", "hq": "Dallas", "industry": "energy industry", "website": "http://www.energytransfer.com/", "exchange": "New York Stock Exchange"}}, {"type": "Feature", "geometry": {"type": "Point", "coordinates": [125.322777777, 43.88]}, "properties": {"rank": 112, "name": "FAW Group", "revenue_in_dollars": "$89.8 billion", "revenue_usd": 89750331827, "revenue": 594030250000.0, "revenue_currency": "CNY", "revenue_year": "2018", "usd_rate": 6.618696977563048, "usd_rate_source": "European Central Bank euro reference rates, year average", "wikidata": "https://www.wikidata.org/wiki/Q1124351", "hq": "Changchun", "country": "People's Republic of China", "industry": "automotive industry", "founded": "1953-07-15", "website": "http://www.faw.com/", "parent": "State-owned Assets Supervision and Administration Commission of the State Council"}}, {"type": "Feature", "geometry": {"type": "Point", "coordinates": [-88.3083, 41.8489]}, "properties": {"rank": 113, "name": "Aldi Süd", "revenue_in_dollars": "$89.7 billion", "revenue_usd": 89724559064, "revenue": 83000000000.0, "revenue_currency": "EUR", "revenue_year": "2023", "usd_rate": 0.9250533060935588, "usd_rate_source": "European Central Bank euro reference rates, year average", "wikidata": "https://www.wikidata.org/wiki/Q41171672", "hq": "Batavia; Mülheim an der Ruhr", "country": "Australia; Germany; Hungary; Ireland; Italy; People's Republic of China; Switzerland; United Kingdom; United States", "industry": "retail", "employees": "200410", "founded": "1960-01-01", "website": "https://www.aldi-sued.de/"}}, {"type": "Feature", "geometry": {"type": "Point", "coordinates": [2.23972222, 48.89638889]}, "properties": {"rank": 114, "name": "Engie", "revenue_in_dollars": "$89.3 billion", "revenue_usd": 89254315893, "revenue": 82565000000.0, "revenue_currency": "EUR", "revenue_year": "2023", "usd_rate": 0.9250533060935588, "usd_rate_source": "European Central Bank euro reference rates, year average", "wikidata": "https://www.wikidata.org/wiki/Q13416787", "hq": "Paris", "country": "France", "industry": "Q112165535; energy industry; facility management; waste management", "employees": "171474", "founded": "2008-07-22", "website": "https://agence.engie-homeservices.fr/; https://www.engie.com", "exchange": "Euronext Paris"}}, {"type": "Feature", "geometry": {"type": "Point", "coordinates": [-43.179530555, -22.909397222]}, "properties": {"rank": 115, "name": "Petrobras", "revenue_in_dollars": "$88.8 billion", "revenue_usd": 88827000000, "revenue": 88827000000.0, "revenue_currency": "USD", "revenue_year": "2018", "usd_rate": 1.0, "usd_rate_source": "European Central Bank euro reference rates, year average", "wikidata": "https://www.wikidata.org/wiki/Q210047", "hq": "Rio de Janeiro", "country": "Brazil", "industry": "gas industry; petroleum industry", "employees": "52000", "founded": "1953-10-03", "website": "https://www.petrobras.com.br", "exchange": "Madrid Stock Exchange; New York Stock Exchange; São Paulo Stock Exchange"}}, {"type": "Feature", "geometry": {"type": "Point", "coordinates": [-74.4416, 40.4995]}, "properties": {"rank": 116, "name": "Johnson & Johnson", "revenue_in_dollars": "$88.8 billion", "revenue_usd": 88821000000, "revenue": 88821000000.0, "revenue_currency": "USD", "revenue_year": "2024", "usd_rate": 1.0, "usd_rate_source": "European Central Bank euro reference rates, year average", "wikidata": "https://www.wikidata.org/wiki/Q333718", "hq": "New Brunswick", "country": "United Kingdom; United States", "industry": "medical technology industry; pharmaceutical industry", "employees": "136400", "founded": "1886-01-01", "website": "http://www.jjmt.com.tw/; http://www.jnj.com.cn; https://www.jnj.com", "exchange": "New York Stock Exchange", "ceo": "Alex Gorsky; Joaquin Duato"}}, {"type": "Feature", "geometry": {"type": "Point", "coordinates": [7.130036111, 50.715511111]}, "properties": {"rank": 117, "name": "DHL Group", "revenue_in_dollars": "$88.4 billion", "revenue_usd": 88381933734, "revenue": 81758000000.0, "revenue_currency": "EUR", "revenue_year": "2023", "usd_rate": 0.9250533060935588, "usd_rate_source": "European Central Bank euro reference rates, year average", "wikidata": "https://www.wikidata.org/wiki/Q157645", "hq": "Post Tower", "country": "Germany", "industry": "logistics; mail; postal and telecommunications services", "employees": "547692", "founded": "1989-01-01; 1995-01-01", "website": "https://www.dpdhl.com/", "exchange": "Frankfurt Stock Exchange", "ceo": "Frank Appel; Tobias Meyer"}}, {"type": "Feature", "geometry": {"type": "Point", "coordinates": [116.407526, 39.90403]}, "properties": {"rank": 118, "name": "Sinochem Group", "revenue_in_dollars": "$87.8 billion", "revenue_usd": 87793141455, "revenue": 581076200000.0, "revenue_currency": "CNY", "revenue_year": "2018", "usd_rate": 6.618696977563048, "usd_rate_source": "European Central Bank euro reference rates, year average", "wikidata": "https://www.wikidata.org/wiki/Q4390358", "hq": "Beijing", "country": "People's Republic of China", "industry": "petroleum industry", "employees": "50000", "founded": "1950-01-01", "website": "http://www.sinochem.com/", "parent": "Sinochem Holdings; State-owned Assets Supervision and Administration Commission of the State Council"}}, {"type": "Feature", "geometry": {"type": "Point", "coordinates": [116.407526, 39.90403]}, "properties": {"rank": 120, "name": "China Post", "revenue_in_dollars": "$85.6 billion", "revenue_usd": 85575990549, "revenue": 566401550000.0, "revenue_currency": "CNY", "revenue_year": "2018", "usd_rate": 6.618696977563048, "usd_rate_source": "European Central Bank euro reference rates, year average", "wikidata": "https://www.wikidata.org/wiki/Q1066476", "hq": "Beijing", "country": "People's Republic of China", "industry": "logistics", "founded": "1949-01-01", "website": "http://english.chinapost.com.cn; https://www.chinapost.com.cn", "parent": "Ministry of Finance of the People's Republic of China"}}, {"type": "Feature", "geometry": {"type": "Point", "coordinates": [114.054444444, 22.546666666]}, "properties": {"rank": 121, "name": "BYD Company", "revenue_in_dollars": "$85.0 billion", "revenue_usd": 85017176914, "revenue": 602315354000.0, "revenue_currency": "CNY", "revenue_year": "2023", "usd_rate": 7.084631316456077, "usd_rate_source": "European Central Bank euro reference rates, year average", "wikidata": "https://www.wikidata.org/wiki/Q2608329", "hq": "Shenzhen", "country": "People's Republic of China", "industry": "automotive industry; battery industry; consumer electronics industry", "employees": "194000; 703500", "founded": "1995-02-10", "website": "https://www.bydglobal.com/", "exchange": "Hong Kong Exchanges and Clearing Limited; Hong Kong Stock Exchange; Shenzhen Stock Exchange"}}, {"type": "Feature", "geometry": {"type": "Point", "coordinates": [-84.353, 39.2885]}, "properties": {"rank": 122, "name": "Procter & Gamble", "revenue_in_dollars": "$84.3 billion", "revenue_usd": 84284000000, "revenue": 84284000000.0, "revenue_currency": "USD", "revenue_year": "2025", "usd_rate": 1.0, "usd_rate_source": "European Central Bank euro reference rates, year average", "wikidata": "https://www.wikidata.org/wiki/Q212405", "hq": "Cincinnati; Ohio", "country": "United States", "industry": "fast-moving consumer goods; pharmaceutical industry", "employees": "105000", "founded": "1837-10-31", "website": "http://www.pg.com/", "exchange": "New York Stock Exchange; Tokyo Stock Exchange", "ceo": "Jon Moeller"}}, {"type": "Feature", "geometry": {"type": "Point", "coordinates": [13.383333333, 52.516666666]}, "properties": {"rank": 123, "name": "Siemens", "revenue_in_dollars": "$84.1 billion", "revenue_usd": 84069749805, "revenue": 77769000000.0, "revenue_currency": "EUR", "revenue_year": "2023", "usd_rate": 0.9250533060935588, "usd_rate_source": "European Central Bank euro reference rates, year average", "wikidata": "https://www.wikidata.org/wiki/Q81230", "hq": "Berlin; Munich; Palais Ludwig Ferdinand", "country": "Germany", "industry": "biomedical engineering; electrical engineering; electrical industry; electronics industry; lighting technique; mechanical engineering; medical device; power plant technology; powertrain technology; telecommunications industry", "employees": "320000", "founded": "1847-10-01", "website": "https://www.siemens.com/", "exchange": "Frankfurt Stock Exchange", "ceo": "Roland Busch"}}, {"type": "Feature", "geometry": {"type": "Point", "coordinates": [139.734083333, 35.685872222]}, "properties": {"rank": 124, "name": "Seven & I Holdings Co.", "revenue_in_dollars": "$84.0 billion", "revenue_usd": 84013346849, "revenue": 11811303000000.0, "revenue_currency": "JPY", "revenue_year": "2023", "usd_rate": 140.58841175778662, "usd_rate_source": "European Central Bank euro reference rates, year average", "wikidata": "https://www.wikidata.org/wiki/Q639447", "hq": "Nibanchō", "country": "Japan", "industry": "retail", "employees": "1017", "founded": "2005-09-01", "website": "http://www.7andi.com/; http://www.7andi.com/en/", "exchange": "Tokyo Stock Exchange"}}, {"type": "Feature", "geometry": {"type": "Point", "coordinates": [-77.175277777, 38.928333333]}, "properties": {"rank": 125, "name": "Freddie Mac", "revenue_in_dollars": "$83.5 billion", "revenue_usd": 83458000000, "revenue": 83458000000.0, "revenue_currency": "USD", "revenue_year": "2022", "usd_rate": 1.0, "usd_rate_source": "European Central Bank euro reference rates, year average", "wikidata": "https://www.wikidata.org/wiki/Q935969", "hq": "McLean", "country": "United States", "industry": "financial services", "employees": "4957; 5000", "founded": "1970-01-01", "website": "http://www.freddiemac.com", "ceo": "Donald H. Layton"}}, {"type": "Feature", "geometry": {"type": "Point", "coordinates": [139.761222222, 35.663]}, "properties": {"rank": 126, "name": "SoftBank Group", "revenue_in_dollars": "$82.9 billion", "revenue_usd": 82904502056, "revenue": 9158765000000.0, "revenue_currency": "JPY", "revenue_year": "2018", "usd_rate": 110.47367480550425, "usd_rate_source": "European Central Bank euro reference rates, year average", "wikidata": "https://www.wikidata.org/wiki/Q201653", "hq": "Minato", "country": "Japan", "industry": "International Standard Industrial Classification; information technology; telecommunications; telecommunications industry", "employees": "68402", "founded": "1981-09-03", "website": "https://group.softbank/", "exchange": "Tokyo Stock Exchange", "ceo": "Kentarō Kawabe"}}, {"type": "Feature", "geometry": {"type": "Point", "coordinates": [4.49, 52.16]}, "properties": {"rank": 127, "name": "Airbus", "revenue_in_dollars": "$82.8 billion", "revenue_usd": 82800976357, "revenue": 73420000000.0, "revenue_currency": "EUR", "revenue_year": "2025", "usd_rate": 0.8867045200428487, "usd_rate_source": "European Central Bank euro reference rates, year average", "wikidata": "https://www.wikidata.org/wiki/Q2311", "hq": "Leiden", "country": "France; Netherlands", "industry": "aircraft construction; aviation; spaceflight; weapons industry", "employees": "156921", "founded": "1998-12-29", "website": "https://airbus.com", "exchange": "Euronext Paris; Frankfurt Stock Exchange; Madrid Stock Exchange", "ceo": "Guillaume Faury"}}, {"type": "Feature", "geometry": {"type": "Point", "coordinates": [-118.325055555, 34.156861111]}, "properties": {"rank": 128, "name": "The Walt Disney Company", "revenue_in_dollars": "$82.7 billion", "revenue_usd": 82722000000, "revenue": 82722000000.0, "revenue_currency": "USD", "revenue_year": "2022", "usd_rate": 1.0, "usd_rate_source": "European Central Bank euro reference rates, year average", "wikidata": "https://www.wikidata.org/wiki/Q7414", "hq": "Burbank", "country": "United States", "industry": "amusement park; animation; entertainment industry; film industry; leisure park industry; media industry; tourism industry", "employees": "201000", "founded": "1923-10-16", "website": "https://thewaltdisneycompany.com/; https://www.disney.com/", "exchange": "New York Stock Exchange; Tokyo Stock Exchange", "ceo": "Bob Chapek; Bob Iger; Card Walker; Donn Tatum; Josh D'Amaro; Michael Eisner; Raymond Watson; Roy O. Disney; Walt Disney"}}, {"type": "Feature", "geometry": {"type": "Point", "coordinates": [-96.808888888, 32.779166666]}, "properties": {"rank": 129, "name": "Energy Transfer", "revenue_in_dollars": "$82.7 billion", "revenue_usd": 82671000000, "revenue": 82671000000.0, "revenue_currency": "USD", "revenue_year": "2024", "usd_rate": 1.0, "usd_rate_source": "European Central Bank euro reference rates, year average", "wikidata": "https://www.wikidata.org/wiki/Q5377000", "hq": "Dallas", "country": "United States", "industry": "petroleum industry", "founded": "1996-01-01", "website": "https://www.energytransfer.com/", "exchange": "New York Stock Exchange", "ceo": "Kelcy Warren"}}, {"type": "Feature", "geometry": {"type": "Point", "coordinates": [117.7424, 36.8625]}, "properties": {"rank": 130, "name": "Shandong Weiqiao Pioneering Group", "revenue_in_dollars": "$82.3 billion", "revenue_usd": 82297265568, "revenue": 591500000000.0, "revenue_currency": "CNY", "revenue_year": "2025", "usd_rate": 7.187359092899871, "usd_rate_source": "European Central Bank euro reference rates, year average", "wikidata": "https://www.wikidata.org/wiki/Q17036101", "hq": "Zouping", "country": "People's Republic of China", "industry": "aluminium industry; energy industry; textile industry", "founded": "1998-01-01", "website": "http://www.weiqiaocy.com/cn/; http://www.weiqiaocy.com/en/"}}, {"type": "Feature", "geometry": {"type": "Point", "coordinates": [-122.403, 37.793]}, "properties": {"rank": 131, "name": "Wells Fargo", "revenue_in_dollars": "$82.3 billion", "revenue_usd": 82296000000, "revenue": 82296000000.0, "revenue_currency": "USD", "revenue_year": "2024", "usd_rate": 1.0, "usd_rate_source": "European Central Bank euro reference rates, year average", "wikidata": "https://www.wikidata.org/wiki/Q744149", "hq": "San Francisco", "country": "United States", "industry": "economics of banking; financial sector; financial services", "employees": "150500", "founded": "1852-01-01; 1852-03-18", "website": "https://www.wellsfargo.com/", "exchange": "New York Stock Exchange", "ceo": "Charlie Scharf"}}, {"type": "Feature", "geometry": {"type": "Point", "coordinates": [-88.993611111, 40.484166666]}, "properties": {"rank": 132, "name": "State Farm Insurance", "revenue_in_dollars": "$82.2 billion", "revenue_usd": 82200000000, "revenue": 82200000000.0, "revenue_currency": "USD", "revenue_year": "2021", "usd_rate": 1.0, "usd_rate_source": "European Central Bank euro reference rates, year average", "wikidata": "https://www.wikidata.org/wiki/Q2007336", "hq": "Bloomington", "country": "United States", "industry": "insurance", "employees": "67029", "founded": "1922-01-01", "website": "https://www.statefarm.com/"}}, {"type": "Feature", "geometry": {"type": "Point", "coordinates": [116.41006, 39.92718]}, "properties": {"rank": 133, "name": "CHN Energy", "revenue_in_dollars": "$81.9 billion", "revenue_usd": 81927999097, "revenue": 542256600000.0, "revenue_currency": "CNY", "revenue_year": "2018", "usd_rate": 6.618696977563048, "usd_rate_source": "European Central Bank euro reference rates, year average", "wikidata": "https://www.wikidata.org/wiki/Q38180956", "hq": "Dongcheng District", "country": "People's Republic of China", "industry": "coal industry", "founded": "2017-01-01", "website": "https://www.ceic.com/; https://www.ceic.com/gjnyjtwwEn/", "parent": "State-owned Assets Supervision and Administration Commission of the State Council"}}, {"type": "Feature", "geometry": {"type": "Point", "coordinates": [12.598133333, 55.687447222]}, "properties": {"rank": 134, "name": "Maersk", "revenue_in_dollars": "$81.5 billion", "revenue_usd": 81529000000, "revenue": 81529000000.0, "revenue_currency": "USD", "revenue_year": "2022", "usd_rate": 1.0, "usd_rate_source": "European Central Bank euro reference rates, year average", "wikidata": "https://www.wikidata.org/wiki/Q18224", "hq": "Copenhagen", "country": "Denmark", "industry": "water transport", "employees": "80220", "founded": "1904-04-16", "website": "https://www.maersk.com/", "exchange": "Nasdaq Copenhagen A/S", "parent": "A.P. Møller Holding", "ceo": "Vincent Clerc"}}, {"type": "Feature", "geometry": {"type": "Point", "coordinates": [10.0201, 53.6029]}, "properties": {"rank": 135, "name": "Edeka", "revenue_in_dollars": "$81.5 billion", "revenue_usd": 81482231433, "revenue": 75300000000.0, "revenue_currency": "EUR", "revenue_year": "2024", "usd_rate": 0.9241278580138771, "usd_rate_source": "European Central Bank euro reference rates, year average", "wikidata": "https://www.wikidata.org/wiki/Q701755", "hq": "Hamburg; New-York-Ring 6 und 6a", "country": "Germany", "industry": "retail", "employees": "413000", "founded": "1907-11-25", "website": "https://www.edeka.de"}}, {"type": "Feature", "geometry": {"type": "Point", "coordinates": [-122.167399, 47.576615]}, "properties": {"rank": 136, "name": "T-Mobile US", "revenue_in_dollars": "$81.4 billion", "revenue_usd": 81400000000, "revenue": 81400000000.0, "revenue_currency": "USD", "revenue_year": "2024", "usd_rate": 1.0, "usd_rate_source": "European Central Bank euro reference rates, year average", "wikidata": "https://www.wikidata.org/wiki/Q3511885", "hq": "Bellevue", "country": "United States", "industry": "mobile phone industry; telecommunications industry", "employees": "38000", "founded": "2001-01-01", "website": "https://www.t-mobile.com/", "exchange": "Nasdaq", "parent": "Deutsche Telekom; T-Mobile", "ceo": "Mike Sievert"}}, {"type": "Feature", "geometry": {"type": "Point", "coordinates": [-74.011, 40.7207]}, "properties": {"rank": 137, "name": "Citigroup", "revenue_in_dollars": "$81.1 billion", "revenue_usd": 81139000000, "revenue": 81139000000.0, "revenue_currency": "USD", "revenue_year": "2024", "usd_rate": 1.0, "usd_rate_source": "European Central Bank euro reference rates, year average", "wikidata": "https://www.wikidata.org/wiki/Q219508", "hq": "388 Greenwich Street; Citigroup Center; New York City", "country": "United States", "industry": "International Standard Industrial Classification; bank; financial service activities, except insurance and pension funding; financial services", "employees": "219000", "founded": "1812-06-16; 1998-10-08", "website": "https://citibnqa.com/", "exchange": "New York Stock Exchange; Tokyo Stock Exchange", "ceo": "Jane Fraser"}}, {"type": "Feature", "geometry": {"type": "Point", "coordinates": [113.44886, 23.10444]}, "properties": {"rank": 138, "name": "China Southern Power Grid", "revenue_in_dollars": "$80.9 billion", "revenue_usd": 80914566993, "revenue": 535549000000.0, "revenue_currency": "CNY", "revenue_year": "2018", "usd_rate": 6.618696977563048, "usd_rate_source": "European Central Bank euro reference rates, year average", "wikidata": "https://www.wikidata.org/wiki/Q209039", "hq": "Huangpu District", "country": "People's Republic of China", "industry": "electric power industry", "founded": "2002-01-01", "website": "http://www.csg.cn/", "parent": "State-owned Assets Supervision and Administration Commission of the State Council"}}, {"type": "Feature", "geometry": {"type": "Point", "coordinates": [-77.069318731, 38.894405587]}, "properties": {"rank": 139, "name": "RTX", "revenue_in_dollars": "$80.7 billion", "revenue_usd": 80738000000, "revenue": 80738000000.0, "revenue_currency": "USD", "revenue_year": "2024", "usd_rate": 1.0, "usd_rate_source": "European Central Bank euro reference rates, year average", "wikidata": "https://www.wikidata.org/wiki/Q89368734", "hq": "Arlington County; Waltham", "country": "United States", "industry": "aerospace industry; weapons industry", "employees": "182000", "founded": "2020-04-03", "website": "https://www.rtx.com/", "exchange": "New York Stock Exchange", "ceo": "Greg Hayes"}}, {"type": "Feature", "geometry": {"type": "Point", "coordinates": [116.407526, 39.90403]}, "properties": {"rank": 140, "name": "China Minmetals", "revenue_in_dollars": "$80.0 billion", "revenue_usd": 80027863762, "revenue": 529680180000.0, "revenue_currency": "CNY", "revenue_year": "2018", "usd_rate": 6.618696977563048, "usd_rate_source": "European Central Bank euro reference rates, year average", "wikidata": "https://www.wikidata.org/wiki/Q846839", "hq": "Beijing", "country": "People's Republic of China", "industry": "trade", "founded": "1950-01-01", "website": "http://www.minmetals.com/"}}, {"type": "Feature", "geometry": {"type": "Point", "coordinates": [9.151976, 48.835455]}, "properties": {"rank": 141, "name": "Porsche Automobil Holding SE", "revenue_in_dollars": "$79.4 billion", "revenue_usd": 79394089711, "revenue": 57081000000.0, "revenue_currency": "EUR", "revenue_year": "2009", "usd_rate": 0.7189577990995225, "usd_rate_source": "European Central Bank euro reference rates, year average", "wikidata": "https://www.wikidata.org/wiki/Q2104551", "hq": "Stuttgart", "country": "Germany", "industry": "holding company", "employees": "41", "founded": "1931-01-01", "website": "http://www.porsche-se.com/", "exchange": "Frankfurt Stock Exchange"}}, {"type": "Feature", "geometry": {"type": "Point", "coordinates": [-77.0209, 38.884]}, "properties": {"rank": 142, "name": "United States Postal Service", "revenue_in_dollars": "$79.3 billion", "revenue_usd": 79324000000, "revenue": 79324000000.0, "revenue_currency": "USD", "revenue_year": "2023", "usd_rate": 1.0, "usd_rate_source": "European Central Bank euro reference rates, year average", "wikidata": "https://www.wikidata.org/wiki/Q668687", "hq": "L'Enfant Plaza; Washington, D.C.", "country": "United States", "industry": "mail", "employees": "625113", "founded": "1971-07-01", "website": "https://www.usps.com/"}}, {"type": "Feature", "geometry": {"type": "Point", "coordinates": [6.957777777, 50.942222222]}, "properties": {"rank": 143, "name": "REWE Group", "revenue_in_dollars": "$77.8 billion", "revenue_usd": 77813794095, "revenue": 68229300000.0, "revenue_currency": "EUR", "revenue_year": "2020", "usd_rate": 0.876827827171967, "usd_rate_source": "European Central Bank euro reference rates, year average", "wikidata": "https://www.wikidata.org/wiki/Q573266", "hq": "Cologne", "country": "Germany", "industry": "cooperative movement; e-commerce; food retail sector; retail; tourism", "employees": "224931", "founded": "1927-01-01", "website": "https://www.rewe-group.com/"}}, {"type": "Feature", "geometry": {"type": "Point", "coordinates": [-116.179, 43.5979]}, "properties": {"rank": 144, "name": "Albertsons", "revenue_in_dollars": "$77.6 billion", "revenue_usd": 77649700000, "revenue": 77649700000.0, "revenue_currency": "USD", "revenue_year": "2022", "usd_rate": 1.0, "usd_rate_source": "European Central Bank euro reference rates, year average", "wikidata": "https://www.wikidata.org/wiki/Q2831861", "hq": "Boise", "country": "United States", "industry": "retail", "employees": "250000", "founded": "1939-01-01", "website": "https://www.albertsonscompanies.com", "exchange": "New York Stock Exchange", "parent": "Cerberus Capital Management"}}, {"type": "Feature", "geometry": {"type": "Point", "coordinates": [-84.4311, 39.2475]}, "properties": {"rank": 145, "name": "GE Aerospace", "revenue_in_dollars": "$76.6 billion", "revenue_usd": 76555000000, "revenue": 76555000000.0, "revenue_currency": "USD", "revenue_year": "2022", "usd_rate": 1.0, "usd_rate_source": "European Central Bank euro reference rates, year average", "wikidata": "https://www.wikidata.org/wiki/Q1485061", "hq": "Boston; Evendale; Fairfield; New York City; Schenectady", "country": "United States", "industry": "aerospace industry", "employees": "174000; 295000; 307000; 313000; 333000", "founded": "1892-04-15", "website": "https://www.geaerospace.com/", "exchange": "New York Stock Exchange", "ceo": "H. Lawrence Culp Jr."}}, {"type": "Feature", "geometry": {"type": "Point", "coordinates": [-81.44333, 41.54778]}, "properties": {"rank": 147, "name": "Progressive Corporation", "revenue_in_dollars": "$75.4 billion", "revenue_usd": 75372000000, "revenue": 75372000000.0, "revenue_currency": "USD", "revenue_year": "2024", "usd_rate": 1.0, "usd_rate_source": "European Central Bank euro reference rates, year average", "wikidata": "https://www.wikidata.org/wiki/Q7248721", "hq": "Mayfield", "country": "United States", "industry": "vehicle insurance", "employees": "27250", "founded": "1937-03-10", "website": "https://www.progressive.com/", "exchange": "New York Stock Exchange"}}, {"type": "Feature", "geometry": {"type": "Point", "coordinates": [116.407526, 39.90403]}, "properties": {"rank": 148, "name": "The People's Insurance Company (Group) of China Limited", "revenue_in_dollars": "$75.3 billion", "revenue_usd": 75331594979, "revenue": 498597000000.0, "revenue_currency": "CNY", "revenue_year": "2018", "usd_rate": 6.618696977563048, "usd_rate_source": "European Central Bank euro reference rates, year average", "wikidata": "https://www.wikidata.org/wiki/Q1807264", "hq": "Beijing", "country": "People's Republic of China", "industry": "insurance", "founded": "1949-01-01", "website": "https://www.picc.com", "exchange": "Hong Kong Stock Exchange; Shanghai Stock Exchange", "parent": "Ministry of Finance of the People's Republic of China"}}, {"type": "Feature", "geometry": {"type": "Point", "coordinates": [8.431111111, 49.496111111]}, "properties": {"rank": 149, "name": "BASF", "revenue_in_dollars": "$74.5 billion", "revenue_usd": 74484356249, "revenue": 68902000000.0, "revenue_currency": "EUR", "revenue_year": "2023", "usd_rate": 0.9250533060935588, "usd_rate_source": "European Central Bank euro reference rates, year average", "wikidata": "https://www.wikidata.org/wiki/Q9401", "hq": "Friedrich-Engelhorn-Hochhaus; Ludwigshafen", "country": "Germany", "industry": "chemical industry; extraction of petroleum; plant protection", "employees": "111991", "founded": "1865-04-06", "website": "https://www.basf.com", "exchange": "Frankfurt Stock Exchange", "ceo": "Martin Brudermüller"}}, {"type": "Feature", "geometry": {"type": "Point", "coordinates": [2.203611111, 48.890555555]}, "properties": {"rank": 150, "name": "Vinci", "revenue_in_dollars": "$74.4 billion", "revenue_usd": 74415171046, "revenue": 68838000000.0, "revenue_currency": "EUR", "revenue_year": "2023", "usd_rate": 0.9250533060935588, "usd_rate_source": "European Central Bank euro reference rates, year average", "wikidata": "https://www.wikidata.org/wiki/Q1475312", "hq": "Nanterre", "country": "France", "industry": "activities of head offices; construction industry", "employees": "222397", "founded": "1899-01-01", "website": "https://www.vinci.com/", "exchange": "Euronext Paris", "ceo": "Xavier Huillard"}}, {"type": "Feature", "geometry": {"type": "Point", "coordinates": [139.751527777, 35.658027777]}, "properties": {"rank": 151, "name": "Sony Group", "revenue_in_dollars": "$74.4 billion", "revenue_usd": 74357528485, "revenue": 11260037000000.0, "revenue_currency": "JPY", "revenue_year": "2024", "usd_rate": 151.43102829500933, "usd_rate_source": "European Central Bank euro reference rates, year average", "wikidata": "https://www.wikidata.org/wiki/Q41187", "hq": "Minato", "country": "Japan", "industry": "electrical industry; electronics industry; video game industry", "employees": "112300", "founded": "1946-05-07", "website": "https://www.sony.co.in/; https://www.sony.com/en/; https://www.sony.com/ja/", "exchange": "New York Stock Exchange; Tokyo Stock Exchange", "ceo": "Kenichiro Yoshida"}}, {"type": "Feature", "geometry": {"type": "Point", "coordinates": [-81.381666666, 19.296388888]}, "properties": {"rank": 152, "name": "Evergrande Group", "revenue_in_dollars": "$73.5 billion", "revenue_usd": 73510757217, "revenue": 507248000000.0, "revenue_currency": "CNY", "revenue_year": "2020", "usd_rate": 6.900323424850934, "usd_rate_source": "European Central Bank euro reference rates, year average", "wikidata": "https://www.wikidata.org/wiki/Q5417145", "hq": "George Town; Shenzhen", "country": "Cayman Islands; People's Republic of China", "industry": "real estate development; real estate industry", "employees": "123276", "founded": "1996-01-01", "website": "https://www.evergrande.com/", "exchange": "Hong Kong Stock Exchange"}}, {"type": "Feature", "geometry": {"type": "Point", "coordinates": [-0.196388888, 51.81]}, "properties": {"rank": 153, "name": "Tesco", "revenue_in_dollars": "$73.5 billion", "revenue_usd": 73468107811, "revenue": 54433000000.0, "revenue_currency": "GBP", "revenue_year": "2016", "usd_rate": 0.7409065187845852, "usd_rate_source": "European Central Bank euro reference rates, year average", "wikidata": "https://www.wikidata.org/wiki/Q487494", "hq": "Cheshunt; Welwyn Garden City", "country": "United Kingdom", "industry": "retail chain", "employees": "423092", "founded": "1919-01-01", "website": "https://www.tescoplc.com/", "exchange": "London Stock Exchange", "ceo": "Ken Murphy"}}, {"type": "Feature", "geometry": {"type": "Point", "coordinates": [18.0119, 45.1663]}, "properties": {"rank": 154, "name": "Đuro Đaković", "revenue_in_dollars": "$73.1 billion", "revenue_usd": 73094468796, "revenue": 459568122000.0, "revenue_currency": "HRK", "revenue_year": "2018", "usd_rate": 6.2873173520844885, "usd_rate_source": "European Central Bank euro reference rates, year average", "wikidata": "https://www.wikidata.org/wiki/Q342143", "hq": "Slavonski Brod", "country": "Croatia", "industry": "conglomerate", "employees": "992", "founded": "1921-02-17", "website": "https://duro-dakovic.com/; https://duro-dakovic.com/en/", "exchange": "Zagreb Stock Exchange", "parent": "CE Industries"}}, {"type": "Feature", "geometry": {"type": "Point", "coordinates": [116.407526, 39.90403]}, "properties": {"rank": 155, "name": "BAIC Group", "revenue_in_dollars": "$72.6 billion", "revenue_usd": 72633340313, "revenue": 480738070000.0, "revenue_currency": "CNY", "revenue_year": "2018", "usd_rate": 6.618696977563048, "usd_rate_source": "European Central Bank euro reference rates, year average", "wikidata": "https://www.wikidata.org/wiki/Q814712", "hq": "Beijing", "country": "People's Republic of China", "industry": "automotive industry", "founded": "1958-01-01", "website": "http://www.baicgroup.com.cn/"}}, {"type": "Feature", "geometry": {"type": "Point", "coordinates": [114.158611111, 22.278333333]}, "properties": {"rank": 156, "name": "CITIC Limited", "revenue_in_dollars": "$72.3 billion", "revenue_usd": 72300203538, "revenue": 566497000000.0, "revenue_currency": "HKD", "revenue_year": "2019", "usd_rate": 7.835344470404426, "usd_rate_source": "European Central Bank euro reference rates, year average", "wikidata": "https://www.wikidata.org/wiki/Q1023763", "hq": "Hong Kong", "country": "Hong Kong", "industry": "conglomerate", "employees": "287910", "founded": "1985-01-08; 1990-01-01", "website": "http://www.citic.com/", "exchange": "Hong Kong Stock Exchange"}}, {"type": "Feature", "geometry": {"type": "Point", "coordinates": [116.407526, 39.90403]}, "properties": {"rank": 157, "name": "COFCO Group", "revenue_in_dollars": "$71.2 billion", "revenue_usd": 71180158511, "revenue": 471119900000.0, "revenue_currency": "CNY", "revenue_year": "2018", "usd_rate": 6.618696977563048, "usd_rate_source": "European Central Bank euro reference rates, year average", "wikidata": "https://www.wikidata.org/wiki/Q4382137", "hq": "Beijing", "country": "People's Republic of China", "industry": "food processing", "founded": "1952-01-01", "website": "https://www.cofco.com/en"}}, {"type": "Feature", "geometry": {"type": "Point", "coordinates": [-77.1355, 39.0292]}, "properties": {"rank": 158, "name": "Lockheed Martin", "revenue_in_dollars": "$71.0 billion", "revenue_usd": 71043000000, "revenue": 71043000000.0, "revenue_currency": "USD", "revenue_year": "2024", "usd_rate": 1.0, "usd_rate_source": "European Central Bank euro reference rates, year average", "wikidata": "https://www.wikidata.org/wiki/Q7240", "hq": "Bethesda", "country": "United States", "industry": "aerospace industry; electronics industry; information security; weapons industry", "employees": "110000", "founded": "1995-01-01", "website": "https://lockheedmartin.com", "exchange": "New York Stock Exchange", "ceo": "James D. Taiclet"}}, {"type": "Feature", "geometry": {"type": "Point", "coordinates": [116.407526, 39.90403]}, "properties": {"rank": 159, "name": "CITIC Group", "revenue_in_dollars": "$70.6 billion", "revenue_usd": 70616230292, "revenue": 467387430000.0, "revenue_currency": "CNY", "revenue_year": "2018", "usd_rate": 6.618696977563048, "usd_rate_source": "European Central Bank euro reference rates, year average", "wikidata": "https://www.wikidata.org/wiki/Q856322", "hq": "Beijing", "country": "People's Republic of China", "industry": "finance", "founded": "1982-01-01", "website": "https://www.group.citic", "parent": "State Council of the People's Republic of China"}}, {"type": "Feature", "geometry": {"type": "Point", "coordinates": [3.153888888, 50.674722222]}, "properties": {"rank": 160, "name": "Auchan", "revenue_in_dollars": "$70.4 billion", "revenue_usd": 70372935504, "revenue": 62400000000.0, "revenue_currency": "EUR", "revenue_year": "2025", "usd_rate": 0.8867045200428487, "usd_rate_source": "European Central Bank euro reference rates, year average", "wikidata": "https://www.wikidata.org/wiki/Q758603", "hq": "Croix", "country": "France", "industry": "retail", "employees": "2", "founded": "1961-07-06", "website": "https://auchan-retail.com", "parent": "Association Familiale Mulliez"}}, {"type": "Feature", "geometry": {"type": "Point", "coordinates": [-74.006111111, 40.712777777]}, "properties": {"rank": 161, "name": "MetLife", "revenue_in_dollars": "$69.9 billion", "revenue_usd": 69898000000, "revenue": 69898000000.0, "revenue_currency": "USD", "revenue_year": "2022", "usd_rate": 1.0, "usd_rate_source": "European Central Bank euro reference rates, year average", "wikidata": "https://www.wikidata.org/wiki/Q607131", "hq": "New York City", "country": "United States", "industry": "insurance industry", "founded": "1868-03-24", "website": "https://www.metlife.com", "exchange": "New York Stock Exchange", "ceo": "Steven A. Kandarian"}}, {"type": "Feature", "geometry": {"type": "Point", "coordinates": [116.407526, 39.90403]}, "properties": {"rank": 162, "name": "JD.com", "revenue_in_dollars": "$69.8 billion", "revenue_usd": 69805244381, "revenue": 462019760000.0, "revenue_currency": "CNY", "revenue_year": "2018", "usd_rate": 6.618696977563048, "usd_rate_source": "European Central Bank euro reference rates, year average", "wikidata": "https://www.wikidata.org/wiki/Q3598926", "hq": "Beijing", "country": "People's Republic of China", "industry": "e-commerce", "employees": "62000", "founded": "2004-01-01", "website": "https://jd.com/", "exchange": "Nasdaq"}}, {"type": "Feature", "geometry": {"type": "Point", "coordinates": [8.52764, 50.17546]}, "properties": {"rank": 163, "name": "Accenture", "revenue_in_dollars": "$69.7 billion", "revenue_usd": 69672977000, "revenue": 69672977000.0, "revenue_currency": "USD", "revenue_year": "2025", "usd_rate": 1.0, "usd_rate_source": "European Central Bank euro reference rates, year average", "wikidata": "https://www.wikidata.org/wiki/Q338825", "hq": "Bermuda; Dublin", "country": "Ireland", "industry": "information technology; management consulting industry; professional services industry", "employees": "779000", "founded": "2001-01-01", "website": "https://www.accenture.com/", "exchange": "New York Stock Exchange", "ceo": "Julie Sweet"}}, {"type": "Feature", "geometry": {"type": "Point", "coordinates": [6.993902777, 51.425004166]}, "properties": {"rank": 164, "name": "E.ON", "revenue_in_dollars": "$69.5 billion", "revenue_usd": 69505093373, "revenue": 60944000000.0, "revenue_currency": "EUR", "revenue_year": "2020", "usd_rate": 0.876827827171967, "usd_rate_source": "European Central Bank euro reference rates, year average", "wikidata": "https://www.wikidata.org/wiki/Q270223", "hq": "Essen", "country": "Germany", "industry": "energy and water industries; energy industry; energy sector", "employees": "42699", "founded": "2000-06-16", "website": "https://www.eon.com/; https://www.eon.se/", "exchange": "Frankfurt Stock Exchange"}}, {"type": "Feature", "geometry": {"type": "Point", "coordinates": [2.188333333, 48.877777777]}, "properties": {"rank": 165, "name": "Groupe PSA", "revenue_in_dollars": "$69.3 billion", "revenue_usd": 69265593675, "revenue": 60734000000.0, "revenue_currency": "EUR", "revenue_year": "2020", "usd_rate": 0.876827827171967, "usd_rate_source": "European Central Bank euro reference rates, year average", "wikidata": "https://www.wikidata.org/wiki/Q275623", "hq": "Rueil-Malmaison", "country": "France", "industry": "automotive industry", "employees": "204000", "founded": "1976-04-09", "website": "https://www.groupe-psa.com/", "exchange": "Euronext Paris"}}, {"type": "Feature", "geometry": {"type": "Point", "coordinates": [7.60602, 47.5586]}, "properties": {"rank": 166, "name": "Roche Holding", "revenue_in_dollars": "$68.7 billion", "revenue_usd": 68686197020, "revenue": 62801000000.0, "revenue_currency": "CHF", "revenue_year": "2021", "usd_rate": 0.9143176172861152, "usd_rate_source": "European Central Bank euro reference rates, year average", "wikidata": "https://www.wikidata.org/wiki/Q25463170", "hq": "Basel", "country": "Switzerland", "employees": "100920", "founded": "1966-01-01", "website": "https://www.roche.com/", "exchange": "Swiss Stock Exchange"}}, {"type": "Feature", "geometry": {"type": "Point", "coordinates": [116.36, 39.91]}, "properties": {"rank": 167, "name": "China Telecommunications Corporation", "revenue_in_dollars": "$68.7 billion", "revenue_usd": 68667905713, "revenue": 454492060000.0, "revenue_currency": "CNY", "revenue_year": "2018", "usd_rate": 6.618696977563048, "usd_rate_source": "European Central Bank euro reference rates, year average", "wikidata": "https://www.wikidata.org/wiki/Q1073540", "hq": "Xicheng District", "country": "People's Republic of China", "industry": "telecommunications industry; terrestrial television", "employees": "309799", "founded": "1995-04-27", "website": "http://www.chinatelecom.com.cn/; https://www.189.cn/; https://www.ctexcel.ca; https://www.ctexcel.com.hk/; https://www.ctexcel.com/; https://www.ctexcel.com/uk/", "exchange": "New York Stock Exchange", "parent": "State-owned Assets Supervision and Administration Commission of the State Council"}}, {"type": "Feature", "geometry": {"type": "Point", "coordinates": [-95.6194, 29.7583]}, "properties": {"rank": 168, "name": "Sysco", "revenue_in_dollars": "$68.6 billion", "revenue_usd": 68636146000, "revenue": 68636146000.0, "revenue_currency": "USD", "revenue_year": "2022", "usd_rate": 1.0, "usd_rate_source": "European Central Bank euro reference rates, year average", "wikidata": "https://www.wikidata.org/wiki/Q2376711", "hq": "Houston", "country": "United States", "industry": "wholesale", "employees": "67001", "founded": "1969-01-01", "website": "https://www.sysco.com/", "exchange": "New York Stock Exchange"}}, {"type": "Feature", "geometry": {"type": "Point", "coordinates": [127.484424786, 37.251197583]}, "properties": {"rank": 169, "name": "SK Hynix", "revenue_in_dollars": "$68.3 billion", "revenue_usd": 68339878904, "revenue": 97146675000000.0, "revenue_currency": "KRW", "revenue_year": "2025", "usd_rate": 1421.522492547284, "usd_rate_source": "European Central Bank euro reference rates, year average", "wikidata": "https://www.wikidata.org/wiki/Q370719", "hq": "Icheon", "country": "South Korea", "industry": "semiconductor industry; semiconductor industry in South Korea", "employees": "17130", "founded": "1983-01-01", "website": "https://www.skhynix.com/", "exchange": "Korean Stock Exchange", "parent": "SK Group"}}, {"type": "Feature", "geometry": {"type": "Point", "coordinates": [108.942222222, 34.261111111]}, "properties": {"rank": 170, "name": "BYD Auto", "revenue_in_dollars": "$68.2 billion", "revenue_usd": 68232202694, "revenue": 483400000000.0, "revenue_currency": "CNY", "revenue_year": "2023", "usd_rate": 7.084631316456077, "usd_rate_source": "European Central Bank euro reference rates, year average", "wikidata": "https://www.wikidata.org/wiki/Q27423", "hq": "Shenzhen; Xi'an", "country": "People's Republic of China", "industry": "automotive industry", "founded": "2003-01-22", "website": "https://byd-automobiles.com/fr/; https://www.byd.com/cn; https://www.byd.com/en; https://www.byd.com/es", "parent": "BYD Company"}}, {"type": "Feature", "geometry": {"type": "Point", "coordinates": [-87.8674, 42.1566]}, "properties": {"rank": 171, "name": "Walgreens", "revenue_in_dollars": "$67.4 billion", "revenue_usd": 67420000000, "revenue": 67420000000.0, "revenue_currency": "USD", "revenue_year": "2010", "usd_rate": 1.0, "usd_rate_source": "European Central Bank euro reference rates, year average", "wikidata": "https://www.wikidata.org/wiki/Q1591889", "hq": "Chicago; Deerfield", "country": "United States", "industry": "retail", "employees": "210500", "founded": "1901-01-01", "website": "https://www.walgreens.com/", "exchange": "New York Stock Exchange", "parent": "Walgreens Boots Alliance", "ceo": "Gregory Wasson; Stefano Pessina"}}, {"type": "Feature", "geometry": {"type": "Point", "coordinates": [116.407526, 39.90403]}, "properties": {"rank": 172, "name": "ChemChina", "revenue_in_dollars": "$67.4 billion", "revenue_usd": 67356702008, "revenue": 445813600000.0, "revenue_currency": "CNY", "revenue_year": "2018", "usd_rate": 6.618696977563048, "usd_rate_source": "European Central Bank euro reference rates, year average", "wikidata": "https://www.wikidata.org/wiki/Q16739781", "hq": "Beijing", "country": "People's Republic of China", "founded": "2004-01-01", "website": "http://www.chemchina.com.cn", "parent": "Sinochem Holdings; State-owned Assets Supervision and Administration Commission of the State Council"}}, {"type": "Feature", "geometry": {"type": "Point", "coordinates": [-64.783055555, 32.295]}, "properties": {"rank": 173, "name": "Bunge Limited", "revenue_in_dollars": "$67.2 billion", "revenue_usd": 67232000000, "revenue": 67232000000.0, "revenue_currency": "USD", "revenue_year": "2022", "usd_rate": 1.0, "usd_rate_source": "European Central Bank euro reference rates, year average", "wikidata": "https://www.wikidata.org/wiki/Q1009458", "hq": "Hamilton; White Plains", "country": "United States", "industry": "food industry", "employees": "22706", "founded": "1818-01-01", "website": "http://www.bunge.com/", "exchange": "New York Stock Exchange"}}, {"type": "Feature", "geometry": {"type": "Point", "coordinates": [118.37854, 31.42107]}, "properties": {"rank": 174, "name": "Chery", "revenue_in_dollars": "$66.7 billion", "revenue_usd": 66707559235, "revenue": 480000000000.0, "revenue_currency": "CNY", "revenue_year": "2024", "usd_rate": 7.195586309959185, "usd_rate_source": "European Central Bank euro reference rates, year average", "wikidata": "https://www.wikidata.org/wiki/Q591001", "hq": "Wuhu", "country": "People's Republic of China", "industry": "automotive industry", "employees": "48000", "founded": "1997-01-08", "website": "http://www.cheryinternational.com/; https://www.chery.cn/", "parent": "Chery Holding"}}, {"type": "Feature", "geometry": {"type": "Point", "coordinates": [-87.6389, 41.8832]}, "properties": {"rank": 175, "name": "Boeing", "revenue_in_dollars": "$66.5 billion", "revenue_usd": 66517000000, "revenue": 66517000000.0, "revenue_currency": "USD", "revenue_year": "2024", "usd_rate": 1.0, "usd_rate_source": "European Central Bank euro reference rates, year average", "wikidata": "https://www.wikidata.org/wiki/Q66", "hq": "Chicago; Seattle", "country": "United States", "industry": "aerospace industry; aircraft construction; aircraft industry; space industry; space-based economy; weapons industry", "employees": "171000", "founded": "1916-07-15", "website": "https://boeing.com/", "exchange": "New York Stock Exchange", "ceo": "Kelly Ortberg"}}, {"type": "Feature", "geometry": {"type": "Point", "coordinates": [11.588431, 48.1562]}, "properties": {"rank": 176, "name": "Munich Re", "revenue_in_dollars": "$65.8 billion", "revenue_usd": 65824224941, "revenue": 60830000000.0, "revenue_currency": "EUR", "revenue_year": "2024", "usd_rate": 0.9241278580138771, "usd_rate_source": "European Central Bank euro reference rates, year average", "wikidata": "https://www.wikidata.org/wiki/Q166637", "hq": "Munich", "country": "Germany", "industry": "financial services; insurance; insurance industry; reinsurance", "employees": "39642; 39662", "founded": "1880-04-03", "website": "http://www.munichre.com", "exchange": "Frankfurt Stock Exchange"}}, {"type": "Feature", "geometry": {"type": "Point", "coordinates": [121.499, 31.241]}, "properties": {"rank": 177, "name": "Bank of Communications", "revenue_in_dollars": "$65.6 billion", "revenue_usd": 65578768974, "revenue": 434046000000.0, "revenue_currency": "CNY", "revenue_year": "2018", "usd_rate": 6.618696977563048, "usd_rate_source": "European Central Bank euro reference rates, year average", "wikidata": "https://www.wikidata.org/wiki/Q806680", "hq": "Bocom Financial Towers", "country": "People's Republic of China", "industry": "financial services", "founded": "1908-01-01", "website": "https://www.bankcomm.com/", "exchange": "Hong Kong Stock Exchange; Shanghai Stock Exchange"}}, {"type": "Feature", "geometry": {"type": "Point", "coordinates": [135.571978055, 34.743953055]}, "properties": {"rank": 178, "name": "Panasonic Holdings Corporation", "revenue_in_dollars": "$65.5 billion", "revenue_usd": 65455256016, "revenue": 7343707000000.0, "revenue_currency": "JPY", "revenue_year": "2017", "usd_rate": 112.19430565232486, "usd_rate_source": "European Central Bank euro reference rates, year average", "wikidata": "https://www.wikidata.org/wiki/Q53247", "hq": "Kadoma", "country": "Japan", "industry": "electronics; home appliance; semiconductor industry; video game industry", "employees": "257533", "founded": "1918-03-13", "website": "https://holdings.panasonic/", "exchange": "Nagoya Stock Exchange; Philippine Stock Exchange; Tokyo Stock Exchange", "ceo": "Kazuhiro Tsuga"}}, {"type": "Feature", "geometry": {"type": "Point", "coordinates": [-75.163611111, 39.952777777]}, "properties": {"rank": 179, "name": "Merck & Co.", "revenue_in_dollars": "$64.2 billion", "revenue_usd": 64168000000, "revenue": 64168000000.0, "revenue_currency": "USD", "revenue_year": "2024", "usd_rate": 1.0, "usd_rate_source": "European Central Bank euro reference rates, year average", "wikidata": "https://www.wikidata.org/wiki/Q247489", "hq": "Kenilworth; Philadelphia; Rahway", "country": "United States", "industry": "pharmaceutical industry", "employees": "68000; 70000", "founded": "1891-01-01", "website": "https://www.merck.com; https://www.msd.no/", "exchange": "New York Stock Exchange", "ceo": "Kenneth Frazier; Rob Davis"}}, {"type": "Feature", "geometry": {"type": "Point", "coordinates": [-73.9725, 40.750277777]}, "properties": {"rank": 180, "name": "Pfizer", "revenue_in_dollars": "$63.6 billion", "revenue_usd": 63627000000, "revenue": 63627000000.0, "revenue_currency": "USD", "revenue_year": "2024", "usd_rate": 1.0, "usd_rate_source": "European Central Bank euro reference rates, year average", "wikidata": "https://www.wikidata.org/wiki/Q206921", "hq": "New York City", "country": "United States", "industry": "pharmaceutical industry", "employees": "88300", "founded": "1849-01-01", "website": "https://www.pfizer.com/", "exchange": "New York Stock Exchange", "ceo": "Albert Bourla"}}, {"type": "Feature", "geometry": {"type": "Point", "coordinates": [-0.1275, 51.507222222]}, "properties": {"rank": 181, "name": "Unilever", "revenue_in_dollars": "$63.1 billion", "revenue_usd": 63116879802, "revenue": 60073000000.0, "revenue_currency": "EUR", "revenue_year": "2022", "usd_rate": 0.951773918298884, "usd_rate_source": "European Central Bank euro reference rates, year average", "wikidata": "https://www.wikidata.org/wiki/Q157062", "hq": "London; Rotterdam", "country": "Kingdom of the Netherlands; United Kingdom", "industry": "dairy industry; fast-moving consumer goods; food industry; manufacture of bakery and farinaceous products; manufacture of grain mill products, starches and starch products; manufacture of soap and detergents, cleaning and polishing preparations, perfumes and toilet preparations; manufacture of vegetable and animal oils and fats; perfumery; personal care product", "employees": "148000", "founded": "1929-09-02", "website": "https://unilever.com", "exchange": "Amsterdam Stock Exchange; Indonesia Stock Exchange; London Stock Exchange; New York Stock Exchange", "ceo": "Fernando Fernández"}}, {"type": "Feature", "geometry": {"type": "Point", "coordinates": [-73.7203, 41.1081]}, "properties": {"rank": 182, "name": "IBM", "revenue_in_dollars": "$62.8 billion", "revenue_usd": 62753000000, "revenue": 62753000000.0, "revenue_currency": "USD", "revenue_year": "2024", "usd_rate": 1.0, "usd_rate_source": "European Central Bank euro reference rates, year average", "wikidata": "https://www.wikidata.org/wiki/Q37156", "hq": "Armonk", "country": "United States", "industry": "IT service management; computer hardware industry; computer industry; information technology consulting; software industry", "employees": "352600", "founded": "1911-06-16", "website": "https://www.ibm.com/", "exchange": "New York Stock Exchange", "ceo": "Arvind Krishna"}}, {"type": "Feature", "geometry": {"type": "Point", "coordinates": [-0.017388888, 51.505277777]}, "properties": {"rank": 183, "name": "HSBC", "revenue_in_dollars": "$62.4 billion", "revenue_usd": 62440000000, "revenue": 62440000000.0, "revenue_currency": "USD", "revenue_year": "2024", "usd_rate": 1.0, "usd_rate_source": "European Central Bank euro reference rates, year average", "wikidata": "https://www.wikidata.org/wiki/Q190464", "hq": "8 Canada Square", "country": "United Kingdom", "industry": "economics of banking; financial sector; financial services; insurance", "employees": "219697", "founded": "1865-01-01", "website": "https://hsbc.com/", "exchange": "Bermuda Stock Exchange Ltd; Hong Kong Stock Exchange; London Stock Exchange; New York Stock Exchange", "ceo": "Stuart Gulliver"}}, {"type": "Feature", "geometry": {"type": "Point", "coordinates": [139.763058, 35.678981]}, "properties": {"rank": 184, "name": "Nippon Steel Corporation", "revenue_in_dollars": "$62.0 billion", "revenue_usd": 61972182086, "revenue": 6808890000000.0, "revenue_currency": "JPY", "revenue_year": "2021", "usd_rate": 109.87010253407936, "usd_rate_source": "European Central Bank euro reference rates, year average", "wikidata": "https://www.wikidata.org/wiki/Q1151693", "hq": "Marunouchi Park Building", "country": "Japan", "industry": "iron and steel industry", "employees": "106528", "founded": "2012-10-01", "website": "https://www.nipponsteel.com/; https://www.nipponsteel.com/en/index.html/", "exchange": "Tokyo Stock Exchange", "ceo": "Eiji Hashimoto"}}, {"type": "Feature", "geometry": {"type": "Point", "coordinates": [-3.683736, 40.398119]}, "properties": {"rank": 185, "name": "Repsol", "revenue_in_dollars": "$61.8 billion", "revenue_usd": 61810000000, "revenue": 61810000000.0, "revenue_currency": "USD", "revenue_year": "2024", "usd_rate": 1.0, "usd_rate_source": "European Central Bank euro reference rates, year average", "wikidata": "https://www.wikidata.org/wiki/Q174747", "hq": "Repsol Campus", "country": "Spain", "industry": "petroleum industry", "employees": "23810", "founded": "1986-01-01", "website": "https://www.repsol.com/", "exchange": "Madrid Stock Exchange", "ceo": "Josu Jon Imaz"}}, {"type": "Feature", "geometry": {"type": "Point", "coordinates": [-74.006111111, 40.712777777]}, "properties": {"rank": 186, "name": "Morgan Stanley", "revenue_in_dollars": "$61.8 billion", "revenue_usd": 61761000000, "revenue": 61761000000.0, "revenue_currency": "USD", "revenue_year": "2024", "usd_rate": 1.0, "usd_rate_source": "European Central Bank euro reference rates, year average", "wikidata": "https://www.wikidata.org/wiki/Q334204", "hq": "New York City", "country": "United Kingdom; United States", "industry": "financial sector; financial services", "employees": "80006", "founded": "1924-01-01; 1931-01-01; 1935-01-01; 2008-07-17", "website": "https://morganstanley.com", "exchange": "New York Stock Exchange", "ceo": "Ted Pick"}}, {"type": "Feature", "geometry": {"type": "Point", "coordinates": [-84.42424458, 33.656274769]}, "properties": {"rank": 187, "name": "Delta Air Lines", "revenue_in_dollars": "$61.6 billion", "revenue_usd": 61643000000, "revenue": 61643000000.0, "revenue_currency": "USD", "revenue_year": "2024", "usd_rate": 1.0, "usd_rate_source": "European Central Bank euro reference rates, year average", "wikidata": "https://www.wikidata.org/wiki/Q188920", "hq": "Atlanta; Monroe", "country": "United States", "industry": "air transport; aviation", "founded": "1925-03-02", "website": "https://de.delta.com/; https://es.delta.com/; https://fr.delta.com/; https://it.delta.com/; https://ja.delta.com/; https://pt.delta.com/; https://www.delta.com/; https://zh.delta.com/", "exchange": "New York Stock Exchange", "ceo": "Ed Bastian"}}, {"type": "Feature", "geometry": {"type": "Point", "coordinates": [12.59472222, 55.68777778]}, "properties": {"rank": 188, "name": "A.P. Møller Holding", "revenue_in_dollars": "$61.6 billion", "revenue_usd": 61625684872, "revenue": 424785000000.0, "revenue_currency": "DKK", "revenue_year": "2024", "usd_rate": 6.892986274801918, "usd_rate_source": "European Central Bank euro reference rates, year average", "wikidata": "https://www.wikidata.org/wiki/Q26702890", "hq": "Esplanaden", "country": "Denmark", "industry": "conglomerate; holding company", "employees": "131970", "founded": "2013-12-20", "website": "https://apmoller.com"}}, {"type": "Feature", "geometry": {"type": "Point", "coordinates": [6.13, 49.611388888]}, "properties": {"rank": 189, "name": "ArcelorMittal", "revenue_in_dollars": "$61.4 billion", "revenue_usd": 61352000000, "revenue": 61352000000.0, "revenue_currency": "USD", "revenue_year": "2025", "usd_rate": 1.0, "usd_rate_source": "European Central Bank euro reference rates, year average", "wikidata": "https://www.wikidata.org/wiki/Q27893", "hq": "Luxembourg", "country": "Luxembourg; Spain", "industry": "iron and steel industry; mining industry", "employees": "125416", "founded": "2006-01-01", "website": "https://corporate.arcelormittal.com/", "exchange": "Amsterdam Stock Exchange; Luxembourg Stock Exchange; Madrid Stock Exchange; New York Stock Exchange", "ceo": "Aditya Mittal"}}, {"type": "Feature", "geometry": {"type": "Point", "coordinates": [116.29214, 39.95812]}, "properties": {"rank": 190, "name": "Power China", "revenue_in_dollars": "$61.2 billion", "revenue_usd": 61186940779, "revenue": 404977820000.0, "revenue_currency": "CNY", "revenue_year": "2018", "usd_rate": 6.618696977563048, "usd_rate_source": "European Central Bank euro reference rates, year average", "wikidata": "https://www.wikidata.org/wiki/Q10873928", "hq": "Haidian District", "country": "People's Republic of China", "industry": "construction industry", "founded": "2011-09-29", "website": "http://en.powerchina.cn/; http://www.powerchina.cn/"}}, {"type": "Feature", "geometry": {"type": "Point", "coordinates": [2.2288, 48.8315]}, "properties": {"rank": 191, "name": "Renault", "revenue_in_dollars": "$60.8 billion", "revenue_usd": 60848722947, "revenue": 56232000000.0, "revenue_currency": "EUR", "revenue_year": "2024", "usd_rate": 0.9241278580138771, "usd_rate_source": "European Central Bank euro reference rates, year average", "wikidata": "https://www.wikidata.org/wiki/Q6686", "hq": "Boulogne-Billancourt", "country": "France", "industry": "automotive industry; funding; holding company activities", "employees": "170158", "founded": "1898-12-24", "website": "https://www.renaultgroup.com/", "exchange": "Euronext Paris", "ceo": "François Provost"}}, {"type": "Feature", "geometry": {"type": "Point", "coordinates": [-87.627777777, 41.881944444]}, "properties": {"rank": 192, "name": "Boeing Commercial Airplanes", "revenue_in_dollars": "$60.7 billion", "revenue_usd": 60715000000, "revenue": 60715000000.0, "revenue_currency": "USD", "revenue_year": "2018", "usd_rate": 1.0, "usd_rate_source": "European Central Bank euro reference rates, year average", "wikidata": "https://www.wikidata.org/wiki/Q8793", "hq": "Chicago", "country": "United States", "industry": "aircraft industry", "founded": "1997-01-01", "website": "http://www.boeing.com/commercial", "parent": "Boeing", "ceo": "Kevin G. McAllister; Ray Connor; Stanley A. Deal"}}, {"type": "Feature", "geometry": {"type": "Point", "coordinates": [2.300422222, 48.876108333]}, "properties": {"rank": 193, "name": "Bouygues", "revenue_in_dollars": "$60.6 billion", "revenue_usd": 60555429218, "revenue": 56017000000.0, "revenue_currency": "EUR", "revenue_year": "2023", "usd_rate": 0.9250533060935588, "usd_rate_source": "European Central Bank euro reference rates, year average", "wikidata": "https://www.wikidata.org/wiki/Q895325", "hq": "Paris", "country": "France", "industry": "activities of head offices; conglomerate; construction", "founded": "1952-01-01", "website": "https://www.bouygues.com", "exchange": "Euronext Paris"}}, {"type": "Feature", "geometry": {"type": "Point", "coordinates": [9.143611111, 48.706944444]}, "properties": {"rank": 194, "name": "Daimler Truck", "revenue_in_dollars": "$60.4 billion", "revenue_usd": 60418139832, "revenue": 55890000000.0, "revenue_currency": "EUR", "revenue_year": "2023", "usd_rate": 0.9250533060935588, "usd_rate_source": "European Central Bank euro reference rates, year average", "wikidata": "https://www.wikidata.org/wiki/Q1157624", "hq": "Leinfelden-Echterdingen", "country": "Germany", "industry": "automotive industry", "employees": "104416", "founded": "2019-11-01", "website": "https://www.daimlertruck.com/", "exchange": "Frankfurt Stock Exchange", "parent": "Mercedes-Benz Group", "ceo": "Martin Daum"}}, {"type": "Feature", "geometry": {"type": "Point", "coordinates": [-86.774444444, 36.162222222]}, "properties": {"rank": 195, "name": "HCA Healthcare", "revenue_in_dollars": "$60.2 billion", "revenue_usd": 60233000000, "revenue": 60233000000.0, "revenue_currency": "USD", "revenue_year": "2022", "usd_rate": 1.0, "usd_rate_source": "European Central Bank euro reference rates, year average", "wikidata": "https://www.wikidata.org/wiki/Q1630431", "hq": "Nashville", "country": "United States", "industry": "health care", "employees": "204000", "founded": "1968-01-01", "website": "https://careers.hcahealthcare.com/; https://hcahealthcare.com/", "exchange": "New York Stock Exchange"}}, {"type": "Feature", "geometry": {"type": "Point", "coordinates": [-74.17106, 40.7335]}, "properties": {"rank": 196, "name": "Prudential Financial", "revenue_in_dollars": "$60.0 billion", "revenue_usd": 60050000000, "revenue": 60050000000.0, "revenue_currency": "USD", "revenue_year": "2022", "usd_rate": 1.0, "usd_rate_source": "European Central Bank euro reference rates, year average", "wikidata": "https://www.wikidata.org/wiki/Q2114414", "hq": "Prudential Headquarters", "country": "United States", "industry": "financial sector; life insurance", "employees": "41671", "founded": "1875-01-01", "website": "http://prudential.com", "exchange": "New York Stock Exchange", "ceo": "John Strangfeld"}}, {"type": "Feature", "geometry": {"type": "Point", "coordinates": [116.407526, 39.90403]}, "properties": {"rank": 197, "name": "Tongrentang", "revenue_in_dollars": "$59.9 billion", "revenue_usd": 59943868309, "revenue": 396750300000.0, "revenue_currency": "CNY", "revenue_year": "2018", "usd_rate": 6.618696977563048, "usd_rate_source": "European Central Bank euro reference rates, year average", "wikidata": "https://www.wikidata.org/wiki/Q842099", "hq": "Beijing", "country": "People's Republic of China", "industry": "pharmaceutical industry", "founded": "1669-01-01", "website": "https://www.tongrentang.com", "exchange": "Shanghai Stock Exchange"}}, {"type": "Feature", "geometry": {"type": "Point", "coordinates": [-96.950833333, 32.811666666]}, "properties": {"rank": 198, "name": "Caterpillar Inc.", "revenue_in_dollars": "$59.4 billion", "revenue_usd": 59427000000, "revenue": 59427000000.0, "revenue_currency": "USD", "revenue_year": "2022", "usd_rate": 1.0, "usd_rate_source": "European Central Bank euro reference rates, year average", "wikidata": "https://www.wikidata.org/wiki/Q459965", "hq": "Irving", "country": "United States", "industry": "mechanical engineering", "employees": "104000", "founded": "1925-01-01", "website": "https://www.caterpillar.com/", "exchange": "Euronext Paris; New York Stock Exchange; Swiss Stock Exchange", "ceo": "Jim Umpleby; Joseph E. Creed"}}, {"type": "Feature", "geometry": {"type": "Point", "coordinates": [4.352031073, 50.847135]}, "properties": {"rank": 199, "name": "Anheuser-Busch InBev", "revenue_in_dollars": "$59.3 billion", "revenue_usd": 59320000000, "revenue": 59320000000.0, "revenue_currency": "USD", "revenue_year": "2025", "usd_rate": 1.0, "usd_rate_source": "European Central Bank euro reference rates, year average", "wikidata": "https://www.wikidata.org/wiki/Q128738", "hq": "Brussels; Leuven", "country": "Belgium", "industry": "brewing industry", "employees": "166632", "founded": "1977-08-02", "website": "https://www.ab-inbev.com/", "exchange": "Euronext Brussels; Johannesburg Stock Exchange; New York Stock Exchange", "ceo": "Michel Doukeris"}}, {"type": "Feature", "geometry": {"type": "Point", "coordinates": [-3.703333333, 40.416944444]}, "properties": {"rank": 200, "name": "Zurich Insurance Group", "revenue_in_dollars": "$59.0 billion", "revenue_usd": 59001000000, "revenue": 59001000000.0, "revenue_currency": "USD", "revenue_year": "2020", "usd_rate": 1.0, "usd_rate_source": "European Central Bank euro reference rates, year average", "wikidata": "https://www.wikidata.org/wiki/Q230426", "hq": "Madrid; Zurich", "country": "Switzerland", "industry": "insurance", "employees": "52930", "founded": "1872-01-01", "website": "https://www.zurich.com/", "exchange": "Swiss Stock Exchange", "ceo": "Mario Greco"}}, {"type": "Feature", "geometry": {"type": "Point", "coordinates": [-95.383055555, 29.762777777]}, "properties": {"rank": 201, "name": "Enterprise Products", "revenue_in_dollars": "$58.2 billion", "revenue_usd": 58186000000, "revenue": 58186000000.0, "revenue_currency": "USD", "revenue_year": "2022", "usd_rate": 1.0, "usd_rate_source": "European Central Bank euro reference rates, year average", "wikidata": "https://www.wikidata.org/wiki/Q5380346", "hq": "Houston", "country": "United States", "industry": "petroleum industry", "founded": "1968-01-01", "website": "https://enterpriseproducts.com/", "exchange": "New York Stock Exchange"}}, {"type": "Feature", "geometry": {"type": "Point", "coordinates": [-87.8594086, 42.3171549]}, "properties": {"rank": 202, "name": "AbbVie", "revenue_in_dollars": "$58.1 billion", "revenue_usd": 58054000000, "revenue": 58054000000.0, "revenue_currency": "USD", "revenue_year": "2022", "usd_rate": 1.0, "usd_rate_source": "European Central Bank euro reference rates, year average", "wikidata": "https://www.wikidata.org/wiki/Q14662364", "hq": "North Chicago", "country": "United States", "industry": "biotechnology; pharmaceutical industry", "founded": "2012-04-10", "website": "http://www.abbvie.com", "exchange": "New York Stock Exchange", "ceo": "Richard A. Gonzalez; Robert A. Michael"}}, {"type": "Feature", "geometry": {"type": "Point", "coordinates": [2.337833, 48.871785]}, "properties": {"rank": 203, "name": "BNP Paribas", "revenue_in_dollars": "$57.8 billion", "revenue_usd": 57767834540, "revenue": 51223000000.0, "revenue_currency": "EUR", "revenue_year": "2025", "usd_rate": 0.8867045200428487, "usd_rate_source": "European Central Bank euro reference rates, year average", "wikidata": "https://www.wikidata.org/wiki/Q499707", "hq": "Paris", "country": "France", "industry": "other monetary intermediations", "employees": "180000", "founded": "1848-01-01", "website": "https://group.bnpparibas; https://group.bnpparibas/en/", "exchange": "Euronext Paris; London Stock Exchange", "ceo": "Jean-Laurent Bonnafé"}}, {"type": "Feature", "geometry": {"type": "Point", "coordinates": [13.29602, 47.79081]}, "properties": {"rank": 204, "name": "Red Bull GmbH", "revenue_in_dollars": "$57.5 billion", "revenue_usd": 57525546563, "revenue": 50440000000.0, "revenue_currency": "EUR", "revenue_year": "2020", "usd_rate": 0.876827827171967, "usd_rate_source": "European Central Bank euro reference rates, year average", "wikidata": "https://www.wikidata.org/wiki/Q698639", "hq": "Fuschl am See", "country": "Austria", "industry": "beverage industry; media industry", "employees": "11886; 12239; 15779; 17848", "founded": "1987-04-01", "website": "http://www.redbull.com"}}, {"type": "Feature", "geometry": {"type": "Point", "coordinates": [-122.266111111, 37.529444444]}, "properties": {"rank": 205, "name": "Oracle Corporation", "revenue_in_dollars": "$57.4 billion", "revenue_usd": 57399000000, "revenue": 57399000000.0, "revenue_currency": "USD", "revenue_year": "2024", "usd_rate": 1.0, "usd_rate_source": "European Central Bank euro reference rates, year average", "wikidata": "https://www.wikidata.org/wiki/Q19900", "hq": "Austin; Redwood Shores", "country": "United States", "industry": "information technology consulting; software development", "employees": "162000", "founded": "1977-06-16", "website": "https://www.oracle.com/", "exchange": "New York Stock Exchange"}}, {"type": "Feature", "geometry": {"type": "Point", "coordinates": [113.28492, 22.7957]}, "properties": {"rank": 206, "name": "Country Garden", "revenue_in_dollars": "$57.3 billion", "revenue_usd": 57273962124, "revenue": 379079000000.0, "revenue_currency": "CNY", "revenue_year": "2018", "usd_rate": 6.618696977563048, "usd_rate_source": "European Central Bank euro reference rates, year average", "wikidata": "https://www.wikidata.org/wiki/Q5177291", "hq": "Shunde District", "country": "People's Republic of China", "industry": "real estate development", "employees": "70000", "founded": "1992-01-01", "website": "http://www.countrygarden.com.cn/", "exchange": "Hong Kong Stock Exchange"}}, {"type": "Feature", "geometry": {"type": "Point", "coordinates": [-84.247222222, 43.615555555]}, "properties": {"rank": 207, "name": "Dow Inc.", "revenue_in_dollars": "$56.9 billion", "revenue_usd": 56902000000, "revenue": 56902000000.0, "revenue_currency": "USD", "revenue_year": "2022", "usd_rate": 1.0, "usd_rate_source": "European Central Bank euro reference rates, year average", "wikidata": "https://www.wikidata.org/wiki/Q62739842", "hq": "Midland", "country": "United States", "industry": "chemical industry", "founded": "2019-01-01", "website": "https://www.dow.com", "exchange": "New York Stock Exchange"}}, {"type": "Feature", "geometry": {"type": "Point", "coordinates": [-2.935, 43.263055555]}, "properties": {"rank": 208, "name": "Iberdrola", "revenue_in_dollars": "$56.7 billion", "revenue_usd": 56682578670, "revenue": 53949000000.0, "revenue_currency": "EUR", "revenue_year": "2022", "usd_rate": 0.951773918298884, "usd_rate_source": "European Central Bank euro reference rates, year average", "wikidata": "https://www.wikidata.org/wiki/Q1437502", "hq": "Bilbao", "country": "Spain", "industry": "electricity generation; electricity supply company", "employees": "40721", "founded": "1992-11-01", "website": "https://www.iberdrola.com", "exchange": "Madrid Stock Exchange", "ceo": "Pedro Azagra Blázquez"}}, {"type": "Feature", "geometry": {"type": "Point", "coordinates": [-121.951, 37.4091]}, "properties": {"rank": 209, "name": "Cisco", "revenue_in_dollars": "$56.7 billion", "revenue_usd": 56654000000, "revenue": 56654000000.0, "revenue_currency": "USD", "revenue_year": "2025", "usd_rate": 1.0, "usd_rate_source": "European Central Bank euro reference rates, year average", "wikidata": "https://www.wikidata.org/wiki/Q173395", "hq": "San Jose", "country": "United States", "industry": "infrastructure platform; networking hardware; telecommunications industry", "employees": "66639; 75900; 77500; 79500; 86200", "founded": "1984-01-01; 2021-01-01", "website": "https://www.cisco.com/", "exchange": "Hong Kong Stock Exchange; Nasdaq", "ceo": "Chuck Robbins; John Chambers; John Morgridge"}}, {"type": "Feature", "geometry": {"type": "Point", "coordinates": [-74.006111111, 40.712777777]}, "properties": {"rank": 210, "name": "American International Group", "revenue_in_dollars": "$56.4 billion", "revenue_usd": 56437000000, "revenue": 56437000000.0, "revenue_currency": "USD", "revenue_year": "2022", "usd_rate": 1.0, "usd_rate_source": "European Central Bank euro reference rates, year average", "wikidata": "https://www.wikidata.org/wiki/Q212235", "hq": "New York City", "country": "United States", "industry": "financial services", "employees": "26200", "founded": "1919-01-01", "website": "https://www.aig.com", "exchange": "New York Stock Exchange", "ceo": "Peter Zaffino"}}, {"type": "Feature", "geometry": {"type": "Point", "coordinates": [116.96833, 33.63328]}, "properties": {"rank": 211, "name": "Hengli Group", "revenue_in_dollars": "$56.2 billion", "revenue_usd": 56164553425, "revenue": 371736160000.0, "revenue_currency": "CNY", "revenue_year": "2018", "usd_rate": 6.618696977563048, "usd_rate_source": "European Central Bank euro reference rates, year average", "wikidata": "https://www.wikidata.org/wiki/Q70822135", "hq": "Suzhou", "country": "People's Republic of China", "industry": "chemical industry", "employees": "63420", "founded": "1994-01-01", "website": "https://www.hengli.com/"}}, {"type": "Feature", "geometry": {"type": "Point", "coordinates": [-74.519, 40.6346]}, "properties": {"rank": 212, "name": "Chubb Corp.", "revenue_in_dollars": "$55.8 billion", "revenue_usd": 55753000000, "revenue": 55753000000.0, "revenue_currency": "USD", "revenue_year": "2024", "usd_rate": 1.0, "usd_rate_source": "European Central Bank euro reference rates, year average", "wikidata": "https://www.wikidata.org/wiki/Q1089060", "hq": "Warren", "country": "Switzerland", "industry": "insurance", "founded": "1882-01-01", "website": "http://www.chubb.com/", "exchange": "New York Stock Exchange"}}, {"type": "Feature", "geometry": {"type": "Point", "coordinates": [13.375, 52.509722]}, "properties": {"rank": 213, "name": "Deutsche Bahn", "revenue_in_dollars": "$55.6 billion", "revenue_usd": 55645361423, "revenue": 47075000000.0, "revenue_currency": "EUR", "revenue_year": "2021", "usd_rate": 0.8459824645982237, "usd_rate_source": "European Central Bank euro reference rates, year average", "wikidata": "https://www.wikidata.org/wiki/Q9322", "hq": "BahnTower; Berlin; Hauptverwaltung Deutsche Bahn AG (Frankfurt am Main)", "country": "Germany", "industry": "business and other management consulting; logistics; rail transport", "employees": "336990", "founded": "1994-01-01", "website": "https://www.deutschebahn.com/", "parent": "Germany"}}, {"type": "Feature", "geometry": {"type": "Point", "coordinates": [114.054444444, 22.546666666]}, "properties": {"rank": 214, "name": "China Merchants Bank", "revenue_in_dollars": "$55.2 billion", "revenue_usd": 55244710740, "revenue": 365648000000.0, "revenue_currency": "CNY", "revenue_year": "2018", "usd_rate": 6.618696977563048, "usd_rate_source": "European Central Bank euro reference rates, year average", "wikidata": "https://www.wikidata.org/wiki/Q1073327", "hq": "Shenzhen", "country": "People's Republic of China", "industry": "bank", "founded": "1987-04-08", "website": "https://www.cmbchina.com", "exchange": "Hong Kong Stock Exchange; Shanghai Stock Exchange"}}, {"type": "Feature", "geometry": {"type": "Point", "coordinates": [113.26, 23.13]}, "properties": {"rank": 215, "name": "Guangzhou Automobile Industry Group", "revenue_in_dollars": "$55.0 billion", "revenue_usd": 55003821936, "revenue": 364053630000.0, "revenue_currency": "CNY", "revenue_year": "2018", "usd_rate": 6.618696977563048, "usd_rate_source": "European Central Bank euro reference rates, year average", "wikidata": "https://www.wikidata.org/wiki/Q15807676", "hq": "Guangzhou", "country": "People's Republic of China", "industry": "automotive industry", "founded": "2000-01-01", "website": "http://www.gagc.com.cn/"}}, {"type": "Feature", "geometry": {"type": "Point", "coordinates": [-84.1804, 43.606]}, "properties": {"rank": 216, "name": "Dow Chemical Company", "revenue_in_dollars": "$55.0 billion", "revenue_usd": 54968000000, "revenue": 54968000000.0, "revenue_currency": "USD", "revenue_year": "2021", "usd_rate": 1.0, "usd_rate_source": "European Central Bank euro reference rates, year average", "wikidata": "https://www.wikidata.org/wiki/Q855639", "hq": "Midland", "country": "United States", "industry": "chemical industry", "founded": "1897-01-01", "website": "http://www.dow.com", "exchange": "New York Stock Exchange", "parent": "Dow Inc.; DuPont", "ceo": "Jim Fitterling"}}, {"type": "Feature", "geometry": {"type": "Point", "coordinates": [-82.013055555, 28.004166666]}, "properties": {"rank": 217, "name": "Publix", "revenue_in_dollars": "$54.9 billion", "revenue_usd": 54942000000, "revenue": 54942000000.0, "revenue_currency": "USD", "revenue_year": "2022", "usd_rate": 1.0, "usd_rate_source": "European Central Bank euro reference rates, year average", "wikidata": "https://www.wikidata.org/wiki/Q672170", "hq": "Lakeland", "country": "United States", "industry": "retail", "founded": "1921-12-27", "website": "https://corporate.publix.com/", "exchange": "OTCBB"}}, {"type": "Feature", "geometry": {"type": "Point", "coordinates": [-95.6177, 29.7872]}, "properties": {"rank": 218, "name": "ConocoPhillips", "revenue_in_dollars": "$54.7 billion", "revenue_usd": 54745000000, "revenue": 54745000000.0, "revenue_currency": "USD", "revenue_year": "2024", "usd_rate": 1.0, "usd_rate_source": "European Central Bank euro reference rates, year average", "wikidata": "https://www.wikidata.org/wiki/Q214763", "hq": "Houston", "country": "United States", "industry": "petroleum industry", "employees": "10800", "founded": "1875-01-01", "website": "https://www.conocophillips.com/", "exchange": "New York Stock Exchange", "ceo": "Ryan Lance"}}, {"type": "Feature", "geometry": {"type": "Point", "coordinates": [11.418035, 48.783328]}, "properties": {"rank": 219, "name": "Audi AG", "revenue_in_dollars": "$54.6 billion", "revenue_usd": 54622261354, "revenue": 48800000000.0, "revenue_currency": "EUR", "revenue_year": "2019", "usd_rate": 0.8934086357860243, "usd_rate_source": "European Central Bank euro reference rates, year average", "wikidata": "https://www.wikidata.org/wiki/Q23317", "hq": "Ingolstadt", "country": "Germany", "industry": "automotive industry", "employees": "84435", "founded": "1909-01-01", "website": "https://www.audi.co.za/; https://www.audi.com; https://www.audi.de/; https://www.audi.fr/", "exchange": "Frankfurt Stock Exchange", "parent": "Volkswagen Group", "ceo": "Gernot Döllner"}}, {"type": "Feature", "geometry": {"type": "Point", "coordinates": [-94.153888888, 36.153611111]}, "properties": {"rank": 220, "name": "Tyson Foods", "revenue_in_dollars": "$54.4 billion", "revenue_usd": 54400000000, "revenue": 54400000000.0, "revenue_currency": "USD", "revenue_year": "2025", "usd_rate": 1.0, "usd_rate_source": "European Central Bank euro reference rates, year average", "wikidata": "https://www.wikidata.org/wiki/Q1325987", "hq": "Springdale", "country": "United States", "industry": "agriculture; meatpacking industry", "employees": "133000", "founded": "1935-01-01", "website": "http://www.tyson.com", "exchange": "New York Stock Exchange"}}, {"type": "Feature", "geometry": {"type": "Point", "coordinates": [5.365805555, 43.315038888]}, "properties": {"rank": 221, "name": "CMA CGM", "revenue_in_dollars": "$54.4 billion", "revenue_usd": 54380000000, "revenue": 54380000000.0, "revenue_currency": "USD", "revenue_year": "2025", "usd_rate": 1.0, "usd_rate_source": "European Central Bank euro reference rates, year average", "wikidata": "https://www.wikidata.org/wiki/Q1023867", "hq": "CMA CGM Tower; Marseille", "country": "France", "industry": "maritime and coastal freight transport", "employees": "110000", "founded": "1978-01-01; 1999-01-01", "website": "https://www.cma-cgm.com/; https://www.cma-cgm.fr; https://www.cmacgm-group.com"}}, {"type": "Feature", "geometry": {"type": "Point", "coordinates": [-73.552222222, 41.096666666]}, "properties": {"rank": 222, "name": "Charter Communications", "revenue_in_dollars": "$54.0 billion", "revenue_usd": 54022000000, "revenue": 54022000000.0, "revenue_currency": "USD", "revenue_year": "2022", "usd_rate": 1.0, "usd_rate_source": "European Central Bank euro reference rates, year average", "wikidata": "https://www.wikidata.org/wiki/Q2961234", "hq": "Stamford", "country": "United States", "industry": "telecommunications industry", "founded": "1993-01-01", "website": "http://www.charter.com; https://www.spectrum.com/", "exchange": "Nasdaq"}}, {"type": "Feature", "geometry": {"type": "Point", "coordinates": [-81.381666666, 19.296388888]}, "properties": {"rank": 223, "name": "PDD Holdings", "revenue_in_dollars": "$54.0 billion", "revenue_usd": 53955324000, "revenue": 53955324000.0, "revenue_currency": "USD", "revenue_year": "2024", "usd_rate": 1.0, "usd_rate_source": "European Central Bank euro reference rates, year average", "wikidata": "https://www.wikidata.org/wiki/Q124461238", "hq": "Dublin; George Town", "country": "Cayman Islands; Ireland", "industry": "e-commerce", "employees": "12992", "founded": "2018-01-01", "website": "https://www.pddholdings.com/", "exchange": "New York Stock Exchange"}}, {"type": "Feature", "geometry": {"type": "Point", "coordinates": [-122.147, 37.4139]}, "properties": {"rank": 224, "name": "HP Inc.", "revenue_in_dollars": "$53.6 billion", "revenue_usd": 53559000000, "revenue": 53559000000.0, "revenue_currency": "USD", "revenue_year": "2024", "usd_rate": 1.0, "usd_rate_source": "European Central Bank euro reference rates, year average", "wikidata": "https://www.wikidata.org/wiki/Q21404084", "hq": "Palo Alto", "country": "United States", "industry": "computer hardware industry; information and communications industry; information technology industry; software industry", "employees": "48000", "founded": "2015-11-01", "website": "https://www.hp.com/", "exchange": "New York Stock Exchange", "ceo": "Enrique Lores"}}, {"type": "Feature", "geometry": {"type": "Point", "coordinates": [-122.147, 37.4139]}, "properties": {"rank": 225, "name": "Hewlett-Packard", "revenue_in_dollars": "$53.6 billion", "revenue_usd": 53559000000, "revenue": 53559000000.0, "revenue_currency": "USD", "revenue_year": "2024", "usd_rate": 1.0, "usd_rate_source": "European Central Bank euro reference rates, year average", "wikidata": "https://www.wikidata.org/wiki/Q80978", "hq": "Palo Alto", "country": "United States", "industry": "computer hardware industry; information and communications industry; information technology industry; software industry", "employees": "302000; 48000", "founded": "1939-07-02", "website": "https://www.hp.com/", "exchange": "New York Stock Exchange", "ceo": "Enrique Lores"}}, {"type": "Feature", "geometry": {"type": "Point", "coordinates": [121.469166666, 31.2325]}, "properties": {"rank": 226, "name": "China Pacific Insurance", "revenue_in_dollars": "$53.5 billion", "revenue_usd": 53539692360, "revenue": 354363000000.0, "revenue_currency": "CNY", "revenue_year": "2018", "usd_rate": 6.618696977563048, "usd_rate_source": "European Central Bank euro reference rates, year average", "wikidata": "https://www.wikidata.org/wiki/Q1003813", "hq": "Shanghai", "country": "People's Republic of China", "industry": "financial services", "founded": "1991-01-01", "website": "https://www.cpic.com.cn/", "exchange": "Hong Kong Stock Exchange; Shanghai Stock Exchange"}}, {"type": "Feature", "geometry": {"type": "Point", "coordinates": [-74.006111111, 40.712777777]}, "properties": {"rank": 227, "name": "Goldman Sachs", "revenue_in_dollars": "$53.5 billion", "revenue_usd": 53512000000, "revenue": 53512000000.0, "revenue_currency": "USD", "revenue_year": "2024", "usd_rate": 1.0, "usd_rate_source": "European Central Bank euro reference rates, year average", "wikidata": "https://www.wikidata.org/wiki/Q193326", "hq": "200 West Street; New York City", "country": "United States", "industry": "International Standard Industrial Classification; financial sector; financial service activities, except insurance and pension funding; financial services", "employees": "34000; 34400", "founded": "1869-01-01", "website": "https://www.goldmansachs.com/", "exchange": "New York Stock Exchange", "ceo": "David M. Solomon"}}, {"type": "Feature", "geometry": {"type": "Point", "coordinates": [-83.00268, 39.967893]}, "properties": {"rank": 228, "name": "Nationwide Mutual Insurance Company", "revenue_in_dollars": "$52.9 billion", "revenue_usd": 52900000000, "revenue": 52900000000.0, "revenue_currency": "USD", "revenue_year": "2021", "usd_rate": 1.0, "usd_rate_source": "European Central Bank euro reference rates, year average", "wikidata": "https://www.wikidata.org/wiki/Q6979886", "hq": "One Nationwide Plaza", "country": "United States", "industry": "financial services", "founded": "1926-01-01", "website": "https://www.nationwide.com/"}}, {"type": "Feature", "geometry": {"type": "Point", "coordinates": [-121.964, 37.3881]}, "properties": {"rank": 229, "name": "Intel", "revenue_in_dollars": "$52.9 billion", "revenue_usd": 52853000000, "revenue": 52853000000.0, "revenue_currency": "USD", "revenue_year": "2025", "usd_rate": 1.0, "usd_rate_source": "European Central Bank euro reference rates, year average", "wikidata": "https://www.wikidata.org/wiki/Q248", "hq": "Santa Clara", "country": "United States", "industry": "electrical industry; semiconductor industry", "employees": "121100", "founded": "1968-07-18", "website": "https://www.intel.com", "exchange": "Hong Kong Stock Exchange; Nasdaq", "ceo": "Andrew Grove; Bob Swan; Brian Krzanich; Craig R. Barrett; Gordon Moore; Michelle Johnston Holthaus; Pat Gelsinger; Paul Otellini; Robert Noyce"}}, {"type": "Feature", "geometry": {"type": "Point", "coordinates": [-97.3325, 32.756388888]}, "properties": {"rank": 230, "name": "American Airlines Group", "revenue_in_dollars": "$52.8 billion", "revenue_usd": 52800000000, "revenue": 52800000000.0, "revenue_currency": "USD", "revenue_year": "2023", "usd_rate": 1.0, "usd_rate_source": "European Central Bank euro reference rates, year average", "wikidata": "https://www.wikidata.org/wiki/Q4742937", "hq": "Fort Worth", "country": "United States", "industry": "air transport; aviation", "employees": "132100", "founded": "2013-12-09", "website": "https://www.aa.com/", "exchange": "Nasdaq", "ceo": "Doug Parker"}}, {"type": "Feature", "geometry": {"type": "Point", "coordinates": [121.469166666, 31.2325]}, "properties": {"rank": 231, "name": "Greenland Holdings Corp., Ltd.", "revenue_in_dollars": "$52.6 billion", "revenue_usd": 52642757507, "revenue": 348426460000.0, "revenue_currency": "CNY", "revenue_year": "2018", "usd_rate": 6.618696977563048, "usd_rate_source": "European Central Bank euro reference rates, year average", "wikidata": "https://www.wikidata.org/wiki/Q15902946", "hq": "Shanghai", "founded": "1992-07-18", "website": "http://www.greenlandsc.com", "exchange": "Shanghai Stock Exchange"}}, {"type": "Feature", "geometry": {"type": "Point", "coordinates": [2.240833333, 48.891666666]}, "properties": {"rank": 232, "name": "Saint-Gobain", "revenue_in_dollars": "$51.8 billion", "revenue_usd": 51828364576, "revenue": 47944000000.0, "revenue_currency": "EUR", "revenue_year": "2023", "usd_rate": 0.9250533060935588, "usd_rate_source": "European Central Bank euro reference rates, year average", "wikidata": "https://www.wikidata.org/wiki/Q678565", "hq": "La Défense; Tour Saint-Gobain", "country": "France", "industry": "activities of head offices; chemical industry; glass production", "employees": "161668; 171000", "founded": "1665-01-01", "website": "https://www.saint-gobain.com/", "exchange": "Euronext Paris", "ceo": "Benoit Bazin"}}, {"type": "Feature", "geometry": {"type": "Point", "coordinates": [-0.1275, 51.507222222]}, "properties": {"rank": 233, "name": "Vodafone", "revenue_in_dollars": "$51.8 billion", "revenue_usd": 51784761308, "revenue": 43809000000.0, "revenue_currency": "EUR", "revenue_year": "2021", "usd_rate": 0.8459824645982237, "usd_rate_source": "European Central Bank euro reference rates, year average", "wikidata": "https://www.wikidata.org/wiki/Q122141", "hq": "London; Newbury", "country": "United Kingdom", "industry": "telecommunications industry", "employees": "105300; 107667; 108271; 96506", "founded": "1984-07-17", "website": "https://www.vodafone.com/", "exchange": "London Stock Exchange; Nasdaq", "ceo": "Arun Sarin; Nick Read"}}, {"type": "Feature", "geometry": {"type": "Point", "coordinates": [-90.4258, 41.4765]}, "properties": {"rank": 234, "name": "Deere & Company", "revenue_in_dollars": "$51.7 billion", "revenue_usd": 51716000000, "revenue": 51716000000.0, "revenue_currency": "USD", "revenue_year": "2024", "usd_rate": 1.0, "usd_rate_source": "European Central Bank euro reference rates, year average", "wikidata": "https://www.wikidata.org/wiki/Q496302", "hq": "Moline", "country": "United States", "industry": "manufacture of machinery and equipment", "employees": "67000", "founded": "1837-01-01; 1868-01-01", "website": "https://www.deere.com/", "exchange": "New York Stock Exchange", "ceo": "Charles Deere Wiman; John May"}}, {"type": "Feature", "geometry": {"type": "Point", "coordinates": [6.982517222, 51.013519722]}, "properties": {"rank": 235, "name": "Bayer", "revenue_in_dollars": "$51.5 billion", "revenue_usd": 51496491809, "revenue": 47637000000.0, "revenue_currency": "EUR", "revenue_year": "2023", "usd_rate": 0.9250533060935588, "usd_rate_source": "European Central Bank euro reference rates, year average", "wikidata": "https://www.wikidata.org/wiki/Q152051", "hq": "Leverkusen", "country": "Germany", "industry": "chemical industry; pharmaceutical industry; phytopharmaceuticals; plastic", "employees": "92815", "founded": "1863-01-01", "website": "https://bayer.com", "exchange": "Frankfurt Stock Exchange; Italian Stock Exchange", "ceo": "Bill Anderson; Werner Baumann"}}, {"type": "Feature", "geometry": {"type": "Point", "coordinates": [-87.876, 42.1062]}, "properties": {"rank": 236, "name": "Allstate", "revenue_in_dollars": "$51.4 billion", "revenue_usd": 51412000000, "revenue": 51412000000.0, "revenue_currency": "USD", "revenue_year": "2022", "usd_rate": 1.0, "usd_rate_source": "European Central Bank euro reference rates, year average", "wikidata": "https://www.wikidata.org/wiki/Q2645636", "hq": "Northbrook", "country": "United States", "industry": "insurance", "founded": "1931-04-17", "website": "https://www.allstate.com/", "exchange": "New York Stock Exchange", "parent": "Sears", "ceo": "Tom Wilson"}}, {"type": "Feature", "geometry": {"type": "Point", "coordinates": [51.389722222, 35.688888888]}, "properties": {"rank": 237, "name": "National Iranian Oil Company", "revenue_in_dollars": "$51.0 billion", "revenue_usd": 51000000000, "revenue": 51000000000.0, "revenue_currency": "USD", "revenue_year": "2007", "usd_rate": 1.0, "usd_rate_source": "European Central Bank euro reference rates, year average", "wikidata": "https://www.wikidata.org/wiki/Q593733", "hq": "Tehran", "country": "Iran", "industry": "petroleum industry", "founded": "1951-04-30", "website": "http://en.nioc.ir/Portal/Home/", "exchange": "Tehran Stock Exchange"}}, {"type": "Feature", "geometry": {"type": "Point", "coordinates": [-46.633947222, -23.550394444]}, "properties": {"rank": 238, "name": "Itaú Unibanco", "revenue_in_dollars": "$50.9 billion", "revenue_usd": 50920000000, "revenue": 50920000000.0, "revenue_currency": "USD", "revenue_year": "2016", "usd_rate": 1.0, "usd_rate_source": "European Central Bank euro reference rates, year average", "wikidata": "https://www.wikidata.org/wiki/Q1424293", "hq": "São Paulo", "country": "Brazil", "industry": "economics of banking; financial sector; financial services", "employees": "96219", "founded": "2008-01-01", "website": "https://www.itau.com.br", "exchange": "New York Stock Exchange; São Paulo Stock Exchange", "parent": "Itaúsa"}}, {"type": "Feature", "geometry": {"type": "Point", "coordinates": [114.51, 38.0425]}, "properties": {"rank": 239, "name": "HBIS Group", "revenue_in_dollars": "$50.9 billion", "revenue_usd": 50889770470, "revenue": 336823970000.0, "revenue_currency": "CNY", "revenue_year": "2018", "usd_rate": 6.618696977563048, "usd_rate_source": "European Central Bank euro reference rates, year average", "wikidata": "https://www.wikidata.org/wiki/Q675867", "hq": "Shijiazhuang", "country": "People's Republic of China", "industry": "iron and steel industry", "employees": "48101", "founded": "2008-01-01", "website": "https://www.hbisco.com/"}}, {"type": "Feature", "geometry": {"type": "Point", "coordinates": [139.753611111, 35.693944444]}, "properties": {"rank": 240, "name": "Idemitsu Kosan", "revenue_in_dollars": "$50.8 billion", "revenue_usd": 50830504263, "revenue": 6686761000000.0, "revenue_currency": "JPY", "revenue_year": "2022", "usd_rate": 131.55016061506493, "usd_rate_source": "European Central Bank euro reference rates, year average", "wikidata": "https://www.wikidata.org/wiki/Q2216770", "hq": "Chiyoda", "country": "Japan", "industry": "petroleum industry", "founded": "1911-01-01; 1940-01-01", "website": "https://www.idemitsu.com/jp/", "exchange": "Tokyo Stock Exchange"}}, {"type": "Feature", "geometry": {"type": "Point", "coordinates": [116.407526, 39.90403]}, "properties": {"rank": 241, "name": "Lenovo", "revenue_in_dollars": "$50.7 billion", "revenue_usd": 50710000000, "revenue": 50710000000.0, "revenue_currency": "USD", "revenue_year": "2020", "usd_rate": 1.0, "usd_rate_source": "European Central Bank euro reference rates, year average", "wikidata": "https://www.wikidata.org/wiki/Q14799", "hq": "Beijing", "country": "People's Republic of China", "industry": "computer hardware industry; electronics", "employees": "77000", "founded": "1984-01-01", "website": "https://www.lenovo.com/", "exchange": "Hong Kong Stock Exchange", "ceo": "Yang Yuanqing"}}, {"type": "Feature", "geometry": {"type": "Point", "coordinates": [-95.383055555, 29.762777777]}, "properties": {"rank": 242, "name": "LyondellBasell", "revenue_in_dollars": "$50.5 billion", "revenue_usd": 50451000000, "revenue": 50451000000.0, "revenue_currency": "USD", "revenue_year": "2022", "usd_rate": 1.0, "usd_rate_source": "European Central Bank euro reference rates, year average", "wikidata": "https://www.wikidata.org/wiki/Q899255", "hq": "Houston", "country": "Netherlands", "founded": "1985-01-01", "website": "https://www.lyondellbasell.com/", "exchange": "New York Stock Exchange"}}, {"type": "Feature", "geometry": {"type": "Point", "coordinates": [-71.416666666, 42.279166666]}, "properties": {"rank": 243, "name": "TJX Companies", "revenue_in_dollars": "$49.9 billion", "revenue_usd": 49936000000, "revenue": 49936000000.0, "revenue_currency": "USD", "revenue_year": "2022", "usd_rate": 1.0, "usd_rate_source": "European Central Bank euro reference rates, year average", "wikidata": "https://www.wikidata.org/wiki/Q1285819", "hq": "Framingham", "country": "United States", "industry": "retail", "founded": "1956-01-01", "website": "http://www.tjx.com/", "exchange": "New York Stock Exchange", "ceo": "Carol Meyrowitz"}}, {"type": "Feature", "geometry": {"type": "Point", "coordinates": [114.158611111, 22.278333333]}, "properties": {"rank": 244, "name": "CNOOC Limited", "revenue_in_dollars": "$49.8 billion", "revenue_usd": 49800000000, "revenue": 49800000000.0, "revenue_currency": "USD", "revenue_year": "2024", "usd_rate": 1.0, "usd_rate_source": "European Central Bank euro reference rates, year average", "wikidata": "https://www.wikidata.org/wiki/Q795221", "hq": "Hong Kong", "country": "People's Republic of China", "industry": "petroleum industry", "founded": "1999-08-01", "website": "http://www.cnoocltd.com/", "exchange": "Hong Kong Stock Exchange; New York Stock Exchange; Toronto Stock Exchange", "parent": "China National Offshore Oil Corporation"}}, {"type": "Feature", "geometry": {"type": "Point", "coordinates": [120.15, 30.266666666]}, "properties": {"rank": 245, "name": "Geely Auto", "revenue_in_dollars": "$49.7 billion", "revenue_usd": 49665000000, "revenue": 49665000000.0, "revenue_currency": "USD", "revenue_year": "2019", "usd_rate": 1.0, "usd_rate_source": "European Central Bank euro reference rates, year average", "wikidata": "https://www.wikidata.org/wiki/Q55118127", "hq": "Hangzhou; Zhejiang", "country": "Hong Kong; People's Republic of China", "industry": "automotive industry", "employees": "124846", "founded": "1986-01-01", "website": "https://www.geely.com", "exchange": "Hong Kong Stock Exchange"}}, {"type": "Feature", "geometry": {"type": "Point", "coordinates": [55.309444444, 25.269722222]}, "properties": {"rank": 246, "name": "Dubai Investment Fund", "revenue_in_dollars": "$49.2 billion", "revenue_usd": 49200000000, "revenue": 49200000000.0, "revenue_currency": "USD", "revenue_year": "2022", "usd_rate": 1.0, "usd_rate_source": "European Central Bank euro reference rates, year average", "wikidata": "https://www.wikidata.org/wiki/Q114877710", "hq": "Dubai", "country": "United Arab Emirates", "industry": "financial services", "employees": "2600", "founded": "2001-01-01", "website": "https://www.dif.ae/"}}, {"type": "Feature", "geometry": {"type": "Point", "coordinates": [2.3825, 48.911111111]}, "properties": {"rank": 247, "name": "Veolia", "revenue_in_dollars": "$49.0 billion", "revenue_usd": 49025282869, "revenue": 45351000000.0, "revenue_currency": "EUR", "revenue_year": "2023", "usd_rate": 0.9250533060935588, "usd_rate_source": "European Central Bank euro reference rates, year average", "wikidata": "https://www.wikidata.org/wiki/Q1632461", "hq": "Aubervilliers; Libourne", "country": "France", "industry": "Q112166112; waste management; water supply", "employees": "220000", "founded": "1853-01-01", "website": "http://www.veolia.com/", "exchange": "Euronext Paris"}}, {"type": "Feature", "geometry": {"type": "Point", "coordinates": [2.353888888, 48.935555555]}, "properties": {"rank": 248, "name": "Société nationale des chemins de fer français", "revenue_in_dollars": "$48.5 billion", "revenue_usd": 48484020357, "revenue": 42991000000.0, "revenue_currency": "EUR", "revenue_year": "2025", "usd_rate": 0.8867045200428487, "usd_rate_source": "European Central Bank euro reference rates, year average", "wikidata": "https://www.wikidata.org/wiki/Q13646", "hq": "Paris; Saint-Denis", "country": "France", "industry": "Q112165839; rail transport industry", "founded": "1938-01-01", "website": "https://www.groupe-sncf.com/"}}, {"type": "Feature", "geometry": {"type": "Point", "coordinates": [-71.057777777, 42.360277777]}, "properties": {"rank": 249, "name": "Liberty Mutual Insurance", "revenue_in_dollars": "$48.2 billion", "revenue_usd": 48200000000, "revenue": 48200000000.0, "revenue_currency": "USD", "revenue_year": "2021", "usd_rate": 1.0, "usd_rate_source": "European Central Bank euro reference rates, year average", "wikidata": "https://www.wikidata.org/wiki/Q1516450", "hq": "Boston", "country": "United States", "industry": "insurance", "founded": "1912-01-01", "website": "https://www.libertymutualgroup.com"}}, {"type": "Feature", "geometry": {"type": "Point", "coordinates": [126.99, 37.56]}, "properties": {"rank": 250, "name": "LG Electronics", "revenue_in_dollars": "$48.2 billion", "revenue_usd": 48200000000, "revenue": 48200000000.0, "revenue_currency": "USD", "revenue_year": "2010", "usd_rate": 1.0, "usd_rate_source": "European Central Bank euro reference rates, year average", "wikidata": "https://www.wikidata.org/wiki/Q162345", "hq": "Seoul", "country": "South Korea", "industry": "retail industry; wholesale trade (business-to-business) of household appliances", "employees": "90578", "founded": "1958-10-01", "website": "https://lg.com/de; https://lg.com/global/; https://live.lge.co.kr/; https://www.lge.co.kr/; https://www.lgservice.co.kr", "exchange": "Korean Stock Exchange; London Stock Exchange", "parent": "LG Group"}}, {"type": "Feature", "geometry": {"type": "Point", "coordinates": [8.437147541, 49.006275096]}, "properties": {"rank": 251, "name": "EnBW", "revenue_in_dollars": "$48.0 billion", "revenue_usd": 48030421282, "revenue": 44430700000.0, "revenue_currency": "EUR", "revenue_year": "2023", "usd_rate": 0.9250533060935588, "usd_rate_source": "European Central Bank euro reference rates, year average", "wikidata": "https://www.wikidata.org/wiki/Q644304", "hq": "Karlsruhe", "country": "Germany", "industry": "energy industry; energy supply", "employees": "27899", "founded": "1997-01-01", "website": "https://www.enbw.com", "exchange": "Frankfurt Stock Exchange"}}, {"type": "Feature", "geometry": {"type": "Point", "coordinates": [-81.24, 19.33]}, "properties": {"rank": 252, "name": "Tencent", "revenue_in_dollars": "$47.2 billion", "revenue_usd": 47244042303, "revenue": 312694000000.0, "revenue_currency": "CNY", "revenue_year": "2018", "usd_rate": 6.618696977563048, "usd_rate_source": "European Central Bank euro reference rates, year average", "wikidata": "https://www.wikidata.org/wiki/Q860580", "hq": "Grand Cayman; Maling", "country": "People's Republic of China", "industry": "information technology; video game industry", "employees": "62885", "founded": "1998-11-12", "website": "https://www.tencent.com/", "exchange": "Hong Kong Stock Exchange", "ceo": "Ma Huateng"}}, {"type": "Feature", "geometry": {"type": "Point", "coordinates": [120.55123, 31.87748]}, "properties": {"rank": 253, "name": "Shagang Group", "revenue_in_dollars": "$47.1 billion", "revenue_usd": 47072200000, "revenue": 47072200000.0, "revenue_currency": "USD", "revenue_year": "2021", "usd_rate": 1.0, "usd_rate_source": "European Central Bank euro reference rates, year average", "wikidata": "https://www.wikidata.org/wiki/Q3138458", "hq": "Zhangjiagang", "country": "People's Republic of China", "industry": "iron and steel industry", "employees": "45398", "founded": "1975-01-01; 1992-10-13", "website": "http://www.sha-steel.com", "ceo": "Shen Bin"}}, {"type": "Feature", "geometry": {"type": "Point", "coordinates": [-84.396553, 33.771]}, "properties": {"rank": 254, "name": "The Coca-Cola Company", "revenue_in_dollars": "$47.1 billion", "revenue_usd": 47061000000, "revenue": 47061000000.0, "revenue_currency": "USD", "revenue_year": "2024", "usd_rate": 1.0, "usd_rate_source": "European Central Bank euro reference rates, year average", "wikidata": "https://www.wikidata.org/wiki/Q3295867", "hq": "Atlanta", "country": "United States", "industry": "beverage industry; fast-moving consumer goods", "employees": "69700", "founded": "1886-05-08", "website": "https://www.coca-colacompany.com/", "exchange": "New York Stock Exchange", "ceo": "James Quincey"}}, {"type": "Feature", "geometry": {"type": "Point", "coordinates": [-74.4233, 40.8596]}, "properties": {"rank": 255, "name": "PBF Energy", "revenue_in_dollars": "$46.8 billion", "revenue_usd": 46830300000, "revenue": 46830300000.0, "revenue_currency": "USD", "revenue_year": "2022", "usd_rate": 1.0, "usd_rate_source": "European Central Bank euro reference rates, year average", "wikidata": "https://www.wikidata.org/wiki/Q16979157", "hq": "Parsippany-Troy Hills", "country": "United States", "industry": "petroleum industry", "founded": "2008-01-01", "website": "http://www.pbfenergy.com/", "exchange": "New York Stock Exchange"}}, {"type": "Feature", "geometry": {"type": "Point", "coordinates": [-122.8299, 45.5093]}, "properties": {"rank": 256, "name": "Nike, Inc.", "revenue_in_dollars": "$46.7 billion", "revenue_usd": 46710000000, "revenue": 46710000000.0, "revenue_currency": "USD", "revenue_year": "2022", "usd_rate": 1.0, "usd_rate_source": "European Central Bank euro reference rates, year average", "wikidata": "https://www.wikidata.org/wiki/Q483915", "hq": "Beaverton", "country": "United States", "industry": "clothing industry; industry; retail", "employees": "76700", "founded": "1964-01-25", "website": "https://www.nike.com/", "exchange": "New York Stock Exchange", "ceo": "Elliott Hill"}}, {"type": "Feature", "geometry": {"type": "Point", "coordinates": [12.45488, 55.75444]}, "properties": {"rank": 257, "name": "Novo", "revenue_in_dollars": "$46.7 billion", "revenue_usd": 46702351232, "revenue": 309064000000.0, "revenue_currency": "DKK", "revenue_year": "2025", "usd_rate": 6.617739617948598, "usd_rate_source": "European Central Bank euro reference rates, year average", "wikidata": "https://www.wikidata.org/wiki/Q818846", "hq": "Bagsværd", "country": "Denmark", "industry": "pharmaceutical industry", "employees": "68794", "founded": "1923-01-01", "website": "https://www.novonordisk.com", "exchange": "Nasdaq Copenhagen A/S; New York Stock Exchange", "parent": "Novo Holdings", "ceo": "Mike Doustdar"}}, {"type": "Feature", "geometry": {"type": "Point", "coordinates": [-93.283333333, 44.883333333]}, "properties": {"rank": 258, "name": "Best Buy", "revenue_in_dollars": "$46.3 billion", "revenue_usd": 46298000000, "revenue": 46298000000.0, "revenue_currency": "USD", "revenue_year": "2022", "usd_rate": 1.0, "usd_rate_source": "European Central Bank euro reference rates, year average", "wikidata": "https://www.wikidata.org/wiki/Q533415", "hq": "Richfield", "country": "United States", "industry": "retail", "founded": "1966-08-22", "website": "https://www.bestbuy.com/", "exchange": "New York Stock Exchange", "ceo": "Hubert Joly"}}, {"type": "Feature", "geometry": {"type": "Point", "coordinates": [116.407526, 39.90403]}, "properties": {"rank": 259, "name": "China Poly Group Corporation", "revenue_in_dollars": "$46.2 billion", "revenue_usd": 46179180137, "revenue": 305646000000.0, "revenue_currency": "CNY", "revenue_year": "2018", "usd_rate": 6.618696977563048, "usd_rate_source": "European Central Bank euro reference rates, year average", "wikidata": "https://www.wikidata.org/wiki/Q5099859", "hq": "Beijing", "country": "People's Republic of China", "industry": "conglomerate", "founded": "1993-01-01", "website": "http://www.poly.com.cn/"}}, {"type": "Feature", "geometry": {"type": "Point", "coordinates": [-73.9723, 40.7577]}, "properties": {"rank": 260, "name": "Bristol-Myers Squibb", "revenue_in_dollars": "$46.2 billion", "revenue_usd": 46159000000, "revenue": 46159000000.0, "revenue_currency": "USD", "revenue_year": "2022", "usd_rate": 1.0, "usd_rate_source": "European Central Bank euro reference rates, year average", "wikidata": "https://www.wikidata.org/wiki/Q266423", "hq": "New York City", "country": "United States", "industry": "pharmaceutical industry", "employees": "30000", "founded": "1989-01-01", "website": "https://www.bms.com/", "exchange": "New York Stock Exchange", "ceo": "Giovanni Caforio"}}, {"type": "Feature", "geometry": {"type": "Point", "coordinates": [-99.203871666, 19.441275277]}, "properties": {"rank": 261, "name": "América Móvil", "revenue_in_dollars": "$46.0 billion", "revenue_usd": 45982953105, "revenue": 816012844000.0, "revenue_currency": "MXN", "revenue_year": "2023", "usd_rate": 17.745986042796282, "usd_rate_source": "European Central Bank euro reference rates, year average", "wikidata": "https://www.wikidata.org/wiki/Q482267", "hq": "Mexico City", "country": "Mexico", "industry": "mobile phone industry; telecommunications industry", "employees": "176083; 189448", "founded": "2000-09-01", "website": "http://www.americamovil.com/amx/en/", "exchange": "Madrid Stock Exchange; Mexican Stock Exchange; New York Stock Exchange", "ceo": "Daniel Hajj Aboumrad"}}, {"type": "Feature", "geometry": {"type": "Point", "coordinates": [2.269166666, 48.823055555]}, "properties": {"rank": 262, "name": "Orange", "revenue_in_dollars": "$45.6 billion", "revenue_usd": 45557453568, "revenue": 40396000000.0, "revenue_currency": "EUR", "revenue_year": "2025", "usd_rate": 0.8867045200428487, "usd_rate_source": "European Central Bank euro reference rates, year average", "wikidata": "https://www.wikidata.org/wiki/Q1431486", "hq": "Issy-les-Moulineaux", "country": "France", "industry": "Q112165959", "employees": "127000", "founded": "1988-01-01", "website": "https://www.orange.com/", "exchange": "Euronext Paris; New York Stock Exchange", "ceo": "Christel Heydemann"}}, {"type": "Feature", "geometry": {"type": "Point", "coordinates": [116.407526, 39.90403]}, "properties": {"rank": 263, "name": "Sinomach", "revenue_in_dollars": "$45.4 billion", "revenue_usd": 45396467162, "revenue": 300465460000.0, "revenue_currency": "CNY", "revenue_year": "2018", "usd_rate": 6.618696977563048, "usd_rate_source": "European Central Bank euro reference rates, year average", "wikidata": "https://www.wikidata.org/wiki/Q7524901", "hq": "Beijing", "country": "People's Republic of China", "founded": "1997-01-01", "website": "http://www.sinomach.com.cn/"}}, {"type": "Feature", "geometry": {"type": "Point", "coordinates": [-121.963916666, 37.256972222]}, "properties": {"rank": 264, "name": "Netflix, Inc.", "revenue_in_dollars": "$45.2 billion", "revenue_usd": 45183036000, "revenue": 45183036000.0, "revenue_currency": "USD", "revenue_year": "2025", "usd_rate": 1.0, "usd_rate_source": "European Central Bank euro reference rates, year average", "wikidata": "https://www.wikidata.org/wiki/Q116452644", "hq": "Los Gatos", "country": "United States", "industry": "DVD-by-mail; film distribution; film production; streaming media; television production", "employees": "11300", "founded": "1997-08-29", "website": "https://ir.netflix.net/", "exchange": "Nasdaq", "ceo": "Ted Sarandos"}}, {"type": "Feature", "geometry": {"type": "Point", "coordinates": [-74.006111111, 40.712777777]}, "properties": {"rank": 265, "name": "PricewaterhouseCoopers", "revenue_in_dollars": "$45.1 billion", "revenue_usd": 45142000000, "revenue": 45142000000.0, "revenue_currency": "USD", "revenue_year": "2021", "usd_rate": 1.0, "usd_rate_source": "European Central Bank euro reference rates, year average", "wikidata": "https://www.wikidata.org/wiki/Q488048", "hq": "London; Madrid; New York City", "country": "United Kingdom", "industry": "accounting services; audit; consultation; consulting company; management consulting industry", "employees": "195000; 250930; 295371", "founded": "1995-01-01", "website": "https://www.pwc.com/", "ceo": "Samuel DiPiazza"}}, {"type": "Feature", "geometry": {"type": "Point", "coordinates": [-86.158055555, 39.768611111]}, "properties": {"rank": 266, "name": "Eli Lilly and Company", "revenue_in_dollars": "$45.0 billion", "revenue_usd": 45042700000, "revenue": 45042700000.0, "revenue_currency": "USD", "revenue_year": "2024", "usd_rate": 1.0, "usd_rate_source": "European Central Bank euro reference rates, year average", "wikidata": "https://www.wikidata.org/wiki/Q632240", "hq": "Indianapolis", "country": "United States", "industry": "pharmaceutical industry", "employees": "38350", "founded": "1875-01-01; 1901-01-01", "website": "https://www.lilly.com/", "exchange": "New York Stock Exchange", "ceo": "David A. Ricks"}}, {"type": "Feature", "geometry": {"type": "Point", "coordinates": [-87.627777777, 41.881944444]}, "properties": {"rank": 267, "name": "United Airlines Holdings", "revenue_in_dollars": "$45.0 billion", "revenue_usd": 44955000000, "revenue": 44955000000.0, "revenue_currency": "USD", "revenue_year": "2022", "usd_rate": 1.0, "usd_rate_source": "European Central Bank euro reference rates, year average", "wikidata": "https://www.wikidata.org/wiki/Q871700", "hq": "77 West Wacker Drive; Chicago", "country": "United States", "industry": "air transport", "founded": "1968-12-30", "website": "https://ir.united.com", "exchange": "New York Stock Exchange"}}, {"type": "Feature", "geometry": {"type": "Point", "coordinates": [114.054444444, 22.546666666]}, "properties": {"rank": 268, "name": "Vanke", "revenue_in_dollars": "$44.9 billion", "revenue_usd": 44885430018, "revenue": 297083060000.0, "revenue_currency": "CNY", "revenue_year": "2018", "usd_rate": 6.618696977563048, "usd_rate_source": "European Central Bank euro reference rates, year average", "wikidata": "https://www.wikidata.org/wiki/Q861340", "hq": "Shenzhen", "country": "People's Republic of China", "industry": "real estate industry", "founded": "1984-01-01", "website": "http://www.vanke.com", "exchange": "Hong Kong Stock Exchange; Shenzhen Stock Exchange", "parent": "China Resources"}}, {"type": "Feature", "geometry": {"type": "Point", "coordinates": [116.29214, 39.95812]}, "properties": {"rank": 269, "name": "China Aerospace Science and Technology Corporation", "revenue_in_dollars": "$44.8 billion", "revenue_usd": 44833211711, "revenue": 301940000000.0, "revenue_currency": "CNY", "revenue_year": "2022", "usd_rate": 6.734739459318753, "usd_rate_source": "European Central Bank euro reference rates, year average", "wikidata": "https://www.wikidata.org/wiki/Q2777589", "hq": "Haidian District", "country": "People's Republic of China", "industry": "aerospace industry", "employees": "170000", "founded": "1999-07-01", "website": "http://english.spacechina.com/; http://www.spacechina.com/", "parent": "State-owned Assets Supervision and Administration Commission of the State Council"}}, {"type": "Feature", "geometry": {"type": "Point", "coordinates": [9.733415, 52.385973]}, "properties": {"rank": 270, "name": "Continental AG", "revenue_in_dollars": "$44.8 billion", "revenue_usd": 44776338539, "revenue": 41420500000.0, "revenue_currency": "EUR", "revenue_year": "2023", "usd_rate": 0.9250533060935588, "usd_rate_source": "European Central Bank euro reference rates, year average", "wikidata": "https://www.wikidata.org/wiki/Q163241", "hq": "Continental-Hochhaus; Hanover", "country": "Germany", "industry": "automotive industry; bicycle industry; manufacture of rubber tyres and tubes; retreading and rebuilding of rubber tyres; plastics and rubber industry", "employees": "202763", "founded": "1871-10-08", "website": "https://continental.com/", "exchange": "Frankfurt Stock Exchange", "ceo": "Nikolai Setzer"}}, {"type": "Feature", "geometry": {"type": "Point", "coordinates": [-74.006111111, 40.712777777]}, "properties": {"rank": 271, "name": "WarnerMedia", "revenue_in_dollars": "$44.7 billion", "revenue_usd": 44700000000, "revenue": 44700000000.0, "revenue_currency": "USD", "revenue_year": "2006", "usd_rate": 1.0, "usd_rate_source": "European Central Bank euro reference rates, year average", "wikidata": "https://www.wikidata.org/wiki/Q191715", "hq": "Delaware; New York City", "country": "United States", "industry": "Internet industry; TV industry; media industry; publishing industry; telecommunications; telecommunications industry", "employees": "25600", "founded": "1990-01-01; 2016-01-01", "website": "https://www.warnermedia.com/", "exchange": "New York Stock Exchange", "parent": "AT&T"}}, {"type": "Feature", "geometry": {"type": "Point", "coordinates": [2.305555555, 48.903611111]}, "properties": {"rank": 272, "name": "L'Oréal", "revenue_in_dollars": "$44.5 billion", "revenue_usd": 44519056068, "revenue": 41182500000.0, "revenue_currency": "EUR", "revenue_year": "2023", "usd_rate": 0.9250533060935588, "usd_rate_source": "European Central Bank euro reference rates, year average", "wikidata": "https://www.wikidata.org/wiki/Q156077", "hq": "Clichy; Paris", "country": "France", "industry": "Q112166087; cosmetics industry; fast-moving consumer goods; personal care product", "employees": "88000", "founded": "1909-01-01", "website": "http://www.loreal.com", "exchange": "Euronext Paris", "ceo": "Nicolas Hieronimus"}}, {"type": "Feature", "geometry": {"type": "Point", "coordinates": [2.3128, 48.8735]}, "properties": {"rank": 273, "name": "Sanofi", "revenue_in_dollars": "$44.5 billion", "revenue_usd": 44453805438, "revenue": 41081000000.0, "revenue_currency": "EUR", "revenue_year": "2024", "usd_rate": 0.9241278580138771, "usd_rate_source": "European Central Bank euro reference rates, year average", "wikidata": "https://www.wikidata.org/wiki/Q158205", "hq": "Paris", "country": "France", "industry": "pharmaceutical industry", "employees": "106566", "founded": "2004-08-20", "website": "https://www.sanofi.com/", "exchange": "Euronext Paris; New York Stock Exchange", "ceo": "Paul Hudson"}}, {"type": "Feature", "geometry": {"type": "Point", "coordinates": [-117.196, 32.8973]}, "properties": {"rank": 274, "name": "Qualcomm", "revenue_in_dollars": "$44.3 billion", "revenue_usd": 44284000000, "revenue": 44284000000.0, "revenue_currency": "USD", "revenue_year": "2025", "usd_rate": 1.0, "usd_rate_source": "European Central Bank euro reference rates, year average", "wikidata": "https://www.wikidata.org/wiki/Q544847", "hq": "San Diego", "country": "United States", "industry": "radio; semiconductor industry; telecommunications", "employees": "30500; 35400; 41000; 45000", "founded": "1985-07-01", "website": "https://consumerrights.wiki/w/Qualcomm", "exchange": "Nasdaq", "ceo": "Cristiano Amon"}}, {"type": "Feature", "geometry": {"type": "Point", "coordinates": [116.36, 39.91]}, "properties": {"rank": 275, "name": "China Unicom", "revenue_in_dollars": "$44.1 billion", "revenue_usd": 44145439954, "revenue": 292185290000.0, "revenue_currency": "CNY", "revenue_year": "2018", "usd_rate": 6.618696977563048, "usd_rate_source": "European Central Bank euro reference rates, year average", "wikidata": "https://www.wikidata.org/wiki/Q1068485", "hq": "Xicheng District", "country": "People's Republic of China", "industry": "mobile phone industry; telecommunications industry", "employees": "48162", "founded": "1994-01-01", "website": "http://www.chinaunicom.com/", "exchange": "Hong Kong Stock Exchange; Shanghai Stock Exchange", "parent": "State-owned Assets Supervision and Administration Commission of the State Council"}}, {"type": "Feature", "geometry": {"type": "Point", "coordinates": [-122.418035, 37.775778]}, "properties": {"rank": 276, "name": "Uber", "revenue_in_dollars": "$44.0 billion", "revenue_usd": 43978000000, "revenue": 43978000000.0, "revenue_currency": "USD", "revenue_year": "2024", "usd_rate": 1.0, "usd_rate_source": "European Central Bank euro reference rates, year average", "wikidata": "https://www.wikidata.org/wiki/Q780442", "hq": "San Francisco", "country": "Netherlands; United States", "industry": "information technology; peer-to-peer ridesharing", "employees": "12000", "founded": "2009-03-01", "website": "https://www.uber.com/", "exchange": "New York Stock Exchange", "ceo": "Dara Khosrowshahi"}}, {"type": "Feature", "geometry": {"type": "Point", "coordinates": [-3.701888, 40.419992]}, "properties": {"rank": 277, "name": "Telefónica", "revenue_in_dollars": "$43.9 billion", "revenue_usd": 43945575603, "revenue": 40652000000.0, "revenue_currency": "EUR", "revenue_year": "2023", "usd_rate": 0.9250533060935588, "usd_rate_source": "European Central Bank euro reference rates, year average", "wikidata": "https://www.wikidata.org/wiki/Q160229", "hq": "Madrid; Telefónica Building", "country": "Spain", "industry": "telecommunications; telecommunications industry", "employees": "104124; 121853", "founded": "1924-01-01; 1924-04-19", "website": "https://www.telefonica.com/", "exchange": "Buenos Aires Stock Exchange; Lima Stock Exchange; London Stock Exchange; Madrid Stock Exchange; New York Stock Exchange; São Paulo Stock Exchange; Tokyo Stock Exchange"}}, {"type": "Feature", "geometry": {"type": "Point", "coordinates": [139.740277777, 35.673055555]}, "properties": {"rank": 278, "name": "NTT DoCoMo", "revenue_in_dollars": "$43.7 billion", "revenue_usd": 43673585349, "revenue": 6140000000000.0, "revenue_currency": "JPY", "revenue_year": "2023", "usd_rate": 140.58841175778662, "usd_rate_source": "European Central Bank euro reference rates, year average", "wikidata": "https://www.wikidata.org/wiki/Q853958", "hq": "Sanno Park Tower", "country": "Japan", "industry": "mobile phone industry; telecommunications industry", "employees": "27558", "founded": "1992-01-01", "website": "https://www.docomo.ne.jp/", "exchange": "London Stock Exchange; New York Stock Exchange; Tokyo Stock Exchange", "parent": "NTT, Inc."}}, {"type": "Feature", "geometry": {"type": "Point", "coordinates": [144.963055555, -37.814166666]}, "properties": {"rank": 279, "name": "BHP Group", "revenue_in_dollars": "$43.6 billion", "revenue_usd": 43638000000, "revenue": 43638000000.0, "revenue_currency": "USD", "revenue_year": "2018", "usd_rate": 1.0, "usd_rate_source": "European Central Bank euro reference rates, year average", "wikidata": "https://www.wikidata.org/wiki/Q625713", "hq": "Melbourne", "country": "Australia", "industry": "metal industry; mining; mining industry", "employees": "47044", "founded": "2001-01-01", "website": "https://www.bhp.com/", "exchange": "Australian Securities Exchange; London Stock Exchange; New York Stock Exchange", "ceo": "Mike Henry"}}, {"type": "Feature", "geometry": {"type": "Point", "coordinates": [121.469166666, 31.2325]}, "properties": {"rank": 281, "name": "China COSCO Shipping", "revenue_in_dollars": "$42.6 billion", "revenue_usd": 42581885975, "revenue": 281836600000.0, "revenue_currency": "CNY", "revenue_year": "2018", "usd_rate": 6.618696977563048, "usd_rate_source": "European Central Bank euro reference rates, year average", "wikidata": "https://www.wikidata.org/wiki/Q26263180", "hq": "Shanghai", "country": "People's Republic of China", "industry": "financial services; real estate development", "founded": "2016-02-28", "website": "http://en.coscoshipping.com; http://www.coscoshipping.com"}}, {"type": "Feature", "geometry": {"type": "Point", "coordinates": [108.942222222, 34.261111111]}, "properties": {"rank": 282, "name": "Shaanxi Coal and Chemical Industry", "revenue_in_dollars": "$42.4 billion", "revenue_usd": 42393070864, "revenue": 280586890000.0, "revenue_currency": "CNY", "revenue_year": "2018", "usd_rate": 6.618696977563048, "usd_rate_source": "European Central Bank euro reference rates, year average", "wikidata": "https://www.wikidata.org/wiki/Q27487446", "hq": "Xi'an", "country": "People's Republic of China", "industry": "chemical industry; coal industry", "founded": "2004-01-01", "website": "http://www.shccig.com"}}, {"type": "Feature", "geometry": {"type": "Point", "coordinates": [4.842222222, 52.441666666]}, "properties": {"rank": 283, "name": "Ahold", "revenue_in_dollars": "$42.4 billion", "revenue_usd": 42358529537, "revenue": 38203000000.0, "revenue_currency": "EUR", "revenue_year": "2015", "usd_rate": 0.9018962749132541, "usd_rate_source": "European Central Bank euro reference rates, year average", "wikidata": "https://www.wikidata.org/wiki/Q795473", "hq": "Zaandam", "country": "Netherlands", "industry": "retail", "employees": "85000", "founded": "1887-01-01; 2016-01-01", "website": "http://www.ahold.com", "exchange": "Amsterdam Stock Exchange", "ceo": "John Rishton"}}, {"type": "Feature", "geometry": {"type": "Point", "coordinates": [-74.006111111, 40.712777777]}, "properties": {"rank": 284, "name": "Kohlberg Kravis Roberts", "revenue_in_dollars": "$42.3 billion", "revenue_usd": 42300000000, "revenue": 42300000000.0, "revenue_currency": "USD", "revenue_year": "2020", "usd_rate": 1.0, "usd_rate_source": "European Central Bank euro reference rates, year average", "wikidata": "https://www.wikidata.org/wiki/Q1570773", "hq": "New York City", "country": "United Kingdom; United States", "industry": "asset management; investment management; private equity firm", "founded": "1976-01-01", "website": "https://www.kkr.com/", "exchange": "New York Stock Exchange; Russell 1000 Index; S&P 500"}}, {"type": "Feature", "geometry": {"type": "Point", "coordinates": [121.469166666, 31.2325]}, "properties": {"rank": 285, "name": "Baoshan Iron & Steel", "revenue_in_dollars": "$42.3 billion", "revenue_usd": 42257458153, "revenue": 292057462783.84, "revenue_currency": "CNY", "revenue_year": "2019", "usd_rate": 6.911382642179899, "usd_rate_source": "European Central Bank euro reference rates, year average", "wikidata": "https://www.wikidata.org/wiki/Q11452539", "hq": "Shanghai", "country": "People's Republic of China", "industry": "iron and steel industry", "employees": "52323", "founded": "2000-02-03", "website": "http://www.baosteel.com", "exchange": "Shanghai Stock Exchange", "parent": "China Baowu Steel Group"}}, {"type": "Feature", "geometry": {"type": "Point", "coordinates": [116.407526, 39.90403]}, "properties": {"rank": 286, "name": "China Huaneng Group Co., Ltd.", "revenue_in_dollars": "$42.1 billion", "revenue_usd": 42096968776, "revenue": 278627080000.0, "revenue_currency": "CNY", "revenue_year": "2018", "usd_rate": 6.618696977563048, "usd_rate_source": "European Central Bank euro reference rates, year average", "wikidata": "https://www.wikidata.org/wiki/Q842509", "hq": "Beijing", "country": "People's Republic of China", "industry": "electric power industry; mining industry", "founded": "1985-01-01", "website": "http://www.chng.com.cn; https://www.chng.com.cn/en", "parent": "State-owned Assets Supervision and Administration Commission of the State Council"}}, {"type": "Feature", "geometry": {"type": "Point", "coordinates": [-95.383055555, 29.762777777]}, "properties": {"rank": 287, "name": "Plains All American Pipeline", "revenue_in_dollars": "$42.1 billion", "revenue_usd": 42078000000, "revenue": 42078000000.0, "revenue_currency": "USD", "revenue_year": "2021", "usd_rate": 1.0, "usd_rate_source": "European Central Bank euro reference rates, year average", "wikidata": "https://www.wikidata.org/wiki/Q7200719", "hq": "Houston", "country": "United States", "industry": "petroleum industry", "employees": "5300", "founded": "1981-01-01", "website": "https://www.plainsallamerican.com", "exchange": "New York Stock Exchange"}}, {"type": "Feature", "geometry": {"type": "Point", "coordinates": [-87.8594086, 42.3171549]}, "properties": {"rank": 288, "name": "Abbott Laboratories", "revenue_in_dollars": "$42.0 billion", "revenue_usd": 41950000000, "revenue": 41950000000.0, "revenue_currency": "USD", "revenue_year": "2024", "usd_rate": 1.0, "usd_rate_source": "European Central Bank euro reference rates, year average", "wikidata": "https://www.wikidata.org/wiki/Q306764", "hq": "North Chicago", "country": "United States", "industry": "medical technology industry", "employees": "73000", "founded": "1888-01-01", "website": "https://abbott.com", "exchange": "New York Stock Exchange", "ceo": "Miles D. White; Robert B. Ford"}}, {"type": "Feature", "geometry": {"type": "Point", "coordinates": [9.73711, 52.37362]}, "properties": {"rank": 289, "name": "Talanx", "revenue_in_dollars": "$41.7 billion", "revenue_usd": 41653799540, "revenue": 39645000000.0, "revenue_currency": "EUR", "revenue_year": "2022", "usd_rate": 0.951773918298884, "usd_rate_source": "European Central Bank euro reference rates, year average", "wikidata": "https://www.wikidata.org/wiki/Q2389856", "hq": "Hanover", "country": "Germany", "industry": "financial services; insurance", "employees": "21965", "founded": "1903-01-01; 1996-01-01", "website": "http://www.talanx.com/", "parent": "HDI Haftpflichtverband der Deutschen Industrie", "ceo": "Torsten Leue"}}, {"type": "Feature", "geometry": {"type": "Point", "coordinates": [-80.83475, 35.158861111]}, "properties": {"rank": 290, "name": "Nucor", "revenue_in_dollars": "$41.5 billion", "revenue_usd": 41512467000, "revenue": 41512467000.0, "revenue_currency": "USD", "revenue_year": "2022", "usd_rate": 1.0, "usd_rate_source": "European Central Bank euro reference rates, year average", "wikidata": "https://www.wikidata.org/wiki/Q1645081", "hq": "Charlotte", "country": "United States", "industry": "iron and steel industry", "employees": "31400", "founded": "1955-09-01", "website": "http://www.nucor.com", "exchange": "New York Stock Exchange"}}, {"type": "Feature", "geometry": {"type": "Point", "coordinates": [-77.214888888, 38.867111111]}, "properties": {"rank": 291, "name": "Northrop Grumman Corporation", "revenue_in_dollars": "$41.0 billion", "revenue_usd": 41033000000, "revenue": 41033000000.0, "revenue_currency": "USD", "revenue_year": "2024", "usd_rate": 1.0, "usd_rate_source": "European Central Bank euro reference rates, year average", "wikidata": "https://www.wikidata.org/wiki/Q329953", "hq": "Falls Church; Los Angeles", "country": "United States", "industry": "aerospace industry; aircraft industry; electronics industry; shipbuilding; weapons industry", "employees": "65600", "founded": "1994-01-01", "website": "https://www.northropgrumman.com/", "exchange": "New York Stock Exchange", "ceo": "Kathy J. Warden"}}, {"type": "Feature", "geometry": {"type": "Point", "coordinates": [100.516666666, 13.75]}, "properties": {"rank": 292, "name": "Charoen Pokphand", "revenue_in_dollars": "$41.0 billion", "revenue_usd": 41000000000, "revenue": 41000000000.0, "revenue_currency": "USD", "revenue_year": "2014", "usd_rate": 1.0, "usd_rate_source": "European Central Bank euro reference rates, year average", "wikidata": "https://www.wikidata.org/wiki/Q611064", "hq": "Bangkok", "country": "Thailand", "industry": "food industry", "founded": "1921-01-01", "website": "http://www.cpthailand.com/", "exchange": "Hong Kong Stock Exchange", "ceo": "Dhanin Chearavanont"}}, {"type": "Feature", "geometry": {"type": "Point", "coordinates": [6.969722222, 50.9375]}, "properties": {"rank": 294, "name": "Lufthansa", "revenue_in_dollars": "$40.7 billion", "revenue_usd": 40666450723, "revenue": 37581000000.0, "revenue_currency": "EUR", "revenue_year": "2024", "usd_rate": 0.9241278580138771, "usd_rate_source": "European Central Bank euro reference rates, year average", "wikidata": "https://www.wikidata.org/wiki/Q9325", "hq": "Cologne", "country": "Germany", "industry": "air transport; freight air transport; passenger air transport", "employees": "100290", "founded": "1926-01-01; 1953-01-06", "website": "https://lufthansa.com", "exchange": "Frankfurt Stock Exchange", "parent": "Lufthansa Group", "ceo": "Carsten Spohr"}}, {"type": "Feature", "geometry": {"type": "Point", "coordinates": [-74.006111111, 40.712777777]}, "properties": {"rank": 295, "name": "TIAA", "revenue_in_dollars": "$40.5 billion", "revenue_usd": 40526400000, "revenue": 40526400000.0, "revenue_currency": "USD", "revenue_year": "2022", "usd_rate": 1.0, "usd_rate_source": "European Central Bank euro reference rates, year average", "wikidata": "https://www.wikidata.org/wiki/Q740999", "hq": "New York City", "country": "United States", "industry": "financial services", "employees": "12950", "founded": "1918-01-01", "website": "https://www.tiaa.org"}}, {"type": "Feature", "geometry": {"type": "Point", "coordinates": [-74.006111111, 40.712777777]}, "properties": {"rank": 296, "name": "New York Life Insurance Company", "revenue_in_dollars": "$40.5 billion", "revenue_usd": 40467000000, "revenue": 40467000000.0, "revenue_currency": "USD", "revenue_year": "2021", "usd_rate": 1.0, "usd_rate_source": "European Central Bank euro reference rates, year average", "wikidata": "https://www.wikidata.org/wiki/Q1039380", "hq": "New York City", "country": "United States", "industry": "insurance; life insurance", "founded": "1845-01-01", "website": "http://newyorklife.com/"}}, {"type": "Feature", "geometry": {"type": "Point", "coordinates": [31.235833333, 30.044444444]}, "properties": {"rank": 297, "name": "Egyptian General Petroleum Corporation", "revenue_in_dollars": "$40.3 billion", "revenue_usd": 40275693587, "revenue": 771700000000.0, "revenue_currency": "EGP", "revenue_year": "2022", "usd_rate": 19.1604397412204, "usd_rate_source": "World Bank official exchange rate (PA.NUS.FCRF), EGY", "wikidata": "https://www.wikidata.org/wiki/Q1299177", "hq": "Cairo", "country": "Egypt", "industry": "petroleum industry", "founded": "1956-01-01"}}, {"type": "Feature", "geometry": {"type": "Point", "coordinates": [37.579316666, 55.698802777]}, "properties": {"rank": 298, "name": "Sberbank", "revenue_in_dollars": "$40.0 billion", "revenue_usd": 40022302301, "revenue": 2335800000000.0, "revenue_currency": "RUB", "revenue_year": "2017", "usd_rate": 58.36245957133133, "usd_rate_source": "European Central Bank euro reference rates, year average", "wikidata": "https://www.wikidata.org/wiki/Q205012", "hq": "Moscow", "country": "Russia", "industry": "banking in Russia; financial sector; financial service activities, except insurance and pension funding", "employees": "281000", "founded": "1991-03-22", "website": "https://www.sberbank.ru", "exchange": "Moscow Exchange; SPB Exchange - All Markets", "ceo": "Herman Gref"}}, {"type": "Feature", "geometry": {"type": "Point", "coordinates": [-122.313055555, 37.554166666]}, "properties": {"rank": 299, "name": "Visa Inc.", "revenue_in_dollars": "$40.0 billion", "revenue_usd": 40000000000, "revenue": 40000000000.0, "revenue_currency": "USD", "revenue_year": "2025", "usd_rate": 1.0, "usd_rate_source": "European Central Bank euro reference rates, year average", "wikidata": "https://www.wikidata.org/wiki/Q328840", "hq": "Foster City; Mission Rock; San Francisco; San Mateo", "country": "United States", "industry": "financial services", "employees": "31600", "founded": "1958-01-01", "website": "https://corporate.visa.com/", "exchange": "New York Stock Exchange", "ceo": "Alfred F. Kelly Jr.; Ryan McInerney"}}, {"type": "Feature", "geometry": {"type": "Point", "coordinates": [-77.358611111, 38.958888888]}, "properties": {"rank": 300, "name": "General Dynamics", "revenue_in_dollars": "$39.4 billion", "revenue_usd": 39407000000, "revenue": 39407000000.0, "revenue_currency": "USD", "revenue_year": "2022", "usd_rate": 1.0, "usd_rate_source": "European Central Bank euro reference rates, year average", "wikidata": "https://www.wikidata.org/wiki/Q502940", "hq": "Falls Church; Reston", "country": "United States", "industry": "aerospace industry; defence industry; mechanical engineering; shipbuilding", "employees": "83500", "founded": "1952-02-21", "website": "https://www.gd.com/", "exchange": "New York Stock Exchange", "ceo": "Phebe Novakovic"}}, {"type": "Feature", "geometry": {"type": "Point", "coordinates": [-3.676877777, 40.47355]}, "properties": {"rank": 301, "name": "Grupo ACS", "revenue_in_dollars": "$39.3 billion", "revenue_usd": 39344365520, "revenue": 34900000000.0, "revenue_currency": "EUR", "revenue_year": "2017", "usd_rate": 0.8870393393987349, "usd_rate_source": "European Central Bank euro reference rates, year average", "wikidata": "https://www.wikidata.org/wiki/Q1550888", "hq": "ACS headquarters, Madrid", "country": "Spain", "industry": "construction; tertiary sector of the economy; transport", "employees": "195461", "founded": "1942-01-01", "website": "http://www.grupoacs.com", "exchange": "Madrid Stock Exchange", "ceo": "Juan Santamaría"}}, {"type": "Feature", "geometry": {"type": "Point", "coordinates": [-71.235005, 42.380596]}, "properties": {"rank": 302, "name": "Thermo Fisher Scientific Inc.", "revenue_in_dollars": "$39.2 billion", "revenue_usd": 39211000000, "revenue": 39211000000.0, "revenue_currency": "USD", "revenue_year": "2021", "usd_rate": 1.0, "usd_rate_source": "European Central Bank euro reference rates, year average", "wikidata": "https://www.wikidata.org/wiki/Q643674", "hq": "Waltham", "country": "United States", "industry": "biotechnology industry", "employees": "67816", "founded": "2006-01-01", "website": "https://www.thermofisher.com/", "exchange": "New York Stock Exchange"}}, {"type": "Feature", "geometry": {"type": "Point", "coordinates": [-73.97938889, 40.75897222]}, "properties": {"rank": 303, "name": "NBCUniversal", "revenue_in_dollars": "$39.2 billion", "revenue_usd": 39200000000, "revenue": 39200000000.0, "revenue_currency": "USD", "revenue_year": "2022", "usd_rate": 1.0, "usd_rate_source": "European Central Bank euro reference rates, year average", "wikidata": "https://www.wikidata.org/wiki/Q724759", "hq": "30 Rockefeller Plaza", "country": "United States", "industry": "television", "employees": "16000", "founded": "1926-01-01; 2004-01-01", "website": "https://nbcuniversal.com", "parent": "Comcast", "ceo": "Steve Burke"}}, {"type": "Feature", "geometry": {"type": "Point", "coordinates": [9.18, 48.7775]}, "properties": {"rank": 304, "name": "Porsche", "revenue_in_dollars": "$39.2 billion", "revenue_usd": 39171024680, "revenue": 33138000000.0, "revenue_currency": "EUR", "revenue_year": "2021", "usd_rate": 0.8459824645982237, "usd_rate_source": "European Central Bank euro reference rates, year average", "wikidata": "https://www.wikidata.org/wiki/Q40993", "hq": "Stuttgart", "country": "Germany", "industry": "automotive industry", "employees": "36996", "founded": "1931-01-01", "website": "https://www.porsche.com", "exchange": "Frankfurt Stock Exchange", "parent": "Volkswagen Group", "ceo": "Oliver Blume"}}, {"type": "Feature", "geometry": {"type": "Point", "coordinates": [7.491666666, 51.538611111]}, "properties": {"rank": 305, "name": "Yankuang Group", "revenue_in_dollars": "$38.9 billion", "revenue_usd": 38863784046, "revenue": 257227610000.0, "revenue_currency": "CNY", "revenue_year": "2018", "usd_rate": 6.618696977563048, "usd_rate_source": "European Central Bank euro reference rates, year average", "wikidata": "https://www.wikidata.org/wiki/Q884019", "hq": "Jining", "country": "People's Republic of China", "industry": "coal industry", "founded": "1976-01-01", "website": "http://www.ykjt.cn/yk.asp"}}, {"type": "Feature", "geometry": {"type": "Point", "coordinates": [-74.014908055, 40.713641111]}, "properties": {"rank": 306, "name": "American Express", "revenue_in_dollars": "$38.8 billion", "revenue_usd": 38825000000, "revenue": 38825000000.0, "revenue_currency": "USD", "revenue_year": "2024", "usd_rate": 1.0, "usd_rate_source": "European Central Bank euro reference rates, year average", "wikidata": "https://www.wikidata.org/wiki/Q194360", "hq": "New York City", "country": "United States", "industry": "financial service activities, except insurance and pension funding; financial services; payment card industry", "employees": "64000", "founded": "1850-01-01", "website": "https://www.americanexpress.com/", "exchange": "New York Stock Exchange", "ceo": "Stephen Squeri"}}, {"type": "Feature", "geometry": {"type": "Point", "coordinates": [2.1702865, 48.8911353]}, "properties": {"rank": 307, "name": "Schneider Electric", "revenue_in_dollars": "$38.8 billion", "revenue_usd": 38810736380, "revenue": 35902000000.0, "revenue_currency": "EUR", "revenue_year": "2023", "usd_rate": 0.9250533060935588, "usd_rate_source": "European Central Bank euro reference rates, year average", "wikidata": "https://www.wikidata.org/wiki/Q49053", "hq": "Mâcon; Rueil-Malmaison", "country": "France", "industry": "electrical industry; production of electrical distribution and control equipment", "employees": "155000; 166025", "founded": "1836-01-01; 2009-04-08", "website": "https://www.se.com", "exchange": "Euronext Paris", "ceo": "Peter Herweck"}}, {"type": "Feature", "geometry": {"type": "Point", "coordinates": [4.49, 52.16]}, "properties": {"rank": 308, "name": "INGKA Group", "revenue_in_dollars": "$38.8 billion", "revenue_usd": 38803394513, "revenue": 35074000000.0, "revenue_currency": "EUR", "revenue_year": "2016", "usd_rate": 0.9038899931387896, "usd_rate_source": "European Central Bank euro reference rates, year average", "wikidata": "https://www.wikidata.org/wiki/Q47508300", "hq": "Leiden", "country": "Netherlands", "industry": "retail", "employees": "166985", "founded": "1982-01-01", "website": "https://www.ingka.com/", "parent": "Stichting INGKA Foundation"}}, {"type": "Feature", "geometry": {"type": "Point", "coordinates": [37.6175, 55.750555555]}, "properties": {"rank": 309, "name": "Russian Railways", "revenue_in_dollars": "$38.6 billion", "revenue_usd": 38581358917, "revenue": 2251703000000.0, "revenue_currency": "RUB", "revenue_year": "2017", "usd_rate": 58.36245957133133, "usd_rate_source": "European Central Bank euro reference rates, year average", "wikidata": "https://www.wikidata.org/wiki/Q660770", "hq": "Moscow", "country": "Russia", "industry": "rail transport", "employees": "711000", "founded": "2003-09-18", "website": "https://eng.rzd.ru; https://www.rzd.ru/", "parent": "Government of Russia", "ceo": "Oleg Belozyorov"}}, {"type": "Feature", "geometry": {"type": "Point", "coordinates": [-93.042777777, 44.848055555]}, "properties": {"rank": 310, "name": "CHS Inc.", "revenue_in_dollars": "$38.4 billion", "revenue_usd": 38448033000, "revenue": 38448033000.0, "revenue_currency": "USD", "revenue_year": "2021", "usd_rate": 1.0, "usd_rate_source": "European Central Bank euro reference rates, year average", "wikidata": "https://www.wikidata.org/wiki/Q5011381", "hq": "Inver Grove Heights", "country": "United States", "industry": "food industry", "founded": "1931-01-01", "website": "http://www.chsinc.com", "exchange": "Nasdaq"}}, {"type": "Feature", "geometry": {"type": "Point", "coordinates": [-96.808888888, 32.779166666]}, "properties": {"rank": 311, "name": "HF Sinclair", "revenue_in_dollars": "$38.2 billion", "revenue_usd": 38204839000, "revenue": 38204839000.0, "revenue_currency": "USD", "revenue_year": "2022", "usd_rate": 1.0, "usd_rate_source": "European Central Bank euro reference rates, year average", "wikidata": "https://www.wikidata.org/wiki/Q5881864", "hq": "Dallas", "country": "United States", "industry": "petroleum industry", "founded": "1947-01-01", "website": "http://www.hollyfrontier.com/", "exchange": "New York Stock Exchange"}}, {"type": "Feature", "geometry": {"type": "Point", "coordinates": [6.993124156, 51.4624879]}, "properties": {"rank": 312, "name": "thyssenkrupp AG", "revenue_in_dollars": "$37.9 billion", "revenue_usd": 37917913302, "revenue": 35041000000.0, "revenue_currency": "EUR", "revenue_year": "2024", "usd_rate": 0.9241278580138771, "usd_rate_source": "European Central Bank euro reference rates, year average", "wikidata": "https://www.wikidata.org/wiki/Q137910", "hq": "Essen", "country": "Germany", "industry": "iron and steel industry; weapons industry", "employees": "103598; 162372; 167961; 98120; 99981", "founded": "1999-01-01", "website": "https://www.thyssenkrupp.com/", "exchange": "Frankfurt Stock Exchange; London Stock Exchange", "ceo": "Miguel Ángel López Borrego"}}, {"type": "Feature", "geometry": {"type": "Point", "coordinates": [-122.419444444, 37.775]}, "properties": {"rank": 313, "name": "Salesforce", "revenue_in_dollars": "$37.9 billion", "revenue_usd": 37895000000, "revenue": 37895000000.0, "revenue_currency": "USD", "revenue_year": "2024", "usd_rate": 1.0, "usd_rate_source": "European Central Bank euro reference rates, year average", "wikidata": "https://www.wikidata.org/wiki/Q941127", "hq": "Salesforce Tower; San Francisco", "country": "United States", "industry": "analytics; automation; cloud computing; customer relationship management; email marketing; enterprise software; intelligent agent; software as a service; software industry", "employees": "35000", "founded": "1999-02-03", "website": "https://www.salesforce.com", "exchange": "New York Stock Exchange", "ceo": "Marc Benioff"}}, {"type": "Feature", "geometry": {"type": "Point", "coordinates": [-86.704166666, 36.326944444]}, "properties": {"rank": 314, "name": "Dollar General", "revenue_in_dollars": "$37.8 billion", "revenue_usd": 37844863000, "revenue": 37844863000.0, "revenue_currency": "USD", "revenue_year": "2022", "usd_rate": 1.0, "usd_rate_source": "European Central Bank euro reference rates, year average", "wikidata": "https://www.wikidata.org/wiki/Q145168", "hq": "Goodlettsville", "country": "United States", "industry": "retail", "founded": "1939-01-01", "website": "https://www.dollargeneral.com/", "exchange": "New York Stock Exchange"}}, {"type": "Feature", "geometry": {"type": "Point", "coordinates": [-98.574638888, 29.534416666]}, "properties": {"rank": 315, "name": "USAA", "revenue_in_dollars": "$37.5 billion", "revenue_usd": 37470000000, "revenue": 37470000000.0, "revenue_currency": "USD", "revenue_year": "2021", "usd_rate": 1.0, "usd_rate_source": "European Central Bank euro reference rates, year average", "wikidata": "https://www.wikidata.org/wiki/Q7865722", "hq": "San Antonio", "country": "United States", "industry": "economics of banking; financial sector; financial services; insurance industry", "founded": "1922-01-01; 1922-06-20", "website": "https://www.usaa.com/", "ceo": "Stuart Parker"}}, {"type": "Feature", "geometry": {"type": "Point", "coordinates": [-122.336, 47.580888888]}, "properties": {"rank": 316, "name": "Starbucks", "revenue_in_dollars": "$37.2 billion", "revenue_usd": 37184400000, "revenue": 37184400000.0, "revenue_currency": "USD", "revenue_year": "2025", "usd_rate": 1.0, "usd_rate_source": "European Central Bank euro reference rates, year average", "wikidata": "https://www.wikidata.org/wiki/Q37158", "hq": "Seattle", "country": "United States", "industry": "coffee industry", "employees": "191000; 245000; 383000", "founded": "1971-03-30", "website": "https://www.starbucks.com/", "exchange": "Hong Kong Stock Exchange; Nasdaq", "ceo": "Brian Niccol"}}, {"type": "Feature", "geometry": {"type": "Point", "coordinates": [-0.483055555, 38.345277777]}, "properties": {"rank": 317, "name": "Sabadell Bank", "revenue_in_dollars": "$36.9 billion", "revenue_usd": 36946799365, "revenue": 35165000000.0, "revenue_currency": "EUR", "revenue_year": "2022", "usd_rate": 0.951773918298884, "usd_rate_source": "European Central Bank euro reference rates, year average", "wikidata": "https://www.wikidata.org/wiki/Q762330", "hq": "Alicante; Sabadell", "country": "Spain", "industry": "economics of banking; financial sector; financial services", "employees": "18895", "founded": "1881-12-31", "website": "https://www.bancsabadell.com", "exchange": "Barcelona Stock Exchange; Indexcat; Madrid Stock Exchange", "ceo": "César González-Bueno"}}, {"type": "Feature", "geometry": {"type": "Point", "coordinates": [37.6175, 55.750555555]}, "properties": {"rank": 318, "name": "X5 Retail Group", "revenue_in_dollars": "$36.9 billion", "revenue_usd": 36939699539, "revenue": 3145859000000.0, "revenue_currency": "RUB", "revenue_year": "2023", "usd_rate": 85.1620083333333, "usd_rate_source": "World Bank official exchange rate (PA.NUS.FCRF), RUS", "wikidata": "https://www.wikidata.org/wiki/Q258748", "hq": "Amsterdam; Moscow", "country": "Russia", "industry": "retail", "employees": "372200", "founded": "2006-01-01", "website": "http://www.x5.ru", "exchange": "London Stock Exchange; Moscow Exchange", "parent": "Alfa Group"}}, {"type": "Feature", "geometry": {"type": "Point", "coordinates": [-74.006111111, 40.712777777]}, "properties": {"rank": 319, "name": "The Travelers Companies", "revenue_in_dollars": "$36.9 billion", "revenue_usd": 36884000000, "revenue": 36884000000.0, "revenue_currency": "USD", "revenue_year": "2022", "usd_rate": 1.0, "usd_rate_source": "European Central Bank euro reference rates, year average", "wikidata": "https://www.wikidata.org/wiki/Q942471", "hq": "New York City", "country": "United States", "industry": "insurance", "founded": "1853-01-01", "website": "http://www.travelers.com/", "exchange": "New York Stock Exchange", "ceo": "Jay S. Fishman"}}, {"type": "Feature", "geometry": {"type": "Point", "coordinates": [5.412525813, 51.403668328]}, "properties": {"rank": 320, "name": "ASML Holding", "revenue_in_dollars": "$36.8 billion", "revenue_usd": 36841246731, "revenue": 32667300000.0, "revenue_currency": "EUR", "revenue_year": "2025", "usd_rate": 0.8867045200428487, "usd_rate_source": "European Central Bank euro reference rates, year average", "wikidata": "https://www.wikidata.org/wiki/Q297879", "hq": "Veldhoven", "country": "Netherlands", "industry": "semiconductor industry", "employees": "44027", "founded": "1984-04-01", "website": "https://www.asml.com/", "exchange": "Amsterdam Stock Exchange; Nasdaq", "ceo": "Christophe Fouquet; Peter Wennink"}}, {"type": "Feature", "geometry": {"type": "Point", "coordinates": [-95.383055555, 29.762777777]}, "properties": {"rank": 321, "name": "Occidental Petroleum", "revenue_in_dollars": "$36.6 billion", "revenue_usd": 36634000000, "revenue": 36634000000.0, "revenue_currency": "USD", "revenue_year": "2022", "usd_rate": 1.0, "usd_rate_source": "European Central Bank euro reference rates, year average", "wikidata": "https://www.wikidata.org/wiki/Q2013357", "hq": "Houston", "country": "United States", "industry": "petroleum industry", "founded": "1920-01-01", "website": "https://www.oxy.com/", "exchange": "New York Stock Exchange; Tokyo Stock Exchange"}}, {"type": "Feature", "geometry": {"type": "Point", "coordinates": [12.568888888, 55.676111111]}, "properties": {"rank": 322, "name": "Maersk A/S", "revenue_in_dollars": "$36.6 billion", "revenue_usd": 36558900592, "revenue": 252000000000.0, "revenue_currency": "DKK", "revenue_year": "2024", "usd_rate": 6.892986274801918, "usd_rate_source": "European Central Bank euro reference rates, year average", "wikidata": "https://www.wikidata.org/wiki/Q446750", "hq": "Copenhagen", "country": "Denmark", "industry": "shipping line", "employees": "12135", "founded": "1928-01-01", "website": "https://www.maersk.com/", "parent": "Maersk"}}, {"type": "Feature", "geometry": {"type": "Point", "coordinates": [139.747, 35.6486]}, "properties": {"rank": 323, "name": "NEC", "revenue_in_dollars": "$36.4 billion", "revenue_usd": 36374000000, "revenue": 36374000000.0, "revenue_currency": "USD", "revenue_year": "2010", "usd_rate": 1.0, "usd_rate_source": "European Central Bank euro reference rates, year average", "wikidata": "https://www.wikidata.org/wiki/Q219203", "hq": "Tokyo", "country": "Japan", "industry": "electronics; information technology; video game industry", "founded": "1899-07-17", "website": "https://www.nec.com/", "exchange": "Tokyo Stock Exchange", "parent": "NEC Group; Sumitomo Group"}}, {"type": "Feature", "geometry": {"type": "Point", "coordinates": [-87.627777777, 41.881944444]}, "properties": {"rank": 324, "name": "Exelon", "revenue_in_dollars": "$36.3 billion", "revenue_usd": 36347000000, "revenue": 36347000000.0, "revenue_currency": "USD", "revenue_year": "2021", "usd_rate": 1.0, "usd_rate_source": "European Central Bank euro reference rates, year average", "wikidata": "https://www.wikidata.org/wiki/Q1383669", "hq": "Chicago", "country": "United States", "industry": "energy industry", "employees": "34000", "founded": "2000-01-01", "website": "https://www.exeloncorp.com/", "exchange": "New York Stock Exchange"}}, {"type": "Feature", "geometry": {"type": "Point", "coordinates": [-121.872777777, 37.304166666]}, "properties": {"rank": 325, "name": "Broadcom", "revenue_in_dollars": "$35.8 billion", "revenue_usd": 35819000000, "revenue": 35819000000.0, "revenue_currency": "USD", "revenue_year": "2023", "usd_rate": 1.0, "usd_rate_source": "European Central Bank euro reference rates, year average", "wikidata": "https://www.wikidata.org/wiki/Q790060", "hq": "Palo Alto; San Jose; Singapore", "country": "Singapore; United States", "industry": "semiconductor industry", "employees": "20000", "founded": "1961-01-01", "website": "https://www.broadcom.com/", "exchange": "Nasdaq", "ceo": "Tan Hock Eng"}}, {"type": "Feature", "geometry": {"type": "Point", "coordinates": [121.375277777, 25.05]}, "properties": {"rank": 326, "name": "Quanta Computer", "revenue_in_dollars": "$35.7 billion", "revenue_usd": 35721000000, "revenue": 35721000000.0, "revenue_currency": "USD", "revenue_year": "2010", "usd_rate": 1.0, "usd_rate_source": "European Central Bank euro reference rates, year average", "wikidata": "https://www.wikidata.org/wiki/Q696743", "hq": "Taipei; Taoyuan District", "country": "Taiwan", "industry": "information technology", "employees": "68720", "founded": "1988-01-01", "website": "http://www.quantatw.com/", "exchange": "Taiwan Stock Exchange", "parent": "Quanta Group"}}, {"type": "Feature", "geometry": {"type": "Point", "coordinates": [-80.845616173, 35.226956414]}, "properties": {"rank": 327, "name": "Honeywell", "revenue_in_dollars": "$35.5 billion", "revenue_usd": 35466000000, "revenue": 35466000000.0, "revenue_currency": "USD", "revenue_year": "2022", "usd_rate": 1.0, "usd_rate_source": "European Central Bank euro reference rates, year average", "wikidata": "https://www.wikidata.org/wiki/Q898208", "hq": "Charlotte", "country": "United States", "industry": "aerospace industry; chemical industry; health care industry; industrial safety; manufacturing industry; retail; supply chain", "employees": "99000", "founded": "1885-04-23", "website": "https://www.honeywell.com/", "exchange": "New York Stock Exchange", "ceo": "Vimal Kapur"}}, {"type": "Feature", "geometry": {"type": "Point", "coordinates": [-98.5795, 39.828175]}, "properties": {"rank": 328, "name": "Mars, Incorporated", "revenue_in_dollars": "$35.0 billion", "revenue_usd": 35000000000, "revenue": 35000000000.0, "revenue_currency": "USD", "revenue_year": "2017", "usd_rate": 1.0, "usd_rate_source": "European Central Bank euro reference rates, year average", "wikidata": "https://www.wikidata.org/wiki/Q695087", "hq": "McLean; United States", "country": "United States", "industry": "food processing", "employees": "80000", "founded": "1911-06-23", "website": "http://www.mars.com/"}}, {"type": "Feature", "geometry": {"type": "Point", "coordinates": [-98.493888888, 29.425]}, "properties": {"rank": 329, "name": "Tesoro Corporation", "revenue_in_dollars": "$35.0 billion", "revenue_usd": 34975000000, "revenue": 34975000000.0, "revenue_currency": "USD", "revenue_year": "2017", "usd_rate": 1.0, "usd_rate_source": "European Central Bank euro reference rates, year average", "wikidata": "https://www.wikidata.org/wiki/Q2037080", "hq": "San Antonio", "country": "United States", "industry": "energy industry; gas industry; petroleum industry", "employees": "14300", "founded": "1968-01-01", "website": "http://www.andeavor.com", "exchange": "New York Stock Exchange", "ceo": "Gregory J. Goff"}}, {"type": "Feature", "geometry": {"type": "Point", "coordinates": [-0.1275, 51.507222222]}, "properties": {"rank": 330, "name": "International Airlines Group", "revenue_in_dollars": "$34.7 billion", "revenue_usd": 34735453240, "revenue": 32100000000.0, "revenue_currency": "EUR", "revenue_year": "2024", "usd_rate": 0.9241278580138771, "usd_rate_source": "European Central Bank euro reference rates, year average", "wikidata": "https://www.wikidata.org/wiki/Q8774", "hq": "London; Madrid", "country": "Spain; United Kingdom", "industry": "air travel; aviation", "employees": "71000; 74378", "founded": "2011-01-21", "website": "https://www.iairgroup.com", "exchange": "London Stock Exchange; Madrid Stock Exchange; OTC Markets Group", "ceo": "Luis Gallego; Willie Walsh"}}, {"type": "Feature", "geometry": {"type": "Point", "coordinates": [-121.97, 37.383055555]}, "properties": {"rank": 331, "name": "AMD", "revenue_in_dollars": "$34.6 billion", "revenue_usd": 34639000000, "revenue": 34639000000.0, "revenue_currency": "USD", "revenue_year": "2025", "usd_rate": 1.0, "usd_rate_source": "European Central Bank euro reference rates, year average", "wikidata": "https://www.wikidata.org/wiki/Q128896", "hq": "Santa Clara; Sunnyvale", "country": "United States", "industry": "computer industry; electrical industry; semiconductor industry", "employees": "15500", "founded": "1969-05-01", "website": "https://www.amd.com/", "exchange": "Moscow Exchange; Nasdaq; New York Stock Exchange", "ceo": "Lisa Su"}}, {"type": "Feature", "geometry": {"type": "Point", "coordinates": [8.54169444, 47.37686111]}, "properties": {"rank": 332, "name": "UBS", "revenue_in_dollars": "$34.6 billion", "revenue_usd": 34563000000, "revenue": 34563000000.0, "revenue_currency": "USD", "revenue_year": "2022", "usd_rate": 1.0, "usd_rate_source": "European Central Bank euro reference rates, year average", "wikidata": "https://www.wikidata.org/wiki/Q193199", "hq": "Zurich", "country": "Switzerland", "industry": "economics of banking; financial sector; financial service activities, except insurance and pension funding; financial services", "founded": "1854-01-01; 1862-01-01", "website": "https://www.ubs.com/", "exchange": "New York Stock Exchange; Swiss Stock Exchange", "ceo": "Sergio Ermotti"}}, {"type": "Feature", "geometry": {"type": "Point", "coordinates": [-77.175277777, 38.928333333]}, "properties": {"rank": 333, "name": "Capital One", "revenue_in_dollars": "$34.2 billion", "revenue_usd": 34250000000, "revenue": 34250000000.0, "revenue_currency": "USD", "revenue_year": "2022", "usd_rate": 1.0, "usd_rate_source": "European Central Bank euro reference rates, year average", "wikidata": "https://www.wikidata.org/wiki/Q1034654", "hq": "McLean", "country": "United States", "industry": "financial services", "founded": "1994-01-01; 1994-07-21", "website": "https://www.capitalone.com/", "exchange": "New York Stock Exchange", "ceo": "Richard Fairbank"}}, {"type": "Feature", "geometry": {"type": "Point", "coordinates": [-91.67388889, 47.02527778]}, "properties": {"rank": 334, "name": "3M", "revenue_in_dollars": "$34.2 billion", "revenue_usd": 34229000000, "revenue": 34229000000.0, "revenue_currency": "USD", "revenue_year": "2022", "usd_rate": 1.0, "usd_rate_source": "European Central Bank euro reference rates, year average", "wikidata": "https://www.wikidata.org/wiki/Q159433", "hq": "Maplewood; Saint Paul; St. Paul; Two Harbors", "country": "United States", "industry": "consumer goods industry; mining industry; occupational safety", "employees": "88667; 94987", "founded": "1902-01-01", "website": "https://www.3m.com/", "exchange": "New York Stock Exchange; Tokyo Stock Exchange", "ceo": "Mike Roman; William M. Brown"}}, {"type": "Feature", "geometry": {"type": "Point", "coordinates": [-8.4982996, 43.31579971]}, "properties": {"rank": 335, "name": "Inditex", "revenue_in_dollars": "$34.2 billion", "revenue_usd": 34219260870, "revenue": 32569000000.0, "revenue_currency": "EUR", "revenue_year": "2022", "usd_rate": 0.951773918298884, "usd_rate_source": "European Central Bank euro reference rates, year average", "wikidata": "https://www.wikidata.org/wiki/Q44504", "hq": "Arteixo", "country": "Spain", "industry": "clothing industry; fast fashion; retail; textile industry", "employees": "161281", "founded": "1985-06-12", "website": "https://www.inditex.com/", "exchange": "Madrid Stock Exchange", "ceo": "Marta Ortega; Pablo Isla"}}, {"type": "Feature", "geometry": {"type": "Point", "coordinates": [116.407526, 39.90403]}, "properties": {"rank": 336, "name": "China Energy Engineering", "revenue_in_dollars": "$34.2 billion", "revenue_usd": 34155789390, "revenue": 226066820000.0, "revenue_currency": "CNY", "revenue_year": "2018", "usd_rate": 6.618696977563048, "usd_rate_source": "European Central Bank euro reference rates, year average", "wikidata": "https://www.wikidata.org/wiki/Q20724247", "hq": "Beijing", "country": "People's Republic of China", "industry": "construction industry", "founded": "2011-09-29", "website": "http://en.ceec.net.cn/; http://www.ceec.net.cn/", "exchange": "Hong Kong Stock Exchange", "parent": "State-owned Assets Supervision and Administration Commission of the State Council"}}, {"type": "Feature", "geometry": {"type": "Point", "coordinates": [37.568616, 55.728091]}, "properties": {"rank": 337, "name": "Rostec", "revenue_in_dollars": "$34.1 billion", "revenue_usd": 34052743198, "revenue": 2900000000000.0, "revenue_currency": "RUB", "revenue_year": "2023", "usd_rate": 85.1620083333333, "usd_rate_source": "World Bank official exchange rate (PA.NUS.FCRF), RUS", "wikidata": "https://www.wikidata.org/wiki/Q1840188", "hq": "Moscow", "country": "Russia", "industry": "technology industry", "employees": "453000", "founded": "2007-01-01", "website": "http://www.rostec.ru/"}}, {"type": "Feature", "geometry": {"type": "Point", "coordinates": [-87.909567, 43.038941]}, "properties": {"rank": 338, "name": "Northwestern Mutual", "revenue_in_dollars": "$34.0 billion", "revenue_usd": 34032000000, "revenue": 34032000000.0, "revenue_currency": "USD", "revenue_year": "2021", "usd_rate": 1.0, "usd_rate_source": "European Central Bank euro reference rates, year average", "wikidata": "https://www.wikidata.org/wiki/Q1630166", "hq": "Milwaukee", "country": "United States", "industry": "financial services", "founded": "1857-01-01", "website": "https://www.northwesternmutual.com/"}}, {"type": "Feature", "geometry": {"type": "Point", "coordinates": [8.641805555, 49.293472222]}, "properties": {"rank": 339, "name": "SAP", "revenue_in_dollars": "$33.7 billion", "revenue_usd": 33735353189, "revenue": 31207000000.0, "revenue_currency": "EUR", "revenue_year": "2023", "usd_rate": 0.9250533060935588, "usd_rate_source": "European Central Bank euro reference rates, year average", "wikidata": "https://www.wikidata.org/wiki/Q552581", "hq": "Walldorf", "country": "Germany", "industry": "software development; software industry", "employees": "106043", "founded": "1972-04-01", "website": "https://www.sap.com/", "exchange": "Frankfurt Stock Exchange; Italian Stock Exchange; New York Stock Exchange", "ceo": "Christian Klein"}}, {"type": "Feature", "geometry": {"type": "Point", "coordinates": [-80.193611111, 25.774166666]}, "properties": {"rank": 340, "name": "Lennar Corporation", "revenue_in_dollars": "$33.7 billion", "revenue_usd": 33671010000, "revenue": 33671010000.0, "revenue_currency": "USD", "revenue_year": "2022", "usd_rate": 1.0, "usd_rate_source": "European Central Bank euro reference rates, year average", "wikidata": "https://www.wikidata.org/wiki/Q16981175", "hq": "Miami; Miami-Dade County", "country": "United States", "industry": "construction", "founded": "1954-01-01", "website": "http://www.lennar.com/", "exchange": "New York Stock Exchange"}}, {"type": "Feature", "geometry": {"type": "Point", "coordinates": [11.575, 48.1375]}, "properties": {"rank": 341, "name": "Siemens Energy AG", "revenue_in_dollars": "$33.6 billion", "revenue_usd": 33640223536, "revenue": 31119000000.0, "revenue_currency": "EUR", "revenue_year": "2023", "usd_rate": 0.9250533060935588, "usd_rate_source": "European Central Bank euro reference rates, year average", "wikidata": "https://www.wikidata.org/wiki/Q89189545", "hq": "Munich", "country": "Germany", "industry": "energy technology", "employees": "96000", "founded": "2020-04-01", "website": "https://www.siemens-energy.com/", "exchange": "Frankfurt Stock Exchange", "ceo": "Christian Bruch"}}, {"type": "Feature", "geometry": {"type": "Point", "coordinates": [-97.122839, 32.705033]}, "properties": {"rank": 342, "name": "D. R. Horton", "revenue_in_dollars": "$33.5 billion", "revenue_usd": 33480000000, "revenue": 33480000000.0, "revenue_currency": "USD", "revenue_year": "2022", "usd_rate": 1.0, "usd_rate_source": "European Central Bank euro reference rates, year average", "wikidata": "https://www.wikidata.org/wiki/Q5203782", "hq": "Arlington; Fort Worth", "country": "United States", "industry": "construction", "founded": "1978-01-01", "website": "http://www.drhorton.com", "exchange": "New York Stock Exchange"}}, {"type": "Feature", "geometry": {"type": "Point", "coordinates": [-95.383055555, 29.762777777]}, "properties": {"rank": 343, "name": "Cheniere Energy", "revenue_in_dollars": "$33.4 billion", "revenue_usd": 33428000000, "revenue": 33428000000.0, "revenue_currency": "USD", "revenue_year": "2022", "usd_rate": 1.0, "usd_rate_source": "European Central Bank euro reference rates, year average", "wikidata": "https://www.wikidata.org/wiki/Q27926500", "hq": "Houston", "country": "United States", "founded": "1996-01-01", "website": "http://www.cheniere.com", "exchange": "NYSE American"}}, {"type": "Feature", "geometry": {"type": "Point", "coordinates": [12.16375, 55.6474]}, "properties": {"rank": 344, "name": "DSV", "revenue_in_dollars": "$33.2 billion", "revenue_usd": 33190655252, "revenue": 31590000000.0, "revenue_currency": "EUR", "revenue_year": "2022", "usd_rate": 0.951773918298884, "usd_rate_source": "European Central Bank euro reference rates, year average", "wikidata": "https://www.wikidata.org/wiki/Q1155771", "hq": "Hedehusene", "country": "Denmark", "industry": "logistics; transport", "employees": "76283", "founded": "1976-01-01", "website": "https://www.dsv.com/", "exchange": "Nasdaq Copenhagen A/S"}}, {"type": "Feature", "geometry": {"type": "Point", "coordinates": [-0.1275, 51.507222222]}, "properties": {"rank": 345, "name": "British American Tobacco", "revenue_in_dollars": "$33.1 billion", "revenue_usd": 33061429726, "revenue": 25776000000.0, "revenue_currency": "GBP", "revenue_year": "2020", "usd_rate": 0.779639604620655, "usd_rate_source": "European Central Bank euro reference rates, year average", "wikidata": "https://www.wikidata.org/wiki/Q856411", "hq": "London", "country": "United Kingdom", "industry": "food and tobacco industry; tobacco industry", "employees": "55000", "founded": "1902-09-01", "website": "https://bat.com", "exchange": "Johannesburg Stock Exchange; London Stock Exchange; New York Stock Exchange", "ceo": "Jack Bowles"}}, {"type": "Feature", "geometry": {"type": "Point", "coordinates": [6.8255326, 51.2351091]}, "properties": {"rank": 346, "name": "METRO Group", "revenue_in_dollars": "$33.0 billion", "revenue_usd": 33026204867, "revenue": 30551000000.0, "revenue_currency": "EUR", "revenue_year": "2023", "usd_rate": 0.9250533060935588, "usd_rate_source": "European Central Bank euro reference rates, year average", "wikidata": "https://www.wikidata.org/wiki/Q169167", "hq": "Düsseldorf", "country": "Germany", "industry": "retail; wholesale", "employees": "94944", "founded": "1964-01-01", "website": "https://www.metroag.de/", "exchange": "Frankfurt Stock Exchange", "ceo": "Steffen Greubel"}}, {"type": "Feature", "geometry": {"type": "Point", "coordinates": [-0.5746, 51.2354]}, "properties": {"rank": 347, "name": "Linde Group", "revenue_in_dollars": "$33.0 billion", "revenue_usd": 33005000000, "revenue": 33005000000.0, "revenue_currency": "USD", "revenue_year": "2024", "usd_rate": 1.0, "usd_rate_source": "European Central Bank euro reference rates, year average", "wikidata": "https://www.wikidata.org/wiki/Q682759", "hq": "Dublin; Guildford; Woking", "country": "Ireland; United Kingdom", "industry": "chemical industry", "employees": "66323; 74207; 79886; 80820", "website": "http://www.linde.com/", "exchange": "Frankfurt Stock Exchange; Nasdaq; New York Stock Exchange"}}, {"type": "Feature", "geometry": {"type": "Point", "coordinates": [113.907806, 22.501611]}, "properties": {"rank": 348, "name": "China Electronics Corporation", "revenue_in_dollars": "$33.0 billion", "revenue_usd": 32992503017, "revenue": 218367380000.0, "revenue_currency": "CNY", "revenue_year": "2018", "usd_rate": 6.618696977563048, "usd_rate_source": "European Central Bank euro reference rates, year average", "wikidata": "https://www.wikidata.org/wiki/Q18533575", "hq": "Nanshan District", "country": "People's Republic of China", "founded": "1989-01-01", "website": "https://www.cec.com.cn/", "parent": "State-owned Assets Supervision and Administration Commission of the State Council"}}, {"type": "Feature", "geometry": {"type": "Point", "coordinates": [126.99, 37.56]}, "properties": {"rank": 349, "name": "Hyundai Mobis", "revenue_in_dollars": "$33.0 billion", "revenue_usd": 32970153513, "revenue": 38261745000000.0, "revenue_currency": "KRW", "revenue_year": "2016", "usd_rate": 1160.496416396803, "usd_rate_source": "European Central Bank euro reference rates, year average", "wikidata": "https://www.wikidata.org/wiki/Q497534", "hq": "Seoul", "country": "South Korea", "industry": "automotive industry", "founded": "1977-01-01", "website": "http://en.mobis.co.kr", "exchange": "Korean Stock Exchange", "parent": "Hyundai Motor Group"}}, {"type": "Feature", "geometry": {"type": "Point", "coordinates": [-73.714444444, 41.040555555]}, "properties": {"rank": 350, "name": "Mastercard", "revenue_in_dollars": "$32.8 billion", "revenue_usd": 32800000000, "revenue": 32800000000.0, "revenue_currency": "USD", "revenue_year": "2025", "usd_rate": 1.0, "usd_rate_source": "European Central Bank euro reference rates, year average", "wikidata": "https://www.wikidata.org/wiki/Q489921", "hq": "Purchase", "country": "United States", "industry": "financial service activities, except insurance and pension funding; financial services", "employees": "33400", "founded": "1966-01-01; 1979-01-01", "website": "https://www.mastercard.com/", "exchange": "New York Stock Exchange", "ceo": "Michael Miebach"}}, {"type": "Feature", "geometry": {"type": "Point", "coordinates": [-74.08175, 4.60971]}, "properties": {"rank": 351, "name": "Ecopetrol", "revenue_in_dollars": "$32.8 billion", "revenue_usd": 32800000000, "revenue": 32800000000.0, "revenue_currency": "USD", "revenue_year": "2024", "usd_rate": 1.0, "usd_rate_source": "European Central Bank euro reference rates, year average", "wikidata": "https://www.wikidata.org/wiki/Q1282130", "hq": "Bogotá", "country": "Colombia", "industry": "petroleum industry", "employees": "9315", "founded": "1951-08-25", "website": "http://www.ecopetrol.com.co/", "exchange": "New York Stock Exchange; Toronto Stock Exchange"}}, {"type": "Feature", "geometry": {"type": "Point", "coordinates": [11.9675, 57.7075]}, "properties": {"rank": 352, "name": "Volvo Cars", "revenue_in_dollars": "$32.6 billion", "revenue_usd": 32614230840, "revenue": 330145000000.0, "revenue_currency": "SEK", "revenue_year": "2022", "usd_rate": 10.122728376567522, "usd_rate_source": "European Central Bank euro reference rates, year average", "wikidata": "https://www.wikidata.org/wiki/Q215293", "hq": "Gothenburg", "country": "Sweden", "industry": "automotive industry; car manufacturing", "employees": "28485; 43000", "founded": "1927-04-14; 2010-01-01", "website": "https://www.volvocars.com/", "exchange": "Nasdaq Stockholm AB", "parent": "Geely", "ceo": "Håkan Samuelsson"}}, {"type": "Feature", "geometry": {"type": "Point", "coordinates": [8.682222222, 50.110555555]}, "properties": {"rank": 353, "name": "Deutsche Bank", "revenue_in_dollars": "$32.6 billion", "revenue_usd": 32571250546, "revenue": 30100000000.0, "revenue_currency": "EUR", "revenue_year": "2024", "usd_rate": 0.9241278580138771, "usd_rate_source": "European Central Bank euro reference rates, year average", "wikidata": "https://www.wikidata.org/wiki/Q66048", "hq": "Frankfurt", "country": "Germany", "industry": "financial sector; financial service activities, except insurance and pension funding; financial services; other monetary intermediation", "employees": "90130", "founded": "1870-03-10", "website": "https://www.db.com", "exchange": "Frankfurt Stock Exchange; Italian Stock Exchange; New York Stock Exchange", "ceo": "Christian Sewing"}}, {"type": "Feature", "geometry": {"type": "Point", "coordinates": [116.407526, 39.90403]}, "properties": {"rank": 354, "name": "CRRC", "revenue_in_dollars": "$32.4 billion", "revenue_usd": 32411462215, "revenue": 214521647000.0, "revenue_currency": "CNY", "revenue_year": "2018", "usd_rate": 6.618696977563048, "usd_rate_source": "European Central Bank euro reference rates, year average", "wikidata": "https://www.wikidata.org/wiki/Q19840026", "hq": "Beijing", "country": "People's Republic of China", "industry": "manufacture of machinery and equipment; rail industry; rolling stock industry", "employees": "168600", "founded": "2015-06-01", "website": "https://www.crrcgc.cc/; https://www.crrcgc.cc/en", "exchange": "Hong Kong Stock Exchange; Shanghai Stock Exchange"}}, {"type": "Feature", "geometry": {"type": "Point", "coordinates": [8.466111111, 49.487777777]}, "properties": {"rank": 355, "name": "Phoenix Pharmahandel", "revenue_in_dollars": "$32.2 billion", "revenue_usd": 32171766367, "revenue": 28209100000.0, "revenue_currency": "EUR", "revenue_year": "2020", "usd_rate": 0.876827827171967, "usd_rate_source": "European Central Bank euro reference rates, year average", "wikidata": "https://www.wikidata.org/wiki/Q871799", "hq": "Mannheim", "country": "Germany", "industry": "pharmaceutical industry", "founded": "1994-01-01", "website": "http://www.phoenixgroup.eu/"}}, {"type": "Feature", "geometry": {"type": "Point", "coordinates": [6.633333333, 46.533333333]}, "properties": {"rank": 356, "name": "Philip Morris International", "revenue_in_dollars": "$31.8 billion", "revenue_usd": 31762000000, "revenue": 31762000000.0, "revenue_currency": "USD", "revenue_year": "2022", "usd_rate": 1.0, "usd_rate_source": "European Central Bank euro reference rates, year average", "wikidata": "https://www.wikidata.org/wiki/Q1852556", "hq": "Lausanne; Stamford", "country": "Switzerland; United States", "industry": "fast-moving consumer goods; tobacco industry", "employees": "79800", "founded": "2008-01-01", "website": "https://www.pmi.com/", "exchange": "New York Stock Exchange; Swiss Stock Exchange", "ceo": "George Weissman; Hamish Maxwell; Jacek Olczak"}}, {"type": "Feature", "geometry": {"type": "Point", "coordinates": [113.88403, 22.57233]}, "properties": {"rank": 357, "name": "Luxshare", "revenue_in_dollars": "$31.7 billion", "revenue_usd": 31709021751, "revenue": 213552000000.0, "revenue_currency": "CNY", "revenue_year": "2022", "usd_rate": 6.734739459318753, "usd_rate_source": "European Central Bank euro reference rates, year average", "wikidata": "https://www.wikidata.org/wiki/Q16926220", "hq": "Bao'an District", "country": "People's Republic of China", "founded": "2004-01-01", "website": "http://www.luxshare-ict.com", "exchange": "Shenzhen Stock Exchange"}}, {"type": "Feature", "geometry": {"type": "Point", "coordinates": [-74.656944444, 40.352222222]}, "properties": {"rank": 358, "name": "NRG Energy", "revenue_in_dollars": "$31.5 billion", "revenue_usd": 31543000000, "revenue": 31543000000.0, "revenue_currency": "USD", "revenue_year": "2022", "usd_rate": 1.0, "usd_rate_source": "European Central Bank euro reference rates, year average", "wikidata": "https://www.wikidata.org/wiki/Q6955139", "hq": "Houston; Princeton", "country": "United States", "industry": "electricity supply company", "employees": "9806", "founded": "1905-01-01", "website": "https://www.nrg.com/", "exchange": "New York Stock Exchange"}}, {"type": "Feature", "geometry": {"type": "Point", "coordinates": [-87.851388888, 42.168333333]}, "properties": {"rank": 359, "name": "Mondelez International", "revenue_in_dollars": "$31.5 billion", "revenue_usd": 31496000000, "revenue": 31496000000.0, "revenue_currency": "USD", "revenue_year": "2022", "usd_rate": 1.0, "usd_rate_source": "European Central Bank euro reference rates, year average", "wikidata": "https://www.wikidata.org/wiki/Q12857502", "hq": "Chicago; Deerfield", "country": "United States", "industry": "food industry", "founded": "2012-01-01", "website": "https://www.mondelezinternational.com/", "exchange": "Nasdaq", "ceo": "Dirk Van de Put"}}, {"type": "Feature", "geometry": {"type": "Point", "coordinates": [-77.036666666, 38.895]}, "properties": {"rank": 360, "name": "Danaher Corporation", "revenue_in_dollars": "$31.5 billion", "revenue_usd": 31471000000, "revenue": 31471000000.0, "revenue_currency": "USD", "revenue_year": "2022", "usd_rate": 1.0, "usd_rate_source": "European Central Bank euro reference rates, year average", "wikidata": "https://www.wikidata.org/wiki/Q1159256", "hq": "Washington, D.C.", "country": "United States", "industry": "conglomerate", "founded": "1981-01-01", "website": "https://www.danaher.com/", "exchange": "New York Stock Exchange"}}, {"type": "Feature", "geometry": {"type": "Point", "coordinates": [14.9306, 50.4211]}, "properties": {"rank": 361, "name": "Škoda Auto", "revenue_in_dollars": "$31.3 billion", "revenue_usd": 31348661670, "revenue": 27797000000.0, "revenue_currency": "EUR", "revenue_year": "2025", "usd_rate": 0.8867045200428487, "usd_rate_source": "European Central Bank euro reference rates, year average", "wikidata": "https://www.wikidata.org/wiki/Q29637", "hq": "Mladá Boleslav", "country": "Czech Republic", "industry": "automotive industry", "employees": "34006", "founded": "1895-12-17; 1990-11-20", "website": "https://www.skoda-auto.com/", "parent": "Volkswagen Group", "ceo": "Klaus Zellmer"}}, {"type": "Feature", "geometry": {"type": "Point", "coordinates": [139.682198339, 35.566708243]}, "properties": {"rank": 362, "name": "Canon Inc.", "revenue_in_dollars": "$31.3 billion", "revenue_usd": 31300970295, "revenue": 3401000000000.0, "revenue_currency": "JPY", "revenue_year": "2016", "usd_rate": 108.65477868322255, "usd_rate_source": "European Central Bank euro reference rates, year average", "wikidata": "https://www.wikidata.org/wiki/Q62621", "hq": "Krefeld; Ota", "country": "Japan", "industry": "electrical industry; electronics", "employees": "194151", "founded": "1937-01-01; 1937-08-10", "website": "https://global.canon/", "exchange": "Tokyo Stock Exchange"}}, {"type": "Feature", "geometry": {"type": "Point", "coordinates": [8.044272222, 49.975697222]}, "properties": {"rank": 363, "name": "Boehringer Ingelheim", "revenue_in_dollars": "$31.3 billion", "revenue_usd": 31296784185, "revenue": 27751000000.0, "revenue_currency": "EUR", "revenue_year": "2025", "usd_rate": 0.8867045200428487, "usd_rate_source": "European Central Bank euro reference rates, year average", "wikidata": "https://www.wikidata.org/wiki/Q699532", "hq": "Ingelheim am Rhein", "country": "Germany", "industry": "animal health; chemical industry; manufacture of basic pharmaceutical products and pharmaceutical preparations; pharmaceutical industry", "employees": "51015; 51944; 54300", "founded": "1885-01-01", "website": "http://www.boehringer-ingelheim.com/; https://www.boehringer-ingelheim.cn"}}, {"type": "Feature", "geometry": {"type": "Point", "coordinates": [-93.263333333, 45.086111111]}, "properties": {"rank": 364, "name": "Medtronic plc", "revenue_in_dollars": "$31.2 billion", "revenue_usd": 31227000000, "revenue": 31227000000.0, "revenue_currency": "USD", "revenue_year": "2022", "usd_rate": 1.0, "usd_rate_source": "European Central Bank euro reference rates, year average", "wikidata": "https://www.wikidata.org/wiki/Q642189", "hq": "Fridley; Ireland", "country": "Ireland", "industry": "medical technology industry", "employees": "86000", "founded": "1949-01-01", "website": "https://www.medtronic.com/", "exchange": "New York Stock Exchange", "ceo": "Geoffrey S Martha; Omar Ishrak; William A. Hawkins"}}, {"type": "Feature", "geometry": {"type": "Point", "coordinates": [-96.808888888, 32.779166666]}, "properties": {"rank": 365, "name": "CBRE Group", "revenue_in_dollars": "$30.8 billion", "revenue_usd": 30828246000, "revenue": 30828246000.0, "revenue_currency": "USD", "revenue_year": "2022", "usd_rate": 1.0, "usd_rate_source": "European Central Bank euro reference rates, year average", "wikidata": "https://www.wikidata.org/wiki/Q1023013", "hq": "Dallas; Los Angeles", "country": "United States", "industry": "real estate industry", "founded": "1906-01-01", "website": "https://www.cbre.com", "exchange": "New York Stock Exchange"}}, {"type": "Feature", "geometry": {"type": "Point", "coordinates": [-116.15040835, 43.530717836]}, "properties": {"rank": 366, "name": "Micron Technology", "revenue_in_dollars": "$30.8 billion", "revenue_usd": 30758000000, "revenue": 30758000000.0, "revenue_currency": "USD", "revenue_year": "2022", "usd_rate": 1.0, "usd_rate_source": "European Central Bank euro reference rates, year average", "wikidata": "https://www.wikidata.org/wiki/Q1197548", "hq": "Boise", "country": "United States", "employees": "48000", "founded": "1978-10-01", "website": "https://micron.cn; https://tw.micron.com; https://www.micron.com.jp; https://www.micron.com/", "exchange": "Nasdaq"}}, {"type": "Feature", "geometry": {"type": "Point", "coordinates": [26.076839447, 44.443862915]}, "properties": {"rank": 367, "name": "Metrorex", "revenue_in_dollars": "$30.6 billion", "revenue_usd": 30596354404, "revenue": 140009273730.0, "revenue_currency": "RON", "revenue_year": "2023", "usd_rate": 4.576011634654351, "usd_rate_source": "European Central Bank euro reference rates, year average", "wikidata": "https://www.wikidata.org/wiki/Q1091725", "hq": "Bucharest", "country": "Romania", "industry": "passenger transport", "employees": "4951", "founded": "1991-01-01", "website": "http://www.metrorex.ro", "parent": "Ministry of Transport and Infrastructure of Romania", "ceo": "Mariana Miclăuș"}}, {"type": "Feature", "geometry": {"type": "Point", "coordinates": [8.516944444, 47.168055555]}, "properties": {"rank": 368, "name": "Holcim", "revenue_in_dollars": "$30.6 billion", "revenue_usd": 30560227451, "revenue": 29189000000.0, "revenue_currency": "CHF", "revenue_year": "2022", "usd_rate": 0.9551303257525273, "usd_rate_source": "European Central Bank euro reference rates, year average", "wikidata": "https://www.wikidata.org/wiki/Q267818", "hq": "Zug", "country": "Switzerland", "industry": "mining; other mining and quarrying", "founded": "1912-01-01", "website": "http://www.holcim.com", "parent": "Holcim Group"}}, {"type": "Feature", "geometry": {"type": "Point", "coordinates": [14.4190425, 50.0904683]}, "properties": {"rank": 369, "name": "Energetický a průmyslový holding", "revenue_in_dollars": "$30.4 billion", "revenue_usd": 30446444548, "revenue": 26997000000.0, "revenue_currency": "EUR", "revenue_year": "2025", "usd_rate": 0.8867045200428487, "usd_rate_source": "European Central Bank euro reference rates, year average", "wikidata": "https://www.wikidata.org/wiki/Q4162216", "hq": "Brno; Prague", "country": "Czech Republic", "industry": "energy industry", "employees": "12379", "founded": "2009-10-15", "website": "https://www.epholding.cz; https://www.epholding.cz/en/", "ceo": "Daniel Křetínský"}}, {"type": "Feature", "geometry": {"type": "Point", "coordinates": [2.304722222, 48.862222222]}, "properties": {"rank": 370, "name": "Air Liquide", "revenue_in_dollars": "$30.4 billion", "revenue_usd": 30382387132, "revenue": 26940200000.0, "revenue_currency": "EUR", "revenue_year": "2025", "usd_rate": 0.8867045200428487, "usd_rate_source": "European Central Bank euro reference rates, year average", "wikidata": "https://www.wikidata.org/wiki/Q407448", "hq": "quai d'Orsay", "country": "Canada; France", "industry": "engineering, technical studies; manufacture of industrial gases", "employees": "67800", "founded": "1902-01-01", "website": "https://www.airliquide.ca/; https://www.airliquide.com/", "exchange": "Euronext Paris", "ceo": "François Jackow"}}, {"type": "Feature", "geometry": {"type": "Point", "coordinates": [113.571944444, 22.274166666]}, "properties": {"rank": 371, "name": "Gree Electric", "revenue_in_dollars": "$30.2 billion", "revenue_usd": 30221054186, "revenue": 200024000000.0, "revenue_currency": "CNY", "revenue_year": "2018", "usd_rate": 6.618696977563048, "usd_rate_source": "European Central Bank euro reference rates, year average", "wikidata": "https://www.wikidata.org/wiki/Q1544535", "hq": "Zhuhai", "country": "People's Republic of China", "industry": "electronics", "founded": "1989-01-01", "website": "https://global.gree.com", "exchange": "Shenzhen Stock Exchange"}}, {"type": "Feature", "geometry": {"type": "Point", "coordinates": [-73.986388888, 40.757777777]}, "properties": {"rank": 372, "name": "Paramount Global", "revenue_in_dollars": "$30.2 billion", "revenue_usd": 30154000000, "revenue": 30154000000.0, "revenue_currency": "USD", "revenue_year": "2022", "usd_rate": 1.0, "usd_rate_source": "European Central Bank euro reference rates, year average", "wikidata": "https://www.wikidata.org/wiki/Q76846862", "hq": "New York City; One Astor Plaza", "country": "United States", "industry": "mass media; media conglomerate", "employees": "18600", "founded": "2019-12-04", "website": "https://www.paramount.com/", "exchange": "Nasdaq; S&P 500", "ceo": "David Ellison"}}, {"type": "Feature", "geometry": {"type": "Point", "coordinates": [7.013055555, 51.450833333]}, "properties": {"rank": 373, "name": "Hochtief", "revenue_in_dollars": "$30.0 billion", "revenue_usd": 30004811417, "revenue": 27756050000.0, "revenue_currency": "EUR", "revenue_year": "2023", "usd_rate": 0.9250533060935588, "usd_rate_source": "European Central Bank euro reference rates, year average", "wikidata": "https://www.wikidata.org/wiki/Q136542", "hq": "Essen", "country": "Germany", "industry": "construction; construction industry", "employees": "41575", "founded": "1873-01-01; 1875-01-01", "website": "https://www.hochtief.com/; https://www.hochtief.de/", "exchange": "Frankfurt Stock Exchange", "parent": "Grupo ACS", "ceo": "Juan Santamaría Cases"}}, {"type": "Feature", "geometry": {"type": "Point", "coordinates": [2.307222, 48.875]}, "properties": {"rank": 374, "name": "Danone", "revenue_in_dollars": "$29.9 billion", "revenue_usd": 29856657793, "revenue": 27619000000.0, "revenue_currency": "EUR", "revenue_year": "2023", "usd_rate": 0.9250533060935588, "usd_rate_source": "European Central Bank euro reference rates, year average", "wikidata": "https://www.wikidata.org/wiki/Q329426", "hq": "Paris", "country": "Spain", "industry": "activities of head offices; fast-moving consumer goods; food industry", "employees": "98105", "founded": "1919-01-01", "website": "https://www.danone.com/", "exchange": "Euronext Paris"}}, {"type": "Feature", "geometry": {"type": "Point", "coordinates": [-6.29222222, 53.34527778]}, "properties": {"rank": 375, "name": "Health Service Executive", "revenue_in_dollars": "$29.8 billion", "revenue_usd": 29812047934, "revenue": 27550144000.0, "revenue_currency": "EUR", "revenue_year": "2024", "usd_rate": 0.9241278580138771, "usd_rate_source": "European Central Bank euro reference rates, year average", "wikidata": "https://www.wikidata.org/wiki/Q5690681", "hq": "Dr Steevens' Hospital; Naas", "country": "Ireland", "employees": "144113; 148857; 154134; 160617; 166776; 67145", "founded": "2005-01-01", "website": "https://www.hse.ie/", "parent": "Department of Health of Ireland"}}, {"type": "Feature", "geometry": {"type": "Point", "coordinates": [14.421388888, 50.0875]}, "properties": {"rank": 376, "name": "EP Group", "revenue_in_dollars": "$29.8 billion", "revenue_usd": 29810810010, "revenue": 27549000000.0, "revenue_currency": "EUR", "revenue_year": "2024", "usd_rate": 0.9241278580138771, "usd_rate_source": "European Central Bank euro reference rates, year average", "wikidata": "https://www.wikidata.org/wiki/Q104245554", "hq": "Prague", "country": "Czech Republic", "industry": "holding industry", "employees": "17680", "founded": "2019-10-30", "website": "https://epgroup.eu/", "parent": "EP Investment", "ceo": "Daniel Křetínský"}}, {"type": "Feature", "geometry": {"type": "Point", "coordinates": [112.42447, 34.65867]}, "properties": {"rank": 377, "name": "CMOC Group Limited", "revenue_in_dollars": "$29.6 billion", "revenue_usd": 29605463079, "revenue": 213028664834.79, "revenue_currency": "CNY", "revenue_year": "2024", "usd_rate": 7.195586309959185, "usd_rate_source": "European Central Bank euro reference rates, year average", "wikidata": "https://www.wikidata.org/wiki/Q5099785", "hq": "Henan; Luanchuan County; Luoyang", "country": "People's Republic of China", "industry": "mining", "website": "https://en.cmoc.com/; https://www.cmoc.com/"}}, {"type": "Feature", "geometry": {"type": "Point", "coordinates": [-122.282, 37.5665]}, "properties": {"rank": 378, "name": "Gilead Sciences", "revenue_in_dollars": "$29.4 billion", "revenue_usd": 29442000000, "revenue": 29442000000.0, "revenue_currency": "USD", "revenue_year": "2025", "usd_rate": 1.0, "usd_rate_source": "European Central Bank euro reference rates, year average", "wikidata": "https://www.wikidata.org/wiki/Q663596", "hq": "Foster City", "country": "United States", "industry": "pharmaceutical industry", "employees": "17000", "founded": "1987-06-01", "website": "https://www.gilead.com/", "exchange": "Nasdaq", "ceo": "Daniel O'Day"}}, {"type": "Feature", "geometry": {"type": "Point", "coordinates": [3.086944444, 45.779722222]}, "properties": {"rank": 379, "name": "Michelin", "revenue_in_dollars": "$29.3 billion", "revenue_usd": 29313034289, "revenue": 25992000000.0, "revenue_currency": "EUR", "revenue_year": "2025", "usd_rate": 0.8867045200428487, "usd_rate_source": "European Central Bank euro reference rates, year average", "wikidata": "https://www.wikidata.org/wiki/Q151107", "hq": "Clermont-Ferrand", "country": "France", "industry": "automotive industry; business and other management consulting; manufacture of rubber tyres and tubes; retreading and rebuilding of rubber tyres; plastics and rubber industry", "employees": "105700", "founded": "1889-05-28", "website": "https://www.michelin.com/", "exchange": "Euronext Paris", "ceo": "Yves Chapot"}}, {"type": "Feature", "geometry": {"type": "Point", "coordinates": [55.350277777, 25.24]}, "properties": {"rank": 380, "name": "Emirates", "revenue_in_dollars": "$29.2 billion", "revenue_usd": 29232402995, "revenue": 107356000000.0, "revenue_currency": "AED", "revenue_year": "2023", "usd_rate": 3.6725, "usd_rate_source": "World Bank official exchange rate (PA.NUS.FCRF), ARE", "wikidata": "https://www.wikidata.org/wiki/Q180432", "hq": "Al Garhoud", "country": "United Arab Emirates", "employees": "100000", "founded": "1985-03-25", "website": "https://www.emirates.com/", "ceo": "Tim Clark"}}, {"type": "Feature", "geometry": {"type": "Point", "coordinates": [-71.282777777, 42.405555555]}, "properties": {"rank": 381, "name": "Raytheon", "revenue_in_dollars": "$29.2 billion", "revenue_usd": 29176000000, "revenue": 29176000000.0, "revenue_currency": "USD", "revenue_year": "2019", "usd_rate": 1.0, "usd_rate_source": "European Central Bank euro reference rates, year average", "wikidata": "https://www.wikidata.org/wiki/Q156644", "hq": "Waltham", "country": "United States", "industry": "aerospace industry", "employees": "70000", "founded": "1922-07-07", "exchange": "New York Stock Exchange", "ceo": "Thomas Kennedy"}}, {"type": "Feature", "geometry": {"type": "Point", "coordinates": [7.013055555, 51.450833333]}, "properties": {"rank": 382, "name": "RWE", "revenue_in_dollars": "$29.0 billion", "revenue_usd": 28991144647, "revenue": 24526000000.0, "revenue_currency": "EUR", "revenue_year": "2021", "usd_rate": 0.8459824645982237, "usd_rate_source": "European Central Bank euro reference rates, year average", "wikidata": "https://www.wikidata.org/wiki/Q138133", "hq": "Essen", "country": "Germany", "industry": "electric power generation, transmission and distribution; energy industry; energy supply", "employees": "18246; 19498; 19792", "founded": "1898-04-25", "website": "https://www.rwe.com/; https://www.rwe.com/en/", "exchange": "Frankfurt Stock Exchange", "parent": "Elektrizitäts-AG vormals W. Lahmeyer & Co", "ceo": "Rolf Martin Schmitz"}}, {"type": "Feature", "geometry": {"type": "Point", "coordinates": [16.542157497, 59.61731938]}, "properties": {"rank": 383, "name": "ABB Group", "revenue_in_dollars": "$28.9 billion", "revenue_usd": 28945000000, "revenue": 28945000000.0, "revenue_currency": "USD", "revenue_year": "2021", "usd_rate": 1.0, "usd_rate_source": "European Central Bank euro reference rates, year average", "wikidata": "https://www.wikidata.org/wiki/Q52825", "hq": "Västerås; Zurich", "country": "Switzerland", "industry": "electrical engineering; robotics", "employees": "110000", "founded": "1988-02-08", "website": "https://global.abb/", "exchange": "Bombay Stock Exchange; Nasdaq Stockholm AB; National Stock Exchange of India; New York Stock Exchange; Swiss Stock Exchange", "ceo": "Morten Wierod"}}, {"type": "Feature", "geometry": {"type": "Point", "coordinates": [-122.199638888, 47.616638888]}, "properties": {"rank": 384, "name": "PACCAR", "revenue_in_dollars": "$28.8 billion", "revenue_usd": 28819700000, "revenue": 28819700000.0, "revenue_currency": "USD", "revenue_year": "2022", "usd_rate": 1.0, "usd_rate_source": "European Central Bank euro reference rates, year average", "wikidata": "https://www.wikidata.org/wiki/Q1477661", "hq": "Bellevue", "country": "United States", "industry": "automotive industry", "employees": "22800", "founded": "1905-01-01", "website": "http://www.paccar.com/", "exchange": "Nasdaq"}}, {"type": "Feature", "geometry": {"type": "Point", "coordinates": [-0.766666666, 51.273333333]}, "properties": {"rank": 385, "name": "BAE Systems", "revenue_in_dollars": "$28.7 billion", "revenue_usd": 28681573680, "revenue": 23078000000.0, "revenue_currency": "GBP", "revenue_year": "2023", "usd_rate": 0.804628095293417, "usd_rate_source": "European Central Bank euro reference rates, year average", "wikidata": "https://www.wikidata.org/wiki/Q739416", "hq": "Farnborough", "country": "United Kingdom", "industry": "aerospace engineering; aerospace industry; information security; weapons industry", "employees": "100000; 82500; 85800", "founded": "1999-11-30", "website": "https://www.baesystems.com", "exchange": "London Stock Exchange", "ceo": "Charles Woodburn"}}, {"type": "Feature", "geometry": {"type": "Point", "coordinates": [-80.843333333, 35.226944444]}, "properties": {"rank": 386, "name": "Duke Energy", "revenue_in_dollars": "$28.7 billion", "revenue_usd": 28675000000, "revenue": 28675000000.0, "revenue_currency": "USD", "revenue_year": "2022", "usd_rate": 1.0, "usd_rate_source": "European Central Bank euro reference rates, year average", "wikidata": "https://www.wikidata.org/wiki/Q1264404", "hq": "Charlotte", "country": "United States", "industry": "electricity generation; energy supply", "founded": "1904-01-01", "website": "https://www.duke-energy.com/", "exchange": "New York Stock Exchange"}}, {"type": "Feature", "geometry": {"type": "Point", "coordinates": [-2.11, 49.185833333]}, "properties": {"rank": 387, "name": "Ferguson Enterprises", "revenue_in_dollars": "$28.6 billion", "revenue_usd": 28566000000, "revenue": 28566000000.0, "revenue_currency": "USD", "revenue_year": "2022", "usd_rate": 1.0, "usd_rate_source": "European Central Bank euro reference rates, year average", "wikidata": "https://www.wikidata.org/wiki/Q624682", "hq": "Saint Helier", "country": "United Kingdom", "industry": "building material", "founded": "1887-01-01", "website": "https://www.fergusonplc.com/en/index.html", "exchange": "London Stock Exchange", "ceo": "Kevin Murphy"}}, {"type": "Feature", "geometry": {"type": "Point", "coordinates": [-95.441101389, 30.096002899]}, "properties": {"rank": 388, "name": "Hewlett Packard Enterprise", "revenue_in_dollars": "$28.5 billion", "revenue_usd": 28496000000, "revenue": 28496000000.0, "revenue_currency": "USD", "revenue_year": "2022", "usd_rate": 1.0, "usd_rate_source": "European Central Bank euro reference rates, year average", "wikidata": "https://www.wikidata.org/wiki/Q19923099", "hq": "Spring", "country": "United States", "industry": "computer hardware industry; information and communications industry; information technology industry; software industry", "employees": "60000", "founded": "2015-11-01", "website": "https://www.hpe.com/", "exchange": "New York Stock Exchange", "ceo": "Antonio Neri"}}, {"type": "Feature", "geometry": {"type": "Point", "coordinates": [-99.13589, 19.353773]}, "properties": {"rank": 389, "name": "Comisión Federal de Electricidad", "revenue_in_dollars": "$28.4 billion", "revenue_usd": 28447321709, "revenue": 547346264000.0, "revenue_currency": "MXN", "revenue_year": "2018", "usd_rate": 19.240695823863522, "usd_rate_source": "European Central Bank euro reference rates, year average", "wikidata": "https://www.wikidata.org/wiki/Q1114680", "hq": "Mexico City", "country": "Mexico", "industry": "electric power generation, transmission and distribution", "employees": "91369", "founded": "1937-01-01; 1937-08-14", "website": "https://www.cfe.mx", "parent": "Secretariat of Energy", "ceo": "Manuel Bartlett Díaz"}}, {"type": "Feature", "geometry": {"type": "Point", "coordinates": [-72.7, 41.6]}, "properties": {"rank": 390, "name": "The Hartford", "revenue_in_dollars": "$28.4 billion", "revenue_usd": 28368000000, "revenue": 28368000000.0, "revenue_currency": "USD", "revenue_year": "2025", "usd_rate": 1.0, "usd_rate_source": "European Central Bank euro reference rates, year average", "wikidata": "https://www.wikidata.org/wiki/Q444110", "hq": "Connecticut; Hartford", "country": "United States", "industry": "insurance", "employees": "19200", "founded": "1810-01-01", "website": "https://www.thehartford.com/", "exchange": "New York Stock Exchange", "ceo": "Christopher Swift"}}, {"type": "Feature", "geometry": {"type": "Point", "coordinates": [-1.4932289, 52.3831715]}, "properties": {"rank": 391, "name": "Jaguar Land Rover", "revenue_in_dollars": "$28.3 billion", "revenue_usd": 28336072446, "revenue": 22800000000.0, "revenue_currency": "GBP", "revenue_year": "2023", "usd_rate": 0.804628095293417, "usd_rate_source": "European Central Bank euro reference rates, year average", "wikidata": "https://www.wikidata.org/wiki/Q6122893", "hq": "Coventry", "country": "United Kingdom", "industry": "automobile manufacturer", "employees": "39787", "founded": "2013-01-01", "website": "http://www.jaguarlandrover.com; https://www.jlr.com", "parent": "Tata Motors Passenger Vehicles", "ceo": "PB Balaji"}}, {"type": "Feature", "geometry": {"type": "Point", "coordinates": [-76.287405, 36.767398]}, "properties": {"rank": 392, "name": "Dollar Tree", "revenue_in_dollars": "$28.3 billion", "revenue_usd": 28331700000, "revenue": 28331700000.0, "revenue_currency": "USD", "revenue_year": "2022", "usd_rate": 1.0, "usd_rate_source": "European Central Bank euro reference rates, year average", "wikidata": "https://www.wikidata.org/wiki/Q5289230", "hq": "Chesapeake", "country": "Canada; United States", "industry": "retail", "employees": "145000", "founded": "1986-01-01", "website": "https://www.dollartree.com/", "exchange": "Nasdaq", "ceo": "Macon Foscue Brock, Jr."}}, {"type": "Feature", "geometry": {"type": "Point", "coordinates": [139.751527777, 35.658027777]}, "properties": {"rank": 393, "name": "Showa Shell Sekiyu", "revenue_in_dollars": "$28.3 billion", "revenue_usd": 28300000000, "revenue": 28300000000.0, "revenue_currency": "USD", "revenue_year": "2015", "usd_rate": 1.0, "usd_rate_source": "European Central Bank euro reference rates, year average", "wikidata": "https://www.wikidata.org/wiki/Q277115", "hq": "Minato", "country": "Japan", "industry": "petroleum industry", "employees": "6000", "founded": "1985-01-01", "website": "http://www.showa-shell.co.jp/", "exchange": "Tokyo Stock Exchange", "parent": "Idemitsu Kosan; Royal Dutch Shell Group of Companies; Saudi Aramco"}}, {"type": "Feature", "geometry": {"type": "Point", "coordinates": [7.590555555, 47.560555555]}, "properties": {"rank": 394, "name": "Syngenta Group", "revenue_in_dollars": "$28.2 billion", "revenue_usd": 28200000000, "revenue": 28200000000.0, "revenue_currency": "USD", "revenue_year": "2021", "usd_rate": 1.0, "usd_rate_source": "European Central Bank euro reference rates, year average", "wikidata": "https://www.wikidata.org/wiki/Q114634360", "hq": "Basel", "industry": "agribusiness", "employees": "53000", "founded": "2020-01-01", "website": "https://www.syngentagroup.com"}}, {"type": "Feature", "geometry": {"type": "Point", "coordinates": [-95.383055555, 29.762777777]}, "properties": {"rank": 395, "name": "SLB", "revenue_in_dollars": "$28.1 billion", "revenue_usd": 28091000000, "revenue": 28091000000.0, "revenue_currency": "USD", "revenue_year": "2022", "usd_rate": 1.0, "usd_rate_source": "European Central Bank euro reference rates, year average", "wikidata": "https://www.wikidata.org/wiki/Q1425316", "hq": "Houston", "country": "United States", "industry": "petroleum industry", "employees": "100000", "founded": "1926-01-01", "website": "https://www.slb.com/", "exchange": "New York Stock Exchange"}}, {"type": "Feature", "geometry": {"type": "Point", "coordinates": [-0.1275, 51.507222222]}, "properties": {"rank": 396, "name": "Diageo", "revenue_in_dollars": "$28.0 billion", "revenue_usd": 27964000000, "revenue": 27964000000.0, "revenue_currency": "USD", "revenue_year": "2025", "usd_rate": 1.0, "usd_rate_source": "European Central Bank euro reference rates, year average", "wikidata": "https://www.wikidata.org/wiki/Q161140", "hq": "London", "country": "United Kingdom", "industry": "beverage industry", "employees": "29860", "founded": "1997-12-17", "website": "http://www.diageo.com", "exchange": "London Stock Exchange; New York Stock Exchange", "ceo": "Ivan Menezes"}}, {"type": "Feature", "geometry": {"type": "Point", "coordinates": [7.013055555, 51.450833333]}, "properties": {"rank": 397, "name": "Aldi Nord", "revenue_in_dollars": "$27.6 billion", "revenue_usd": 27599489033, "revenue": 24200000000.0, "revenue_currency": "EUR", "revenue_year": "2020", "usd_rate": 0.876827827171967, "usd_rate_source": "European Central Bank euro reference rates, year average", "wikidata": "https://www.wikidata.org/wiki/Q41171373", "hq": "Essen", "country": "Germany", "industry": "retail", "employees": "73934; 77636; 80983; 88000", "founded": "1960-01-01", "website": "https://www.aldi-nord.de/"}}, {"type": "Feature", "geometry": {"type": "Point", "coordinates": [-3.703333333, 40.416944444]}, "properties": {"rank": 398, "name": "Endesa", "revenue_in_dollars": "$27.5 billion", "revenue_usd": 27522738238, "revenue": 25460000000.0, "revenue_currency": "EUR", "revenue_year": "2023", "usd_rate": 0.9250533060935588, "usd_rate_source": "European Central Bank euro reference rates, year average", "wikidata": "https://www.wikidata.org/wiki/Q1275336", "hq": "Madrid", "country": "Spain", "industry": "energy industry; energy supply", "employees": "8946", "founded": "1944-01-01", "website": "https://www.endesa.com/", "exchange": "Madrid Stock Exchange; OTC Markets Group", "parent": "Enel", "ceo": "José Damián Bogas Gálvez"}}, {"type": "Feature", "geometry": {"type": "Point", "coordinates": [-121.872777777, 37.304166666]}, "properties": {"rank": 399, "name": "PayPal Holdings", "revenue_in_dollars": "$27.5 billion", "revenue_usd": 27518000000, "revenue": 27518000000.0, "revenue_currency": "USD", "revenue_year": "2022", "usd_rate": 1.0, "usd_rate_source": "European Central Bank euro reference rates, year average", "wikidata": "https://www.wikidata.org/wiki/Q135683211", "hq": "San Jose", "country": "United States", "industry": "financial services", "founded": "2015-01-30", "exchange": "Nasdaq", "ceo": "Dan Schulman"}}, {"type": "Feature", "geometry": {"type": "Point", "coordinates": [2.401744166, 48.826812777]}, "properties": {"rank": 400, "name": "EssilorLuxottica", "revenue_in_dollars": "$27.5 billion", "revenue_usd": 27452472017, "revenue": 25395000000.0, "revenue_currency": "EUR", "revenue_year": "2023", "usd_rate": 0.9250533060935588, "usd_rate_source": "European Central Bank euro reference rates, year average", "wikidata": "https://www.wikidata.org/wiki/Q56853086", "hq": "Charenton-le-Pont", "country": "France", "industry": "glasses manufacturing", "employees": "150000", "founded": "1971-12-31; 2018-10-01", "website": "https://www.essilorluxottica.com", "exchange": "Euronext Paris"}}, {"type": "Feature", "geometry": {"type": "Point", "coordinates": [-80.054166666, 26.873333333]}, "properties": {"rank": 401, "name": "NextEra Energy", "revenue_in_dollars": "$27.4 billion", "revenue_usd": 27412000000, "revenue": 27412000000.0, "revenue_currency": "USD", "revenue_year": "2025", "usd_rate": 1.0, "usd_rate_source": "European Central Bank euro reference rates, year average", "wikidata": "https://www.wikidata.org/wiki/Q967868", "hq": "Juno Beach", "country": "United States", "industry": "energy company", "founded": "1925-01-01", "website": "http://www.nexteraenergy.com/", "exchange": "New York Stock Exchange"}}, {"type": "Feature", "geometry": {"type": "Point", "coordinates": [116.407526, 39.90403]}, "properties": {"rank": 402, "name": "Wanda Group", "revenue_in_dollars": "$27.3 billion", "revenue_usd": 27312020873, "revenue": 180769990000.0, "revenue_currency": "CNY", "revenue_year": "2018", "usd_rate": 6.618696977563048, "usd_rate_source": "European Central Bank euro reference rates, year average", "wikidata": "https://www.wikidata.org/wiki/Q5210937", "hq": "Beijing", "country": "People's Republic of China", "industry": "conglomerate", "founded": "1988-01-01", "website": "https://www.wanda-group.com/"}}, {"type": "Feature", "geometry": {"type": "Point", "coordinates": [2.352222222, 48.856666666]}, "properties": {"rank": 403, "name": "Credit Agricole Group", "revenue_in_dollars": "$27.2 billion", "revenue_usd": 27220052979, "revenue": 25180000000.0, "revenue_currency": "EUR", "revenue_year": "2023", "usd_rate": 0.9250533060935588, "usd_rate_source": "European Central Bank euro reference rates, year average", "wikidata": "https://www.wikidata.org/wiki/Q590952", "hq": "Montrouge; Paris", "country": "France", "industry": "financial sector; other monetary intermediations", "employees": "142000; 150000", "founded": "2000-01-01", "website": "https://www.credit-agricole.com/", "exchange": "Euronext Paris", "parent": "SAS Rue La Boétie"}}, {"type": "Feature", "geometry": {"type": "Point", "coordinates": [132.5008222, 34.3770577]}, "properties": {"rank": 404, "name": "Mazda", "revenue_in_dollars": "$27.2 billion", "revenue_usd": 27219540730, "revenue": 3826752000000.0, "revenue_currency": "JPY", "revenue_year": "2023", "usd_rate": 140.58841175778662, "usd_rate_source": "European Central Bank euro reference rates, year average", "wikidata": "https://www.wikidata.org/wiki/Q35996", "hq": "Fuchū-chō", "country": "Japan", "industry": "automotive industry", "employees": "48750", "founded": "1920-01-30", "website": "https://www.mazda.com/ja/", "exchange": "Tokyo Stock Exchange", "ceo": "Masamichi Kogai"}}, {"type": "Feature", "geometry": {"type": "Point", "coordinates": [-121.98038281, 37.379595429]}, "properties": {"rank": 405, "name": "Applied Materials", "revenue_in_dollars": "$27.2 billion", "revenue_usd": 27176000000, "revenue": 27176000000.0, "revenue_currency": "USD", "revenue_year": "2024", "usd_rate": 1.0, "usd_rate_source": "European Central Bank euro reference rates, year average", "wikidata": "https://www.wikidata.org/wiki/Q621610", "hq": "Santa Clara", "country": "United States", "founded": "1967-01-01", "website": "https://www.appliedmaterials.com/", "exchange": "Frankfurt Stock Exchange; Hong Kong Stock Exchange; Moscow Exchange; Nasdaq"}}, {"type": "Feature", "geometry": {"type": "Point", "coordinates": [37.6175, 55.750555555]}, "properties": {"rank": 406, "name": "Basic Element", "revenue_in_dollars": "$27.0 billion", "revenue_usd": 27000000000, "revenue": 27000000000.0, "revenue_currency": "USD", "revenue_year": "2012", "usd_rate": 1.0, "usd_rate_source": "European Central Bank euro reference rates, year average", "wikidata": "https://www.wikidata.org/wiki/Q809999", "hq": "Moscow", "country": "Russia", "industry": "aluminium industry", "founded": "1997-01-01", "website": "http://www.basel.ru/en/; http://www.sibal.ru/en/", "ceo": "Oleg Deripaska"}}, {"type": "Feature", "geometry": {"type": "Point", "coordinates": [116.407526, 39.90403]}, "properties": {"rank": 407, "name": "DiDi Global", "revenue_in_dollars": "$27.0 billion", "revenue_usd": 26953636273, "revenue": 173827000000.0, "revenue_currency": "CNY", "revenue_year": "2021", "usd_rate": 6.449111290092781, "usd_rate_source": "European Central Bank euro reference rates, year average", "wikidata": "https://www.wikidata.org/wiki/Q113153195", "hq": "Beijing; George Town", "country": "Cayman Islands; People's Republic of China", "industry": "information technology industry; transport industry", "employees": "24396", "founded": "2013-01-01", "exchange": "New York Stock Exchange", "ceo": "Cheng Wei"}}, {"type": "Feature", "geometry": {"type": "Point", "coordinates": [-80.0, 40.441666666]}, "properties": {"rank": 409, "name": "Kraft Heinz", "revenue_in_dollars": "$26.5 billion", "revenue_usd": 26485000000, "revenue": 26485000000.0, "revenue_currency": "USD", "revenue_year": "2022", "usd_rate": 1.0, "usd_rate_source": "European Central Bank euro reference rates, year average", "wikidata": "https://www.wikidata.org/wiki/Q19681433", "hq": "Northfield; Pittsburgh", "country": "United Kingdom; United States", "industry": "fast-moving consumer goods; food industry", "employees": "36000", "founded": "2015-01-01", "website": "http://www.kraftheinzcompany.com", "exchange": "Nasdaq", "parent": "Berkshire Hathaway", "ceo": "Bernardo Hees"}}, {"type": "Feature", "geometry": {"type": "Point", "coordinates": [7.013055555, 51.450833333]}, "properties": {"rank": 410, "name": "Schenker AG", "revenue_in_dollars": "$26.4 billion", "revenue_usd": 26427142210, "revenue": 19000000000.0, "revenue_currency": "EUR", "revenue_year": "2009", "usd_rate": 0.7189577990995225, "usd_rate_source": "European Central Bank euro reference rates, year average", "wikidata": "https://www.wikidata.org/wiki/Q474287", "hq": "Essen", "country": "Germany", "industry": "freight transport; freight transport by road and removal services; logistics; transport", "founded": "1872-01-01", "website": "https://www.dbschenker.com/"}}, {"type": "Feature", "geometry": {"type": "Point", "coordinates": [-93.6095, 41.5911]}, "properties": {"rank": 411, "name": "Berkshire Hathaway Energy", "revenue_in_dollars": "$26.3 billion", "revenue_usd": 26337000000, "revenue": 26337000000.0, "revenue_currency": "USD", "revenue_year": "2022", "usd_rate": 1.0, "usd_rate_source": "European Central Bank euro reference rates, year average", "wikidata": "https://www.wikidata.org/wiki/Q16840677", "hq": "Des Moines", "industry": "petroleum industry", "website": "http://www.berkshirehathawayenergyco.com/", "parent": "Berkshire Hathaway"}}, {"type": "Feature", "geometry": {"type": "Point", "coordinates": [-118.875, 34.189444444]}, "properties": {"rank": 412, "name": "Amgen", "revenue_in_dollars": "$26.3 billion", "revenue_usd": 26323000000, "revenue": 26323000000.0, "revenue_currency": "USD", "revenue_year": "2022", "usd_rate": 1.0, "usd_rate_source": "European Central Bank euro reference rates, year average", "wikidata": "https://www.wikidata.org/wiki/Q470517", "hq": "Thousand Oaks", "country": "United States", "industry": "pharmaceutical industry", "employees": "17900", "founded": "1980-01-01", "website": "http://www.amgen.com/", "exchange": "Hong Kong Stock Exchange; Nasdaq"}}, {"type": "Feature", "geometry": {"type": "Point", "coordinates": [4.8934, 52.3737]}, "properties": {"rank": 414, "name": "ING Group", "revenue_in_dollars": "$26.0 billion", "revenue_usd": 25978214252, "revenue": 23035000000.0, "revenue_currency": "EUR", "revenue_year": "2025", "usd_rate": 0.8867045200428487, "usd_rate_source": "European Central Bank euro reference rates, year average", "wikidata": "https://www.wikidata.org/wiki/Q645708", "hq": "Amsterdam", "country": "Netherlands", "industry": "economics of banking; financial sector; financial services", "employees": "64298", "founded": "1991-03-04", "website": "https://ing.com", "exchange": "Amsterdam Stock Exchange; New York Stock Exchange", "ceo": "Ralph Hamers; Steven van Rijswijk"}}, {"type": "Feature", "geometry": {"type": "Point", "coordinates": [-87.653836, 41.883608]}, "properties": {"rank": 415, "name": "McDonald's", "revenue_in_dollars": "$25.9 billion", "revenue_usd": 25920000000, "revenue": 25920000000.0, "revenue_currency": "USD", "revenue_year": "2024", "usd_rate": 1.0, "usd_rate_source": "European Central Bank euro reference rates, year average", "wikidata": "https://www.wikidata.org/wiki/Q38076", "hq": "Chicago; Illinois", "country": "United States", "industry": "accommodation and food service activities; food and tobacco industry; food service; quick service restaurant sector", "employees": "200000", "founded": "1940-05-15", "website": "https://www.mcdonalds.com", "exchange": "New York Stock Exchange; Tokyo Stock Exchange", "ceo": "Chris Kempczinski"}}, {"type": "Feature", "geometry": {"type": "Point", "coordinates": [-97.3207, 32.8616]}, "properties": {"rank": 416, "name": "BNSF Railway", "revenue_in_dollars": "$25.9 billion", "revenue_usd": 25888000000, "revenue": 25888000000.0, "revenue_currency": "USD", "revenue_year": "2022", "usd_rate": 1.0, "usd_rate_source": "European Central Bank euro reference rates, year average", "wikidata": "https://www.wikidata.org/wiki/Q267122", "hq": "Fort Worth", "country": "United States", "industry": "rail transport", "employees": "43000", "founded": "1995-09-22", "website": "https://www.bnsf.com/", "parent": "Burlington Northern Santa Fe Corporation"}}, {"type": "Feature", "geometry": {"type": "Point", "coordinates": [112.8483, 35.49056]}, "properties": {"rank": 417, "name": "Jinneng Holding Equipment Manufacturing Group", "revenue_in_dollars": "$25.8 billion", "revenue_usd": 25829074904, "revenue": 170954820000.0, "revenue_currency": "CNY", "revenue_year": "2018", "usd_rate": 6.618696977563048, "usd_rate_source": "European Central Bank euro reference rates, year average", "wikidata": "https://www.wikidata.org/wiki/Q15950384", "hq": "Jincheng", "country": "People's Republic of China", "industry": "mining industry", "founded": "2020-01-01", "parent": "Jinneng Holding Group"}}, {"type": "Feature", "geometry": {"type": "Point", "coordinates": [-121.872777777, 37.304166666]}, "properties": {"rank": 418, "name": "Flex Ltd.", "revenue_in_dollars": "$25.8 billion", "revenue_usd": 25813000000, "revenue": 25813000000.0, "revenue_currency": "USD", "revenue_year": "2025", "usd_rate": 1.0, "usd_rate_source": "European Central Bank euro reference rates, year average", "wikidata": "https://www.wikidata.org/wiki/Q1140680", "hq": "San Jose; Singapore", "country": "United States", "industry": "electronics", "employees": "147979", "founded": "1969-01-01", "website": "https://www.flex.com", "exchange": "Nasdaq", "ceo": "Revathi Advaithi"}}, {"type": "Feature", "geometry": {"type": "Point", "coordinates": [4.359166666, 52.011666666]}, "properties": {"rank": 419, "name": "Inter IKEA Holding", "revenue_in_dollars": "$25.8 billion", "revenue_usd": 25791415311, "revenue": 22878000000.0, "revenue_currency": "EUR", "revenue_year": "2017", "usd_rate": 0.8870393393987349, "usd_rate_source": "European Central Bank euro reference rates, year average", "wikidata": "https://www.wikidata.org/wiki/Q47508289", "hq": "Delft", "country": "Netherlands", "founded": "1997-01-01", "website": "http://franchisor.ikea.com/", "parent": "Interogo Holding AG"}}, {"type": "Feature", "geometry": {"type": "Point", "coordinates": [-38.492777777, -12.983055555]}, "properties": {"rank": 422, "name": "Novonor", "revenue_in_dollars": "$25.8 billion", "revenue_usd": 25763358113, "revenue": 89762000000.0, "revenue_currency": "BRL", "revenue_year": "2016", "usd_rate": 3.484095497459302, "usd_rate_source": "European Central Bank euro reference rates, year average", "wikidata": "https://www.wikidata.org/wiki/Q94849", "hq": "Salvador", "country": "Brazil", "industry": "construction", "employees": "79616", "founded": "1944-01-01", "website": "https://novonor.com/", "ceo": "Luciano Guidolin"}}, {"type": "Feature", "geometry": {"type": "Point", "coordinates": [-95.37055, 29.75861]}, "properties": {"rank": 423, "name": "EOG Resources", "revenue_in_dollars": "$25.7 billion", "revenue_usd": 25702000000, "revenue": 25702000000.0, "revenue_currency": "USD", "revenue_year": "2022", "usd_rate": 1.0, "usd_rate_source": "European Central Bank euro reference rates, year average", "wikidata": "https://www.wikidata.org/wiki/Q1275577", "hq": "Houston", "country": "United States", "industry": "petroleum industry", "founded": "1999-01-01", "website": "https://www.eogresources.com/", "exchange": "New York Stock Exchange"}}, {"type": "Feature", "geometry": {"type": "Point", "coordinates": [139.70002778, 35.68727778]}, "properties": {"rank": 424, "name": "East Japan Railway Company", "revenue_in_dollars": "$25.7 billion", "revenue_usd": 25676900296, "revenue": 2880802000000.0, "revenue_currency": "JPY", "revenue_year": "2017", "usd_rate": 112.19430565232486, "usd_rate_source": "European Central Bank euro reference rates, year average", "wikidata": "https://www.wikidata.org/wiki/Q499071", "hq": "JR East Headquarters Building", "country": "Japan", "industry": "rail transport", "employees": "73063", "founded": "1987-04-01", "website": "https://www.jreast.co.jp/", "exchange": "Tokyo Stock Exchange", "ceo": "Yōichi Kise"}}, {"type": "Feature", "geometry": {"type": "Point", "coordinates": [72.8775, 19.075833333]}, "properties": {"rank": 425, "name": "HDFC Bank", "revenue_in_dollars": "$25.6 billion", "revenue_usd": 25636300000, "revenue": 25636300000.0, "revenue_currency": "USD", "revenue_year": "2024", "usd_rate": 1.0, "usd_rate_source": "European Central Bank euro reference rates, year average", "wikidata": "https://www.wikidata.org/wiki/Q631047", "hq": "Mumbai", "country": "India", "industry": "economics of banking; financial sector; financial services", "employees": "177000", "founded": "1994-01-01", "website": "https://hdfc.bank.in/", "exchange": "National Stock Exchange of India; New York Stock Exchange", "ceo": "Sashidhar Jagdishan"}}, {"type": "Feature", "geometry": {"type": "Point", "coordinates": [2.269583333, 48.83675]}, "properties": {"rank": 426, "name": "Safran", "revenue_in_dollars": "$25.6 billion", "revenue_usd": 25567175258, "revenue": 23651000000.0, "revenue_currency": "EUR", "revenue_year": "2023", "usd_rate": 0.9250533060935588, "usd_rate_source": "European Central Bank euro reference rates, year average", "wikidata": "https://www.wikidata.org/wiki/Q1886126", "hq": "Paris", "country": "France", "industry": "activities of head offices; aerospace industry; defence industry", "founded": "2005-05-11", "website": "https://www.safran-group.com; https://www.safran-group.com/fr", "exchange": "Euronext Paris"}}, {"type": "Feature", "geometry": {"type": "Point", "coordinates": [9.19, 45.466944444]}, "properties": {"rank": 427, "name": "Techint", "revenue_in_dollars": "$25.5 billion", "revenue_usd": 25477000000, "revenue": 25477000000.0, "revenue_currency": "USD", "revenue_year": "2012", "usd_rate": 1.0, "usd_rate_source": "European Central Bank euro reference rates, year average", "wikidata": "https://www.wikidata.org/wiki/Q2037048", "hq": "Buenos Aires; Milan", "country": "Argentina; Italy", "industry": "metallurgy", "employees": "59196", "founded": "1945-01-01", "website": "https://www.techint.com/es"}}, {"type": "Feature", "geometry": {"type": "Point", "coordinates": [-8.473055555, 51.9]}, "properties": {"rank": 428, "name": "Johnson Controls", "revenue_in_dollars": "$25.3 billion", "revenue_usd": 25299000000, "revenue": 25299000000.0, "revenue_currency": "USD", "revenue_year": "2022", "usd_rate": 1.0, "usd_rate_source": "European Central Bank euro reference rates, year average", "wikidata": "https://www.wikidata.org/wiki/Q667865", "hq": "Cork", "country": "Belgium; Ireland", "employees": "120000", "founded": "1885-01-01", "website": "https://www.johnsoncontrols.com/", "exchange": "New York Stock Exchange"}}, {"type": "Feature", "geometry": {"type": "Point", "coordinates": [-73.986388888, 40.757777777]}, "properties": {"rank": 429, "name": "Viacom", "revenue_in_dollars": "$25.3 billion", "revenue_usd": 25285000000, "revenue": 25285000000.0, "revenue_currency": "USD", "revenue_year": "2020", "usd_rate": 1.0, "usd_rate_source": "European Central Bank euro reference rates, year average", "wikidata": "https://www.wikidata.org/wiki/Q214346", "hq": "One Astor Plaza", "country": "United States", "industry": "media industry", "employees": "11200", "founded": "2005-12-31", "website": "http://www.viacom.com/", "exchange": "Nasdaq", "parent": "National Amusements", "ceo": "Robert Bakish"}}, {"type": "Feature", "geometry": {"type": "Point", "coordinates": [6.776666666, 51.225555555]}, "properties": {"rank": 430, "name": "Ceconomy", "revenue_in_dollars": "$25.2 billion", "revenue_usd": 25249932350, "revenue": 21361000000.0, "revenue_currency": "EUR", "revenue_year": "2021", "usd_rate": 0.8459824645982237, "usd_rate_source": "European Central Bank euro reference rates, year average", "wikidata": "https://www.wikidata.org/wiki/Q28858523", "hq": "Düsseldorf", "country": "Germany", "industry": "retail", "employees": "45447; 46186", "founded": "1996-01-01", "website": "https://www.ceconomy.de"}}, {"type": "Feature", "geometry": {"type": "Point", "coordinates": [-118.399444444, 34.073055555]}, "properties": {"rank": 431, "name": "Live Nation Entertainment", "revenue_in_dollars": "$25.2 billion", "revenue_usd": 25201406000, "revenue": 25201406000.0, "revenue_currency": "USD", "revenue_year": "2025", "usd_rate": 1.0, "usd_rate_source": "European Central Bank euro reference rates, year average", "wikidata": "https://www.wikidata.org/wiki/Q1061903", "hq": "Beverly Hills", "country": "United States", "industry": "show business", "founded": "2005-01-01", "website": "https://www.livenationentertainment.com/", "exchange": "New York Stock Exchange"}}, {"type": "Feature", "geometry": {"type": "Point", "coordinates": [-77.2297, 38.9186]}, "properties": {"rank": 432, "name": "DXC Technology", "revenue_in_dollars": "$25.0 billion", "revenue_usd": 25000000000, "revenue": 25000000000.0, "revenue_currency": "USD", "revenue_year": "2017", "usd_rate": 1.0, "usd_rate_source": "European Central Bank euro reference rates, year average", "wikidata": "https://www.wikidata.org/wiki/Q28782856", "hq": "Tysons", "country": "United States", "industry": "quaternary sector of the economy", "employees": "170500", "founded": "2017-04-03", "website": "https://dxc.com/us/en", "exchange": "New York Stock Exchange"}}, {"type": "Feature", "geometry": {"type": "Point", "coordinates": [-72.547455, 42.112411]}, "properties": {"rank": 433, "name": "Massachusetts Mutual Life Insurance Company", "revenue_in_dollars": "$25.0 billion", "revenue_usd": 25000000000, "revenue": 25000000000.0, "revenue_currency": "USD", "revenue_year": "2010", "usd_rate": 1.0, "usd_rate_source": "European Central Bank euro reference rates, year average", "wikidata": "https://www.wikidata.org/wiki/Q4385833", "hq": "Springfield", "country": "United States", "industry": "financial services; insurance industry", "employees": "11000", "founded": "1851-01-01", "website": "http://www.massmutual.co.jp/; https://www.massmutual.com/"}}, {"type": "Feature", "geometry": {"type": "Point", "coordinates": [-122.414722222, 37.762222222]}, "properties": {"rank": 434, "name": "OpenAI", "revenue_in_dollars": "$25.0 billion", "revenue_usd": 25000000000, "revenue": 25000000000.0, "revenue_currency": "USD", "revenue_year": "2026", "usd_rate": 1.0, "usd_rate_source": "European Central Bank euro reference rates, year average", "wikidata": "https://www.wikidata.org/wiki/Q21708200", "hq": "San Francisco", "country": "United States", "industry": "artificial intelligence", "employees": "4500", "founded": "2015-12-08", "website": "https://openai.com/", "ceo": "Sam Altman"}}, {"type": "Feature", "geometry": {"type": "Point", "coordinates": [-95.9375, 41.258611111]}, "properties": {"rank": 435, "name": "Union Pacific Corporation", "revenue_in_dollars": "$24.9 billion", "revenue_usd": 24875000000, "revenue": 24875000000.0, "revenue_currency": "USD", "revenue_year": "2022", "usd_rate": 1.0, "usd_rate_source": "European Central Bank euro reference rates, year average", "wikidata": "https://www.wikidata.org/wiki/Q20183163", "hq": "Omaha", "country": "United States", "industry": "rail transport; transport", "employees": "46445", "founded": "1969-01-30", "website": "http://www.up.com", "exchange": "New York Stock Exchange"}}, {"type": "Feature", "geometry": {"type": "Point", "coordinates": [-95.3968, 29.7613]}, "properties": {"rank": 436, "name": "Baker Hughes", "revenue_in_dollars": "$24.6 billion", "revenue_usd": 24600000000, "revenue": 24600000000.0, "revenue_currency": "USD", "revenue_year": "2013", "usd_rate": 1.0, "usd_rate_source": "European Central Bank euro reference rates, year average", "wikidata": "https://www.wikidata.org/wiki/Q804353", "hq": "Houston", "country": "United States", "industry": "petroleum industry", "employees": "59400", "founded": "1987-01-01", "website": "https://www.bakerhughes.com/", "exchange": "New York Stock Exchange"}}, {"type": "Feature", "geometry": {"type": "Point", "coordinates": [-73.988333, 40.750278]}, "properties": {"rank": 437, "name": "Macy's, Inc.", "revenue_in_dollars": "$24.4 billion", "revenue_usd": 24442000000, "revenue": 24442000000.0, "revenue_currency": "USD", "revenue_year": "2022", "usd_rate": 1.0, "usd_rate_source": "European Central Bank euro reference rates, year average", "wikidata": "https://www.wikidata.org/wiki/Q5479360", "hq": "Cincinnati; Macy's Herald Square", "country": "United States", "industry": "retail", "employees": "175000", "founded": "1929-01-01", "website": "https://macysinc.com/", "exchange": "New York Stock Exchange"}}, {"type": "Feature", "geometry": {"type": "Point", "coordinates": [0.14, 52.176]}, "properties": {"rank": 438, "name": "AstraZeneca", "revenue_in_dollars": "$24.4 billion", "revenue_usd": 24384000000, "revenue": 24384000000.0, "revenue_currency": "USD", "revenue_year": "2019", "usd_rate": 1.0, "usd_rate_source": "European Central Bank euro reference rates, year average", "wikidata": "https://www.wikidata.org/wiki/Q731938", "hq": "Cambridge; Cambridge Biomedical Campus", "country": "Sweden; United Kingdom", "industry": "pharmaceutical industry", "employees": "70600", "founded": "1913-01-01", "website": "http://www.astrazeneca.com/", "exchange": "London Stock Exchange; Nasdaq Stockholm AB; New York Stock Exchange", "ceo": "Pascal Soriot"}}, {"type": "Feature", "geometry": {"type": "Point", "coordinates": [11.475040033, 48.747925945]}, "properties": {"rank": 439, "name": "MediaMarktSaturn Retail Group", "revenue_in_dollars": "$24.3 billion", "revenue_usd": 24339245004, "revenue": 22000000000.0, "revenue_currency": "EUR", "revenue_year": "2016", "usd_rate": 0.9038899931387896, "usd_rate_source": "European Central Bank euro reference rates, year average", "wikidata": "https://www.wikidata.org/wiki/Q659320", "hq": "Ingolstadt", "country": "Germany", "industry": "retail", "employees": "65000", "founded": "1979-11-24", "website": "https://www.mediamarktsaturn.com/", "parent": "Ceconomy"}}, {"type": "Feature", "geometry": {"type": "Point", "coordinates": [-96.950833333, 32.811666666]}, "properties": {"rank": 440, "name": "Pioneer Natural Resources", "revenue_in_dollars": "$24.3 billion", "revenue_usd": 24294000000, "revenue": 24294000000.0, "revenue_currency": "USD", "revenue_year": "2022", "usd_rate": 1.0, "usd_rate_source": "European Central Bank euro reference rates, year average", "wikidata": "https://www.wikidata.org/wiki/Q4046987", "hq": "Irving", "country": "United States", "industry": "petroleum industry", "founded": "1997-01-01", "website": "http://www.pxd.com", "exchange": "New York Stock Exchange"}}, {"type": "Feature", "geometry": {"type": "Point", "coordinates": [-122.419444444, 37.775]}, "properties": {"rank": 441, "name": "Block, Inc.", "revenue_in_dollars": "$24.2 billion", "revenue_usd": 24193683000, "revenue": 24193683000.0, "revenue_currency": "USD", "revenue_year": "2025", "usd_rate": 1.0, "usd_rate_source": "European Central Bank euro reference rates, year average", "wikidata": "https://www.wikidata.org/wiki/Q110778747", "hq": "San Francisco", "country": "United States", "industry": "financial services; mobile payment industry", "founded": "2009-02-01", "website": "https://block.xyz/", "exchange": "Australian Securities Exchange; New York Stock Exchange", "ceo": "Jack Dorsey"}}, {"type": "Feature", "geometry": {"type": "Point", "coordinates": [18.063138888, 59.333166666]}, "properties": {"rank": 442, "name": "H&M", "revenue_in_dollars": "$24.2 billion", "revenue_usd": 24190464115, "revenue": 210400000000.0, "revenue_currency": "SEK", "revenue_year": "2018", "usd_rate": 8.697642136935366, "usd_rate_source": "European Central Bank euro reference rates, year average", "wikidata": "https://www.wikidata.org/wiki/Q188326", "hq": "Stockholm", "country": "Sweden", "industry": "fast fashion; retail", "employees": "177000", "founded": "1947-10-04", "website": "https://www2.hm.com", "exchange": "Nasdaq Stockholm AB", "parent": "Ramsbury Invest", "ceo": "Karl-Johan Persson"}}, {"type": "Feature", "geometry": {"type": "Point", "coordinates": [-77.4919, 37.58]}, "properties": {"rank": 444, "name": "Altria", "revenue_in_dollars": "$24.0 billion", "revenue_usd": 24018000000, "revenue": 24018000000.0, "revenue_currency": "USD", "revenue_year": "2024", "usd_rate": 1.0, "usd_rate_source": "European Central Bank euro reference rates, year average", "wikidata": "https://www.wikidata.org/wiki/Q445007", "hq": "Richmond", "country": "United States", "industry": "food industry; tobacco industry", "employees": "9900", "founded": "1985-01-01", "website": "http://www.altria.com", "exchange": "New York Stock Exchange", "ceo": "William F. Gifford, Jr."}}, {"type": "Feature", "geometry": {"type": "Point", "coordinates": [2.352222222, 48.856666666]}, "properties": {"rank": 445, "name": "Capgemini", "revenue_in_dollars": "$23.9 billion", "revenue_usd": 23910111364, "revenue": 22096000000.0, "revenue_currency": "EUR", "revenue_year": "2024", "usd_rate": 0.9241278580138771, "usd_rate_source": "European Central Bank euro reference rates, year average", "wikidata": "https://www.wikidata.org/wiki/Q1034621", "hq": "Paris", "country": "France", "industry": "IT service management; activities of head offices", "employees": "336900; 357000", "founded": "1967-10-01", "website": "https://www.capgemini.com/", "exchange": "Euronext Paris", "ceo": "Paul Hermelin"}}, {"type": "Feature", "geometry": {"type": "Point", "coordinates": [121.469166666, 31.2325]}, "properties": {"rank": 446, "name": "Bright Food", "revenue_in_dollars": "$23.9 billion", "revenue_usd": 23872904370, "revenue": 158007520000.0, "revenue_currency": "CNY", "revenue_year": "2018", "usd_rate": 6.618696977563048, "usd_rate_source": "European Central Bank euro reference rates, year average", "wikidata": "https://www.wikidata.org/wiki/Q2925357", "hq": "Shanghai", "industry": "fast-moving consumer goods", "founded": "2006-01-01; 2006-08-08", "website": "http://www.brightfood.com/"}}, {"type": "Feature", "geometry": {"type": "Point", "coordinates": [2.352222222, 48.856666666]}, "properties": {"rank": 447, "name": "Valeo", "revenue_in_dollars": "$23.8 billion", "revenue_usd": 23829978072, "revenue": 22044000000.0, "revenue_currency": "EUR", "revenue_year": "2023", "usd_rate": 0.9250533060935588, "usd_rate_source": "European Central Bank euro reference rates, year average", "wikidata": "https://www.wikidata.org/wiki/Q1305281", "hq": "Paris", "country": "France", "industry": "automotive industry; holding company activities", "founded": "1923-01-01", "website": "https://www.valeo.com", "exchange": "Euronext Paris", "ceo": "Christophe Perillat"}}, {"type": "Feature", "geometry": {"type": "Point", "coordinates": [-96.8641, 32.8461]}, "properties": {"rank": 448, "name": "Southwest Airlines", "revenue_in_dollars": "$23.8 billion", "revenue_usd": 23814000000, "revenue": 23814000000.0, "revenue_currency": "USD", "revenue_year": "2022", "usd_rate": 1.0, "usd_rate_source": "European Central Bank euro reference rates, year average", "wikidata": "https://www.wikidata.org/wiki/Q503308", "hq": "Dallas", "country": "United States", "industry": "air transport", "employees": "59793", "founded": "1967-03-15", "website": "https://espanol.southwest.com/; https://www.southwest.com/", "exchange": "New York Stock Exchange", "ceo": "Bob Jordan"}}, {"type": "Feature", "geometry": {"type": "Point", "coordinates": [4.3121991, 50.8269598]}, "properties": {"rank": 449, "name": "InBev Belgium", "revenue_in_dollars": "$23.6 billion", "revenue_usd": 23555257542, "revenue": 16100000000.0, "revenue_currency": "EUR", "revenue_year": "2008", "usd_rate": 0.6834992133509712, "usd_rate_source": "European Central Bank euro reference rates, year average", "wikidata": "https://www.wikidata.org/wiki/Q1416717", "hq": "Anderlecht", "country": "Belgium", "industry": "brewing industry", "employees": "86000", "founded": "1988-03-21", "website": "http://www.inbev.com/", "parent": "Anheuser-Busch InBev"}}, {"type": "Feature", "geometry": {"type": "Point", "coordinates": [4.883333333, 52.366666666]}, "properties": {"rank": 450, "name": "CNH Industrial", "revenue_in_dollars": "$23.6 billion", "revenue_usd": 23551000000, "revenue": 23551000000.0, "revenue_currency": "USD", "revenue_year": "2022", "usd_rate": 1.0, "usd_rate_source": "European Central Bank euro reference rates, year average", "wikidata": "https://www.wikidata.org/wiki/Q15238661", "hq": "Amsterdam", "country": "Netherlands", "industry": "automotive industry", "employees": "62828", "founded": "2013-09-29", "website": "http://www.cnh.com; http://www.cnhindustrial.com/", "exchange": "New York Stock Exchange", "parent": "Exor", "ceo": "Derek Neilson; Gerrit Marx"}}, {"type": "Feature", "geometry": {"type": "Point", "coordinates": [-93.269166666, 44.981944444]}, "properties": {"rank": 451, "name": "U.S. Bancorp", "revenue_in_dollars": "$23.3 billion", "revenue_usd": 23325000000, "revenue": 23325000000.0, "revenue_currency": "USD", "revenue_year": "2020", "usd_rate": 1.0, "usd_rate_source": "European Central Bank euro reference rates, year average", "wikidata": "https://www.wikidata.org/wiki/Q739084", "hq": "Minneapolis", "country": "United States", "industry": "economics of banking; financial sector; financial services", "employees": "68108", "founded": "1850-01-01", "website": "https://www.usbank.com/about-us-bank.html", "exchange": "New York Stock Exchange", "ceo": "Gunjan Kedia"}}, {"type": "Feature", "geometry": {"type": "Point", "coordinates": [8.6241, 50.2153]}, "properties": {"rank": 452, "name": "Fresenius SE & Co. KGaA", "revenue_in_dollars": "$23.3 billion", "revenue_usd": 23293313597, "revenue": 21526000000.0, "revenue_currency": "EUR", "revenue_year": "2024", "usd_rate": 0.9241278580138771, "usd_rate_source": "European Central Bank euro reference rates, year average", "wikidata": "https://www.wikidata.org/wiki/Q705361", "hq": "Bad Homburg vor der Höhe", "country": "Germany", "industry": "health care industry; pharmaceutical industry", "employees": "176486; 193865; 311269; 316078; 316920", "founded": "1912-01-01; 1981-01-01", "website": "http://fresenius.com; https://www.fresenius.de/", "exchange": "Frankfurt Stock Exchange", "ceo": "Michael Sen"}}, {"type": "Feature", "geometry": {"type": "Point", "coordinates": [116.407526, 39.90403]}, "properties": {"rank": 453, "name": "New China Life Insurance Co., Ltd.", "revenue_in_dollars": "$23.3 billion", "revenue_usd": 23292651185, "revenue": 154167000000.0, "revenue_currency": "CNY", "revenue_year": "2018", "usd_rate": 6.618696977563048, "usd_rate_source": "European Central Bank euro reference rates, year average", "wikidata": "https://www.wikidata.org/wiki/Q11084240", "hq": "Beijing", "country": "People's Republic of China", "industry": "financial services", "founded": "1996-09-01", "website": "https://www.newchinalife.com/", "exchange": "Hong Kong Stock Exchange; Shanghai Stock Exchange"}}, {"type": "Feature", "geometry": {"type": "Point", "coordinates": [-90.3446, 38.7538]}, "properties": {"rank": 454, "name": "Boeing Defense, Space & Security", "revenue_in_dollars": "$23.2 billion", "revenue_usd": 23195000000, "revenue": 23195000000.0, "revenue_currency": "USD", "revenue_year": "2018", "usd_rate": 1.0, "usd_rate_source": "European Central Bank euro reference rates, year average", "wikidata": "https://www.wikidata.org/wiki/Q795324", "hq": "Berkeley", "country": "United States", "industry": "aerospace industry; weapons industry", "employees": "68000", "founded": "2002-10-06", "website": "http://www.boeing.com/defense/; http://www.boeing.com/space/", "parent": "Boeing"}}, {"type": "Feature", "geometry": {"type": "Point", "coordinates": [10.909444444, 49.5825]}, "properties": {"rank": 455, "name": "Adidas AG", "revenue_in_dollars": "$23.2 billion", "revenue_usd": 23162989483, "revenue": 21427000000.0, "revenue_currency": "EUR", "revenue_year": "2023", "usd_rate": 0.9250533060935588, "usd_rate_source": "European Central Bank euro reference rates, year average", "wikidata": "https://www.wikidata.org/wiki/Q3895", "hq": "Herzogenaurach", "country": "Germany", "industry": "sports industry; textile industry", "employees": "59030", "founded": "1924-07-01; 1949-08-18", "website": "https://www.adidas.com/", "exchange": "Frankfurt Stock Exchange", "ceo": "Bjørn Gulden"}}, {"type": "Feature", "geometry": {"type": "Point", "coordinates": [-81.694722222, 41.499166666]}, "properties": {"rank": 456, "name": "Cleveland-Cliffs", "revenue_in_dollars": "$23.0 billion", "revenue_usd": 22989000000, "revenue": 22989000000.0, "revenue_currency": "USD", "revenue_year": "2022", "usd_rate": 1.0, "usd_rate_source": "European Central Bank euro reference rates, year average", "wikidata": "https://www.wikidata.org/wiki/Q5133094", "hq": "Cleveland", "country": "United States", "industry": "iron and steel industry", "employees": "30000", "founded": "1846-01-01", "website": "http://www.clevelandcliffs.com/", "exchange": "New York Stock Exchange"}}, {"type": "Feature", "geometry": {"type": "Point", "coordinates": [4.9625, 52.3439]}, "properties": {"rank": 457, "name": "Randstad N.V.", "revenue_in_dollars": "$22.9 billion", "revenue_usd": 22883426254, "revenue": 20684100000.0, "revenue_currency": "EUR", "revenue_year": "2016", "usd_rate": 0.9038899931387896, "usd_rate_source": "European Central Bank euro reference rates, year average", "wikidata": "https://www.wikidata.org/wiki/Q267840", "hq": "Diemen", "country": "Netherlands", "industry": "employment services industry; human resource management", "employees": "658580", "founded": "1960-01-01", "website": "https://www.randstad.com/", "exchange": "Amsterdam Stock Exchange"}}, {"type": "Feature", "geometry": {"type": "Point", "coordinates": [-121.9125, 37.714167]}, "properties": {"rank": 458, "name": "Ross Dress for Less", "revenue_in_dollars": "$22.8 billion", "revenue_usd": 22750559000, "revenue": 22750559000.0, "revenue_currency": "USD", "revenue_year": "2025", "usd_rate": 1.0, "usd_rate_source": "European Central Bank euro reference rates, year average", "wikidata": "https://www.wikidata.org/wiki/Q3442791", "hq": "Dublin", "country": "United States", "industry": "retail", "founded": "1954-01-01", "website": "https://www.rossstores.com/", "exchange": "Nasdaq"}}, {"type": "Feature", "geometry": {"type": "Point", "coordinates": [-96.808888888, 32.779166666]}, "properties": {"rank": 459, "name": "Builders FirstSource", "revenue_in_dollars": "$22.7 billion", "revenue_usd": 22726418000, "revenue": 22726418000.0, "revenue_currency": "USD", "revenue_year": "2022", "usd_rate": 1.0, "usd_rate_source": "European Central Bank euro reference rates, year average", "wikidata": "https://www.wikidata.org/wiki/Q27686100", "hq": "Dallas", "country": "United States", "industry": "building materials trade", "website": "https://www.bldr.com", "exchange": "New York Stock Exchange"}}, {"type": "Feature", "geometry": {"type": "Point", "coordinates": [116.407526, 39.90403]}, "properties": {"rank": 460, "name": "China National Coal Group", "revenue_in_dollars": "$22.7 billion", "revenue_usd": 22665888846, "revenue": 150018650000.0, "revenue_currency": "CNY", "revenue_year": "2018", "usd_rate": 6.618696977563048, "usd_rate_source": "European Central Bank euro reference rates, year average", "wikidata": "https://www.wikidata.org/wiki/Q10875850", "hq": "Beijing", "country": "People's Republic of China", "industry": "coal industry", "founded": "1982-01-01; 2006-01-01", "website": "http://www.chinacoal.com/", "parent": "State-owned Assets Supervision and Administration Commission of the State Council"}}, {"type": "Feature", "geometry": {"type": "Point", "coordinates": [2.319555555, 48.873166666]}, "properties": {"rank": 461, "name": "Groupama", "revenue_in_dollars": "$22.6 billion", "revenue_usd": 22555428046, "revenue": 20000000000.0, "revenue_currency": "EUR", "revenue_year": "2025", "usd_rate": 0.8867045200428487, "usd_rate_source": "European Central Bank euro reference rates, year average", "wikidata": "https://www.wikidata.org/wiki/Q3083531", "hq": "Paris", "country": "France", "industry": "Q112166002; financial services; insurance industry", "founded": "1900-07-04", "website": "https://www.groupama.com/; https://www.groupama.fr/", "ceo": "Thierry Martel"}}, {"type": "Feature", "geometry": {"type": "Point", "coordinates": [6.776666666, 51.225555555]}, "properties": {"rank": 462, "name": "Ergo", "revenue_in_dollars": "$22.5 billion", "revenue_usd": 22507708019, "revenue": 20800000000.0, "revenue_currency": "EUR", "revenue_year": "2024", "usd_rate": 0.9241278580138771, "usd_rate_source": "European Central Bank euro reference rates, year average", "wikidata": "https://www.wikidata.org/wiki/Q541909", "hq": "Düsseldorf; ERGO-Platz", "country": "Germany", "industry": "insurance industry", "founded": "1997-01-01", "website": "https://www.ergo.com/", "parent": "Munich Re"}}, {"type": "Feature", "geometry": {"type": "Point", "coordinates": [-71.416666666, 42.279166666]}, "properties": {"rank": 463, "name": "Staples Inc.", "revenue_in_dollars": "$22.5 billion", "revenue_usd": 22492000000, "revenue": 22492000000.0, "revenue_currency": "USD", "revenue_year": "2015", "usd_rate": 1.0, "usd_rate_source": "European Central Bank euro reference rates, year average", "wikidata": "https://www.wikidata.org/wiki/Q785943", "hq": "Framingham", "country": "United States", "industry": "retail", "employees": "79075", "founded": "1986-01-01", "website": "https://www.staples.com/", "exchange": "Nasdaq", "ceo": "Shira Goodman"}}, {"type": "Feature", "geometry": {"type": "Point", "coordinates": [116.43737, 39.92038]}, "properties": {"rank": 464, "name": "Aviation Industry Corporation of China, Ltd.", "revenue_in_dollars": "$22.5 billion", "revenue_usd": 22470000000, "revenue": 22470000000.0, "revenue_currency": "USD", "revenue_year": "2019", "usd_rate": 1.0, "usd_rate_source": "European Central Bank euro reference rates, year average", "wikidata": "https://www.wikidata.org/wiki/Q2667719", "hq": "Chaoyang District", "country": "People's Republic of China", "industry": "aerospace industry", "employees": "535942", "founded": "1951-04-17", "website": "http://www.avic.com.cn; https://en.avic.com/", "exchange": "Hong Kong Stock Exchange", "parent": "State-owned Assets Supervision and Administration Commission of the State Council"}}, {"type": "Feature", "geometry": {"type": "Point", "coordinates": [24.75589, 60.22203]}, "properties": {"rank": 465, "name": "Nokia", "revenue_in_dollars": "$22.4 billion", "revenue_usd": 22430245420, "revenue": 19889000000.0, "revenue_currency": "EUR", "revenue_year": "2025", "usd_rate": 0.8867045200428487, "usd_rate_source": "European Central Bank euro reference rates, year average", "wikidata": "https://www.wikidata.org/wiki/Q1418", "hq": "Espoo", "country": "Finland", "industry": "International Standard Industrial Classification; computer network; electrical appliance; networking hardware; telecommunications device; telecommunications industry", "employees": "103083", "founded": "1865-05-12", "website": "https://www.nokia.com/", "exchange": "Frankfurt Stock Exchange; Nasdaq Helsinki Ltd; New York Stock Exchange", "ceo": "Justin Hotard"}}, {"type": "Feature", "geometry": {"type": "Point", "coordinates": [-95.9913, 36.151]}, "properties": {"rank": 466, "name": "ONEOK", "revenue_in_dollars": "$22.4 billion", "revenue_usd": 22386892000, "revenue": 22386892000.0, "revenue_currency": "USD", "revenue_year": "2022", "usd_rate": 1.0, "usd_rate_source": "European Central Bank euro reference rates, year average", "wikidata": "https://www.wikidata.org/wiki/Q11074156", "hq": "Tulsa", "country": "United States", "industry": "public utility", "founded": "1906-01-01", "website": "http://www.oneok.com/", "exchange": "New York Stock Exchange"}}, {"type": "Feature", "geometry": {"type": "Point", "coordinates": [2.2512, 48.8217]}, "properties": {"rank": 467, "name": "Sodexo", "revenue_in_dollars": "$22.2 billion", "revenue_usd": 22195397031, "revenue": 21125000000.0, "revenue_currency": "EUR", "revenue_year": "2022", "usd_rate": 0.951773918298884, "usd_rate_source": "European Central Bank euro reference rates, year average", "wikidata": "https://www.wikidata.org/wiki/Q1475554", "hq": "Issy-les-Moulineaux", "country": "France", "industry": "Q112165913", "employees": "420000", "founded": "1966-01-01", "website": "https://www.sodexo.com", "exchange": "OTC Markets Group", "ceo": "Thierry Delaporte"}}, {"type": "Feature", "geometry": {"type": "Point", "coordinates": [-81.6916, 41.498]}, "properties": {"rank": 468, "name": "Sherwin-Williams", "revenue_in_dollars": "$22.1 billion", "revenue_usd": 22148900000, "revenue": 22148900000.0, "revenue_currency": "USD", "revenue_year": "2022", "usd_rate": 1.0, "usd_rate_source": "European Central Bank euro reference rates, year average", "wikidata": "https://www.wikidata.org/wiki/Q48881", "hq": "Cleveland", "country": "United States", "industry": "chemical industry; manufacture of paints, varnishes and similar coatings, printing ink a mastics", "founded": "1866-01-01", "website": "https://www.sherwin-williams.com.mx; https://www.sherwin-williams.com/", "exchange": "New York Stock Exchange", "ceo": "Heidi Petzerling-Galle"}}, {"type": "Feature", "geometry": {"type": "Point", "coordinates": [4.35747, 50.85614]}, "properties": {"rank": 469, "name": "Ageas", "revenue_in_dollars": "$22.1 billion", "revenue_usd": 22129130456, "revenue": 19622000000.0, "revenue_currency": "EUR", "revenue_year": "2025", "usd_rate": 0.8867045200428487, "usd_rate_source": "European Central Bank euro reference rates, year average", "wikidata": "https://www.wikidata.org/wiki/Q392338", "hq": "Saint-Josse-ten-Noode", "country": "Belgium", "industry": "financial services", "founded": "2008-01-01", "website": "http://www.ageas.com", "exchange": "Euronext Brussels"}}, {"type": "Feature", "geometry": {"type": "Point", "coordinates": [2.269166666, 48.823055555]}, "properties": {"rank": 470, "name": "Coca-Cola Europacific Partners", "revenue_in_dollars": "$22.1 billion", "revenue_usd": 22115987331, "revenue": 20438000000.0, "revenue_currency": "EUR", "revenue_year": "2024", "usd_rate": 0.9241278580138771, "usd_rate_source": "European Central Bank euro reference rates, year average", "wikidata": "https://www.wikidata.org/wiki/Q20811256", "hq": "Issy-les-Moulineaux", "country": "United Kingdom", "industry": "beverage industry", "employees": "2600; 32315; 33059; 33295; 41000", "founded": "2015-01-01", "website": "https://www.cocacolaep.com/"}}, {"type": "Feature", "geometry": {"type": "Point", "coordinates": [8.24, 50.0825]}, "properties": {"rank": 471, "name": "Linde", "revenue_in_dollars": "$22.1 billion", "revenue_usd": 22111314621, "revenue": 16655000000.0, "revenue_currency": "EUR", "revenue_year": "2013", "usd_rate": 0.7532342732907155, "usd_rate_source": "European Central Bank euro reference rates, year average", "wikidata": "https://www.wikidata.org/wiki/Q72927795", "hq": "Angerhof; Wiesbaden", "country": "Germany", "industry": "chemical industry; machinery industry and plant construction; mechanical engineering", "employees": "63487", "founded": "1879-06-21", "website": "http://www.linde.com/", "parent": "Linde Group", "ceo": "Aldo Belloni; Wolfgang Reitzle"}}, {"type": "Feature", "geometry": {"type": "Point", "coordinates": [12.469245, 41.920508]}, "properties": {"rank": 472, "name": "Leonardo", "revenue_in_dollars": "$22.0 billion", "revenue_usd": 21994925659, "revenue": 19503000000.0, "revenue_currency": "EUR", "revenue_year": "2025", "usd_rate": 0.8867045200428487, "usd_rate_source": "European Central Bank euro reference rates, year average", "wikidata": "https://www.wikidata.org/wiki/Q910379", "hq": "Rome", "country": "Italy", "industry": "aerospace engineering; aerospace industry; aircraft industry; information security; weapons industry", "employees": "62762", "founded": "2016-01-01", "website": "https://www.leonardo.com/", "exchange": "Italian Stock Exchange", "parent": "Q3708633", "ceo": "Roberto Cingolani"}}, {"type": "Feature", "geometry": {"type": "Point", "coordinates": [6.13, 49.611388888]}, "properties": {"rank": 473, "name": "Ineos", "revenue_in_dollars": "$22.0 billion", "revenue_usd": 21987364434, "revenue": 20927000000.0, "revenue_currency": "EUR", "revenue_year": "2022", "usd_rate": 0.951773918298884, "usd_rate_source": "European Central Bank euro reference rates, year average", "wikidata": "https://www.wikidata.org/wiki/Q673231", "hq": "Luxembourg", "country": "United Kingdom", "industry": "petroleum industry", "employees": "7517", "founded": "1998-01-01; 2011-01-01", "website": "http://ineos.com", "ceo": "Jim Ratcliffe"}}, {"type": "Feature", "geometry": {"type": "Point", "coordinates": [6.839556259, 51.17568185]}, "properties": {"rank": 474, "name": "Henkel KGaA", "revenue_in_dollars": "$22.0 billion", "revenue_usd": 21954139004, "revenue": 19250000000.0, "revenue_currency": "EUR", "revenue_year": "2020", "usd_rate": 0.876827827171967, "usd_rate_source": "European Central Bank euro reference rates, year average", "wikidata": "https://www.wikidata.org/wiki/Q276507", "hq": "Aachen; Düsseldorf", "country": "Germany", "industry": "chemical industry", "employees": "48900; 51200; 52450; 52600", "founded": "1876-09-26", "website": "https://www.henkel-de/; https://www.henkel.com/; https://www.henkel.it/", "exchange": "Frankfurt Stock Exchange"}}, {"type": "Feature", "geometry": {"type": "Point", "coordinates": [2.352222222, 48.856666666]}, "properties": {"rank": 475, "name": "Rexel", "revenue_in_dollars": "$21.9 billion", "revenue_usd": 21878765205, "revenue": 19400000000.0, "revenue_currency": "EUR", "revenue_year": "2025", "usd_rate": 0.8867045200428487, "usd_rate_source": "European Central Bank euro reference rates, year average", "wikidata": "https://www.wikidata.org/wiki/Q962489", "hq": "Paris", "country": "France", "industry": "Q112165722; holding company activities; wholesale", "employees": "27086", "founded": "1967-01-01; 1975-01-01", "website": "https://www.rexel.com/", "exchange": "OTC Markets Group"}}, {"type": "Feature", "geometry": {"type": "Point", "coordinates": [9.6901512, 49.2803765]}, "properties": {"rank": 476, "name": "Würth", "revenue_in_dollars": "$21.9 billion", "revenue_usd": 21858447210, "revenue": 20200000000.0, "revenue_currency": "EUR", "revenue_year": "2024", "usd_rate": 0.9241278580138771, "usd_rate_source": "European Central Bank euro reference rates, year average", "wikidata": "https://www.wikidata.org/wiki/Q679750", "hq": "Künzelsau", "country": "Germany", "industry": "wholesale", "employees": "78686; 79139; 87000", "founded": "1945-01-01", "website": "https://www.wuerth.de/"}}, {"type": "Feature", "geometry": {"type": "Point", "coordinates": [8.025636, 44.691542]}, "properties": {"rank": 477, "name": "Ferrero SpA", "revenue_in_dollars": "$21.8 billion", "revenue_usd": 21765988065, "revenue": 19300000000.0, "revenue_currency": "EUR", "revenue_year": "2025", "usd_rate": 0.8867045200428487, "usd_rate_source": "European Central Bank euro reference rates, year average", "wikidata": "https://www.wikidata.org/wiki/Q269792", "hq": "Alba", "country": "Italy; Luxembourg", "industry": "food industry", "employees": "48697", "founded": "1946-01-01", "website": "https://www.ferrero.com.cn; https://www.ferrero.com.tw; https://www.ferrero.com/", "ceo": "Giovanni Ferrero"}}, {"type": "Feature", "geometry": {"type": "Point", "coordinates": [139.691666666, 35.689444444]}, "properties": {"rank": 478, "name": "Fujifilm Corporation", "revenue_in_dollars": "$21.7 billion", "revenue_usd": 21733466433, "revenue": 2859041000000.0, "revenue_currency": "JPY", "revenue_year": "2022", "usd_rate": 131.55016061506493, "usd_rate_source": "European Central Bank euro reference rates, year average", "wikidata": "https://www.wikidata.org/wiki/Q164740", "hq": "Minato; Tokyo", "country": "Japan", "industry": "Document Solutions; medical imaging; photo industry; photographic process; printing company; regenerative medicine", "employees": "75845", "founded": "1934-01-20; 2006-10-02", "website": "https://www.fujifilm.com/", "exchange": "Tokyo Stock Exchange", "parent": "FUJIFILM Holdings Corporation"}}, {"type": "Feature", "geometry": {"type": "Point", "coordinates": [16.414094, 48.213664]}, "properties": {"rank": 479, "name": "OMV", "revenue_in_dollars": "$21.3 billion", "revenue_usd": 21307902672, "revenue": 19260000000.0, "revenue_currency": "EUR", "revenue_year": "2016", "usd_rate": 0.9038899931387896, "usd_rate_source": "European Central Bank euro reference rates, year average", "wikidata": "https://www.wikidata.org/wiki/Q168238", "hq": "Schwechat; Vienna", "country": "Austria", "industry": "petroleum industry", "employees": "22544", "founded": "1956-07-03; 1995-01-01", "website": "https://www.omv.com/", "exchange": "Wiener Boerse AG", "ceo": "Alfred Stern"}}, {"type": "Feature", "geometry": {"type": "Point", "coordinates": [8.41916667, 51.90805556]}, "properties": {"rank": 480, "name": "Bertelsmann", "revenue_in_dollars": "$21.3 billion", "revenue_usd": 21270807710, "revenue": 20245000000.0, "revenue_currency": "EUR", "revenue_year": "2022", "usd_rate": 0.951773918298884, "usd_rate_source": "European Central Bank euro reference rates, year average", "wikidata": "https://www.wikidata.org/wiki/Q156913", "hq": "Gütersloh", "country": "Germany", "industry": "educational system; media industry; service", "employees": "164691", "founded": "1835-07-01", "website": "https://www.bertelsmann.com/; https://www.bertelsmann.de/", "ceo": "Thomas Rabe"}}, {"type": "Feature", "geometry": {"type": "Point", "coordinates": [-0.1275, 51.507222222]}, "properties": {"rank": 481, "name": "Virgin Group", "revenue_in_dollars": "$21.2 billion", "revenue_usd": 21167896885, "revenue": 16600000000.0, "revenue_currency": "GBP", "revenue_year": "2019", "usd_rate": 0.7842063899797334, "usd_rate_source": "European Central Bank euro reference rates, year average", "wikidata": "https://www.wikidata.org/wiki/Q494917", "hq": "London", "country": "United Kingdom", "industry": "air cargo; economics of banking; food industry; health care industry; music industry; publishing industry; telecommunications industry; tourism industry", "employees": "69000", "founded": "1970-02-01", "website": "http://www.virgin.com", "exchange": "London Stock Exchange"}}, {"type": "Feature", "geometry": {"type": "Point", "coordinates": [-89.8499, 35.1001]}, "properties": {"rank": 482, "name": "International Paper", "revenue_in_dollars": "$21.2 billion", "revenue_usd": 21161000000, "revenue": 21161000000.0, "revenue_currency": "USD", "revenue_year": "2022", "usd_rate": 1.0, "usd_rate_source": "European Central Bank euro reference rates, year average", "wikidata": "https://www.wikidata.org/wiki/Q202972", "hq": "Boston; Memphis", "country": "United States", "industry": "pulp and paper industry", "employees": "58000", "founded": "1898-01-01", "website": "https://www.internationalpaper.com/", "exchange": "New York Stock Exchange", "parent": "International Power and Paper Company"}}, {"type": "Feature", "geometry": {"type": "Point", "coordinates": [2.352222222, 48.856666666]}, "properties": {"rank": 483, "name": "Kering", "revenue_in_dollars": "$21.2 billion", "revenue_usd": 21151213526, "revenue": 19566000000.0, "revenue_currency": "EUR", "revenue_year": "2023", "usd_rate": 0.9250533060935588, "usd_rate_source": "European Central Bank euro reference rates, year average", "wikidata": "https://www.wikidata.org/wiki/Q931207", "hq": "Paris", "country": "France", "industry": "activities of head offices", "employees": "44000", "founded": "1955-01-01; 1955-06-02; 1962-01-01", "website": "https://www.kering.com/; https://www.kering.com/cn/; https://www.kering.com/en/; https://www.kering.com/fr/; https://www.kering.com/it/; https://www.kering.com/jp/", "exchange": "Euronext Paris", "parent": "Groupe Artémis", "ceo": "Luca de Meo"}}, {"type": "Feature", "geometry": {"type": "Point", "coordinates": [-79.9957, 40.4412]}, "properties": {"rank": 484, "name": "U.S. Steel", "revenue_in_dollars": "$21.1 billion", "revenue_usd": 21065000000, "revenue": 21065000000.0, "revenue_currency": "USD", "revenue_year": "2022", "usd_rate": 1.0, "usd_rate_source": "European Central Bank euro reference rates, year average", "wikidata": "https://www.wikidata.org/wiki/Q72539", "hq": "Pittsburgh", "country": "United States", "industry": "iron and steel industry", "employees": "85000", "founded": "1901-01-01", "website": "http://www.ussteel.com", "exchange": "NYSE Chicago, Inc.; New York Stock Exchange", "parent": "Nippon Steel Corporation", "ceo": "David Burritt"}}, {"type": "Feature", "geometry": {"type": "Point", "coordinates": [-1.751, 53.794]}, "properties": {"rank": 485, "name": "Morrisons", "revenue_in_dollars": "$21.0 billion", "revenue_usd": 21000965540, "revenue": 16317000000.0, "revenue_currency": "GBP", "revenue_year": "2017", "usd_rate": 0.7769642766446275, "usd_rate_source": "European Central Bank euro reference rates, year average", "wikidata": "https://www.wikidata.org/wiki/Q922344", "hq": "Bradford", "country": "United Kingdom", "industry": "retail", "founded": "1899-01-01", "website": "https://www.morrisons.com/", "exchange": "London Stock Exchange", "ceo": "Rami Baitiéh"}}, {"type": "Feature", "geometry": {"type": "Point", "coordinates": [8.610486111, 50.229236111]}, "properties": {"rank": 486, "name": "Fresenius Medical Care", "revenue_in_dollars": "$20.9 billion", "revenue_usd": 20923511646, "revenue": 19336000000.0, "revenue_currency": "EUR", "revenue_year": "2024", "usd_rate": 0.9241278580138771, "usd_rate_source": "European Central Bank euro reference rates, year average", "wikidata": "https://www.wikidata.org/wiki/Q650259", "hq": "Bad Homburg vor der Höhe; Hof", "country": "Germany", "industry": "health care; medical technology industry; pharmaceutical industry", "employees": "125364", "founded": "1975-01-01", "website": "https://fmcna.com/", "exchange": "Frankfurt Stock Exchange; New York Stock Exchange", "parent": "Fresenius SE & Co. KGaA", "ceo": "Helen Giza"}}, {"type": "Feature", "geometry": {"type": "Point", "coordinates": [-77.136888888, 39.025388888]}, "properties": {"rank": 487, "name": "Marriott International", "revenue_in_dollars": "$20.8 billion", "revenue_usd": 20773000000, "revenue": 20773000000.0, "revenue_currency": "USD", "revenue_year": "2022", "usd_rate": 1.0, "usd_rate_source": "European Central Bank euro reference rates, year average", "wikidata": "https://www.wikidata.org/wiki/Q1141173", "hq": "Bethesda", "country": "United States", "industry": "hospitality industry; tourism industry", "founded": "1993-10-08", "website": "https://www.marriott.com.cn/; https://www.marriott.com/; https://www.marriott.com/default.mi", "exchange": "Nasdaq"}}, {"type": "Feature", "geometry": {"type": "Point", "coordinates": [-122.393, 37.7905]}, "properties": {"rank": 488, "name": "Charles Schwab Corporation", "revenue_in_dollars": "$20.8 billion", "revenue_usd": 20762000000, "revenue": 20762000000.0, "revenue_currency": "USD", "revenue_year": "2022", "usd_rate": 1.0, "usd_rate_source": "European Central Bank euro reference rates, year average", "wikidata": "https://www.wikidata.org/wiki/Q1066028", "hq": "San Francisco", "country": "United States", "industry": "financial services", "employees": "12400", "founded": "1971-01-01", "website": "https://www.schwab.com/", "exchange": "New York Stock Exchange"}}, {"type": "Feature", "geometry": {"type": "Point", "coordinates": [-81.694722222, 41.499166666]}, "properties": {"rank": 489, "name": "Eaton Corporation", "revenue_in_dollars": "$20.8 billion", "revenue_usd": 20752000000, "revenue": 20752000000.0, "revenue_currency": "USD", "revenue_year": "2022", "usd_rate": 1.0, "usd_rate_source": "European Central Bank euro reference rates, year average", "wikidata": "https://www.wikidata.org/wiki/Q48872", "hq": "Cleveland", "country": "Ireland; United States", "industry": "industrial manufacturing", "employees": "92000", "founded": "1911-01-01", "website": "https://www.eaton.com/us/en-us.html", "exchange": "New York Stock Exchange"}}, {"type": "Feature", "geometry": {"type": "Point", "coordinates": [-74.006111111, 40.712777777]}, "properties": {"rank": 490, "name": "Marsh & McLennan Companies", "revenue_in_dollars": "$20.7 billion", "revenue_usd": 20720000000, "revenue": 20720000000.0, "revenue_currency": "USD", "revenue_year": "2022", "usd_rate": 1.0, "usd_rate_source": "European Central Bank euro reference rates, year average", "wikidata": "https://www.wikidata.org/wiki/Q1786345", "hq": "New York City", "country": "United States", "founded": "1905-01-01", "website": "http://www.mmc.com/", "exchange": "New York Stock Exchange"}}, {"type": "Feature", "geometry": {"type": "Point", "coordinates": [116.407526, 39.90403]}, "properties": {"rank": 491, "name": "Air China", "revenue_in_dollars": "$20.7 billion", "revenue_usd": 20664852986, "revenue": 136774400000.0, "revenue_currency": "CNY", "revenue_year": "2018", "usd_rate": 6.618696977563048, "usd_rate_source": "European Central Bank euro reference rates, year average", "wikidata": "https://www.wikidata.org/wiki/Q51747", "hq": "Beijing; Shunyi District", "country": "People's Republic of China", "employees": "50000", "founded": "1988-07-01", "website": "http://www.airchina.com/", "exchange": "Hong Kong Stock Exchange; London Stock Exchange; Shanghai Stock Exchange", "parent": "China National Aviation Fuel; China National Aviation Holding"}}, {"type": "Feature", "geometry": {"type": "Point", "coordinates": [7.013055555, 51.450833333]}, "properties": {"rank": 492, "name": "Brenntag", "revenue_in_dollars": "$20.4 billion", "revenue_usd": 20382991829, "revenue": 19400000000.0, "revenue_currency": "EUR", "revenue_year": "2022", "usd_rate": 0.951773918298884, "usd_rate_source": "European Central Bank euro reference rates, year average", "wikidata": "https://www.wikidata.org/wiki/Q828445", "hq": "Essen; Mülheim an der Ruhr", "country": "Germany", "industry": "Wholesale of chemical products; wholesale", "employees": "17500", "founded": "1874-01-01", "website": "https://www.brenntag.com/", "exchange": "Frankfurt Stock Exchange", "ceo": "Christian Kohlpaintner; Jens Birgersson"}}, {"type": "Feature", "geometry": {"type": "Point", "coordinates": [30.316666666, 59.95]}, "properties": {"rank": 493, "name": "VTB Bank", "revenue_in_dollars": "$20.3 billion", "revenue_usd": 20317855154, "revenue": 1185800000000.0, "revenue_currency": "RUB", "revenue_year": "2017", "usd_rate": 58.36245957133133, "usd_rate_source": "European Central Bank euro reference rates, year average", "wikidata": "https://www.wikidata.org/wiki/Q1549389", "hq": "Moscow; Saint Petersburg", "country": "Russia", "industry": "financial sector", "employees": "96167", "founded": "1990-10-01", "website": "https://vtb.com", "exchange": "Moscow Exchange", "parent": "VTB Group"}}, {"type": "Feature", "geometry": {"type": "Point", "coordinates": [4.883333333, 52.366666666]}, "properties": {"rank": 494, "name": "Koninklijke Philips NV", "revenue_in_dollars": "$20.3 billion", "revenue_usd": 20279380150, "revenue": 17156000000.0, "revenue_currency": "EUR", "revenue_year": "2021", "usd_rate": 0.8459824645982237, "usd_rate_source": "European Central Bank euro reference rates, year average", "wikidata": "https://www.wikidata.org/wiki/Q170416", "hq": "Amsterdam; Eindhoven", "country": "Netherlands", "industry": "consumer electronics industry; electrical industry; electronics industry", "employees": "77400; 81592", "founded": "1891-05-15", "website": "https://philips.com", "exchange": "Amsterdam Stock Exchange; New York Stock Exchange", "ceo": "Frans van Houten; Roy Jakobs"}}, {"type": "Feature", "geometry": {"type": "Point", "coordinates": [46.71, 24.65]}, "properties": {"rank": 495, "name": "Saudi Telecom Company", "revenue_in_dollars": "$20.2 billion", "revenue_usd": 20238133333, "revenue": 75893000000.0, "revenue_currency": "SAR", "revenue_year": "2024", "usd_rate": 3.75, "usd_rate_source": "World Bank official exchange rate (PA.NUS.FCRF), SAU", "wikidata": "https://www.wikidata.org/wiki/Q1535171", "hq": "Riyadh", "country": "Saudi Arabia", "industry": "mobile phone industry; telecommunications industry", "employees": "19863", "founded": "1998-04-21", "website": "https://www.stc.com.sa/", "exchange": "Saudi Stock Exchange", "parent": "STC Group"}}, {"type": "Feature", "geometry": {"type": "Point", "coordinates": [-74.006111111, 40.712777777]}, "properties": {"rank": 496, "name": "Merrill", "revenue_in_dollars": "$20.2 billion", "revenue_usd": 20217000000, "revenue": 20217000000.0, "revenue_currency": "USD", "revenue_year": "2012", "usd_rate": 1.0, "usd_rate_source": "European Central Bank euro reference rates, year average", "wikidata": "https://www.wikidata.org/wiki/Q334122", "hq": "New York City", "country": "United States", "industry": "financial services", "employees": "60000", "founded": "1914-01-06", "website": "https://www.ml.com", "parent": "Bank of America", "ceo": "John Alexander Thain"}}, {"type": "Feature", "geometry": {"type": "Point", "coordinates": [106.803, -6.24056]}, "properties": {"rank": 497, "name": "Perusahaan Listrik Negara", "revenue_in_dollars": "$20.2 billion", "revenue_usd": 20190556196, "revenue": 285600000000000.0, "revenue_currency": "IDR", "revenue_year": "2019", "usd_rate": 14145.226967707202, "usd_rate_source": "European Central Bank euro reference rates, year average", "wikidata": "https://www.wikidata.org/wiki/Q4201636", "hq": "Jakarta", "country": "Indonesia", "industry": "electric power industry; energy industry", "employees": "54129", "founded": "1915-01-01", "website": "https://web.pln.co.id/", "parent": "Daya Anagata Nusantara Investment Management Agency"}}, {"type": "Feature", "geometry": {"type": "Point", "coordinates": [-96.9492, 32.8688]}, "properties": {"rank": 498, "name": "Kimberly-Clark", "revenue_in_dollars": "$20.2 billion", "revenue_usd": 20175000000, "revenue": 20175000000.0, "revenue_currency": "USD", "revenue_year": "2022", "usd_rate": 1.0, "usd_rate_source": "European Central Bank euro reference rates, year average", "wikidata": "https://www.wikidata.org/wiki/Q1741634", "hq": "Irving", "country": "United States", "industry": "personal care product", "founded": "1872-01-01; 1928-01-01", "website": "http://www.kimberly-clark.com; https://www.kimberly-clark.com/ar-sa/; https://www.kimberly-clark.com/zh-tw/", "exchange": "New York Stock Exchange", "ceo": "Thomas J. Falk"}}, {"type": "Feature", "geometry": {"type": "Point", "coordinates": [116.407526, 39.90403]}, "properties": {"rank": 499, "name": "Founder Group", "revenue_in_dollars": "$20.1 billion", "revenue_usd": 20135976983, "revenue": 133273930000.0, "revenue_currency": "CNY", "revenue_year": "2018", "usd_rate": 6.618696977563048, "usd_rate_source": "European Central Bank euro reference rates, year average", "wikidata": "https://www.wikidata.org/wiki/Q4384042", "hq": "Beijing", "country": "People's Republic of China", "industry": "commodities market; finance; information technology; pharmaceutical industry; real property", "founded": "1986-01-01", "website": "http://www.founder.com/; http://www.founder.net/", "exchange": "Hong Kong Stock Exchange"}}, {"type": "Feature", "geometry": {"type": "Point", "coordinates": [73.433333333, 61.25]}, "properties": {"rank": 500, "name": "Surgutneftegas", "revenue_in_dollars": "$20.1 billion", "revenue_usd": 20133130246, "revenue": 1175019000000.0, "revenue_currency": "RUB", "revenue_year": "2017", "usd_rate": 58.36245957133133, "usd_rate_source": "European Central Bank euro reference rates, year average", "wikidata": "https://www.wikidata.org/wiki/Q680776", "hq": "Surgut", "country": "Russia", "industry": "extraction of petroleum; petroleum industry", "employees": "111866", "founded": "1993-01-01", "website": "http://www.surgutneftegas.ru", "exchange": "London Stock Exchange; Moscow Exchange"}}]}