{"type":"FeatureCollection","source":"https://methanedata.unep.org/downloads/top50_emitters/latest/unep_methanedata_topemitter_sources.zip","licence":"CC BY-NC-SA 4.0 (UNEP IMEO)","features":[{"type":"Feature","geometry":{"type":"Point","coordinates":[-92.237,19.56611]},"properties":{"Country":"Mexico","Sector":"Oil and Gas","Potential Source Type":"Production Offshore","Source ID":"MEX_S_003","Latitude":"19.56611","Longitude":"-92.237","Number of Plumes Detected\n(2024-Present)":"52","Plumes Notified\n(Y/N)":"Y","Feedback Received\n(Y/N)":"Y","Average Half-Year\nFlux Rate (t/h)":"39.8","Average Half-Year\nFlux Rate Std. Dev. (t/h)":"15.83","Average Annual\nFlux Rate (t/h)":"43.97","Average Annual\nFlux Rate Std. Dev. (t/h)":"16.8","Date of Last\nPlume Detected":"2026-03-07T16:30:39.000","Half-Year\nPersistency Category":"frequent","Half-Year\nEmission Persistency":"0.46","Half-Year\nPersistency Std. Dev.":"0.09","Annual\nPersistency Category":"frequent","Annual\nEmission Persistency":"0.43","Annual\nPersistency Std. Dev.":"0.06","Estimated Half-Year\nCH4 Emissions (t)":"79090","Estimated Annual\nCH4 Emissions (t)":"165626","group":"Oil and gas"}},{"type":"Feature","geometry":{"type":"Point","coordinates":[54.28269,38.64869]},"properties":{"Country":"Turkmenistan","Sector":"Oil and Gas","Potential Source Type":"O&G facility (generic)","Source ID":"TKM_S_047","Latitude":"38.64869","Longitude":"54.28269","Number of Plumes Detected\n(2024-Present)":"131","Plumes Notified\n(Y/N)":"Y","Feedback Received\n(Y/N)":"N","Average Half-Year\nFlux Rate (t/h)":"14.08","Average Half-Year\nFlux Rate Std. Dev. (t/h)":"5.68","Average Annual\nFlux Rate (t/h)":"13.39","Average Annual\nFlux Rate Std. Dev. (t/h)":"5.91","Date of Last\nPlume Detected":"2026-02-17T07:08:49.000","Half-Year\nPersistency Category":"frequent","Half-Year\nEmission Persistency":"0.8","Half-Year\nPersistency Std. Dev.":"0.06","Annual\nPersistency Category":"persistent","Annual\nEmission Persistency":"0.87","Annual\nPersistency Std. Dev.":"0.04","Estimated Half-Year\nCH4 Emissions (t)":"48660","Estimated Annual\nCH4 Emissions (t)":"102047","group":"Oil and gas"}},{"type":"Feature","geometry":{"type":"Point","coordinates":[-70.79594,-32.95405]},"properties":{"Country":"Chile","Sector":"Waste","Potential Source Type":"Landfill","Source ID":"CHL_S_001","Latitude":"-32.95405","Longitude":"-70.79594","Number of Plumes Detected\n(2024-Present)":"11","Plumes Notified\n(Y/N)":"N","Feedback Received\n(Y/N)":"N","Average Half-Year\nFlux Rate (t/h)":"9.92","Average Half-Year\nFlux Rate Std. Dev. (t/h)":"2.56","Average Annual\nFlux Rate (t/h)":"11.33","Average Annual\nFlux Rate Std. Dev. (t/h)":"4.66","Date of Last\nPlume Detected":"2026-01-02T14:31:23.000","Half-Year\nPersistency Category":"persistent","Half-Year\nEmission Persistency":"1.0","Half-Year\nPersistency Std. Dev.":"0.0","Annual\nPersistency Category":"persistent","Annual\nEmission Persistency":"0.9","Annual\nPersistency Std. Dev.":"0.09","Estimated Half-Year\nCH4 Emissions (t)":"42854","Estimated Annual\nCH4 Emissions (t)":"89325","group":"Waste"}},{"type":"Feature","geometry":{"type":"Point","coordinates":[2.83052,36.66632]},"properties":{"Country":"Algeria","Sector":"Waste","Potential Source Type":"Landfill","Source ID":"DZA_S_024","Latitude":"36.66632","Longitude":"2.83052","Number of Plumes Detected\n(2024-Present)":"4","Plumes Notified\n(Y/N)":"N","Feedback Received\n(Y/N)":"N","Average Half-Year\nFlux Rate (t/h)":"16.49","Average Half-Year\nFlux Rate Std. Dev. (t/h)":"13.27","Average Annual\nFlux Rate (t/h)":"16.49","Average Annual\nFlux Rate Std. Dev. (t/h)":"13.27","Date of Last\nPlume Detected":"2025-08-15T12:39:29.000","Half-Year\nPersistency Category":"persistent","Half-Year\nEmission Persistency":"1.0","Half-Year\nPersistency Std. Dev.":"0.0","Annual\nPersistency Category":"sporadic","Annual\nEmission Persistency":"0.08","Annual\nPersistency Std. Dev.":"0.04","Estimated Half-Year\nCH4 Emissions (t)":"71236","Estimated Annual\nCH4 Emissions (t)":"71236","group":"Waste"}},{"type":"Feature","geometry":{"type":"Point","coordinates":[113.22445,37.95047]},"properties":{"Country":"China","Sector":"Thermal Coal","Potential Source Type":"Venting shaft","Source ID":"CHN_S_090","Latitude":"37.95047","Longitude":"113.22445","Number of Plumes Detected\n(2024-Present)":"10","Plumes Notified\n(Y/N)":"N","Feedback Received\n(Y/N)":"N","Average Half-Year\nFlux Rate (t/h)":"9.39","Average Half-Year\nFlux Rate Std. Dev. (t/h)":"9.12","Average Annual\nFlux Rate (t/h)":"7.67","Average Annual\nFlux Rate Std. Dev. (t/h)":"4.89","Date of Last\nPlume Detected":"2025-11-30T03:59:28.000","Half-Year\nPersistency Category":"persistent","Half-Year\nEmission Persistency":"1.0","Half-Year\nPersistency Std. Dev.":"0.0","Annual\nPersistency Category":"persistent","Annual\nEmission Persistency":"1.0","Annual\nPersistency Std. Dev.":"0.0","Estimated Half-Year\nCH4 Emissions (t)":"40564","Estimated Annual\nCH4 Emissions (t)":"67189","group":"Thermal coal"}},{"type":"Feature","geometry":{"type":"Point","coordinates":[54.02815,38.33075]},"properties":{"Country":"Turkmenistan","Sector":"Oil and Gas","Potential Source Type":"Gas disposal facility","Source ID":"TKM_S_022","Latitude":"38.33075","Longitude":"54.02815","Number of Plumes Detected\n(2024-Present)":"121","Plumes Notified\n(Y/N)":"Y","Feedback Received\n(Y/N)":"Y","Average Half-Year\nFlux Rate (t/h)":"8.39","Average Half-Year\nFlux Rate Std. Dev. (t/h)":"4.44","Average Annual\nFlux Rate (t/h)":"8.38","Average Annual\nFlux Rate Std. Dev. (t/h)":"4.86","Date of Last\nPlume Detected":"2026-03-06T07:18:51.000","Half-Year\nPersistency Category":"persistent","Half-Year\nEmission Persistency":"0.86","Half-Year\nPersistency Std. Dev.":"0.05","Annual\nPersistency Category":"frequent","Annual\nEmission Persistency":"0.79","Annual\nPersistency Std. Dev.":"0.04","Estimated Half-Year\nCH4 Emissions (t)":"31170","Estimated Annual\nCH4 Emissions (t)":"57992","group":"Oil and gas"}},{"type":"Feature","geometry":{"type":"Point","coordinates":[112.94554,36.23247]},"properties":{"Country":"China","Sector":"Thermal Coal","Potential Source Type":"Venting shaft","Source ID":"CHN_S_088","Latitude":"36.23247","Longitude":"112.94554","Number of Plumes Detected\n(2024-Present)":"15","Plumes Notified\n(Y/N)":"N","Feedback Received\n(Y/N)":"N","Average Half-Year\nFlux Rate (t/h)":"6.84","Average Half-Year\nFlux Rate Std. Dev. (t/h)":"5.21","Average Annual\nFlux Rate (t/h)":"6.01","Average Annual\nFlux Rate Std. Dev. (t/h)":"4.87","Date of Last\nPlume Detected":"2026-02-01T02:55:42.000","Half-Year\nPersistency Category":"persistent","Half-Year\nEmission Persistency":"1.0","Half-Year\nPersistency Std. Dev.":"0.0","Annual\nPersistency Category":"persistent","Annual\nEmission Persistency":"1.0","Annual\nPersistency Std. Dev.":"0.0","Estimated Half-Year\nCH4 Emissions (t)":"29548","Estimated Annual\nCH4 Emissions (t)":"52647","group":"Thermal coal"}},{"type":"Feature","geometry":{"type":"Point","coordinates":[48.98861,31.23982]},"properties":{"Country":"Iran (Islamic Republic of)","Sector":"Oil and Gas","Potential Source Type":"Flare","Source ID":"IRN_S_055","Latitude":"31.23982","Longitude":"48.98861","Number of Plumes Detected\n(2024-Present)":"81","Plumes Notified\n(Y/N)":"Y","Feedback Received\n(Y/N)":"N","Average Half-Year\nFlux Rate (t/h)":"10.79","Average Half-Year\nFlux Rate Std. Dev. (t/h)":"8.85","Average Annual\nFlux Rate (t/h)":"11.44","Average Annual\nFlux Rate Std. Dev. (t/h)":"12.57","Date of Last\nPlume Detected":"2025-11-05T07:30:09.000","Half-Year\nPersistency Category":"frequent","Half-Year\nEmission Persistency":"0.49","Half-Year\nPersistency Std. Dev.":"0.06","Annual\nPersistency Category":"frequent","Annual\nEmission Persistency":"0.48","Annual\nPersistency Std. Dev.":"0.04","Estimated Half-Year\nCH4 Emissions (t)":"22840","Estimated Annual\nCH4 Emissions (t)":"48102","group":"Oil and gas"}},{"type":"Feature","geometry":{"type":"Point","coordinates":[54.23678,38.85321]},"properties":{"Country":"Turkmenistan","Sector":"Oil and Gas","Potential Source Type":"Abandoned wells","Source ID":"TKM_S_018","Latitude":"38.85321","Longitude":"54.23678","Number of Plumes Detected\n(2024-Present)":"124","Plumes Notified\n(Y/N)":"Y","Feedback Received\n(Y/N)":"Y","Average Half-Year\nFlux Rate (t/h)":"6.73","Average Half-Year\nFlux Rate Std. Dev. (t/h)":"3.08","Average Annual\nFlux Rate (t/h)":"6.35","Average Annual\nFlux Rate Std. Dev. (t/h)":"2.94","Date of Last\nPlume Detected":"2026-01-18T07:11:29.000","Half-Year\nPersistency Category":"persistent","Half-Year\nEmission Persistency":"0.88","Half-Year\nPersistency Std. Dev.":"0.05","Annual\nPersistency Category":"persistent","Annual\nEmission Persistency":"0.82","Annual\nPersistency Std. Dev.":"0.04","Estimated Half-Year\nCH4 Emissions (t)":"25584","Estimated Annual\nCH4 Emissions (t)":"45613","group":"Oil and gas"}},{"type":"Feature","geometry":{"type":"Point","coordinates":[53.89861,37.90823]},"properties":{"Country":"Turkmenistan","Sector":"Oil and Gas","Potential Source Type":"Flare","Source ID":"TKM_S_024","Latitude":"37.90823","Longitude":"53.89861","Number of Plumes Detected\n(2024-Present)":"55","Plumes Notified\n(Y/N)":"Y","Feedback Received\n(Y/N)":"Y","Average Half-Year\nFlux Rate (t/h)":"9.47","Average Half-Year\nFlux Rate Std. Dev. (t/h)":"9.42","Average Annual\nFlux Rate (t/h)":"10.15","Average Annual\nFlux Rate Std. Dev. (t/h)":"8.32","Date of Last\nPlume Detected":"2026-01-08T07:11:59.000","Half-Year\nPersistency Category":"frequent","Half-Year\nEmission Persistency":"0.54","Half-Year\nPersistency Std. Dev.":"0.08","Annual\nPersistency Category":"frequent","Annual\nEmission Persistency":"0.46","Annual\nPersistency Std. Dev.":"0.06","Estimated Half-Year\nCH4 Emissions (t)":"22091","Estimated Annual\nCH4 Emissions (t)":"40900","group":"Oil and gas"}},{"type":"Feature","geometry":{"type":"Point","coordinates":[51.33346,35.45736]},"properties":{"Country":"Iran (Islamic Republic of)","Sector":"Waste","Potential Source Type":"Landfill","Source ID":"IRN_S_052","Latitude":"35.45736","Longitude":"51.33346","Number of Plumes Detected\n(2024-Present)":"21","Plumes Notified\n(Y/N)":"N","Feedback Received\n(Y/N)":"N","Average Half-Year\nFlux Rate (t/h)":"4.8","Average Half-Year\nFlux Rate Std. Dev. (t/h)":"1.98","Average Annual\nFlux Rate (t/h)":"4.58","Average Annual\nFlux Rate Std. Dev. (t/h)":"2.02","Date of Last\nPlume Detected":"2025-11-17T07:56:20.000","Half-Year\nPersistency Category":"persistent","Half-Year\nEmission Persistency":"1.0","Half-Year\nPersistency Std. Dev.":"0.0","Annual\nPersistency Category":"persistent","Annual\nEmission Persistency":"1.0","Annual\nPersistency Std. Dev.":"0.0","Estimated Half-Year\nCH4 Emissions (t)":"20736","Estimated Annual\nCH4 Emissions (t)":"40120","group":"Waste"}},{"type":"Feature","geometry":{"type":"Point","coordinates":[53.92428,37.92912]},"properties":{"Country":"Turkmenistan","Sector":"Oil and Gas","Potential Source Type":"Flare","Source ID":"TKM_S_026","Latitude":"37.92912","Longitude":"53.92428","Number of Plumes Detected\n(2024-Present)":"77","Plumes Notified\n(Y/N)":"Y","Feedback Received\n(Y/N)":"Y","Average Half-Year\nFlux Rate (t/h)":"5.45","Average Half-Year\nFlux Rate Std. Dev. (t/h)":"3.53","Average Annual\nFlux Rate (t/h)":"6.13","Average Annual\nFlux Rate Std. Dev. (t/h)":"4.13","Date of Last\nPlume Detected":"2026-03-06T07:18:51.000","Half-Year\nPersistency Category":"persistent","Half-Year\nEmission Persistency":"0.84","Half-Year\nPersistency Std. Dev.":"0.06","Annual\nPersistency Category":"frequent","Annual\nEmission Persistency":"0.73","Annual\nPersistency Std. Dev.":"0.05","Estimated Half-Year\nCH4 Emissions (t)":"19776","Estimated Annual\nCH4 Emissions (t)":"39200","group":"Oil and gas"}},{"type":"Feature","geometry":{"type":"Point","coordinates":[69.80955,27.96851]},"properties":{"Country":"Pakistan","Sector":"Oil and Gas","Potential Source Type":"Gathering and boosting facilities","Source ID":"PAK_S_001","Latitude":"27.96851","Longitude":"69.80955","Number of Plumes Detected\n(2024-Present)":"33","Plumes Notified\n(Y/N)":"Y","Feedback Received\n(Y/N)":"N","Average Half-Year\nFlux Rate (t/h)":"3.26","Average Half-Year\nFlux Rate Std. Dev. (t/h)":"1.83","Average Annual\nFlux Rate (t/h)":"4.43","Average Annual\nFlux Rate Std. Dev. (t/h)":"2.82","Date of Last\nPlume Detected":"2026-03-06T06:04:19.000","Half-Year\nPersistency Category":"persistent","Half-Year\nEmission Persistency":"1.0","Half-Year\nPersistency Std. Dev.":"0.0","Annual\nPersistency Category":"persistent","Annual\nEmission Persistency":"1.0","Annual\nPersistency Std. Dev.":"0.0","Estimated Half-Year\nCH4 Emissions (t)":"14083","Estimated Annual\nCH4 Emissions (t)":"38806","group":"Oil and gas"}},{"type":"Feature","geometry":{"type":"Point","coordinates":[113.27008,37.95983]},"properties":{"Country":"China","Sector":"Thermal Coal","Potential Source Type":"Venting shaft","Source ID":"CHN_S_068","Latitude":"37.95983","Longitude":"113.27008","Number of Plumes Detected\n(2024-Present)":"11","Plumes Notified\n(Y/N)":"N","Feedback Received\n(Y/N)":"N","Average Half-Year\nFlux Rate (t/h)":"2.71","Average Half-Year\nFlux Rate Std. Dev. (t/h)":"0.89","Average Annual\nFlux Rate (t/h)":"4.38","Average Annual\nFlux Rate Std. Dev. (t/h)":"2.16","Date of Last\nPlume Detected":"2025-11-30T03:59:28.000","Half-Year\nPersistency Category":"persistent","Half-Year\nEmission Persistency":"1.0","Half-Year\nPersistency Std. Dev.":"0.0","Annual\nPersistency Category":"persistent","Annual\nEmission Persistency":"1.0","Annual\nPersistency Std. Dev.":"0.0","Estimated Half-Year\nCH4 Emissions (t)":"11707","Estimated Annual\nCH4 Emissions (t)":"38368","group":"Thermal coal"}},{"type":"Feature","geometry":{"type":"Point","coordinates":[-100.29812,25.87236]},"properties":{"Country":"Mexico","Sector":"Waste","Potential Source Type":"Landfill","Source ID":"MEX_S_055","Latitude":"25.87236","Longitude":"-100.29812","Number of Plumes Detected\n(2024-Present)":"12","Plumes Notified\n(Y/N)":"N","Feedback Received\n(Y/N)":"N","Average Half-Year\nFlux Rate (t/h)":"4.07","Average Half-Year\nFlux Rate Std. Dev. (t/h)":"2.23","Average Annual\nFlux Rate (t/h)":"4.25","Average Annual\nFlux Rate Std. Dev. (t/h)":"2.04","Date of Last\nPlume Detected":"2026-01-07T17:24:50.000","Half-Year\nPersistency Category":"persistent","Half-Year\nEmission Persistency":"1.0","Half-Year\nPersistency Std. Dev.":"0.0","Annual\nPersistency Category":"persistent","Annual\nEmission Persistency":"1.0","Annual\nPersistency Std. Dev.":"0.0","Estimated Half-Year\nCH4 Emissions (t)":"17582","Estimated Annual\nCH4 Emissions (t)":"37230","group":"Waste"}},{"type":"Feature","geometry":{"type":"Point","coordinates":[112.9372,36.41495]},"properties":{"Country":"China","Sector":"Met Coal","Potential Source Type":"Venting shaft","Source ID":"CHN_S_072","Latitude":"36.41495","Longitude":"112.9372","Number of Plumes Detected\n(2024-Present)":"18","Plumes Notified\n(Y/N)":"N","Feedback Received\n(Y/N)":"N","Average Half-Year\nFlux Rate (t/h)":"4.07","Average Half-Year\nFlux Rate Std. Dev. (t/h)":"2.29","Average Annual\nFlux Rate (t/h)":"4.21","Average Annual\nFlux Rate Std. Dev. (t/h)":"2.38","Date of Last\nPlume Detected":"2026-02-01T03:17:54.000","Half-Year\nPersistency Category":"persistent","Half-Year\nEmission Persistency":"1.0","Half-Year\nPersistency Std. Dev.":"0.0","Annual\nPersistency Category":"persistent","Annual\nEmission Persistency":"1.0","Annual\nPersistency Std. Dev.":"0.0","Estimated Half-Year\nCH4 Emissions (t)":"17582","Estimated Annual\nCH4 Emissions (t)":"36879","group":"Met coal"}},{"type":"Feature","geometry":{"type":"Point","coordinates":[54.2005,38.55751]},"properties":{"Country":"Turkmenistan","Sector":"Oil and Gas","Potential Source Type":"Flare","Source ID":"TKM_S_019","Latitude":"38.55751","Longitude":"54.2005","Number of Plumes Detected\n(2024-Present)":"114","Plumes Notified\n(Y/N)":"Y","Feedback Received\n(Y/N)":"Y","Average Half-Year\nFlux Rate (t/h)":"5.73","Average Half-Year\nFlux Rate Std. Dev. (t/h)":"3.05","Average Annual\nFlux Rate (t/h)":"6.88","Average Annual\nFlux Rate Std. Dev. (t/h)":"3.27","Date of Last\nPlume Detected":"2026-03-05T07:01:03.000","Half-Year\nPersistency Category":"frequent","Half-Year\nEmission Persistency":"0.42","Half-Year\nPersistency Std. Dev.":"0.07","Annual\nPersistency Category":"frequent","Annual\nEmission Persistency":"0.6","Annual\nPersistency Std. Dev.":"0.05","Estimated Half-Year\nCH4 Emissions (t)":"10396","Estimated Annual\nCH4 Emissions (t)":"36161","group":"Oil and gas"}},{"type":"Feature","geometry":{"type":"Point","coordinates":[29.42444,30.74885]},"properties":{"Country":"Egypt","Sector":"Waste","Potential Source Type":"Landfill","Source ID":"EGY_S_028","Latitude":"30.74885","Longitude":"29.42444","Number of Plumes Detected\n(2024-Present)":"9","Plumes Notified\n(Y/N)":"N","Feedback Received\n(Y/N)":"N","Average Half-Year\nFlux Rate (t/h)":"3.16","Average Half-Year\nFlux Rate Std. Dev. (t/h)":"1.22","Average Annual\nFlux Rate (t/h)":"4.1","Average Annual\nFlux Rate Std. Dev. (t/h)":"2.35","Date of Last\nPlume Detected":"2025-10-22T08:31:54.000","Half-Year\nPersistency Category":"persistent","Half-Year\nEmission Persistency":"1.0","Half-Year\nPersistency Std. Dev.":"0.0","Annual\nPersistency Category":"persistent","Annual\nEmission Persistency":"1.0","Annual\nPersistency Std. Dev.":"0.0","Estimated Half-Year\nCH4 Emissions (t)":"13651","Estimated Annual\nCH4 Emissions (t)":"35916","group":"Waste"}},{"type":"Feature","geometry":{"type":"Point","coordinates":[113.02297,37.938]},"properties":{"Country":"China","Sector":"Thermal Coal","Potential Source Type":"Venting shaft","Source ID":"CHN_S_033","Latitude":"37.938","Longitude":"113.02297","Number of Plumes Detected\n(2024-Present)":"12","Plumes Notified\n(Y/N)":"N","Feedback Received\n(Y/N)":"N","Average Half-Year\nFlux Rate (t/h)":"3.66","Average Half-Year\nFlux Rate Std. Dev. (t/h)":"1.81","Average Annual\nFlux Rate (t/h)":"3.95","Average Annual\nFlux Rate Std. Dev. (t/h)":"2.02","Date of Last\nPlume Detected":"2026-02-19T03:27:42.000","Half-Year\nPersistency Category":"persistent","Half-Year\nEmission Persistency":"1.0","Half-Year\nPersistency Std. Dev.":"0.0","Annual\nPersistency Category":"persistent","Annual\nEmission Persistency":"1.0","Annual\nPersistency Std. Dev.":"0.0","Estimated Half-Year\nCH4 Emissions (t)":"15811","Estimated Annual\nCH4 Emissions (t)":"34602","group":"Thermal coal"}},{"type":"Feature","geometry":{"type":"Point","coordinates":[111.10856,38.87443]},"properties":{"Country":"China","Sector":"Thermal Coal","Potential Source Type":"Venting shaft","Source ID":"CHN_S_102","Latitude":"38.87443","Longitude":"111.10856","Number of Plumes Detected\n(2024-Present)":"11","Plumes Notified\n(Y/N)":"N","Feedback Received\n(Y/N)":"N","Average Half-Year\nFlux Rate (t/h)":"2.35","Average Half-Year\nFlux Rate Std. Dev. (t/h)":"0.85","Average Annual\nFlux Rate (t/h)":"3.86","Average Annual\nFlux Rate Std. Dev. (t/h)":"3.09","Date of Last\nPlume Detected":"2025-08-14T05:41:36.000","Half-Year\nPersistency Category":"persistent","Half-Year\nEmission Persistency":"1.0","Half-Year\nPersistency Std. Dev.":"0.0","Annual\nPersistency Category":"persistent","Annual\nEmission Persistency":"1.0","Annual\nPersistency Std. Dev.":"0.0","Estimated Half-Year\nCH4 Emissions (t)":"10152","Estimated Annual\nCH4 Emissions (t)":"33813","group":"Thermal coal"}},{"type":"Feature","geometry":{"type":"Point","coordinates":[32.45911,39.95121]},"properties":{"Country":"Türkiye","Sector":"Waste","Potential Source Type":"Landfill","Source ID":"TUR_S_011","Latitude":"39.95121","Longitude":"32.45911","Number of Plumes Detected\n(2024-Present)":"6","Plumes Notified\n(Y/N)":"N","Feedback Received\n(Y/N)":"N","Average Half-Year\nFlux Rate (t/h)":"3.72","Average Half-Year\nFlux Rate Std. Dev. (t/h)":"1.12","Average Annual\nFlux Rate (t/h)":"3.49","Average Annual\nFlux Rate Std. Dev. (t/h)":"1.02","Date of Last\nPlume Detected":"2025-08-13T11:07:15.000","Half-Year\nPersistency Category":"persistent","Half-Year\nEmission Persistency":"1.0","Half-Year\nPersistency Std. Dev.":"0.0","Annual\nPersistency Category":"persistent","Annual\nEmission Persistency":"1.0","Annual\nPersistency Std. Dev.":"0.0","Estimated Half-Year\nCH4 Emissions (t)":"16070","Estimated Annual\nCH4 Emissions (t)":"30572","group":"Waste"}},{"type":"Feature","geometry":{"type":"Point","coordinates":[111.09254,38.94963]},"properties":{"Country":"China","Sector":"Thermal Coal","Potential Source Type":"Drainage station","Source ID":"CHN_S_164","Latitude":"38.94963","Longitude":"111.09254","Number of Plumes Detected\n(2024-Present)":"4","Plumes Notified\n(Y/N)":"N","Feedback Received\n(Y/N)":"N","Average Half-Year\nFlux Rate (t/h)":"2.6","Average Half-Year\nFlux Rate Std. Dev. (t/h)":"0.62","Average Annual\nFlux Rate (t/h)":"3.29","Average Annual\nFlux Rate Std. Dev. (t/h)":"1.46","Date of Last\nPlume Detected":"2025-08-14T05:41:36.000","Half-Year\nPersistency Category":"persistent","Half-Year\nEmission Persistency":"1.0","Half-Year\nPersistency Std. Dev.":"0.0","Annual\nPersistency Category":"persistent","Annual\nEmission Persistency":"1.0","Annual\nPersistency Std. Dev.":"0.0","Estimated Half-Year\nCH4 Emissions (t)":"11232","Estimated Annual\nCH4 Emissions (t)":"28820","group":"Thermal coal"}},{"type":"Feature","geometry":{"type":"Point","coordinates":[-103.45535,20.91518]},"properties":{"Country":"Mexico","Sector":"Waste","Potential Source Type":"Landfill","Source ID":"MEX_S_074","Latitude":"20.91518","Longitude":"-103.45535","Number of Plumes Detected\n(2024-Present)":"8","Plumes Notified\n(Y/N)":"N","Feedback Received\n(Y/N)":"N","Average Half-Year\nFlux Rate (t/h)":"3.1","Average Half-Year\nFlux Rate Std. Dev. (t/h)":"1.12","Average Annual\nFlux Rate (t/h)":"3.22","Average Annual\nFlux Rate Std. Dev. (t/h)":"2.76","Date of Last\nPlume Detected":"2026-01-30T16:45:16.000","Half-Year\nPersistency Category":"persistent","Half-Year\nEmission Persistency":"1.0","Half-Year\nPersistency Std. Dev.":"0.0","Annual\nPersistency Category":"persistent","Annual\nEmission Persistency":"1.0","Annual\nPersistency Std. Dev.":"0.0","Estimated Half-Year\nCH4 Emissions (t)":"13392","Estimated Annual\nCH4 Emissions (t)":"28207","group":"Waste"}},{"type":"Feature","geometry":{"type":"Point","coordinates":[113.55029,37.74429]},"properties":{"Country":"China","Sector":"Thermal Coal","Potential Source Type":"Venting shaft","Source ID":"CHN_S_121","Latitude":"37.74429","Longitude":"113.55029","Number of Plumes Detected\n(2024-Present)":"12","Plumes Notified\n(Y/N)":"N","Feedback Received\n(Y/N)":"N","Average Half-Year\nFlux Rate (t/h)":"2.67","Average Half-Year\nFlux Rate Std. Dev. (t/h)":"1.47","Average Annual\nFlux Rate (t/h)":"3.18","Average Annual\nFlux Rate Std. Dev. (t/h)":"2.02","Date of Last\nPlume Detected":"2025-09-29T04:29:29.000","Half-Year\nPersistency Category":"persistent","Half-Year\nEmission Persistency":"1.0","Half-Year\nPersistency Std. Dev.":"0.0","Annual\nPersistency Category":"persistent","Annual\nEmission Persistency":"1.0","Annual\nPersistency Std. Dev.":"0.0","Estimated Half-Year\nCH4 Emissions (t)":"11534","Estimated Annual\nCH4 Emissions (t)":"27856","group":"Thermal coal"}},{"type":"Feature","geometry":{"type":"Point","coordinates":[112.87599,36.38906]},"properties":{"Country":"China","Sector":"Thermal and Met Coal","Potential Source Type":"Venting shaft","Source ID":"CHN_S_157","Latitude":"36.38906","Longitude":"112.87599","Number of Plumes Detected\n(2024-Present)":"15","Plumes Notified\n(Y/N)":"N","Feedback Received\n(Y/N)":"N","Average Half-Year\nFlux Rate (t/h)":"2.44","Average Half-Year\nFlux Rate Std. Dev. (t/h)":"1.59","Average Annual\nFlux Rate (t/h)":"3.08","Average Annual\nFlux Rate Std. Dev. (t/h)":"2.11","Date of Last\nPlume Detected":"2026-02-01T03:17:54.000","Half-Year\nPersistency Category":"persistent","Half-Year\nEmission Persistency":"1.0","Half-Year\nPersistency Std. Dev.":"0.0","Annual\nPersistency Category":"persistent","Annual\nEmission Persistency":"1.0","Annual\nPersistency Std. Dev.":"0.0","Estimated Half-Year\nCH4 Emissions (t)":"10540","Estimated Annual\nCH4 Emissions (t)":"26980","group":"Thermal and met coal"}},{"type":"Feature","geometry":{"type":"Point","coordinates":[72.56738,22.98321]},"properties":{"Country":"India","Sector":"Waste","Potential Source Type":"Landfill","Source ID":"IND_S_017","Latitude":"22.98321","Longitude":"72.56738","Number of Plumes Detected\n(2024-Present)":"25","Plumes Notified\n(Y/N)":"N","Feedback Received\n(Y/N)":"N","Average Half-Year\nFlux Rate (t/h)":"3.09","Average Half-Year\nFlux Rate Std. Dev. (t/h)":"0.52","Average Annual\nFlux Rate (t/h)":"3.0","Average Annual\nFlux Rate Std. Dev. (t/h)":"0.89","Date of Last\nPlume Detected":"2026-02-16T05:55:47.000","Half-Year\nPersistency Category":"persistent","Half-Year\nEmission Persistency":"1.0","Half-Year\nPersistency Std. Dev.":"0.0","Annual\nPersistency Category":"persistent","Annual\nEmission Persistency":"1.0","Annual\nPersistency Std. Dev.":"0.0","Estimated Half-Year\nCH4 Emissions (t)":"13348","Estimated Annual\nCH4 Emissions (t)":"26280","group":"Waste"}},{"type":"Feature","geometry":{"type":"Point","coordinates":[113.43696,37.96728]},"properties":{"Country":"China","Sector":"Thermal Coal","Potential Source Type":"Venting shaft","Source ID":"CHN_S_131","Latitude":"37.96728","Longitude":"113.43696","Number of Plumes Detected\n(2024-Present)":"10","Plumes Notified\n(Y/N)":"N","Feedback Received\n(Y/N)":"N","Average Half-Year\nFlux Rate (t/h)":"2.75","Average Half-Year\nFlux Rate Std. Dev. (t/h)":"1.13","Average Annual\nFlux Rate (t/h)":"2.99","Average Annual\nFlux Rate Std. Dev. (t/h)":"0.93","Date of Last\nPlume Detected":"2025-11-30T03:59:28.000","Half-Year\nPersistency Category":"persistent","Half-Year\nEmission Persistency":"1.0","Half-Year\nPersistency Std. Dev.":"0.0","Annual\nPersistency Category":"persistent","Annual\nEmission Persistency":"1.0","Annual\nPersistency Std. Dev.":"0.0","Estimated Half-Year\nCH4 Emissions (t)":"11880","Estimated Annual\nCH4 Emissions (t)":"26192","group":"Thermal coal"}},{"type":"Feature","geometry":{"type":"Point","coordinates":[112.28427,36.83699]},"properties":{"Country":"China","Sector":"Met Coal","Potential Source Type":"Venting shaft","Source ID":"CHN_S_228","Latitude":"36.83699","Longitude":"112.28427","Number of Plumes Detected\n(2024-Present)":"10","Plumes Notified\n(Y/N)":"N","Feedback Received\n(Y/N)":"N","Average Half-Year\nFlux Rate (t/h)":"3.0","Average Half-Year\nFlux Rate Std. Dev. (t/h)":"2.79","Average Annual\nFlux Rate (t/h)":"2.8","Average Annual\nFlux Rate Std. Dev. (t/h)":"2.31","Date of Last\nPlume Detected":"2025-11-30T03:59:05.000","Half-Year\nPersistency Category":"persistent","Half-Year\nEmission Persistency":"1.0","Half-Year\nPersistency Std. Dev.":"0.0","Annual\nPersistency Category":"persistent","Annual\nEmission Persistency":"1.0","Annual\nPersistency Std. Dev.":"0.0","Estimated Half-Year\nCH4 Emissions (t)":"12960","Estimated Annual\nCH4 Emissions (t)":"24528","group":"Met coal"}},{"type":"Feature","geometry":{"type":"Point","coordinates":[49.87899,31.13166]},"properties":{"Country":"Iran (Islamic Republic of)","Sector":"Oil and Gas","Potential Source Type":"Flare","Source ID":"IRN_S_102","Latitude":"31.13166","Longitude":"49.87899","Number of Plumes Detected\n(2024-Present)":"54","Plumes Notified\n(Y/N)":"Y","Feedback Received\n(Y/N)":"N","Average Half-Year\nFlux Rate (t/h)":"6.24","Average Half-Year\nFlux Rate Std. Dev. (t/h)":"3.38","Average Annual\nFlux Rate (t/h)":"7.78","Average Annual\nFlux Rate Std. Dev. (t/h)":"4.32","Date of Last\nPlume Detected":"2026-02-23T07:15:37.000","Half-Year\nPersistency Category":"frequent","Half-Year\nEmission Persistency":"0.4","Half-Year\nPersistency Std. Dev.":"0.05","Annual\nPersistency Category":"frequent","Annual\nEmission Persistency":"0.35","Annual\nPersistency Std. Dev.":"0.04","Estimated Half-Year\nCH4 Emissions (t)":"10782","Estimated Annual\nCH4 Emissions (t)":"23853","group":"Oil and gas"}},{"type":"Feature","geometry":{"type":"Point","coordinates":[-46.95992,-23.41355]},"properties":{"Country":"Brazil","Sector":"Waste","Potential Source Type":"Landfill","Source ID":"BRA_S_007","Latitude":"-23.41355","Longitude":"-46.95992","Number of Plumes Detected\n(2024-Present)":"7","Plumes Notified\n(Y/N)":"N","Feedback Received\n(Y/N)":"N","Average Half-Year\nFlux Rate (t/h)":"3.02","Average Half-Year\nFlux Rate Std. Dev. (t/h)":"1.52","Average Annual\nFlux Rate (t/h)":"2.66","Average Annual\nFlux Rate Std. Dev. (t/h)":"1.27","Date of Last\nPlume Detected":"2025-09-19T15:10:19.000","Half-Year\nPersistency Category":"persistent","Half-Year\nEmission Persistency":"1.0","Half-Year\nPersistency Std. Dev.":"0.0","Annual\nPersistency Category":"persistent","Annual\nEmission Persistency":"1.0","Annual\nPersistency Std. Dev.":"0.0","Estimated Half-Year\nCH4 Emissions (t)":"13046","Estimated Annual\nCH4 Emissions (t)":"23301","group":"Waste"}},{"type":"Feature","geometry":{"type":"Point","coordinates":[111.03851,37.74825]},"properties":{"Country":"China","Sector":"Met Coal","Potential Source Type":"Drainage station","Source ID":"CHN_S_355","Latitude":"37.74825","Longitude":"111.03851","Number of Plumes Detected\n(2024-Present)":"6","Plumes Notified\n(Y/N)":"N","Feedback Received\n(Y/N)":"N","Average Half-Year\nFlux Rate (t/h)":"2.53","Average Half-Year\nFlux Rate Std. Dev. (t/h)":"0.65","Average Annual\nFlux Rate (t/h)":"2.57","Average Annual\nFlux Rate Std. Dev. (t/h)":"0.79","Date of Last\nPlume Detected":"2025-09-07T04:00:54.000","Half-Year\nPersistency Category":"persistent","Half-Year\nEmission Persistency":"1.0","Half-Year\nPersistency Std. Dev.":"0.0","Annual\nPersistency Category":"persistent","Annual\nEmission Persistency":"1.0","Annual\nPersistency Std. Dev.":"0.0","Estimated Half-Year\nCH4 Emissions (t)":"10929","Estimated Annual\nCH4 Emissions (t)":"22513","group":"Met coal"}},{"type":"Feature","geometry":{"type":"Point","coordinates":[113.46146,37.84215]},"properties":{"Country":"China","Sector":"Thermal Coal","Potential Source Type":"Venting shaft","Source ID":"CHN_S_103","Latitude":"37.84215","Longitude":"113.46146","Number of Plumes Detected\n(2024-Present)":"13","Plumes Notified\n(Y/N)":"N","Feedback Received\n(Y/N)":"N","Average Half-Year\nFlux Rate (t/h)":"3.38","Average Half-Year\nFlux Rate Std. Dev. (t/h)":"2.13","Average Annual\nFlux Rate (t/h)":"2.54","Average Annual\nFlux Rate Std. Dev. (t/h)":"1.63","Date of Last\nPlume Detected":"2025-11-30T03:59:28.000","Half-Year\nPersistency Category":"persistent","Half-Year\nEmission Persistency":"1.0","Half-Year\nPersistency Std. Dev.":"0.0","Annual\nPersistency Category":"persistent","Annual\nEmission Persistency":"1.0","Annual\nPersistency Std. Dev.":"0.0","Estimated Half-Year\nCH4 Emissions (t)":"14601","Estimated Annual\nCH4 Emissions (t)":"22250","group":"Thermal coal"}},{"type":"Feature","geometry":{"type":"Point","coordinates":[112.8327,36.01124]},"properties":{"Country":"China","Sector":"Thermal and Met Coal","Potential Source Type":"Venting shaft","Source ID":"CHN_S_071","Latitude":"36.01124","Longitude":"112.8327","Number of Plumes Detected\n(2024-Present)":"17","Plumes Notified\n(Y/N)":"N","Feedback Received\n(Y/N)":"N","Average Half-Year\nFlux Rate (t/h)":"2.86","Average Half-Year\nFlux Rate Std. Dev. (t/h)":"0.57","Average Annual\nFlux Rate (t/h)":"2.75","Average Annual\nFlux Rate Std. Dev. (t/h)":"0.56","Date of Last\nPlume Detected":"2025-11-24T03:27:59.000","Half-Year\nPersistency Category":"persistent","Half-Year\nEmission Persistency":"0.83","Half-Year\nPersistency Std. Dev.":"0.15","Annual\nPersistency Category":"persistent","Annual\nEmission Persistency":"0.88","Annual\nPersistency Std. Dev.":"0.11","Estimated Half-Year\nCH4 Emissions (t)":"10254","Estimated Annual\nCH4 Emissions (t)":"21199","group":"Thermal and met coal"}},{"type":"Feature","geometry":{"type":"Point","coordinates":[62.13602,40.45467]},"properties":{"Country":"Turkmenistan","Sector":"Oil and Gas","Potential Source Type":"Transmission Pipelines","Source ID":"TKM_S_256","Latitude":"40.45467","Longitude":"62.13602","Number of Plumes Detected\n(2024-Present)":"7","Plumes Notified\n(Y/N)":"Y","Feedback Received\n(Y/N)":"N","Average Half-Year\nFlux Rate (t/h)":"2.38","Average Half-Year\nFlux Rate Std. Dev. (t/h)":"0.9","Average Annual\nFlux Rate (t/h)":"2.78","Average Annual\nFlux Rate Std. Dev. (t/h)":"1.56","Date of Last\nPlume Detected":"2025-10-16T07:26:06.000","Half-Year\nPersistency Category":"persistent","Half-Year\nEmission Persistency":"1.0","Half-Year\nPersistency Std. Dev.":"0.0","Annual\nPersistency Category":"persistent","Annual\nEmission Persistency":"0.86","Annual\nPersistency Std. Dev.":"0.13","Estimated Half-Year\nCH4 Emissions (t)":"10281","Estimated Annual\nCH4 Emissions (t)":"20943","group":"Oil and gas"}},{"type":"Feature","geometry":{"type":"Point","coordinates":[112.9837,36.17031]},"properties":{"Country":"China","Sector":"Met Coal","Potential Source Type":"Venting shaft","Source ID":"CHN_S_100","Latitude":"36.17031","Longitude":"112.9837","Number of Plumes Detected\n(2024-Present)":"8","Plumes Notified\n(Y/N)":"N","Feedback Received\n(Y/N)":"N","Average Half-Year\nFlux Rate (t/h)":"2.29","Average Half-Year\nFlux Rate Std. Dev. (t/h)":"1.12","Average Annual\nFlux Rate (t/h)":"2.29","Average Annual\nFlux Rate Std. Dev. (t/h)":"1.12","Date of Last\nPlume Detected":"2025-10-27T03:57:35.000","Half-Year\nPersistency Category":"persistent","Half-Year\nEmission Persistency":"1.0","Half-Year\nPersistency Std. Dev.":"0.0","Annual\nPersistency Category":"persistent","Annual\nEmission Persistency":"1.0","Annual\nPersistency Std. Dev.":"0.0","Estimated Half-Year\nCH4 Emissions (t)":"9892","Estimated Annual\nCH4 Emissions (t)":"20060","group":"Met coal"}},{"type":"Feature","geometry":{"type":"Point","coordinates":[36.10961,32.5148]},"properties":{"Country":"Jordan","Sector":"Waste","Potential Source Type":"Landfill","Source ID":"JOR_S_004","Latitude":"32.5148","Longitude":"36.10961","Number of Plumes Detected\n(2024-Present)":"12","Plumes Notified\n(Y/N)":"N","Feedback Received\n(Y/N)":"N","Average Half-Year\nFlux Rate (t/h)":"2.45","Average Half-Year\nFlux Rate Std. Dev. (t/h)":"0.6","Average Annual\nFlux Rate (t/h)":"2.25","Average Annual\nFlux Rate Std. Dev. (t/h)":"0.58","Date of Last\nPlume Detected":"2025-10-03T07:31:00.000","Half-Year\nPersistency Category":"persistent","Half-Year\nEmission Persistency":"1.0","Half-Year\nPersistency Std. Dev.":"0.0","Annual\nPersistency Category":"persistent","Annual\nEmission Persistency":"1.0","Annual\nPersistency Std. Dev.":"0.0","Estimated Half-Year\nCH4 Emissions (t)":"10584","Estimated Annual\nCH4 Emissions (t)":"19710","group":"Waste"}},{"type":"Feature","geometry":{"type":"Point","coordinates":[54.31604,38.68051]},"properties":{"Country":"Turkmenistan","Sector":"Oil and Gas","Potential Source Type":"Gas disposal facility","Source ID":"TKM_S_045","Latitude":"38.68051","Longitude":"54.31604","Number of Plumes Detected\n(2024-Present)":"119","Plumes Notified\n(Y/N)":"Y","Feedback Received\n(Y/N)":"Y","Average Half-Year\nFlux Rate (t/h)":"3.01","Average Half-Year\nFlux Rate Std. Dev. (t/h)":"1.82","Average Annual\nFlux Rate (t/h)":"3.36","Average Annual\nFlux Rate Std. Dev. (t/h)":"2.02","Date of Last\nPlume Detected":"2026-03-04T07:08:01.000","Half-Year\nPersistency Category":"persistent","Half-Year\nEmission Persistency":"0.87","Half-Year\nPersistency Std. Dev.":"0.05","Annual\nPersistency Category":"frequent","Annual\nEmission Persistency":"0.65","Annual\nPersistency Std. Dev.":"0.05","Estimated Half-Year\nCH4 Emissions (t)":"11312","Estimated Annual\nCH4 Emissions (t)":"19131","group":"Oil and gas"}},{"type":"Feature","geometry":{"type":"Point","coordinates":[53.78864,39.46577]},"properties":{"Country":"Turkmenistan","Sector":"Oil and Gas","Potential Source Type":"Gas disposal facility","Source ID":"TKM_S_203","Latitude":"39.46577","Longitude":"53.78864","Number of Plumes Detected\n(2024-Present)":"96","Plumes Notified\n(Y/N)":"Y","Feedback Received\n(Y/N)":"N","Average Half-Year\nFlux Rate (t/h)":"3.66","Average Half-Year\nFlux Rate Std. Dev. (t/h)":"1.68","Average Annual\nFlux Rate (t/h)":"3.68","Average Annual\nFlux Rate Std. Dev. (t/h)":"1.86","Date of Last\nPlume Detected":"2026-02-02T07:11:21.000","Half-Year\nPersistency Category":"frequent","Half-Year\nEmission Persistency":"0.7","Half-Year\nPersistency Std. Dev.":"0.05","Annual\nPersistency Category":"frequent","Annual\nEmission Persistency":"0.58","Annual\nPersistency Std. Dev.":"0.04","Estimated Half-Year\nCH4 Emissions (t)":"11067","Estimated Annual\nCH4 Emissions (t)":"18697","group":"Oil and gas"}},{"type":"Feature","geometry":{"type":"Point","coordinates":[10.0775,36.73749]},"properties":{"Country":"Tunisia","Sector":"Waste","Potential Source Type":"Landfill","Source ID":"TUN_S_002","Latitude":"36.73749","Longitude":"10.0775","Number of Plumes Detected\n(2024-Present)":"7","Plumes Notified\n(Y/N)":"N","Feedback Received\n(Y/N)":"N","Average Half-Year\nFlux Rate (t/h)":"4.24","Average Half-Year\nFlux Rate Std. Dev. (t/h)":"2.36","Average Annual\nFlux Rate (t/h)":"3.18","Average Annual\nFlux Rate Std. Dev. (t/h)":"2.21","Date of Last\nPlume Detected":"2025-08-24T08:38:17.000","Half-Year\nPersistency Category":"persistent","Half-Year\nEmission Persistency":"1.0","Half-Year\nPersistency Std. Dev.":"0.0","Annual\nPersistency Category":"frequent","Annual\nEmission Persistency":"0.62","Annual\nPersistency Std. Dev.":"0.17","Estimated Half-Year\nCH4 Emissions (t)":"18316","Estimated Annual\nCH4 Emissions (t)":"18316","group":"Waste"}},{"type":"Feature","geometry":{"type":"Point","coordinates":[112.89058,36.52844]},"properties":{"Country":"China","Sector":"Met Coal","Potential Source Type":"Venting shaft","Source ID":"CHN_S_204","Latitude":"36.52844","Longitude":"112.89058","Number of Plumes Detected\n(2024-Present)":"16","Plumes Notified\n(Y/N)":"N","Feedback Received\n(Y/N)":"N","Average Half-Year\nFlux Rate (t/h)":"1.91","Average Half-Year\nFlux Rate Std. Dev. (t/h)":"1.23","Average Annual\nFlux Rate (t/h)":"2.08","Average Annual\nFlux Rate Std. Dev. (t/h)":"1.21","Date of Last\nPlume Detected":"2026-02-01T03:17:54.000","Half-Year\nPersistency Category":"persistent","Half-Year\nEmission Persistency":"1.0","Half-Year\nPersistency Std. Dev.":"0.0","Annual\nPersistency Category":"persistent","Annual\nEmission Persistency":"1.0","Annual\nPersistency Std. Dev.":"0.0","Estimated Half-Year\nCH4 Emissions (t)":"8251","Estimated Annual\nCH4 Emissions (t)":"18220","group":"Met coal"}},{"type":"Feature","geometry":{"type":"Point","coordinates":[113.05727,37.88027]},"properties":{"Country":"China","Sector":"Thermal Coal","Potential Source Type":"Drainage station","Source ID":"CHN_S_063","Latitude":"37.88027","Longitude":"113.05727","Number of Plumes Detected\n(2024-Present)":"9","Plumes Notified\n(Y/N)":"N","Feedback Received\n(Y/N)":"N","Average Half-Year\nFlux Rate (t/h)":"2.13","Average Half-Year\nFlux Rate Std. Dev. (t/h)":"2.35","Average Annual\nFlux Rate (t/h)":"1.93","Average Annual\nFlux Rate Std. Dev. (t/h)":"1.55","Date of Last\nPlume Detected":"2025-11-30T03:59:16.000","Half-Year\nPersistency Category":"persistent","Half-Year\nEmission Persistency":"1.0","Half-Year\nPersistency Std. Dev.":"0.0","Annual\nPersistency Category":"persistent","Annual\nEmission Persistency":"1.0","Annual\nPersistency Std. Dev.":"0.0","Estimated Half-Year\nCH4 Emissions (t)":"9201","Estimated Annual\nCH4 Emissions (t)":"16906","group":"Thermal coal"}},{"type":"Feature","geometry":{"type":"Point","coordinates":[113.40313,33.80958]},"properties":{"Country":"China","Sector":"Met Coal","Potential Source Type":"Venting shaft","Source ID":"CHN_S_253","Latitude":"33.80958","Longitude":"113.40313","Number of Plumes Detected\n(2024-Present)":"9","Plumes Notified\n(Y/N)":"N","Feedback Received\n(Y/N)":"N","Average Half-Year\nFlux Rate (t/h)":"2.21","Average Half-Year\nFlux Rate Std. Dev. (t/h)":"0.34","Average Annual\nFlux Rate (t/h)":"1.93","Average Annual\nFlux Rate Std. Dev. (t/h)":"0.56","Date of Last\nPlume Detected":"2025-12-14T05:48:41.000","Half-Year\nPersistency Category":"persistent","Half-Year\nEmission Persistency":"1.0","Half-Year\nPersistency Std. Dev.":"0.0","Annual\nPersistency Category":"persistent","Annual\nEmission Persistency":"1.0","Annual\nPersistency Std. Dev.":"0.0","Estimated Half-Year\nCH4 Emissions (t)":"9547","Estimated Annual\nCH4 Emissions (t)":"16906","group":"Met coal"}},{"type":"Feature","geometry":{"type":"Point","coordinates":[112.91964,36.25737]},"properties":{"Country":"China","Sector":"Thermal Coal","Potential Source Type":"Venting shaft","Source ID":"CHN_S_209","Latitude":"36.25737","Longitude":"112.91964","Number of Plumes Detected\n(2024-Present)":"13","Plumes Notified\n(Y/N)":"N","Feedback Received\n(Y/N)":"N","Average Half-Year\nFlux Rate (t/h)":"2.26","Average Half-Year\nFlux Rate Std. Dev. (t/h)":"1.17","Average Annual\nFlux Rate (t/h)":"1.9","Average Annual\nFlux Rate Std. Dev. (t/h)":"1.07","Date of Last\nPlume Detected":"2026-02-01T02:55:42.000","Half-Year\nPersistency Category":"persistent","Half-Year\nEmission Persistency":"1.0","Half-Year\nPersistency Std. Dev.":"0.0","Annual\nPersistency Category":"persistent","Annual\nEmission Persistency":"1.0","Annual\nPersistency Std. Dev.":"0.0","Estimated Half-Year\nCH4 Emissions (t)":"9763","Estimated Annual\nCH4 Emissions (t)":"16644","group":"Thermal coal"}},{"type":"Feature","geometry":{"type":"Point","coordinates":[113.42197,37.89321]},"properties":{"Country":"China","Sector":"Thermal Coal","Potential Source Type":"Venting shaft","Source ID":"CHN_S_136","Latitude":"37.89321","Longitude":"113.42197","Number of Plumes Detected\n(2024-Present)":"11","Plumes Notified\n(Y/N)":"N","Feedback Received\n(Y/N)":"N","Average Half-Year\nFlux Rate (t/h)":"2.22","Average Half-Year\nFlux Rate Std. Dev. (t/h)":"0.52","Average Annual\nFlux Rate (t/h)":"1.85","Average Annual\nFlux Rate Std. Dev. (t/h)":"0.52","Date of Last\nPlume Detected":"2025-11-30T03:59:28.000","Half-Year\nPersistency Category":"persistent","Half-Year\nEmission Persistency":"1.0","Half-Year\nPersistency Std. Dev.":"0.0","Annual\nPersistency Category":"persistent","Annual\nEmission Persistency":"1.0","Annual\nPersistency Std. Dev.":"0.0","Estimated Half-Year\nCH4 Emissions (t)":"9590","Estimated Annual\nCH4 Emissions (t)":"16206","group":"Thermal coal"}},{"type":"Feature","geometry":{"type":"Point","coordinates":[113.37895,37.88456]},"properties":{"Country":"China","Sector":"Thermal Coal","Potential Source Type":"Venting shaft","Source ID":"CHN_S_132","Latitude":"37.88456","Longitude":"113.37895","Number of Plumes Detected\n(2024-Present)":"11","Plumes Notified\n(Y/N)":"N","Feedback Received\n(Y/N)":"N","Average Half-Year\nFlux Rate (t/h)":"2.29","Average Half-Year\nFlux Rate Std. Dev. (t/h)":"2.49","Average Annual\nFlux Rate (t/h)":"1.8","Average Annual\nFlux Rate Std. Dev. (t/h)":"1.51","Date of Last\nPlume Detected":"2025-11-30T03:59:28.000","Half-Year\nPersistency Category":"persistent","Half-Year\nEmission Persistency":"1.0","Half-Year\nPersistency Std. Dev.":"0.0","Annual\nPersistency Category":"persistent","Annual\nEmission Persistency":"1.0","Annual\nPersistency Std. Dev.":"0.0","Estimated Half-Year\nCH4 Emissions (t)":"9892","Estimated Annual\nCH4 Emissions (t)":"15768","group":"Thermal coal"}},{"type":"Feature","geometry":{"type":"Point","coordinates":[36.09139,48.53577]},"properties":{"Country":"Ukraine","Sector":"Thermal and Met Coal","Potential Source Type":"Venting shaft","Source ID":"UKR_S_009","Latitude":"48.53577","Longitude":"36.09139","Number of Plumes Detected\n(2024-Present)":"5","Plumes Notified\n(Y/N)":"N","Feedback Received\n(Y/N)":"N","Average Half-Year\nFlux Rate (t/h)":"2.27","Average Half-Year\nFlux Rate Std. Dev. (t/h)":"0.97","Average Annual\nFlux Rate (t/h)":"1.84","Average Annual\nFlux Rate Std. Dev. (t/h)":"0.91","Date of Last\nPlume Detected":"2025-08-17T07:53:08.000","Half-Year\nPersistency Category":"persistent","Half-Year\nEmission Persistency":"1.0","Half-Year\nPersistency Std. Dev.":"0.0","Annual\nPersistency Category":"persistent","Annual\nEmission Persistency":"0.83","Annual\nPersistency Std. Dev.":"0.15","Estimated Half-Year\nCH4 Emissions (t)":"9806","Estimated Annual\nCH4 Emissions (t)":"13378","group":"Thermal and met coal"}},{"type":"Feature","geometry":{"type":"Point","coordinates":[-95.23955,29.82465]},"properties":{"Country":"United States of America","Sector":"Waste","Potential Source Type":"Landfill","Source ID":"USA_S_557","Latitude":"29.82465","Longitude":"-95.23955","Number of Plumes Detected\n(2024-Present)":"5","Plumes Notified\n(Y/N)":"N","Feedback Received\n(Y/N)":"N","Average Half-Year\nFlux Rate (t/h)":"2.73","Average Half-Year\nFlux Rate Std. Dev. (t/h)":"0.67","Average Annual\nFlux Rate (t/h)":"2.73","Average Annual\nFlux Rate Std. Dev. (t/h)":"0.67","Date of Last\nPlume Detected":"2025-12-02T17:33:20.000","Half-Year\nPersistency Category":"persistent","Half-Year\nEmission Persistency":"1.0","Half-Year\nPersistency Std. Dev.":"0.0","Annual\nPersistency Category":"frequent","Annual\nEmission Persistency":"0.33","Annual\nPersistency Std. Dev.":"0.16","Estimated Half-Year\nCH4 Emissions (t)":"11793","Estimated Annual\nCH4 Emissions (t)":"11793","group":"Waste"}},{"type":"Feature","geometry":{"type":"Point","coordinates":[112.96736,37.94975]},"properties":{"Country":"China","Sector":"Thermal Coal","Potential Source Type":"Drainage station","Source ID":"CHN_S_061","Latitude":"37.94975","Longitude":"112.96736","Number of Plumes Detected\n(2024-Present)":"9","Plumes Notified\n(Y/N)":"N","Feedback Received\n(Y/N)":"N","Average Half-Year\nFlux Rate (t/h)":"2.41","Average Half-Year\nFlux Rate Std. Dev. (t/h)":"1.29","Average Annual\nFlux Rate (t/h)":"1.17","Average Annual\nFlux Rate Std. Dev. (t/h)":"1.18","Date of Last\nPlume Detected":"2025-11-30T03:59:16.000","Half-Year\nPersistency Category":"persistent","Half-Year\nEmission Persistency":"1.0","Half-Year\nPersistency Std. Dev.":"0.0","Annual\nPersistency Category":"persistent","Annual\nEmission Persistency":"1.0","Annual\nPersistency Std. Dev.":"0.0","Estimated Half-Year\nCH4 Emissions (t)":"10411","Estimated Annual\nCH4 Emissions (t)":"10411","group":"Thermal coal"}},{"type":"Feature","geometry":{"type":"Point","coordinates":[113.56725,37.74596]},"properties":{"Country":"China","Sector":"Thermal Coal","Potential Source Type":"Drainage station","Source ID":"CHN_S_082","Latitude":"37.74596","Longitude":"113.56725","Number of Plumes Detected\n(2024-Present)":"7","Plumes Notified\n(Y/N)":"N","Feedback Received\n(Y/N)":"N","Average Half-Year\nFlux Rate (t/h)":"1.91","Average Half-Year\nFlux Rate Std. Dev. (t/h)":"0.83","Average Annual\nFlux Rate (t/h)":"1.55","Average Annual\nFlux Rate Std. Dev. (t/h)":"0.86","Date of Last\nPlume Detected":"2025-09-29T04:29:29.000","Half-Year\nPersistency Category":"persistent","Half-Year\nEmission Persistency":"1.0","Half-Year\nPersistency Std. Dev.":"0.0","Annual\nPersistency Category":"frequent","Annual\nEmission Persistency":"0.67","Annual\nPersistency Std. Dev.":"0.16","Estimated Half-Year\nCH4 Emissions (t)":"8251","Estimated Annual\nCH4 Emissions (t)":"9097","group":"Thermal coal"}},{"type":"Feature","geometry":{"type":"Point","coordinates":[151.07529,-32.47055]},"properties":{"Country":"Australia","Sector":"Thermal and Met Coal","Potential Source Type":"Venting shaft","Source ID":"AUS_S_043","Latitude":"-32.47055","Longitude":"151.07529","Number of Plumes Detected\n(2024-Present)":"17","Plumes Notified\n(Y/N)":"N","Feedback Received\n(Y/N)":"N","Average Half-Year\nFlux Rate (t/h)":"2.32","Average Half-Year\nFlux Rate Std. Dev. (t/h)":"1.03","Average Annual\nFlux Rate (t/h)":"2.34","Average Annual\nFlux Rate Std. Dev. (t/h)":"0.96","Date of Last\nPlume Detected":"2025-11-11T04:27:46.000","Half-Year\nPersistency Category":"persistent","Half-Year\nEmission Persistency":"0.88","Half-Year\nPersistency Std. Dev.":"0.11","Annual\nPersistency Category":"frequent","Annual\nEmission Persistency":"0.29","Annual\nPersistency Std. Dev.":"0.09","Estimated Half-Year\nCH4 Emissions (t)":"8819","Estimated Annual\nCH4 Emissions (t)":"8819","group":"Thermal and met coal"}},{"type":"Feature","geometry":{"type":"Point","coordinates":[54.28269,38.64869]},"properties":{"Country":"Turkmenistan","Sector":"Oil and Gas","Potential Source Type":"O&G facility (generic)","Source ID":"TKM_S_047","Latitude":"38.64869","Longitude":"54.28269","Number of Plumes Detected\n(2024-Present)":"131","Plumes Notified\n(Y/N)":"Y","Feedback Received\n(Y/N)":"N","Average Half-Year\nFlux Rate (t/h)":"13.91","Average Half-Year\nFlux Rate Std. Dev. (t/h)":"5.59","Average Annual\nFlux Rate (t/h)":"13.22","Average Annual\nFlux Rate Std. Dev. (t/h)":"5.7","Date of Last\nPlume Detected":"2026-02-17T07:08:49.000","Half-Year\nPersistency Category":"persistent","Half-Year\nEmission Persistency":"0.93","Half-Year\nPersistency Std. Dev.":"0.04","Annual\nPersistency Category":"persistent","Annual\nEmission Persistency":"0.88","Annual\nPersistency Std. Dev.":"0.03","Estimated Half-Year\nCH4 Emissions (t)":"55884","Estimated Annual\nCH4 Emissions (t)":"101910","group":"Oil and gas"}},{"type":"Feature","geometry":{"type":"Point","coordinates":[-70.79594,-32.95405]},"properties":{"Country":"Chile","Sector":"Waste","Potential Source Type":"Landfill","Source ID":"CHL_S_001","Latitude":"-32.95405","Longitude":"-70.79594","Number of Plumes Detected\n(2024-Present)":"11","Plumes Notified\n(Y/N)":"N","Feedback Received\n(Y/N)":"N","Average Half-Year\nFlux Rate (t/h)":"9.92","Average Half-Year\nFlux Rate Std. Dev. (t/h)":"2.56","Average Annual\nFlux Rate (t/h)":"11.34","Average Annual\nFlux Rate Std. Dev. (t/h)":"5.03","Date of Last\nPlume Detected":"2026-01-02T14:31:23.000","Half-Year\nPersistency Category":"persistent","Half-Year\nEmission Persistency":"1.0","Half-Year\nPersistency Std. Dev.":"0.0","Annual\nPersistency Category":"persistent","Annual\nEmission Persistency":"0.89","Annual\nPersistency Std. Dev.":"0.1","Estimated Half-Year\nCH4 Emissions (t)":"42854","Estimated Annual\nCH4 Emissions (t)":"88411","group":"Waste"}},{"type":"Feature","geometry":{"type":"Point","coordinates":[113.22445,37.95047]},"properties":{"Country":"China","Sector":"Thermal Coal","Potential Source Type":"Venting shaft","Source ID":"CHN_S_090","Latitude":"37.95047","Longitude":"113.22445","Number of Plumes Detected\n(2024-Present)":"10","Plumes Notified\n(Y/N)":"N","Feedback Received\n(Y/N)":"N","Average Half-Year\nFlux Rate (t/h)":"9.39","Average Half-Year\nFlux Rate Std. Dev. (t/h)":"9.12","Average Annual\nFlux Rate (t/h)":"7.67","Average Annual\nFlux Rate Std. Dev. (t/h)":"4.89","Date of Last\nPlume Detected":"2025-11-30T03:59:28.000","Half-Year\nPersistency Category":"persistent","Half-Year\nEmission Persistency":"1.0","Half-Year\nPersistency Std. Dev.":"0.0","Annual\nPersistency Category":"persistent","Annual\nEmission Persistency":"1.0","Annual\nPersistency Std. Dev.":"0.0","Estimated Half-Year\nCH4 Emissions (t)":"40564","Estimated Annual\nCH4 Emissions (t)":"67189","group":"Thermal coal"}},{"type":"Feature","geometry":{"type":"Point","coordinates":[54.02815,38.33075]},"properties":{"Country":"Turkmenistan","Sector":"Oil and Gas","Potential Source Type":"Gas disposal facility","Source ID":"TKM_S_022","Latitude":"38.33075","Longitude":"54.02815","Number of Plumes Detected\n(2024-Present)":"121","Plumes Notified\n(Y/N)":"Y","Feedback Received\n(Y/N)":"Y","Average Half-Year\nFlux Rate (t/h)":"8.13","Average Half-Year\nFlux Rate Std. Dev. (t/h)":"4.66","Average Annual\nFlux Rate (t/h)":"8.32","Average Annual\nFlux Rate Std. Dev. (t/h)":"4.82","Date of Last\nPlume Detected":"2026-03-06T07:18:51.000","Half-Year\nPersistency Category":"persistent","Half-Year\nEmission Persistency":"0.84","Half-Year\nPersistency Std. Dev.":"0.05","Annual\nPersistency Category":"persistent","Annual\nEmission Persistency":"0.82","Annual\nPersistency Std. Dev.":"0.04","Estimated Half-Year\nCH4 Emissions (t)":"29502","Estimated Annual\nCH4 Emissions (t)":"59764","group":"Oil and gas"}},{"type":"Feature","geometry":{"type":"Point","coordinates":[48.98861,31.23982]},"properties":{"Country":"Iran (Islamic Republic of)","Sector":"Oil and Gas","Potential Source Type":"Flare","Source ID":"IRN_S_055","Latitude":"31.23982","Longitude":"48.98861","Number of Plumes Detected\n(2024-Present)":"81","Plumes Notified\n(Y/N)":"Y","Feedback Received\n(Y/N)":"N","Average Half-Year\nFlux Rate (t/h)":"11.45","Average Half-Year\nFlux Rate Std. Dev. (t/h)":"9.64","Average Annual\nFlux Rate (t/h)":"11.47","Average Annual\nFlux Rate Std. Dev. (t/h)":"12.67","Date of Last\nPlume Detected":"2025-11-05T07:30:09.000","Half-Year\nPersistency Category":"frequent","Half-Year\nEmission Persistency":"0.4","Half-Year\nPersistency Std. Dev.":"0.05","Annual\nPersistency Category":"frequent","Annual\nEmission Persistency":"0.47","Annual\nPersistency Std. Dev.":"0.04","Estimated Half-Year\nCH4 Emissions (t)":"19785","Estimated Annual\nCH4 Emissions (t)":"47224","group":"Oil and gas"}},{"type":"Feature","geometry":{"type":"Point","coordinates":[54.23678,38.85321]},"properties":{"Country":"Turkmenistan","Sector":"Oil and Gas","Potential Source Type":"Abandoned wells","Source ID":"TKM_S_018","Latitude":"38.85321","Longitude":"54.23678","Number of Plumes Detected\n(2024-Present)":"124","Plumes Notified\n(Y/N)":"Y","Feedback Received\n(Y/N)":"Y","Average Half-Year\nFlux Rate (t/h)":"6.6","Average Half-Year\nFlux Rate Std. Dev. (t/h)":"3.21","Average Annual\nFlux Rate (t/h)":"6.41","Average Annual\nFlux Rate Std. Dev. (t/h)":"2.96","Date of Last\nPlume Detected":"2026-01-18T07:11:29.000","Half-Year\nPersistency Category":"frequent","Half-Year\nEmission Persistency":"0.8","Half-Year\nPersistency Std. Dev.":"0.06","Annual\nPersistency Category":"persistent","Annual\nEmission Persistency":"0.82","Annual\nPersistency Std. Dev.":"0.04","Estimated Half-Year\nCH4 Emissions (t)":"22809","Estimated Annual\nCH4 Emissions (t)":"46044","group":"Oil and gas"}},{"type":"Feature","geometry":{"type":"Point","coordinates":[53.89861,37.90823]},"properties":{"Country":"Turkmenistan","Sector":"Oil and Gas","Potential Source Type":"Flare","Source ID":"TKM_S_024","Latitude":"37.90823","Longitude":"53.89861","Number of Plumes Detected\n(2024-Present)":"55","Plumes Notified\n(Y/N)":"Y","Feedback Received\n(Y/N)":"Y","Average Half-Year\nFlux Rate (t/h)":"13.3","Average Half-Year\nFlux Rate Std. Dev. (t/h)":"9.71","Average Annual\nFlux Rate (t/h)":"10.15","Average Annual\nFlux Rate Std. Dev. (t/h)":"8.32","Date of Last\nPlume Detected":"2026-01-08T07:11:59.000","Half-Year\nPersistency Category":"frequent","Half-Year\nEmission Persistency":"0.45","Half-Year\nPersistency Std. Dev.":"0.09","Annual\nPersistency Category":"frequent","Annual\nEmission Persistency":"0.49","Annual\nPersistency Std. Dev.":"0.06","Estimated Half-Year\nCH4 Emissions (t)":"25855","Estimated Annual\nCH4 Emissions (t)":"43567","group":"Oil and gas"}},{"type":"Feature","geometry":{"type":"Point","coordinates":[112.9372,36.41495]},"properties":{"Country":"China","Sector":"Met Coal","Potential Source Type":"Venting shaft","Source ID":"CHN_S_072","Latitude":"36.41495","Longitude":"112.9372","Number of Plumes Detected\n(2024-Present)":"18","Plumes Notified\n(Y/N)":"N","Feedback Received\n(Y/N)":"N","Average Half-Year\nFlux Rate (t/h)":"4.37","Average Half-Year\nFlux Rate Std. Dev. (t/h)":"3.76","Average Annual\nFlux Rate (t/h)":"4.97","Average Annual\nFlux Rate Std. Dev. (t/h)":"3.17","Date of Last\nPlume Detected":"2026-02-01T03:17:54.000","Half-Year\nPersistency Category":"persistent","Half-Year\nEmission Persistency":"1.0","Half-Year\nPersistency Std. Dev.":"0.0","Annual\nPersistency Category":"persistent","Annual\nEmission Persistency":"1.0","Annual\nPersistency Std. Dev.":"0.0","Estimated Half-Year\nCH4 Emissions (t)":"18878","Estimated Annual\nCH4 Emissions (t)":"43537","group":"Met coal"}},{"type":"Feature","geometry":{"type":"Point","coordinates":[51.33346,35.45736]},"properties":{"Country":"Iran (Islamic Republic of)","Sector":"Waste","Potential Source Type":"Landfill","Source ID":"IRN_S_052","Latitude":"35.45736","Longitude":"51.33346","Number of Plumes Detected\n(2024-Present)":"21","Plumes Notified\n(Y/N)":"N","Feedback Received\n(Y/N)":"N","Average Half-Year\nFlux Rate (t/h)":"4.66","Average Half-Year\nFlux Rate Std. Dev. (t/h)":"1.73","Average Annual\nFlux Rate (t/h)":"4.62","Average Annual\nFlux Rate Std. Dev. (t/h)":"2.09","Date of Last\nPlume Detected":"2025-11-17T07:56:20.000","Half-Year\nPersistency Category":"persistent","Half-Year\nEmission Persistency":"1.0","Half-Year\nPersistency Std. Dev.":"0.0","Annual\nPersistency Category":"persistent","Annual\nEmission Persistency":"1.0","Annual\nPersistency Std. Dev.":"0.0","Estimated Half-Year\nCH4 Emissions (t)":"20131","Estimated Annual\nCH4 Emissions (t)":"40471","group":"Waste"}},{"type":"Feature","geometry":{"type":"Point","coordinates":[53.92428,37.92912]},"properties":{"Country":"Turkmenistan","Sector":"Oil and Gas","Potential Source Type":"Flare","Source ID":"TKM_S_026","Latitude":"37.92912","Longitude":"53.92428","Number of Plumes Detected\n(2024-Present)":"77","Plumes Notified\n(Y/N)":"Y","Feedback Received\n(Y/N)":"Y","Average Half-Year\nFlux Rate (t/h)":"4.91","Average Half-Year\nFlux Rate Std. Dev. (t/h)":"3.35","Average Annual\nFlux Rate (t/h)":"6.13","Average Annual\nFlux Rate Std. Dev. (t/h)":"4.13","Date of Last\nPlume Detected":"2026-03-06T07:18:51.000","Half-Year\nPersistency Category":"frequent","Half-Year\nEmission Persistency":"0.76","Half-Year\nPersistency Std. Dev.":"0.07","Annual\nPersistency Category":"frequent","Annual\nEmission Persistency":"0.74","Annual\nPersistency Std. Dev.":"0.05","Estimated Half-Year\nCH4 Emissions (t)":"16120","Estimated Annual\nCH4 Emissions (t)":"39737","group":"Oil and gas"}},{"type":"Feature","geometry":{"type":"Point","coordinates":[39.40224,21.65043]},"properties":{"Country":"Saudi Arabia","Sector":"Waste","Potential Source Type":"Landfill","Source ID":"SAU_S_011","Latitude":"21.65043","Longitude":"39.40224","Number of Plumes Detected\n(2024-Present)":"11","Plumes Notified\n(Y/N)":"N","Feedback Received\n(Y/N)":"N","Average Half-Year\nFlux Rate (t/h)":"4.12","Average Half-Year\nFlux Rate Std. Dev. (t/h)":"1.98","Average Annual\nFlux Rate (t/h)":"4.48","Average Annual\nFlux Rate Std. Dev. (t/h)":"1.51","Date of Last\nPlume Detected":"2026-01-26T08:58:01.000","Half-Year\nPersistency Category":"persistent","Half-Year\nEmission Persistency":"1.0","Half-Year\nPersistency Std. Dev.":"0.0","Annual\nPersistency Category":"persistent","Annual\nEmission Persistency":"1.0","Annual\nPersistency Std. Dev.":"0.0","Estimated Half-Year\nCH4 Emissions (t)":"17798","Estimated Annual\nCH4 Emissions (t)":"39244","group":"Waste"}},{"type":"Feature","geometry":{"type":"Point","coordinates":[-100.29812,25.87236]},"properties":{"Country":"Mexico","Sector":"Waste","Potential Source Type":"Landfill","Source ID":"MEX_S_055","Latitude":"25.87236","Longitude":"-100.29812","Number of Plumes Detected\n(2024-Present)":"12","Plumes Notified\n(Y/N)":"N","Feedback Received\n(Y/N)":"N","Average Half-Year\nFlux Rate (t/h)":"4.07","Average Half-Year\nFlux Rate Std. Dev. (t/h)":"2.23","Average Annual\nFlux Rate (t/h)":"4.25","Average Annual\nFlux Rate Std. Dev. (t/h)":"2.04","Date of Last\nPlume Detected":"2026-01-07T17:24:50.000","Half-Year\nPersistency Category":"persistent","Half-Year\nEmission Persistency":"1.0","Half-Year\nPersistency Std. Dev.":"0.0","Annual\nPersistency Category":"persistent","Annual\nEmission Persistency":"1.0","Annual\nPersistency Std. Dev.":"0.0","Estimated Half-Year\nCH4 Emissions (t)":"17582","Estimated Annual\nCH4 Emissions (t)":"37230","group":"Waste"}},{"type":"Feature","geometry":{"type":"Point","coordinates":[-63.47417,9.67872]},"properties":{"Country":"Venezuela","Sector":"Oil and Gas","Potential Source Type":"Flare","Source ID":"VEN_S_008","Latitude":"9.67872","Longitude":"-63.47417","Number of Plumes Detected\n(2024-Present)":"18","Plumes Notified\n(Y/N)":"Y","Feedback Received\n(Y/N)":"N","Average Half-Year\nFlux Rate (t/h)":"17.57","Average Half-Year\nFlux Rate Std. Dev. (t/h)":"12.07","Average Annual\nFlux Rate (t/h)":"11.76","Average Annual\nFlux Rate Std. Dev. (t/h)":"10.19","Date of Last\nPlume Detected":"2026-01-27T14:58:15.000","Half-Year\nPersistency Category":"frequent","Half-Year\nEmission Persistency":"0.44","Half-Year\nPersistency Std. Dev.":"0.12","Annual\nPersistency Category":"frequent","Annual\nEmission Persistency":"0.36","Annual\nPersistency Std. Dev.":"0.09","Estimated Half-Year\nCH4 Emissions (t)":"33397","Estimated Annual\nCH4 Emissions (t)":"37086","group":"Oil and gas"}},{"type":"Feature","geometry":{"type":"Point","coordinates":[69.80955,27.96851]},"properties":{"Country":"Pakistan","Sector":"Oil and Gas","Potential Source Type":"Gathering and boosting facilities","Source ID":"PAK_S_001","Latitude":"27.96851","Longitude":"69.80955","Number of Plumes Detected\n(2024-Present)":"33","Plumes Notified\n(Y/N)":"Y","Feedback Received\n(Y/N)":"N","Average Half-Year\nFlux Rate (t/h)":"4.42","Average Half-Year\nFlux Rate Std. Dev. (t/h)":"1.22","Average Annual\nFlux Rate (t/h)":"3.78","Average Annual\nFlux Rate Std. Dev. (t/h)":"2.33","Date of Last\nPlume Detected":"2026-03-06T06:04:19.000","Half-Year\nPersistency Category":"persistent","Half-Year\nEmission Persistency":"1.0","Half-Year\nPersistency Std. Dev.":"0.0","Annual\nPersistency Category":"persistent","Annual\nEmission Persistency":"1.0","Annual\nPersistency Std. Dev.":"0.0","Estimated Half-Year\nCH4 Emissions (t)":"19094","Estimated Annual\nCH4 Emissions (t)":"33112","group":"Oil and gas"}},{"type":"Feature","geometry":{"type":"Point","coordinates":[-103.45535,20.91518]},"properties":{"Country":"Mexico","Sector":"Waste","Potential Source Type":"Landfill","Source ID":"MEX_S_074","Latitude":"20.91518","Longitude":"-103.45535","Number of Plumes Detected\n(2024-Present)":"8","Plumes Notified\n(Y/N)":"N","Feedback Received\n(Y/N)":"N","Average Half-Year\nFlux Rate (t/h)":"5.18","Average Half-Year\nFlux Rate Std. Dev. (t/h)":"2.25","Average Annual\nFlux Rate (t/h)":"3.77","Average Annual\nFlux Rate Std. Dev. (t/h)":"3.0","Date of Last\nPlume Detected":"2026-01-30T16:45:16.000","Half-Year\nPersistency Category":"persistent","Half-Year\nEmission Persistency":"1.0","Half-Year\nPersistency Std. Dev.":"0.0","Annual\nPersistency Category":"persistent","Annual\nEmission Persistency":"1.0","Annual\nPersistency Std. Dev.":"0.0","Estimated Half-Year\nCH4 Emissions (t)":"22377","Estimated Annual\nCH4 Emissions (t)":"33025","group":"Waste"}},{"type":"Feature","geometry":{"type":"Point","coordinates":[113.55029,37.74429]},"properties":{"Country":"China","Sector":"Thermal Coal","Potential Source Type":"Venting shaft","Source ID":"CHN_S_121","Latitude":"37.74429","Longitude":"113.55029","Number of Plumes Detected\n(2024-Present)":"12","Plumes Notified\n(Y/N)":"N","Feedback Received\n(Y/N)":"N","Average Half-Year\nFlux Rate (t/h)":"2.65","Average Half-Year\nFlux Rate Std. Dev. (t/h)":"1.8","Average Annual\nFlux Rate (t/h)":"3.34","Average Annual\nFlux Rate Std. Dev. (t/h)":"2.08","Date of Last\nPlume Detected":"2025-09-29T04:29:29.000","Half-Year\nPersistency Category":"persistent","Half-Year\nEmission Persistency":"1.0","Half-Year\nPersistency Std. Dev.":"0.0","Annual\nPersistency Category":"persistent","Annual\nEmission Persistency":"1.0","Annual\nPersistency Std. Dev.":"0.0","Estimated Half-Year\nCH4 Emissions (t)":"11448","Estimated Annual\nCH4 Emissions (t)":"29258","group":"Thermal coal"}},{"type":"Feature","geometry":{"type":"Point","coordinates":[112.87599,36.38906]},"properties":{"Country":"China","Sector":"Thermal and Met Coal","Potential Source Type":"Venting shaft","Source ID":"CHN_S_157","Latitude":"36.38906","Longitude":"112.87599","Number of Plumes Detected\n(2024-Present)":"15","Plumes Notified\n(Y/N)":"N","Feedback Received\n(Y/N)":"N","Average Half-Year\nFlux Rate (t/h)":"2.09","Average Half-Year\nFlux Rate Std. Dev. (t/h)":"1.2","Average Annual\nFlux Rate (t/h)":"3.05","Average Annual\nFlux Rate Std. Dev. (t/h)":"1.81","Date of Last\nPlume Detected":"2026-02-01T03:17:54.000","Half-Year\nPersistency Category":"persistent","Half-Year\nEmission Persistency":"1.0","Half-Year\nPersistency Std. Dev.":"0.0","Annual\nPersistency Category":"persistent","Annual\nEmission Persistency":"1.0","Annual\nPersistency Std. Dev.":"0.0","Estimated Half-Year\nCH4 Emissions (t)":"9028","Estimated Annual\nCH4 Emissions (t)":"26718","group":"Thermal and met coal"}},{"type":"Feature","geometry":{"type":"Point","coordinates":[-46.95992,-23.41355]},"properties":{"Country":"Brazil","Sector":"Waste","Potential Source Type":"Landfill","Source ID":"BRA_S_007","Latitude":"-23.41355","Longitude":"-46.95992","Number of Plumes Detected\n(2024-Present)":"7","Plumes Notified\n(Y/N)":"N","Feedback Received\n(Y/N)":"N","Average Half-Year\nFlux Rate (t/h)":"3.02","Average Half-Year\nFlux Rate Std. Dev. (t/h)":"1.52","Average Annual\nFlux Rate (t/h)":"2.97","Average Annual\nFlux Rate Std. Dev. (t/h)":"1.24","Date of Last\nPlume Detected":"2025-09-19T15:10:19.000","Half-Year\nPersistency Category":"persistent","Half-Year\nEmission Persistency":"1.0","Half-Year\nPersistency Std. Dev.":"0.0","Annual\nPersistency Category":"persistent","Annual\nEmission Persistency":"1.0","Annual\nPersistency Std. Dev.":"0.0","Estimated Half-Year\nCH4 Emissions (t)":"13046","Estimated Annual\nCH4 Emissions (t)":"26017","group":"Waste"}},{"type":"Feature","geometry":{"type":"Point","coordinates":[72.56738,22.98321]},"properties":{"Country":"India","Sector":"Waste","Potential Source Type":"Landfill","Source ID":"IND_S_017","Latitude":"22.98321","Longitude":"72.56738","Number of Plumes Detected\n(2024-Present)":"25","Plumes Notified\n(Y/N)":"N","Feedback Received\n(Y/N)":"N","Average Half-Year\nFlux Rate (t/h)":"3.09","Average Half-Year\nFlux Rate Std. Dev. (t/h)":"0.52","Average Annual\nFlux Rate (t/h)":"2.9","Average Annual\nFlux Rate Std. Dev. (t/h)":"0.9","Date of Last\nPlume Detected":"2026-02-16T05:55:47.000","Half-Year\nPersistency Category":"persistent","Half-Year\nEmission Persistency":"1.0","Half-Year\nPersistency Std. Dev.":"0.0","Annual\nPersistency Category":"persistent","Annual\nEmission Persistency":"1.0","Annual\nPersistency Std. Dev.":"0.0","Estimated Half-Year\nCH4 Emissions (t)":"13348","Estimated Annual\nCH4 Emissions (t)":"25404","group":"Waste"}},{"type":"Feature","geometry":{"type":"Point","coordinates":[112.86259,36.0917]},"properties":{"Country":"China","Sector":"Thermal and Met Coal","Potential Source Type":"Drainage station","Source ID":"CHN_S_175","Latitude":"36.0917","Longitude":"112.86259","Number of Plumes Detected\n(2024-Present)":"13","Plumes Notified\n(Y/N)":"N","Feedback Received\n(Y/N)":"N","Average Half-Year\nFlux Rate (t/h)":"4.89","Average Half-Year\nFlux Rate Std. Dev. (t/h)":"5.28","Average Annual\nFlux Rate (t/h)":"3.23","Average Annual\nFlux Rate Std. Dev. (t/h)":"2.96","Date of Last\nPlume Detected":"2026-02-01T02:55:31.000","Half-Year\nPersistency Category":"persistent","Half-Year\nEmission Persistency":"1.0","Half-Year\nPersistency Std. Dev.":"0.0","Annual\nPersistency Category":"persistent","Annual\nEmission Persistency":"0.88","Annual\nPersistency Std. Dev.":"0.11","Estimated Half-Year\nCH4 Emissions (t)":"21124","Estimated Annual\nCH4 Emissions (t)":"24899","group":"Thermal and met coal"}},{"type":"Feature","geometry":{"type":"Point","coordinates":[112.28427,36.83699]},"properties":{"Country":"China","Sector":"Met Coal","Potential Source Type":"Venting shaft","Source ID":"CHN_S_228","Latitude":"36.83699","Longitude":"112.28427","Number of Plumes Detected\n(2024-Present)":"10","Plumes Notified\n(Y/N)":"N","Feedback Received\n(Y/N)":"N","Average Half-Year\nFlux Rate (t/h)":"3.0","Average Half-Year\nFlux Rate Std. Dev. (t/h)":"2.79","Average Annual\nFlux Rate (t/h)":"2.8","Average Annual\nFlux Rate Std. Dev. (t/h)":"2.31","Date of Last\nPlume Detected":"2025-11-30T03:59:05.000","Half-Year\nPersistency Category":"persistent","Half-Year\nEmission Persistency":"1.0","Half-Year\nPersistency Std. Dev.":"0.0","Annual\nPersistency Category":"persistent","Annual\nEmission Persistency":"1.0","Annual\nPersistency Std. Dev.":"0.0","Estimated Half-Year\nCH4 Emissions (t)":"12960","Estimated Annual\nCH4 Emissions (t)":"24528","group":"Met coal"}},{"type":"Feature","geometry":{"type":"Point","coordinates":[53.9164,37.76777]},"properties":{"Country":"Turkmenistan","Sector":"Oil and Gas","Potential Source Type":"Gas disposal facility","Source ID":"TKM_S_367","Latitude":"37.76777","Longitude":"53.9164","Number of Plumes Detected\n(2024-Present)":"29","Plumes Notified\n(Y/N)":"Y","Feedback Received\n(Y/N)":"N","Average Half-Year\nFlux Rate (t/h)":"7.9","Average Half-Year\nFlux Rate Std. Dev. (t/h)":"3.6","Average Annual\nFlux Rate (t/h)":"6.94","Average Annual\nFlux Rate Std. Dev. (t/h)":"3.24","Date of Last\nPlume Detected":"2026-03-06T07:18:51.000","Half-Year\nPersistency Category":"frequent","Half-Year\nEmission Persistency":"0.52","Half-Year\nPersistency Std. Dev.":"0.1","Annual\nPersistency Category":"frequent","Annual\nEmission Persistency":"0.38","Annual\nPersistency Std. Dev.":"0.06","Estimated Half-Year\nCH4 Emissions (t)":"17746","Estimated Annual\nCH4 Emissions (t)":"23101","group":"Oil and gas"}},{"type":"Feature","geometry":{"type":"Point","coordinates":[113.46146,37.84215]},"properties":{"Country":"China","Sector":"Thermal Coal","Potential Source Type":"Venting shaft","Source ID":"CHN_S_103","Latitude":"37.84215","Longitude":"113.46146","Number of Plumes Detected\n(2024-Present)":"13","Plumes Notified\n(Y/N)":"N","Feedback Received\n(Y/N)":"N","Average Half-Year\nFlux Rate (t/h)":"3.38","Average Half-Year\nFlux Rate Std. Dev. (t/h)":"2.13","Average Annual\nFlux Rate (t/h)":"2.54","Average Annual\nFlux Rate Std. Dev. (t/h)":"1.63","Date of Last\nPlume Detected":"2025-11-30T03:59:28.000","Half-Year\nPersistency Category":"persistent","Half-Year\nEmission Persistency":"1.0","Half-Year\nPersistency Std. Dev.":"0.0","Annual\nPersistency Category":"persistent","Annual\nEmission Persistency":"1.0","Annual\nPersistency Std. Dev.":"0.0","Estimated Half-Year\nCH4 Emissions (t)":"14601","Estimated Annual\nCH4 Emissions (t)":"22250","group":"Thermal coal"}},{"type":"Feature","geometry":{"type":"Point","coordinates":[110.60152,35.80337]},"properties":{"Country":"China","Sector":"Met Coal","Potential Source Type":"Coal mine facility (generic)","Source ID":"CHN_S_229","Latitude":"35.80337","Longitude":"110.60152","Number of Plumes Detected\n(2024-Present)":"15","Plumes Notified\n(Y/N)":"N","Feedback Received\n(Y/N)":"N","Average Half-Year\nFlux Rate (t/h)":"1.47","Average Half-Year\nFlux Rate Std. Dev. (t/h)":"0.73","Average Annual\nFlux Rate (t/h)":"2.42","Average Annual\nFlux Rate Std. Dev. (t/h)":"2.17","Date of Last\nPlume Detected":"2026-02-12T03:57:43.000","Half-Year\nPersistency Category":"persistent","Half-Year\nEmission Persistency":"1.0","Half-Year\nPersistency Std. Dev.":"0.0","Annual\nPersistency Category":"persistent","Annual\nEmission Persistency":"1.0","Annual\nPersistency Std. Dev.":"0.0","Estimated Half-Year\nCH4 Emissions (t)":"6350","Estimated Annual\nCH4 Emissions (t)":"21199","group":"Met coal"}},{"type":"Feature","geometry":{"type":"Point","coordinates":[53.78864,39.46577]},"properties":{"Country":"Turkmenistan","Sector":"Oil and Gas","Potential Source Type":"Gas disposal facility","Source ID":"TKM_S_203","Latitude":"39.46577","Longitude":"53.78864","Number of Plumes Detected\n(2024-Present)":"96","Plumes Notified\n(Y/N)":"Y","Feedback Received\n(Y/N)":"N","Average Half-Year\nFlux Rate (t/h)":"3.66","Average Half-Year\nFlux Rate Std. Dev. (t/h)":"1.72","Average Annual\nFlux Rate (t/h)":"3.64","Average Annual\nFlux Rate Std. Dev. (t/h)":"1.85","Date of Last\nPlume Detected":"2026-02-02T07:11:21.000","Half-Year\nPersistency Category":"frequent","Half-Year\nEmission Persistency":"0.68","Half-Year\nPersistency Std. Dev.":"0.05","Annual\nPersistency Category":"frequent","Annual\nEmission Persistency":"0.6","Annual\nPersistency Std. Dev.":"0.04","Estimated Half-Year\nCH4 Emissions (t)":"10751","Estimated Annual\nCH4 Emissions (t)":"19131","group":"Oil and gas"}},{"type":"Feature","geometry":{"type":"Point","coordinates":[112.89058,36.52844]},"properties":{"Country":"China","Sector":"Met Coal","Potential Source Type":"Venting shaft","Source ID":"CHN_S_204","Latitude":"36.52844","Longitude":"112.89058","Number of Plumes Detected\n(2024-Present)":"16","Plumes Notified\n(Y/N)":"N","Feedback Received\n(Y/N)":"N","Average Half-Year\nFlux Rate (t/h)":"2.22","Average Half-Year\nFlux Rate Std. Dev. (t/h)":"1.0","Average Annual\nFlux Rate (t/h)":"2.12","Average Annual\nFlux Rate Std. Dev. (t/h)":"1.05","Date of Last\nPlume Detected":"2026-02-01T03:17:54.000","Half-Year\nPersistency Category":"persistent","Half-Year\nEmission Persistency":"1.0","Half-Year\nPersistency Std. Dev.":"0.0","Annual\nPersistency Category":"persistent","Annual\nEmission Persistency":"1.0","Annual\nPersistency Std. Dev.":"0.0","Estimated Half-Year\nCH4 Emissions (t)":"9590","Estimated Annual\nCH4 Emissions (t)":"18571","group":"Met coal"}},{"type":"Feature","geometry":{"type":"Point","coordinates":[54.31604,38.68051]},"properties":{"Country":"Turkmenistan","Sector":"Oil and Gas","Potential Source Type":"Gas disposal facility","Source ID":"TKM_S_045","Latitude":"38.68051","Longitude":"54.31604","Number of Plumes Detected\n(2024-Present)":"119","Plumes Notified\n(Y/N)":"Y","Feedback Received\n(Y/N)":"Y","Average Half-Year\nFlux Rate (t/h)":"2.72","Average Half-Year\nFlux Rate Std. Dev. (t/h)":"1.64","Average Annual\nFlux Rate (t/h)":"3.15","Average Annual\nFlux Rate Std. Dev. (t/h)":"1.87","Date of Last\nPlume Detected":"2026-03-04T07:08:01.000","Half-Year\nPersistency Category":"frequent","Half-Year\nEmission Persistency":"0.8","Half-Year\nPersistency Std. Dev.":"0.06","Annual\nPersistency Category":"frequent","Annual\nEmission Persistency":"0.64","Annual\nPersistency Std. Dev.":"0.05","Estimated Half-Year\nCH4 Emissions (t)":"9400","Estimated Annual\nCH4 Emissions (t)":"17660","group":"Oil and gas"}},{"type":"Feature","geometry":{"type":"Point","coordinates":[-72.16774,-36.69538]},"properties":{"Country":"Chile","Sector":"Waste","Potential Source Type":"Landfill","Source ID":"CHL_S_009","Latitude":"-36.69538","Longitude":"-72.16774","Number of Plumes Detected\n(2024-Present)":"16","Plumes Notified\n(Y/N)":"N","Feedback Received\n(Y/N)":"N","Average Half-Year\nFlux Rate (t/h)":"2.01","Average Half-Year\nFlux Rate Std. Dev. (t/h)":"1.14","Average Annual\nFlux Rate (t/h)":"2.01","Average Annual\nFlux Rate Std. Dev. (t/h)":"1.14","Date of Last\nPlume Detected":"2026-03-06T14:03:26.000","Half-Year\nPersistency Category":"persistent","Half-Year\nEmission Persistency":"1.0","Half-Year\nPersistency Std. Dev.":"0.0","Annual\nPersistency Category":"persistent","Annual\nEmission Persistency":"1.0","Annual\nPersistency Std. Dev.":"0.0","Estimated Half-Year\nCH4 Emissions (t)":"8683","Estimated Annual\nCH4 Emissions (t)":"17607","group":"Waste"}},{"type":"Feature","geometry":{"type":"Point","coordinates":[113.05727,37.88027]},"properties":{"Country":"China","Sector":"Thermal Coal","Potential Source Type":"Drainage station","Source ID":"CHN_S_063","Latitude":"37.88027","Longitude":"113.05727","Number of Plumes Detected\n(2024-Present)":"9","Plumes Notified\n(Y/N)":"N","Feedback Received\n(Y/N)":"N","Average Half-Year\nFlux Rate (t/h)":"2.13","Average Half-Year\nFlux Rate Std. Dev. (t/h)":"2.35","Average Annual\nFlux Rate (t/h)":"1.93","Average Annual\nFlux Rate Std. Dev. (t/h)":"1.55","Date of Last\nPlume Detected":"2025-11-30T03:59:16.000","Half-Year\nPersistency Category":"persistent","Half-Year\nEmission Persistency":"1.0","Half-Year\nPersistency Std. Dev.":"0.0","Annual\nPersistency Category":"persistent","Annual\nEmission Persistency":"1.0","Annual\nPersistency Std. Dev.":"0.0","Estimated Half-Year\nCH4 Emissions (t)":"9201","Estimated Annual\nCH4 Emissions (t)":"16906","group":"Thermal coal"}},{"type":"Feature","geometry":{"type":"Point","coordinates":[53.91533,37.76929]},"properties":{"Country":"Turkmenistan","Sector":"Oil and Gas","Potential Source Type":"Gas disposal facility","Source ID":"TKM_S_048","Latitude":"37.76929","Longitude":"53.91533","Number of Plumes Detected\n(2024-Present)":"64","Plumes Notified\n(Y/N)":"Y","Feedback Received\n(Y/N)":"Y","Average Half-Year\nFlux Rate (t/h)":"4.81","Average Half-Year\nFlux Rate Std. Dev. (t/h)":"3.47","Average Annual\nFlux Rate (t/h)":"3.58","Average Annual\nFlux Rate Std. Dev. (t/h)":"2.57","Date of Last\nPlume Detected":"2025-11-21T07:01:49.000","Half-Year\nPersistency Category":"frequent","Half-Year\nEmission Persistency":"0.52","Half-Year\nPersistency Std. Dev.":"0.1","Annual\nPersistency Category":"frequent","Annual\nEmission Persistency":"0.53","Annual\nPersistency Std. Dev.":"0.06","Estimated Half-Year\nCH4 Emissions (t)":"10805","Estimated Annual\nCH4 Emissions (t)":"16621","group":"Oil and gas"}},{"type":"Feature","geometry":{"type":"Point","coordinates":[113.42197,37.89321]},"properties":{"Country":"China","Sector":"Thermal Coal","Potential Source Type":"Venting shaft","Source ID":"CHN_S_136","Latitude":"37.89321","Longitude":"113.42197","Number of Plumes Detected\n(2024-Present)":"11","Plumes Notified\n(Y/N)":"N","Feedback Received\n(Y/N)":"N","Average Half-Year\nFlux Rate (t/h)":"2.22","Average Half-Year\nFlux Rate Std. Dev. (t/h)":"0.52","Average Annual\nFlux Rate (t/h)":"1.85","Average Annual\nFlux Rate Std. Dev. (t/h)":"0.52","Date of Last\nPlume Detected":"2025-11-30T03:59:28.000","Half-Year\nPersistency Category":"persistent","Half-Year\nEmission Persistency":"1.0","Half-Year\nPersistency Std. Dev.":"0.0","Annual\nPersistency Category":"persistent","Annual\nEmission Persistency":"1.0","Annual\nPersistency Std. Dev.":"0.0","Estimated Half-Year\nCH4 Emissions (t)":"9590","Estimated Annual\nCH4 Emissions (t)":"16206","group":"Thermal coal"}},{"type":"Feature","geometry":{"type":"Point","coordinates":[113.37895,37.88456]},"properties":{"Country":"China","Sector":"Thermal Coal","Potential Source Type":"Venting shaft","Source ID":"CHN_S_132","Latitude":"37.88456","Longitude":"113.37895","Number of Plumes Detected\n(2024-Present)":"11","Plumes Notified\n(Y/N)":"N","Feedback Received\n(Y/N)":"N","Average Half-Year\nFlux Rate (t/h)":"2.29","Average Half-Year\nFlux Rate Std. Dev. (t/h)":"2.49","Average Annual\nFlux Rate (t/h)":"1.8","Average Annual\nFlux Rate Std. Dev. (t/h)":"1.51","Date of Last\nPlume Detected":"2025-11-30T03:59:28.000","Half-Year\nPersistency Category":"persistent","Half-Year\nEmission Persistency":"1.0","Half-Year\nPersistency Std. Dev.":"0.0","Annual\nPersistency Category":"persistent","Annual\nEmission Persistency":"1.0","Annual\nPersistency Std. Dev.":"0.0","Estimated Half-Year\nCH4 Emissions (t)":"9892","Estimated Annual\nCH4 Emissions (t)":"15768","group":"Thermal coal"}},{"type":"Feature","geometry":{"type":"Point","coordinates":[35.39898,37.05524]},"properties":{"Country":"Türkiye","Sector":"Waste","Potential Source Type":"Landfill","Source ID":"TUR_S_010","Latitude":"37.05524","Longitude":"35.39898","Number of Plumes Detected\n(2024-Present)":"10","Plumes Notified\n(Y/N)":"N","Feedback Received\n(Y/N)":"N","Average Half-Year\nFlux Rate (t/h)":"2.14","Average Half-Year\nFlux Rate Std. Dev. (t/h)":"0.87","Average Annual\nFlux Rate (t/h)":"2.06","Average Annual\nFlux Rate Std. Dev. (t/h)":"0.73","Date of Last\nPlume Detected":"2025-11-29T09:24:24.000","Half-Year\nPersistency Category":"persistent","Half-Year\nEmission Persistency":"1.0","Half-Year\nPersistency Std. Dev.":"0.0","Annual\nPersistency Category":"persistent","Annual\nEmission Persistency":"0.83","Annual\nPersistency Std. Dev.":"0.15","Estimated Half-Year\nCH4 Emissions (t)":"9244","Estimated Annual\nCH4 Emissions (t)":"14977","group":"Waste"}},{"type":"Feature","geometry":{"type":"Point","coordinates":[54.02541,38.2665]},"properties":{"Country":"Turkmenistan","Sector":"Oil and Gas","Potential Source Type":"Gas disposal facility","Source ID":"TKM_S_355","Latitude":"38.2665","Longitude":"54.02541","Number of Plumes Detected\n(2024-Present)":"51","Plumes Notified\n(Y/N)":"Y","Feedback Received\n(Y/N)":"Y","Average Half-Year\nFlux Rate (t/h)":"2.86","Average Half-Year\nFlux Rate Std. Dev. (t/h)":"1.78","Average Annual\nFlux Rate (t/h)":"3.26","Average Annual\nFlux Rate Std. Dev. (t/h)":"3.15","Date of Last\nPlume Detected":"2026-01-28T07:10:39.000","Half-Year\nPersistency Category":"frequent","Half-Year\nEmission Persistency":"0.64","Half-Year\nPersistency Std. Dev.":"0.08","Annual\nPersistency Category":"frequent","Annual\nEmission Persistency":"0.52","Annual\nPersistency Std. Dev.":"0.05","Estimated Half-Year\nCH4 Emissions (t)":"7907","Estimated Annual\nCH4 Emissions (t)":"14849","group":"Oil and gas"}},{"type":"Feature","geometry":{"type":"Point","coordinates":[72.27994,23.48031]},"properties":{"Country":"India","Sector":"Oil and Gas","Potential Source Type":"Flare","Source ID":"IND_S_014","Latitude":"23.48031","Longitude":"72.27994","Number of Plumes Detected\n(2024-Present)":"18","Plumes Notified\n(Y/N)":"Y","Feedback Received\n(Y/N)":"N","Average Half-Year\nFlux Rate (t/h)":"2.03","Average Half-Year\nFlux Rate Std. Dev. (t/h)":"0.67","Average Annual\nFlux Rate (t/h)":"1.8","Average Annual\nFlux Rate Std. Dev. (t/h)":"0.7","Date of Last\nPlume Detected":"2026-03-05T05:48:52.000","Half-Year\nPersistency Category":"persistent","Half-Year\nEmission Persistency":"0.86","Half-Year\nPersistency Std. Dev.":"0.13","Annual\nPersistency Category":"persistent","Annual\nEmission Persistency":"0.92","Annual\nPersistency Std. Dev.":"0.08","Estimated Half-Year\nCH4 Emissions (t)":"7541","Estimated Annual\nCH4 Emissions (t)":"14506","group":"Oil and gas"}},{"type":"Feature","geometry":{"type":"Point","coordinates":[54.19757,38.50625]},"properties":{"Country":"Turkmenistan","Sector":"Oil and Gas","Potential Source Type":"Gas disposal facility","Source ID":"TKM_S_020","Latitude":"38.50625","Longitude":"54.19757","Number of Plumes Detected\n(2024-Present)":"92","Plumes Notified\n(Y/N)":"Y","Feedback Received\n(Y/N)":"Y","Average Half-Year\nFlux Rate (t/h)":"2.32","Average Half-Year\nFlux Rate Std. Dev. (t/h)":"1.23","Average Annual\nFlux Rate (t/h)":"2.55","Average Annual\nFlux Rate Std. Dev. (t/h)":"1.55","Date of Last\nPlume Detected":"2026-03-06T07:18:51.000","Half-Year\nPersistency Category":"frequent","Half-Year\nEmission Persistency":"0.73","Half-Year\nPersistency Std. Dev.":"0.07","Annual\nPersistency Category":"frequent","Annual\nEmission Persistency":"0.61","Annual\nPersistency Std. Dev.":"0.05","Estimated Half-Year\nCH4 Emissions (t)":"7316","Estimated Annual\nCH4 Emissions (t)":"13626","group":"Oil and gas"}},{"type":"Feature","geometry":{"type":"Point","coordinates":[40.69163,35.04589]},"properties":{"Country":"Syrian Arab Republic","Sector":"Oil and Gas","Potential Source Type":"Gas disposal facility","Source ID":"SYR_S_014","Latitude":"35.04589","Longitude":"40.69163","Number of Plumes Detected\n(2024-Present)":"87","Plumes Notified\n(Y/N)":"Y","Feedback Received\n(Y/N)":"N","Average Half-Year\nFlux Rate (t/h)":"1.5","Average Half-Year\nFlux Rate Std. Dev. (t/h)":"0.74","Average Annual\nFlux Rate (t/h)":"1.55","Average Annual\nFlux Rate Std. Dev. (t/h)":"0.67","Date of Last\nPlume Detected":"2026-02-01T07:52:00.000","Half-Year\nPersistency Category":"persistent","Half-Year\nEmission Persistency":"0.96","Half-Year\nPersistency Std. Dev.":"0.04","Annual\nPersistency Category":"persistent","Annual\nEmission Persistency":"0.98","Annual\nPersistency Std. Dev.":"0.02","Estimated Half-Year\nCH4 Emissions (t)":"6220","Estimated Annual\nCH4 Emissions (t)":"13306","group":"Oil and gas"}},{"type":"Feature","geometry":{"type":"Point","coordinates":[-45.74821,-23.27444]},"properties":{"Country":"Brazil","Sector":"Waste","Potential Source Type":"Landfill","Source ID":"BRA_S_047","Latitude":"-23.27444","Longitude":"-45.74821","Number of Plumes Detected\n(2024-Present)":"5","Plumes Notified\n(Y/N)":"N","Feedback Received\n(Y/N)":"N","Average Half-Year\nFlux Rate (t/h)":"1.86","Average Half-Year\nFlux Rate Std. Dev. (t/h)":"0.88","Average Annual\nFlux Rate (t/h)":"1.84","Average Annual\nFlux Rate Std. Dev. (t/h)":"0.72","Date of Last\nPlume Detected":"2025-12-23T16:05:45.000","Half-Year\nPersistency Category":"persistent","Half-Year\nEmission Persistency":"1.0","Half-Year\nPersistency Std. Dev.":"0.0","Annual\nPersistency Category":"frequent","Annual\nEmission Persistency":"0.8","Annual\nPersistency Std. Dev.":"0.18","Estimated Half-Year\nCH4 Emissions (t)":"8035","Estimated Annual\nCH4 Emissions (t)":"12894","group":"Waste"}},{"type":"Feature","geometry":{"type":"Point","coordinates":[40.69655,35.0404]},"properties":{"Country":"Syrian Arab Republic","Sector":"Oil and Gas","Potential Source Type":"Gas disposal facility","Source ID":"SYR_S_015","Latitude":"35.0404","Longitude":"40.69655","Number of Plumes Detected\n(2024-Present)":"90","Plumes Notified\n(Y/N)":"Y","Feedback Received\n(Y/N)":"N","Average Half-Year\nFlux Rate (t/h)":"1.4","Average Half-Year\nFlux Rate Std. Dev. (t/h)":"0.65","Average Annual\nFlux Rate (t/h)":"1.5","Average Annual\nFlux Rate Std. Dev. (t/h)":"0.73","Date of Last\nPlume Detected":"2026-02-11T11:07:14.000","Half-Year\nPersistency Category":"persistent","Half-Year\nEmission Persistency":"1.0","Half-Year\nPersistency Std. Dev.":"0.0","Annual\nPersistency Category":"persistent","Annual\nEmission Persistency":"0.98","Annual\nPersistency Std. Dev.":"0.02","Estimated Half-Year\nCH4 Emissions (t)":"6048","Estimated Annual\nCH4 Emissions (t)":"12877","group":"Oil and gas"}},{"type":"Feature","geometry":{"type":"Point","coordinates":[44.15514,15.47439]},"properties":{"Country":"Yemen","Sector":"Waste","Potential Source Type":"Landfill","Source ID":"YEM_S_019","Latitude":"15.47439","Longitude":"44.15514","Number of Plumes Detected\n(2024-Present)":"6","Plumes Notified\n(Y/N)":"N","Feedback Received\n(Y/N)":"N","Average Half-Year\nFlux Rate (t/h)":"1.95","Average Half-Year\nFlux Rate Std. Dev. (t/h)":"0.54","Average Annual\nFlux Rate (t/h)":"1.86","Average Annual\nFlux Rate Std. Dev. (t/h)":"0.53","Date of Last\nPlume Detected":"2025-12-09T07:44:55.000","Half-Year\nPersistency Category":"persistent","Half-Year\nEmission Persistency":"1.0","Half-Year\nPersistency Std. Dev.":"0.0","Annual\nPersistency Category":"frequent","Annual\nEmission Persistency":"0.75","Annual\nPersistency Std. Dev.":"0.15","Estimated Half-Year\nCH4 Emissions (t)":"8424","Estimated Annual\nCH4 Emissions (t)":"12220","group":"Waste"}},{"type":"Feature","geometry":{"type":"Point","coordinates":[53.92699,37.71657]},"properties":{"Country":"Turkmenistan","Sector":"Oil and Gas","Potential Source Type":"Gas disposal facility","Source ID":"TKM_S_027","Latitude":"37.71657","Longitude":"53.92699","Number of Plumes Detected\n(2024-Present)":"30","Plumes Notified\n(Y/N)":"Y","Feedback Received\n(Y/N)":"Y","Average Half-Year\nFlux Rate (t/h)":"2.83","Average Half-Year\nFlux Rate Std. Dev. (t/h)":"1.43","Average Annual\nFlux Rate (t/h)":"4.19","Average Annual\nFlux Rate Std. Dev. (t/h)":"3.37","Date of Last\nPlume Detected":"2026-01-08T07:11:59.000","Half-Year\nPersistency Category":"frequent","Half-Year\nEmission Persistency":"0.58","Half-Year\nPersistency Std. Dev.":"0.11","Annual\nPersistency Category":"frequent","Annual\nEmission Persistency":"0.33","Annual\nPersistency Std. Dev.":"0.06","Estimated Half-Year\nCH4 Emissions (t)":"7090","Estimated Annual\nCH4 Emissions (t)":"12112","group":"Oil and gas"}},{"type":"Feature","geometry":{"type":"Point","coordinates":[54.02161,38.09913]},"properties":{"Country":"Turkmenistan","Sector":"Oil and Gas","Potential Source Type":"O&G facility (generic)","Source ID":"TKM_S_438","Latitude":"38.09913","Longitude":"54.02161","Number of Plumes Detected\n(2024-Present)":"56","Plumes Notified\n(Y/N)":"Y","Feedback Received\n(Y/N)":"N","Average Half-Year\nFlux Rate (t/h)":"2.05","Average Half-Year\nFlux Rate Std. Dev. (t/h)":"1.13","Average Annual\nFlux Rate (t/h)":"2.14","Average Annual\nFlux Rate Std. Dev. (t/h)":"1.32","Date of Last\nPlume Detected":"2026-03-06T07:18:51.000","Half-Year\nPersistency Category":"persistent","Half-Year\nEmission Persistency":"0.9","Half-Year\nPersistency Std. Dev.":"0.05","Annual\nPersistency Category":"frequent","Annual\nEmission Persistency":"0.64","Annual\nPersistency Std. Dev.":"0.05","Estimated Half-Year\nCH4 Emissions (t)":"7970","Estimated Annual\nCH4 Emissions (t)":"11997","group":"Oil and gas"}},{"type":"Feature","geometry":{"type":"Point","coordinates":[-85.01502,42.35518]},"properties":{"Country":"United States of America","Sector":"Waste","Potential Source Type":"Landfill","Source ID":"USA_S_926","Latitude":"42.35518","Longitude":"-85.01502","Number of Plumes Detected\n(2024-Present)":"7","Plumes Notified\n(Y/N)":"N","Feedback Received\n(Y/N)":"N","Average Half-Year\nFlux Rate (t/h)":"2.0","Average Half-Year\nFlux Rate Std. Dev. (t/h)":"0.52","Average Annual\nFlux Rate (t/h)":"1.63","Average Annual\nFlux Rate Std. Dev. (t/h)":"0.85","Date of Last\nPlume Detected":"2025-10-04T16:05:10.000","Half-Year\nPersistency Category":"persistent","Half-Year\nEmission Persistency":"1.0","Half-Year\nPersistency Std. Dev.":"0.0","Annual\nPersistency Category":"frequent","Annual\nEmission Persistency":"0.8","Annual\nPersistency Std. Dev.":"0.18","Estimated Half-Year\nCH4 Emissions (t)":"8640","Estimated Annual\nCH4 Emissions (t)":"11423","group":"Waste"}},{"type":"Feature","geometry":{"type":"Point","coordinates":[40.28168,35.34785]},"properties":{"Country":"Syrian Arab Republic","Sector":"Oil and Gas","Potential Source Type":"O&G facility (generic)","Source ID":"SYR_S_032","Latitude":"35.34785","Longitude":"40.28168","Number of Plumes Detected\n(2024-Present)":"103","Plumes Notified\n(Y/N)":"Y","Feedback Received\n(Y/N)":"N","Average Half-Year\nFlux Rate (t/h)":"2.01","Average Half-Year\nFlux Rate Std. Dev. (t/h)":"1.38","Average Annual\nFlux Rate (t/h)":"1.87","Average Annual\nFlux Rate Std. Dev. (t/h)":"1.08","Date of Last\nPlume Detected":"2026-01-16T07:51:42.000","Half-Year\nPersistency Category":"persistent","Half-Year\nEmission Persistency":"0.9","Half-Year\nPersistency Std. Dev.":"0.04","Annual\nPersistency Category":"frequent","Annual\nEmission Persistency":"0.66","Annual\nPersistency Std. Dev.":"0.04","Estimated Half-Year\nCH4 Emissions (t)":"7814","Estimated Annual\nCH4 Emissions (t)":"10811","group":"Oil and gas"}},{"type":"Feature","geometry":{"type":"Point","coordinates":[-81.6105,37.57177]},"properties":{"Country":"United States of America","Sector":"Thermal and Met Coal","Potential Source Type":"Coal mine facility (generic)","Source ID":"USA_S_473","Latitude":"37.57177","Longitude":"-81.6105","Number of Plumes Detected\n(2024-Present)":"14","Plumes Notified\n(Y/N)":"N","Feedback Received\n(Y/N)":"N","Average Half-Year\nFlux Rate (t/h)":"1.19","Average Half-Year\nFlux Rate Std. Dev. (t/h)":"0.59","Average Annual\nFlux Rate (t/h)":"1.26","Average Annual\nFlux Rate Std. Dev. (t/h)":"0.45","Date of Last\nPlume Detected":"2026-02-11T18:50:50.000","Half-Year\nPersistency Category":"persistent","Half-Year\nEmission Persistency":"1.0","Half-Year\nPersistency Std. Dev.":"0.0","Annual\nPersistency Category":"persistent","Annual\nEmission Persistency":"0.92","Annual\nPersistency Std. Dev.":"0.08","Estimated Half-Year\nCH4 Emissions (t)":"5140","Estimated Annual\nCH4 Emissions (t)":"10154","group":"Thermal and met coal"}},{"type":"Feature","geometry":{"type":"Point","coordinates":[113.56725,37.74596]},"properties":{"Country":"China","Sector":"Thermal Coal","Potential Source Type":"Drainage station","Source ID":"CHN_S_082","Latitude":"37.74596","Longitude":"113.56725","Number of Plumes Detected\n(2024-Present)":"7","Plumes Notified\n(Y/N)":"N","Feedback Received\n(Y/N)":"N","Average Half-Year\nFlux Rate (t/h)":"2.23","Average Half-Year\nFlux Rate Std. Dev. (t/h)":"0.66","Average Annual\nFlux Rate (t/h)":"1.55","Average Annual\nFlux Rate Std. Dev. (t/h)":"0.86","Date of Last\nPlume Detected":"2025-09-29T04:29:29.000","Half-Year\nPersistency Category":"persistent","Half-Year\nEmission Persistency":"1.0","Half-Year\nPersistency Std. Dev.":"0.0","Annual\nPersistency Category":"frequent","Annual\nEmission Persistency":"0.67","Annual\nPersistency Std. Dev.":"0.16","Estimated Half-Year\nCH4 Emissions (t)":"9633","Estimated Annual\nCH4 Emissions (t)":"9633","group":"Thermal coal"}},{"type":"Feature","geometry":{"type":"Point","coordinates":[62.8912,38.66006]},"properties":{"Country":"Turkmenistan","Sector":"Oil and Gas","Potential Source Type":"Transmission Pipelines","Source ID":"TKM_S_406","Latitude":"38.66006","Longitude":"62.8912","Number of Plumes Detected\n(2024-Present)":"47","Plumes Notified\n(Y/N)":"Y","Feedback Received\n(Y/N)":"Y","Average Half-Year\nFlux Rate (t/h)":"2.71","Average Half-Year\nFlux Rate Std. Dev. (t/h)":"1.94","Average Annual\nFlux Rate (t/h)":"2.57","Average Annual\nFlux Rate Std. Dev. (t/h)":"1.9","Date of Last\nPlume Detected":"2026-02-06T06:30:28.000","Half-Year\nPersistency Category":"persistent","Half-Year\nEmission Persistency":"0.82","Half-Year\nPersistency Std. Dev.":"0.05","Annual\nPersistency Category":"frequent","Annual\nEmission Persistency":"0.41","Annual\nPersistency Std. Dev.":"0.05","Estimated Half-Year\nCH4 Emissions (t)":"9599","Estimated Annual\nCH4 Emissions (t)":"9599","group":"Oil and gas"}},{"type":"Feature","geometry":{"type":"Point","coordinates":[151.07529,-32.47055]},"properties":{"Country":"Australia","Sector":"Thermal and Met Coal","Potential Source Type":"Venting shaft","Source ID":"AUS_S_043","Latitude":"-32.47055","Longitude":"151.07529","Number of Plumes Detected\n(2024-Present)":"17","Plumes Notified\n(Y/N)":"N","Feedback Received\n(Y/N)":"N","Average Half-Year\nFlux Rate (t/h)":"2.32","Average Half-Year\nFlux Rate Std. Dev. (t/h)":"1.03","Average Annual\nFlux Rate (t/h)":"2.34","Average Annual\nFlux Rate Std. Dev. (t/h)":"0.96","Date of Last\nPlume Detected":"2025-11-11T04:27:46.000","Half-Year\nPersistency Category":"persistent","Half-Year\nEmission Persistency":"0.88","Half-Year\nPersistency Std. Dev.":"0.11","Annual\nPersistency Category":"frequent","Annual\nEmission Persistency":"0.32","Annual\nPersistency Std. Dev.":"0.09","Estimated Half-Year\nCH4 Emissions (t)":"8819","Estimated Annual\nCH4 Emissions (t)":"8819","group":"Thermal and met coal"}},{"type":"Feature","geometry":{"type":"Point","coordinates":[147.99512,-21.88795]},"properties":{"Country":"Australia","Sector":"Met Coal","Potential Source Type":"Venting shaft","Source ID":"AUS_S_028","Latitude":"-21.88795","Longitude":"147.99512","Number of Plumes Detected\n(2024-Present)":"10","Plumes Notified\n(Y/N)":"N","Feedback Received\n(Y/N)":"N","Average Half-Year\nFlux Rate (t/h)":"1.98","Average Half-Year\nFlux Rate Std. Dev. (t/h)":"1.0","Average Annual\nFlux Rate (t/h)":"2.23","Average Annual\nFlux Rate Std. Dev. (t/h)":"0.96","Date of Last\nPlume Detected":"2026-02-01T00:19:31.000","Half-Year\nPersistency Category":"persistent","Half-Year\nEmission Persistency":"1.0","Half-Year\nPersistency Std. Dev.":"0.0","Annual\nPersistency Category":"frequent","Annual\nEmission Persistency":"0.29","Annual\nPersistency Std. Dev.":"0.11","Estimated Half-Year\nCH4 Emissions (t)":"8553","Estimated Annual\nCH4 Emissions (t)":"8553","group":"Met coal"}},{"type":"Feature","geometry":{"type":"Point","coordinates":[28.15206,29.78652]},"properties":{"Country":"Egypt","Sector":"Oil and Gas","Potential Source Type":"Gas disposal facility","Source ID":"EGY_S_055","Latitude":"29.78652","Longitude":"28.15206","Number of Plumes Detected\n(2024-Present)":"70","Plumes Notified\n(Y/N)":"Y","Feedback Received\n(Y/N)":"N","Average Half-Year\nFlux Rate (t/h)":"3.63","Average Half-Year\nFlux Rate Std. Dev. (t/h)":"1.09","Average Annual\nFlux Rate (t/h)":"3.63","Average Annual\nFlux Rate Std. Dev. (t/h)":"1.09","Date of Last\nPlume Detected":"2026-03-06T08:47:51.000","Half-Year\nPersistency Category":"frequent","Half-Year\nEmission Persistency":"0.51","Half-Year\nPersistency Std. Dev.":"0.05","Annual\nPersistency Category":"frequent","Annual\nEmission Persistency":"0.24","Annual\nPersistency Std. Dev.":"0.03","Estimated Half-Year\nCH4 Emissions (t)":"7997","Estimated Annual\nCH4 Emissions (t)":"7997","group":"Oil and gas"}},{"type":"Feature","geometry":{"type":"Point","coordinates":[-70.79594,-32.95405]},"properties":{"Country":"Chile","Sector":"Waste","Potential Source Type":"Landfill","Source ID":"CHL_S_001","Latitude":"-32.95405","Longitude":"-70.79594","Number of Plumes Detected\n(2024-Present)":"11","Plumes Notified\n(Y/N)":"N","Feedback Received\n(Y/N)":"N","Average Half-Year\nFlux Rate (t/h)":"10.59","Average Half-Year\nFlux Rate Std. Dev. (t/h)":"2.17","Average Annual\nFlux Rate (t/h)":"11.28","Average Annual\nFlux Rate Std. Dev. (t/h)":"4.66","Date of Last\nPlume Detected":"2026-01-02T14:31:23.000","Half-Year\nPersistency Category":"persistent","Half-Year\nEmission Persistency":"1.0","Half-Year\nPersistency Std. Dev.":"0.0","Annual\nPersistency Category":"persistent","Annual\nEmission Persistency":"1.0","Annual\nPersistency Std. Dev.":"0.0","Estimated Half-Year\nCH4 Emissions (t)":"45748","Estimated Annual\nCH4 Emissions (t)":"98812","group":"Waste"}},{"type":"Feature","geometry":{"type":"Point","coordinates":[54.28269,38.64869]},"properties":{"Country":"Turkmenistan","Sector":"Oil and Gas","Potential Source Type":"O&G facility (generic)","Source ID":"TKM_S_047","Latitude":"38.64869","Longitude":"54.28269","Number of Plumes Detected\n(2024-Present)":"131","Plumes Notified\n(Y/N)":"Y","Feedback Received\n(Y/N)":"N","Average Half-Year\nFlux Rate (t/h)":"12.74","Average Half-Year\nFlux Rate Std. Dev. (t/h)":"5.02","Average Annual\nFlux Rate (t/h)":"12.94","Average Annual\nFlux Rate Std. Dev. (t/h)":"5.34","Date of Last\nPlume Detected":"2026-02-17T07:08:49.000","Half-Year\nPersistency Category":"frequent","Half-Year\nEmission Persistency":"0.77","Half-Year\nPersistency Std. Dev.":"0.07","Annual\nPersistency Category":"persistent","Annual\nEmission Persistency":"0.82","Annual\nPersistency Std. Dev.":"0.04","Estimated Half-Year\nCH4 Emissions (t)":"42378","Estimated Annual\nCH4 Emissions (t)":"92950","group":"Oil and gas"}},{"type":"Feature","geometry":{"type":"Point","coordinates":[72.95102,19.12256]},"properties":{"Country":"India","Sector":"Waste","Potential Source Type":"Landfill","Source ID":"IND_S_042","Latitude":"19.12256","Longitude":"72.95102","Number of Plumes Detected\n(2024-Present)":"13","Plumes Notified\n(Y/N)":"N","Feedback Received\n(Y/N)":"N","Average Half-Year\nFlux Rate (t/h)":"12.45","Average Half-Year\nFlux Rate Std. Dev. (t/h)":"","Average Annual\nFlux Rate (t/h)":"8.46","Average Annual\nFlux Rate Std. Dev. (t/h)":"4.87","Date of Last\nPlume Detected":"2026-02-22T05:52:46.000","Half-Year\nPersistency Category":"persistent","Half-Year\nEmission Persistency":"1.0","Half-Year\nPersistency Std. Dev.":"0.0","Annual\nPersistency Category":"persistent","Annual\nEmission Persistency":"1.0","Annual\nPersistency Std. Dev.":"0.0","Estimated Half-Year\nCH4 Emissions (t)":"53784","Estimated Annual\nCH4 Emissions (t)":"74109","group":"Waste"}},{"type":"Feature","geometry":{"type":"Point","coordinates":[113.22445,37.95047]},"properties":{"Country":"China","Sector":"Thermal Coal","Potential Source Type":"Venting shaft","Source ID":"CHN_S_090","Latitude":"37.95047","Longitude":"113.22445","Number of Plumes Detected\n(2024-Present)":"10","Plumes Notified\n(Y/N)":"N","Feedback Received\n(Y/N)":"N","Average Half-Year\nFlux Rate (t/h)":"9.39","Average Half-Year\nFlux Rate Std. Dev. (t/h)":"9.12","Average Annual\nFlux Rate (t/h)":"7.67","Average Annual\nFlux Rate Std. Dev. (t/h)":"4.89","Date of Last\nPlume Detected":"2025-11-30T03:59:28.000","Half-Year\nPersistency Category":"persistent","Half-Year\nEmission Persistency":"1.0","Half-Year\nPersistency Std. Dev.":"0.0","Annual\nPersistency Category":"persistent","Annual\nEmission Persistency":"1.0","Annual\nPersistency Std. Dev.":"0.0","Estimated Half-Year\nCH4 Emissions (t)":"40564","Estimated Annual\nCH4 Emissions (t)":"67189","group":"Thermal coal"}},{"type":"Feature","geometry":{"type":"Point","coordinates":[54.02815,38.33075]},"properties":{"Country":"Turkmenistan","Sector":"Oil and Gas","Potential Source Type":"Gas disposal facility","Source ID":"TKM_S_022","Latitude":"38.33075","Longitude":"54.02815","Number of Plumes Detected\n(2024-Present)":"121","Plumes Notified\n(Y/N)":"Y","Feedback Received\n(Y/N)":"Y","Average Half-Year\nFlux Rate (t/h)":"7.67","Average Half-Year\nFlux Rate Std. Dev. (t/h)":"4.43","Average Annual\nFlux Rate (t/h)":"8.2","Average Annual\nFlux Rate Std. Dev. (t/h)":"4.76","Date of Last\nPlume Detected":"2026-03-06T07:18:51.000","Half-Year\nPersistency Category":"persistent","Half-Year\nEmission Persistency":"0.82","Half-Year\nPersistency Std. Dev.":"0.06","Annual\nPersistency Category":"persistent","Annual\nEmission Persistency":"0.85","Annual\nPersistency Std. Dev.":"0.04","Estimated Half-Year\nCH4 Emissions (t)":"27170","Estimated Annual\nCH4 Emissions (t)":"61057","group":"Oil and gas"}},{"type":"Feature","geometry":{"type":"Point","coordinates":[112.94554,36.23247]},"properties":{"Country":"China","Sector":"Thermal Coal","Potential Source Type":"Venting shaft","Source ID":"CHN_S_088","Latitude":"36.23247","Longitude":"112.94554","Number of Plumes Detected\n(2024-Present)":"15","Plumes Notified\n(Y/N)":"N","Feedback Received\n(Y/N)":"N","Average Half-Year\nFlux Rate (t/h)":"3.44","Average Half-Year\nFlux Rate Std. Dev. (t/h)":"1.81","Average Annual\nFlux Rate (t/h)":"5.47","Average Annual\nFlux Rate Std. Dev. (t/h)":"4.16","Date of Last\nPlume Detected":"2026-02-01T02:55:42.000","Half-Year\nPersistency Category":"persistent","Half-Year\nEmission Persistency":"1.0","Half-Year\nPersistency Std. Dev.":"0.0","Annual\nPersistency Category":"persistent","Annual\nEmission Persistency":"1.0","Annual\nPersistency Std. Dev.":"0.0","Estimated Half-Year\nCH4 Emissions (t)":"14860","Estimated Annual\nCH4 Emissions (t)":"47917","group":"Thermal coal"}},{"type":"Feature","geometry":{"type":"Point","coordinates":[54.23678,38.85321]},"properties":{"Country":"Turkmenistan","Sector":"Oil and Gas","Potential Source Type":"Abandoned wells","Source ID":"TKM_S_018","Latitude":"38.85321","Longitude":"54.23678","Number of Plumes Detected\n(2024-Present)":"124","Plumes Notified\n(Y/N)":"Y","Feedback Received\n(Y/N)":"Y","Average Half-Year\nFlux Rate (t/h)":"6.55","Average Half-Year\nFlux Rate Std. Dev. (t/h)":"3.55","Average Annual\nFlux Rate (t/h)":"6.35","Average Annual\nFlux Rate Std. Dev. (t/h)":"2.98","Date of Last\nPlume Detected":"2026-01-18T07:11:29.000","Half-Year\nPersistency Category":"frequent","Half-Year\nEmission Persistency":"0.62","Half-Year\nPersistency Std. Dev.":"0.08","Annual\nPersistency Category":"frequent","Annual\nEmission Persistency":"0.79","Annual\nPersistency Std. Dev.":"0.04","Estimated Half-Year\nCH4 Emissions (t)":"17543","Estimated Annual\nCH4 Emissions (t)":"43944","group":"Oil and gas"}},{"type":"Feature","geometry":{"type":"Point","coordinates":[53.89861,37.90823]},"properties":{"Country":"Turkmenistan","Sector":"Oil and Gas","Potential Source Type":"Flare","Source ID":"TKM_S_024","Latitude":"37.90823","Longitude":"53.89861","Number of Plumes Detected\n(2024-Present)":"55","Plumes Notified\n(Y/N)":"Y","Feedback Received\n(Y/N)":"Y","Average Half-Year\nFlux Rate (t/h)":"13.3","Average Half-Year\nFlux Rate Std. Dev. (t/h)":"9.71","Average Annual\nFlux Rate (t/h)":"10.15","Average Annual\nFlux Rate Std. Dev. (t/h)":"8.32","Date of Last\nPlume Detected":"2026-01-08T07:11:59.000","Half-Year\nPersistency Category":"frequent","Half-Year\nEmission Persistency":"0.54","Half-Year\nPersistency Std. Dev.":"0.1","Annual\nPersistency Category":"frequent","Annual\nEmission Persistency":"0.49","Annual\nPersistency Std. Dev.":"0.06","Estimated Half-Year\nCH4 Emissions (t)":"31026","Estimated Annual\nCH4 Emissions (t)":"43567","group":"Oil and gas"}},{"type":"Feature","geometry":{"type":"Point","coordinates":[-70.79734,-33.69123]},"properties":{"Country":"Chile","Sector":"Waste","Potential Source Type":"Landfill","Source ID":"CHL_S_002","Latitude":"-33.69123","Longitude":"-70.79734","Number of Plumes Detected\n(2024-Present)":"9","Plumes Notified\n(Y/N)":"N","Feedback Received\n(Y/N)":"N","Average Half-Year\nFlux Rate (t/h)":"7.04","Average Half-Year\nFlux Rate Std. Dev. (t/h)":"1.7","Average Annual\nFlux Rate (t/h)":"8.22","Average Annual\nFlux Rate Std. Dev. (t/h)":"2.37","Date of Last\nPlume Detected":"2026-01-19T15:37:26.000","Half-Year\nPersistency Category":"persistent","Half-Year\nEmission Persistency":"1.0","Half-Year\nPersistency Std. Dev.":"0.0","Annual\nPersistency Category":"frequent","Annual\nEmission Persistency":"0.6","Annual\nPersistency Std. Dev.":"0.15","Estimated Half-Year\nCH4 Emissions (t)":"30412","Estimated Annual\nCH4 Emissions (t)":"43204","group":"Waste"}},{"type":"Feature","geometry":{"type":"Point","coordinates":[112.9372,36.41495]},"properties":{"Country":"China","Sector":"Met Coal","Potential Source Type":"Venting shaft","Source ID":"CHN_S_072","Latitude":"36.41495","Longitude":"112.9372","Number of Plumes Detected\n(2024-Present)":"18","Plumes Notified\n(Y/N)":"N","Feedback Received\n(Y/N)":"N","Average Half-Year\nFlux Rate (t/h)":"4.03","Average Half-Year\nFlux Rate Std. Dev. (t/h)":"3.47","Average Annual\nFlux Rate (t/h)":"4.7","Average Annual\nFlux Rate Std. Dev. (t/h)":"3.11","Date of Last\nPlume Detected":"2026-02-01T03:17:54.000","Half-Year\nPersistency Category":"persistent","Half-Year\nEmission Persistency":"1.0","Half-Year\nPersistency Std. Dev.":"0.0","Annual\nPersistency Category":"persistent","Annual\nEmission Persistency":"1.0","Annual\nPersistency Std. Dev.":"0.0","Estimated Half-Year\nCH4 Emissions (t)":"17409","Estimated Annual\nCH4 Emissions (t)":"41172","group":"Met coal"}},{"type":"Feature","geometry":{"type":"Point","coordinates":[51.33346,35.45736]},"properties":{"Country":"Iran (Islamic Republic of)","Sector":"Waste","Potential Source Type":"Landfill","Source ID":"IRN_S_052","Latitude":"35.45736","Longitude":"51.33346","Number of Plumes Detected\n(2024-Present)":"21","Plumes Notified\n(Y/N)":"N","Feedback Received\n(Y/N)":"N","Average Half-Year\nFlux Rate (t/h)":"4.66","Average Half-Year\nFlux Rate Std. Dev. (t/h)":"1.73","Average Annual\nFlux Rate (t/h)":"4.62","Average Annual\nFlux Rate Std. Dev. (t/h)":"2.09","Date of Last\nPlume Detected":"2025-11-17T07:56:20.000","Half-Year\nPersistency Category":"persistent","Half-Year\nEmission Persistency":"1.0","Half-Year\nPersistency Std. Dev.":"0.0","Annual\nPersistency Category":"persistent","Annual\nEmission Persistency":"1.0","Annual\nPersistency Std. Dev.":"0.0","Estimated Half-Year\nCH4 Emissions (t)":"20131","Estimated Annual\nCH4 Emissions (t)":"40471","group":"Waste"}},{"type":"Feature","geometry":{"type":"Point","coordinates":[53.92428,37.92912]},"properties":{"Country":"Turkmenistan","Sector":"Oil and Gas","Potential Source Type":"Flare","Source ID":"TKM_S_026","Latitude":"37.92912","Longitude":"53.92428","Number of Plumes Detected\n(2024-Present)":"77","Plumes Notified\n(Y/N)":"Y","Feedback Received\n(Y/N)":"Y","Average Half-Year\nFlux Rate (t/h)":"5.01","Average Half-Year\nFlux Rate Std. Dev. (t/h)":"3.53","Average Annual\nFlux Rate (t/h)":"6.24","Average Annual\nFlux Rate Std. Dev. (t/h)":"4.16","Date of Last\nPlume Detected":"2026-03-06T07:18:51.000","Half-Year\nPersistency Category":"frequent","Half-Year\nEmission Persistency":"0.66","Half-Year\nPersistency Std. Dev.":"0.08","Annual\nPersistency Category":"frequent","Annual\nEmission Persistency":"0.73","Annual\nPersistency Std. Dev.":"0.05","Estimated Half-Year\nCH4 Emissions (t)":"14284","Estimated Annual\nCH4 Emissions (t)":"39903","group":"Oil and gas"}},{"type":"Feature","geometry":{"type":"Point","coordinates":[39.40224,21.65043]},"properties":{"Country":"Saudi Arabia","Sector":"Waste","Potential Source Type":"Landfill","Source ID":"SAU_S_011","Latitude":"21.65043","Longitude":"39.40224","Number of Plumes Detected\n(2024-Present)":"11","Plumes Notified\n(Y/N)":"N","Feedback Received\n(Y/N)":"N","Average Half-Year\nFlux Rate (t/h)":"4.86","Average Half-Year\nFlux Rate Std. Dev. (t/h)":"1.63","Average Annual\nFlux Rate (t/h)":"4.48","Average Annual\nFlux Rate Std. Dev. (t/h)":"1.51","Date of Last\nPlume Detected":"2026-01-26T08:58:01.000","Half-Year\nPersistency Category":"persistent","Half-Year\nEmission Persistency":"1.0","Half-Year\nPersistency Std. Dev.":"0.0","Annual\nPersistency Category":"persistent","Annual\nEmission Persistency":"1.0","Annual\nPersistency Std. Dev.":"0.0","Estimated Half-Year\nCH4 Emissions (t)":"20995","Estimated Annual\nCH4 Emissions (t)":"39244","group":"Waste"}},{"type":"Feature","geometry":{"type":"Point","coordinates":[-100.29812,25.87236]},"properties":{"Country":"Mexico","Sector":"Waste","Potential Source Type":"Landfill","Source ID":"MEX_S_055","Latitude":"25.87236","Longitude":"-100.29812","Number of Plumes Detected\n(2024-Present)":"12","Plumes Notified\n(Y/N)":"N","Feedback Received\n(Y/N)":"N","Average Half-Year\nFlux Rate (t/h)":"4.07","Average Half-Year\nFlux Rate Std. Dev. (t/h)":"2.23","Average Annual\nFlux Rate (t/h)":"4.25","Average Annual\nFlux Rate Std. Dev. (t/h)":"2.04","Date of Last\nPlume Detected":"2026-01-07T17:24:50.000","Half-Year\nPersistency Category":"persistent","Half-Year\nEmission Persistency":"1.0","Half-Year\nPersistency Std. Dev.":"0.0","Annual\nPersistency Category":"persistent","Annual\nEmission Persistency":"1.0","Annual\nPersistency Std. Dev.":"0.0","Estimated Half-Year\nCH4 Emissions (t)":"17582","Estimated Annual\nCH4 Emissions (t)":"37230","group":"Waste"}},{"type":"Feature","geometry":{"type":"Point","coordinates":[112.89036,35.99206]},"properties":{"Country":"China","Sector":"Thermal and Met Coal","Potential Source Type":"Coal mine facility (generic)","Source ID":"CHN_S_182","Latitude":"35.99206","Longitude":"112.89036","Number of Plumes Detected\n(2024-Present)":"14","Plumes Notified\n(Y/N)":"N","Feedback Received\n(Y/N)":"N","Average Half-Year\nFlux Rate (t/h)":"8.21","Average Half-Year\nFlux Rate Std. Dev. (t/h)":"10.01","Average Annual\nFlux Rate (t/h)":"3.91","Average Annual\nFlux Rate Std. Dev. (t/h)":"5.58","Date of Last\nPlume Detected":"2026-02-01T02:55:31.000","Half-Year\nPersistency Category":"persistent","Half-Year\nEmission Persistency":"1.0","Half-Year\nPersistency Std. Dev.":"0.0","Annual\nPersistency Category":"persistent","Annual\nEmission Persistency":"1.0","Annual\nPersistency Std. Dev.":"0.0","Estimated Half-Year\nCH4 Emissions (t)":"35467","Estimated Annual\nCH4 Emissions (t)":"35467","group":"Thermal and met coal"}},{"type":"Feature","geometry":{"type":"Point","coordinates":[112.99023,36.24638]},"properties":{"Country":"China","Sector":"Met Coal","Potential Source Type":"Venting shaft","Source ID":"CHN_S_098","Latitude":"36.24638","Longitude":"112.99023","Number of Plumes Detected\n(2024-Present)":"13","Plumes Notified\n(Y/N)":"N","Feedback Received\n(Y/N)":"N","Average Half-Year\nFlux Rate (t/h)":"4.98","Average Half-Year\nFlux Rate Std. Dev. (t/h)":"4.24","Average Annual\nFlux Rate (t/h)":"4.32","Average Annual\nFlux Rate Std. Dev. (t/h)":"2.96","Date of Last\nPlume Detected":"2026-02-01T02:55:42.000","Half-Year\nPersistency Category":"persistent","Half-Year\nEmission Persistency":"1.0","Half-Year\nPersistency Std. Dev.":"0.0","Annual\nPersistency Category":"persistent","Annual\nEmission Persistency":"0.88","Annual\nPersistency Std. Dev.":"0.11","Estimated Half-Year\nCH4 Emissions (t)":"21513","Estimated Annual\nCH4 Emissions (t)":"33302","group":"Met coal"}},{"type":"Feature","geometry":{"type":"Point","coordinates":[-103.45535,20.91518]},"properties":{"Country":"Mexico","Sector":"Waste","Potential Source Type":"Landfill","Source ID":"MEX_S_074","Latitude":"20.91518","Longitude":"-103.45535","Number of Plumes Detected\n(2024-Present)":"8","Plumes Notified\n(Y/N)":"N","Feedback Received\n(Y/N)":"N","Average Half-Year\nFlux Rate (t/h)":"5.18","Average Half-Year\nFlux Rate Std. Dev. (t/h)":"2.25","Average Annual\nFlux Rate (t/h)":"3.77","Average Annual\nFlux Rate Std. Dev. (t/h)":"3.0","Date of Last\nPlume Detected":"2026-01-30T16:45:16.000","Half-Year\nPersistency Category":"persistent","Half-Year\nEmission Persistency":"1.0","Half-Year\nPersistency Std. Dev.":"0.0","Annual\nPersistency Category":"persistent","Annual\nEmission Persistency":"1.0","Annual\nPersistency Std. Dev.":"0.0","Estimated Half-Year\nCH4 Emissions (t)":"22377","Estimated Annual\nCH4 Emissions (t)":"33025","group":"Waste"}},{"type":"Feature","geometry":{"type":"Point","coordinates":[113.02297,37.938]},"properties":{"Country":"China","Sector":"Thermal Coal","Potential Source Type":"Venting shaft","Source ID":"CHN_S_033","Latitude":"37.938","Longitude":"113.02297","Number of Plumes Detected\n(2024-Present)":"12","Plumes Notified\n(Y/N)":"N","Feedback Received\n(Y/N)":"N","Average Half-Year\nFlux Rate (t/h)":"3.2","Average Half-Year\nFlux Rate Std. Dev. (t/h)":"2.11","Average Annual\nFlux Rate (t/h)":"3.69","Average Annual\nFlux Rate Std. Dev. (t/h)":"2.01","Date of Last\nPlume Detected":"2026-02-19T03:27:42.000","Half-Year\nPersistency Category":"persistent","Half-Year\nEmission Persistency":"1.0","Half-Year\nPersistency Std. Dev.":"0.0","Annual\nPersistency Category":"persistent","Annual\nEmission Persistency":"1.0","Annual\nPersistency Std. Dev.":"0.0","Estimated Half-Year\nCH4 Emissions (t)":"13824","Estimated Annual\nCH4 Emissions (t)":"32324","group":"Thermal coal"}},{"type":"Feature","geometry":{"type":"Point","coordinates":[69.80955,27.96851]},"properties":{"Country":"Pakistan","Sector":"Oil and Gas","Potential Source Type":"Gathering and boosting facilities","Source ID":"PAK_S_001","Latitude":"27.96851","Longitude":"69.80955","Number of Plumes Detected\n(2024-Present)":"33","Plumes Notified\n(Y/N)":"Y","Feedback Received\n(Y/N)":"N","Average Half-Year\nFlux Rate (t/h)":"4.74","Average Half-Year\nFlux Rate Std. Dev. (t/h)":"1.03","Average Annual\nFlux Rate (t/h)":"3.43","Average Annual\nFlux Rate Std. Dev. (t/h)":"1.65","Date of Last\nPlume Detected":"2026-03-06T06:04:19.000","Half-Year\nPersistency Category":"persistent","Half-Year\nEmission Persistency":"1.0","Half-Year\nPersistency Std. Dev.":"0.0","Annual\nPersistency Category":"persistent","Annual\nEmission Persistency":"1.0","Annual\nPersistency Std. Dev.":"0.0","Estimated Half-Year\nCH4 Emissions (t)":"20476","Estimated Annual\nCH4 Emissions (t)":"30046","group":"Oil and gas"}},{"type":"Feature","geometry":{"type":"Point","coordinates":[112.65204,35.63986]},"properties":{"Country":"China","Sector":"Thermal Coal","Potential Source Type":"Venting shaft","Source ID":"CHN_S_192","Latitude":"35.63986","Longitude":"112.65204","Number of Plumes Detected\n(2024-Present)":"7","Plumes Notified\n(Y/N)":"N","Feedback Received\n(Y/N)":"N","Average Half-Year\nFlux Rate (t/h)":"3.42","Average Half-Year\nFlux Rate Std. Dev. (t/h)":"0.33","Average Annual\nFlux Rate (t/h)":"4.21","Average Annual\nFlux Rate Std. Dev. (t/h)":"1.6","Date of Last\nPlume Detected":"2026-02-01T02:55:31.000","Half-Year\nPersistency Category":"persistent","Half-Year\nEmission Persistency":"1.0","Half-Year\nPersistency Std. Dev.":"0.0","Annual\nPersistency Category":"frequent","Annual\nEmission Persistency":"0.8","Annual\nPersistency Std. Dev.":"0.18","Estimated Half-Year\nCH4 Emissions (t)":"14774","Estimated Annual\nCH4 Emissions (t)":"29503","group":"Thermal coal"}},{"type":"Feature","geometry":{"type":"Point","coordinates":[113.55029,37.74429]},"properties":{"Country":"China","Sector":"Thermal Coal","Potential Source Type":"Venting shaft","Source ID":"CHN_S_121","Latitude":"37.74429","Longitude":"113.55029","Number of Plumes Detected\n(2024-Present)":"12","Plumes Notified\n(Y/N)":"N","Feedback Received\n(Y/N)":"N","Average Half-Year\nFlux Rate (t/h)":"2.65","Average Half-Year\nFlux Rate Std. Dev. (t/h)":"1.8","Average Annual\nFlux Rate (t/h)":"3.34","Average Annual\nFlux Rate Std. Dev. (t/h)":"2.08","Date of Last\nPlume Detected":"2025-09-29T04:29:29.000","Half-Year\nPersistency Category":"persistent","Half-Year\nEmission Persistency":"1.0","Half-Year\nPersistency Std. Dev.":"0.0","Annual\nPersistency Category":"persistent","Annual\nEmission Persistency":"1.0","Annual\nPersistency Std. Dev.":"0.0","Estimated Half-Year\nCH4 Emissions (t)":"11448","Estimated Annual\nCH4 Emissions (t)":"29258","group":"Thermal coal"}},{"type":"Feature","geometry":{"type":"Point","coordinates":[53.9164,37.76777]},"properties":{"Country":"Turkmenistan","Sector":"Oil and Gas","Potential Source Type":"Gas disposal facility","Source ID":"TKM_S_367","Latitude":"37.76777","Longitude":"53.9164","Number of Plumes Detected\n(2024-Present)":"29","Plumes Notified\n(Y/N)":"Y","Feedback Received\n(Y/N)":"N","Average Half-Year\nFlux Rate (t/h)":"7.79","Average Half-Year\nFlux Rate Std. Dev. (t/h)":"3.46","Average Annual\nFlux Rate (t/h)":"7.03","Average Annual\nFlux Rate Std. Dev. (t/h)":"3.22","Date of Last\nPlume Detected":"2026-03-06T07:18:51.000","Half-Year\nPersistency Category":"frequent","Half-Year\nEmission Persistency":"0.72","Half-Year\nPersistency Std. Dev.":"0.09","Annual\nPersistency Category":"frequent","Annual\nEmission Persistency":"0.44","Annual\nPersistency Std. Dev.":"0.06","Estimated Half-Year\nCH4 Emissions (t)":"24230","Estimated Annual\nCH4 Emissions (t)":"27096","group":"Oil and gas"}},{"type":"Feature","geometry":{"type":"Point","coordinates":[112.87599,36.38906]},"properties":{"Country":"China","Sector":"Thermal and Met Coal","Potential Source Type":"Venting shaft","Source ID":"CHN_S_157","Latitude":"36.38906","Longitude":"112.87599","Number of Plumes Detected\n(2024-Present)":"15","Plumes Notified\n(Y/N)":"N","Feedback Received\n(Y/N)":"N","Average Half-Year\nFlux Rate (t/h)":"2.15","Average Half-Year\nFlux Rate Std. Dev. (t/h)":"1.09","Average Annual\nFlux Rate (t/h)":"2.98","Average Annual\nFlux Rate Std. Dev. (t/h)":"1.71","Date of Last\nPlume Detected":"2026-02-01T03:17:54.000","Half-Year\nPersistency Category":"persistent","Half-Year\nEmission Persistency":"1.0","Half-Year\nPersistency Std. Dev.":"0.0","Annual\nPersistency Category":"persistent","Annual\nEmission Persistency":"1.0","Annual\nPersistency Std. Dev.":"0.0","Estimated Half-Year\nCH4 Emissions (t)":"9288","Estimated Annual\nCH4 Emissions (t)":"26104","group":"Thermal and met coal"}},{"type":"Feature","geometry":{"type":"Point","coordinates":[72.56738,22.98321]},"properties":{"Country":"India","Sector":"Waste","Potential Source Type":"Landfill","Source ID":"IND_S_017","Latitude":"22.98321","Longitude":"72.56738","Number of Plumes Detected\n(2024-Present)":"25","Plumes Notified\n(Y/N)":"N","Feedback Received\n(Y/N)":"N","Average Half-Year\nFlux Rate (t/h)":"2.97","Average Half-Year\nFlux Rate Std. Dev. (t/h)":"0.58","Average Annual\nFlux Rate (t/h)":"2.86","Average Annual\nFlux Rate Std. Dev. (t/h)":"0.84","Date of Last\nPlume Detected":"2026-02-16T05:55:47.000","Half-Year\nPersistency Category":"persistent","Half-Year\nEmission Persistency":"1.0","Half-Year\nPersistency Std. Dev.":"0.0","Annual\nPersistency Category":"persistent","Annual\nEmission Persistency":"1.0","Annual\nPersistency Std. Dev.":"0.0","Estimated Half-Year\nCH4 Emissions (t)":"12830","Estimated Annual\nCH4 Emissions (t)":"25053","group":"Waste"}},{"type":"Feature","geometry":{"type":"Point","coordinates":[112.28427,36.83699]},"properties":{"Country":"China","Sector":"Met Coal","Potential Source Type":"Venting shaft","Source ID":"CHN_S_228","Latitude":"36.83699","Longitude":"112.28427","Number of Plumes Detected\n(2024-Present)":"10","Plumes Notified\n(Y/N)":"N","Feedback Received\n(Y/N)":"N","Average Half-Year\nFlux Rate (t/h)":"3.0","Average Half-Year\nFlux Rate Std. Dev. (t/h)":"2.79","Average Annual\nFlux Rate (t/h)":"2.8","Average Annual\nFlux Rate Std. Dev. (t/h)":"2.31","Date of Last\nPlume Detected":"2025-11-30T03:59:05.000","Half-Year\nPersistency Category":"persistent","Half-Year\nEmission Persistency":"1.0","Half-Year\nPersistency Std. Dev.":"0.0","Annual\nPersistency Category":"persistent","Annual\nEmission Persistency":"1.0","Annual\nPersistency Std. Dev.":"0.0","Estimated Half-Year\nCH4 Emissions (t)":"12960","Estimated Annual\nCH4 Emissions (t)":"24528","group":"Met coal"}},{"type":"Feature","geometry":{"type":"Point","coordinates":[112.6019,35.56438]},"properties":{"Country":"China","Sector":"Thermal Coal","Potential Source Type":"Coal mine facility (generic)","Source ID":"CHN_S_060","Latitude":"35.56438","Longitude":"112.6019","Number of Plumes Detected\n(2024-Present)":"6","Plumes Notified\n(Y/N)":"N","Feedback Received\n(Y/N)":"N","Average Half-Year\nFlux Rate (t/h)":"2.75","Average Half-Year\nFlux Rate Std. Dev. (t/h)":"1.86","Average Annual\nFlux Rate (t/h)":"2.75","Average Annual\nFlux Rate Std. Dev. (t/h)":"1.86","Date of Last\nPlume Detected":"2026-02-01T02:55:31.000","Half-Year\nPersistency Category":"persistent","Half-Year\nEmission Persistency":"1.0","Half-Year\nPersistency Std. Dev.":"0.0","Annual\nPersistency Category":"persistent","Annual\nEmission Persistency":"1.0","Annual\nPersistency Std. Dev.":"0.0","Estimated Half-Year\nCH4 Emissions (t)":"11880","Estimated Annual\nCH4 Emissions (t)":"24090","group":"Thermal coal"}},{"type":"Feature","geometry":{"type":"Point","coordinates":[113.46146,37.84215]},"properties":{"Country":"China","Sector":"Thermal Coal","Potential Source Type":"Venting shaft","Source ID":"CHN_S_103","Latitude":"37.84215","Longitude":"113.46146","Number of Plumes Detected\n(2024-Present)":"13","Plumes Notified\n(Y/N)":"N","Feedback Received\n(Y/N)":"N","Average Half-Year\nFlux Rate (t/h)":"3.38","Average Half-Year\nFlux Rate Std. Dev. (t/h)":"2.13","Average Annual\nFlux Rate (t/h)":"2.54","Average Annual\nFlux Rate Std. Dev. (t/h)":"1.63","Date of Last\nPlume Detected":"2025-11-30T03:59:28.000","Half-Year\nPersistency Category":"persistent","Half-Year\nEmission Persistency":"1.0","Half-Year\nPersistency Std. Dev.":"0.0","Annual\nPersistency Category":"persistent","Annual\nEmission Persistency":"1.0","Annual\nPersistency Std. Dev.":"0.0","Estimated Half-Year\nCH4 Emissions (t)":"14601","Estimated Annual\nCH4 Emissions (t)":"22250","group":"Thermal coal"}},{"type":"Feature","geometry":{"type":"Point","coordinates":[110.60152,35.80337]},"properties":{"Country":"China","Sector":"Met Coal","Potential Source Type":"Coal mine facility (generic)","Source ID":"CHN_S_229","Latitude":"35.80337","Longitude":"110.60152","Number of Plumes Detected\n(2024-Present)":"15","Plumes Notified\n(Y/N)":"N","Feedback Received\n(Y/N)":"N","Average Half-Year\nFlux Rate (t/h)":"1.47","Average Half-Year\nFlux Rate Std. Dev. (t/h)":"0.73","Average Annual\nFlux Rate (t/h)":"2.42","Average Annual\nFlux Rate Std. Dev. (t/h)":"2.17","Date of Last\nPlume Detected":"2026-02-12T03:57:43.000","Half-Year\nPersistency Category":"persistent","Half-Year\nEmission Persistency":"1.0","Half-Year\nPersistency Std. Dev.":"0.0","Annual\nPersistency Category":"persistent","Annual\nEmission Persistency":"1.0","Annual\nPersistency Std. Dev.":"0.0","Estimated Half-Year\nCH4 Emissions (t)":"6350","Estimated Annual\nCH4 Emissions (t)":"21199","group":"Met coal"}},{"type":"Feature","geometry":{"type":"Point","coordinates":[-72.16774,-36.69538]},"properties":{"Country":"Chile","Sector":"Waste","Potential Source Type":"Landfill","Source ID":"CHL_S_009","Latitude":"-36.69538","Longitude":"-72.16774","Number of Plumes Detected\n(2024-Present)":"16","Plumes Notified\n(Y/N)":"N","Feedback Received\n(Y/N)":"N","Average Half-Year\nFlux Rate (t/h)":"2.32","Average Half-Year\nFlux Rate Std. Dev. (t/h)":"1.27","Average Annual\nFlux Rate (t/h)":"2.32","Average Annual\nFlux Rate Std. Dev. (t/h)":"1.27","Date of Last\nPlume Detected":"2026-03-06T14:03:26.000","Half-Year\nPersistency Category":"persistent","Half-Year\nEmission Persistency":"1.0","Half-Year\nPersistency Std. Dev.":"0.0","Annual\nPersistency Category":"persistent","Annual\nEmission Persistency":"1.0","Annual\nPersistency Std. Dev.":"0.0","Estimated Half-Year\nCH4 Emissions (t)":"10022","Estimated Annual\nCH4 Emissions (t)":"20323","group":"Waste"}},{"type":"Feature","geometry":{"type":"Point","coordinates":[53.78864,39.46577]},"properties":{"Country":"Turkmenistan","Sector":"Oil and Gas","Potential Source Type":"Gas disposal facility","Source ID":"TKM_S_203","Latitude":"39.46577","Longitude":"53.78864","Number of Plumes Detected\n(2024-Present)":"96","Plumes Notified\n(Y/N)":"Y","Feedback Received\n(Y/N)":"N","Average Half-Year\nFlux Rate (t/h)":"3.52","Average Half-Year\nFlux Rate Std. Dev. (t/h)":"1.58","Average Annual\nFlux Rate (t/h)":"3.64","Average Annual\nFlux Rate Std. Dev. (t/h)":"1.85","Date of Last\nPlume Detected":"2026-02-02T07:11:21.000","Half-Year\nPersistency Category":"frequent","Half-Year\nEmission Persistency":"0.6","Half-Year\nPersistency Std. Dev.":"0.06","Annual\nPersistency Category":"frequent","Annual\nEmission Persistency":"0.6","Annual\nPersistency Std. Dev.":"0.04","Estimated Half-Year\nCH4 Emissions (t)":"9123","Estimated Annual\nCH4 Emissions (t)":"19131","group":"Oil and gas"}},{"type":"Feature","geometry":{"type":"Point","coordinates":[54.31604,38.68051]},"properties":{"Country":"Turkmenistan","Sector":"Oil and Gas","Potential Source Type":"Gas disposal facility","Source ID":"TKM_S_045","Latitude":"38.68051","Longitude":"54.31604","Number of Plumes Detected\n(2024-Present)":"119","Plumes Notified\n(Y/N)":"Y","Feedback Received\n(Y/N)":"Y","Average Half-Year\nFlux Rate (t/h)":"2.79","Average Half-Year\nFlux Rate Std. Dev. (t/h)":"1.22","Average Annual\nFlux Rate (t/h)":"3.18","Average Annual\nFlux Rate Std. Dev. (t/h)":"1.83","Date of Last\nPlume Detected":"2026-03-04T07:08:01.000","Half-Year\nPersistency Category":"frequent","Half-Year\nEmission Persistency":"0.76","Half-Year\nPersistency Std. Dev.":"0.07","Annual\nPersistency Category":"frequent","Annual\nEmission Persistency":"0.68","Annual\nPersistency Std. Dev.":"0.05","Estimated Half-Year\nCH4 Emissions (t)":"9160","Estimated Annual\nCH4 Emissions (t)":"18942","group":"Oil and gas"}},{"type":"Feature","geometry":{"type":"Point","coordinates":[-98.84907,19.40711]},"properties":{"Country":"Mexico","Sector":"Waste","Potential Source Type":"Landfill","Source ID":"MEX_S_099","Latitude":"19.40711","Longitude":"-98.84907","Number of Plumes Detected\n(2024-Present)":"3","Plumes Notified\n(Y/N)":"N","Feedback Received\n(Y/N)":"N","Average Half-Year\nFlux Rate (t/h)":"2.81","Average Half-Year\nFlux Rate Std. Dev. (t/h)":"0.3","Average Annual\nFlux Rate (t/h)":"2.81","Average Annual\nFlux Rate Std. Dev. (t/h)":"0.3","Date of Last\nPlume Detected":"2026-02-28T17:23:10.000","Half-Year\nPersistency Category":"persistent","Half-Year\nEmission Persistency":"1.0","Half-Year\nPersistency Std. Dev.":"0.0","Annual\nPersistency Category":"frequent","Annual\nEmission Persistency":"0.75","Annual\nPersistency Std. Dev.":"0.22","Estimated Half-Year\nCH4 Emissions (t)":"12139","Estimated Annual\nCH4 Emissions (t)":"18461","group":"Waste"}},{"type":"Feature","geometry":{"type":"Point","coordinates":[112.88337,36.25226]},"properties":{"Country":"China","Sector":"Thermal Coal","Potential Source Type":"Venting shaft","Source ID":"CHN_S_328","Latitude":"36.25226","Longitude":"112.88337","Number of Plumes Detected\n(2024-Present)":"10","Plumes Notified\n(Y/N)":"N","Feedback Received\n(Y/N)":"N","Average Half-Year\nFlux Rate (t/h)":"1.66","Average Half-Year\nFlux Rate Std. Dev. (t/h)":"1.27","Average Annual\nFlux Rate (t/h)":"1.95","Average Annual\nFlux Rate Std. Dev. (t/h)":"1.12","Date of Last\nPlume Detected":"2026-02-01T02:55:42.000","Half-Year\nPersistency Category":"persistent","Half-Year\nEmission Persistency":"1.0","Half-Year\nPersistency Std. Dev.":"0.0","Annual\nPersistency Category":"persistent","Annual\nEmission Persistency":"1.0","Annual\nPersistency Std. Dev.":"0.0","Estimated Half-Year\nCH4 Emissions (t)":"7171","Estimated Annual\nCH4 Emissions (t)":"17082","group":"Thermal coal"}},{"type":"Feature","geometry":{"type":"Point","coordinates":[113.05727,37.88027]},"properties":{"Country":"China","Sector":"Thermal Coal","Potential Source Type":"Drainage station","Source ID":"CHN_S_063","Latitude":"37.88027","Longitude":"113.05727","Number of Plumes Detected\n(2024-Present)":"9","Plumes Notified\n(Y/N)":"N","Feedback Received\n(Y/N)":"N","Average Half-Year\nFlux Rate (t/h)":"2.13","Average Half-Year\nFlux Rate Std. Dev. (t/h)":"2.35","Average Annual\nFlux Rate (t/h)":"1.93","Average Annual\nFlux Rate Std. Dev. (t/h)":"1.55","Date of Last\nPlume Detected":"2025-11-30T03:59:16.000","Half-Year\nPersistency Category":"persistent","Half-Year\nEmission Persistency":"1.0","Half-Year\nPersistency Std. Dev.":"0.0","Annual\nPersistency Category":"persistent","Annual\nEmission Persistency":"1.0","Annual\nPersistency Std. Dev.":"0.0","Estimated Half-Year\nCH4 Emissions (t)":"9201","Estimated Annual\nCH4 Emissions (t)":"16906","group":"Thermal coal"}},{"type":"Feature","geometry":{"type":"Point","coordinates":[112.89058,36.52844]},"properties":{"Country":"China","Sector":"Met Coal","Potential Source Type":"Venting shaft","Source ID":"CHN_S_204","Latitude":"36.52844","Longitude":"112.89058","Number of Plumes Detected\n(2024-Present)":"16","Plumes Notified\n(Y/N)":"N","Feedback Received\n(Y/N)":"N","Average Half-Year\nFlux Rate (t/h)":"2.22","Average Half-Year\nFlux Rate Std. Dev. (t/h)":"1.0","Average Annual\nFlux Rate (t/h)":"2.12","Average Annual\nFlux Rate Std. Dev. (t/h)":"1.05","Date of Last\nPlume Detected":"2026-02-01T03:17:54.000","Half-Year\nPersistency Category":"persistent","Half-Year\nEmission Persistency":"0.86","Half-Year\nPersistency Std. Dev.":"0.13","Annual\nPersistency Category":"persistent","Annual\nEmission Persistency":"0.9","Annual\nPersistency Std. Dev.":"0.09","Estimated Half-Year\nCH4 Emissions (t)":"8247","Estimated Annual\nCH4 Emissions (t)":"16714","group":"Met coal"}},{"type":"Feature","geometry":{"type":"Point","coordinates":[113.42197,37.89321]},"properties":{"Country":"China","Sector":"Thermal Coal","Potential Source Type":"Venting shaft","Source ID":"CHN_S_136","Latitude":"37.89321","Longitude":"113.42197","Number of Plumes Detected\n(2024-Present)":"11","Plumes Notified\n(Y/N)":"N","Feedback Received\n(Y/N)":"N","Average Half-Year\nFlux Rate (t/h)":"2.22","Average Half-Year\nFlux Rate Std. Dev. (t/h)":"0.52","Average Annual\nFlux Rate (t/h)":"1.85","Average Annual\nFlux Rate Std. Dev. (t/h)":"0.52","Date of Last\nPlume Detected":"2025-11-30T03:59:28.000","Half-Year\nPersistency Category":"persistent","Half-Year\nEmission Persistency":"1.0","Half-Year\nPersistency Std. Dev.":"0.0","Annual\nPersistency Category":"persistent","Annual\nEmission Persistency":"1.0","Annual\nPersistency Std. Dev.":"0.0","Estimated Half-Year\nCH4 Emissions (t)":"9590","Estimated Annual\nCH4 Emissions (t)":"16206","group":"Thermal coal"}},{"type":"Feature","geometry":{"type":"Point","coordinates":[113.37895,37.88456]},"properties":{"Country":"China","Sector":"Thermal Coal","Potential Source Type":"Venting shaft","Source ID":"CHN_S_132","Latitude":"37.88456","Longitude":"113.37895","Number of Plumes Detected\n(2024-Present)":"11","Plumes Notified\n(Y/N)":"N","Feedback Received\n(Y/N)":"N","Average Half-Year\nFlux Rate (t/h)":"2.29","Average Half-Year\nFlux Rate Std. Dev. (t/h)":"2.49","Average Annual\nFlux Rate (t/h)":"1.8","Average Annual\nFlux Rate Std. Dev. (t/h)":"1.51","Date of Last\nPlume Detected":"2025-11-30T03:59:28.000","Half-Year\nPersistency Category":"persistent","Half-Year\nEmission Persistency":"1.0","Half-Year\nPersistency Std. Dev.":"0.0","Annual\nPersistency Category":"persistent","Annual\nEmission Persistency":"1.0","Annual\nPersistency Std. Dev.":"0.0","Estimated Half-Year\nCH4 Emissions (t)":"9892","Estimated Annual\nCH4 Emissions (t)":"15768","group":"Thermal coal"}},{"type":"Feature","geometry":{"type":"Point","coordinates":[54.19757,38.50625]},"properties":{"Country":"Turkmenistan","Sector":"Oil and Gas","Potential Source Type":"Gas disposal facility","Source ID":"TKM_S_020","Latitude":"38.50625","Longitude":"54.19757","Number of Plumes Detected\n(2024-Present)":"92","Plumes Notified\n(Y/N)":"Y","Feedback Received\n(Y/N)":"Y","Average Half-Year\nFlux Rate (t/h)":"2.07","Average Half-Year\nFlux Rate Std. Dev. (t/h)":"0.93","Average Annual\nFlux Rate (t/h)":"2.53","Average Annual\nFlux Rate Std. Dev. (t/h)":"1.52","Date of Last\nPlume Detected":"2026-03-06T07:18:51.000","Half-Year\nPersistency Category":"frequent","Half-Year\nEmission Persistency":"0.73","Half-Year\nPersistency Std. Dev.":"0.07","Annual\nPersistency Category":"frequent","Annual\nEmission Persistency":"0.65","Annual\nPersistency Std. Dev.":"0.05","Estimated Half-Year\nCH4 Emissions (t)":"6527","Estimated Annual\nCH4 Emissions (t)":"14405","group":"Oil and gas"}},{"type":"Feature","geometry":{"type":"Point","coordinates":[72.27994,23.48031]},"properties":{"Country":"India","Sector":"Oil and Gas","Potential Source Type":"Flare","Source ID":"IND_S_014","Latitude":"23.48031","Longitude":"72.27994","Number of Plumes Detected\n(2024-Present)":"18","Plumes Notified\n(Y/N)":"Y","Feedback Received\n(Y/N)":"N","Average Half-Year\nFlux Rate (t/h)":"1.88","Average Half-Year\nFlux Rate Std. Dev. (t/h)":"0.61","Average Annual\nFlux Rate (t/h)":"1.75","Average Annual\nFlux Rate Std. Dev. (t/h)":"0.65","Date of Last\nPlume Detected":"2026-03-05T05:48:52.000","Half-Year\nPersistency Category":"persistent","Half-Year\nEmission Persistency":"0.89","Half-Year\nPersistency Std. Dev.":"0.1","Annual\nPersistency Category":"persistent","Annual\nEmission Persistency":"0.93","Annual\nPersistency Std. Dev.":"0.07","Estimated Half-Year\nCH4 Emissions (t)":"7228","Estimated Annual\nCH4 Emissions (t)":"14256","group":"Oil and gas"}},{"type":"Feature","geometry":{"type":"Point","coordinates":[112.64465,35.60638]},"properties":{"Country":"China","Sector":"Thermal Coal","Potential Source Type":"Venting shaft","Source ID":"CHN_S_195","Latitude":"35.60638","Longitude":"112.64465","Number of Plumes Detected\n(2024-Present)":"7","Plumes Notified\n(Y/N)":"N","Feedback Received\n(Y/N)":"N","Average Half-Year\nFlux Rate (t/h)":"1.33","Average Half-Year\nFlux Rate Std. Dev. (t/h)":"0.73","Average Annual\nFlux Rate (t/h)":"1.52","Average Annual\nFlux Rate Std. Dev. (t/h)":"0.71","Date of Last\nPlume Detected":"2026-02-01T02:55:31.000","Half-Year\nPersistency Category":"persistent","Half-Year\nEmission Persistency":"1.0","Half-Year\nPersistency Std. Dev.":"0.0","Annual\nPersistency Category":"persistent","Annual\nEmission Persistency":"1.0","Annual\nPersistency Std. Dev.":"0.0","Estimated Half-Year\nCH4 Emissions (t)":"5745","Estimated Annual\nCH4 Emissions (t)":"13315","group":"Thermal coal"}},{"type":"Feature","geometry":{"type":"Point","coordinates":[40.69655,35.0404]},"properties":{"Country":"Syrian Arab Republic","Sector":"Oil and Gas","Potential Source Type":"Gas disposal facility","Source ID":"SYR_S_015","Latitude":"35.0404","Longitude":"40.69655","Number of Plumes Detected\n(2024-Present)":"90","Plumes Notified\n(Y/N)":"Y","Feedback Received\n(Y/N)":"N","Average Half-Year\nFlux Rate (t/h)":"1.48","Average Half-Year\nFlux Rate Std. Dev. (t/h)":"0.66","Average Annual\nFlux Rate (t/h)":"1.53","Average Annual\nFlux Rate Std. Dev. (t/h)":"0.73","Date of Last\nPlume Detected":"2026-02-11T11:07:14.000","Half-Year\nPersistency Category":"persistent","Half-Year\nEmission Persistency":"1.0","Half-Year\nPersistency Std. Dev.":"0.0","Annual\nPersistency Category":"persistent","Annual\nEmission Persistency":"0.98","Annual\nPersistency Std. Dev.":"0.02","Estimated Half-Year\nCH4 Emissions (t)":"6393","Estimated Annual\nCH4 Emissions (t)":"13134","group":"Oil and gas"}},{"type":"Feature","geometry":{"type":"Point","coordinates":[54.02161,38.09913]},"properties":{"Country":"Turkmenistan","Sector":"Oil and Gas","Potential Source Type":"O&G facility (generic)","Source ID":"TKM_S_438","Latitude":"38.09913","Longitude":"54.02161","Number of Plumes Detected\n(2024-Present)":"56","Plumes Notified\n(Y/N)":"Y","Feedback Received\n(Y/N)":"N","Average Half-Year\nFlux Rate (t/h)":"2.26","Average Half-Year\nFlux Rate Std. Dev. (t/h)":"1.2","Average Annual\nFlux Rate (t/h)":"2.19","Average Annual\nFlux Rate Std. Dev. (t/h)":"1.34","Date of Last\nPlume Detected":"2026-03-06T07:18:51.000","Half-Year\nPersistency Category":"persistent","Half-Year\nEmission Persistency":"0.89","Half-Year\nPersistency Std. Dev.":"0.05","Annual\nPersistency Category":"frequent","Annual\nEmission Persistency":"0.68","Annual\nPersistency Std. Dev.":"0.05","Estimated Half-Year\nCH4 Emissions (t)":"8689","Estimated Annual\nCH4 Emissions (t)":"13045","group":"Oil and gas"}},{"type":"Feature","geometry":{"type":"Point","coordinates":[44.15514,15.47439]},"properties":{"Country":"Yemen","Sector":"Waste","Potential Source Type":"Landfill","Source ID":"YEM_S_019","Latitude":"15.47439","Longitude":"44.15514","Number of Plumes Detected\n(2024-Present)":"6","Plumes Notified\n(Y/N)":"N","Feedback Received\n(Y/N)":"N","Average Half-Year\nFlux Rate (t/h)":"2.05","Average Half-Year\nFlux Rate Std. Dev. (t/h)":"0.56","Average Annual\nFlux Rate (t/h)":"1.86","Average Annual\nFlux Rate Std. Dev. (t/h)":"0.53","Date of Last\nPlume Detected":"2025-12-09T07:44:55.000","Half-Year\nPersistency Category":"persistent","Half-Year\nEmission Persistency":"1.0","Half-Year\nPersistency Std. Dev.":"0.0","Annual\nPersistency Category":"frequent","Annual\nEmission Persistency":"0.75","Annual\nPersistency Std. Dev.":"0.15","Estimated Half-Year\nCH4 Emissions (t)":"8856","Estimated Annual\nCH4 Emissions (t)":"12220","group":"Waste"}},{"type":"Feature","geometry":{"type":"Point","coordinates":[-85.01502,42.35518]},"properties":{"Country":"United States of America","Sector":"Waste","Potential Source Type":"Landfill","Source ID":"USA_S_926","Latitude":"42.35518","Longitude":"-85.01502","Number of Plumes Detected\n(2024-Present)":"7","Plumes Notified\n(Y/N)":"N","Feedback Received\n(Y/N)":"N","Average Half-Year\nFlux Rate (t/h)":"2.0","Average Half-Year\nFlux Rate Std. Dev. (t/h)":"0.52","Average Annual\nFlux Rate (t/h)":"1.63","Average Annual\nFlux Rate Std. Dev. (t/h)":"0.85","Date of Last\nPlume Detected":"2025-10-04T16:05:10.000","Half-Year\nPersistency Category":"persistent","Half-Year\nEmission Persistency":"1.0","Half-Year\nPersistency Std. Dev.":"0.0","Annual\nPersistency Category":"frequent","Annual\nEmission Persistency":"0.8","Annual\nPersistency Std. Dev.":"0.18","Estimated Half-Year\nCH4 Emissions (t)":"8640","Estimated Annual\nCH4 Emissions (t)":"11423","group":"Waste"}},{"type":"Feature","geometry":{"type":"Point","coordinates":[28.15206,29.78652]},"properties":{"Country":"Egypt","Sector":"Oil and Gas","Potential Source Type":"Gas disposal facility","Source ID":"EGY_S_055","Latitude":"29.78652","Longitude":"28.15206","Number of Plumes Detected\n(2024-Present)":"70","Plumes Notified\n(Y/N)":"Y","Feedback Received\n(Y/N)":"N","Average Half-Year\nFlux Rate (t/h)":"3.77","Average Half-Year\nFlux Rate Std. Dev. (t/h)":"1.3","Average Annual\nFlux Rate (t/h)":"3.76","Average Annual\nFlux Rate Std. Dev. (t/h)":"1.29","Date of Last\nPlume Detected":"2026-03-06T08:47:51.000","Half-Year\nPersistency Category":"frequent","Half-Year\nEmission Persistency":"0.68","Half-Year\nPersistency Std. Dev.":"0.05","Annual\nPersistency Category":"frequent","Annual\nEmission Persistency":"0.3","Annual\nPersistency Std. Dev.":"0.03","Estimated Half-Year\nCH4 Emissions (t)":"11074","Estimated Annual\nCH4 Emissions (t)":"11074","group":"Oil and gas"}},{"type":"Feature","geometry":{"type":"Point","coordinates":[112.67122,35.68622]},"properties":{"Country":"China","Sector":"Thermal and Met Coal","Potential Source Type":"Drainage station","Source ID":"CHN_S_181","Latitude":"35.68622","Longitude":"112.67122","Number of Plumes Detected\n(2024-Present)":"3","Plumes Notified\n(Y/N)":"N","Feedback Received\n(Y/N)":"N","Average Half-Year\nFlux Rate (t/h)":"1.85","Average Half-Year\nFlux Rate Std. Dev. (t/h)":"1.65","Average Annual\nFlux Rate (t/h)":"1.85","Average Annual\nFlux Rate Std. Dev. (t/h)":"1.65","Date of Last\nPlume Detected":"2026-02-01T02:55:31.000","Half-Year\nPersistency Category":"persistent","Half-Year\nEmission Persistency":"1.0","Half-Year\nPersistency Std. Dev.":"0.0","Annual\nPersistency Category":"frequent","Annual\nEmission Persistency":"0.6","Annual\nPersistency Std. Dev.":"0.22","Estimated Half-Year\nCH4 Emissions (t)":"7992","Estimated Annual\nCH4 Emissions (t)":"9723","group":"Thermal and met coal"}},{"type":"Feature","geometry":{"type":"Point","coordinates":[113.56725,37.74596]},"properties":{"Country":"China","Sector":"Thermal Coal","Potential Source Type":"Drainage station","Source ID":"CHN_S_082","Latitude":"37.74596","Longitude":"113.56725","Number of Plumes Detected\n(2024-Present)":"7","Plumes Notified\n(Y/N)":"N","Feedback Received\n(Y/N)":"N","Average Half-Year\nFlux Rate (t/h)":"2.23","Average Half-Year\nFlux Rate Std. Dev. (t/h)":"0.66","Average Annual\nFlux Rate (t/h)":"1.55","Average Annual\nFlux Rate Std. Dev. (t/h)":"0.86","Date of Last\nPlume Detected":"2025-09-29T04:29:29.000","Half-Year\nPersistency Category":"persistent","Half-Year\nEmission Persistency":"1.0","Half-Year\nPersistency Std. Dev.":"0.0","Annual\nPersistency Category":"frequent","Annual\nEmission Persistency":"0.67","Annual\nPersistency Std. Dev.":"0.16","Estimated Half-Year\nCH4 Emissions (t)":"9633","Estimated Annual\nCH4 Emissions (t)":"9633","group":"Thermal coal"}},{"type":"Feature","geometry":{"type":"Point","coordinates":[62.8912,38.66006]},"properties":{"Country":"Turkmenistan","Sector":"Oil and Gas","Potential Source Type":"Transmission Pipelines","Source ID":"TKM_S_406","Latitude":"38.66006","Longitude":"62.8912","Number of Plumes Detected\n(2024-Present)":"47","Plumes Notified\n(Y/N)":"Y","Feedback Received\n(Y/N)":"Y","Average Half-Year\nFlux Rate (t/h)":"2.9","Average Half-Year\nFlux Rate Std. Dev. (t/h)":"2.06","Average Annual\nFlux Rate (t/h)":"2.57","Average Annual\nFlux Rate Std. Dev. (t/h)":"1.9","Date of Last\nPlume Detected":"2026-02-06T06:30:28.000","Half-Year\nPersistency Category":"frequent","Half-Year\nEmission Persistency":"0.76","Half-Year\nPersistency Std. Dev.":"0.06","Annual\nPersistency Category":"frequent","Annual\nEmission Persistency":"0.39","Annual\nPersistency Std. Dev.":"0.04","Estimated Half-Year\nCH4 Emissions (t)":"9521","Estimated Annual\nCH4 Emissions (t)":"9521","group":"Oil and gas"}},{"type":"Feature","geometry":{"type":"Point","coordinates":[147.99512,-21.88795]},"properties":{"Country":"Australia","Sector":"Met Coal","Potential Source Type":"Venting shaft","Source ID":"AUS_S_028","Latitude":"-21.88795","Longitude":"147.99512","Number of Plumes Detected\n(2024-Present)":"10","Plumes Notified\n(Y/N)":"N","Feedback Received\n(Y/N)":"N","Average Half-Year\nFlux Rate (t/h)":"1.55","Average Half-Year\nFlux Rate Std. Dev. (t/h)":"0.96","Average Annual\nFlux Rate (t/h)":"2.23","Average Annual\nFlux Rate Std. Dev. (t/h)":"0.96","Date of Last\nPlume Detected":"2026-02-01T00:19:31.000","Half-Year\nPersistency Category":"persistent","Half-Year\nEmission Persistency":"1.0","Half-Year\nPersistency Std. Dev.":"0.0","Annual\nPersistency Category":"frequent","Annual\nEmission Persistency":"0.42","Annual\nPersistency Std. Dev.":"0.14","Estimated Half-Year\nCH4 Emissions (t)":"6696","Estimated Annual\nCH4 Emissions (t)":"8204","group":"Met coal"}},{"type":"Feature","geometry":{"type":"Point","coordinates":[7.2589,28.60143]},"properties":{"Country":"Algeria","Sector":"Oil and Gas","Potential Source Type":"Flare","Source ID":"DZA_S_027","Latitude":"28.60143","Longitude":"7.2589","Number of Plumes Detected\n(2024-Present)":"9","Plumes Notified\n(Y/N)":"Y","Feedback Received\n(Y/N)":"N","Average Half-Year\nFlux Rate (t/h)":"1.5","Average Half-Year\nFlux Rate Std. Dev. (t/h)":"0.98","Average Annual\nFlux Rate (t/h)":"1.39","Average Annual\nFlux Rate Std. Dev. (t/h)":"0.95","Date of Last\nPlume Detected":"2026-03-04T10:48:51.000","Half-Year\nPersistency Category":"persistent","Half-Year\nEmission Persistency":"1.0","Half-Year\nPersistency Std. Dev.":"0.0","Annual\nPersistency Category":"frequent","Annual\nEmission Persistency":"0.54","Annual\nPersistency Std. Dev.":"0.14","Estimated Half-Year\nCH4 Emissions (t)":"6480","Estimated Annual\nCH4 Emissions (t)":"6575","group":"Oil and gas"}},{"type":"Feature","geometry":{"type":"Point","coordinates":[-70.79594,-32.95405]},"properties":{"Country":"Chile","Sector":"Waste","Potential Source Type":"Landfill","Source ID":"CHL_S_001","Latitude":"-32.95405","Longitude":"-70.79594","Number of Plumes Detected\n(2024-Present)":"11","Plumes Notified\n(Y/N)":"N","Feedback Received\n(Y/N)":"N","Average Half-Year\nFlux Rate (t/h)":"10.59","Average Half-Year\nFlux Rate Std. Dev. (t/h)":"2.17","Average Annual\nFlux Rate (t/h)":"11.72","Average Annual\nFlux Rate Std. Dev. (t/h)":"4.85","Date of Last\nPlume Detected":"2026-01-02T14:31:23.000","Half-Year\nPersistency Category":"persistent","Half-Year\nEmission Persistency":"1.0","Half-Year\nPersistency Std. Dev.":"0.0","Annual\nPersistency Category":"persistent","Annual\nEmission Persistency":"1.0","Annual\nPersistency Std. Dev.":"0.0","Estimated Half-Year\nCH4 Emissions (t)":"45748","Estimated Annual\nCH4 Emissions (t)":"102667","group":"Waste"}},{"type":"Feature","geometry":{"type":"Point","coordinates":[54.28269,38.64869]},"properties":{"Country":"Turkmenistan","Sector":"Oil and Gas","Potential Source Type":"O&G facility (generic)","Source ID":"TKM_S_047","Latitude":"38.64869","Longitude":"54.28269","Number of Plumes Detected\n(2024-Present)":"131","Plumes Notified\n(Y/N)":"Y","Feedback Received\n(Y/N)":"N","Average Half-Year\nFlux Rate (t/h)":"11.46","Average Half-Year\nFlux Rate Std. Dev. (t/h)":"4.35","Average Annual\nFlux Rate (t/h)":"13.03","Average Annual\nFlux Rate Std. Dev. (t/h)":"5.29","Date of Last\nPlume Detected":"2026-02-17T07:08:49.000","Half-Year\nPersistency Category":"frequent","Half-Year\nEmission Persistency":"0.68","Half-Year\nPersistency Std. Dev.":"0.08","Annual\nPersistency Category":"frequent","Annual\nEmission Persistency":"0.76","Annual\nPersistency Std. Dev.":"0.05","Estimated Half-Year\nCH4 Emissions (t)":"33664","Estimated Annual\nCH4 Emissions (t)":"86748","group":"Oil and gas"}},{"type":"Feature","geometry":{"type":"Point","coordinates":[72.95102,19.12256]},"properties":{"Country":"India","Sector":"Waste","Potential Source Type":"Landfill","Source ID":"IND_S_042","Latitude":"19.12256","Longitude":"72.95102","Number of Plumes Detected\n(2024-Present)":"13","Plumes Notified\n(Y/N)":"N","Feedback Received\n(Y/N)":"N","Average Half-Year\nFlux Rate (t/h)":"12.45","Average Half-Year\nFlux Rate Std. Dev. (t/h)":"","Average Annual\nFlux Rate (t/h)":"7.74","Average Annual\nFlux Rate Std. Dev. (t/h)":"6.66","Date of Last\nPlume Detected":"2026-02-22T05:52:46.000","Half-Year\nPersistency Category":"persistent","Half-Year\nEmission Persistency":"1.0","Half-Year\nPersistency Std. Dev.":"0.0","Annual\nPersistency Category":"persistent","Annual\nEmission Persistency":"1.0","Annual\nPersistency Std. Dev.":"0.0","Estimated Half-Year\nCH4 Emissions (t)":"53784","Estimated Annual\nCH4 Emissions (t)":"67802","group":"Waste"}},{"type":"Feature","geometry":{"type":"Point","coordinates":[54.02815,38.33075]},"properties":{"Country":"Turkmenistan","Sector":"Oil and Gas","Potential Source Type":"Gas disposal facility","Source ID":"TKM_S_022","Latitude":"38.33075","Longitude":"54.02815","Number of Plumes Detected\n(2024-Present)":"121","Plumes Notified\n(Y/N)":"Y","Feedback Received\n(Y/N)":"Y","Average Half-Year\nFlux Rate (t/h)":"7.07","Average Half-Year\nFlux Rate Std. Dev. (t/h)":"4.15","Average Annual\nFlux Rate (t/h)":"8.56","Average Annual\nFlux Rate Std. Dev. (t/h)":"4.81","Date of Last\nPlume Detected":"2026-03-06T07:18:51.000","Half-Year\nPersistency Category":"persistent","Half-Year\nEmission Persistency":"0.83","Half-Year\nPersistency Std. Dev.":"0.06","Annual\nPersistency Category":"persistent","Annual\nEmission Persistency":"0.88","Annual\nPersistency Std. Dev.":"0.03","Estimated Half-Year\nCH4 Emissions (t)":"25350","Estimated Annual\nCH4 Emissions (t)":"65987","group":"Oil and gas"}},{"type":"Feature","geometry":{"type":"Point","coordinates":[102.61433,7.49474]},"properties":{"Country":"Thailand","Sector":"Oil and Gas","Potential Source Type":"Production Offshore","Source ID":"THA_S_008","Latitude":"7.49474","Longitude":"102.61433","Number of Plumes Detected\n(2024-Present)":"4","Plumes Notified\n(Y/N)":"N","Feedback Received\n(Y/N)":"N","Average Half-Year\nFlux Rate (t/h)":"9.23","Average Half-Year\nFlux Rate Std. Dev. (t/h)":"1.55","Average Annual\nFlux Rate (t/h)":"9.45","Average Annual\nFlux Rate Std. Dev. (t/h)":"1.53","Date of Last\nPlume Detected":"2026-01-12T03:30:19.000","Half-Year\nPersistency Category":"frequent","Half-Year\nEmission Persistency":"0.54","Half-Year\nPersistency Std. Dev.":"0.14","Annual\nPersistency Category":"frequent","Annual\nEmission Persistency":"0.6","Annual\nPersistency Std. Dev.":"0.13","Estimated Half-Year\nCH4 Emissions (t)":"21531","Estimated Annual\nCH4 Emissions (t)":"49669","group":"Oil and gas"}},{"type":"Feature","geometry":{"type":"Point","coordinates":[112.94554,36.23247]},"properties":{"Country":"China","Sector":"Thermal Coal","Potential Source Type":"Venting shaft","Source ID":"CHN_S_088","Latitude":"36.23247","Longitude":"112.94554","Number of Plumes Detected\n(2024-Present)":"15","Plumes Notified\n(Y/N)":"N","Feedback Received\n(Y/N)":"N","Average Half-Year\nFlux Rate (t/h)":"3.44","Average Half-Year\nFlux Rate Std. Dev. (t/h)":"1.81","Average Annual\nFlux Rate (t/h)":"5.47","Average Annual\nFlux Rate Std. Dev. (t/h)":"4.16","Date of Last\nPlume Detected":"2026-02-01T02:55:42.000","Half-Year\nPersistency Category":"persistent","Half-Year\nEmission Persistency":"1.0","Half-Year\nPersistency Std. Dev.":"0.0","Annual\nPersistency Category":"persistent","Annual\nEmission Persistency":"1.0","Annual\nPersistency Std. Dev.":"0.0","Estimated Half-Year\nCH4 Emissions (t)":"14860","Estimated Annual\nCH4 Emissions (t)":"47917","group":"Thermal coal"}},{"type":"Feature","geometry":{"type":"Point","coordinates":[-70.79734,-33.69123]},"properties":{"Country":"Chile","Sector":"Waste","Potential Source Type":"Landfill","Source ID":"CHL_S_002","Latitude":"-33.69123","Longitude":"-70.79734","Number of Plumes Detected\n(2024-Present)":"9","Plumes Notified\n(Y/N)":"N","Feedback Received\n(Y/N)":"N","Average Half-Year\nFlux Rate (t/h)":"7.04","Average Half-Year\nFlux Rate Std. Dev. (t/h)":"1.7","Average Annual\nFlux Rate (t/h)":"7.97","Average Annual\nFlux Rate Std. Dev. (t/h)":"2.56","Date of Last\nPlume Detected":"2026-01-19T15:37:26.000","Half-Year\nPersistency Category":"persistent","Half-Year\nEmission Persistency":"1.0","Half-Year\nPersistency Std. Dev.":"0.0","Annual\nPersistency Category":"frequent","Annual\nEmission Persistency":"0.62","Annual\nPersistency Std. Dev.":"0.17","Estimated Half-Year\nCH4 Emissions (t)":"30412","Estimated Annual\nCH4 Emissions (t)":"43286","group":"Waste"}},{"type":"Feature","geometry":{"type":"Point","coordinates":[53.89861,37.90823]},"properties":{"Country":"Turkmenistan","Sector":"Oil and Gas","Potential Source Type":"Flare","Source ID":"TKM_S_024","Latitude":"37.90823","Longitude":"53.89861","Number of Plumes Detected\n(2024-Present)":"55","Plumes Notified\n(Y/N)":"Y","Feedback Received\n(Y/N)":"Y","Average Half-Year\nFlux Rate (t/h)":"13.24","Average Half-Year\nFlux Rate Std. Dev. (t/h)":"10.52","Average Annual\nFlux Rate (t/h)":"9.92","Average Annual\nFlux Rate Std. Dev. (t/h)":"8.3","Date of Last\nPlume Detected":"2026-01-08T07:11:59.000","Half-Year\nPersistency Category":"frequent","Half-Year\nEmission Persistency":"0.45","Half-Year\nPersistency Std. Dev.":"0.11","Annual\nPersistency Category":"frequent","Annual\nEmission Persistency":"0.49","Annual\nPersistency Std. Dev.":"0.06","Estimated Half-Year\nCH4 Emissions (t)":"25738","Estimated Annual\nCH4 Emissions (t)":"42580","group":"Oil and gas"}},{"type":"Feature","geometry":{"type":"Point","coordinates":[13.36049,-8.8426]},"properties":{"Country":"Angola","Sector":"Waste","Potential Source Type":"Landfill","Source ID":"AGO_S_007","Latitude":"-8.8426","Longitude":"13.36049","Number of Plumes Detected\n(2024-Present)":"5","Plumes Notified\n(Y/N)":"N","Feedback Received\n(Y/N)":"N","Average Half-Year\nFlux Rate (t/h)":"5.33","Average Half-Year\nFlux Rate Std. Dev. (t/h)":"2.33","Average Annual\nFlux Rate (t/h)":"4.76","Average Annual\nFlux Rate Std. Dev. (t/h)":"2.22","Date of Last\nPlume Detected":"2025-12-19T12:58:01.000","Half-Year\nPersistency Category":"persistent","Half-Year\nEmission Persistency":"1.0","Half-Year\nPersistency Std. Dev.":"0.0","Annual\nPersistency Category":"persistent","Annual\nEmission Persistency":"1.0","Annual\nPersistency Std. Dev.":"0.0","Estimated Half-Year\nCH4 Emissions (t)":"23025","Estimated Annual\nCH4 Emissions (t)":"41697","group":"Waste"}},{"type":"Feature","geometry":{"type":"Point","coordinates":[54.23678,38.85321]},"properties":{"Country":"Turkmenistan","Sector":"Oil and Gas","Potential Source Type":"Abandoned wells","Source ID":"TKM_S_018","Latitude":"38.85321","Longitude":"54.23678","Number of Plumes Detected\n(2024-Present)":"124","Plumes Notified\n(Y/N)":"Y","Feedback Received\n(Y/N)":"Y","Average Half-Year\nFlux Rate (t/h)":"5.91","Average Half-Year\nFlux Rate Std. Dev. (t/h)":"3.43","Average Annual\nFlux Rate (t/h)":"6.31","Average Annual\nFlux Rate Std. Dev. (t/h)":"3.06","Date of Last\nPlume Detected":"2026-01-18T07:11:29.000","Half-Year\nPersistency Category":"frequent","Half-Year\nEmission Persistency":"0.45","Half-Year\nPersistency Std. Dev.":"0.09","Annual\nPersistency Category":"frequent","Annual\nEmission Persistency":"0.75","Annual\nPersistency Std. Dev.":"0.05","Estimated Half-Year\nCH4 Emissions (t)":"11489","Estimated Annual\nCH4 Emissions (t)":"41456","group":"Oil and gas"}},{"type":"Feature","geometry":{"type":"Point","coordinates":[51.33346,35.45736]},"properties":{"Country":"Iran (Islamic Republic of)","Sector":"Waste","Potential Source Type":"Landfill","Source ID":"IRN_S_052","Latitude":"35.45736","Longitude":"51.33346","Number of Plumes Detected\n(2024-Present)":"21","Plumes Notified\n(Y/N)":"N","Feedback Received\n(Y/N)":"N","Average Half-Year\nFlux Rate (t/h)":"4.11","Average Half-Year\nFlux Rate Std. Dev. (t/h)":"1.55","Average Annual\nFlux Rate (t/h)":"4.62","Average Annual\nFlux Rate Std. Dev. (t/h)":"2.09","Date of Last\nPlume Detected":"2025-11-17T07:56:20.000","Half-Year\nPersistency Category":"persistent","Half-Year\nEmission Persistency":"1.0","Half-Year\nPersistency Std. Dev.":"0.0","Annual\nPersistency Category":"persistent","Annual\nEmission Persistency":"1.0","Annual\nPersistency Std. Dev.":"0.0","Estimated Half-Year\nCH4 Emissions (t)":"17755","Estimated Annual\nCH4 Emissions (t)":"40471","group":"Waste"}},{"type":"Feature","geometry":{"type":"Point","coordinates":[150.72,-34.18144]},"properties":{"Country":"Australia","Sector":"Met Coal","Potential Source Type":"Venting shaft","Source ID":"AUS_S_014","Latitude":"-34.18144","Longitude":"150.72","Number of Plumes Detected\n(2024-Present)":"14","Plumes Notified\n(Y/N)":"N","Feedback Received\n(Y/N)":"N","Average Half-Year\nFlux Rate (t/h)":"4.59","Average Half-Year\nFlux Rate Std. Dev. (t/h)":"0.93","Average Annual\nFlux Rate (t/h)":"4.59","Average Annual\nFlux Rate Std. Dev. (t/h)":"0.93","Date of Last\nPlume Detected":"2026-02-24T03:06:11.000","Half-Year\nPersistency Category":"persistent","Half-Year\nEmission Persistency":"1.0","Half-Year\nPersistency Std. Dev.":"0.0","Annual\nPersistency Category":"persistent","Annual\nEmission Persistency":"1.0","Annual\nPersistency Std. Dev.":"0.0","Estimated Half-Year\nCH4 Emissions (t)":"19828","Estimated Annual\nCH4 Emissions (t)":"40208","group":"Met coal"}},{"type":"Feature","geometry":{"type":"Point","coordinates":[53.92428,37.92912]},"properties":{"Country":"Turkmenistan","Sector":"Oil and Gas","Potential Source Type":"Flare","Source ID":"TKM_S_026","Latitude":"37.92912","Longitude":"53.92428","Number of Plumes Detected\n(2024-Present)":"77","Plumes Notified\n(Y/N)":"Y","Feedback Received\n(Y/N)":"Y","Average Half-Year\nFlux Rate (t/h)":"3.75","Average Half-Year\nFlux Rate Std. Dev. (t/h)":"2.67","Average Annual\nFlux Rate (t/h)":"6.27","Average Annual\nFlux Rate Std. Dev. (t/h)":"4.23","Date of Last\nPlume Detected":"2026-03-06T07:18:51.000","Half-Year\nPersistency Category":"frequent","Half-Year\nEmission Persistency":"0.52","Half-Year\nPersistency Std. Dev.":"0.1","Annual\nPersistency Category":"frequent","Annual\nEmission Persistency":"0.73","Annual\nPersistency Std. Dev.":"0.05","Estimated Half-Year\nCH4 Emissions (t)":"8424","Estimated Annual\nCH4 Emissions (t)":"40095","group":"Oil and gas"}},{"type":"Feature","geometry":{"type":"Point","coordinates":[112.9372,36.41495]},"properties":{"Country":"China","Sector":"Met Coal","Potential Source Type":"Venting shaft","Source ID":"CHN_S_072","Latitude":"36.41495","Longitude":"112.9372","Number of Plumes Detected\n(2024-Present)":"18","Plumes Notified\n(Y/N)":"N","Feedback Received\n(Y/N)":"N","Average Half-Year\nFlux Rate (t/h)":"3.76","Average Half-Year\nFlux Rate Std. Dev. (t/h)":"3.12","Average Annual\nFlux Rate (t/h)":"4.41","Average Annual\nFlux Rate Std. Dev. (t/h)":"2.99","Date of Last\nPlume Detected":"2026-02-01T03:17:54.000","Half-Year\nPersistency Category":"persistent","Half-Year\nEmission Persistency":"1.0","Half-Year\nPersistency Std. Dev.":"0.0","Annual\nPersistency Category":"persistent","Annual\nEmission Persistency":"1.0","Annual\nPersistency Std. Dev.":"0.0","Estimated Half-Year\nCH4 Emissions (t)":"16243","Estimated Annual\nCH4 Emissions (t)":"38631","group":"Met coal"}},{"type":"Feature","geometry":{"type":"Point","coordinates":[-103.45535,20.91518]},"properties":{"Country":"Mexico","Sector":"Waste","Potential Source Type":"Landfill","Source ID":"MEX_S_074","Latitude":"20.91518","Longitude":"-103.45535","Number of Plumes Detected\n(2024-Present)":"8","Plumes Notified\n(Y/N)":"N","Feedback Received\n(Y/N)":"N","Average Half-Year\nFlux Rate (t/h)":"5.18","Average Half-Year\nFlux Rate Std. Dev. (t/h)":"2.25","Average Annual\nFlux Rate (t/h)":"4.31","Average Annual\nFlux Rate Std. Dev. (t/h)":"2.78","Date of Last\nPlume Detected":"2026-01-30T16:45:16.000","Half-Year\nPersistency Category":"persistent","Half-Year\nEmission Persistency":"1.0","Half-Year\nPersistency Std. Dev.":"0.0","Annual\nPersistency Category":"persistent","Annual\nEmission Persistency":"1.0","Annual\nPersistency Std. Dev.":"0.0","Estimated Half-Year\nCH4 Emissions (t)":"22377","Estimated Annual\nCH4 Emissions (t)":"37755","group":"Waste"}},{"type":"Feature","geometry":{"type":"Point","coordinates":[112.65204,35.63986]},"properties":{"Country":"China","Sector":"Thermal Coal","Potential Source Type":"Venting shaft","Source ID":"CHN_S_192","Latitude":"35.63986","Longitude":"112.65204","Number of Plumes Detected\n(2024-Present)":"7","Plumes Notified\n(Y/N)":"N","Feedback Received\n(Y/N)":"N","Average Half-Year\nFlux Rate (t/h)":"3.42","Average Half-Year\nFlux Rate Std. Dev. (t/h)":"0.33","Average Annual\nFlux Rate (t/h)":"4.21","Average Annual\nFlux Rate Std. Dev. (t/h)":"1.6","Date of Last\nPlume Detected":"2026-02-01T02:55:31.000","Half-Year\nPersistency Category":"persistent","Half-Year\nEmission Persistency":"1.0","Half-Year\nPersistency Std. Dev.":"0.0","Annual\nPersistency Category":"persistent","Annual\nEmission Persistency":"1.0","Annual\nPersistency Std. Dev.":"0.0","Estimated Half-Year\nCH4 Emissions (t)":"14774","Estimated Annual\nCH4 Emissions (t)":"36879","group":"Thermal coal"}},{"type":"Feature","geometry":{"type":"Point","coordinates":[39.40224,21.65043]},"properties":{"Country":"Saudi Arabia","Sector":"Waste","Potential Source Type":"Landfill","Source ID":"SAU_S_011","Latitude":"21.65043","Longitude":"39.40224","Number of Plumes Detected\n(2024-Present)":"11","Plumes Notified\n(Y/N)":"N","Feedback Received\n(Y/N)":"N","Average Half-Year\nFlux Rate (t/h)":"4.86","Average Half-Year\nFlux Rate Std. Dev. (t/h)":"1.63","Average Annual\nFlux Rate (t/h)":"4.2","Average Annual\nFlux Rate Std. Dev. (t/h)":"1.72","Date of Last\nPlume Detected":"2026-01-26T08:58:01.000","Half-Year\nPersistency Category":"persistent","Half-Year\nEmission Persistency":"1.0","Half-Year\nPersistency Std. Dev.":"0.0","Annual\nPersistency Category":"persistent","Annual\nEmission Persistency":"1.0","Annual\nPersistency Std. Dev.":"0.0","Estimated Half-Year\nCH4 Emissions (t)":"20995","Estimated Annual\nCH4 Emissions (t)":"36792","group":"Waste"}},{"type":"Feature","geometry":{"type":"Point","coordinates":[113.02297,37.938]},"properties":{"Country":"China","Sector":"Thermal Coal","Potential Source Type":"Venting shaft","Source ID":"CHN_S_033","Latitude":"37.938","Longitude":"113.02297","Number of Plumes Detected\n(2024-Present)":"12","Plumes Notified\n(Y/N)":"N","Feedback Received\n(Y/N)":"N","Average Half-Year\nFlux Rate (t/h)":"3.6","Average Half-Year\nFlux Rate Std. Dev. (t/h)":"2.24","Average Annual\nFlux Rate (t/h)":"4.07","Average Annual\nFlux Rate Std. Dev. (t/h)":"2.19","Date of Last\nPlume Detected":"2026-02-19T03:27:42.000","Half-Year\nPersistency Category":"persistent","Half-Year\nEmission Persistency":"1.0","Half-Year\nPersistency Std. Dev.":"0.0","Annual\nPersistency Category":"persistent","Annual\nEmission Persistency":"1.0","Annual\nPersistency Std. Dev.":"0.0","Estimated Half-Year\nCH4 Emissions (t)":"15552","Estimated Annual\nCH4 Emissions (t)":"35653","group":"Thermal coal"}},{"type":"Feature","geometry":{"type":"Point","coordinates":[112.89036,35.99206]},"properties":{"Country":"China","Sector":"Thermal and Met Coal","Potential Source Type":"Coal mine facility (generic)","Source ID":"CHN_S_182","Latitude":"35.99206","Longitude":"112.89036","Number of Plumes Detected\n(2024-Present)":"14","Plumes Notified\n(Y/N)":"N","Feedback Received\n(Y/N)":"N","Average Half-Year\nFlux Rate (t/h)":"8.21","Average Half-Year\nFlux Rate Std. Dev. (t/h)":"10.01","Average Annual\nFlux Rate (t/h)":"3.91","Average Annual\nFlux Rate Std. Dev. (t/h)":"5.58","Date of Last\nPlume Detected":"2026-02-01T02:55:31.000","Half-Year\nPersistency Category":"persistent","Half-Year\nEmission Persistency":"1.0","Half-Year\nPersistency Std. Dev.":"0.0","Annual\nPersistency Category":"persistent","Annual\nEmission Persistency":"1.0","Annual\nPersistency Std. Dev.":"0.0","Estimated Half-Year\nCH4 Emissions (t)":"35467","Estimated Annual\nCH4 Emissions (t)":"35467","group":"Thermal and met coal"}},{"type":"Feature","geometry":{"type":"Point","coordinates":[112.99023,36.24638]},"properties":{"Country":"China","Sector":"Met Coal","Potential Source Type":"Venting shaft","Source ID":"CHN_S_098","Latitude":"36.24638","Longitude":"112.99023","Number of Plumes Detected\n(2024-Present)":"13","Plumes Notified\n(Y/N)":"N","Feedback Received\n(Y/N)":"N","Average Half-Year\nFlux Rate (t/h)":"4.98","Average Half-Year\nFlux Rate Std. Dev. (t/h)":"4.24","Average Annual\nFlux Rate (t/h)":"4.32","Average Annual\nFlux Rate Std. Dev. (t/h)":"2.96","Date of Last\nPlume Detected":"2026-02-01T02:55:42.000","Half-Year\nPersistency Category":"persistent","Half-Year\nEmission Persistency":"1.0","Half-Year\nPersistency Std. Dev.":"0.0","Annual\nPersistency Category":"persistent","Annual\nEmission Persistency":"0.88","Annual\nPersistency Std. Dev.":"0.11","Estimated Half-Year\nCH4 Emissions (t)":"21513","Estimated Annual\nCH4 Emissions (t)":"33302","group":"Met coal"}},{"type":"Feature","geometry":{"type":"Point","coordinates":[69.80955,27.96851]},"properties":{"Country":"Pakistan","Sector":"Oil and Gas","Potential Source Type":"Gathering and boosting facilities","Source ID":"PAK_S_001","Latitude":"27.96851","Longitude":"69.80955","Number of Plumes Detected\n(2024-Present)":"33","Plumes Notified\n(Y/N)":"Y","Feedback Received\n(Y/N)":"N","Average Half-Year\nFlux Rate (t/h)":"4.55","Average Half-Year\nFlux Rate Std. Dev. (t/h)":"0.92","Average Annual\nFlux Rate (t/h)":"3.71","Average Annual\nFlux Rate Std. Dev. (t/h)":"1.52","Date of Last\nPlume Detected":"2026-03-06T06:04:19.000","Half-Year\nPersistency Category":"persistent","Half-Year\nEmission Persistency":"1.0","Half-Year\nPersistency Std. Dev.":"0.0","Annual\nPersistency Category":"persistent","Annual\nEmission Persistency":"1.0","Annual\nPersistency Std. Dev.":"0.0","Estimated Half-Year\nCH4 Emissions (t)":"19656","Estimated Annual\nCH4 Emissions (t)":"32499","group":"Oil and gas"}},{"type":"Feature","geometry":{"type":"Point","coordinates":[113.43696,37.96728]},"properties":{"Country":"China","Sector":"Thermal Coal","Potential Source Type":"Venting shaft","Source ID":"CHN_S_131","Latitude":"37.96728","Longitude":"113.43696","Number of Plumes Detected\n(2024-Present)":"10","Plumes Notified\n(Y/N)":"N","Feedback Received\n(Y/N)":"N","Average Half-Year\nFlux Rate (t/h)":"3.89","Average Half-Year\nFlux Rate Std. Dev. (t/h)":"2.54","Average Annual\nFlux Rate (t/h)":"3.25","Average Annual\nFlux Rate Std. Dev. (t/h)":"1.65","Date of Last\nPlume Detected":"2025-11-30T03:59:28.000","Half-Year\nPersistency Category":"persistent","Half-Year\nEmission Persistency":"1.0","Half-Year\nPersistency Std. Dev.":"0.0","Annual\nPersistency Category":"persistent","Annual\nEmission Persistency":"1.0","Annual\nPersistency Std. Dev.":"0.0","Estimated Half-Year\nCH4 Emissions (t)":"16804","Estimated Annual\nCH4 Emissions (t)":"28470","group":"Thermal coal"}},{"type":"Feature","geometry":{"type":"Point","coordinates":[53.9164,37.76777]},"properties":{"Country":"Turkmenistan","Sector":"Oil and Gas","Potential Source Type":"Gas disposal facility","Source ID":"TKM_S_367","Latitude":"37.76777","Longitude":"53.9164","Number of Plumes Detected\n(2024-Present)":"29","Plumes Notified\n(Y/N)":"Y","Feedback Received\n(Y/N)":"N","Average Half-Year\nFlux Rate (t/h)":"7.63","Average Half-Year\nFlux Rate Std. Dev. (t/h)":"3.0","Average Annual\nFlux Rate (t/h)":"7.03","Average Annual\nFlux Rate Std. Dev. (t/h)":"3.22","Date of Last\nPlume Detected":"2026-03-06T07:18:51.000","Half-Year\nPersistency Category":"frequent","Half-Year\nEmission Persistency":"0.54","Half-Year\nPersistency Std. Dev.":"0.1","Annual\nPersistency Category":"frequent","Annual\nEmission Persistency":"0.44","Annual\nPersistency Std. Dev.":"0.06","Estimated Half-Year\nCH4 Emissions (t)":"17799","Estimated Annual\nCH4 Emissions (t)":"27096","group":"Oil and gas"}},{"type":"Feature","geometry":{"type":"Point","coordinates":[72.56738,22.98321]},"properties":{"Country":"India","Sector":"Waste","Potential Source Type":"Landfill","Source ID":"IND_S_017","Latitude":"22.98321","Longitude":"72.56738","Number of Plumes Detected\n(2024-Present)":"25","Plumes Notified\n(Y/N)":"N","Feedback Received\n(Y/N)":"N","Average Half-Year\nFlux Rate (t/h)":"2.97","Average Half-Year\nFlux Rate Std. Dev. (t/h)":"0.58","Average Annual\nFlux Rate (t/h)":"2.86","Average Annual\nFlux Rate Std. Dev. (t/h)":"0.84","Date of Last\nPlume Detected":"2026-02-16T05:55:47.000","Half-Year\nPersistency Category":"persistent","Half-Year\nEmission Persistency":"1.0","Half-Year\nPersistency Std. Dev.":"0.0","Annual\nPersistency Category":"persistent","Annual\nEmission Persistency":"1.0","Annual\nPersistency Std. Dev.":"0.0","Estimated Half-Year\nCH4 Emissions (t)":"12830","Estimated Annual\nCH4 Emissions (t)":"25053","group":"Waste"}},{"type":"Feature","geometry":{"type":"Point","coordinates":[-98.84907,19.40711]},"properties":{"Country":"Mexico","Sector":"Waste","Potential Source Type":"Landfill","Source ID":"MEX_S_099","Latitude":"19.40711","Longitude":"-98.84907","Number of Plumes Detected\n(2024-Present)":"3","Plumes Notified\n(Y/N)":"N","Feedback Received\n(Y/N)":"N","Average Half-Year\nFlux Rate (t/h)":"2.81","Average Half-Year\nFlux Rate Std. Dev. (t/h)":"0.3","Average Annual\nFlux Rate (t/h)":"2.81","Average Annual\nFlux Rate Std. Dev. (t/h)":"0.3","Date of Last\nPlume Detected":"2026-02-28T17:23:10.000","Half-Year\nPersistency Category":"persistent","Half-Year\nEmission Persistency":"1.0","Half-Year\nPersistency Std. Dev.":"0.0","Annual\nPersistency Category":"persistent","Annual\nEmission Persistency":"1.0","Annual\nPersistency Std. Dev.":"0.0","Estimated Half-Year\nCH4 Emissions (t)":"12139","Estimated Annual\nCH4 Emissions (t)":"24615","group":"Waste"}},{"type":"Feature","geometry":{"type":"Point","coordinates":[112.6019,35.56438]},"properties":{"Country":"China","Sector":"Thermal Coal","Potential Source Type":"Coal mine facility (generic)","Source ID":"CHN_S_060","Latitude":"35.56438","Longitude":"112.6019","Number of Plumes Detected\n(2024-Present)":"6","Plumes Notified\n(Y/N)":"N","Feedback Received\n(Y/N)":"N","Average Half-Year\nFlux Rate (t/h)":"2.75","Average Half-Year\nFlux Rate Std. Dev. (t/h)":"1.86","Average Annual\nFlux Rate (t/h)":"2.75","Average Annual\nFlux Rate Std. Dev. (t/h)":"1.86","Date of Last\nPlume Detected":"2026-02-01T02:55:31.000","Half-Year\nPersistency Category":"persistent","Half-Year\nEmission Persistency":"1.0","Half-Year\nPersistency Std. Dev.":"0.0","Annual\nPersistency Category":"persistent","Annual\nEmission Persistency":"1.0","Annual\nPersistency Std. Dev.":"0.0","Estimated Half-Year\nCH4 Emissions (t)":"11880","Estimated Annual\nCH4 Emissions (t)":"24090","group":"Thermal coal"}},{"type":"Feature","geometry":{"type":"Point","coordinates":[113.46146,37.84215]},"properties":{"Country":"China","Sector":"Thermal Coal","Potential Source Type":"Venting shaft","Source ID":"CHN_S_103","Latitude":"37.84215","Longitude":"113.46146","Number of Plumes Detected\n(2024-Present)":"13","Plumes Notified\n(Y/N)":"N","Feedback Received\n(Y/N)":"N","Average Half-Year\nFlux Rate (t/h)":"3.29","Average Half-Year\nFlux Rate Std. Dev. (t/h)":"1.05","Average Annual\nFlux Rate (t/h)":"2.74","Average Annual\nFlux Rate Std. Dev. (t/h)":"1.75","Date of Last\nPlume Detected":"2025-11-30T03:59:28.000","Half-Year\nPersistency Category":"persistent","Half-Year\nEmission Persistency":"1.0","Half-Year\nPersistency Std. Dev.":"0.0","Annual\nPersistency Category":"persistent","Annual\nEmission Persistency":"1.0","Annual\nPersistency Std. Dev.":"0.0","Estimated Half-Year\nCH4 Emissions (t)":"14212","Estimated Annual\nCH4 Emissions (t)":"24002","group":"Thermal coal"}},{"type":"Feature","geometry":{"type":"Point","coordinates":[110.60152,35.80337]},"properties":{"Country":"China","Sector":"Met Coal","Potential Source Type":"Coal mine facility (generic)","Source ID":"CHN_S_229","Latitude":"35.80337","Longitude":"110.60152","Number of Plumes Detected\n(2024-Present)":"15","Plumes Notified\n(Y/N)":"N","Feedback Received\n(Y/N)":"N","Average Half-Year\nFlux Rate (t/h)":"1.62","Average Half-Year\nFlux Rate Std. Dev. (t/h)":"0.59","Average Annual\nFlux Rate (t/h)":"2.55","Average Annual\nFlux Rate Std. Dev. (t/h)":"2.24","Date of Last\nPlume Detected":"2026-02-12T03:57:43.000","Half-Year\nPersistency Category":"persistent","Half-Year\nEmission Persistency":"1.0","Half-Year\nPersistency Std. Dev.":"0.0","Annual\nPersistency Category":"persistent","Annual\nEmission Persistency":"1.0","Annual\nPersistency Std. Dev.":"0.0","Estimated Half-Year\nCH4 Emissions (t)":"6998","Estimated Annual\nCH4 Emissions (t)":"22338","group":"Met coal"}},{"type":"Feature","geometry":{"type":"Point","coordinates":[104.94445,25.69842]},"properties":{"Country":"China","Sector":"Thermal Coal","Potential Source Type":"Venting shaft","Source ID":"CHN_S_830","Latitude":"25.69842","Longitude":"104.94445","Number of Plumes Detected\n(2024-Present)":"3","Plumes Notified\n(Y/N)":"N","Feedback Received\n(Y/N)":"N","Average Half-Year\nFlux Rate (t/h)":"3.23","Average Half-Year\nFlux Rate Std. Dev. (t/h)":"2.37","Average Annual\nFlux Rate (t/h)":"2.5","Average Annual\nFlux Rate Std. Dev. (t/h)":"1.98","Date of Last\nPlume Detected":"2025-12-01T03:08:06.000","Half-Year\nPersistency Category":"persistent","Half-Year\nEmission Persistency":"1.0","Half-Year\nPersistency Std. Dev.":"0.0","Annual\nPersistency Category":"persistent","Annual\nEmission Persistency":"1.0","Annual\nPersistency Std. Dev.":"0.0","Estimated Half-Year\nCH4 Emissions (t)":"13953","Estimated Annual\nCH4 Emissions (t)":"21900","group":"Thermal coal"}},{"type":"Feature","geometry":{"type":"Point","coordinates":[112.87599,36.38906]},"properties":{"Country":"China","Sector":"Thermal and Met Coal","Potential Source Type":"Venting shaft","Source ID":"CHN_S_157","Latitude":"36.38906","Longitude":"112.87599","Number of Plumes Detected\n(2024-Present)":"15","Plumes Notified\n(Y/N)":"N","Feedback Received\n(Y/N)":"N","Average Half-Year\nFlux Rate (t/h)":"2.15","Average Half-Year\nFlux Rate Std. Dev. (t/h)":"1.09","Average Annual\nFlux Rate (t/h)":"2.98","Average Annual\nFlux Rate Std. Dev. (t/h)":"1.71","Date of Last\nPlume Detected":"2026-02-01T03:17:54.000","Half-Year\nPersistency Category":"frequent","Half-Year\nEmission Persistency":"0.75","Half-Year\nPersistency Std. Dev.":"0.15","Annual\nPersistency Category":"persistent","Annual\nEmission Persistency":"0.82","Annual\nPersistency Std. Dev.":"0.12","Estimated Half-Year\nCH4 Emissions (t)":"6965","Estimated Annual\nCH4 Emissions (t)":"21405","group":"Thermal and met coal"}},{"type":"Feature","geometry":{"type":"Point","coordinates":[-72.16774,-36.69538]},"properties":{"Country":"Chile","Sector":"Waste","Potential Source Type":"Landfill","Source ID":"CHL_S_009","Latitude":"-36.69538","Longitude":"-72.16774","Number of Plumes Detected\n(2024-Present)":"16","Plumes Notified\n(Y/N)":"N","Feedback Received\n(Y/N)":"N","Average Half-Year\nFlux Rate (t/h)":"2.32","Average Half-Year\nFlux Rate Std. Dev. (t/h)":"1.27","Average Annual\nFlux Rate (t/h)":"2.32","Average Annual\nFlux Rate Std. Dev. (t/h)":"1.27","Date of Last\nPlume Detected":"2026-03-06T14:03:26.000","Half-Year\nPersistency Category":"persistent","Half-Year\nEmission Persistency":"1.0","Half-Year\nPersistency Std. Dev.":"0.0","Annual\nPersistency Category":"persistent","Annual\nEmission Persistency":"1.0","Annual\nPersistency Std. Dev.":"0.0","Estimated Half-Year\nCH4 Emissions (t)":"10022","Estimated Annual\nCH4 Emissions (t)":"20323","group":"Waste"}},{"type":"Feature","geometry":{"type":"Point","coordinates":[113.24192,37.89092]},"properties":{"Country":"China","Sector":"Thermal Coal","Potential Source Type":"Drainage station","Source ID":"CHN_S_532","Latitude":"37.89092","Longitude":"113.24192","Number of Plumes Detected\n(2024-Present)":"3","Plumes Notified\n(Y/N)":"N","Feedback Received\n(Y/N)":"N","Average Half-Year\nFlux Rate (t/h)":"4.53","Average Half-Year\nFlux Rate Std. Dev. (t/h)":"0.51","Average Annual\nFlux Rate (t/h)":"4.53","Average Annual\nFlux Rate Std. Dev. (t/h)":"0.51","Date of Last\nPlume Detected":"2025-11-30T03:59:28.000","Half-Year\nPersistency Category":"persistent","Half-Year\nEmission Persistency":"1.0","Half-Year\nPersistency Std. Dev.":"0.0","Annual\nPersistency Category":"frequent","Annual\nEmission Persistency":"0.5","Annual\nPersistency Std. Dev.":"0.18","Estimated Half-Year\nCH4 Emissions (t)":"19569","Estimated Annual\nCH4 Emissions (t)":"19841","group":"Thermal coal"}},{"type":"Feature","geometry":{"type":"Point","coordinates":[53.78864,39.46577]},"properties":{"Country":"Turkmenistan","Sector":"Oil and Gas","Potential Source Type":"Gas disposal facility","Source ID":"TKM_S_203","Latitude":"39.46577","Longitude":"53.78864","Number of Plumes Detected\n(2024-Present)":"96","Plumes Notified\n(Y/N)":"Y","Feedback Received\n(Y/N)":"N","Average Half-Year\nFlux Rate (t/h)":"3.48","Average Half-Year\nFlux Rate Std. Dev. (t/h)":"1.6","Average Annual\nFlux Rate (t/h)":"3.64","Average Annual\nFlux Rate Std. Dev. (t/h)":"1.85","Date of Last\nPlume Detected":"2026-02-02T07:11:21.000","Half-Year\nPersistency Category":"frequent","Half-Year\nEmission Persistency":"0.46","Half-Year\nPersistency Std. Dev.":"0.07","Annual\nPersistency Category":"frequent","Annual\nEmission Persistency":"0.62","Annual\nPersistency Std. Dev.":"0.04","Estimated Half-Year\nCH4 Emissions (t)":"6915","Estimated Annual\nCH4 Emissions (t)":"19769","group":"Oil and gas"}},{"type":"Feature","geometry":{"type":"Point","coordinates":[54.31604,38.68051]},"properties":{"Country":"Turkmenistan","Sector":"Oil and Gas","Potential Source Type":"Gas disposal facility","Source ID":"TKM_S_045","Latitude":"38.68051","Longitude":"54.31604","Number of Plumes Detected\n(2024-Present)":"119","Plumes Notified\n(Y/N)":"Y","Feedback Received\n(Y/N)":"Y","Average Half-Year\nFlux Rate (t/h)":"3.01","Average Half-Year\nFlux Rate Std. Dev. (t/h)":"1.2","Average Annual\nFlux Rate (t/h)":"3.25","Average Annual\nFlux Rate Std. Dev. (t/h)":"1.82","Date of Last\nPlume Detected":"2026-03-04T07:08:01.000","Half-Year\nPersistency Category":"frequent","Half-Year\nEmission Persistency":"0.68","Half-Year\nPersistency Std. Dev.":"0.08","Annual\nPersistency Category":"frequent","Annual\nEmission Persistency":"0.69","Annual\nPersistency Std. Dev.":"0.05","Estimated Half-Year\nCH4 Emissions (t)":"8842","Estimated Annual\nCH4 Emissions (t)":"19644","group":"Oil and gas"}},{"type":"Feature","geometry":{"type":"Point","coordinates":[113.37895,37.88456]},"properties":{"Country":"China","Sector":"Thermal Coal","Potential Source Type":"Venting shaft","Source ID":"CHN_S_132","Latitude":"37.88456","Longitude":"113.37895","Number of Plumes Detected\n(2024-Present)":"11","Plumes Notified\n(Y/N)":"N","Feedback Received\n(Y/N)":"N","Average Half-Year\nFlux Rate (t/h)":"1.66","Average Half-Year\nFlux Rate Std. Dev. (t/h)":"1.54","Average Annual\nFlux Rate (t/h)":"2.24","Average Annual\nFlux Rate Std. Dev. (t/h)":"1.49","Date of Last\nPlume Detected":"2025-11-30T03:59:28.000","Half-Year\nPersistency Category":"persistent","Half-Year\nEmission Persistency":"1.0","Half-Year\nPersistency Std. Dev.":"0.0","Annual\nPersistency Category":"persistent","Annual\nEmission Persistency":"1.0","Annual\nPersistency Std. Dev.":"0.0","Estimated Half-Year\nCH4 Emissions (t)":"7171","Estimated Annual\nCH4 Emissions (t)":"19622","group":"Thermal coal"}},{"type":"Feature","geometry":{"type":"Point","coordinates":[112.98714,36.48175]},"properties":{"Country":"China","Sector":"Met Coal","Potential Source Type":"Venting shaft","Source ID":"CHN_S_205","Latitude":"36.48175","Longitude":"112.98714","Number of Plumes Detected\n(2024-Present)":"14","Plumes Notified\n(Y/N)":"N","Feedback Received\n(Y/N)":"N","Average Half-Year\nFlux Rate (t/h)":"2.41","Average Half-Year\nFlux Rate Std. Dev. (t/h)":"2.55","Average Annual\nFlux Rate (t/h)":"2.2","Average Annual\nFlux Rate Std. Dev. (t/h)":"2.06","Date of Last\nPlume Detected":"2026-02-01T03:17:54.000","Half-Year\nPersistency Category":"persistent","Half-Year\nEmission Persistency":"0.88","Half-Year\nPersistency Std. Dev.":"0.11","Annual\nPersistency Category":"persistent","Annual\nEmission Persistency":"0.91","Annual\nPersistency Std. Dev.":"0.09","Estimated Half-Year\nCH4 Emissions (t)":"9161","Estimated Annual\nCH4 Emissions (t)":"17537","group":"Met coal"}},{"type":"Feature","geometry":{"type":"Point","coordinates":[112.88337,36.25226]},"properties":{"Country":"China","Sector":"Thermal Coal","Potential Source Type":"Venting shaft","Source ID":"CHN_S_328","Latitude":"36.25226","Longitude":"112.88337","Number of Plumes Detected\n(2024-Present)":"10","Plumes Notified\n(Y/N)":"N","Feedback Received\n(Y/N)":"N","Average Half-Year\nFlux Rate (t/h)":"1.66","Average Half-Year\nFlux Rate Std. Dev. (t/h)":"1.27","Average Annual\nFlux Rate (t/h)":"1.95","Average Annual\nFlux Rate Std. Dev. (t/h)":"1.12","Date of Last\nPlume Detected":"2026-02-01T02:55:42.000","Half-Year\nPersistency Category":"persistent","Half-Year\nEmission Persistency":"1.0","Half-Year\nPersistency Std. Dev.":"0.0","Annual\nPersistency Category":"persistent","Annual\nEmission Persistency":"1.0","Annual\nPersistency Std. Dev.":"0.0","Estimated Half-Year\nCH4 Emissions (t)":"7171","Estimated Annual\nCH4 Emissions (t)":"17082","group":"Thermal coal"}},{"type":"Feature","geometry":{"type":"Point","coordinates":[113.42197,37.89321]},"properties":{"Country":"China","Sector":"Thermal Coal","Potential Source Type":"Venting shaft","Source ID":"CHN_S_136","Latitude":"37.89321","Longitude":"113.42197","Number of Plumes Detected\n(2024-Present)":"11","Plumes Notified\n(Y/N)":"N","Feedback Received\n(Y/N)":"N","Average Half-Year\nFlux Rate (t/h)":"2.03","Average Half-Year\nFlux Rate Std. Dev. (t/h)":"0.19","Average Annual\nFlux Rate (t/h)":"1.94","Average Annual\nFlux Rate Std. Dev. (t/h)":"0.56","Date of Last\nPlume Detected":"2025-11-30T03:59:28.000","Half-Year\nPersistency Category":"persistent","Half-Year\nEmission Persistency":"1.0","Half-Year\nPersistency Std. Dev.":"0.0","Annual\nPersistency Category":"persistent","Annual\nEmission Persistency":"1.0","Annual\nPersistency Std. Dev.":"0.0","Estimated Half-Year\nCH4 Emissions (t)":"8769","Estimated Annual\nCH4 Emissions (t)":"16994","group":"Thermal coal"}},{"type":"Feature","geometry":{"type":"Point","coordinates":[53.77668,39.46192]},"properties":{"Country":"Turkmenistan","Sector":"Oil and Gas","Potential Source Type":"Transmission Pipelines","Source ID":"TKM_S_029","Latitude":"39.46192","Longitude":"53.77668","Number of Plumes Detected\n(2024-Present)":"183","Plumes Notified\n(Y/N)":"Y","Feedback Received\n(Y/N)":"Y","Average Half-Year\nFlux Rate (t/h)":"3.83","Average Half-Year\nFlux Rate Std. Dev. (t/h)":"1.56","Average Annual\nFlux Rate (t/h)":"4.02","Average Annual\nFlux Rate Std. Dev. (t/h)":"1.69","Date of Last\nPlume Detected":"2026-03-04T07:08:01.000","Half-Year\nPersistency Category":"frequent","Half-Year\nEmission Persistency":"0.47","Half-Year\nPersistency Std. Dev.":"0.07","Annual\nPersistency Category":"frequent","Annual\nEmission Persistency":"0.46","Annual\nPersistency Std. Dev.":"0.04","Estimated Half-Year\nCH4 Emissions (t)":"7776","Estimated Annual\nCH4 Emissions (t)":"16198","group":"Oil and gas"}},{"type":"Feature","geometry":{"type":"Point","coordinates":[72.27994,23.48031]},"properties":{"Country":"India","Sector":"Oil and Gas","Potential Source Type":"Flare","Source ID":"IND_S_014","Latitude":"23.48031","Longitude":"72.27994","Number of Plumes Detected\n(2024-Present)":"18","Plumes Notified\n(Y/N)":"Y","Feedback Received\n(Y/N)":"N","Average Half-Year\nFlux Rate (t/h)":"2.06","Average Half-Year\nFlux Rate Std. Dev. (t/h)":"0.68","Average Annual\nFlux Rate (t/h)":"1.94","Average Annual\nFlux Rate Std. Dev. (t/h)":"0.7","Date of Last\nPlume Detected":"2026-03-05T05:48:52.000","Half-Year\nPersistency Category":"persistent","Half-Year\nEmission Persistency":"0.91","Half-Year\nPersistency Std. Dev.":"0.09","Annual\nPersistency Category":"persistent","Annual\nEmission Persistency":"0.93","Annual\nPersistency Std. Dev.":"0.07","Estimated Half-Year\nCH4 Emissions (t)":"8098","Estimated Annual\nCH4 Emissions (t)":"15804","group":"Oil and gas"}},{"type":"Feature","geometry":{"type":"Point","coordinates":[54.02161,38.09913]},"properties":{"Country":"Turkmenistan","Sector":"Oil and Gas","Potential Source Type":"O&G facility (generic)","Source ID":"TKM_S_438","Latitude":"38.09913","Longitude":"54.02161","Number of Plumes Detected\n(2024-Present)":"56","Plumes Notified\n(Y/N)":"Y","Feedback Received\n(Y/N)":"N","Average Half-Year\nFlux Rate (t/h)":"2.18","Average Half-Year\nFlux Rate Std. Dev. (t/h)":"1.26","Average Annual\nFlux Rate (t/h)":"2.23","Average Annual\nFlux Rate Std. Dev. (t/h)":"1.33","Date of Last\nPlume Detected":"2026-03-06T07:18:51.000","Half-Year\nPersistency Category":"persistent","Half-Year\nEmission Persistency":"0.88","Half-Year\nPersistency Std. Dev.":"0.06","Annual\nPersistency Category":"frequent","Annual\nEmission Persistency":"0.75","Annual\nPersistency Std. Dev.":"0.05","Estimated Half-Year\nCH4 Emissions (t)":"8287","Estimated Annual\nCH4 Emissions (t)":"14651","group":"Oil and gas"}},{"type":"Feature","geometry":{"type":"Point","coordinates":[40.69655,35.0404]},"properties":{"Country":"Syrian Arab Republic","Sector":"Oil and Gas","Potential Source Type":"Gas disposal facility","Source ID":"SYR_S_015","Latitude":"35.0404","Longitude":"40.69655","Number of Plumes Detected\n(2024-Present)":"90","Plumes Notified\n(Y/N)":"Y","Feedback Received\n(Y/N)":"N","Average Half-Year\nFlux Rate (t/h)":"1.48","Average Half-Year\nFlux Rate Std. Dev. (t/h)":"0.7","Average Annual\nFlux Rate (t/h)":"1.53","Average Annual\nFlux Rate Std. Dev. (t/h)":"0.74","Date of Last\nPlume Detected":"2026-02-11T11:07:14.000","Half-Year\nPersistency Category":"persistent","Half-Year\nEmission Persistency":"1.0","Half-Year\nPersistency Std. Dev.":"0.0","Annual\nPersistency Category":"persistent","Annual\nEmission Persistency":"0.98","Annual\nPersistency Std. Dev.":"0.02","Estimated Half-Year\nCH4 Emissions (t)":"6393","Estimated Annual\nCH4 Emissions (t)":"13134","group":"Oil and gas"}},{"type":"Feature","geometry":{"type":"Point","coordinates":[44.15514,15.47439]},"properties":{"Country":"Yemen","Sector":"Waste","Potential Source Type":"Landfill","Source ID":"YEM_S_019","Latitude":"15.47439","Longitude":"44.15514","Number of Plumes Detected\n(2024-Present)":"6","Plumes Notified\n(Y/N)":"N","Feedback Received\n(Y/N)":"N","Average Half-Year\nFlux Rate (t/h)":"1.82","Average Half-Year\nFlux Rate Std. Dev. (t/h)":"0.72","Average Annual\nFlux Rate (t/h)":"1.72","Average Annual\nFlux Rate Std. Dev. (t/h)":"0.61","Date of Last\nPlume Detected":"2025-12-09T07:44:55.000","Half-Year\nPersistency Category":"persistent","Half-Year\nEmission Persistency":"1.0","Half-Year\nPersistency Std. Dev.":"0.0","Annual\nPersistency Category":"frequent","Annual\nEmission Persistency":"0.78","Annual\nPersistency Std. Dev.":"0.14","Estimated Half-Year\nCH4 Emissions (t)":"7862","Estimated Annual\nCH4 Emissions (t)":"11752","group":"Waste"}},{"type":"Feature","geometry":{"type":"Point","coordinates":[112.64465,35.60638]},"properties":{"Country":"China","Sector":"Thermal Coal","Potential Source Type":"Venting shaft","Source ID":"CHN_S_195","Latitude":"35.60638","Longitude":"112.64465","Number of Plumes Detected\n(2024-Present)":"7","Plumes Notified\n(Y/N)":"N","Feedback Received\n(Y/N)":"N","Average Half-Year\nFlux Rate (t/h)":"1.33","Average Half-Year\nFlux Rate Std. Dev. (t/h)":"0.73","Average Annual\nFlux Rate (t/h)":"1.33","Average Annual\nFlux Rate Std. Dev. (t/h)":"0.73","Date of Last\nPlume Detected":"2026-02-01T02:55:31.000","Half-Year\nPersistency Category":"persistent","Half-Year\nEmission Persistency":"1.0","Half-Year\nPersistency Std. Dev.":"0.0","Annual\nPersistency Category":"persistent","Annual\nEmission Persistency":"1.0","Annual\nPersistency Std. Dev.":"0.0","Estimated Half-Year\nCH4 Emissions (t)":"5745","Estimated Annual\nCH4 Emissions (t)":"11650","group":"Thermal coal"}},{"type":"Feature","geometry":{"type":"Point","coordinates":[28.15206,29.78652]},"properties":{"Country":"Egypt","Sector":"Oil and Gas","Potential Source Type":"Gas disposal facility","Source ID":"EGY_S_055","Latitude":"29.78652","Longitude":"28.15206","Number of Plumes Detected\n(2024-Present)":"70","Plumes Notified\n(Y/N)":"Y","Feedback Received\n(Y/N)":"N","Average Half-Year\nFlux Rate (t/h)":"3.74","Average Half-Year\nFlux Rate Std. Dev. (t/h)":"1.44","Average Annual\nFlux Rate (t/h)":"3.76","Average Annual\nFlux Rate Std. Dev. (t/h)":"1.4","Date of Last\nPlume Detected":"2026-03-06T08:47:51.000","Half-Year\nPersistency Category":"frequent","Half-Year\nEmission Persistency":"0.71","Half-Year\nPersistency Std. Dev.":"0.05","Annual\nPersistency Category":"frequent","Annual\nEmission Persistency":"0.33","Annual\nPersistency Std. Dev.":"0.03","Estimated Half-Year\nCH4 Emissions (t)":"11471","Estimated Annual\nCH4 Emissions (t)":"11471","group":"Oil and gas"}},{"type":"Feature","geometry":{"type":"Point","coordinates":[-81.8263,37.87696]},"properties":{"Country":"United States of America","Sector":"Met Coal","Potential Source Type":"Venting shaft","Source ID":"USA_S_270","Latitude":"37.87696","Longitude":"-81.8263","Number of Plumes Detected\n(2024-Present)":"8","Plumes Notified\n(Y/N)":"N","Feedback Received\n(Y/N)":"N","Average Half-Year\nFlux Rate (t/h)":"1.69","Average Half-Year\nFlux Rate Std. Dev. (t/h)":"0.57","Average Annual\nFlux Rate (t/h)":"1.4","Average Annual\nFlux Rate Std. Dev. (t/h)":"0.47","Date of Last\nPlume Detected":"2026-02-11T18:50:38.000","Half-Year\nPersistency Category":"persistent","Half-Year\nEmission Persistency":"1.0","Half-Year\nPersistency Std. Dev.":"0.0","Annual\nPersistency Category":"persistent","Annual\nEmission Persistency":"0.88","Annual\nPersistency Std. Dev.":"0.11","Estimated Half-Year\nCH4 Emissions (t)":"7300","Estimated Annual\nCH4 Emissions (t)":"10792","group":"Met coal"}},{"type":"Feature","geometry":{"type":"Point","coordinates":[150.77088,-34.20724]},"properties":{"Country":"Australia","Sector":"Met Coal","Potential Source Type":"Venting shaft","Source ID":"AUS_S_010","Latitude":"-34.20724","Longitude":"150.77088","Number of Plumes Detected\n(2024-Present)":"9","Plumes Notified\n(Y/N)":"N","Feedback Received\n(Y/N)":"N","Average Half-Year\nFlux Rate (t/h)":"1.13","Average Half-Year\nFlux Rate Std. Dev. (t/h)":"0.69","Average Annual\nFlux Rate (t/h)":"1.23","Average Annual\nFlux Rate Std. Dev. (t/h)":"0.59","Date of Last\nPlume Detected":"2025-11-05T22:41:56.000","Half-Year\nPersistency Category":"persistent","Half-Year\nEmission Persistency":"1.0","Half-Year\nPersistency Std. Dev.":"0.0","Annual\nPersistency Category":"persistent","Annual\nEmission Persistency":"1.0","Annual\nPersistency Std. Dev.":"0.0","Estimated Half-Year\nCH4 Emissions (t)":"4881","Estimated Annual\nCH4 Emissions (t)":"10774","group":"Met coal"}},{"type":"Feature","geometry":{"type":"Point","coordinates":[110.92137,37.37779]},"properties":{"Country":"China","Sector":"Met Coal","Potential Source Type":"Venting shaft","Source ID":"CHN_S_387","Latitude":"37.37779","Longitude":"110.92137","Number of Plumes Detected\n(2024-Present)":"4","Plumes Notified\n(Y/N)":"N","Feedback Received\n(Y/N)":"N","Average Half-Year\nFlux Rate (t/h)":"1.57","Average Half-Year\nFlux Rate Std. Dev. (t/h)":"0.58","Average Annual\nFlux Rate (t/h)":"1.74","Average Annual\nFlux Rate Std. Dev. (t/h)":"1.05","Date of Last\nPlume Detected":"2025-11-30T03:31:11.000","Half-Year\nPersistency Category":"persistent","Half-Year\nEmission Persistency":"1.0","Half-Year\nPersistency Std. Dev.":"0.0","Annual\nPersistency Category":"frequent","Annual\nEmission Persistency":"0.67","Annual\nPersistency Std. Dev.":"0.16","Estimated Half-Year\nCH4 Emissions (t)":"6782","Estimated Annual\nCH4 Emissions (t)":"10212","group":"Met coal"}},{"type":"Feature","geometry":{"type":"Point","coordinates":[62.8912,38.66006]},"properties":{"Country":"Turkmenistan","Sector":"Oil and Gas","Potential Source Type":"Transmission Pipelines","Source ID":"TKM_S_406","Latitude":"38.66006","Longitude":"62.8912","Number of Plumes Detected\n(2024-Present)":"47","Plumes Notified\n(Y/N)":"Y","Feedback Received\n(Y/N)":"Y","Average Half-Year\nFlux Rate (t/h)":"3.34","Average Half-Year\nFlux Rate Std. Dev. (t/h)":"2.33","Average Annual\nFlux Rate (t/h)":"2.57","Average Annual\nFlux Rate Std. Dev. (t/h)":"1.9","Date of Last\nPlume Detected":"2026-02-06T06:30:28.000","Half-Year\nPersistency Category":"frequent","Half-Year\nEmission Persistency":"0.65","Half-Year\nPersistency Std. Dev.":"0.08","Annual\nPersistency Category":"frequent","Annual\nEmission Persistency":"0.41","Annual\nPersistency Std. Dev.":"0.05","Estimated Half-Year\nCH4 Emissions (t)":"9378","Estimated Annual\nCH4 Emissions (t)":"9378","group":"Oil and gas"}},{"type":"Feature","geometry":{"type":"Point","coordinates":[7.2589,28.60143]},"properties":{"Country":"Algeria","Sector":"Oil and Gas","Potential Source Type":"Flare","Source ID":"DZA_S_027","Latitude":"28.60143","Longitude":"7.2589","Number of Plumes Detected\n(2024-Present)":"9","Plumes Notified\n(Y/N)":"Y","Feedback Received\n(Y/N)":"N","Average Half-Year\nFlux Rate (t/h)":"1.55","Average Half-Year\nFlux Rate Std. Dev. (t/h)":"0.99","Average Annual\nFlux Rate (t/h)":"1.44","Average Annual\nFlux Rate Std. Dev. (t/h)":"0.89","Date of Last\nPlume Detected":"2026-03-04T10:48:51.000","Half-Year\nPersistency Category":"persistent","Half-Year\nEmission Persistency":"1.0","Half-Year\nPersistency Std. Dev.":"0.0","Annual\nPersistency Category":"frequent","Annual\nEmission Persistency":"0.62","Annual\nPersistency Std. Dev.":"0.13","Estimated Half-Year\nCH4 Emissions (t)":"6696","Estimated Annual\nCH4 Emissions (t)":"7820","group":"Oil and gas"}},{"type":"Feature","geometry":{"type":"Point","coordinates":[-70.79594,-32.95405]},"properties":{"Country":"Chile","Sector":"Waste","Potential Source Type":"Landfill","Source ID":"CHL_S_001","Latitude":"-32.95405","Longitude":"-70.79594","Number of Plumes Detected\n(2024-Present)":"11","Plumes Notified\n(Y/N)":"N","Feedback Received\n(Y/N)":"N","Average Half-Year\nFlux Rate (t/h)":"10.59","Average Half-Year\nFlux Rate Std. Dev. (t/h)":"2.17","Average Annual\nFlux Rate (t/h)":"11.72","Average Annual\nFlux Rate Std. Dev. (t/h)":"4.85","Date of Last\nPlume Detected":"2026-01-02T14:31:23.000","Half-Year\nPersistency Category":"persistent","Half-Year\nEmission Persistency":"1.0","Half-Year\nPersistency Std. Dev.":"0.0","Annual\nPersistency Category":"persistent","Annual\nEmission Persistency":"1.0","Annual\nPersistency Std. Dev.":"0.0","Estimated Half-Year\nCH4 Emissions (t)":"45748","Estimated Annual\nCH4 Emissions (t)":"102667","group":"Waste"}},{"type":"Feature","geometry":{"type":"Point","coordinates":[54.28269,38.64869]},"properties":{"Country":"Turkmenistan","Sector":"Oil and Gas","Potential Source Type":"Flare","Source ID":"TKM_S_047","Latitude":"38.64869","Longitude":"54.28269","Number of Plumes Detected\n(2024-Present)":"131","Plumes Notified\n(Y/N)":"Y","Feedback Received\n(Y/N)":"N","Average Half-Year\nFlux Rate (t/h)":"11.66","Average Half-Year\nFlux Rate Std. Dev. (t/h)":"4.1","Average Annual\nFlux Rate (t/h)":"13.1","Average Annual\nFlux Rate Std. Dev. (t/h)":"5.2","Date of Last\nPlume Detected":"2026-02-17T07:08:49.000","Half-Year\nPersistency Category":"frequent","Half-Year\nEmission Persistency":"0.68","Half-Year\nPersistency Std. Dev.":"0.08","Annual\nPersistency Category":"frequent","Annual\nEmission Persistency":"0.76","Annual\nPersistency Std. Dev.":"0.05","Estimated Half-Year\nCH4 Emissions (t)":"34252","Estimated Annual\nCH4 Emissions (t)":"87214","group":"Oil and gas"}},{"type":"Feature","geometry":{"type":"Point","coordinates":[72.95102,19.12256]},"properties":{"Country":"India","Sector":"Waste","Potential Source Type":"Landfill","Source ID":"IND_S_042","Latitude":"19.12256","Longitude":"72.95102","Number of Plumes Detected\n(2024-Present)":"13","Plumes Notified\n(Y/N)":"N","Feedback Received\n(Y/N)":"N","Average Half-Year\nFlux Rate (t/h)":"12.45","Average Half-Year\nFlux Rate Std. Dev. (t/h)":"","Average Annual\nFlux Rate (t/h)":"7.74","Average Annual\nFlux Rate Std. Dev. (t/h)":"6.66","Date of Last\nPlume Detected":"2026-02-22T05:52:46.000","Half-Year\nPersistency Category":"persistent","Half-Year\nEmission Persistency":"1.0","Half-Year\nPersistency Std. Dev.":"0.0","Annual\nPersistency Category":"persistent","Annual\nEmission Persistency":"1.0","Annual\nPersistency Std. Dev.":"0.0","Estimated Half-Year\nCH4 Emissions (t)":"53784","Estimated Annual\nCH4 Emissions (t)":"67802","group":"Waste"}},{"type":"Feature","geometry":{"type":"Point","coordinates":[54.02815,38.33075]},"properties":{"Country":"Turkmenistan","Sector":"Oil and Gas","Potential Source Type":"Gas disposal facility","Source ID":"TKM_S_022","Latitude":"38.33075","Longitude":"54.02815","Number of Plumes Detected\n(2024-Present)":"126","Plumes Notified\n(Y/N)":"Y","Feedback Received\n(Y/N)":"Y","Average Half-Year\nFlux Rate (t/h)":"7.07","Average Half-Year\nFlux Rate Std. Dev. (t/h)":"4.15","Average Annual\nFlux Rate (t/h)":"8.56","Average Annual\nFlux Rate Std. Dev. (t/h)":"4.81","Date of Last\nPlume Detected":"2026-04-18T07:06:19.000","Half-Year\nPersistency Category":"persistent","Half-Year\nEmission Persistency":"0.86","Half-Year\nPersistency Std. Dev.":"0.06","Annual\nPersistency Category":"persistent","Annual\nEmission Persistency":"0.89","Annual\nPersistency Std. Dev.":"0.03","Estimated Half-Year\nCH4 Emissions (t)":"26266","Estimated Annual\nCH4 Emissions (t)":"66737","group":"Oil and gas"}},{"type":"Feature","geometry":{"type":"Point","coordinates":[102.61433,7.49474]},"properties":{"Country":"Thailand","Sector":"Oil and Gas","Potential Source Type":"Production Offshore","Source ID":"THA_S_008","Latitude":"7.49474","Longitude":"102.61433","Number of Plumes Detected\n(2024-Present)":"10","Plumes Notified\n(Y/N)":"Y","Feedback Received\n(Y/N)":"Y","Average Half-Year\nFlux Rate (t/h)":"9.23","Average Half-Year\nFlux Rate Std. Dev. (t/h)":"1.55","Average Annual\nFlux Rate (t/h)":"9.45","Average Annual\nFlux Rate Std. Dev. (t/h)":"1.53","Date of Last\nPlume Detected":"2026-04-10T03:26:59.000","Half-Year\nPersistency Category":"frequent","Half-Year\nEmission Persistency":"0.58","Half-Year\nPersistency Std. Dev.":"0.14","Annual\nPersistency Category":"frequent","Annual\nEmission Persistency":"0.64","Annual\nPersistency Std. Dev.":"0.13","Estimated Half-Year\nCH4 Emissions (t)":"23126","Estimated Annual\nCH4 Emissions (t)":"52980","group":"Oil and gas"}},{"type":"Feature","geometry":{"type":"Point","coordinates":[77.65866,13.10912]},"properties":{"Country":"India","Sector":"Waste","Potential Source Type":"Landfill","Source ID":"IND_S_024","Latitude":"13.10912","Longitude":"77.65866","Number of Plumes Detected\n(2024-Present)":"6","Plumes Notified\n(Y/N)":"N","Feedback Received\n(Y/N)":"N","Average Half-Year\nFlux Rate (t/h)":"5.72","Average Half-Year\nFlux Rate Std. Dev. (t/h)":"0.57","Average Annual\nFlux Rate (t/h)":"5.72","Average Annual\nFlux Rate Std. Dev. (t/h)":"0.57","Date of Last\nPlume Detected":"2026-02-22T05:54:46.000","Half-Year\nPersistency Category":"persistent","Half-Year\nEmission Persistency":"1.0","Half-Year\nPersistency Std. Dev.":"0.0","Annual\nPersistency Category":"persistent","Annual\nEmission Persistency":"1.0","Annual\nPersistency Std. Dev.":"0.0","Estimated Half-Year\nCH4 Emissions (t)":"24710","Estimated Annual\nCH4 Emissions (t)":"50107","group":"Waste"}},{"type":"Feature","geometry":{"type":"Point","coordinates":[112.94554,36.23247]},"properties":{"Country":"China","Sector":"Thermal Coal","Potential Source Type":"Venting shaft","Source ID":"CHN_S_088","Latitude":"36.23247","Longitude":"112.94554","Number of Plumes Detected\n(2024-Present)":"17","Plumes Notified\n(Y/N)":"N","Feedback Received\n(Y/N)":"N","Average Half-Year\nFlux Rate (t/h)":"3.44","Average Half-Year\nFlux Rate Std. Dev. (t/h)":"1.81","Average Annual\nFlux Rate (t/h)":"5.47","Average Annual\nFlux Rate Std. Dev. (t/h)":"4.16","Date of Last\nPlume Detected":"2026-04-17T04:34:40.000","Half-Year\nPersistency Category":"persistent","Half-Year\nEmission Persistency":"1.0","Half-Year\nPersistency Std. Dev.":"0.0","Annual\nPersistency Category":"persistent","Annual\nEmission Persistency":"1.0","Annual\nPersistency Std. Dev.":"0.0","Estimated Half-Year\nCH4 Emissions (t)":"14860","Estimated Annual\nCH4 Emissions (t)":"47917","group":"Thermal coal"}},{"type":"Feature","geometry":{"type":"Point","coordinates":[53.89861,37.90823]},"properties":{"Country":"Turkmenistan","Sector":"Oil and Gas","Potential Source Type":"Flare","Source ID":"TKM_S_024","Latitude":"37.90823","Longitude":"53.89861","Number of Plumes Detected\n(2024-Present)":"57","Plumes Notified\n(Y/N)":"Y","Feedback Received\n(Y/N)":"Y","Average Half-Year\nFlux Rate (t/h)":"13.24","Average Half-Year\nFlux Rate Std. Dev. (t/h)":"10.52","Average Annual\nFlux Rate (t/h)":"9.92","Average Annual\nFlux Rate Std. Dev. (t/h)":"8.3","Date of Last\nPlume Detected":"2026-04-18T07:06:19.000","Half-Year\nPersistency Category":"frequent","Half-Year\nEmission Persistency":"0.5","Half-Year\nPersistency Std. Dev.":"0.11","Annual\nPersistency Category":"frequent","Annual\nEmission Persistency":"0.51","Annual\nPersistency Std. Dev.":"0.06","Estimated Half-Year\nCH4 Emissions (t)":"28598","Estimated Annual\nCH4 Emissions (t)":"44318","group":"Oil and gas"}},{"type":"Feature","geometry":{"type":"Point","coordinates":[-70.79734,-33.69123]},"properties":{"Country":"Chile","Sector":"Waste","Potential Source Type":"Landfill","Source ID":"CHL_S_002","Latitude":"-33.69123","Longitude":"-70.79734","Number of Plumes Detected\n(2024-Present)":"9","Plumes Notified\n(Y/N)":"N","Feedback Received\n(Y/N)":"N","Average Half-Year\nFlux Rate (t/h)":"7.04","Average Half-Year\nFlux Rate Std. Dev. (t/h)":"1.7","Average Annual\nFlux Rate (t/h)":"7.97","Average Annual\nFlux Rate Std. Dev. (t/h)":"2.56","Date of Last\nPlume Detected":"2026-01-19T15:37:26.000","Half-Year\nPersistency Category":"persistent","Half-Year\nEmission Persistency":"1.0","Half-Year\nPersistency Std. Dev.":"0.0","Annual\nPersistency Category":"frequent","Annual\nEmission Persistency":"0.62","Annual\nPersistency Std. Dev.":"0.17","Estimated Half-Year\nCH4 Emissions (t)":"30412","Estimated Annual\nCH4 Emissions (t)":"43286","group":"Waste"}},{"type":"Feature","geometry":{"type":"Point","coordinates":[13.36049,-8.8426]},"properties":{"Country":"Angola","Sector":"Waste","Potential Source Type":"Landfill","Source ID":"AGO_S_007","Latitude":"-8.8426","Longitude":"13.36049","Number of Plumes Detected\n(2024-Present)":"5","Plumes Notified\n(Y/N)":"N","Feedback Received\n(Y/N)":"N","Average Half-Year\nFlux Rate (t/h)":"5.33","Average Half-Year\nFlux Rate Std. Dev. (t/h)":"2.33","Average Annual\nFlux Rate (t/h)":"4.76","Average Annual\nFlux Rate Std. Dev. (t/h)":"2.22","Date of Last\nPlume Detected":"2025-12-19T12:58:01.000","Half-Year\nPersistency Category":"persistent","Half-Year\nEmission Persistency":"1.0","Half-Year\nPersistency Std. Dev.":"0.0","Annual\nPersistency Category":"persistent","Annual\nEmission Persistency":"1.0","Annual\nPersistency Std. Dev.":"0.0","Estimated Half-Year\nCH4 Emissions (t)":"23025","Estimated Annual\nCH4 Emissions (t)":"41697","group":"Waste"}},{"type":"Feature","geometry":{"type":"Point","coordinates":[54.23678,38.85321]},"properties":{"Country":"Turkmenistan","Sector":"Oil and Gas","Potential Source Type":"Flare","Source ID":"TKM_S_018","Latitude":"38.85321","Longitude":"54.23678","Number of Plumes Detected\n(2024-Present)":"124","Plumes Notified\n(Y/N)":"Y","Feedback Received\n(Y/N)":"Y","Average Half-Year\nFlux Rate (t/h)":"5.91","Average Half-Year\nFlux Rate Std. Dev. (t/h)":"3.43","Average Annual\nFlux Rate (t/h)":"6.31","Average Annual\nFlux Rate Std. Dev. (t/h)":"3.06","Date of Last\nPlume Detected":"2026-01-18T07:11:29.000","Half-Year\nPersistency Category":"frequent","Half-Year\nEmission Persistency":"0.45","Half-Year\nPersistency Std. Dev.":"0.09","Annual\nPersistency Category":"frequent","Annual\nEmission Persistency":"0.75","Annual\nPersistency Std. Dev.":"0.05","Estimated Half-Year\nCH4 Emissions (t)":"11489","Estimated Annual\nCH4 Emissions (t)":"41456","group":"Oil and gas"}},{"type":"Feature","geometry":{"type":"Point","coordinates":[53.92428,37.92912]},"properties":{"Country":"Turkmenistan","Sector":"Oil and Gas","Potential Source Type":"Flare","Source ID":"TKM_S_026","Latitude":"37.92912","Longitude":"53.92428","Number of Plumes Detected\n(2024-Present)":"80","Plumes Notified\n(Y/N)":"Y","Feedback Received\n(Y/N)":"Y","Average Half-Year\nFlux Rate (t/h)":"3.75","Average Half-Year\nFlux Rate Std. Dev. (t/h)":"2.67","Average Annual\nFlux Rate (t/h)":"6.27","Average Annual\nFlux Rate Std. Dev. (t/h)":"4.23","Date of Last\nPlume Detected":"2026-04-18T07:06:19.000","Half-Year\nPersistency Category":"frequent","Half-Year\nEmission Persistency":"0.54","Half-Year\nPersistency Std. Dev.":"0.1","Annual\nPersistency Category":"frequent","Annual\nEmission Persistency":"0.74","Annual\nPersistency Std. Dev.":"0.05","Estimated Half-Year\nCH4 Emissions (t)":"8748","Estimated Annual\nCH4 Emissions (t)":"40644","group":"Oil and gas"}},{"type":"Feature","geometry":{"type":"Point","coordinates":[51.33346,35.45736]},"properties":{"Country":"Iran (Islamic Republic of)","Sector":"Waste","Potential Source Type":"Landfill","Source ID":"IRN_S_052","Latitude":"35.45736","Longitude":"51.33346","Number of Plumes Detected\n(2024-Present)":"21","Plumes Notified\n(Y/N)":"N","Feedback Received\n(Y/N)":"N","Average Half-Year\nFlux Rate (t/h)":"4.11","Average Half-Year\nFlux Rate Std. Dev. (t/h)":"1.55","Average Annual\nFlux Rate (t/h)":"4.62","Average Annual\nFlux Rate Std. Dev. (t/h)":"2.09","Date of Last\nPlume Detected":"2025-11-17T07:56:20.000","Half-Year\nPersistency Category":"persistent","Half-Year\nEmission Persistency":"1.0","Half-Year\nPersistency Std. Dev.":"0.0","Annual\nPersistency Category":"persistent","Annual\nEmission Persistency":"1.0","Annual\nPersistency Std. Dev.":"0.0","Estimated Half-Year\nCH4 Emissions (t)":"17755","Estimated Annual\nCH4 Emissions (t)":"40471","group":"Waste"}},{"type":"Feature","geometry":{"type":"Point","coordinates":[150.72,-34.18144]},"properties":{"Country":"Australia","Sector":"Met Coal","Potential Source Type":"Venting shaft","Source ID":"AUS_S_014","Latitude":"-34.18144","Longitude":"150.72","Number of Plumes Detected\n(2024-Present)":"14","Plumes Notified\n(Y/N)":"N","Feedback Received\n(Y/N)":"N","Average Half-Year\nFlux Rate (t/h)":"4.59","Average Half-Year\nFlux Rate Std. Dev. (t/h)":"0.93","Average Annual\nFlux Rate (t/h)":"4.59","Average Annual\nFlux Rate Std. Dev. (t/h)":"0.93","Date of Last\nPlume Detected":"2026-02-24T03:06:11.000","Half-Year\nPersistency Category":"persistent","Half-Year\nEmission Persistency":"1.0","Half-Year\nPersistency Std. Dev.":"0.0","Annual\nPersistency Category":"persistent","Annual\nEmission Persistency":"1.0","Annual\nPersistency Std. Dev.":"0.0","Estimated Half-Year\nCH4 Emissions (t)":"19828","Estimated Annual\nCH4 Emissions (t)":"40208","group":"Met coal"}},{"type":"Feature","geometry":{"type":"Point","coordinates":[112.9372,36.41495]},"properties":{"Country":"China","Sector":"Met Coal","Potential Source Type":"Venting shaft","Source ID":"CHN_S_072","Latitude":"36.41495","Longitude":"112.9372","Number of Plumes Detected\n(2024-Present)":"22","Plumes Notified\n(Y/N)":"N","Feedback Received\n(Y/N)":"N","Average Half-Year\nFlux Rate (t/h)":"3.76","Average Half-Year\nFlux Rate Std. Dev. (t/h)":"3.12","Average Annual\nFlux Rate (t/h)":"4.41","Average Annual\nFlux Rate Std. Dev. (t/h)":"2.99","Date of Last\nPlume Detected":"2026-04-17T04:34:29.000","Half-Year\nPersistency Category":"persistent","Half-Year\nEmission Persistency":"1.0","Half-Year\nPersistency Std. Dev.":"0.0","Annual\nPersistency Category":"persistent","Annual\nEmission Persistency":"1.0","Annual\nPersistency Std. Dev.":"0.0","Estimated Half-Year\nCH4 Emissions (t)":"16243","Estimated Annual\nCH4 Emissions (t)":"38631","group":"Met coal"}},{"type":"Feature","geometry":{"type":"Point","coordinates":[-103.45535,20.91518]},"properties":{"Country":"Mexico","Sector":"Waste","Potential Source Type":"Landfill","Source ID":"MEX_S_074","Latitude":"20.91518","Longitude":"-103.45535","Number of Plumes Detected\n(2024-Present)":"8","Plumes Notified\n(Y/N)":"N","Feedback Received\n(Y/N)":"N","Average Half-Year\nFlux Rate (t/h)":"5.18","Average Half-Year\nFlux Rate Std. Dev. (t/h)":"2.25","Average Annual\nFlux Rate (t/h)":"4.31","Average Annual\nFlux Rate Std. Dev. (t/h)":"2.78","Date of Last\nPlume Detected":"2026-01-30T16:45:16.000","Half-Year\nPersistency Category":"persistent","Half-Year\nEmission Persistency":"1.0","Half-Year\nPersistency Std. Dev.":"0.0","Annual\nPersistency Category":"persistent","Annual\nEmission Persistency":"1.0","Annual\nPersistency Std. Dev.":"0.0","Estimated Half-Year\nCH4 Emissions (t)":"22377","Estimated Annual\nCH4 Emissions (t)":"37755","group":"Waste"}},{"type":"Feature","geometry":{"type":"Point","coordinates":[-100.29812,25.87236]},"properties":{"Country":"Mexico","Sector":"Waste","Potential Source Type":"Landfill","Source ID":"MEX_S_055","Latitude":"25.87236","Longitude":"-100.29812","Number of Plumes Detected\n(2024-Present)":"12","Plumes Notified\n(Y/N)":"N","Feedback Received\n(Y/N)":"N","Average Half-Year\nFlux Rate (t/h)":"4.38","Average Half-Year\nFlux Rate Std. Dev. (t/h)":"2.45","Average Annual\nFlux Rate (t/h)":"4.25","Average Annual\nFlux Rate Std. Dev. (t/h)":"2.04","Date of Last\nPlume Detected":"2026-01-07T17:24:50.000","Half-Year\nPersistency Category":"persistent","Half-Year\nEmission Persistency":"1.0","Half-Year\nPersistency Std. Dev.":"0.0","Annual\nPersistency Category":"persistent","Annual\nEmission Persistency":"1.0","Annual\nPersistency Std. Dev.":"0.0","Estimated Half-Year\nCH4 Emissions (t)":"18921","Estimated Annual\nCH4 Emissions (t)":"37230","group":"Waste"}},{"type":"Feature","geometry":{"type":"Point","coordinates":[112.65204,35.63986]},"properties":{"Country":"China","Sector":"Thermal Coal","Potential Source Type":"Venting shaft","Source ID":"CHN_S_192","Latitude":"35.63986","Longitude":"112.65204","Number of Plumes Detected\n(2024-Present)":"8","Plumes Notified\n(Y/N)":"N","Feedback Received\n(Y/N)":"N","Average Half-Year\nFlux Rate (t/h)":"3.42","Average Half-Year\nFlux Rate Std. Dev. (t/h)":"0.33","Average Annual\nFlux Rate (t/h)":"4.21","Average Annual\nFlux Rate Std. Dev. (t/h)":"1.6","Date of Last\nPlume Detected":"2026-03-11T03:58:03.000","Half-Year\nPersistency Category":"persistent","Half-Year\nEmission Persistency":"1.0","Half-Year\nPersistency Std. Dev.":"0.0","Annual\nPersistency Category":"persistent","Annual\nEmission Persistency":"1.0","Annual\nPersistency Std. Dev.":"0.0","Estimated Half-Year\nCH4 Emissions (t)":"14774","Estimated Annual\nCH4 Emissions (t)":"36879","group":"Thermal coal"}},{"type":"Feature","geometry":{"type":"Point","coordinates":[39.40224,21.65043]},"properties":{"Country":"Saudi Arabia","Sector":"Waste","Potential Source Type":"Landfill","Source ID":"SAU_S_011","Latitude":"21.65043","Longitude":"39.40224","Number of Plumes Detected\n(2024-Present)":"11","Plumes Notified\n(Y/N)":"N","Feedback Received\n(Y/N)":"N","Average Half-Year\nFlux Rate (t/h)":"4.86","Average Half-Year\nFlux Rate Std. Dev. (t/h)":"1.63","Average Annual\nFlux Rate (t/h)":"4.2","Average Annual\nFlux Rate Std. Dev. (t/h)":"1.72","Date of Last\nPlume Detected":"2026-01-26T08:58:01.000","Half-Year\nPersistency Category":"persistent","Half-Year\nEmission Persistency":"1.0","Half-Year\nPersistency Std. Dev.":"0.0","Annual\nPersistency Category":"persistent","Annual\nEmission Persistency":"1.0","Annual\nPersistency Std. Dev.":"0.0","Estimated Half-Year\nCH4 Emissions (t)":"20995","Estimated Annual\nCH4 Emissions (t)":"36792","group":"Waste"}},{"type":"Feature","geometry":{"type":"Point","coordinates":[29.42444,30.74885]},"properties":{"Country":"Egypt","Sector":"Waste","Potential Source Type":"Landfill","Source ID":"EGY_S_028","Latitude":"30.74885","Longitude":"29.42444","Number of Plumes Detected\n(2024-Present)":"9","Plumes Notified\n(Y/N)":"N","Feedback Received\n(Y/N)":"N","Average Half-Year\nFlux Rate (t/h)":"3.68","Average Half-Year\nFlux Rate Std. Dev. (t/h)":"1.21","Average Annual\nFlux Rate (t/h)":"4.1","Average Annual\nFlux Rate Std. Dev. (t/h)":"2.1","Date of Last\nPlume Detected":"2025-10-22T08:31:54.000","Half-Year\nPersistency Category":"persistent","Half-Year\nEmission Persistency":"1.0","Half-Year\nPersistency Std. Dev.":"0.0","Annual\nPersistency Category":"persistent","Annual\nEmission Persistency":"1.0","Annual\nPersistency Std. Dev.":"0.0","Estimated Half-Year\nCH4 Emissions (t)":"15897","Estimated Annual\nCH4 Emissions (t)":"35916","group":"Waste"}},{"type":"Feature","geometry":{"type":"Point","coordinates":[113.02297,37.938]},"properties":{"Country":"China","Sector":"Thermal Coal","Potential Source Type":"Venting shaft","Source ID":"CHN_S_033","Latitude":"37.938","Longitude":"113.02297","Number of Plumes Detected\n(2024-Present)":"14","Plumes Notified\n(Y/N)":"N","Feedback Received\n(Y/N)":"N","Average Half-Year\nFlux Rate (t/h)":"3.6","Average Half-Year\nFlux Rate Std. Dev. (t/h)":"2.24","Average Annual\nFlux Rate (t/h)":"4.07","Average Annual\nFlux Rate Std. Dev. (t/h)":"2.19","Date of Last\nPlume Detected":"2026-04-02T03:25:36.000","Half-Year\nPersistency Category":"persistent","Half-Year\nEmission Persistency":"1.0","Half-Year\nPersistency Std. Dev.":"0.0","Annual\nPersistency Category":"persistent","Annual\nEmission Persistency":"1.0","Annual\nPersistency Std. Dev.":"0.0","Estimated Half-Year\nCH4 Emissions (t)":"15552","Estimated Annual\nCH4 Emissions (t)":"35653","group":"Thermal coal"}},{"type":"Feature","geometry":{"type":"Point","coordinates":[112.89036,35.99206]},"properties":{"Country":"China","Sector":"Thermal and Met Coal","Potential Source Type":"Coal mine facility (generic)","Source ID":"CHN_S_182","Latitude":"35.99206","Longitude":"112.89036","Number of Plumes Detected\n(2024-Present)":"17","Plumes Notified\n(Y/N)":"N","Feedback Received\n(Y/N)":"N","Average Half-Year\nFlux Rate (t/h)":"8.21","Average Half-Year\nFlux Rate Std. Dev. (t/h)":"10.01","Average Annual\nFlux Rate (t/h)":"3.91","Average Annual\nFlux Rate Std. Dev. (t/h)":"5.58","Date of Last\nPlume Detected":"2026-04-18T03:28:12.000","Half-Year\nPersistency Category":"persistent","Half-Year\nEmission Persistency":"1.0","Half-Year\nPersistency Std. Dev.":"0.0","Annual\nPersistency Category":"persistent","Annual\nEmission Persistency":"1.0","Annual\nPersistency Std. Dev.":"0.0","Estimated Half-Year\nCH4 Emissions (t)":"35467","Estimated Annual\nCH4 Emissions (t)":"35467","group":"Thermal and met coal"}},{"type":"Feature","geometry":{"type":"Point","coordinates":[112.99023,36.24638]},"properties":{"Country":"China","Sector":"Met Coal","Potential Source Type":"Venting shaft","Source ID":"CHN_S_098","Latitude":"36.24638","Longitude":"112.99023","Number of Plumes Detected\n(2024-Present)":"15","Plumes Notified\n(Y/N)":"N","Feedback Received\n(Y/N)":"N","Average Half-Year\nFlux Rate (t/h)":"4.98","Average Half-Year\nFlux Rate Std. Dev. (t/h)":"4.24","Average Annual\nFlux Rate (t/h)":"4.32","Average Annual\nFlux Rate Std. Dev. (t/h)":"2.96","Date of Last\nPlume Detected":"2026-04-17T04:34:40.000","Half-Year\nPersistency Category":"persistent","Half-Year\nEmission Persistency":"1.0","Half-Year\nPersistency Std. Dev.":"0.0","Annual\nPersistency Category":"persistent","Annual\nEmission Persistency":"0.88","Annual\nPersistency Std. Dev.":"0.11","Estimated Half-Year\nCH4 Emissions (t)":"21513","Estimated Annual\nCH4 Emissions (t)":"33302","group":"Met coal"}},{"type":"Feature","geometry":{"type":"Point","coordinates":[69.80955,27.96851]},"properties":{"Country":"Pakistan","Sector":"Oil and Gas","Potential Source Type":"Gathering and boosting facilities","Source ID":"PAK_S_001","Latitude":"27.96851","Longitude":"69.80955","Number of Plumes Detected\n(2024-Present)":"35","Plumes Notified\n(Y/N)":"Y","Feedback Received\n(Y/N)":"N","Average Half-Year\nFlux Rate (t/h)":"4.55","Average Half-Year\nFlux Rate Std. Dev. (t/h)":"0.92","Average Annual\nFlux Rate (t/h)":"3.71","Average Annual\nFlux Rate Std. Dev. (t/h)":"1.52","Date of Last\nPlume Detected":"2026-04-16T08:29:48.000","Half-Year\nPersistency Category":"persistent","Half-Year\nEmission Persistency":"1.0","Half-Year\nPersistency Std. Dev.":"0.0","Annual\nPersistency Category":"persistent","Annual\nEmission Persistency":"1.0","Annual\nPersistency Std. Dev.":"0.0","Estimated Half-Year\nCH4 Emissions (t)":"19656","Estimated Annual\nCH4 Emissions (t)":"32499","group":"Oil and gas"}},{"type":"Feature","geometry":{"type":"Point","coordinates":[77.1562,28.74244]},"properties":{"Country":"India","Sector":"Waste","Potential Source Type":"Landfill","Source ID":"IND_S_022","Latitude":"28.74244","Longitude":"77.1562","Number of Plumes Detected\n(2024-Present)":"20","Plumes Notified\n(Y/N)":"N","Feedback Received\n(Y/N)":"N","Average Half-Year\nFlux Rate (t/h)":"3.2","Average Half-Year\nFlux Rate Std. Dev. (t/h)":"1.28","Average Annual\nFlux Rate (t/h)":"3.65","Average Annual\nFlux Rate Std. Dev. (t/h)":"3.73","Date of Last\nPlume Detected":"2025-12-25T06:06:34.000","Half-Year\nPersistency Category":"persistent","Half-Year\nEmission Persistency":"1.0","Half-Year\nPersistency Std. Dev.":"0.0","Annual\nPersistency Category":"persistent","Annual\nEmission Persistency":"1.0","Annual\nPersistency Std. Dev.":"0.0","Estimated Half-Year\nCH4 Emissions (t)":"13824","Estimated Annual\nCH4 Emissions (t)":"31974","group":"Waste"}},{"type":"Feature","geometry":{"type":"Point","coordinates":[53.9164,37.76777]},"properties":{"Country":"Turkmenistan","Sector":"Oil and Gas","Potential Source Type":"Gas disposal facility","Source ID":"TKM_S_367","Latitude":"37.76777","Longitude":"53.9164","Number of Plumes Detected\n(2024-Present)":"31","Plumes Notified\n(Y/N)":"Y","Feedback Received\n(Y/N)":"N","Average Half-Year\nFlux Rate (t/h)":"7.65","Average Half-Year\nFlux Rate Std. Dev. (t/h)":"2.95","Average Annual\nFlux Rate (t/h)":"7.08","Average Annual\nFlux Rate Std. Dev. (t/h)":"3.19","Date of Last\nPlume Detected":"2026-04-08T07:06:19.000","Half-Year\nPersistency Category":"frequent","Half-Year\nEmission Persistency":"0.71","Half-Year\nPersistency Std. Dev.":"0.1","Annual\nPersistency Category":"frequent","Annual\nEmission Persistency":"0.49","Annual\nPersistency Std. Dev.":"0.06","Estimated Half-Year\nCH4 Emissions (t)":"23464","Estimated Annual\nCH4 Emissions (t)":"30390","group":"Oil and gas"}},{"type":"Feature","geometry":{"type":"Point","coordinates":[113.43696,37.96728]},"properties":{"Country":"China","Sector":"Thermal Coal","Potential Source Type":"Venting shaft","Source ID":"CHN_S_131","Latitude":"37.96728","Longitude":"113.43696","Number of Plumes Detected\n(2024-Present)":"12","Plumes Notified\n(Y/N)":"N","Feedback Received\n(Y/N)":"N","Average Half-Year\nFlux Rate (t/h)":"3.89","Average Half-Year\nFlux Rate Std. Dev. (t/h)":"2.54","Average Annual\nFlux Rate (t/h)":"3.25","Average Annual\nFlux Rate Std. Dev. (t/h)":"1.65","Date of Last\nPlume Detected":"2026-04-03T03:53:29.000","Half-Year\nPersistency Category":"persistent","Half-Year\nEmission Persistency":"1.0","Half-Year\nPersistency Std. Dev.":"0.0","Annual\nPersistency Category":"persistent","Annual\nEmission Persistency":"1.0","Annual\nPersistency Std. Dev.":"0.0","Estimated Half-Year\nCH4 Emissions (t)":"16804","Estimated Annual\nCH4 Emissions (t)":"28470","group":"Thermal coal"}},{"type":"Feature","geometry":{"type":"Point","coordinates":[72.56738,22.98321]},"properties":{"Country":"India","Sector":"Waste","Potential Source Type":"Landfill","Source ID":"IND_S_017","Latitude":"22.98321","Longitude":"72.56738","Number of Plumes Detected\n(2024-Present)":"25","Plumes Notified\n(Y/N)":"N","Feedback Received\n(Y/N)":"N","Average Half-Year\nFlux Rate (t/h)":"2.97","Average Half-Year\nFlux Rate Std. Dev. (t/h)":"0.58","Average Annual\nFlux Rate (t/h)":"2.86","Average Annual\nFlux Rate Std. Dev. (t/h)":"0.84","Date of Last\nPlume Detected":"2026-02-16T05:55:47.000","Half-Year\nPersistency Category":"persistent","Half-Year\nEmission Persistency":"1.0","Half-Year\nPersistency Std. Dev.":"0.0","Annual\nPersistency Category":"persistent","Annual\nEmission Persistency":"1.0","Annual\nPersistency Std. Dev.":"0.0","Estimated Half-Year\nCH4 Emissions (t)":"12830","Estimated Annual\nCH4 Emissions (t)":"25053","group":"Waste"}},{"type":"Feature","geometry":{"type":"Point","coordinates":[-98.84907,19.40711]},"properties":{"Country":"Mexico","Sector":"Waste","Potential Source Type":"Landfill","Source ID":"MEX_S_099","Latitude":"19.40711","Longitude":"-98.84907","Number of Plumes Detected\n(2024-Present)":"3","Plumes Notified\n(Y/N)":"N","Feedback Received\n(Y/N)":"N","Average Half-Year\nFlux Rate (t/h)":"2.81","Average Half-Year\nFlux Rate Std. Dev. (t/h)":"0.3","Average Annual\nFlux Rate (t/h)":"2.81","Average Annual\nFlux Rate Std. Dev. (t/h)":"0.3","Date of Last\nPlume Detected":"2026-02-28T17:23:10.000","Half-Year\nPersistency Category":"persistent","Half-Year\nEmission Persistency":"1.0","Half-Year\nPersistency Std. Dev.":"0.0","Annual\nPersistency Category":"persistent","Annual\nEmission Persistency":"1.0","Annual\nPersistency Std. Dev.":"0.0","Estimated Half-Year\nCH4 Emissions (t)":"12139","Estimated Annual\nCH4 Emissions (t)":"24615","group":"Waste"}},{"type":"Feature","geometry":{"type":"Point","coordinates":[112.87599,36.38906]},"properties":{"Country":"China","Sector":"Thermal and Met Coal","Potential Source Type":"Venting shaft","Source ID":"CHN_S_157","Latitude":"36.38906","Longitude":"112.87599","Number of Plumes Detected\n(2024-Present)":"18","Plumes Notified\n(Y/N)":"N","Feedback Received\n(Y/N)":"N","Average Half-Year\nFlux Rate (t/h)":"2.38","Average Half-Year\nFlux Rate Std. Dev. (t/h)":"1.16","Average Annual\nFlux Rate (t/h)":"3.06","Average Annual\nFlux Rate Std. Dev. (t/h)":"1.63","Date of Last\nPlume Detected":"2026-04-17T04:34:29.000","Half-Year\nPersistency Category":"persistent","Half-Year\nEmission Persistency":"0.88","Half-Year\nPersistency Std. Dev.":"0.11","Annual\nPersistency Category":"persistent","Annual\nEmission Persistency":"0.91","Annual\nPersistency Std. Dev.":"0.09","Estimated Half-Year\nCH4 Emissions (t)":"9047","Estimated Annual\nCH4 Emissions (t)":"24393","group":"Thermal and met coal"}},{"type":"Feature","geometry":{"type":"Point","coordinates":[112.6019,35.56438]},"properties":{"Country":"China","Sector":"Thermal Coal","Potential Source Type":"Coal mine facility (generic)","Source ID":"CHN_S_060","Latitude":"35.56438","Longitude":"112.6019","Number of Plumes Detected\n(2024-Present)":"7","Plumes Notified\n(Y/N)":"N","Feedback Received\n(Y/N)":"N","Average Half-Year\nFlux Rate (t/h)":"2.75","Average Half-Year\nFlux Rate Std. Dev. (t/h)":"1.86","Average Annual\nFlux Rate (t/h)":"2.75","Average Annual\nFlux Rate Std. Dev. (t/h)":"1.86","Date of Last\nPlume Detected":"2026-03-11T03:58:03.000","Half-Year\nPersistency Category":"persistent","Half-Year\nEmission Persistency":"1.0","Half-Year\nPersistency Std. Dev.":"0.0","Annual\nPersistency Category":"persistent","Annual\nEmission Persistency":"1.0","Annual\nPersistency Std. Dev.":"0.0","Estimated Half-Year\nCH4 Emissions (t)":"11880","Estimated Annual\nCH4 Emissions (t)":"24090","group":"Thermal coal"}},{"type":"Feature","geometry":{"type":"Point","coordinates":[113.46146,37.84215]},"properties":{"Country":"China","Sector":"Thermal Coal","Potential Source Type":"Venting shaft","Source ID":"CHN_S_103","Latitude":"37.84215","Longitude":"113.46146","Number of Plumes Detected\n(2024-Present)":"14","Plumes Notified\n(Y/N)":"N","Feedback Received\n(Y/N)":"N","Average Half-Year\nFlux Rate (t/h)":"3.29","Average Half-Year\nFlux Rate Std. Dev. (t/h)":"1.05","Average Annual\nFlux Rate (t/h)":"2.74","Average Annual\nFlux Rate Std. Dev. (t/h)":"1.75","Date of Last\nPlume Detected":"2026-04-03T03:53:29.000","Half-Year\nPersistency Category":"persistent","Half-Year\nEmission Persistency":"1.0","Half-Year\nPersistency Std. Dev.":"0.0","Annual\nPersistency Category":"persistent","Annual\nEmission Persistency":"1.0","Annual\nPersistency Std. Dev.":"0.0","Estimated Half-Year\nCH4 Emissions (t)":"14212","Estimated Annual\nCH4 Emissions (t)":"24002","group":"Thermal coal"}},{"type":"Feature","geometry":{"type":"Point","coordinates":[110.60104,35.80303]},"properties":{"Country":"China","Sector":"Met Coal","Potential Source Type":"Venting shaft","Source ID":"CHN_S_229","Latitude":"35.80303","Longitude":"110.60104","Number of Plumes Detected\n(2024-Present)":"15","Plumes Notified\n(Y/N)":"N","Feedback Received\n(Y/N)":"N","Average Half-Year\nFlux Rate (t/h)":"1.62","Average Half-Year\nFlux Rate Std. Dev. (t/h)":"0.59","Average Annual\nFlux Rate (t/h)":"2.55","Average Annual\nFlux Rate Std. Dev. (t/h)":"2.24","Date of Last\nPlume Detected":"2026-02-12T03:57:43.000","Half-Year\nPersistency Category":"persistent","Half-Year\nEmission Persistency":"1.0","Half-Year\nPersistency Std. Dev.":"0.0","Annual\nPersistency Category":"persistent","Annual\nEmission Persistency":"1.0","Annual\nPersistency Std. Dev.":"0.0","Estimated Half-Year\nCH4 Emissions (t)":"6998","Estimated Annual\nCH4 Emissions (t)":"22338","group":"Met coal"}},{"type":"Feature","geometry":{"type":"Point","coordinates":[104.94445,25.69842]},"properties":{"Country":"China","Sector":"Thermal Coal","Potential Source Type":"Venting shaft","Source ID":"CHN_S_830","Latitude":"25.69842","Longitude":"104.94445","Number of Plumes Detected\n(2024-Present)":"5","Plumes Notified\n(Y/N)":"N","Feedback Received\n(Y/N)":"N","Average Half-Year\nFlux Rate (t/h)":"3.23","Average Half-Year\nFlux Rate Std. Dev. (t/h)":"2.37","Average Annual\nFlux Rate (t/h)":"2.5","Average Annual\nFlux Rate Std. Dev. (t/h)":"1.98","Date of Last\nPlume Detected":"2026-03-26T05:38:05.000","Half-Year\nPersistency Category":"persistent","Half-Year\nEmission Persistency":"1.0","Half-Year\nPersistency Std. Dev.":"0.0","Annual\nPersistency Category":"persistent","Annual\nEmission Persistency":"1.0","Annual\nPersistency Std. Dev.":"0.0","Estimated Half-Year\nCH4 Emissions (t)":"13953","Estimated Annual\nCH4 Emissions (t)":"21900","group":"Thermal coal"}},{"type":"Feature","geometry":{"type":"Point","coordinates":[-72.16774,-36.69538]},"properties":{"Country":"Chile","Sector":"Waste","Potential Source Type":"Landfill","Source ID":"CHL_S_009","Latitude":"-36.69538","Longitude":"-72.16774","Number of Plumes Detected\n(2024-Present)":"16","Plumes Notified\n(Y/N)":"N","Feedback Received\n(Y/N)":"N","Average Half-Year\nFlux Rate (t/h)":"2.32","Average Half-Year\nFlux Rate Std. Dev. (t/h)":"1.27","Average Annual\nFlux Rate (t/h)":"2.32","Average Annual\nFlux Rate Std. Dev. (t/h)":"1.27","Date of Last\nPlume Detected":"2026-03-06T14:03:26.000","Half-Year\nPersistency Category":"persistent","Half-Year\nEmission Persistency":"1.0","Half-Year\nPersistency Std. Dev.":"0.0","Annual\nPersistency Category":"persistent","Annual\nEmission Persistency":"1.0","Annual\nPersistency Std. Dev.":"0.0","Estimated Half-Year\nCH4 Emissions (t)":"10022","Estimated Annual\nCH4 Emissions (t)":"20323","group":"Waste"}},{"type":"Feature","geometry":{"type":"Point","coordinates":[113.24192,37.89092]},"properties":{"Country":"China","Sector":"Thermal Coal","Potential Source Type":"Drainage station","Source ID":"CHN_S_532","Latitude":"37.89092","Longitude":"113.24192","Number of Plumes Detected\n(2024-Present)":"3","Plumes Notified\n(Y/N)":"N","Feedback Received\n(Y/N)":"N","Average Half-Year\nFlux Rate (t/h)":"4.53","Average Half-Year\nFlux Rate Std. Dev. (t/h)":"0.51","Average Annual\nFlux Rate (t/h)":"4.53","Average Annual\nFlux Rate Std. Dev. (t/h)":"0.51","Date of Last\nPlume Detected":"2025-11-30T03:59:28.000","Half-Year\nPersistency Category":"persistent","Half-Year\nEmission Persistency":"1.0","Half-Year\nPersistency Std. Dev.":"0.0","Annual\nPersistency Category":"frequent","Annual\nEmission Persistency":"0.5","Annual\nPersistency Std. Dev.":"0.18","Estimated Half-Year\nCH4 Emissions (t)":"19569","Estimated Annual\nCH4 Emissions (t)":"19841","group":"Thermal coal"}},{"type":"Feature","geometry":{"type":"Point","coordinates":[53.78864,39.46577]},"properties":{"Country":"Turkmenistan","Sector":"Oil and Gas","Potential Source Type":"Gas disposal facility","Source ID":"TKM_S_203","Latitude":"39.46577","Longitude":"53.78864","Number of Plumes Detected\n(2024-Present)":"96","Plumes Notified\n(Y/N)":"Y","Feedback Received\n(Y/N)":"N","Average Half-Year\nFlux Rate (t/h)":"3.48","Average Half-Year\nFlux Rate Std. Dev. (t/h)":"1.6","Average Annual\nFlux Rate (t/h)":"3.64","Average Annual\nFlux Rate Std. Dev. (t/h)":"1.85","Date of Last\nPlume Detected":"2026-02-02T07:11:21.000","Half-Year\nPersistency Category":"frequent","Half-Year\nEmission Persistency":"0.46","Half-Year\nPersistency Std. Dev.":"0.07","Annual\nPersistency Category":"frequent","Annual\nEmission Persistency":"0.62","Annual\nPersistency Std. Dev.":"0.04","Estimated Half-Year\nCH4 Emissions (t)":"6915","Estimated Annual\nCH4 Emissions (t)":"19769","group":"Oil and gas"}},{"type":"Feature","geometry":{"type":"Point","coordinates":[113.37895,37.88456]},"properties":{"Country":"China","Sector":"Thermal Coal","Potential Source Type":"Venting shaft","Source ID":"CHN_S_132","Latitude":"37.88456","Longitude":"113.37895","Number of Plumes Detected\n(2024-Present)":"12","Plumes Notified\n(Y/N)":"N","Feedback Received\n(Y/N)":"N","Average Half-Year\nFlux Rate (t/h)":"1.66","Average Half-Year\nFlux Rate Std. Dev. (t/h)":"1.54","Average Annual\nFlux Rate (t/h)":"2.24","Average Annual\nFlux Rate Std. Dev. (t/h)":"1.49","Date of Last\nPlume Detected":"2026-04-03T03:53:29.000","Half-Year\nPersistency Category":"persistent","Half-Year\nEmission Persistency":"1.0","Half-Year\nPersistency Std. Dev.":"0.0","Annual\nPersistency Category":"persistent","Annual\nEmission Persistency":"1.0","Annual\nPersistency Std. Dev.":"0.0","Estimated Half-Year\nCH4 Emissions (t)":"7171","Estimated Annual\nCH4 Emissions (t)":"19622","group":"Thermal coal"}},{"type":"Feature","geometry":{"type":"Point","coordinates":[54.31604,38.68051]},"properties":{"Country":"Turkmenistan","Sector":"Oil and Gas","Potential Source Type":"Gas disposal facility","Source ID":"TKM_S_045","Latitude":"38.68051","Longitude":"54.31604","Number of Plumes Detected\n(2024-Present)":"119","Plumes Notified\n(Y/N)":"Y","Feedback Received\n(Y/N)":"Y","Average Half-Year\nFlux Rate (t/h)":"3.01","Average Half-Year\nFlux Rate Std. Dev. (t/h)":"1.2","Average Annual\nFlux Rate (t/h)":"3.25","Average Annual\nFlux Rate Std. Dev. (t/h)":"1.82","Date of Last\nPlume Detected":"2026-03-04T07:08:01.000","Half-Year\nPersistency Category":"frequent","Half-Year\nEmission Persistency":"0.66","Half-Year\nPersistency Std. Dev.":"0.08","Annual\nPersistency Category":"frequent","Annual\nEmission Persistency":"0.68","Annual\nPersistency Std. Dev.":"0.05","Estimated Half-Year\nCH4 Emissions (t)":"8582","Estimated Annual\nCH4 Emissions (t)":"19359","group":"Oil and gas"}},{"type":"Feature","geometry":{"type":"Point","coordinates":[112.88337,36.25226]},"properties":{"Country":"China","Sector":"Thermal Coal","Potential Source Type":"Venting shaft","Source ID":"CHN_S_328","Latitude":"36.25226","Longitude":"112.88337","Number of Plumes Detected\n(2024-Present)":"12","Plumes Notified\n(Y/N)":"N","Feedback Received\n(Y/N)":"N","Average Half-Year\nFlux Rate (t/h)":"1.66","Average Half-Year\nFlux Rate Std. Dev. (t/h)":"1.27","Average Annual\nFlux Rate (t/h)":"1.95","Average Annual\nFlux Rate Std. Dev. (t/h)":"1.12","Date of Last\nPlume Detected":"2026-04-17T04:34:40.000","Half-Year\nPersistency Category":"persistent","Half-Year\nEmission Persistency":"1.0","Half-Year\nPersistency Std. Dev.":"0.0","Annual\nPersistency Category":"persistent","Annual\nEmission Persistency":"1.0","Annual\nPersistency Std. Dev.":"0.0","Estimated Half-Year\nCH4 Emissions (t)":"7171","Estimated Annual\nCH4 Emissions (t)":"17082","group":"Thermal coal"}},{"type":"Feature","geometry":{"type":"Point","coordinates":[113.42197,37.89321]},"properties":{"Country":"China","Sector":"Thermal Coal","Potential Source Type":"Venting shaft","Source ID":"CHN_S_136","Latitude":"37.89321","Longitude":"113.42197","Number of Plumes Detected\n(2024-Present)":"12","Plumes Notified\n(Y/N)":"N","Feedback Received\n(Y/N)":"N","Average Half-Year\nFlux Rate (t/h)":"2.03","Average Half-Year\nFlux Rate Std. Dev. (t/h)":"0.19","Average Annual\nFlux Rate (t/h)":"1.94","Average Annual\nFlux Rate Std. Dev. (t/h)":"0.56","Date of Last\nPlume Detected":"2026-04-03T03:53:29.000","Half-Year\nPersistency Category":"persistent","Half-Year\nEmission Persistency":"1.0","Half-Year\nPersistency Std. Dev.":"0.0","Annual\nPersistency Category":"persistent","Annual\nEmission Persistency":"1.0","Annual\nPersistency Std. Dev.":"0.0","Estimated Half-Year\nCH4 Emissions (t)":"8769","Estimated Annual\nCH4 Emissions (t)":"16994","group":"Thermal coal"}},{"type":"Feature","geometry":{"type":"Point","coordinates":[53.77668,39.46192]},"properties":{"Country":"Turkmenistan","Sector":"Oil and Gas","Potential Source Type":"Transmission Pipelines","Source ID":"TKM_S_029","Latitude":"39.46192","Longitude":"53.77668","Number of Plumes Detected\n(2024-Present)":"191","Plumes Notified\n(Y/N)":"Y","Feedback Received\n(Y/N)":"Y","Average Half-Year\nFlux Rate (t/h)":"3.83","Average Half-Year\nFlux Rate Std. Dev. (t/h)":"1.56","Average Annual\nFlux Rate (t/h)":"4.02","Average Annual\nFlux Rate Std. Dev. (t/h)":"1.69","Date of Last\nPlume Detected":"2026-04-11T07:16:19.000","Half-Year\nPersistency Category":"frequent","Half-Year\nEmission Persistency":"0.47","Half-Year\nPersistency Std. Dev.":"0.07","Annual\nPersistency Category":"frequent","Annual\nEmission Persistency":"0.46","Annual\nPersistency Std. Dev.":"0.04","Estimated Half-Year\nCH4 Emissions (t)":"7776","Estimated Annual\nCH4 Emissions (t)":"16198","group":"Oil and gas"}},{"type":"Feature","geometry":{"type":"Point","coordinates":[72.27994,23.48031]},"properties":{"Country":"India","Sector":"Oil and Gas","Potential Source Type":"Flare","Source ID":"IND_S_014","Latitude":"23.48031","Longitude":"72.27994","Number of Plumes Detected\n(2024-Present)":"21","Plumes Notified\n(Y/N)":"Y","Feedback Received\n(Y/N)":"N","Average Half-Year\nFlux Rate (t/h)":"2.06","Average Half-Year\nFlux Rate Std. Dev. (t/h)":"0.68","Average Annual\nFlux Rate (t/h)":"1.94","Average Annual\nFlux Rate Std. Dev. (t/h)":"0.7","Date of Last\nPlume Detected":"2026-04-09T05:52:20.000","Half-Year\nPersistency Category":"persistent","Half-Year\nEmission Persistency":"0.91","Half-Year\nPersistency Std. Dev.":"0.09","Annual\nPersistency Category":"persistent","Annual\nEmission Persistency":"0.93","Annual\nPersistency Std. Dev.":"0.07","Estimated Half-Year\nCH4 Emissions (t)":"8098","Estimated Annual\nCH4 Emissions (t)":"15804","group":"Oil and gas"}},{"type":"Feature","geometry":{"type":"Point","coordinates":[54.02161,38.09913]},"properties":{"Country":"Turkmenistan","Sector":"Oil and Gas","Potential Source Type":"O&G facility (generic)","Source ID":"TKM_S_438","Latitude":"38.09913","Longitude":"54.02161","Number of Plumes Detected\n(2024-Present)":"62","Plumes Notified\n(Y/N)":"Y","Feedback Received\n(Y/N)":"N","Average Half-Year\nFlux Rate (t/h)":"2.18","Average Half-Year\nFlux Rate Std. Dev. (t/h)":"1.26","Average Annual\nFlux Rate (t/h)":"2.23","Average Annual\nFlux Rate Std. Dev. (t/h)":"1.33","Date of Last\nPlume Detected":"2026-04-18T07:06:19.000","Half-Year\nPersistency Category":"persistent","Half-Year\nEmission Persistency":"0.88","Half-Year\nPersistency Std. Dev.":"0.06","Annual\nPersistency Category":"frequent","Annual\nEmission Persistency":"0.75","Annual\nPersistency Std. Dev.":"0.05","Estimated Half-Year\nCH4 Emissions (t)":"8287","Estimated Annual\nCH4 Emissions (t)":"14651","group":"Oil and gas"}},{"type":"Feature","geometry":{"type":"Point","coordinates":[44.15514,15.47439]},"properties":{"Country":"Yemen","Sector":"Waste","Potential Source Type":"Landfill","Source ID":"YEM_S_019","Latitude":"15.47439","Longitude":"44.15514","Number of Plumes Detected\n(2024-Present)":"6","Plumes Notified\n(Y/N)":"N","Feedback Received\n(Y/N)":"N","Average Half-Year\nFlux Rate (t/h)":"1.82","Average Half-Year\nFlux Rate Std. Dev. (t/h)":"0.72","Average Annual\nFlux Rate (t/h)":"1.72","Average Annual\nFlux Rate Std. Dev. (t/h)":"0.61","Date of Last\nPlume Detected":"2025-12-09T07:44:55.000","Half-Year\nPersistency Category":"persistent","Half-Year\nEmission Persistency":"1.0","Half-Year\nPersistency Std. Dev.":"0.0","Annual\nPersistency Category":"frequent","Annual\nEmission Persistency":"0.78","Annual\nPersistency Std. Dev.":"0.14","Estimated Half-Year\nCH4 Emissions (t)":"7862","Estimated Annual\nCH4 Emissions (t)":"11752","group":"Waste"}},{"type":"Feature","geometry":{"type":"Point","coordinates":[28.15206,29.78652]},"properties":{"Country":"Egypt","Sector":"Oil and Gas","Potential Source Type":"Gas disposal facility","Source ID":"EGY_S_055","Latitude":"29.78652","Longitude":"28.15206","Number of Plumes Detected\n(2024-Present)":"79","Plumes Notified\n(Y/N)":"Y","Feedback Received\n(Y/N)":"N","Average Half-Year\nFlux Rate (t/h)":"3.74","Average Half-Year\nFlux Rate Std. Dev. (t/h)":"1.44","Average Annual\nFlux Rate (t/h)":"3.76","Average Annual\nFlux Rate Std. Dev. (t/h)":"1.4","Date of Last\nPlume Detected":"2026-04-18T08:45:59.000","Half-Year\nPersistency Category":"frequent","Half-Year\nEmission Persistency":"0.71","Half-Year\nPersistency Std. Dev.":"0.05","Annual\nPersistency Category":"frequent","Annual\nEmission Persistency":"0.33","Annual\nPersistency Std. Dev.":"0.03","Estimated Half-Year\nCH4 Emissions (t)":"11471","Estimated Annual\nCH4 Emissions (t)":"11471","group":"Oil and gas"}},{"type":"Feature","geometry":{"type":"Point","coordinates":[-81.8263,37.87696]},"properties":{"Country":"United States of America","Sector":"Met Coal","Potential Source Type":"Venting shaft","Source ID":"USA_S_270","Latitude":"37.87696","Longitude":"-81.8263","Number of Plumes Detected\n(2024-Present)":"9","Plumes Notified\n(Y/N)":"N","Feedback Received\n(Y/N)":"N","Average Half-Year\nFlux Rate (t/h)":"1.69","Average Half-Year\nFlux Rate Std. Dev. (t/h)":"0.57","Average Annual\nFlux Rate (t/h)":"1.4","Average Annual\nFlux Rate Std. Dev. (t/h)":"0.47","Date of Last\nPlume Detected":"2026-03-28T18:06:52.000","Half-Year\nPersistency Category":"persistent","Half-Year\nEmission Persistency":"1.0","Half-Year\nPersistency Std. Dev.":"0.0","Annual\nPersistency Category":"persistent","Annual\nEmission Persistency":"0.88","Annual\nPersistency Std. Dev.":"0.11","Estimated Half-Year\nCH4 Emissions (t)":"7300","Estimated Annual\nCH4 Emissions (t)":"10792","group":"Met coal"}},{"type":"Feature","geometry":{"type":"Point","coordinates":[110.92137,37.37779]},"properties":{"Country":"China","Sector":"Met Coal","Potential Source Type":"Venting shaft","Source ID":"CHN_S_387","Latitude":"37.37779","Longitude":"110.92137","Number of Plumes Detected\n(2024-Present)":"6","Plumes Notified\n(Y/N)":"N","Feedback Received\n(Y/N)":"N","Average Half-Year\nFlux Rate (t/h)":"1.57","Average Half-Year\nFlux Rate Std. Dev. (t/h)":"0.58","Average Annual\nFlux Rate (t/h)":"1.74","Average Annual\nFlux Rate Std. Dev. (t/h)":"1.05","Date of Last\nPlume Detected":"2026-04-11T04:00:32.000","Half-Year\nPersistency Category":"persistent","Half-Year\nEmission Persistency":"1.0","Half-Year\nPersistency Std. Dev.":"0.0","Annual\nPersistency Category":"frequent","Annual\nEmission Persistency":"0.67","Annual\nPersistency Std. Dev.":"0.16","Estimated Half-Year\nCH4 Emissions (t)":"6782","Estimated Annual\nCH4 Emissions (t)":"10212","group":"Met coal"}},{"type":"Feature","geometry":{"type":"Point","coordinates":[104.67365,26.34904]},"properties":{"Country":"China","Sector":"Thermal and Met Coal","Potential Source Type":"Coal mine facility (generic)","Source ID":"CHN_S_840","Latitude":"26.34904","Longitude":"104.67365","Number of Plumes Detected\n(2024-Present)":"2","Plumes Notified\n(Y/N)":"N","Feedback Received\n(Y/N)":"N","Average Half-Year\nFlux Rate (t/h)":"1.55","Average Half-Year\nFlux Rate Std. Dev. (t/h)":"0.64","Average Annual\nFlux Rate (t/h)":"1.55","Average Annual\nFlux Rate Std. Dev. (t/h)":"0.64","Date of Last\nPlume Detected":"2026-03-30T04:06:36.000","Half-Year\nPersistency Category":"persistent","Half-Year\nEmission Persistency":"1.0","Half-Year\nPersistency Std. Dev.":"0.0","Annual\nPersistency Category":"frequent","Annual\nEmission Persistency":"0.75","Annual\nPersistency Std. Dev.":"0.22","Estimated Half-Year\nCH4 Emissions (t)":"6696","Estimated Annual\nCH4 Emissions (t)":"10183","group":"Thermal and met coal"}},{"type":"Feature","geometry":{"type":"Point","coordinates":[-68.83698,-38.76047]},"properties":{"Country":"Argentina","Sector":"Oil and Gas","Potential Source Type":"Tank batteries","Source ID":"ARG_S_053","Latitude":"-38.76047","Longitude":"-68.83698","Number of Plumes Detected\n(2024-Present)":"34","Plumes Notified\n(Y/N)":"Y","Feedback Received\n(Y/N)":"Y","Average Half-Year\nFlux Rate (t/h)":"4.08","Average Half-Year\nFlux Rate Std. Dev. (t/h)":"1.76","Average Annual\nFlux Rate (t/h)":"4.06","Average Annual\nFlux Rate Std. Dev. (t/h)":"1.73","Date of Last\nPlume Detected":"2026-04-11T14:28:11.000","Half-Year\nPersistency Category":"frequent","Half-Year\nEmission Persistency":"0.41","Half-Year\nPersistency Std. Dev.":"0.06","Annual\nPersistency Category":"frequent","Annual\nEmission Persistency":"0.26","Annual\nPersistency Std. Dev.":"0.04","Estimated Half-Year\nCH4 Emissions (t)":"7226","Estimated Annual\nCH4 Emissions (t)":"9247","group":"Oil and gas"}},{"type":"Feature","geometry":{"type":"Point","coordinates":[-92.237,19.56611]},"properties":{"Country":"Mexico","Sector":"Oil and Gas","Potential Source Type":"Production Offshore","Source ID":"MEX_S_003","Latitude":"19.56611","Longitude":"-92.237","Number of Plumes Detected\n(2024-Present)":"64","Plumes Notified\n(Y/N)":"Y","Feedback Received\n(Y/N)":"Y","Average Half-Year\nFlux Rate (t/h)":"41.09","Average Half-Year\nFlux Rate Std. Dev. (t/h)":"11.31","Average Annual\nFlux Rate (t/h)":"39.07","Average Annual\nFlux Rate Std. Dev. (t/h)":"12.97","Date of Last\nPlume Detected":"2026-05-13T16:37:01.000","Half-Year\nPersistency Category":"frequent","Half-Year\nEmission Persistency":"0.4","Half-Year\nPersistency Std. Dev.":"0.08","Annual\nPersistency Category":"frequent","Annual\nEmission Persistency":"0.44","Annual\nPersistency Std. Dev.":"0.06","Estimated Half-Year\nCH4 Emissions (t)":"71003","Estimated Annual\nCH4 Emissions (t)":"150591","group":"Oil and gas"}},{"type":"Feature","geometry":{"type":"Point","coordinates":[-70.79594,-32.95405]},"properties":{"Country":"Chile","Sector":"Waste","Potential Source Type":"Landfill","Source ID":"CHL_S_001","Latitude":"-32.95405","Longitude":"-70.79594","Number of Plumes Detected\n(2024-Present)":"11","Plumes Notified\n(Y/N)":"N","Feedback Received\n(Y/N)":"N","Average Half-Year\nFlux Rate (t/h)":"10.59","Average Half-Year\nFlux Rate Std. Dev. (t/h)":"2.17","Average Annual\nFlux Rate (t/h)":"10.07","Average Annual\nFlux Rate Std. Dev. (t/h)":"2.32","Date of Last\nPlume Detected":"2026-01-02T14:31:23.000","Half-Year\nPersistency Category":"persistent","Half-Year\nEmission Persistency":"1.0","Half-Year\nPersistency Std. Dev.":"0.0","Annual\nPersistency Category":"persistent","Annual\nEmission Persistency":"1.0","Annual\nPersistency Std. Dev.":"0.0","Estimated Half-Year\nCH4 Emissions (t)":"45748","Estimated Annual\nCH4 Emissions (t)":"88213","group":"Waste"}},{"type":"Feature","geometry":{"type":"Point","coordinates":[54.28269,38.64869]},"properties":{"Country":"Turkmenistan","Sector":"Oil and Gas","Potential Source Type":"Flare","Source ID":"TKM_S_047","Latitude":"38.64869","Longitude":"54.28269","Number of Plumes Detected\n(2024-Present)":"131","Plumes Notified\n(Y/N)":"Y","Feedback Received\n(Y/N)":"N","Average Half-Year\nFlux Rate (t/h)":"12.31","Average Half-Year\nFlux Rate Std. Dev. (t/h)":"4.24","Average Annual\nFlux Rate (t/h)":"13.29","Average Annual\nFlux Rate Std. Dev. (t/h)":"5.17","Date of Last\nPlume Detected":"2026-02-17T07:08:49.000","Half-Year\nPersistency Category":"frequent","Half-Year\nEmission Persistency":"0.5","Half-Year\nPersistency Std. Dev.":"0.09","Annual\nPersistency Category":"frequent","Annual\nEmission Persistency":"0.7","Annual\nPersistency Std. Dev.":"0.05","Estimated Half-Year\nCH4 Emissions (t)":"26589","Estimated Annual\nCH4 Emissions (t)":"81494","group":"Oil and gas"}},{"type":"Feature","geometry":{"type":"Point","coordinates":[54.02815,38.33075]},"properties":{"Country":"Turkmenistan","Sector":"Oil and Gas","Potential Source Type":"Gas disposal facility","Source ID":"TKM_S_022","Latitude":"38.33075","Longitude":"54.02815","Number of Plumes Detected\n(2024-Present)":"130","Plumes Notified\n(Y/N)":"Y","Feedback Received\n(Y/N)":"Y","Average Half-Year\nFlux Rate (t/h)":"8.41","Average Half-Year\nFlux Rate Std. Dev. (t/h)":"5.17","Average Annual\nFlux Rate (t/h)":"9.14","Average Annual\nFlux Rate Std. Dev. (t/h)":"4.85","Date of Last\nPlume Detected":"2026-05-15T07:18:51.000","Half-Year\nPersistency Category":"persistent","Half-Year\nEmission Persistency":"0.88","Half-Year\nPersistency Std. Dev.":"0.06","Annual\nPersistency Category":"persistent","Annual\nEmission Persistency":"0.92","Annual\nPersistency Std. Dev.":"0.03","Estimated Half-Year\nCH4 Emissions (t)":"31971","Estimated Annual\nCH4 Emissions (t)":"73661","group":"Oil and gas"}},{"type":"Feature","geometry":{"type":"Point","coordinates":[72.95102,19.12256]},"properties":{"Country":"India","Sector":"Waste","Potential Source Type":"Landfill","Source ID":"IND_S_042","Latitude":"19.12256","Longitude":"72.95102","Number of Plumes Detected\n(2024-Present)":"13","Plumes Notified\n(Y/N)":"N","Feedback Received\n(Y/N)":"N","Average Half-Year\nFlux Rate (t/h)":"12.45","Average Half-Year\nFlux Rate Std. Dev. (t/h)":"","Average Annual\nFlux Rate (t/h)":"7.74","Average Annual\nFlux Rate Std. Dev. (t/h)":"6.66","Date of Last\nPlume Detected":"2026-02-22T05:52:46.000","Half-Year\nPersistency Category":"persistent","Half-Year\nEmission Persistency":"1.0","Half-Year\nPersistency Std. Dev.":"0.0","Annual\nPersistency Category":"persistent","Annual\nEmission Persistency":"1.0","Annual\nPersistency Std. Dev.":"0.0","Estimated Half-Year\nCH4 Emissions (t)":"53784","Estimated Annual\nCH4 Emissions (t)":"67802","group":"Waste"}},{"type":"Feature","geometry":{"type":"Point","coordinates":[102.61433,7.49474]},"properties":{"Country":"Thailand","Sector":"Oil and Gas","Potential Source Type":"Production Offshore","Source ID":"THA_S_008","Latitude":"7.49474","Longitude":"102.61433","Number of Plumes Detected\n(2024-Present)":"13","Plumes Notified\n(Y/N)":"Y","Feedback Received\n(Y/N)":"Y","Average Half-Year\nFlux Rate (t/h)":"9.76","Average Half-Year\nFlux Rate Std. Dev. (t/h)":"2.54","Average Annual\nFlux Rate (t/h)":"9.86","Average Annual\nFlux Rate Std. Dev. (t/h)":"2.42","Date of Last\nPlume Detected":"2026-05-07T03:25:41.000","Half-Year\nPersistency Category":"frequent","Half-Year\nEmission Persistency":"0.77","Half-Year\nPersistency Std. Dev.":"0.12","Annual\nPersistency Category":"frequent","Annual\nEmission Persistency":"0.71","Annual\nPersistency Std. Dev.":"0.11","Estimated Half-Year\nCH4 Emissions (t)":"32465","Estimated Annual\nCH4 Emissions (t)":"61325","group":"Oil and gas"}},{"type":"Feature","geometry":{"type":"Point","coordinates":[77.65866,13.10912]},"properties":{"Country":"India","Sector":"Waste","Potential Source Type":"Landfill","Source ID":"IND_S_024","Latitude":"13.10912","Longitude":"77.65866","Number of Plumes Detected\n(2024-Present)":"6","Plumes Notified\n(Y/N)":"N","Feedback Received\n(Y/N)":"N","Average Half-Year\nFlux Rate (t/h)":"5.72","Average Half-Year\nFlux Rate Std. Dev. (t/h)":"0.57","Average Annual\nFlux Rate (t/h)":"5.72","Average Annual\nFlux Rate Std. Dev. (t/h)":"0.57","Date of Last\nPlume Detected":"2026-02-22T05:54:46.000","Half-Year\nPersistency Category":"persistent","Half-Year\nEmission Persistency":"1.0","Half-Year\nPersistency Std. Dev.":"0.0","Annual\nPersistency Category":"persistent","Annual\nEmission Persistency":"1.0","Annual\nPersistency Std. Dev.":"0.0","Estimated Half-Year\nCH4 Emissions (t)":"24710","Estimated Annual\nCH4 Emissions (t)":"50107","group":"Waste"}},{"type":"Feature","geometry":{"type":"Point","coordinates":[55.19165,45.34143]},"properties":{"Country":"Kazakhstan","Sector":"Oil and Gas","Potential Source Type":"Transmission Compressor Station","Source ID":"KAZ_S_003","Latitude":"45.34143","Longitude":"55.19165","Number of Plumes Detected\n(2024-Present)":"12","Plumes Notified\n(Y/N)":"Y","Feedback Received\n(Y/N)":"N","Average Half-Year\nFlux Rate (t/h)":"1.93","Average Half-Year\nFlux Rate Std. Dev. (t/h)":"0.42","Average Annual\nFlux Rate (t/h)":"5.59","Average Annual\nFlux Rate Std. Dev. (t/h)":"7.31","Date of Last\nPlume Detected":"2026-04-18T06:49:56.000","Half-Year\nPersistency Category":"persistent","Half-Year\nEmission Persistency":"1.0","Half-Year\nPersistency Std. Dev.":"0.0","Annual\nPersistency Category":"persistent","Annual\nEmission Persistency":"1.0","Annual\nPersistency Std. Dev.":"0.0","Estimated Half-Year\nCH4 Emissions (t)":"8337","Estimated Annual\nCH4 Emissions (t)":"48968","group":"Oil and gas"}},{"type":"Feature","geometry":{"type":"Point","coordinates":[112.65204,35.63986]},"properties":{"Country":"China","Sector":"Thermal Coal","Potential Source Type":"Venting shaft","Source ID":"CHN_S_192","Latitude":"35.63986","Longitude":"112.65204","Number of Plumes Detected\n(2024-Present)":"10","Plumes Notified\n(Y/N)":"N","Feedback Received\n(Y/N)":"N","Average Half-Year\nFlux Rate (t/h)":"5.63","Average Half-Year\nFlux Rate Std. Dev. (t/h)":"4.16","Average Annual\nFlux Rate (t/h)":"5.48","Average Annual\nFlux Rate Std. Dev. (t/h)":"3.35","Date of Last\nPlume Detected":"2026-04-30T03:53:51.000","Half-Year\nPersistency Category":"persistent","Half-Year\nEmission Persistency":"1.0","Half-Year\nPersistency Std. Dev.":"0.0","Annual\nPersistency Category":"persistent","Annual\nEmission Persistency":"1.0","Annual\nPersistency Std. Dev.":"0.0","Estimated Half-Year\nCH4 Emissions (t)":"24321","Estimated Annual\nCH4 Emissions (t)":"48004","group":"Thermal coal"}},{"type":"Feature","geometry":{"type":"Point","coordinates":[112.56866,35.64253]},"properties":{"Country":"China","Sector":"Thermal Coal","Potential Source Type":"Drainage station","Source ID":"CHN_S_018","Latitude":"35.64253","Longitude":"112.56866","Number of Plumes Detected\n(2024-Present)":"9","Plumes Notified\n(Y/N)":"N","Feedback Received\n(Y/N)":"N","Average Half-Year\nFlux Rate (t/h)":"4.01","Average Half-Year\nFlux Rate Std. Dev. (t/h)":"1.09","Average Annual\nFlux Rate (t/h)":"5.32","Average Annual\nFlux Rate Std. Dev. (t/h)":"3.19","Date of Last\nPlume Detected":"2026-04-30T03:53:51.000","Half-Year\nPersistency Category":"persistent","Half-Year\nEmission Persistency":"1.0","Half-Year\nPersistency Std. Dev.":"0.0","Annual\nPersistency Category":"persistent","Annual\nEmission Persistency":"1.0","Annual\nPersistency Std. Dev.":"0.0","Estimated Half-Year\nCH4 Emissions (t)":"17323","Estimated Annual\nCH4 Emissions (t)":"46603","group":"Thermal coal"}},{"type":"Feature","geometry":{"type":"Point","coordinates":[53.89861,37.90823]},"properties":{"Country":"Turkmenistan","Sector":"Oil and Gas","Potential Source Type":"Flare","Source ID":"TKM_S_024","Latitude":"37.90823","Longitude":"53.89861","Number of Plumes Detected\n(2024-Present)":"58","Plumes Notified\n(Y/N)":"Y","Feedback Received\n(Y/N)":"Y","Average Half-Year\nFlux Rate (t/h)":"11.37","Average Half-Year\nFlux Rate Std. Dev. (t/h)":"8.99","Average Annual\nFlux Rate (t/h)":"9.81","Average Annual\nFlux Rate Std. Dev. (t/h)":"8.38","Date of Last\nPlume Detected":"2026-04-24T07:51:52.000","Half-Year\nPersistency Category":"frequent","Half-Year\nEmission Persistency":"0.43","Half-Year\nPersistency Std. Dev.":"0.11","Annual\nPersistency Category":"frequent","Annual\nEmission Persistency":"0.53","Annual\nPersistency Std. Dev.":"0.06","Estimated Half-Year\nCH4 Emissions (t)":"21120","Estimated Annual\nCH4 Emissions (t)":"45545","group":"Oil and gas"}},{"type":"Feature","geometry":{"type":"Point","coordinates":[112.94554,36.23247]},"properties":{"Country":"China","Sector":"Thermal Coal","Potential Source Type":"Venting shaft","Source ID":"CHN_S_088","Latitude":"36.23247","Longitude":"112.94554","Number of Plumes Detected\n(2024-Present)":"18","Plumes Notified\n(Y/N)":"N","Feedback Received\n(Y/N)":"N","Average Half-Year\nFlux Rate (t/h)":"4.03","Average Half-Year\nFlux Rate Std. Dev. (t/h)":"1.14","Average Annual\nFlux Rate (t/h)":"5.13","Average Annual\nFlux Rate Std. Dev. (t/h)":"3.67","Date of Last\nPlume Detected":"2026-04-30T03:53:42.000","Half-Year\nPersistency Category":"persistent","Half-Year\nEmission Persistency":"1.0","Half-Year\nPersistency Std. Dev.":"0.0","Annual\nPersistency Category":"persistent","Annual\nEmission Persistency":"1.0","Annual\nPersistency Std. Dev.":"0.0","Estimated Half-Year\nCH4 Emissions (t)":"17409","Estimated Annual\nCH4 Emissions (t)":"44938","group":"Thermal coal"}},{"type":"Feature","geometry":{"type":"Point","coordinates":[-70.79734,-33.69123]},"properties":{"Country":"Chile","Sector":"Waste","Potential Source Type":"Landfill","Source ID":"CHL_S_002","Latitude":"-33.69123","Longitude":"-70.79734","Number of Plumes Detected\n(2024-Present)":"9","Plumes Notified\n(Y/N)":"N","Feedback Received\n(Y/N)":"N","Average Half-Year\nFlux Rate (t/h)":"7.04","Average Half-Year\nFlux Rate Std. Dev. (t/h)":"1.7","Average Annual\nFlux Rate (t/h)":"6.96","Average Annual\nFlux Rate Std. Dev. (t/h)":"1.4","Date of Last\nPlume Detected":"2026-01-19T15:37:26.000","Half-Year\nPersistency Category":"persistent","Half-Year\nEmission Persistency":"1.0","Half-Year\nPersistency Std. Dev.":"0.0","Annual\nPersistency Category":"frequent","Annual\nEmission Persistency":"0.67","Annual\nPersistency Std. Dev.":"0.19","Estimated Half-Year\nCH4 Emissions (t)":"30412","Estimated Annual\nCH4 Emissions (t)":"40849","group":"Waste"}},{"type":"Feature","geometry":{"type":"Point","coordinates":[77.1562,28.74244]},"properties":{"Country":"India","Sector":"Waste","Potential Source Type":"Landfill","Source ID":"IND_S_022","Latitude":"28.74244","Longitude":"77.1562","Number of Plumes Detected\n(2024-Present)":"20","Plumes Notified\n(Y/N)":"N","Feedback Received\n(Y/N)":"N","Average Half-Year\nFlux Rate (t/h)":"2.89","Average Half-Year\nFlux Rate Std. Dev. (t/h)":"1.31","Average Annual\nFlux Rate (t/h)":"4.47","Average Annual\nFlux Rate Std. Dev. (t/h)":"4.04","Date of Last\nPlume Detected":"2025-12-25T06:06:34.000","Half-Year\nPersistency Category":"persistent","Half-Year\nEmission Persistency":"1.0","Half-Year\nPersistency Std. Dev.":"0.0","Annual\nPersistency Category":"persistent","Annual\nEmission Persistency":"1.0","Annual\nPersistency Std. Dev.":"0.0","Estimated Half-Year\nCH4 Emissions (t)":"12484","Estimated Annual\nCH4 Emissions (t)":"39157","group":"Waste"}},{"type":"Feature","geometry":{"type":"Point","coordinates":[113.02297,37.938]},"properties":{"Country":"China","Sector":"Thermal Coal","Potential Source Type":"Venting shaft","Source ID":"CHN_S_033","Latitude":"37.938","Longitude":"113.02297","Number of Plumes Detected\n(2024-Present)":"14","Plumes Notified\n(Y/N)":"N","Feedback Received\n(Y/N)":"N","Average Half-Year\nFlux Rate (t/h)":"3.6","Average Half-Year\nFlux Rate Std. Dev. (t/h)":"2.24","Average Annual\nFlux Rate (t/h)":"4.36","Average Annual\nFlux Rate Std. Dev. (t/h)":"2.19","Date of Last\nPlume Detected":"2026-04-02T03:25:36.000","Half-Year\nPersistency Category":"persistent","Half-Year\nEmission Persistency":"1.0","Half-Year\nPersistency Std. Dev.":"0.0","Annual\nPersistency Category":"persistent","Annual\nEmission Persistency":"1.0","Annual\nPersistency Std. Dev.":"0.0","Estimated Half-Year\nCH4 Emissions (t)":"15552","Estimated Annual\nCH4 Emissions (t)":"38193","group":"Thermal coal"}},{"type":"Feature","geometry":{"type":"Point","coordinates":[39.40224,21.65043]},"properties":{"Country":"Saudi Arabia","Sector":"Waste","Potential Source Type":"Landfill","Source ID":"SAU_S_011","Latitude":"21.65043","Longitude":"39.40224","Number of Plumes Detected\n(2024-Present)":"11","Plumes Notified\n(Y/N)":"N","Feedback Received\n(Y/N)":"N","Average Half-Year\nFlux Rate (t/h)":"4.06","Average Half-Year\nFlux Rate Std. Dev. (t/h)":"1.32","Average Annual\nFlux Rate (t/h)":"4.2","Average Annual\nFlux Rate Std. Dev. (t/h)":"1.68","Date of Last\nPlume Detected":"2026-01-26T08:58:01.000","Half-Year\nPersistency Category":"persistent","Half-Year\nEmission Persistency":"1.0","Half-Year\nPersistency Std. Dev.":"0.0","Annual\nPersistency Category":"persistent","Annual\nEmission Persistency":"1.0","Annual\nPersistency Std. Dev.":"0.0","Estimated Half-Year\nCH4 Emissions (t)":"17539","Estimated Annual\nCH4 Emissions (t)":"36792","group":"Waste"}},{"type":"Feature","geometry":{"type":"Point","coordinates":[53.9164,37.76777]},"properties":{"Country":"Turkmenistan","Sector":"Oil and Gas","Potential Source Type":"Flare","Source ID":"TKM_S_367","Latitude":"37.76777","Longitude":"53.9164","Number of Plumes Detected\n(2024-Present)":"36","Plumes Notified\n(Y/N)":"Y","Feedback Received\n(Y/N)":"N","Average Half-Year\nFlux Rate (t/h)":"6.85","Average Half-Year\nFlux Rate Std. Dev. (t/h)":"3.7","Average Annual\nFlux Rate (t/h)":"6.82","Average Annual\nFlux Rate Std. Dev. (t/h)":"3.53","Date of Last\nPlume Detected":"2026-05-15T07:18:51.000","Half-Year\nPersistency Category":"persistent","Half-Year\nEmission Persistency":"0.9","Half-Year\nPersistency Std. Dev.":"0.07","Annual\nPersistency Category":"frequent","Annual\nEmission Persistency":"0.6","Annual\nPersistency Std. Dev.":"0.06","Estimated Half-Year\nCH4 Emissions (t)":"26632","Estimated Annual\nCH4 Emissions (t)":"35845","group":"Oil and gas"}},{"type":"Feature","geometry":{"type":"Point","coordinates":[112.9372,36.41495]},"properties":{"Country":"China","Sector":"Met Coal","Potential Source Type":"Venting shaft","Source ID":"CHN_S_072","Latitude":"36.41495","Longitude":"112.9372","Number of Plumes Detected\n(2024-Present)":"24","Plumes Notified\n(Y/N)":"N","Feedback Received\n(Y/N)":"N","Average Half-Year\nFlux Rate (t/h)":"3.78","Average Half-Year\nFlux Rate Std. Dev. (t/h)":"2.87","Average Annual\nFlux Rate (t/h)":"4.09","Average Annual\nFlux Rate Std. Dev. (t/h)":"2.73","Date of Last\nPlume Detected":"2026-05-05T03:21:31.000","Half-Year\nPersistency Category":"persistent","Half-Year\nEmission Persistency":"1.0","Half-Year\nPersistency Std. Dev.":"0.0","Annual\nPersistency Category":"persistent","Annual\nEmission Persistency":"1.0","Annual\nPersistency Std. Dev.":"0.0","Estimated Half-Year\nCH4 Emissions (t)":"16329","Estimated Annual\nCH4 Emissions (t)":"35828","group":"Met coal"}},{"type":"Feature","geometry":{"type":"Point","coordinates":[102.98746,7.5925]},"properties":{"Country":"Malaysia","Sector":"Oil and Gas","Potential Source Type":"Production Offshore","Source ID":"MYS_S_001","Latitude":"7.5925","Longitude":"102.98746","Number of Plumes Detected\n(2024-Present)":"26","Plumes Notified\n(Y/N)":"Y","Feedback Received\n(Y/N)":"Y","Average Half-Year\nFlux Rate (t/h)":"10.6","Average Half-Year\nFlux Rate Std. Dev. (t/h)":"2.55","Average Annual\nFlux Rate (t/h)":"10.36","Average Annual\nFlux Rate Std. Dev. (t/h)":"2.27","Date of Last\nPlume Detected":"2026-04-22T03:25:29.000","Half-Year\nPersistency Category":"frequent","Half-Year\nEmission Persistency":"0.46","Half-Year\nPersistency Std. Dev.":"0.14","Annual\nPersistency Category":"frequent","Annual\nEmission Persistency":"0.39","Annual\nPersistency Std. Dev.":"0.11","Estimated Half-Year\nCH4 Emissions (t)":"21064","Estimated Annual\nCH4 Emissions (t)":"35393","group":"Oil and gas"}},{"type":"Feature","geometry":{"type":"Point","coordinates":[-103.45535,20.91518]},"properties":{"Country":"Mexico","Sector":"Waste","Potential Source Type":"Landfill","Source ID":"MEX_S_074","Latitude":"20.91518","Longitude":"-103.45535","Number of Plumes Detected\n(2024-Present)":"8","Plumes Notified\n(Y/N)":"N","Feedback Received\n(Y/N)":"N","Average Half-Year\nFlux Rate (t/h)":"5.18","Average Half-Year\nFlux Rate Std. Dev. (t/h)":"2.25","Average Annual\nFlux Rate (t/h)":"4.02","Average Annual\nFlux Rate Std. Dev. (t/h)":"2.26","Date of Last\nPlume Detected":"2026-01-30T16:45:16.000","Half-Year\nPersistency Category":"persistent","Half-Year\nEmission Persistency":"1.0","Half-Year\nPersistency Std. Dev.":"0.0","Annual\nPersistency Category":"persistent","Annual\nEmission Persistency":"1.0","Annual\nPersistency Std. Dev.":"0.0","Estimated Half-Year\nCH4 Emissions (t)":"22377","Estimated Annual\nCH4 Emissions (t)":"35215","group":"Waste"}},{"type":"Feature","geometry":{"type":"Point","coordinates":[112.99023,36.24638]},"properties":{"Country":"China","Sector":"Met Coal","Potential Source Type":"Venting shaft","Source ID":"CHN_S_098","Latitude":"36.24638","Longitude":"112.99023","Number of Plumes Detected\n(2024-Present)":"16","Plumes Notified\n(Y/N)":"N","Feedback Received\n(Y/N)":"N","Average Half-Year\nFlux Rate (t/h)":"5.39","Average Half-Year\nFlux Rate Std. Dev. (t/h)":"3.22","Average Annual\nFlux Rate (t/h)":"4.38","Average Annual\nFlux Rate Std. Dev. (t/h)":"2.59","Date of Last\nPlume Detected":"2026-04-30T03:53:42.000","Half-Year\nPersistency Category":"persistent","Half-Year\nEmission Persistency":"1.0","Half-Year\nPersistency Std. Dev.":"0.0","Annual\nPersistency Category":"persistent","Annual\nEmission Persistency":"0.9","Annual\nPersistency Std. Dev.":"0.09","Estimated Half-Year\nCH4 Emissions (t)":"23284","Estimated Annual\nCH4 Emissions (t)":"34531","group":"Met coal"}},{"type":"Feature","geometry":{"type":"Point","coordinates":[69.80955,27.96851]},"properties":{"Country":"Pakistan","Sector":"Oil and Gas","Potential Source Type":"Gathering and boosting facilities","Source ID":"PAK_S_001","Latitude":"27.96851","Longitude":"69.80955","Number of Plumes Detected\n(2024-Present)":"35","Plumes Notified\n(Y/N)":"Y","Feedback Received\n(Y/N)":"N","Average Half-Year\nFlux Rate (t/h)":"4.62","Average Half-Year\nFlux Rate Std. Dev. (t/h)":"0.81","Average Annual\nFlux Rate (t/h)":"3.82","Average Annual\nFlux Rate Std. Dev. (t/h)":"1.48","Date of Last\nPlume Detected":"2026-04-16T08:29:48.000","Half-Year\nPersistency Category":"persistent","Half-Year\nEmission Persistency":"1.0","Half-Year\nPersistency Std. Dev.":"0.0","Annual\nPersistency Category":"persistent","Annual\nEmission Persistency":"1.0","Annual\nPersistency Std. Dev.":"0.0","Estimated Half-Year\nCH4 Emissions (t)":"19958","Estimated Annual\nCH4 Emissions (t)":"33463","group":"Oil and gas"}},{"type":"Feature","geometry":{"type":"Point","coordinates":[112.64465,35.60638]},"properties":{"Country":"China","Sector":"Thermal Coal","Potential Source Type":"Venting shaft","Source ID":"CHN_S_195","Latitude":"35.60638","Longitude":"112.64465","Number of Plumes Detected\n(2024-Present)":"10","Plumes Notified\n(Y/N)":"N","Feedback Received\n(Y/N)":"N","Average Half-Year\nFlux Rate (t/h)":"4.32","Average Half-Year\nFlux Rate Std. Dev. (t/h)":"3.84","Average Annual\nFlux Rate (t/h)":"3.57","Average Annual\nFlux Rate Std. Dev. (t/h)":"3.73","Date of Last\nPlume Detected":"2026-04-30T03:53:51.000","Half-Year\nPersistency Category":"persistent","Half-Year\nEmission Persistency":"1.0","Half-Year\nPersistency Std. Dev.":"0.0","Annual\nPersistency Category":"persistent","Annual\nEmission Persistency":"1.0","Annual\nPersistency Std. Dev.":"0.0","Estimated Half-Year\nCH4 Emissions (t)":"18662","Estimated Annual\nCH4 Emissions (t)":"31273","group":"Thermal coal"}},{"type":"Feature","geometry":{"type":"Point","coordinates":[112.89036,35.99206]},"properties":{"Country":"China","Sector":"Thermal and Met Coal","Potential Source Type":"Drainage station","Source ID":"CHN_S_182","Latitude":"35.99206","Longitude":"112.89036","Number of Plumes Detected\n(2024-Present)":"19","Plumes Notified\n(Y/N)":"N","Feedback Received\n(Y/N)":"N","Average Half-Year\nFlux Rate (t/h)":"4.67","Average Half-Year\nFlux Rate Std. Dev. (t/h)":"5.32","Average Annual\nFlux Rate (t/h)":"3.51","Average Annual\nFlux Rate Std. Dev. (t/h)":"4.25","Date of Last\nPlume Detected":"2026-04-30T03:53:46.000","Half-Year\nPersistency Category":"persistent","Half-Year\nEmission Persistency":"0.86","Half-Year\nPersistency Std. Dev.":"0.13","Annual\nPersistency Category":"persistent","Annual\nEmission Persistency":"0.92","Annual\nPersistency Std. Dev.":"0.08","Estimated Half-Year\nCH4 Emissions (t)":"17349","Estimated Annual\nCH4 Emissions (t)":"28287","group":"Thermal and met coal"}},{"type":"Feature","geometry":{"type":"Point","coordinates":[113.43696,37.96728]},"properties":{"Country":"China","Sector":"Thermal Coal","Potential Source Type":"Venting shaft","Source ID":"CHN_S_131","Latitude":"37.96728","Longitude":"113.43696","Number of Plumes Detected\n(2024-Present)":"12","Plumes Notified\n(Y/N)":"N","Feedback Received\n(Y/N)":"N","Average Half-Year\nFlux Rate (t/h)":"3.89","Average Half-Year\nFlux Rate Std. Dev. (t/h)":"2.54","Average Annual\nFlux Rate (t/h)":"3.15","Average Annual\nFlux Rate Std. Dev. (t/h)":"1.76","Date of Last\nPlume Detected":"2026-04-03T03:53:29.000","Half-Year\nPersistency Category":"persistent","Half-Year\nEmission Persistency":"1.0","Half-Year\nPersistency Std. Dev.":"0.0","Annual\nPersistency Category":"persistent","Annual\nEmission Persistency":"1.0","Annual\nPersistency Std. Dev.":"0.0","Estimated Half-Year\nCH4 Emissions (t)":"16804","Estimated Annual\nCH4 Emissions (t)":"27594","group":"Thermal coal"}},{"type":"Feature","geometry":{"type":"Point","coordinates":[-98.84907,19.40711]},"properties":{"Country":"Mexico","Sector":"Waste","Potential Source Type":"Landfill","Source ID":"MEX_S_099","Latitude":"19.40711","Longitude":"-98.84907","Number of Plumes Detected\n(2024-Present)":"3","Plumes Notified\n(Y/N)":"N","Feedback Received\n(Y/N)":"N","Average Half-Year\nFlux Rate (t/h)":"2.81","Average Half-Year\nFlux Rate Std. Dev. (t/h)":"0.3","Average Annual\nFlux Rate (t/h)":"2.81","Average Annual\nFlux Rate Std. Dev. (t/h)":"0.3","Date of Last\nPlume Detected":"2026-02-28T17:23:10.000","Half-Year\nPersistency Category":"persistent","Half-Year\nEmission Persistency":"1.0","Half-Year\nPersistency Std. Dev.":"0.0","Annual\nPersistency Category":"persistent","Annual\nEmission Persistency":"1.0","Annual\nPersistency Std. Dev.":"0.0","Estimated Half-Year\nCH4 Emissions (t)":"12139","Estimated Annual\nCH4 Emissions (t)":"24615","group":"Waste"}},{"type":"Feature","geometry":{"type":"Point","coordinates":[104.94445,25.69842]},"properties":{"Country":"China","Sector":"Thermal Coal","Potential Source Type":"Venting shaft","Source ID":"CHN_S_830","Latitude":"25.69842","Longitude":"104.94445","Number of Plumes Detected\n(2024-Present)":"5","Plumes Notified\n(Y/N)":"N","Feedback Received\n(Y/N)":"N","Average Half-Year\nFlux Rate (t/h)":"3.23","Average Half-Year\nFlux Rate Std. Dev. (t/h)":"2.37","Average Annual\nFlux Rate (t/h)":"2.67","Average Annual\nFlux Rate Std. Dev. (t/h)":"2.24","Date of Last\nPlume Detected":"2026-03-26T05:38:05.000","Half-Year\nPersistency Category":"persistent","Half-Year\nEmission Persistency":"1.0","Half-Year\nPersistency Std. Dev.":"0.0","Annual\nPersistency Category":"persistent","Annual\nEmission Persistency":"1.0","Annual\nPersistency Std. Dev.":"0.0","Estimated Half-Year\nCH4 Emissions (t)":"13953","Estimated Annual\nCH4 Emissions (t)":"23389","group":"Thermal coal"}},{"type":"Feature","geometry":{"type":"Point","coordinates":[112.28427,36.83699]},"properties":{"Country":"China","Sector":"Met Coal","Potential Source Type":"Venting shaft","Source ID":"CHN_S_228","Latitude":"36.83699","Longitude":"112.28427","Number of Plumes Detected\n(2024-Present)":"12","Plumes Notified\n(Y/N)":"N","Feedback Received\n(Y/N)":"N","Average Half-Year\nFlux Rate (t/h)":"2.12","Average Half-Year\nFlux Rate Std. Dev. (t/h)":"0.33","Average Annual\nFlux Rate (t/h)":"2.62","Average Annual\nFlux Rate Std. Dev. (t/h)":"2.04","Date of Last\nPlume Detected":"2026-04-17T04:34:29.000","Half-Year\nPersistency Category":"persistent","Half-Year\nEmission Persistency":"1.0","Half-Year\nPersistency Std. Dev.":"0.0","Annual\nPersistency Category":"persistent","Annual\nEmission Persistency":"1.0","Annual\nPersistency Std. Dev.":"0.0","Estimated Half-Year\nCH4 Emissions (t)":"9158","Estimated Annual\nCH4 Emissions (t)":"22951","group":"Met coal"}},{"type":"Feature","geometry":{"type":"Point","coordinates":[112.87599,36.38906]},"properties":{"Country":"China","Sector":"Thermal and Met Coal","Potential Source Type":"Venting shaft","Source ID":"CHN_S_157","Latitude":"36.38906","Longitude":"112.87599","Number of Plumes Detected\n(2024-Present)":"20","Plumes Notified\n(Y/N)":"N","Feedback Received\n(Y/N)":"N","Average Half-Year\nFlux Rate (t/h)":"2.35","Average Half-Year\nFlux Rate Std. Dev. (t/h)":"0.98","Average Annual\nFlux Rate (t/h)":"2.77","Average Annual\nFlux Rate Std. Dev. (t/h)":"1.54","Date of Last\nPlume Detected":"2026-05-05T03:21:31.000","Half-Year\nPersistency Category":"persistent","Half-Year\nEmission Persistency":"0.9","Half-Year\nPersistency Std. Dev.":"0.09","Annual\nPersistency Category":"persistent","Annual\nEmission Persistency":"0.93","Annual\nPersistency Std. Dev.":"0.07","Estimated Half-Year\nCH4 Emissions (t)":"9136","Estimated Annual\nCH4 Emissions (t)":"22566","group":"Thermal and met coal"}},{"type":"Feature","geometry":{"type":"Point","coordinates":[112.68846,35.59816]},"properties":{"Country":"China","Sector":"Thermal Coal","Potential Source Type":"Drainage station","Source ID":"CHN_S_196","Latitude":"35.59816","Longitude":"112.68846","Number of Plumes Detected\n(2024-Present)":"8","Plumes Notified\n(Y/N)":"N","Feedback Received\n(Y/N)":"N","Average Half-Year\nFlux Rate (t/h)":"3.05","Average Half-Year\nFlux Rate Std. Dev. (t/h)":"2.31","Average Annual\nFlux Rate (t/h)":"2.52","Average Annual\nFlux Rate Std. Dev. (t/h)":"1.82","Date of Last\nPlume Detected":"2026-04-30T03:53:51.000","Half-Year\nPersistency Category":"persistent","Half-Year\nEmission Persistency":"1.0","Half-Year\nPersistency Std. Dev.":"0.0","Annual\nPersistency Category":"persistent","Annual\nEmission Persistency":"1.0","Annual\nPersistency Std. Dev.":"0.0","Estimated Half-Year\nCH4 Emissions (t)":"13176","Estimated Annual\nCH4 Emissions (t)":"22075","group":"Thermal coal"}},{"type":"Feature","geometry":{"type":"Point","coordinates":[72.56738,22.98321]},"properties":{"Country":"India","Sector":"Waste","Potential Source Type":"Landfill","Source ID":"IND_S_017","Latitude":"22.98321","Longitude":"72.56738","Number of Plumes Detected\n(2024-Present)":"25","Plumes Notified\n(Y/N)":"N","Feedback Received\n(Y/N)":"N","Average Half-Year\nFlux Rate (t/h)":"2.62","Average Half-Year\nFlux Rate Std. Dev. (t/h)":"0.88","Average Annual\nFlux Rate (t/h)":"2.5","Average Annual\nFlux Rate Std. Dev. (t/h)":"0.9","Date of Last\nPlume Detected":"2026-02-16T05:55:47.000","Half-Year\nPersistency Category":"persistent","Half-Year\nEmission Persistency":"1.0","Half-Year\nPersistency Std. Dev.":"0.0","Annual\nPersistency Category":"persistent","Annual\nEmission Persistency":"1.0","Annual\nPersistency Std. Dev.":"0.0","Estimated Half-Year\nCH4 Emissions (t)":"11318","Estimated Annual\nCH4 Emissions (t)":"21900","group":"Waste"}},{"type":"Feature","geometry":{"type":"Point","coordinates":[-72.16774,-36.69538]},"properties":{"Country":"Chile","Sector":"Waste","Potential Source Type":"Landfill","Source ID":"CHL_S_009","Latitude":"-36.69538","Longitude":"-72.16774","Number of Plumes Detected\n(2024-Present)":"16","Plumes Notified\n(Y/N)":"N","Feedback Received\n(Y/N)":"N","Average Half-Year\nFlux Rate (t/h)":"2.86","Average Half-Year\nFlux Rate Std. Dev. (t/h)":"1.15","Average Annual\nFlux Rate (t/h)":"2.32","Average Annual\nFlux Rate Std. Dev. (t/h)":"1.27","Date of Last\nPlume Detected":"2026-03-06T14:03:26.000","Half-Year\nPersistency Category":"persistent","Half-Year\nEmission Persistency":"1.0","Half-Year\nPersistency Std. Dev.":"0.0","Annual\nPersistency Category":"persistent","Annual\nEmission Persistency":"1.0","Annual\nPersistency Std. Dev.":"0.0","Estimated Half-Year\nCH4 Emissions (t)":"12355","Estimated Annual\nCH4 Emissions (t)":"20323","group":"Waste"}},{"type":"Feature","geometry":{"type":"Point","coordinates":[112.86259,36.0917]},"properties":{"Country":"China","Sector":"Thermal and Met Coal","Potential Source Type":"Drainage station","Source ID":"CHN_S_175","Latitude":"36.0917","Longitude":"112.86259","Number of Plumes Detected\n(2024-Present)":"17","Plumes Notified\n(Y/N)":"N","Feedback Received\n(Y/N)":"N","Average Half-Year\nFlux Rate (t/h)":"3.22","Average Half-Year\nFlux Rate Std. Dev. (t/h)":"3.06","Average Annual\nFlux Rate (t/h)":"2.68","Average Annual\nFlux Rate Std. Dev. (t/h)":"2.33","Date of Last\nPlume Detected":"2026-05-11T03:24:51.000","Half-Year\nPersistency Category":"persistent","Half-Year\nEmission Persistency":"0.86","Half-Year\nPersistency Std. Dev.":"0.13","Annual\nPersistency Category":"persistent","Annual\nEmission Persistency":"0.85","Annual\nPersistency Std. Dev.":"0.1","Estimated Half-Year\nCH4 Emissions (t)":"11962","Estimated Annual\nCH4 Emissions (t)":"19955","group":"Thermal and met coal"}},{"type":"Feature","geometry":{"type":"Point","coordinates":[112.63044,35.54312]},"properties":{"Country":"China","Sector":"Thermal Coal","Potential Source Type":"Venting shaft","Source ID":"CHN_S_498","Latitude":"35.54312","Longitude":"112.63044","Number of Plumes Detected\n(2024-Present)":"5","Plumes Notified\n(Y/N)":"N","Feedback Received\n(Y/N)":"N","Average Half-Year\nFlux Rate (t/h)":"3.27","Average Half-Year\nFlux Rate Std. Dev. (t/h)":"3.76","Average Annual\nFlux Rate (t/h)":"3.27","Average Annual\nFlux Rate Std. Dev. (t/h)":"3.76","Date of Last\nPlume Detected":"2026-04-30T03:53:55.000","Half-Year\nPersistency Category":"persistent","Half-Year\nEmission Persistency":"1.0","Half-Year\nPersistency Std. Dev.":"0.0","Annual\nPersistency Category":"frequent","Annual\nEmission Persistency":"0.67","Annual\nPersistency Std. Dev.":"0.19","Estimated Half-Year\nCH4 Emissions (t)":"14126","Estimated Annual\nCH4 Emissions (t)":"19192","group":"Thermal coal"}},{"type":"Feature","geometry":{"type":"Point","coordinates":[112.98714,36.48175]},"properties":{"Country":"China","Sector":"Met Coal","Potential Source Type":"Venting shaft","Source ID":"CHN_S_205","Latitude":"36.48175","Longitude":"112.98714","Number of Plumes Detected\n(2024-Present)":"20","Plumes Notified\n(Y/N)":"N","Feedback Received\n(Y/N)":"N","Average Half-Year\nFlux Rate (t/h)":"2.74","Average Half-Year\nFlux Rate Std. Dev. (t/h)":"2.28","Average Annual\nFlux Rate (t/h)":"2.27","Average Annual\nFlux Rate Std. Dev. (t/h)":"1.83","Date of Last\nPlume Detected":"2026-05-05T03:21:31.000","Half-Year\nPersistency Category":"persistent","Half-Year\nEmission Persistency":"0.89","Half-Year\nPersistency Std. Dev.":"0.1","Annual\nPersistency Category":"persistent","Annual\nEmission Persistency":"0.93","Annual\nPersistency Std. Dev.":"0.07","Estimated Half-Year\nCH4 Emissions (t)":"10534","Estimated Annual\nCH4 Emissions (t)":"18493","group":"Met coal"}},{"type":"Feature","geometry":{"type":"Point","coordinates":[110.99532,37.3317]},"properties":{"Country":"China","Sector":"Met Coal","Potential Source Type":"Venting shaft","Source ID":"CHN_S_337","Latitude":"37.3317","Longitude":"110.99532","Number of Plumes Detected\n(2024-Present)":"11","Plumes Notified\n(Y/N)":"N","Feedback Received\n(Y/N)":"N","Average Half-Year\nFlux Rate (t/h)":"2.99","Average Half-Year\nFlux Rate Std. Dev. (t/h)":"1.41","Average Annual\nFlux Rate (t/h)":"2.05","Average Annual\nFlux Rate Std. Dev. (t/h)":"1.6","Date of Last\nPlume Detected":"2026-04-17T04:34:05.000","Half-Year\nPersistency Category":"persistent","Half-Year\nEmission Persistency":"1.0","Half-Year\nPersistency Std. Dev.":"0.0","Annual\nPersistency Category":"persistent","Annual\nEmission Persistency":"1.0","Annual\nPersistency Std. Dev.":"0.0","Estimated Half-Year\nCH4 Emissions (t)":"12916","Estimated Annual\nCH4 Emissions (t)":"17958","group":"Met coal"}},{"type":"Feature","geometry":{"type":"Point","coordinates":[110.84861,37.48456]},"properties":{"Country":"China","Sector":"Met Coal","Potential Source Type":"Drainage station","Source ID":"CHN_S_095","Latitude":"37.48456","Longitude":"110.84861","Number of Plumes Detected\n(2024-Present)":"7","Plumes Notified\n(Y/N)":"N","Feedback Received\n(Y/N)":"N","Average Half-Year\nFlux Rate (t/h)":"1.76","Average Half-Year\nFlux Rate Std. Dev. (t/h)":"0.86","Average Annual\nFlux Rate (t/h)":"2.27","Average Annual\nFlux Rate Std. Dev. (t/h)":"1.02","Date of Last\nPlume Detected":"2026-04-17T04:34:05.000","Half-Year\nPersistency Category":"persistent","Half-Year\nEmission Persistency":"1.0","Half-Year\nPersistency Std. Dev.":"0.0","Annual\nPersistency Category":"persistent","Annual\nEmission Persistency":"0.86","Annual\nPersistency Std. Dev.":"0.13","Estimated Half-Year\nCH4 Emissions (t)":"7603","Estimated Annual\nCH4 Emissions (t)":"17101","group":"Met coal"}},{"type":"Feature","geometry":{"type":"Point","coordinates":[53.77668,39.46192]},"properties":{"Country":"Turkmenistan","Sector":"Oil and Gas","Potential Source Type":"Pipeline","Source ID":"TKM_S_029","Latitude":"39.46192","Longitude":"53.77668","Number of Plumes Detected\n(2024-Present)":"197","Plumes Notified\n(Y/N)":"Y","Feedback Received\n(Y/N)":"Y","Average Half-Year\nFlux Rate (t/h)":"3.81","Average Half-Year\nFlux Rate Std. Dev. (t/h)":"1.54","Average Annual\nFlux Rate (t/h)":"4.02","Average Annual\nFlux Rate Std. Dev. (t/h)":"1.66","Date of Last\nPlume Detected":"2026-05-15T07:18:51.000","Half-Year\nPersistency Category":"frequent","Half-Year\nEmission Persistency":"0.53","Half-Year\nPersistency Std. Dev.":"0.07","Annual\nPersistency Category":"frequent","Annual\nEmission Persistency":"0.47","Annual\nPersistency Std. Dev.":"0.04","Estimated Half-Year\nCH4 Emissions (t)":"8723","Estimated Annual\nCH4 Emissions (t)":"16551","group":"Oil and gas"}},{"type":"Feature","geometry":{"type":"Point","coordinates":[112.92011,36.13813]},"properties":{"Country":"China","Sector":"Thermal and Met Coal","Potential Source Type":"Drainage station","Source ID":"CHN_S_161","Latitude":"36.13813","Longitude":"112.92011","Number of Plumes Detected\n(2024-Present)":"13","Plumes Notified\n(Y/N)":"N","Feedback Received\n(Y/N)":"N","Average Half-Year\nFlux Rate (t/h)":"2.68","Average Half-Year\nFlux Rate Std. Dev. (t/h)":"2.28","Average Annual\nFlux Rate (t/h)":"2.11","Average Annual\nFlux Rate Std. Dev. (t/h)":"1.92","Date of Last\nPlume Detected":"2026-04-30T03:53:42.000","Half-Year\nPersistency Category":"persistent","Half-Year\nEmission Persistency":"1.0","Half-Year\nPersistency Std. Dev.":"0.0","Annual\nPersistency Category":"persistent","Annual\nEmission Persistency":"0.89","Annual\nPersistency Std. Dev.":"0.1","Estimated Half-Year\nCH4 Emissions (t)":"11577","Estimated Annual\nCH4 Emissions (t)":"16450","group":"Thermal and met coal"}},{"type":"Feature","geometry":{"type":"Point","coordinates":[-80.18965,39.12475]},"properties":{"Country":"United States of America","Sector":"Thermal and Met Coal","Potential Source Type":"Coal mine facility (generic)","Source ID":"USA_S_1059","Latitude":"39.12475","Longitude":"-80.18965","Number of Plumes Detected\n(2024-Present)":"5","Plumes Notified\n(Y/N)":"N","Feedback Received\n(Y/N)":"N","Average Half-Year\nFlux Rate (t/h)":"1.87","Average Half-Year\nFlux Rate Std. Dev. (t/h)":"0.2","Average Annual\nFlux Rate (t/h)":"1.87","Average Annual\nFlux Rate Std. Dev. (t/h)":"0.2","Date of Last\nPlume Detected":"2026-04-21T15:24:22.000","Half-Year\nPersistency Category":"persistent","Half-Year\nEmission Persistency":"1.0","Half-Year\nPersistency Std. Dev.":"0.0","Annual\nPersistency Category":"persistent","Annual\nEmission Persistency":"1.0","Annual\nPersistency Std. Dev.":"0.0","Estimated Half-Year\nCH4 Emissions (t)":"8078","Estimated Annual\nCH4 Emissions (t)":"16381","group":"Thermal and met coal"}},{"type":"Feature","geometry":{"type":"Point","coordinates":[112.88337,36.25226]},"properties":{"Country":"China","Sector":"Thermal Coal","Potential Source Type":"Venting shaft","Source ID":"CHN_S_328","Latitude":"36.25226","Longitude":"112.88337","Number of Plumes Detected\n(2024-Present)":"13","Plumes Notified\n(Y/N)":"N","Feedback Received\n(Y/N)":"N","Average Half-Year\nFlux Rate (t/h)":"1.88","Average Half-Year\nFlux Rate Std. Dev. (t/h)":"0.77","Average Annual\nFlux Rate (t/h)":"1.85","Average Annual\nFlux Rate Std. Dev. (t/h)":"1.0","Date of Last\nPlume Detected":"2026-04-30T03:53:42.000","Half-Year\nPersistency Category":"persistent","Half-Year\nEmission Persistency":"1.0","Half-Year\nPersistency Std. Dev.":"0.0","Annual\nPersistency Category":"persistent","Annual\nEmission Persistency":"1.0","Annual\nPersistency Std. Dev.":"0.0","Estimated Half-Year\nCH4 Emissions (t)":"8121","Estimated Annual\nCH4 Emissions (t)":"16206","group":"Thermal coal"}},{"type":"Feature","geometry":{"type":"Point","coordinates":[72.27994,23.48031]},"properties":{"Country":"India","Sector":"Oil and Gas","Potential Source Type":"Flare","Source ID":"IND_S_014","Latitude":"23.48031","Longitude":"72.27994","Number of Plumes Detected\n(2024-Present)":"22","Plumes Notified\n(Y/N)":"Y","Feedback Received\n(Y/N)":"N","Average Half-Year\nFlux Rate (t/h)":"2.0","Average Half-Year\nFlux Rate Std. Dev. (t/h)":"0.68","Average Annual\nFlux Rate (t/h)":"1.85","Average Annual\nFlux Rate Std. Dev. (t/h)":"0.66","Date of Last\nPlume Detected":"2026-05-02T05:49:08.000","Half-Year\nPersistency Category":"persistent","Half-Year\nEmission Persistency":"1.0","Half-Year\nPersistency Std. Dev.":"0.0","Annual\nPersistency Category":"persistent","Annual\nEmission Persistency":"1.0","Annual\nPersistency Std. Dev.":"0.0","Estimated Half-Year\nCH4 Emissions (t)":"8640","Estimated Annual\nCH4 Emissions (t)":"16206","group":"Oil and gas"}},{"type":"Feature","geometry":{"type":"Point","coordinates":[54.02161,38.09913]},"properties":{"Country":"Turkmenistan","Sector":"Oil and Gas","Potential Source Type":"O&G facility (generic)","Source ID":"TKM_S_438","Latitude":"38.09913","Longitude":"54.02161","Number of Plumes Detected\n(2024-Present)":"67","Plumes Notified\n(Y/N)":"Y","Feedback Received\n(Y/N)":"N","Average Half-Year\nFlux Rate (t/h)":"2.55","Average Half-Year\nFlux Rate Std. Dev. (t/h)":"1.38","Average Annual\nFlux Rate (t/h)":"2.31","Average Annual\nFlux Rate Std. Dev. (t/h)":"1.36","Date of Last\nPlume Detected":"2026-05-15T07:18:51.000","Half-Year\nPersistency Category":"persistent","Half-Year\nEmission Persistency":"0.88","Half-Year\nPersistency Std. Dev.":"0.06","Annual\nPersistency Category":"frequent","Annual\nEmission Persistency":"0.79","Annual\nPersistency Std. Dev.":"0.04","Estimated Half-Year\nCH4 Emissions (t)":"9694","Estimated Annual\nCH4 Emissions (t)":"15986","group":"Oil and gas"}},{"type":"Feature","geometry":{"type":"Point","coordinates":[112.89058,36.52844]},"properties":{"Country":"China","Sector":"Met Coal","Potential Source Type":"Venting shaft","Source ID":"CHN_S_204","Latitude":"36.52844","Longitude":"112.89058","Number of Plumes Detected\n(2024-Present)":"19","Plumes Notified\n(Y/N)":"N","Feedback Received\n(Y/N)":"N","Average Half-Year\nFlux Rate (t/h)":"2.37","Average Half-Year\nFlux Rate Std. Dev. (t/h)":"1.0","Average Annual\nFlux Rate (t/h)":"2.12","Average Annual\nFlux Rate Std. Dev. (t/h)":"1.07","Date of Last\nPlume Detected":"2026-05-05T03:21:31.000","Half-Year\nPersistency Category":"frequent","Half-Year\nEmission Persistency":"0.7","Half-Year\nPersistency Std. Dev.":"0.14","Annual\nPersistency Category":"frequent","Annual\nEmission Persistency":"0.8","Annual\nPersistency Std. Dev.":"0.1","Estimated Half-Year\nCH4 Emissions (t)":"7166","Estimated Annual\nCH4 Emissions (t)":"14856","group":"Met coal"}},{"type":"Feature","geometry":{"type":"Point","coordinates":[112.98069,36.10827]},"properties":{"Country":"China","Sector":"Met Coal","Potential Source Type":"Venting shaft","Source ID":"CHN_S_212","Latitude":"36.10827","Longitude":"112.98069","Number of Plumes Detected\n(2024-Present)":"13","Plumes Notified\n(Y/N)":"N","Feedback Received\n(Y/N)":"N","Average Half-Year\nFlux Rate (t/h)":"2.98","Average Half-Year\nFlux Rate Std. Dev. (t/h)":"1.08","Average Annual\nFlux Rate (t/h)":"2.34","Average Annual\nFlux Rate Std. Dev. (t/h)":"1.42","Date of Last\nPlume Detected":"2026-05-11T03:24:51.000","Half-Year\nPersistency Category":"persistent","Half-Year\nEmission Persistency":"0.83","Half-Year\nPersistency Std. Dev.":"0.15","Annual\nPersistency Category":"frequent","Annual\nEmission Persistency":"0.7","Annual\nPersistency Std. Dev.":"0.14","Estimated Half-Year\nCH4 Emissions (t)":"10685","Estimated Annual\nCH4 Emissions (t)":"14348","group":"Met coal"}},{"type":"Feature","geometry":{"type":"Point","coordinates":[44.15514,15.47439]},"properties":{"Country":"Yemen","Sector":"Waste","Potential Source Type":"Landfill","Source ID":"YEM_S_019","Latitude":"15.47439","Longitude":"44.15514","Number of Plumes Detected\n(2024-Present)":"6","Plumes Notified\n(Y/N)":"N","Feedback Received\n(Y/N)":"N","Average Half-Year\nFlux Rate (t/h)":"2.27","Average Half-Year\nFlux Rate Std. Dev. (t/h)":"1.45","Average Annual\nFlux Rate (t/h)":"1.98","Average Annual\nFlux Rate Std. Dev. (t/h)":"0.92","Date of Last\nPlume Detected":"2025-12-09T07:44:55.000","Half-Year\nPersistency Category":"persistent","Half-Year\nEmission Persistency":"1.0","Half-Year\nPersistency Std. Dev.":"0.0","Annual\nPersistency Category":"frequent","Annual\nEmission Persistency":"0.8","Annual\nPersistency Std. Dev.":"0.13","Estimated Half-Year\nCH4 Emissions (t)":"9806","Estimated Annual\nCH4 Emissions (t)":"13875","group":"Waste"}},{"type":"Feature","geometry":{"type":"Point","coordinates":[104.67365,26.34904]},"properties":{"Country":"China","Sector":"Thermal and Met Coal","Potential Source Type":"Coal mine facility (generic)","Source ID":"CHN_S_840","Latitude":"26.34904","Longitude":"104.67365","Number of Plumes Detected\n(2024-Present)":"3","Plumes Notified\n(Y/N)":"N","Feedback Received\n(Y/N)":"N","Average Half-Year\nFlux Rate (t/h)":"1.55","Average Half-Year\nFlux Rate Std. Dev. (t/h)":"0.64","Average Annual\nFlux Rate (t/h)":"1.55","Average Annual\nFlux Rate Std. Dev. (t/h)":"0.64","Date of Last\nPlume Detected":"2026-04-03T02:34:48.000","Half-Year\nPersistency Category":"persistent","Half-Year\nEmission Persistency":"1.0","Half-Year\nPersistency Std. Dev.":"0.0","Annual\nPersistency Category":"persistent","Annual\nEmission Persistency":"1.0","Annual\nPersistency Std. Dev.":"0.0","Estimated Half-Year\nCH4 Emissions (t)":"6696","Estimated Annual\nCH4 Emissions (t)":"13578","group":"Thermal and met coal"}},{"type":"Feature","geometry":{"type":"Point","coordinates":[28.15206,29.78652]},"properties":{"Country":"Egypt","Sector":"Oil and Gas","Potential Source Type":"Gas disposal facility","Source ID":"EGY_S_055","Latitude":"29.78652","Longitude":"28.15206","Number of Plumes Detected\n(2024-Present)":"89","Plumes Notified\n(Y/N)":"Y","Feedback Received\n(Y/N)":"N","Average Half-Year\nFlux Rate (t/h)":"3.89","Average Half-Year\nFlux Rate Std. Dev. (t/h)":"1.66","Average Annual\nFlux Rate (t/h)":"3.88","Average Annual\nFlux Rate Std. Dev. (t/h)":"1.54","Date of Last\nPlume Detected":"2026-05-13T08:46:01.000","Half-Year\nPersistency Category":"frequent","Half-Year\nEmission Persistency":"0.71","Half-Year\nPersistency Std. Dev.":"0.05","Annual\nPersistency Category":"frequent","Annual\nEmission Persistency":"0.38","Annual\nPersistency Std. Dev.":"0.03","Estimated Half-Year\nCH4 Emissions (t)":"11931","Estimated Annual\nCH4 Emissions (t)":"12915","group":"Oil and gas"}},{"type":"Feature","geometry":{"type":"Point","coordinates":[-68.83698,-38.76047]},"properties":{"Country":"Argentina","Sector":"Oil and Gas","Potential Source Type":"Tank batteries","Source ID":"ARG_S_053","Latitude":"-38.76047","Longitude":"-68.83698","Number of Plumes Detected\n(2024-Present)":"37","Plumes Notified\n(Y/N)":"Y","Feedback Received\n(Y/N)":"Y","Average Half-Year\nFlux Rate (t/h)":"4.05","Average Half-Year\nFlux Rate Std. Dev. (t/h)":"1.71","Average Annual\nFlux Rate (t/h)":"4.01","Average Annual\nFlux Rate Std. Dev. (t/h)":"1.7","Date of Last\nPlume Detected":"2026-04-11T14:28:11.000","Half-Year\nPersistency Category":"frequent","Half-Year\nEmission Persistency":"0.43","Half-Year\nPersistency Std. Dev.":"0.06","Annual\nPersistency Category":"frequent","Annual\nEmission Persistency":"0.28","Annual\nPersistency Std. Dev.":"0.04","Estimated Half-Year\nCH4 Emissions (t)":"7523","Estimated Annual\nCH4 Emissions (t)":"9835","group":"Oil and gas"}},{"type":"Feature","geometry":{"type":"Point","coordinates":[65.90373,39.9168]},"properties":{"Country":"Uzbekistan","Sector":"Oil and Gas","Potential Source Type":"Transmission Compressor Station","Source ID":"UZB_S_009","Latitude":"39.9168","Longitude":"65.90373","Number of Plumes Detected\n(2024-Present)":"6","Plumes Notified\n(Y/N)":"Y","Feedback Received\n(Y/N)":"Y","Average Half-Year\nFlux Rate (t/h)":"1.64","Average Half-Year\nFlux Rate Std. Dev. (t/h)":"0.59","Average Annual\nFlux Rate (t/h)":"1.64","Average Annual\nFlux Rate Std. Dev. (t/h)":"0.59","Date of Last\nPlume Detected":"2026-04-18T06:52:36.000","Half-Year\nPersistency Category":"persistent","Half-Year\nEmission Persistency":"1.0","Half-Year\nPersistency Std. Dev.":"0.0","Annual\nPersistency Category":"frequent","Annual\nEmission Persistency":"0.5","Annual\nPersistency Std. Dev.":"0.2","Estimated Half-Year\nCH4 Emissions (t)":"7084","Estimated Annual\nCH4 Emissions (t)":"7183","group":"Oil and gas"}},{"type":"Feature","geometry":{"type":"Point","coordinates":[-70.79594,-32.95405]},"properties":{"Country":"Chile","Sector":"Waste","Potential Source Type":"Landfill","Source ID":"CHL_S_001","Latitude":"-32.95405","Longitude":"-70.79594","Number of Plumes Detected\n(2024-Present)":"12","Plumes Notified\n(Y/N)":"N","Feedback Received\n(Y/N)":"—","Average Half-Year\nFlux Rate (t/h)":"11.28","Average Half-Year\nFlux Rate Std. Dev. (t/h)":"1.78","Average Annual\nFlux Rate (t/h)":"10.07","Average Annual\nFlux Rate Std. Dev. (t/h)":"2.32","Date of Last\nPlume Detected":"2026-03-07T13:16:02.000","Half-Year\nPersistency Category":"persistent","Half-Year\nEmission Persistency":"1.0","Half-Year\nPersistency Std. Dev.":"0.0","Annual\nPersistency Category":"persistent","Annual\nEmission Persistency":"1.0","Annual\nPersistency Std. Dev.":"0.0","Estimated Half-Year\nCH4 Emissions (t)":"48729","Estimated Annual\nCH4 Emissions (t)":"88213","group":"Waste"}},{"type":"Feature","geometry":{"type":"Point","coordinates":[-77.1232,-11.92788]},"properties":{"Country":"Peru","Sector":"Waste","Potential Source Type":"Landfill","Source ID":"PER_S_004","Latitude":"-11.92788","Longitude":"-77.1232","Number of Plumes Detected\n(2024-Present)":"7","Plumes Notified\n(Y/N)":"N","Feedback Received\n(Y/N)":"—","Average Half-Year\nFlux Rate (t/h)":"8.83","Average Half-Year\nFlux Rate Std. Dev. (t/h)":"1.99","Average Annual\nFlux Rate (t/h)":"8.83","Average Annual\nFlux Rate Std. Dev. (t/h)":"1.99","Date of Last\nPlume Detected":"2026-04-26T16:28:37.000","Half-Year\nPersistency Category":"persistent","Half-Year\nEmission Persistency":"1.0","Half-Year\nPersistency Std. Dev.":"0.0","Annual\nPersistency Category":"persistent","Annual\nEmission Persistency":"1.0","Annual\nPersistency Std. Dev.":"0.0","Estimated Half-Year\nCH4 Emissions (t)":"38145","Estimated Annual\nCH4 Emissions (t)":"77350","group":"Waste"}},{"type":"Feature","geometry":{"type":"Point","coordinates":[54.02815,38.33075]},"properties":{"Country":"Turkmenistan","Sector":"Oil and gas","Potential Source Type":"Gas disposal facility","Source ID":"TKM_S_022","Latitude":"38.33075","Longitude":"54.02815","Number of Plumes Detected\n(2024-Present)":"143","Plumes Notified\n(Y/N)":"Y","Feedback Received\n(Y/N)":"Y","Average Half-Year\nFlux Rate (t/h)":"10.93","Average Half-Year\nFlux Rate Std. Dev. (t/h)":"7.87","Average Annual\nFlux Rate (t/h)":"9.5","Average Annual\nFlux Rate Std. Dev. (t/h)":"6.03","Date of Last\nPlume Detected":"2026-06-14T07:13:21.000","Half-Year\nPersistency Category":"persistent","Half-Year\nEmission Persistency":"0.89","Half-Year\nPersistency Std. Dev.":"0.05","Annual\nPersistency Category":"persistent","Annual\nEmission Persistency":"0.92","Annual\nPersistency Std. Dev.":"0.03","Estimated Half-Year\nCH4 Emissions (t)":"42023","Estimated Annual\nCH4 Emissions (t)":"76562","group":"Oil and gas"}},{"type":"Feature","geometry":{"type":"Point","coordinates":[72.95102,19.12256]},"properties":{"Country":"India","Sector":"Waste","Potential Source Type":"Landfill","Source ID":"IND_S_042","Latitude":"19.12256","Longitude":"72.95102","Number of Plumes Detected\n(2024-Present)":"15","Plumes Notified\n(Y/N)":"N","Feedback Received\n(Y/N)":"—","Average Half-Year\nFlux Rate (t/h)":"8.59","Average Half-Year\nFlux Rate Std. Dev. (t/h)":"3.76","Average Annual\nFlux Rate (t/h)":"8.59","Average Annual\nFlux Rate Std. Dev. (t/h)":"3.76","Date of Last\nPlume Detected":"2026-05-24T07:55:20.000","Half-Year\nPersistency Category":"persistent","Half-Year\nEmission Persistency":"1.0","Half-Year\nPersistency Std. Dev.":"0.0","Annual\nPersistency Category":"persistent","Annual\nEmission Persistency":"1.0","Annual\nPersistency Std. Dev.":"0.0","Estimated Half-Year\nCH4 Emissions (t)":"37108","Estimated Annual\nCH4 Emissions (t)":"75248","group":"Waste"}},{"type":"Feature","geometry":{"type":"Point","coordinates":[102.61433,7.49474]},"properties":{"Country":"Thailand","Sector":"Oil and gas","Potential Source Type":"Production offshore","Source ID":"THA_S_008","Latitude":"7.49474","Longitude":"102.61433","Number of Plumes Detected\n(2024-Present)":"14","Plumes Notified\n(Y/N)":"Y","Feedback Received\n(Y/N)":"Y","Average Half-Year\nFlux Rate (t/h)":"9.88","Average Half-Year\nFlux Rate Std. Dev. (t/h)":"2.42","Average Annual\nFlux Rate (t/h)":"9.96","Average Annual\nFlux Rate Std. Dev. (t/h)":"2.32","Date of Last\nPlume Detected":"2026-05-28T03:26:27.000","Half-Year\nPersistency Category":"frequent","Half-Year\nEmission Persistency":"0.79","Half-Year\nPersistency Std. Dev.":"0.11","Annual\nPersistency Category":"frequent","Annual\nEmission Persistency":"0.72","Annual\nPersistency Std. Dev.":"0.11","Estimated Half-Year\nCH4 Emissions (t)":"33718","Estimated Annual\nCH4 Emissions (t)":"62819","group":"Oil and gas"}},{"type":"Feature","geometry":{"type":"Point","coordinates":[23.65077,38.07435]},"properties":{"Country":"Greece","Sector":"Waste","Potential Source Type":"Landfill","Source ID":"GRC_S_001","Latitude":"38.07435","Longitude":"23.65077","Number of Plumes Detected\n(2024-Present)":"4","Plumes Notified\n(Y/N)":"N","Feedback Received\n(Y/N)":"—","Average Half-Year\nFlux Rate (t/h)":"6.67","Average Half-Year\nFlux Rate Std. Dev. (t/h)":"0.56","Average Annual\nFlux Rate (t/h)":"7.0","Average Annual\nFlux Rate Std. Dev. (t/h)":"0.8","Date of Last\nPlume Detected":"2026-03-30T10:22:41.000","Half-Year\nPersistency Category":"persistent","Half-Year\nEmission Persistency":"1.0","Half-Year\nPersistency Std. Dev.":"0.0","Annual\nPersistency Category":"persistent","Annual\nEmission Persistency":"1.0","Annual\nPersistency Std. Dev.":"0.0","Estimated Half-Year\nCH4 Emissions (t)":"28814","Estimated Annual\nCH4 Emissions (t)":"61320","group":"Waste"}},{"type":"Feature","geometry":{"type":"Point","coordinates":[-70.79734,-33.69123]},"properties":{"Country":"Chile","Sector":"Waste","Potential Source Type":"Landfill","Source ID":"CHL_S_002","Latitude":"-33.69123","Longitude":"-70.79734","Number of Plumes Detected\n(2024-Present)":"9","Plumes Notified\n(Y/N)":"N","Feedback Received\n(Y/N)":"—","Average Half-Year\nFlux Rate (t/h)":"8.33","Average Half-Year\nFlux Rate Std. Dev. (t/h)":"2.15","Average Annual\nFlux Rate (t/h)":"8.06","Average Annual\nFlux Rate Std. Dev. (t/h)":"2.04","Date of Last\nPlume Detected":"2026-01-19T15:37:26.000","Half-Year\nPersistency Category":"persistent","Half-Year\nEmission Persistency":"1.0","Half-Year\nPersistency Std. Dev.":"0.0","Annual\nPersistency Category":"persistent","Annual\nEmission Persistency":"0.86","Annual\nPersistency Std. Dev.":"0.13","Estimated Half-Year\nCH4 Emissions (t)":"35985","Estimated Annual\nCH4 Emissions (t)":"60720","group":"Waste"}},{"type":"Feature","geometry":{"type":"Point","coordinates":[87.86554,44.03981]},"properties":{"Country":"China","Sector":"Waste","Potential Source Type":"Landfill","Source ID":"CHN_S_044","Latitude":"44.03981","Longitude":"87.86554","Number of Plumes Detected\n(2024-Present)":"11","Plumes Notified\n(Y/N)":"N","Feedback Received\n(Y/N)":"—","Average Half-Year\nFlux Rate (t/h)":"5.29","Average Half-Year\nFlux Rate Std. Dev. (t/h)":"1.91","Average Annual\nFlux Rate (t/h)":"5.88","Average Annual\nFlux Rate Std. Dev. (t/h)":"2.26","Date of Last\nPlume Detected":"2026-04-19T04:31:26.000","Half-Year\nPersistency Category":"persistent","Half-Year\nEmission Persistency":"1.0","Half-Year\nPersistency Std. Dev.":"0.0","Annual\nPersistency Category":"persistent","Annual\nEmission Persistency":"1.0","Annual\nPersistency Std. Dev.":"0.0","Estimated Half-Year\nCH4 Emissions (t)":"22852","Estimated Annual\nCH4 Emissions (t)":"51508","group":"Waste"}},{"type":"Feature","geometry":{"type":"Point","coordinates":[77.65866,13.10912]},"properties":{"Country":"India","Sector":"Waste","Potential Source Type":"Landfill","Source ID":"IND_S_024","Latitude":"13.10912","Longitude":"77.65866","Number of Plumes Detected\n(2024-Present)":"7","Plumes Notified\n(Y/N)":"N","Feedback Received\n(Y/N)":"—","Average Half-Year\nFlux Rate (t/h)":"5.72","Average Half-Year\nFlux Rate Std. Dev. (t/h)":"0.57","Average Annual\nFlux Rate (t/h)":"5.72","Average Annual\nFlux Rate Std. Dev. (t/h)":"0.57","Date of Last\nPlume Detected":"2026-03-27T05:56:13.000","Half-Year\nPersistency Category":"persistent","Half-Year\nEmission Persistency":"1.0","Half-Year\nPersistency Std. Dev.":"0.0","Annual\nPersistency Category":"persistent","Annual\nEmission Persistency":"1.0","Annual\nPersistency Std. Dev.":"0.0","Estimated Half-Year\nCH4 Emissions (t)":"24710","Estimated Annual\nCH4 Emissions (t)":"50107","group":"Waste"}},{"type":"Feature","geometry":{"type":"Point","coordinates":[112.65204,35.63986]},"properties":{"Country":"China","Sector":"Thermal coal","Potential Source Type":"Venting shaft","Source ID":"CHN_S_192","Latitude":"35.63986","Longitude":"112.65204","Number of Plumes Detected\n(2024-Present)":"10","Plumes Notified\n(Y/N)":"N","Feedback Received\n(Y/N)":"—","Average Half-Year\nFlux Rate (t/h)":"5.63","Average Half-Year\nFlux Rate Std. Dev. (t/h)":"4.16","Average Annual\nFlux Rate (t/h)":"5.48","Average Annual\nFlux Rate Std. Dev. (t/h)":"3.35","Date of Last\nPlume Detected":"2026-04-30T03:53:51.000","Half-Year\nPersistency Category":"persistent","Half-Year\nEmission Persistency":"1.0","Half-Year\nPersistency Std. Dev.":"0.0","Annual\nPersistency Category":"persistent","Annual\nEmission Persistency":"1.0","Annual\nPersistency Std. Dev.":"0.0","Estimated Half-Year\nCH4 Emissions (t)":"24321","Estimated Annual\nCH4 Emissions (t)":"48004","group":"Thermal coal"}},{"type":"Feature","geometry":{"type":"Point","coordinates":[112.56866,35.64253]},"properties":{"Country":"China","Sector":"Thermal coal","Potential Source Type":"Drainage station","Source ID":"CHN_S_018","Latitude":"35.64253","Longitude":"112.56866","Number of Plumes Detected\n(2024-Present)":"9","Plumes Notified\n(Y/N)":"N","Feedback Received\n(Y/N)":"—","Average Half-Year\nFlux Rate (t/h)":"4.01","Average Half-Year\nFlux Rate Std. Dev. (t/h)":"1.09","Average Annual\nFlux Rate (t/h)":"5.32","Average Annual\nFlux Rate Std. Dev. (t/h)":"3.19","Date of Last\nPlume Detected":"2026-04-30T03:53:51.000","Half-Year\nPersistency Category":"persistent","Half-Year\nEmission Persistency":"1.0","Half-Year\nPersistency Std. Dev.":"0.0","Annual\nPersistency Category":"persistent","Annual\nEmission Persistency":"1.0","Annual\nPersistency Std. Dev.":"0.0","Estimated Half-Year\nCH4 Emissions (t)":"17323","Estimated Annual\nCH4 Emissions (t)":"46603","group":"Thermal coal"}},{"type":"Feature","geometry":{"type":"Point","coordinates":[112.94554,36.23247]},"properties":{"Country":"China","Sector":"Thermal coal","Potential Source Type":"Venting shaft","Source ID":"CHN_S_088","Latitude":"36.23247","Longitude":"112.94554","Number of Plumes Detected\n(2024-Present)":"19","Plumes Notified\n(Y/N)":"N","Feedback Received\n(Y/N)":"—","Average Half-Year\nFlux Rate (t/h)":"4.03","Average Half-Year\nFlux Rate Std. Dev. (t/h)":"1.14","Average Annual\nFlux Rate (t/h)":"5.13","Average Annual\nFlux Rate Std. Dev. (t/h)":"3.67","Date of Last\nPlume Detected":"2026-06-15T03:46:35.000","Half-Year\nPersistency Category":"persistent","Half-Year\nEmission Persistency":"1.0","Half-Year\nPersistency Std. Dev.":"0.0","Annual\nPersistency Category":"persistent","Annual\nEmission Persistency":"1.0","Annual\nPersistency Std. Dev.":"0.0","Estimated Half-Year\nCH4 Emissions (t)":"17409","Estimated Annual\nCH4 Emissions (t)":"44938","group":"Thermal coal"}},{"type":"Feature","geometry":{"type":"Point","coordinates":[53.9164,37.76777]},"properties":{"Country":"Turkmenistan","Sector":"Oil and gas","Potential Source Type":"Flare","Source ID":"TKM_S_367","Latitude":"37.76777","Longitude":"53.9164","Number of Plumes Detected\n(2024-Present)":"44","Plumes Notified\n(Y/N)":"Y","Feedback Received\n(Y/N)":"N","Average Half-Year\nFlux Rate (t/h)":"8.29","Average Half-Year\nFlux Rate Std. Dev. (t/h)":"4.29","Average Annual\nFlux Rate (t/h)":"7.81","Average Annual\nFlux Rate Std. Dev. (t/h)":"4.07","Date of Last\nPlume Detected":"2026-06-14T07:13:21.000","Half-Year\nPersistency Category":"persistent","Half-Year\nEmission Persistency":"0.96","Half-Year\nPersistency Std. Dev.":"0.04","Annual\nPersistency Category":"frequent","Annual\nEmission Persistency":"0.64","Annual\nPersistency Std. Dev.":"0.06","Estimated Half-Year\nCH4 Emissions (t)":"34380","Estimated Annual\nCH4 Emissions (t)":"43785","group":"Oil and gas"}},{"type":"Feature","geometry":{"type":"Point","coordinates":[53.92428,37.92912]},"properties":{"Country":"Turkmenistan","Sector":"Oil and gas","Potential Source Type":"Flare","Source ID":"TKM_S_026","Latitude":"37.92912","Longitude":"53.92428","Number of Plumes Detected\n(2024-Present)":"93","Plumes Notified\n(Y/N)":"Y","Feedback Received\n(Y/N)":"Y","Average Half-Year\nFlux Rate (t/h)":"3.82","Average Half-Year\nFlux Rate Std. Dev. (t/h)":"2.17","Average Annual\nFlux Rate (t/h)":"5.89","Average Annual\nFlux Rate Std. Dev. (t/h)":"4.06","Date of Last\nPlume Detected":"2026-06-14T07:13:21.000","Half-Year\nPersistency Category":"frequent","Half-Year\nEmission Persistency":"0.62","Half-Year\nPersistency Std. Dev.":"0.09","Annual\nPersistency Category":"persistent","Annual\nEmission Persistency":"0.81","Annual\nPersistency Std. Dev.":"0.04","Estimated Half-Year\nCH4 Emissions (t)":"10231","Estimated Annual\nCH4 Emissions (t)":"41793","group":"Oil and gas"}},{"type":"Feature","geometry":{"type":"Point","coordinates":[39.40224,21.65043]},"properties":{"Country":"Saudi Arabia","Sector":"Waste","Potential Source Type":"Landfill","Source ID":"SAU_S_011","Latitude":"21.65043","Longitude":"39.40224","Number of Plumes Detected\n(2024-Present)":"14","Plumes Notified\n(Y/N)":"N","Feedback Received\n(Y/N)":"—","Average Half-Year\nFlux Rate (t/h)":"4.84","Average Half-Year\nFlux Rate Std. Dev. (t/h)":"2.08","Average Annual\nFlux Rate (t/h)":"4.67","Average Annual\nFlux Rate Std. Dev. (t/h)":"2.04","Date of Last\nPlume Detected":"2026-05-22T11:02:21.000","Half-Year\nPersistency Category":"persistent","Half-Year\nEmission Persistency":"1.0","Half-Year\nPersistency Std. Dev.":"0.0","Annual\nPersistency Category":"persistent","Annual\nEmission Persistency":"1.0","Annual\nPersistency Std. Dev.":"0.0","Estimated Half-Year\nCH4 Emissions (t)":"20908","Estimated Annual\nCH4 Emissions (t)":"40909","group":"Waste"}},{"type":"Feature","geometry":{"type":"Point","coordinates":[69.80955,27.96851]},"properties":{"Country":"Pakistan","Sector":"Oil and gas","Potential Source Type":"Gathering and boosting facilities","Source ID":"PAK_S_001","Latitude":"27.96851","Longitude":"69.80955","Number of Plumes Detected\n(2024-Present)":"37","Plumes Notified\n(Y/N)":"Y","Feedback Received\n(Y/N)":"N","Average Half-Year\nFlux Rate (t/h)":"5.34","Average Half-Year\nFlux Rate Std. Dev. (t/h)":"1.57","Average Annual\nFlux Rate (t/h)":"4.56","Average Annual\nFlux Rate Std. Dev. (t/h)":"1.77","Date of Last\nPlume Detected":"2026-05-26T07:57:40.000","Half-Year\nPersistency Category":"persistent","Half-Year\nEmission Persistency":"1.0","Half-Year\nPersistency Std. Dev.":"0.0","Annual\nPersistency Category":"persistent","Annual\nEmission Persistency":"1.0","Annual\nPersistency Std. Dev.":"0.0","Estimated Half-Year\nCH4 Emissions (t)":"23068","Estimated Annual\nCH4 Emissions (t)":"39945","group":"Oil and gas"}},{"type":"Feature","geometry":{"type":"Point","coordinates":[112.9372,36.41495]},"properties":{"Country":"China","Sector":"Metallurgical coal","Potential Source Type":"Venting shaft","Source ID":"CHN_S_072","Latitude":"36.41495","Longitude":"112.9372","Number of Plumes Detected\n(2024-Present)":"25","Plumes Notified\n(Y/N)":"N","Feedback Received\n(Y/N)":"—","Average Half-Year\nFlux Rate (t/h)":"3.78","Average Half-Year\nFlux Rate Std. Dev. (t/h)":"3.07","Average Annual\nFlux Rate (t/h)":"4.09","Average Annual\nFlux Rate Std. Dev. (t/h)":"2.73","Date of Last\nPlume Detected":"2026-06-15T03:46:31.000","Half-Year\nPersistency Category":"persistent","Half-Year\nEmission Persistency":"1.0","Half-Year\nPersistency Std. Dev.":"0.0","Annual\nPersistency Category":"persistent","Annual\nEmission Persistency":"1.0","Annual\nPersistency Std. Dev.":"0.0","Estimated Half-Year\nCH4 Emissions (t)":"16329","Estimated Annual\nCH4 Emissions (t)":"35828","group":"Metallurgical coal"}},{"type":"Feature","geometry":{"type":"Point","coordinates":[112.99023,36.24638]},"properties":{"Country":"China","Sector":"Metallurgical coal","Potential Source Type":"Venting shaft","Source ID":"CHN_S_098","Latitude":"36.24638","Longitude":"112.99023","Number of Plumes Detected\n(2024-Present)":"17","Plumes Notified\n(Y/N)":"N","Feedback Received\n(Y/N)":"—","Average Half-Year\nFlux Rate (t/h)":"5.39","Average Half-Year\nFlux Rate Std. Dev. (t/h)":"3.22","Average Annual\nFlux Rate (t/h)":"4.38","Average Annual\nFlux Rate Std. Dev. (t/h)":"2.59","Date of Last\nPlume Detected":"2026-06-15T03:46:35.000","Half-Year\nPersistency Category":"persistent","Half-Year\nEmission Persistency":"1.0","Half-Year\nPersistency Std. Dev.":"0.0","Annual\nPersistency Category":"persistent","Annual\nEmission Persistency":"0.9","Annual\nPersistency Std. Dev.":"0.09","Estimated Half-Year\nCH4 Emissions (t)":"23284","Estimated Annual\nCH4 Emissions (t)":"34531","group":"Metallurgical coal"}},{"type":"Feature","geometry":{"type":"Point","coordinates":[113.02297,37.938]},"properties":{"Country":"China","Sector":"Thermal coal","Potential Source Type":"Venting shaft","Source ID":"CHN_S_033","Latitude":"37.938","Longitude":"113.02297","Number of Plumes Detected\n(2024-Present)":"14","Plumes Notified\n(Y/N)":"N","Feedback Received\n(Y/N)":"—","Average Half-Year\nFlux Rate (t/h)":"4.11","Average Half-Year\nFlux Rate Std. Dev. (t/h)":"2.45","Average Annual\nFlux Rate (t/h)":"3.88","Average Annual\nFlux Rate Std. Dev. (t/h)":"1.94","Date of Last\nPlume Detected":"2026-04-02T03:25:36.000","Half-Year\nPersistency Category":"persistent","Half-Year\nEmission Persistency":"1.0","Half-Year\nPersistency Std. Dev.":"0.0","Annual\nPersistency Category":"persistent","Annual\nEmission Persistency":"1.0","Annual\nPersistency Std. Dev.":"0.0","Estimated Half-Year\nCH4 Emissions (t)":"17755","Estimated Annual\nCH4 Emissions (t)":"33988","group":"Thermal coal"}},{"type":"Feature","geometry":{"type":"Point","coordinates":[150.72,-34.18144]},"properties":{"Country":"Australia","Sector":"Metallurgical coal","Potential Source Type":"Venting shaft","Source ID":"AUS_S_014","Latitude":"-34.18144","Longitude":"150.72","Number of Plumes Detected\n(2024-Present)":"17","Plumes Notified\n(Y/N)":"N","Feedback Received\n(Y/N)":"—","Average Half-Year\nFlux Rate (t/h)":"3.79","Average Half-Year\nFlux Rate Std. Dev. (t/h)":"1.49","Average Annual\nFlux Rate (t/h)":"3.82","Average Annual\nFlux Rate Std. Dev. (t/h)":"1.22","Date of Last\nPlume Detected":"2026-06-07T00:43:12.000","Half-Year\nPersistency Category":"persistent","Half-Year\nEmission Persistency":"1.0","Half-Year\nPersistency Std. Dev.":"0.0","Annual\nPersistency Category":"persistent","Annual\nEmission Persistency":"1.0","Annual\nPersistency Std. Dev.":"0.0","Estimated Half-Year\nCH4 Emissions (t)":"16372","Estimated Annual\nCH4 Emissions (t)":"33463","group":"Metallurgical coal"}},{"type":"Feature","geometry":{"type":"Point","coordinates":[112.64465,35.60638]},"properties":{"Country":"China","Sector":"Thermal coal","Potential Source Type":"Venting shaft","Source ID":"CHN_S_195","Latitude":"35.60638","Longitude":"112.64465","Number of Plumes Detected\n(2024-Present)":"10","Plumes Notified\n(Y/N)":"N","Feedback Received\n(Y/N)":"—","Average Half-Year\nFlux Rate (t/h)":"4.32","Average Half-Year\nFlux Rate Std. Dev. (t/h)":"3.84","Average Annual\nFlux Rate (t/h)":"3.57","Average Annual\nFlux Rate Std. Dev. (t/h)":"3.73","Date of Last\nPlume Detected":"2026-04-30T03:53:51.000","Half-Year\nPersistency Category":"persistent","Half-Year\nEmission Persistency":"1.0","Half-Year\nPersistency Std. Dev.":"0.0","Annual\nPersistency Category":"persistent","Annual\nEmission Persistency":"1.0","Annual\nPersistency Std. Dev.":"0.0","Estimated Half-Year\nCH4 Emissions (t)":"18662","Estimated Annual\nCH4 Emissions (t)":"31273","group":"Thermal coal"}},{"type":"Feature","geometry":{"type":"Point","coordinates":[55.79347,25.63767]},"properties":{"Country":"United Arab Emirates","Sector":"Waste","Potential Source Type":"Landfill","Source ID":"ARE_S_023","Latitude":"25.63767","Longitude":"55.79347","Number of Plumes Detected\n(2024-Present)":"3","Plumes Notified\n(Y/N)":"N","Feedback Received\n(Y/N)":"—","Average Half-Year\nFlux Rate (t/h)":"5.4","Average Half-Year\nFlux Rate Std. Dev. (t/h)":"2.99","Average Annual\nFlux Rate (t/h)":"5.4","Average Annual\nFlux Rate Std. Dev. (t/h)":"2.99","Date of Last\nPlume Detected":"2026-05-24T09:30:25.000","Half-Year\nPersistency Category":"persistent","Half-Year\nEmission Persistency":"1.0","Half-Year\nPersistency Std. Dev.":"0.0","Annual\nPersistency Category":"frequent","Annual\nEmission Persistency":"0.6","Annual\nPersistency Std. Dev.":"0.22","Estimated Half-Year\nCH4 Emissions (t)":"23328","Estimated Annual\nCH4 Emissions (t)":"28382","group":"Waste"}},{"type":"Feature","geometry":{"type":"Point","coordinates":[112.89036,35.99206]},"properties":{"Country":"China","Sector":"Thermal and metallurgical coal","Potential Source Type":"Drainage station","Source ID":"CHN_S_182","Latitude":"35.99206","Longitude":"112.89036","Number of Plumes Detected\n(2024-Present)":"19","Plumes Notified\n(Y/N)":"N","Feedback Received\n(Y/N)":"—","Average Half-Year\nFlux Rate (t/h)":"4.67","Average Half-Year\nFlux Rate Std. Dev. (t/h)":"5.32","Average Annual\nFlux Rate (t/h)":"3.51","Average Annual\nFlux Rate Std. Dev. (t/h)":"4.25","Date of Last\nPlume Detected":"2026-04-30T03:53:46.000","Half-Year\nPersistency Category":"persistent","Half-Year\nEmission Persistency":"0.86","Half-Year\nPersistency Std. Dev.":"0.13","Annual\nPersistency Category":"persistent","Annual\nEmission Persistency":"0.92","Annual\nPersistency Std. Dev.":"0.08","Estimated Half-Year\nCH4 Emissions (t)":"17349","Estimated Annual\nCH4 Emissions (t)":"28287","group":"Thermal and metallurgical coal"}},{"type":"Feature","geometry":{"type":"Point","coordinates":[69.36555,28.05525]},"properties":{"Country":"Pakistan","Sector":"Oil and gas","Potential Source Type":"Gathering and boosting facilities","Source ID":"PAK_S_008","Latitude":"28.05525","Longitude":"69.36555","Number of Plumes Detected\n(2024-Present)":"14","Plumes Notified\n(Y/N)":"Y","Feedback Received\n(Y/N)":"N","Average Half-Year\nFlux Rate (t/h)":"3.88","Average Half-Year\nFlux Rate Std. Dev. (t/h)":"0.38","Average Annual\nFlux Rate (t/h)":"3.21","Average Annual\nFlux Rate Std. Dev. (t/h)":"1.39","Date of Last\nPlume Detected":"2026-05-26T07:57:40.000","Half-Year\nPersistency Category":"persistent","Half-Year\nEmission Persistency":"1.0","Half-Year\nPersistency Std. Dev.":"0.0","Annual\nPersistency Category":"persistent","Annual\nEmission Persistency":"1.0","Annual\nPersistency Std. Dev.":"0.0","Estimated Half-Year\nCH4 Emissions (t)":"16761","Estimated Annual\nCH4 Emissions (t)":"28119","group":"Oil and gas"}},{"type":"Feature","geometry":{"type":"Point","coordinates":[88.4253,22.53444]},"properties":{"Country":"India","Sector":"Waste","Potential Source Type":"Landfill","Source ID":"IND_S_056","Latitude":"22.53444","Longitude":"88.4253","Number of Plumes Detected\n(2024-Present)":"5","Plumes Notified\n(Y/N)":"N","Feedback Received\n(Y/N)":"—","Average Half-Year\nFlux Rate (t/h)":"2.85","Average Half-Year\nFlux Rate Std. Dev. (t/h)":"0.58","Average Annual\nFlux Rate (t/h)":"2.85","Average Annual\nFlux Rate Std. Dev. (t/h)":"0.58","Date of Last\nPlume Detected":"2026-05-26T06:22:56.000","Half-Year\nPersistency Category":"persistent","Half-Year\nEmission Persistency":"1.0","Half-Year\nPersistency Std. Dev.":"0.0","Annual\nPersistency Category":"persistent","Annual\nEmission Persistency":"1.0","Annual\nPersistency Std. Dev.":"0.0","Estimated Half-Year\nCH4 Emissions (t)":"12312","Estimated Annual\nCH4 Emissions (t)":"24966","group":"Waste"}},{"type":"Feature","geometry":{"type":"Point","coordinates":[77.1562,28.74244]},"properties":{"Country":"India","Sector":"Waste","Potential Source Type":"Landfill","Source ID":"IND_S_022","Latitude":"28.74244","Longitude":"77.1562","Number of Plumes Detected\n(2024-Present)":"23","Plumes Notified\n(Y/N)":"N","Feedback Received\n(Y/N)":"—","Average Half-Year\nFlux Rate (t/h)":"2.76","Average Half-Year\nFlux Rate Std. Dev. (t/h)":"1.29","Average Annual\nFlux Rate (t/h)":"2.81","Average Annual\nFlux Rate Std. Dev. (t/h)":"1.16","Date of Last\nPlume Detected":"2026-05-17T06:13:27.000","Half-Year\nPersistency Category":"persistent","Half-Year\nEmission Persistency":"1.0","Half-Year\nPersistency Std. Dev.":"0.0","Annual\nPersistency Category":"persistent","Annual\nEmission Persistency":"1.0","Annual\nPersistency Std. Dev.":"0.0","Estimated Half-Year\nCH4 Emissions (t)":"11923","Estimated Annual\nCH4 Emissions (t)":"24615","group":"Waste"}},{"type":"Feature","geometry":{"type":"Point","coordinates":[-98.84907,19.40711]},"properties":{"Country":"Mexico","Sector":"Waste","Potential Source Type":"Landfill","Source ID":"MEX_S_099","Latitude":"19.40711","Longitude":"-98.84907","Number of Plumes Detected\n(2024-Present)":"3","Plumes Notified\n(Y/N)":"N","Feedback Received\n(Y/N)":"—","Average Half-Year\nFlux Rate (t/h)":"2.81","Average Half-Year\nFlux Rate Std. Dev. (t/h)":"0.3","Average Annual\nFlux Rate (t/h)":"2.81","Average Annual\nFlux Rate Std. Dev. (t/h)":"0.3","Date of Last\nPlume Detected":"2026-02-28T17:23:10.000","Half-Year\nPersistency Category":"persistent","Half-Year\nEmission Persistency":"1.0","Half-Year\nPersistency Std. Dev.":"0.0","Annual\nPersistency Category":"persistent","Annual\nEmission Persistency":"1.0","Annual\nPersistency Std. Dev.":"0.0","Estimated Half-Year\nCH4 Emissions (t)":"12139","Estimated Annual\nCH4 Emissions (t)":"24615","group":"Waste"}},{"type":"Feature","geometry":{"type":"Point","coordinates":[31.56229,30.25634]},"properties":{"Country":"Egypt","Sector":"Waste","Potential Source Type":"Landfill","Source ID":"EGY_S_019","Latitude":"30.25634","Longitude":"31.56229","Number of Plumes Detected\n(2024-Present)":"16","Plumes Notified\n(Y/N)":"N","Feedback Received\n(Y/N)":"—","Average Half-Year\nFlux Rate (t/h)":"3.1","Average Half-Year\nFlux Rate Std. Dev. (t/h)":"0.75","Average Annual\nFlux Rate (t/h)":"2.78","Average Annual\nFlux Rate Std. Dev. (t/h)":"0.73","Date of Last\nPlume Detected":"2026-04-26T06:57:12.000","Half-Year\nPersistency Category":"persistent","Half-Year\nEmission Persistency":"1.0","Half-Year\nPersistency Std. Dev.":"0.0","Annual\nPersistency Category":"persistent","Annual\nEmission Persistency":"1.0","Annual\nPersistency Std. Dev.":"0.0","Estimated Half-Year\nCH4 Emissions (t)":"13392","Estimated Annual\nCH4 Emissions (t)":"24352","group":"Waste"}},{"type":"Feature","geometry":{"type":"Point","coordinates":[147.99512,-21.88795]},"properties":{"Country":"Australia","Sector":"Metallurgical coal","Potential Source Type":"Venting shaft","Source ID":"AUS_S_028","Latitude":"-21.88795","Longitude":"147.99512","Number of Plumes Detected\n(2024-Present)":"13","Plumes Notified\n(Y/N)":"N","Feedback Received\n(Y/N)":"—","Average Half-Year\nFlux Rate (t/h)":"2.73","Average Half-Year\nFlux Rate Std. Dev. (t/h)":"1.37","Average Annual\nFlux Rate (t/h)":"2.66","Average Annual\nFlux Rate Std. Dev. (t/h)":"1.08","Date of Last\nPlume Detected":"2026-05-27T00:54:27.000","Half-Year\nPersistency Category":"persistent","Half-Year\nEmission Persistency":"1.0","Half-Year\nPersistency Std. Dev.":"0.0","Annual\nPersistency Category":"persistent","Annual\nEmission Persistency":"1.0","Annual\nPersistency Std. Dev.":"0.0","Estimated Half-Year\nCH4 Emissions (t)":"11793","Estimated Annual\nCH4 Emissions (t)":"23301","group":"Metallurgical coal"}},{"type":"Feature","geometry":{"type":"Point","coordinates":[112.87599,36.38906]},"properties":{"Country":"China","Sector":"Thermal and metallurgical coal","Potential Source Type":"Venting shaft","Source ID":"CHN_S_157","Latitude":"36.38906","Longitude":"112.87599","Number of Plumes Detected\n(2024-Present)":"20","Plumes Notified\n(Y/N)":"N","Feedback Received\n(Y/N)":"—","Average Half-Year\nFlux Rate (t/h)":"2.29","Average Half-Year\nFlux Rate Std. Dev. (t/h)":"1.03","Average Annual\nFlux Rate (t/h)":"2.77","Average Annual\nFlux Rate Std. Dev. (t/h)":"1.54","Date of Last\nPlume Detected":"2026-05-05T03:21:31.000","Half-Year\nPersistency Category":"persistent","Half-Year\nEmission Persistency":"0.89","Half-Year\nPersistency Std. Dev.":"0.1","Annual\nPersistency Category":"persistent","Annual\nEmission Persistency":"0.93","Annual\nPersistency Std. Dev.":"0.07","Estimated Half-Year\nCH4 Emissions (t)":"8804","Estimated Annual\nCH4 Emissions (t)":"22566","group":"Thermal and metallurgical coal"}},{"type":"Feature","geometry":{"type":"Point","coordinates":[112.68846,35.59816]},"properties":{"Country":"China","Sector":"Thermal coal","Potential Source Type":"Drainage station","Source ID":"CHN_S_196","Latitude":"35.59816","Longitude":"112.68846","Number of Plumes Detected\n(2024-Present)":"8","Plumes Notified\n(Y/N)":"N","Feedback Received\n(Y/N)":"—","Average Half-Year\nFlux Rate (t/h)":"3.05","Average Half-Year\nFlux Rate Std. Dev. (t/h)":"2.31","Average Annual\nFlux Rate (t/h)":"2.52","Average Annual\nFlux Rate Std. Dev. (t/h)":"1.82","Date of Last\nPlume Detected":"2026-04-30T03:53:51.000","Half-Year\nPersistency Category":"persistent","Half-Year\nEmission Persistency":"1.0","Half-Year\nPersistency Std. Dev.":"0.0","Annual\nPersistency Category":"persistent","Annual\nEmission Persistency":"1.0","Annual\nPersistency Std. Dev.":"0.0","Estimated Half-Year\nCH4 Emissions (t)":"13176","Estimated Annual\nCH4 Emissions (t)":"22075","group":"Thermal coal"}},{"type":"Feature","geometry":{"type":"Point","coordinates":[62.13602,40.45467]},"properties":{"Country":"Turkmenistan","Sector":"Oil and gas","Potential Source Type":"Transmission pipelines","Source ID":"TKM_S_256","Latitude":"40.45467","Longitude":"62.13602","Number of Plumes Detected\n(2024-Present)":"10","Plumes Notified\n(Y/N)":"Y","Feedback Received\n(Y/N)":"N","Average Half-Year\nFlux Rate (t/h)":"2.66","Average Half-Year\nFlux Rate Std. Dev. (t/h)":"1.01","Average Annual\nFlux Rate (t/h)":"2.5","Average Annual\nFlux Rate Std. Dev. (t/h)":"0.88","Date of Last\nPlume Detected":"2026-06-03T06:25:46.000","Half-Year\nPersistency Category":"persistent","Half-Year\nEmission Persistency":"1.0","Half-Year\nPersistency Std. Dev.":"0.0","Annual\nPersistency Category":"persistent","Annual\nEmission Persistency":"1.0","Annual\nPersistency Std. Dev.":"0.0","Estimated Half-Year\nCH4 Emissions (t)":"11491","Estimated Annual\nCH4 Emissions (t)":"21900","group":"Oil and gas"}},{"type":"Feature","geometry":{"type":"Point","coordinates":[18.54222,-33.77659]},"properties":{"Country":"South Africa","Sector":"Waste","Potential Source Type":"Landfill","Source ID":"ZAF_S_006","Latitude":"-33.77659","Longitude":"18.54222","Number of Plumes Detected\n(2024-Present)":"22","Plumes Notified\n(Y/N)":"N","Feedback Received\n(Y/N)":"—","Average Half-Year\nFlux Rate (t/h)":"2.43","Average Half-Year\nFlux Rate Std. Dev. (t/h)":"1.02","Average Annual\nFlux Rate (t/h)":"2.67","Average Annual\nFlux Rate Std. Dev. (t/h)":"1.07","Date of Last\nPlume Detected":"2026-05-14T12:18:58.000","Half-Year\nPersistency Category":"persistent","Half-Year\nEmission Persistency":"0.9","Half-Year\nPersistency Std. Dev.":"0.09","Annual\nPersistency Category":"persistent","Annual\nEmission Persistency":"0.87","Annual\nPersistency Std. Dev.":"0.09","Estimated Half-Year\nCH4 Emissions (t)":"9447","Estimated Annual\nCH4 Emissions (t)":"20348","group":"Waste"}},{"type":"Feature","geometry":{"type":"Point","coordinates":[72.56738,22.98321]},"properties":{"Country":"India","Sector":"Waste","Potential Source Type":"Landfill","Source ID":"IND_S_017","Latitude":"22.98321","Longitude":"72.56738","Number of Plumes Detected\n(2024-Present)":"28","Plumes Notified\n(Y/N)":"N","Feedback Received\n(Y/N)":"—","Average Half-Year\nFlux Rate (t/h)":"2.05","Average Half-Year\nFlux Rate Std. Dev. (t/h)":"0.89","Average Annual\nFlux Rate (t/h)":"2.58","Average Annual\nFlux Rate Std. Dev. (t/h)":"0.93","Date of Last\nPlume Detected":"2026-05-08T05:52:30.000","Half-Year\nPersistency Category":"persistent","Half-Year\nEmission Persistency":"0.83","Half-Year\nPersistency Std. Dev.":"0.15","Annual\nPersistency Category":"persistent","Annual\nEmission Persistency":"0.9","Annual\nPersistency Std. Dev.":"0.09","Estimated Half-Year\nCH4 Emissions (t)":"7350","Estimated Annual\nCH4 Emissions (t)":"20340","group":"Waste"}},{"type":"Feature","geometry":{"type":"Point","coordinates":[112.86259,36.0917]},"properties":{"Country":"China","Sector":"Thermal and metallurgical coal","Potential Source Type":"Drainage station","Source ID":"CHN_S_175","Latitude":"36.0917","Longitude":"112.86259","Number of Plumes Detected\n(2024-Present)":"17","Plumes Notified\n(Y/N)":"N","Feedback Received\n(Y/N)":"—","Average Half-Year\nFlux Rate (t/h)":"3.22","Average Half-Year\nFlux Rate Std. Dev. (t/h)":"3.06","Average Annual\nFlux Rate (t/h)":"2.68","Average Annual\nFlux Rate Std. Dev. (t/h)":"2.33","Date of Last\nPlume Detected":"2026-05-11T03:24:51.000","Half-Year\nPersistency Category":"persistent","Half-Year\nEmission Persistency":"0.83","Half-Year\nPersistency Std. Dev.":"0.15","Annual\nPersistency Category":"persistent","Annual\nEmission Persistency":"0.85","Annual\nPersistency Std. Dev.":"0.1","Estimated Half-Year\nCH4 Emissions (t)":"11545","Estimated Annual\nCH4 Emissions (t)":"19955","group":"Thermal and metallurgical coal"}},{"type":"Feature","geometry":{"type":"Point","coordinates":[54.02161,38.09913]},"properties":{"Country":"Turkmenistan","Sector":"Oil and gas","Potential Source Type":"Oil and gas facility (generic)","Source ID":"TKM_S_438","Latitude":"38.09913","Longitude":"54.02161","Number of Plumes Detected\n(2024-Present)":"76","Plumes Notified\n(Y/N)":"Y","Feedback Received\n(Y/N)":"N","Average Half-Year\nFlux Rate (t/h)":"3.2","Average Half-Year\nFlux Rate Std. Dev. (t/h)":"3.02","Average Annual\nFlux Rate (t/h)":"2.67","Average Annual\nFlux Rate Std. Dev. (t/h)":"2.23","Date of Last\nPlume Detected":"2026-06-12T07:06:21.000","Half-Year\nPersistency Category":"persistent","Half-Year\nEmission Persistency":"0.91","Half-Year\nPersistency Std. Dev.":"0.05","Annual\nPersistency Category":"persistent","Annual\nEmission Persistency":"0.84","Annual\nPersistency Std. Dev.":"0.04","Estimated Half-Year\nCH4 Emissions (t)":"12579","Estimated Annual\nCH4 Emissions (t)":"19646","group":"Oil and gas"}},{"type":"Feature","geometry":{"type":"Point","coordinates":[77.32729,28.62423]},"properties":{"Country":"India","Sector":"Waste","Potential Source Type":"Landfill","Source ID":"IND_S_026","Latitude":"28.62423","Longitude":"77.32729","Number of Plumes Detected\n(2024-Present)":"10","Plumes Notified\n(Y/N)":"N","Feedback Received\n(Y/N)":"—","Average Half-Year\nFlux Rate (t/h)":"2.24","Average Half-Year\nFlux Rate Std. Dev. (t/h)":"0.2","Average Annual\nFlux Rate (t/h)":"2.24","Average Annual\nFlux Rate Std. Dev. (t/h)":"0.2","Date of Last\nPlume Detected":"2026-05-17T06:13:27.000","Half-Year\nPersistency Category":"persistent","Half-Year\nEmission Persistency":"1.0","Half-Year\nPersistency Std. Dev.":"0.0","Annual\nPersistency Category":"persistent","Annual\nEmission Persistency":"1.0","Annual\nPersistency Std. Dev.":"0.0","Estimated Half-Year\nCH4 Emissions (t)":"9676","Estimated Annual\nCH4 Emissions (t)":"19622","group":"Waste"}},{"type":"Feature","geometry":{"type":"Point","coordinates":[-80.41903,39.64805]},"properties":{"Country":"United States of America","Sector":"Thermal and metallurgical coal","Potential Source Type":"Venting shaft","Source ID":"USA_S_422","Latitude":"39.64805","Longitude":"-80.41903","Number of Plumes Detected\n(2024-Present)":"8","Plumes Notified\n(Y/N)":"N","Feedback Received\n(Y/N)":"—","Average Half-Year\nFlux Rate (t/h)":"2.81","Average Half-Year\nFlux Rate Std. Dev. (t/h)":"1.61","Average Annual\nFlux Rate (t/h)":"2.12","Average Annual\nFlux Rate Std. Dev. (t/h)":"1.66","Date of Last\nPlume Detected":"2026-06-07T20:37:14.000","Half-Year\nPersistency Category":"persistent","Half-Year\nEmission Persistency":"1.0","Half-Year\nPersistency Std. Dev.":"0.0","Annual\nPersistency Category":"persistent","Annual\nEmission Persistency":"1.0","Annual\nPersistency Std. Dev.":"0.0","Estimated Half-Year\nCH4 Emissions (t)":"12139","Estimated Annual\nCH4 Emissions (t)":"18571","group":"Thermal and metallurgical coal"}},{"type":"Feature","geometry":{"type":"Point","coordinates":[112.98686,36.48173]},"properties":{"Country":"China","Sector":"Metallurgical coal","Potential Source Type":"Venting shaft","Source ID":"CHN_S_205","Latitude":"36.48173","Longitude":"112.98686","Number of Plumes Detected\n(2024-Present)":"21","Plumes Notified\n(Y/N)":"N","Feedback Received\n(Y/N)":"—","Average Half-Year\nFlux Rate (t/h)":"2.74","Average Half-Year\nFlux Rate Std. Dev. (t/h)":"2.28","Average Annual\nFlux Rate (t/h)":"2.27","Average Annual\nFlux Rate Std. Dev. (t/h)":"1.83","Date of Last\nPlume Detected":"2026-06-15T03:46:31.000","Half-Year\nPersistency Category":"persistent","Half-Year\nEmission Persistency":"1.0","Half-Year\nPersistency Std. Dev.":"0.0","Annual\nPersistency Category":"persistent","Annual\nEmission Persistency":"0.93","Annual\nPersistency Std. Dev.":"0.07","Estimated Half-Year\nCH4 Emissions (t)":"11836","Estimated Annual\nCH4 Emissions (t)":"18493","group":"Metallurgical coal"}},{"type":"Feature","geometry":{"type":"Point","coordinates":[110.99532,37.3317]},"properties":{"Country":"China","Sector":"Metallurgical coal","Potential Source Type":"Venting shaft","Source ID":"CHN_S_337","Latitude":"37.3317","Longitude":"110.99532","Number of Plumes Detected\n(2024-Present)":"11","Plumes Notified\n(Y/N)":"N","Feedback Received\n(Y/N)":"—","Average Half-Year\nFlux Rate (t/h)":"2.99","Average Half-Year\nFlux Rate Std. Dev. (t/h)":"1.41","Average Annual\nFlux Rate (t/h)":"2.05","Average Annual\nFlux Rate Std. Dev. (t/h)":"1.6","Date of Last\nPlume Detected":"2026-04-17T04:34:05.000","Half-Year\nPersistency Category":"persistent","Half-Year\nEmission Persistency":"1.0","Half-Year\nPersistency Std. Dev.":"0.0","Annual\nPersistency Category":"persistent","Annual\nEmission Persistency":"1.0","Annual\nPersistency Std. Dev.":"0.0","Estimated Half-Year\nCH4 Emissions (t)":"12916","Estimated Annual\nCH4 Emissions (t)":"17958","group":"Metallurgical coal"}},{"type":"Feature","geometry":{"type":"Point","coordinates":[72.27994,23.48031]},"properties":{"Country":"India","Sector":"Oil and gas","Potential Source Type":"Flare","Source ID":"IND_S_014","Latitude":"23.48031","Longitude":"72.27994","Number of Plumes Detected\n(2024-Present)":"22","Plumes Notified\n(Y/N)":"Y","Feedback Received\n(Y/N)":"N","Average Half-Year\nFlux Rate (t/h)":"2.12","Average Half-Year\nFlux Rate Std. Dev. (t/h)":"0.64","Average Annual\nFlux Rate (t/h)":"2.01","Average Annual\nFlux Rate Std. Dev. (t/h)":"0.66","Date of Last\nPlume Detected":"2026-05-02T05:49:08.000","Half-Year\nPersistency Category":"persistent","Half-Year\nEmission Persistency":"1.0","Half-Year\nPersistency Std. Dev.":"0.0","Annual\nPersistency Category":"persistent","Annual\nEmission Persistency":"1.0","Annual\nPersistency Std. Dev.":"0.0","Estimated Half-Year\nCH4 Emissions (t)":"9158","Estimated Annual\nCH4 Emissions (t)":"17607","group":"Oil and gas"}},{"type":"Feature","geometry":{"type":"Point","coordinates":[54.19757,38.50625]},"properties":{"Country":"Turkmenistan","Sector":"Oil and gas","Potential Source Type":"Gas disposal facility","Source ID":"TKM_S_020","Latitude":"38.50625","Longitude":"54.19757","Number of Plumes Detected\n(2024-Present)":"116","Plumes Notified\n(Y/N)":"Y","Feedback Received\n(Y/N)":"Y","Average Half-Year\nFlux Rate (t/h)":"2.37","Average Half-Year\nFlux Rate Std. Dev. (t/h)":"1.63","Average Annual\nFlux Rate (t/h)":"2.38","Average Annual\nFlux Rate Std. Dev. (t/h)":"1.57","Date of Last\nPlume Detected":"2026-06-14T07:13:21.000","Half-Year\nPersistency Category":"persistent","Half-Year\nEmission Persistency":"0.93","Half-Year\nPersistency Std. Dev.":"0.04","Annual\nPersistency Category":"frequent","Annual\nEmission Persistency":"0.8","Annual\nPersistency Std. Dev.":"0.04","Estimated Half-Year\nCH4 Emissions (t)":"9521","Estimated Annual\nCH4 Emissions (t)":"16679","group":"Oil and gas"}},{"type":"Feature","geometry":{"type":"Point","coordinates":[112.92011,36.13813]},"properties":{"Country":"China","Sector":"Thermal and metallurgical coal","Potential Source Type":"Drainage station","Source ID":"CHN_S_161","Latitude":"36.13813","Longitude":"112.92011","Number of Plumes Detected\n(2024-Present)":"14","Plumes Notified\n(Y/N)":"N","Feedback Received\n(Y/N)":"—","Average Half-Year\nFlux Rate (t/h)":"2.68","Average Half-Year\nFlux Rate Std. Dev. (t/h)":"2.28","Average Annual\nFlux Rate (t/h)":"2.11","Average Annual\nFlux Rate Std. Dev. (t/h)":"1.92","Date of Last\nPlume Detected":"2026-06-15T03:46:35.000","Half-Year\nPersistency Category":"persistent","Half-Year\nEmission Persistency":"1.0","Half-Year\nPersistency Std. Dev.":"0.0","Annual\nPersistency Category":"persistent","Annual\nEmission Persistency":"0.89","Annual\nPersistency Std. Dev.":"0.1","Estimated Half-Year\nCH4 Emissions (t)":"11577","Estimated Annual\nCH4 Emissions (t)":"16450","group":"Thermal and metallurgical coal"}},{"type":"Feature","geometry":{"type":"Point","coordinates":[53.77668,39.46192]},"properties":{"Country":"Turkmenistan","Sector":"Oil and gas","Potential Source Type":"Pipeline","Source ID":"TKM_S_029","Latitude":"39.46192","Longitude":"53.77668","Number of Plumes Detected\n(2024-Present)":"210","Plumes Notified\n(Y/N)":"Y","Feedback Received\n(Y/N)":"Y","Average Half-Year\nFlux Rate (t/h)":"3.97","Average Half-Year\nFlux Rate Std. Dev. (t/h)":"1.56","Average Annual\nFlux Rate (t/h)":"3.98","Average Annual\nFlux Rate Std. Dev. (t/h)":"1.64","Date of Last\nPlume Detected":"2026-06-16T07:06:05.000","Half-Year\nPersistency Category":"frequent","Half-Year\nEmission Persistency":"0.57","Half-Year\nPersistency Std. Dev.":"0.07","Annual\nPersistency Category":"frequent","Annual\nEmission Persistency":"0.47","Annual\nPersistency Std. Dev.":"0.04","Estimated Half-Year\nCH4 Emissions (t)":"9775","Estimated Annual\nCH4 Emissions (t)":"16386","group":"Oil and gas"}},{"type":"Feature","geometry":{"type":"Point","coordinates":[112.88337,36.25226]},"properties":{"Country":"China","Sector":"Thermal coal","Potential Source Type":"Venting shaft","Source ID":"CHN_S_328","Latitude":"36.25226","Longitude":"112.88337","Number of Plumes Detected\n(2024-Present)":"13","Plumes Notified\n(Y/N)":"N","Feedback Received\n(Y/N)":"—","Average Half-Year\nFlux Rate (t/h)":"1.88","Average Half-Year\nFlux Rate Std. Dev. (t/h)":"0.77","Average Annual\nFlux Rate (t/h)":"1.85","Average Annual\nFlux Rate Std. Dev. (t/h)":"1.0","Date of Last\nPlume Detected":"2026-04-30T03:53:42.000","Half-Year\nPersistency Category":"persistent","Half-Year\nEmission Persistency":"1.0","Half-Year\nPersistency Std. Dev.":"0.0","Annual\nPersistency Category":"persistent","Annual\nEmission Persistency":"1.0","Annual\nPersistency Std. Dev.":"0.0","Estimated Half-Year\nCH4 Emissions (t)":"8121","Estimated Annual\nCH4 Emissions (t)":"16206","group":"Thermal coal"}},{"type":"Feature","geometry":{"type":"Point","coordinates":[28.15206,29.78652]},"properties":{"Country":"Egypt","Sector":"Oil and gas","Potential Source Type":"Gas disposal facility","Source ID":"EGY_S_055","Latitude":"29.78652","Longitude":"28.15206","Number of Plumes Detected\n(2024-Present)":"99","Plumes Notified\n(Y/N)":"Y","Feedback Received\n(Y/N)":"Y","Average Half-Year\nFlux Rate (t/h)":"4.17","Average Half-Year\nFlux Rate Std. Dev. (t/h)":"2.16","Average Annual\nFlux Rate (t/h)":"4.08","Average Annual\nFlux Rate Std. Dev. (t/h)":"1.91","Date of Last\nPlume Detected":"2026-06-12T08:46:01.000","Half-Year\nPersistency Category":"frequent","Half-Year\nEmission Persistency":"0.7","Half-Year\nPersistency Std. Dev.":"0.05","Annual\nPersistency Category":"frequent","Annual\nEmission Persistency":"0.42","Annual\nPersistency Std. Dev.":"0.03","Estimated Half-Year\nCH4 Emissions (t)":"12610","Estimated Annual\nCH4 Emissions (t)":"15011","group":"Oil and gas"}},{"type":"Feature","geometry":{"type":"Point","coordinates":[113.02675,36.39735]},"properties":{"Country":"China","Sector":"Thermal coal","Potential Source Type":"Flare","Source ID":"CHN_S_118","Latitude":"36.39735","Longitude":"113.02675","Number of Plumes Detected\n(2024-Present)":"14","Plumes Notified\n(Y/N)":"N","Feedback Received\n(Y/N)":"—","Average Half-Year\nFlux Rate (t/h)":"2.75","Average Half-Year\nFlux Rate Std. Dev. (t/h)":"2.4","Average Annual\nFlux Rate (t/h)":"2.31","Average Annual\nFlux Rate Std. Dev. (t/h)":"2.15","Date of Last\nPlume Detected":"2026-06-15T03:46:31.000","Half-Year\nPersistency Category":"persistent","Half-Year\nEmission Persistency":"1.0","Half-Year\nPersistency Std. Dev.":"0.0","Annual\nPersistency Category":"frequent","Annual\nEmission Persistency":"0.73","Annual\nPersistency Std. Dev.":"0.11","Estimated Half-Year\nCH4 Emissions (t)":"11880","Estimated Annual\nCH4 Emissions (t)":"14771","group":"Thermal coal"}},{"type":"Feature","geometry":{"type":"Point","coordinates":[112.98069,36.10827]},"properties":{"Country":"China","Sector":"Metallurgical coal","Potential Source Type":"Venting shaft","Source ID":"CHN_S_212","Latitude":"36.10827","Longitude":"112.98069","Number of Plumes Detected\n(2024-Present)":"14","Plumes Notified\n(Y/N)":"N","Feedback Received\n(Y/N)":"—","Average Half-Year\nFlux Rate (t/h)":"2.98","Average Half-Year\nFlux Rate Std. Dev. (t/h)":"1.08","Average Annual\nFlux Rate (t/h)":"2.34","Average Annual\nFlux Rate Std. Dev. (t/h)":"1.42","Date of Last\nPlume Detected":"2026-06-15T03:46:35.000","Half-Year\nPersistency Category":"persistent","Half-Year\nEmission Persistency":"1.0","Half-Year\nPersistency Std. Dev.":"0.0","Annual\nPersistency Category":"frequent","Annual\nEmission Persistency":"0.7","Annual\nPersistency Std. Dev.":"0.14","Estimated Half-Year\nCH4 Emissions (t)":"12873","Estimated Annual\nCH4 Emissions (t)":"14348","group":"Metallurgical coal"}},{"type":"Feature","geometry":{"type":"Point","coordinates":[104.67365,26.34904]},"properties":{"Country":"China","Sector":"Thermal and metallurgical coal","Potential Source Type":"Coal mine facility (generic)","Source ID":"CHN_S_840","Latitude":"26.34904","Longitude":"104.67365","Number of Plumes Detected\n(2024-Present)":"3","Plumes Notified\n(Y/N)":"N","Feedback Received\n(Y/N)":"—","Average Half-Year\nFlux Rate (t/h)":"1.55","Average Half-Year\nFlux Rate Std. Dev. (t/h)":"0.64","Average Annual\nFlux Rate (t/h)":"1.55","Average Annual\nFlux Rate Std. Dev. (t/h)":"0.64","Date of Last\nPlume Detected":"2026-04-03T02:34:48.000","Half-Year\nPersistency Category":"persistent","Half-Year\nEmission Persistency":"1.0","Half-Year\nPersistency Std. Dev.":"0.0","Annual\nPersistency Category":"persistent","Annual\nEmission Persistency":"1.0","Annual\nPersistency Std. Dev.":"0.0","Estimated Half-Year\nCH4 Emissions (t)":"6696","Estimated Annual\nCH4 Emissions (t)":"13578","group":"Thermal and metallurgical coal"}},{"type":"Feature","geometry":{"type":"Point","coordinates":[30.78879,30.44543]},"properties":{"Country":"Egypt","Sector":"Waste","Potential Source Type":"Landfill","Source ID":"EGY_S_043","Latitude":"30.44543","Longitude":"30.78879","Number of Plumes Detected\n(2024-Present)":"13","Plumes Notified\n(Y/N)":"N","Feedback Received\n(Y/N)":"—","Average Half-Year\nFlux Rate (t/h)":"2.28","Average Half-Year\nFlux Rate Std. Dev. (t/h)":"0.76","Average Annual\nFlux Rate (t/h)":"1.8","Average Annual\nFlux Rate Std. Dev. (t/h)":"0.92","Date of Last\nPlume Detected":"2026-05-24T09:10:24.000","Half-Year\nPersistency Category":"frequent","Half-Year\nEmission Persistency":"0.67","Half-Year\nPersistency Std. Dev.":"0.19","Annual\nPersistency Category":"frequent","Annual\nEmission Persistency":"0.7","Annual\nPersistency Std. Dev.":"0.14","Estimated Half-Year\nCH4 Emissions (t)":"6599","Estimated Annual\nCH4 Emissions (t)":"11037","group":"Waste"}},{"type":"Feature","geometry":{"type":"Point","coordinates":[-92.237,19.56611]},"properties":{"Country":"Mexico","Sector":"Oil and gas","Potential Source Type":"Production offshore","Source ID":"MEX_S_003","Latitude":"19.56611","Longitude":"-92.237","Number of Plumes Detected\n(2024-Present)":"77","Plumes Notified\n(Y/N)":"Y","Feedback Received\n(Y/N)":"Y","Average Half-Year\nFlux Rate (t/h)":"37.28","Average Half-Year\nFlux Rate Std. Dev. (t/h)":"8.78","Average Annual\nFlux Rate (t/h)":"36.9","Average Annual\nFlux Rate Std. Dev. (t/h)":"9.67","Date of Last\nPlume Detected":"2026-07-15T16:28:29.000","Half-Year\nPersistency Category":"frequent","Half-Year\nEmission Persistency":"0.67","Half-Year\nPersistency Std. Dev.":"0.07","Annual\nPersistency Category":"frequent","Annual\nEmission Persistency":"0.51","Annual\nPersistency Std. Dev.":"0.06","Estimated Half-Year\nCH4 Emissions (t)":"107903","Estimated Annual\nCH4 Emissions (t)":"164854","group":"Oil and gas"}},{"type":"Feature","geometry":{"type":"Point","coordinates":[54.02815,38.33075]},"properties":{"Country":"Turkmenistan","Sector":"Oil and gas","Potential Source Type":"Gas disposal facility","Source ID":"TKM_S_022","Latitude":"38.33075","Longitude":"54.02815","Number of Plumes Detected\n(2024-Present)":"147","Plumes Notified\n(Y/N)":"Y","Feedback Received\n(Y/N)":"Y","Average Half-Year\nFlux Rate (t/h)":"11.96","Average Half-Year\nFlux Rate Std. Dev. (t/h)":"7.29","Average Annual\nFlux Rate (t/h)":"9.86","Average Annual\nFlux Rate Std. Dev. (t/h)":"6.25","Date of Last\nPlume Detected":"2026-07-04T07:13:21.000","Half-Year\nPersistency Category":"persistent","Half-Year\nEmission Persistency":"1.0","Half-Year\nPersistency Std. Dev.":"0.0","Annual\nPersistency Category":"persistent","Annual\nEmission Persistency":"0.93","Annual\nPersistency Std. Dev.":"0.03","Estimated Half-Year\nCH4 Emissions (t)":"51667","Estimated Annual\nCH4 Emissions (t)":"80327","group":"Oil and gas"}},{"type":"Feature","geometry":{"type":"Point","coordinates":[53.9164,37.76777]},"properties":{"Country":"Turkmenistan","Sector":"Oil and gas","Potential Source Type":"Flare","Source ID":"TKM_S_367","Latitude":"37.76777","Longitude":"53.9164","Number of Plumes Detected\n(2024-Present)":"52","Plumes Notified\n(Y/N)":"Y","Feedback Received\n(Y/N)":"N","Average Half-Year\nFlux Rate (t/h)":"9.63","Average Half-Year\nFlux Rate Std. Dev. (t/h)":"5.51","Average Annual\nFlux Rate (t/h)":"9.13","Average Annual\nFlux Rate Std. Dev. (t/h)":"5.06","Date of Last\nPlume Detected":"2026-07-12T07:06:21.000","Half-Year\nPersistency Category":"persistent","Half-Year\nEmission Persistency":"0.97","Half-Year\nPersistency Std. Dev.":"0.03","Annual\nPersistency Category":"persistent","Annual\nEmission Persistency":"0.81","Annual\nPersistency Std. Dev.":"0.05","Estimated Half-Year\nCH4 Emissions (t)":"40353","Estimated Annual\nCH4 Emissions (t)":"64782","group":"Oil and gas"}},{"type":"Feature","geometry":{"type":"Point","coordinates":[28.96923,40.26438]},"properties":{"Country":"Türkiye","Sector":"Waste","Potential Source Type":"Landfill","Source ID":"TUR_S_016","Latitude":"40.26438","Longitude":"28.96923","Number of Plumes Detected\n(2024-Present)":"11","Plumes Notified\n(Y/N)":"N","Feedback Received\n(Y/N)":"—","Average Half-Year\nFlux Rate (t/h)":"7.91","Average Half-Year\nFlux Rate Std. Dev. (t/h)":"6.44","Average Annual\nFlux Rate (t/h)":"6.66","Average Annual\nFlux Rate Std. Dev. (t/h)":"6.23","Date of Last\nPlume Detected":"2026-04-20T08:25:26.000","Half-Year\nPersistency Category":"persistent","Half-Year\nEmission Persistency":"1.0","Half-Year\nPersistency Std. Dev.":"0.0","Annual\nPersistency Category":"persistent","Annual\nEmission Persistency":"1.0","Annual\nPersistency Std. Dev.":"0.0","Estimated Half-Year\nCH4 Emissions (t)":"34171","Estimated Annual\nCH4 Emissions (t)":"58341","group":"Waste"}},{"type":"Feature","geometry":{"type":"Point","coordinates":[23.65077,38.07435]},"properties":{"Country":"Greece","Sector":"Waste","Potential Source Type":"Landfill","Source ID":"GRC_S_001","Latitude":"38.07435","Longitude":"23.65077","Number of Plumes Detected\n(2024-Present)":"7","Plumes Notified\n(Y/N)":"N","Feedback Received\n(Y/N)":"—","Average Half-Year\nFlux Rate (t/h)":"6.53","Average Half-Year\nFlux Rate Std. Dev. (t/h)":"0.54","Average Annual\nFlux Rate (t/h)":"6.53","Average Annual\nFlux Rate Std. Dev. (t/h)":"0.54","Date of Last\nPlume Detected":"2026-06-24T07:23:03.000","Half-Year\nPersistency Category":"persistent","Half-Year\nEmission Persistency":"1.0","Half-Year\nPersistency Std. Dev.":"0.0","Annual\nPersistency Category":"persistent","Annual\nEmission Persistency":"1.0","Annual\nPersistency Std. Dev.":"0.0","Estimated Half-Year\nCH4 Emissions (t)":"28209","Estimated Annual\nCH4 Emissions (t)":"57202","group":"Waste"}},{"type":"Feature","geometry":{"type":"Point","coordinates":[-6.81442,33.87048]},"properties":{"Country":"Morocco","Sector":"Waste","Potential Source Type":"Landfill","Source ID":"MAR_S_004","Latitude":"33.87048","Longitude":"-6.81442","Number of Plumes Detected\n(2024-Present)":"6","Plumes Notified\n(Y/N)":"N","Feedback Received\n(Y/N)":"—","Average Half-Year\nFlux Rate (t/h)":"6.19","Average Half-Year\nFlux Rate Std. Dev. (t/h)":"3.6","Average Annual\nFlux Rate (t/h)":"6.19","Average Annual\nFlux Rate Std. Dev. (t/h)":"3.6","Date of Last\nPlume Detected":"2026-06-22T10:31:02.000","Half-Year\nPersistency Category":"persistent","Half-Year\nEmission Persistency":"1.0","Half-Year\nPersistency Std. Dev.":"0.0","Annual\nPersistency Category":"persistent","Annual\nEmission Persistency":"1.0","Annual\nPersistency Std. Dev.":"0.0","Estimated Half-Year\nCH4 Emissions (t)":"26740","Estimated Annual\nCH4 Emissions (t)":"54224","group":"Waste"}},{"type":"Feature","geometry":{"type":"Point","coordinates":[102.61433,7.49474]},"properties":{"Country":"Thailand","Sector":"Oil and gas","Potential Source Type":"Production offshore","Source ID":"THA_S_008","Latitude":"7.49474","Longitude":"102.61433","Number of Plumes Detected\n(2024-Present)":"14","Plumes Notified\n(Y/N)":"Y","Feedback Received\n(Y/N)":"Y","Average Half-Year\nFlux Rate (t/h)":"9.91","Average Half-Year\nFlux Rate Std. Dev. (t/h)":"2.57","Average Annual\nFlux Rate (t/h)":"9.96","Average Annual\nFlux Rate Std. Dev. (t/h)":"2.32","Date of Last\nPlume Detected":"2026-05-28T03:26:27.000","Half-Year\nPersistency Category":"frequent","Half-Year\nEmission Persistency":"0.6","Half-Year\nPersistency Std. Dev.":"0.13","Annual\nPersistency Category":"frequent","Annual\nEmission Persistency":"0.62","Annual\nPersistency Std. Dev.":"0.11","Estimated Half-Year\nCH4 Emissions (t)":"25686","Estimated Annual\nCH4 Emissions (t)":"54094","group":"Oil and gas"}},{"type":"Feature","geometry":{"type":"Point","coordinates":[77.65866,13.10912]},"properties":{"Country":"India","Sector":"Waste","Potential Source Type":"Landfill","Source ID":"IND_S_024","Latitude":"13.10912","Longitude":"77.65866","Number of Plumes Detected\n(2024-Present)":"7","Plumes Notified\n(Y/N)":"N","Feedback Received\n(Y/N)":"—","Average Half-Year\nFlux Rate (t/h)":"5.72","Average Half-Year\nFlux Rate Std. Dev. (t/h)":"0.57","Average Annual\nFlux Rate (t/h)":"5.72","Average Annual\nFlux Rate Std. Dev. (t/h)":"0.57","Date of Last\nPlume Detected":"2026-03-27T05:56:13.000","Half-Year\nPersistency Category":"persistent","Half-Year\nEmission Persistency":"1.0","Half-Year\nPersistency Std. Dev.":"0.0","Annual\nPersistency Category":"persistent","Annual\nEmission Persistency":"1.0","Annual\nPersistency Std. Dev.":"0.0","Estimated Half-Year\nCH4 Emissions (t)":"24710","Estimated Annual\nCH4 Emissions (t)":"50107","group":"Waste"}},{"type":"Feature","geometry":{"type":"Point","coordinates":[87.86554,44.03981]},"properties":{"Country":"China","Sector":"Waste","Potential Source Type":"Landfill","Source ID":"CHN_S_044","Latitude":"44.03981","Longitude":"87.86554","Number of Plumes Detected\n(2024-Present)":"12","Plumes Notified\n(Y/N)":"N","Feedback Received\n(Y/N)":"—","Average Half-Year\nFlux Rate (t/h)":"5.29","Average Half-Year\nFlux Rate Std. Dev. (t/h)":"1.91","Average Annual\nFlux Rate (t/h)":"5.29","Average Annual\nFlux Rate Std. Dev. (t/h)":"1.91","Date of Last\nPlume Detected":"2026-05-29T07:16:47.000","Half-Year\nPersistency Category":"persistent","Half-Year\nEmission Persistency":"1.0","Half-Year\nPersistency Std. Dev.":"0.0","Annual\nPersistency Category":"persistent","Annual\nEmission Persistency":"1.0","Annual\nPersistency Std. Dev.":"0.0","Estimated Half-Year\nCH4 Emissions (t)":"22852","Estimated Annual\nCH4 Emissions (t)":"46340","group":"Waste"}},{"type":"Feature","geometry":{"type":"Point","coordinates":[112.65204,35.63986]},"properties":{"Country":"China","Sector":"Thermal coal","Potential Source Type":"Venting shaft","Source ID":"CHN_S_192","Latitude":"35.63986","Longitude":"112.65204","Number of Plumes Detected\n(2024-Present)":"11","Plumes Notified\n(Y/N)":"N","Feedback Received\n(Y/N)":"—","Average Half-Year\nFlux Rate (t/h)":"6.09","Average Half-Year\nFlux Rate Std. Dev. (t/h)":"3.9","Average Annual\nFlux Rate (t/h)":"5.23","Average Annual\nFlux Rate Std. Dev. (t/h)":"3.31","Date of Last\nPlume Detected":"2026-06-27T03:57:10.000","Half-Year\nPersistency Category":"persistent","Half-Year\nEmission Persistency":"1.0","Half-Year\nPersistency Std. Dev.":"0.0","Annual\nPersistency Category":"persistent","Annual\nEmission Persistency":"1.0","Annual\nPersistency Std. Dev.":"0.0","Estimated Half-Year\nCH4 Emissions (t)":"26308","Estimated Annual\nCH4 Emissions (t)":"45814","group":"Thermal coal"}},{"type":"Feature","geometry":{"type":"Point","coordinates":[69.80955,27.96851]},"properties":{"Country":"Pakistan","Sector":"Oil and gas","Potential Source Type":"Gathering and boosting facilities","Source ID":"PAK_S_001","Latitude":"27.96851","Longitude":"69.80955","Number of Plumes Detected\n(2024-Present)":"38","Plumes Notified\n(Y/N)":"Y","Feedback Received\n(Y/N)":"N","Average Half-Year\nFlux Rate (t/h)":"5.6","Average Half-Year\nFlux Rate Std. Dev. (t/h)":"1.69","Average Annual\nFlux Rate (t/h)":"5.31","Average Annual\nFlux Rate Std. Dev. (t/h)":"1.6","Date of Last\nPlume Detected":"2026-06-30T06:04:25.000","Half-Year\nPersistency Category":"persistent","Half-Year\nEmission Persistency":"0.86","Half-Year\nPersistency Std. Dev.":"0.13","Annual\nPersistency Category":"persistent","Annual\nEmission Persistency":"0.9","Annual\nPersistency Std. Dev.":"0.09","Estimated Half-Year\nCH4 Emissions (t)":"20805","Estimated Annual\nCH4 Emissions (t)":"41864","group":"Oil and gas"}},{"type":"Feature","geometry":{"type":"Point","coordinates":[55.79347,25.63767]},"properties":{"Country":"United Arab Emirates","Sector":"Waste","Potential Source Type":"Landfill","Source ID":"ARE_S_023","Latitude":"25.63767","Longitude":"55.79347","Number of Plumes Detected\n(2024-Present)":"4","Plumes Notified\n(Y/N)":"N","Feedback Received\n(Y/N)":"—","Average Half-Year\nFlux Rate (t/h)":"4.77","Average Half-Year\nFlux Rate Std. Dev. (t/h)":"2.53","Average Annual\nFlux Rate (t/h)":"4.77","Average Annual\nFlux Rate Std. Dev. (t/h)":"2.53","Date of Last\nPlume Detected":"2026-06-27T05:06:59.000","Half-Year\nPersistency Category":"persistent","Half-Year\nEmission Persistency":"1.0","Half-Year\nPersistency Std. Dev.":"0.0","Annual\nPersistency Category":"persistent","Annual\nEmission Persistency":"1.0","Annual\nPersistency Std. Dev.":"0.0","Estimated Half-Year\nCH4 Emissions (t)":"20606","Estimated Annual\nCH4 Emissions (t)":"41785","group":"Waste"}},{"type":"Feature","geometry":{"type":"Point","coordinates":[112.03046,37.79471]},"properties":{"Country":"China","Sector":"Metallurgical coal","Potential Source Type":"Venting shaft","Source ID":"CHN_S_221","Latitude":"37.79471","Longitude":"112.03046","Number of Plumes Detected\n(2024-Present)":"7","Plumes Notified\n(Y/N)":"N","Feedback Received\n(Y/N)":"—","Average Half-Year\nFlux Rate (t/h)":"4.72","Average Half-Year\nFlux Rate Std. Dev. (t/h)":"5.41","Average Annual\nFlux Rate (t/h)":"4.72","Average Annual\nFlux Rate Std. Dev. (t/h)":"5.41","Date of Last\nPlume Detected":"2026-04-02T03:25:24.000","Half-Year\nPersistency Category":"persistent","Half-Year\nEmission Persistency":"1.0","Half-Year\nPersistency Std. Dev.":"0.0","Annual\nPersistency Category":"persistent","Annual\nEmission Persistency":"1.0","Annual\nPersistency Std. Dev.":"0.0","Estimated Half-Year\nCH4 Emissions (t)":"20390","Estimated Annual\nCH4 Emissions (t)":"41347","group":"Metallurgical coal"}},{"type":"Feature","geometry":{"type":"Point","coordinates":[102.98746,7.5925]},"properties":{"Country":"Malaysia","Sector":"Oil and gas","Potential Source Type":"Production offshore","Source ID":"MYS_S_001","Latitude":"7.5925","Longitude":"102.98746","Number of Plumes Detected\n(2024-Present)":"28","Plumes Notified\n(Y/N)":"Y","Feedback Received\n(Y/N)":"Y","Average Half-Year\nFlux Rate (t/h)":"10.04","Average Half-Year\nFlux Rate Std. Dev. (t/h)":"2.41","Average Annual\nFlux Rate (t/h)":"10.04","Average Annual\nFlux Rate Std. Dev. (t/h)":"2.41","Date of Last\nPlume Detected":"2026-05-22T03:25:09.000","Half-Year\nPersistency Category":"frequent","Half-Year\nEmission Persistency":"0.56","Half-Year\nPersistency Std. Dev.":"0.12","Annual\nPersistency Category":"frequent","Annual\nEmission Persistency":"0.47","Annual\nPersistency Std. Dev.":"0.11","Estimated Half-Year\nCH4 Emissions (t)":"24288","Estimated Annual\nCH4 Emissions (t)":"41336","group":"Oil and gas"}},{"type":"Feature","geometry":{"type":"Point","coordinates":[39.40224,21.65043]},"properties":{"Country":"Saudi Arabia","Sector":"Waste","Potential Source Type":"Landfill","Source ID":"SAU_S_011","Latitude":"21.65043","Longitude":"39.40224","Number of Plumes Detected\n(2024-Present)":"14","Plumes Notified\n(Y/N)":"N","Feedback Received\n(Y/N)":"—","Average Half-Year\nFlux Rate (t/h)":"5.45","Average Half-Year\nFlux Rate Std. Dev. (t/h)":"2.68","Average Annual\nFlux Rate (t/h)":"4.69","Average Annual\nFlux Rate Std. Dev. (t/h)":"2.21","Date of Last\nPlume Detected":"2026-05-22T11:02:21.000","Half-Year\nPersistency Category":"persistent","Half-Year\nEmission Persistency":"1.0","Half-Year\nPersistency Std. Dev.":"0.0","Annual\nPersistency Category":"persistent","Annual\nEmission Persistency":"1.0","Annual\nPersistency Std. Dev.":"0.0","Estimated Half-Year\nCH4 Emissions (t)":"23544","Estimated Annual\nCH4 Emissions (t)":"41084","group":"Waste"}},{"type":"Feature","geometry":{"type":"Point","coordinates":[54.23678,38.85321]},"properties":{"Country":"Turkmenistan","Sector":"Oil and gas","Potential Source Type":"Flare","Source ID":"TKM_S_018","Latitude":"38.85321","Longitude":"54.23678","Number of Plumes Detected\n(2024-Present)":"140","Plumes Notified\n(Y/N)":"Y","Feedback Received\n(Y/N)":"N","Average Half-Year\nFlux Rate (t/h)":"5.25","Average Half-Year\nFlux Rate Std. Dev. (t/h)":"1.61","Average Annual\nFlux Rate (t/h)":"6.03","Average Annual\nFlux Rate Std. Dev. (t/h)":"2.72","Date of Last\nPlume Detected":"2026-07-14T07:18:51.000","Half-Year\nPersistency Category":"frequent","Half-Year\nEmission Persistency":"0.53","Half-Year\nPersistency Std. Dev.":"0.07","Annual\nPersistency Category":"frequent","Annual\nEmission Persistency":"0.66","Annual\nPersistency Std. Dev.":"0.05","Estimated Half-Year\nCH4 Emissions (t)":"12020","Estimated Annual\nCH4 Emissions (t)":"34863","group":"Oil and gas"}},{"type":"Feature","geometry":{"type":"Point","coordinates":[69.36555,28.05525]},"properties":{"Country":"Pakistan","Sector":"Oil and gas","Potential Source Type":"Gathering and boosting facilities","Source ID":"PAK_S_008","Latitude":"28.05525","Longitude":"69.36555","Number of Plumes Detected\n(2024-Present)":"14","Plumes Notified\n(Y/N)":"Y","Feedback Received\n(Y/N)":"N","Average Half-Year\nFlux Rate (t/h)":"3.88","Average Half-Year\nFlux Rate Std. Dev. (t/h)":"0.38","Average Annual\nFlux Rate (t/h)":"3.88","Average Annual\nFlux Rate Std. Dev. (t/h)":"0.38","Date of Last\nPlume Detected":"2026-05-26T07:57:40.000","Half-Year\nPersistency Category":"persistent","Half-Year\nEmission Persistency":"1.0","Half-Year\nPersistency Std. Dev.":"0.0","Annual\nPersistency Category":"persistent","Annual\nEmission Persistency":"1.0","Annual\nPersistency Std. Dev.":"0.0","Estimated Half-Year\nCH4 Emissions (t)":"16761","Estimated Annual\nCH4 Emissions (t)":"33988","group":"Oil and gas"}},{"type":"Feature","geometry":{"type":"Point","coordinates":[112.56866,35.64253]},"properties":{"Country":"China","Sector":"Thermal coal","Potential Source Type":"Drainage station","Source ID":"CHN_S_018","Latitude":"35.64253","Longitude":"112.56866","Number of Plumes Detected\n(2024-Present)":"10","Plumes Notified\n(Y/N)":"N","Feedback Received\n(Y/N)":"—","Average Half-Year\nFlux Rate (t/h)":"3.36","Average Half-Year\nFlux Rate Std. Dev. (t/h)":"0.37","Average Annual\nFlux Rate (t/h)":"3.8","Average Annual\nFlux Rate Std. Dev. (t/h)":"0.84","Date of Last\nPlume Detected":"2026-07-12T03:46:51.000","Half-Year\nPersistency Category":"persistent","Half-Year\nEmission Persistency":"1.0","Half-Year\nPersistency Std. Dev.":"0.0","Annual\nPersistency Category":"persistent","Annual\nEmission Persistency":"1.0","Annual\nPersistency Std. Dev.":"0.0","Estimated Half-Year\nCH4 Emissions (t)":"14515","Estimated Annual\nCH4 Emissions (t)":"33288","group":"Thermal coal"}},{"type":"Feature","geometry":{"type":"Point","coordinates":[53.92428,37.92912]},"properties":{"Country":"Turkmenistan","Sector":"Oil and gas","Potential Source Type":"Flare","Source ID":"TKM_S_026","Latitude":"37.92912","Longitude":"53.92428","Number of Plumes Detected\n(2024-Present)":"95","Plumes Notified\n(Y/N)":"Y","Feedback Received\n(Y/N)":"Y","Average Half-Year\nFlux Rate (t/h)":"5.47","Average Half-Year\nFlux Rate Std. Dev. (t/h)":"3.14","Average Annual\nFlux Rate (t/h)":"5.16","Average Annual\nFlux Rate Std. Dev. (t/h)":"3.24","Date of Last\nPlume Detected":"2026-07-14T07:18:51.000","Half-Year\nPersistency Category":"frequent","Half-Year\nEmission Persistency":"0.69","Half-Year\nPersistency Std. Dev.":"0.08","Annual\nPersistency Category":"frequent","Annual\nEmission Persistency":"0.73","Annual\nPersistency Std. Dev.":"0.05","Estimated Half-Year\nCH4 Emissions (t)":"16304","Estimated Annual\nCH4 Emissions (t)":"32997","group":"Oil and gas"}},{"type":"Feature","geometry":{"type":"Point","coordinates":[113.43696,37.96728]},"properties":{"Country":"China","Sector":"Thermal coal","Potential Source Type":"Venting shaft","Source ID":"CHN_S_131","Latitude":"37.96728","Longitude":"113.43696","Number of Plumes Detected\n(2024-Present)":"13","Plumes Notified\n(Y/N)":"N","Feedback Received\n(Y/N)":"—","Average Half-Year\nFlux Rate (t/h)":"3.91","Average Half-Year\nFlux Rate Std. Dev. (t/h)":"2.11","Average Annual\nFlux Rate (t/h)":"3.71","Average Annual\nFlux Rate Std. Dev. (t/h)":"1.7","Date of Last\nPlume Detected":"2026-06-27T03:56:35.000","Half-Year\nPersistency Category":"persistent","Half-Year\nEmission Persistency":"1.0","Half-Year\nPersistency Std. Dev.":"0.0","Annual\nPersistency Category":"persistent","Annual\nEmission Persistency":"1.0","Annual\nPersistency Std. Dev.":"0.0","Estimated Half-Year\nCH4 Emissions (t)":"16891","Estimated Annual\nCH4 Emissions (t)":"32499","group":"Thermal coal"}},{"type":"Feature","geometry":{"type":"Point","coordinates":[112.64465,35.60638]},"properties":{"Country":"China","Sector":"Thermal coal","Potential Source Type":"Venting shaft","Source ID":"CHN_S_195","Latitude":"35.60638","Longitude":"112.64465","Number of Plumes Detected\n(2024-Present)":"11","Plumes Notified\n(Y/N)":"N","Feedback Received\n(Y/N)":"—","Average Half-Year\nFlux Rate (t/h)":"5.08","Average Half-Year\nFlux Rate Std. Dev. (t/h)":"4.32","Average Annual\nFlux Rate (t/h)":"3.57","Average Annual\nFlux Rate Std. Dev. (t/h)":"3.73","Date of Last\nPlume Detected":"2026-06-27T03:57:15.000","Half-Year\nPersistency Category":"persistent","Half-Year\nEmission Persistency":"1.0","Half-Year\nPersistency Std. Dev.":"0.0","Annual\nPersistency Category":"persistent","Annual\nEmission Persistency":"1.0","Annual\nPersistency Std. Dev.":"0.0","Estimated Half-Year\nCH4 Emissions (t)":"21945","Estimated Annual\nCH4 Emissions (t)":"31273","group":"Thermal coal"}},{"type":"Feature","geometry":{"type":"Point","coordinates":[112.94554,36.23247]},"properties":{"Country":"China","Sector":"Thermal coal","Potential Source Type":"Venting shaft","Source ID":"CHN_S_088","Latitude":"36.23247","Longitude":"112.94554","Number of Plumes Detected\n(2024-Present)":"20","Plumes Notified\n(Y/N)":"N","Feedback Received\n(Y/N)":"—","Average Half-Year\nFlux Rate (t/h)":"3.45","Average Half-Year\nFlux Rate Std. Dev. (t/h)":"0.65","Average Annual\nFlux Rate (t/h)":"3.55","Average Annual\nFlux Rate Std. Dev. (t/h)":"1.13","Date of Last\nPlume Detected":"2026-06-27T03:57:01.000","Half-Year\nPersistency Category":"persistent","Half-Year\nEmission Persistency":"1.0","Half-Year\nPersistency Std. Dev.":"0.0","Annual\nPersistency Category":"persistent","Annual\nEmission Persistency":"1.0","Annual\nPersistency Std. Dev.":"0.0","Estimated Half-Year\nCH4 Emissions (t)":"14904","Estimated Annual\nCH4 Emissions (t)":"31098","group":"Thermal coal"}},{"type":"Feature","geometry":{"type":"Point","coordinates":[55.19165,45.34143]},"properties":{"Country":"Kazakhstan","Sector":"Oil and gas","Potential Source Type":"Transmission compressor station","Source ID":"KAZ_S_003","Latitude":"45.34143","Longitude":"55.19165","Number of Plumes Detected\n(2024-Present)":"13","Plumes Notified\n(Y/N)":"Y","Feedback Received\n(Y/N)":"N","Average Half-Year\nFlux Rate (t/h)":"3.41","Average Half-Year\nFlux Rate Std. Dev. (t/h)":"2.98","Average Annual\nFlux Rate (t/h)":"3.41","Average Annual\nFlux Rate Std. Dev. (t/h)":"2.98","Date of Last\nPlume Detected":"2026-05-31T08:49:09.000","Half-Year\nPersistency Category":"persistent","Half-Year\nEmission Persistency":"1.0","Half-Year\nPersistency Std. Dev.":"0.0","Annual\nPersistency Category":"persistent","Annual\nEmission Persistency":"1.0","Annual\nPersistency Std. Dev.":"0.0","Estimated Half-Year\nCH4 Emissions (t)":"14731","Estimated Annual\nCH4 Emissions (t)":"29871","group":"Oil and gas"}},{"type":"Feature","geometry":{"type":"Point","coordinates":[150.72,-34.18144]},"properties":{"Country":"Australia","Sector":"Metallurgical coal","Potential Source Type":"Venting shaft","Source ID":"AUS_S_014","Latitude":"-34.18144","Longitude":"150.72","Number of Plumes Detected\n(2024-Present)":"17","Plumes Notified\n(Y/N)":"N","Feedback Received\n(Y/N)":"—","Average Half-Year\nFlux Rate (t/h)":"3.1","Average Half-Year\nFlux Rate Std. Dev. (t/h)":"1.84","Average Annual\nFlux Rate (t/h)":"3.26","Average Annual\nFlux Rate Std. Dev. (t/h)":"1.63","Date of Last\nPlume Detected":"2026-06-07T00:43:12.000","Half-Year\nPersistency Category":"persistent","Half-Year\nEmission Persistency":"1.0","Half-Year\nPersistency Std. Dev.":"0.0","Annual\nPersistency Category":"persistent","Annual\nEmission Persistency":"1.0","Annual\nPersistency Std. Dev.":"0.0","Estimated Half-Year\nCH4 Emissions (t)":"13392","Estimated Annual\nCH4 Emissions (t)":"28557","group":"Metallurgical coal"}},{"type":"Feature","geometry":{"type":"Point","coordinates":[112.9372,36.41495]},"properties":{"Country":"China","Sector":"Metallurgical coal","Potential Source Type":"Venting shaft","Source ID":"CHN_S_072","Latitude":"36.41495","Longitude":"112.9372","Number of Plumes Detected\n(2024-Present)":"27","Plumes Notified\n(Y/N)":"N","Feedback Received\n(Y/N)":"—","Average Half-Year\nFlux Rate (t/h)":"2.51","Average Half-Year\nFlux Rate Std. Dev. (t/h)":"1.1","Average Annual\nFlux Rate (t/h)":"3.17","Average Annual\nFlux Rate Std. Dev. (t/h)":"2.44","Date of Last\nPlume Detected":"2026-07-08T03:24:34.000","Half-Year\nPersistency Category":"persistent","Half-Year\nEmission Persistency":"1.0","Half-Year\nPersistency Std. Dev.":"0.0","Annual\nPersistency Category":"persistent","Annual\nEmission Persistency":"1.0","Annual\nPersistency Std. Dev.":"0.0","Estimated Half-Year\nCH4 Emissions (t)":"10843","Estimated Annual\nCH4 Emissions (t)":"27769","group":"Metallurgical coal"}},{"type":"Feature","geometry":{"type":"Point","coordinates":[-48.15286,-15.85904]},"properties":{"Country":"Brazil","Sector":"Waste","Potential Source Type":"Landfill","Source ID":"BRA_S_016","Latitude":"-15.85904","Longitude":"-48.15286","Number of Plumes Detected\n(2024-Present)":"10","Plumes Notified\n(Y/N)":"N","Feedback Received\n(Y/N)":"—","Average Half-Year\nFlux Rate (t/h)":"4.69","Average Half-Year\nFlux Rate Std. Dev. (t/h)":"1.94","Average Annual\nFlux Rate (t/h)":"4.69","Average Annual\nFlux Rate Std. Dev. (t/h)":"1.94","Date of Last\nPlume Detected":"2026-07-05T14:04:51.000","Half-Year\nPersistency Category":"persistent","Half-Year\nEmission Persistency":"1.0","Half-Year\nPersistency Std. Dev.":"0.0","Annual\nPersistency Category":"frequent","Annual\nEmission Persistency":"0.67","Annual\nPersistency Std. Dev.":"0.19","Estimated Half-Year\nCH4 Emissions (t)":"20260","Estimated Annual\nCH4 Emissions (t)":"27526","group":"Waste"}},{"type":"Feature","geometry":{"type":"Point","coordinates":[31.56229,30.25634]},"properties":{"Country":"Egypt","Sector":"Waste","Potential Source Type":"Landfill","Source ID":"EGY_S_019","Latitude":"30.25634","Longitude":"31.56229","Number of Plumes Detected\n(2024-Present)":"17","Plumes Notified\n(Y/N)":"N","Feedback Received\n(Y/N)":"—","Average Half-Year\nFlux Rate (t/h)":"3.1","Average Half-Year\nFlux Rate Std. Dev. (t/h)":"0.75","Average Annual\nFlux Rate (t/h)":"2.99","Average Annual\nFlux Rate Std. Dev. (t/h)":"0.66","Date of Last\nPlume Detected":"2026-04-26T06:57:12.000","Half-Year\nPersistency Category":"persistent","Half-Year\nEmission Persistency":"1.0","Half-Year\nPersistency Std. Dev.":"0.0","Annual\nPersistency Category":"persistent","Annual\nEmission Persistency":"1.0","Annual\nPersistency Std. Dev.":"0.0","Estimated Half-Year\nCH4 Emissions (t)":"13392","Estimated Annual\nCH4 Emissions (t)":"26192","group":"Waste"}},{"type":"Feature","geometry":{"type":"Point","coordinates":[110.99532,37.3317]},"properties":{"Country":"China","Sector":"Metallurgical coal","Potential Source Type":"Venting shaft","Source ID":"CHN_S_337","Latitude":"37.3317","Longitude":"110.99532","Number of Plumes Detected\n(2024-Present)":"11","Plumes Notified\n(Y/N)":"N","Feedback Received\n(Y/N)":"—","Average Half-Year\nFlux Rate (t/h)":"2.99","Average Half-Year\nFlux Rate Std. Dev. (t/h)":"1.41","Average Annual\nFlux Rate (t/h)":"2.99","Average Annual\nFlux Rate Std. Dev. (t/h)":"1.41","Date of Last\nPlume Detected":"2026-04-17T04:34:05.000","Half-Year\nPersistency Category":"persistent","Half-Year\nEmission Persistency":"1.0","Half-Year\nPersistency Std. Dev.":"0.0","Annual\nPersistency Category":"persistent","Annual\nEmission Persistency":"1.0","Annual\nPersistency Std. Dev.":"0.0","Estimated Half-Year\nCH4 Emissions (t)":"12916","Estimated Annual\nCH4 Emissions (t)":"26192","group":"Metallurgical coal"}},{"type":"Feature","geometry":{"type":"Point","coordinates":[77.1562,28.74244]},"properties":{"Country":"India","Sector":"Waste","Potential Source Type":"Landfill","Source ID":"IND_S_022","Latitude":"28.74244","Longitude":"77.1562","Number of Plumes Detected\n(2024-Present)":"24","Plumes Notified\n(Y/N)":"N","Feedback Received\n(Y/N)":"—","Average Half-Year\nFlux Rate (t/h)":"2.15","Average Half-Year\nFlux Rate Std. Dev. (t/h)":"0.22","Average Annual\nFlux Rate (t/h)":"2.96","Average Annual\nFlux Rate Std. Dev. (t/h)":"1.23","Date of Last\nPlume Detected":"2026-06-27T03:33:17.000","Half-Year\nPersistency Category":"persistent","Half-Year\nEmission Persistency":"1.0","Half-Year\nPersistency Std. Dev.":"0.0","Annual\nPersistency Category":"persistent","Annual\nEmission Persistency":"1.0","Annual\nPersistency Std. Dev.":"0.0","Estimated Half-Year\nCH4 Emissions (t)":"9288","Estimated Annual\nCH4 Emissions (t)":"25929","group":"Waste"}},{"type":"Feature","geometry":{"type":"Point","coordinates":[53.83148,39.10171]},"properties":{"Country":"Turkmenistan","Sector":"Oil and gas","Potential Source Type":"Oil and gas source (generic)","Source ID":"TKM_S_493","Latitude":"39.10171","Longitude":"53.83148","Number of Plumes Detected\n(2024-Present)":"27","Plumes Notified\n(Y/N)":"Y","Feedback Received\n(Y/N)":"N","Average Half-Year\nFlux Rate (t/h)":"9.17","Average Half-Year\nFlux Rate Std. Dev. (t/h)":"5.38","Average Annual\nFlux Rate (t/h)":"9.17","Average Annual\nFlux Rate Std. Dev. (t/h)":"5.38","Date of Last\nPlume Detected":"2026-07-15T07:16:21.000","Half-Year\nPersistency Category":"frequent","Half-Year\nEmission Persistency":"0.63","Half-Year\nPersistency Std. Dev.":"0.06","Annual\nPersistency Category":"frequent","Annual\nEmission Persistency":"0.31","Annual\nPersistency Std. Dev.":"0.04","Estimated Half-Year\nCH4 Emissions (t)":"24957","Estimated Annual\nCH4 Emissions (t)":"24957","group":"Oil and gas"}},{"type":"Feature","geometry":{"type":"Point","coordinates":[-80.41903,39.64805]},"properties":{"Country":"United States of America","Sector":"Thermal and metallurgical coal","Potential Source Type":"Venting shaft","Source ID":"USA_S_422","Latitude":"39.64805","Longitude":"-80.41903","Number of Plumes Detected\n(2024-Present)":"8","Plumes Notified\n(Y/N)":"N","Feedback Received\n(Y/N)":"—","Average Half-Year\nFlux Rate (t/h)":"2.81","Average Half-Year\nFlux Rate Std. Dev. (t/h)":"1.61","Average Annual\nFlux Rate (t/h)":"2.81","Average Annual\nFlux Rate Std. Dev. (t/h)":"1.61","Date of Last\nPlume Detected":"2026-06-07T20:37:14.000","Half-Year\nPersistency Category":"persistent","Half-Year\nEmission Persistency":"1.0","Half-Year\nPersistency Std. Dev.":"0.0","Annual\nPersistency Category":"persistent","Annual\nEmission Persistency":"1.0","Annual\nPersistency Std. Dev.":"0.0","Estimated Half-Year\nCH4 Emissions (t)":"12139","Estimated Annual\nCH4 Emissions (t)":"24615","group":"Thermal and metallurgical coal"}},{"type":"Feature","geometry":{"type":"Point","coordinates":[111.19233,38.41493]},"properties":{"Country":"China","Sector":"Metallurgical coal","Potential Source Type":"Drainage station","Source ID":"CHN_S_190","Latitude":"38.41493","Longitude":"111.19233","Number of Plumes Detected\n(2024-Present)":"9","Plumes Notified\n(Y/N)":"N","Feedback Received\n(Y/N)":"—","Average Half-Year\nFlux Rate (t/h)":"2.75","Average Half-Year\nFlux Rate Std. Dev. (t/h)":"0.81","Average Annual\nFlux Rate (t/h)":"2.75","Average Annual\nFlux Rate Std. Dev. (t/h)":"0.81","Date of Last\nPlume Detected":"2026-06-23T01:57:59.000","Half-Year\nPersistency Category":"persistent","Half-Year\nEmission Persistency":"1.0","Half-Year\nPersistency Std. Dev.":"0.0","Annual\nPersistency Category":"persistent","Annual\nEmission Persistency":"1.0","Annual\nPersistency Std. Dev.":"0.0","Estimated Half-Year\nCH4 Emissions (t)":"11880","Estimated Annual\nCH4 Emissions (t)":"24090","group":"Metallurgical coal"}},{"type":"Feature","geometry":{"type":"Point","coordinates":[147.99512,-21.88795]},"properties":{"Country":"Australia","Sector":"Metallurgical coal","Potential Source Type":"Venting shaft","Source ID":"AUS_S_028","Latitude":"-21.88795","Longitude":"147.99512","Number of Plumes Detected\n(2024-Present)":"13","Plumes Notified\n(Y/N)":"N","Feedback Received\n(Y/N)":"—","Average Half-Year\nFlux Rate (t/h)":"3.35","Average Half-Year\nFlux Rate Std. Dev. (t/h)":"0.72","Average Annual\nFlux Rate (t/h)":"2.66","Average Annual\nFlux Rate Std. Dev. (t/h)":"1.08","Date of Last\nPlume Detected":"2026-05-27T00:54:27.000","Half-Year\nPersistency Category":"persistent","Half-Year\nEmission Persistency":"1.0","Half-Year\nPersistency Std. Dev.":"0.0","Annual\nPersistency Category":"persistent","Annual\nEmission Persistency":"1.0","Annual\nPersistency Std. Dev.":"0.0","Estimated Half-Year\nCH4 Emissions (t)":"14472","Estimated Annual\nCH4 Emissions (t)":"23301","group":"Metallurgical coal"}},{"type":"Feature","geometry":{"type":"Point","coordinates":[62.13602,40.45467]},"properties":{"Country":"Turkmenistan","Sector":"Oil and gas","Potential Source Type":"Transmission pipelines","Source ID":"TKM_S_256","Latitude":"40.45467","Longitude":"62.13602","Number of Plumes Detected\n(2024-Present)":"10","Plumes Notified\n(Y/N)":"Y","Feedback Received\n(Y/N)":"N","Average Half-Year\nFlux Rate (t/h)":"2.66","Average Half-Year\nFlux Rate Std. Dev. (t/h)":"1.01","Average Annual\nFlux Rate (t/h)":"2.62","Average Annual\nFlux Rate Std. Dev. (t/h)":"0.73","Date of Last\nPlume Detected":"2026-06-03T06:25:46.000","Half-Year\nPersistency Category":"persistent","Half-Year\nEmission Persistency":"1.0","Half-Year\nPersistency Std. Dev.":"0.0","Annual\nPersistency Category":"persistent","Annual\nEmission Persistency":"1.0","Annual\nPersistency Std. Dev.":"0.0","Estimated Half-Year\nCH4 Emissions (t)":"11491","Estimated Annual\nCH4 Emissions (t)":"22951","group":"Oil and gas"}},{"type":"Feature","geometry":{"type":"Point","coordinates":[54.02161,38.09913]},"properties":{"Country":"Turkmenistan","Sector":"Oil and gas","Potential Source Type":"Oil and gas facility (generic)","Source ID":"TKM_S_438","Latitude":"38.09913","Longitude":"54.02161","Number of Plumes Detected\n(2024-Present)":"84","Plumes Notified\n(Y/N)":"Y","Feedback Received\n(Y/N)":"N","Average Half-Year\nFlux Rate (t/h)":"3.29","Average Half-Year\nFlux Rate Std. Dev. (t/h)":"2.83","Average Annual\nFlux Rate (t/h)":"2.7","Average Annual\nFlux Rate Std. Dev. (t/h)":"2.22","Date of Last\nPlume Detected":"2026-07-14T07:18:51.000","Half-Year\nPersistency Category":"persistent","Half-Year\nEmission Persistency":"0.92","Half-Year\nPersistency Std. Dev.":"0.04","Annual\nPersistency Category":"persistent","Annual\nEmission Persistency":"0.91","Annual\nPersistency Std. Dev.":"0.03","Estimated Half-Year\nCH4 Emissions (t)":"13075","Estimated Annual\nCH4 Emissions (t)":"21523","group":"Oil and gas"}},{"type":"Feature","geometry":{"type":"Point","coordinates":[112.98069,36.10827]},"properties":{"Country":"China","Sector":"Metallurgical coal","Potential Source Type":"Venting shaft","Source ID":"CHN_S_212","Latitude":"36.10827","Longitude":"112.98069","Number of Plumes Detected\n(2024-Present)":"17","Plumes Notified\n(Y/N)":"N","Feedback Received\n(Y/N)":"—","Average Half-Year\nFlux Rate (t/h)":"2.6","Average Half-Year\nFlux Rate Std. Dev. (t/h)":"1.33","Average Annual\nFlux Rate (t/h)":"2.57","Average Annual\nFlux Rate Std. Dev. (t/h)":"1.5","Date of Last\nPlume Detected":"2026-06-27T03:57:06.000","Half-Year\nPersistency Category":"persistent","Half-Year\nEmission Persistency":"1.0","Half-Year\nPersistency Std. Dev.":"0.0","Annual\nPersistency Category":"persistent","Annual\nEmission Persistency":"0.91","Annual\nPersistency Std. Dev.":"0.09","Estimated Half-Year\nCH4 Emissions (t)":"11232","Estimated Annual\nCH4 Emissions (t)":"20487","group":"Metallurgical coal"}},{"type":"Feature","geometry":{"type":"Point","coordinates":[113.37895,37.88456]},"properties":{"Country":"China","Sector":"Thermal coal","Potential Source Type":"Venting shaft","Source ID":"CHN_S_132","Latitude":"37.88456","Longitude":"113.37895","Number of Plumes Detected\n(2024-Present)":"13","Plumes Notified\n(Y/N)":"N","Feedback Received\n(Y/N)":"—","Average Half-Year\nFlux Rate (t/h)":"2.28","Average Half-Year\nFlux Rate Std. Dev. (t/h)":"0.98","Average Annual\nFlux Rate (t/h)":"2.28","Average Annual\nFlux Rate Std. Dev. (t/h)":"1.69","Date of Last\nPlume Detected":"2026-06-27T03:56:35.000","Half-Year\nPersistency Category":"persistent","Half-Year\nEmission Persistency":"1.0","Half-Year\nPersistency Std. Dev.":"0.0","Annual\nPersistency Category":"persistent","Annual\nEmission Persistency":"1.0","Annual\nPersistency Std. Dev.":"0.0","Estimated Half-Year\nCH4 Emissions (t)":"9849","Estimated Annual\nCH4 Emissions (t)":"19972","group":"Thermal coal"}},{"type":"Feature","geometry":{"type":"Point","coordinates":[112.68846,35.59816]},"properties":{"Country":"China","Sector":"Thermal coal","Potential Source Type":"Drainage station","Source ID":"CHN_S_196","Latitude":"35.59816","Longitude":"112.68846","Number of Plumes Detected\n(2024-Present)":"9","Plumes Notified\n(Y/N)":"N","Feedback Received\n(Y/N)":"—","Average Half-Year\nFlux Rate (t/h)":"2.52","Average Half-Year\nFlux Rate Std. Dev. (t/h)":"2.16","Average Annual\nFlux Rate (t/h)":"2.26","Average Annual\nFlux Rate Std. Dev. (t/h)":"1.96","Date of Last\nPlume Detected":"2026-06-27T03:57:15.000","Half-Year\nPersistency Category":"persistent","Half-Year\nEmission Persistency":"1.0","Half-Year\nPersistency Std. Dev.":"0.0","Annual\nPersistency Category":"persistent","Annual\nEmission Persistency":"1.0","Annual\nPersistency Std. Dev.":"0.0","Estimated Half-Year\nCH4 Emissions (t)":"10886","Estimated Annual\nCH4 Emissions (t)":"19797","group":"Thermal coal"}},{"type":"Feature","geometry":{"type":"Point","coordinates":[74.59052,42.9683]},"properties":{"Country":"Kyrgyzstan","Sector":"Waste","Potential Source Type":"Landfill","Source ID":"KGZ_S_002","Latitude":"42.9683","Longitude":"74.59052","Number of Plumes Detected\n(2024-Present)":"3","Plumes Notified\n(Y/N)":"N","Feedback Received\n(Y/N)":"—","Average Half-Year\nFlux Rate (t/h)":"2.08","Average Half-Year\nFlux Rate Std. Dev. (t/h)":"0.75","Average Annual\nFlux Rate (t/h)":"2.11","Average Annual\nFlux Rate Std. Dev. (t/h)":"0.61","Date of Last\nPlume Detected":"2026-06-22T04:15:49.000","Half-Year\nPersistency Category":"persistent","Half-Year\nEmission Persistency":"1.0","Half-Year\nPersistency Std. Dev.":"0.0","Annual\nPersistency Category":"persistent","Annual\nEmission Persistency":"1.0","Annual\nPersistency Std. Dev.":"0.0","Estimated Half-Year\nCH4 Emissions (t)":"8985","Estimated Annual\nCH4 Emissions (t)":"18483","group":"Waste"}},{"type":"Feature","geometry":{"type":"Point","coordinates":[44.15514,15.47439]},"properties":{"Country":"Yemen","Sector":"Waste","Potential Source Type":"Landfill","Source ID":"YEM_S_019","Latitude":"15.47439","Longitude":"44.15514","Number of Plumes Detected\n(2024-Present)":"8","Plumes Notified\n(Y/N)":"N","Feedback Received\n(Y/N)":"—","Average Half-Year\nFlux Rate (t/h)":"2.32","Average Half-Year\nFlux Rate Std. Dev. (t/h)":"1.44","Average Annual\nFlux Rate (t/h)":"2.09","Average Annual\nFlux Rate Std. Dev. (t/h)":"0.89","Date of Last\nPlume Detected":"2026-04-26T07:02:11.000","Half-Year\nPersistency Category":"persistent","Half-Year\nEmission Persistency":"1.0","Half-Year\nPersistency Std. Dev.":"0.0","Annual\nPersistency Category":"persistent","Annual\nEmission Persistency":"1.0","Annual\nPersistency Std. Dev.":"0.0","Estimated Half-Year\nCH4 Emissions (t)":"10022","Estimated Annual\nCH4 Emissions (t)":"18308","group":"Waste"}},{"type":"Feature","geometry":{"type":"Point","coordinates":[54.19757,38.50625]},"properties":{"Country":"Turkmenistan","Sector":"Oil and gas","Potential Source Type":"Gas disposal facility","Source ID":"TKM_S_020","Latitude":"38.50625","Longitude":"54.19757","Number of Plumes Detected\n(2024-Present)":"123","Plumes Notified\n(Y/N)":"Y","Feedback Received\n(Y/N)":"Y","Average Half-Year\nFlux Rate (t/h)":"2.47","Average Half-Year\nFlux Rate Std. Dev. (t/h)":"1.57","Average Annual\nFlux Rate (t/h)":"2.41","Average Annual\nFlux Rate Std. Dev. (t/h)":"1.43","Date of Last\nPlume Detected":"2026-07-14T07:18:51.000","Half-Year\nPersistency Category":"persistent","Half-Year\nEmission Persistency":"0.98","Half-Year\nPersistency Std. Dev.":"0.02","Annual\nPersistency Category":"persistent","Annual\nEmission Persistency":"0.85","Annual\nPersistency Std. Dev.":"0.04","Estimated Half-Year\nCH4 Emissions (t)":"10456","Estimated Annual\nCH4 Emissions (t)":"17944","group":"Oil and gas"}},{"type":"Feature","geometry":{"type":"Point","coordinates":[28.15206,29.78652]},"properties":{"Country":"Egypt","Sector":"Oil and gas","Potential Source Type":"Gas disposal facility","Source ID":"EGY_S_055","Latitude":"29.78652","Longitude":"28.15206","Number of Plumes Detected\n(2024-Present)":"105","Plumes Notified\n(Y/N)":"Y","Feedback Received\n(Y/N)":"Y","Average Half-Year\nFlux Rate (t/h)":"4.9","Average Half-Year\nFlux Rate Std. Dev. (t/h)":"2.62","Average Annual\nFlux Rate (t/h)":"4.25","Average Annual\nFlux Rate Std. Dev. (t/h)":"2.07","Date of Last\nPlume Detected":"2026-07-12T08:35:46.000","Half-Year\nPersistency Category":"frequent","Half-Year\nEmission Persistency":"0.46","Half-Year\nPersistency Std. Dev.":"0.05","Annual\nPersistency Category":"frequent","Annual\nEmission Persistency":"0.48","Annual\nPersistency Std. Dev.":"0.03","Estimated Half-Year\nCH4 Emissions (t)":"9737","Estimated Annual\nCH4 Emissions (t)":"17870","group":"Oil and gas"}},{"type":"Feature","geometry":{"type":"Point","coordinates":[13.34523,32.60027]},"properties":{"Country":"Libya","Sector":"Waste","Potential Source Type":"Landfill","Source ID":"LBY_S_018","Latitude":"32.60027","Longitude":"13.34523","Number of Plumes Detected\n(2024-Present)":"9","Plumes Notified\n(Y/N)":"N","Feedback Received\n(Y/N)":"—","Average Half-Year\nFlux Rate (t/h)":"2.23","Average Half-Year\nFlux Rate Std. Dev. (t/h)":"0.26","Average Annual\nFlux Rate (t/h)":"2.01","Average Annual\nFlux Rate Std. Dev. (t/h)":"0.48","Date of Last\nPlume Detected":"2026-06-25T08:11:14.000","Half-Year\nPersistency Category":"persistent","Half-Year\nEmission Persistency":"1.0","Half-Year\nPersistency Std. Dev.":"0.0","Annual\nPersistency Category":"persistent","Annual\nEmission Persistency":"1.0","Annual\nPersistency Std. Dev.":"0.0","Estimated Half-Year\nCH4 Emissions (t)":"9633","Estimated Annual\nCH4 Emissions (t)":"17607","group":"Waste"}},{"type":"Feature","geometry":{"type":"Point","coordinates":[18.54222,-33.77659]},"properties":{"Country":"South Africa","Sector":"Waste","Potential Source Type":"Landfill","Source ID":"ZAF_S_006","Latitude":"-33.77659","Longitude":"18.54222","Number of Plumes Detected\n(2024-Present)":"23","Plumes Notified\n(Y/N)":"N","Feedback Received\n(Y/N)":"—","Average Half-Year\nFlux Rate (t/h)":"2.52","Average Half-Year\nFlux Rate Std. Dev. (t/h)":"0.59","Average Annual\nFlux Rate (t/h)":"2.46","Average Annual\nFlux Rate Std. Dev. (t/h)":"0.89","Date of Last\nPlume Detected":"2026-06-16T09:23:59.000","Half-Year\nPersistency Category":"persistent","Half-Year\nEmission Persistency":"0.88","Half-Year\nPersistency Std. Dev.":"0.11","Annual\nPersistency Category":"frequent","Annual\nEmission Persistency":"0.8","Annual\nPersistency Std. Dev.":"0.1","Estimated Half-Year\nCH4 Emissions (t)":"9580","Estimated Annual\nCH4 Emissions (t)":"17239","group":"Waste"}},{"type":"Feature","geometry":{"type":"Point","coordinates":[53.77668,39.46192]},"properties":{"Country":"Turkmenistan","Sector":"Oil and gas","Potential Source Type":"Pipeline","Source ID":"TKM_S_029","Latitude":"39.46192","Longitude":"53.77668","Number of Plumes Detected\n(2024-Present)":"224","Plumes Notified\n(Y/N)":"Y","Feedback Received\n(Y/N)":"Y","Average Half-Year\nFlux Rate (t/h)":"3.73","Average Half-Year\nFlux Rate Std. Dev. (t/h)":"1.78","Average Annual\nFlux Rate (t/h)":"3.67","Average Annual\nFlux Rate Std. Dev. (t/h)":"1.65","Date of Last\nPlume Detected":"2026-07-15T07:16:21.000","Half-Year\nPersistency Category":"frequent","Half-Year\nEmission Persistency":"0.74","Half-Year\nPersistency Std. Dev.":"0.05","Annual\nPersistency Category":"frequent","Annual\nEmission Persistency":"0.51","Annual\nPersistency Std. Dev.":"0.04","Estimated Half-Year\nCH4 Emissions (t)":"11924","Estimated Annual\nCH4 Emissions (t)":"16396","group":"Oil and gas"}},{"type":"Feature","geometry":{"type":"Point","coordinates":[36.51396,48.38249]},"properties":{"Country":"Ukraine","Sector":"Thermal and metallurgical coal","Potential Source Type":"Venting shaft","Source ID":"UKR_S_014","Latitude":"48.38249","Longitude":"36.51396","Number of Plumes Detected\n(2024-Present)":"7","Plumes Notified\n(Y/N)":"N","Feedback Received\n(Y/N)":"—","Average Half-Year\nFlux Rate (t/h)":"1.8","Average Half-Year\nFlux Rate Std. Dev. (t/h)":"1.03","Average Annual\nFlux Rate (t/h)":"1.84","Average Annual\nFlux Rate Std. Dev. (t/h)":"0.88","Date of Last\nPlume Detected":"2026-06-06T12:02:54.000","Half-Year\nPersistency Category":"persistent","Half-Year\nEmission Persistency":"1.0","Half-Year\nPersistency Std. Dev.":"0.0","Annual\nPersistency Category":"persistent","Annual\nEmission Persistency":"1.0","Annual\nPersistency Std. Dev.":"0.0","Estimated Half-Year\nCH4 Emissions (t)":"7776","Estimated Annual\nCH4 Emissions (t)":"16118","group":"Thermal and metallurgical coal"}},{"type":"Feature","geometry":{"type":"Point","coordinates":[-88.68657,38.09903]},"properties":{"Country":"United States of America","Sector":"Thermal coal","Potential Source Type":"Venting shaft","Source ID":"USA_S_1109","Latitude":"38.09903","Longitude":"-88.68657","Number of Plumes Detected\n(2024-Present)":"6","Plumes Notified\n(Y/N)":"N","Feedback Received\n(Y/N)":"—","Average Half-Year\nFlux Rate (t/h)":"2.0","Average Half-Year\nFlux Rate Std. Dev. (t/h)":"0.25","Average Annual\nFlux Rate (t/h)":"1.62","Average Annual\nFlux Rate Std. Dev. (t/h)":"0.78","Date of Last\nPlume Detected":"2026-06-09T20:36:50.000","Half-Year\nPersistency Category":"persistent","Half-Year\nEmission Persistency":"1.0","Half-Year\nPersistency Std. Dev.":"0.0","Annual\nPersistency Category":"persistent","Annual\nEmission Persistency":"1.0","Annual\nPersistency Std. Dev.":"0.0","Estimated Half-Year\nCH4 Emissions (t)":"8640","Estimated Annual\nCH4 Emissions (t)":"14191","group":"Thermal coal"}},{"type":"Feature","geometry":{"type":"Point","coordinates":[113.46349,37.91815]},"properties":{"Country":"China","Sector":"Thermal coal","Potential Source Type":"Venting shaft","Source ID":"CHN_S_134","Latitude":"37.91815","Longitude":"113.46349","Number of Plumes Detected\n(2024-Present)":"10","Plumes Notified\n(Y/N)":"N","Feedback Received\n(Y/N)":"—","Average Half-Year\nFlux Rate (t/h)":"2.55","Average Half-Year\nFlux Rate Std. Dev. (t/h)":"2.32","Average Annual\nFlux Rate (t/h)":"2.55","Average Annual\nFlux Rate Std. Dev. (t/h)":"2.32","Date of Last\nPlume Detected":"2026-06-27T03:56:35.000","Half-Year\nPersistency Category":"persistent","Half-Year\nEmission Persistency":"1.0","Half-Year\nPersistency Std. Dev.":"0.0","Annual\nPersistency Category":"frequent","Annual\nEmission Persistency":"0.6","Annual\nPersistency Std. Dev.":"0.22","Estimated Half-Year\nCH4 Emissions (t)":"11016","Estimated Annual\nCH4 Emissions (t)":"13402","group":"Thermal coal"}},{"type":"Feature","geometry":{"type":"Point","coordinates":[30.78879,30.44543]},"properties":{"Country":"Egypt","Sector":"Waste","Potential Source Type":"Landfill","Source ID":"EGY_S_043","Latitude":"30.44543","Longitude":"30.78879","Number of Plumes Detected\n(2024-Present)":"13","Plumes Notified\n(Y/N)":"N","Feedback Received\n(Y/N)":"—","Average Half-Year\nFlux Rate (t/h)":"1.92","Average Half-Year\nFlux Rate Std. Dev. (t/h)":"0.79","Average Annual\nFlux Rate (t/h)":"1.77","Average Annual\nFlux Rate Std. Dev. (t/h)":"0.8","Date of Last\nPlume Detected":"2026-05-24T09:10:24.000","Half-Year\nPersistency Category":"persistent","Half-Year\nEmission Persistency":"1.0","Half-Year\nPersistency Std. Dev.":"0.0","Annual\nPersistency Category":"frequent","Annual\nEmission Persistency":"0.78","Annual\nPersistency Std. Dev.":"0.14","Estimated Half-Year\nCH4 Emissions (t)":"8294","Estimated Annual\nCH4 Emissions (t)":"12094","group":"Waste"}},{"type":"Feature","geometry":{"type":"Point","coordinates":[87.2469,23.5486]},"properties":{"Country":"India","Sector":"Metallurgical coal","Potential Source Type":"Coke oven gas","Source ID":"IND_S_055","Latitude":"23.5486","Longitude":"87.2469","Number of Plumes Detected\n(2024-Present)":"7","Plumes Notified\n(Y/N)":"N","Feedback Received\n(Y/N)":"—","Average Half-Year\nFlux Rate (t/h)":"2.46","Average Half-Year\nFlux Rate Std. Dev. (t/h)":"","Average Annual\nFlux Rate (t/h)":"1.4","Average Annual\nFlux Rate Std. Dev. (t/h)":"0.95","Date of Last\nPlume Detected":"2026-06-24T04:22:41.000","Half-Year\nPersistency Category":"persistent","Half-Year\nEmission Persistency":"1.0","Half-Year\nPersistency Std. Dev.":"0.0","Annual\nPersistency Category":"persistent","Annual\nEmission Persistency":"0.86","Annual\nPersistency Std. Dev.":"0.13","Estimated Half-Year\nCH4 Emissions (t)":"10627","Estimated Annual\nCH4 Emissions (t)":"10627","group":"Metallurgical coal"}},{"type":"Feature","geometry":{"type":"Point","coordinates":[-92.237,19.56611]},"properties":{"Country":"Mexico","Sector":"Oil and gas","Potential Source Type":"Production offshore","Source ID":"MEX_S_003","Latitude":"19.56611","Longitude":"-92.237","Number of Plumes Detected\n(2024-Present)":"84","Plumes Notified\n(Y/N)":"Y","Feedback Received\n(Y/N)":"Y","Average Half-Year\nFlux Rate (t/h)":"37.28","Average Half-Year\nFlux Rate Std. Dev. (t/h)":"8.78","Average Annual\nFlux Rate (t/h)":"36.9","Average Annual\nFlux Rate Std. Dev. (t/h)":"9.67","Date of Last\nPlume Detected":"2026-08-08T16:34:42.000","Half-Year\nPersistency Category":"frequent","Half-Year\nEmission Persistency":"0.69","Half-Year\nPersistency Std. Dev.":"0.07","Annual\nPersistency Category":"frequent","Annual\nEmission Persistency":"0.52","Annual\nPersistency Std. Dev.":"0.06","Estimated Half-Year\nCH4 Emissions (t)":"111124","Estimated Annual\nCH4 Emissions (t)":"168086","group":"Oil and gas"}},{"type":"Feature","geometry":{"type":"Point","coordinates":[54.02815,38.33075]},"properties":{"Country":"Turkmenistan","Sector":"Oil and gas","Potential Source Type":"Gas disposal facility","Source ID":"TKM_S_022","Latitude":"38.33075","Longitude":"54.02815","Number of Plumes Detected\n(2024-Present)":"160","Plumes Notified\n(Y/N)":"Y","Feedback Received\n(Y/N)":"Y","Average Half-Year\nFlux Rate (t/h)":"12.08","Average Half-Year\nFlux Rate Std. Dev. (t/h)":"7.01","Average Annual\nFlux Rate (t/h)":"10.03","Average Annual\nFlux Rate Std. Dev. (t/h)":"6.19","Date of Last\nPlume Detected":"2026-08-15T08:45:09.000","Half-Year\nPersistency Category":"persistent","Half-Year\nEmission Persistency":"1.0","Half-Year\nPersistency Std. Dev.":"0.0","Annual\nPersistency Category":"persistent","Annual\nEmission Persistency":"0.93","Annual\nPersistency Std. Dev.":"0.03","Estimated Half-Year\nCH4 Emissions (t)":"52185","Estimated Annual\nCH4 Emissions (t)":"81712","group":"Oil and gas"}},{"type":"Feature","geometry":{"type":"Point","coordinates":[53.9164,37.76777]},"properties":{"Country":"Turkmenistan","Sector":"Oil and gas","Potential Source Type":"Flare","Source ID":"TKM_S_367","Latitude":"37.76777","Longitude":"53.9164","Number of Plumes Detected\n(2024-Present)":"60","Plumes Notified\n(Y/N)":"Y","Feedback Received\n(Y/N)":"N","Average Half-Year\nFlux Rate (t/h)":"9.78","Average Half-Year\nFlux Rate Std. Dev. (t/h)":"5.39","Average Annual\nFlux Rate (t/h)":"9.26","Average Annual\nFlux Rate Std. Dev. (t/h)":"5.0","Date of Last\nPlume Detected":"2026-08-15T08:45:09.000","Half-Year\nPersistency Category":"persistent","Half-Year\nEmission Persistency":"0.97","Half-Year\nPersistency Std. Dev.":"0.03","Annual\nPersistency Category":"persistent","Annual\nEmission Persistency":"0.82","Annual\nPersistency Std. Dev.":"0.05","Estimated Half-Year\nCH4 Emissions (t)":"40982","Estimated Annual\nCH4 Emissions (t)":"66516","group":"Oil and gas"}},{"type":"Feature","geometry":{"type":"Point","coordinates":[23.65077,38.07435]},"properties":{"Country":"Greece","Sector":"Waste","Potential Source Type":"Landfill","Source ID":"GRC_S_001","Latitude":"38.07435","Longitude":"23.65077","Number of Plumes Detected\n(2024-Present)":"9","Plumes Notified\n(Y/N)":"Y","Feedback Received\n(Y/N)":"—","Average Half-Year\nFlux Rate (t/h)":"7.56","Average Half-Year\nFlux Rate Std. Dev. (t/h)":"2.35","Average Annual\nFlux Rate (t/h)":"7.56","Average Annual\nFlux Rate Std. Dev. (t/h)":"2.35","Date of Last\nPlume Detected":"2026-08-10T12:39:20.000","Half-Year\nPersistency Category":"persistent","Half-Year\nEmission Persistency":"1.0","Half-Year\nPersistency Std. Dev.":"0.0","Annual\nPersistency Category":"persistent","Annual\nEmission Persistency":"1.0","Annual\nPersistency Std. Dev.":"0.0","Estimated Half-Year\nCH4 Emissions (t)":"32659","Estimated Annual\nCH4 Emissions (t)":"66225","group":"Waste"}},{"type":"Feature","geometry":{"type":"Point","coordinates":[-6.81442,33.87048]},"properties":{"Country":"Morocco","Sector":"Waste","Potential Source Type":"Landfill","Source ID":"MAR_S_004","Latitude":"33.87048","Longitude":"-6.81442","Number of Plumes Detected\n(2024-Present)":"6","Plumes Notified\n(Y/N)":"N","Feedback Received\n(Y/N)":"—","Average Half-Year\nFlux Rate (t/h)":"6.19","Average Half-Year\nFlux Rate Std. Dev. (t/h)":"3.6","Average Annual\nFlux Rate (t/h)":"6.19","Average Annual\nFlux Rate Std. Dev. (t/h)":"3.6","Date of Last\nPlume Detected":"2026-06-22T10:31:02.000","Half-Year\nPersistency Category":"persistent","Half-Year\nEmission Persistency":"1.0","Half-Year\nPersistency Std. Dev.":"0.0","Annual\nPersistency Category":"persistent","Annual\nEmission Persistency":"1.0","Annual\nPersistency Std. Dev.":"0.0","Estimated Half-Year\nCH4 Emissions (t)":"26740","Estimated Annual\nCH4 Emissions (t)":"54224","group":"Waste"}},{"type":"Feature","geometry":{"type":"Point","coordinates":[102.61433,7.49474]},"properties":{"Country":"Thailand","Sector":"Oil and gas","Potential Source Type":"Production offshore","Source ID":"THA_S_008","Latitude":"7.49474","Longitude":"102.61433","Number of Plumes Detected\n(2024-Present)":"14","Plumes Notified\n(Y/N)":"Y","Feedback Received\n(Y/N)":"Y","Average Half-Year\nFlux Rate (t/h)":"9.91","Average Half-Year\nFlux Rate Std. Dev. (t/h)":"2.57","Average Annual\nFlux Rate (t/h)":"9.96","Average Annual\nFlux Rate Std. Dev. (t/h)":"2.32","Date of Last\nPlume Detected":"2026-05-28T03:26:27.000","Half-Year\nPersistency Category":"frequent","Half-Year\nEmission Persistency":"0.56","Half-Year\nPersistency Std. Dev.":"0.12","Annual\nPersistency Category":"frequent","Annual\nEmission Persistency":"0.59","Annual\nPersistency Std. Dev.":"0.1","Estimated Half-Year\nCH4 Emissions (t)":"23974","Estimated Annual\nCH4 Emissions (t)":"51477","group":"Oil and gas"}},{"type":"Feature","geometry":{"type":"Point","coordinates":[77.65866,13.10912]},"properties":{"Country":"India","Sector":"Waste","Potential Source Type":"Landfill","Source ID":"IND_S_024","Latitude":"13.10912","Longitude":"77.65866","Number of Plumes Detected\n(2024-Present)":"7","Plumes Notified\n(Y/N)":"N","Feedback Received\n(Y/N)":"—","Average Half-Year\nFlux Rate (t/h)":"5.72","Average Half-Year\nFlux Rate Std. Dev. (t/h)":"0.57","Average Annual\nFlux Rate (t/h)":"5.72","Average Annual\nFlux Rate Std. Dev. (t/h)":"0.57","Date of Last\nPlume Detected":"2026-03-27T05:56:13.000","Half-Year\nPersistency Category":"persistent","Half-Year\nEmission Persistency":"1.0","Half-Year\nPersistency Std. Dev.":"0.0","Annual\nPersistency Category":"persistent","Annual\nEmission Persistency":"1.0","Annual\nPersistency Std. Dev.":"0.0","Estimated Half-Year\nCH4 Emissions (t)":"24710","Estimated Annual\nCH4 Emissions (t)":"50107","group":"Waste"}},{"type":"Feature","geometry":{"type":"Point","coordinates":[28.96923,40.26438]},"properties":{"Country":"Türkiye","Sector":"Waste","Potential Source Type":"Landfill","Source ID":"TUR_S_016","Latitude":"40.26438","Longitude":"28.96923","Number of Plumes Detected\n(2024-Present)":"13","Plumes Notified\n(Y/N)":"Y","Feedback Received\n(Y/N)":"—","Average Half-Year\nFlux Rate (t/h)":"7.91","Average Half-Year\nFlux Rate Std. Dev. (t/h)":"6.44","Average Annual\nFlux Rate (t/h)":"6.66","Average Annual\nFlux Rate Std. Dev. (t/h)":"6.23","Date of Last\nPlume Detected":"2026-08-03T08:30:56.000","Half-Year\nPersistency Category":"frequent","Half-Year\nEmission Persistency":"0.8","Half-Year\nPersistency Std. Dev.":"0.18","Annual\nPersistency Category":"persistent","Annual\nEmission Persistency":"0.83","Annual\nPersistency Std. Dev.":"0.15","Estimated Half-Year\nCH4 Emissions (t)":"27336","Estimated Annual\nCH4 Emissions (t)":"48423","group":"Waste"}},{"type":"Feature","geometry":{"type":"Point","coordinates":[87.86554,44.03981]},"properties":{"Country":"China","Sector":"Waste","Potential Source Type":"Landfill","Source ID":"CHN_S_044","Latitude":"44.03981","Longitude":"87.86554","Number of Plumes Detected\n(2024-Present)":"12","Plumes Notified\n(Y/N)":"N","Feedback Received\n(Y/N)":"—","Average Half-Year\nFlux Rate (t/h)":"5.29","Average Half-Year\nFlux Rate Std. Dev. (t/h)":"1.91","Average Annual\nFlux Rate (t/h)":"5.29","Average Annual\nFlux Rate Std. Dev. (t/h)":"1.91","Date of Last\nPlume Detected":"2026-05-29T07:16:47.000","Half-Year\nPersistency Category":"persistent","Half-Year\nEmission Persistency":"1.0","Half-Year\nPersistency Std. Dev.":"0.0","Annual\nPersistency Category":"persistent","Annual\nEmission Persistency":"1.0","Annual\nPersistency Std. Dev.":"0.0","Estimated Half-Year\nCH4 Emissions (t)":"22852","Estimated Annual\nCH4 Emissions (t)":"46340","group":"Waste"}},{"type":"Feature","geometry":{"type":"Point","coordinates":[112.65204,35.63986]},"properties":{"Country":"China","Sector":"Thermal coal","Potential Source Type":"Venting shaft","Source ID":"CHN_S_192","Latitude":"35.63986","Longitude":"112.65204","Number of Plumes Detected\n(2024-Present)":"11","Plumes Notified\n(Y/N)":"N","Feedback Received\n(Y/N)":"—","Average Half-Year\nFlux Rate (t/h)":"6.09","Average Half-Year\nFlux Rate Std. Dev. (t/h)":"3.9","Average Annual\nFlux Rate (t/h)":"5.23","Average Annual\nFlux Rate Std. Dev. (t/h)":"3.31","Date of Last\nPlume Detected":"2026-06-27T03:57:10.000","Half-Year\nPersistency Category":"persistent","Half-Year\nEmission Persistency":"1.0","Half-Year\nPersistency Std. Dev.":"0.0","Annual\nPersistency Category":"persistent","Annual\nEmission Persistency":"1.0","Annual\nPersistency Std. Dev.":"0.0","Estimated Half-Year\nCH4 Emissions (t)":"26308","Estimated Annual\nCH4 Emissions (t)":"45814","group":"Thermal coal"}},{"type":"Feature","geometry":{"type":"Point","coordinates":[69.80955,27.96851]},"properties":{"Country":"Pakistan","Sector":"Oil and gas","Potential Source Type":"Gathering and boosting facilities","Source ID":"PAK_S_001","Latitude":"27.96851","Longitude":"69.80955","Number of Plumes Detected\n(2024-Present)":"38","Plumes Notified\n(Y/N)":"Y","Feedback Received\n(Y/N)":"N","Average Half-Year\nFlux Rate (t/h)":"5.6","Average Half-Year\nFlux Rate Std. Dev. (t/h)":"1.69","Average Annual\nFlux Rate (t/h)":"5.31","Average Annual\nFlux Rate Std. Dev. (t/h)":"1.6","Date of Last\nPlume Detected":"2026-06-30T06:04:25.000","Half-Year\nPersistency Category":"persistent","Half-Year\nEmission Persistency":"0.86","Half-Year\nPersistency Std. Dev.":"0.13","Annual\nPersistency Category":"persistent","Annual\nEmission Persistency":"0.9","Annual\nPersistency Std. Dev.":"0.09","Estimated Half-Year\nCH4 Emissions (t)":"20805","Estimated Annual\nCH4 Emissions (t)":"41864","group":"Oil and gas"}},{"type":"Feature","geometry":{"type":"Point","coordinates":[55.79347,25.63767]},"properties":{"Country":"United Arab Emirates","Sector":"Waste","Potential Source Type":"Landfill","Source ID":"ARE_S_023","Latitude":"25.63767","Longitude":"55.79347","Number of Plumes Detected\n(2024-Present)":"6","Plumes Notified\n(Y/N)":"N","Feedback Received\n(Y/N)":"—","Average Half-Year\nFlux Rate (t/h)":"3.99","Average Half-Year\nFlux Rate Std. Dev. (t/h)":"1.85","Average Annual\nFlux Rate (t/h)":"4.77","Average Annual\nFlux Rate Std. Dev. (t/h)":"2.53","Date of Last\nPlume Detected":"2026-06-27T05:06:59.000","Half-Year\nPersistency Category":"persistent","Half-Year\nEmission Persistency":"1.0","Half-Year\nPersistency Std. Dev.":"0.0","Annual\nPersistency Category":"persistent","Annual\nEmission Persistency":"1.0","Annual\nPersistency Std. Dev.":"0.0","Estimated Half-Year\nCH4 Emissions (t)":"17236","Estimated Annual\nCH4 Emissions (t)":"41785","group":"Waste"}},{"type":"Feature","geometry":{"type":"Point","coordinates":[112.03046,37.79471]},"properties":{"Country":"China","Sector":"Metallurgical coal","Potential Source Type":"Venting shaft","Source ID":"CHN_S_221","Latitude":"37.79471","Longitude":"112.03046","Number of Plumes Detected\n(2024-Present)":"8","Plumes Notified\n(Y/N)":"N","Feedback Received\n(Y/N)":"—","Average Half-Year\nFlux Rate (t/h)":"4.72","Average Half-Year\nFlux Rate Std. Dev. (t/h)":"5.41","Average Annual\nFlux Rate (t/h)":"4.72","Average Annual\nFlux Rate Std. Dev. (t/h)":"5.41","Date of Last\nPlume Detected":"2026-06-15T05:06:38.000","Half-Year\nPersistency Category":"persistent","Half-Year\nEmission Persistency":"1.0","Half-Year\nPersistency Std. Dev.":"0.0","Annual\nPersistency Category":"persistent","Annual\nEmission Persistency":"1.0","Annual\nPersistency Std. Dev.":"0.0","Estimated Half-Year\nCH4 Emissions (t)":"20390","Estimated Annual\nCH4 Emissions (t)":"41347","group":"Metallurgical coal"}},{"type":"Feature","geometry":{"type":"Point","coordinates":[102.98746,7.5925]},"properties":{"Country":"Malaysia","Sector":"Oil and gas","Potential Source Type":"Production offshore","Source ID":"MYS_S_001","Latitude":"7.5925","Longitude":"102.98746","Number of Plumes Detected\n(2024-Present)":"29","Plumes Notified\n(Y/N)":"Y","Feedback Received\n(Y/N)":"Y","Average Half-Year\nFlux Rate (t/h)":"10.04","Average Half-Year\nFlux Rate Std. Dev. (t/h)":"2.41","Average Annual\nFlux Rate (t/h)":"10.04","Average Annual\nFlux Rate Std. Dev. (t/h)":"2.41","Date of Last\nPlume Detected":"2026-07-18T03:32:01.000","Half-Year\nPersistency Category":"frequent","Half-Year\nEmission Persistency":"0.56","Half-Year\nPersistency Std. Dev.":"0.12","Annual\nPersistency Category":"frequent","Annual\nEmission Persistency":"0.47","Annual\nPersistency Std. Dev.":"0.11","Estimated Half-Year\nCH4 Emissions (t)":"24288","Estimated Annual\nCH4 Emissions (t)":"41336","group":"Oil and gas"}},{"type":"Feature","geometry":{"type":"Point","coordinates":[39.40224,21.65043]},"properties":{"Country":"Saudi Arabia","Sector":"Waste","Potential Source Type":"Landfill","Source ID":"SAU_S_011","Latitude":"21.65043","Longitude":"39.40224","Number of Plumes Detected\n(2024-Present)":"14","Plumes Notified\n(Y/N)":"N","Feedback Received\n(Y/N)":"—","Average Half-Year\nFlux Rate (t/h)":"5.45","Average Half-Year\nFlux Rate Std. Dev. (t/h)":"2.68","Average Annual\nFlux Rate (t/h)":"4.69","Average Annual\nFlux Rate Std. Dev. (t/h)":"2.21","Date of Last\nPlume Detected":"2026-05-22T11:02:21.000","Half-Year\nPersistency Category":"persistent","Half-Year\nEmission Persistency":"1.0","Half-Year\nPersistency Std. Dev.":"0.0","Annual\nPersistency Category":"persistent","Annual\nEmission Persistency":"1.0","Annual\nPersistency Std. Dev.":"0.0","Estimated Half-Year\nCH4 Emissions (t)":"23544","Estimated Annual\nCH4 Emissions (t)":"41084","group":"Waste"}},{"type":"Feature","geometry":{"type":"Point","coordinates":[54.23678,38.85321]},"properties":{"Country":"Turkmenistan","Sector":"Oil and gas","Potential Source Type":"Flare","Source ID":"TKM_S_018","Latitude":"38.85321","Longitude":"54.23678","Number of Plumes Detected\n(2024-Present)":"150","Plumes Notified\n(Y/N)":"Y","Feedback Received\n(Y/N)":"N","Average Half-Year\nFlux Rate (t/h)":"5.22","Average Half-Year\nFlux Rate Std. Dev. (t/h)":"1.54","Average Annual\nFlux Rate (t/h)":"5.99","Average Annual\nFlux Rate Std. Dev. (t/h)":"2.68","Date of Last\nPlume Detected":"2026-08-13T07:13:21.000","Half-Year\nPersistency Category":"frequent","Half-Year\nEmission Persistency":"0.55","Half-Year\nPersistency Std. Dev.":"0.07","Annual\nPersistency Category":"frequent","Annual\nEmission Persistency":"0.67","Annual\nPersistency Std. Dev.":"0.05","Estimated Half-Year\nCH4 Emissions (t)":"12402","Estimated Annual\nCH4 Emissions (t)":"35156","group":"Oil and gas"}},{"type":"Feature","geometry":{"type":"Point","coordinates":[69.36555,28.05525]},"properties":{"Country":"Pakistan","Sector":"Oil and gas","Potential Source Type":"Gathering and boosting facilities","Source ID":"PAK_S_008","Latitude":"28.05525","Longitude":"69.36555","Number of Plumes Detected\n(2024-Present)":"14","Plumes Notified\n(Y/N)":"Y","Feedback Received\n(Y/N)":"N","Average Half-Year\nFlux Rate (t/h)":"3.88","Average Half-Year\nFlux Rate Std. Dev. (t/h)":"0.38","Average Annual\nFlux Rate (t/h)":"3.88","Average Annual\nFlux Rate Std. Dev. (t/h)":"0.38","Date of Last\nPlume Detected":"2026-05-26T07:57:40.000","Half-Year\nPersistency Category":"persistent","Half-Year\nEmission Persistency":"1.0","Half-Year\nPersistency Std. Dev.":"0.0","Annual\nPersistency Category":"persistent","Annual\nEmission Persistency":"1.0","Annual\nPersistency Std. Dev.":"0.0","Estimated Half-Year\nCH4 Emissions (t)":"16761","Estimated Annual\nCH4 Emissions (t)":"33988","group":"Oil and gas"}},{"type":"Feature","geometry":{"type":"Point","coordinates":[53.92428,37.92912]},"properties":{"Country":"Turkmenistan","Sector":"Oil and gas","Potential Source Type":"Flare","Source ID":"TKM_S_026","Latitude":"37.92912","Longitude":"53.92428","Number of Plumes Detected\n(2024-Present)":"107","Plumes Notified\n(Y/N)":"Y","Feedback Received\n(Y/N)":"Y","Average Half-Year\nFlux Rate (t/h)":"5.59","Average Half-Year\nFlux Rate Std. Dev. (t/h)":"3.28","Average Annual\nFlux Rate (t/h)":"5.24","Average Annual\nFlux Rate Std. Dev. (t/h)":"3.31","Date of Last\nPlume Detected":"2026-08-15T08:45:09.000","Half-Year\nPersistency Category":"frequent","Half-Year\nEmission Persistency":"0.72","Half-Year\nPersistency Std. Dev.":"0.07","Annual\nPersistency Category":"frequent","Annual\nEmission Persistency":"0.74","Annual\nPersistency Std. Dev.":"0.05","Estimated Half-Year\nCH4 Emissions (t)":"17387","Estimated Annual\nCH4 Emissions (t)":"33967","group":"Oil and gas"}},{"type":"Feature","geometry":{"type":"Point","coordinates":[112.56866,35.64253]},"properties":{"Country":"China","Sector":"Thermal coal","Potential Source Type":"Drainage station","Source ID":"CHN_S_018","Latitude":"35.64253","Longitude":"112.56866","Number of Plumes Detected\n(2024-Present)":"10","Plumes Notified\n(Y/N)":"N","Feedback Received\n(Y/N)":"—","Average Half-Year\nFlux Rate (t/h)":"3.36","Average Half-Year\nFlux Rate Std. Dev. (t/h)":"0.37","Average Annual\nFlux Rate (t/h)":"3.8","Average Annual\nFlux Rate Std. Dev. (t/h)":"0.84","Date of Last\nPlume Detected":"2026-07-12T03:46:51.000","Half-Year\nPersistency Category":"persistent","Half-Year\nEmission Persistency":"1.0","Half-Year\nPersistency Std. Dev.":"0.0","Annual\nPersistency Category":"persistent","Annual\nEmission Persistency":"1.0","Annual\nPersistency Std. Dev.":"0.0","Estimated Half-Year\nCH4 Emissions (t)":"14515","Estimated Annual\nCH4 Emissions (t)":"33288","group":"Thermal coal"}},{"type":"Feature","geometry":{"type":"Point","coordinates":[113.43696,37.96728]},"properties":{"Country":"China","Sector":"Thermal coal","Potential Source Type":"Venting shaft","Source ID":"CHN_S_131","Latitude":"37.96728","Longitude":"113.43696","Number of Plumes Detected\n(2024-Present)":"14","Plumes Notified\n(Y/N)":"N","Feedback Received\n(Y/N)":"—","Average Half-Year\nFlux Rate (t/h)":"3.91","Average Half-Year\nFlux Rate Std. Dev. (t/h)":"2.11","Average Annual\nFlux Rate (t/h)":"3.71","Average Annual\nFlux Rate Std. Dev. (t/h)":"1.7","Date of Last\nPlume Detected":"2026-07-25T06:12:48.000","Half-Year\nPersistency Category":"persistent","Half-Year\nEmission Persistency":"1.0","Half-Year\nPersistency Std. Dev.":"0.0","Annual\nPersistency Category":"persistent","Annual\nEmission Persistency":"1.0","Annual\nPersistency Std. Dev.":"0.0","Estimated Half-Year\nCH4 Emissions (t)":"16891","Estimated Annual\nCH4 Emissions (t)":"32499","group":"Thermal coal"}},{"type":"Feature","geometry":{"type":"Point","coordinates":[112.64465,35.60638]},"properties":{"Country":"China","Sector":"Thermal coal","Potential Source Type":"Venting shaft","Source ID":"CHN_S_195","Latitude":"35.60638","Longitude":"112.64465","Number of Plumes Detected\n(2024-Present)":"11","Plumes Notified\n(Y/N)":"N","Feedback Received\n(Y/N)":"—","Average Half-Year\nFlux Rate (t/h)":"5.08","Average Half-Year\nFlux Rate Std. Dev. (t/h)":"4.32","Average Annual\nFlux Rate (t/h)":"3.57","Average Annual\nFlux Rate Std. Dev. (t/h)":"3.73","Date of Last\nPlume Detected":"2026-06-27T03:57:15.000","Half-Year\nPersistency Category":"persistent","Half-Year\nEmission Persistency":"1.0","Half-Year\nPersistency Std. Dev.":"0.0","Annual\nPersistency Category":"persistent","Annual\nEmission Persistency":"1.0","Annual\nPersistency Std. Dev.":"0.0","Estimated Half-Year\nCH4 Emissions (t)":"21945","Estimated Annual\nCH4 Emissions (t)":"31273","group":"Thermal coal"}},{"type":"Feature","geometry":{"type":"Point","coordinates":[112.94554,36.23247]},"properties":{"Country":"China","Sector":"Thermal coal","Potential Source Type":"Venting shaft","Source ID":"CHN_S_088","Latitude":"36.23247","Longitude":"112.94554","Number of Plumes Detected\n(2024-Present)":"20","Plumes Notified\n(Y/N)":"N","Feedback Received\n(Y/N)":"—","Average Half-Year\nFlux Rate (t/h)":"3.45","Average Half-Year\nFlux Rate Std. Dev. (t/h)":"0.65","Average Annual\nFlux Rate (t/h)":"3.55","Average Annual\nFlux Rate Std. Dev. (t/h)":"1.13","Date of Last\nPlume Detected":"2026-06-27T03:57:01.000","Half-Year\nPersistency Category":"persistent","Half-Year\nEmission Persistency":"1.0","Half-Year\nPersistency Std. Dev.":"0.0","Annual\nPersistency Category":"persistent","Annual\nEmission Persistency":"1.0","Annual\nPersistency Std. Dev.":"0.0","Estimated Half-Year\nCH4 Emissions (t)":"14904","Estimated Annual\nCH4 Emissions (t)":"31098","group":"Thermal coal"}},{"type":"Feature","geometry":{"type":"Point","coordinates":[55.19165,45.34143]},"properties":{"Country":"Kazakhstan","Sector":"Oil and gas","Potential Source Type":"Transmission compressor station","Source ID":"KAZ_S_003","Latitude":"45.34143","Longitude":"55.19165","Number of Plumes Detected\n(2024-Present)":"13","Plumes Notified\n(Y/N)":"Y","Feedback Received\n(Y/N)":"N","Average Half-Year\nFlux Rate (t/h)":"3.41","Average Half-Year\nFlux Rate Std. Dev. (t/h)":"2.98","Average Annual\nFlux Rate (t/h)":"3.41","Average Annual\nFlux Rate Std. Dev. (t/h)":"2.98","Date of Last\nPlume Detected":"2026-05-31T08:49:09.000","Half-Year\nPersistency Category":"persistent","Half-Year\nEmission Persistency":"1.0","Half-Year\nPersistency Std. Dev.":"0.0","Annual\nPersistency Category":"persistent","Annual\nEmission Persistency":"1.0","Annual\nPersistency Std. Dev.":"0.0","Estimated Half-Year\nCH4 Emissions (t)":"14731","Estimated Annual\nCH4 Emissions (t)":"29871","group":"Oil and gas"}},{"type":"Feature","geometry":{"type":"Point","coordinates":[150.72,-34.18144]},"properties":{"Country":"Australia","Sector":"Metallurgical coal","Potential Source Type":"Venting shaft","Source ID":"AUS_S_014","Latitude":"-34.18144","Longitude":"150.72","Number of Plumes Detected\n(2024-Present)":"18","Plumes Notified\n(Y/N)":"N","Feedback Received\n(Y/N)":"—","Average Half-Year\nFlux Rate (t/h)":"3.1","Average Half-Year\nFlux Rate Std. Dev. (t/h)":"1.84","Average Annual\nFlux Rate (t/h)":"3.26","Average Annual\nFlux Rate Std. Dev. (t/h)":"1.63","Date of Last\nPlume Detected":"2026-07-23T00:36:17.000","Half-Year\nPersistency Category":"persistent","Half-Year\nEmission Persistency":"1.0","Half-Year\nPersistency Std. Dev.":"0.0","Annual\nPersistency Category":"persistent","Annual\nEmission Persistency":"1.0","Annual\nPersistency Std. Dev.":"0.0","Estimated Half-Year\nCH4 Emissions (t)":"13392","Estimated Annual\nCH4 Emissions (t)":"28557","group":"Metallurgical coal"}},{"type":"Feature","geometry":{"type":"Point","coordinates":[112.9372,36.41495]},"properties":{"Country":"China","Sector":"Metallurgical coal","Potential Source Type":"Venting shaft","Source ID":"CHN_S_072","Latitude":"36.41495","Longitude":"112.9372","Number of Plumes Detected\n(2024-Present)":"27","Plumes Notified\n(Y/N)":"N","Feedback Received\n(Y/N)":"—","Average Half-Year\nFlux Rate (t/h)":"2.51","Average Half-Year\nFlux Rate Std. Dev. (t/h)":"1.1","Average Annual\nFlux Rate (t/h)":"3.17","Average Annual\nFlux Rate Std. Dev. (t/h)":"2.44","Date of Last\nPlume Detected":"2026-07-08T03:24:34.000","Half-Year\nPersistency Category":"persistent","Half-Year\nEmission Persistency":"1.0","Half-Year\nPersistency Std. Dev.":"0.0","Annual\nPersistency Category":"persistent","Annual\nEmission Persistency":"1.0","Annual\nPersistency Std. Dev.":"0.0","Estimated Half-Year\nCH4 Emissions (t)":"10843","Estimated Annual\nCH4 Emissions (t)":"27769","group":"Metallurgical coal"}},{"type":"Feature","geometry":{"type":"Point","coordinates":[-48.15286,-15.85904]},"properties":{"Country":"Brazil","Sector":"Waste","Potential Source Type":"Landfill","Source ID":"BRA_S_016","Latitude":"-15.85904","Longitude":"-48.15286","Number of Plumes Detected\n(2024-Present)":"11","Plumes Notified\n(Y/N)":"Y","Feedback Received\n(Y/N)":"—","Average Half-Year\nFlux Rate (t/h)":"4.69","Average Half-Year\nFlux Rate Std. Dev. (t/h)":"1.94","Average Annual\nFlux Rate (t/h)":"4.69","Average Annual\nFlux Rate Std. Dev. (t/h)":"1.94","Date of Last\nPlume Detected":"2026-08-01T14:05:27.000","Half-Year\nPersistency Category":"persistent","Half-Year\nEmission Persistency":"1.0","Half-Year\nPersistency Std. Dev.":"0.0","Annual\nPersistency Category":"frequent","Annual\nEmission Persistency":"0.67","Annual\nPersistency Std. Dev.":"0.19","Estimated Half-Year\nCH4 Emissions (t)":"20260","Estimated Annual\nCH4 Emissions (t)":"27526","group":"Waste"}},{"type":"Feature","geometry":{"type":"Point","coordinates":[31.56229,30.25634]},"properties":{"Country":"Egypt","Sector":"Waste","Potential Source Type":"Landfill","Source ID":"EGY_S_019","Latitude":"30.25634","Longitude":"31.56229","Number of Plumes Detected\n(2024-Present)":"17","Plumes Notified\n(Y/N)":"N","Feedback Received\n(Y/N)":"—","Average Half-Year\nFlux Rate (t/h)":"3.1","Average Half-Year\nFlux Rate Std. Dev. (t/h)":"0.75","Average Annual\nFlux Rate (t/h)":"2.99","Average Annual\nFlux Rate Std. Dev. (t/h)":"0.66","Date of Last\nPlume Detected":"2026-04-26T06:57:12.000","Half-Year\nPersistency Category":"persistent","Half-Year\nEmission Persistency":"1.0","Half-Year\nPersistency Std. Dev.":"0.0","Annual\nPersistency Category":"persistent","Annual\nEmission Persistency":"1.0","Annual\nPersistency Std. Dev.":"0.0","Estimated Half-Year\nCH4 Emissions (t)":"13392","Estimated Annual\nCH4 Emissions (t)":"26192","group":"Waste"}},{"type":"Feature","geometry":{"type":"Point","coordinates":[110.99532,37.3317]},"properties":{"Country":"China","Sector":"Metallurgical coal","Potential Source Type":"Venting shaft","Source ID":"CHN_S_337","Latitude":"37.3317","Longitude":"110.99532","Number of Plumes Detected\n(2024-Present)":"11","Plumes Notified\n(Y/N)":"N","Feedback Received\n(Y/N)":"—","Average Half-Year\nFlux Rate (t/h)":"2.99","Average Half-Year\nFlux Rate Std. Dev. (t/h)":"1.41","Average Annual\nFlux Rate (t/h)":"2.99","Average Annual\nFlux Rate Std. Dev. (t/h)":"1.41","Date of Last\nPlume Detected":"2026-04-17T04:34:05.000","Half-Year\nPersistency Category":"persistent","Half-Year\nEmission Persistency":"1.0","Half-Year\nPersistency Std. Dev.":"0.0","Annual\nPersistency Category":"persistent","Annual\nEmission Persistency":"1.0","Annual\nPersistency Std. Dev.":"0.0","Estimated Half-Year\nCH4 Emissions (t)":"12916","Estimated Annual\nCH4 Emissions (t)":"26192","group":"Metallurgical coal"}},{"type":"Feature","geometry":{"type":"Point","coordinates":[77.1562,28.74244]},"properties":{"Country":"India","Sector":"Waste","Potential Source Type":"Landfill","Source ID":"IND_S_022","Latitude":"28.74244","Longitude":"77.1562","Number of Plumes Detected\n(2024-Present)":"25","Plumes Notified\n(Y/N)":"N","Feedback Received\n(Y/N)":"—","Average Half-Year\nFlux Rate (t/h)":"2.15","Average Half-Year\nFlux Rate Std. Dev. (t/h)":"0.22","Average Annual\nFlux Rate (t/h)":"2.96","Average Annual\nFlux Rate Std. Dev. (t/h)":"1.23","Date of Last\nPlume Detected":"2026-06-27T03:33:17.000","Half-Year\nPersistency Category":"persistent","Half-Year\nEmission Persistency":"1.0","Half-Year\nPersistency Std. Dev.":"0.0","Annual\nPersistency Category":"persistent","Annual\nEmission Persistency":"1.0","Annual\nPersistency Std. Dev.":"0.0","Estimated Half-Year\nCH4 Emissions (t)":"9288","Estimated Annual\nCH4 Emissions (t)":"25929","group":"Waste"}},{"type":"Feature","geometry":{"type":"Point","coordinates":[53.83148,39.10171]},"properties":{"Country":"Turkmenistan","Sector":"Oil and gas","Potential Source Type":"Oil and gas source (generic)","Source ID":"TKM_S_493","Latitude":"39.10171","Longitude":"53.83148","Number of Plumes Detected\n(2024-Present)":"41","Plumes Notified\n(Y/N)":"Y","Feedback Received\n(Y/N)":"N","Average Half-Year\nFlux Rate (t/h)":"9.11","Average Half-Year\nFlux Rate Std. Dev. (t/h)":"5.33","Average Annual\nFlux Rate (t/h)":"9.11","Average Annual\nFlux Rate Std. Dev. (t/h)":"5.33","Date of Last\nPlume Detected":"2026-08-12T07:00:47.000","Half-Year\nPersistency Category":"frequent","Half-Year\nEmission Persistency":"0.65","Half-Year\nPersistency Std. Dev.":"0.06","Annual\nPersistency Category":"frequent","Annual\nEmission Persistency":"0.31","Annual\nPersistency Std. Dev.":"0.04","Estimated Half-Year\nCH4 Emissions (t)":"25580","Estimated Annual\nCH4 Emissions (t)":"25580","group":"Oil and gas"}},{"type":"Feature","geometry":{"type":"Point","coordinates":[-80.41903,39.64805]},"properties":{"Country":"United States of America","Sector":"Thermal and metallurgical coal","Potential Source Type":"Venting shaft","Source ID":"USA_S_422","Latitude":"39.64805","Longitude":"-80.41903","Number of Plumes Detected\n(2024-Present)":"8","Plumes Notified\n(Y/N)":"N","Feedback Received\n(Y/N)":"—","Average Half-Year\nFlux Rate (t/h)":"2.81","Average Half-Year\nFlux Rate Std. Dev. (t/h)":"1.61","Average Annual\nFlux Rate (t/h)":"2.81","Average Annual\nFlux Rate Std. Dev. (t/h)":"1.61","Date of Last\nPlume Detected":"2026-06-07T20:37:14.000","Half-Year\nPersistency Category":"persistent","Half-Year\nEmission Persistency":"1.0","Half-Year\nPersistency Std. Dev.":"0.0","Annual\nPersistency Category":"persistent","Annual\nEmission Persistency":"1.0","Annual\nPersistency Std. Dev.":"0.0","Estimated Half-Year\nCH4 Emissions (t)":"12139","Estimated Annual\nCH4 Emissions (t)":"24615","group":"Thermal and metallurgical coal"}},{"type":"Feature","geometry":{"type":"Point","coordinates":[111.19233,38.41493]},"properties":{"Country":"China","Sector":"Metallurgical coal","Potential Source Type":"Drainage station","Source ID":"CHN_S_190","Latitude":"38.41493","Longitude":"111.19233","Number of Plumes Detected\n(2024-Present)":"9","Plumes Notified\n(Y/N)":"N","Feedback Received\n(Y/N)":"—","Average Half-Year\nFlux Rate (t/h)":"2.75","Average Half-Year\nFlux Rate Std. Dev. (t/h)":"0.81","Average Annual\nFlux Rate (t/h)":"2.75","Average Annual\nFlux Rate Std. Dev. (t/h)":"0.81","Date of Last\nPlume Detected":"2026-06-23T01:57:59.000","Half-Year\nPersistency Category":"persistent","Half-Year\nEmission Persistency":"1.0","Half-Year\nPersistency Std. Dev.":"0.0","Annual\nPersistency Category":"persistent","Annual\nEmission Persistency":"1.0","Annual\nPersistency Std. Dev.":"0.0","Estimated Half-Year\nCH4 Emissions (t)":"11880","Estimated Annual\nCH4 Emissions (t)":"24090","group":"Metallurgical coal"}},{"type":"Feature","geometry":{"type":"Point","coordinates":[113.37895,37.88456]},"properties":{"Country":"China","Sector":"Thermal coal","Potential Source Type":"Venting shaft","Source ID":"CHN_S_132","Latitude":"37.88456","Longitude":"113.37895","Number of Plumes Detected\n(2024-Present)":"14","Plumes Notified\n(Y/N)":"N","Feedback Received\n(Y/N)":"—","Average Half-Year\nFlux Rate (t/h)":"2.28","Average Half-Year\nFlux Rate Std. Dev. (t/h)":"0.98","Average Annual\nFlux Rate (t/h)":"2.74","Average Annual\nFlux Rate Std. Dev. (t/h)":"1.42","Date of Last\nPlume Detected":"2026-07-25T06:12:48.000","Half-Year\nPersistency Category":"persistent","Half-Year\nEmission Persistency":"1.0","Half-Year\nPersistency Std. Dev.":"0.0","Annual\nPersistency Category":"persistent","Annual\nEmission Persistency":"1.0","Annual\nPersistency Std. Dev.":"0.0","Estimated Half-Year\nCH4 Emissions (t)":"9849","Estimated Annual\nCH4 Emissions (t)":"24002","group":"Thermal coal"}},{"type":"Feature","geometry":{"type":"Point","coordinates":[62.13602,40.45467]},"properties":{"Country":"Turkmenistan","Sector":"Oil and gas","Potential Source Type":"Transmission pipelines","Source ID":"TKM_S_256","Latitude":"40.45467","Longitude":"62.13602","Number of Plumes Detected\n(2024-Present)":"11","Plumes Notified\n(Y/N)":"Y","Feedback Received\n(Y/N)":"N","Average Half-Year\nFlux Rate (t/h)":"2.8","Average Half-Year\nFlux Rate Std. Dev. (t/h)":"0.88","Average Annual\nFlux Rate (t/h)":"2.72","Average Annual\nFlux Rate Std. Dev. (t/h)":"0.7","Date of Last\nPlume Detected":"2026-08-07T06:54:18.000","Half-Year\nPersistency Category":"persistent","Half-Year\nEmission Persistency":"1.0","Half-Year\nPersistency Std. Dev.":"0.0","Annual\nPersistency Category":"persistent","Annual\nEmission Persistency":"1.0","Annual\nPersistency Std. Dev.":"0.0","Estimated Half-Year\nCH4 Emissions (t)":"12096","Estimated Annual\nCH4 Emissions (t)":"23827","group":"Oil and gas"}},{"type":"Feature","geometry":{"type":"Point","coordinates":[147.99512,-21.88795]},"properties":{"Country":"Australia","Sector":"Metallurgical coal","Potential Source Type":"Venting shaft","Source ID":"AUS_S_028","Latitude":"-21.88795","Longitude":"147.99512","Number of Plumes Detected\n(2024-Present)":"13","Plumes Notified\n(Y/N)":"N","Feedback Received\n(Y/N)":"—","Average Half-Year\nFlux Rate (t/h)":"3.35","Average Half-Year\nFlux Rate Std. Dev. (t/h)":"0.72","Average Annual\nFlux Rate (t/h)":"2.66","Average Annual\nFlux Rate Std. Dev. (t/h)":"1.08","Date of Last\nPlume Detected":"2026-05-27T00:54:27.000","Half-Year\nPersistency Category":"persistent","Half-Year\nEmission Persistency":"1.0","Half-Year\nPersistency Std. Dev.":"0.0","Annual\nPersistency Category":"persistent","Annual\nEmission Persistency":"1.0","Annual\nPersistency Std. Dev.":"0.0","Estimated Half-Year\nCH4 Emissions (t)":"14472","Estimated Annual\nCH4 Emissions (t)":"23301","group":"Metallurgical coal"}},{"type":"Feature","geometry":{"type":"Point","coordinates":[54.02161,38.09913]},"properties":{"Country":"Turkmenistan","Sector":"Oil and gas","Potential Source Type":"Oil and gas facility (generic)","Source ID":"TKM_S_438","Latitude":"38.09913","Longitude":"54.02161","Number of Plumes Detected\n(2024-Present)":"93","Plumes Notified\n(Y/N)":"Y","Feedback Received\n(Y/N)":"N","Average Half-Year\nFlux Rate (t/h)":"3.21","Average Half-Year\nFlux Rate Std. Dev. (t/h)":"2.71","Average Annual\nFlux Rate (t/h)":"2.68","Average Annual\nFlux Rate Std. Dev. (t/h)":"2.17","Date of Last\nPlume Detected":"2026-08-15T08:45:09.000","Half-Year\nPersistency Category":"persistent","Half-Year\nEmission Persistency":"0.95","Half-Year\nPersistency Std. Dev.":"0.03","Annual\nPersistency Category":"persistent","Annual\nEmission Persistency":"0.93","Annual\nPersistency Std. Dev.":"0.03","Estimated Half-Year\nCH4 Emissions (t)":"13173","Estimated Annual\nCH4 Emissions (t)":"21833","group":"Oil and gas"}},{"type":"Feature","geometry":{"type":"Point","coordinates":[112.98069,36.10827]},"properties":{"Country":"China","Sector":"Metallurgical coal","Potential Source Type":"Venting shaft","Source ID":"CHN_S_212","Latitude":"36.10827","Longitude":"112.98069","Number of Plumes Detected\n(2024-Present)":"17","Plumes Notified\n(Y/N)":"N","Feedback Received\n(Y/N)":"—","Average Half-Year\nFlux Rate (t/h)":"2.6","Average Half-Year\nFlux Rate Std. Dev. (t/h)":"1.33","Average Annual\nFlux Rate (t/h)":"2.57","Average Annual\nFlux Rate Std. Dev. (t/h)":"1.5","Date of Last\nPlume Detected":"2026-06-27T03:57:06.000","Half-Year\nPersistency Category":"persistent","Half-Year\nEmission Persistency":"1.0","Half-Year\nPersistency Std. Dev.":"0.0","Annual\nPersistency Category":"persistent","Annual\nEmission Persistency":"0.91","Annual\nPersistency Std. Dev.":"0.09","Estimated Half-Year\nCH4 Emissions (t)":"11232","Estimated Annual\nCH4 Emissions (t)":"20487","group":"Metallurgical coal"}},{"type":"Feature","geometry":{"type":"Point","coordinates":[112.68846,35.59816]},"properties":{"Country":"China","Sector":"Thermal coal","Potential Source Type":"Drainage station","Source ID":"CHN_S_196","Latitude":"35.59816","Longitude":"112.68846","Number of Plumes Detected\n(2024-Present)":"9","Plumes Notified\n(Y/N)":"N","Feedback Received\n(Y/N)":"—","Average Half-Year\nFlux Rate (t/h)":"2.52","Average Half-Year\nFlux Rate Std. Dev. (t/h)":"2.16","Average Annual\nFlux Rate (t/h)":"2.26","Average Annual\nFlux Rate Std. Dev. (t/h)":"1.96","Date of Last\nPlume Detected":"2026-06-27T03:57:15.000","Half-Year\nPersistency Category":"persistent","Half-Year\nEmission Persistency":"1.0","Half-Year\nPersistency Std. Dev.":"0.0","Annual\nPersistency Category":"persistent","Annual\nEmission Persistency":"1.0","Annual\nPersistency Std. Dev.":"0.0","Estimated Half-Year\nCH4 Emissions (t)":"10886","Estimated Annual\nCH4 Emissions (t)":"19797","group":"Thermal coal"}},{"type":"Feature","geometry":{"type":"Point","coordinates":[35.54489,32.64319]},"properties":{"Country":"Israel","Sector":"Waste","Potential Source Type":"Landfill","Source ID":"ISR_S_006","Latitude":"32.64319","Longitude":"35.54489","Number of Plumes Detected\n(2024-Present)":"14","Plumes Notified\n(Y/N)":"Y","Feedback Received\n(Y/N)":"—","Average Half-Year\nFlux Rate (t/h)":"2.25","Average Half-Year\nFlux Rate Std. Dev. (t/h)":"0.82","Average Annual\nFlux Rate (t/h)":"2.17","Average Annual\nFlux Rate Std. Dev. (t/h)":"0.73","Date of Last\nPlume Detected":"2026-08-02T07:41:26.000","Half-Year\nPersistency Category":"persistent","Half-Year\nEmission Persistency":"1.0","Half-Year\nPersistency Std. Dev.":"0.0","Annual\nPersistency Category":"persistent","Annual\nEmission Persistency":"1.0","Annual\nPersistency Std. Dev.":"0.0","Estimated Half-Year\nCH4 Emissions (t)":"9720","Estimated Annual\nCH4 Emissions (t)":"19009","group":"Waste"}},{"type":"Feature","geometry":{"type":"Point","coordinates":[74.59052,42.9683]},"properties":{"Country":"Kyrgyzstan","Sector":"Waste","Potential Source Type":"Landfill","Source ID":"KGZ_S_002","Latitude":"42.9683","Longitude":"74.59052","Number of Plumes Detected\n(2024-Present)":"5","Plumes Notified\n(Y/N)":"N","Feedback Received\n(Y/N)":"—","Average Half-Year\nFlux Rate (t/h)":"2.08","Average Half-Year\nFlux Rate Std. Dev. (t/h)":"0.75","Average Annual\nFlux Rate (t/h)":"2.11","Average Annual\nFlux Rate Std. Dev. (t/h)":"0.61","Date of Last\nPlume Detected":"2026-07-25T09:20:52.000","Half-Year\nPersistency Category":"persistent","Half-Year\nEmission Persistency":"1.0","Half-Year\nPersistency Std. Dev.":"0.0","Annual\nPersistency Category":"persistent","Annual\nEmission Persistency":"1.0","Annual\nPersistency Std. Dev.":"0.0","Estimated Half-Year\nCH4 Emissions (t)":"8985","Estimated Annual\nCH4 Emissions (t)":"18483","group":"Waste"}},{"type":"Feature","geometry":{"type":"Point","coordinates":[44.15514,15.47439]},"properties":{"Country":"Yemen","Sector":"Waste","Potential Source Type":"Landfill","Source ID":"YEM_S_019","Latitude":"15.47439","Longitude":"44.15514","Number of Plumes Detected\n(2024-Present)":"9","Plumes Notified\n(Y/N)":"N","Feedback Received\n(Y/N)":"—","Average Half-Year\nFlux Rate (t/h)":"2.32","Average Half-Year\nFlux Rate Std. Dev. (t/h)":"1.44","Average Annual\nFlux Rate (t/h)":"2.09","Average Annual\nFlux Rate Std. Dev. (t/h)":"0.89","Date of Last\nPlume Detected":"2026-08-04T07:48:00.000","Half-Year\nPersistency Category":"persistent","Half-Year\nEmission Persistency":"1.0","Half-Year\nPersistency Std. Dev.":"0.0","Annual\nPersistency Category":"persistent","Annual\nEmission Persistency":"1.0","Annual\nPersistency Std. Dev.":"0.0","Estimated Half-Year\nCH4 Emissions (t)":"10022","Estimated Annual\nCH4 Emissions (t)":"18308","group":"Waste"}},{"type":"Feature","geometry":{"type":"Point","coordinates":[54.19757,38.50625]},"properties":{"Country":"Turkmenistan","Sector":"Oil and gas","Potential Source Type":"Gas disposal facility","Source ID":"TKM_S_020","Latitude":"38.50625","Longitude":"54.19757","Number of Plumes Detected\n(2024-Present)":"131","Plumes Notified\n(Y/N)":"Y","Feedback Received\n(Y/N)":"Y","Average Half-Year\nFlux Rate (t/h)":"2.45","Average Half-Year\nFlux Rate Std. Dev. (t/h)":"1.56","Average Annual\nFlux Rate (t/h)":"2.4","Average Annual\nFlux Rate Std. Dev. (t/h)":"1.42","Date of Last\nPlume Detected":"2026-08-15T08:45:09.000","Half-Year\nPersistency Category":"persistent","Half-Year\nEmission Persistency":"0.98","Half-Year\nPersistency Std. Dev.":"0.02","Annual\nPersistency Category":"persistent","Annual\nEmission Persistency":"0.86","Annual\nPersistency Std. Dev.":"0.04","Estimated Half-Year\nCH4 Emissions (t)":"10372","Estimated Annual\nCH4 Emissions (t)":"18080","group":"Oil and gas"}},{"type":"Feature","geometry":{"type":"Point","coordinates":[28.15206,29.78652]},"properties":{"Country":"Egypt","Sector":"Oil and gas","Potential Source Type":"Gas disposal facility","Source ID":"EGY_S_055","Latitude":"29.78652","Longitude":"28.15206","Number of Plumes Detected\n(2024-Present)":"110","Plumes Notified\n(Y/N)":"Y","Feedback Received\n(Y/N)":"Y","Average Half-Year\nFlux Rate (t/h)":"4.9","Average Half-Year\nFlux Rate Std. Dev. (t/h)":"2.62","Average Annual\nFlux Rate (t/h)":"4.25","Average Annual\nFlux Rate Std. Dev. (t/h)":"2.07","Date of Last\nPlume Detected":"2026-07-21T08:37:41.000","Half-Year\nPersistency Category":"frequent","Half-Year\nEmission Persistency":"0.45","Half-Year\nPersistency Std. Dev.":"0.05","Annual\nPersistency Category":"frequent","Annual\nEmission Persistency":"0.47","Annual\nPersistency Std. Dev.":"0.03","Estimated Half-Year\nCH4 Emissions (t)":"9525","Estimated Annual\nCH4 Emissions (t)":"17498","group":"Oil and gas"}},{"type":"Feature","geometry":{"type":"Point","coordinates":[18.54222,-33.77659]},"properties":{"Country":"South Africa","Sector":"Waste","Potential Source Type":"Landfill","Source ID":"ZAF_S_006","Latitude":"-33.77659","Longitude":"18.54222","Number of Plumes Detected\n(2024-Present)":"23","Plumes Notified\n(Y/N)":"N","Feedback Received\n(Y/N)":"—","Average Half-Year\nFlux Rate (t/h)":"2.52","Average Half-Year\nFlux Rate Std. Dev. (t/h)":"0.59","Average Annual\nFlux Rate (t/h)":"2.46","Average Annual\nFlux Rate Std. Dev. (t/h)":"0.89","Date of Last\nPlume Detected":"2026-06-16T09:23:59.000","Half-Year\nPersistency Category":"persistent","Half-Year\nEmission Persistency":"0.88","Half-Year\nPersistency Std. Dev.":"0.11","Annual\nPersistency Category":"frequent","Annual\nEmission Persistency":"0.8","Annual\nPersistency Std. Dev.":"0.1","Estimated Half-Year\nCH4 Emissions (t)":"9580","Estimated Annual\nCH4 Emissions (t)":"17239","group":"Waste"}},{"type":"Feature","geometry":{"type":"Point","coordinates":[53.77668,39.46192]},"properties":{"Country":"Turkmenistan","Sector":"Oil and gas","Potential Source Type":"Pipeline","Source ID":"TKM_S_029","Latitude":"39.46192","Longitude":"53.77668","Number of Plumes Detected\n(2024-Present)":"244","Plumes Notified\n(Y/N)":"Y","Feedback Received\n(Y/N)":"Y","Average Half-Year\nFlux Rate (t/h)":"3.72","Average Half-Year\nFlux Rate Std. Dev. (t/h)":"1.76","Average Annual\nFlux Rate (t/h)":"3.66","Average Annual\nFlux Rate Std. Dev. (t/h)":"1.64","Date of Last\nPlume Detected":"2026-08-14T07:16:21.000","Half-Year\nPersistency Category":"frequent","Half-Year\nEmission Persistency":"0.75","Half-Year\nPersistency Std. Dev.":"0.05","Annual\nPersistency Category":"frequent","Annual\nEmission Persistency":"0.51","Annual\nPersistency Std. Dev.":"0.04","Estimated Half-Year\nCH4 Emissions (t)":"12052","Estimated Annual\nCH4 Emissions (t)":"16351","group":"Oil and gas"}},{"type":"Feature","geometry":{"type":"Point","coordinates":[-88.68657,38.09903]},"properties":{"Country":"United States of America","Sector":"Thermal coal","Potential Source Type":"Venting shaft","Source ID":"USA_S_1109","Latitude":"38.09903","Longitude":"-88.68657","Number of Plumes Detected\n(2024-Present)":"7","Plumes Notified\n(Y/N)":"N","Feedback Received\n(Y/N)":"—","Average Half-Year\nFlux Rate (t/h)":"2.0","Average Half-Year\nFlux Rate Std. Dev. (t/h)":"0.25","Average Annual\nFlux Rate (t/h)":"1.62","Average Annual\nFlux Rate Std. Dev. (t/h)":"0.78","Date of Last\nPlume Detected":"2026-06-17T17:29:05.000","Half-Year\nPersistency Category":"persistent","Half-Year\nEmission Persistency":"1.0","Half-Year\nPersistency Std. Dev.":"0.0","Annual\nPersistency Category":"persistent","Annual\nEmission Persistency":"1.0","Annual\nPersistency Std. Dev.":"0.0","Estimated Half-Year\nCH4 Emissions (t)":"8640","Estimated Annual\nCH4 Emissions (t)":"14191","group":"Thermal coal"}},{"type":"Feature","geometry":{"type":"Point","coordinates":[113.46349,37.91815]},"properties":{"Country":"China","Sector":"Thermal coal","Potential Source Type":"Venting shaft","Source ID":"CHN_S_134","Latitude":"37.91815","Longitude":"113.46349","Number of Plumes Detected\n(2024-Present)":"12","Plumes Notified\n(Y/N)":"N","Feedback Received\n(Y/N)":"—","Average Half-Year\nFlux Rate (t/h)":"2.55","Average Half-Year\nFlux Rate Std. Dev. (t/h)":"2.32","Average Annual\nFlux Rate (t/h)":"2.55","Average Annual\nFlux Rate Std. Dev. (t/h)":"2.32","Date of Last\nPlume Detected":"2026-07-25T06:12:48.000","Half-Year\nPersistency Category":"persistent","Half-Year\nEmission Persistency":"1.0","Half-Year\nPersistency Std. Dev.":"0.0","Annual\nPersistency Category":"frequent","Annual\nEmission Persistency":"0.6","Annual\nPersistency Std. Dev.":"0.22","Estimated Half-Year\nCH4 Emissions (t)":"11016","Estimated Annual\nCH4 Emissions (t)":"13402","group":"Thermal coal"}},{"type":"Feature","geometry":{"type":"Point","coordinates":[-80.33096,39.84836]},"properties":{"Country":"United States of America","Sector":"Thermal coal","Potential Source Type":"Venting shaft","Source ID":"USA_S_502","Latitude":"39.84836","Longitude":"-80.33096","Number of Plumes Detected\n(2024-Present)":"9","Plumes Notified\n(Y/N)":"N","Feedback Received\n(Y/N)":"—","Average Half-Year\nFlux Rate (t/h)":"2.18","Average Half-Year\nFlux Rate Std. Dev. (t/h)":"1.41","Average Annual\nFlux Rate (t/h)":"1.86","Average Annual\nFlux Rate Std. Dev. (t/h)":"1.32","Date of Last\nPlume Detected":"2026-06-07T20:37:14.000","Half-Year\nPersistency Category":"persistent","Half-Year\nEmission Persistency":"1.0","Half-Year\nPersistency Std. Dev.":"0.0","Annual\nPersistency Category":"frequent","Annual\nEmission Persistency":"0.8","Annual\nPersistency Std. Dev.":"0.18","Estimated Half-Year\nCH4 Emissions (t)":"9417","Estimated Annual\nCH4 Emissions (t)":"13034","group":"Thermal coal"}},{"type":"Feature","geometry":{"type":"Point","coordinates":[30.78879,30.44543]},"properties":{"Country":"Egypt","Sector":"Waste","Potential Source Type":"Landfill","Source ID":"EGY_S_043","Latitude":"30.44543","Longitude":"30.78879","Number of Plumes Detected\n(2024-Present)":"15","Plumes Notified\n(Y/N)":"N","Feedback Received\n(Y/N)":"—","Average Half-Year\nFlux Rate (t/h)":"1.92","Average Half-Year\nFlux Rate Std. Dev. (t/h)":"0.79","Average Annual\nFlux Rate (t/h)":"1.77","Average Annual\nFlux Rate Std. Dev. (t/h)":"0.8","Date of Last\nPlume Detected":"2026-05-27T10:17:34.000","Half-Year\nPersistency Category":"persistent","Half-Year\nEmission Persistency":"1.0","Half-Year\nPersistency Std. Dev.":"0.0","Annual\nPersistency Category":"frequent","Annual\nEmission Persistency":"0.78","Annual\nPersistency Std. Dev.":"0.14","Estimated Half-Year\nCH4 Emissions (t)":"8294","Estimated Annual\nCH4 Emissions (t)":"12094","group":"Waste"}},{"type":"Feature","geometry":{"type":"Point","coordinates":[87.2469,23.5486]},"properties":{"Country":"India","Sector":"Metallurgical coal","Potential Source Type":"Coke oven gas","Source ID":"IND_S_055","Latitude":"23.5486","Longitude":"87.2469","Number of Plumes Detected\n(2024-Present)":"7","Plumes Notified\n(Y/N)":"N","Feedback Received\n(Y/N)":"—","Average Half-Year\nFlux Rate (t/h)":"2.46","Average Half-Year\nFlux Rate Std. Dev. (t/h)":"","Average Annual\nFlux Rate (t/h)":"1.4","Average Annual\nFlux Rate Std. Dev. (t/h)":"0.95","Date of Last\nPlume Detected":"2026-06-24T04:22:41.000","Half-Year\nPersistency Category":"persistent","Half-Year\nEmission Persistency":"1.0","Half-Year\nPersistency Std. Dev.":"0.0","Annual\nPersistency Category":"persistent","Annual\nEmission Persistency":"0.86","Annual\nPersistency Std. Dev.":"0.13","Estimated Half-Year\nCH4 Emissions (t)":"10627","Estimated Annual\nCH4 Emissions (t)":"10627","group":"Metallurgical coal"}}]}