{"type":"FeatureCollection","source":"pages/banking_dynasties.html (the Suppression page's banking dynasties section): each family's origin and the cities its list gives it","features":[{"type":"Feature","geometry":{"type":"LineString","coordinates":[[11.256,43.77],[11.051,43.941],[10.845,44.113],[10.638,44.284],[10.429,44.454],[10.219,44.624],[10.009,44.794],[9.796,44.963],[9.583,45.132],[9.368,45.301],[9.152,45.469],[8.935,45.637],[8.716,45.804],[8.497,45.971],[8.275,46.138],[8.053,46.304],[7.829,46.47],[7.604,46.635],[7.377,46.8],[7.149,46.964],[6.92,47.128],[6.689,47.291],[6.456,47.454],[6.223,47.617],[5.988,47.779],[5.751,47.94],[5.513,48.101],[5.273,48.262],[5.032,48.422],[4.789,48.581],[4.545,48.74],[4.299,48.899],[4.052,49.057],[3.803,49.214],[3.553,49.371],[3.301,49.527],[3.047,49.683],[2.792,49.838],[2.535,49.993],[2.276,50.147],[2.016,50.301],[1.754,50.454],[1.49,50.606],[1.225,50.758],[0.958,50.909],[0.689,51.06],[0.419,51.209],[0.146,51.359],[-0.128,51.507]]},"properties":{"family":"Bardi","from":"Florence","to":"London","era":"Medieval","founded":1250,"peak":"1290 to 1340","decline":1345,"peak wealth, billion US$ adjusted for inflation (as the page gives it)":15,"banks":13,"properties":50,"employees":2000,"cities at its peak":13,"all its cities":"Florence, London, Paris, Naples, Bruges, Barcelona, Avignon","active at the same time as":"Peruzzi, Welser","shares cities with":"Peruzzi, Medici, Mitsui, Hope, Rothschild, Barings, Bischoffsheim, Mallet, Fould, Warburg, Pictet, Morgan, Brown Brothers, Hambros, Lazard, Lehman, Schiff/Kuhn Loeb, Goldman Sachs, Rockefeller, Oppenheimer"}},{"type":"Feature","geometry":{"type":"LineString","coordinates":[[11.256,43.77],[11.087,43.882],[10.917,43.995],[10.746,44.107],[10.575,44.219],[10.403,44.33],[10.231,44.442],[10.058,44.553],[9.884,44.663],[9.71,44.774],[9.535,44.884],[9.359,44.994],[9.183,45.104],[9.005,45.214],[8.828,45.323],[8.649,45.432],[8.47,45.54],[8.29,45.649],[8.11,45.757],[7.928,45.865],[7.746,45.972],[7.564,46.079],[7.38,46.186],[7.196,46.293],[7.011,46.399],[6.826,46.505],[6.64,46.611],[6.453,46.717],[6.265,46.822],[6.077,46.927],[5.887,47.031],[5.697,47.135],[5.507,47.239],[5.315,47.343],[5.123,47.446],[4.93,47.549],[4.737,47.652],[4.542,47.754],[4.347,47.856],[4.151,47.957],[3.954,48.059],[3.757,48.16],[3.558,48.26],[3.359,48.361],[3.16,48.46],[2.959,48.56],[2.757,48.659],[2.555,48.758],[2.352,48.857]]},"properties":{"family":"Bardi","from":"Florence","to":"Paris","era":"Medieval","founded":1250,"peak":"1290 to 1340","decline":1345,"peak wealth, billion US$ adjusted for inflation (as the page gives it)":15,"banks":13,"properties":50,"employees":2000,"cities at its peak":13,"all its cities":"Florence, London, Paris, Naples, Bruges, Barcelona, Avignon","active at the same time as":"Peruzzi, Welser","shares cities with":"Peruzzi, Hope, Rothschild, Bischoffsheim, Mallet, Fould, Pictet, Morgan, Lazard, Schiff/Kuhn Loeb, Rockefeller"}},{"type":"Feature","geometry":{"type":"LineString","coordinates":[[11.256,43.77],[11.321,43.71],[11.387,43.65],[11.452,43.59],[11.518,43.53],[11.583,43.469],[11.648,43.409],[11.713,43.349],[11.778,43.289],[11.842,43.229],[11.907,43.168],[11.971,43.108],[12.035,43.048],[12.1,42.987],[12.164,42.927],[12.227,42.866],[12.291,42.806],[12.355,42.745],[12.418,42.685],[12.482,42.624],[12.545,42.563],[12.608,42.503],[12.671,42.442],[12.734,42.381],[12.797,42.321],[12.86,42.26],[12.922,42.199],[12.984,42.138],[13.047,42.077],[13.109,42.016],[13.171,41.955],[13.233,41.894],[13.295,41.833],[13.356,41.772],[13.418,41.711],[13.48,41.65],[13.541,41.589],[13.602,41.527],[13.663,41.466],[13.724,41.405],[13.785,41.343],[13.846,41.282],[13.907,41.221],[13.967,41.159],[14.028,41.098],[14.088,41.036],[14.148,40.975],[14.208,40.913],[14.268,40.852]]},"properties":{"family":"Bardi","from":"Florence","to":"Naples","era":"Medieval","founded":1250,"peak":"1290 to 1340","decline":1345,"peak wealth, billion US$ adjusted for inflation (as the page gives it)":15,"banks":13,"properties":50,"employees":2000,"cities at its peak":13,"all its cities":"Florence, London, Paris, Naples, Bruges, Barcelona, Avignon","active at the same time as":"Peruzzi, Welser","shares cities with":"Peruzzi, Rothschild"}},{"type":"Feature","geometry":{"type":"LineString","coordinates":[[11.256,43.77],[11.11,43.93],[10.964,44.09],[10.816,44.25],[10.668,44.409],[10.519,44.569],[10.37,44.728],[10.219,44.887],[10.068,45.046],[9.916,45.205],[9.763,45.363],[9.609,45.522],[9.454,45.68],[9.298,45.837],[9.142,45.995],[8.984,46.152],[8.826,46.31],[8.667,46.467],[8.506,46.623],[8.345,46.78],[8.183,46.936],[8.02,47.092],[7.856,47.248],[7.691,47.404],[7.526,47.559],[7.359,47.714],[7.191,47.869],[7.022,48.024],[6.852,48.178],[6.681,48.332],[6.509,48.486],[6.336,48.64],[6.162,48.793],[5.987,48.946],[5.811,49.099],[5.633,49.252],[5.455,49.404],[5.276,49.556],[5.095,49.708],[4.913,49.859],[4.73,50.011],[4.546,50.161],[4.361,50.312],[4.175,50.462],[3.987,50.612],[3.798,50.762],[3.608,50.911],[3.417,51.061],[3.225,51.209]]},"properties":{"family":"Bardi","from":"Florence","to":"Bruges","era":"Medieval","founded":1250,"peak":"1290 to 1340","decline":1345,"peak wealth, billion US$ adjusted for inflation (as the page gives it)":15,"banks":13,"properties":50,"employees":2000,"cities at its peak":13,"all its cities":"Florence, London, Paris, Naples, Bruges, Barcelona, Avignon","active at the same time as":"Peruzzi, Welser","shares cities with":"Peruzzi, Medici"}},{"type":"Feature","geometry":{"type":"LineString","coordinates":[[11.256,43.77],[11.06,43.727],[10.864,43.685],[10.668,43.642],[10.473,43.599],[10.278,43.555],[10.083,43.512],[9.889,43.467],[9.695,43.423],[9.501,43.378],[9.307,43.333],[9.114,43.287],[8.921,43.242],[8.728,43.196],[8.536,43.149],[8.343,43.102],[8.152,43.055],[7.96,43.008],[7.769,42.96],[7.578,42.912],[7.387,42.864],[7.197,42.815],[7.007,42.766],[6.817,42.717],[6.628,42.667],[6.438,42.617],[6.25,42.567],[6.061,42.516],[5.873,42.465],[5.685,42.414],[5.497,42.363],[5.31,42.311],[5.123,42.259],[4.936,42.207],[4.75,42.154],[4.564,42.101],[4.378,42.048],[4.193,41.994],[4.007,41.94],[3.823,41.886],[3.638,41.831],[3.454,41.777],[3.27,41.722],[3.086,41.666],[2.903,41.611],[2.72,41.555],[2.538,41.498],[2.355,41.442],[2.173,41.385]]},"properties":{"family":"Bardi","from":"Florence","to":"Barcelona","era":"Medieval","founded":1250,"peak":"1290 to 1340","decline":1345,"peak wealth, billion US$ adjusted for inflation (as the page gives it)":15,"banks":13,"properties":50,"employees":2000,"cities at its peak":13,"all its cities":"Florence, London, Paris, Naples, Bruges, Barcelona, Avignon","active at the same time as":"Peruzzi, Welser","shares cities with":""}},{"type":"Feature","geometry":{"type":"LineString","coordinates":[[11.256,43.77],[11.122,43.777],[10.988,43.784],[10.854,43.791],[10.72,43.798],[10.586,43.805],[10.452,43.812],[10.318,43.818],[10.184,43.825],[10.05,43.831],[9.916,43.837],[9.782,43.843],[9.647,43.849],[9.513,43.854],[9.379,43.859],[9.245,43.865],[9.111,43.87],[8.976,43.875],[8.842,43.88],[8.708,43.884],[8.573,43.889],[8.439,43.893],[8.304,43.897],[8.17,43.901],[8.036,43.905],[7.901,43.908],[7.767,43.912],[7.632,43.915],[7.498,43.919],[7.363,43.922],[7.229,43.924],[7.094,43.927],[6.959,43.93],[6.825,43.932],[6.69,43.934],[6.556,43.937],[6.421,43.938],[6.287,43.94],[6.152,43.942],[6.017,43.943],[5.883,43.945],[5.748,43.946],[5.613,43.947],[5.479,43.948],[5.344,43.948],[5.209,43.949],[5.075,43.949],[4.94,43.949],[4.806,43.949]]},"properties":{"family":"Bardi","from":"Florence","to":"Avignon","era":"Medieval","founded":1250,"peak":"1290 to 1340","decline":1345,"peak wealth, billion US$ adjusted for inflation (as the page gives it)":15,"banks":13,"properties":50,"employees":2000,"cities at its peak":13,"all its cities":"Florence, London, Paris, Naples, Bruges, Barcelona, Avignon","active at the same time as":"Peruzzi, Welser","shares cities with":"Peruzzi"}},{"type":"Feature","geometry":{"type":"LineString","coordinates":[[11.256,43.77],[11.051,43.941],[10.845,44.113],[10.638,44.284],[10.429,44.454],[10.219,44.624],[10.009,44.794],[9.796,44.963],[9.583,45.132],[9.368,45.301],[9.152,45.469],[8.935,45.637],[8.716,45.804],[8.497,45.971],[8.275,46.138],[8.053,46.304],[7.829,46.47],[7.604,46.635],[7.377,46.8],[7.149,46.964],[6.92,47.128],[6.689,47.291],[6.456,47.454],[6.223,47.617],[5.988,47.779],[5.751,47.94],[5.513,48.101],[5.273,48.262],[5.032,48.422],[4.789,48.581],[4.545,48.74],[4.299,48.899],[4.052,49.057],[3.803,49.214],[3.553,49.371],[3.301,49.527],[3.047,49.683],[2.792,49.838],[2.535,49.993],[2.276,50.147],[2.016,50.301],[1.754,50.454],[1.49,50.606],[1.225,50.758],[0.958,50.909],[0.689,51.06],[0.419,51.209],[0.146,51.359],[-0.128,51.507]]},"properties":{"family":"Peruzzi","from":"Florence","to":"London","era":"Medieval","founded":1275,"peak":"1300 to 1340","decline":1343,"peak wealth, billion US$ adjusted for inflation (as the page gives it)":12,"banks":11,"properties":45,"employees":1800,"cities at its peak":11,"all its cities":"Florence, London, Paris, Naples, Bruges, Avignon","active at the same time as":"Bardi, Welser","shares cities with":"Bardi, Medici, Mitsui, Hope, Rothschild, Barings, Bischoffsheim, Mallet, Fould, Warburg, Pictet, Morgan, Brown Brothers, Hambros, Lazard, Lehman, Schiff/Kuhn Loeb, Goldman Sachs, Rockefeller, Oppenheimer"}},{"type":"Feature","geometry":{"type":"LineString","coordinates":[[11.256,43.77],[11.087,43.882],[10.917,43.995],[10.746,44.107],[10.575,44.219],[10.403,44.33],[10.231,44.442],[10.058,44.553],[9.884,44.663],[9.71,44.774],[9.535,44.884],[9.359,44.994],[9.183,45.104],[9.005,45.214],[8.828,45.323],[8.649,45.432],[8.47,45.54],[8.29,45.649],[8.11,45.757],[7.928,45.865],[7.746,45.972],[7.564,46.079],[7.38,46.186],[7.196,46.293],[7.011,46.399],[6.826,46.505],[6.64,46.611],[6.453,46.717],[6.265,46.822],[6.077,46.927],[5.887,47.031],[5.697,47.135],[5.507,47.239],[5.315,47.343],[5.123,47.446],[4.93,47.549],[4.737,47.652],[4.542,47.754],[4.347,47.856],[4.151,47.957],[3.954,48.059],[3.757,48.16],[3.558,48.26],[3.359,48.361],[3.16,48.46],[2.959,48.56],[2.757,48.659],[2.555,48.758],[2.352,48.857]]},"properties":{"family":"Peruzzi","from":"Florence","to":"Paris","era":"Medieval","founded":1275,"peak":"1300 to 1340","decline":1343,"peak wealth, billion US$ adjusted for inflation (as the page gives it)":12,"banks":11,"properties":45,"employees":1800,"cities at its peak":11,"all its cities":"Florence, London, Paris, Naples, Bruges, Avignon","active at the same time as":"Bardi, Welser","shares cities with":"Bardi, Hope, Rothschild, Bischoffsheim, Mallet, Fould, Pictet, Morgan, Lazard, Schiff/Kuhn Loeb, Rockefeller"}},{"type":"Feature","geometry":{"type":"LineString","coordinates":[[11.256,43.77],[11.321,43.71],[11.387,43.65],[11.452,43.59],[11.518,43.53],[11.583,43.469],[11.648,43.409],[11.713,43.349],[11.778,43.289],[11.842,43.229],[11.907,43.168],[11.971,43.108],[12.035,43.048],[12.1,42.987],[12.164,42.927],[12.227,42.866],[12.291,42.806],[12.355,42.745],[12.418,42.685],[12.482,42.624],[12.545,42.563],[12.608,42.503],[12.671,42.442],[12.734,42.381],[12.797,42.321],[12.86,42.26],[12.922,42.199],[12.984,42.138],[13.047,42.077],[13.109,42.016],[13.171,41.955],[13.233,41.894],[13.295,41.833],[13.356,41.772],[13.418,41.711],[13.48,41.65],[13.541,41.589],[13.602,41.527],[13.663,41.466],[13.724,41.405],[13.785,41.343],[13.846,41.282],[13.907,41.221],[13.967,41.159],[14.028,41.098],[14.088,41.036],[14.148,40.975],[14.208,40.913],[14.268,40.852]]},"properties":{"family":"Peruzzi","from":"Florence","to":"Naples","era":"Medieval","founded":1275,"peak":"1300 to 1340","decline":1343,"peak wealth, billion US$ adjusted for inflation (as the page gives it)":12,"banks":11,"properties":45,"employees":1800,"cities at its peak":11,"all its cities":"Florence, London, Paris, Naples, Bruges, Avignon","active at the same time as":"Bardi, Welser","shares cities with":"Bardi, Rothschild"}},{"type":"Feature","geometry":{"type":"LineString","coordinates":[[11.256,43.77],[11.11,43.93],[10.964,44.09],[10.816,44.25],[10.668,44.409],[10.519,44.569],[10.37,44.728],[10.219,44.887],[10.068,45.046],[9.916,45.205],[9.763,45.363],[9.609,45.522],[9.454,45.68],[9.298,45.837],[9.142,45.995],[8.984,46.152],[8.826,46.31],[8.667,46.467],[8.506,46.623],[8.345,46.78],[8.183,46.936],[8.02,47.092],[7.856,47.248],[7.691,47.404],[7.526,47.559],[7.359,47.714],[7.191,47.869],[7.022,48.024],[6.852,48.178],[6.681,48.332],[6.509,48.486],[6.336,48.64],[6.162,48.793],[5.987,48.946],[5.811,49.099],[5.633,49.252],[5.455,49.404],[5.276,49.556],[5.095,49.708],[4.913,49.859],[4.73,50.011],[4.546,50.161],[4.361,50.312],[4.175,50.462],[3.987,50.612],[3.798,50.762],[3.608,50.911],[3.417,51.061],[3.225,51.209]]},"properties":{"family":"Peruzzi","from":"Florence","to":"Bruges","era":"Medieval","founded":1275,"peak":"1300 to 1340","decline":1343,"peak wealth, billion US$ adjusted for inflation (as the page gives it)":12,"banks":11,"properties":45,"employees":1800,"cities at its peak":11,"all its cities":"Florence, London, Paris, Naples, Bruges, Avignon","active at the same time as":"Bardi, Welser","shares cities with":"Bardi, Medici"}},{"type":"Feature","geometry":{"type":"LineString","coordinates":[[11.256,43.77],[11.122,43.777],[10.988,43.784],[10.854,43.791],[10.72,43.798],[10.586,43.805],[10.452,43.812],[10.318,43.818],[10.184,43.825],[10.05,43.831],[9.916,43.837],[9.782,43.843],[9.647,43.849],[9.513,43.854],[9.379,43.859],[9.245,43.865],[9.111,43.87],[8.976,43.875],[8.842,43.88],[8.708,43.884],[8.573,43.889],[8.439,43.893],[8.304,43.897],[8.17,43.901],[8.036,43.905],[7.901,43.908],[7.767,43.912],[7.632,43.915],[7.498,43.919],[7.363,43.922],[7.229,43.924],[7.094,43.927],[6.959,43.93],[6.825,43.932],[6.69,43.934],[6.556,43.937],[6.421,43.938],[6.287,43.94],[6.152,43.942],[6.017,43.943],[5.883,43.945],[5.748,43.946],[5.613,43.947],[5.479,43.948],[5.344,43.948],[5.209,43.949],[5.075,43.949],[4.94,43.949],[4.806,43.949]]},"properties":{"family":"Peruzzi","from":"Florence","to":"Avignon","era":"Medieval","founded":1275,"peak":"1300 to 1340","decline":1343,"peak wealth, billion US$ adjusted for inflation (as the page gives it)":12,"banks":11,"properties":45,"employees":1800,"cities at its peak":11,"all its cities":"Florence, London, Paris, Naples, Bruges, Avignon","active at the same time as":"Bardi, Welser","shares cities with":"Bardi"}},{"type":"Feature","geometry":{"type":"LineString","coordinates":[[11.256,43.77],[11.282,43.731],[11.309,43.692],[11.336,43.653],[11.362,43.615],[11.389,43.576],[11.415,43.537],[11.441,43.498],[11.468,43.459],[11.494,43.421],[11.521,43.382],[11.547,43.343],[11.573,43.304],[11.599,43.265],[11.625,43.227],[11.652,43.188],[11.678,43.149],[11.704,43.11],[11.73,43.071],[11.756,43.032],[11.782,42.993],[11.808,42.955],[11.834,42.916],[11.86,42.877],[11.885,42.838],[11.911,42.799],[11.937,42.76],[11.963,42.721],[11.989,42.682],[12.014,42.643],[12.04,42.604],[12.066,42.565],[12.091,42.527],[12.117,42.488],[12.142,42.449],[12.168,42.41],[12.193,42.371],[12.219,42.332],[12.244,42.293],[12.269,42.254],[12.295,42.215],[12.32,42.176],[12.345,42.137],[12.371,42.098],[12.396,42.059],[12.421,42.02],[12.446,41.981],[12.471,41.942],[12.496,41.903]]},"properties":{"family":"Medici","from":"Florence","to":"Rome","era":"Renaissance","founded":1397,"peak":"1434 to 1494","decline":1737,"peak wealth, billion US$ adjusted for inflation (as the page gives it)":120,"banks":16,"properties":200,"employees":5000,"cities at its peak":16,"all its cities":"Florence, Rome, Venice, Milan, Geneva, Lyon, Bruges, London","active at the same time as":"Fugger, Welser, Hochstetter, Mitsui, Hope, Mallet, Oppenheimer","shares cities with":"Fugger, Hochstetter"}},{"type":"Feature","geometry":{"type":"LineString","coordinates":[[11.256,43.77],[11.277,43.805],[11.299,43.839],[11.32,43.874],[11.342,43.909],[11.363,43.944],[11.385,43.979],[11.407,44.014],[11.428,44.049],[11.45,44.084],[11.472,44.119],[11.493,44.153],[11.515,44.188],[11.537,44.223],[11.559,44.258],[11.58,44.293],[11.602,44.328],[11.624,44.363],[11.646,44.397],[11.668,44.432],[11.69,44.467],[11.712,44.502],[11.734,44.537],[11.756,44.572],[11.778,44.606],[11.8,44.641],[11.822,44.676],[11.844,44.711],[11.867,44.746],[11.889,44.78],[11.911,44.815],[11.933,44.85],[11.955,44.885],[11.978,44.92],[12,44.954],[12.022,44.989],[12.045,45.024],[12.067,45.059],[12.09,45.093],[12.112,45.128],[12.135,45.163],[12.157,45.198],[12.18,45.232],[12.202,45.267],[12.225,45.302],[12.247,45.337],[12.27,45.371],[12.293,45.406],[12.315,45.441]]},"properties":{"family":"Medici","from":"Florence","to":"Venice","era":"Renaissance","founded":1397,"peak":"1434 to 1494","decline":1737,"peak wealth, billion US$ adjusted for inflation (as the page gives it)":120,"banks":16,"properties":200,"employees":5000,"cities at its peak":16,"all its cities":"Florence, Rome, Venice, Milan, Geneva, Lyon, Bruges, London","active at the same time as":"Fugger, Welser, Hochstetter, Mitsui, Hope, Mallet, Oppenheimer","shares cities with":"Fugger, Hochstetter"}},{"type":"Feature","geometry":{"type":"LineString","coordinates":[[11.256,43.77],[11.214,43.805],[11.172,43.841],[11.13,43.877],[11.088,43.912],[11.046,43.948],[11.004,43.983],[10.962,44.019],[10.92,44.055],[10.878,44.09],[10.835,44.126],[10.793,44.161],[10.751,44.197],[10.708,44.232],[10.666,44.268],[10.623,44.303],[10.581,44.339],[10.538,44.374],[10.495,44.409],[10.452,44.445],[10.41,44.48],[10.367,44.516],[10.324,44.551],[10.281,44.586],[10.238,44.622],[10.195,44.657],[10.152,44.692],[10.109,44.727],[10.065,44.763],[10.022,44.798],[9.979,44.833],[9.935,44.868],[9.892,44.903],[9.849,44.939],[9.805,44.974],[9.761,45.009],[9.718,45.044],[9.674,45.079],[9.63,45.114],[9.587,45.149],[9.543,45.184],[9.499,45.219],[9.455,45.254],[9.411,45.289],[9.367,45.324],[9.323,45.359],[9.279,45.394],[9.234,45.429],[9.19,45.464]]},"properties":{"family":"Medici","from":"Florence","to":"Milan","era":"Renaissance","founded":1397,"peak":"1434 to 1494","decline":1737,"peak wealth, billion US$ adjusted for inflation (as the page gives it)":120,"banks":16,"properties":200,"employees":5000,"cities at its peak":16,"all its cities":"Florence, Rome, Venice, Milan, Geneva, Lyon, Bruges, London","active at the same time as":"Fugger, Welser, Hochstetter, Mitsui, Hope, Mallet, Oppenheimer","shares cities with":""}},{"type":"Feature","geometry":{"type":"LineString","coordinates":[[11.256,43.77],[11.154,43.823],[11.051,43.875],[10.949,43.928],[10.846,43.981],[10.743,44.034],[10.64,44.086],[10.537,44.139],[10.434,44.191],[10.33,44.243],[10.226,44.295],[10.122,44.347],[10.018,44.399],[9.914,44.451],[9.809,44.503],[9.705,44.555],[9.6,44.606],[9.495,44.658],[9.389,44.709],[9.284,44.76],[9.178,44.812],[9.072,44.863],[8.966,44.914],[8.86,44.965],[8.754,45.016],[8.647,45.066],[8.54,45.117],[8.434,45.167],[8.326,45.218],[8.219,45.268],[8.112,45.318],[8.004,45.368],[7.896,45.418],[7.788,45.468],[7.68,45.518],[7.571,45.568],[7.462,45.617],[7.353,45.667],[7.244,45.716],[7.135,45.766],[7.026,45.815],[6.916,45.864],[6.806,45.913],[6.696,45.962],[6.586,46.01],[6.476,46.059],[6.365,46.108],[6.254,46.156],[6.143,46.204]]},"properties":{"family":"Medici","from":"Florence","to":"Geneva","era":"Renaissance","founded":1397,"peak":"1434 to 1494","decline":1737,"peak wealth, billion US$ adjusted for inflation (as the page gives it)":120,"banks":16,"properties":200,"employees":5000,"cities at its peak":16,"all its cities":"Florence, Rome, Venice, Milan, Geneva, Lyon, Bruges, London","active at the same time as":"Fugger, Welser, Hochstetter, Mitsui, Hope, Mallet, Oppenheimer","shares cities with":"Rothschild, Mallet, Pictet"}},{"type":"Feature","geometry":{"type":"LineString","coordinates":[[11.256,43.77],[11.127,43.815],[10.997,43.86],[10.868,43.905],[10.738,43.949],[10.608,43.994],[10.478,44.038],[10.347,44.082],[10.217,44.127],[10.086,44.171],[9.955,44.214],[9.824,44.258],[9.693,44.302],[9.561,44.345],[9.429,44.388],[9.297,44.431],[9.165,44.474],[9.033,44.517],[8.9,44.559],[8.768,44.602],[8.635,44.644],[8.502,44.686],[8.368,44.728],[8.235,44.77],[8.101,44.812],[7.967,44.853],[7.833,44.895],[7.699,44.936],[7.565,44.977],[7.43,45.018],[7.295,45.059],[7.16,45.099],[7.025,45.139],[6.89,45.18],[6.754,45.22],[6.618,45.26],[6.482,45.3],[6.346,45.339],[6.21,45.379],[6.073,45.418],[5.936,45.457],[5.799,45.496],[5.662,45.535],[5.525,45.573],[5.388,45.612],[5.25,45.65],[5.112,45.688],[4.974,45.726],[4.836,45.764]]},"properties":{"family":"Medici","from":"Florence","to":"Lyon","era":"Renaissance","founded":1397,"peak":"1434 to 1494","decline":1737,"peak wealth, billion US$ adjusted for inflation (as the page gives it)":120,"banks":16,"properties":200,"employees":5000,"cities at its peak":16,"all its cities":"Florence, Rome, Venice, Milan, Geneva, Lyon, Bruges, London","active at the same time as":"Fugger, Welser, Hochstetter, Mitsui, Hope, Mallet, Oppenheimer","shares cities with":""}},{"type":"Feature","geometry":{"type":"LineString","coordinates":[[11.256,43.77],[11.11,43.93],[10.964,44.09],[10.816,44.25],[10.668,44.409],[10.519,44.569],[10.37,44.728],[10.219,44.887],[10.068,45.046],[9.916,45.205],[9.763,45.363],[9.609,45.522],[9.454,45.68],[9.298,45.837],[9.142,45.995],[8.984,46.152],[8.826,46.31],[8.667,46.467],[8.506,46.623],[8.345,46.78],[8.183,46.936],[8.02,47.092],[7.856,47.248],[7.691,47.404],[7.526,47.559],[7.359,47.714],[7.191,47.869],[7.022,48.024],[6.852,48.178],[6.681,48.332],[6.509,48.486],[6.336,48.64],[6.162,48.793],[5.987,48.946],[5.811,49.099],[5.633,49.252],[5.455,49.404],[5.276,49.556],[5.095,49.708],[4.913,49.859],[4.73,50.011],[4.546,50.161],[4.361,50.312],[4.175,50.462],[3.987,50.612],[3.798,50.762],[3.608,50.911],[3.417,51.061],[3.225,51.209]]},"properties":{"family":"Medici","from":"Florence","to":"Bruges","era":"Renaissance","founded":1397,"peak":"1434 to 1494","decline":1737,"peak wealth, billion US$ adjusted for inflation (as the page gives it)":120,"banks":16,"properties":200,"employees":5000,"cities at its peak":16,"all its cities":"Florence, Rome, Venice, Milan, Geneva, Lyon, Bruges, London","active at the same time as":"Fugger, Welser, Hochstetter, Mitsui, Hope, Mallet, Oppenheimer","shares cities with":"Bardi, Peruzzi"}},{"type":"Feature","geometry":{"type":"LineString","coordinates":[[11.256,43.77],[11.051,43.941],[10.845,44.113],[10.638,44.284],[10.429,44.454],[10.219,44.624],[10.009,44.794],[9.796,44.963],[9.583,45.132],[9.368,45.301],[9.152,45.469],[8.935,45.637],[8.716,45.804],[8.497,45.971],[8.275,46.138],[8.053,46.304],[7.829,46.47],[7.604,46.635],[7.377,46.8],[7.149,46.964],[6.92,47.128],[6.689,47.291],[6.456,47.454],[6.223,47.617],[5.988,47.779],[5.751,47.94],[5.513,48.101],[5.273,48.262],[5.032,48.422],[4.789,48.581],[4.545,48.74],[4.299,48.899],[4.052,49.057],[3.803,49.214],[3.553,49.371],[3.301,49.527],[3.047,49.683],[2.792,49.838],[2.535,49.993],[2.276,50.147],[2.016,50.301],[1.754,50.454],[1.49,50.606],[1.225,50.758],[0.958,50.909],[0.689,51.06],[0.419,51.209],[0.146,51.359],[-0.128,51.507]]},"properties":{"family":"Medici","from":"Florence","to":"London","era":"Renaissance","founded":1397,"peak":"1434 to 1494","decline":1737,"peak wealth, billion US$ adjusted for inflation (as the page gives it)":120,"banks":16,"properties":200,"employees":5000,"cities at its peak":16,"all its cities":"Florence, Rome, Venice, Milan, Geneva, Lyon, Bruges, London","active at the same time as":"Fugger, Welser, Hochstetter, Mitsui, Hope, Mallet, Oppenheimer","shares cities with":"Bardi, Peruzzi, Mitsui, Hope, Rothschild, Barings, Bischoffsheim, Mallet, Fould, Warburg, Pictet, Morgan, Brown Brothers, Hambros, Lazard, Lehman, Schiff/Kuhn Loeb, Goldman Sachs, Rockefeller, Oppenheimer"}},{"type":"Feature","geometry":{"type":"LineString","coordinates":[[10.898,48.37],[10.77,48.433],[10.642,48.496],[10.514,48.559],[10.385,48.621],[10.256,48.684],[10.127,48.746],[9.998,48.808],[9.868,48.87],[9.738,48.932],[9.607,48.993],[9.476,49.055],[9.345,49.116],[9.214,49.177],[9.082,49.238],[8.95,49.299],[8.817,49.36],[8.684,49.421],[8.551,49.481],[8.418,49.541],[8.284,49.601],[8.15,49.661],[8.016,49.721],[7.881,49.781],[7.746,49.84],[7.61,49.9],[7.475,49.959],[7.339,50.018],[7.202,50.077],[7.065,50.135],[6.928,50.194],[6.791,50.252],[6.653,50.311],[6.515,50.369],[6.376,50.427],[6.238,50.484],[6.099,50.542],[5.959,50.599],[5.819,50.656],[5.679,50.714],[5.539,50.77],[5.398,50.827],[5.257,50.884],[5.115,50.94],[4.973,50.996],[4.831,51.052],[4.689,51.108],[4.546,51.164],[4.402,51.219]]},"properties":{"family":"Fugger","from":"Augsburg","to":"Antwerp","era":"Renaissance","founded":1367,"peak":"1495 to 1560","decline":1600,"peak wealth, billion US$ adjusted for inflation (as the page gives it)":400,"banks":12,"properties":150,"employees":8000,"cities at its peak":12,"all its cities":"Augsburg, Antwerp, Rome, Vienna, Innsbruck, Venice, Lisbon, Madrid","active at the same time as":"Medici, Welser, Hochstetter","shares cities with":"Welser, Hochstetter"}},{"type":"Feature","geometry":{"type":"LineString","coordinates":[[10.898,48.37],[10.935,48.236],[10.972,48.101],[11.009,47.967],[11.046,47.832],[11.082,47.698],[11.119,47.563],[11.155,47.429],[11.191,47.294],[11.227,47.16],[11.262,47.025],[11.298,46.89],[11.333,46.756],[11.368,46.621],[11.403,46.486],[11.437,46.352],[11.472,46.217],[11.506,46.082],[11.541,45.948],[11.575,45.813],[11.609,45.678],[11.642,45.544],[11.676,45.409],[11.709,45.274],[11.742,45.139],[11.776,45.005],[11.808,44.87],[11.841,44.735],[11.874,44.6],[11.906,44.466],[11.939,44.331],[11.971,44.196],[12.003,44.061],[12.035,43.926],[12.067,43.791],[12.098,43.657],[12.13,43.522],[12.161,43.387],[12.192,43.252],[12.223,43.117],[12.254,42.982],[12.285,42.847],[12.315,42.712],[12.346,42.577],[12.376,42.443],[12.406,42.308],[12.437,42.173],[12.467,42.038],[12.496,41.903]]},"properties":{"family":"Fugger","from":"Augsburg","to":"Rome","era":"Renaissance","founded":1367,"peak":"1495 to 1560","decline":1600,"peak wealth, billion US$ adjusted for inflation (as the page gives it)":400,"banks":12,"properties":150,"employees":8000,"cities at its peak":12,"all its cities":"Augsburg, Antwerp, Rome, Vienna, Innsbruck, Venice, Lisbon, Madrid","active at the same time as":"Medici, Welser, Hochstetter","shares cities with":"Medici, Hochstetter"}},{"type":"Feature","geometry":{"type":"LineString","coordinates":[[10.898,48.37],[11.012,48.37],[11.126,48.369],[11.241,48.368],[11.355,48.367],[11.469,48.366],[11.584,48.364],[11.698,48.363],[11.812,48.362],[11.927,48.36],[12.041,48.358],[12.155,48.356],[12.27,48.354],[12.384,48.352],[12.498,48.35],[12.612,48.348],[12.727,48.345],[12.841,48.343],[12.955,48.34],[13.069,48.337],[13.184,48.334],[13.298,48.331],[13.412,48.328],[13.526,48.325],[13.64,48.322],[13.754,48.318],[13.868,48.315],[13.982,48.311],[14.097,48.307],[14.211,48.304],[14.325,48.3],[14.439,48.295],[14.553,48.291],[14.667,48.287],[14.781,48.282],[14.895,48.278],[15.008,48.273],[15.122,48.268],[15.236,48.263],[15.35,48.258],[15.464,48.253],[15.578,48.248],[15.692,48.243],[15.805,48.237],[15.919,48.232],[16.033,48.226],[16.146,48.22],[16.26,48.214],[16.374,48.208]]},"properties":{"family":"Fugger","from":"Augsburg","to":"Vienna","era":"Renaissance","founded":1367,"peak":"1495 to 1560","decline":1600,"peak wealth, billion US$ adjusted for inflation (as the page gives it)":400,"banks":12,"properties":150,"employees":8000,"cities at its peak":12,"all its cities":"Augsburg, Antwerp, Rome, Vienna, Innsbruck, Venice, Lisbon, Madrid","active at the same time as":"Medici, Welser, Hochstetter","shares cities with":"Rothschild"}},{"type":"Feature","geometry":{"type":"LineString","coordinates":[[10.898,48.37],[10.909,48.348],[10.919,48.325],[10.93,48.302],[10.941,48.279],[10.952,48.256],[10.962,48.233],[10.973,48.21],[10.984,48.187],[10.994,48.164],[11.005,48.141],[11.016,48.118],[11.026,48.095],[11.037,48.072],[11.048,48.05],[11.058,48.027],[11.069,48.004],[11.08,47.981],[11.09,47.958],[11.101,47.935],[11.111,47.912],[11.122,47.889],[11.133,47.866],[11.143,47.843],[11.154,47.82],[11.164,47.797],[11.175,47.774],[11.185,47.751],[11.196,47.728],[11.206,47.705],[11.217,47.682],[11.227,47.659],[11.238,47.637],[11.248,47.614],[11.259,47.591],[11.269,47.568],[11.28,47.545],[11.29,47.522],[11.3,47.499],[11.311,47.476],[11.321,47.453],[11.332,47.43],[11.342,47.407],[11.352,47.384],[11.363,47.361],[11.373,47.338],[11.383,47.315],[11.394,47.292],[11.404,47.269]]},"properties":{"family":"Fugger","from":"Augsburg","to":"Innsbruck","era":"Renaissance","founded":1367,"peak":"1495 to 1560","decline":1600,"peak wealth, billion US$ adjusted for inflation (as the page gives it)":400,"banks":12,"properties":150,"employees":8000,"cities at its peak":12,"all its cities":"Augsburg, Antwerp, Rome, Vienna, Innsbruck, Venice, Lisbon, Madrid","active at the same time as":"Medici, Welser, Hochstetter","shares cities with":""}},{"type":"Feature","geometry":{"type":"LineString","coordinates":[[10.898,48.37],[10.929,48.31],[10.96,48.249],[10.991,48.188],[11.022,48.127],[11.053,48.066],[11.084,48.005],[11.114,47.944],[11.145,47.883],[11.176,47.823],[11.206,47.762],[11.237,47.701],[11.267,47.64],[11.297,47.579],[11.328,47.518],[11.358,47.457],[11.388,47.396],[11.418,47.335],[11.448,47.274],[11.478,47.213],[11.507,47.152],[11.537,47.091],[11.567,47.03],[11.596,46.969],[11.626,46.908],[11.655,46.847],[11.685,46.786],[11.714,46.725],[11.744,46.664],[11.773,46.603],[11.802,46.541],[11.831,46.48],[11.86,46.419],[11.889,46.358],[11.918,46.297],[11.947,46.236],[11.975,46.175],[12.004,46.114],[12.033,46.053],[12.061,45.991],[12.09,45.93],[12.118,45.869],[12.147,45.808],[12.175,45.747],[12.203,45.686],[12.231,45.624],[12.259,45.563],[12.287,45.502],[12.315,45.441]]},"properties":{"family":"Fugger","from":"Augsburg","to":"Venice","era":"Renaissance","founded":1367,"peak":"1495 to 1560","decline":1600,"peak wealth, billion US$ adjusted for inflation (as the page gives it)":400,"banks":12,"properties":150,"employees":8000,"cities at its peak":12,"all its cities":"Augsburg, Antwerp, Rome, Vienna, Innsbruck, Venice, Lisbon, Madrid","active at the same time as":"Medici, Welser, Hochstetter","shares cities with":"Medici, Hochstetter"}},{"type":"Feature","geometry":{"type":"LineString","coordinates":[[10.898,48.37],[10.412,48.209],[9.928,48.046],[9.448,47.88],[8.971,47.713],[8.498,47.543],[8.027,47.372],[7.559,47.199],[7.094,47.024],[6.633,46.847],[6.174,46.668],[5.718,46.487],[5.266,46.305],[4.816,46.12],[4.37,45.934],[3.926,45.747],[3.486,45.557],[3.048,45.366],[2.614,45.173],[2.182,44.979],[1.753,44.783],[1.327,44.585],[0.905,44.386],[0.485,44.186],[0.067,43.983],[-0.347,43.78],[-0.758,43.574],[-1.167,43.368],[-1.573,43.159],[-1.976,42.95],[-2.377,42.739],[-2.774,42.526],[-3.169,42.313],[-3.562,42.098],[-3.951,41.881],[-4.338,41.664],[-4.723,41.444],[-5.104,41.224],[-5.484,41.003],[-5.86,40.78],[-6.234,40.556],[-6.606,40.331],[-6.975,40.104],[-7.342,39.877],[-7.706,39.648],[-8.068,39.418],[-8.427,39.187],[-8.785,38.955],[-9.139,38.722]]},"properties":{"family":"Fugger","from":"Augsburg","to":"Lisbon","era":"Renaissance","founded":1367,"peak":"1495 to 1560","decline":1600,"peak wealth, billion US$ adjusted for inflation (as the page gives it)":400,"banks":12,"properties":150,"employees":8000,"cities at its peak":12,"all its cities":"Augsburg, Antwerp, Rome, Vienna, Innsbruck, Venice, Lisbon, Madrid","active at the same time as":"Medici, Welser, Hochstetter","shares cities with":""}},{"type":"Feature","geometry":{"type":"LineString","coordinates":[[10.898,48.37],[10.551,48.225],[10.206,48.079],[9.863,47.932],[9.522,47.784],[9.183,47.635],[8.846,47.485],[8.511,47.334],[8.177,47.182],[7.846,47.029],[7.516,46.875],[7.189,46.72],[6.863,46.564],[6.539,46.408],[6.217,46.25],[5.897,46.091],[5.579,45.932],[5.262,45.772],[4.948,45.611],[4.635,45.448],[4.324,45.286],[4.015,45.122],[3.707,44.957],[3.401,44.792],[3.097,44.626],[2.795,44.459],[2.495,44.291],[2.196,44.122],[1.899,43.953],[1.603,43.783],[1.31,43.612],[1.018,43.44],[0.727,43.268],[0.439,43.095],[0.151,42.921],[-0.134,42.747],[-0.418,42.572],[-0.7,42.396],[-0.981,42.219],[-1.26,42.042],[-1.538,41.864],[-1.814,41.685],[-2.088,41.506],[-2.361,41.326],[-2.633,41.145],[-2.903,40.964],[-3.171,40.782],[-3.438,40.6],[-3.704,40.417]]},"properties":{"family":"Fugger","from":"Augsburg","to":"Madrid","era":"Renaissance","founded":1367,"peak":"1495 to 1560","decline":1600,"peak wealth, billion US$ adjusted for inflation (as the page gives it)":400,"banks":12,"properties":150,"employees":8000,"cities at its peak":12,"all its cities":"Augsburg, Antwerp, Rome, Vienna, Innsbruck, Venice, Lisbon, Madrid","active at the same time as":"Medici, Welser, Hochstetter","shares cities with":""}},{"type":"Feature","geometry":{"type":"LineString","coordinates":[[10.898,48.37],[10.77,48.433],[10.642,48.496],[10.514,48.559],[10.385,48.621],[10.256,48.684],[10.127,48.746],[9.998,48.808],[9.868,48.87],[9.738,48.932],[9.607,48.993],[9.476,49.055],[9.345,49.116],[9.214,49.177],[9.082,49.238],[8.95,49.299],[8.817,49.36],[8.684,49.421],[8.551,49.481],[8.418,49.541],[8.284,49.601],[8.15,49.661],[8.016,49.721],[7.881,49.781],[7.746,49.84],[7.61,49.9],[7.475,49.959],[7.339,50.018],[7.202,50.077],[7.065,50.135],[6.928,50.194],[6.791,50.252],[6.653,50.311],[6.515,50.369],[6.376,50.427],[6.238,50.484],[6.099,50.542],[5.959,50.599],[5.819,50.656],[5.679,50.714],[5.539,50.77],[5.398,50.827],[5.257,50.884],[5.115,50.94],[4.973,50.996],[4.831,51.052],[4.689,51.108],[4.546,51.164],[4.402,51.219]]},"properties":{"family":"Welser","from":"Augsburg","to":"Antwerp","era":"Renaissance","founded":1246,"peak":"1520 to 1560","decline":1614,"peak wealth, billion US$ adjusted for inflation (as the page gives it)":180,"banks":10,"properties":150,"employees":4000,"cities at its peak":10,"all its cities":"Augsburg, Antwerp, Seville, Santo Domingo, Caracas","active at the same time as":"Bardi, Peruzzi, Medici, Fugger, Hochstetter","shares cities with":"Fugger, Hochstetter"}},{"type":"Feature","geometry":{"type":"LineString","coordinates":[[10.898,48.37],[10.479,48.17],[10.064,47.968],[9.651,47.765],[9.242,47.56],[8.837,47.354],[8.434,47.146],[8.035,46.937],[7.638,46.727],[7.245,46.515],[6.855,46.302],[6.468,46.087],[6.083,45.872],[5.702,45.655],[5.324,45.436],[4.949,45.217],[4.576,44.996],[4.207,44.774],[3.84,44.551],[3.476,44.327],[3.115,44.101],[2.757,43.875],[2.401,43.647],[2.048,43.418],[1.698,43.189],[1.35,42.958],[1.005,42.726],[0.663,42.493],[0.323,42.259],[-0.015,42.024],[-0.35,41.788],[-0.682,41.551],[-1.012,41.313],[-1.34,41.074],[-1.665,40.834],[-1.988,40.594],[-2.309,40.352],[-2.627,40.11],[-2.943,39.867],[-3.257,39.622],[-3.568,39.377],[-3.878,39.132],[-4.185,38.885],[-4.49,38.638],[-4.793,38.389],[-5.094,38.141],[-5.393,37.891],[-5.69,37.64],[-5.984,37.389]]},"properties":{"family":"Welser","from":"Augsburg","to":"Seville","era":"Renaissance","founded":1246,"peak":"1520 to 1560","decline":1614,"peak wealth, billion US$ adjusted for inflation (as the page gives it)":180,"banks":10,"properties":150,"employees":4000,"cities at its peak":10,"all its cities":"Augsburg, Antwerp, Seville, Santo Domingo, Caracas","active at the same time as":"Bardi, Peruzzi, Medici, Fugger, Hochstetter","shares cities with":""}},{"type":"Feature","geometry":{"type":"LineString","coordinates":[[10.898,48.37],[8.7,48.501],[6.492,48.59],[4.278,48.637],[2.063,48.641],[-0.152,48.603],[-2.361,48.522],[-4.561,48.399],[-6.749,48.235],[-8.921,48.029],[-11.074,47.783],[-13.205,47.497],[-15.312,47.171],[-17.391,46.808],[-19.441,46.407],[-21.46,45.971],[-23.446,45.499],[-25.398,44.994],[-27.315,44.456],[-29.196,43.886],[-31.04,43.286],[-32.847,42.658],[-34.617,42.001],[-36.351,41.318],[-38.047,40.609],[-39.708,39.876],[-41.333,39.12],[-42.923,38.342],[-44.478,37.542],[-46,36.723],[-47.49,35.885],[-48.948,35.029],[-50.376,34.155],[-51.774,33.266],[-53.144,32.361],[-54.486,31.442],[-55.802,30.509],[-57.093,29.563],[-58.36,28.604],[-59.604,27.634],[-60.826,26.654],[-62.027,25.663],[-63.207,24.662],[-64.37,23.652],[-65.514,22.634],[-66.641,21.608],[-67.753,20.574],[-68.849,19.533],[-69.931,18.486]]},"properties":{"family":"Welser","from":"Augsburg","to":"Santo Domingo","era":"Renaissance","founded":1246,"peak":"1520 to 1560","decline":1614,"peak wealth, billion US$ adjusted for inflation (as the page gives it)":180,"banks":10,"properties":150,"employees":4000,"cities at its peak":10,"all its cities":"Augsburg, Antwerp, Seville, Santo Domingo, Caracas","active at the same time as":"Bardi, Peruzzi, Medici, Fugger, Hochstetter","shares cities with":""}},{"type":"Feature","geometry":{"type":"LineString","coordinates":[[10.898,48.37],[8.579,48.292],[6.269,48.167],[3.972,47.996],[1.693,47.779],[-0.565,47.518],[-2.8,47.213],[-5.007,46.865],[-7.183,46.475],[-9.328,46.044],[-11.437,45.574],[-13.51,45.066],[-15.545,44.521],[-17.542,43.94],[-19.498,43.325],[-21.415,42.678],[-23.291,42],[-25.126,41.291],[-26.921,40.554],[-28.677,39.79],[-30.393,39],[-32.071,38.186],[-33.711,37.348],[-35.315,36.488],[-36.883,35.607],[-38.416,34.706],[-39.916,33.786],[-41.384,32.849],[-42.82,31.894],[-44.227,30.924],[-45.606,29.939],[-46.957,28.94],[-48.283,27.928],[-49.584,26.903],[-50.861,25.867],[-52.115,24.82],[-53.349,23.762],[-54.563,22.695],[-55.758,21.618],[-56.935,20.534],[-58.095,19.441],[-59.24,18.341],[-60.371,17.234],[-61.487,16.122],[-62.592,15.003],[-63.685,13.879],[-64.767,12.751],[-65.84,11.618],[-66.904,10.481]]},"properties":{"family":"Welser","from":"Augsburg","to":"Caracas","era":"Renaissance","founded":1246,"peak":"1520 to 1560","decline":1614,"peak wealth, billion US$ adjusted for inflation (as the page gives it)":180,"banks":10,"properties":150,"employees":4000,"cities at its peak":10,"all its cities":"Augsburg, Antwerp, Seville, Santo Domingo, Caracas","active at the same time as":"Bardi, Peruzzi, Medici, Fugger, Hochstetter","shares cities with":""}},{"type":"Feature","geometry":{"type":"LineString","coordinates":[[10.898,48.37],[10.77,48.433],[10.642,48.496],[10.514,48.559],[10.385,48.621],[10.256,48.684],[10.127,48.746],[9.998,48.808],[9.868,48.87],[9.738,48.932],[9.607,48.993],[9.476,49.055],[9.345,49.116],[9.214,49.177],[9.082,49.238],[8.95,49.299],[8.817,49.36],[8.684,49.421],[8.551,49.481],[8.418,49.541],[8.284,49.601],[8.15,49.661],[8.016,49.721],[7.881,49.781],[7.746,49.84],[7.61,49.9],[7.475,49.959],[7.339,50.018],[7.202,50.077],[7.065,50.135],[6.928,50.194],[6.791,50.252],[6.653,50.311],[6.515,50.369],[6.376,50.427],[6.238,50.484],[6.099,50.542],[5.959,50.599],[5.819,50.656],[5.679,50.714],[5.539,50.77],[5.398,50.827],[5.257,50.884],[5.115,50.94],[4.973,50.996],[4.831,51.052],[4.689,51.108],[4.546,51.164],[4.402,51.219]]},"properties":{"family":"Hochstetter","from":"Augsburg","to":"Antwerp","era":"Renaissance","founded":1450,"peak":"1520 to 1560","decline":1570,"peak wealth, billion US$ adjusted for inflation (as the page gives it)":45,"banks":7,"properties":80,"employees":2500,"cities at its peak":7,"all its cities":"Augsburg, Antwerp, Rome, Venice","active at the same time as":"Medici, Fugger, Welser","shares cities with":"Fugger, Welser"}},{"type":"Feature","geometry":{"type":"LineString","coordinates":[[10.898,48.37],[10.935,48.236],[10.972,48.101],[11.009,47.967],[11.046,47.832],[11.082,47.698],[11.119,47.563],[11.155,47.429],[11.191,47.294],[11.227,47.16],[11.262,47.025],[11.298,46.89],[11.333,46.756],[11.368,46.621],[11.403,46.486],[11.437,46.352],[11.472,46.217],[11.506,46.082],[11.541,45.948],[11.575,45.813],[11.609,45.678],[11.642,45.544],[11.676,45.409],[11.709,45.274],[11.742,45.139],[11.776,45.005],[11.808,44.87],[11.841,44.735],[11.874,44.6],[11.906,44.466],[11.939,44.331],[11.971,44.196],[12.003,44.061],[12.035,43.926],[12.067,43.791],[12.098,43.657],[12.13,43.522],[12.161,43.387],[12.192,43.252],[12.223,43.117],[12.254,42.982],[12.285,42.847],[12.315,42.712],[12.346,42.577],[12.376,42.443],[12.406,42.308],[12.437,42.173],[12.467,42.038],[12.496,41.903]]},"properties":{"family":"Hochstetter","from":"Augsburg","to":"Rome","era":"Renaissance","founded":1450,"peak":"1520 to 1560","decline":1570,"peak wealth, billion US$ adjusted for inflation (as the page gives it)":45,"banks":7,"properties":80,"employees":2500,"cities at its peak":7,"all its cities":"Augsburg, Antwerp, Rome, Venice","active at the same time as":"Medici, Fugger, Welser","shares cities with":"Medici, Fugger"}},{"type":"Feature","geometry":{"type":"LineString","coordinates":[[10.898,48.37],[10.929,48.31],[10.96,48.249],[10.991,48.188],[11.022,48.127],[11.053,48.066],[11.084,48.005],[11.114,47.944],[11.145,47.883],[11.176,47.823],[11.206,47.762],[11.237,47.701],[11.267,47.64],[11.297,47.579],[11.328,47.518],[11.358,47.457],[11.388,47.396],[11.418,47.335],[11.448,47.274],[11.478,47.213],[11.507,47.152],[11.537,47.091],[11.567,47.03],[11.596,46.969],[11.626,46.908],[11.655,46.847],[11.685,46.786],[11.714,46.725],[11.744,46.664],[11.773,46.603],[11.802,46.541],[11.831,46.48],[11.86,46.419],[11.889,46.358],[11.918,46.297],[11.947,46.236],[11.975,46.175],[12.004,46.114],[12.033,46.053],[12.061,45.991],[12.09,45.93],[12.118,45.869],[12.147,45.808],[12.175,45.747],[12.203,45.686],[12.231,45.624],[12.259,45.563],[12.287,45.502],[12.315,45.441]]},"properties":{"family":"Hochstetter","from":"Augsburg","to":"Venice","era":"Renaissance","founded":1450,"peak":"1520 to 1560","decline":1570,"peak wealth, billion US$ adjusted for inflation (as the page gives it)":45,"banks":7,"properties":80,"employees":2500,"cities at its peak":7,"all its cities":"Augsburg, Antwerp, Rome, Venice","active at the same time as":"Medici, Fugger, Welser","shares cities with":"Medici, Fugger"}},{"type":"Feature","geometry":{"type":"LineString","coordinates":[[139.65,35.676],[139.563,35.657],[139.475,35.638],[139.388,35.619],[139.301,35.6],[139.214,35.581],[139.126,35.561],[139.039,35.542],[138.952,35.522],[138.865,35.503],[138.778,35.483],[138.691,35.464],[138.604,35.444],[138.517,35.424],[138.43,35.404],[138.343,35.384],[138.257,35.364],[138.17,35.344],[138.083,35.324],[137.996,35.304],[137.91,35.284],[137.823,35.264],[137.737,35.243],[137.65,35.223],[137.564,35.203],[137.477,35.182],[137.391,35.162],[137.305,35.141],[137.218,35.12],[137.132,35.099],[137.046,35.079],[136.96,35.058],[136.874,35.037],[136.788,35.016],[136.702,34.995],[136.616,34.974],[136.53,34.953],[136.444,34.931],[136.358,34.91],[136.272,34.889],[136.187,34.867],[136.101,34.846],[136.015,34.824],[135.93,34.803],[135.844,34.781],[135.759,34.759],[135.673,34.737],[135.588,34.716],[135.502,34.694]]},"properties":{"family":"Mitsui","from":"Tokyo","to":"Osaka","era":"Early Modern","founded":1673,"peak":"1890 to 1940","decline":2025,"peak wealth, billion US$ adjusted for inflation (as the page gives it)":165,"banks":12,"properties":800,"employees":80000,"cities at its peak":45,"all its cities":"Tokyo, Osaka, Kyoto, Shanghai, Seoul, Hong Kong, London, New York","active at the same time as":"Medici, Hope, Rothschild, Barings, Bischoffsheim, Mallet, Fould, Warburg, Pictet, Morgan, Brown Brothers, Hambros, Lazard, Lehman, Yasuda, Schiff/Kuhn Loeb, Goldman Sachs, Rockefeller, Oppenheimer","shares cities with":"Yasuda"}},{"type":"Feature","geometry":{"type":"LineString","coordinates":[[139.65,35.676],[139.569,35.664],[139.487,35.651],[139.406,35.638],[139.324,35.626],[139.243,35.613],[139.162,35.6],[139.08,35.587],[138.999,35.574],[138.918,35.561],[138.836,35.548],[138.755,35.535],[138.674,35.522],[138.593,35.509],[138.511,35.495],[138.43,35.482],[138.349,35.468],[138.268,35.455],[138.187,35.442],[138.106,35.428],[138.025,35.414],[137.944,35.401],[137.863,35.387],[137.782,35.373],[137.701,35.359],[137.62,35.346],[137.539,35.332],[137.459,35.318],[137.378,35.304],[137.297,35.289],[137.216,35.275],[137.136,35.261],[137.055,35.247],[136.974,35.233],[136.894,35.218],[136.813,35.204],[136.733,35.189],[136.652,35.175],[136.572,35.16],[136.491,35.146],[136.411,35.131],[136.33,35.116],[136.25,35.101],[136.169,35.087],[136.089,35.072],[136.009,35.057],[135.929,35.042],[135.848,35.027],[135.768,35.012]]},"properties":{"family":"Mitsui","from":"Tokyo","to":"Kyoto","era":"Early Modern","founded":1673,"peak":"1890 to 1940","decline":2025,"peak wealth, billion US$ adjusted for inflation (as the page gives it)":165,"banks":12,"properties":800,"employees":80000,"cities at its peak":45,"all its cities":"Tokyo, Osaka, Kyoto, Shanghai, Seoul, Hong Kong, London, New York","active at the same time as":"Medici, Hope, Rothschild, Barings, Bischoffsheim, Mallet, Fould, Warburg, Pictet, Morgan, Brown Brothers, Hambros, Lazard, Lehman, Yasuda, Schiff/Kuhn Loeb, Goldman Sachs, Rockefeller, Oppenheimer","shares cities with":""}},{"type":"Feature","geometry":{"type":"LineString","coordinates":[[139.65,35.676],[139.254,35.612],[138.858,35.546],[138.462,35.479],[138.068,35.411],[137.674,35.342],[137.28,35.271],[136.888,35.199],[136.496,35.126],[136.105,35.051],[135.714,34.976],[135.324,34.899],[134.935,34.82],[134.547,34.741],[134.159,34.66],[133.773,34.578],[133.387,34.495],[133.001,34.411],[132.617,34.325],[132.233,34.238],[131.85,34.15],[131.468,34.061],[131.087,33.971],[130.707,33.879],[130.327,33.787],[129.948,33.693],[129.57,33.598],[129.193,33.502],[128.817,33.405],[128.441,33.306],[128.067,33.207],[127.693,33.106],[127.32,33.004],[126.948,32.901],[126.577,32.797],[126.207,32.692],[125.837,32.586],[125.469,32.479],[125.101,32.371],[124.734,32.261],[124.368,32.151],[124.003,32.039],[123.639,31.927],[123.276,31.813],[122.914,31.699],[122.553,31.583],[122.192,31.467],[121.832,31.349],[121.474,31.23]]},"properties":{"family":"Mitsui","from":"Tokyo","to":"Shanghai","era":"Early Modern","founded":1673,"peak":"1890 to 1940","decline":2025,"peak wealth, billion US$ adjusted for inflation (as the page gives it)":165,"banks":12,"properties":800,"employees":80000,"cities at its peak":45,"all its cities":"Tokyo, Osaka, Kyoto, Shanghai, Seoul, Hong Kong, London, New York","active at the same time as":"Medici, Hope, Rothschild, Barings, Bischoffsheim, Mallet, Fould, Warburg, Pictet, Morgan, Brown Brothers, Hambros, Lazard, Lehman, Yasuda, Schiff/Kuhn Loeb, Goldman Sachs, Rockefeller, Oppenheimer","shares cities with":"Barings, Yasuda"}},{"type":"Feature","geometry":{"type":"LineString","coordinates":[[139.65,35.676],[139.393,35.729],[139.136,35.781],[138.878,35.833],[138.62,35.884],[138.362,35.935],[138.103,35.985],[137.844,36.034],[137.584,36.083],[137.325,36.132],[137.065,36.18],[136.804,36.227],[136.544,36.274],[136.283,36.32],[136.021,36.365],[135.76,36.41],[135.498,36.455],[135.236,36.499],[134.973,36.542],[134.71,36.585],[134.447,36.627],[134.184,36.668],[133.92,36.709],[133.656,36.75],[133.392,36.79],[133.128,36.829],[132.863,36.867],[132.598,36.905],[132.333,36.943],[132.067,36.98],[131.801,37.016],[131.535,37.052],[131.269,37.087],[131.003,37.121],[130.736,37.155],[130.469,37.189],[130.202,37.221],[129.934,37.253],[129.666,37.285],[129.399,37.316],[129.13,37.346],[128.862,37.376],[128.594,37.405],[128.325,37.433],[128.056,37.461],[127.787,37.488],[127.517,37.515],[127.248,37.541],[126.978,37.566]]},"properties":{"family":"Mitsui","from":"Tokyo","to":"Seoul","era":"Early Modern","founded":1673,"peak":"1890 to 1940","decline":2025,"peak wealth, billion US$ adjusted for inflation (as the page gives it)":165,"banks":12,"properties":800,"employees":80000,"cities at its peak":45,"all its cities":"Tokyo, Osaka, Kyoto, Shanghai, Seoul, Hong Kong, London, New York","active at the same time as":"Medici, Hope, Rothschild, Barings, Bischoffsheim, Mallet, Fould, Warburg, Pictet, Morgan, Brown Brothers, Hambros, Lazard, Lehman, Yasuda, Schiff/Kuhn Loeb, Goldman Sachs, Rockefeller, Oppenheimer","shares cities with":"Yasuda"}},{"type":"Feature","geometry":{"type":"LineString","coordinates":[[139.65,35.676],[139.047,35.454],[138.447,35.229],[137.85,35.001],[137.256,34.77],[136.666,34.537],[136.08,34.3],[135.496,34.061],[134.916,33.819],[134.339,33.574],[133.765,33.326],[133.195,33.076],[132.628,32.824],[132.064,32.569],[131.503,32.311],[130.946,32.051],[130.392,31.788],[129.841,31.523],[129.293,31.256],[128.748,30.986],[128.206,30.714],[127.667,30.44],[127.132,30.164],[126.599,29.885],[126.069,29.605],[125.542,29.322],[125.019,29.037],[124.498,28.75],[123.98,28.462],[123.464,28.171],[122.952,27.878],[122.442,27.584],[121.935,27.287],[121.431,26.989],[120.929,26.689],[120.43,26.387],[119.934,26.084],[119.44,25.779],[118.949,25.472],[118.461,25.163],[117.974,24.853],[117.491,24.542],[117.009,24.229],[116.53,23.914],[116.053,23.598],[115.579,23.28],[115.107,22.961],[114.637,22.641],[114.169,22.319]]},"properties":{"family":"Mitsui","from":"Tokyo","to":"Hong Kong","era":"Early Modern","founded":1673,"peak":"1890 to 1940","decline":2025,"peak wealth, billion US$ adjusted for inflation (as the page gives it)":165,"banks":12,"properties":800,"employees":80000,"cities at its peak":45,"all its cities":"Tokyo, Osaka, Kyoto, Shanghai, Seoul, Hong Kong, London, New York","active at the same time as":"Medici, Hope, Rothschild, Barings, Bischoffsheim, Mallet, Fould, Warburg, Pictet, Morgan, Brown Brothers, Hambros, Lazard, Lehman, Yasuda, Schiff/Kuhn Loeb, Goldman Sachs, Rockefeller, Oppenheimer","shares cities with":"Barings, Pictet, Lehman, Goldman Sachs"}},{"type":"Feature","geometry":{"type":"LineString","coordinates":[[139.65,35.676],[138.743,37.312],[137.796,38.94],[136.804,40.561],[135.763,42.172],[134.668,43.774],[133.512,45.365],[132.291,46.943],[130.995,48.507],[129.617,50.056],[128.147,51.588],[126.576,53.1],[124.891,54.59],[123.08,56.055],[121.126,57.491],[119.015,58.894],[116.728,60.26],[114.244,61.584],[111.544,62.858],[108.604,64.076],[105.403,65.229],[101.919,66.309],[98.136,67.303],[94.042,68.202],[89.636,68.991],[84.928,69.659],[79.946,70.193],[74.736,70.583],[69.363,70.818],[63.905,70.895],[58.449,70.81],[53.083,70.566],[47.884,70.168],[42.915,69.627],[38.223,68.952],[33.833,68.157],[29.756,67.253],[25.989,66.254],[22.521,65.17],[19.334,64.013],[16.407,62.792],[13.719,61.515],[11.246,60.189],[8.969,58.821],[6.866,57.415],[4.921,55.978],[3.116,54.512],[1.438,53.021],[-0.128,51.507]]},"properties":{"family":"Mitsui","from":"Tokyo","to":"London","era":"Early Modern","founded":1673,"peak":"1890 to 1940","decline":2025,"peak wealth, billion US$ adjusted for inflation (as the page gives it)":165,"banks":12,"properties":800,"employees":80000,"cities at its peak":45,"all its cities":"Tokyo, Osaka, Kyoto, Shanghai, Seoul, Hong Kong, London, New York","active at the same time as":"Medici, Hope, Rothschild, Barings, Bischoffsheim, Mallet, Fould, Warburg, Pictet, Morgan, Brown Brothers, Hambros, Lazard, Lehman, Yasuda, Schiff/Kuhn Loeb, Goldman Sachs, Rockefeller, Oppenheimer","shares cities with":"Bardi, Peruzzi, Medici, Hope, Rothschild, Barings, Bischoffsheim, Mallet, Fould, Warburg, Pictet, Morgan, Brown Brothers, Hambros, Lazard, Lehman, Schiff/Kuhn Loeb, Goldman Sachs, Rockefeller, Oppenheimer"}},{"type":"Feature","geometry":{"type":"LineString","coordinates":[[139.65,35.676],[140.736,37.513],[141.877,39.339],[143.079,41.154],[144.349,42.955],[145.695,44.742],[147.127,46.511],[148.655,48.262],[150.29,49.991],[152.046,51.695],[153.939,53.371],[155.985,55.015],[158.204,56.621],[160.617,58.184],[163.249,59.698],[166.125,61.154],[169.272,62.544],[172.719,63.855],[176.49,65.077],[180.608,66.196],[185.086,67.195],[189.924,68.058],[195.103,68.77],[200.582,69.314],[206.296,69.677],[212.155,69.849],[218.055,69.825],[223.888,69.606],[229.552,69.198],[234.963,68.612],[240.062,67.861],[244.812,66.963],[249.202,65.933],[253.234,64.789],[256.924,63.544],[260.295,62.212],[263.374,60.805],[266.188,59.334],[268.764,57.808],[271.128,56.233],[273.303,54.617],[275.31,52.965],[277.168,51.282],[278.893,49.572],[280.501,47.837],[282.004,46.082],[283.414,44.308],[284.741,42.518],[285.994,40.713]]},"properties":{"family":"Mitsui","from":"Tokyo","to":"New York","era":"Early Modern","founded":1673,"peak":"1890 to 1940","decline":2025,"peak wealth, billion US$ adjusted for inflation (as the page gives it)":165,"banks":12,"properties":800,"employees":80000,"cities at its peak":45,"all its cities":"Tokyo, Osaka, Kyoto, Shanghai, Seoul, Hong Kong, London, New York","active at the same time as":"Medici, Hope, Rothschild, Barings, Bischoffsheim, Mallet, Fould, Warburg, Pictet, Morgan, Brown Brothers, Hambros, Lazard, Lehman, Yasuda, Schiff/Kuhn Loeb, Goldman Sachs, Rockefeller, Oppenheimer","shares cities with":"Rothschild, Warburg, Morgan, Brown Brothers, Lazard, Lehman, Schiff/Kuhn Loeb, Goldman Sachs, Rockefeller"}},{"type":"Feature","geometry":{"type":"LineString","coordinates":[[4.904,52.368],[4.797,52.352],[4.691,52.336],[4.584,52.32],[4.478,52.304],[4.371,52.288],[4.265,52.272],[4.159,52.256],[4.052,52.239],[3.946,52.223],[3.84,52.206],[3.734,52.19],[3.628,52.173],[3.522,52.156],[3.417,52.139],[3.311,52.122],[3.206,52.105],[3.1,52.088],[2.995,52.07],[2.889,52.053],[2.784,52.035],[2.679,52.018],[2.574,52],[2.469,51.982],[2.364,51.964],[2.259,51.946],[2.154,51.928],[2.05,51.91],[1.945,51.892],[1.841,51.873],[1.736,51.855],[1.632,51.837],[1.528,51.818],[1.424,51.799],[1.32,51.78],[1.216,51.761],[1.112,51.742],[1.008,51.723],[0.904,51.704],[0.801,51.685],[0.697,51.666],[0.594,51.646],[0.49,51.627],[0.387,51.607],[0.284,51.587],[0.181,51.567],[0.078,51.547],[-0.025,51.527],[-0.128,51.507]]},"properties":{"family":"Hope","from":"Amsterdam","to":"London","era":"Early Modern","founded":1734,"peak":"1780 to 1820","decline":1923,"peak wealth, billion US$ adjusted for inflation (as the page gives it)":85,"banks":6,"properties":200,"employees":3000,"cities at its peak":6,"all its cities":"Amsterdam, London, Paris","active at the same time as":"Medici, Mitsui, Rothschild, Barings, Bischoffsheim, Mallet, Fould, Warburg, Pictet, Morgan, Brown Brothers, Hambros, Lazard, Lehman, Yasuda, Schiff/Kuhn Loeb, Goldman Sachs, Rockefeller, Oppenheimer","shares cities with":"Bardi, Peruzzi, Medici, Mitsui, Rothschild, Barings, Bischoffsheim, Mallet, Fould, Warburg, Pictet, Morgan, Brown Brothers, Hambros, Lazard, Lehman, Schiff/Kuhn Loeb, Goldman Sachs, Rockefeller, Oppenheimer"}},{"type":"Feature","geometry":{"type":"LineString","coordinates":[[4.904,52.368],[4.847,52.295],[4.79,52.222],[4.733,52.15],[4.676,52.077],[4.62,52.005],[4.564,51.932],[4.507,51.859],[4.452,51.786],[4.396,51.714],[4.34,51.641],[4.285,51.568],[4.23,51.495],[4.175,51.422],[4.12,51.349],[4.065,51.276],[4.011,51.204],[3.956,51.131],[3.902,51.058],[3.848,50.985],[3.794,50.912],[3.74,50.838],[3.687,50.765],[3.634,50.692],[3.581,50.619],[3.528,50.546],[3.475,50.473],[3.422,50.399],[3.37,50.326],[3.317,50.253],[3.265,50.18],[3.213,50.106],[3.161,50.033],[3.109,49.96],[3.058,49.886],[3.006,49.813],[2.955,49.739],[2.904,49.666],[2.853,49.593],[2.802,49.519],[2.752,49.446],[2.701,49.372],[2.651,49.298],[2.601,49.225],[2.551,49.151],[2.501,49.078],[2.451,49.004],[2.402,48.93],[2.352,48.857]]},"properties":{"family":"Hope","from":"Amsterdam","to":"Paris","era":"Early Modern","founded":1734,"peak":"1780 to 1820","decline":1923,"peak wealth, billion US$ adjusted for inflation (as the page gives it)":85,"banks":6,"properties":200,"employees":3000,"cities at its peak":6,"all its cities":"Amsterdam, London, Paris","active at the same time as":"Medici, Mitsui, Rothschild, Barings, Bischoffsheim, Mallet, Fould, Warburg, Pictet, Morgan, Brown Brothers, Hambros, Lazard, Lehman, Yasuda, Schiff/Kuhn Loeb, Goldman Sachs, Rockefeller, Oppenheimer","shares cities with":"Bardi, Peruzzi, Rothschild, Bischoffsheim, Mallet, Fould, Pictet, Morgan, Lazard, Schiff/Kuhn Loeb, Rockefeller"}},{"type":"Feature","geometry":{"type":"LineString","coordinates":[[8.682,50.111],[8.504,50.147],[8.326,50.182],[8.148,50.217],[7.969,50.252],[7.79,50.287],[7.611,50.321],[7.432,50.355],[7.252,50.389],[7.072,50.423],[6.892,50.456],[6.711,50.489],[6.531,50.522],[6.35,50.554],[6.168,50.586],[5.987,50.618],[5.805,50.65],[5.623,50.681],[5.441,50.712],[5.259,50.743],[5.076,50.773],[4.893,50.803],[4.71,50.833],[4.527,50.863],[4.343,50.892],[4.159,50.921],[3.975,50.95],[3.791,50.978],[3.606,51.006],[3.422,51.034],[3.237,51.062],[3.052,51.089],[2.866,51.116],[2.681,51.143],[2.495,51.169],[2.309,51.195],[2.123,51.221],[1.936,51.247],[1.75,51.272],[1.563,51.297],[1.376,51.321],[1.188,51.346],[1.001,51.37],[0.813,51.393],[0.625,51.417],[0.437,51.44],[0.249,51.463],[0.061,51.485],[-0.128,51.507]]},"properties":{"family":"Rothschild","from":"Frankfurt","to":"London","era":"Early Modern","founded":1760,"peak":"1815 to 1900","decline":2025,"peak wealth, billion US$ adjusted for inflation (as the page gives it)":500,"banks":25,"properties":1800,"employees":15000,"cities at its peak":41,"all its cities":"Frankfurt, London, Paris, Vienna, Naples, Berlin, New York, Geneva, Zurich","active at the same time as":"Mitsui, Hope, Barings, Bischoffsheim, Mallet, Fould, Warburg, Pictet, Morgan, Brown Brothers, Hambros, Lazard, Lehman, Yasuda, Schiff/Kuhn Loeb, Goldman Sachs, Rockefeller, Oppenheimer","shares cities with":"Bardi, Peruzzi, Medici, Mitsui, Hope, Barings, Bischoffsheim, Mallet, Fould, Warburg, Pictet, Morgan, Brown Brothers, Hambros, Lazard, Lehman, Schiff/Kuhn Loeb, Goldman Sachs, Rockefeller, Oppenheimer"}},{"type":"Feature","geometry":{"type":"LineString","coordinates":[[8.682,50.111],[8.547,50.088],[8.412,50.066],[8.277,50.043],[8.143,50.02],[8.008,49.997],[7.874,49.973],[7.739,49.95],[7.605,49.926],[7.471,49.902],[7.337,49.878],[7.203,49.854],[7.07,49.83],[6.936,49.806],[6.803,49.781],[6.67,49.756],[6.536,49.731],[6.403,49.706],[6.271,49.681],[6.138,49.656],[6.005,49.63],[5.873,49.605],[5.741,49.579],[5.609,49.553],[5.477,49.527],[5.345,49.501],[5.213,49.474],[5.081,49.448],[4.95,49.421],[4.819,49.394],[4.688,49.367],[4.557,49.34],[4.426,49.313],[4.295,49.285],[4.164,49.258],[4.034,49.23],[3.904,49.202],[3.774,49.174],[3.644,49.146],[3.514,49.118],[3.384,49.089],[3.255,49.061],[3.125,49.032],[2.996,49.003],[2.867,48.974],[2.738,48.945],[2.609,48.916],[2.481,48.886],[2.352,48.857]]},"properties":{"family":"Rothschild","from":"Frankfurt","to":"Paris","era":"Early Modern","founded":1760,"peak":"1815 to 1900","decline":2025,"peak wealth, billion US$ adjusted for inflation (as the page gives it)":500,"banks":25,"properties":1800,"employees":15000,"cities at its peak":41,"all its cities":"Frankfurt, London, Paris, Vienna, Naples, Berlin, New York, Geneva, Zurich","active at the same time as":"Mitsui, Hope, Barings, Bischoffsheim, Mallet, Fould, Warburg, Pictet, Morgan, Brown Brothers, Hambros, Lazard, Lehman, Yasuda, Schiff/Kuhn Loeb, Goldman Sachs, Rockefeller, Oppenheimer","shares cities with":"Bardi, Peruzzi, Hope, Bischoffsheim, Mallet, Fould, Pictet, Morgan, Lazard, Schiff/Kuhn Loeb, Rockefeller"}},{"type":"Feature","geometry":{"type":"LineString","coordinates":[[8.682,50.111],[8.848,50.077],[9.014,50.042],[9.18,50.007],[9.345,49.972],[9.51,49.937],[9.675,49.902],[9.84,49.866],[10.005,49.83],[10.169,49.794],[10.333,49.757],[10.496,49.721],[10.66,49.684],[10.823,49.647],[10.986,49.609],[11.149,49.572],[11.311,49.534],[11.474,49.496],[11.635,49.458],[11.797,49.419],[11.959,49.38],[12.12,49.342],[12.281,49.302],[12.442,49.263],[12.602,49.223],[12.762,49.184],[12.922,49.144],[13.082,49.103],[13.241,49.063],[13.4,49.022],[13.559,48.981],[13.718,48.94],[13.876,48.899],[14.034,48.857],[14.192,48.815],[14.35,48.773],[14.507,48.731],[14.664,48.689],[14.821,48.646],[14.977,48.603],[15.133,48.56],[15.289,48.517],[15.445,48.473],[15.601,48.43],[15.756,48.386],[15.911,48.342],[16.065,48.297],[16.22,48.253],[16.374,48.208]]},"properties":{"family":"Rothschild","from":"Frankfurt","to":"Vienna","era":"Early Modern","founded":1760,"peak":"1815 to 1900","decline":2025,"peak wealth, billion US$ adjusted for inflation (as the page gives it)":500,"banks":25,"properties":1800,"employees":15000,"cities at its peak":41,"all its cities":"Frankfurt, London, Paris, Vienna, Naples, Berlin, New York, Geneva, Zurich","active at the same time as":"Mitsui, Hope, Barings, Bischoffsheim, Mallet, Fould, Warburg, Pictet, Morgan, Brown Brothers, Hambros, Lazard, Lehman, Yasuda, Schiff/Kuhn Loeb, Goldman Sachs, Rockefeller, Oppenheimer","shares cities with":"Fugger"}},{"type":"Feature","geometry":{"type":"LineString","coordinates":[[8.682,50.111],[8.819,49.921],[8.955,49.731],[9.091,49.541],[9.225,49.351],[9.358,49.16],[9.489,48.97],[9.62,48.779],[9.75,48.588],[9.879,48.397],[10.007,48.206],[10.134,48.014],[10.261,47.823],[10.386,47.631],[10.51,47.44],[10.634,47.248],[10.756,47.056],[10.878,46.864],[10.998,46.671],[11.118,46.479],[11.237,46.286],[11.356,46.094],[11.473,45.901],[11.59,45.708],[11.705,45.515],[11.82,45.322],[11.934,45.129],[12.048,44.935],[12.161,44.742],[12.272,44.548],[12.384,44.355],[12.494,44.161],[12.604,43.967],[12.713,43.773],[12.821,43.579],[12.929,43.385],[13.036,43.191],[13.142,42.996],[13.247,42.802],[13.352,42.607],[13.457,42.412],[13.56,42.218],[13.663,42.023],[13.766,41.828],[13.867,41.633],[13.968,41.438],[14.069,41.243],[14.169,41.047],[14.268,40.852]]},"properties":{"family":"Rothschild","from":"Frankfurt","to":"Naples","era":"Early Modern","founded":1760,"peak":"1815 to 1900","decline":2025,"peak wealth, billion US$ adjusted for inflation (as the page gives it)":500,"banks":25,"properties":1800,"employees":15000,"cities at its peak":41,"all its cities":"Frankfurt, London, Paris, Vienna, Naples, Berlin, New York, Geneva, Zurich","active at the same time as":"Mitsui, Hope, Barings, Bischoffsheim, Mallet, Fould, Warburg, Pictet, Morgan, Brown Brothers, Hambros, Lazard, Lehman, Yasuda, Schiff/Kuhn Loeb, Goldman Sachs, Rockefeller, Oppenheimer","shares cities with":"Bardi, Peruzzi"}},{"type":"Feature","geometry":{"type":"LineString","coordinates":[[8.682,50.111],[8.776,50.163],[8.869,50.215],[8.963,50.267],[9.057,50.319],[9.151,50.37],[9.246,50.422],[9.34,50.474],[9.435,50.525],[9.53,50.577],[9.626,50.628],[9.721,50.679],[9.817,50.731],[9.913,50.782],[10.009,50.833],[10.105,50.884],[10.202,50.935],[10.298,50.986],[10.395,51.036],[10.492,51.087],[10.59,51.138],[10.687,51.188],[10.785,51.239],[10.883,51.289],[10.982,51.339],[11.08,51.389],[11.179,51.439],[11.278,51.489],[11.377,51.539],[11.476,51.589],[11.575,51.639],[11.675,51.689],[11.775,51.738],[11.875,51.788],[11.976,51.837],[12.076,51.887],[12.177,51.936],[12.278,51.985],[12.38,52.034],[12.481,52.083],[12.583,52.132],[12.685,52.181],[12.787,52.229],[12.89,52.278],[12.992,52.327],[13.095,52.375],[13.198,52.424],[13.301,52.472],[13.405,52.52]]},"properties":{"family":"Rothschild","from":"Frankfurt","to":"Berlin","era":"Early Modern","founded":1760,"peak":"1815 to 1900","decline":2025,"peak wealth, billion US$ adjusted for inflation (as the page gives it)":500,"banks":25,"properties":1800,"employees":15000,"cities at its peak":41,"all its cities":"Frankfurt, London, Paris, Vienna, Naples, Berlin, New York, Geneva, Zurich","active at the same time as":"Mitsui, Hope, Barings, Bischoffsheim, Mallet, Fould, Warburg, Pictet, Morgan, Brown Brothers, Hambros, Lazard, Lehman, Yasuda, Schiff/Kuhn Loeb, Goldman Sachs, Rockefeller, Oppenheimer","shares cities with":""}},{"type":"Feature","geometry":{"type":"LineString","coordinates":[[8.682,50.111],[7.018,50.583],[5.321,51.031],[3.592,51.454],[1.831,51.851],[0.04,52.221],[-1.779,52.563],[-3.626,52.878],[-5.499,53.163],[-7.396,53.418],[-9.314,53.644],[-11.252,53.838],[-13.206,54],[-15.173,54.131],[-17.152,54.229],[-19.138,54.295],[-21.13,54.329],[-23.123,54.329],[-25.114,54.296],[-27.101,54.231],[-29.08,54.133],[-31.048,54.003],[-33.002,53.841],[-34.94,53.648],[-36.858,53.423],[-38.755,53.169],[-40.629,52.884],[-42.477,52.57],[-44.297,52.228],[-46.088,51.859],[-47.85,51.462],[-49.579,51.04],[-51.277,50.593],[-52.942,50.121],[-54.574,49.626],[-56.172,49.109],[-57.736,48.57],[-59.267,48.01],[-60.764,47.431],[-62.228,46.832],[-63.66,46.215],[-65.059,45.581],[-66.426,44.93],[-67.763,44.263],[-69.069,43.581],[-70.346,42.884],[-71.594,42.173],[-72.813,41.449],[-74.006,40.713]]},"properties":{"family":"Rothschild","from":"Frankfurt","to":"New York","era":"Early Modern","founded":1760,"peak":"1815 to 1900","decline":2025,"peak wealth, billion US$ adjusted for inflation (as the page gives it)":500,"banks":25,"properties":1800,"employees":15000,"cities at its peak":41,"all its cities":"Frankfurt, London, Paris, Vienna, Naples, Berlin, New York, Geneva, Zurich","active at the same time as":"Mitsui, Hope, Barings, Bischoffsheim, Mallet, Fould, Warburg, Pictet, Morgan, Brown Brothers, Hambros, Lazard, Lehman, Yasuda, Schiff/Kuhn Loeb, Goldman Sachs, Rockefeller, Oppenheimer","shares cities with":"Mitsui, Warburg, Morgan, Brown Brothers, Lazard, Lehman, Schiff/Kuhn Loeb, Goldman Sachs, Rockefeller"}},{"type":"Feature","geometry":{"type":"LineString","coordinates":[[8.682,50.111],[8.625,50.03],[8.568,49.949],[8.512,49.868],[8.455,49.788],[8.399,49.707],[8.343,49.626],[8.287,49.545],[8.231,49.464],[8.176,49.383],[8.12,49.302],[8.065,49.221],[8.01,49.14],[7.955,49.059],[7.901,48.977],[7.846,48.896],[7.792,48.815],[7.738,48.734],[7.684,48.653],[7.63,48.571],[7.577,48.49],[7.523,48.409],[7.47,48.327],[7.417,48.246],[7.364,48.165],[7.312,48.083],[7.259,48.002],[7.207,47.92],[7.154,47.839],[7.102,47.757],[7.05,47.676],[6.999,47.594],[6.947,47.513],[6.896,47.431],[6.845,47.349],[6.793,47.268],[6.742,47.186],[6.692,47.104],[6.641,47.023],[6.591,46.941],[6.54,46.859],[6.49,46.777],[6.44,46.696],[6.39,46.614],[6.341,46.532],[6.291,46.45],[6.242,46.368],[6.192,46.286],[6.143,46.204]]},"properties":{"family":"Rothschild","from":"Frankfurt","to":"Geneva","era":"Early Modern","founded":1760,"peak":"1815 to 1900","decline":2025,"peak wealth, billion US$ adjusted for inflation (as the page gives it)":500,"banks":25,"properties":1800,"employees":15000,"cities at its peak":41,"all its cities":"Frankfurt, London, Paris, Vienna, Naples, Berlin, New York, Geneva, Zurich","active at the same time as":"Mitsui, Hope, Barings, Bischoffsheim, Mallet, Fould, Warburg, Pictet, Morgan, Brown Brothers, Hambros, Lazard, Lehman, Yasuda, Schiff/Kuhn Loeb, Goldman Sachs, Rockefeller, Oppenheimer","shares cities with":"Medici, Mallet, Pictet"}},{"type":"Feature","geometry":{"type":"LineString","coordinates":[[8.682,50.111],[8.679,50.054],[8.676,49.997],[8.673,49.94],[8.67,49.883],[8.667,49.826],[8.664,49.769],[8.661,49.712],[8.658,49.655],[8.655,49.598],[8.652,49.541],[8.649,49.484],[8.646,49.427],[8.643,49.37],[8.64,49.314],[8.637,49.257],[8.634,49.2],[8.631,49.143],[8.628,49.086],[8.625,49.029],[8.622,48.972],[8.619,48.915],[8.616,48.858],[8.613,48.801],[8.61,48.744],[8.607,48.687],[8.604,48.63],[8.601,48.573],[8.598,48.516],[8.595,48.459],[8.593,48.402],[8.59,48.345],[8.587,48.288],[8.584,48.231],[8.581,48.174],[8.578,48.117],[8.575,48.06],[8.573,48.003],[8.57,47.946],[8.567,47.89],[8.564,47.833],[8.561,47.776],[8.558,47.719],[8.556,47.662],[8.553,47.605],[8.55,47.548],[8.547,47.491],[8.544,47.434],[8.542,47.377]]},"properties":{"family":"Rothschild","from":"Frankfurt","to":"Zurich","era":"Early Modern","founded":1760,"peak":"1815 to 1900","decline":2025,"peak wealth, billion US$ adjusted for inflation (as the page gives it)":500,"banks":25,"properties":1800,"employees":15000,"cities at its peak":41,"all its cities":"Frankfurt, London, Paris, Vienna, Naples, Berlin, New York, Geneva, Zurich","active at the same time as":"Mitsui, Hope, Barings, Bischoffsheim, Mallet, Fould, Warburg, Pictet, Morgan, Brown Brothers, Hambros, Lazard, Lehman, Yasuda, Schiff/Kuhn Loeb, Goldman Sachs, Rockefeller, Oppenheimer","shares cities with":"Pictet"}},{"type":"Feature","geometry":{"type":"LineString","coordinates":[[-0.128,51.507],[-0.185,51.548],[-0.242,51.588],[-0.3,51.628],[-0.357,51.668],[-0.415,51.709],[-0.472,51.749],[-0.53,51.789],[-0.588,51.829],[-0.646,51.869],[-0.704,51.909],[-0.762,51.949],[-0.821,51.989],[-0.879,52.029],[-0.938,52.069],[-0.996,52.109],[-1.055,52.149],[-1.114,52.189],[-1.173,52.228],[-1.232,52.268],[-1.291,52.308],[-1.35,52.348],[-1.41,52.387],[-1.469,52.427],[-1.529,52.467],[-1.588,52.506],[-1.648,52.546],[-1.708,52.585],[-1.768,52.625],[-1.828,52.664],[-1.889,52.704],[-1.949,52.743],[-2.009,52.782],[-2.07,52.822],[-2.131,52.861],[-2.191,52.9],[-2.252,52.94],[-2.313,52.979],[-2.374,53.018],[-2.436,53.057],[-2.497,53.096],[-2.558,53.136],[-2.62,53.175],[-2.682,53.214],[-2.743,53.253],[-2.805,53.292],[-2.867,53.331],[-2.929,53.37],[-2.992,53.408]]},"properties":{"family":"Barings","from":"London","to":"Liverpool","era":"Early Modern","founded":1762,"peak":"1810 to 1890","decline":1995,"peak wealth, billion US$ adjusted for inflation (as the page gives it)":180,"banks":8,"properties":400,"employees":6000,"cities at its peak":15,"all its cities":"London, Liverpool, Boston, Buenos Aires, Hong Kong, Shanghai","active at the same time as":"Mitsui, Hope, Rothschild, Bischoffsheim, Mallet, Fould, Warburg, Pictet, Morgan, Brown Brothers, Hambros, Lazard, Lehman, Yasuda, Schiff/Kuhn Loeb, Goldman Sachs, Rockefeller, Oppenheimer","shares cities with":""}},{"type":"Feature","geometry":{"type":"LineString","coordinates":[[-0.128,51.507],[-1.643,51.807],[-3.177,52.086],[-4.73,52.346],[-6.301,52.585],[-7.888,52.802],[-9.491,52.999],[-11.107,53.174],[-12.735,53.326],[-14.375,53.457],[-16.023,53.565],[-17.68,53.65],[-19.342,53.712],[-21.007,53.751],[-22.676,53.767],[-24.344,53.759],[-26.011,53.729],[-27.675,53.675],[-29.333,53.599],[-30.985,53.499],[-32.628,53.377],[-34.261,53.233],[-35.882,53.066],[-37.489,52.878],[-39.082,52.668],[-40.659,52.437],[-42.219,52.185],[-43.761,51.913],[-45.283,51.621],[-46.785,51.309],[-48.266,50.979],[-49.726,50.63],[-51.164,50.263],[-52.579,49.879],[-53.972,49.478],[-55.341,49.06],[-56.687,48.626],[-58.01,48.177],[-59.309,47.713],[-60.585,47.235],[-61.838,46.743],[-63.068,46.237],[-64.275,45.718],[-65.46,45.187],[-66.623,44.644],[-67.763,44.089],[-68.883,43.524],[-69.981,42.947],[-71.059,42.36]]},"properties":{"family":"Barings","from":"London","to":"Boston","era":"Early Modern","founded":1762,"peak":"1810 to 1890","decline":1995,"peak wealth, billion US$ adjusted for inflation (as the page gives it)":180,"banks":8,"properties":400,"employees":6000,"cities at its peak":15,"all its cities":"London, Liverpool, Boston, Buenos Aires, Hong Kong, Shanghai","active at the same time as":"Mitsui, Hope, Rothschild, Bischoffsheim, Mallet, Fould, Warburg, Pictet, Morgan, Brown Brothers, Hambros, Lazard, Lehman, Yasuda, Schiff/Kuhn Loeb, Goldman Sachs, Rockefeller, Oppenheimer","shares cities with":"Morgan, Brown Brothers"}},{"type":"Feature","geometry":{"type":"LineString","coordinates":[[-0.128,51.507],[-2.435,50.018],[-4.601,48.486],[-6.638,46.915],[-8.559,45.31],[-10.372,43.675],[-12.089,42.013],[-13.717,40.326],[-15.266,38.618],[-16.742,36.89],[-18.153,35.145],[-19.504,33.384],[-20.801,31.61],[-22.049,29.822],[-23.253,28.023],[-24.418,26.214],[-25.547,24.396],[-26.644,22.57],[-27.712,20.737],[-28.754,18.897],[-29.774,17.051],[-30.774,15.201],[-31.756,13.346],[-32.724,11.487],[-33.678,9.626],[-34.622,7.761],[-35.558,5.895],[-36.488,4.027],[-37.413,2.158],[-38.336,0.288],[-39.259,-1.581],[-40.183,-3.451],[-41.111,-5.319],[-42.045,-7.186],[-42.986,-9.051],[-43.938,-10.913],[-44.901,-12.773],[-45.878,-14.629],[-46.872,-16.481],[-47.886,-18.328],[-48.921,-20.17],[-49.981,-22.005],[-51.068,-23.834],[-52.187,-25.654],[-53.34,-27.466],[-54.532,-29.268],[-55.766,-31.06],[-57.048,-32.838],[-58.382,-34.604]]},"properties":{"family":"Barings","from":"London","to":"Buenos Aires","era":"Early Modern","founded":1762,"peak":"1810 to 1890","decline":1995,"peak wealth, billion US$ adjusted for inflation (as the page gives it)":180,"banks":8,"properties":400,"employees":6000,"cities at its peak":15,"all its cities":"London, Liverpool, Boston, Buenos Aires, Hong Kong, Shanghai","active at the same time as":"Mitsui, Hope, Rothschild, Bischoffsheim, Mallet, Fould, Warburg, Pictet, Morgan, Brown Brothers, Hambros, Lazard, Lehman, Yasuda, Schiff/Kuhn Loeb, Goldman Sachs, Rockefeller, Oppenheimer","shares cities with":""}},{"type":"Feature","geometry":{"type":"LineString","coordinates":[[-0.128,51.507],[2.371,52.446],[4.976,53.33],[7.687,54.155],[10.504,54.917],[13.424,55.611],[16.445,56.233],[19.559,56.78],[22.758,57.246],[26.031,57.63],[29.367,57.927],[32.75,58.135],[36.164,58.253],[39.592,58.28],[43.016,58.215],[46.419,58.058],[49.783,57.812],[53.094,57.478],[56.338,57.059],[59.502,56.559],[62.577,55.98],[65.556,55.327],[68.434,54.603],[71.206,53.814],[73.872,52.964],[76.432,52.056],[78.887,51.095],[81.239,50.085],[83.492,49.029],[85.65,47.932],[87.717,46.795],[89.697,45.623],[91.594,44.418],[93.414,43.183],[95.161,41.92],[96.84,40.632],[98.454,39.32],[100.009,37.987],[101.507,36.634],[102.954,35.263],[104.352,33.876],[105.705,32.473],[107.017,31.056],[108.29,29.626],[109.527,28.185],[110.731,26.733],[111.904,25.27],[113.05,23.799],[114.169,22.319]]},"properties":{"family":"Barings","from":"London","to":"Hong Kong","era":"Early Modern","founded":1762,"peak":"1810 to 1890","decline":1995,"peak wealth, billion US$ adjusted for inflation (as the page gives it)":180,"banks":8,"properties":400,"employees":6000,"cities at its peak":15,"all its cities":"London, Liverpool, Boston, Buenos Aires, Hong Kong, Shanghai","active at the same time as":"Mitsui, Hope, Rothschild, Bischoffsheim, Mallet, Fould, Warburg, Pictet, Morgan, Brown Brothers, Hambros, Lazard, Lehman, Yasuda, Schiff/Kuhn Loeb, Goldman Sachs, Rockefeller, Oppenheimer","shares cities with":"Mitsui, Pictet, Lehman, Goldman Sachs"}},{"type":"Feature","geometry":{"type":"LineString","coordinates":[[-0.128,51.507],[1.958,52.659],[4.155,53.772],[6.469,54.843],[8.907,55.867],[11.473,56.841],[14.172,57.759],[17.007,58.617],[19.98,59.41],[23.088,60.132],[26.328,60.778],[29.693,61.342],[33.171,61.821],[36.75,62.209],[40.409,62.503],[44.13,62.699],[47.887,62.796],[51.657,62.792],[55.412,62.688],[59.129,62.484],[62.783,62.182],[66.354,61.787],[69.825,61.301],[73.18,60.73],[76.41,60.078],[79.508,59.351],[82.469,58.553],[85.294,57.69],[87.982,56.767],[90.538,55.789],[92.966,54.761],[95.271,53.687],[97.459,52.571],[99.536,51.416],[101.51,50.227],[103.387,49.005],[105.172,47.755],[106.873,46.479],[108.495,45.178],[110.044,43.855],[111.526,42.513],[112.944,41.152],[114.305,39.774],[115.612,38.382],[116.869,36.975],[118.081,35.555],[119.25,34.124],[120.38,32.682],[121.474,31.23]]},"properties":{"family":"Barings","from":"London","to":"Shanghai","era":"Early Modern","founded":1762,"peak":"1810 to 1890","decline":1995,"peak wealth, billion US$ adjusted for inflation (as the page gives it)":180,"banks":8,"properties":400,"employees":6000,"cities at its peak":15,"all its cities":"London, Liverpool, Boston, Buenos Aires, Hong Kong, Shanghai","active at the same time as":"Mitsui, Hope, Rothschild, Bischoffsheim, Mallet, Fould, Warburg, Pictet, Morgan, Brown Brothers, Hambros, Lazard, Lehman, Yasuda, Schiff/Kuhn Loeb, Goldman Sachs, Rockefeller, Oppenheimer","shares cities with":"Mitsui, Yasuda"}},{"type":"Feature","geometry":{"type":"LineString","coordinates":[[8.247,49.993],[8.122,49.972],[7.996,49.952],[7.871,49.931],[7.746,49.91],[7.621,49.889],[7.496,49.867],[7.371,49.846],[7.246,49.825],[7.122,49.803],[6.997,49.781],[6.873,49.759],[6.748,49.737],[6.624,49.715],[6.5,49.693],[6.376,49.67],[6.252,49.648],[6.128,49.625],[6.005,49.602],[5.881,49.579],[5.758,49.556],[5.635,49.533],[5.512,49.509],[5.389,49.486],[5.266,49.462],[5.143,49.438],[5.02,49.415],[4.898,49.391],[4.775,49.366],[4.653,49.342],[4.531,49.318],[4.409,49.293],[4.287,49.269],[4.165,49.244],[4.043,49.219],[3.921,49.194],[3.8,49.169],[3.679,49.143],[3.557,49.118],[3.436,49.092],[3.315,49.067],[3.195,49.041],[3.074,49.015],[2.953,48.989],[2.833,48.963],[2.712,48.936],[2.592,48.91],[2.472,48.883],[2.352,48.857]]},"properties":{"family":"Bischoffsheim","from":"Mainz","to":"Paris","era":"Industrial","founded":1785,"peak":"1850 to 1900","decline":1920,"peak wealth, billion US$ adjusted for inflation (as the page gives it)":22,"banks":5,"properties":150,"employees":2000,"cities at its peak":8,"all its cities":"Mainz, Paris, Brussels, London","active at the same time as":"Mitsui, Hope, Rothschild, Barings, Mallet, Fould, Warburg, Pictet, Morgan, Brown Brothers, Hambros, Lazard, Lehman, Yasuda, Schiff/Kuhn Loeb, Goldman Sachs, Rockefeller, Oppenheimer","shares cities with":"Bardi, Peruzzi, Hope, Rothschild, Mallet, Fould, Pictet, Morgan, Lazard, Schiff/Kuhn Loeb, Rockefeller"}},{"type":"Feature","geometry":{"type":"LineString","coordinates":[[8.247,49.993],[8.168,50.012],[8.088,50.031],[8.008,50.05],[7.928,50.069],[7.848,50.088],[7.768,50.107],[7.688,50.126],[7.608,50.145],[7.528,50.164],[7.447,50.182],[7.367,50.201],[7.287,50.219],[7.206,50.238],[7.126,50.256],[7.045,50.275],[6.965,50.293],[6.884,50.311],[6.803,50.33],[6.722,50.348],[6.641,50.366],[6.56,50.384],[6.479,50.402],[6.398,50.42],[6.317,50.438],[6.236,50.456],[6.155,50.473],[6.073,50.491],[5.992,50.509],[5.911,50.527],[5.829,50.544],[5.747,50.562],[5.666,50.579],[5.584,50.596],[5.502,50.614],[5.421,50.631],[5.339,50.648],[5.257,50.665],[5.175,50.682],[5.093,50.7],[5.011,50.716],[4.929,50.733],[4.846,50.75],[4.764,50.767],[4.682,50.784],[4.599,50.801],[4.517,50.817],[4.434,50.834],[4.352,50.85]]},"properties":{"family":"Bischoffsheim","from":"Mainz","to":"Brussels","era":"Industrial","founded":1785,"peak":"1850 to 1900","decline":1920,"peak wealth, billion US$ adjusted for inflation (as the page gives it)":22,"banks":5,"properties":150,"employees":2000,"cities at its peak":8,"all its cities":"Mainz, Paris, Brussels, London","active at the same time as":"Mitsui, Hope, Rothschild, Barings, Mallet, Fould, Warburg, Pictet, Morgan, Brown Brothers, Hambros, Lazard, Lehman, Yasuda, Schiff/Kuhn Loeb, Goldman Sachs, Rockefeller, Oppenheimer","shares cities with":"Fould"}},{"type":"Feature","geometry":{"type":"LineString","coordinates":[[8.247,49.993],[8.079,50.03],[7.91,50.068],[7.74,50.105],[7.571,50.142],[7.401,50.178],[7.231,50.215],[7.061,50.251],[6.89,50.286],[6.719,50.322],[6.548,50.357],[6.377,50.392],[6.206,50.427],[6.034,50.462],[5.862,50.496],[5.689,50.53],[5.517,50.564],[5.344,50.598],[5.171,50.631],[4.998,50.664],[4.824,50.697],[4.65,50.729],[4.476,50.761],[4.302,50.793],[4.128,50.825],[3.953,50.857],[3.778,50.888],[3.603,50.919],[3.427,50.95],[3.252,50.98],[3.076,51.01],[2.9,51.04],[2.723,51.07],[2.547,51.099],[2.37,51.128],[2.193,51.157],[2.016,51.186],[1.838,51.214],[1.661,51.242],[1.483,51.27],[1.305,51.297],[1.126,51.324],[0.948,51.351],[0.769,51.378],[0.59,51.404],[0.411,51.431],[0.232,51.456],[0.052,51.482],[-0.128,51.507]]},"properties":{"family":"Bischoffsheim","from":"Mainz","to":"London","era":"Industrial","founded":1785,"peak":"1850 to 1900","decline":1920,"peak wealth, billion US$ adjusted for inflation (as the page gives it)":22,"banks":5,"properties":150,"employees":2000,"cities at its peak":8,"all its cities":"Mainz, Paris, Brussels, London","active at the same time as":"Mitsui, Hope, Rothschild, Barings, Mallet, Fould, Warburg, Pictet, Morgan, Brown Brothers, Hambros, Lazard, Lehman, Yasuda, Schiff/Kuhn Loeb, Goldman Sachs, Rockefeller, Oppenheimer","shares cities with":"Bardi, Peruzzi, Medici, Mitsui, Hope, Rothschild, Barings, Mallet, Fould, Warburg, Pictet, Morgan, Brown Brothers, Hambros, Lazard, Lehman, Schiff/Kuhn Loeb, Goldman Sachs, Rockefeller, Oppenheimer"}},{"type":"Feature","geometry":{"type":"LineString","coordinates":[[6.143,46.204],[6.068,46.261],[5.993,46.317],[5.917,46.374],[5.842,46.43],[5.766,46.486],[5.69,46.543],[5.614,46.599],[5.538,46.655],[5.461,46.711],[5.385,46.767],[5.308,46.823],[5.231,46.879],[5.154,46.935],[5.077,46.991],[4.999,47.046],[4.922,47.102],[4.844,47.158],[4.766,47.213],[4.688,47.269],[4.61,47.325],[4.532,47.38],[4.453,47.435],[4.375,47.491],[4.296,47.546],[4.217,47.601],[4.137,47.657],[4.058,47.712],[3.979,47.767],[3.899,47.822],[3.819,47.877],[3.739,47.932],[3.659,47.987],[3.578,48.041],[3.498,48.096],[3.417,48.151],[3.336,48.205],[3.255,48.26],[3.174,48.315],[3.093,48.369],[3.011,48.423],[2.929,48.478],[2.847,48.532],[2.765,48.586],[2.683,48.64],[2.601,48.695],[2.518,48.749],[2.435,48.803],[2.352,48.857]]},"properties":{"family":"Mallet","from":"Geneva","to":"Paris","era":"Early Modern","founded":1713,"peak":"1850 to 1950","decline":1988,"peak wealth, billion US$ adjusted for inflation (as the page gives it)":15,"banks":3,"properties":90,"employees":1000,"cities at its peak":5,"all its cities":"Geneva, Paris, London","active at the same time as":"Medici, Mitsui, Hope, Rothschild, Barings, Bischoffsheim, Fould, Warburg, Pictet, Morgan, Brown Brothers, Hambros, Lazard, Lehman, Yasuda, Schiff/Kuhn Loeb, Goldman Sachs, Rockefeller, Oppenheimer","shares cities with":"Bardi, Peruzzi, Hope, Rothschild, Bischoffsheim, Fould, Pictet, Morgan, Lazard, Schiff/Kuhn Loeb, Rockefeller"}},{"type":"Feature","geometry":{"type":"LineString","coordinates":[[6.143,46.204],[6.025,46.318],[5.907,46.432],[5.788,46.545],[5.669,46.659],[5.549,46.772],[5.429,46.885],[5.308,46.998],[5.187,47.111],[5.065,47.224],[4.943,47.336],[4.82,47.449],[4.697,47.561],[4.573,47.673],[4.448,47.785],[4.324,47.897],[4.198,48.009],[4.072,48.121],[3.945,48.232],[3.818,48.344],[3.691,48.455],[3.562,48.566],[3.433,48.677],[3.304,48.788],[3.174,48.898],[3.044,49.009],[2.912,49.119],[2.781,49.229],[2.648,49.34],[2.515,49.449],[2.382,49.559],[2.248,49.669],[2.113,49.778],[1.978,49.888],[1.842,49.997],[1.705,50.106],[1.568,50.215],[1.43,50.323],[1.292,50.432],[1.153,50.54],[1.013,50.648],[0.873,50.756],[0.732,50.864],[0.59,50.972],[0.448,51.079],[0.305,51.187],[0.161,51.294],[0.017,51.401],[-0.128,51.507]]},"properties":{"family":"Mallet","from":"Geneva","to":"London","era":"Early Modern","founded":1713,"peak":"1850 to 1950","decline":1988,"peak wealth, billion US$ adjusted for inflation (as the page gives it)":15,"banks":3,"properties":90,"employees":1000,"cities at its peak":5,"all its cities":"Geneva, Paris, London","active at the same time as":"Medici, Mitsui, Hope, Rothschild, Barings, Bischoffsheim, Fould, Warburg, Pictet, Morgan, Brown Brothers, Hambros, Lazard, Lehman, Yasuda, Schiff/Kuhn Loeb, Goldman Sachs, Rockefeller, Oppenheimer","shares cities with":"Bardi, Peruzzi, Medici, Mitsui, Hope, Rothschild, Barings, Bischoffsheim, Fould, Warburg, Pictet, Morgan, Brown Brothers, Hambros, Lazard, Lehman, Schiff/Kuhn Loeb, Goldman Sachs, Rockefeller, Oppenheimer"}},{"type":"Feature","geometry":{"type":"LineString","coordinates":[[2.352,48.857],[2.303,48.912],[2.254,48.968],[2.205,49.024],[2.156,49.079],[2.106,49.135],[2.057,49.191],[2.007,49.246],[1.958,49.302],[1.908,49.358],[1.858,49.413],[1.808,49.469],[1.758,49.524],[1.707,49.58],[1.657,49.635],[1.606,49.691],[1.556,49.746],[1.505,49.801],[1.454,49.857],[1.403,49.912],[1.352,49.967],[1.301,50.023],[1.25,50.078],[1.198,50.133],[1.147,50.189],[1.095,50.244],[1.043,50.299],[0.991,50.354],[0.939,50.409],[0.887,50.464],[0.835,50.52],[0.782,50.575],[0.73,50.63],[0.677,50.685],[0.624,50.74],[0.571,50.795],[0.518,50.85],[0.465,50.905],[0.412,50.96],[0.359,51.014],[0.305,51.069],[0.251,51.124],[0.198,51.179],[0.144,51.234],[0.09,51.289],[0.035,51.343],[-0.019,51.398],[-0.073,51.453],[-0.128,51.507]]},"properties":{"family":"Fould","from":"Paris","to":"London","era":"Industrial","founded":1780,"peak":"1850 to 1900","decline":1950,"peak wealth, billion US$ adjusted for inflation (as the page gives it)":18,"banks":4,"properties":120,"employees":1500,"cities at its peak":6,"all its cities":"Paris, London, Brussels, Frankfurt","active at the same time as":"Mitsui, Hope, Rothschild, Barings, Bischoffsheim, Mallet, Warburg, Pictet, Morgan, Brown Brothers, Hambros, Lazard, Lehman, Yasuda, Schiff/Kuhn Loeb, Goldman Sachs, Rockefeller, Oppenheimer","shares cities with":"Bardi, Peruzzi, Medici, Mitsui, Hope, Rothschild, Barings, Bischoffsheim, Mallet, Warburg, Pictet, Morgan, Brown Brothers, Hambros, Lazard, Lehman, Schiff/Kuhn Loeb, Goldman Sachs, Rockefeller, Oppenheimer"}},{"type":"Feature","geometry":{"type":"LineString","coordinates":[[2.352,48.857],[2.392,48.898],[2.432,48.94],[2.472,48.982],[2.513,49.024],[2.553,49.066],[2.593,49.108],[2.634,49.149],[2.674,49.191],[2.715,49.233],[2.755,49.275],[2.796,49.316],[2.837,49.358],[2.878,49.4],[2.919,49.442],[2.959,49.483],[3.001,49.525],[3.042,49.567],[3.083,49.608],[3.124,49.65],[3.165,49.691],[3.207,49.733],[3.248,49.775],[3.29,49.816],[3.331,49.858],[3.373,49.899],[3.415,49.941],[3.457,49.982],[3.498,50.024],[3.54,50.065],[3.582,50.107],[3.625,50.148],[3.667,50.19],[3.709,50.231],[3.751,50.272],[3.794,50.314],[3.836,50.355],[3.879,50.396],[3.921,50.438],[3.964,50.479],[4.007,50.52],[4.05,50.562],[4.093,50.603],[4.136,50.644],[4.179,50.685],[4.222,50.727],[4.265,50.768],[4.308,50.809],[4.352,50.85]]},"properties":{"family":"Fould","from":"Paris","to":"Brussels","era":"Industrial","founded":1780,"peak":"1850 to 1900","decline":1950,"peak wealth, billion US$ adjusted for inflation (as the page gives it)":18,"banks":4,"properties":120,"employees":1500,"cities at its peak":6,"all its cities":"Paris, London, Brussels, Frankfurt","active at the same time as":"Mitsui, Hope, Rothschild, Barings, Bischoffsheim, Mallet, Warburg, Pictet, Morgan, Brown Brothers, Hambros, Lazard, Lehman, Yasuda, Schiff/Kuhn Loeb, Goldman Sachs, Rockefeller, Oppenheimer","shares cities with":"Bischoffsheim"}},{"type":"Feature","geometry":{"type":"LineString","coordinates":[[2.352,48.857],[2.481,48.886],[2.609,48.916],[2.738,48.945],[2.867,48.974],[2.996,49.003],[3.125,49.032],[3.255,49.061],[3.384,49.089],[3.514,49.118],[3.644,49.146],[3.774,49.174],[3.904,49.202],[4.034,49.23],[4.164,49.258],[4.295,49.285],[4.426,49.313],[4.557,49.34],[4.688,49.367],[4.819,49.394],[4.95,49.421],[5.081,49.448],[5.213,49.474],[5.345,49.501],[5.477,49.527],[5.609,49.553],[5.741,49.579],[5.873,49.605],[6.005,49.63],[6.138,49.656],[6.271,49.681],[6.403,49.706],[6.536,49.731],[6.67,49.756],[6.803,49.781],[6.936,49.806],[7.07,49.83],[7.203,49.854],[7.337,49.878],[7.471,49.902],[7.605,49.926],[7.739,49.95],[7.874,49.973],[8.008,49.997],[8.143,50.02],[8.277,50.043],[8.412,50.066],[8.547,50.088],[8.682,50.111]]},"properties":{"family":"Fould","from":"Paris","to":"Frankfurt","era":"Industrial","founded":1780,"peak":"1850 to 1900","decline":1950,"peak wealth, billion US$ adjusted for inflation (as the page gives it)":18,"banks":4,"properties":120,"employees":1500,"cities at its peak":6,"all its cities":"Paris, London, Brussels, Frankfurt","active at the same time as":"Mitsui, Hope, Rothschild, Barings, Bischoffsheim, Mallet, Warburg, Pictet, Morgan, Brown Brothers, Hambros, Lazard, Lehman, Yasuda, Schiff/Kuhn Loeb, Goldman Sachs, Rockefeller, Oppenheimer","shares cities with":"Rothschild, Schiff/Kuhn Loeb, Goldman Sachs"}},{"type":"Feature","geometry":{"type":"LineString","coordinates":[[9.994,53.551],[9.885,53.529],[9.776,53.506],[9.668,53.484],[9.559,53.461],[9.451,53.438],[9.342,53.415],[9.234,53.392],[9.126,53.369],[9.018,53.346],[8.911,53.323],[8.803,53.299],[8.695,53.276],[8.588,53.252],[8.481,53.229],[8.373,53.205],[8.266,53.181],[8.159,53.157],[8.053,53.133],[7.946,53.109],[7.839,53.084],[7.733,53.06],[7.626,53.036],[7.52,53.011],[7.414,52.987],[7.308,52.962],[7.202,52.937],[7.096,52.912],[6.991,52.887],[6.885,52.862],[6.78,52.837],[6.675,52.811],[6.57,52.786],[6.464,52.761],[6.36,52.735],[6.255,52.709],[6.15,52.684],[6.046,52.658],[5.941,52.632],[5.837,52.606],[5.733,52.58],[5.629,52.554],[5.525,52.527],[5.421,52.501],[5.317,52.474],[5.214,52.448],[5.111,52.421],[5.007,52.394],[4.904,52.368]]},"properties":{"family":"Warburg","from":"Hamburg","to":"Amsterdam","era":"Industrial","founded":1798,"peak":"1890 to 1930","decline":2025,"peak wealth, billion US$ adjusted for inflation (as the page gives it)":45,"banks":12,"properties":300,"employees":8000,"cities at its peak":18,"all its cities":"Hamburg, Amsterdam, London, New York, Stockholm","active at the same time as":"Mitsui, Hope, Rothschild, Barings, Bischoffsheim, Mallet, Fould, Pictet, Morgan, Brown Brothers, Hambros, Lazard, Lehman, Yasuda, Schiff/Kuhn Loeb, Goldman Sachs, Rockefeller, Oppenheimer","shares cities with":"Hope, Oppenheimer"}},{"type":"Feature","geometry":{"type":"LineString","coordinates":[[9.994,53.551],[9.774,53.518],[9.554,53.484],[9.335,53.449],[9.116,53.415],[8.897,53.379],[8.679,53.344],[8.461,53.308],[8.243,53.272],[8.026,53.235],[7.809,53.198],[7.593,53.16],[7.377,53.122],[7.161,53.084],[6.946,53.045],[6.731,53.006],[6.516,52.967],[6.302,52.927],[6.089,52.887],[5.875,52.846],[5.662,52.805],[5.45,52.764],[5.238,52.722],[5.026,52.68],[4.815,52.637],[4.604,52.594],[4.394,52.551],[4.184,52.507],[3.974,52.463],[3.765,52.419],[3.556,52.374],[3.348,52.329],[3.14,52.284],[2.932,52.238],[2.725,52.192],[2.518,52.145],[2.312,52.098],[2.106,52.051],[1.901,52.003],[1.696,51.955],[1.492,51.907],[1.288,51.858],[1.084,51.809],[0.881,51.76],[0.678,51.71],[0.476,51.66],[0.274,51.609],[0.073,51.559],[-0.128,51.507]]},"properties":{"family":"Warburg","from":"Hamburg","to":"London","era":"Industrial","founded":1798,"peak":"1890 to 1930","decline":2025,"peak wealth, billion US$ adjusted for inflation (as the page gives it)":45,"banks":12,"properties":300,"employees":8000,"cities at its peak":18,"all its cities":"Hamburg, Amsterdam, London, New York, Stockholm","active at the same time as":"Mitsui, Hope, Rothschild, Barings, Bischoffsheim, Mallet, Fould, Pictet, Morgan, Brown Brothers, Hambros, Lazard, Lehman, Yasuda, Schiff/Kuhn Loeb, Goldman Sachs, Rockefeller, Oppenheimer","shares cities with":"Bardi, Peruzzi, Medici, Mitsui, Hope, Rothschild, Barings, Bischoffsheim, Mallet, Fould, Pictet, Morgan, Brown Brothers, Hambros, Lazard, Lehman, Schiff/Kuhn Loeb, Goldman Sachs, Rockefeller, Oppenheimer"}},{"type":"Feature","geometry":{"type":"LineString","coordinates":[[9.994,53.551],[8.199,53.991],[6.366,54.404],[4.498,54.788],[2.595,55.143],[0.66,55.468],[-1.306,55.762],[-3.3,56.024],[-5.32,56.254],[-7.362,56.45],[-9.424,56.612],[-11.502,56.74],[-13.591,56.833],[-15.69,56.892],[-17.793,56.915],[-19.896,56.902],[-21.996,56.854],[-24.089,56.772],[-26.171,56.654],[-28.238,56.502],[-30.286,56.316],[-32.313,56.096],[-34.315,55.844],[-36.29,55.559],[-38.234,55.243],[-40.147,54.897],[-42.026,54.521],[-43.869,54.117],[-45.675,53.685],[-47.444,53.227],[-49.174,52.743],[-50.865,52.234],[-52.517,51.702],[-54.129,51.147],[-55.703,50.57],[-57.238,49.973],[-58.734,49.356],[-60.193,48.72],[-61.615,48.066],[-63.001,47.395],[-64.352,46.708],[-65.668,46.005],[-66.951,45.288],[-68.202,44.557],[-69.421,43.812],[-70.61,43.055],[-71.77,42.285],[-72.902,41.504],[-74.006,40.713]]},"properties":{"family":"Warburg","from":"Hamburg","to":"New York","era":"Industrial","founded":1798,"peak":"1890 to 1930","decline":2025,"peak wealth, billion US$ adjusted for inflation (as the page gives it)":45,"banks":12,"properties":300,"employees":8000,"cities at its peak":18,"all its cities":"Hamburg, Amsterdam, London, New York, Stockholm","active at the same time as":"Mitsui, Hope, Rothschild, Barings, Bischoffsheim, Mallet, Fould, Pictet, Morgan, Brown Brothers, Hambros, Lazard, Lehman, Yasuda, Schiff/Kuhn Loeb, Goldman Sachs, Rockefeller, Oppenheimer","shares cities with":"Mitsui, Rothschild, Morgan, Brown Brothers, Lazard, Lehman, Schiff/Kuhn Loeb, Goldman Sachs, Rockefeller"}},{"type":"Feature","geometry":{"type":"LineString","coordinates":[[9.994,53.551],[10.138,53.676],[10.284,53.801],[10.431,53.926],[10.578,54.051],[10.726,54.176],[10.875,54.3],[11.026,54.424],[11.177,54.548],[11.328,54.672],[11.481,54.796],[11.635,54.919],[11.79,55.042],[11.946,55.166],[12.102,55.288],[12.26,55.411],[12.418,55.533],[12.578,55.656],[12.739,55.778],[12.9,55.9],[13.063,56.021],[13.226,56.143],[13.391,56.264],[13.557,56.385],[13.723,56.505],[13.891,56.626],[14.06,56.746],[14.23,56.866],[14.401,56.986],[14.574,57.106],[14.747,57.225],[14.921,57.344],[15.097,57.463],[15.273,57.582],[15.451,57.7],[15.63,57.818],[15.811,57.936],[15.992,58.053],[16.175,58.171],[16.358,58.288],[16.543,58.405],[16.73,58.521],[16.917,58.638],[17.106,58.754],[17.296,58.869],[17.487,58.985],[17.68,59.1],[17.873,59.215],[18.069,59.329]]},"properties":{"family":"Warburg","from":"Hamburg","to":"Stockholm","era":"Industrial","founded":1798,"peak":"1890 to 1930","decline":2025,"peak wealth, billion US$ adjusted for inflation (as the page gives it)":45,"banks":12,"properties":300,"employees":8000,"cities at its peak":18,"all its cities":"Hamburg, Amsterdam, London, New York, Stockholm","active at the same time as":"Mitsui, Hope, Rothschild, Barings, Bischoffsheim, Mallet, Fould, Pictet, Morgan, Brown Brothers, Hambros, Lazard, Lehman, Yasuda, Schiff/Kuhn Loeb, Goldman Sachs, Rockefeller, Oppenheimer","shares cities with":"Hambros"}},{"type":"Feature","geometry":{"type":"LineString","coordinates":[[6.143,46.204],[6.192,46.229],[6.241,46.254],[6.29,46.279],[6.339,46.304],[6.388,46.329],[6.437,46.354],[6.487,46.378],[6.536,46.403],[6.585,46.428],[6.634,46.453],[6.684,46.477],[6.733,46.502],[6.783,46.527],[6.832,46.552],[6.882,46.576],[6.931,46.601],[6.981,46.625],[7.03,46.65],[7.08,46.674],[7.13,46.699],[7.18,46.724],[7.23,46.748],[7.279,46.772],[7.329,46.797],[7.379,46.821],[7.429,46.846],[7.479,46.87],[7.53,46.894],[7.58,46.919],[7.63,46.943],[7.68,46.967],[7.731,46.992],[7.781,47.016],[7.831,47.04],[7.882,47.064],[7.932,47.089],[7.983,47.113],[8.033,47.137],[8.084,47.161],[8.135,47.185],[8.185,47.209],[8.236,47.233],[8.287,47.257],[8.338,47.281],[8.389,47.305],[8.44,47.329],[8.491,47.353],[8.542,47.377]]},"properties":{"family":"Pictet","from":"Geneva","to":"Zurich","era":"Industrial","founded":1805,"peak":"1900 to 2025","decline":2025,"peak wealth, billion US$ adjusted for inflation (as the page gives it)":700,"banks":28,"properties":300,"employees":5400,"cities at its peak":28,"all its cities":"Geneva, Zurich, Paris, London, Luxembourg, Singapore, Hong Kong, Dubai","active at the same time as":"Mitsui, Hope, Rothschild, Barings, Bischoffsheim, Mallet, Fould, Warburg, Morgan, Brown Brothers, Hambros, Lazard, Lehman, Yasuda, Schiff/Kuhn Loeb, Goldman Sachs, Rockefeller, Oppenheimer","shares cities with":"Rothschild"}},{"type":"Feature","geometry":{"type":"LineString","coordinates":[[6.143,46.204],[6.068,46.261],[5.993,46.317],[5.917,46.374],[5.842,46.43],[5.766,46.486],[5.69,46.543],[5.614,46.599],[5.538,46.655],[5.461,46.711],[5.385,46.767],[5.308,46.823],[5.231,46.879],[5.154,46.935],[5.077,46.991],[4.999,47.046],[4.922,47.102],[4.844,47.158],[4.766,47.213],[4.688,47.269],[4.61,47.325],[4.532,47.38],[4.453,47.435],[4.375,47.491],[4.296,47.546],[4.217,47.601],[4.137,47.657],[4.058,47.712],[3.979,47.767],[3.899,47.822],[3.819,47.877],[3.739,47.932],[3.659,47.987],[3.578,48.041],[3.498,48.096],[3.417,48.151],[3.336,48.205],[3.255,48.26],[3.174,48.315],[3.093,48.369],[3.011,48.423],[2.929,48.478],[2.847,48.532],[2.765,48.586],[2.683,48.64],[2.601,48.695],[2.518,48.749],[2.435,48.803],[2.352,48.857]]},"properties":{"family":"Pictet","from":"Geneva","to":"Paris","era":"Industrial","founded":1805,"peak":"1900 to 2025","decline":2025,"peak wealth, billion US$ adjusted for inflation (as the page gives it)":700,"banks":28,"properties":300,"employees":5400,"cities at its peak":28,"all its cities":"Geneva, Zurich, Paris, London, Luxembourg, Singapore, Hong Kong, Dubai","active at the same time as":"Mitsui, Hope, Rothschild, Barings, Bischoffsheim, Mallet, Fould, Warburg, Morgan, Brown Brothers, Hambros, Lazard, Lehman, Yasuda, Schiff/Kuhn Loeb, Goldman Sachs, Rockefeller, Oppenheimer","shares cities with":"Bardi, Peruzzi, Hope, Rothschild, Bischoffsheim, Mallet, Fould, Morgan, Lazard, Schiff/Kuhn Loeb, Rockefeller"}},{"type":"Feature","geometry":{"type":"LineString","coordinates":[[6.143,46.204],[6.025,46.318],[5.907,46.432],[5.788,46.545],[5.669,46.659],[5.549,46.772],[5.429,46.885],[5.308,46.998],[5.187,47.111],[5.065,47.224],[4.943,47.336],[4.82,47.449],[4.697,47.561],[4.573,47.673],[4.448,47.785],[4.324,47.897],[4.198,48.009],[4.072,48.121],[3.945,48.232],[3.818,48.344],[3.691,48.455],[3.562,48.566],[3.433,48.677],[3.304,48.788],[3.174,48.898],[3.044,49.009],[2.912,49.119],[2.781,49.229],[2.648,49.34],[2.515,49.449],[2.382,49.559],[2.248,49.669],[2.113,49.778],[1.978,49.888],[1.842,49.997],[1.705,50.106],[1.568,50.215],[1.43,50.323],[1.292,50.432],[1.153,50.54],[1.013,50.648],[0.873,50.756],[0.732,50.864],[0.59,50.972],[0.448,51.079],[0.305,51.187],[0.161,51.294],[0.017,51.401],[-0.128,51.507]]},"properties":{"family":"Pictet","from":"Geneva","to":"London","era":"Industrial","founded":1805,"peak":"1900 to 2025","decline":2025,"peak wealth, billion US$ adjusted for inflation (as the page gives it)":700,"banks":28,"properties":300,"employees":5400,"cities at its peak":28,"all its cities":"Geneva, Zurich, Paris, London, Luxembourg, Singapore, Hong Kong, Dubai","active at the same time as":"Mitsui, Hope, Rothschild, Barings, Bischoffsheim, Mallet, Fould, Warburg, Morgan, Brown Brothers, Hambros, Lazard, Lehman, Yasuda, Schiff/Kuhn Loeb, Goldman Sachs, Rockefeller, Oppenheimer","shares cities with":"Bardi, Peruzzi, Medici, Mitsui, Hope, Rothschild, Barings, Bischoffsheim, Mallet, Fould, Warburg, Morgan, Brown Brothers, Hambros, Lazard, Lehman, Schiff/Kuhn Loeb, Goldman Sachs, Rockefeller, Oppenheimer"}},{"type":"Feature","geometry":{"type":"LineString","coordinates":[[6.143,46.204],[6.143,46.275],[6.143,46.346],[6.142,46.417],[6.142,46.488],[6.142,46.559],[6.142,46.63],[6.141,46.701],[6.141,46.772],[6.141,46.843],[6.141,46.914],[6.14,46.985],[6.14,47.056],[6.14,47.127],[6.139,47.198],[6.139,47.269],[6.139,47.34],[6.139,47.411],[6.138,47.482],[6.138,47.553],[6.138,47.624],[6.137,47.695],[6.137,47.766],[6.137,47.837],[6.137,47.908],[6.136,47.979],[6.136,48.05],[6.136,48.121],[6.135,48.192],[6.135,48.263],[6.135,48.334],[6.135,48.405],[6.134,48.476],[6.134,48.547],[6.134,48.618],[6.133,48.689],[6.133,48.76],[6.133,48.831],[6.133,48.902],[6.132,48.973],[6.132,49.044],[6.132,49.115],[6.131,49.186],[6.131,49.257],[6.131,49.328],[6.131,49.399],[6.13,49.47],[6.13,49.541],[6.13,49.612]]},"properties":{"family":"Pictet","from":"Geneva","to":"Luxembourg","era":"Industrial","founded":1805,"peak":"1900 to 2025","decline":2025,"peak wealth, billion US$ adjusted for inflation (as the page gives it)":700,"banks":28,"properties":300,"employees":5400,"cities at its peak":28,"all its cities":"Geneva, Zurich, Paris, London, Luxembourg, Singapore, Hong Kong, Dubai","active at the same time as":"Mitsui, Hope, Rothschild, Barings, Bischoffsheim, Mallet, Fould, Warburg, Morgan, Brown Brothers, Hambros, Lazard, Lehman, Yasuda, Schiff/Kuhn Loeb, Goldman Sachs, Rockefeller, Oppenheimer","shares cities with":""}},{"type":"Feature","geometry":{"type":"LineString","coordinates":[[6.143,46.204],[8.975,46.392],[11.822,46.509],[14.678,46.555],[17.535,46.53],[20.385,46.434],[23.222,46.267],[26.038,46.031],[28.827,45.726],[31.582,45.354],[34.298,44.917],[36.97,44.417],[39.594,43.855],[42.166,43.235],[44.685,42.558],[47.147,41.827],[49.551,41.044],[51.898,40.213],[54.186,39.336],[56.416,38.415],[58.588,37.453],[60.705,36.452],[62.766,35.415],[64.774,34.344],[66.731,33.24],[68.638,32.107],[70.498,30.946],[72.313,29.759],[74.085,28.548],[75.816,27.314],[77.509,26.06],[79.166,24.786],[80.789,23.494],[82.38,22.186],[83.942,20.862],[85.476,19.525],[86.985,18.175],[88.47,16.813],[89.935,15.441],[91.38,14.06],[92.807,12.67],[94.22,11.272],[95.618,9.868],[97.005,8.458],[98.381,7.043],[99.749,5.624],[101.11,4.202],[102.467,2.778],[103.82,1.352]]},"properties":{"family":"Pictet","from":"Geneva","to":"Singapore","era":"Industrial","founded":1805,"peak":"1900 to 2025","decline":2025,"peak wealth, billion US$ adjusted for inflation (as the page gives it)":700,"banks":28,"properties":300,"employees":5400,"cities at its peak":28,"all its cities":"Geneva, Zurich, Paris, London, Luxembourg, Singapore, Hong Kong, Dubai","active at the same time as":"Mitsui, Hope, Rothschild, Barings, Bischoffsheim, Mallet, Fould, Warburg, Morgan, Brown Brothers, Hambros, Lazard, Lehman, Yasuda, Schiff/Kuhn Loeb, Goldman Sachs, Rockefeller, Oppenheimer","shares cities with":"Goldman Sachs"}},{"type":"Feature","geometry":{"type":"LineString","coordinates":[[6.143,46.204],[8.452,47.021],[10.831,47.791],[13.279,48.509],[15.795,49.175],[18.376,49.784],[21.02,50.334],[23.722,50.823],[26.478,51.249],[29.281,51.608],[32.124,51.9],[35.001,52.123],[37.901,52.275],[40.817,52.355],[43.739,52.363],[46.657,52.3],[49.562,52.165],[52.445,51.959],[55.297,51.683],[58.11,51.339],[60.877,50.929],[63.593,50.455],[66.25,49.918],[68.847,49.323],[71.378,48.67],[73.842,47.964],[76.237,47.207],[78.563,46.4],[80.819,45.549],[83.006,44.654],[85.125,43.719],[87.177,42.745],[89.165,41.737],[91.091,40.695],[92.956,39.622],[94.764,38.52],[96.516,37.391],[98.216,36.237],[99.866,35.06],[101.469,33.861],[103.027,32.642],[104.542,31.404],[106.018,30.149],[107.457,28.878],[108.861,27.592],[110.232,26.292],[111.572,24.979],[112.884,23.655],[114.169,22.319]]},"properties":{"family":"Pictet","from":"Geneva","to":"Hong Kong","era":"Industrial","founded":1805,"peak":"1900 to 2025","decline":2025,"peak wealth, billion US$ adjusted for inflation (as the page gives it)":700,"banks":28,"properties":300,"employees":5400,"cities at its peak":28,"all its cities":"Geneva, Zurich, Paris, London, Luxembourg, Singapore, Hong Kong, Dubai","active at the same time as":"Mitsui, Hope, Rothschild, Barings, Bischoffsheim, Mallet, Fould, Warburg, Morgan, Brown Brothers, Hambros, Lazard, Lehman, Yasuda, Schiff/Kuhn Loeb, Goldman Sachs, Rockefeller, Oppenheimer","shares cities with":"Mitsui, Barings, Lehman, Goldman Sachs"}},{"type":"Feature","geometry":{"type":"LineString","coordinates":[[6.143,46.204],[7.445,46.022],[8.737,45.825],[10.02,45.613],[11.293,45.387],[12.555,45.147],[13.807,44.893],[15.048,44.626],[16.276,44.345],[17.493,44.052],[18.697,43.745],[19.889,43.426],[21.069,43.095],[22.235,42.752],[23.388,42.397],[24.528,42.03],[25.655,41.653],[26.769,41.265],[27.869,40.866],[28.956,40.456],[30.029,40.037],[31.089,39.608],[32.136,39.169],[33.17,38.721],[34.191,38.265],[35.199,37.799],[36.194,37.325],[37.177,36.843],[38.147,36.352],[39.105,35.854],[40.051,35.349],[40.985,34.836],[41.908,34.316],[42.819,33.789],[43.719,33.256],[44.607,32.716],[45.485,32.17],[46.353,31.618],[47.21,31.061],[48.058,30.497],[48.895,29.929],[49.723,29.355],[50.541,28.776],[51.351,28.192],[52.152,27.603],[52.944,27.01],[53.727,26.412],[54.503,25.811],[55.271,25.205]]},"properties":{"family":"Pictet","from":"Geneva","to":"Dubai","era":"Industrial","founded":1805,"peak":"1900 to 2025","decline":2025,"peak wealth, billion US$ adjusted for inflation (as the page gives it)":700,"banks":28,"properties":300,"employees":5400,"cities at its peak":28,"all its cities":"Geneva, Zurich, Paris, London, Luxembourg, Singapore, Hong Kong, Dubai","active at the same time as":"Mitsui, Hope, Rothschild, Barings, Bischoffsheim, Mallet, Fould, Warburg, Morgan, Brown Brothers, Hambros, Lazard, Lehman, Yasuda, Schiff/Kuhn Loeb, Goldman Sachs, Rockefeller, Oppenheimer","shares cities with":""}},{"type":"Feature","geometry":{"type":"LineString","coordinates":[[-72.685,41.766],[-72.713,41.744],[-72.741,41.722],[-72.769,41.7],[-72.797,41.679],[-72.825,41.657],[-72.853,41.635],[-72.88,41.613],[-72.908,41.591],[-72.936,41.57],[-72.964,41.548],[-72.992,41.526],[-73.019,41.504],[-73.047,41.482],[-73.075,41.46],[-73.102,41.438],[-73.13,41.416],[-73.158,41.395],[-73.185,41.373],[-73.213,41.351],[-73.241,41.329],[-73.268,41.307],[-73.296,41.285],[-73.323,41.263],[-73.351,41.241],[-73.378,41.219],[-73.406,41.197],[-73.433,41.175],[-73.461,41.153],[-73.488,41.131],[-73.516,41.109],[-73.543,41.087],[-73.57,41.065],[-73.598,41.043],[-73.625,41.021],[-73.652,40.999],[-73.68,40.977],[-73.707,40.955],[-73.734,40.933],[-73.762,40.911],[-73.789,40.889],[-73.816,40.867],[-73.843,40.845],[-73.87,40.823],[-73.898,40.801],[-73.925,40.779],[-73.952,40.757],[-73.979,40.735],[-74.006,40.713]]},"properties":{"family":"Morgan","from":"Hartford","to":"New York","era":"Industrial","founded":1812,"peak":"1871 to 1913","decline":2025,"peak wealth, billion US$ adjusted for inflation (as the page gives it)":57,"banks":21,"properties":800,"employees":50000,"cities at its peak":35,"all its cities":"New York, London, Paris, Philadelphia, Boston, Chicago","active at the same time as":"Mitsui, Hope, Rothschild, Barings, Bischoffsheim, Mallet, Fould, Warburg, Pictet, Brown Brothers, Hambros, Lazard, Lehman, Yasuda, Schiff/Kuhn Loeb, Goldman Sachs, Rockefeller, Oppenheimer","shares cities with":"Mitsui, Rothschild, Warburg, Brown Brothers, Lazard, Lehman, Schiff/Kuhn Loeb, Goldman Sachs, Rockefeller"}},{"type":"Feature","geometry":{"type":"LineString","coordinates":[[-72.685,41.766],[-71.6,42.381],[-70.493,42.986],[-69.364,43.58],[-68.214,44.163],[-67.04,44.734],[-65.844,45.293],[-64.623,45.839],[-63.379,46.371],[-62.111,46.89],[-60.818,47.395],[-59.501,47.885],[-58.159,48.359],[-56.792,48.818],[-55.4,49.26],[-53.984,49.685],[-52.543,50.093],[-51.078,50.482],[-49.589,50.853],[-48.077,51.205],[-46.543,51.536],[-44.986,51.848],[-43.409,52.138],[-41.812,52.408],[-40.196,52.655],[-38.562,52.881],[-36.912,53.083],[-35.247,53.263],[-33.57,53.419],[-31.88,53.552],[-30.181,53.66],[-28.475,53.745],[-26.762,53.805],[-25.046,53.841],[-23.327,53.852],[-21.609,53.839],[-19.893,53.801],[-18.181,53.738],[-16.475,53.652],[-14.777,53.541],[-13.089,53.406],[-11.412,53.248],[-9.749,53.066],[-8.1,52.861],[-6.468,52.634],[-4.853,52.384],[-3.258,52.113],[-1.682,51.821],[-0.128,51.507]]},"properties":{"family":"Morgan","from":"Hartford","to":"London","era":"Industrial","founded":1812,"peak":"1871 to 1913","decline":2025,"peak wealth, billion US$ adjusted for inflation (as the page gives it)":57,"banks":21,"properties":800,"employees":50000,"cities at its peak":35,"all its cities":"New York, London, Paris, Philadelphia, Boston, Chicago","active at the same time as":"Mitsui, Hope, Rothschild, Barings, Bischoffsheim, Mallet, Fould, Warburg, Pictet, Brown Brothers, Hambros, Lazard, Lehman, Yasuda, Schiff/Kuhn Loeb, Goldman Sachs, Rockefeller, Oppenheimer","shares cities with":"Bardi, Peruzzi, Medici, Mitsui, Hope, Rothschild, Barings, Bischoffsheim, Mallet, Fould, Warburg, Pictet, Brown Brothers, Hambros, Lazard, Lehman, Schiff/Kuhn Loeb, Goldman Sachs, Rockefeller, Oppenheimer"}},{"type":"Feature","geometry":{"type":"LineString","coordinates":[[-72.685,41.766],[-71.508,42.373],[-70.309,42.969],[-69.086,43.551],[-67.84,44.12],[-66.569,44.676],[-65.275,45.217],[-63.956,45.743],[-62.612,46.253],[-61.243,46.748],[-59.85,47.226],[-58.431,47.687],[-56.988,48.13],[-55.52,48.555],[-54.028,48.96],[-52.512,49.346],[-50.972,49.712],[-49.41,50.058],[-47.826,50.382],[-46.221,50.684],[-44.596,50.964],[-42.952,51.221],[-41.29,51.455],[-39.612,51.665],[-37.92,51.851],[-36.214,52.012],[-34.497,52.149],[-32.77,52.26],[-31.036,52.347],[-29.296,52.407],[-27.552,52.443],[-25.806,52.452],[-24.06,52.436],[-22.317,52.394],[-20.578,52.327],[-18.846,52.234],[-17.121,52.116],[-15.407,51.972],[-13.705,51.805],[-12.016,51.612],[-10.342,51.396],[-8.685,51.156],[-7.045,50.893],[-5.425,50.607],[-3.826,50.299],[-2.247,49.97],[-0.691,49.619],[0.842,49.248],[2.352,48.857]]},"properties":{"family":"Morgan","from":"Hartford","to":"Paris","era":"Industrial","founded":1812,"peak":"1871 to 1913","decline":2025,"peak wealth, billion US$ adjusted for inflation (as the page gives it)":57,"banks":21,"properties":800,"employees":50000,"cities at its peak":35,"all its cities":"New York, London, Paris, Philadelphia, Boston, Chicago","active at the same time as":"Mitsui, Hope, Rothschild, Barings, Bischoffsheim, Mallet, Fould, Warburg, Pictet, Brown Brothers, Hambros, Lazard, Lehman, Yasuda, Schiff/Kuhn Loeb, Goldman Sachs, Rockefeller, Oppenheimer","shares cities with":"Bardi, Peruzzi, Hope, Rothschild, Bischoffsheim, Mallet, Fould, Pictet, Lazard, Schiff/Kuhn Loeb, Rockefeller"}},{"type":"Feature","geometry":{"type":"LineString","coordinates":[[-72.685,41.766],[-72.738,41.729],[-72.791,41.691],[-72.844,41.654],[-72.897,41.617],[-72.95,41.579],[-73.003,41.542],[-73.055,41.505],[-73.108,41.467],[-73.161,41.43],[-73.213,41.392],[-73.266,41.355],[-73.318,41.318],[-73.37,41.28],[-73.423,41.242],[-73.475,41.205],[-73.527,41.167],[-73.579,41.13],[-73.631,41.092],[-73.683,41.054],[-73.735,41.017],[-73.787,40.979],[-73.839,40.941],[-73.89,40.904],[-73.942,40.866],[-73.994,40.828],[-74.045,40.79],[-74.097,40.752],[-74.148,40.715],[-74.2,40.677],[-74.251,40.639],[-74.302,40.601],[-74.354,40.563],[-74.405,40.525],[-74.456,40.487],[-74.507,40.449],[-74.558,40.411],[-74.609,40.373],[-74.66,40.335],[-74.71,40.297],[-74.761,40.258],[-74.812,40.22],[-74.863,40.182],[-74.913,40.144],[-74.964,40.106],[-75.014,40.067],[-75.065,40.029],[-75.115,39.991],[-75.165,39.953]]},"properties":{"family":"Morgan","from":"Hartford","to":"Philadelphia","era":"Industrial","founded":1812,"peak":"1871 to 1913","decline":2025,"peak wealth, billion US$ adjusted for inflation (as the page gives it)":57,"banks":21,"properties":800,"employees":50000,"cities at its peak":35,"all its cities":"New York, London, Paris, Philadelphia, Boston, Chicago","active at the same time as":"Mitsui, Hope, Rothschild, Barings, Bischoffsheim, Mallet, Fould, Warburg, Pictet, Brown Brothers, Hambros, Lazard, Lehman, Yasuda, Schiff/Kuhn Loeb, Goldman Sachs, Rockefeller, Oppenheimer","shares cities with":"Brown Brothers"}},{"type":"Feature","geometry":{"type":"LineString","coordinates":[[-72.685,41.766],[-72.652,41.778],[-72.618,41.791],[-72.584,41.804],[-72.551,41.816],[-72.517,41.829],[-72.483,41.841],[-72.45,41.854],[-72.416,41.866],[-72.383,41.879],[-72.349,41.891],[-72.315,41.904],[-72.281,41.917],[-72.248,41.929],[-72.214,41.942],[-72.18,41.954],[-72.146,41.966],[-72.113,41.979],[-72.079,41.991],[-72.045,42.004],[-72.011,42.016],[-71.977,42.029],[-71.944,42.041],[-71.91,42.053],[-71.876,42.066],[-71.842,42.078],[-71.808,42.091],[-71.774,42.103],[-71.74,42.115],[-71.706,42.128],[-71.672,42.14],[-71.638,42.152],[-71.604,42.165],[-71.57,42.177],[-71.536,42.189],[-71.502,42.201],[-71.468,42.214],[-71.434,42.226],[-71.4,42.238],[-71.366,42.25],[-71.332,42.263],[-71.298,42.275],[-71.264,42.287],[-71.23,42.299],[-71.196,42.311],[-71.161,42.324],[-71.127,42.336],[-71.093,42.348],[-71.059,42.36]]},"properties":{"family":"Morgan","from":"Hartford","to":"Boston","era":"Industrial","founded":1812,"peak":"1871 to 1913","decline":2025,"peak wealth, billion US$ adjusted for inflation (as the page gives it)":57,"banks":21,"properties":800,"employees":50000,"cities at its peak":35,"all its cities":"New York, London, Paris, Philadelphia, Boston, Chicago","active at the same time as":"Mitsui, Hope, Rothschild, Barings, Bischoffsheim, Mallet, Fould, Warburg, Pictet, Brown Brothers, Hambros, Lazard, Lehman, Yasuda, Schiff/Kuhn Loeb, Goldman Sachs, Rockefeller, Oppenheimer","shares cities with":"Barings, Brown Brothers"}},{"type":"Feature","geometry":{"type":"LineString","coordinates":[[-72.685,41.766],[-72.994,41.788],[-73.304,41.809],[-73.614,41.83],[-73.924,41.849],[-74.234,41.868],[-74.544,41.886],[-74.855,41.903],[-75.165,41.919],[-75.476,41.935],[-75.787,41.949],[-76.098,41.963],[-76.409,41.976],[-76.721,41.988],[-77.032,41.999],[-77.344,42.009],[-77.655,42.019],[-77.967,42.028],[-78.279,42.036],[-78.591,42.043],[-78.903,42.049],[-79.215,42.054],[-79.527,42.058],[-79.839,42.062],[-80.151,42.065],[-80.463,42.067],[-80.775,42.068],[-81.087,42.068],[-81.4,42.068],[-81.712,42.066],[-82.024,42.064],[-82.336,42.061],[-82.648,42.057],[-82.96,42.052],[-83.272,42.046],[-83.584,42.04],[-83.896,42.032],[-84.208,42.024],[-84.519,42.015],[-84.831,42.005],[-85.142,41.994],[-85.454,41.983],[-85.765,41.97],[-86.076,41.957],[-86.387,41.943],[-86.698,41.928],[-87.009,41.912],[-87.319,41.896],[-87.63,41.878]]},"properties":{"family":"Morgan","from":"Hartford","to":"Chicago","era":"Industrial","founded":1812,"peak":"1871 to 1913","decline":2025,"peak wealth, billion US$ adjusted for inflation (as the page gives it)":57,"banks":21,"properties":800,"employees":50000,"cities at its peak":35,"all its cities":"New York, London, Paris, Philadelphia, Boston, Chicago","active at the same time as":"Mitsui, Hope, Rothschild, Barings, Bischoffsheim, Mallet, Fould, Warburg, Pictet, Brown Brothers, Hambros, Lazard, Lehman, Yasuda, Schiff/Kuhn Loeb, Goldman Sachs, Rockefeller, Oppenheimer","shares cities with":"Rockefeller"}},{"type":"Feature","geometry":{"type":"LineString","coordinates":[[-75.165,39.953],[-75.141,39.969],[-75.117,39.985],[-75.094,40],[-75.07,40.016],[-75.046,40.032],[-75.022,40.048],[-74.998,40.064],[-74.974,40.08],[-74.95,40.096],[-74.926,40.112],[-74.902,40.128],[-74.878,40.144],[-74.854,40.16],[-74.83,40.176],[-74.806,40.191],[-74.782,40.207],[-74.758,40.223],[-74.734,40.239],[-74.709,40.255],[-74.685,40.271],[-74.661,40.287],[-74.637,40.302],[-74.613,40.318],[-74.589,40.334],[-74.565,40.35],[-74.541,40.366],[-74.516,40.382],[-74.492,40.397],[-74.468,40.413],[-74.444,40.429],[-74.42,40.445],[-74.395,40.461],[-74.371,40.476],[-74.347,40.492],[-74.323,40.508],[-74.298,40.524],[-74.274,40.54],[-74.25,40.555],[-74.225,40.571],[-74.201,40.587],[-74.177,40.603],[-74.152,40.618],[-74.128,40.634],[-74.104,40.65],[-74.079,40.666],[-74.055,40.681],[-74.03,40.697],[-74.006,40.713]]},"properties":{"family":"Brown Brothers","from":"Philadelphia","to":"New York","era":"Industrial","founded":1818,"peak":"1850 to 1930","decline":2025,"peak wealth, billion US$ adjusted for inflation (as the page gives it)":25,"banks":5,"properties":200,"employees":3000,"cities at its peak":12,"all its cities":"Philadelphia, New York, Boston, Baltimore, London","active at the same time as":"Mitsui, Hope, Rothschild, Barings, Bischoffsheim, Mallet, Fould, Warburg, Pictet, Morgan, Hambros, Lazard, Lehman, Yasuda, Schiff/Kuhn Loeb, Goldman Sachs, Rockefeller, Oppenheimer","shares cities with":"Mitsui, Rothschild, Warburg, Morgan, Lazard, Lehman, Schiff/Kuhn Loeb, Goldman Sachs, Rockefeller"}},{"type":"Feature","geometry":{"type":"LineString","coordinates":[[-75.165,39.953],[-75.083,40.004],[-75,40.056],[-74.917,40.107],[-74.834,40.159],[-74.751,40.21],[-74.668,40.261],[-74.585,40.313],[-74.502,40.364],[-74.418,40.415],[-74.334,40.466],[-74.251,40.517],[-74.167,40.568],[-74.083,40.619],[-73.998,40.67],[-73.914,40.72],[-73.83,40.771],[-73.745,40.822],[-73.661,40.872],[-73.576,40.923],[-73.491,40.973],[-73.406,41.024],[-73.321,41.074],[-73.235,41.124],[-73.15,41.175],[-73.064,41.225],[-72.978,41.275],[-72.893,41.325],[-72.807,41.375],[-72.721,41.425],[-72.634,41.474],[-72.548,41.524],[-72.461,41.574],[-72.375,41.624],[-72.288,41.673],[-72.201,41.723],[-72.114,41.772],[-72.027,41.821],[-71.94,41.871],[-71.852,41.92],[-71.764,41.969],[-71.677,42.018],[-71.589,42.067],[-71.501,42.116],[-71.413,42.165],[-71.325,42.214],[-71.236,42.263],[-71.148,42.311],[-71.059,42.36]]},"properties":{"family":"Brown Brothers","from":"Philadelphia","to":"Boston","era":"Industrial","founded":1818,"peak":"1850 to 1930","decline":2025,"peak wealth, billion US$ adjusted for inflation (as the page gives it)":25,"banks":5,"properties":200,"employees":3000,"cities at its peak":12,"all its cities":"Philadelphia, New York, Boston, Baltimore, London","active at the same time as":"Mitsui, Hope, Rothschild, Barings, Bischoffsheim, Mallet, Fould, Warburg, Pictet, Morgan, Hambros, Lazard, Lehman, Yasuda, Schiff/Kuhn Loeb, Goldman Sachs, Rockefeller, Oppenheimer","shares cities with":"Barings, Morgan"}},{"type":"Feature","geometry":{"type":"LineString","coordinates":[[-75.165,39.953],[-75.196,39.939],[-75.226,39.925],[-75.256,39.912],[-75.287,39.898],[-75.317,39.884],[-75.348,39.871],[-75.378,39.857],[-75.408,39.843],[-75.439,39.83],[-75.469,39.816],[-75.499,39.802],[-75.53,39.789],[-75.56,39.775],[-75.59,39.761],[-75.62,39.748],[-75.651,39.734],[-75.681,39.72],[-75.711,39.706],[-75.741,39.693],[-75.771,39.679],[-75.802,39.665],[-75.832,39.651],[-75.862,39.638],[-75.892,39.624],[-75.922,39.61],[-75.952,39.596],[-75.983,39.582],[-76.013,39.568],[-76.043,39.555],[-76.073,39.541],[-76.103,39.527],[-76.133,39.513],[-76.163,39.499],[-76.193,39.485],[-76.223,39.472],[-76.253,39.458],[-76.283,39.444],[-76.313,39.43],[-76.343,39.416],[-76.373,39.402],[-76.403,39.388],[-76.433,39.374],[-76.463,39.36],[-76.493,39.346],[-76.523,39.332],[-76.552,39.318],[-76.582,39.304],[-76.612,39.29]]},"properties":{"family":"Brown Brothers","from":"Philadelphia","to":"Baltimore","era":"Industrial","founded":1818,"peak":"1850 to 1930","decline":2025,"peak wealth, billion US$ adjusted for inflation (as the page gives it)":25,"banks":5,"properties":200,"employees":3000,"cities at its peak":12,"all its cities":"Philadelphia, New York, Boston, Baltimore, London","active at the same time as":"Mitsui, Hope, Rothschild, Barings, Bischoffsheim, Mallet, Fould, Warburg, Pictet, Morgan, Hambros, Lazard, Lehman, Yasuda, Schiff/Kuhn Loeb, Goldman Sachs, Rockefeller, Oppenheimer","shares cities with":""}},{"type":"Feature","geometry":{"type":"LineString","coordinates":[[-75.165,39.953],[-74.08,40.628],[-72.974,41.293],[-71.844,41.947],[-70.692,42.589],[-69.516,43.22],[-68.315,43.839],[-67.089,44.444],[-65.838,45.037],[-64.561,45.615],[-63.258,46.179],[-61.929,46.728],[-60.572,47.261],[-59.188,47.778],[-57.777,48.278],[-56.338,48.76],[-54.872,49.224],[-53.379,49.669],[-51.859,50.094],[-50.313,50.5],[-48.74,50.884],[-47.142,51.247],[-45.519,51.588],[-43.872,51.906],[-42.203,52.201],[-40.512,52.472],[-38.802,52.719],[-37.073,52.941],[-35.327,53.137],[-33.566,53.308],[-31.792,53.452],[-30.008,53.57],[-28.214,53.662],[-26.414,53.726],[-24.609,53.764],[-22.802,53.774],[-20.996,53.757],[-19.192,53.713],[-17.393,53.642],[-15.601,53.544],[-13.819,53.42],[-12.048,53.269],[-10.29,53.092],[-8.549,52.889],[-6.824,52.661],[-5.118,52.409],[-3.432,52.132],[-1.769,51.831],[-0.128,51.507]]},"properties":{"family":"Brown Brothers","from":"Philadelphia","to":"London","era":"Industrial","founded":1818,"peak":"1850 to 1930","decline":2025,"peak wealth, billion US$ adjusted for inflation (as the page gives it)":25,"banks":5,"properties":200,"employees":3000,"cities at its peak":12,"all its cities":"Philadelphia, New York, Boston, Baltimore, London","active at the same time as":"Mitsui, Hope, Rothschild, Barings, Bischoffsheim, Mallet, Fould, Warburg, Pictet, Morgan, Hambros, Lazard, Lehman, Yasuda, Schiff/Kuhn Loeb, Goldman Sachs, Rockefeller, Oppenheimer","shares cities with":"Bardi, Peruzzi, Medici, Mitsui, Hope, Rothschild, Barings, Bischoffsheim, Mallet, Fould, Warburg, Pictet, Morgan, Hambros, Lazard, Lehman, Schiff/Kuhn Loeb, Goldman Sachs, Rockefeller, Oppenheimer"}},{"type":"Feature","geometry":{"type":"LineString","coordinates":[[12.568,55.676],[12.278,55.604],[11.989,55.531],[11.701,55.457],[11.414,55.382],[11.128,55.307],[10.844,55.232],[10.56,55.155],[10.277,55.078],[9.996,55],[9.716,54.922],[9.436,54.843],[9.158,54.763],[8.881,54.683],[8.605,54.602],[8.33,54.521],[8.056,54.439],[7.784,54.356],[7.512,54.272],[7.242,54.188],[6.972,54.104],[6.704,54.019],[6.437,53.933],[6.171,53.846],[5.906,53.76],[5.642,53.672],[5.379,53.584],[5.117,53.495],[4.857,53.406],[4.597,53.316],[4.339,53.226],[4.081,53.135],[3.825,53.043],[3.57,52.951],[3.316,52.859],[3.063,52.765],[2.811,52.672],[2.56,52.578],[2.311,52.483],[2.062,52.388],[1.814,52.292],[1.568,52.196],[1.323,52.099],[1.078,52.001],[0.835,51.904],[0.593,51.805],[0.351,51.706],[0.111,51.607],[-0.128,51.507]]},"properties":{"family":"Hambros","from":"Copenhagen","to":"London","era":"Industrial","founded":1839,"peak":"1900 to 1970","decline":1998,"peak wealth, billion US$ adjusted for inflation (as the page gives it)":12,"banks":4,"properties":100,"employees":2000,"cities at its peak":8,"all its cities":"Copenhagen, London, Stockholm, Oslo","active at the same time as":"Mitsui, Hope, Rothschild, Barings, Bischoffsheim, Mallet, Fould, Warburg, Pictet, Morgan, Brown Brothers, Lazard, Lehman, Yasuda, Schiff/Kuhn Loeb, Goldman Sachs, Rockefeller, Oppenheimer","shares cities with":"Bardi, Peruzzi, Medici, Mitsui, Hope, Rothschild, Barings, Bischoffsheim, Mallet, Fould, Warburg, Pictet, Morgan, Brown Brothers, Lazard, Lehman, Schiff/Kuhn Loeb, Goldman Sachs, Rockefeller, Oppenheimer"}},{"type":"Feature","geometry":{"type":"LineString","coordinates":[[12.568,55.676],[12.672,55.755],[12.776,55.833],[12.881,55.911],[12.986,55.989],[13.092,56.067],[13.198,56.145],[13.304,56.223],[13.411,56.301],[13.518,56.379],[13.626,56.456],[13.734,56.534],[13.842,56.611],[13.951,56.688],[14.061,56.766],[14.171,56.843],[14.281,56.92],[14.392,56.997],[14.503,57.074],[14.615,57.15],[14.727,57.227],[14.84,57.304],[14.953,57.38],[15.067,57.456],[15.181,57.533],[15.295,57.609],[15.41,57.685],[15.526,57.761],[15.642,57.836],[15.758,57.912],[15.875,57.988],[15.993,58.063],[16.111,58.139],[16.229,58.214],[16.348,58.289],[16.468,58.364],[16.588,58.439],[16.708,58.514],[16.829,58.589],[16.951,58.663],[17.073,58.738],[17.196,58.812],[17.319,58.886],[17.442,58.96],[17.566,59.034],[17.691,59.108],[17.816,59.182],[17.942,59.256],[18.069,59.329]]},"properties":{"family":"Hambros","from":"Copenhagen","to":"Stockholm","era":"Industrial","founded":1839,"peak":"1900 to 1970","decline":1998,"peak wealth, billion US$ adjusted for inflation (as the page gives it)":12,"banks":4,"properties":100,"employees":2000,"cities at its peak":8,"all its cities":"Copenhagen, London, Stockholm, Oslo","active at the same time as":"Mitsui, Hope, Rothschild, Barings, Bischoffsheim, Mallet, Fould, Warburg, Pictet, Morgan, Brown Brothers, Lazard, Lehman, Yasuda, Schiff/Kuhn Loeb, Goldman Sachs, Rockefeller, Oppenheimer","shares cities with":"Warburg"}},{"type":"Feature","geometry":{"type":"LineString","coordinates":[[12.568,55.676],[12.535,55.765],[12.501,55.853],[12.467,55.942],[12.432,56.03],[12.398,56.119],[12.364,56.207],[12.329,56.296],[12.294,56.384],[12.259,56.473],[12.224,56.561],[12.189,56.649],[12.153,56.738],[12.117,56.826],[12.082,56.915],[12.046,57.003],[12.009,57.092],[11.973,57.18],[11.936,57.268],[11.9,57.357],[11.863,57.445],[11.826,57.533],[11.789,57.622],[11.751,57.71],[11.714,57.798],[11.676,57.887],[11.638,57.975],[11.6,58.063],[11.561,58.151],[11.523,58.24],[11.484,58.328],[11.445,58.416],[11.406,58.504],[11.367,58.592],[11.327,58.681],[11.288,58.769],[11.248,58.857],[11.207,58.945],[11.167,59.033],[11.127,59.121],[11.086,59.209],[11.045,59.298],[11.004,59.386],[10.962,59.474],[10.921,59.562],[10.879,59.65],[10.837,59.738],[10.795,59.826],[10.752,59.914]]},"properties":{"family":"Hambros","from":"Copenhagen","to":"Oslo","era":"Industrial","founded":1839,"peak":"1900 to 1970","decline":1998,"peak wealth, billion US$ adjusted for inflation (as the page gives it)":12,"banks":4,"properties":100,"employees":2000,"cities at its peak":8,"all its cities":"Copenhagen, London, Stockholm, Oslo","active at the same time as":"Mitsui, Hope, Rothschild, Barings, Bischoffsheim, Mallet, Fould, Warburg, Pictet, Morgan, Brown Brothers, Lazard, Lehman, Yasuda, Schiff/Kuhn Loeb, Goldman Sachs, Rockefeller, Oppenheimer","shares cities with":""}},{"type":"Feature","geometry":{"type":"LineString","coordinates":[[-90.072,29.951],[-88.887,30.975],[-87.678,31.988],[-86.441,32.989],[-85.176,33.978],[-83.882,34.954],[-82.557,35.915],[-81.199,36.862],[-79.808,37.792],[-78.381,38.706],[-76.918,39.602],[-75.417,40.48],[-73.876,41.337],[-72.295,42.173],[-70.672,42.987],[-69.007,43.778],[-67.297,44.544],[-65.543,45.283],[-63.743,45.995],[-61.897,46.678],[-60.005,47.331],[-58.067,47.951],[-56.083,48.538],[-54.054,49.091],[-51.98,49.607],[-49.864,50.085],[-47.708,50.524],[-45.512,50.922],[-43.281,51.279],[-41.017,51.592],[-38.723,51.862],[-36.404,52.086],[-34.065,52.265],[-31.709,52.396],[-29.341,52.481],[-26.967,52.518],[-24.591,52.508],[-22.219,52.45],[-19.855,52.345],[-17.506,52.193],[-15.175,51.995],[-12.866,51.751],[-10.585,51.462],[-8.335,51.13],[-6.119,50.755],[-3.939,50.339],[-1.8,49.883],[0.298,49.388],[2.352,48.857]]},"properties":{"family":"Lazard","from":"New Orleans","to":"Paris","era":"Industrial","founded":1848,"peak":"1900 to 2025","decline":2025,"peak wealth, billion US$ adjusted for inflation (as the page gives it)":52,"banks":3,"properties":120,"employees":3000,"cities at its peak":27,"all its cities":"Paris, London, New York","active at the same time as":"Mitsui, Hope, Rothschild, Barings, Bischoffsheim, Mallet, Fould, Warburg, Pictet, Morgan, Brown Brothers, Hambros, Lehman, Yasuda, Schiff/Kuhn Loeb, Goldman Sachs, Rockefeller, Oppenheimer","shares cities with":"Bardi, Peruzzi, Hope, Rothschild, Bischoffsheim, Mallet, Fould, Pictet, Morgan, Schiff/Kuhn Loeb, Rockefeller"}},{"type":"Feature","geometry":{"type":"LineString","coordinates":[[-90.072,29.951],[-88.971,30.974],[-87.847,31.988],[-86.698,32.991],[-85.522,33.984],[-84.319,34.965],[-83.087,35.934],[-81.825,36.89],[-80.53,37.832],[-79.203,38.76],[-77.841,39.673],[-76.442,40.569],[-75.007,41.448],[-73.532,42.308],[-72.016,43.149],[-70.459,43.97],[-68.859,44.769],[-67.215,45.545],[-65.525,46.296],[-63.79,47.022],[-62.007,47.721],[-60.176,48.392],[-58.298,49.033],[-56.373,49.643],[-54.399,50.22],[-52.379,50.762],[-50.313,51.269],[-48.202,51.739],[-46.049,52.171],[-43.856,52.562],[-41.626,52.912],[-39.361,53.22],[-37.066,53.484],[-34.745,53.704],[-32.401,53.878],[-30.041,54.007],[-27.669,54.089],[-25.29,54.124],[-22.91,54.112],[-20.534,54.053],[-18.167,53.948],[-15.814,53.796],[-13.482,53.599],[-11.173,53.357],[-8.893,53.07],[-6.645,52.741],[-4.433,52.37],[-2.26,51.958],[-0.128,51.507]]},"properties":{"family":"Lazard","from":"New Orleans","to":"London","era":"Industrial","founded":1848,"peak":"1900 to 2025","decline":2025,"peak wealth, billion US$ adjusted for inflation (as the page gives it)":52,"banks":3,"properties":120,"employees":3000,"cities at its peak":27,"all its cities":"Paris, London, New York","active at the same time as":"Mitsui, Hope, Rothschild, Barings, Bischoffsheim, Mallet, Fould, Warburg, Pictet, Morgan, Brown Brothers, Hambros, Lehman, Yasuda, Schiff/Kuhn Loeb, Goldman Sachs, Rockefeller, Oppenheimer","shares cities with":"Bardi, Peruzzi, Medici, Mitsui, Hope, Rothschild, Barings, Bischoffsheim, Mallet, Fould, Warburg, Pictet, Morgan, Brown Brothers, Hambros, Lehman, Schiff/Kuhn Loeb, Goldman Sachs, Rockefeller, Oppenheimer"}},{"type":"Feature","geometry":{"type":"LineString","coordinates":[[-90.072,29.951],[-89.778,30.195],[-89.482,30.438],[-89.185,30.68],[-88.887,30.922],[-88.587,31.163],[-88.286,31.403],[-87.983,31.643],[-87.678,31.882],[-87.372,32.12],[-87.064,32.358],[-86.755,32.594],[-86.444,32.83],[-86.132,33.065],[-85.817,33.3],[-85.501,33.533],[-85.184,33.766],[-84.864,33.998],[-84.543,34.229],[-84.22,34.459],[-83.896,34.689],[-83.569,34.917],[-83.241,35.145],[-82.911,35.372],[-82.579,35.598],[-82.245,35.823],[-81.909,36.047],[-81.571,36.27],[-81.232,36.492],[-80.89,36.713],[-80.547,36.933],[-80.201,37.153],[-79.854,37.371],[-79.504,37.588],[-79.152,37.804],[-78.799,38.019],[-78.443,38.233],[-78.085,38.446],[-77.725,38.658],[-77.363,38.869],[-76.999,39.078],[-76.633,39.287],[-76.264,39.494],[-75.893,39.7],[-75.52,39.905],[-75.145,40.109],[-74.768,40.311],[-74.388,40.513],[-74.006,40.713]]},"properties":{"family":"Lazard","from":"New Orleans","to":"New York","era":"Industrial","founded":1848,"peak":"1900 to 2025","decline":2025,"peak wealth, billion US$ adjusted for inflation (as the page gives it)":52,"banks":3,"properties":120,"employees":3000,"cities at its peak":27,"all its cities":"Paris, London, New York","active at the same time as":"Mitsui, Hope, Rothschild, Barings, Bischoffsheim, Mallet, Fould, Warburg, Pictet, Morgan, Brown Brothers, Hambros, Lehman, Yasuda, Schiff/Kuhn Loeb, Goldman Sachs, Rockefeller, Oppenheimer","shares cities with":"Mitsui, Rothschild, Warburg, Morgan, Brown Brothers, Lehman, Schiff/Kuhn Loeb, Goldman Sachs, Rockefeller"}},{"type":"Feature","geometry":{"type":"LineString","coordinates":[[-86.3,32.367],[-86.069,32.553],[-85.838,32.738],[-85.606,32.923],[-85.372,33.107],[-85.138,33.291],[-84.902,33.475],[-84.666,33.658],[-84.429,33.841],[-84.19,34.023],[-83.951,34.204],[-83.71,34.386],[-83.469,34.567],[-83.226,34.747],[-82.983,34.927],[-82.738,35.106],[-82.492,35.285],[-82.246,35.463],[-81.998,35.641],[-81.749,35.819],[-81.499,35.995],[-81.247,36.172],[-80.995,36.348],[-80.741,36.523],[-80.487,36.698],[-80.231,36.872],[-79.974,37.045],[-79.716,37.218],[-79.456,37.391],[-79.196,37.563],[-78.934,37.734],[-78.671,37.905],[-78.407,38.075],[-78.141,38.245],[-77.875,38.414],[-77.607,38.582],[-77.337,38.75],[-77.067,38.917],[-76.795,39.084],[-76.522,39.249],[-76.248,39.415],[-75.972,39.579],[-75.695,39.743],[-75.417,39.907],[-75.138,40.069],[-74.857,40.231],[-74.575,40.392],[-74.291,40.553],[-74.006,40.713]]},"properties":{"family":"Lehman","from":"Montgomery","to":"New York","era":"Industrial","founded":1850,"peak":"1920 to 1990","decline":2008,"peak wealth, billion US$ adjusted for inflation (as the page gives it)":680,"banks":5,"properties":150,"employees":25000,"cities at its peak":23,"all its cities":"New York, London, Tokyo, Hong Kong","active at the same time as":"Mitsui, Hope, Rothschild, Barings, Bischoffsheim, Mallet, Fould, Warburg, Pictet, Morgan, Brown Brothers, Hambros, Lazard, Yasuda, Schiff/Kuhn Loeb, Goldman Sachs, Rockefeller, Oppenheimer","shares cities with":"Mitsui, Rothschild, Warburg, Morgan, Brown Brothers, Lazard, Schiff/Kuhn Loeb, Goldman Sachs, Rockefeller"}},{"type":"Feature","geometry":{"type":"LineString","coordinates":[[-86.3,32.367],[-85.206,33.303],[-84.087,34.23],[-82.945,35.146],[-81.776,36.051],[-80.58,36.944],[-79.356,37.826],[-78.103,38.694],[-76.819,39.549],[-75.504,40.389],[-74.155,41.213],[-72.773,42.022],[-71.355,42.814],[-69.901,43.588],[-68.409,44.343],[-66.879,45.077],[-65.31,45.791],[-63.7,46.483],[-62.05,47.152],[-60.359,47.797],[-58.626,48.416],[-56.851,49.008],[-55.035,49.573],[-53.177,50.108],[-51.278,50.613],[-49.339,51.087],[-47.362,51.528],[-45.347,51.935],[-43.298,52.307],[-41.215,52.643],[-39.102,52.942],[-36.961,53.203],[-34.796,53.425],[-32.61,53.607],[-30.407,53.75],[-28.192,53.852],[-25.968,53.912],[-23.739,53.932],[-21.511,53.911],[-19.287,53.848],[-17.072,53.744],[-14.87,53.6],[-12.685,53.415],[-10.521,53.191],[-8.382,52.928],[-6.27,52.628],[-4.189,52.29],[-2.141,51.916],[-0.128,51.507]]},"properties":{"family":"Lehman","from":"Montgomery","to":"London","era":"Industrial","founded":1850,"peak":"1920 to 1990","decline":2008,"peak wealth, billion US$ adjusted for inflation (as the page gives it)":680,"banks":5,"properties":150,"employees":25000,"cities at its peak":23,"all its cities":"New York, London, Tokyo, Hong Kong","active at the same time as":"Mitsui, Hope, Rothschild, Barings, Bischoffsheim, Mallet, Fould, Warburg, Pictet, Morgan, Brown Brothers, Hambros, Lazard, Yasuda, Schiff/Kuhn Loeb, Goldman Sachs, Rockefeller, Oppenheimer","shares cities with":"Bardi, Peruzzi, Medici, Mitsui, Hope, Rothschild, Barings, Bischoffsheim, Mallet, Fould, Warburg, Pictet, Morgan, Brown Brothers, Hambros, Lazard, Schiff/Kuhn Loeb, Goldman Sachs, Rockefeller, Oppenheimer"}},{"type":"Feature","geometry":{"type":"LineString","coordinates":[[-86.3,32.367],[-87.78,34.029],[-89.319,35.672],[-90.923,37.295],[-92.596,38.896],[-94.346,40.471],[-96.18,42.019],[-98.104,43.536],[-100.126,45.02],[-102.255,46.465],[-104.498,47.869],[-106.863,49.227],[-109.36,50.534],[-111.996,51.785],[-114.778,52.973],[-117.713,54.093],[-120.805,55.138],[-124.057,56.1],[-127.467,56.973],[-131.031,57.748],[-134.741,58.419],[-138.583,58.979],[-142.538,59.422],[-146.583,59.742],[-150.691,59.936],[-154.831,60.001],[-158.971,59.937],[-163.079,59.743],[-167.125,59.423],[-171.08,58.98],[-174.922,58.421],[-178.632,57.75],[-182.197,56.975],[-185.608,56.102],[-188.86,55.14],[-191.952,54.096],[-194.888,52.976],[-197.67,51.788],[-200.307,50.538],[-202.804,49.231],[-205.17,47.873],[-207.413,46.469],[-209.541,45.023],[-211.564,43.54],[-213.488,42.023],[-215.322,40.475],[-217.072,38.9],[-218.746,37.299],[-220.35,35.676]]},"properties":{"family":"Lehman","from":"Montgomery","to":"Tokyo","era":"Industrial","founded":1850,"peak":"1920 to 1990","decline":2008,"peak wealth, billion US$ adjusted for inflation (as the page gives it)":680,"banks":5,"properties":150,"employees":25000,"cities at its peak":23,"all its cities":"New York, London, Tokyo, Hong Kong","active at the same time as":"Mitsui, Hope, Rothschild, Barings, Bischoffsheim, Mallet, Fould, Warburg, Pictet, Morgan, Brown Brothers, Hambros, Lazard, Yasuda, Schiff/Kuhn Loeb, Goldman Sachs, Rockefeller, Oppenheimer","shares cities with":"Mitsui, Yasuda, Goldman Sachs"}},{"type":"Feature","geometry":{"type":"LineString","coordinates":[[-86.3,32.367],[-87.477,34.71],[-88.723,37.04],[-90.048,39.357],[-91.463,41.658],[-92.982,43.941],[-94.623,46.201],[-96.403,48.436],[-98.346,50.641],[-100.479,52.811],[-102.834,54.939],[-105.449,57.015],[-108.368,59.031],[-111.644,60.974],[-115.335,62.826],[-119.507,64.57],[-124.225,66.179],[-129.55,67.627],[-135.52,68.878],[-142.135,69.897],[-149.33,70.646],[-156.964,71.094],[-164.824,71.218],[-172.652,71.013],[-180.196,70.489],[-187.258,69.67],[-193.718,68.591],[-199.527,67.288],[-204.698,65.797],[-209.276,64.152],[-213.324,62.38],[-216.907,60.504],[-220.09,58.542],[-222.93,56.51],[-225.477,54.42],[-227.774,52.281],[-229.857,50.102],[-231.758,47.889],[-233.502,45.648],[-235.111,43.381],[-236.603,41.094],[-237.995,38.789],[-239.299,36.469],[-240.527,34.135],[-241.689,31.789],[-242.793,29.434],[-243.848,27.069],[-244.858,24.698],[-245.831,22.319]]},"properties":{"family":"Lehman","from":"Montgomery","to":"Hong Kong","era":"Industrial","founded":1850,"peak":"1920 to 1990","decline":2008,"peak wealth, billion US$ adjusted for inflation (as the page gives it)":680,"banks":5,"properties":150,"employees":25000,"cities at its peak":23,"all its cities":"New York, London, Tokyo, Hong Kong","active at the same time as":"Mitsui, Hope, Rothschild, Barings, Bischoffsheim, Mallet, Fould, Warburg, Pictet, Morgan, Brown Brothers, Hambros, Lazard, Yasuda, Schiff/Kuhn Loeb, Goldman Sachs, Rockefeller, Oppenheimer","shares cities with":"Mitsui, Barings, Pictet, Goldman Sachs"}},{"type":"Feature","geometry":{"type":"LineString","coordinates":[[139.65,35.676],[139.563,35.657],[139.475,35.638],[139.388,35.619],[139.301,35.6],[139.214,35.581],[139.126,35.561],[139.039,35.542],[138.952,35.522],[138.865,35.503],[138.778,35.483],[138.691,35.464],[138.604,35.444],[138.517,35.424],[138.43,35.404],[138.343,35.384],[138.257,35.364],[138.17,35.344],[138.083,35.324],[137.996,35.304],[137.91,35.284],[137.823,35.264],[137.737,35.243],[137.65,35.223],[137.564,35.203],[137.477,35.182],[137.391,35.162],[137.305,35.141],[137.218,35.12],[137.132,35.099],[137.046,35.079],[136.96,35.058],[136.874,35.037],[136.788,35.016],[136.702,34.995],[136.616,34.974],[136.53,34.953],[136.444,34.931],[136.358,34.91],[136.272,34.889],[136.187,34.867],[136.101,34.846],[136.015,34.824],[135.93,34.803],[135.844,34.781],[135.759,34.759],[135.673,34.737],[135.588,34.716],[135.502,34.694]]},"properties":{"family":"Yasuda","from":"Tokyo","to":"Osaka","era":"Industrial","founded":1864,"peak":"1900 to 1945","decline":1945,"peak wealth, billion US$ adjusted for inflation (as the page gives it)":95,"banks":8,"properties":600,"employees":50000,"cities at its peak":18,"all its cities":"Tokyo, Osaka, Yokohama, Kobe, Seoul, Shanghai","active at the same time as":"Mitsui, Hope, Rothschild, Barings, Bischoffsheim, Mallet, Fould, Warburg, Pictet, Morgan, Brown Brothers, Hambros, Lazard, Lehman, Schiff/Kuhn Loeb, Goldman Sachs, Rockefeller, Oppenheimer","shares cities with":"Mitsui"}},{"type":"Feature","geometry":{"type":"LineString","coordinates":[[139.65,35.676],[139.65,35.671],[139.65,35.667],[139.65,35.662],[139.649,35.657],[139.649,35.652],[139.649,35.647],[139.649,35.642],[139.648,35.637],[139.648,35.633],[139.648,35.628],[139.647,35.623],[139.647,35.618],[139.647,35.613],[139.647,35.608],[139.646,35.604],[139.646,35.599],[139.646,35.594],[139.646,35.589],[139.645,35.584],[139.645,35.579],[139.645,35.574],[139.645,35.57],[139.644,35.565],[139.644,35.56],[139.644,35.555],[139.644,35.55],[139.643,35.545],[139.643,35.541],[139.643,35.536],[139.643,35.531],[139.642,35.526],[139.642,35.521],[139.642,35.516],[139.642,35.512],[139.641,35.507],[139.641,35.502],[139.641,35.497],[139.641,35.492],[139.64,35.487],[139.64,35.482],[139.64,35.478],[139.64,35.473],[139.639,35.468],[139.639,35.463],[139.639,35.458],[139.639,35.453],[139.638,35.449],[139.638,35.444]]},"properties":{"family":"Yasuda","from":"Tokyo","to":"Yokohama","era":"Industrial","founded":1864,"peak":"1900 to 1945","decline":1945,"peak wealth, billion US$ adjusted for inflation (as the page gives it)":95,"banks":8,"properties":600,"employees":50000,"cities at its peak":18,"all its cities":"Tokyo, Osaka, Yokohama, Kobe, Seoul, Shanghai","active at the same time as":"Mitsui, Hope, Rothschild, Barings, Bischoffsheim, Mallet, Fould, Warburg, Pictet, Morgan, Brown Brothers, Hambros, Lazard, Lehman, Schiff/Kuhn Loeb, Goldman Sachs, Rockefeller, Oppenheimer","shares cities with":""}},{"type":"Feature","geometry":{"type":"LineString","coordinates":[[139.65,35.676],[139.556,35.657],[139.463,35.638],[139.369,35.619],[139.275,35.6],[139.181,35.581],[139.088,35.562],[138.994,35.543],[138.9,35.523],[138.807,35.504],[138.713,35.484],[138.62,35.465],[138.527,35.445],[138.433,35.425],[138.34,35.406],[138.247,35.386],[138.153,35.366],[138.06,35.346],[137.967,35.326],[137.874,35.305],[137.781,35.285],[137.688,35.265],[137.595,35.245],[137.502,35.224],[137.409,35.204],[137.317,35.183],[137.224,35.162],[137.131,35.142],[137.038,35.121],[136.946,35.1],[136.853,35.079],[136.761,35.058],[136.668,35.037],[136.576,35.016],[136.484,34.994],[136.391,34.973],[136.299,34.952],[136.207,34.93],[136.115,34.909],[136.022,34.887],[135.93,34.866],[135.838,34.844],[135.746,34.822],[135.654,34.8],[135.563,34.778],[135.471,34.756],[135.379,34.734],[135.287,34.712],[135.196,34.69]]},"properties":{"family":"Yasuda","from":"Tokyo","to":"Kobe","era":"Industrial","founded":1864,"peak":"1900 to 1945","decline":1945,"peak wealth, billion US$ adjusted for inflation (as the page gives it)":95,"banks":8,"properties":600,"employees":50000,"cities at its peak":18,"all its cities":"Tokyo, Osaka, Yokohama, Kobe, Seoul, Shanghai","active at the same time as":"Mitsui, Hope, Rothschild, Barings, Bischoffsheim, Mallet, Fould, Warburg, Pictet, Morgan, Brown Brothers, Hambros, Lazard, Lehman, Schiff/Kuhn Loeb, Goldman Sachs, Rockefeller, Oppenheimer","shares cities with":""}},{"type":"Feature","geometry":{"type":"LineString","coordinates":[[139.65,35.676],[139.393,35.729],[139.136,35.781],[138.878,35.833],[138.62,35.884],[138.362,35.935],[138.103,35.985],[137.844,36.034],[137.584,36.083],[137.325,36.132],[137.065,36.18],[136.804,36.227],[136.544,36.274],[136.283,36.32],[136.021,36.365],[135.76,36.41],[135.498,36.455],[135.236,36.499],[134.973,36.542],[134.71,36.585],[134.447,36.627],[134.184,36.668],[133.92,36.709],[133.656,36.75],[133.392,36.79],[133.128,36.829],[132.863,36.867],[132.598,36.905],[132.333,36.943],[132.067,36.98],[131.801,37.016],[131.535,37.052],[131.269,37.087],[131.003,37.121],[130.736,37.155],[130.469,37.189],[130.202,37.221],[129.934,37.253],[129.666,37.285],[129.399,37.316],[129.13,37.346],[128.862,37.376],[128.594,37.405],[128.325,37.433],[128.056,37.461],[127.787,37.488],[127.517,37.515],[127.248,37.541],[126.978,37.566]]},"properties":{"family":"Yasuda","from":"Tokyo","to":"Seoul","era":"Industrial","founded":1864,"peak":"1900 to 1945","decline":1945,"peak wealth, billion US$ adjusted for inflation (as the page gives it)":95,"banks":8,"properties":600,"employees":50000,"cities at its peak":18,"all its cities":"Tokyo, Osaka, Yokohama, Kobe, Seoul, Shanghai","active at the same time as":"Mitsui, Hope, Rothschild, Barings, Bischoffsheim, Mallet, Fould, Warburg, Pictet, Morgan, Brown Brothers, Hambros, Lazard, Lehman, Schiff/Kuhn Loeb, Goldman Sachs, Rockefeller, Oppenheimer","shares cities with":"Mitsui"}},{"type":"Feature","geometry":{"type":"LineString","coordinates":[[139.65,35.676],[139.254,35.612],[138.858,35.546],[138.462,35.479],[138.068,35.411],[137.674,35.342],[137.28,35.271],[136.888,35.199],[136.496,35.126],[136.105,35.051],[135.714,34.976],[135.324,34.899],[134.935,34.82],[134.547,34.741],[134.159,34.66],[133.773,34.578],[133.387,34.495],[133.001,34.411],[132.617,34.325],[132.233,34.238],[131.85,34.15],[131.468,34.061],[131.087,33.971],[130.707,33.879],[130.327,33.787],[129.948,33.693],[129.57,33.598],[129.193,33.502],[128.817,33.405],[128.441,33.306],[128.067,33.207],[127.693,33.106],[127.32,33.004],[126.948,32.901],[126.577,32.797],[126.207,32.692],[125.837,32.586],[125.469,32.479],[125.101,32.371],[124.734,32.261],[124.368,32.151],[124.003,32.039],[123.639,31.927],[123.276,31.813],[122.914,31.699],[122.553,31.583],[122.192,31.467],[121.832,31.349],[121.474,31.23]]},"properties":{"family":"Yasuda","from":"Tokyo","to":"Shanghai","era":"Industrial","founded":1864,"peak":"1900 to 1945","decline":1945,"peak wealth, billion US$ adjusted for inflation (as the page gives it)":95,"banks":8,"properties":600,"employees":50000,"cities at its peak":18,"all its cities":"Tokyo, Osaka, Yokohama, Kobe, Seoul, Shanghai","active at the same time as":"Mitsui, Hope, Rothschild, Barings, Bischoffsheim, Mallet, Fould, Warburg, Pictet, Morgan, Brown Brothers, Hambros, Lazard, Lehman, Schiff/Kuhn Loeb, Goldman Sachs, Rockefeller, Oppenheimer","shares cities with":"Mitsui, Barings"}},{"type":"Feature","geometry":{"type":"LineString","coordinates":[[-74.006,40.713],[-72.922,41.362],[-71.817,42],[-70.689,42.627],[-69.538,43.244],[-68.365,43.848],[-67.167,44.44],[-65.945,45.02],[-64.699,45.586],[-63.427,46.138],[-62.13,46.676],[-60.808,47.199],[-59.459,47.707],[-58.084,48.198],[-56.683,48.673],[-55.256,49.13],[-53.803,49.57],[-52.324,49.991],[-50.82,50.392],[-49.29,50.774],[-47.736,51.136],[-46.158,51.477],[-44.557,51.796],[-42.934,52.094],[-41.29,52.368],[-39.627,52.62],[-37.945,52.848],[-36.246,53.052],[-34.532,53.232],[-32.805,53.387],[-31.066,53.517],[-29.317,53.621],[-27.561,53.7],[-25.799,53.753],[-24.034,53.78],[-22.268,53.781],[-20.503,53.756],[-18.74,53.706],[-16.984,53.629],[-15.234,53.527],[-13.494,53.4],[-11.766,53.247],[-10.051,53.07],[-8.35,52.868],[-6.667,52.642],[-5.001,52.393],[-3.356,52.12],[-1.731,51.825],[-0.128,51.507]]},"properties":{"family":"Schiff/Kuhn Loeb","from":"New York","to":"London","era":"Industrial","founded":1867,"peak":"1885 to 1920","decline":1977,"peak wealth, billion US$ adjusted for inflation (as the page gives it)":38,"banks":7,"properties":250,"employees":5000,"cities at its peak":12,"all its cities":"New York, London, Paris, Frankfurt","active at the same time as":"Mitsui, Hope, Rothschild, Barings, Bischoffsheim, Mallet, Fould, Warburg, Pictet, Morgan, Brown Brothers, Hambros, Lazard, Lehman, Yasuda, Goldman Sachs, Rockefeller, Oppenheimer","shares cities with":"Bardi, Peruzzi, Medici, Mitsui, Hope, Rothschild, Barings, Bischoffsheim, Mallet, Fould, Warburg, Pictet, Morgan, Brown Brothers, Hambros, Lazard, Lehman, Goldman Sachs, Rockefeller, Oppenheimer"}},{"type":"Feature","geometry":{"type":"LineString","coordinates":[[-74.006,40.713],[-72.832,41.354],[-71.634,41.984],[-70.413,42.6],[-69.168,43.204],[-67.898,43.793],[-66.603,44.368],[-65.283,44.929],[-63.937,45.474],[-62.566,46.002],[-61.168,46.514],[-59.744,47.009],[-58.294,47.486],[-56.818,47.944],[-55.316,48.383],[-53.788,48.802],[-52.236,49.2],[-50.659,49.577],[-49.058,49.933],[-47.434,50.266],[-45.788,50.576],[-44.121,50.863],[-42.434,51.126],[-40.729,51.364],[-39.007,51.577],[-37.27,51.765],[-35.519,51.927],[-33.756,52.063],[-31.984,52.172],[-30.204,52.255],[-28.419,52.311],[-26.63,52.34],[-24.84,52.341],[-23.051,52.316],[-21.265,52.264],[-19.484,52.185],[-17.711,52.079],[-15.947,51.947],[-14.194,51.788],[-12.455,51.604],[-10.731,51.394],[-9.023,51.159],[-7.334,50.9],[-5.664,50.616],[-4.015,50.309],[-2.388,49.979],[-0.784,49.627],[0.796,49.252],[2.352,48.857]]},"properties":{"family":"Schiff/Kuhn Loeb","from":"New York","to":"Paris","era":"Industrial","founded":1867,"peak":"1885 to 1920","decline":1977,"peak wealth, billion US$ adjusted for inflation (as the page gives it)":38,"banks":7,"properties":250,"employees":5000,"cities at its peak":12,"all its cities":"New York, London, Paris, Frankfurt","active at the same time as":"Mitsui, Hope, Rothschild, Barings, Bischoffsheim, Mallet, Fould, Warburg, Pictet, Morgan, Brown Brothers, Hambros, Lazard, Lehman, Yasuda, Goldman Sachs, Rockefeller, Oppenheimer","shares cities with":"Bardi, Peruzzi, Hope, Rothschild, Bischoffsheim, Mallet, Fould, Pictet, Morgan, Lazard, Rockefeller"}},{"type":"Feature","geometry":{"type":"LineString","coordinates":[[-74.006,40.713],[-72.813,41.449],[-71.594,42.173],[-70.346,42.884],[-69.069,43.581],[-67.763,44.263],[-66.426,44.93],[-65.059,45.581],[-63.66,46.215],[-62.228,46.832],[-60.764,47.431],[-59.267,48.01],[-57.736,48.57],[-56.172,49.109],[-54.574,49.626],[-52.942,50.121],[-51.277,50.593],[-49.579,51.04],[-47.85,51.462],[-46.088,51.859],[-44.297,52.228],[-42.477,52.57],[-40.629,52.884],[-38.755,53.169],[-36.858,53.423],[-34.94,53.648],[-33.002,53.841],[-31.048,54.003],[-29.08,54.133],[-27.101,54.231],[-25.114,54.296],[-23.123,54.329],[-21.13,54.329],[-19.138,54.295],[-17.152,54.229],[-15.173,54.131],[-13.206,54],[-11.252,53.838],[-9.314,53.644],[-7.396,53.418],[-5.499,53.163],[-3.626,52.878],[-1.779,52.563],[0.04,52.221],[1.831,51.851],[3.592,51.454],[5.321,51.031],[7.018,50.583],[8.682,50.111]]},"properties":{"family":"Schiff/Kuhn Loeb","from":"New York","to":"Frankfurt","era":"Industrial","founded":1867,"peak":"1885 to 1920","decline":1977,"peak wealth, billion US$ adjusted for inflation (as the page gives it)":38,"banks":7,"properties":250,"employees":5000,"cities at its peak":12,"all its cities":"New York, London, Paris, Frankfurt","active at the same time as":"Mitsui, Hope, Rothschild, Barings, Bischoffsheim, Mallet, Fould, Warburg, Pictet, Morgan, Brown Brothers, Hambros, Lazard, Lehman, Yasuda, Goldman Sachs, Rockefeller, Oppenheimer","shares cities with":"Rothschild, Fould, Goldman Sachs"}},{"type":"Feature","geometry":{"type":"LineString","coordinates":[[-74.006,40.713],[-72.922,41.362],[-71.817,42],[-70.689,42.627],[-69.538,43.244],[-68.365,43.848],[-67.167,44.44],[-65.945,45.02],[-64.699,45.586],[-63.427,46.138],[-62.13,46.676],[-60.808,47.199],[-59.459,47.707],[-58.084,48.198],[-56.683,48.673],[-55.256,49.13],[-53.803,49.57],[-52.324,49.991],[-50.82,50.392],[-49.29,50.774],[-47.736,51.136],[-46.158,51.477],[-44.557,51.796],[-42.934,52.094],[-41.29,52.368],[-39.627,52.62],[-37.945,52.848],[-36.246,53.052],[-34.532,53.232],[-32.805,53.387],[-31.066,53.517],[-29.317,53.621],[-27.561,53.7],[-25.799,53.753],[-24.034,53.78],[-22.268,53.781],[-20.503,53.756],[-18.74,53.706],[-16.984,53.629],[-15.234,53.527],[-13.494,53.4],[-11.766,53.247],[-10.051,53.07],[-8.35,52.868],[-6.667,52.642],[-5.001,52.393],[-3.356,52.12],[-1.731,51.825],[-0.128,51.507]]},"properties":{"family":"Goldman Sachs","from":"New York","to":"London","era":"Industrial","founded":1869,"peak":"1890 to 2025","decline":2025,"peak wealth, billion US$ adjusted for inflation (as the page gives it)":150,"banks":8,"properties":400,"employees":45000,"cities at its peak":67,"all its cities":"New York, London, Tokyo, Hong Kong, Frankfurt, Singapore, Mumbai","active at the same time as":"Mitsui, Hope, Rothschild, Barings, Bischoffsheim, Mallet, Fould, Warburg, Pictet, Morgan, Brown Brothers, Hambros, Lazard, Lehman, Yasuda, Schiff/Kuhn Loeb, Rockefeller, Oppenheimer","shares cities with":"Bardi, Peruzzi, Medici, Mitsui, Hope, Rothschild, Barings, Bischoffsheim, Mallet, Fould, Warburg, Pictet, Morgan, Brown Brothers, Hambros, Lazard, Lehman, Schiff/Kuhn Loeb, Rockefeller, Oppenheimer"}},{"type":"Feature","geometry":{"type":"LineString","coordinates":[[-74.006,40.713],[-75.259,42.518],[-76.586,44.308],[-77.996,46.082],[-79.499,47.837],[-81.107,49.572],[-82.832,51.282],[-84.69,52.965],[-86.697,54.617],[-88.872,56.233],[-91.236,57.808],[-93.812,59.334],[-96.626,60.805],[-99.705,62.212],[-103.076,63.544],[-106.766,64.789],[-110.798,65.933],[-115.188,66.963],[-119.938,67.861],[-125.037,68.612],[-130.448,69.198],[-136.112,69.606],[-141.945,69.825],[-147.845,69.849],[-153.704,69.677],[-159.418,69.314],[-164.897,68.77],[-170.076,68.058],[-174.914,67.195],[-179.392,66.196],[-183.51,65.077],[-187.281,63.855],[-190.728,62.544],[-193.875,61.154],[-196.751,59.698],[-199.383,58.184],[-201.796,56.621],[-204.015,55.015],[-206.061,53.371],[-207.954,51.695],[-209.71,49.991],[-211.345,48.262],[-212.873,46.511],[-214.305,44.742],[-215.651,42.955],[-216.921,41.154],[-218.123,39.339],[-219.264,37.513],[-220.35,35.676]]},"properties":{"family":"Goldman Sachs","from":"New York","to":"Tokyo","era":"Industrial","founded":1869,"peak":"1890 to 2025","decline":2025,"peak wealth, billion US$ adjusted for inflation (as the page gives it)":150,"banks":8,"properties":400,"employees":45000,"cities at its peak":67,"all its cities":"New York, London, Tokyo, Hong Kong, Frankfurt, Singapore, Mumbai","active at the same time as":"Mitsui, Hope, Rothschild, Barings, Bischoffsheim, Mallet, Fould, Warburg, Pictet, Morgan, Brown Brothers, Hambros, Lazard, Lehman, Yasuda, Schiff/Kuhn Loeb, Rockefeller, Oppenheimer","shares cities with":"Mitsui, Lehman, Yasuda"}},{"type":"Feature","geometry":{"type":"LineString","coordinates":[[-74.006,40.713],[-74.495,43.113],[-75.023,45.51],[-75.599,47.905],[-76.23,50.297],[-76.929,52.685],[-77.708,55.069],[-78.585,57.447],[-79.585,59.818],[-80.737,62.18],[-82.085,64.531],[-83.686,66.867],[-85.623,69.184],[-88.018,71.474],[-91.056,73.726],[-95.026,75.921],[-100.392,78.028],[-107.914,79.991],[-118.766,81.708],[-134.331,82.995],[-154.604,83.588],[-175.836,83.299],[-193.237,82.227],[-205.622,80.637],[-214.17,78.746],[-220.196,76.682],[-224.597,74.514],[-227.926,72.28],[-230.524,70.002],[-232.608,67.693],[-234.317,65.363],[-235.747,63.017],[-236.963,60.658],[-238.013,58.29],[-238.931,55.915],[-239.743,53.533],[-240.468,51.147],[-241.122,48.756],[-241.716,46.362],[-242.26,43.965],[-242.762,41.566],[-243.229,39.165],[-243.664,36.762],[-244.073,34.357],[-244.459,31.952],[-244.825,29.545],[-245.174,27.137],[-245.509,24.729],[-245.831,22.319]]},"properties":{"family":"Goldman Sachs","from":"New York","to":"Hong Kong","era":"Industrial","founded":1869,"peak":"1890 to 2025","decline":2025,"peak wealth, billion US$ adjusted for inflation (as the page gives it)":150,"banks":8,"properties":400,"employees":45000,"cities at its peak":67,"all its cities":"New York, London, Tokyo, Hong Kong, Frankfurt, Singapore, Mumbai","active at the same time as":"Mitsui, Hope, Rothschild, Barings, Bischoffsheim, Mallet, Fould, Warburg, Pictet, Morgan, Brown Brothers, Hambros, Lazard, Lehman, Yasuda, Schiff/Kuhn Loeb, Rockefeller, Oppenheimer","shares cities with":"Mitsui, Barings, Pictet, Lehman"}},{"type":"Feature","geometry":{"type":"LineString","coordinates":[[-74.006,40.713],[-72.813,41.449],[-71.594,42.173],[-70.346,42.884],[-69.069,43.581],[-67.763,44.263],[-66.426,44.93],[-65.059,45.581],[-63.66,46.215],[-62.228,46.832],[-60.764,47.431],[-59.267,48.01],[-57.736,48.57],[-56.172,49.109],[-54.574,49.626],[-52.942,50.121],[-51.277,50.593],[-49.579,51.04],[-47.85,51.462],[-46.088,51.859],[-44.297,52.228],[-42.477,52.57],[-40.629,52.884],[-38.755,53.169],[-36.858,53.423],[-34.94,53.648],[-33.002,53.841],[-31.048,54.003],[-29.08,54.133],[-27.101,54.231],[-25.114,54.296],[-23.123,54.329],[-21.13,54.329],[-19.138,54.295],[-17.152,54.229],[-15.173,54.131],[-13.206,54],[-11.252,53.838],[-9.314,53.644],[-7.396,53.418],[-5.499,53.163],[-3.626,52.878],[-1.779,52.563],[0.04,52.221],[1.831,51.851],[3.592,51.454],[5.321,51.031],[7.018,50.583],[8.682,50.111]]},"properties":{"family":"Goldman Sachs","from":"New York","to":"Frankfurt","era":"Industrial","founded":1869,"peak":"1890 to 2025","decline":2025,"peak wealth, billion US$ adjusted for inflation (as the page gives it)":150,"banks":8,"properties":400,"employees":45000,"cities at its peak":67,"all its cities":"New York, London, Tokyo, Hong Kong, Frankfurt, Singapore, Mumbai","active at the same time as":"Mitsui, Hope, Rothschild, Barings, Bischoffsheim, Mallet, Fould, Warburg, Pictet, Morgan, Brown Brothers, Hambros, Lazard, Lehman, Yasuda, Schiff/Kuhn Loeb, Rockefeller, Oppenheimer","shares cities with":"Rothschild, Fould, Schiff/Kuhn Loeb"}},{"type":"Feature","geometry":{"type":"LineString","coordinates":[[-74.006,40.713],[-73.782,43.581],[-73.535,46.448],[-73.261,49.315],[-72.953,52.181],[-72.603,55.046],[-72.198,57.91],[-71.724,60.773],[-71.156,63.633],[-70.461,66.491],[-69.586,69.345],[-68.445,72.193],[-66.886,75.032],[-64.62,77.855],[-61.016,80.65],[-54.431,83.378],[-39.315,85.903],[4.485,87.51],[59.012,86.519],[79.235,84.124],[87.332,81.431],[91.534,78.65],[94.091,75.833],[95.811,72.997],[97.051,70.151],[97.99,67.299],[98.73,64.442],[99.329,61.582],[99.828,58.72],[100.25,55.856],[100.614,52.992],[100.933,50.126],[101.216,47.259],[101.47,44.392],[101.7,41.524],[101.911,38.656],[102.105,35.787],[102.286,32.919],[102.455,30.05],[102.615,27.18],[102.767,24.311],[102.912,21.441],[103.052,18.572],[103.187,15.702],[103.318,12.832],[103.446,9.962],[103.572,7.092],[103.696,4.222],[103.82,1.352]]},"properties":{"family":"Goldman Sachs","from":"New York","to":"Singapore","era":"Industrial","founded":1869,"peak":"1890 to 2025","decline":2025,"peak wealth, billion US$ adjusted for inflation (as the page gives it)":150,"banks":8,"properties":400,"employees":45000,"cities at its peak":67,"all its cities":"New York, London, Tokyo, Hong Kong, Frankfurt, Singapore, Mumbai","active at the same time as":"Mitsui, Hope, Rothschild, Barings, Bischoffsheim, Mallet, Fould, Warburg, Pictet, Morgan, Brown Brothers, Hambros, Lazard, Lehman, Yasuda, Schiff/Kuhn Loeb, Rockefeller, Oppenheimer","shares cities with":"Pictet"}},{"type":"Feature","geometry":{"type":"LineString","coordinates":[[-74.006,40.713],[-72.218,42.646],[-70.316,44.549],[-68.287,46.418],[-66.115,48.249],[-63.784,50.037],[-61.276,51.773],[-58.569,53.453],[-55.645,55.066],[-52.481,56.603],[-49.057,58.054],[-45.353,59.405],[-41.356,60.642],[-37.056,61.751],[-32.457,62.716],[-27.575,63.521],[-22.441,64.151],[-17.105,64.593],[-11.633,64.837],[-6.103,64.877],[-0.599,64.712],[4.798,64.346],[10.018,63.788],[15.003,63.049],[19.715,62.144],[24.132,61.089],[28.247,59.9],[32.063,58.592],[35.594,57.178],[38.857,55.673],[41.871,54.088],[44.66,52.434],[47.243,50.718],[49.641,48.95],[51.872,47.135],[53.955,45.28],[55.905,43.389],[57.735,41.468],[59.46,39.519],[61.09,37.545],[62.635,35.551],[64.105,33.538],[65.508,31.508],[66.851,29.464],[68.14,27.407],[69.383,25.338],[70.583,23.259],[71.747,21.171],[72.878,19.076]]},"properties":{"family":"Goldman Sachs","from":"New York","to":"Mumbai","era":"Industrial","founded":1869,"peak":"1890 to 2025","decline":2025,"peak wealth, billion US$ adjusted for inflation (as the page gives it)":150,"banks":8,"properties":400,"employees":45000,"cities at its peak":67,"all its cities":"New York, London, Tokyo, Hong Kong, Frankfurt, Singapore, Mumbai","active at the same time as":"Mitsui, Hope, Rothschild, Barings, Bischoffsheim, Mallet, Fould, Warburg, Pictet, Morgan, Brown Brothers, Hambros, Lazard, Lehman, Yasuda, Schiff/Kuhn Loeb, Rockefeller, Oppenheimer","shares cities with":""}},{"type":"Feature","geometry":{"type":"LineString","coordinates":[[-74.006,40.713],[-74.164,40.734],[-74.322,40.756],[-74.481,40.777],[-74.639,40.798],[-74.798,40.818],[-74.956,40.839],[-75.115,40.859],[-75.274,40.879],[-75.433,40.899],[-75.592,40.919],[-75.751,40.938],[-75.91,40.957],[-76.069,40.976],[-76.229,40.995],[-76.388,41.013],[-76.548,41.032],[-76.707,41.05],[-76.867,41.068],[-77.027,41.085],[-77.187,41.103],[-77.347,41.12],[-77.507,41.137],[-77.667,41.153],[-77.827,41.17],[-77.987,41.186],[-78.148,41.202],[-78.308,41.218],[-78.469,41.234],[-78.629,41.249],[-78.79,41.264],[-78.951,41.279],[-79.112,41.294],[-79.273,41.309],[-79.434,41.323],[-79.595,41.337],[-79.756,41.351],[-79.917,41.364],[-80.078,41.378],[-80.24,41.391],[-80.401,41.404],[-80.563,41.417],[-80.724,41.429],[-80.886,41.441],[-81.047,41.453],[-81.209,41.465],[-81.371,41.477],[-81.533,41.488],[-81.694,41.499]]},"properties":{"family":"Rockefeller","from":"New York","to":"Cleveland","era":"Industrial","founded":1870,"peak":"1880 to 1920","decline":2025,"peak wealth, billion US$ adjusted for inflation (as the page gives it)":318,"banks":15,"properties":2000,"employees":100000,"cities at its peak":89,"all its cities":"New York, Cleveland, Chicago, London, Paris","active at the same time as":"Mitsui, Hope, Rothschild, Barings, Bischoffsheim, Mallet, Fould, Warburg, Pictet, Morgan, Brown Brothers, Hambros, Lazard, Lehman, Yasuda, Schiff/Kuhn Loeb, Goldman Sachs, Oppenheimer","shares cities with":""}},{"type":"Feature","geometry":{"type":"LineString","coordinates":[[-74.006,40.713],[-74.284,40.753],[-74.562,40.793],[-74.841,40.832],[-75.119,40.871],[-75.399,40.908],[-75.678,40.946],[-75.958,40.982],[-76.238,41.018],[-76.518,41.053],[-76.799,41.087],[-77.08,41.121],[-77.361,41.154],[-77.643,41.186],[-77.925,41.218],[-78.207,41.249],[-78.489,41.279],[-78.772,41.309],[-79.055,41.338],[-79.338,41.366],[-79.621,41.394],[-79.905,41.42],[-80.188,41.447],[-80.472,41.472],[-80.757,41.497],[-81.041,41.521],[-81.326,41.544],[-81.611,41.567],[-81.896,41.589],[-82.181,41.61],[-82.467,41.63],[-82.752,41.65],[-83.038,41.669],[-83.324,41.688],[-83.61,41.705],[-83.897,41.722],[-84.183,41.739],[-84.47,41.754],[-84.756,41.769],[-85.043,41.783],[-85.33,41.797],[-85.617,41.809],[-85.905,41.821],[-86.192,41.833],[-86.479,41.843],[-86.767,41.853],[-87.054,41.862],[-87.342,41.87],[-87.63,41.878]]},"properties":{"family":"Rockefeller","from":"New York","to":"Chicago","era":"Industrial","founded":1870,"peak":"1880 to 1920","decline":2025,"peak wealth, billion US$ adjusted for inflation (as the page gives it)":318,"banks":15,"properties":2000,"employees":100000,"cities at its peak":89,"all its cities":"New York, Cleveland, Chicago, London, Paris","active at the same time as":"Mitsui, Hope, Rothschild, Barings, Bischoffsheim, Mallet, Fould, Warburg, Pictet, Morgan, Brown Brothers, Hambros, Lazard, Lehman, Yasuda, Schiff/Kuhn Loeb, Goldman Sachs, Oppenheimer","shares cities with":"Morgan"}},{"type":"Feature","geometry":{"type":"LineString","coordinates":[[-74.006,40.713],[-72.922,41.362],[-71.817,42],[-70.689,42.627],[-69.538,43.244],[-68.365,43.848],[-67.167,44.44],[-65.945,45.02],[-64.699,45.586],[-63.427,46.138],[-62.13,46.676],[-60.808,47.199],[-59.459,47.707],[-58.084,48.198],[-56.683,48.673],[-55.256,49.13],[-53.803,49.57],[-52.324,49.991],[-50.82,50.392],[-49.29,50.774],[-47.736,51.136],[-46.158,51.477],[-44.557,51.796],[-42.934,52.094],[-41.29,52.368],[-39.627,52.62],[-37.945,52.848],[-36.246,53.052],[-34.532,53.232],[-32.805,53.387],[-31.066,53.517],[-29.317,53.621],[-27.561,53.7],[-25.799,53.753],[-24.034,53.78],[-22.268,53.781],[-20.503,53.756],[-18.74,53.706],[-16.984,53.629],[-15.234,53.527],[-13.494,53.4],[-11.766,53.247],[-10.051,53.07],[-8.35,52.868],[-6.667,52.642],[-5.001,52.393],[-3.356,52.12],[-1.731,51.825],[-0.128,51.507]]},"properties":{"family":"Rockefeller","from":"New York","to":"London","era":"Industrial","founded":1870,"peak":"1880 to 1920","decline":2025,"peak wealth, billion US$ adjusted for inflation (as the page gives it)":318,"banks":15,"properties":2000,"employees":100000,"cities at its peak":89,"all its cities":"New York, Cleveland, Chicago, London, Paris","active at the same time as":"Mitsui, Hope, Rothschild, Barings, Bischoffsheim, Mallet, Fould, Warburg, Pictet, Morgan, Brown Brothers, Hambros, Lazard, Lehman, Yasuda, Schiff/Kuhn Loeb, Goldman Sachs, Oppenheimer","shares cities with":"Bardi, Peruzzi, Medici, Mitsui, Hope, Rothschild, Barings, Bischoffsheim, Mallet, Fould, Warburg, Pictet, Morgan, Brown Brothers, Hambros, Lazard, Lehman, Schiff/Kuhn Loeb, Goldman Sachs, Oppenheimer"}},{"type":"Feature","geometry":{"type":"LineString","coordinates":[[-74.006,40.713],[-72.832,41.354],[-71.634,41.984],[-70.413,42.6],[-69.168,43.204],[-67.898,43.793],[-66.603,44.368],[-65.283,44.929],[-63.937,45.474],[-62.566,46.002],[-61.168,46.514],[-59.744,47.009],[-58.294,47.486],[-56.818,47.944],[-55.316,48.383],[-53.788,48.802],[-52.236,49.2],[-50.659,49.577],[-49.058,49.933],[-47.434,50.266],[-45.788,50.576],[-44.121,50.863],[-42.434,51.126],[-40.729,51.364],[-39.007,51.577],[-37.27,51.765],[-35.519,51.927],[-33.756,52.063],[-31.984,52.172],[-30.204,52.255],[-28.419,52.311],[-26.63,52.34],[-24.84,52.341],[-23.051,52.316],[-21.265,52.264],[-19.484,52.185],[-17.711,52.079],[-15.947,51.947],[-14.194,51.788],[-12.455,51.604],[-10.731,51.394],[-9.023,51.159],[-7.334,50.9],[-5.664,50.616],[-4.015,50.309],[-2.388,49.979],[-0.784,49.627],[0.796,49.252],[2.352,48.857]]},"properties":{"family":"Rockefeller","from":"New York","to":"Paris","era":"Industrial","founded":1870,"peak":"1880 to 1920","decline":2025,"peak wealth, billion US$ adjusted for inflation (as the page gives it)":318,"banks":15,"properties":2000,"employees":100000,"cities at its peak":89,"all its cities":"New York, Cleveland, Chicago, London, Paris","active at the same time as":"Mitsui, Hope, Rothschild, Barings, Bischoffsheim, Mallet, Fould, Warburg, Pictet, Morgan, Brown Brothers, Hambros, Lazard, Lehman, Yasuda, Schiff/Kuhn Loeb, Goldman Sachs, Oppenheimer","shares cities with":"Bardi, Peruzzi, Hope, Rothschild, Bischoffsheim, Mallet, Fould, Pictet, Morgan, Lazard, Schiff/Kuhn Loeb"}},{"type":"Feature","geometry":{"type":"LineString","coordinates":[[6.96,50.938],[6.815,50.954],[6.669,50.97],[6.523,50.986],[6.377,51.001],[6.231,51.017],[6.085,51.032],[5.938,51.047],[5.792,51.062],[5.646,51.077],[5.499,51.091],[5.352,51.106],[5.206,51.12],[5.059,51.134],[4.912,51.148],[4.765,51.161],[4.618,51.175],[4.471,51.188],[4.323,51.201],[4.176,51.214],[4.029,51.227],[3.881,51.239],[3.734,51.252],[3.586,51.264],[3.438,51.276],[3.29,51.288],[3.143,51.299],[2.995,51.311],[2.847,51.322],[2.698,51.333],[2.55,51.344],[2.402,51.355],[2.254,51.365],[2.105,51.375],[1.957,51.386],[1.808,51.395],[1.66,51.405],[1.511,51.415],[1.362,51.424],[1.214,51.433],[1.065,51.442],[0.916,51.451],[0.767,51.46],[0.618,51.468],[0.469,51.476],[0.32,51.484],[0.171,51.492],[0.021,51.5],[-0.128,51.507]]},"properties":{"family":"Oppenheimer","from":"Cologne","to":"London","era":"Industrial","founded":1667,"peak":"1880 to 1940","decline":2025,"peak wealth, billion US$ adjusted for inflation (as the page gives it)":8,"banks":4,"properties":180,"employees":2500,"cities at its peak":14,"all its cities":"Cologne, London, Amsterdam, Johannesburg, Kimberley","active at the same time as":"Medici, Mitsui, Hope, Rothschild, Barings, Bischoffsheim, Mallet, Fould, Warburg, Pictet, Morgan, Brown Brothers, Hambros, Lazard, Lehman, Yasuda, Schiff/Kuhn Loeb, Goldman Sachs, Rockefeller","shares cities with":"Bardi, Peruzzi, Medici, Mitsui, Hope, Rothschild, Barings, Bischoffsheim, Mallet, Fould, Warburg, Pictet, Morgan, Brown Brothers, Hambros, Lazard, Lehman, Schiff/Kuhn Loeb, Goldman Sachs, Rockefeller"}},{"type":"Feature","geometry":{"type":"LineString","coordinates":[[6.96,50.938],[6.919,50.968],[6.877,50.998],[6.836,51.028],[6.794,51.058],[6.752,51.088],[6.71,51.118],[6.668,51.148],[6.627,51.178],[6.585,51.208],[6.543,51.238],[6.5,51.268],[6.458,51.298],[6.416,51.328],[6.374,51.358],[6.332,51.388],[6.289,51.418],[6.247,51.448],[6.204,51.478],[6.162,51.508],[6.119,51.538],[6.077,51.568],[6.034,51.597],[5.991,51.627],[5.948,51.657],[5.906,51.687],[5.863,51.717],[5.82,51.746],[5.777,51.776],[5.734,51.806],[5.69,51.836],[5.647,51.865],[5.604,51.895],[5.561,51.925],[5.517,51.954],[5.474,51.984],[5.43,52.013],[5.387,52.043],[5.343,52.073],[5.3,52.102],[5.256,52.132],[5.212,52.161],[5.168,52.191],[5.124,52.22],[5.08,52.25],[5.036,52.279],[4.992,52.309],[4.948,52.338],[4.904,52.368]]},"properties":{"family":"Oppenheimer","from":"Cologne","to":"Amsterdam","era":"Industrial","founded":1667,"peak":"1880 to 1940","decline":2025,"peak wealth, billion US$ adjusted for inflation (as the page gives it)":8,"banks":4,"properties":180,"employees":2500,"cities at its peak":14,"all its cities":"Cologne, London, Amsterdam, Johannesburg, Kimberley","active at the same time as":"Medici, Mitsui, Hope, Rothschild, Barings, Bischoffsheim, Mallet, Fould, Warburg, Pictet, Morgan, Brown Brothers, Hambros, Lazard, Lehman, Yasuda, Schiff/Kuhn Loeb, Goldman Sachs, Rockefeller","shares cities with":"Hope, Warburg"}},{"type":"Feature","geometry":{"type":"LineString","coordinates":[[6.96,50.938],[7.794,49.373],[8.577,47.803],[9.313,46.227],[10.008,44.648],[10.666,43.064],[11.292,41.477],[11.887,39.886],[12.455,38.293],[12.999,36.697],[13.52,35.098],[14.022,33.498],[14.505,31.895],[14.972,30.291],[15.423,28.685],[15.861,27.078],[16.287,25.469],[16.701,23.86],[17.106,22.249],[17.501,20.637],[17.887,19.024],[18.267,17.411],[18.639,15.796],[19.006,14.181],[19.368,12.566],[19.725,10.95],[20.078,9.334],[20.428,7.717],[20.775,6.1],[21.12,4.483],[21.464,2.866],[21.807,1.248],[22.149,-0.369],[22.491,-1.987],[22.834,-3.604],[23.179,-5.221],[23.525,-6.838],[23.873,-8.455],[24.224,-10.072],[24.579,-11.688],[24.938,-13.304],[25.302,-14.919],[25.671,-16.533],[26.047,-18.147],[26.43,-19.761],[26.82,-21.373],[27.219,-22.984],[27.628,-24.595],[28.047,-26.204]]},"properties":{"family":"Oppenheimer","from":"Cologne","to":"Johannesburg","era":"Industrial","founded":1667,"peak":"1880 to 1940","decline":2025,"peak wealth, billion US$ adjusted for inflation (as the page gives it)":8,"banks":4,"properties":180,"employees":2500,"cities at its peak":14,"all its cities":"Cologne, London, Amsterdam, Johannesburg, Kimberley","active at the same time as":"Medici, Mitsui, Hope, Rothschild, Barings, Bischoffsheim, Mallet, Fould, Warburg, Pictet, Morgan, Brown Brothers, Hambros, Lazard, Lehman, Yasuda, Schiff/Kuhn Loeb, Goldman Sachs, Rockefeller","shares cities with":""}},{"type":"Feature","geometry":{"type":"LineString","coordinates":[[6.96,50.938],[7.664,49.307],[8.322,47.673],[8.94,46.034],[9.523,44.393],[10.073,42.749],[10.595,41.103],[11.092,39.454],[11.566,37.803],[12.019,36.151],[12.453,34.497],[12.87,32.841],[13.272,31.184],[13.661,29.526],[14.036,27.867],[14.401,26.206],[14.755,24.545],[15.099,22.883],[15.436,21.22],[15.765,19.557],[16.087,17.893],[16.403,16.229],[16.714,14.564],[17.021,12.898],[17.323,11.233],[17.622,9.567],[17.917,7.901],[18.211,6.234],[18.503,4.568],[18.793,2.901],[19.082,1.234],[19.371,-0.433],[19.66,-2.1],[19.95,-3.766],[20.241,-5.433],[20.534,-7.099],[20.828,-8.766],[21.126,-10.432],[21.426,-12.098],[21.73,-13.763],[22.039,-15.428],[22.353,-17.093],[22.672,-18.757],[22.998,-20.421],[23.33,-22.084],[23.671,-23.746],[24.021,-25.408],[24.38,-27.068],[24.75,-28.728]]},"properties":{"family":"Oppenheimer","from":"Cologne","to":"Kimberley","era":"Industrial","founded":1667,"peak":"1880 to 1940","decline":2025,"peak wealth, billion US$ adjusted for inflation (as the page gives it)":8,"banks":4,"properties":180,"employees":2500,"cities at its peak":14,"all its cities":"Cologne, London, Amsterdam, Johannesburg, Kimberley","active at the same time as":"Medici, Mitsui, Hope, Rothschild, Barings, Bischoffsheim, Mallet, Fould, Warburg, Pictet, Morgan, Brown Brothers, Hambros, Lazard, Lehman, Yasuda, Schiff/Kuhn Loeb, Goldman Sachs, Rockefeller","shares cities with":""}}]}