{"type":"FeatureCollection","name":"Cartel cells","overlays":[],"filters":[],"features":[{"type":"Feature","geometry":{"type":"Point","coordinates":[-107.394,24.8091]},"properties":{"k":"07fae057d2891344","c":"#BA7979","r":4.0,"n":"Sinaloa Cartel","p":1}},{"type":"Feature","geometry":{"type":"Point","coordinates":[-103.3496,20.6597]},"properties":{"k":"968fe4847b2b2ee8","c":"#BA7979","r":4.0,"n":"Jalisco New Generation Cartel (CJNG)","p":1}},{"type":"Feature","geometry":{"type":"Point","coordinates":[-101.1846,19.7021]},"properties":{"k":"2d8199b0e212dcbc","c":"#BA7979","r":4.0,"n":"CJNG Michoac\u00e1n Cell","p":1}},{"type":"Feature","geometry":{"type":"Point","coordinates":[-101.2574,21.019]},"properties":{"k":"175ffc9f0d9264f6","c":"#BA7979","r":4.0,"n":"CJNG Guanajuato Cell","p":1}},{"type":"Feature","geometry":{"type":"Point","coordinates":[-102.5832,22.7709]},"properties":{"k":"f840a57a97f909f0","c":"#BA7979","r":4.0,"n":"CJNG Zacatecas Cell","p":1}},{"type":"Feature","geometry":{"type":"Point","coordinates":[-103.724,19.2453]},"properties":{"k":"96960f82b7c2b198","c":"#BA7979","r":4.0,"n":"CJNG Colima Port Cell","p":1}},{"type":"Feature","geometry":{"type":"Point","coordinates":[-97.5044,25.8756]},"properties":{"k":"5cf5abeccf60615a","c":"#BA7979","r":4.0,"n":"Gulf Cartel Matamoros Faction","p":1}},{"type":"Feature","geometry":{"type":"Point","coordinates":[-98.2777,26.0922]},"properties":{"k":"1021d38b4b117ea5","c":"#BA7979","r":4.0,"n":"Gulf Cartel Reynosa Faction","p":1}},{"type":"Feature","geometry":{"type":"Point","coordinates":[-104.6532,24.0277]},"properties":{"k":"339da88084f10ab1","c":"#BA7979","r":4.0,"n":"Sinaloa Cartel Durango Cell","p":1}},{"type":"Feature","geometry":{"type":"Point","coordinates":[-106.0889,28.6353]},"properties":{"k":"a47befaaaac432f5","c":"#BA7979","r":4.0,"n":"Sinaloa Cartel Chihuahua Cell","p":1}},{"type":"Feature","geometry":{"type":"Point","coordinates":[-97.5044,25.8756]},"properties":{"k":"f9fe8764d7848c86","c":"#BA7979","r":4.0,"n":"Gulf Cartel","p":1}},{"type":"Feature","geometry":{"type":"Point","coordinates":[-99.5075,27.4794]},"properties":{"k":"cb3b2711646709cf","c":"#BA7979","r":4.0,"n":"Los Zetas","p":1}},{"type":"Feature","geometry":{"type":"Point","coordinates":[-96.1342,19.1738]},"properties":{"k":"3d27527e44a70a14","c":"#BA7979","r":4.0,"n":"Los Zetas Veracruz Cell","p":1}},{"type":"Feature","geometry":{"type":"Point","coordinates":[-100.9855,22.1565]},"properties":{"k":"f0d48dd365605758","c":"#BA7979","r":4.0,"n":"Los Zetas San Luis Potos\u00ed Cell","p":1}},{"type":"Feature","geometry":{"type":"Point","coordinates":[-101.0053,25.4232]},"properties":{"k":"1d16c997a0a88f17","c":"#BA7979","r":4.0,"n":"Los Zetas Coahuila Cell","p":1}},{"type":"Feature","geometry":{"type":"Point","coordinates":[-92.9475,17.9892]},"properties":{"k":"b126d289fed65c21","c":"#BA7979","r":4.0,"n":"Los Zetas Tabasco Cell","p":1}},{"type":"Feature","geometry":{"type":"Point","coordinates":[-90.2308,15.7835]},"properties":{"k":"d635cc5fbcdee447","c":"#BB7C86","r":4.0,"n":"Los Zetas Guatemala Cell","p":1}},{"type":"Feature","geometry":{"type":"Point","coordinates":[-106.4245,31.6904]},"properties":{"k":"9f16d5efe2110026","c":"#BA7979","r":4.0,"n":"Ju\u00e1rez Cartel","p":1}},{"type":"Feature","geometry":{"type":"Point","coordinates":[-117.0382,32.5149]},"properties":{"k":"2e3d96366e7970e6","c":"#BA7979","r":4.0,"n":"Tijuana Cartel (Arellano-F\u00e9lix Organization)","p":1}},{"type":"Feature","geometry":{"type":"Point","coordinates":[-117.0382,32.5149]},"properties":{"k":"bbcdf0e9c87bf588","c":"#BA7979","r":4.0,"n":"Tijuana Cartel - S\u00e1nchez Arellano Faction","p":1}},{"type":"Feature","geometry":{"type":"Point","coordinates":[-116.6289,32.5767]},"properties":{"k":"c36dc9e716ce2464","c":"#BA7979","r":4.0,"n":"Tijuana Cartel - Tecate Cell","p":1}},{"type":"Feature","geometry":{"type":"Point","coordinates":[-99.5024,17.5506]},"properties":{"k":"b12da2f15261c76c","c":"#BA7979","r":4.0,"n":"Beltr\u00e1n-Leyva Organization","p":1}},{"type":"Feature","geometry":{"type":"Point","coordinates":[-99.5326,18.3487]},"properties":{"k":"6ea3c47bdcb8b509","c":"#BA7979","r":4.0,"n":"Beltr\u00e1n-Leyva - Guerreros Unidos Faction","p":1}},{"type":"Feature","geometry":{"type":"Point","coordinates":[-99.2342,18.9222]},"properties":{"k":"8a68bf5341beb8b8","c":"#BA7979","r":4.0,"n":"Beltr\u00e1n-Leyva - Los Rojos Faction","p":1}},{"type":"Feature","geometry":{"type":"Point","coordinates":[-99.5024,17.5506]},"properties":{"k":"cfa74ae456d3c232","c":"#BA7979","r":4.0,"n":"Beltr\u00e1n-Leyva - Independent Guerrero Cell","p":1}},{"type":"Feature","geometry":{"type":"Point","coordinates":[-101.1844,19.7006]},"properties":{"k":"8283cf610ec21c9e","c":"#BA7979","r":4.0,"n":"Los Caballeros Templarios","p":1}},{"type":"Feature","geometry":{"type":"Point","coordinates":[-110.0384541,23.8131855]},"properties":{"k":"c9a52b83b318ac4b","c":"#906AB3","r":4.0,"n":"C\u00e1rtel De Sinaloa / La Mayiza / MZ / MF / Los Mayitos (FOREIGN TERRORIST ORGANIZATION)","p":1}},{"type":"Feature","geometry":{"type":"Point","coordinates":[-107.14245,25.2284966]},"properties":{"k":"17fbccc1d13e7681","c":"#906AB3","r":4.0,"n":"C\u00e1rtel De Sinaloa / La Mayiza / MZ / MF / Los Mayitos","p":1}},{"type":"Feature","geometry":{"type":"Point","coordinates":[-104.5736517,29.6413859]},"properties":{"k":"8c68167934b69006","c":"#906AB3","r":4.0,"n":"C\u00e1rtel De Sinaloa / La Mayiza / MZ / MF / Los Cabrera Sarabia / Los Cabreras","p":1}},{"type":"Feature","geometry":{"type":"Point","coordinates":[-112.1126588,24.7819953]},"properties":{"k":"f29513d91266d11d","c":"#4A8690","r":4.0,"n":"C\u00e1rtel De Sinaloa / La Chapiza / Los Chapitos / Los Barbas","p":1}},{"type":"Feature","geometry":{"type":"Point","coordinates":[-97.4103128,19.5208781]},"properties":{"k":"f636db1f321600ab","c":"#A95959","r":4.0,"n":"C\u00e1rtel de Jalisco Nueva Generaci\u00f3n / CJNG / Las Cuatro Letras / Los Matazetas","p":1}},{"type":"Feature","geometry":{"type":"Point","coordinates":[-100.4975456,27.8017618]},"properties":{"k":"71a14d1f3f5a29f2","c":"#344365","r":4.0,"n":"C\u00e1rtel del Noreste / Northeast Cartel / CDN / Los Zetas","p":1}},{"type":"Feature","geometry":{"type":"Point","coordinates":[-97.8652945,22.6149354]},"properties":{"k":"ee229712a024ce74","c":"#627AAE","r":4.0,"n":"C\u00e1rtel Del Golfo - Matamoros Faction / Los Escorpiones / Los Ciclones / Las Panteras","p":1}},{"type":"Feature","geometry":{"type":"Point","coordinates":[-98.4092841,21.9163182]},"properties":{"k":"533d40c93ba0bcbd","c":"#627AAE","r":4.0,"n":"C\u00e1rtel Del Golfo - Matamoros Faction/ Los Escorpiones / Los Ciclones / Grupo Sombra","p":1}},{"type":"Feature","geometry":{"type":"Point","coordinates":[-99.2872811,26.5840404]},"properties":{"k":"5a8df6a0934518d5","c":"#627AAE","r":4.0,"n":"C\u00e1rtel del Golfo - Los Metros Faction / Gulf Cartel / Metros Nueva Generaci\u00f3n","p":1}},{"type":"Feature","geometry":{"type":"Point","coordinates":[-87.5797518,19.0507021]},"properties":{"k":"498d2ea372fe1c2b","c":"#6A4A36","r":4.0,"n":"C\u00e1rtel De Caborca / Caborca Cartel / Caro Quintero Organization","p":1}},{"type":"Feature","geometry":{"type":"Point","coordinates":[-102.8434862,19.1876672]},"properties":{"k":"c95688f5b3fd84b8","c":"#A26F54","r":4.0,"n":"C\u00e1rteles Unidos / C\u00e1rtel de Tepalcatepec / Tepalcatepec Cartel / C\u00e1rtel del Abuelo","p":1}},{"type":"Feature","geometry":{"type":"Point","coordinates":[-102.4644754,19.646733]},"properties":{"k":"25c8700e29835d46","c":"#A26F54","r":4.0,"n":"C\u00e1rteles Unidos / Los Reyes Cartel / Kings Cartel / R5 / La Resistencia","p":1}},{"type":"Feature","geometry":{"type":"Point","coordinates":[-100.7158367,20.01537]},"properties":{"k":"8d0138d2546cadfe","c":"#346546","r":4.0,"n":"C\u00e1rtel Santa Rosa De Lima / CSRDL","p":1}},{"type":"Feature","geometry":{"type":"Point","coordinates":[-103.9572722,26.7585191]},"properties":{"k":"1b240e4a23af808c","c":"#346547","r":4.0,"n":"La L\u00ednea / La Empresa / Nuevo C\u00e1rtel de Ju\u00e1rez / New Ju\u00e1rez Cartel","p":1}},{"type":"Feature","geometry":{"type":"Point","coordinates":[-107.8115471,26.1789377]},"properties":{"k":"6c865c0cf5cd6f25","c":"#88464D","r":4.0,"n":"C\u00e1rtel De Guasave / Beltr\u00e1n-Leyva Organization (BLO) / Los Mazatlecos","p":1}},{"type":"Feature","geometry":{"type":"Point","coordinates":[-100.3630828,19.206736]},"properties":{"k":"d17ef80f25c5cbbf","c":"#78716C","r":4.0,"n":"La Familia Michoacana / Nueva Familia Michoacana","p":1}},{"type":"Feature","geometry":{"type":"Point","coordinates":[-92.6525429,16.7753005]},"properties":{"k":"6172bf84c03735a6","c":"#78716C","r":4.0,"n":"C\u00e1rtel De Chamula / Chamula Cartel","p":1}},{"type":"Feature","geometry":{"type":"Point","coordinates":[-110.8799762,30.966591]},"properties":{"k":"4e35f4017f04549a","c":"#78716C","r":4.0,"n":"C\u00e1rtel Independiente de Sonora / Gente Nueva / Los Salazar / Los Paredes","p":1}},{"type":"Feature","geometry":{"type":"Point","coordinates":[-91.1889258,18.9868369]},"properties":{"k":"7ba6a792d5ea8b1c","c":"#78716C","r":4.0,"n":"La Barredora / The Sweeper","p":1}},{"type":"Feature","geometry":{"type":"Point","coordinates":[-100.640553,18.1887553]},"properties":{"k":"430a1cbde312b296","c":"#78716C","r":4.0,"n":"Los Tlacos / CDLS (C\u00e1rtel De La Sierra)","p":1}},{"type":"Feature","geometry":{"type":"Point","coordinates":[-107.4159154,25.5545552]},"properties":{"k":"c90aa8dc50810a99","c":"#4A8690","r":4.0,"n":"C\u00e1rtel De Sinaloa / Gente Del Guano / La Guaniza / GDG / Los Chapitos","p":1}},{"type":"Feature","geometry":{"type":"Point","coordinates":[-105.7939705,22.6460068]},"properties":{"k":"323814f0ed17097a","c":"#906AB3","r":4.0,"n":"Geolocation of alleged Mayiza sicarios executing persons outside of Palmito del Verde, Sinaloa","p":1}},{"type":"Feature","geometry":{"type":"Point","coordinates":[-107.3965279,24.850493]},"properties":{"k":"8183751170adda37","c":"#906AB3","r":4.0,"n":"Los Mayos/La Mayiza/MF message against drug dealers collaborating with Los Chapos","p":1}},{"type":"Feature","geometry":{"type":"Point","coordinates":[-92.1130521,15.7082253]},"properties":{"k":"c0bf8db4480d0f06","c":"#906AB3","r":4.0,"n":"La Mayiza presence near Frontera Comalapa, Chiapas","p":1}},{"type":"Feature","geometry":{"type":"Point","coordinates":[-107.3981544,24.8143725]},"properties":{"k":"37c866deb27c9929","c":"#906AB3","r":4.0,"n":"La Mayiza operations in Culiac\u00e1n capital area","p":1}},{"type":"Feature","geometry":{"type":"Point","coordinates":[-107.3892561,24.5866234]},"properties":{"k":"3fd7cdf048f87310","c":"#906AB3","r":4.0,"n":"Joel Enrique Sandoval Romero 'El 19' - La Mayiza Costa Rica, Sinaloa plaza boss","p":1}},{"type":"Feature","geometry":{"type":"Point","coordinates":[-105.3277179,22.6496469]},"properties":{"k":"04f8f7aefd468261","c":"#906AB3","r":4.0,"n":"La Mayiza in Huajicori, Nayarit","p":1}},{"type":"Feature","geometry":{"type":"Point","coordinates":[-107.4168796,24.5255991]},"properties":{"k":"4d66e760e61cf359","c":"#906AB3","r":4.0,"n":"Ivan Arambula 'Cabo 20' - La Mayiza commander in Eldorado, Sinaloa","p":1}},{"type":"Feature","geometry":{"type":"Point","coordinates":[-107.5393925,25.3422293]},"properties":{"k":"3a8220c4a1233c4a","c":"#906AB3","r":4.0,"n":"Manuel Noe R\u00edos Castillo 'Comandante Tigre' - La Mayiza, Badiraguato","p":1}},{"type":"Feature","geometry":{"type":"Point","coordinates":[-108.1851949,25.8804308]},"properties":{"k":"9ae96a1fef77062c","c":"#906AB3","r":4.0,"n":"La Mayiza armed confrontation vs Los Chapitos in Sinaloa de Leyva","p":1}},{"type":"Feature","geometry":{"type":"Point","coordinates":[-107.5393925,25.3422293]},"properties":{"k":"317aa4f527e1c9c1","c":"#906AB3","r":4.0,"n":"La Mayiza in Guasave","p":1}},{"type":"Feature","geometry":{"type":"Point","coordinates":[-106.8906976,24.2919527]},"properties":{"k":"4980e18c98c02137","c":"#4A8690","r":4.0,"n":"La Chapiza/Los Chapitos control cell in southern Sinaloa","p":1}},{"type":"Feature","geometry":{"type":"Point","coordinates":[-106.4226558,23.2343902]},"properties":{"k":"3af603caed687b7b","c":"#4A8690","r":4.0,"n":"Los Chapitos presence in Mazatl\u00e1n","p":1}},{"type":"Feature","geometry":{"type":"Point","coordinates":[-109.0029667,25.7969733]},"properties":{"k":"7c817ebe2c5d0ad5","c":"#4A8690","r":4.0,"n":"Los Chapitos operations in Los Mochis","p":1}},{"type":"Feature","geometry":{"type":"Point","coordinates":[-107.6969943,24.7780339]},"properties":{"k":"4f88b28a6e2153fe","c":"#4A8690","r":4.0,"n":"La Chapiza control in Navolato","p":1}},{"type":"Feature","geometry":{"type":"Point","coordinates":[-107.4174831,24.5225634]},"properties":{"k":"9ba1daad8e64308d","c":"#4A8690","r":4.0,"n":"Los Chapitos presence in Eldorado, Sinaloa","p":1}},{"type":"Feature","geometry":{"type":"Point","coordinates":[-107.2999754,24.5578632]},"properties":{"k":"d80a1c037a8fe74f","c":"#4A8690","r":4.0,"n":"La Chapiza in San Ignacio, Sinaloa","p":1}},{"type":"Feature","geometry":{"type":"Point","coordinates":[-106.6929823,24.4117029]},"properties":{"k":"fb886ff0badabdee","c":"#4A8690","r":4.0,"n":"Los Chapitos control in Cosal\u00e1, Sinaloa","p":1}},{"type":"Feature","geometry":{"type":"Point","coordinates":[-105.7788686,22.8334039]},"properties":{"k":"e81cbca10910903f","c":"#4A8690","r":4.0,"n":"La Chapiza presence in Escuinapa","p":1}},{"type":"Feature","geometry":{"type":"Point","coordinates":[-106.0136098,23.1992082]},"properties":{"k":"c3033c8979e21585","c":"#4A8690","r":4.0,"n":"Los Chapitos operations in Rosario, Sinaloa","p":1}},{"type":"Feature","geometry":{"type":"Point","coordinates":[-105.9713614,23.2966341]},"properties":{"k":"7c94fa5f38c1980a","c":"#4A8690","r":4.0,"n":"La Chapiza in Concordia, Sinaloa","p":1}},{"type":"Feature","geometry":{"type":"Point","coordinates":[-104.6646078,24.0236737]},"properties":{"k":"30a6d3b7efa44b06","c":"#4A8690","r":4.0,"n":"Los Chapitos control cell - Durango operations","p":1}},{"type":"Feature","geometry":{"type":"Point","coordinates":[-106.0888694,28.6353413]},"properties":{"k":"cda10486cefc6241","c":"#4A8690","r":4.0,"n":"La Chapiza presence in Chihuahua","p":1}},{"type":"Feature","geometry":{"type":"Point","coordinates":[-110.3308814,29.2972247]},"properties":{"k":"c4b88bacdb43d145","c":"#4A8690","r":4.0,"n":"Los Chapitos operations in Sonora","p":1}},{"type":"Feature","geometry":{"type":"Point","coordinates":[-104.8947916,21.5086023]},"properties":{"k":"b376d319d43dfab9","c":"#4A8690","r":4.0,"n":"La Chapiza in Nayarit territory","p":1}},{"type":"Feature","geometry":{"type":"Point","coordinates":[-102.5832426,22.7709249]},"properties":{"k":"b7d3e343bf27f047","c":"#4A8690","r":4.0,"n":"Los Chapitos presence in Zacatecas","p":1}},{"type":"Feature","geometry":{"type":"Point","coordinates":[-103.3496092,20.6596988]},"properties":{"k":"3785d036017f6004","c":"#4A8690","r":4.0,"n":"La Chapiza operations in Jalisco","p":1}},{"type":"Feature","geometry":{"type":"Point","coordinates":[-102.2915677,21.8852562]},"properties":{"k":"a41aad4016cee339","c":"#4A8690","r":4.0,"n":"Los Chapitos control in Aguascalientes","p":1}},{"type":"Feature","geometry":{"type":"Point","coordinates":[-103.7240867,19.2452342]},"properties":{"k":"263da9ab2f50a61f","c":"#4A8690","r":4.0,"n":"La Chapiza presence in Colima","p":1}},{"type":"Feature","geometry":{"type":"Point","coordinates":[-101.1843674,19.7006535]},"properties":{"k":"c86bf1bff994d947","c":"#4A8690","r":4.0,"n":"Los Chapitos operations in Michoac\u00e1n","p":1}},{"type":"Feature","geometry":{"type":"Point","coordinates":[-99.5024021,17.5506019]},"properties":{"k":"aa9a626231750b7a","c":"#4A8690","r":4.0,"n":"La Chapiza in Guerrero","p":1}},{"type":"Feature","geometry":{"type":"Point","coordinates":[-115.4523068,32.6245173]},"properties":{"k":"f7d1d0f18bbaad87","c":"#4A8690","r":4.0,"n":"Los Chapitos presence in Baja California","p":1}},{"type":"Feature","geometry":{"type":"Point","coordinates":[-110.3128326,24.1426414]},"properties":{"k":"feae69dfebf54136","c":"#4A8690","r":4.0,"n":"La Chapiza control in Baja California Sur","p":1}},{"type":"Feature","geometry":{"type":"Point","coordinates":[-86.8515279,21.1618895]},"properties":{"k":"e5d0d0655b97df58","c":"#4A8690","r":4.0,"n":"Los Chapitos operations in Quintana Roo","p":1}},{"type":"Feature","geometry":{"type":"Point","coordinates":[-101.2573586,21.0190145]},"properties":{"k":"59a45e4e0378e4e3","c":"#4A8690","r":4.0,"n":"La Chapiza presence in Guanajuato","p":1}},{"type":"Feature","geometry":{"type":"Point","coordinates":[-100.3898881,20.5887932]},"properties":{"k":"6db222941ad57da5","c":"#4A8690","r":4.0,"n":"Los Chapitos control in Quer\u00e9taro","p":1}},{"type":"Feature","geometry":{"type":"Point","coordinates":[-98.7623874,20.0910963]},"properties":{"k":"3dcd42721f93b10a","c":"#4A8690","r":4.0,"n":"La Chapiza operations in Hidalgo","p":1}},{"type":"Feature","geometry":{"type":"Point","coordinates":[-99.2342098,18.9211339]},"properties":{"k":"ff9d586494d727e2","c":"#4A8690","r":4.0,"n":"Los Chapitos presence in Morelos","p":1}},{"type":"Feature","geometry":{"type":"Point","coordinates":[-99.133208,19.4326077]},"properties":{"k":"e5d03ebd0b62237c","c":"#4A8690","r":4.0,"n":"La Chapiza control in Mexico City area","p":1}},{"type":"Feature","geometry":{"type":"Point","coordinates":[-99.6561467,19.2832577]},"properties":{"k":"b3354ae2e34771ec","c":"#4A8690","r":4.0,"n":"Los Chapitos operations in Estado de M\u00e9xico","p":1}},{"type":"Feature","geometry":{"type":"Point","coordinates":[-98.2062727,19.0413398]},"properties":{"k":"526276494c041cfb","c":"#4A8690","r":4.0,"n":"La Chapiza presence in Puebla","p":1}},{"type":"Feature","geometry":{"type":"Point","coordinates":[-98.2375215,19.3137604]},"properties":{"k":"91dd5a90d63d285e","c":"#4A8690","r":4.0,"n":"Los Chapitos control in Tlaxcala","p":1}},{"type":"Feature","geometry":{"type":"Point","coordinates":[-96.1342241,19.1738103]},"properties":{"k":"1290a64c901c385a","c":"#4A8690","r":4.0,"n":"La Chapiza operations in Veracruz","p":1}},{"type":"Feature","geometry":{"type":"Point","coordinates":[-96.7265889,17.0731842]},"properties":{"k":"3f955c161fa090d0","c":"#4A8690","r":4.0,"n":"Los Chapitos presence in Oaxaca","p":1}},{"type":"Feature","geometry":{"type":"Point","coordinates":[-93.1292353,16.7569318]},"properties":{"k":"4f75e97e9afea29f","c":"#4A8690","r":4.0,"n":"La Chapiza control in Chiapas","p":1}},{"type":"Feature","geometry":{"type":"Point","coordinates":[-92.6189273,17.8409173]},"properties":{"k":"87e8be046b8b6679","c":"#4A8690","r":4.0,"n":"Los Chapitos operations in Tabasco","p":1}},{"type":"Feature","geometry":{"type":"Point","coordinates":[-90.5349087,19.8301251]},"properties":{"k":"edcbaa245bb7201d","c":"#4A8690","r":4.0,"n":"La Chapiza presence in Campeche","p":1}},{"type":"Feature","geometry":{"type":"Point","coordinates":[-89.5925857,20.9673702]},"properties":{"k":"02dc036bb0fee910","c":"#4A8690","r":4.0,"n":"Los Chapitos control in Yucat\u00e1n","p":1}},{"type":"Feature","geometry":{"type":"Point","coordinates":[-100.9855409,22.1564699]},"properties":{"k":"663c9d140333af60","c":"#4A8690","r":4.0,"n":"La Chapiza operations in San Luis Potos\u00ed","p":1}},{"type":"Feature","geometry":{"type":"Point","coordinates":[-76.6413,8.7479]},"properties":{"k":"3115703f73f3366d","c":"#B36C73","r":4.0,"n":"Gulf Clan (Clan del Golfo)","p":1}},{"type":"Feature","geometry":{"type":"Point","coordinates":[-73.1198,7.1255]},"properties":{"k":"dbca4b89e492f2a6","c":"#B36C73","r":4.0,"n":"ELN (National Liberation Army)","p":1}},{"type":"Feature","geometry":{"type":"Point","coordinates":[-72.6519,7.3806]},"properties":{"k":"43d4c2366f154900","c":"#B36C73","r":4.0,"n":"ELN Eastern War Front","p":1}},{"type":"Feature","geometry":{"type":"Point","coordinates":[-76.6586,5.6975]},"properties":{"k":"3abb642af7521f99","c":"#B36C73","r":4.0,"n":"ELN Choc\u00f3 Front","p":1}},{"type":"Feature","geometry":{"type":"Point","coordinates":[-73.0483,8.6108]},"properties":{"k":"c9ece059d907384c","c":"#B36C73","r":4.0,"n":"ELN Catatumbo Front","p":1}},{"type":"Feature","geometry":{"type":"Point","coordinates":[-76.6147,2.4448]},"properties":{"k":"f78fb0d27bdfe85a","c":"#B36C73","r":4.0,"n":"FARC Dissidents","p":1}},{"type":"Feature","geometry":{"type":"Point","coordinates":[-73.625,3.4372]},"properties":{"k":"46ebe4fbdaf454f8","c":"#B36C73","r":4.0,"n":"Segunda Marquetalia","p":1}},{"type":"Feature","geometry":{"type":"Point","coordinates":[-75.6062,1.6143]},"properties":{"k":"184c8a070dc6b8de","c":"#B36C73","r":4.0,"n":"FARC EMC (Estado Mayor Central)","p":1}},{"type":"Feature","geometry":{"type":"Point","coordinates":[-77.2904,0.8153]},"properties":{"k":"2bd4bc526553761e","c":"#B36C73","r":4.0,"n":"FARC 1st Front Dissidents","p":1}},{"type":"Feature","geometry":{"type":"Point","coordinates":[-75.2819,2.9273]},"properties":{"k":"bd834f0272cf1021","c":"#B36C73","r":4.0,"n":"FARC 7th Front Dissidents","p":1}},{"type":"Feature","geometry":{"type":"Point","coordinates":[-75.5812,6.2442]},"properties":{"k":"8cc7af64cb408552","c":"#B36C73","r":4.0,"n":"Medell\u00edn Combos (Urban Militias)","p":1}},{"type":"Feature","geometry":{"type":"Point","coordinates":[-76.532,3.4516]},"properties":{"k":"3a370a669a514afc","c":"#B36C73","r":4.0,"n":"Cali Urban Gangs","p":1}},{"type":"Feature","geometry":{"type":"Point","coordinates":[-74.0721,4.711]},"properties":{"k":"57e1028fb4ee3902","c":"#B36C73","r":4.0,"n":"Bogot\u00e1 Microtr\u00e1fico Networks","p":1}},{"type":"Feature","geometry":{"type":"Point","coordinates":[-74.7964,10.9639]},"properties":{"k":"96d26a321bedfb36","c":"#B36C73","r":4.0,"n":"Barranquilla Cocaine Distribution Networks","p":1}},{"type":"Feature","geometry":{"type":"Point","coordinates":[-77.0318,3.8801]},"properties":{"k":"7a51542cc98202c6","c":"#B36C73","r":4.0,"n":"Buenaventura Port Criminal Organizations","p":1}},{"type":"Feature","geometry":{"type":"Point","coordinates":[-46.6333,-23.5505]},"properties":{"k":"2217b5e09e92d654","c":"#44856F","r":4.0,"n":"Primeiro Comando da Capital (PCC)","p":1}},{"type":"Feature","geometry":{"type":"Point","coordinates":[-46.4731,-23.4356]},"properties":{"k":"16202282f6b9eb31","c":"#44856F","r":4.0,"n":"PCC Guarulhos Airport Cell","p":1}},{"type":"Feature","geometry":{"type":"Point","coordinates":[-46.3335,-23.9608]},"properties":{"k":"82df7c2be1c54a4b","c":"#44856F","r":4.0,"n":"PCC Santos Port Cell","p":1}},{"type":"Feature","geometry":{"type":"Point","coordinates":[-49.2733,-25.4284]},"properties":{"k":"348f7264d53814de","c":"#44856F","r":4.0,"n":"PCC Paran\u00e1 State Operations","p":1}},{"type":"Feature","geometry":{"type":"Point","coordinates":[-54.6295,-20.4486]},"properties":{"k":"364fc0d04993a922","c":"#44856F","r":4.0,"n":"PCC Mato Grosso do Sul Cell","p":1}},{"type":"Feature","geometry":{"type":"Point","coordinates":[-60.0217,-3.119]},"properties":{"k":"0e66585704ffbf45","c":"#44856F","r":4.0,"n":"PCC Amazonas State Cell","p":1}},{"type":"Feature","geometry":{"type":"Point","coordinates":[-51.2177,-30.0346]},"properties":{"k":"162db2d3a8e1ae4c","c":"#44856F","r":4.0,"n":"PCC Rio Grande do Sul Cell","p":1}},{"type":"Feature","geometry":{"type":"Point","coordinates":[-38.5014,-12.9714]},"properties":{"k":"bbc292449e57312c","c":"#44856F","r":4.0,"n":"PCC Bahia State Operations","p":1}},{"type":"Feature","geometry":{"type":"Point","coordinates":[-57.5759,-25.2637]},"properties":{"k":"151041debe2c3df4","c":"#B36C73","r":4.0,"n":"PCC Paraguay Operations","p":1}},{"type":"Feature","geometry":{"type":"Point","coordinates":[-55.7256,-22.5486]},"properties":{"k":"ac4325aa916497a4","c":"#B36C73","r":4.0,"n":"PCC Pedro Juan Caballero Cell","p":1}},{"type":"Feature","geometry":{"type":"Point","coordinates":[-63.1821,-17.7833]},"properties":{"k":"3ba97b88d69c2f6c","c":"#B36C73","r":4.0,"n":"PCC Bolivia Operations","p":1}},{"type":"Feature","geometry":{"type":"Point","coordinates":[-43.1729,-22.9068]},"properties":{"k":"46f5bfa89e615735","c":"#44856F","r":4.0,"n":"Comando Vermelho (Red Command)","p":1}},{"type":"Feature","geometry":{"type":"Point","coordinates":[-43.2105,-22.9519]},"properties":{"k":"8953a95992bf2dff","c":"#44856F","r":4.0,"n":"Terceiro Comando Puro (TCP)","p":1}},{"type":"Feature","geometry":{"type":"Point","coordinates":[135.1955,34.6901]},"properties":{"k":"9c2a80c2aecaae69","c":"#BA7A9A","r":4.0,"n":"Yamaguchi-gumi","p":1}},{"type":"Feature","geometry":{"type":"Point","coordinates":[139.6503,35.6762]},"properties":{"k":"142e4e756596686f","c":"#BA7A9A","r":4.0,"n":"Sumiyoshi-kai","p":1}},{"type":"Feature","geometry":{"type":"Point","coordinates":[139.7454,35.6586]},"properties":{"k":"bbc6be984be1c7c5","c":"#BA7A9A","r":4.0,"n":"Inagawa-kai","p":1}},{"type":"Feature","geometry":{"type":"Point","coordinates":[130.4017,33.5904]},"properties":{"k":"957a7edb3c37eaa9","c":"#BA7A9A","r":4.0,"n":"Kudo-kai","p":1}},{"type":"Feature","geometry":{"type":"Point","coordinates":[139.6503,35.6762]},"properties":{"k":"33b01034063fc964","c":"#BA7A9A","r":4.0,"n":"Kyokuto-kai","p":1}},{"type":"Feature","geometry":{"type":"Point","coordinates":[139.9308,37.3631]},"properties":{"k":"9134701dbf726708","c":"#BA7A9A","r":4.0,"n":"Aizu Kotetsu-kai","p":1}},{"type":"Feature","geometry":{"type":"Point","coordinates":[130.4017,33.5904]},"properties":{"k":"5e5569997b14d557","c":"#BA7A9A","r":4.0,"n":"Dojin-kai","p":1}},{"type":"Feature","geometry":{"type":"Point","coordinates":[114.1694,22.3193]},"properties":{"k":"3361ad423619376e","c":"#BA7984","r":4.0,"n":"14K Triad","p":1}},{"type":"Feature","geometry":{"type":"Point","coordinates":[114.1628,22.2793]},"properties":{"k":"e322c348e16af191","c":"#BA7984","r":4.0,"n":"Sun Yee On","p":1}},{"type":"Feature","geometry":{"type":"Point","coordinates":[114.1095,22.3964]},"properties":{"k":"07ab3975c3051c17","c":"#BA7984","r":4.0,"n":"Wo Shing Wo","p":1}},{"type":"Feature","geometry":{"type":"Point","coordinates":[114.1694,22.3193]},"properties":{"k":"c33081f41204b5e1","c":"#BA7984","r":4.0,"n":"Wo Hop To","p":1}},{"type":"Feature","geometry":{"type":"Point","coordinates":[114.1628,22.2793]},"properties":{"k":"c3f52987d184a62d","c":"#BA7984","r":4.0,"n":"Shui Fong","p":1}},{"type":"Feature","geometry":{"type":"Point","coordinates":[-122.4194,37.7749]},"properties":{"k":"3c0d18b0bfc526e4","c":"#9E5261","r":4.0,"n":"Wah Ching","p":1}},{"type":"Feature","geometry":{"type":"Point","coordinates":[103.8198,1.3521]},"properties":{"k":"29e432327ef039a3","c":"#BA7984","r":4.0,"n":"Tai Huen Chai","p":1}},{"type":"Feature","geometry":{"type":"Point","coordinates":[-123.1207,49.2827]},"properties":{"k":"362de215fd301db6","c":"#A95959","r":4.0,"n":"San Yee On (Canada)","p":1}},{"type":"Feature","geometry":{"type":"Point","coordinates":[37.6173,55.7558]},"properties":{"k":"dc50a9c44bf338aa","c":"#7891B9","r":4.0,"n":"Solntsevskaya Bratva","p":1}},{"type":"Feature","geometry":{"type":"Point","coordinates":[30.3351,59.9343]},"properties":{"k":"e34b82a05a406644","c":"#7891B9","r":4.0,"n":"Tambovskaya-Malyshevskaya","p":1}},{"type":"Feature","geometry":{"type":"Point","coordinates":[37.7845,55.7887]},"properties":{"k":"9b84c24cfde0fc6f","c":"#7891B9","r":4.0,"n":"Izmaylovskaya Bratva","p":1}},{"type":"Feature","geometry":{"type":"Point","coordinates":[37.6173,55.7558]},"properties":{"k":"3383f95d4318ca37","c":"#7891B9","r":4.0,"n":"Orekhovskaya OPG","p":1}},{"type":"Feature","geometry":{"type":"Point","coordinates":[37.5453,55.4242]},"properties":{"k":"c56083425c177121","c":"#7891B9","r":4.0,"n":"Podolskaya Bratva","p":1}},{"type":"Feature","geometry":{"type":"Point","coordinates":[60.6057,56.8389]},"properties":{"k":"3491bad0cf60156b","c":"#7891B9","r":4.0,"n":"Uralmash Gang","p":1}},{"type":"Feature","geometry":{"type":"Point","coordinates":[49.1089,55.7964]},"properties":{"k":"15678fe8fcc46378","c":"#7891B9","r":4.0,"n":"Kazanskaya OPG","p":1}},{"type":"Feature","geometry":{"type":"Point","coordinates":[15.6439,38.1097]},"properties":{"k":"d72c745930695d13","c":"#927FBD","r":4.0,"n":"'Ndrangheta","p":1}},{"type":"Feature","geometry":{"type":"Point","coordinates":[16.1048,38.7878]},"properties":{"k":"9f122ec45b629330","c":"#927FBD","r":4.0,"n":"'Ndrangheta - Mancuso Clan","p":1}},{"type":"Feature","geometry":{"type":"Point","coordinates":[15.8728,38.0942]},"properties":{"k":"3eb2650237eb0f04","c":"#927FBD","r":4.0,"n":"'Ndrangheta - Nirta-Strangio Clan","p":1}},{"type":"Feature","geometry":{"type":"Point","coordinates":[15.9714,38.4197]},"properties":{"k":"db8c37f3560da7e8","c":"#927FBD","r":4.0,"n":"'Ndrangheta - Piromalli Clan","p":1}},{"type":"Feature","geometry":{"type":"Point","coordinates":[15.8728,38.0942]},"properties":{"k":"7d45a9e4e53dba79","c":"#927FBD","r":4.0,"n":"'Ndrangheta - Morabito Clan","p":1}},{"type":"Feature","geometry":{"type":"Point","coordinates":[13.3615,38.1157]},"properties":{"k":"f13b6b4478a6a63d","c":"#927FBD","r":4.0,"n":"Cosa Nostra (Sicilian Mafia)","p":1}},{"type":"Feature","geometry":{"type":"Point","coordinates":[14.2681,40.8518]},"properties":{"k":"b72d51863487151b","c":"#927FBD","r":4.0,"n":"Camorra","p":1}},{"type":"Feature","geometry":{"type":"Point","coordinates":[18.175,40.3515]},"properties":{"k":"8590b6c25ec8a682","c":"#927FBD","r":4.0,"n":"Sacra Corona Unita","p":1}},{"type":"Feature","geometry":{"type":"Point","coordinates":[19.456,41.3231]},"properties":{"k":"4c722c121cc0403e","c":"#7F80BD","r":4.0,"n":"Durr\u00ebs Cartel Groups","p":1}},{"type":"Feature","geometry":{"type":"Point","coordinates":[19.5644,41.3453]},"properties":{"k":"385fdc396a5ebbf3","c":"#7F80BD","r":4.0,"n":"Shijak Trafficking Groups","p":1}},{"type":"Feature","geometry":{"type":"Point","coordinates":[19.5033,42.0683]},"properties":{"k":"1a55bfa1e94818c7","c":"#7F80BD","r":4.0,"n":"Shkod\u00ebr Clans","p":1}},{"type":"Feature","geometry":{"type":"Point","coordinates":[19.4914,40.4686]},"properties":{"k":"6752671950bef12b","c":"#7F80BD","r":4.0,"n":"Vlor\u00eb Port Operators","p":1}},{"type":"Feature","geometry":{"type":"Point","coordinates":[20.4489,44.7866]},"properties":{"k":"4a77670004669cdc","c":"#7F80BD","r":4.0,"n":"Serbian Mafia","p":1}},{"type":"Feature","geometry":{"type":"Point","coordinates":[19.2594,42.4304]},"properties":{"k":"f830feb021604cfa","c":"#7F80BD","r":4.0,"n":"Montenegrin Mafia","p":1}},{"type":"Feature","geometry":{"type":"Point","coordinates":[34.7818,32.0853]},"properties":{"k":"e9773ad0ccccd4cd","c":"#A95761","r":4.0,"n":"Abergil Organization","p":1}},{"type":"Feature","geometry":{"type":"Point","coordinates":[28.9784,41.0082]},"properties":{"k":"731b85c1b2762623","c":"#A95761","r":4.0,"n":"Turkish Mafia (Babas)","p":1}},{"type":"Feature","geometry":{"type":"Point","coordinates":[37.3833,37.0662]},"properties":{"k":"27aca0256d0e1bdc","c":"#A95761","r":4.0,"n":"Kurdish PKK-affiliated groups","p":1}},{"type":"Feature","geometry":{"type":"Point","coordinates":[3.3792,6.5244]},"properties":{"k":"6aeba2acee3a14a3","c":"#45877F","r":4.0,"n":"Black Axe (Neo-Black Movement of Africa)","p":1}},{"type":"Feature","geometry":{"type":"Point","coordinates":[3.3947,6.4541]},"properties":{"k":"7d00407a91f745c1","c":"#45877F","r":4.0,"n":"Eiye Confraternity (National Association of Airlords)","p":1}},{"type":"Feature","geometry":{"type":"Point","coordinates":[3.3792,6.5244]},"properties":{"k":"c23cba7f541a7dd5","c":"#45877F","r":4.0,"n":"Area Boys (Agberos)","p":1}},{"type":"Feature","geometry":{"type":"Point","coordinates":[3.3439,6.595]},"properties":{"k":"dfb6263fd901718a","c":"#45877F","r":4.0,"n":"Aye Confraternity (Buccaneers)","p":1}},{"type":"Feature","geometry":{"type":"Point","coordinates":[7.9336,5.0197]},"properties":{"k":"e78eec0415467971","c":"#45877F","r":4.0,"n":"Vikings Confraternity (De Norsemen Kclub)","p":1}},{"type":"Feature","geometry":{"type":"Point","coordinates":[3.912,7.3697]},"properties":{"k":"0a2fae22fe670cc7","c":"#45877F","r":4.0,"n":"Maphite Confraternity","p":1}},{"type":"Feature","geometry":{"type":"Point","coordinates":[3.3947,6.4541]},"properties":{"k":"caab4481b574e100","c":"#45877F","r":4.0,"n":"KK (Klansmen Konfraternity)","p":1}},{"type":"Feature","geometry":{"type":"Point","coordinates":[3.3792,6.5244]},"properties":{"k":"05c528ffc9ca6ba2","c":"#45877F","r":4.0,"n":"Supreme Eiye Confraternity","p":1}},{"type":"Feature","geometry":{"type":"Point","coordinates":[5.6037,6.335]},"properties":{"k":"d6ad704bbfb84c39","c":"#45877F","r":4.0,"n":"Black Braziers Confraternity","p":1}},{"type":"Feature","geometry":{"type":"Point","coordinates":[3.3792,6.5244]},"properties":{"k":"436c3e06a341ccb7","c":"#45877F","r":4.0,"n":"Dreaded Scorpions","p":1}},{"type":"Feature","geometry":{"type":"Point","coordinates":[3.3792,6.5244]},"properties":{"k":"223cc7fa269aa8e8","c":"#45877F","r":4.0,"n":"SilverTerrier APT Group","p":1}},{"type":"Feature","geometry":{"type":"Point","coordinates":[3.3947,6.4541]},"properties":{"k":"29bb5f69efebebfa","c":"#45877F","r":4.0,"n":"TMT Crew (The Most Trusted)","p":1}},{"type":"Feature","geometry":{"type":"Point","coordinates":[3.3515,6.6018]},"properties":{"k":"5dbd9f28218801a3","c":"#45877F","r":4.0,"n":"Scattered Canary","p":1}},{"type":"Feature","geometry":{"type":"Point","coordinates":[3.43,6.43]},"properties":{"k":"6dc1b941ba94ca27","c":"#45877F","r":4.0,"n":"G-Boys (Google Boys)","p":1}},{"type":"Feature","geometry":{"type":"Point","coordinates":[5.6037,6.335]},"properties":{"k":"e872e47ad48a331e","c":"#45877F","r":4.0,"n":"Benin City Yahoo Yahoo Network","p":1}},{"type":"Feature","geometry":{"type":"Point","coordinates":[7.4951,9.0579]},"properties":{"k":"fde27fa2a911eb20","c":"#45877F","r":4.0,"n":"Abuja 419 Syndicates","p":1}},{"type":"Feature","geometry":{"type":"Point","coordinates":[3.2841,6.465]},"properties":{"k":"f38eec26f9e505ab","c":"#45877F","r":4.0,"n":"Festac Town Fraud Network","p":1}},{"type":"Feature","geometry":{"type":"Point","coordinates":[7.0498,4.8156]},"properties":{"k":"d04c264cff3619a8","c":"#45877F","r":4.0,"n":"Port Harcourt Oil Scam Syndicate","p":1}},{"type":"Feature","geometry":{"type":"Point","coordinates":[-0.187,5.6037]},"properties":{"k":"ac0f285ea2de57c5","c":"#45877F","r":4.0,"n":"Ghana Union Traders Association (GUTA) Drug Wing","p":1}},{"type":"Feature","geometry":{"type":"Point","coordinates":[-0.2076,5.5893]},"properties":{"k":"28b329cff6c61b6a","c":"#45877F","r":4.0,"n":"Nima Boys","p":1}},{"type":"Feature","geometry":{"type":"Point","coordinates":[-0.03,5.695]},"properties":{"k":"7a6a27f7ca98ed78","c":"#45877F","r":4.0,"n":"Ashaiman Boys","p":1}},{"type":"Feature","geometry":{"type":"Point","coordinates":[0.0166,5.6698]},"properties":{"k":"e123859fffb142c5","c":"#45877F","r":4.0,"n":"Tema Port Drug Networks","p":1}},{"type":"Feature","geometry":{"type":"Point","coordinates":[18.4241,-33.9249]},"properties":{"k":"8da18b71adf7f05e","c":"#45877F","r":4.0,"n":"The 26s (Prison Gang)","p":1}},{"type":"Feature","geometry":{"type":"Point","coordinates":[18.4241,-33.9249]},"properties":{"k":"45d07fbb80cbf41f","c":"#45877F","r":4.0,"n":"The 27s (Prison Gang)","p":1}},{"type":"Feature","geometry":{"type":"Point","coordinates":[18.4241,-33.9249]},"properties":{"k":"9a7705c30b4650fc","c":"#45877F","r":4.0,"n":"The 28s (Prison Gang)","p":1}},{"type":"Feature","geometry":{"type":"Point","coordinates":[18.4886,-33.9587]},"properties":{"k":"d6bb47fa6df1aa4b","c":"#45877F","r":4.0,"n":"Sexy Boys Gang","p":1}},{"type":"Feature","geometry":{"type":"Point","coordinates":[18.4631,-33.9775]},"properties":{"k":"59eb86f2568c33a1","c":"#45877F","r":4.0,"n":"Americans Gang","p":1}},{"type":"Feature","geometry":{"type":"Point","coordinates":[18.4978,-33.9916]},"properties":{"k":"fe183c08daa5bce4","c":"#45877F","r":4.0,"n":"Hard Livings Gang","p":1}},{"type":"Feature","geometry":{"type":"Point","coordinates":[18.47,-33.985]},"properties":{"k":"6ee260e0dee43020","c":"#45877F","r":4.0,"n":"Junky Funky Kids (JFK)","p":1}},{"type":"Feature","geometry":{"type":"Point","coordinates":[18.49,-34.005]},"properties":{"k":"e490381377ade345","c":"#45877F","r":4.0,"n":"Terrible Josters","p":1}},{"type":"Feature","geometry":{"type":"Point","coordinates":[99.5833,22.1667]},"properties":{"k":"0a31e45825e22bf2","c":"#9F7FBD","r":4.0,"n":"United Wa State Army","p":1}},{"type":"Feature","geometry":{"type":"Point","coordinates":[100.5018,13.7563]},"properties":{"k":"008714a0f86f3723","c":"#9F7FBD","r":4.0,"n":"Sam Gor Syndicate","p":1}},{"type":"Feature","geometry":{"type":"Point","coordinates":[120.9842,14.5995]},"properties":{"k":"88362febdb8d4d2e","c":"#9F7FBD","r":4.0,"n":"Commando Gang","p":1}},{"type":"Feature","geometry":{"type":"Point","coordinates":[121.0122,14.6042]},"properties":{"k":"53c0f4e0ad518246","c":"#9F7FBD","r":4.0,"n":"Batang Mindanao Gang","p":1}},{"type":"Feature","geometry":{"type":"Point","coordinates":[120.984,14.588]},"properties":{"k":"10e1c253db1e07f9","c":"#9F7FBD","r":4.0,"n":"OXO Gang","p":1}},{"type":"Feature","geometry":{"type":"Point","coordinates":[121.0223,14.6091]},"properties":{"k":"6f74a57033811561","c":"#9F7FBD","r":4.0,"n":"Batang City Jail Gang","p":1}},{"type":"Feature","geometry":{"type":"Point","coordinates":[106.6297,10.8231]},"properties":{"k":"e9bca8f9b9005d22","c":"#9F7FBD","r":4.0,"n":"Vietnamese Organized Crime","p":1}},{"type":"Feature","geometry":{"type":"Point","coordinates":[151.2093,-33.8688]},"properties":{"k":"269be1e35e89f841","c":"#9F7FBD","r":4.0,"n":"Comanchero MC","p":1}},{"type":"Feature","geometry":{"type":"Point","coordinates":[151.2093,-33.8688]},"properties":{"k":"4683c61ce118aed4","c":"#9F7FBD","r":4.0,"n":"Alameddine Crime Family","p":1}},{"type":"Feature","geometry":{"type":"Point","coordinates":[150.96,-33.91]},"properties":{"k":"456bc3dd77eaed48","c":"#9F7FBD","r":4.0,"n":"Hamzy Crime Family","p":1}},{"type":"Feature","geometry":{"type":"Point","coordinates":[151.2,-33.87]},"properties":{"k":"afa308e17babfc24","c":"#9F7FBD","r":4.0,"n":"Hamzeh Crime Family","p":1}},{"type":"Feature","geometry":{"type":"Point","coordinates":[151.21,-33.865]},"properties":{"k":"356129353a9880ad","c":"#9F7FBD","r":4.0,"n":"Elomar Family","p":1}},{"type":"Feature","geometry":{"type":"Point","coordinates":[144.9631,-37.8136]},"properties":{"k":"e048a402b42ef09c","c":"#9F7FBD","r":4.0,"n":"Chaouk Family (Melbourne)","p":1}},{"type":"Feature","geometry":{"type":"Point","coordinates":[144.9631,-37.8136]},"properties":{"k":"64328ac53da67b8c","c":"#9F7FBD","r":4.0,"n":"Mokbel Family (Melbourne)","p":1}},{"type":"Feature","geometry":{"type":"Point","coordinates":[144.9631,-37.8136]},"properties":{"k":"0e36c549d7cffe6b","c":"#9F7FBD","r":4.0,"n":"Calabrian 'Ndrangheta Cells (Melbourne)","p":1}},{"type":"Feature","geometry":{"type":"Point","coordinates":[150.96,-33.91]},"properties":{"k":"5141a00fc3acbbbb","c":"#9F7FBD","r":4.0,"n":"Brothers 4 Life (B4L)","p":1}},{"type":"Feature","geometry":{"type":"Point","coordinates":[-89.2182,13.6929]},"properties":{"k":"4ae6d1bf41601c6b","c":"#BB7C86","r":4.0,"n":"MS-13 (Mara Salvatrucha)","p":1}},{"type":"Feature","geometry":{"type":"Point","coordinates":[-90.5069,14.6349]},"properties":{"k":"a5c7c528522a9d16","c":"#BB7C86","r":4.0,"n":"Barrio 18 (18th Street Gang)","p":1}},{"type":"Feature","geometry":{"type":"Point","coordinates":[-86.2419,15.1999]},"properties":{"k":"77d5756eb54c2741","c":"#BB7C86","r":4.0,"n":"Los Cachiros","p":1}},{"type":"Feature","geometry":{"type":"Point","coordinates":[-88.0253,15.5082]},"properties":{"k":"6c78871be3cf20d1","c":"#BB7C86","r":4.0,"n":"Valle Valle Cartel","p":1}},{"type":"Feature","geometry":{"type":"Point","coordinates":[-87.4667,15.78]},"properties":{"k":"51109b095583ed07","c":"#BB7C86","r":4.0,"n":"Atl\u00e1ntida Cartel","p":1}},{"type":"Feature","geometry":{"type":"Point","coordinates":[-87.2068,14.0818]},"properties":{"k":"558b1ded421f9f80","c":"#BB7C86","r":4.0,"n":"Rivera Maradiaga Organization","p":1}},{"type":"Feature","geometry":{"type":"Point","coordinates":[-88.0253,15.5082]},"properties":{"k":"8d69272aeb7dd9b1","c":"#BB7C86","r":4.0,"n":"Montes Family Network","p":1}},{"type":"Feature","geometry":{"type":"Point","coordinates":[-89.2,13.7]},"properties":{"k":"1e63be4d3ae4c4f2","c":"#BB7C86","r":4.0,"n":"MS-13 Normandie Locos Salvatrucha (NLS) - El Salvador","p":1}},{"type":"Feature","geometry":{"type":"Point","coordinates":[-87.1921,14.0723]},"properties":{"k":"dabed5af44d39533","c":"#BB7C86","r":4.0,"n":"MS-13 Teclas Locos Salvatrucha - Honduras","p":1}},{"type":"Feature","geometry":{"type":"Point","coordinates":[-90.5137,14.6488]},"properties":{"k":"043c0f5c76710c7a","c":"#BB7C86","r":4.0,"n":"MS-13 Sailors Locos Salvatrucha - Guatemala","p":1}},{"type":"Feature","geometry":{"type":"Point","coordinates":[-118.2437,34.0522]},"properties":{"k":"639f51515bb97052","c":"#9E5261","r":4.0,"n":"MS-13 Coronados Locos Salvatrucha - Los Angeles","p":1}},{"type":"Feature","geometry":{"type":"Point","coordinates":[-118.3287,34.0928]},"properties":{"k":"263e9ffa9b1d7ade","c":"#9E5261","r":4.0,"n":"MS-13 Hollywood Locos Salvatrucha - Los Angeles","p":1}},{"type":"Feature","geometry":{"type":"Point","coordinates":[-118.4434,34.0687]},"properties":{"k":"f67c622be6d93266","c":"#9E5261","r":4.0,"n":"MS-13 Fulton Locos Salvatrucha - Los Angeles","p":1}},{"type":"Feature","geometry":{"type":"Point","coordinates":[-76.9836,38.989]},"properties":{"k":"55392fd6c956e8ed","c":"#9E5261","r":4.0,"n":"MS-13 Langley Park Salvatrucha - Maryland","p":1}},{"type":"Feature","geometry":{"type":"Point","coordinates":[-73.135,40.7891]},"properties":{"k":"f16c0d329bef12d1","c":"#9E5261","r":4.0,"n":"MS-13 Long Island Locos Salvatrucha - New York","p":1}},{"type":"Feature","geometry":{"type":"Point","coordinates":[-95.3698,29.7604]},"properties":{"k":"3c06275a36f8e4f6","c":"#9E5261","r":4.0,"n":"MS-13 Houston Locos Salvatrucha - Texas","p":1}},{"type":"Feature","geometry":{"type":"Point","coordinates":[-88.025,15.5047]},"properties":{"k":"851e7ba915b877da","c":"#BB7C86","r":4.0,"n":"MS-13 San Pedro Sula Clique - Honduras","p":1}},{"type":"Feature","geometry":{"type":"Point","coordinates":[-89.2182,13.6929]},"properties":{"k":"b2db92715dc74bec","c":"#BB7C86","r":4.0,"n":"Barrio 18 Revolucionarios - El Salvador","p":1}},{"type":"Feature","geometry":{"type":"Point","coordinates":[-89.205,13.71]},"properties":{"k":"f3c40441c2268f7e","c":"#BB7C86","r":4.0,"n":"Barrio 18 Sure\u00f1os - El Salvador","p":1}},{"type":"Feature","geometry":{"type":"Point","coordinates":[-90.5069,14.6349]},"properties":{"k":"d5d0dc5e66e3c92e","c":"#BB7C86","r":4.0,"n":"Barrio 18 Guatemala City Faction","p":1}},{"type":"Feature","geometry":{"type":"Point","coordinates":[-118.2468,34.0407]},"properties":{"k":"d40fce459149a1ea","c":"#9E5261","r":4.0,"n":"Barrio 18 Los Angeles - Original Clique","p":1}},{"type":"Feature","geometry":{"type":"Point","coordinates":[-87.1921,14.0723]},"properties":{"k":"635e774931255e1c","c":"#BB7C86","r":4.0,"n":"Barrio 18 Tegucigalpa Faction - Honduras","p":1}},{"type":"Feature","geometry":{"type":"Point","coordinates":[-71.0589,42.3601]},"properties":{"k":"bd4d9c800b53f115","c":"#9E5261","r":4.0,"n":"MS-13 Boston Locos Salvatrucha - Massachusetts","p":1}},{"type":"Feature","geometry":{"type":"Point","coordinates":[-80.8431,35.2271]},"properties":{"k":"874301e000c41067","c":"#9E5261","r":4.0,"n":"MS-13 Charlotte Locos Salvatrucha - North Carolina","p":1}},{"type":"Feature","geometry":{"type":"Point","coordinates":[-115.1398,36.1699]},"properties":{"k":"c341db4233fc8b9d","c":"#9E5261","r":4.0,"n":"MS-13 Las Vegas Locos Salvatrucha - Nevada","p":1}},{"type":"Feature","geometry":{"type":"Point","coordinates":[-88.9,13.8]},"properties":{"k":"18ceaf51a0016b12","c":"#BB7C86","r":4.0,"n":"MS-13 El Salvador Rural Cliques","p":1}},{"type":"Feature","geometry":{"type":"Point","coordinates":[-92.2333,14.5333]},"properties":{"k":"3317bafb3e9fabf7","c":"#BA7979","r":4.0,"n":"MS-13 Mexico Southern Border Clique","p":1}},{"type":"Feature","geometry":{"type":"Point","coordinates":[-118.2826,34.0522]},"properties":{"k":"6b63ed2de4ff444e","c":"#9E5261","r":4.0,"n":"Barrio 18 Los Angeles - Pico-Union Clique","p":1}},{"type":"Feature","geometry":{"type":"Point","coordinates":[-89.23,13.7]},"properties":{"k":"82249998c211391f","c":"#BB7C86","r":4.0,"n":"Barrio 18 San Salvador Periphery Faction","p":1}},{"type":"Feature","geometry":{"type":"Point","coordinates":[-89.5599,13.9942]},"properties":{"k":"792c2f7b0a6875c0","c":"#BB7C86","r":4.0,"n":"Barrio 18 Santa Ana Faction - El Salvador","p":1}},{"type":"Feature","geometry":{"type":"Point","coordinates":[-76.7931,17.9714]},"properties":{"k":"e3b229972510e6b5","c":"#4A8690","r":4.0,"n":"Shower Posse","p":1}},{"type":"Feature","geometry":{"type":"Point","coordinates":[-76.7965,18.0179]},"properties":{"k":"274183ff7214d431","c":"#4A8690","r":4.0,"n":"Spangler Posse","p":1}},{"type":"Feature","geometry":{"type":"Point","coordinates":[-76.8814,17.9914]},"properties":{"k":"ac324ea296b9b224","c":"#4A8690","r":4.0,"n":"Renkers Gang","p":1}},{"type":"Feature","geometry":{"type":"Point","coordinates":[-76.8756,17.9899]},"properties":{"k":"4c1282c2da9f8cea","c":"#4A8690","r":4.0,"n":"Klansman Gang","p":1}},{"type":"Feature","geometry":{"type":"Point","coordinates":[-76.791,18.0052]},"properties":{"k":"c597c1e5202138c5","c":"#4A8690","r":4.0,"n":"One Order Gang","p":1}},{"type":"Feature","geometry":{"type":"Point","coordinates":[-76.782,17.975]},"properties":{"k":"d5440bd690eccfb9","c":"#4A8690","r":4.0,"n":"Clansman Gang","p":1}},{"type":"Feature","geometry":{"type":"Point","coordinates":[-69.9312,18.4861]},"properties":{"k":"899f0f161074c112","c":"#4A8690","r":4.0,"n":"Los Trinitarios","p":1}},{"type":"Feature","geometry":{"type":"Point","coordinates":[-69.8933,18.4756]},"properties":{"k":"3fcd323f7e9b5d95","c":"#4A8690","r":4.0,"n":"Los Pueblos","p":1}},{"type":"Feature","geometry":{"type":"Point","coordinates":[-69.9395,18.4692]},"properties":{"k":"a63700cd4160a8aa","c":"#4A8690","r":4.0,"n":"La 42 Gang","p":1}},{"type":"Feature","geometry":{"type":"Point","coordinates":[-61.5019,10.6549]},"properties":{"k":"1768ed029ef15ec2","c":"#4A8690","r":4.0,"n":"Rasta City Gang","p":1}},{"type":"Feature","geometry":{"type":"Point","coordinates":[-61.5088,10.6639]},"properties":{"k":"2109f6a18e078ab2","c":"#4A8690","r":4.0,"n":"Sixx Gang","p":1}},{"type":"Feature","geometry":{"type":"Point","coordinates":[-61.5121,10.6587]},"properties":{"k":"952da3656829da42","c":"#4A8690","r":4.0,"n":"Seven Gang","p":1}},{"type":"Feature","geometry":{"type":"Point","coordinates":[-61.5103,10.6476]},"properties":{"k":"c3629dc3b698f586","c":"#4A8690","r":4.0,"n":"Unruly Gang","p":1}},{"type":"Feature","geometry":{"type":"Point","coordinates":[-61.2225,10.6918]},"properties":{"k":"218236dbb8e950c4","c":"#4A8690","r":4.0,"n":"Muslim Gang (Jamaat al Muslimeen affiliates)","p":1}},{"type":"Feature","geometry":{"type":"Point","coordinates":[-61.4156,10.6421]},"properties":{"k":"846553c668796f02","c":"#4A8690","r":4.0,"n":"Greenvale Gang","p":1}},{"type":"Feature","geometry":{"type":"Point","coordinates":[-87.6298,41.8781]},"properties":{"k":"dccb4ba21913bd78","c":"#A95959","r":4.0,"n":"Chicago Outfit","p":1}},{"type":"Feature","geometry":{"type":"Point","coordinates":[-74.006,40.7128]},"properties":{"k":"9bcd120e22c799d5","c":"#A95959","r":4.0,"n":"Gambino Crime Family","p":1}},{"type":"Feature","geometry":{"type":"Point","coordinates":[-73.9851,40.7589]},"properties":{"k":"33bf82346dfb80db","c":"#A95959","r":4.0,"n":"Genovese Crime Family","p":1}},{"type":"Feature","geometry":{"type":"Point","coordinates":[-118.2437,34.0522]},"properties":{"k":"990e7f92036f3ad4","c":"#A95959","r":4.0,"n":"Bloods","p":1}},{"type":"Feature","geometry":{"type":"Point","coordinates":[-118.2468,33.9806]},"properties":{"k":"edc61f9c2341f864","c":"#A95959","r":4.0,"n":"Crips","p":1}},{"type":"Feature","geometry":{"type":"Point","coordinates":[-87.6847,41.8369]},"properties":{"k":"4aed31e26a6bbe24","c":"#A95959","r":4.0,"n":"Latin Kings","p":1}},{"type":"Feature","geometry":{"type":"Point","coordinates":[-122.4194,37.7749]},"properties":{"k":"79fe1e099ba7e575","c":"#A95959","r":4.0,"n":"Aryan Brotherhood","p":1}},{"type":"Feature","geometry":{"type":"Point","coordinates":[-118.2468,34.0407]},"properties":{"k":"c1efa808e07a7a9f","c":"#A95959","r":4.0,"n":"Mexican Mafia (La Eme)","p":1}},{"type":"Feature","geometry":{"type":"Point","coordinates":[-122.4194,37.7749]},"properties":{"k":"875958b8105b994a","c":"#A95959","r":4.0,"n":"Hells Angels MC","p":1}},{"type":"Feature","geometry":{"type":"Point","coordinates":[-73.5673,45.5017]},"properties":{"k":"168c800a4173ec34","c":"#A95959","r":4.0,"n":"Rizzuto Crime Family","p":1}},{"type":"Feature","geometry":{"type":"Point","coordinates":[-73.5878,45.5088]},"properties":{"k":"629b6012a93e4afc","c":"#A95959","r":4.0,"n":"Hells Angels Quebec","p":1}},{"type":"Feature","geometry":{"type":"Point","coordinates":[-123.1207,49.2827]},"properties":{"k":"b1dfeaeee64cf656","c":"#A95959","r":4.0,"n":"United Nations Gang","p":1}},{"type":"Feature","geometry":{"type":"Point","coordinates":[-6.2603,53.3498]},"properties":{"k":"99503c324901bb8c","c":"#8A71B6","r":4.0,"n":"Kinahan Cartel","p":1}},{"type":"Feature","geometry":{"type":"Point","coordinates":[4.9041,52.3676]},"properties":{"k":"11b8ebcc79433cee","c":"#8A71B6","r":4.0,"n":"Taghi Organization (Ridouan Taghi)","p":1}},{"type":"Feature","geometry":{"type":"Point","coordinates":[4.8945,52.3667]},"properties":{"k":"9d8aa09de4eb58c8","c":"#8A71B6","r":4.0,"n":"Naoufal 'Noffel' Fassih Organization","p":1}},{"type":"Feature","geometry":{"type":"Point","coordinates":[4.8952,52.3702]},"properties":{"k":"516027c6e349665e","c":"#8A71B6","r":4.0,"n":"Benaouf Organization","p":1}},{"type":"Feature","geometry":{"type":"Point","coordinates":[5.1214,52.0907]},"properties":{"k":"08c9e84fbef7235b","c":"#8A71B6","r":4.0,"n":"Houssine Ait el Hadsch Network","p":1}},{"type":"Feature","geometry":{"type":"Point","coordinates":[4.92,52.355]},"properties":{"k":"a9f56d0f198eaeb8","c":"#8A71B6","r":4.0,"n":"Caloh Wagoh MC","p":1}},{"type":"Feature","geometry":{"type":"Point","coordinates":[4.9,52.37]},"properties":{"k":"1ce8866ed3c894c1","c":"#8A71B6","r":4.0,"n":"No Surrender MC Netherlands","p":1}},{"type":"Feature","geometry":{"type":"Point","coordinates":[8.7389,41.9028]},"properties":{"k":"c5aae4ee14035393","c":"#8A71B6","r":4.0,"n":"Corsican Mafia","p":1}},{"type":"Feature","geometry":{"type":"Point","coordinates":[-8.8734,42.5951]},"properties":{"k":"18cbce4d38e486d3","c":"#8A71B6","r":4.0,"n":"Charl\u00edn Family (Oubi\u00f1a Family)","p":1}},{"type":"Feature","geometry":{"type":"Point","coordinates":[-8.8156,42.5074]},"properties":{"k":"e563fdba34f12758","c":"#8A71B6","r":4.0,"n":"Sito Mi\u00f1anco Organization","p":1}},{"type":"Feature","geometry":{"type":"Point","coordinates":[-8.9907,42.5598]},"properties":{"k":"c1d94f7a23cf5dd6","c":"#8A71B6","r":4.0,"n":"Marcial Dorado Organization","p":1}},{"type":"Feature","geometry":{"type":"Point","coordinates":[-8.8734,42.5951]},"properties":{"k":"6b4450cdbdc11e43","c":"#8A71B6","r":4.0,"n":"Los Caneos Clan","p":1}},{"type":"Feature","geometry":{"type":"Point","coordinates":[-8.865,42.585]},"properties":{"k":"ab198df7727f7937","c":"#8A71B6","r":4.0,"n":"Falconetti Clan","p":1}},{"type":"Feature","geometry":{"type":"Point","coordinates":[-9.1393,38.7223]},"properties":{"k":"275058bc479f8abd","c":"#8A71B6","r":4.0,"n":"Vale do Tejo Drug Clan","p":1}},{"type":"Feature","geometry":{"type":"Point","coordinates":[-8.6291,41.1579]},"properties":{"k":"2e5d1379f2484bdb","c":"#8A71B6","r":4.0,"n":"Porto Drug Networks","p":1}},{"type":"Feature","geometry":{"type":"Point","coordinates":[-7.9304,37.0179]},"properties":{"k":"74745da62d352f4d","c":"#8A71B6","r":4.0,"n":"Algarve Trafficking Groups","p":1}},{"type":"Feature","geometry":{"type":"Point","coordinates":[-0.1054,51.5559]},"properties":{"k":"99c3947bd3cbef12","c":"#8A71B6","r":4.0,"n":"Adams Family (A-Team)","p":1}},{"type":"Feature","geometry":{"type":"Point","coordinates":[-0.0723,51.5905]},"properties":{"k":"17fcfc91547d030c","c":"#8A71B6","r":4.0,"n":"Tottenham Mandem (TMD / Tottenham Boys)","p":1}},{"type":"Feature","geometry":{"type":"Point","coordinates":[-0.0699,51.4738]},"properties":{"k":"a69cae9dc19504d6","c":"#8A71B6","r":4.0,"n":"Peckham Boys (PK, Black Gang)","p":1}},{"type":"Feature","geometry":{"type":"Point","coordinates":[-0.0826,51.4831]},"properties":{"k":"242ec4b20b83325f","c":"#8A71B6","r":4.0,"n":"Ghetto Boys (GAS Gang, Gangsters Always Stick)","p":1}},{"type":"Feature","geometry":{"type":"Point","coordinates":[0.0648,51.4897]},"properties":{"k":"8c12107466bdbd06","c":"#8A71B6","r":4.0,"n":"Woolwich Boys (Artillery)","p":1}},{"type":"Feature","geometry":{"type":"Point","coordinates":[-0.1132,51.4649]},"properties":{"k":"0fdc6472d32ca970","c":"#8A71B6","r":4.0,"n":"Moscow17 (M17, Zone 2)","p":1}},{"type":"Feature","geometry":{"type":"Point","coordinates":[-0.1157,51.4613]},"properties":{"k":"e3a284ade3fabcd4","c":"#8A71B6","r":4.0,"n":"410 Gang (Brixton)","p":1}},{"type":"Feature","geometry":{"type":"Point","coordinates":[-0.0826,51.4831]},"properties":{"k":"05acc7f7993ba554","c":"#8A71B6","r":4.0,"n":"67 Gang (RP, Lets Lurk, SOS)","p":1}},{"type":"Feature","geometry":{"type":"Point","coordinates":[-0.0699,51.4738]},"properties":{"k":"81edfcc97a6ce9a5","c":"#8A71B6","r":4.0,"n":"Harlem Spartans (HS)","p":1}},{"type":"Feature","geometry":{"type":"Point","coordinates":[-0.124,51.5307]},"properties":{"k":"d409b60cdc8fc539","c":"#8A71B6","r":4.0,"n":"Showkey Gang","p":1}},{"type":"Feature","geometry":{"type":"Point","coordinates":[-0.0946,51.5264]},"properties":{"k":"926c0b077f0cef7d","c":"#8A71B6","r":4.0,"n":"Murder Zone (M20, Mali Strip)","p":1}},{"type":"Feature","geometry":{"type":"Point","coordinates":[-0.0769,51.5308]},"properties":{"k":"a9ea92dc4b4e6271","c":"#8A71B6","r":4.0,"n":"Hoxton Gang","p":1}},{"type":"Feature","geometry":{"type":"Point","coordinates":[-0.0553,51.545]},"properties":{"k":"39615078e629284d","c":"#8A71B6","r":4.0,"n":"E9 Inmates (Hackney)","p":1}},{"type":"Feature","geometry":{"type":"Point","coordinates":[-0.1006,51.6017]},"properties":{"k":"bac24df5e964f5ad","c":"#8A71B6","r":4.0,"n":"NPK (Sin Squad, Ngang)","p":1}},{"type":"Feature","geometry":{"type":"Point","coordinates":[-0.0792,51.5976]},"properties":{"k":"5d453f2f96b48d30","c":"#8A71B6","r":4.0,"n":"OFB (Original Farm Boys, Broadwater Farm)","p":1}},{"type":"Feature","geometry":{"type":"Point","coordinates":[-0.1054,51.5559]},"properties":{"k":"e551bb443439a4bf","c":"#8A71B6","r":4.0,"n":"CGM (Cumbo Gang Mafia, 1011)","p":1}},{"type":"Feature","geometry":{"type":"Point","coordinates":[5.3698,43.2965]},"properties":{"k":"861a3988a84b4c42","c":"#8A71B6","r":4.0,"n":"DZ Mafia (Algerian Networks)","p":1}},{"type":"Feature","geometry":{"type":"Point","coordinates":[5.38,43.305]},"properties":{"k":"5f400929e51f7d2a","c":"#8A71B6","r":4.0,"n":"Yoda Gang","p":1}},{"type":"Feature","geometry":{"type":"Point","coordinates":[5.365,43.29]},"properties":{"k":"9e8796ba134bdd9a","c":"#8A71B6","r":4.0,"n":"Paternelle Clan","p":1}},{"type":"Feature","geometry":{"type":"Point","coordinates":[4.4025,51.2194]},"properties":{"k":"ff52614d9d9054c5","c":"#8A71B6","r":4.0,"n":"Moh (Mohamed) Family","p":1}},{"type":"Feature","geometry":{"type":"Point","coordinates":[4.4025,51.2194]},"properties":{"k":"97153411c55cc0eb","c":"#8A71B6","r":4.0,"n":"Taghi Organization - Belgian Cell","p":1}},{"type":"Feature","geometry":{"type":"Point","coordinates":[4.4025,51.2194]},"properties":{"k":"91a25b83a15f3c8d","c":"#8A71B6","r":4.0,"n":"Antwerp Port Cocaine Importers","p":1}},{"type":"Feature","geometry":{"type":"Point","coordinates":[20.813,52.1672]},"properties":{"k":"ff50f1800f5692ea","c":"#8A71B6","r":4.0,"n":"Polish Mafia (Pruszk\u00f3w)","p":1}},{"type":"Feature","geometry":{"type":"Point","coordinates":[13.405,52.52]},"properties":{"k":"1a0d38cbbce7ad40","c":"#8A71B6","r":4.0,"n":"German Hells Angels","p":1}},{"type":"Feature","geometry":{"type":"Point","coordinates":[18.0686,59.3293]},"properties":{"k":"73404b6be9df8103","c":"#8A71B6","r":4.0,"n":"D\u00f6dspatrullen (Death Patrol)","p":1}},{"type":"Feature","geometry":{"type":"Point","coordinates":[18.062,59.336]},"properties":{"k":"a699472d1c948d91","c":"#8A71B6","r":4.0,"n":"Concrete Guerrillas (Betonggerillan)","p":1}},{"type":"Feature","geometry":{"type":"Point","coordinates":[18.041,59.347]},"properties":{"k":"cf653deb448d506e","c":"#8A71B6","r":4.0,"n":"Original Gangsters (OG)","p":1}},{"type":"Feature","geometry":{"type":"Point","coordinates":[18.07,59.325]},"properties":{"k":"e5fe3b8c1e8067f2","c":"#8A71B6","r":4.0,"n":"Naserligan","p":1}},{"type":"Feature","geometry":{"type":"Point","coordinates":[18.065,59.33]},"properties":{"k":"c7f29b0a1d533787","c":"#8A71B6","r":4.0,"n":"Werewolf Legion (Vargavinter)","p":1}},{"type":"Feature","geometry":{"type":"Point","coordinates":[-77.0428,-12.0464]},"properties":{"k":"512cde285d654b08","c":"#B36C73","r":4.0,"n":"Shining Path Remnants","p":1}},{"type":"Feature","geometry":{"type":"Point","coordinates":[-79.0288,-8.1116]},"properties":{"k":"a0ca48766a78045f","c":"#B36C73","r":4.0,"n":"Trujillo Cocaine Trafficking Organization","p":1}},{"type":"Feature","geometry":{"type":"Point","coordinates":[-73.2516,-3.7437]},"properties":{"k":"b2b566d33673876a","c":"#B36C73","r":4.0,"n":"Iquitos Amazon Cocaine Network","p":1}},{"type":"Feature","geometry":{"type":"Point","coordinates":[-70.0219,-15.8402]},"properties":{"k":"b1e756e27821ff9e","c":"#B36C73","r":4.0,"n":"Puno Border Cocaine Smugglers","p":1}},{"type":"Feature","geometry":{"type":"Point","coordinates":[-63.1821,-17.7833]},"properties":{"k":"67e50cfe1d4d8dc2","c":"#B36C73","r":4.0,"n":"Santa Cruz Cocaine Trafficking Network","p":1}},{"type":"Feature","geometry":{"type":"Point","coordinates":[-66.1568,-17.3895]},"properties":{"k":"af7885e454bcf414","c":"#B36C73","r":4.0,"n":"Cochabamba Coca Cultivation Syndicate","p":1}},{"type":"Feature","geometry":{"type":"Point","coordinates":[-68.15,-16.5]},"properties":{"k":"b02d9970bb8ad7e6","c":"#B36C73","r":4.0,"n":"La Paz Cocaine Distribution Gang","p":1}},{"type":"Feature","geometry":{"type":"Point","coordinates":[-66.9036,10.4806]},"properties":{"k":"4c5fe23a1b0fa201","c":"#B36C73","r":4.0,"n":"Venezuelan Cartel of the Suns","p":1}},{"type":"Feature","geometry":{"type":"Point","coordinates":[-67.4756,7.8875]},"properties":{"k":"7f0d16e7855f3af6","c":"#B36C73","r":4.0,"n":"Cartel of the Suns - Apure State Cell","p":1}},{"type":"Feature","geometry":{"type":"Point","coordinates":[-71.6128,10.6666]},"properties":{"k":"9083fa76f84b885a","c":"#B36C73","r":4.0,"n":"Cartel of the Suns - Zulia State Cell","p":1}},{"type":"Feature","geometry":{"type":"Point","coordinates":[-67.6057,10.06]},"properties":{"k":"cfd5a2ebf40c7636","c":"#B36C73","r":4.0,"n":"Tren de Aragua","p":1}},{"type":"Feature","geometry":{"type":"Point","coordinates":[-67.995,10.17]},"properties":{"k":"d0a8a24ac13922d3","c":"#B36C73","r":4.0,"n":"Sindicato del Valle","p":1}},{"type":"Feature","geometry":{"type":"Point","coordinates":[-66.8792,10.488]},"properties":{"k":"0787100d46f2417d","c":"#B36C73","r":4.0,"n":"El Coqui Gang","p":1}},{"type":"Feature","geometry":{"type":"Point","coordinates":[-60.6505,-32.9442]},"properties":{"k":"35732a12552699fc","c":"#B36C73","r":4.0,"n":"Los Monos","p":1}},{"type":"Feature","geometry":{"type":"Point","coordinates":[-60.638,-32.952]},"properties":{"k":"5cdf1800064117bc","c":"#B36C73","r":4.0,"n":"Alvarado Gang","p":1}},{"type":"Feature","geometry":{"type":"Point","coordinates":[-58.47,-34.669]},"properties":{"k":"0c7ada0db0ade0f6","c":"#B36C73","r":4.0,"n":"Villa Caraza Gang","p":1}},{"type":"Feature","geometry":{"type":"Point","coordinates":[-58.415,-34.635]},"properties":{"k":"3f87c06cc22b1c37","c":"#B36C73","r":4.0,"n":"Villa 1-11-14 Gang","p":1}},{"type":"Feature","geometry":{"type":"Point","coordinates":[72.8347,18.922]},"properties":{"k":"ae472ac4da3430b3","c":"#A85668","r":4.0,"n":"D-Company (Dawood Ibrahim)","p":1}},{"type":"Feature","geometry":{"type":"Point","coordinates":[64.0051,31.3959]},"properties":{"k":"a29bd3682f6083cb","c":"#A85668","r":4.0,"n":"Helmand Trafficking Families","p":1}},{"type":"Feature","geometry":{"type":"Point","coordinates":[65.7178,31.6082]},"properties":{"k":"b4c451c04049e18b","c":"#A85668","r":4.0,"n":"Kandahar Drug Lords","p":1}},{"type":"Feature","geometry":{"type":"Point","coordinates":[62.2039,34.3414]},"properties":{"k":"47921b396c20a916","c":"#A85668","r":4.0,"n":"Herat Province Trafficking Network","p":1}},{"type":"Feature","geometry":{"type":"Point","coordinates":[70.8119,36.7347]},"properties":{"k":"00eb8f7514ef49fc","c":"#A85668","r":4.0,"n":"Badakhshan Mountain Traffickers","p":1}},{"type":"Feature","geometry":{"type":"Point","coordinates":[62.4504,31.0261]},"properties":{"k":"2b19caea276cb328","c":"#A85668","r":4.0,"n":"Nimroz Province Smuggling Network","p":1}},{"type":"Feature","geometry":{"type":"Point","coordinates":[66.6331,32.9289]},"properties":{"k":"80065fd629eb5231","c":"#A85668","r":4.0,"n":"Uruzgan Opium Warlords","p":1}},{"type":"Feature","geometry":{"type":"Point","coordinates":[62.1201,32.3753]},"properties":{"k":"9f54c3476bcf0907","c":"#A85668","r":4.0,"n":"Farah Province Trafficking Gangs","p":1}},{"type":"Feature","geometry":{"type":"Point","coordinates":[67.1079,36.7581]},"properties":{"k":"ce46bdc16d67302e","c":"#A85668","r":4.0,"n":"Balkh Province Drug Networks","p":1}},{"type":"Feature","geometry":{"type":"Point","coordinates":[67.1079,32.1853]},"properties":{"k":"a69d833449719614","c":"#A85668","r":4.0,"n":"Zabul Province Opium Cultivators","p":1}},{"type":"Feature","geometry":{"type":"Point","coordinates":[71.0964,34.8403]},"properties":{"k":"eaf6fd73ef76a332","c":"#A85668","r":4.0,"n":"Kunar Province Border Smugglers","p":1}},{"type":"Feature","geometry":{"type":"Point","coordinates":[70.4492,34.4282]},"properties":{"k":"3062814dc4ede685","c":"#A85668","r":4.0,"n":"Jalalabad Opium Trafficking Network","p":1}},{"type":"Feature","geometry":{"type":"Point","coordinates":[70.75,34.1167]},"properties":{"k":"f1b4d7bb0263b646","c":"#A85668","r":4.0,"n":"Achin District Poppy Cultivation Syndicate","p":1}},{"type":"Feature","geometry":{"type":"Point","coordinates":[71.1453,34.0692]},"properties":{"k":"9b29f47a281e4586","c":"#A85668","r":4.0,"n":"Torkham Border Smuggling Ring","p":1}},{"type":"Feature","geometry":{"type":"Point","coordinates":[70.6217,34.1717]},"properties":{"k":"b134feb65fe88ac4","c":"#A85668","r":4.0,"n":"Nangarhar Taliban Drug Taxation Network","p":1}},{"type":"Feature","geometry":{"type":"Point","coordinates":[66.9894,24.8704]},"properties":{"k":"fd256702b0e2c799","c":"#A85668","r":4.0,"n":"Uzair Baloch Gang (Peoples Amn Committee)","p":1}},{"type":"Feature","geometry":{"type":"Point","coordinates":[66.992,24.865]},"properties":{"k":"b87de14aab404b56","c":"#A85668","r":4.0,"n":"Baba Ladla Gang (Rehman Dakait gang)","p":1}},{"type":"Feature","geometry":{"type":"Point","coordinates":[66.985,24.875]},"properties":{"k":"196eba9af8c0c908","c":"#A85668","r":4.0,"n":"Arshad Pappu Gang","p":1}},{"type":"Feature","geometry":{"type":"Point","coordinates":[66.991,24.868]},"properties":{"k":"7b5e96ad09ef9dfc","c":"#A85668","r":4.0,"n":"Akram Baloch Gang","p":1}},{"type":"Feature","geometry":{"type":"Point","coordinates":[67.0011,24.8607]},"properties":{"k":"9531c8069274b4e0","c":"#A85668","r":4.0,"n":"MQM Criminal Wing (Muttahida Qaumi Movement)","p":1}},{"type":"Feature","geometry":{"type":"Point","coordinates":[72.8777,19.076]},"properties":{"k":"9e826828a336fe33","c":"#A85668","r":4.0,"n":"Ravi Pujari Gang","p":1}},{"type":"Feature","geometry":{"type":"Point","coordinates":[72.857,19.094]},"properties":{"k":"6a26c7fd8034b2d4","c":"#A85668","r":4.0,"n":"Abu Salem Gang","p":1}},{"type":"Feature","geometry":{"type":"Point","coordinates":[72.8347,18.922]},"properties":{"k":"5a1b57d3faf52acc","c":"#A85668","r":4.0,"n":"Chota Shakeel Gang (D-Company lieutenant)","p":1}},{"type":"Feature","geometry":{"type":"Point","coordinates":[72.857,19.033]},"properties":{"k":"0ca33cf6af3e5cc2","c":"#A85668","r":4.0,"n":"Ejaz Lakdawala Gang","p":1}},{"type":"Feature","geometry":{"type":"Point","coordinates":[68.7738,38.5598]},"properties":{"k":"618eec1062265b2f","c":"#A85668","r":4.0,"n":"Tajik-Uzbek Drug Networks","p":1}},{"type":"Feature","geometry":{"type":"Point","coordinates":[-4.5463,34.9247]},"properties":{"k":"d5ea3a0e669f7420","c":"#45877F","r":4.0,"n":"Jamal Family (Ketama)","p":1}},{"type":"Feature","geometry":{"type":"Point","coordinates":[-5.2636,35.1711]},"properties":{"k":"86b0b3c9fe73e13c","c":"#45877F","r":4.0,"n":"Moussaoui Family (Chefchaouen)","p":1}},{"type":"Feature","geometry":{"type":"Point","coordinates":[-5.3626,35.5889]},"properties":{"k":"665b769f20d0eba3","c":"#45877F","r":4.0,"n":"Tetouan Trafficking Families","p":1}},{"type":"Feature","geometry":{"type":"Point","coordinates":[-15.5984,11.8636]},"properties":{"k":"65ff8a1bbaf8729f","c":"#45877F","r":4.0,"n":"Guinea-Bissau Military-Political Drug Networks","p":1}},{"type":"Feature","geometry":{"type":"Point","coordinates":[36.8219,-1.2921]},"properties":{"k":"f318a2c117742af1","c":"#45877F","r":4.0,"n":"Mungiki Sect","p":1}},{"type":"Feature","geometry":{"type":"Point","coordinates":[36.8419,-1.2674]},"properties":{"k":"a77a4ba02c3fe85d","c":"#45877F","r":4.0,"n":"Baghdad Boys","p":1}},{"type":"Feature","geometry":{"type":"Point","coordinates":[36.807,-1.3028]},"properties":{"k":"faa9a228fbf9b8d9","c":"#45877F","r":4.0,"n":"Kamjeshi Gang","p":1}},{"type":"Feature","geometry":{"type":"Point","coordinates":[36.82,-1.285]},"properties":{"k":"11fdcdd78a13cdb7","c":"#45877F","r":4.0,"n":"Superpower Gang","p":1}},{"type":"Feature","geometry":{"type":"Point","coordinates":[39.6682,-4.0435]},"properties":{"k":"7122e6a26f221d7c","c":"#45877F","r":4.0,"n":"42 Brothers (Mombasa)","p":1}},{"type":"Feature","geometry":{"type":"Point","coordinates":[39.2083,-6.7924]},"properties":{"k":"894880027b764089","c":"#45877F","r":4.0,"n":"Dar es Salaam Port Networks","p":1}},{"type":"Feature","geometry":{"type":"Point","coordinates":[39.2026,-6.1659]},"properties":{"k":"49702ec6ae3a0b51","c":"#45877F","r":4.0,"n":"Zanzibar Trafficking Groups","p":1}},{"type":"Feature","geometry":{"type":"Point","coordinates":[13.2344,-8.8383]},"properties":{"k":"69dbd14f2d75e962","c":"#45877F","r":4.0,"n":"Angolan Diamond Smugglers","p":1}},{"type":"Feature","geometry":{"type":"Point","coordinates":[121.5654,25.033]},"properties":{"k":"007d906f88e92482","c":"#BA7984","r":4.0,"n":"Bamboo Union (Zhu Lian Bang)","p":1}},{"type":"Feature","geometry":{"type":"Point","coordinates":[121.5319,25.0478]},"properties":{"k":"9de0c5fed2172d6d","c":"#BA7984","r":4.0,"n":"Four Seas Gang (Si Hai Bang)","p":1}},{"type":"Feature","geometry":{"type":"Point","coordinates":[126.978,37.5665]},"properties":{"k":"c7f262524b03ad12","c":"#BA7A9A","r":4.0,"n":"Ssangkal-pa Gang","p":1}},{"type":"Feature","geometry":{"type":"Point","coordinates":[126.7052,37.4563]},"properties":{"k":"52fe1bbcaadf0294","c":"#BA7A9A","r":4.0,"n":"Chilsung-pa Gang","p":1}},{"type":"Feature","geometry":{"type":"Point","coordinates":[129.0756,35.1796]},"properties":{"k":"be384a2c723cb36f","c":"#BA7A9A","r":4.0,"n":"Busan Jopok Networks","p":1}},{"type":"Feature","geometry":{"type":"Point","coordinates":[128.6014,35.8714]},"properties":{"k":"613d9014d12748eb","c":"#BA7A9A","r":4.0,"n":"Daegu Jopok Networks","p":1}},{"type":"Feature","geometry":{"type":"Point","coordinates":[106.8456,-6.2088]},"properties":{"k":"436dd73afc14b0d1","c":"#9F7FBD","r":4.0,"n":"Hercules Gang","p":1}},{"type":"Feature","geometry":{"type":"Point","coordinates":[106.827,-6.175]},"properties":{"k":"f594d1d82465cc83","c":"#9F7FBD","r":4.0,"n":"John Kei Gang","p":1}},{"type":"Feature","geometry":{"type":"Point","coordinates":[106.8229,-6.1944]},"properties":{"k":"3b4e7082bdb8cc13","c":"#9F7FBD","r":4.0,"n":"Jakarta Tionghoa Kongsi Network","p":1}},{"type":"Feature","geometry":{"type":"Point","coordinates":[112.7688,-7.2504]},"properties":{"k":"d2c18f1e51c290a8","c":"#9F7FBD","r":4.0,"n":"Surabaya Kongsi Gelap Syndicate","p":1}},{"type":"Feature","geometry":{"type":"Point","coordinates":[98.6722,3.5952]},"properties":{"k":"00a7743dc5af1bd8","c":"#9F7FBD","r":4.0,"n":"Medan Chinese Secret Society Gang","p":1}},{"type":"Feature","geometry":{"type":"Point","coordinates":[110.4167,-6.9667]},"properties":{"k":"4fce6e07a89b745c","c":"#9F7FBD","r":4.0,"n":"Semarang Kongsi Network","p":1}},{"type":"Feature","geometry":{"type":"Point","coordinates":[101.6869,3.139]},"properties":{"k":"e1477dc44fb93966","c":"#9F7FBD","r":4.0,"n":"Gang 04","p":1}},{"type":"Feature","geometry":{"type":"Point","coordinates":[101.7,3.152]},"properties":{"k":"c2bae6fd0f6e5374","c":"#9F7FBD","r":4.0,"n":"Gang 08","p":1}},{"type":"Feature","geometry":{"type":"Point","coordinates":[101.68,3.138]},"properties":{"k":"43928b1ee1f86813","c":"#9F7FBD","r":4.0,"n":"Gang 24","p":1}},{"type":"Feature","geometry":{"type":"Point","coordinates":[101.695,3.145]},"properties":{"k":"ffe76a89dc9a452b","c":"#9F7FBD","r":4.0,"n":"Gang 36","p":1}},{"type":"Feature","geometry":{"type":"Point","coordinates":[101.6869,3.139]},"properties":{"k":"0818ef8bd6db38cf","c":"#9F7FBD","r":4.0,"n":"Kuala Lumpur Ah Long Network","p":1}},{"type":"Feature","geometry":{"type":"Point","coordinates":[100.3327,5.4164]},"properties":{"k":"4a377fba0b2f3803","c":"#9F7FBD","r":4.0,"n":"Penang Ah Long Gang","p":1}},{"type":"Feature","geometry":{"type":"Point","coordinates":[103.7414,1.4927]},"properties":{"k":"199ccd9b037db687","c":"#9F7FBD","r":4.0,"n":"Johor Bahru Ah Long Syndicate","p":1}},{"type":"Feature","geometry":{"type":"Point","coordinates":[103.8198,1.3521]},"properties":{"k":"d9349627574eaecd","c":"#BA7984","r":4.0,"n":"Singapore Ah Long Network","p":1}},{"type":"Feature","geometry":{"type":"Point","coordinates":[103.8198,1.3521]},"properties":{"k":"1f96d0525b7ebc83","c":"#BA7984","r":4.0,"n":"Singaporean Triads","p":1}},{"type":"Feature","geometry":{"type":"Point","coordinates":[102.6331,17.9757]},"properties":{"k":"2fffd60240b16e5b","c":"#9F7FBD","r":4.0,"n":"Xaysana Keopimpha Organization","p":1}},{"type":"Feature","geometry":{"type":"Point","coordinates":[100.408,20.283]},"properties":{"k":"fd9a0943820d5a27","c":"#9F7FBD","r":4.0,"n":"Bokeo Province Traffickers","p":1}},{"type":"Feature","geometry":{"type":"Point","coordinates":[103.5234,10.6271]},"properties":{"k":"645a22f9f233f51e","c":"#9F7FBD","r":4.0,"n":"Zhao Wei Organization","p":1}},{"type":"Feature","geometry":{"type":"Point","coordinates":[103.52,10.63]},"properties":{"k":"8691b04b2c24fe4f","c":"#9F7FBD","r":4.0,"n":"She Zhijiang Network","p":1}},{"type":"Feature","geometry":{"type":"Point","coordinates":[104.9282,11.5564]},"properties":{"k":"83b11c4c3138701f","c":"#9F7FBD","r":4.0,"n":"Cambodian Military Drug Units","p":1}},{"type":"Feature","geometry":{"type":"Point","coordinates":[36.0155,33.8462]},"properties":{"k":"3d84f911c1c3f716","c":"#A95761","r":4.0,"n":"Zeaiter Clan","p":1}},{"type":"Feature","geometry":{"type":"Point","coordinates":[36.02,33.852]},"properties":{"k":"fb25435bf100bd3b","c":"#A95761","r":4.0,"n":"Harb Clan","p":1}},{"type":"Feature","geometry":{"type":"Point","coordinates":[36.01,33.84]},"properties":{"k":"da0aa81a19a02d35","c":"#A95761","r":4.0,"n":"Shamas Clan","p":1}},{"type":"Feature","geometry":{"type":"Point","coordinates":[36.025,33.835]},"properties":{"k":"286aad8eace99eb5","c":"#A95761","r":4.0,"n":"Jaafar Clan","p":1}},{"type":"Feature","geometry":{"type":"Point","coordinates":[51.389,35.6892]},"properties":{"k":"9fbd9b2804f80a12","c":"#A95761","r":4.0,"n":"Iranian Drug Cartels","p":1}},{"type":"Feature","geometry":{"type":"Point","coordinates":[44.3661,33.3152]},"properties":{"k":"97a05cf0a2f9f444","c":"#A95761","r":4.0,"n":"Iraqi Organized Crime","p":1}},{"type":"Feature","geometry":{"type":"Point","coordinates":[174.7762,-41.2865]},"properties":{"k":"ace9bd5e74c6d664","c":"#9F7FBD","r":4.0,"n":"Mongrel Mob","p":1}},{"type":"Feature","geometry":{"type":"Point","coordinates":[175.2793,-37.787]},"properties":{"k":"7d5da085339d58e3","c":"#9F7FBD","r":4.0,"n":"Mongrel Mob - Notorious Chapter","p":1}},{"type":"Feature","geometry":{"type":"Point","coordinates":[174.7633,-36.8485]},"properties":{"k":"3e19ca3e0b6da0bf","c":"#9F7FBD","r":4.0,"n":"Headhunters MC","p":1}},{"type":"Feature","geometry":{"type":"Point","coordinates":[174.75,-36.86]},"properties":{"k":"327e18db053bde8d","c":"#9F7FBD","r":4.0,"n":"Highway 61 MC","p":1}},{"type":"Feature","geometry":{"type":"Point","coordinates":[174.74,-36.84]},"properties":{"k":"c298e26df949ad69","c":"#9F7FBD","r":4.0,"n":"Tribesmen MC","p":1}},{"type":"Feature","geometry":{"type":"Point","coordinates":[174.885,-37.01]},"properties":{"k":"52d9024856e76485","c":"#9F7FBD","r":4.0,"n":"King Cobras","p":1}},{"type":"Feature","geometry":{"type":"Point","coordinates":[174.92,-37.0089]},"properties":{"k":"2c24e5d05a598945","c":"#9F7FBD","r":4.0,"n":"Killer Beez","p":1}},{"type":"Feature","geometry":{"type":"Point","coordinates":[174.7633,-36.8485]},"properties":{"k":"edcb6defb73f7b17","c":"#9F7FBD","r":4.0,"n":"Black Power (NZ)","p":1}},{"type":"Feature","geometry":{"type":"Point","coordinates":[-99.508,27.486]},"properties":{"k":"659cd85cddaf507a","c":"#BA7979","r":4.0,"n":"Cartel del Noreste (CDN)","p":1}},{"type":"Feature","geometry":{"type":"Point","coordinates":[-101.7068,19.5665]},"properties":{"k":"a7e64dd41ed701a4","c":"#BA7979","r":4.0,"n":"La Familia Michoacana","p":1}},{"type":"Feature","geometry":{"type":"Point","coordinates":[-99.2352,18.9214]},"properties":{"k":"5ccc2c439a33b2b3","c":"#BA7979","r":4.0,"n":"Los Rojos","p":1}},{"type":"Feature","geometry":{"type":"Point","coordinates":[-99.8237,17.0542]},"properties":{"k":"4253bbbcd5f66a2b","c":"#BA7979","r":4.0,"n":"Guerreros Unidos","p":1}},{"type":"Feature","geometry":{"type":"Point","coordinates":[-101.156,20.5888]},"properties":{"k":"b190281eeaff5f1d","c":"#BA7979","r":4.0,"n":"C\u00e1rtel de Santa Rosa de Lima","p":1}},{"type":"Feature","geometry":{"type":"Point","coordinates":[-102.0681,19.0414]},"properties":{"k":"2ceb58d795ceee86","c":"#BA7979","r":4.0,"n":"Los Viagras","p":1}},{"type":"Feature","geometry":{"type":"Point","coordinates":[-99.8237,16.8531]},"properties":{"k":"6348f7ee784d1008","c":"#BA7979","r":4.0,"n":"C\u00e1rtel del Pac\u00edfico Sur","p":1}},{"type":"Feature","geometry":{"type":"Point","coordinates":[-112.1589,30.7147]},"properties":{"k":"2ceac1eb8aca437d","c":"#BA7979","r":4.0,"n":"C\u00e1rtel de Caborca","p":1}},{"type":"Feature","geometry":{"type":"Point","coordinates":[-106.0889,28.6353]},"properties":{"k":"58cf009b41a09700","c":"#BA7979","r":4.0,"n":"Los Salazar","p":1}},{"type":"Feature","geometry":{"type":"Point","coordinates":[-106.485,31.7619]},"properties":{"k":"04ee85d908434924","c":"#BA7979","r":4.0,"n":"La L\u00ednea","p":1}},{"type":"Feature","geometry":{"type":"Point","coordinates":[-98.1633,26.0796]},"properties":{"k":"2b46ade8b8363082","c":"#BA7979","r":4.0,"n":"C\u00e1rtel del Golfo - Metros faction","p":1}},{"type":"Feature","geometry":{"type":"Point","coordinates":[-100.9737,25.4382]},"properties":{"k":"fbe8c1b5c18e13b3","c":"#BA7979","r":4.0,"n":"Cartel del Noreste (Old School Zetas)","p":1}},{"type":"Feature","geometry":{"type":"Point","coordinates":[30.5234,50.4501]},"properties":{"k":"ae07c7ec50d916f6","c":"#7891B9","r":4.0,"n":"Ukrainian Mafia","p":1}},{"type":"Feature","geometry":{"type":"Point","coordinates":[44.8271,41.7151]},"properties":{"k":"9cc8dbe2e1e46212","c":"#7891B9","r":4.0,"n":"Georgian Mafia (Vory v Zakone)","p":1}},{"type":"Feature","geometry":{"type":"Point","coordinates":[44.4991,40.1792]},"properties":{"k":"4cca2e33463f3495","c":"#7891B9","r":4.0,"n":"Armenian Mafia","p":1}},{"type":"Feature","geometry":{"type":"Point","coordinates":[45.6986,43.3181]},"properties":{"k":"7e9228815b05b56d","c":"#7891B9","r":4.0,"n":"Chechen Mafia","p":1}},{"type":"Feature","geometry":{"type":"Point","coordinates":[49.8671,40.4093]},"properties":{"k":"8c845ce531128559","c":"#7891B9","r":4.0,"n":"Azeri Mafia","p":1}},{"type":"Feature","geometry":{"type":"Point","coordinates":[26.1025,44.4268]},"properties":{"k":"d0a64cf2814a4480","c":"#7891B9","r":4.0,"n":"Romanian Mafia","p":1}},{"type":"Feature","geometry":{"type":"Point","coordinates":[23.3219,42.6977]},"properties":{"k":"d68f52ef2dbb3b88","c":"#7891B9","r":4.0,"n":"Bulgarian Mafia","p":1}},{"type":"Feature","geometry":{"type":"Point","coordinates":[28.8638,47.0105]},"properties":{"k":"8d5d0dff249fb1c4","c":"#7891B9","r":4.0,"n":"Moldovan Mafia","p":1}},{"type":"Feature","geometry":{"type":"Point","coordinates":[15.9819,45.815]},"properties":{"k":"6a0251a5d83fb518","c":"#7F80BD","r":4.0,"n":"Croatian Mafia","p":1}},{"type":"Feature","geometry":{"type":"Point","coordinates":[18.4131,43.8564]},"properties":{"k":"cf0729a24373e24c","c":"#7F80BD","r":4.0,"n":"Bosnian Mafia","p":1}},{"type":"Feature","geometry":{"type":"Point","coordinates":[21.1655,42.6629]},"properties":{"k":"388196bc206afa04","c":"#7F80BD","r":4.0,"n":"Kosovo Mafia","p":1}},{"type":"Feature","geometry":{"type":"Point","coordinates":[21.428,41.9973]},"properties":{"k":"2ec7cb8e01547171","c":"#7F80BD","r":4.0,"n":"Macedonian Mafia","p":1}},{"type":"Feature","geometry":{"type":"Point","coordinates":[19.2594,42.4304]},"properties":{"k":"3d7caa143a6fb360","c":"#7F80BD","r":4.0,"n":"Montenegro Cocaine Networks","p":1}},{"type":"Feature","geometry":{"type":"Point","coordinates":[19.4531,41.3188]},"properties":{"k":"37a0c27d7bd56063","c":"#7F80BD","r":4.0,"n":"Albanian Mafia - Durr\u00ebs Port Cell","p":1}},{"type":"Feature","geometry":{"type":"Point","coordinates":[19.4889,40.4686]},"properties":{"k":"f7a01d9ce91c8192","c":"#7F80BD","r":4.0,"n":"Albanian Mafia - Vlor\u00eb Coastal Cell","p":1}},{"type":"Feature","geometry":{"type":"Point","coordinates":[-0.1278,51.5074]},"properties":{"k":"c4372ca880f242aa","c":"#8A71B6","r":4.0,"n":"Albanian Mafia - London Cell","p":1}},{"type":"Feature","geometry":{"type":"Point","coordinates":[20.4489,44.7866]},"properties":{"k":"30eb8165c6518ae9","c":"#7F80BD","r":4.0,"n":"Serbian Mafia - Belgrade Networks","p":1}},{"type":"Feature","geometry":{"type":"Point","coordinates":[18.4131,43.8563]},"properties":{"k":"8d389551dc0e90c2","c":"#7F80BD","r":4.0,"n":"Bosnia Drug Trafficking Networks","p":1}},{"type":"Feature","geometry":{"type":"Point","coordinates":[113.2644,23.1291]},"properties":{"k":"cbca41be268d0fe9","c":"#BA7984","r":4.0,"n":"Big Circle Boys","p":1}},{"type":"Feature","geometry":{"type":"Point","coordinates":[121.4737,31.2304]},"properties":{"k":"6e5d5943b6ef2d4b","c":"#BA7984","r":4.0,"n":"Green Gang (Qing Bang) - Modern Remnants","p":1}},{"type":"Feature","geometry":{"type":"Point","coordinates":[121.49,31.24]},"properties":{"k":"83172218a96a456d","c":"#BA7984","r":4.0,"n":"Shanghai 14K Triad Cell","p":1}},{"type":"Feature","geometry":{"type":"Point","coordinates":[121.5397,31.2231]},"properties":{"k":"cbba8116f2ce74fb","c":"#BA7984","r":4.0,"n":"Pudong New Area Crime Syndicate","p":1}},{"type":"Feature","geometry":{"type":"Point","coordinates":[121.46,31.22]},"properties":{"k":"3b6f681c7110a69f","c":"#BA7984","r":4.0,"n":"Shanghai Nightlife Protection Network","p":1}},{"type":"Feature","geometry":{"type":"Point","coordinates":[121.4986,31.2783]},"properties":{"k":"e93daaa8507571ad","c":"#BA7984","r":4.0,"n":"Hongkou Wharf Smuggling Gang","p":1}},{"type":"Feature","geometry":{"type":"Point","coordinates":[121.4737,31.2304]},"properties":{"k":"af11509d9686379e","c":"#BA7984","r":4.0,"n":"Shanghai Underground Banking Network","p":1}},{"type":"Feature","geometry":{"type":"Point","coordinates":[119.2965,26.0745]},"properties":{"k":"503af0366f9e029e","c":"#BA7984","r":4.0,"n":"Fuzhou Snakeheads","p":1}},{"type":"Feature","geometry":{"type":"Point","coordinates":[119.5232,25.9622]},"properties":{"k":"a865a0217c758ae8","c":"#BA7984","r":4.0,"n":"Changle Smuggling Groups","p":1}},{"type":"Feature","geometry":{"type":"Point","coordinates":[119.3,26.1]},"properties":{"k":"ef65b6d4227157ca","c":"#BA7984","r":4.0,"n":"Tingjiang Snakehead Operations","p":1}},{"type":"Feature","geometry":{"type":"Point","coordinates":[-77.0369,38.9072]},"properties":{"k":"93a881e1905e56c1","c":"#A95959","r":4.0,"n":"MS-13 USA (National)","p":1}},{"type":"Feature","geometry":{"type":"Point","coordinates":[-118.2437,34.0522]},"properties":{"k":"1dd79e98f23b4a2d","c":"#A95959","r":4.0,"n":"Sure\u00f1os","p":1}},{"type":"Feature","geometry":{"type":"Point","coordinates":[-121.8863,37.3382]},"properties":{"k":"4d3e9203c193d5ca","c":"#A95959","r":4.0,"n":"Norte\u00f1os","p":1}},{"type":"Feature","geometry":{"type":"Point","coordinates":[-95.3698,29.7604]},"properties":{"k":"79473599ca2113a0","c":"#A95959","r":4.0,"n":"Bandidos MC","p":1}},{"type":"Feature","geometry":{"type":"Point","coordinates":[-118.2437,34.0522]},"properties":{"k":"eac8944383842d79","c":"#A95959","r":4.0,"n":"Mongols MC","p":1}},{"type":"Feature","geometry":{"type":"Point","coordinates":[-87.6298,41.8781]},"properties":{"k":"c633026cdbeeea2a","c":"#A95959","r":4.0,"n":"Outlaws MC","p":1}},{"type":"Feature","geometry":{"type":"Point","coordinates":[-75.1652,39.9526]},"properties":{"k":"215eb1cd8860d4cf","c":"#A95959","r":4.0,"n":"Pagans MC","p":1}},{"type":"Feature","geometry":{"type":"Point","coordinates":[-122.2712,37.8044]},"properties":{"k":"95ed0d062f4c1ee8","c":"#A95959","r":4.0,"n":"Black Guerrilla Family","p":1}},{"type":"Feature","geometry":{"type":"Point","coordinates":[-98.4936,29.4241]},"properties":{"k":"ad67e8f4460411f2","c":"#A95959","r":4.0,"n":"Texas Syndicate","p":1}},{"type":"Feature","geometry":{"type":"Point","coordinates":[-121.8863,37.3382]},"properties":{"k":"18e473ae2fa17e66","c":"#A95959","r":4.0,"n":"Nuestra Familia","p":1}},{"type":"Feature","geometry":{"type":"Point","coordinates":[-87.6298,41.8781]},"properties":{"k":"ef5442723d196658","c":"#A95959","r":4.0,"n":"Gangster Disciples","p":1}},{"type":"Feature","geometry":{"type":"Point","coordinates":[-87.6298,41.8781]},"properties":{"k":"32b18b4038ffb94e","c":"#A95959","r":4.0,"n":"Vice Lords","p":1}},{"type":"Feature","geometry":{"type":"Point","coordinates":[-80.1918,25.7617]},"properties":{"k":"6c739ef4fe73eada","c":"#A95959","r":4.0,"n":"Tren de Aragua","p":1}},{"type":"Feature","geometry":{"type":"Point","coordinates":[3.3792,6.5244]},"properties":{"k":"759f83afbfc60ef7","c":"#45877F","r":4.0,"n":"Area Boys (Nigeria)","p":1}},{"type":"Feature","geometry":{"type":"Point","coordinates":[5.6037,6.335]},"properties":{"k":"75abc2b77001aa17","c":"#45877F","r":4.0,"n":"Black Axe (Neo-Black Movement)","p":1}},{"type":"Feature","geometry":{"type":"Point","coordinates":[3.3947,6.4541]},"properties":{"k":"78cd7d229838e86f","c":"#45877F","r":4.0,"n":"Eiye Confraternity","p":1}},{"type":"Feature","geometry":{"type":"Point","coordinates":[49.8164,7.9803]},"properties":{"k":"1f0d710a618f25e9","c":"#45877F","r":4.0,"n":"Puntland Pirates (Eyl-based)","p":1}},{"type":"Feature","geometry":{"type":"Point","coordinates":[48.5167,5.35]},"properties":{"k":"53211e91a18760fb","c":"#45877F","r":4.0,"n":"Hobyo-Harardhere Pirates","p":1}},{"type":"Feature","geometry":{"type":"Point","coordinates":[45.3182,2.0469]},"properties":{"k":"ea2ccd6618a3ee90","c":"#45877F","r":4.0,"n":"Mogadishu Coastal Militias","p":1}},{"type":"Feature","geometry":{"type":"Point","coordinates":[45.3182,2.0469]},"properties":{"k":"71e934cdfdfca5d2","c":"#45877F","r":4.0,"n":"Al-Shabaab Criminal Wing","p":1}},{"type":"Feature","geometry":{"type":"Point","coordinates":[38.7636,9.0054]},"properties":{"k":"db7ec9b2d59555bf","c":"#45877F","r":4.0,"n":"Addis Ababa Trafficking Syndicates","p":1}},{"type":"Feature","geometry":{"type":"Point","coordinates":[32.5599,15.5007]},"properties":{"k":"1b8533cc5637745d","c":"#45877F","r":4.0,"n":"Khartoum Tramadol Traffickers","p":1}},{"type":"Feature","geometry":{"type":"Point","coordinates":[31.2357,30.0444]},"properties":{"k":"5f6c35f0ca256897","c":"#45877F","r":4.0,"n":"Al-Shahat Organization","p":1}},{"type":"Feature","geometry":{"type":"Point","coordinates":[31.25,29.96]},"properties":{"k":"42640f358d257f98","c":"#45877F","r":4.0,"n":"Maadi Drug Dealers Network","p":1}},{"type":"Feature","geometry":{"type":"Point","coordinates":[31.24,30.05]},"properties":{"k":"b7e4723b4ec71374","c":"#45877F","r":4.0,"n":"Downtown Cairo Drug Networks","p":1}},{"type":"Feature","geometry":{"type":"Point","coordinates":[12.0833,32.9312]},"properties":{"k":"7579fb25e3c07970","c":"#45877F","r":4.0,"n":"Zuwara Smuggling Networks","p":1}},{"type":"Feature","geometry":{"type":"Point","coordinates":[14.4283,27.0377]},"properties":{"k":"ef1f2a2ed388b219","c":"#45877F","r":4.0,"n":"Sabha Trafficking Groups","p":1}},{"type":"Feature","geometry":{"type":"Point","coordinates":[11.2194,33.1383]},"properties":{"k":"3f6e1fb04d474ba0","c":"#45877F","r":4.0,"n":"Ben Gardane Smugglers","p":1}},{"type":"Feature","geometry":{"type":"Point","coordinates":[8.8306,35.1675]},"properties":{"k":"822dd196dedce268","c":"#45877F","r":4.0,"n":"Kasserine Trafficking Groups","p":1}},{"type":"Feature","geometry":{"type":"Point","coordinates":[5.5228,22.785]},"properties":{"k":"406bd44b9f6fe4a8","c":"#45877F","r":4.0,"n":"Tamanrasset Trafficking Networks","p":1}},{"type":"Feature","geometry":{"type":"Point","coordinates":[0.9539,21.3253]},"properties":{"k":"269d0da8cb73a3ca","c":"#45877F","r":4.0,"n":"Bordj Badji Mokhtar Smugglers","p":1}},{"type":"Feature","geometry":{"type":"Point","coordinates":[-8.0029,12.6392]},"properties":{"k":"472460a4fd0056f6","c":"#45877F","r":4.0,"n":"Malian Drug Smugglers","p":1}},{"type":"Feature","geometry":{"type":"Point","coordinates":[7.9911,16.9716]},"properties":{"k":"a4a9789669aacc2d","c":"#45877F","r":4.0,"n":"Agadez Smuggling Networks","p":1}},{"type":"Feature","geometry":{"type":"Point","coordinates":[2.1126,13.5127]},"properties":{"k":"931b22b16de17705","c":"#45877F","r":4.0,"n":"Niamey Trafficking Groups","p":1}},{"type":"Feature","geometry":{"type":"Point","coordinates":[-17.4467,14.6928]},"properties":{"k":"be738fb203394bba","c":"#45877F","r":4.0,"n":"Dakar Port Cocaine Traffickers","p":1}},{"type":"Feature","geometry":{"type":"Point","coordinates":[-16.27,12.55]},"properties":{"k":"e90d5c1e3dd1986d","c":"#45877F","r":4.0,"n":"Casamance Smuggling Networks","p":1}},{"type":"Feature","geometry":{"type":"Point","coordinates":[-4.0083,5.36]},"properties":{"k":"6e6228669c3da8fb","c":"#45877F","r":4.0,"n":"Abidjan Port Cocaine Importers","p":1}},{"type":"Feature","geometry":{"type":"Point","coordinates":[-4.089,5.3364]},"properties":{"k":"760dec2757736af9","c":"#45877F","r":4.0,"n":"Yopougon Trafficking Groups","p":1}},{"type":"Feature","geometry":{"type":"Point","coordinates":[2.6289,6.4969]},"properties":{"k":"15944542aaa7dccd","c":"#45877F","r":4.0,"n":"Benin Drug Smugglers","p":1}},{"type":"Feature","geometry":{"type":"Point","coordinates":[32.5732,-25.9692]},"properties":{"k":"ffc68111866b978a","c":"#45877F","r":4.0,"n":"Maputo Port Heroin Traffickers","p":1}},{"type":"Feature","geometry":{"type":"Point","coordinates":[40.5175,-12.9745]},"properties":{"k":"e6b8138288731120","c":"#45877F","r":4.0,"n":"Pemba Drug Networks","p":1}},{"type":"Feature","geometry":{"type":"Point","coordinates":[31.0335,-17.8252]},"properties":{"k":"966ae9c18aa75f54","c":"#45877F","r":4.0,"n":"Harare Gold Smuggling Syndicates","p":1}},{"type":"Feature","geometry":{"type":"Point","coordinates":[28.2833,-15.4167]},"properties":{"k":"270fa8fdc36932d8","c":"#45877F","r":4.0,"n":"Lusaka Drug Corridor Operators","p":1}},{"type":"Feature","geometry":{"type":"Point","coordinates":[17.0832,-22.5597]},"properties":{"k":"92247f163fa699be","c":"#45877F","r":4.0,"n":"Namibian Smugglers","p":1}},{"type":"Feature","geometry":{"type":"Point","coordinates":[15.3125,-4.3217]},"properties":{"k":"70adb49c5da5f522","c":"#45877F","r":4.0,"n":"Kinshasa Diamond Smugglers","p":1}},{"type":"Feature","geometry":{"type":"Point","coordinates":[29.2228,-1.6792]},"properties":{"k":"7f66f0bb3e3fc3f5","c":"#45877F","r":4.0,"n":"Goma Border Traffickers","p":1}},{"type":"Feature","geometry":{"type":"Point","coordinates":[-72.315,18.585]},"properties":{"k":"697daf25b5b6d387","c":"#4A8690","r":4.0,"n":"5 Segonn Gang (G9 Member)","p":1}},{"type":"Feature","geometry":{"type":"Point","coordinates":[-72.3072,18.5505]},"properties":{"k":"d2c1b8f3681dfcad","c":"#4A8690","r":4.0,"n":"Delmas 6 Gang (G9 Member)","p":1}},{"type":"Feature","geometry":{"type":"Point","coordinates":[-72.3435,18.5635]},"properties":{"k":"e2d6a386dbac5f1f","c":"#4A8690","r":4.0,"n":"Gran Ravin Gang (G9 Member)","p":1}},{"type":"Feature","geometry":{"type":"Point","coordinates":[-72.3375,18.5706]},"properties":{"k":"be3336d678fd28d8","c":"#4A8690","r":4.0,"n":"Ti Bwa Gang (G9 Member)","p":1}},{"type":"Feature","geometry":{"type":"Point","coordinates":[-72.33,18.559]},"properties":{"k":"d5a0973755cbe1c8","c":"#4A8690","r":4.0,"n":"Baz Pilat Gang (G9 Member)","p":1}},{"type":"Feature","geometry":{"type":"Point","coordinates":[-72.335,18.5461]},"properties":{"k":"c9e28bb25da67221","c":"#4A8690","r":4.0,"n":"400 Mawozo Gang (G9 Associated)","p":1}},{"type":"Feature","geometry":{"type":"Point","coordinates":[-72.3421,18.5777]},"properties":{"k":"9d648dd15c1f47ce","c":"#4A8690","r":4.0,"n":"Kraze Bary\u00e8 Gang (G9 Member)","p":1}},{"type":"Feature","geometry":{"type":"Point","coordinates":[-72.325,18.568]},"properties":{"k":"c45ab26a12990069","c":"#4A8690","r":4.0,"n":"Simon Pel\u00e9 Gang (G9 Member)","p":1}},{"type":"Feature","geometry":{"type":"Point","coordinates":[-72.3074,18.5944]},"properties":{"k":"f95268ae071b6277","c":"#4A8690","r":4.0,"n":"G9 an Fanmi e Alye (G9 Leadership)","p":1}},{"type":"Feature","geometry":{"type":"Point","coordinates":[-72.32,18.5825]},"properties":{"k":"ec93ada31af673aa","c":"#4A8690","r":4.0,"n":"Ti Lapli Gang (G-P\u00e8p Member)","p":1}},{"type":"Feature","geometry":{"type":"Point","coordinates":[-72.31,18.57]},"properties":{"k":"976f0424dfde86df","c":"#4A8690","r":4.0,"n":"Chen Mechan Gang (G-P\u00e8p Member)","p":1}},{"type":"Feature","geometry":{"type":"Point","coordinates":[-72.8003,18.97]},"properties":{"k":"aae66ef8b2a8311f","c":"#4A8690","r":4.0,"n":"Gran Grif Gang (G-P\u00e8p Associated)","p":1}},{"type":"Feature","geometry":{"type":"Point","coordinates":[-72.338,18.56]},"properties":{"k":"69b66cef15cc5824","c":"#4A8690","r":4.0,"n":"Baz Belekou Gang (G-P\u00e8p Member)","p":1}},{"type":"Feature","geometry":{"type":"Point","coordinates":[-72.295,18.585]},"properties":{"k":"c9b05a5493c29474","c":"#4A8690","r":4.0,"n":"Vitelhomme Gang (G-P\u00e8p Associated)","p":1}},{"type":"Feature","geometry":{"type":"Point","coordinates":[-66.1057,18.4655]},"properties":{"k":"37e2d6b87d5a3230","c":"#4A8690","r":4.0,"n":"Puerto Rican Drug Gangs","p":1}},{"type":"Feature","geometry":{"type":"Point","coordinates":[-77.3504,25.0443]},"properties":{"k":"f5ad1ead679216c6","c":"#4A8690","r":4.0,"n":"Nassau Cocaine Smuggling Operations","p":1}},{"type":"Feature","geometry":{"type":"Point","coordinates":[-76.35,24.25]},"properties":{"k":"d8345f92f76fbe39","c":"#4A8690","r":4.0,"n":"Out Islands Smuggling Networks","p":1}},{"type":"Feature","geometry":{"type":"Point","coordinates":[-82.3666,23.1136]},"properties":{"k":"9555f64de76f41f8","c":"#4A8690","r":4.0,"n":"Havana Trafficking Cells","p":1}},{"type":"Feature","geometry":{"type":"Point","coordinates":[-75.8219,20.0247]},"properties":{"k":"310d60926a5cc91f","c":"#4A8690","r":4.0,"n":"Santiago de Cuba Smugglers","p":1}},{"type":"Feature","geometry":{"type":"Point","coordinates":[-58.1742,26.8406]},"properties":{"k":"81ef12a07290e574","c":"#B36C73","r":4.0,"n":"Rotela Clan","p":1}},{"type":"Feature","geometry":{"type":"Point","coordinates":[-57.5759,-25.2637]},"properties":{"k":"721d28642be10b46","c":"#B36C73","r":4.0,"n":"Asunci\u00f3n Cocaine Transshipment Network","p":1}},{"type":"Feature","geometry":{"type":"Point","coordinates":[-54.6122,-25.5097]},"properties":{"k":"e55661150f227bac","c":"#B36C73","r":4.0,"n":"Triple Frontier Trafficking Organization","p":1}},{"type":"Feature","geometry":{"type":"Point","coordinates":[-56.1645,-34.9011]},"properties":{"k":"77216c4f9c6f424b","c":"#B36C73","r":4.0,"n":"Montevideo Port Cocaine Networks","p":1}},{"type":"Feature","geometry":{"type":"Point","coordinates":[-54.9472,-34.9631]},"properties":{"k":"97ec4d1a2adb0263","c":"#B36C73","r":4.0,"n":"Punta del Este Money Laundering Operations","p":1}},{"type":"Feature","geometry":{"type":"Point","coordinates":[-55.5506,-30.9033]},"properties":{"k":"8c5fb347a8b30613","c":"#B36C73","r":4.0,"n":"Rivera Border Drug Trafficking Gang","p":1}},{"type":"Feature","geometry":{"type":"Point","coordinates":[-70.6693,-33.4489]},"properties":{"k":"72a12aba275e58e4","c":"#B36C73","r":4.0,"n":"Santiago Cocaine Distribution Network","p":1}},{"type":"Feature","geometry":{"type":"Point","coordinates":[-71.6127,-33.0472]},"properties":{"k":"629e6970a936ec42","c":"#B36C73","r":4.0,"n":"Valpara\u00edso Port Cocaine Smuggling Gang","p":1}},{"type":"Feature","geometry":{"type":"Point","coordinates":[-70.1431,-20.2208]},"properties":{"k":"103a819644f0d046","c":"#B36C73","r":4.0,"n":"Iquique Northern Border Trafficking Network","p":1}},{"type":"Feature","geometry":{"type":"Point","coordinates":[-79.9225,-2.17]},"properties":{"k":"1dcbd5371350d2ec","c":"#B36C73","r":4.0,"n":"Los Choneros","p":1}},{"type":"Feature","geometry":{"type":"Point","coordinates":[-79.8867,-2.1894]},"properties":{"k":"a6be9effd07f9488","c":"#B36C73","r":4.0,"n":"Los Lobos","p":1}},{"type":"Feature","geometry":{"type":"Point","coordinates":[-79.9225,-2.17]},"properties":{"k":"6b96c3e91f7017d8","c":"#B36C73","r":4.0,"n":"Los Tiguerones","p":1}},{"type":"Feature","geometry":{"type":"Point","coordinates":[-78.4678,-0.1807]},"properties":{"k":"8bc2e79639b43029","c":"#B36C73","r":4.0,"n":"Quito Cocaine Distribution Network","p":1}},{"type":"Feature","geometry":{"type":"Point","coordinates":[-58.1551,6.8013]},"properties":{"k":"0c882aa020f76f58","c":"#B36C73","r":4.0,"n":"Georgetown Cocaine Transshipment Networks","p":1}},{"type":"Feature","geometry":{"type":"Point","coordinates":[-59,4.5]},"properties":{"k":"837395735644878e","c":"#B36C73","r":4.0,"n":"Interior Airstrip Smugglers","p":1}},{"type":"Feature","geometry":{"type":"Point","coordinates":[-55.2038,5.852]},"properties":{"k":"3ae88146aa49742e","c":"#B36C73","r":4.0,"n":"Paramaribo Cocaine Trafficking Networks","p":1}},{"type":"Feature","geometry":{"type":"Point","coordinates":[-56.97,5.95]},"properties":{"k":"669aeb478ef4e661","c":"#B36C73","r":4.0,"n":"Nickerie Border Smugglers","p":1}},{"type":"Feature","geometry":{"type":"Point","coordinates":[-56,4]},"properties":{"k":"9ffeb3b79e76a288","c":"#B36C73","r":4.0,"n":"Suriname Interior Gold Mining Drug Network","p":1}},{"type":"Feature","geometry":{"type":"Point","coordinates":[-52.3264,4.9381]},"properties":{"k":"0b472c572be8f4ec","c":"#B36C73","r":4.0,"n":"Cayenne Cocaine Trafficking Network","p":1}},{"type":"Feature","geometry":{"type":"Point","coordinates":[-54.0297,5.4983]},"properties":{"k":"8e3fdd25450d5bf7","c":"#B36C73","r":4.0,"n":"Saint-Laurent-du-Maroni Border Smuggling Gang","p":1}},{"type":"Feature","geometry":{"type":"Point","coordinates":[-52.6504,5.168]},"properties":{"k":"b1cf2d1f21877a8b","c":"#B36C73","r":4.0,"n":"Kourou Space Center Area Drug Ring","p":1}},{"type":"Feature","geometry":{"type":"Point","coordinates":[36.2765,33.5138]},"properties":{"k":"3393976bba1605e7","c":"#A95761","r":4.0,"n":"Syrian Regime-Affiliated Captagon Networks","p":1}},{"type":"Feature","geometry":{"type":"Point","coordinates":[35.9284,31.9454]},"properties":{"k":"606de0df6f57d0b7","c":"#A95761","r":4.0,"n":"Amman Captagon Distribution Network","p":1}},{"type":"Feature","geometry":{"type":"Point","coordinates":[36.2081,32.3409]},"properties":{"k":"dfc8abd7d6e72d6c","c":"#A95761","r":4.0,"n":"Mafraq Border Smuggling Gang","p":1}},{"type":"Feature","geometry":{"type":"Point","coordinates":[35.0081,29.5267]},"properties":{"k":"a72ec19bc321a88c","c":"#A95761","r":4.0,"n":"Aqaba Port Trafficking Ring","p":1}},{"type":"Feature","geometry":{"type":"Point","coordinates":[46.6753,24.7136]},"properties":{"k":"0d3c7c202e57f1eb","c":"#A95761","r":4.0,"n":"Saudi Drug Networks","p":1}},{"type":"Feature","geometry":{"type":"Point","coordinates":[45.0187,12.7855]},"properties":{"k":"20bb952e0bb2cf35","c":"#A95761","r":4.0,"n":"Aden Port Smuggling Network","p":1}},{"type":"Feature","geometry":{"type":"Point","coordinates":[44.191,15.3694]},"properties":{"k":"f6c7002b25d8be82","c":"#A95761","r":4.0,"n":"Sanaa Qat-Hashish Trafficking Gang","p":1}},{"type":"Feature","geometry":{"type":"Point","coordinates":[48.5164,15.5527]},"properties":{"k":"82b70c3e572000df","c":"#A95761","r":4.0,"n":"Houthi Drug Taxation Network","p":1}},{"type":"Feature","geometry":{"type":"Point","coordinates":[49.1242,14.5425]},"properties":{"k":"b4237da25d547eb1","c":"#A95761","r":4.0,"n":"Al-Mukalla Coastal Smuggling Ring","p":1}},{"type":"Feature","geometry":{"type":"Point","coordinates":[58.4,23.6]},"properties":{"k":"ce507836920c3dba","c":"#A95761","r":4.0,"n":"Muscat Port Heroin Traffickers","p":1}},{"type":"Feature","geometry":{"type":"Point","coordinates":[54.1,17]},"properties":{"k":"82d5ab8c265beb13","c":"#A95761","r":4.0,"n":"Salalah Smuggling Networks","p":1}},{"type":"Feature","geometry":{"type":"Point","coordinates":[55.2708,25.2048]},"properties":{"k":"07dc4d528f71e409","c":"#A95761","r":4.0,"n":"UAE Drug Networks","p":1}},{"type":"Feature","geometry":{"type":"Point","coordinates":[92.3,20.8667]},"properties":{"k":"9ab531f13bbbff84","c":"#A85668","r":4.0,"n":"Teknaf Yaba Smuggling Syndicate","p":1}},{"type":"Feature","geometry":{"type":"Point","coordinates":[92.0058,21.4272]},"properties":{"k":"a06869066c88dff0","c":"#A85668","r":4.0,"n":"Cox's Bazar Beach Yaba Network","p":1}},{"type":"Feature","geometry":{"type":"Point","coordinates":[92.1003,21.1325]},"properties":{"k":"4778c9334ee38cb8","c":"#A85668","r":4.0,"n":"Ukhia Border Smuggling Gang","p":1}},{"type":"Feature","geometry":{"type":"Point","coordinates":[92.3686,21.8311]},"properties":{"k":"11d300e066b86ce4","c":"#A85668","r":4.0,"n":"Bandarban Hill Tracts Yaba Route","p":1}},{"type":"Feature","geometry":{"type":"Point","coordinates":[90.4125,23.8103]},"properties":{"k":"6761ef816db91bdc","c":"#A85668","r":4.0,"n":"Dhaka Heroin Distribution Networks","p":1}},{"type":"Feature","geometry":{"type":"Point","coordinates":[79.8612,6.9271]},"properties":{"k":"97d2d9fb11b59659","c":"#A85668","r":4.0,"n":"Colombo Port Heroin Traffickers","p":1}},{"type":"Feature","geometry":{"type":"Point","coordinates":[79.9,6.95]},"properties":{"k":"cb68274fc7d3c77b","c":"#A85668","r":4.0,"n":"Makandure Madush Organization Remnants","p":1}},{"type":"Feature","geometry":{"type":"Point","coordinates":[85.324,27.7172]},"properties":{"k":"36c475fd9e0cefb6","c":"#A85668","r":4.0,"n":"Kathmandu Valley Drug Syndicates","p":1}},{"type":"Feature","geometry":{"type":"Point","coordinates":[85,27]},"properties":{"k":"052c9e6c71d43430","c":"#A85668","r":4.0,"n":"Terai Border Smugglers","p":1}},{"type":"Feature","geometry":{"type":"Point","coordinates":[73.5093,4.1755]},"properties":{"k":"f866c88f47f6437a","c":"#A85668","r":4.0,"n":"Mal\u00e9 Heroin Trafficking Network","p":1}},{"type":"Feature","geometry":{"type":"Point","coordinates":[73.5291,4.1917]},"properties":{"k":"b136417efa975cf7","c":"#A85668","r":4.0,"n":"Velana International Airport Drug Ring","p":1}},{"type":"Feature","geometry":{"type":"Point","coordinates":[73.1503,-0.6291]},"properties":{"k":"ad1f963f6a3a5056","c":"#A85668","r":4.0,"n":"Addu Atoll Maritime Smuggling Gang","p":1}},{"type":"Feature","geometry":{"type":"Point","coordinates":[-175.2166,-21.1393]},"properties":{"k":"163ec5059c6e7563","c":"#9F7FBD","r":4.0,"n":"Nuku'alofa Methamphetamine Network","p":1}},{"type":"Feature","geometry":{"type":"Point","coordinates":[-175.1982,-21.1789]},"properties":{"k":"3201d467125b3c4d","c":"#9F7FBD","r":4.0,"n":"Tongan Crip Gang (TCG)","p":1}},{"type":"Feature","geometry":{"type":"Point","coordinates":[-174,-18.65]},"properties":{"k":"2b5c5a9f6ab90c76","c":"#9F7FBD","r":4.0,"n":"Vava'u Island Smuggling Ring","p":1}},{"type":"Feature","geometry":{"type":"Point","coordinates":[-172.1046,-13.759]},"properties":{"k":"16dd28bff2ec162a","c":"#9F7FBD","r":4.0,"n":"Samoan Gangs","p":1}},{"type":"Feature","geometry":{"type":"Point","coordinates":[178.4419,-18.1416]},"properties":{"k":"26437fa344331d01","c":"#9F7FBD","r":4.0,"n":"Suva Cocaine Trafficking Organization","p":1}},{"type":"Feature","geometry":{"type":"Point","coordinates":[177.4433,-17.7553]},"properties":{"k":"ad52c050302ee707","c":"#9F7FBD","r":4.0,"n":"Nadi Airport Drug Smuggling Ring","p":1}},{"type":"Feature","geometry":{"type":"Point","coordinates":[177.45,-17.6167]},"properties":{"k":"725699ded83679c8","c":"#9F7FBD","r":4.0,"n":"Lautoka Port Trafficking Network","p":1}},{"type":"Feature","geometry":{"type":"Point","coordinates":[147.1803,-9.4438]},"properties":{"k":"fad7fc4086c7a35e","c":"#9F7FBD","r":4.0,"n":"Papua New Guinea Raskol Gangs","p":1}},{"type":"Feature","geometry":{"type":"Point","coordinates":[14.2408,37.0679]},"properties":{"k":"9c06455cb952b9ec","c":"#927FBD","r":4.0,"n":"Stidda","p":1}},{"type":"Feature","geometry":{"type":"Point","coordinates":[15.8056,40.6389]},"properties":{"k":"40bd9e716cd13717","c":"#927FBD","r":4.0,"n":"Basilischi","p":1}},{"type":"Feature","geometry":{"type":"Point","coordinates":[12.5683,55.6761]},"properties":{"k":"306509364adc795e","c":"#8A71B6","r":4.0,"n":"Danish Criminal Gangs","p":1}},{"type":"Feature","geometry":{"type":"Point","coordinates":[10.7522,59.9139]},"properties":{"k":"1402a85bbf7b8352","c":"#8A71B6","r":4.0,"n":"Norwegian Gangs","p":1}},{"type":"Feature","geometry":{"type":"Point","coordinates":[24.9384,60.1699]},"properties":{"k":"191c76bafd03b6cb","c":"#8A71B6","r":4.0,"n":"Finnish MC Gangs","p":1}},{"type":"Feature","geometry":{"type":"Point","coordinates":[-21.9426,64.1466]},"properties":{"k":"27b230d5a7a377dd","c":"#8A71B6","r":4.0,"n":"Icelandic Outlaw Gangs","p":1}},{"type":"Feature","geometry":{"type":"Point","coordinates":[74.5698,42.8746]},"properties":{"k":"a0db877e1cf0a759","c":"#A85668","r":4.0,"n":"Bishkek Heroin Trafficking Network","p":1}},{"type":"Feature","geometry":{"type":"Point","coordinates":[72.7985,40.5283]},"properties":{"k":"611787711e786b6e","c":"#A85668","r":4.0,"n":"Osh Bazaar Drug Smuggling Ring","p":1}},{"type":"Feature","geometry":{"type":"Point","coordinates":[77.0833,42.4333]},"properties":{"k":"86857ece6dc08e17","c":"#A85668","r":4.0,"n":"Issyk-Kul Lake Trafficking Corridor","p":1}},{"type":"Feature","geometry":{"type":"Point","coordinates":[71.4491,51.1694]},"properties":{"k":"980b945f9a9feebb","c":"#7891B9","r":4.0,"n":"Kazakh Mafia","p":1}},{"type":"Feature","geometry":{"type":"Point","coordinates":[58.3261,37.9601]},"properties":{"k":"4549628fd3aee3b5","c":"#A85668","r":4.0,"n":"Turkmen Smuggling Networks","p":1}},{"type":"Feature","geometry":{"type":"Point","coordinates":[125.7625,39.0392]},"properties":{"k":"6de0e2af230de8a0","c":"#BA7A9A","r":4.0,"n":"North Korean State Trafficking","p":1}},{"type":"Feature","geometry":{"type":"Point","coordinates":[-99.8237,16.8531]},"properties":{"k":"107e0533ab2249ab","c":"#BA7979","r":4.0,"n":"C\u00e1rtel Independiente de Acapulco","p":1}},{"type":"Feature","geometry":{"type":"Point","coordinates":[-106.4245,31.6904]},"properties":{"k":"829a3547e586ded7","c":"#BA7979","r":4.0,"n":"Los Mexicles","p":1}},{"type":"Feature","geometry":{"type":"Point","coordinates":[-106.485,31.7619]},"properties":{"k":"15bb48406596e41a","c":"#BA7979","r":4.0,"n":"Artistas Asesinos","p":1}},{"type":"Feature","geometry":{"type":"Point","coordinates":[-106.4245,31.6904]},"properties":{"k":"ba51ae8a5e835c37","c":"#BA7979","r":4.0,"n":"Los Aztecas","p":1}},{"type":"Feature","geometry":{"type":"Point","coordinates":[-102.8333,19.1833]},"properties":{"k":"9667d80782bd8536","c":"#BA7979","r":4.0,"n":"C\u00e1rtel de Tepalcatepec","p":1}},{"type":"Feature","geometry":{"type":"Point","coordinates":[-103.3496,20.6597]},"properties":{"k":"151b60be89e900cd","c":"#BA7979","r":4.0,"n":"Nueva Plaza Cartel","p":1}},{"type":"Feature","geometry":{"type":"Point","coordinates":[-90.5069,14.6349]},"properties":{"k":"39569afdc1a04e09","c":"#BB7C86","r":4.0,"n":"Mendoza Family Trafficking Organization","p":1}},{"type":"Feature","geometry":{"type":"Point","coordinates":[-90.2308,15.7835]},"properties":{"k":"c660bd27cd45e744","c":"#BB7C86","r":4.0,"n":"Le\u00f3n Family Cartel","p":1}},{"type":"Feature","geometry":{"type":"Point","coordinates":[-88.5833,15.5]},"properties":{"k":"49c02cb61fdac695","c":"#BB7C86","r":4.0,"n":"Lorenzana-Ovalle Clan","p":1}},{"type":"Feature","geometry":{"type":"Point","coordinates":[-91.5167,14.5833]},"properties":{"k":"4eec45160b6af469","c":"#BB7C86","r":4.0,"n":"Chamale Family Network","p":1}},{"type":"Feature","geometry":{"type":"Point","coordinates":[-86.2362,12.115]},"properties":{"k":"246b6b459f318be6","c":"#BB7C86","r":4.0,"n":"Managua Cocaine Transshipment Network","p":1}},{"type":"Feature","geometry":{"type":"Point","coordinates":[-83.7633,12.0111]},"properties":{"k":"79e7069ba081f3bb","c":"#BB7C86","r":4.0,"n":"Bluefields Atlantic Coast Trafficking Gang","p":1}},{"type":"Feature","geometry":{"type":"Point","coordinates":[-85.8703,11.2533]},"properties":{"k":"e42e28ff05f96edf","c":"#BB7C86","r":4.0,"n":"San Juan del Sur Pacific Smuggling Ring","p":1}},{"type":"Feature","geometry":{"type":"Point","coordinates":[-84.0907,9.9281]},"properties":{"k":"c9629d7dfbaad8bb","c":"#BB7C86","r":4.0,"n":"San Jos\u00e9 Cocaine Logistics Hub","p":1}},{"type":"Feature","geometry":{"type":"Point","coordinates":[-83.0335,9.9908]},"properties":{"k":"4e707559a978e9fa","c":"#BB7C86","r":4.0,"n":"Lim\u00f3n Port Cocaine Trafficking Network","p":1}},{"type":"Feature","geometry":{"type":"Point","coordinates":[-85.4333,10.9167]},"properties":{"k":"03dced8e67c09ced","c":"#BB7C86","r":4.0,"n":"Northern Border Narco-Corridor Gang","p":1}},{"type":"Feature","geometry":{"type":"Point","coordinates":[-79.5199,8.9824]},"properties":{"k":"915fc0a564c7ef46","c":"#BB7C86","r":4.0,"n":"Panama City Money Laundering Network","p":1}},{"type":"Feature","geometry":{"type":"Point","coordinates":[-79.9,9.3549]},"properties":{"k":"93ae56bfda27c76d","c":"#BB7C86","r":4.0,"n":"Col\u00f3n Free Zone Cocaine Smuggling Ring","p":1}},{"type":"Feature","geometry":{"type":"Point","coordinates":[-77.5,8]},"properties":{"k":"a1bf88b464d16afe","c":"#BB7C86","r":4.0,"n":"Dari\u00e9n Gap Trafficking Corridor Network","p":1}},{"type":"Feature","geometry":{"type":"Point","coordinates":[-79.5667,8.95]},"properties":{"k":"74ec7dd492cc8303","c":"#BB7C86","r":4.0,"n":"Balboa Port Cocaine Operations","p":1}},{"type":"Feature","geometry":{"type":"Point","coordinates":[-88.1886,17.4986]},"properties":{"k":"72eef5b7f09cc5dc","c":"#BB7C86","r":4.0,"n":"Belize City Southside Gang","p":1}},{"type":"Feature","geometry":{"type":"Point","coordinates":[-87.9653,17.9156]},"properties":{"k":"2d9c5f5e6263a1b9","c":"#BB7C86","r":4.0,"n":"San Pedro Cocaine Smuggling Network","p":1}},{"type":"Feature","geometry":{"type":"Point","coordinates":[-88.3881,18.3956]},"properties":{"k":"f1553a91f7e62a54","c":"#BB7C86","r":4.0,"n":"Corozal Border Trafficking Gang","p":1}},{"type":"Feature","geometry":{"type":"Point","coordinates":[30.0606,-1.9536]},"properties":{"k":"d43821b9a5a05549","c":"#45877F","r":4.0,"n":"Kigali Narcotics Trafficking Network","p":1}},{"type":"Feature","geometry":{"type":"Point","coordinates":[29.2566,-1.7025]},"properties":{"k":"ba8371431b5a6a34","c":"#45877F","r":4.0,"n":"Gisenyi Border Smuggling Ring","p":1}},{"type":"Feature","geometry":{"type":"Point","coordinates":[29.8739,-1.9403]},"properties":{"k":"ff3316b20e580461","c":"#45877F","r":4.0,"n":"Kigali-Entebbe Drug Corridor Network","p":1}},{"type":"Feature","geometry":{"type":"Point","coordinates":[29.9189,-3.3731]},"properties":{"k":"4c3508f0d8f36b74","c":"#45877F","r":4.0,"n":"Burundian Smugglers","p":1}},{"type":"Feature","geometry":{"type":"Point","coordinates":[32.5825,0.3476]},"properties":{"k":"171c46f935a874e4","c":"#45877F","r":4.0,"n":"Kampala Heroin Trafficking Organization","p":1}},{"type":"Feature","geometry":{"type":"Point","coordinates":[32.4435,0.0418]},"properties":{"k":"a1a81edcdb7a7c14","c":"#45877F","r":4.0,"n":"Entebbe Airport Drug Smuggling Ring","p":1}},{"type":"Feature","geometry":{"type":"Point","coordinates":[32.5599,0.3136]},"properties":{"k":"811a38b73e49dbbe","c":"#45877F","r":4.0,"n":"Kisenyi Slum Gang Network","p":1}},{"type":"Feature","geometry":{"type":"Point","coordinates":[9.7679,4.0511]},"properties":{"k":"1c887657035a175f","c":"#45877F","r":4.0,"n":"Douala Port Cocaine Networks","p":1}},{"type":"Feature","geometry":{"type":"Point","coordinates":[11.5021,3.848]},"properties":{"k":"b691e9158f156681","c":"#45877F","r":4.0,"n":"Yaound\u00e9 Distribution Networks","p":1}},{"type":"Feature","geometry":{"type":"Point","coordinates":[9.4673,0.4162]},"properties":{"k":"085870dcbe491aec","c":"#45877F","r":4.0,"n":"Libreville Port Cocaine Traffickers","p":1}},{"type":"Feature","geometry":{"type":"Point","coordinates":[8.7371,3.7504]},"properties":{"k":"fe67a4256b43381e","c":"#45877F","r":4.0,"n":"Malabo Trafficking Syndicates","p":1}},{"type":"Feature","geometry":{"type":"Point","coordinates":[15.0557,12.1348]},"properties":{"k":"035b73f68614ecbd","c":"#45877F","r":4.0,"n":"Chad Smuggling Networks","p":1}},{"type":"Feature","geometry":{"type":"Point","coordinates":[18.5582,4.3947]},"properties":{"k":"b60ecd1d9b567844","c":"#45877F","r":4.0,"n":"Bangui Diamond-Drug Smuggling Groups","p":1}},{"type":"Feature","geometry":{"type":"Point","coordinates":[25.9087,-24.6541]},"properties":{"k":"40d4e560aea4261b","c":"#45877F","r":4.0,"n":"Gaborone Drug Trafficking Network","p":1}},{"type":"Feature","geometry":{"type":"Point","coordinates":[27.5084,-21.1672]},"properties":{"k":"35646fe37c446252","c":"#45877F","r":4.0,"n":"Francistown Border Smuggling Ring","p":1}},{"type":"Feature","geometry":{"type":"Point","coordinates":[25.1652,-17.8193]},"properties":{"k":"73eb115c03994944","c":"#45877F","r":4.0,"n":"Kasane Wildlife Trafficking Network","p":1}},{"type":"Feature","geometry":{"type":"Point","coordinates":[27.4833,-29.3167]},"properties":{"k":"a0b54b4322595328","c":"#45877F","r":4.0,"n":"Lesotho Cannabis Growers","p":1}},{"type":"Feature","geometry":{"type":"Point","coordinates":[31.1367,-26.3054]},"properties":{"k":"ecaa5f6208600f87","c":"#45877F","r":4.0,"n":"Mbabane Drug Trafficking Gang","p":1}},{"type":"Feature","geometry":{"type":"Point","coordinates":[31.369,-26.4956]},"properties":{"k":"d3ef8068e5f746a8","c":"#45877F","r":4.0,"n":"Manzini Cannabis Cultivation Network","p":1}},{"type":"Feature","geometry":{"type":"Point","coordinates":[31.3,-26.5167]},"properties":{"k":"b400f48c30a895da","c":"#45877F","r":4.0,"n":"Matsapha Industrial Area Smuggling Ring","p":1}},{"type":"Feature","geometry":{"type":"Point","coordinates":[-15.9582,18.0735]},"properties":{"k":"a83bcf4a4e1760c9","c":"#45877F","r":4.0,"n":"Mauritanian Smugglers","p":1}},{"type":"Feature","geometry":{"type":"Point","coordinates":[-1.5197,12.3714]},"properties":{"k":"dc57f19a8b9fba1c","c":"#45877F","r":4.0,"n":"Ouagadougou Drug Transit Groups","p":1}},{"type":"Feature","geometry":{"type":"Point","coordinates":[1.2318,6.1256]},"properties":{"k":"081b21e4e26b0e29","c":"#45877F","r":4.0,"n":"Lom\u00e9 Port Cocaine Network","p":1}},{"type":"Feature","geometry":{"type":"Point","coordinates":[1.1914,9.5511]},"properties":{"k":"0d86168ad55f2ab2","c":"#45877F","r":4.0,"n":"Kara Region Cannabis Cultivators","p":1}},{"type":"Feature","geometry":{"type":"Point","coordinates":[-13.2317,8.4657]},"properties":{"k":"49774ee704cd07bf","c":"#45877F","r":4.0,"n":"Freetown Port Cocaine Traffickers","p":1}},{"type":"Feature","geometry":{"type":"Point","coordinates":[-10.8074,6.3156]},"properties":{"k":"71eca19bcb241363","c":"#45877F","r":4.0,"n":"Monrovia Post-Conflict Trafficking Groups","p":1}},{"type":"Feature","geometry":{"type":"Point","coordinates":[-16.579,13.4549]},"properties":{"k":"5913cda41a2af6be","c":"#45877F","r":4.0,"n":"Banjul Cocaine Trafficking Network","p":1}},{"type":"Feature","geometry":{"type":"Point","coordinates":[-15.5833,13.4333]},"properties":{"k":"c8c7937d4c123754","c":"#45877F","r":4.0,"n":"Gambia River Cannabis Smugglers","p":1}},{"type":"Feature","geometry":{"type":"Point","coordinates":[-13.7122,9.5092]},"properties":{"k":"ded1f5f5f2dae11c","c":"#45877F","r":4.0,"n":"Conakry Port Cocaine Trafficking Network","p":1}},{"type":"Feature","geometry":{"type":"Point","coordinates":[-9.3055,10.3851]},"properties":{"k":"9342d61eb3dc65b8","c":"#45877F","r":4.0,"n":"Kankan Border Smuggling Ring","p":1}},{"type":"Feature","geometry":{"type":"Point","coordinates":[-13.5784,9.6412]},"properties":{"k":"47059fe7ab98070e","c":"#45877F","r":4.0,"n":"Guinea-Bissau Connection Trafficking Group","p":1}},{"type":"Feature","geometry":{"type":"Point","coordinates":[-23.5087,14.9215]},"properties":{"k":"408ba61ce7a37491","c":"#45877F","r":4.0,"n":"Praia Cocaine Trafficking Organization","p":1}},{"type":"Feature","geometry":{"type":"Point","coordinates":[-24.9956,16.8867]},"properties":{"k":"7367d4255712cd87","c":"#45877F","r":4.0,"n":"Mindelo Port Smuggling Network","p":1}},{"type":"Feature","geometry":{"type":"Point","coordinates":[-22.9333,16.7333]},"properties":{"k":"29283c0bdc494bd4","c":"#45877F","r":4.0,"n":"Sal Island Airport Drug Ring","p":1}},{"type":"Feature","geometry":{"type":"Point","coordinates":[6.7273,0.3365]},"properties":{"k":"22f2f2c8e05e7b9f","c":"#45877F","r":4.0,"n":"S\u00e3o Tom\u00e9 City Cocaine Trafficking Gang","p":1}},{"type":"Feature","geometry":{"type":"Point","coordinates":[7.4056,1.614]},"properties":{"k":"d6238fd03e8a3d8c","c":"#45877F","r":4.0,"n":"Pr\u00edncipe Island Smuggling Network","p":1}},{"type":"Feature","geometry":{"type":"Point","coordinates":[6.7333,0.3302]},"properties":{"k":"3e1fcc1b54199465","c":"#45877F","r":4.0,"n":"Gulf of Guinea Cocaine Transshipment Ring","p":1}},{"type":"Feature","geometry":{"type":"Point","coordinates":[43.3333,-11.6455]},"properties":{"k":"75f0798164978e82","c":"#45877F","r":4.0,"n":"Comoros Smuggling","p":1}},{"type":"Feature","geometry":{"type":"Point","coordinates":[57.5012,-20.1609]},"properties":{"k":"4ee504883cd22ed4","c":"#45877F","r":4.0,"n":"Mauritius Drug Networks","p":1}},{"type":"Feature","geometry":{"type":"Point","coordinates":[55.4513,-4.6191]},"properties":{"k":"592c700cda7ac016","c":"#45877F","r":4.0,"n":"Victoria Port Heroin Trafficking Network","p":1}},{"type":"Feature","geometry":{"type":"Point","coordinates":[55.5218,-4.6743]},"properties":{"k":"05417ba8cbbae125","c":"#45877F","r":4.0,"n":"Seychelles International Airport Drug Ring","p":1}},{"type":"Feature","geometry":{"type":"Point","coordinates":[55.7447,-4.3197]},"properties":{"k":"7ac98b46ff0e938c","c":"#45877F","r":4.0,"n":"Praslin Island Maritime Smuggling Gang","p":1}},{"type":"Feature","geometry":{"type":"Point","coordinates":[47.5079,-18.8792]},"properties":{"k":"3fed7ce0e898cda1","c":"#45877F","r":4.0,"n":"Antananarivo Heroin Trafficking Network","p":1}},{"type":"Feature","geometry":{"type":"Point","coordinates":[49.4022,-18.1443]},"properties":{"k":"c0489e5d12aad7c8","c":"#45877F","r":4.0,"n":"Toamasina Port Cocaine Smuggling Ring","p":1}},{"type":"Feature","geometry":{"type":"Point","coordinates":[48.2619,-13.3213]},"properties":{"k":"f8ce634b2a6955ab","c":"#45877F","r":4.0,"n":"Nosy Be Island Drug Trafficking Gang","p":1}},{"type":"Feature","geometry":{"type":"Point","coordinates":[33.7741,-13.9626]},"properties":{"k":"ed03b70506a19d56","c":"#45877F","r":4.0,"n":"Lilongwe Cannabis Trafficking Network","p":1}},{"type":"Feature","geometry":{"type":"Point","coordinates":[35.0058,-15.7861]},"properties":{"k":"7fb50967398afbec","c":"#45877F","r":4.0,"n":"Blantyre Drug Corridor Gang","p":1}},{"type":"Feature","geometry":{"type":"Point","coordinates":[34.3,-12.0833]},"properties":{"k":"105e9ecb9c848b00","c":"#45877F","r":4.0,"n":"Lake Malawi Smuggling Network","p":1}},{"type":"Feature","geometry":{"type":"Point","coordinates":[106.905,47.9077]},"properties":{"k":"bb1b2cdfe0dc1af3","c":"#7891B9","r":4.0,"n":"Ulaanbaatar Drug Trafficking Organization","p":1}},{"type":"Feature","geometry":{"type":"Point","coordinates":[105.9667,49.4667]},"properties":{"k":"8bdee6d6f36e5ae7","c":"#7891B9","r":4.0,"n":"Darkhan Border Smuggling Network","p":1}},{"type":"Feature","geometry":{"type":"Point","coordinates":[104.0833,49.0333]},"properties":{"k":"0994e1abf81db04c","c":"#7891B9","r":4.0,"n":"Erdenet Mining Town Criminal Gang","p":1}},{"type":"Feature","geometry":{"type":"Point","coordinates":[113.5439,22.1987]},"properties":{"k":"4060eb9531dca858","c":"#BA7984","r":4.0,"n":"Macau Triads","p":1}},{"type":"Feature","geometry":{"type":"Point","coordinates":[89.639,27.4728]},"properties":{"k":"3328fa5f7c3c14cb","c":"#A85668","r":4.0,"n":"Bhutanese Smuggling","p":1}},{"type":"Feature","geometry":{"type":"Point","coordinates":[114.9425,4.8903]},"properties":{"k":"d0938b82cd804d73","c":"#9F7FBD","r":4.0,"n":"Bandar Seri Begawan Methamphetamine Network","p":1}},{"type":"Feature","geometry":{"type":"Point","coordinates":[114.3244,4.6069]},"properties":{"k":"3f6936563fc4c528","c":"#9F7FBD","r":4.0,"n":"Seria Oil Town Drug Ring","p":1}},{"type":"Feature","geometry":{"type":"Point","coordinates":[115,4.5]},"properties":{"k":"5181559067f7efb3","c":"#9F7FBD","r":4.0,"n":"Brunei-Sarawak Border Smuggling Gang","p":1}},{"type":"Feature","geometry":{"type":"Point","coordinates":[125.5603,-8.5569]},"properties":{"k":"c5427730cecde316","c":"#9F7FBD","r":4.0,"n":"Dili Drug Trafficking Gang","p":1}},{"type":"Feature","geometry":{"type":"Point","coordinates":[126.45,-8.4667]},"properties":{"k":"f3b7d93d3e95d6c2","c":"#9F7FBD","r":4.0,"n":"Baucau Border Smuggling Network","p":1}},{"type":"Feature","geometry":{"type":"Point","coordinates":[124.3667,-9.2167]},"properties":{"k":"9477e8af5dde5cb5","c":"#9F7FBD","r":4.0,"n":"Oecusse Enclave Trafficking Ring","p":1}},{"type":"Feature","geometry":{"type":"Point","coordinates":[-60.9875,14.0101]},"properties":{"k":"87d85e8cfbc064cf","c":"#4A8690","r":4.0,"n":"Castries-based Drug Gang","p":1}},{"type":"Feature","geometry":{"type":"Point","coordinates":[-60.9503,13.7331]},"properties":{"k":"b98c5f345cce8163","c":"#4A8690","r":4.0,"n":"Vieux Fort Smuggling Network","p":1}},{"type":"Feature","geometry":{"type":"Point","coordinates":[-59.6142,13.0975]},"properties":{"k":"dbaa073181a00885","c":"#4A8690","r":4.0,"n":"Bridgetown Drug Trafficking Organization","p":1}},{"type":"Feature","geometry":{"type":"Point","coordinates":[-59.5373,13.068]},"properties":{"k":"00e4f1b0d5fc9c7a","c":"#4A8690","r":4.0,"n":"Christ Church Gang Network","p":1}},{"type":"Feature","geometry":{"type":"Point","coordinates":[-61.7488,12.0561]},"properties":{"k":"635849a588f465f3","c":"#4A8690","r":4.0,"n":"St. George's Drug Trafficking Organization","p":1}},{"type":"Feature","geometry":{"type":"Point","coordinates":[-61.6167,12.1167]},"properties":{"k":"fb5a159adebebe54","c":"#4A8690","r":4.0,"n":"Grenville Gang Network","p":1}},{"type":"Feature","geometry":{"type":"Point","coordinates":[-61.4494,12.4792]},"properties":{"k":"610c9e0c2639ffeb","c":"#4A8690","r":4.0,"n":"Carriacou Smuggling Ring","p":1}},{"type":"Feature","geometry":{"type":"Point","coordinates":[-61.2248,13.1587]},"properties":{"k":"47025e1fccab5d2f","c":"#4A8690","r":4.0,"n":"Kingstown Drug Trafficking Gang","p":1}},{"type":"Feature","geometry":{"type":"Point","coordinates":[-61.2308,12.9844]},"properties":{"k":"8358eb6874682dd2","c":"#4A8690","r":4.0,"n":"Grenadines Maritime Smuggling Network","p":1}},{"type":"Feature","geometry":{"type":"Point","coordinates":[-61.8456,17.1211]},"properties":{"k":"0ee14204c9f39ba0","c":"#4A8690","r":4.0,"n":"St. John's Cocaine Distribution Network","p":1}},{"type":"Feature","geometry":{"type":"Point","coordinates":[-61.9079,17.0714]},"properties":{"k":"99859c21b0a7a523","c":"#4A8690","r":4.0,"n":"Jolly Harbour Smuggling Gang","p":1}},{"type":"Feature","geometry":{"type":"Point","coordinates":[-62.7177,17.3026]},"properties":{"k":"030f5415d5a8520a","c":"#4A8690","r":4.0,"n":"Basseterre Drug Gang","p":1}},{"type":"Feature","geometry":{"type":"Point","coordinates":[-62.5796,17.1469]},"properties":{"k":"5234c0278744d51c","c":"#4A8690","r":4.0,"n":"Nevis Smuggling Network","p":1}},{"type":"Feature","geometry":{"type":"Point","coordinates":[-62.6958,17.3153]},"properties":{"k":"5fb1c7e00e435a4a","c":"#4A8690","r":4.0,"n":"Frigate Bay Trafficking Organization","p":1}},{"type":"Feature","geometry":{"type":"Point","coordinates":[-83.0458,42.3314]},"properties":{"k":"ae56fd01563ebb1b","c":"#A95959","r":4.0,"n":"Detroit Mafia (Partnership)","p":1}},{"type":"Feature","geometry":{"type":"Point","coordinates":[-75.1652,39.9526]},"properties":{"k":"8ec2b1387a354418","c":"#A95959","r":4.0,"n":"Philadelphia Crime Family","p":1}},{"type":"Feature","geometry":{"type":"Point","coordinates":[-71.0589,42.3601]},"properties":{"k":"76caa15e26306059","c":"#A95959","r":4.0,"n":"New England Mafia (Patriarca)","p":1}},{"type":"Feature","geometry":{"type":"Point","coordinates":[-74.006,40.7128]},"properties":{"k":"9e9fbc73c4b603ec","c":"#A95959","r":4.0,"n":"Bonanno Crime Family","p":1}},{"type":"Feature","geometry":{"type":"Point","coordinates":[-73.9442,40.6782]},"properties":{"k":"bf84332f7c60a2f8","c":"#A95959","r":4.0,"n":"Colombo Crime Family","p":1}},{"type":"Feature","geometry":{"type":"Point","coordinates":[-73.9851,40.7589]},"properties":{"k":"889ead13a86cf9f3","c":"#A95959","r":4.0,"n":"Lucchese Crime Family","p":1}},{"type":"Feature","geometry":{"type":"Point","coordinates":[-94.5786,39.0997]},"properties":{"k":"dfef91968228b6cc","c":"#A95959","r":4.0,"n":"Kansas City Mafia (Civella)","p":1}},{"type":"Feature","geometry":{"type":"Point","coordinates":[-82.4572,27.9506]},"properties":{"k":"26f5b5cbc621abb3","c":"#A95959","r":4.0,"n":"Tampa Mafia (Trafficante)","p":1}},{"type":"Feature","geometry":{"type":"Point","coordinates":[-118.2437,34.0522]},"properties":{"k":"325f72a036078c9f","c":"#A95959","r":4.0,"n":"Los Angeles Crime Family","p":1}},{"type":"Feature","geometry":{"type":"Point","coordinates":[-122.4194,37.7749]},"properties":{"k":"e93c272182cbfeb3","c":"#A95959","r":4.0,"n":"San Francisco Mafia","p":1}},{"type":"Feature","geometry":{"type":"Point","coordinates":[-90.0715,29.9511]},"properties":{"k":"1be4543d94c7e567","c":"#A95959","r":4.0,"n":"New Orleans Mafia","p":1}},{"type":"Feature","geometry":{"type":"Point","coordinates":[-118.2437,34.0522]},"properties":{"k":"861840d7df299653","c":"#A95959","r":4.0,"n":"Asian Boyz","p":1}},{"type":"Feature","geometry":{"type":"Point","coordinates":[-74.006,40.7128]},"properties":{"k":"d1b79321cbe528c8","c":"#A95959","r":4.0,"n":"Ghost Shadows","p":1}},{"type":"Feature","geometry":{"type":"Point","coordinates":[-74.006,40.7128]},"properties":{"k":"6e5cc4a19f5cd07b","c":"#A95959","r":4.0,"n":"Flying Dragons","p":1}},{"type":"Feature","geometry":{"type":"Point","coordinates":[-73.9279,40.8168]},"properties":{"k":"caccfb33bbcd0139","c":"#A95959","r":4.0,"n":"Trinitarios","p":1}},{"type":"Feature","geometry":{"type":"Point","coordinates":[14.4378,50.0755]},"properties":{"k":"3e00ecb9b35d31b1","c":"#8A71B6","r":4.0,"n":"Czech Republic Gangs","p":1}},{"type":"Feature","geometry":{"type":"Point","coordinates":[17.1077,48.1486]},"properties":{"k":"90e9d772c6dda3bc","c":"#8A71B6","r":4.0,"n":"Slovak Mafia","p":1}},{"type":"Feature","geometry":{"type":"Point","coordinates":[19.0402,47.4979]},"properties":{"k":"3375b240ec5f43e3","c":"#8A71B6","r":4.0,"n":"Hungarian Mafia","p":1}},{"type":"Feature","geometry":{"type":"Point","coordinates":[16.3738,48.2082]},"properties":{"k":"8f9f45f313706e88","c":"#8A71B6","r":4.0,"n":"Austrian Drug Networks","p":1}},{"type":"Feature","geometry":{"type":"Point","coordinates":[7.4474,46.948]},"properties":{"k":"199687d50970a69c","c":"#8A71B6","r":4.0,"n":"Swiss Money Laundering Networks","p":1}},{"type":"Feature","geometry":{"type":"Point","coordinates":[24.7536,59.437]},"properties":{"k":"2563742352d29949","c":"#7891B9","r":4.0,"n":"Estonian Mafia","p":1}},{"type":"Feature","geometry":{"type":"Point","coordinates":[24.1052,56.9496]},"properties":{"k":"50a6e557636e72e1","c":"#7891B9","r":4.0,"n":"Latvian Mafia","p":1}},{"type":"Feature","geometry":{"type":"Point","coordinates":[25.2797,54.6872]},"properties":{"k":"72b5b5ffb5788bc2","c":"#7891B9","r":4.0,"n":"Lithuanian Mafia","p":1}},{"type":"Feature","geometry":{"type":"Point","coordinates":[23.7275,37.9838]},"properties":{"k":"9e215e07e41b973c","c":"#7F80BD","r":4.0,"n":"Greek Mafia","p":1}},{"type":"Feature","geometry":{"type":"Point","coordinates":[33.3823,35.1856]},"properties":{"k":"5a7e162584ebba3f","c":"#A95761","r":4.0,"n":"Nicosia Money Laundering Network","p":1}},{"type":"Feature","geometry":{"type":"Point","coordinates":[33.0384,34.6841]},"properties":{"k":"c89b29bb488d5080","c":"#A95761","r":4.0,"n":"Limassol Russian-Israeli Crime Hub","p":1}},{"type":"Feature","geometry":{"type":"Point","coordinates":[14.5146,35.8989]},"properties":{"k":"bca6b79fdfeef4c6","c":"#927FBD","r":4.0,"n":"Valletta Money Laundering Network","p":1}},{"type":"Feature","geometry":{"type":"Point","coordinates":[14.5375,35.8178]},"properties":{"k":"818db8058d354f35","c":"#927FBD","r":4.0,"n":"Malta Freeport Cocaine Smuggling Ring","p":1}},{"type":"Feature","geometry":{"type":"Point","coordinates":[6.1319,49.6116]},"properties":{"k":"f6caee5c099f5aed","c":"#8A71B6","r":4.0,"n":"Luxembourg Money Laundering","p":1}},{"type":"Feature","geometry":{"type":"Point","coordinates":[7.4246,43.7384]},"properties":{"k":"0d230a2dbda24bb3","c":"#8A71B6","r":4.0,"n":"Monaco Networks","p":1}},{"type":"Feature","geometry":{"type":"Point","coordinates":[1.5218,42.5063]},"properties":{"k":"4379ea1f033a03e0","c":"#8A71B6","r":4.0,"n":"Andorran Networks","p":1}},{"type":"Feature","geometry":{"type":"Point","coordinates":[12.4578,43.9424]},"properties":{"k":"4b3dda39bcd47787","c":"#927FBD","r":4.0,"n":"San Marino Networks","p":1}},{"type":"Feature","geometry":{"type":"Point","coordinates":[9.5209,47.141]},"properties":{"k":"24112969a2b65056","c":"#8A71B6","r":4.0,"n":"Liechtenstein Networks","p":1}},{"type":"Feature","geometry":{"type":"Point","coordinates":[14.5058,46.0569]},"properties":{"k":"ad8f4845adb76fb5","c":"#7F80BD","r":4.0,"n":"Ljubljana Drug Trafficking Network","p":1}},{"type":"Feature","geometry":{"type":"Point","coordinates":[13.73,45.5481]},"properties":{"k":"94c60fed5f33a702","c":"#7F80BD","r":4.0,"n":"Koper Port Cocaine Smuggling Gang","p":1}},{"type":"Feature","geometry":{"type":"Point","coordinates":[35.2332,31.9522]},"properties":{"k":"e530987f3d20d97f","c":"#A95761","r":4.0,"n":"Palestinian Drug Networks","p":1}},{"type":"Feature","geometry":{"type":"Point","coordinates":[47.9774,29.3759]},"properties":{"k":"7b45eb1056133671","c":"#A95761","r":4.0,"n":"Kuwait City Captagon Trafficking Network","p":1}},{"type":"Feature","geometry":{"type":"Point","coordinates":[47.6581,29.3375]},"properties":{"k":"fc91575ca2f2e6a6","c":"#A95761","r":4.0,"n":"Jahra Hashish Smuggling Gang","p":1}},{"type":"Feature","geometry":{"type":"Point","coordinates":[50.5577,26.0667]},"properties":{"k":"6ed6fdc50c80b0bf","c":"#A95761","r":4.0,"n":"Manama Captagon Distribution Network","p":1}},{"type":"Feature","geometry":{"type":"Point","coordinates":[50.6114,26.254]},"properties":{"k":"255d72ee0c9c76a6","c":"#A95761","r":4.0,"n":"Muharraq Drug Smuggling Ring","p":1}},{"type":"Feature","geometry":{"type":"Point","coordinates":[51.531,25.2854]},"properties":{"k":"1dbe200e5986bf8f","c":"#A95761","r":4.0,"n":"Doha Money Laundering Network","p":1}},{"type":"Feature","geometry":{"type":"Point","coordinates":[51.6056,25.1711]},"properties":{"k":"11cfb528b679b394","c":"#A95761","r":4.0,"n":"Al Wakrah Smuggling Gang","p":1}},{"type":"Feature","geometry":{"type":"Point","coordinates":[35.8623,33.8547]},"properties":{"k":"daa6b9875c68fe49","c":"#A95761","r":4.0,"n":"Hezbollah Drug Operations","p":1}},{"type":"Feature","geometry":{"type":"Point","coordinates":[44.191,15.3694]},"properties":{"k":"0e9c59de2b7dda85","c":"#A95761","r":4.0,"n":"Houthi Drug Networks","p":1}},{"type":"Feature","geometry":{"type":"Point","coordinates":[36.2765,33.5138]},"properties":{"k":"49400d6eab13a0d0","c":"#A95761","r":4.0,"n":"Former Assad Regime Networks","p":1}},{"type":"Feature","geometry":{"type":"Point","coordinates":[121.0096,6.0903]},"properties":{"k":"6aecd418b7bfe533","c":"#9F7FBD","r":4.0,"n":"Abu Sayyaf Group","p":1}},{"type":"Feature","geometry":{"type":"Point","coordinates":[151.2093,-33.8688]},"properties":{"k":"c2ceff1aa19aa98d","c":"#9F7FBD","r":4.0,"n":"Rebels MC Australia","p":1}},{"type":"Feature","geometry":{"type":"Point","coordinates":[144.9631,-37.8136]},"properties":{"k":"7506d6a2a742e29b","c":"#9F7FBD","r":4.0,"n":"Bandidos MC Australia","p":1}},{"type":"Feature","geometry":{"type":"Point","coordinates":[151.2093,-33.8688]},"properties":{"k":"8683009b306eb9c6","c":"#9F7FBD","r":4.0,"n":"Lone Wolf MC","p":1}},{"type":"Feature","geometry":{"type":"Point","coordinates":[174.7633,-36.8485]},"properties":{"k":"eca1c09d171299d9","c":"#9F7FBD","r":4.0,"n":"Head Hunters MC","p":1}},{"type":"Feature","geometry":{"type":"Point","coordinates":[174.8824,-36.9716]},"properties":{"k":"115f4c0d2bfb97fd","c":"#9F7FBD","r":4.0,"n":"Killer Beez","p":1}},{"type":"Feature","geometry":{"type":"Point","coordinates":[175.2793,-37.787]},"properties":{"k":"1fc06cab2b678af8","c":"#9F7FBD","r":4.0,"n":"Tribesmen MC","p":1}},{"type":"Feature","geometry":{"type":"Point","coordinates":[13.405,52.52]},"properties":{"k":"b8a8137b3896d178","c":"#8A71B6","r":4.0,"n":"Bandidos MC Europe","p":1}},{"type":"Feature","geometry":{"type":"Point","coordinates":[2.3522,48.8566]},"properties":{"k":"291082e98a4da70a","c":"#8A71B6","r":4.0,"n":"Hells Angels Europe (multiple chapters)","p":1}},{"type":"Feature","geometry":{"type":"Point","coordinates":[4.9041,52.3676]},"properties":{"k":"1d9ca2a8e9505941","c":"#8A71B6","r":4.0,"n":"Satudarah MC","p":1}},{"type":"Feature","geometry":{"type":"Point","coordinates":[4.9041,52.3676]},"properties":{"k":"70ef86dc076f7f5a","c":"#8A71B6","r":4.0,"n":"No Surrender MC","p":1}},{"type":"Feature","geometry":{"type":"Point","coordinates":[-0.1278,51.5074]},"properties":{"k":"f982602dd3355bff","c":"#8A71B6","r":4.0,"n":"Outlaws MC Europe","p":1}},{"type":"Feature","geometry":{"type":"Point","coordinates":[-6.2603,53.3498]},"properties":{"k":"75404f1d4f723423","c":"#8A71B6","r":4.0,"n":"Hutch Gang","p":1}},{"type":"Feature","geometry":{"type":"Point","coordinates":[-5.9301,54.5973]},"properties":{"k":"c9cb2f3229bf2cda","c":"#8A71B6","r":4.0,"n":"INLA Drug Networks","p":1}},{"type":"Feature","geometry":{"type":"Point","coordinates":[-5.9301,54.5973]},"properties":{"k":"38d72843f16cf05d","c":"#8A71B6","r":4.0,"n":"Continuity IRA Criminal Wing","p":1}},{"type":"Feature","geometry":{"type":"Point","coordinates":[-96.7266,17.0732]},"properties":{"k":"cf9d48705aa288e2","c":"#BA7979","r":4.0,"n":"C\u00e1rtel de Oaxaca","p":1}},{"type":"Feature","geometry":{"type":"Point","coordinates":[-100.3161,25.6866]},"properties":{"k":"209c9eb730342779","c":"#BA7979","r":4.0,"n":"C\u00e1rtel del Noreste - Tropa del Infierno","p":1}},{"type":"Feature","geometry":{"type":"Point","coordinates":[13.15,11.8333]},"properties":{"k":"9d833e2eed9f3fc9","c":"#45877F","r":4.0,"n":"Boko Haram Drug Operations","p":1}},{"type":"Feature","geometry":{"type":"Point","coordinates":[38.9251,15.3229]},"properties":{"k":"aafef877d075a477","c":"#45877F","r":4.0,"n":"Eritrean Smuggling Networks","p":1}},{"type":"Feature","geometry":{"type":"Point","coordinates":[43.1456,11.572]},"properties":{"k":"268e736d99bb46eb","c":"#45877F","r":4.0,"n":"Djibouti City Port Heroin Network","p":1}},{"type":"Feature","geometry":{"type":"Point","coordinates":[43.29,11.9667]},"properties":{"k":"21e87a42c9d97420","c":"#45877F","r":4.0,"n":"Obock Coastal Smuggling Gang","p":1}},{"type":"Feature","geometry":{"type":"Point","coordinates":[99.5833,22.1667]},"properties":{"k":"7f9699b8c59bfc9e","c":"#9F7FBD","r":4.0,"n":"Wa State Liberation Organization","p":1}},{"type":"Feature","geometry":{"type":"Point","coordinates":[98.5,22.5]},"properties":{"k":"2cdb9a5e3bed3cc5","c":"#9F7FBD","r":4.0,"n":"Shan State Army factions","p":1}},{"type":"Feature","geometry":{"type":"Point","coordinates":[97.3969,25.3847]},"properties":{"k":"aecaef8bd0a8ca14","c":"#9F7FBD","r":4.0,"n":"Kachin Independence Army drug operations","p":1}},{"type":"Feature","geometry":{"type":"Point","coordinates":[-123.1207,49.2827]},"properties":{"k":"3dc2d6c42bd2e639","c":"#A95959","r":4.0,"n":"Red Scorpions","p":1}},{"type":"Feature","geometry":{"type":"Point","coordinates":[-123.1207,49.2827]},"properties":{"k":"cadafa948a9896bc","c":"#A95959","r":4.0,"n":"Independent Soldiers","p":1}},{"type":"Feature","geometry":{"type":"Point","coordinates":[-123.1207,49.2827]},"properties":{"k":"0a2f9368fe22eb15","c":"#A95959","r":4.0,"n":"Wolf Pack Alliance","p":1}},{"type":"Feature","geometry":{"type":"Point","coordinates":[-107.394,24.8091]},"properties":{"k":"be163923cd5361a6","c":"#BA7979","r":4.0,"n":"C\u00e1rtel del Pac\u00edfico (Los \u00c1ntrax)","p":1}},{"type":"Feature","geometry":{"type":"Point","coordinates":[-106.0889,28.6353]},"properties":{"k":"98ec92e79ab36bc3","c":"#BA7979","r":4.0,"n":"Gente Nueva","p":1}},{"type":"Feature","geometry":{"type":"Point","coordinates":[-106.0889,28.6353]},"properties":{"k":"d7d414ff0fb8cd43","c":"#BA7979","r":4.0,"n":"Los Aquiles","p":1}},{"type":"Feature","geometry":{"type":"Point","coordinates":[-104.6532,24.0277]},"properties":{"k":"5bbdf880d3baf474","c":"#BA7979","r":4.0,"n":"C\u00e1rtel de Sinaloa - Durango faction","p":1}},{"type":"Feature","geometry":{"type":"Point","coordinates":[-80.0959,-0.6927]},"properties":{"k":"e152217ce377e080","c":"#B36C73","r":4.0,"n":"Los Chone Killers","p":1}},{"type":"Feature","geometry":{"type":"Point","coordinates":[-79.8886,-2.1894]},"properties":{"k":"3be2b59b87e8f257","c":"#B36C73","r":4.0,"n":"Los Fatales","p":1}},{"type":"Feature","geometry":{"type":"Point","coordinates":[99.8325,19.9071]},"properties":{"k":"a9c31b964e2ca2dc","c":"#9F7FBD","r":4.0,"n":"Hmong Drug Traffickers","p":1}},{"type":"Feature","geometry":{"type":"Point","coordinates":[100.8825,12.9236]},"properties":{"k":"8428e534ced22d6d","c":"#9F7FBD","r":4.0,"n":"Pattaya Russian Mafia","p":1}},{"type":"Feature","geometry":{"type":"Point","coordinates":[100.87,12.94]},"properties":{"k":"1d4c646f8d9a5e48","c":"#9F7FBD","r":4.0,"n":"Pattaya Chee Chai Gang","p":1}},{"type":"Feature","geometry":{"type":"Point","coordinates":[100.89,12.92]},"properties":{"k":"d38381a4aa8c6674","c":"#9F7FBD","r":4.0,"n":"Pattaya Nigerian Network","p":1}},{"type":"Feature","geometry":{"type":"Point","coordinates":[100.88,12.93]},"properties":{"k":"36792bc8028b2f11","c":"#9F7FBD","r":4.0,"n":"Pattaya Motorcycle Taxi Mafia","p":1}},{"type":"Feature","geometry":{"type":"Point","coordinates":[100.917,13.105]},"properties":{"k":"59ba2c488a12d1eb","c":"#9F7FBD","r":4.0,"n":"Kamnan Poh Organization","p":1}},{"type":"Feature","geometry":{"type":"Point","coordinates":[100.5018,13.7563]},"properties":{"k":"61728347ac33c4b2","c":"#9F7FBD","r":4.0,"n":"Sia Leng Organization","p":1}},{"type":"Feature","geometry":{"type":"Point","coordinates":[100.53,13.72]},"properties":{"k":"8ea1855c23752c49","c":"#9F7FBD","r":4.0,"n":"Jiew Kananek Gang","p":1}},{"type":"Feature","geometry":{"type":"Point","coordinates":[103.5234,10.6271]},"properties":{"k":"8c853e39853b6002","c":"#9F7FBD","r":4.0,"n":"Sihanoukville Chinese Triads","p":1}},{"type":"Feature","geometry":{"type":"Point","coordinates":[2.6289,6.4969]},"properties":{"k":"f3dc0070f4e4dd12","c":"#45877F","r":4.0,"n":"Beninese Port Networks","p":1}},{"type":"Feature","geometry":{"type":"Point","coordinates":[8.6821,50.1109]},"properties":{"k":"98f068f0c11b8345","c":"#8A71B6","r":4.0,"n":"Calabrian 'Ndrangheta - Germany","p":1}},{"type":"Feature","geometry":{"type":"Point","coordinates":[5.1214,52.0907]},"properties":{"k":"9774b90545075afd","c":"#8A71B6","r":4.0,"n":"Calabrian 'Ndrangheta - Netherlands","p":1}},{"type":"Feature","geometry":{"type":"Point","coordinates":[-6.2603,53.3498]},"properties":{"k":"08866ab7f0f13781","c":"#8A71B6","r":4.0,"n":"Irish Republican Army - Criminal Wing","p":1}},{"type":"Feature","geometry":{"type":"Point","coordinates":[-2.9215,53.4264]},"properties":{"k":"eea34cd87bbf5e19","c":"#8A71B6","r":4.0,"n":"Fernhill Gang","p":1}},{"type":"Feature","geometry":{"type":"Point","coordinates":[-2.928,53.4545]},"properties":{"k":"ae05d8116c4efe8e","c":"#8A71B6","r":4.0,"n":"Croxteth Crew","p":1}},{"type":"Feature","geometry":{"type":"Point","coordinates":[-2.9493,53.4311]},"properties":{"k":"ad17463ab8f6a13a","c":"#8A71B6","r":4.0,"n":"Nogsy Soldiers (Nogga Dogs)","p":1}},{"type":"Feature","geometry":{"type":"Point","coordinates":[-2.973,53.4084]},"properties":{"k":"970e03325e2aba17","c":"#8A71B6","r":4.0,"n":"Kirkstone Riot Squad","p":1}},{"type":"Feature","geometry":{"type":"Point","coordinates":[-2.9661,53.4231]},"properties":{"k":"4ec056b559e072ca","c":"#8A71B6","r":4.0,"n":"Hillside Gang (Crocky Crew)","p":1}},{"type":"Feature","geometry":{"type":"Point","coordinates":[-2.8406,53.4106]},"properties":{"k":"af38bc4fec257ef6","c":"#8A71B6","r":4.0,"n":"Huyton Firm","p":1}},{"type":"Feature","geometry":{"type":"Point","coordinates":[-2.9697,53.3844]},"properties":{"k":"861843ed98ab7611","c":"#8A71B6","r":4.0,"n":"Toxteth Gangs (Various)","p":1}},{"type":"Feature","geometry":{"type":"Point","coordinates":[-4.2693,55.8312]},"properties":{"k":"d8c7f3cfb214f3e8","c":"#8A71B6","r":4.0,"n":"Daniel Crime Family","p":1}},{"type":"Feature","geometry":{"type":"Point","coordinates":[-4.2405,55.8297]},"properties":{"k":"60245ff8bec91092","c":"#8A71B6","r":4.0,"n":"Lyons Crime Family","p":1}},{"type":"Feature","geometry":{"type":"Point","coordinates":[-4.2628,55.8585]},"properties":{"k":"2f41163ee18d0fbd","c":"#8A71B6","r":4.0,"n":"McGovern Family","p":1}},{"type":"Feature","geometry":{"type":"Point","coordinates":[-4.3166,55.8488]},"properties":{"k":"5c541b161cb49538","c":"#8A71B6","r":4.0,"n":"Gillespie Family","p":1}},{"type":"Feature","geometry":{"type":"Point","coordinates":[-4.2518,55.8642]},"properties":{"k":"99f1331e4c0acc3d","c":"#8A71B6","r":4.0,"n":"Caravel Crime Group","p":1}},{"type":"Feature","geometry":{"type":"Point","coordinates":[-2.2186,53.4387]},"properties":{"k":"f219b64390e28223","c":"#8A71B6","r":4.0,"n":"Gooch Close Gang","p":1}},{"type":"Feature","geometry":{"type":"Point","coordinates":[-2.2143,53.4421]},"properties":{"k":"ab7af0c24d9b317f","c":"#8A71B6","r":4.0,"n":"Doddington Gang (Doddy)","p":1}},{"type":"Feature","geometry":{"type":"Point","coordinates":[-2.2186,53.4387]},"properties":{"k":"e99dbf54d2cf8f1b","c":"#8A71B6","r":4.0,"n":"Young Gooch","p":1}},{"type":"Feature","geometry":{"type":"Point","coordinates":[-2.2041,53.4608]},"properties":{"k":"4e123aafd7974c36","c":"#8A71B6","r":4.0,"n":"Longsight Crew","p":1}},{"type":"Feature","geometry":{"type":"Point","coordinates":[-2.2419,53.4496]},"properties":{"k":"553bb6c999d771c1","c":"#8A71B6","r":4.0,"n":"Moss Side Bloods","p":1}},{"type":"Feature","geometry":{"type":"Point","coordinates":[-2.2372,53.4984]},"properties":{"k":"e3d491afca398d4a","c":"#8A71B6","r":4.0,"n":"Cheetham Hill Gang (Hillbillies)","p":1}},{"type":"Feature","geometry":{"type":"Point","coordinates":[-1.8936,52.4617]},"properties":{"k":"680b522f6b929428","c":"#8A71B6","r":4.0,"n":"Burger Bar Boys","p":1}},{"type":"Feature","geometry":{"type":"Point","coordinates":[-1.9026,52.467]},"properties":{"k":"0ba274e3d077df90","c":"#8A71B6","r":4.0,"n":"Johnson Crew","p":1}},{"type":"Feature","geometry":{"type":"Point","coordinates":[-1.9161,52.4539]},"properties":{"k":"dd556c9f79a92b48","c":"#8A71B6","r":4.0,"n":"Panthers Gang","p":1}},{"type":"Feature","geometry":{"type":"Point","coordinates":[-2.9916,53.4084]},"properties":{"k":"d11e1bb0155f2d3e","c":"#8A71B6","r":4.0,"n":"Liverpool Crime Families","p":1}},{"type":"Feature","geometry":{"type":"Point","coordinates":[-2.2507,53.4584]},"properties":{"k":"695587ec8cce12de","c":"#8A71B6","r":4.0,"n":"Manchester Moss Side Gangs","p":1}},{"type":"Feature","geometry":{"type":"Point","coordinates":[-0.0701,51.5883]},"properties":{"k":"147ef40e46c06a50","c":"#8A71B6","r":4.0,"n":"London Tottenham Gang Networks","p":1}},{"type":"Feature","geometry":{"type":"Point","coordinates":[-0.0691,51.4742]},"properties":{"k":"b286694d9d2f01ef","c":"#8A71B6","r":4.0,"n":"London Peckham Gang Networks","p":1}},{"type":"Feature","geometry":{"type":"Point","coordinates":[-4.2518,55.8642]},"properties":{"k":"0d54b5ab1c357ed2","c":"#8A71B6","r":4.0,"n":"Glasgow Crime Families","p":1}},{"type":"Feature","geometry":{"type":"Point","coordinates":[-1.9026,52.4782]},"properties":{"k":"523c27e3fb3df77c","c":"#8A71B6","r":4.0,"n":"Birmingham Zulus","p":1}},{"type":"Feature","geometry":{"type":"Point","coordinates":[12.5683,55.6761]},"properties":{"k":"063cd729e013c398","c":"#8A71B6","r":4.0,"n":"Loyal to Familia (LTF)","p":1}},{"type":"Feature","geometry":{"type":"Point","coordinates":[12.59,55.685]},"properties":{"k":"f63eed409d6bae5a","c":"#8A71B6","r":4.0,"n":"Black Cobra","p":1}},{"type":"Feature","geometry":{"type":"Point","coordinates":[12.585,55.673]},"properties":{"k":"9726a2cb17c04a7f","c":"#8A71B6","r":4.0,"n":"Bloodz (Danish)","p":1}},{"type":"Feature","geometry":{"type":"Point","coordinates":[12.569,55.676]},"properties":{"k":"7f26156ed9e7b667","c":"#8A71B6","r":4.0,"n":"Satudarah MC Denmark","p":1}},{"type":"Feature","geometry":{"type":"Point","coordinates":[-87.6298,41.8781]},"properties":{"k":"579d150ace222635","c":"#A95959","r":4.0,"n":"Sinaloa Cartel - Chicago Cell","p":1}},{"type":"Feature","geometry":{"type":"Point","coordinates":[-87.6873,41.8119]},"properties":{"k":"70e6f4b68e86bba6","c":"#A95959","r":4.0,"n":"Chicago Gangster Disciples","p":1}},{"type":"Feature","geometry":{"type":"Point","coordinates":[-87.6194,41.7794]},"properties":{"k":"57364da3cc910204","c":"#A95959","r":4.0,"n":"Chicago Black P. Stones","p":1}},{"type":"Feature","geometry":{"type":"Point","coordinates":[-83.0458,42.3314]},"properties":{"k":"69d400a779cb863b","c":"#A95959","r":4.0,"n":"Detroit Drug Trafficking Organizations","p":1}},{"type":"Feature","geometry":{"type":"Point","coordinates":[-76.6122,39.2904]},"properties":{"k":"ab942deaa8496f88","c":"#A95959","r":4.0,"n":"Baltimore Drug Kingpins Network","p":1}},{"type":"Feature","geometry":{"type":"Point","coordinates":[-75.1652,39.9526]},"properties":{"k":"549371afc745feac","c":"#A95959","r":4.0,"n":"Philadelphia Drug Trafficking Networks","p":1}},{"type":"Feature","geometry":{"type":"Point","coordinates":[-84.388,33.749]},"properties":{"k":"e1c54e1d4d37d2f7","c":"#A95959","r":4.0,"n":"Atlanta Drug Trafficking Organizations","p":1}},{"type":"Feature","geometry":{"type":"Point","coordinates":[-90.0715,29.9511]},"properties":{"k":"490d291f91522290","c":"#A95959","r":4.0,"n":"New Orleans Drug Networks","p":1}},{"type":"Feature","geometry":{"type":"Point","coordinates":[-118.2437,34.0522]},"properties":{"k":"34ea49664f43aa45","c":"#A95959","r":4.0,"n":"CJNG - Los Angeles Cell","p":1}},{"type":"Feature","geometry":{"type":"Point","coordinates":[-73.935,40.8501]},"properties":{"k":"2fe489cc7d78a239","c":"#A95959","r":4.0,"n":"New York Drug Markets (Washington Heights)","p":1}},{"type":"Feature","geometry":{"type":"Point","coordinates":[-75.1246,39.9963]},"properties":{"k":"e859aa931484a2b9","c":"#A95959","r":4.0,"n":"Kensington Drug Markets","p":1}},{"type":"Feature","geometry":{"type":"Point","coordinates":[-118.2451,34.0444]},"properties":{"k":"74fcb48bfe44ab8b","c":"#A95959","r":4.0,"n":"Skid Row Crips","p":1}},{"type":"Feature","geometry":{"type":"Point","coordinates":[-118.2468,34.0407]},"properties":{"k":"a9ecc88b0a088be2","c":"#A95959","r":4.0,"n":"Skid Row Latin Gangs","p":1}},{"type":"Feature","geometry":{"type":"Point","coordinates":[-118.2483,34.0385]},"properties":{"k":"55aa1945e97153e5","c":"#A95959","r":4.0,"n":"Skid Row Drug Trafficking Organization","p":1}},{"type":"Feature","geometry":{"type":"Point","coordinates":[-122.4136,37.7835]},"properties":{"k":"69eb19f6c016e22e","c":"#A95959","r":4.0,"n":"Tenderloin Drug Networks","p":1}},{"type":"Feature","geometry":{"type":"Point","coordinates":[-80.1918,25.7617]},"properties":{"k":"c7f04e685c680ec4","c":"#A95959","r":4.0,"n":"Miami Drug Trafficking Organizations","p":1}},{"type":"Feature","geometry":{"type":"Point","coordinates":[-84.388,33.749]},"properties":{"k":"adc259e8e578daf4","c":"#A95959","r":4.0,"n":"Atlanta Drug Corridor","p":1}},{"type":"Feature","geometry":{"type":"Point","coordinates":[66.9894,24.8704]},"properties":{"k":"ac08766ba403c8d7","c":"#A85668","r":4.0,"n":"Karachi Gangs (Lyari)","p":1}},{"type":"Feature","geometry":{"type":"Point","coordinates":[66.975,30.1798]},"properties":{"k":"a6eae77ddbc7db9e","c":"#A85668","r":4.0,"n":"Quetta Drug Networks","p":1}},{"type":"Feature","geometry":{"type":"Point","coordinates":[151.2093,-33.8688]},"properties":{"k":"6544be436e5e486e","c":"#9F7FBD","r":4.0,"n":"Rebels MC","p":1}},{"type":"Feature","geometry":{"type":"Point","coordinates":[153.0251,-27.4698]},"properties":{"k":"5914a6dbcba0686f","c":"#9F7FBD","r":4.0,"n":"Bandidos MC Australia","p":1}},{"type":"Feature","geometry":{"type":"Point","coordinates":[144.9631,-37.8136]},"properties":{"k":"932861dee9d09c3a","c":"#9F7FBD","r":4.0,"n":"Hells Angels MC Australia","p":1}},{"type":"Feature","geometry":{"type":"Point","coordinates":[-61.387,15.3017]},"properties":{"k":"353c5f47ebc220dd","c":"#4A8690","r":4.0,"n":"Roseau Cocaine Trafficking Gang","p":1}},{"type":"Feature","geometry":{"type":"Point","coordinates":[-61.4667,15.5792]},"properties":{"k":"28a9069e1800c5f7","c":"#4A8690","r":4.0,"n":"Portsmouth Drug Smuggling Network","p":1}},{"type":"Feature","geometry":{"type":"Point","coordinates":[-72.2708,21.7935]},"properties":{"k":"7fe63bab0f53a5f3","c":"#4A8690","r":4.0,"n":"Providenciales Cocaine Network","p":1}},{"type":"Feature","geometry":{"type":"Point","coordinates":[-71.136,21.4664]},"properties":{"k":"d735f5afb74f0b7d","c":"#4A8690","r":4.0,"n":"Grand Turk Smuggling Gang","p":1}},{"type":"Feature","geometry":{"type":"Point","coordinates":[-63.0492,18.0256]},"properties":{"k":"756e668dacf0d7a3","c":"#4A8690","r":4.0,"n":"Philipsburg Drug Trafficking Network","p":1}},{"type":"Feature","geometry":{"type":"Point","coordinates":[-63.0827,18.0669]},"properties":{"k":"826c013486e70ff1","c":"#4A8690","r":4.0,"n":"Marigot Cocaine Smuggling Gang","p":1}},{"type":"Feature","geometry":{"type":"Point","coordinates":[-64.6183,18.4274]},"properties":{"k":"09a07959501559c6","c":"#4A8690","r":4.0,"n":"Tortola Cocaine Trafficking Network","p":1}},{"type":"Feature","geometry":{"type":"Point","coordinates":[-64.8941,18.3381]},"properties":{"k":"e155a93fedbeb0ea","c":"#A95959","r":4.0,"n":"St. Thomas Drug Trafficking Organization","p":1}},{"type":"Feature","geometry":{"type":"Point","coordinates":[-64.7473,17.7272]},"properties":{"k":"f1f08707fd203841","c":"#A95959","r":4.0,"n":"St. Croix Drug Gang","p":1}},{"type":"Feature","geometry":{"type":"Point","coordinates":[-61.0583,14.6163]},"properties":{"k":"ff512574f8b31c0b","c":"#4A8690","r":4.0,"n":"Fort-de-France Trafficking Gang","p":1}},{"type":"Feature","geometry":{"type":"Point","coordinates":[-60.9971,14.6085]},"properties":{"k":"43047cf83a62d2cc","c":"#4A8690","r":4.0,"n":"Le Lamentin Airport Drug Ring","p":1}},{"type":"Feature","geometry":{"type":"Point","coordinates":[-60.9394,14.6775]},"properties":{"k":"e1b633329cbe2779","c":"#4A8690","r":4.0,"n":"Le Robert Maritime Smugglers","p":1}},{"type":"Feature","geometry":{"type":"Point","coordinates":[-61.533,16.2408]},"properties":{"k":"ca871a6972e016f3","c":"#4A8690","r":4.0,"n":"Pointe-\u00e0-Pitre Drug Trafficking Organization","p":1}},{"type":"Feature","geometry":{"type":"Point","coordinates":[-61.499,16.2651]},"properties":{"k":"f985b2549b84753a","c":"#4A8690","r":4.0,"n":"Les Abymes Trafficking Network","p":1}},{"type":"Feature","geometry":{"type":"Point","coordinates":[-61.7333,16]},"properties":{"k":"42da00d4042df409","c":"#4A8690","r":4.0,"n":"Basse-Terre Maritime Smugglers","p":1}},{"type":"Feature","geometry":{"type":"Point","coordinates":[-70.0265,12.5246]},"properties":{"k":"79042cd81c93b8f6","c":"#4A8690","r":4.0,"n":"Oranjestad Trafficking Organization","p":1}},{"type":"Feature","geometry":{"type":"Point","coordinates":[-69.8987,12.4389]},"properties":{"k":"55c039f1f5d7e0e6","c":"#4A8690","r":4.0,"n":"San Nicolas Port Smuggling Network","p":1}},{"type":"Feature","geometry":{"type":"Point","coordinates":[-70.0152,12.5014]},"properties":{"k":"97cb2d56a054e448","c":"#4A8690","r":4.0,"n":"Aruba Airport Drug Ring","p":1}},{"type":"Feature","geometry":{"type":"Point","coordinates":[-68.8824,12.1224]},"properties":{"k":"575993d54ad6699d","c":"#4A8690","r":4.0,"n":"Willemstad Cocaine Trafficking Network","p":1}},{"type":"Feature","geometry":{"type":"Point","coordinates":[-68.9335,12.1092]},"properties":{"k":"81d0059e5f857fcd","c":"#4A8690","r":4.0,"n":"Cura\u00e7ao Port Smuggling Organization","p":1}},{"type":"Feature","geometry":{"type":"Point","coordinates":[-68.9598,12.1889]},"properties":{"k":"a81178f7fb2c83aa","c":"#4A8690","r":4.0,"n":"Hato Airport Drug Ring","p":1}},{"type":"Feature","geometry":{"type":"Point","coordinates":[67.71,33.9391]},"properties":{"k":"83e43ad8462e0e64","c":"#A85668","r":4.0,"n":"Taliban Drug Operations","p":1}},{"type":"Feature","geometry":{"type":"Point","coordinates":[39.055,35.9553]},"properties":{"k":"e49b4e8d26c70ea5","c":"#A95761","r":4.0,"n":"ISIS Drug Operations","p":1}},{"type":"Feature","geometry":{"type":"Point","coordinates":[-79.233,43.7845]},"properties":{"k":"c521cb174ec52a21","c":"#A95959","r":4.0,"n":"Galloway Boys","p":1}},{"type":"Feature","geometry":{"type":"Point","coordinates":[-79.2304,43.8089]},"properties":{"k":"dd4af7a335d962d4","c":"#A95959","r":4.0,"n":"Malvern Crew","p":1}},{"type":"Feature","geometry":{"type":"Point","coordinates":[-79.5667,43.7353]},"properties":{"k":"feb00be53a348710","c":"#A95959","r":4.0,"n":"Driftwood Crips","p":1}},{"type":"Feature","geometry":{"type":"Point","coordinates":[-79.3635,43.6627]},"properties":{"k":"e63e8a73d9f3d4e4","c":"#A95959","r":4.0,"n":"Regent Park Gang","p":1}},{"type":"Feature","geometry":{"type":"Point","coordinates":[-79.5697,43.7406]},"properties":{"k":"17ae769d8953a965","c":"#A95959","r":4.0,"n":"Jamestown Crew (A-Block)","p":1}},{"type":"Feature","geometry":{"type":"Point","coordinates":[-113.4938,53.5461]},"properties":{"k":"4ef77be6ad975c55","c":"#A95959","r":4.0,"n":"Redd Alert","p":1}},{"type":"Feature","geometry":{"type":"Point","coordinates":[-113.4938,53.5461]},"properties":{"k":"c574c9f0e22e6991","c":"#A95959","r":4.0,"n":"Alberta Warriors","p":1}},{"type":"Feature","geometry":{"type":"Point","coordinates":[-114.0719,51.0447]},"properties":{"k":"e3e6e1b82721fc43","c":"#A95959","r":4.0,"n":"Fresh Off the Boat (FOB)","p":1}},{"type":"Feature","geometry":{"type":"Point","coordinates":[-114.0719,51.0447]},"properties":{"k":"207d97a611638ff9","c":"#A95959","r":4.0,"n":"FK (Forever Korean)","p":1}},{"type":"Feature","geometry":{"type":"Point","coordinates":[-97.1384,49.8951]},"properties":{"k":"b4b90e449fcf432a","c":"#A95959","r":4.0,"n":"Winnipeg Street Gangs","p":1}},{"type":"Feature","geometry":{"type":"LineString","coordinates":[[-74.7964,10.9639],[-77.0318,3.8801],[-46.6333,-23.5505],[-46.4731,-23.4356],[-46.3335,-23.9608],[-49.2733,-25.4284],[-54.6295,-20.4486],[-60.0217,-3.119],[-51.2177,-30.0346],[-38.5014,-12.9714],[-57.5759,-25.2637],[-55.7256,-22.5486],[-63.1821,-17.7833],[-43.1729,-22.9068],[-43.2105,-22.9519],[135.1955,34.6901],[139.6503,35.6762],[139.7454,35.6586],[130.4017,33.5904],[139.6503,35.6762],[139.9308,37.3631],[130.4017,33.5904],[114.1694,22.3193],[114.1628,22.2793],[114.1095,22.3964],[114.1694,22.3193],[114.1628,22.2793],[-122.4194,37.7749],[103.8198,1.3521],[-123.1207,49.2827],[37.6173,55.7558],[30.3351,59.9343],[37.7845,55.7887],[37.6173,55.7558],[37.5453,55.4242],[60.6057,56.8389],[49.1089,55.7964],[15.6439,38.1097],[16.1048,38.7878],[15.8728,38.0942],[15.9714,38.4197],[15.8728,38.0942],[13.3615,38.1157],[14.2681,40.8518],[18.175,40.3515],[19.456,41.3231],[19.5644,41.3453],[19.5033,42.0683],[19.4914,40.4686],[20.4489,44.7866],[19.2594,42.4304],[34.7818,32.0853],[28.9784,41.0082],[37.3833,37.0662],[3.3792,6.5244],[3.3947,6.4541],[3.3792,6.5244],[3.3439,6.595],[7.9336,5.0197],[3.912,7.3697],[3.3947,6.4541],[3.3792,6.5244],[5.6037,6.335],[3.3792,6.5244],[3.3792,6.5244],[3.3947,6.4541],[3.3515,6.6018],[3.43,6.43]]},"properties":{"k":"0cdf15a8c757dec2","c":"#45877F","r":6.0,"w":3,"n":"Barranquilla Cocaine Distribution Networks","p":1}},{"type":"Feature","geometry":{"type":"LineString","coordinates":[[5.6037,6.335],[7.4951,9.0579]]},"properties":{"k":"4cf1603ce2dd5e27","c":"#45877F","r":6.0,"w":3,"n":"Benin City Yahoo Yahoo Network","p":1}},{"type":"Feature","geometry":{"type":"LineString","coordinates":[[3.2841,6.465],[7.0498,4.8156],[-0.187,5.6037],[-0.2076,5.5893],[-0.03,5.695]]},"properties":{"k":"f005514b1b46c1e7","c":"#45877F","r":6.0,"w":3,"n":"Festac Town Fraud Network","p":1}},{"type":"Feature","geometry":{"type":"LineString","coordinates":[[0.0166,5.6698],[18.4241,-33.9249],[18.4241,-33.9249],[18.4241,-33.9249],[18.4886,-33.9587],[18.4631,-33.9775],[18.4978,-33.9916],[18.47,-33.985],[18.49,-34.005],[99.5833,22.1667],[100.5018,13.7563],[120.9842,14.5995],[121.0122,14.6042],[120.984,14.588],[121.0223,14.6091],[106.6297,10.8231],[151.2093,-33.8688],[151.2093,-33.8688],[150.96,-33.91],[151.2,-33.87],[151.21,-33.865],[144.9631,-37.8136],[144.9631,-37.8136],[144.9631,-37.8136],[150.96,-33.91],[-89.2182,13.6929],[-90.5069,14.6349],[-86.2419,15.1999],[-88.0253,15.5082],[-87.4667,15.78],[-87.2068,14.0818]]},"properties":{"k":"ff429c928335ae63","c":"#BB7C86","r":6.0,"w":3,"n":"Tema Port Drug Networks","p":1}},{"type":"Feature","geometry":{"type":"LineString","coordinates":[[-88.0253,15.5082],[-89.2,13.7],[-87.1921,14.0723],[-90.5137,14.6488],[-118.2437,34.0522],[-118.3287,34.0928],[-118.4434,34.0687],[-76.9836,38.989],[-73.135,40.7891],[-95.3698,29.7604],[-88.025,15.5047],[-89.2182,13.6929],[-89.205,13.71],[-90.5069,14.6349],[-118.2468,34.0407],[-87.1921,14.0723],[-71.0589,42.3601],[-80.8431,35.2271],[-115.1398,36.1699],[-88.9,13.8],[-92.2333,14.5333],[-118.2826,34.0522],[-89.23,13.7],[-89.5599,13.9942],[-76.7931,17.9714],[-76.7965,18.0179],[-76.8814,17.9914],[-76.8756,17.9899],[-76.791,18.0052],[-76.782,17.975],[-69.9312,18.4861],[-69.8933,18.4756],[-69.9395,18.4692],[-61.5019,10.6549],[-61.5088,10.6639],[-61.5121,10.6587],[-61.5103,10.6476],[-61.2225,10.6918],[-61.4156,10.6421],[-87.6298,41.8781],[-74.006,40.7128],[-73.9851,40.7589],[-118.2437,34.0522],[-118.2468,33.9806],[-87.6847,41.8369],[-122.4194,37.7749],[-118.2468,34.0407],[-122.4194,37.7749],[-73.5673,45.5017],[-73.5878,45.5088],[-123.1207,49.2827],[-6.2603,53.3498],[4.9041,52.3676],[4.8945,52.3667],[4.8952,52.3702]]},"properties":{"k":"d231ad1cb8b211f7","c":"#8A71B6","r":6.0,"w":3,"n":"Montes Family Network","p":1}},{"type":"Feature","geometry":{"type":"LineString","coordinates":[[5.1214,52.0907],[4.92,52.355],[4.9,52.37],[8.7389,41.9028],[-8.8734,42.5951],[-8.8156,42.5074],[-8.9907,42.5598],[-8.8734,42.5951],[-8.865,42.585],[-9.1393,38.7223]]},"properties":{"k":"9b2b3c78c646031c","c":"#8A71B6","r":6.0,"w":3,"n":"Houssine Ait el Hadsch Network","p":1}},{"type":"Feature","geometry":{"type":"LineString","coordinates":[[-8.6291,41.1579],[-7.9304,37.0179],[-0.1054,51.5559],[-0.0723,51.5905],[-0.0699,51.4738],[-0.0826,51.4831],[0.0648,51.4897],[-0.1132,51.4649],[-0.1157,51.4613],[-0.0826,51.4831],[-0.0699,51.4738],[-0.124,51.5307],[-0.0946,51.5264],[-0.0769,51.5308],[-0.0553,51.545],[-0.1006,51.6017],[-0.0792,51.5976],[-0.1054,51.5559]]},"properties":{"k":"44385dbdbf9b4358","c":"#8A71B6","r":6.0,"w":3,"n":"Porto Drug Networks","p":1}},{"type":"Feature","geometry":{"type":"LineString","coordinates":[[5.3698,43.2965],[5.38,43.305],[5.365,43.29],[4.4025,51.2194],[4.4025,51.2194],[4.4025,51.2194],[20.813,52.1672],[13.405,52.52],[18.0686,59.3293],[18.062,59.336],[18.041,59.347],[18.07,59.325],[18.065,59.33],[-77.0428,-12.0464],[-79.0288,-8.1116]]},"properties":{"k":"200991d55370a459","c":"#B36C73","r":6.0,"w":3,"n":"DZ Mafia (Algerian Networks)","p":1}},{"type":"Feature","geometry":{"type":"LineString","coordinates":[[-73.2516,-3.7437],[-70.0219,-15.8402]]},"properties":{"k":"dc84892c400a4403","c":"#B36C73","r":6.0,"w":3,"n":"Iquitos Amazon Cocaine Network","p":1}},{"type":"Feature","geometry":{"type":"LineString","coordinates":[[-63.1821,-17.7833],[-66.1568,-17.3895],[-68.15,-16.5],[-66.9036,10.4806],[-67.4756,7.8875],[-71.6128,10.6666],[-67.6057,10.06],[-67.995,10.17],[-66.8792,10.488],[-60.6505,-32.9442],[-60.638,-32.952],[-58.47,-34.669],[-58.415,-34.635],[72.8347,18.922],[64.0051,31.3959],[65.7178,31.6082]]},"properties":{"k":"8f10b350f2552299","c":"#A85668","r":6.0,"w":3,"n":"Santa Cruz Cocaine Trafficking Network","p":1}},{"type":"Feature","geometry":{"type":"LineString","coordinates":[[62.2039,34.3414],[70.8119,36.7347]]},"properties":{"k":"6f5d5c10752c115c","c":"#A85668","r":6.0,"w":3,"n":"Herat Province Trafficking Network","p":1}},{"type":"Feature","geometry":{"type":"LineString","coordinates":[[62.4504,31.0261],[66.6331,32.9289],[62.1201,32.3753]]},"properties":{"k":"f1506037257cbbe7","c":"#A85668","r":6.0,"w":3,"n":"Nimroz Province Smuggling Network","p":1}},{"type":"Feature","geometry":{"type":"LineString","coordinates":[[67.1079,36.7581],[67.1079,32.1853],[71.0964,34.8403]]},"properties":{"k":"69dd9f76ecfc125b","c":"#A85668","r":6.0,"w":3,"n":"Balkh Province Drug Networks","p":1}},{"type":"Feature","geometry":{"type":"LineString","coordinates":[[70.4492,34.4282],[70.75,34.1167],[71.1453,34.0692]]},"properties":{"k":"a23b7abd65e01cb3","c":"#A85668","r":6.0,"w":3,"n":"Jalalabad Opium Trafficking Network","p":1}},{"type":"Feature","geometry":{"type":"LineString","coordinates":[[70.6217,34.1717],[66.9894,24.8704],[66.992,24.865],[66.985,24.875],[66.991,24.868],[67.0011,24.8607],[72.8777,19.076],[72.857,19.094],[72.8347,18.922],[72.857,19.033]]},"properties":{"k":"620304ee63581b9d","c":"#A85668","r":6.0,"w":3,"n":"Nangarhar Taliban Drug Taxation Network","p":1}},{"type":"Feature","geometry":{"type":"LineString","coordinates":[[68.7738,38.5598],[-4.5463,34.9247],[-5.2636,35.1711],[-5.3626,35.5889]]},"properties":{"k":"5b466292f4852778","c":"#45877F","r":6.0,"w":3,"n":"Tajik-Uzbek Drug Networks","p":1}},{"type":"Feature","geometry":{"type":"LineString","coordinates":[[-15.5984,11.8636],[36.8219,-1.2921],[36.8419,-1.2674],[36.807,-1.3028],[36.82,-1.285],[39.6682,-4.0435]]},"properties":{"k":"f45a2e480ef7236d","c":"#45877F","r":6.0,"w":3,"n":"Guinea-Bissau Military-Political Drug Networks","p":1}},{"type":"Feature","geometry":{"type":"LineString","coordinates":[[39.2083,-6.7924],[39.2026,-6.1659],[13.2344,-8.8383],[121.5654,25.033],[121.5319,25.0478],[126.978,37.5665],[126.7052,37.4563]]},"properties":{"k":"314c828559c38af1","c":"#BA7A9A","r":6.0,"w":3,"n":"Dar es Salaam Port Networks","p":1}},{"type":"Feature","geometry":{"type":"LineString","coordinates":[[128.6014,35.8714],[106.8456,-6.2088],[106.827,-6.175]]},"properties":{"k":"a4dffdbdb33877e7","c":"#9F7FBD","r":6.0,"w":3,"n":"Daegu Jopok Networks","p":1}},{"type":"Feature","geometry":{"type":"LineString","coordinates":[[106.8229,-6.1944],[112.7688,-7.2504],[98.6722,3.5952]]},"properties":{"k":"e2fbe1e54c9801ea","c":"#9F7FBD","r":6.0,"w":3,"n":"Jakarta Tionghoa Kongsi Network","p":1}},{"type":"Feature","geometry":{"type":"LineString","coordinates":[[110.4167,-6.9667],[101.6869,3.139],[101.7,3.152],[101.68,3.138],[101.695,3.145]]},"properties":{"k":"e459353be873699f","c":"#9F7FBD","r":6.0,"w":3,"n":"Semarang Kongsi Network","p":1}},{"type":"Feature","geometry":{"type":"LineString","coordinates":[[101.6869,3.139],[100.3327,5.4164],[103.7414,1.4927]]},"properties":{"k":"7725c2a8315de192","c":"#9F7FBD","r":6.0,"w":3,"n":"Kuala Lumpur Ah Long Network","p":1}},{"type":"Feature","geometry":{"type":"LineString","coordinates":[[103.8198,1.3521],[103.8198,1.3521],[102.6331,17.9757],[100.408,20.283],[103.5234,10.6271]]},"properties":{"k":"e12a2126a8099a8f","c":"#9F7FBD","r":6.0,"w":3,"n":"Singapore Ah Long Network","p":1}},{"type":"Feature","geometry":{"type":"LineString","coordinates":[[103.52,10.63],[104.9282,11.5564],[36.0155,33.8462],[36.02,33.852],[36.01,33.84],[36.025,33.835],[51.389,35.6892],[44.3661,33.3152],[174.7762,-41.2865],[175.2793,-37.787],[174.7633,-36.8485],[174.75,-36.86],[174.74,-36.84],[174.885,-37.01],[174.92,-37.0089],[174.7633,-36.8485],[-99.508,27.486],[-101.7068,19.5665],[-99.2352,18.9214],[-99.8237,17.0542],[-101.156,20.5888],[-102.0681,19.0414],[-99.8237,16.8531],[-112.1589,30.7147],[-106.0889,28.6353],[-106.485,31.7619],[-98.1633,26.0796],[-100.9737,25.4382],[30.5234,50.4501],[44.8271,41.7151],[44.4991,40.1792],[45.6986,43.3181],[49.8671,40.4093],[26.1025,44.4268],[23.3219,42.6977],[28.8638,47.0105],[15.9819,45.815],[18.4131,43.8564],[21.1655,42.6629],[21.428,41.9973]]},"properties":{"k":"c5eee2bb3b95e493","c":"#7F80BD","r":6.0,"w":3,"n":"She Zhijiang Network","p":1}},{"type":"Feature","geometry":{"type":"LineString","coordinates":[[19.2594,42.4304],[19.4531,41.3188],[19.4889,40.4686],[-0.1278,51.5074]]},"properties":{"k":"3368a4d3af638fd9","c":"#8A71B6","r":6.0,"w":3,"n":"Montenegro Cocaine Networks","p":1}},{"type":"Feature","geometry":{"type":"LineString","coordinates":[[18.4131,43.8563],[113.2644,23.1291],[121.4737,31.2304],[121.49,31.24],[121.5397,31.2231]]},"properties":{"k":"978f1a1e612d13db","c":"#BA7984","r":6.0,"w":3,"n":"Bosnia Drug Trafficking Networks","p":1}},{"type":"Feature","geometry":{"type":"LineString","coordinates":[[121.46,31.22],[121.4986,31.2783]]},"properties":{"k":"4657f52280bc7408","c":"#BA7984","r":6.0,"w":3,"n":"Shanghai Nightlife Protection Network","p":1}},{"type":"Feature","geometry":{"type":"LineString","coordinates":[[121.4737,31.2304],[119.2965,26.0745],[119.5232,25.9622],[119.3,26.1],[-77.0369,38.9072],[-118.2437,34.0522],[-121.8863,37.3382],[-95.3698,29.7604],[-118.2437,34.0522],[-87.6298,41.8781],[-75.1652,39.9526],[-122.2712,37.8044],[-98.4936,29.4241],[-121.8863,37.3382],[-87.6298,41.8781],[-87.6298,41.8781],[-80.1918,25.7617],[3.3792,6.5244],[5.6037,6.335],[3.3947,6.4541],[49.8164,7.9803],[48.5167,5.35],[45.3182,2.0469],[45.3182,2.0469],[38.7636,9.0054],[32.5599,15.5007],[31.2357,30.0444]]},"properties":{"k":"7e277371d8e6b5c1","c":"#45877F","r":6.0,"w":3,"n":"Shanghai Underground Banking Network","p":1}},{"type":"Feature","geometry":{"type":"LineString","coordinates":[[12.0833,32.9312],[14.4283,27.0377],[11.2194,33.1383],[8.8306,35.1675]]},"properties":{"k":"79eb6323606464a6","c":"#45877F","r":6.0,"w":3,"n":"Zuwara Smuggling Networks","p":1}},{"type":"Feature","geometry":{"type":"LineString","coordinates":[[5.5228,22.785],[0.9539,21.3253],[-8.0029,12.6392]]},"properties":{"k":"eabfe9a7740b6c9b","c":"#45877F","r":6.0,"w":3,"n":"Tamanrasset Trafficking Networks","p":1}},{"type":"Feature","geometry":{"type":"LineString","coordinates":[[7.9911,16.9716],[2.1126,13.5127],[-17.4467,14.6928]]},"properties":{"k":"732b5a13e4576fca","c":"#45877F","r":6.0,"w":3,"n":"Agadez Smuggling Networks","p":1}},{"type":"Feature","geometry":{"type":"LineString","coordinates":[[-16.27,12.55],[-4.0083,5.36],[-4.089,5.3364],[2.6289,6.4969],[32.5732,-25.9692]]},"properties":{"k":"d8b624c7b3c14148","c":"#45877F","r":6.0,"w":3,"n":"Casamance Smuggling Networks","p":1}},{"type":"Feature","geometry":{"type":"LineString","coordinates":[[40.5175,-12.9745],[31.0335,-17.8252]]},"properties":{"k":"02b8acd751cbcd7c","c":"#45877F","r":6.0,"w":3,"n":"Pemba Drug Networks","p":1}},{"type":"Feature","geometry":{"type":"LineString","coordinates":[[28.2833,-15.4167],[17.0832,-22.5597],[15.3125,-4.3217],[29.2228,-1.6792],[-72.315,18.585],[-72.3072,18.5505],[-72.3435,18.5635],[-72.3375,18.5706],[-72.33,18.559],[-72.335,18.5461],[-72.3421,18.5777],[-72.325,18.568],[-72.3074,18.5944],[-72.32,18.5825],[-72.31,18.57],[-72.8003,18.97],[-72.338,18.56],[-72.295,18.585],[-66.1057,18.4655],[-77.3504,25.0443]]},"properties":{"k":"d13e2efc10d5ae89","c":"#4A8690","r":6.0,"w":3,"n":"Lusaka Drug Corridor Operators","p":1}},{"type":"Feature","geometry":{"type":"LineString","coordinates":[[-76.35,24.25],[-82.3666,23.1136],[-75.8219,20.0247],[-58.1742,26.8406]]},"properties":{"k":"c54451a69041c3f3","c":"#B36C73","r":6.0,"w":3,"n":"Out Islands Smuggling Networks","p":1}},{"type":"Feature","geometry":{"type":"LineString","coordinates":[[-57.5759,-25.2637],[-54.6122,-25.5097]]},"properties":{"k":"992852425e02d05d","c":"#B36C73","r":6.0,"w":3,"n":"Asunci\u00f3n Cocaine Transshipment Network","p":1}},{"type":"Feature","geometry":{"type":"LineString","coordinates":[[-56.1645,-34.9011],[-54.9472,-34.9631],[-55.5506,-30.9033]]},"properties":{"k":"08f4a1cb91d4e007","c":"#B36C73","r":6.0,"w":3,"n":"Montevideo Port Cocaine Networks","p":1}},{"type":"Feature","geometry":{"type":"LineString","coordinates":[[-70.6693,-33.4489],[-71.6127,-33.0472]]},"properties":{"k":"9f15d0cbc890589b","c":"#B36C73","r":6.0,"w":3,"n":"Santiago Cocaine Distribution Network","p":1}},{"type":"Feature","geometry":{"type":"LineString","coordinates":[[-70.1431,-20.2208],[-79.9225,-2.17],[-79.8867,-2.1894],[-79.9225,-2.17]]},"properties":{"k":"ca23074cc2d37f46","c":"#B36C73","r":6.0,"w":3,"n":"Iquique Northern Border Trafficking Network","p":1}},{"type":"Feature","geometry":{"type":"LineString","coordinates":[[-58.1551,6.8013],[-59,4.5]]},"properties":{"k":"85f9f6ae5e850a8c","c":"#B36C73","r":6.0,"w":3,"n":"Georgetown Cocaine Transshipment Networks","p":1}},{"type":"Feature","geometry":{"type":"LineString","coordinates":[[-55.2038,5.852],[-56.97,5.95]]},"properties":{"k":"5ff76be743392c63","c":"#B36C73","r":6.0,"w":3,"n":"Paramaribo Cocaine Trafficking Networks","p":1}},{"type":"Feature","geometry":{"type":"LineString","coordinates":[[-52.3264,4.9381],[-54.0297,5.4983],[-52.6504,5.168]]},"properties":{"k":"5b2c4b66e8438924","c":"#B36C73","r":6.0,"w":3,"n":"Cayenne Cocaine Trafficking Network","p":1}},{"type":"Feature","geometry":{"type":"LineString","coordinates":[[35.9284,31.9454],[36.2081,32.3409],[35.0081,29.5267]]},"properties":{"k":"c87597225ef7cbcb","c":"#A95761","r":6.0,"w":3,"n":"Amman Captagon Distribution Network","p":1}},{"type":"Feature","geometry":{"type":"LineString","coordinates":[[45.0187,12.7855],[44.191,15.3694]]},"properties":{"k":"40fb3adf811b243d","c":"#A95761","r":6.0,"w":3,"n":"Aden Port Smuggling Network","p":1}},{"type":"Feature","geometry":{"type":"LineString","coordinates":[[48.5164,15.5527],[49.1242,14.5425],[58.4,23.6]]},"properties":{"k":"0b46e84cf34a1506","c":"#A95761","r":6.0,"w":3,"n":"Houthi Drug Taxation Network","p":1}},{"type":"Feature","geometry":{"type":"LineString","coordinates":[[55.2708,25.2048],[92.3,20.8667]]},"properties":{"k":"14ea4d136aca12f1","c":"#A85668","r":6.0,"w":3,"n":"UAE Drug Networks","p":1}},{"type":"Feature","geometry":{"type":"LineString","coordinates":[[92.0058,21.4272],[92.1003,21.1325]]},"properties":{"k":"19c993482466b633","c":"#A85668","r":6.0,"w":3,"n":"Cox's Bazar Beach Yaba Network","p":1}},{"type":"Feature","geometry":{"type":"LineString","coordinates":[[90.4125,23.8103],[79.8612,6.9271],[79.9,6.95],[85.324,27.7172],[85,27]]},"properties":{"k":"46b086512d529dd1","c":"#A85668","r":6.0,"w":3,"n":"Dhaka Heroin Distribution Networks","p":1}},{"type":"Feature","geometry":{"type":"LineString","coordinates":[[73.5093,4.1755],[73.5291,4.1917],[73.1503,-0.6291]]},"properties":{"k":"2ebae83e80c0a9fa","c":"#A85668","r":6.0,"w":3,"n":"Mal\u00e9 Heroin Trafficking Network","p":1}},{"type":"Feature","geometry":{"type":"LineString","coordinates":[[-175.2166,-21.1393],[-175.1982,-21.1789],[-174,-18.65],[-172.1046,-13.759],[178.4419,-18.1416],[177.4433,-17.7553]]},"properties":{"k":"25d94e17f64cb9c0","c":"#9F7FBD","r":6.0,"w":3,"n":"Nuku'alofa Methamphetamine Network","p":1}},{"type":"Feature","geometry":{"type":"LineString","coordinates":[[177.45,-17.6167],[147.1803,-9.4438],[14.2408,37.0679],[15.8056,40.6389],[12.5683,55.6761],[10.7522,59.9139],[24.9384,60.1699],[-21.9426,64.1466]]},"properties":{"k":"1925b904a6df51f8","c":"#8A71B6","r":6.0,"w":3,"n":"Lautoka Port Trafficking Network","p":1}},{"type":"Feature","geometry":{"type":"LineString","coordinates":[[74.5698,42.8746],[72.7985,40.5283]]},"properties":{"k":"1c7033bb8b5e8546","c":"#A85668","r":6.0,"w":3,"n":"Bishkek Heroin Trafficking Network","p":1}},{"type":"Feature","geometry":{"type":"LineString","coordinates":[[77.0833,42.4333],[71.4491,51.1694]]},"properties":{"k":"1116ff82a5f0730b","c":"#7891B9","r":6.0,"w":3,"n":"Issyk-Kul Lake Trafficking Corridor","p":1}},{"type":"Feature","geometry":{"type":"LineString","coordinates":[[58.3261,37.9601],[125.7625,39.0392],[-99.8237,16.8531],[-106.4245,31.6904],[-106.485,31.7619],[-106.4245,31.6904],[-102.8333,19.1833],[-103.3496,20.6597],[-90.5069,14.6349],[-90.2308,15.7835],[-88.5833,15.5]]},"properties":{"k":"073ce6b6fa0c6584","c":"#BB7C86","r":6.0,"w":3,"n":"Turkmen Smuggling Networks","p":1}},{"type":"Feature","geometry":{"type":"LineString","coordinates":[[-86.2362,12.115],[-83.7633,12.0111],[-85.8703,11.2533],[-84.0907,9.9281]]},"properties":{"k":"c33885fb9e71cb68","c":"#BB7C86","r":6.0,"w":3,"n":"Managua Cocaine Transshipment Network","p":1}},{"type":"Feature","geometry":{"type":"LineString","coordinates":[[-79.5199,8.9824],[-79.9,9.3549]]},"properties":{"k":"b95c4a8a6d7966ee","c":"#BB7C86","r":6.0,"w":3,"n":"Panama City Money Laundering Network","p":1}},{"type":"Feature","geometry":{"type":"LineString","coordinates":[[-77.5,8],[-79.5667,8.95],[-88.1886,17.4986]]},"properties":{"k":"6bfd62dfac23eeca","c":"#BB7C86","r":6.0,"w":3,"n":"Dari\u00e9n Gap Trafficking Corridor Network","p":1}},{"type":"Feature","geometry":{"type":"LineString","coordinates":[[-87.9653,17.9156],[-88.3881,18.3956]]},"properties":{"k":"1d54777e28fd42b4","c":"#BB7C86","r":6.0,"w":3,"n":"San Pedro Cocaine Smuggling Network","p":1}},{"type":"Feature","geometry":{"type":"LineString","coordinates":[[30.0606,-1.9536],[29.2566,-1.7025]]},"properties":{"k":"bb206d1f21969dbe","c":"#45877F","r":6.0,"w":3,"n":"Kigali Narcotics Trafficking Network","p":1}},{"type":"Feature","geometry":{"type":"LineString","coordinates":[[29.8739,-1.9403],[29.9189,-3.3731],[32.5825,0.3476],[32.4435,0.0418]]},"properties":{"k":"4351953ffffb02a6","c":"#45877F","r":6.0,"w":3,"n":"Kigali-Entebbe Drug Corridor Network","p":1}},{"type":"Feature","geometry":{"type":"LineString","coordinates":[[11.5021,3.848],[9.4673,0.4162],[8.7371,3.7504]]},"properties":{"k":"5b89eed96643d251","c":"#45877F","r":6.0,"w":3,"n":"Yaound\u00e9 Distribution Networks","p":1}},{"type":"Feature","geometry":{"type":"LineString","coordinates":[[15.0557,12.1348],[18.5582,4.3947]]},"properties":{"k":"9153329b64f9697e","c":"#45877F","r":6.0,"w":3,"n":"Chad Smuggling Networks","p":1}},{"type":"Feature","geometry":{"type":"LineString","coordinates":[[25.9087,-24.6541],[27.5084,-21.1672]]},"properties":{"k":"eafe94a4340ccea6","c":"#45877F","r":6.0,"w":3,"n":"Gaborone Drug Trafficking Network","p":1}},{"type":"Feature","geometry":{"type":"LineString","coordinates":[[25.1652,-17.8193],[27.4833,-29.3167],[31.1367,-26.3054]]},"properties":{"k":"2796df6a6d39a5f5","c":"#45877F","r":6.0,"w":3,"n":"Kasane Wildlife Trafficking Network","p":1}},{"type":"Feature","geometry":{"type":"LineString","coordinates":[[31.369,-26.4956],[31.3,-26.5167],[-15.9582,18.0735],[-1.5197,12.3714]]},"properties":{"k":"f7230003ebd2680c","c":"#45877F","r":6.0,"w":3,"n":"Manzini Cannabis Cultivation Network","p":1}},{"type":"Feature","geometry":{"type":"LineString","coordinates":[[1.2318,6.1256],[1.1914,9.5511],[-13.2317,8.4657],[-10.8074,6.3156]]},"properties":{"k":"38642652e5d18ff8","c":"#45877F","r":6.0,"w":3,"n":"Lom\u00e9 Port Cocaine Network","p":1}},{"type":"Feature","geometry":{"type":"LineString","coordinates":[[-16.579,13.4549],[-15.5833,13.4333]]},"properties":{"k":"06d56abd388b743a","c":"#45877F","r":6.0,"w":3,"n":"Banjul Cocaine Trafficking Network","p":1}},{"type":"Feature","geometry":{"type":"LineString","coordinates":[[-13.7122,9.5092],[-9.3055,10.3851],[-13.5784,9.6412],[-23.5087,14.9215]]},"properties":{"k":"f20e9d2c92b97c2b","c":"#45877F","r":6.0,"w":3,"n":"Conakry Port Cocaine Trafficking Network","p":1}},{"type":"Feature","geometry":{"type":"LineString","coordinates":[[-24.9956,16.8867],[-22.9333,16.7333],[6.7273,0.3365]]},"properties":{"k":"d5d225a71d3f65b0","c":"#45877F","r":6.0,"w":3,"n":"Mindelo Port Smuggling Network","p":1}},{"type":"Feature","geometry":{"type":"LineString","coordinates":[[7.4056,1.614],[6.7333,0.3302],[43.3333,-11.6455]]},"properties":{"k":"d55748d1f6b1f6b4","c":"#45877F","r":6.0,"w":3,"n":"Pr\u00edncipe Island Smuggling Network","p":1}},{"type":"Feature","geometry":{"type":"LineString","coordinates":[[55.4513,-4.6191],[55.5218,-4.6743],[55.7447,-4.3197]]},"properties":{"k":"01a175a8fc4ba29c","c":"#45877F","r":6.0,"w":3,"n":"Victoria Port Heroin Trafficking Network","p":1}},{"type":"Feature","geometry":{"type":"LineString","coordinates":[[47.5079,-18.8792],[49.4022,-18.1443],[48.2619,-13.3213]]},"properties":{"k":"72c798ceca81f25b","c":"#45877F","r":6.0,"w":3,"n":"Antananarivo Heroin Trafficking Network","p":1}},{"type":"Feature","geometry":{"type":"LineString","coordinates":[[34.3,-12.0833],[106.905,47.9077]]},"properties":{"k":"c4f30cba16011bf4","c":"#7891B9","r":6.0,"w":3,"n":"Lake Malawi Smuggling Network","p":1}},{"type":"Feature","geometry":{"type":"LineString","coordinates":[[105.9667,49.4667],[104.0833,49.0333],[113.5439,22.1987],[89.639,27.4728]]},"properties":{"k":"7ac02c2f52bccb17","c":"#A85668","r":6.0,"w":3,"n":"Darkhan Border Smuggling Network","p":1}},{"type":"Feature","geometry":{"type":"LineString","coordinates":[[114.9425,4.8903],[114.3244,4.6069],[115,4.5],[125.5603,-8.5569]]},"properties":{"k":"f3aff8eb371c3019","c":"#9F7FBD","r":6.0,"w":3,"n":"Bandar Seri Begawan Methamphetamine Network","p":1}},{"type":"Feature","geometry":{"type":"LineString","coordinates":[[126.45,-8.4667],[124.3667,-9.2167],[-60.9875,14.0101]]},"properties":{"k":"c263b123cb75f3b4","c":"#4A8690","r":6.0,"w":3,"n":"Baucau Border Smuggling Network","p":1}},{"type":"Feature","geometry":{"type":"LineString","coordinates":[[-60.9503,13.7331],[-59.6142,13.0975]]},"properties":{"k":"4c6825f32378ad73","c":"#4A8690","r":6.0,"w":3,"n":"Vieux Fort Smuggling Network","p":1}},{"type":"Feature","geometry":{"type":"LineString","coordinates":[[-59.5373,13.068],[-61.7488,12.0561]]},"properties":{"k":"03f687deb6fb87cc","c":"#4A8690","r":6.0,"w":3,"n":"Christ Church Gang Network","p":1}},{"type":"Feature","geometry":{"type":"LineString","coordinates":[[-61.6167,12.1167],[-61.4494,12.4792],[-61.2248,13.1587]]},"properties":{"k":"5fbff8637f5069b9","c":"#4A8690","r":6.0,"w":3,"n":"Grenville Gang Network","p":1}},{"type":"Feature","geometry":{"type":"LineString","coordinates":[[-61.8456,17.1211],[-61.9079,17.0714],[-62.7177,17.3026]]},"properties":{"k":"067beffcce6384dc","c":"#4A8690","r":6.0,"w":3,"n":"St. John's Cocaine Distribution Network","p":1}},{"type":"Feature","geometry":{"type":"LineString","coordinates":[[-62.5796,17.1469],[-62.6958,17.3153],[-83.0458,42.3314],[-75.1652,39.9526],[-71.0589,42.3601],[-74.006,40.7128],[-73.9442,40.6782],[-73.9851,40.7589],[-94.5786,39.0997],[-82.4572,27.9506],[-118.2437,34.0522],[-122.4194,37.7749],[-90.0715,29.9511],[-118.2437,34.0522],[-122.4194,37.7749],[-74.006,40.7128],[-74.006,40.7128],[-73.9279,40.8168],[14.4378,50.0755],[17.1077,48.1486],[19.0402,47.4979]]},"properties":{"k":"af7b7632bbca320f","c":"#8A71B6","r":6.0,"w":3,"n":"Nevis Smuggling Network","p":1}},{"type":"Feature","geometry":{"type":"LineString","coordinates":[[7.4474,46.948],[24.7536,59.437],[24.1052,56.9496],[25.2797,54.6872],[23.7275,37.9838]]},"properties":{"k":"925c9aa2817d68d8","c":"#7F80BD","r":6.0,"w":3,"n":"Swiss Money Laundering Networks","p":1}},{"type":"Feature","geometry":{"type":"LineString","coordinates":[[33.3823,35.1856],[33.0384,34.6841]]},"properties":{"k":"11e70d2760c1b760","c":"#A95761","r":6.0,"w":3,"n":"Nicosia Money Laundering Network","p":1}},{"type":"Feature","geometry":{"type":"LineString","coordinates":[[14.5146,35.8989],[14.5375,35.8178],[6.1319,49.6116]]},"properties":{"k":"f7afbe401143f131","c":"#8A71B6","r":6.0,"w":3,"n":"Valletta Money Laundering Network","p":1}},{"type":"Feature","geometry":{"type":"LineString","coordinates":[[14.5058,46.0569],[13.73,45.5481]]},"properties":{"k":"efff72f665b37819","c":"#7F80BD","r":6.0,"w":3,"n":"Ljubljana Drug Trafficking Network","p":1}},{"type":"Feature","geometry":{"type":"LineString","coordinates":[[47.9774,29.3759],[47.6581,29.3375]]},"properties":{"k":"6417287e4bea38b1","c":"#A95761","r":6.0,"w":3,"n":"Kuwait City Captagon Trafficking Network","p":1}},{"type":"Feature","geometry":{"type":"LineString","coordinates":[[50.5577,26.0667],[50.6114,26.254]]},"properties":{"k":"9887d8b971729cc4","c":"#A95761","r":6.0,"w":3,"n":"Manama Captagon Distribution Network","p":1}},{"type":"Feature","geometry":{"type":"LineString","coordinates":[[51.531,25.2854],[51.6056,25.1711],[35.8623,33.8547]]},"properties":{"k":"289518817e354c44","c":"#A95761","r":6.0,"w":3,"n":"Doha Money Laundering Network","p":1}},{"type":"Feature","geometry":{"type":"LineString","coordinates":[[36.2765,33.5138],[121.0096,6.0903],[151.2093,-33.8688],[144.9631,-37.8136],[151.2093,-33.8688],[174.7762,-41.2865],[174.7633,-36.8485],[174.8824,-36.9716],[175.2793,-37.787],[13.405,52.52],[2.3522,48.8566],[4.9041,52.3676],[4.9041,52.3676],[-0.1278,51.5074],[-6.2603,53.3498]]},"properties":{"k":"49d2c01be6537780","c":"#8A71B6","r":6.0,"w":3,"n":"Former Assad Regime Networks","p":1}},{"type":"Feature","geometry":{"type":"LineString","coordinates":[[-5.9301,54.5973],[-5.9301,54.5973],[-96.7266,17.0732],[-100.3161,25.6866],[13.15,11.8333]]},"properties":{"k":"dcaea154b292b071","c":"#45877F","r":6.0,"w":3,"n":"INLA Drug Networks","p":1}},{"type":"Feature","geometry":{"type":"LineString","coordinates":[[43.1456,11.572],[43.29,11.9667],[99.5833,22.1667],[98.5,22.5],[97.3969,25.3847],[-123.1207,49.2827],[-123.1207,49.2827],[-123.1207,49.2827],[-107.394,24.8091],[-106.0889,28.6353],[-106.0889,28.6353],[-104.6532,24.0277],[-80.0959,-0.6927],[-79.8886,-2.1894],[99.8325,19.9071],[100.8825,12.9236],[100.87,12.94]]},"properties":{"k":"ee7b7c13e92c4179","c":"#9F7FBD","r":6.0,"w":3,"n":"Djibouti City Port Heroin Network","p":1}},{"type":"Feature","geometry":{"type":"LineString","coordinates":[[100.89,12.92],[100.88,12.93],[100.917,13.105],[100.5018,13.7563],[100.53,13.72],[103.5234,10.6271]]},"properties":{"k":"33cc466321f895cf","c":"#9F7FBD","r":6.0,"w":3,"n":"Pattaya Nigerian Network","p":1}},{"type":"Feature","geometry":{"type":"LineString","coordinates":[[2.6289,6.4969],[8.6821,50.1109],[5.1214,52.0907],[-6.2603,53.3498],[-2.9215,53.4264],[-2.928,53.4545],[-2.9493,53.4311],[-2.973,53.4084],[-2.9661,53.4231],[-2.8406,53.4106],[-2.9697,53.3844],[-4.2693,55.8312],[-4.2405,55.8297],[-4.2628,55.8585],[-4.3166,55.8488],[-4.2518,55.8642],[-2.2186,53.4387],[-2.2143,53.4421],[-2.2186,53.4387],[-2.2041,53.4608],[-2.2419,53.4496],[-2.2372,53.4984],[-1.8936,52.4617],[-1.9026,52.467],[-1.9161,52.4539],[-2.9916,53.4084],[-2.2507,53.4584]]},"properties":{"k":"4dbf2ebcdd24e71a","c":"#8A71B6","r":6.0,"w":3,"n":"Beninese Port Networks","p":1}},{"type":"Feature","geometry":{"type":"LineString","coordinates":[[-0.0691,51.4742],[-4.2518,55.8642],[-1.9026,52.4782],[12.5683,55.6761],[12.59,55.685],[12.585,55.673],[12.569,55.676],[-87.6298,41.8781],[-87.6873,41.8119],[-87.6194,41.7794],[-83.0458,42.3314]]},"properties":{"k":"83d70169acb4bc6e","c":"#A95959","r":6.0,"w":3,"n":"London Peckham Gang Networks","p":1}},{"type":"Feature","geometry":{"type":"LineString","coordinates":[[-75.1652,39.9526],[-84.388,33.749]]},"properties":{"k":"e11029ada7bbc5ec","c":"#A95959","r":6.0,"w":3,"n":"Philadelphia Drug Trafficking Networks","p":1}},{"type":"Feature","geometry":{"type":"LineString","coordinates":[[-90.0715,29.9511],[-118.2437,34.0522],[-73.935,40.8501],[-75.1246,39.9963],[-118.2451,34.0444],[-118.2468,34.0407],[-118.2483,34.0385]]},"properties":{"k":"291df5d25309f05e","c":"#A95959","r":6.0,"w":3,"n":"New Orleans Drug Networks","p":1}},{"type":"Feature","geometry":{"type":"LineString","coordinates":[[-122.4136,37.7835],[-80.1918,25.7617]]},"properties":{"k":"6878abf07ce37b80","c":"#A95959","r":6.0,"w":3,"n":"Tenderloin Drug Networks","p":1}},{"type":"Feature","geometry":{"type":"LineString","coordinates":[[-84.388,33.749],[66.9894,24.8704]]},"properties":{"k":"4c2814339e19f7ec","c":"#A85668","r":6.0,"w":3,"n":"Atlanta Drug Corridor","p":1}},{"type":"Feature","geometry":{"type":"LineString","coordinates":[[66.975,30.1798],[151.2093,-33.8688],[153.0251,-27.4698],[144.9631,-37.8136],[151.2093,-33.8688],[-61.387,15.3017]]},"properties":{"k":"1644d4cb79898755","c":"#4A8690","r":6.0,"w":3,"n":"Quetta Drug Networks","p":1}},{"type":"Feature","geometry":{"type":"LineString","coordinates":[[-72.2708,21.7935],[-71.136,21.4664]]},"properties":{"k":"12a5922ca77d3608","c":"#4A8690","r":6.0,"w":3,"n":"Providenciales Cocaine Network","p":1}},{"type":"Feature","geometry":{"type":"LineString","coordinates":[[-63.0492,18.0256],[-63.0827,18.0669]]},"properties":{"k":"2b4444bf3b3f3d37","c":"#4A8690","r":6.0,"w":3,"n":"Philipsburg Drug Trafficking Network","p":1}},{"type":"Feature","geometry":{"type":"LineString","coordinates":[[-64.6183,18.4274],[-64.8941,18.3381],[-64.7473,17.7272],[-61.0583,14.6163],[-60.9971,14.6085],[-60.9394,14.6775],[-61.533,16.2408]]},"properties":{"k":"3db60a31d7b99208","c":"#4A8690","r":6.0,"w":3,"n":"Tortola Cocaine Trafficking Network","p":1}},{"type":"Feature","geometry":{"type":"LineString","coordinates":[[-61.499,16.2651],[-61.7333,16],[-70.0265,12.5246]]},"properties":{"k":"8ec28751a068a7ac","c":"#4A8690","r":6.0,"w":3,"n":"Les Abymes Trafficking Network","p":1}},{"type":"Feature","geometry":{"type":"LineString","coordinates":[[-69.8987,12.4389],[-70.0152,12.5014]]},"properties":{"k":"a661cda06c527e5f","c":"#4A8690","r":6.0,"w":3,"n":"San Nicolas Port Smuggling Network","p":1}},{"type":"Feature","geometry":{"type":"LineString","coordinates":[[-68.8824,12.1224],[-68.9335,12.1092],[-68.9598,12.1889],[67.71,33.9391],[39.055,35.9553],[-79.233,43.7845],[-79.2304,43.8089],[-79.5667,43.7353],[-79.3635,43.6627],[-79.5697,43.7406],[-113.4938,53.5461],[-113.4938,53.5461],[-114.0719,51.0447],[-114.0719,51.0447],[-97.1384,49.8951],[-109,29],[-106,22],[-99.5,26.5],[-100,28],[-107,32],[-117.3,32.7],[15.5,40],[12.5,38.5],[13.5,41.5],[15.5,42],[-77.5,9.5],[-74,8],[-47.5,-22],[-43.8,-22.5],[36.5,56.5],[29.5,60.5],[134.5,35.5],[139,36],[113,23],[113.8,22.5],[19,43],[19,46],[97,24],[63,33],[2.8,7],[-6,35.5],[4.5,52.7],[-118.8,34.5],[-74.3,40.9],[-88,42.2],[-74,45.7],[-6.5,53.5],[-72.5,18.7],[150.8,-33.5],[-109,26],[-102.5,20],[-102.5,19.5],[-101.8,21.2],[-100,18.5],[-77,3],[-80.2,-1.8],[-78.8,-0.5],[-72.4,18.65],[-122,37],[-123,38],[-88.2,42.2],[-74.3,40.95]]},"properties":{"k":"c4a725a14b2a2808","c":"#A95959","r":6.0,"w":3,"n":"Willemstad Cocaine Trafficking Network","p":1}},{"type":"Feature","geometry":{"type":"LineString","coordinates":[[-80.5,26.2],[-74.2,45.8],[-123.3,49.4],[-79.6,43.8],[64,32],[70,34.5],[-5.5,35.5],[35.8,34.2],[70,35],[-16.5,12.5],[4,52],[4.3,51.3],[-9,43.5],[124,8]]},"properties":{"k":"aa06a86c3fbf02f0","c":"#9F7FBD","r":6.0,"w":3,"n":"Miami Cocaine Corridor","p":1}},{"type":"Feature","geometry":{"type":"LineString","coordinates":[[69.2,34.5],[62.2,34.6],[59.6,36.3],[51.4,35.7],[46.3,37.9],[41.3,39.9],[32.9,39.9],[29,41],[28.6,41],[26.6,41.7],[24.7,42.1],[23.3,42.7],[21.4,42],[19.3,42.4],[19.8,41.3],[18.2,40.6],[12.5,41.9],[9.2,45.5],[6.6,46.5],[2.3,48.9],[0.1,51.5],[4.9,52.4]]},"properties":{"k":"294d7edfc7919ed9","c":"#A85668","r":6.0,"w":3,"n":"Balkan Route (Heroin)","p":1}},{"type":"Feature","geometry":{"type":"LineString","coordinates":[[69.2,34.5],[69,36.7],[69.7,37.1],[68.8,37.5],[68.8,38.5],[70.3,39.6],[72.8,40.5],[73.4,41.3],[74.6,42.9],[76.9,43.2],[65.5,44.8],[68,47],[73.1,49.8],[71.4,51.2],[63.6,53.2],[55.9,54.7],[61.4,55.2],[60.6,56.8],[56.3,58],[44,56.3],[49.1,55.8],[48.4,54.3],[50.1,53.2],[37.6,55.8]]},"properties":{"k":"24f6ee5b4709fa5b","c":"#7891B9","r":6.0,"w":3,"n":"Northern Route (Heroin)","p":1}},{"type":"Feature","geometry":{"type":"LineString","coordinates":[[-77,-12],[-76,-8],[-75.5,-5],[-74.1,4.7],[-75.5,10.4],[-68.9,12.2],[-69.9,12.5],[-61.3,15.4],[-61.8,17.1],[-72.3,18.5],[-75.1,19.9],[-77.8,21.5],[-82.4,23.1],[-77.9,24.6],[-79.2,25.8],[-80.2,25.8]]},"properties":{"k":"820400a23c60d838","c":"#B36C73","r":6.0,"w":3,"n":"Caribbean Route (Cocaine)","p":1}},{"type":"Feature","geometry":{"type":"LineString","coordinates":[[-77,-12],[-79,-8.1],[-80.4,-3.7],[-79,0.2],[-78.5,1.2],[-77.1,3.9],[-77.7,8.7],[-79.9,9.4],[-87.9,12.9],[-89.2,13.7],[-90.5,14.6],[-96.7,15.8],[-99.9,16.9],[-105.2,20.7],[-109.9,22.9],[-111,25.8],[-114.1,28.6],[-117.1,32.5]]},"properties":{"k":"605561d229098415","c":"#BA7979","r":6.0,"w":3,"n":"Pacific Route (Cocaine)","p":1}},{"type":"Feature","geometry":{"type":"LineString","coordinates":[[-47.9,-15.8],[-38.5,-12.9],[-36.4,-10.4],[-35.2,-8.8],[-34.8,-7.1],[-35.2,-5.8],[-38.5,-3.7],[-44.3,-2.5],[-42,0],[-35,0],[-30,0],[-20,2],[-8,4],[-7.5,4.4],[-4,5.3],[-0.2,5.6],[1.2,6.1],[2.6,6.5],[3.4,6.4],[-13.2,8.5],[-13.7,9.5],[-15.6,11.9],[-16.3,12.3],[-8,12.6],[2.1,13.5],[-17.4,14.7],[-16.5,16],[-16,18.1],[-17,20.9],[-15.9,23.7],[-13.2,27.2],[-12,28],[-9.6,30.4],[-8,31.6],[-7.6,33.6],[-6.8,33.9],[-6.6,35.2],[-5.3,35.9],[-5.6,36.1],[-4.4,36.7],[-1,37.4],[-0.5,38.3],[-0.4,39.5],[2.2,41.4],[5.4,43.3],[4.8,45.8],[2.3,48.9]]},"properties":{"k":"35cb94cdc762a2d4","c":"#45877F","r":6.0,"w":3,"n":"West African Route (Cocaine)","p":1}},{"type":"Feature","geometry":{"type":"LineString","coordinates":[[69.2,34.5],[65.7,31.6],[66.9,30.2],[61.9,28],[56.4,30.3],[52.5,29.6],[48.7,31.3],[47.8,30.5],[47.5,30],[48,29.4],[50.6,26.2],[55.4,25.3],[54.4,24.5],[58.5,23.6],[58.2,20.4],[54.5,15.4],[45,12.8],[43.1,11.6],[38.8,9],[38.8,3.4],[36.8,-1.3],[39.7,-4],[39.3,-6.8],[40.5,-12],[32.6,-25.9],[28,-26.2],[18.4,-33.9]]},"properties":{"k":"72b8ef7ef3223839","c":"#A95761","r":6.0,"w":3,"n":"Southern Route (Heroin)","p":1}},{"type":"Feature","geometry":{"type":"LineString","coordinates":[[99.6,22.2],[100,20.3],[99.8,19.9],[99,18.8],[100.1,15.9],[100.5,13.8],[100,13.4],[99.6,11.6],[99.3,9.1],[100.3,6.4],[100.3,5.4],[101.7,3.1],[103.8,1.4],[104,1.3],[103.9,-1.2],[106.8,-6.2],[115.2,-8.7],[123.6,-10.2],[130.8,-12.5],[146.8,-19.3],[153,-27.5],[151.2,-33.9]]},"properties":{"k":"972f4361caff7e1d","c":"#BA7A9A","r":6.0,"w":3,"n":"Golden Triangle Route","p":1}},{"type":"Feature","geometry":{"type":"LineString","coordinates":[[-74.1,4.7],[-73.1,7.1],[-75.5,10.4],[-74.8,11],[-68.3,12.1],[-69,12.2],[-68.3,12.1],[-61,13.2],[-61,14],[-61.3,15.4],[-61.5,16.2],[-61.8,17.1],[-64.6,17.6],[-64.6,18.5],[-72.3,18.5],[-72.3,19.7],[-72.9,20.7],[-73.7,22.4],[-74.5,24],[-71,25],[-77,26.5],[-70,28],[-65,30],[-64.8,32.3],[-60,34],[-50,36],[-40,37],[-27,38.7],[-31.1,39.5],[-9.1,38.7],[-9.2,39.4],[-7,39],[-4.1,38.7],[-3.7,40.4],[2.2,41.4],[5.4,43.3],[4.8,45.8],[2.3,48.9]]},"properties":{"k":"0e61fc1a539a8ac6","c":"#4A8690","r":6.0,"w":3,"n":"Trans-Atlantic Route","p":1}},{"type":"Feature","geometry":{"type":"LineString","coordinates":[[114.2,22.3],[116.4,23.5],[118.6,24.8],[121.5,25],[127.7,26.1],[130.4,33.6],[139.7,35.7],[141.4,40.7],[-175,51.5],[-160,55],[-152,58.3],[-149.9,61.2],[-122.3,47.6],[-122.4,37.8],[-118.2,34.1],[-117.2,32.7],[-112.1,33.4],[-95.4,29.8],[-74,40.7],[69.2,34.5],[69.5,35],[69,36.7],[68.9,37.1],[58.4,37.5],[59.6,36.3],[51.4,35.7],[46.3,38.1],[45,39],[49.9,40.4],[46.4,40.7],[45,41.2],[44.8,41.7],[41.6,42.7],[43,42],[26.1,44.4],[28,45.4],[30.7,46.5],[35.2,47.8],[32.3,48.5],[30.5,50.4],[31.3,51.5],[30.9,52.4],[23.7,52.1],[21,52.2],[13.4,52.5],[9.7,52.3],[7.5,51.5],[6.8,51.2],[4.9,52.4]]},"properties":{"k":"918129fccfe7fc90","c":"#9F7FBD","r":6.0,"w":3,"n":"China White Route","p":1}},{"type":"Feature","geometry":{"type":"LineString","coordinates":[[37.6,55.8],[36.6,55.2],[28,54],[27.6,53.9],[30.9,52.4],[31.3,51.5],[30.5,50.4],[24,50.3],[22,50],[22.6,51.2],[21,52.2],[19.5,51.8],[18.7,50.3],[14.4,50.1],[15.6,49.6],[16.4,48.2],[14.3,48.3],[11.6,48.1],[12.1,49],[8.7,50.1],[9.5,51.3],[13.4,52.5],[9.7,52.4],[7.5,51.5],[6.8,51.2],[6.9,50.9],[5.2,52.1],[4.9,52.4]]},"properties":{"k":"568625540225ebfc","c":"#7F80BD","r":6.0,"w":3,"n":"Eastern European Route","p":1}},{"type":"Feature","geometry":{"type":"LineString","coordinates":[[-70.7,-33.4],[-46.6,-23.5],[-38.5,-12.9],[-35,-8],[-30,-5],[-5,-15],[15,-25],[18.4,-33.9],[25,-34],[35,-25],[45,-20],[45.1,-12.3],[55.5,-4.7],[70,-1],[103.8,1.4],[114.2,22.3],[139.7,35.7]]},"properties":{"k":"07ef99c44b5f9b9b","c":"#44856F","r":6.0,"w":3,"n":"Trans-Pacific Route","p":1}},{"type":"Feature","geometry":{"type":"LineString","coordinates":[[3.4,6.5],[3.9,6.9],[1.2,8],[-0.2,5.6],[-4,5.3],[-13.6,9.6],[-15.6,11.9],[-8,12.6],[2.1,13.5],[8,16.9],[-16,18.1],[-17,20.9],[-15.5,23],[-13.2,27.2],[9.5,30.4],[-8,31.6],[-7.6,33.6],[-5.3,35.9],[-5.6,36.1],[-4.4,36.7],[-3.7,40.4]]},"properties":{"k":"cc093116ca2ddb4b","c":"#BB7C86","r":6.0,"w":3,"n":"Trans-Saharan Route","p":1}},{"type":"Feature","geometry":{"type":"LineString","coordinates":[[36.3,33.5],[35.8,34.4],[35.5,33.9],[35.9,33.5],[36,33],[36,32],[35.9,31.9],[36.8,30],[35,29.5],[34.5,28],[38,27],[43,26],[46.7,24.7],[49.6,25.3],[50.1,26.2],[50.6,26],[55.4,25.3],[54.4,24.5],[56,25],[58.4,23.6],[47.9,29.4],[48,30],[44.4,33.3],[43.1,36.3],[39.2,21.5]]},"properties":{"k":"1433be7d27cd5863","c":"#A95761","r":6.0,"w":3,"n":"Captagon Route (Syria/Lebanon to Gulf)","p":1}},{"type":"Feature","geometry":{"type":"LineString","coordinates":[[-54.6,-25.5],[-52,-24],[-46.6,-23.5],[-43.2,-22.9],[-40,-10],[-35.2,-5.8],[-30,0],[-52.3,4.9],[-66.9,10.5],[-61.7,12.1],[-50,15],[-40,25],[35.5,33.9],[35.3,37],[28.9,41],[11.6,48.1],[8.7,50.1],[13.4,52.5]]},"properties":{"k":"6db8e5af921b3a78","c":"#BA7979","r":6.0,"w":3,"n":"Hezbollah Latin America Route","p":1}},{"type":"Feature","geometry":{"type":"LineString","coordinates":[[3.4,6.5],[2.4,6.2],[1.2,6.1],[-0.2,5.6],[-4,5.3],[-5.3,6.8],[-8,7.5],[-13.2,8.5],[-13.7,9.5],[-14.6,10.7],[-15.6,11.9],[-16.3,12.3],[-16.5,13.5],[-17.4,14.7],[-16.5,15.6],[-16.5,16],[-16,18.1],[-17,20.9],[-15.9,23.7],[-13.2,27.2],[-12,28],[-9.6,30.4],[-8,31.6],[-7.6,33.6],[-6.8,33.9]]},"properties":{"k":"5e1d35f6c6c09f8a","c":"#45877F","r":6.0,"w":3,"n":"West African Coastal Route","p":1}},{"type":"Feature","geometry":{"type":"LineString","coordinates":[[-74.1,4.7],[-72.5,7.9],[-66.9,10.5],[-70.2,11.7],[-69.9,12.5],[-68.3,15.4],[-72.3,18.5],[-69.9,18.5],[-66.1,18.5],[-75.8,20],[-82.4,23],[-81.5,24.5],[-80.2,25.8]]},"properties":{"k":"fe68854559813c72","c":"#B36C73","r":6.0,"w":3,"n":"Andean-Caribbean Air Route","p":1}},{"type":"Feature","geometry":{"type":"LineString","coordinates":[[-103.3,20.7],[-104.9,21.5],[-107.4,24],[-100.3,25.7],[-98.2,26.1],[-99.5,27.5],[-100.5,28.7],[-100.9,29.4],[-106.4,31.8],[-108.5,31.3],[-110.9,31.3],[-114.8,32.5],[-117,32.5],[-116.2,33.7],[-118.2,34.1],[-112.1,33.4]]},"properties":{"k":"8680d0d65f2975e2","c":"#BA7979","r":6.0,"w":3,"n":"Mexico-US Southwest Border Route","p":1}},{"type":"Feature","geometry":{"type":"LineString","coordinates":[[121.5,31.2],[114.2,22.3],[120.9,14.6],[100.5,13.8],[103.8,1.3],[106.8,-6.2],[115,-8],[134.5,7.5],[144.8,13.4],[-155,19.3],[-157.8,21.3],[-145,15],[-120,10],[-99.9,16.8],[-99.1,19.4],[-100.3,25.7]]},"properties":{"k":"ec08cae0695a68a1","c":"#BA7984","r":6.0,"w":3,"n":"Fentanyl Precursor Route (China-Mexico)","p":1}},{"type":"Feature","geometry":{"type":"LineString","coordinates":[[69.2,34.5],[68,33],[65.7,31.6],[66.3,30.6],[66.9,30.2],[62.5,28],[64,26.5],[66,25],[67,24.9],[68.5,23],[68.5,22.5],[70,20],[72.8,18.9],[75,16],[80.3,13.1],[79.8,11],[78.1,9.9],[77.5,8.1],[80.7,7.9],[79.9,6.9],[80.2,6],[73.5,4.2],[73,1],[55.5,-4.7],[52.5,-7],[49,-10],[45.1,-12.3],[47,-15],[47.5,-18.9],[43.7,-23],[32.6,-25.9],[32.9,-27],[31,-29.9],[28,-32],[18.4,-33.9]]},"properties":{"k":"3846c48c50eaaf40","c":"#A85668","r":6.0,"w":3,"n":"Indian Ocean Heroin Route","p":1}},{"type":"Feature","geometry":{"type":"LineString","coordinates":[[36.3,33.5],[35.5,33.9],[33,34.7],[24,35.5],[14.5,35.9],[10.2,36.5],[15.1,37],[13.4,38.1],[14.3,40.9],[12.5,41.9],[23.7,37.9],[22.9,40.6],[28.9,41],[23.3,42.7],[20.5,44.8]]},"properties":{"k":"6eec93b938be8247","c":"#7F80BD","r":6.0,"w":3,"n":"Eastern Mediterranean Route","p":1}},{"type":"Feature","geometry":{"type":"LineString","coordinates":[[-46.6,-23.5],[-43.2,-22.9],[-35,-10],[-20,0],[-0.2,5.6],[3.4,6.5],[-17.4,14.7],[-16,28],[-6.3,36.7],[-9.1,38.7],[-8.4,43.5],[-4.5,48.4],[-1.3,50.7],[0,51.5],[4.1,51.9],[4.9,52.4],[10,53.6],[12.6,55.7],[18.1,59.3]]},"properties":{"k":"fd07c3dd224806ba","c":"#44856F","r":6.0,"w":3,"n":"North Sea Maritime Route","p":1}},{"type":"Feature","geometry":{"type":"LineString","coordinates":[[-77,-12],[-77.5,-10.5],[-79,-8],[-80.5,-6],[-80.4,-3.7],[-79.9,-2.2],[-80.5,-1],[-90.5,-0.9],[-91,0.5],[-91.5,2],[-92,4],[-90,8],[-89.2,13.7],[-91,14],[-92.2,14.6],[-95,16],[-99.9,16.9],[-103.5,18.5],[-99.1,19.4]]},"properties":{"k":"e1d6da32ce69acd9","c":"#B36C73","r":6.0,"w":3,"n":"Trans-Pacific Maritime Route","p":1}},{"type":"Feature","geometry":{"type":"LineString","coordinates":[[-74.1,4.7],[-76.7,5.6],[-77.5,7.1],[-77.2,8.4],[-79.5,9],[-82.3,9.4],[-84.1,9.9],[-85.4,10.6],[-85.9,11],[-86.3,12.1],[-86.2,12.9],[-87.2,13.7],[-87.2,14.1],[-88,14.6],[-90.5,14.6],[-90.7,15.5],[-90.2,15.8],[-92.6,16.8],[-88.5,17.3],[-88.3,18.5],[-90.5,19.8],[-103.3,20.7]]},"properties":{"k":"569c193a4c1a1c40","c":"#BB7C86","r":6.0,"w":3,"n":"Central American Land Corridor","p":1}},{"type":"Feature","geometry":{"type":"LineString","coordinates":[[19.8,41.3],[19.5,41.3],[19.3,42.4],[21.2,42.7],[21.4,42],[22,42],[22.7,42.9],[20.5,44.8],[19.8,45.3],[19.7,46.1],[19.7,46.9],[19,47.5],[18.5,47.7],[17.1,48],[16.4,48.2],[14.3,48.3],[13,48.8],[13.4,49.2],[14.4,50.1],[14.2,50.7],[13.4,50.9],[12.4,51.3],[13.4,52.5]]},"properties":{"k":"866e66cd0479d712","c":"#7F80BD","r":6.0,"w":3,"n":"Balkans-Germany Route","p":1}},{"type":"Feature","geometry":{"type":"LineString","coordinates":[[37.6,55.8],[35.9,56.8],[34,58],[30.3,59.9],[28.8,60.4],[26.9,60.5],[24.9,60.2],[22.3,60.4],[19.5,60],[18.1,59.3],[17.6,59.8],[17.1,60.7],[17.3,62.4],[15,59],[12,57.7],[12.9,56.7],[12.6,55.7],[12.6,55.6],[10.4,55.4],[9,55],[7.2,54.3],[9.9,53.5],[7.3,52.5],[5.2,52.1],[4.9,52.4]]},"properties":{"k":"95db9c882a874c7a","c":"#7891B9","r":6.0,"w":3,"n":"Arctic Route","p":1}},{"type":"Feature","geometry":{"type":"LineString","coordinates":[[51.4,35.7],[50,36.3],[49.6,37.3],[48.9,37.6],[48.6,38.4],[49.9,40.4],[46.4,40.7],[45,41.2],[44.8,41.7],[43.4,42.3],[41.6,42.7],[39.7,41],[44.5,40.2],[74.6,42.9],[76.9,43.2],[71.9,47],[71.4,51.2],[63.6,53.2],[61.4,55.2],[60.6,56.8],[56.3,58],[44,56.3],[37.6,55.8]]},"properties":{"k":"23148f5813f7e920","c":"#A85668","r":6.0,"w":3,"n":"Middle East-Caucasus Route","p":1}},{"type":"Feature","geometry":{"type":"LineString","coordinates":[[99.6,22.2],[100,20.3],[99,18.8],[100.3,16.8],[100.5,13.8],[99.9,12.5],[99.3,9.1],[98.4,7.9],[100.3,6.4],[100.3,5.4],[101,4.1],[101.7,3.1],[102.2,2.2],[103.8,1.3],[104,1],[103.9,-1.2],[104.8,-2.9],[106.8,-6.2],[110.4,-6.9],[112.7,-7.3],[115.2,-8.4],[116.3,-8.7],[120.3,-9.6],[123.6,-10.2]]},"properties":{"k":"377690f4eadb2fcd","c":"#9F7FBD","r":6.0,"w":3,"n":"Southeast Asian Maritime Route","p":1}},{"type":"Feature","geometry":{"type":"LineString","coordinates":[[67,24.9],[66,25],[63,24],[58.5,23.6],[59.5,22.5],[58,20],[49,15.6],[48,14.5],[47,13],[45,12],[43.1,11.6],[44,11],[45,10],[42,9],[40,5],[41,2],[36.8,-1.3],[39.7,-4],[39.3,-6.8],[40,-10],[40.5,-12.3],[40,-15]]},"properties":{"k":"ef51f44710c03cdb","c":"#45877F","r":6.0,"w":3,"n":"Horn of Africa Route","p":1}},{"type":"Feature","geometry":{"type":"LineString","coordinates":[[3.4,6.5],[1.2,6.1],[-0.2,5.6],[-4,5.3],[-5.3,6.8],[-13.2,8.5],[-13.7,9.5],[-15.6,11.9],[-16.2,12.5],[-16.3,13.5],[-17.4,14.7],[-16.5,16],[-16,18.1],[-17,20.9],[-15.9,23.7],[-13.2,27.2],[-16.5,28.3],[-13.6,29],[-8,31.6],[-7.6,33.6],[-5.3,35.9],[-2.5,36.8],[-1,37.4],[-0.5,38.3],[-0.4,39.5],[-3.7,40.4]]},"properties":{"k":"89fbed12cd104ddd","c":"#45877F","r":6.0,"w":3,"n":"Canary Islands Route","p":1}},{"type":"Feature","geometry":{"type":"LineString","coordinates":[[120.9,14.6],[120.6,15.5],[120.6,16.4],[120.4,17.6],[120.7,18.4],[121,19.5],[121.5,20.5],[121,22],[120.3,23.5],[120.7,24.1],[121.5,25],[122.5,25.8],[127.7,26.5],[127.7,26.2],[128.7,27.8],[130.8,30.4],[130.6,31.6],[130.4,33.6],[135.2,34.7],[139.7,35.7],[-66.9,10.5],[-64.7,10.6],[-61.5,10.4],[-61.5,10.7],[-59,8],[-55.2,5.8],[-52.3,4.9],[-50,2],[-40,-2],[-30,-5],[-20,-3],[-10,0],[-8,4],[-10.8,6.5],[-13.2,8.5],[-13.7,9.5],[-15.6,11.9],[-16.6,12.4],[-0.2,5.6],[1.2,6.1],[3.4,6.5],[-2,10],[-17.4,14.7],[-16,18.1],[-13.2,27.2],[-8,31.6],[-7.6,33.6],[-6.6,35.2],[-5.3,35.9],[-6,36.8],[-80.2,25.8],[-80,26.7],[-81.4,28.5],[-82.3,29.6],[-81.7,30.3],[-81.5,31.2],[-84.4,33.7],[-81,34],[-80.8,35.2],[-78.6,35.8],[-76.2,36.9],[-77.4,37.5],[-77,38.9],[-76.6,39.3],[-75.2,39.9],[-75.1,40],[-74,40.7],[-73.9,41.1],[-71.4,41.8],[-71.1,42.4],[-117.2,32.7]]},"properties":{"k":"d7953dc10e892992","c":"#A95959","r":6.0,"w":3,"n":"Japan-Philippines Route","p":1}},{"type":"Feature","geometry":{"type":"LineString","coordinates":[[69.2,34.5],[64,35.5],[61.8,36.3],[58.4,37.6],[57.3,37.5],[58.4,37.9],[68.8,38.5],[66,39.6],[62.9,40],[50,40.4],[46.4,40.7],[45,41.2],[44.8,41.7],[43.4,42.3],[42.7,42.9],[69.6,42.5],[76.9,43.2],[69.6,42.3]]},"properties":{"k":"fdf28ed214f11215","c":"#A85668","r":6.0,"w":3,"n":"Trans-Caspian Route","p":1}},{"type":"Feature","geometry":{"type":"LineString","coordinates":[[-71.1,42.4],[-79.4,43],[-79.4,43.7],[-73.6,45.5],[-71.2,46.8],[-71,48.4],[-97.1,49.9],[-104.6,50.4],[-114.1,51],[-113.5,53.5],[-123.1,49.3],[-122.8,49],[-123.4,48.4],[-122.3,47.6]]},"properties":{"k":"f5f953a26dd79f0e","c":"#A95959","r":6.0,"w":3,"n":"Canadian Border Smuggling Route","p":1}},{"type":"Feature","geometry":{"type":"LineString","coordinates":[[-46.6,-23.5],[-43.2,-22.9],[-43.9,-19.9],[-38.5,-12.9],[-35.2,-8.8],[-35.2,-5.8],[-38.5,-3.7],[-35,0],[-30,2],[-25,4],[-4,5.3],[-0.2,5.6],[1.2,6.1],[2.6,6.5],[3.4,6.5],[-13.2,8.5],[-13.7,9.5],[-15.6,11.9],[-17.4,14.7],[-16,18.1],[-17,21.4],[-13.2,27.2],[-13.9,28.5],[-16.5,28.3],[-8,31.6],[-7.6,33.6],[-6.8,33.9],[-6.6,35.2],[-5.3,35.9],[-5.6,36.1],[-6.3,36.5],[-4.4,36.7],[-5.9,37.4],[-0.5,38.3],[-0.4,39.5],[2.2,41.4],[2.9,42.7],[5.4,43.3],[4.8,45.8],[2.3,48.9],[4.4,50.8],[4.9,52.4],[10,53.6],[13.4,52.5],[0.1,51.5]]},"properties":{"k":"cf158adad482b4d6","c":"#45877F","r":6.0,"w":3,"n":"Brazil-West Africa-Europe Cocaine Route","p":1}},{"type":"Feature","geometry":{"type":"LineString","coordinates":[[-77,-12],[-75.5,-11],[-75,-10.2],[-74.6,-8.8],[-73.3,-7.5],[-73.2,-3.8],[-71.5,-3.1],[-69.9,-2.6],[-60,-3.1],[-58,-3.5],[-54.7,-2.6],[-52,-1.5],[-48.5,-1.5],[-51.1,0],[-60.7,2.8],[-60,4.1],[-61.4,5.8],[-58.2,6.8],[-55.2,5.8],[-52.3,4.9],[-54,2],[-50,0],[-46,-2],[-48.5,-1.4],[-44.3,-2.5],[-38.5,-3.7],[-35.2,-5.8],[-35.2,-8.8],[-38.5,-12.9],[-47.9,-15.8],[-43.9,-19.9],[-43.2,-22.9],[-46.6,-23.5],[-49.3,-25.4],[-48.8,-26.3],[-51.1,-29.7],[-50,-30],[-48,-32],[-56.2,-34.9],[-58.4,-34.6]]},"properties":{"k":"6fd1e27bb060aa05","c":"#B36C73","r":6.0,"w":3,"n":"Amazon Basin Cocaine Route","p":1}},{"type":"Feature","geometry":{"type":"LineString","coordinates":[[69.2,34.5],[65.7,31.6],[66.9,30.2],[62.5,28],[66,25],[67,24.9],[66.5,23],[65,20],[60,16],[58.5,23.6],[55.4,25.3],[50,25],[45,24],[39.2,21.5],[39.2,15.6],[49,15.6],[45,12.8],[43.1,11.6],[42,4],[40,-4],[45,-15],[50,-20],[35,-25],[67,24.9],[55.4,25.3],[28.9,41],[16.4,48.2],[8.7,50.1],[4.9,52.4],[0.1,51.5],[-6.3,53.3],[-3.2,55.9],[-2.2,53.5],[1.3,52.6],[-2.6,51.4]]},"properties":{"k":"c25d78e545235133","c":"#A85668","r":6.0,"w":3,"n":"Pakistan Direct to Europe Route","p":1}},{"type":"Feature","geometry":{"type":"LineString","coordinates":[[-74.1,4.7],[-77.1,3.9],[-78.1,2.9],[-78.8,1.2],[-79,-0.2],[-79.9,-2.2],[-80.4,-3],[-81.1,-4],[-81.3,-5.2],[-79,-8.1],[-77,-12],[-76.2,-13.5],[-75.2,-15.5],[-73.3,-16.4],[-70.3,-18],[-68.2,-16.5],[-75.1,-14.8],[-78,-10],[-81,-6],[-83,-2],[-85,0.9],[-87,1.5],[-88,3.5],[-90,5],[-95,8.7],[-96.8,9.9],[-98.2,12.1],[-100.5,14.8],[-99.9,16.9],[-104.3,18.9],[-105.2,20.7],[-106.4,22.9],[-107.5,24.1],[-109,25.8],[-110.9,27.9],[-111,29.1],[-113,31.3],[-115,32],[-117.1,32.5],[-118.3,33.8],[-122.4,37.8],[-124.2,40.8],[-124.2,43.4],[-122.7,45.5],[-122.3,47.6],[-123.4,48.4],[-123.1,49.3]]},"properties":{"k":"e5c6da64bb9c1a65","c":"#BA7979","r":6.0,"w":3,"n":"Colombia-Mexico Pacific Cocaine Super Route","p":1}},{"type":"Feature","geometry":{"type":"LineString","coordinates":[[69.2,34.5],[69.2,33.9],[68.4,33],[65.7,31.6],[64.4,31],[64.4,30.5],[66.9,30.2],[60.9,29.4],[60.6,29],[56.4,30.3],[54.4,31.9],[51.7,32.7],[48.5,33.7],[47.1,34.3],[44.4,33.3],[43.8,33],[41.1,32.5],[40.4,34.4],[38,35],[36.7,34.7],[36.3,33.5],[35.5,33.3],[35.5,33.9],[35.8,34.4],[36,34.6],[35.9,35.5],[36.2,36.2],[37.4,37],[38.3,37.9],[39.2,38.7],[39.9,39.7],[41,40.2],[44.8,41.7],[43.4,42.3],[41.7,42.7],[40.5,43],[39.9,43.4],[38,44.6],[39,45],[39.7,47.2],[35,48.5],[30.5,50.4],[21,52.2],[13.4,52.5]]},"properties":{"k":"e67129506d328422","c":"#A85668","r":6.0,"w":3,"n":"Golden Crescent to Middle East Heroin Route","p":1}},{"type":"Feature","geometry":{"type":"LineString","coordinates":[[99.8,20.8],[100.1,21.9],[99.6,22],[100.3,22.5],[100,20.3],[99.9,20],[99.8,20.4],[100.4,21],[101,21.2],[101.7,20.9],[101.6,21.5],[100.8,22],[102.7,23.4],[102.7,24.5],[102.7,25],[100.2,26.6],[102.3,27.8],[104.1,28.2],[106.5,29.6],[104.1,30.6],[103,31],[105.9,32.6],[108.9,34.3],[109.5,35.5],[112.6,37.5],[116.4,39.9],[121.6,38.9],[124.4,40],[123.4,41.8],[125.3,43.8],[126.6,45.8],[129,48],[135.1,48.5],[158.6,53],[150,60],[177.5,64.7],[-168,65],[-165.4,64.5],[-149.9,61.2],[-134.4,58.3],[-131.6,55.3],[-123.1,49.3]]},"properties":{"k":"84f751f39d0de1b5","c":"#BA7A9A","r":6.0,"w":3,"n":"Myanmar-China Mekong Heroin & Meth Route","p":1}},{"type":"Feature","geometry":{"type":"LineString","coordinates":[[-66.9,10.5],[-67,10.6],[-69.7,11.4],[-70.2,11.7],[-68.9,12],[-69.9,12.5],[-68.3,12.1],[-69,12.2],[-68.2,12.2],[-61,13.2],[-59.6,13.1],[-61,14],[-61,14.6],[-61.3,15.4],[-61.5,16.2],[-61.8,17.1],[-64.6,17.6],[-64.6,18.4],[-63,18],[-69.9,18.5],[-71.8,19.7],[-72.3,18.5],[-75.1,19.9],[-76.8,18],[-77,20],[-77.8,21.5],[-82.4,23.1],[-77.9,24.6],[-77.3,25],[-78.7,26.5],[-80.2,25.8],[-80,26.7],[-80.3,27.5],[-80.8,28.6],[-81.3,29.9],[-81.7,30.3],[-81.4,31],[-81.1,32.1],[-79.9,32.8],[-77.9,34],[-76.3,36.8],[-76.5,38.9],[-76.6,39.3],[-74,40.7]]},"properties":{"k":"9d1609ad9b66cab6","c":"#B36C73","r":6.0,"w":3,"n":"Venezuela-Caribbean Island Network Route","p":1}},{"type":"Feature","geometry":{"type":"LineString","coordinates":[[67,24.9],[65,21],[60,17],[54,12],[54,12.5],[51,11.6],[51,9.5],[45.3,2],[41,-1.3],[39.7,-4],[39.2,-6.2],[39.3,-6.8],[39.3,-8.8],[40.3,-10.3],[40.4,-10.7],[40.5,-12.3],[40.7,-15],[36,-18.5],[35.5,-23],[32.6,-25.9],[32.9,-26.6],[32.7,-27.8],[31,-29.9],[30,-31],[27.9,-33],[25.5,-33.9],[23,-34],[20,-34.4],[18.4,-34],[18.4,-33.9],[17,-32],[16.5,-29.1],[16.5,-28.6],[15.2,-26.6],[14.5,-22.6],[13,-20],[13.3,-12.4],[13.2,-8.8],[12,-5],[11.8,-4.3],[9.4,0],[6.7,0.4],[9.7,4]]},"properties":{"k":"650709834179cb2f","c":"#45877F","r":6.0,"w":3,"n":"East African Coastal Heroin Route","p":1}},{"type":"Feature","geometry":{"type":"LineString","coordinates":[[-46.6,-23.5],[-4.4,36.7],[-3.6,37.2],[-0.5,38.3],[-0.4,39.5],[2.2,41.4],[3,42.7],[5.4,43.3],[6.1,43.1],[7.4,43.7],[7.8,43.8],[8.9,44.1],[10.3,43.5],[12.5,41.9],[14.3,40.8],[13.4,38.1],[14.3,37.5],[15.1,37],[15.6,38.2],[16.6,39.6],[17.9,40.4],[18.2,40.6],[18,40.4],[19.5,40],[19.8,41.3],[19.9,39.6],[20.7,38.4],[23.7,37.9],[24,35.5],[33,34.7],[33.3,36.2],[33.6,34.9],[35.5,33.9],[35.8,34.4],[36,34.7],[35.9,35.5],[36.2,36.7],[35.3,36.9],[31,36.5],[27.4,37],[27.3,37.9],[26.4,40.2],[28.9,41],[28.8,40.9],[29.1,40.9]]},"properties":{"k":"a8d7bea4baa246e1","c":"#7891B9","r":6.0,"w":3,"n":"Mediterranean Complete Circuit Route","p":1}},{"type":"Feature","geometry":{"type":"LineString","coordinates":[[-68.2,-16.5],[-67.1,-17.8],[-65.3,-18.9],[-65.8,-19.6],[-66.2,-22.1],[-68.9,-22.5],[-65.4,-23.7],[-65.4,-24.8],[-65,-25.3],[-65.2,-26.8],[-64.3,-27.5],[-65.8,-28.5],[-66.8,-29.4],[-68.5,-31.5],[-68.8,-32.9],[-70.7,-33],[-70.7,-33.4],[-71.5,-32.9],[-58.4,-34.6],[-56.2,-34.9],[-52.1,-32],[-51.1,-29.7],[-48.8,-26.3],[-49.3,-25.4],[-46.6,-23.5],[-43.2,-22.9],[-43.3,-21.8],[-43.9,-19.9],[-47.9,-15.8],[-38.5,-12.9],[-35.2,-8.8],[-35.2,-5.8],[-38.5,-3.7],[-35,0],[-0.2,5.6],[3.4,6.5],[-17.4,14.7],[-7.6,33.6],[-4.4,36.7],[2.2,41.4],[5.4,43.3]]},"properties":{"k":"423c2f1862eaf2cb","c":"#B36C73","r":6.0,"w":3,"n":"Bolivia-Argentina Andes Cocaine Route","p":1}},{"type":"Feature","geometry":{"type":"LineString","coordinates":[[3.4,6.5],[3.5,6.6],[-17.4,14.7],[-16.5,28.3],[-4.4,36.7],[3.4,6.5],[55.4,25.3],[4.9,52.4],[3.4,6.5],[31.4,30.1],[28.9,41],[16.4,48.2],[8.7,50.1],[3.4,6.5],[-6.8,33.9],[2.3,48.9],[3.4,6.5],[-4,5.3],[0.1,51.5],[3.4,6.5],[-17.4,14.7],[4.4,50.8],[3.4,6.5],[-13.2,8.5],[-9.1,38.7],[3.4,6.5],[31.4,30.1],[12.5,41.9],[3.4,6.5],[1,6],[-17.4,14.7],[-16,18.1],[-16.5,28.3],[-5.3,35.9]]},"properties":{"k":"f115527458003250","c":"#45877F","r":6.0,"w":3,"n":"Nigeria Multiple Europe Routes","p":1}},{"type":"Feature","geometry":{"type":"LineString","coordinates":[[3.4,6.5],[7.4,9.1],[8.5,11.9],[8.5,12],[5.3,13],[15,12.1],[18,12.6],[19,15.5],[8,16.9],[7,18],[5,20],[5.5,22.8],[9.5,24.5],[8,27],[-8.7,28],[-2.9,30.4],[-8,31.6],[-7.6,33.6],[-5.3,35.9],[-5.6,36.1],[8,16.9],[12,18.5],[13,22],[17,25],[14.3,27],[18,30],[13.2,32.9],[21.9,32.9],[29.9,31.2],[31.4,30.1],[34.3,31.2],[35.2,31.8],[35.5,33.9]]},"properties":{"k":"e39a3cc7b32abcd8","c":"#BB7C86","r":6.0,"w":3,"n":"Trans-Sahel Jihadi-Drug Corridor","p":1}},{"type":"Feature","geometry":{"type":"LineString","coordinates":[[69.2,34.5],[67.1,36.7],[68.8,37.2],[65.8,38.9],[64.4,39.7],[69.3,41.3],[72.8,40.5],[72.2,40.5],[74.6,42.9],[75,42.9],[77,43],[76.9,43.2],[65,47],[71.4,51.2],[76.9,52.3],[83.8,53.3],[82.9,55],[92.9,56],[104.3,52.3],[113.5,52],[127.5,50],[135.1,48.5],[131.9,43.1],[69.3,41.3],[57.3,39.8],[58.4,37.9],[51.4,35.7],[46.3,38.1],[44,40.4],[44.8,41.7],[41.6,43.6],[39,45],[39.7,47.2],[35,48.5],[30.5,50.4],[21,52.2],[13.4,52.5],[4.9,52.4]]},"properties":{"k":"a00561be1964dee0","c":"#9F7FBD","r":6.0,"w":3,"n":"Central Asian Silk Road Modern Route","p":1}},{"type":"Feature","geometry":{"type":"LineString","coordinates":[[106.8,-6.2],[107.6,-6.9],[112.7,-7.3],[115.2,-8.7],[116.1,-8.6],[119.9,-8.5],[125.6,-8.4],[128.2,-7.5],[119.4,-5.1],[124.8,-1.5],[124.8,1.5],[121,5.9],[125.6,7.1],[123.3,9.3],[123.9,10.3],[125,11.2],[124,12.6],[123.4,13.4],[121,14.6],[119.9,15.5],[120.6,16.4],[120.6,18.2],[121,19.3],[120.8,21.9],[121.5,25],[120,26],[121,28.2],[122,30.2],[121.5,31.2],[118.8,32],[117.2,34.3],[120.4,36.1],[121.6,38.9],[119.6,39.9],[116.4,39.9],[111.7,40.8],[87.6,43.8],[82,45],[76.9,43.2]]},"properties":{"k":"e5a8cf65c007aa44","c":"#BA7A9A","r":6.0,"w":3,"n":"Indonesia-Philippines-China Sea Route","p":1}},{"type":"Feature","geometry":{"type":"LineString","coordinates":[[139.7,35.7],[139,36.2],[135.5,34.7],[132.5,34.4],[130.4,33.6],[129.7,33.3],[129,35.1],[129.3,35.5],[129.4,36],[126.9,37.5],[126.6,37.5],[124.6,37.8],[124.4,38],[116.4,39.9],[111.7,40.8],[118.8,42.3],[125.3,43.8],[126.6,45.8],[130,47.4],[134.8,48],[135.1,48.5],[136.9,49.6],[137,50.5],[127,52],[124,53],[124,55],[124,56.8],[120.8,60.6],[129.7,62],[143,64.5],[177.5,64.7],[-168,65],[-165.4,64.5],[-149.9,61.2],[-134.4,58.3],[-131.6,55.3],[-123.1,49.3]]},"properties":{"k":"79d1fcc6e9af5294","c":"#BA7984","r":6.0,"w":3,"n":"Japan-Korea-China Triangle Route","p":1}},{"type":"Feature","geometry":{"type":"LineString","coordinates":[[28.9,41],[29,41],[28.2,41.7],[27.5,42.5],[27.7,42.7],[27.9,43.2],[28.6,44.2],[29.7,45.4],[30.7,46.5],[31.3,46.6],[32,46.9],[33.5,45.4],[34,45],[33.5,44.6],[37.8,44.7],[39.7,43.6],[40,43],[41.6,42.3],[41.7,42.5],[41.6,41.6],[40,41],[39.9,40.9],[36.3,41.3],[32.6,41.2],[29,41],[28.6,44.2],[26.1,44.4],[20.5,44.8],[16,45.8],[15.6,46.5],[14.5,46.1],[13.7,45.5],[10.4,45.4],[9.2,45.5]]},"properties":{"k":"a4d491534858d32d","c":"#7F80BD","r":6.0,"w":3,"n":"Black Sea Network Route","p":1}},{"type":"Feature","geometry":{"type":"LineString","coordinates":[[30.3,59.9],[29.7,60.2],[28.8,60.5],[25,60.2],[24.6,60.4],[24.8,59.4],[24.6,59.4],[24.1,57.5],[24.1,57],[21,56.5],[21.1,55.7],[20.5,54.7],[18.5,54.5],[18.7,54.4],[14.3,54.8],[13.4,54.1],[14.2,53.9],[13.1,54.1],[10.1,54.3],[10,53.6],[9.9,53.5],[12.6,55.7],[12.9,56.2],[12.8,56.7],[11.9,57.7],[11.8,58.4],[10.8,59.9],[5.3,60.4],[5.7,59.1],[6.7,58.1],[5,56.5],[12.6,55.7],[13,55.6],[18.1,59.3]]},"properties":{"k":"16c4ff868d171b77","c":"#44856F","r":6.0,"w":3,"n":"Baltic Sea Smuggling Route","p":1}},{"type":"Feature","geometry":{"type":"LineString","coordinates":[[40.5,64.5],[32.9,67.9],[30,69.7],[23.3,69.7],[20,70],[16,69.3],[17.4,68.4],[20.2,67.9],[25.7,66.5],[25.5,65],[27,64],[29.1,63.8],[30.5,61.5],[34.3,61.8],[40.5,64.5],[32.9,67.9],[31,70],[25.8,71],[15.6,78.2],[-20,74],[-18,66],[-21.9,64.1],[-18.1,65.7],[-51,69],[-51.7,64.2],[-53,71],[-68.7,76.5],[-72,78],[-94.8,74.7],[-133,69.4],[-139.4,64],[-149.9,61.2]]},"properties":{"k":"a9962a386160d8f8","c":"#548AA3","r":6.0,"w":3,"n":"Arctic Heroin & Cocaine Route","p":1}},{"type":"Feature","geometry":{"type":"LineString","coordinates":[[-77,-12],[-77,-9.5],[-76.2,-8.4],[-76.4,-7.3],[-76.4,-6.5],[-77,-6],[-78.5,-5.2],[-79.2,-4],[-79.9,-3.3],[-78.9,-2.9],[-79.9,-2.2],[-79.5,-1],[-78.5,-0.2],[-77.9,0.8],[-77.3,1.2],[-76.6,2.4],[-76.5,3.4],[-77.1,3.9],[-76.2,4.4],[-75.7,4.8],[-75.5,5.1],[-75.3,4.7],[-75.5,5.1],[-75.6,6.3],[-73.1,7],[-72.5,7.9],[-75.9,8.8],[-75.4,9.3],[-75.5,10.4],[-74.8,11],[-72.9,11.5],[-73.2,10.5],[-74.2,11.2]]},"properties":{"k":"1c92a1e281b72c82","c":"#B36C73","r":6.0,"w":3,"n":"Peru-Colombia Internal Land Route","p":1}},{"type":"Feature","geometry":{"type":"LineString","coordinates":[[-70.7,-33.4],[-71.5,-32.8],[-71.6,-30.6],[-71.3,-29.9],[-70.9,-27.4],[-70.5,-25.4],[-70.4,-23.7],[-68.9,-22.5],[-70.1,-20.2],[-70.3,-18.5],[-70.2,-18],[-71.5,-17.2],[-73.3,-16.4],[-75.2,-15.5],[-76.2,-13.5],[-77,-12],[-77.6,-11.1],[-78.6,-9.5],[-79,-8.1],[-79.8,-7.2],[-79.8,-6.8],[-81,-5.2],[-81.2,-4.6],[-80.9,-3.2],[-80.4,-3.5],[-79.9,-2.9],[-79.9,-2.2],[-80.7,-1],[-79.5,-0.2],[-79,1.2],[-78.8,1.8],[-78.1,3],[-77.1,3.9],[-6.6,35.2],[-6,35.5],[-5.3,35.9],[-5.4,35.6],[-2.9,35.2],[-2.9,35.3],[-3.8,36.7],[-5.8,35.8],[-5.6,36],[-5.5,36],[-6.3,36.5],[-5.3,35.9],[-5.3,35.9],[-5.4,36.1],[-7.6,33.6],[-8,31.6],[-10,29.3],[-11,28],[-13,27.9],[-13.9,28.5],[-16.5,28.3],[-16.6,28.1],[-13.6,29],[-2.9,35.2],[0.1,35.9],[3.1,36.8],[5.4,36.8],[8,37],[10.2,36.8],[10,37.3],[12.6,37.5],[13.4,38.1],[15.3,37.9],[15.6,38.2]]},"properties":{"k":"9858cea4f95a9684","c":"#BB7C86","r":6.0,"w":3,"n":"Chile-Peru Pacific Coastal Cocaine Route","p":1}},{"type":"Feature","geometry":{"type":"LineString","coordinates":[[13.2,32.9],[21.9,32.9],[23.3,32.1],[22.6,32.8],[21.9,32.9],[21,33.5],[18,34.5],[14.5,35.9],[14.2,36.5],[12,36.8],[14.2,37.1],[14.3,37.5],[13.4,38.1],[12.5,37.8],[13.2,32.9],[15,32],[13,33.5],[12.6,35.5],[12,36.6],[14.5,37],[23.3,32.1],[25,32.9],[26,33.5],[24,34.5],[25.1,35.3],[24,35.5],[23.7,37.9],[14.4,27],[16,28],[18,30],[16.6,31.2],[15.1,32.4],[13.2,32.9]]},"properties":{"k":"9b8a9f445bcc9ce1","c":"#A95959","r":6.0,"w":3,"n":"Libya-Italy Mediterranean Routes","p":1}},{"type":"Feature","geometry":{"type":"LineString","coordinates":[[28.9,41],[26.6,41.7],[24.7,42.1],[23.3,42.7],[27.9,43.2],[28.6,44.2],[26.1,44.4],[20.5,44.8],[24.7,42.1],[23.7,41.6],[24.9,41.1],[25.9,40.8],[22.9,40.6],[22.4,39.6],[21.7,38.2],[23.7,37.9],[23.3,42.7],[21.4,42],[19.8,41.3],[19.5,40],[19.9,39.6],[23.3,42.7],[21.2,42.7],[19.3,42.4],[19.8,41.3],[26.6,41.7],[26.4,41],[26.6,40.8],[25.4,41.1],[24.4,40.8],[22.9,40.6]]},"properties":{"k":"69104bbb4dddf51d","c":"#9F7FBD","r":6.0,"w":3,"n":"Turkey-Bulgaria-Greece Balkan Routes","p":1}},{"type":"Feature","geometry":{"type":"LineString","coordinates":[[67.1,36.7],[68.8,37.1],[68.8,37.5],[69,37.8],[68.8,38.6],[70.8,39],[73.2,39.5],[73,39.7],[72.8,40.5],[71.4,41],[74.6,42.9],[77,43],[76.9,43.2],[76.9,43.2],[80,44],[78,45],[65,47],[67,48],[71.4,51.2],[76.9,52.3],[83.8,53.3],[86.1,54],[82.9,55],[92.9,56],[92.9,58],[89,61],[100,64],[112,66],[177.5,64.7],[-168,65],[-165.4,64.5],[-149.9,61.2]]},"properties":{"k":"2ac6d7bf33dbb8f9","c":"#A85668","r":6.0,"w":3,"n":"Afghanistan-Tajikistan-Kyrgyzstan Route","p":1}},{"type":"Feature","geometry":{"type":"LineString","coordinates":[[98.4,7.9],[100.2,6.4],[102.2,6.1],[100.3,6.4],[100.3,5.4],[100.6,4.2],[101.7,3.1],[101.9,2.7],[102.6,2],[103.8,1.4],[104,1],[104,0.5],[103.9,-1.2],[106.1,-3.3],[105.3,-5.4],[106.8,-6.2],[108.2,-7.3],[112.7,-7.3],[113.7,-8.1],[115.2,-8.7],[119.9,-8.5],[125.6,-8.4],[123.6,-9.5],[123.6,-10.2],[125.5,-8.5],[121.6,-8.8],[119.4,-5.1],[124.8,-1.5],[124.8,1.5],[121,5.9],[125.6,7.1]]},"properties":{"k":"1e5fd6446ec76edf","c":"#BA7A9A","r":6.0,"w":3,"n":"Thailand-Malaysia-Indonesia Maritime Network","p":1}},{"type":"Feature","geometry":{"type":"LineString","coordinates":[[105.8,21],[106.4,20.5],[107.6,16.5],[108.2,16],[108.7,15],[108.1,14],[109.3,13.1],[109.2,12.2],[109.2,11.9],[106.6,10.8],[107,10.4],[105.8,10],[105.8,9.5],[104.9,10],[104.2,10.6],[104.9,11.6],[104.9,12.1],[103.9,13.1],[102.6,13.6],[102.1,14],[100.6,14.4],[100.5,13.8],[100.5,13.7],[99.9,12.6],[99.3,9.1],[99.9,8.5],[98.4,7.9],[100.5,7],[101.8,6.4],[102.2,6.1],[100.3,6.4],[101.7,3.1]]},"properties":{"k":"db244583342b7fe6","c":"#9F7FBD","r":6.0,"w":3,"n":"Vietnam-Cambodia-Thailand Mekong Route","p":1}},{"type":"Feature","geometry":{"type":"LineString","coordinates":[[72.8,18.9],[72.9,19.1],[73.9,18.5],[78.5,17.4],[80.3,13.1],[77.6,12.9],[76.9,11],[76.3,10],[78.1,9.9],[76.9,8.5],[78.2,11.7],[79.4,13.6],[78,15.8],[80.6,16.5],[83.3,17.7],[85.8,20.3],[88.4,22.6],[90.4,23.8],[85.1,25.6],[81,26.8],[77.1,28.7],[76.7,30.7],[74.9,31.6],[75.8,26.9],[72.6,23],[72.8,21.2],[72.9,19.1],[74.9,31.6],[74.5,31.6],[74.3,31.5],[73.1,33.7],[71.5,34],[71.6,34],[69.2,34.5]]},"properties":{"k":"ffac1a306be142b2","c":"#A95761","r":6.0,"w":3,"n":"India Internal Distribution Routes","p":1}},{"type":"Feature","geometry":{"type":"LineString","coordinates":[[90.4,23.8],[91.8,22.5],[92,21.4],[92.3,20.8],[92.9,20.1],[93.1,19.8],[94.7,20.8],[96.1,21.9],[96.5,22],[95.9,21.9],[99.6,22.2],[100.4,21],[100,20.3],[99.8,19.9],[99,20.5],[98.9,18.8],[100,17.4],[100.3,16.8],[100.1,15.7],[100.5,13.8],[99.6,22.2],[97.4,23.9],[96.1,24.1],[93.9,24.8],[93,25.6],[92.9,26.2],[92,26.2],[91.9,25.6],[91.4,25.5],[91.9,24.9],[90.4,23.8]]},"properties":{"k":"8b3943e113f36d34","c":"#BA7A9A","r":6.0,"w":3,"n":"Bangladesh-Myanmar-India Triangle Route","p":1}},{"type":"Feature","geometry":{"type":"LineString","coordinates":[[47.9,29.4],[48.4,28.4],[49.6,27],[50.6,26.2],[55.4,25.3],[54.4,24.5],[55.8,24.2],[58.5,23.6],[59.5,22.6],[54.1,17],[49,15.6],[44.2,15.4],[49,14.5],[45,12.8],[42.5,13],[43.1,11.6],[42.8,11.6],[39.2,15.6],[39.2,15.6],[39.2,21.5],[46.7,24.7],[50.1,26.4],[49.6,25.4],[51.5,25.3],[50.6,26.2],[49.6,27],[47.9,29.4]]},"properties":{"k":"0f539eb841d00bb8","c":"#A95761","r":6.0,"w":3,"n":"Gulf States Internal Network Route","p":1}},{"type":"Feature","geometry":{"type":"LineString","coordinates":[[-74.1,4.7],[-74.3,4.6],[-74.1,4.4],[-73.6,4.1],[-76.5,3.4],[-77.1,3.9],[-76.6,2.4],[-77.3,1.2],[-75.6,6.3],[-75.4,6.2],[-75.5,6],[-75.7,5.5],[-75.5,5.1],[-75.7,4.8],[-75.7,4.5],[-73.1,7],[-72.5,7.9],[-75.9,8.8],[-75.5,10.4],[-74.8,11],[-73.2,10.5],[-75.4,9.3],[-75.9,8.7],[-76.6,7.9],[-76.7,5.8],[-74.1,4.7]]},"properties":{"k":"82cf84f89c9f70b4","c":"#A95959","r":6.0,"w":3,"n":"Colombia Internal Distribution Network","p":1}},{"type":"Feature","geometry":{"type":"LineString","coordinates":[[-54.6,-25.5],[-54.4,-25.4],[-54.5,-25.7],[-54.7,-25.5],[-57.6,-25.3],[-55.9,-27.4],[-58.9,-27.4],[-59.1,-27.5],[-57.5,-24.8],[-57.7,-23],[-55.7,-22.5],[-54.6,-20.4],[-54,-19.9],[-46.6,-23.5],[-43.2,-22.9],[-47.9,-15.8],[-49.3,-25.4],[-48.8,-26.3],[-51.1,-29.7],[-52.1,-32],[-58.4,-34.6],[-64.2,-31.4],[-68.8,-32.9],[-54.6,-25.5]]},"properties":{"k":"2bcbd2c9339b9890","c":"#BA7979","r":6.0,"w":3,"n":"Triple Frontier (Brazil-Paraguay-Argentina) Drug Corridor","p":1}},{"type":"Feature","geometry":{"type":"LineString","coordinates":[[-77,-12],[-76.5,-11.5],[-75.5,-11],[-75,-10.5],[-76,-9.5],[-76.2,-8.4],[-76.4,-7.3],[-76.4,-6.5],[-77.5,-5.5],[-73.4,-4.2],[-73.2,-3.8],[-70,-11],[-69.2,-12.6],[-69,-13.5],[-69.2,-14.8],[-68.2,-16.5],[-66.2,-17.4],[-67.8,-16.3],[-64.9,-14.8],[-64,-13],[-65,-11],[-68.8,-10.8],[-70.5,-9],[-67.8,-8.8],[-77,-12]]},"properties":{"k":"f6ec4434fe14909d","c":"#A95761","r":6.0,"w":3,"n":"Peru-Bolivia Coca Cultivation and Processing Route","p":1}},{"type":"Feature","geometry":{"type":"LineString","coordinates":[[3.4,6.5],[3.5,6.6],[3.5,6.4],[3.2,6.7],[2.6,6.5],[3.9,7.4],[4.5,7.9],[4.5,8.5],[7.4,9.1],[7.4,10.5],[7.7,11],[8.5,12],[5.3,13],[13.2,11.9],[4.8,11.5],[8.5,9.5],[8.5,7.7],[5.6,6.2],[7.4,5.1],[6,5],[5.5,5.6],[5.2,7],[4.6,7.4],[3.4,7.4],[3.4,6.5]]},"properties":{"k":"f526021608210b64","c":"#45877F","r":6.0,"w":3,"n":"Nigeria Internal Drug Distribution Network","p":1}},{"type":"Feature","geometry":{"type":"LineString","coordinates":[[39.7,-4],[40.1,-3.2],[40.1,-2.3],[40,-1.3],[36.8,-1.3],[36.1,-0.4],[35.3,0.3],[34.8,0.5],[34.8,1],[32.6,0.3],[32.5,1.4],[32.3,2.8],[31.6,3],[32.6,0.3],[32.5,-0.9],[31.5,-1],[29.9,-1.3],[30.1,-1.9],[29,-2.5],[28.9,-2.3],[29.2,-1.7],[31,-1],[36.8,-1.3],[36.8,-2.9],[36.7,-3.4],[39.1,-5.1],[39.3,-6.8],[39.3,-8],[40.3,-10.3],[39.7,-4]]},"properties":{"k":"d77e514cf3d5e9da","c":"#A85668","r":6.0,"w":3,"n":"Kenya-Tanzania-Uganda East African Corridor","p":1}},{"type":"Feature","geometry":{"type":"LineString","coordinates":[[121.5,31.2],[118.8,32],[117.2,34.3],[120.4,36.1],[121.6,38.9],[116.4,39.9],[111.7,40.8],[125.3,43.8],[126.6,45.8],[116.4,39.9],[114.5,38],[113.6,34.8],[114.3,30.6],[112.9,28.2],[113.3,23.1],[114.2,22.3],[116.4,23.5],[118.1,24.5],[119.3,26],[115.9,28.7],[115.9,29.6],[120.2,30.3],[121.5,31.2],[106.5,29.6],[104.1,30.6],[101.8,36.6],[87.6,43.8],[116.4,39.9]]},"properties":{"k":"522a159486a7f74d","c":"#BA7A9A","r":6.0,"w":3,"n":"China Internal Synthetic Drug Distribution Network","p":1}},{"type":"Feature","geometry":{"type":"LineString","coordinates":[[77.1,28.7],[77.2,28.6],[77.7,28.9],[78,29.2],[78.2,29.9],[78,30.3],[79.4,30.7],[79.5,29.4],[80.2,30],[83.9,28.2],[85.3,27.7],[86.7,27.4],[88.6,27.1],[88.4,26.8],[89.6,27.5],[89.6,27.5],[91.8,27.2],[92.9,26.2],[91.8,26.1],[85.1,25.6],[81,26.8],[78,27.2],[77.1,28.7]]},"properties":{"k":"03f995cb6c97d781","c":"#9F7FBD","r":6.0,"w":3,"n":"India-Nepal-Bhutan Himalayan Drug Route","p":1}},{"type":"Feature","geometry":{"type":"LineString","coordinates":[[-79.9,-2.2],[-79.5,-1],[-79.6,-0.7],[-78.5,-0.2],[-77.9,0.8],[-77.3,1.2],[-78.8,1.8],[-78,2.5],[-78.1,3],[-77.1,3.9],[-76.2,4.4],[-76.5,3.4],[-76.6,2.4],[-77,1.6],[-78.6,1.2],[-79,0.9],[-78.5,0],[-78.5,-0.2],[-78.5,-1],[-78.8,-1.7],[-78.9,-2.9],[-79.9,-2.2]]},"properties":{"k":"f4a1c12e636f9344","c":"#A95959","r":6.0,"w":3,"n":"Ecuador-Colombia Pacific Border Cocaine Route","p":1}},{"type":"Feature","geometry":{"type":"LineString","coordinates":[[121,14.6],[120.9,14.5],[121,14.2],[121.6,14.1],[120.6,15.5],[119.9,15.5],[120.6,16.4],[120.4,17.6],[121.8,16.9],[120.3,16],[121,15.5],[123.4,13.4],[123.7,12.5],[125,11.2],[122.6,10.7],[123.9,10.3],[123.3,9.3],[124.6,8.5],[125.6,7.1],[126,7.4],[122.1,6.9],[121.1,6.1],[121,5.9],[123.9,7.9],[123.8,9.5],[122.6,10.7],[122.4,11.6],[121.5,13],[121,14.6],[106.8,-6.2],[107.6,-6.9],[112.7,-7.3],[110.4,-7.8],[110.4,-6.9],[115.2,-8.7],[116.1,-8.6],[119.9,-8.5],[119.9,-8.5],[123.6,-10.2],[119.4,-5.1],[124.8,-1.5],[117.2,-0.5],[113.9,-2.2],[114.6,-3.3],[117.1,1.6],[101.4,0.5],[100.4,-0.9],[106.1,-2.3],[105.3,-5.4],[106.8,-6.2]]},"properties":{"k":"75f02d2b92803b85","c":"#9F7FBD","r":6.0,"w":3,"n":"Philippines Internal Island Drug Network","p":1}},{"type":"Feature","geometry":{"type":"LineString","coordinates":[[99.9,20],[100.4,20.3],[99.8,20.4],[101.7,20.9],[100.8,20.1],[102.1,19.9],[102.6,18],[104.8,17.4],[105.8,16.7],[107.8,16],[106.6,17.5],[107.6,16.5],[108.3,15.9],[109,14.4],[109.2,13.8],[109.2,12.2],[109.2,11.9],[106.6,10.8],[100.5,13.8],[100.1,15.9],[99,18.8],[99.9,20],[-5.3,35.9],[-4,35],[-5,34],[-7.6,33.6],[-8,31.6],[-9.6,30.4],[-10,29.4],[-2,35],[0.6,35.7],[3,36.8],[6.6,36.4],[7.8,36.9],[8,36.9],[8,27],[3,30],[0,32],[-2,34],[-5.3,35.9]]},"properties":{"k":"f143e03efefa0c92","c":"#A95761","r":6.0,"w":3,"n":"Thailand-Laos-Vietnam Border Meth Corridor","p":1}},{"type":"Feature","geometry":{"type":"LineString","coordinates":[[18.4,-33.9],[18.6,-34],[18.9,-33.7],[19.4,-33.3],[18,-32.9],[28,-32],[31,-29.9],[30.9,-29.8],[29.1,-28],[28,-26.2],[28.2,-25.7],[29.5,-23.9],[30.4,-22.6],[31,-25],[32,-26],[30.5,-25.5],[27.1,-26.7],[28,-26.2],[24.7,-28.8],[26.2,-29.1],[27.9,-33],[18.4,-33.9]]},"properties":{"k":"5f292b59665c64d3","c":"#45877F","r":6.0,"w":3,"n":"South Africa Internal Drug Distribution Network","p":1}},{"type":"Feature","geometry":{"type":"LineString","coordinates":[[151.2,-33.9],[151.1,-34],[150.9,-33.7],[151.8,-32.9],[153.1,-30.3],[153.6,-28.6],[153,-27.5],[153.1,-26.7],[152.8,-25.3],[151.3,-23.9],[149.2,-21.1],[146.8,-19.3],[145.8,-16.9],[153,-27.5],[153.4,-28],[152.9,-30.5],[152.9,-31.4],[151.2,-33.9],[149.1,-35.3],[144.9,-37.8],[144.3,-38.1],[143.8,-37.5],[146.9,-36],[147.4,-35.1],[150.9,-34.9],[151.2,-33.9]]},"properties":{"k":"10356b0191ef389e","c":"#44856F","r":6.0,"w":3,"n":"Australia East Coast Drug Distribution Route","p":1}},{"type":"Feature","geometry":{"type":"LineString","coordinates":[[-79.5,9],[-79.9,9.4],[-79.4,9.6],[-82.3,9.2],[-83,10],[-83.7,10.3],[-83.8,11],[-83.4,11.9],[-83.7,12.8],[-83.4,14],[-83.8,15.2],[-86,15.8],[-87.9,15.9],[-88.2,16.5],[-88.2,17.5],[-88.3,18.5],[-87.4,19.8],[-86.8,21.2],[-88.3,18.5],[-88.2,16.5],[-86,15.8],[-83.4,14],[-83.7,12],[-83.7,10.3],[-79.4,9.6]]},"properties":{"k":"22e832b9c22379c9","c":"#B36C73","r":6.0,"w":3,"n":"Central America Caribbean Coast Cocaine Route","p":1}},{"type":"Feature","geometry":{"type":"LineString","coordinates":[[-60,-3.1],[-58,-3.1],[-56.7,-2.6],[-54.7,-2.6],[-52,-1.5],[-48.5,-1.4],[-51.1,0],[-60.7,2.8],[-60,4.1],[-61,3.1],[-62,1],[-62,-1],[-62,-2],[-60,-3.1],[-63,-4],[-71.5,-3.1],[-73.2,-3.8],[-73.4,-4.2],[-72,-7.2],[-74.6,-8.8],[-70.5,-9],[-67.8,-10],[-63.9,-8.8],[-61.4,-5.8],[-60,-3.1]]},"properties":{"k":"3ff7fcee7bfe2962","c":"#4A8690","r":6.0,"w":3,"n":"Brazil Amazon River Cocaine and Precursor Route","p":1}},{"type":"Feature","geometry":{"type":"LineString","coordinates":[[135.1,48.5],[134.8,48],[133,45],[131.9,43.1],[132.9,42.8],[133.1,42.7],[134,42],[140.7,41.8],[144.4,42.9],[141.3,43.1],[140.7,41.8],[140.7,40.8],[141,38.3],[139.7,35.7],[135.5,34.7],[130.4,33.6],[129.3,35.5],[126.9,37.5],[128.6,38],[128,40],[130,42],[131.9,43.1],[135.1,48.5]]},"properties":{"k":"9b3d636944689134","c":"#7F80BD","r":6.0,"w":3,"n":"Russia Far East to Japan Sea Route","p":1}},{"type":"Feature","geometry":{"type":"LineString","coordinates":[[55.4,25.3],[54.4,24.5],[58.5,23.6],[58.2,20.4],[54.5,15.4],[45,12.8],[43.1,11.6],[42,11],[42,9],[41,2],[36.8,-1.3],[39.7,-4],[39.3,-6.8],[40.3,-10.3],[45.1,-12.3],[47.5,-18.9],[57.5,-20],[55.5,-4.7],[73.5,4.2],[72.8,18.9],[68.5,23],[55.4,25.3]]},"properties":{"k":"5749cedd535804dd","c":"#A95761","r":6.0,"w":3,"n":"UAE-East Africa Heroin and Ivory Route","p":1}},{"type":"Feature","geometry":{"type":"LineString","coordinates":[[28.9,41],[32.9,39.9],[27.1,38.4],[35.3,37],[40.2,37.9],[39.9,38.4],[41.2,39.7],[44,39.9],[44,39],[46.3,38.1],[45,37.5],[44,36.2],[44,36.2],[45.4,35.5],[46,35],[47,34.3],[45.4,35.5],[44,36.2],[42.5,37.1],[42.1,37.5],[40.9,38.4],[40.2,37.9],[32.9,39.9],[28.9,41]]},"properties":{"k":"66e6566fa9c09fb0","c":"#A85668","r":6.0,"w":3,"n":"Turkey-Iran-Iraq Kurdish Triangle Heroin Route","p":1}},{"type":"Feature","geometry":{"type":"LineString","coordinates":[[-103.3,20.7],[-101.7,21.1],[-100.4,20.6],[-99.1,19.4],[-98.2,19],[-96.1,19],[-95.2,18.5],[-94.4,18.1],[-92.9,18.5],[-90.5,19.8],[-89.6,20],[-86.8,21.2],[-88,19.6],[-88.3,18.5],[-97.5,20.5],[-97.9,22.2],[-97.9,23.2],[-97.4,25.7],[-98.2,26.1],[-100.3,25.7],[-100.9,22.1],[-103.3,20.7]]},"properties":{"k":"9fd8c4f3e29f1826","c":"#A95959","r":6.0,"w":3,"n":"Mexico Gulf Coast Cocaine and Meth Route","p":1}},{"type":"Feature","geometry":{"type":"LineString","coordinates":[[-58.4,-34.6],[-57.9,-34.9],[-57.8,-35.7],[-60.7,-32.9],[-64.2,-31.4],[-65.8,-28.5],[-66.8,-29.4],[-68.5,-31.5],[-68.8,-32.8],[-70.7,-33],[-70.7,-33.4],[-71.5,-32.8],[-70.8,-34.2],[-71.7,-35.4],[-73,-36.8],[-72,-38],[-73.2,-39.8],[-73,-41.5],[-71,-38],[-68.1,-38.9],[-71.3,-41.1],[-65,-40],[-62.3,-38.7],[-58.4,-34.6]]},"properties":{"k":"9be0ec3d81cb4a28","c":"#BA7979","r":6.0,"w":3,"n":"Argentina-Chile Andes Crossing Cocaine Route","p":1}},{"type":"Feature","geometry":{"type":"LineString","coordinates":[[9.2,45.5],[10.4,45.4],[7.7,45.1],[8.9,44.4],[11.3,44.5],[11.2,43.8],[10.3,43.5],[10.4,43.7],[14.2,42.5],[12.5,41.9],[14.3,40.9],[14.3,40.8],[16.9,41.1],[17.9,40.4],[18.2,40.4],[13.4,38.1],[15.1,37.5],[14.2,37.1],[16.6,38.9],[15.6,38.1],[16.2,38.2],[14.3,40.9],[12.5,41.9],[11.2,43.8],[9.2,45.5]]},"properties":{"k":"2dffc72aef4986f5","c":"#A95959","r":6.0,"w":3,"n":"Italy North-South Mafia Distribution Corridor","p":1}},{"type":"Feature","geometry":{"type":"LineString","coordinates":[[-4.4,36.7],[-1,37.4],[-0.5,38.3],[-0.4,39.5],[2.2,41.4],[-8.5,42.8],[-8.4,43.4],[-8.8,42.9],[-8.6,42.4],[-8.7,42.2],[-8.6,41.1],[-8.7,40.6],[-8.9,39.8],[-9.1,38.7],[-7.9,37],[-8.9,38.5],[-7.4,39.2],[-3.7,40.4],[-4.7,41.6],[-7.9,42.3],[-7.6,43],[-6,37.4],[-5.9,37.4],[-4.4,36.7]]},"properties":{"k":"8516d6c9d94b6d33","c":"#B36C73","r":6.0,"w":3,"n":"Spain-Portugal Iberian Peninsula Drug Route","p":1}},{"type":"Feature","geometry":{"type":"LineString","coordinates":[[21,52.2],[19.5,51.8],[17,51.1],[18.7,50.3],[19.9,50],[14.4,50.1],[13.4,50.9],[12.4,51.3],[13.4,52.5],[9.7,52.4],[10,53.6],[7.5,51.5],[6.8,51.2],[6.9,50.9],[8.7,50.1],[8.5,49.5],[9.2,48.8],[11.6,48.1],[8.7,50.1],[6,51.4],[4.6,51.8],[4.9,52.4],[5.2,52.1],[5.9,51.9],[5.5,51.4],[6,50.9],[13.4,52.5],[21,52.2]]},"properties":{"k":"253fcd4e5dac0f69","c":"#7F80BD","r":6.0,"w":3,"n":"Poland-Germany-Netherlands Eastern European Meth Route","p":1}},{"type":"Feature","geometry":{"type":"LineString","coordinates":[[-66.9,10.5],[-70.2,8.6],[-63.5,8],[-61.5,6],[-61.4,5.8],[-58.2,6.8],[-58.3,6],[-59,5.3],[-59,4],[-55.2,5.8],[-55,5.5],[-52.3,4.9],[-52.3,4.9],[-52.7,5.3],[-53.1,3.9],[-60.7,2.8],[-60,4.1],[-61.5,6],[-71.2,8.5],[-69.3,10],[-66.9,10.5]]},"properties":{"k":"45d97f24d2347ea8","c":"#B36C73","r":6.0,"w":3,"n":"Venezuela-Guyana-Suriname Cocaine and Gold Route","p":1}},{"type":"Feature","geometry":{"type":"LineString","coordinates":[[31.4,30.1],[29.9,31.2],[27.2,31.4],[25,31.8],[23.3,32.1],[22.6,32.8],[21.9,32.9],[20.1,31.2],[18.5,30.8],[15.1,32.4],[13.2,32.9],[13.2,33.4],[15,32],[13,33.5],[14.5,35.9],[14.3,37.5],[13.2,32.9],[13,31],[14.4,27],[24,24],[30.8,26.8],[32.6,25.7],[31.4,30.1]]},"properties":{"k":"5a7b0ead869ff2dc","c":"#A95959","r":6.0,"w":3,"n":"Egypt-Libya Mediterranean Smuggling Route","p":1}},{"type":"Feature","geometry":{"type":"LineString","coordinates":[[69.2,34.5],[70.5,34.5],[71.5,34],[73.1,33.7],[73,33.6],[74.3,31.5],[71.5,30.2],[71.7,29.4],[69,28],[68.5,25.4],[67,24.9],[62.5,28],[66.9,30.2],[65.7,31.6],[64,32],[62.2,33],[62.2,34.3],[62.2,35.3],[59.6,36.3],[51.4,35.7],[50,36.3],[57,37.5],[59.6,36.3],[64,35.5],[69.2,34.5]]},"properties":{"k":"f1b0af7fa487b7cd","c":"#A85668","r":6.0,"w":3,"n":"Iran-Afghanistan-Pakistan Opium Triangle Route","p":1}},{"type":"Feature","geometry":{"type":"LineString","coordinates":[[-69.9,18.5],[-68.4,18.5],[-68.4,18.4],[-69,18.5],[-70.7,19.5],[-71.6,19.8],[-71.7,19.9],[-72.3,18.5],[-66.1,18.5],[-66,18.4],[-65.8,18.2],[-65.3,18.3],[-64.6,18.4],[-65,18.3],[-64.6,17.6],[-64.6,18.5],[-80.2,25.8],[-80,26.7],[-80.8,28.5],[-81.7,30.3],[-79.9,32.8],[-78.9,33.7],[-75.7,35.9],[-77,38.9],[-74,40.7],[-71.4,41.8],[-71.1,42.4]]},"properties":{"k":"428ad3089e6b4ba6","c":"#B36C73","r":6.0,"w":3,"n":"Dominican Republic-Puerto Rico-US East Coast Route","p":1}},{"type":"Feature","geometry":{"type":"LineString","coordinates":[[174.8,-36.8],[175.3,-37.7],[176.2,-38.1],[176.1,-38.7],[175.1,-39.9],[174.8,-41.3],[173.8,-41.5],[171.2,-42.4],[172.6,-43.5],[171.3,-44],[169,-45],[168.4,-46.4],[170.5,-45.9],[169.1,-44.7],[172.6,-43.5],[174.8,-41.3],[174.8,-36.8]]},"properties":{"k":"4c96b045432088c1","c":"#44856F","r":6.0,"w":3,"n":"New Zealand Drug Distribution Network","p":1}},{"type":"Feature","geometry":{"type":"LineString","coordinates":[[23.7,37.9],[21.7,38.2],[20.9,39.6],[19.9,39.7],[20,40],[19.5,40],[19.5,40.3],[19.7,40.7],[19.8,41.3],[19.5,41.3],[19.8,41.3],[19.3,42.4],[19.5,41.9],[18.2,40.6],[17.1,40.9],[16.9,41.1],[14.3,40.9],[12.5,41.9],[14.2,42.5],[13,43.8],[11.3,44.5],[9.2,45.5]]},"properties":{"k":"c8771e0fee655988","c":"#7F80BD","r":6.0,"w":3,"n":"Greece-Albania-Italy Balkan Crossing Route","p":1}},{"type":"Feature","geometry":{"type":"LineString","coordinates":[[99.6,22.2],[100.1,21.9],[97.8,22.5],[99,21.2],[97,20.8],[95.9,21.6],[96.1,19.8],[96.5,17],[96.2,16.8],[97.7,16.5],[98.6,16],[97.9,15.9],[92.9,20.1],[92.9,21.5],[93.7,22.5],[97.4,25.4],[98.5,26],[98.7,23.2],[99.6,22.2],[103.8,1.3],[103.8,1.5],[103.6,1.4],[103.9,1.4],[104,1.5],[103.9,-1.2],[104.1,1.1],[103.4,3.5],[103,1.5],[103,2],[101.7,3.1],[103.3,3.8],[100.3,5.4],[100.3,6.4],[101.1,6.7],[102.3,5.8],[100.5,7],[98.9,8],[100.5,13.8],[101.7,3.1],[103.8,1.3]]},"properties":{"k":"9045f9750c2c164e","c":"#9F7FBD","r":6.0,"w":3,"n":"Myanmar Internal Shan State Drug Network","p":1}},{"type":"Feature","geometry":{"type":"LineString","coordinates":[[-117,32.5],[-115.5,32.7],[-114.6,32.7],[-112.1,33.4],[-112,34.7],[-111.6,35.2],[-115.1,36.1],[-113.6,37],[-117.3,34],[-118.2,34.1],[-119,35.4],[-119.8,36.7],[-106.4,31.8],[-106.8,32.3],[-106.6,35.1],[-105.9,35.7],[-108.5,37],[-104.9,39.7],[-100.9,29.4],[-95.4,29.8],[-96.8,32.8],[-97.5,35.5],[-112.1,33.4]]},"properties":{"k":"36bbeb569daaaaf8","c":"#A95959","r":6.0,"w":3,"n":"US Southwest Desert Drug Smuggling Routes","p":1}},{"type":"Feature","geometry":{"type":"LineString","coordinates":[[-17.4,14.7],[-15,13.5],[-16.6,12.4],[-15.6,11.9],[-15.3,11.3],[-13.7,9.5],[-14.6,10.7],[-11.5,11.7],[-10.5,10.5],[-8,12.6],[-4,14.5],[8,16.9],[2.1,13.5],[1.5,12.4],[2.6,6.5],[3.4,6.5],[7.4,10.5],[8.5,12],[5.3,13],[15,12.1],[19,11.5],[19,15.5],[16,23],[14.4,27],[8,16.9],[-17.4,14.7]]},"properties":{"k":"72e773476477266d","c":"#BB7C86","r":6.0,"w":3,"n":"West Africa Interior Sahel Drug Corridor","p":1}},{"type":"Feature","geometry":{"type":"LineString","coordinates":[[-123.1,49.3],[-122.9,49.2],[-122.7,49.1],[-122.3,49],[-121.9,49],[-120.3,50.7],[-114.1,51],[-113.5,53.5],[-116.5,53.9],[-118.1,52.9],[-116,51.5],[-117.7,51.3],[-117.6,49.5],[-117,49],[-119.5,49.9],[-119.7,50.4],[-123.1,49.3]]},"properties":{"k":"56404418052240b5","c":"#44856F","r":6.0,"w":3,"n":"Canada Pacific Coast to Interior Drug Route","p":1}},{"type":"Feature","geometry":{"type":"LineString","coordinates":[[10.2,36.8],[10.3,36.5],[10.6,35.8],[11,35.5],[10.8,34.7],[10.1,33.9],[10.9,33.8],[11.1,33.5],[8,35],[0.6,35.7],[3,36.8],[4,36.7],[7.8,36.9],[-1.3,35.4],[-5,34],[1,35],[3,30],[8,27],[10,24],[14.4,27],[10.2,36.8],[69.2,34.5],[67.1,36.7],[69.7,37.1],[64.4,39.7],[65.4,40],[69.3,41.3],[72.8,40.5],[74.6,42.9],[76.9,43.2],[71.4,51.2],[63.6,53.2],[61.4,55.2],[60.6,56.8],[49.1,55.8],[37.6,55.8],[69.2,34.5],[65.7,31.6],[62.5,28],[51.4,35.7],[58.4,37.5],[68.8,38.5],[62.9,40],[50,40.4],[44.8,41.7],[28.9,41]]},"properties":{"k":"4b184b67b13caaf4","c":"#A95959","r":6.0,"w":3,"n":"Tunisia-Algeria Maghreb Drug and Contraband Route","p":1}},{"type":"Feature","geometry":{"type":"LineString","coordinates":[[-66.9,10.5],[-68.3,12.1],[-69,12.2],[-68.3,12.1],[-59.6,13.1],[-61,14],[-61,14.6],[-61.3,15.4],[-61.5,16.2],[-61.8,17.1],[-62.7,17.3],[-63,18],[-64.6,18.4],[-64.6,17.6],[-64.6,18.5],[-66.1,18.5],[-69.9,18.5],[-72.3,18.5],[-75.1,19.9],[-77.8,21.5],[-82.4,23.1],[-77.9,24.6],[-77.3,25],[-71.8,21.5],[-72.2,19.7],[-64.8,17.7],[-61,14.6],[-69,12.2],[-66.9,10.5]]},"properties":{"k":"5cab7c5c2df860be","c":"#4A8690","r":6.0,"w":3,"n":"Caribbean Sea Complete Island Network Route","p":1}},{"type":"Feature","geometry":{"type":"LineString","coordinates":[[4.4,51.2],[3.7,51.3],[2.9,51.1],[2.4,51],[2.4,51.4],[3.2,51.5],[4.6,51.8],[4.9,52.4],[5.2,52.1],[4.4,52],[0.1,51.5],[-0.1,51.5],[-0.3,51.4],[1.1,51.3],[1.4,50.9],[3.1,50.6],[4.4,50.8],[4.4,51.2]]},"properties":{"k":"5dfc05207d0c7b3d","c":"#45877F","r":6.0,"w":3,"n":"Belgium-Netherlands-UK Channel Cocaine Route","p":1}},{"type":"Feature","geometry":{"type":"LineString","coordinates":[[-100,17],[-99.9,16.9],[-103.5,18.5],[-104.3,19.2],[-105.2,20.7],[-105,21.5],[-106.4,23.2],[-107.4,24.8],[-109,25.8],[-109.9,27.1],[-110.9,29.1],[-110.9,31.3],[-110.9,32.2],[-112.1,33.4],[-118.2,34.1],[-117.2,32.7],[-117,32.5],[-116.9,32.5],[-114.9,30.5],[-114.1,28.6],[-110.3,24.1],[-109.7,23.1],[-105.2,20.6],[-100,17]]},"properties":{"k":"c23dfc5cfab2b8db","c":"#BA7979","r":6.0,"w":3,"n":"Mexico Pacific Coast to US California Route","p":1}},{"type":"Feature","geometry":{"type":"LineString","coordinates":[[37.6,55.8],[44,56.3],[50.1,53.2],[46,51.5],[44.5,48.7],[55.1,51.5],[63.6,53.2],[61.4,55.2],[65.5,57.1],[73.4,55],[82.9,55],[92.9,56],[104.3,52.3],[107.6,51.8],[113.5,52],[106.9,47.9],[105,46],[116.4,43.8],[111.7,40.8],[116.4,39.9],[123.4,41.8],[125.3,43.8],[126.6,45.8],[135,48],[135.1,48.5]]},"properties":{"k":"8577e5fbe2ac7bbb","c":"#7F80BD","r":6.0,"w":3,"n":"Russia-Mongolia-China Northern Drug Route","p":1}},{"type":"Feature","geometry":{"type":"LineString","coordinates":[[99.6,22.2],[100.8,21],[101.7,20.9],[102.1,19.9],[102.6,18],[104.8,17.4],[105.8,15.1],[105.9,14.4],[106,13.6],[105,12.5],[104.9,11.6],[106.6,10.8],[105.8,10],[105.8,9.5],[100.5,13.8],[100.6,14.4],[100.1,15.9],[100,17.4],[99,18.8],[99.9,20],[100.4,20.3],[99.6,22.2]]},"properties":{"k":"45b4ed4a47726bfb","c":"#9F7FBD","r":6.0,"w":3,"n":"Southeast Asia Mekong River Complete Network","p":1}},{"type":"Feature","geometry":{"type":"LineString","coordinates":[[-83,42.3],[-83,42.3],[-82.4,43],[-81.3,43],[-79.4,43.7],[-79.1,43.1],[-78.9,42.9],[-77.6,43.2],[-76.1,43],[-75.5,43.7],[-76.5,44.3],[-75.7,45.4],[-73.6,45.5],[-73.2,44.5],[-73,44.5],[-78.5,42.9],[-83.4,41.9],[-81.7,41.5],[-80,40.4],[-85.7,42.9],[-84.6,43],[-83.9,43.6],[-83,42.3],[16,16],[8,8],[16,16],[8,8]]},"properties":{"k":"df23d61a0d39874f","c":"#44856F","r":6.0,"w":3,"n":"US-Canada Cross-Border Midwest Smuggling Route","p":1}}]}