{"type":"FeatureCollection","details":false,"features":[{"type":"Feature","geometry":{"type":"MultiPolygon","coordinates":[[[[-122.22,48.01],[-122.46,48.23],[-122.45,48.13],[-122.36,48.06],[-122.51,48.13],[-122.54,48.21],[-122.38,48.29],[-122.56,48.41],[-122.67,48.41],[-122.7,48.49],[-122.47,48.46],[-122.51,48.56],[-122.43,48.6],[-122.52,48.76],[-122.7,48.8],[-122.82,48.95],[-122.74,48.96],[-122.77,49.0],[-117.03,49.0],[-117.06,46.35],[-116.93,46.17],[-116.99,46.08],[-116.92,46.0],[-118.98,46.0],[-119.14,45.93],[-119.59,45.91],[-120.21,45.72],[-120.44,45.69],[-120.62,45.74],[-121.17,45.6],[-121.32,45.7],[-121.81,45.7],[-122.3,45.54],[-122.76,45.65],[-122.81,45.94],[-122.9,46.08],[-123.05,46.16],[-123.3,46.14],[-123.47,46.28],[-123.89,46.24],[-123.99,46.31],[-124.08,46.27],[-124.07,46.64],[-124.01,46.38],[-123.84,46.4],[-123.94,46.48],[-123.89,46.51],[-123.96,46.62],[-123.84,46.72],[-124.09,46.73],[-124.14,46.9],[-124.03,46.82],[-124.05,46.89],[-123.81,46.96],[-124.11,47.04],[-124.16,46.93],[-124.37,47.64],[-124.48,47.81],[-124.61,47.87],[-124.73,48.15],[-124.72,48.38],[-123.99,48.16],[-123.4,48.11],[-123.12,48.15],[-122.92,48.07],[-122.77,48.14],[-122.8,48.09],[-122.65,47.86],[-122.86,47.83],[-122.9,47.67],[-123.11,47.46],[-123.15,47.35],[-123.01,47.35],[-122.83,47.44],[-123.11,47.37],[-122.92,47.61],[-122.75,47.66],[-122.61,47.85],[-122.61,47.94],[-122.53,47.91],[-122.47,47.75],[-122.62,47.7],[-122.5,47.51],[-122.59,47.33],[-122.55,47.28],[-122.7,47.29],[-122.63,47.4],[-122.74,47.34],[-122.76,47.16],[-122.83,47.23],[-122.8,47.36],[-123.12,47.21],[-123.08,47.09],[-122.92,47.05],[-122.79,47.13],[-122.7,47.1],[-122.59,47.18],[-122.53,47.29],[-122.55,47.32],[-122.42,47.26],[-122.44,47.3],[-122.33,47.34],[-122.41,47.66],[-122.3,47.95],[-122.22,48.01]]],[[[-122.77,48.22],[-122.67,48.4],[-122.53,48.32],[-122.73,48.23],[-122.61,48.21],[-122.55,48.08],[-122.38,48.03],[-122.39,47.9],[-122.61,48.03],[-122.77,48.22]]]]},"properties":{"name":"Washington — 791 release authorisations","count":791}},{"type":"Feature","geometry":{"type":"Polygon","coordinates":[[[-111.48,44.7],[-111.49,44.53],[-112.26,44.56],[-112.37,44.45],[-112.78,44.47],[-112.84,44.35],[-113.01,44.44],[-113.14,44.76],[-113.45,44.85],[-113.5,44.93],[-113.46,45.04],[-113.74,45.32],[-113.82,45.6],[-113.97,45.7],[-114.33,45.46],[-114.56,45.55],[-114.5,45.69],[-114.56,45.76],[-114.39,45.87],[-114.52,46.14],[-114.44,46.17],[-114.47,46.25],[-114.33,46.65],[-114.61,46.63],[-114.67,46.73],[-114.78,46.7],[-114.78,46.76],[-114.95,46.85],[-114.92,46.91],[-115.33,47.25],[-115.75,47.42],[-115.64,47.48],[-115.74,47.53],[-115.69,47.59],[-115.73,47.7],[-116.05,47.98],[-116.06,49.0],[-104.06,49.0],[-104.04,45.0],[-111.05,45.0],[-111.05,44.47],[-111.22,44.57],[-111.32,44.73],[-111.48,44.7]]]},"properties":{"name":"Montana — 237 release authorisations","count":237}},{"type":"Feature","geometry":{"type":"MultiPolygon","coordinates":[[[[-69.78,44.07],[-69.86,44.0],[-69.79,43.76],[-69.85,43.74],[-69.89,43.88],[-69.9,43.79],[-69.97,43.77],[-70.03,43.85],[-70.16,43.79],[-70.24,43.69],[-70.22,43.58],[-70.54,43.34],[-70.67,43.09],[-70.82,43.12],[-70.81,43.24],[-70.98,43.4],[-71.09,45.3],[-70.96,45.34],[-70.88,45.23],[-70.8,45.43],[-70.63,45.39],[-70.72,45.51],[-70.4,45.72],[-70.42,45.79],[-70.25,45.9],[-70.31,45.97],[-70.23,46.14],[-70.28,46.19],[-70.05,46.43],[-69.98,46.69],[-69.23,47.45],[-69.05,47.42],[-69.04,47.26],[-68.89,47.18],[-68.23,47.35],[-67.79,47.06],[-67.76,45.92],[-67.8,45.68],[-67.44,45.59],[-67.42,45.5],[-67.5,45.49],[-67.42,45.38],[-67.48,45.28],[-67.44,45.19],[-67.35,45.12],[-67.27,45.18],[-67.17,45.16],[-67.07,44.96],[-67.15,44.9],[-66.97,44.83],[-67.2,44.65],[-67.39,44.69],[-67.62,44.54],[-67.81,44.55],[-67.9,44.45],[-67.96,44.51],[-68.02,44.38],[-68.14,44.48],[-68.43,44.47],[-68.55,44.4],[-68.56,44.26],[-68.81,44.33],[-68.74,44.51],[-68.82,44.66],[-68.86,44.61],[-68.81,44.49],[-68.96,44.43],[-69.07,44.07],[-69.22,43.95],[-69.39,44.03],[-69.48,43.89],[-69.66,43.85],[-69.61,44.03],[-69.75,43.89],[-69.75,43.76],[-69.78,44.07]]],[[[-68.39,44.38],[-68.24,44.44],[-68.16,44.33],[-68.3,44.29],[-68.32,44.23],[-68.4,44.27],[-68.39,44.38]]]]},"properties":{"name":"Maine — 198 release authorisations","count":198}},{"type":"Feature","geometry":{"type":"Polygon","coordinates":[[[-96.57,45.93],[-104.05,45.94],[-104.06,49.0],[-97.23,49.0],[-97.1,48.67],[-97.17,48.56],[-97.14,48.15],[-96.85,47.6],[-96.84,47.01],[-96.76,46.92],[-96.79,46.63],[-96.71,46.43],[-96.6,46.34],[-96.57,45.93]]]},"properties":{"name":"North Dakota — 749 release authorisations","count":749}},{"type":"Feature","geometry":{"type":"Polygon","coordinates":[[[-98.5,42.99],[-104.06,43.0],[-104.05,45.94],[-96.57,45.93],[-96.66,45.74],[-96.85,45.61],[-96.69,45.41],[-96.46,45.3],[-96.46,43.5],[-96.6,43.5],[-96.53,43.38],[-96.57,43.24],[-96.47,43.21],[-96.45,43.13],[-96.64,42.75],[-96.44,42.49],[-96.61,42.51],[-96.7,42.66],[-97.24,42.85],[-97.82,42.87],[-98.03,42.77],[-98.5,42.99]]]},"properties":{"name":"South Dakota — 821 release authorisations","count":821}},{"type":"Feature","geometry":{"type":"Polygon","coordinates":[[[-104.06,45.0],[-104.05,41.0],[-111.05,41.0],[-111.05,45.0],[-104.06,45.0]]]},"properties":{"name":"Wyoming — 83 release authorisations","count":83}},{"type":"Feature","geometry":{"type":"MultiPolygon","coordinates":[[[[-87.03,45.29],[-86.97,45.24],[-87.05,45.25],[-87.04,45.1],[-87.18,44.98],[-87.21,44.87],[-87.31,44.8],[-87.38,44.84],[-87.41,44.91],[-87.23,45.18],[-87.18,45.15],[-87.03,45.29]]],[[[-87.62,44.99],[-87.84,44.93],[-87.99,44.72],[-87.98,44.6],[-88.04,44.57],[-87.93,44.54],[-87.61,44.83],[-87.43,44.89],[-87.37,44.81],[-87.31,44.79],[-87.47,44.53],[-87.52,44.18],[-87.64,44.1],[-87.73,43.89],[-87.7,43.67],[-87.88,43.36],[-87.89,43.03],[-87.76,42.78],[-87.8,42.49],[-90.64,42.51],[-90.69,42.64],[-91.07,42.74],[-91.17,43.08],[-91.07,43.28],[-91.2,43.37],[-91.25,43.79],[-91.37,43.95],[-91.85,44.19],[-91.97,44.36],[-92.25,44.46],[-92.34,44.55],[-92.61,44.61],[-92.81,44.75],[-92.75,45.3],[-92.64,45.44],[-92.73,45.55],[-92.88,45.58],[-92.89,45.64],[-92.71,45.89],[-92.29,46.07],[-92.29,46.66],[-92.21,46.65],[-92.1,46.74],[-91.92,46.68],[-90.86,46.95],[-90.78,46.88],[-90.93,46.59],[-90.73,46.65],[-90.31,46.55],[-90.21,46.51],[-90.11,46.34],[-89.1,46.15],[-88.8,46.03],[-88.09,45.92],[-88.07,45.87],[-88.13,45.82],[-87.78,45.68],[-87.83,45.57],[-87.79,45.5],[-87.88,45.37],[-87.64,45.36],[-87.74,45.2],[-87.58,45.09],[-87.62,44.99]]]]},"properties":{"name":"Wisconsin — 1733 release authorisations","count":1733}},{"type":"Feature","geometry":{"type":"Polygon","coordinates":[[[-117.02,41.99],[-117.04,43.8],[-116.93,44.01],[-116.98,44.07],[-116.9,44.15],[-116.99,44.25],[-117.21,44.28],[-117.22,44.47],[-117.04,44.75],[-116.87,44.87],[-116.85,45.02],[-116.47,45.61],[-116.56,45.75],[-116.86,45.9],[-116.99,46.08],[-116.93,46.17],[-117.06,46.35],[-117.03,49.0],[-116.06,49.0],[-116.05,47.98],[-115.73,47.7],[-115.69,47.59],[-115.74,47.53],[-115.64,47.48],[-115.75,47.42],[-115.33,47.25],[-114.92,46.91],[-114.95,46.85],[-114.78,46.76],[-114.78,46.7],[-114.67,46.73],[-114.61,46.63],[-114.33,46.65],[-114.47,46.25],[-114.44,46.17],[-114.52,46.14],[-114.39,45.87],[-114.56,45.76],[-114.5,45.69],[-114.56,45.55],[-114.33,45.46],[-113.97,45.7],[-113.82,45.6],[-113.74,45.32],[-113.46,45.04],[-113.5,44.93],[-113.45,44.85],[-113.14,44.76],[-113.01,44.44],[-112.84,44.35],[-112.78,44.47],[-112.37,44.45],[-112.26,44.56],[-111.49,44.53],[-111.48,44.7],[-111.37,44.75],[-111.05,44.47],[-111.05,42.0],[-117.02,41.99]]]},"properties":{"name":"Idaho — 937 release authorisations","count":937}},{"type":"Feature","geometry":{"type":"Polygon","coordinates":[[[-73.26,42.75],[-73.24,43.51],[-73.29,43.62],[-73.39,43.57],[-73.42,43.63],[-73.36,43.76],[-73.44,44.06],[-73.31,44.26],[-73.29,44.43],[-73.38,44.62],[-73.34,45.01],[-71.51,45.01],[-71.51,44.9],[-71.63,44.74],[-71.54,44.58],[-71.59,44.49],[-72.04,44.3],[-72.09,43.96],[-72.37,43.57],[-72.46,43.0],[-72.55,42.86],[-72.46,42.73],[-73.26,42.75]]]},"properties":{"name":"Vermont — 26 release authorisations","count":26}},{"type":"Feature","geometry":{"type":"Polygon","coordinates":[[[-91.22,43.5],[-96.46,43.5],[-96.46,45.3],[-96.69,45.41],[-96.85,45.61],[-96.59,45.82],[-96.55,46.1],[-96.6,46.34],[-96.71,46.43],[-96.79,46.63],[-96.76,46.92],[-96.84,47.01],[-96.85,47.6],[-97.14,48.15],[-97.17,48.56],[-97.1,48.67],[-97.23,49.0],[-95.16,49.0],[-95.15,49.37],[-94.83,49.33],[-94.69,48.78],[-94.23,48.65],[-93.84,48.62],[-93.78,48.51],[-93.51,48.53],[-93.3,48.64],[-92.95,48.63],[-92.64,48.54],[-92.71,48.46],[-92.5,48.44],[-92.37,48.22],[-92.28,48.24],[-92.28,48.35],[-92.04,48.36],[-91.98,48.25],[-91.71,48.2],[-91.7,48.11],[-91.57,48.1],[-91.57,48.04],[-91.24,48.08],[-90.86,48.25],[-90.74,48.09],[-90.15,48.11],[-89.9,47.99],[-89.53,48.0],[-90.51,47.71],[-91.02,47.46],[-92.21,46.67],[-92.3,46.67],[-92.29,46.07],[-92.71,45.89],[-92.86,45.71],[-92.88,45.58],[-92.73,45.55],[-92.64,45.44],[-92.75,45.3],[-92.81,44.75],[-92.61,44.61],[-92.34,44.55],[-92.25,44.46],[-91.97,44.36],[-91.85,44.19],[-91.43,43.99],[-91.25,43.79],[-91.22,43.5]]]},"properties":{"name":"Minnesota — 1912 release authorisations","count":1912}},{"type":"Feature","geometry":{"type":"Polygon","coordinates":[[[-117.02,41.99],[-124.21,42.0],[-124.35,42.1],[-124.44,42.43],[-124.4,42.62],[-124.56,42.83],[-124.16,43.86],[-124.08,44.81],[-123.96,45.29],[-123.98,45.49],[-123.86,45.5],[-123.95,45.57],[-124.0,45.94],[-123.92,46.01],[-123.98,46.2],[-123.79,46.11],[-123.82,46.19],[-123.52,46.24],[-123.36,46.14],[-123.05,46.16],[-122.9,46.08],[-122.81,45.94],[-122.76,45.65],[-122.3,45.54],[-121.81,45.7],[-121.32,45.7],[-121.17,45.6],[-120.62,45.74],[-120.44,45.69],[-120.21,45.72],[-119.59,45.91],[-119.14,45.93],[-118.98,46.0],[-116.92,46.0],[-116.77,45.82],[-116.53,45.71],[-116.48,45.57],[-116.85,45.02],[-116.87,44.87],[-117.04,44.75],[-117.24,44.39],[-117.17,44.25],[-116.99,44.25],[-116.9,44.15],[-116.98,44.07],[-116.93,44.01],[-117.04,43.8],[-117.02,41.99]]]},"properties":{"name":"Oregon — 631 release authorisations","count":631}},{"type":"Feature","geometry":{"type":"Polygon","coordinates":[[[-71.29,42.7],[-72.46,42.73],[-72.55,42.86],[-72.46,43.0],[-72.37,43.57],[-72.03,44.08],[-72.06,44.26],[-71.59,44.49],[-71.54,44.58],[-71.63,44.74],[-71.51,44.9],[-71.54,44.98],[-71.4,45.2],[-71.45,45.24],[-71.3,45.29],[-71.15,45.24],[-71.09,45.3],[-70.98,43.4],[-70.81,43.24],[-70.82,43.12],[-70.91,43.08],[-70.73,43.06],[-70.81,42.87],[-71.18,42.81],[-71.19,42.74],[-71.29,42.7]]]},"properties":{"name":"New Hampshire — 50 release authorisations","count":50}},{"type":"Feature","geometry":{"type":"Polygon","coordinates":[[[-91.12,40.71],[-91.41,40.57],[-91.37,40.4],[-91.45,40.37],[-91.74,40.61],[-95.77,40.59],[-95.88,40.73],[-95.84,40.97],[-95.94,41.46],[-96.09,41.54],[-96.12,41.69],[-96.08,41.79],[-96.15,41.97],[-96.35,42.17],[-96.33,42.26],[-96.42,42.35],[-96.4,42.47],[-96.64,42.75],[-96.45,43.13],[-96.47,43.21],[-96.57,43.24],[-96.53,43.38],[-96.6,43.5],[-91.22,43.5],[-91.2,43.37],[-91.07,43.28],[-91.17,43.08],[-91.07,42.74],[-90.69,42.64],[-90.65,42.48],[-90.44,42.36],[-90.37,42.21],[-90.18,42.12],[-90.14,41.98],[-90.2,41.81],[-90.33,41.72],[-90.35,41.59],[-90.66,41.46],[-91.06,41.4],[-91.1,41.23],[-90.96,41.1],[-90.96,40.95],[-91.09,40.83],[-91.12,40.71]]]},"properties":{"name":"Iowa — 3955 release authorisations","count":3955}},{"type":"Feature","geometry":{"type":"MultiPolygon","coordinates":[[[[-71.32,41.77],[-71.38,42.01],[-72.82,42.0],[-73.5,42.08],[-73.26,42.75],[-71.29,42.7],[-71.19,42.74],[-71.18,42.81],[-70.9,42.89],[-70.81,42.87],[-70.74,42.66],[-70.59,42.65],[-70.96,42.43],[-71.03,42.29],[-70.77,42.25],[-70.62,41.97],[-70.54,41.93],[-70.54,41.81],[-70.42,41.74],[-70.21,41.71],[-70.02,41.78],[-70.0,41.86],[-70.1,42.0],[-70.26,42.06],[-70.14,42.07],[-70.05,42.03],[-69.92,41.77],[-69.95,41.67],[-70.64,41.54],[-70.62,41.74],[-71.12,41.49],[-71.14,41.66],[-71.32,41.77]]],[[[-70.6,41.43],[-70.57,41.46],[-70.49,41.34],[-70.77,41.3],[-70.84,41.35],[-70.77,41.32],[-70.67,41.45],[-70.61,41.47],[-70.6,41.43]]]]},"properties":{"name":"Massachusetts — 265 release authorisations","count":265}},{"type":"Feature","geometry":{"type":"Polygon","coordinates":[[[-95.31,40.0],[-102.05,40.0],[-102.05,41.0],[-104.05,41.0],[-104.06,43.0],[-98.5,42.99],[-98.03,42.77],[-97.82,42.87],[-97.39,42.87],[-96.81,42.7],[-96.7,42.66],[-96.61,42.51],[-96.4,42.47],[-96.42,42.35],[-96.33,42.26],[-96.35,42.17],[-96.15,41.97],[-96.08,41.79],[-96.12,41.69],[-96.09,41.54],[-95.94,41.46],[-95.84,40.97],[-95.88,40.73],[-95.77,40.64],[-95.76,40.55],[-95.66,40.56],[-95.65,40.31],[-95.48,40.23],[-95.38,40.1],[-95.41,40.05],[-95.31,40.0]]]},"properties":{"name":"Nebraska — 2142 release authorisations","count":2142}},{"type":"Feature","geometry":{"type":"MultiPolygon","coordinates":[[[[-72.52,40.82],[-73.93,40.56],[-73.76,40.64],[-74.0,40.58],[-74.03,40.64],[-73.9,40.8],[-73.75,40.79],[-73.75,40.84],[-73.6,40.9],[-72.63,40.98],[-72.32,41.15],[-72.6,40.91],[-72.29,41.02],[-72.08,41.0],[-71.87,41.07],[-72.52,40.82]]],[[[-79.76,42.27],[-79.14,42.57],[-78.86,42.79],[-78.94,42.97],[-78.88,43.02],[-79.06,43.09],[-79.06,43.27],[-78.46,43.37],[-77.75,43.34],[-77.58,43.24],[-76.72,43.32],[-76.45,43.5],[-76.22,43.55],[-76.18,43.63],[-76.24,43.84],[-76.13,43.93],[-76.13,44.01],[-76.36,44.1],[-75.85,44.39],[-75.76,44.52],[-75.33,44.81],[-74.74,44.99],[-73.34,45.01],[-73.38,44.62],[-73.29,44.43],[-73.31,44.26],[-73.44,44.06],[-73.36,43.76],[-73.42,43.63],[-73.39,43.57],[-73.29,43.62],[-73.24,43.51],[-73.26,42.75],[-73.5,42.08],[-73.55,41.29],[-73.48,41.21],[-73.73,41.1],[-73.65,41.0],[-73.8,40.83],[-73.92,40.8],[-74.01,40.7],[-73.9,41.0],[-74.7,41.35],[-74.75,41.43],[-74.97,41.48],[-75.07,41.6],[-75.08,41.81],[-75.25,41.87],[-75.35,41.99],[-79.76,42.0],[-79.76,42.27]]]]},"properties":{"name":"New York — 1112 release authorisations","count":1112}},{"type":"Feature","geometry":{"type":"Polygon","coordinates":[[[-75.77,39.72],[-80.52,39.72],[-80.52,41.99],[-79.76,42.27],[-79.76,42.0],[-75.38,42.0],[-75.25,41.87],[-75.08,41.81],[-75.07,41.6],[-74.97,41.48],[-74.71,41.38],[-75.14,40.98],[-75.05,40.86],[-75.19,40.75],[-75.21,40.65],[-75.18,40.56],[-75.06,40.52],[-75.06,40.42],[-74.97,40.4],[-74.73,40.15],[-75.11,39.98],[-75.14,39.88],[-75.42,39.8],[-75.64,39.84],[-75.77,39.72]]]},"properties":{"name":"Pennsylvania — 934 release authorisations","count":934}},{"type":"Feature","geometry":{"type":"Polygon","coordinates":[[[-73.55,41.29],[-73.48,42.05],[-71.8,42.0],[-71.85,41.33],[-72.28,41.28],[-72.38,41.36],[-72.38,41.28],[-72.91,41.27],[-73.65,41.0],[-73.73,41.1],[-73.48,41.21],[-73.55,41.29]]]},"properties":{"name":"Connecticut — 451 release authorisations","count":451}},{"type":"Feature","geometry":{"type":"MultiPolygon","coordinates":[[[[-71.79,41.6],[-71.8,42.0],[-71.38,42.01],[-71.34,41.78],[-71.23,41.71],[-71.28,41.68],[-71.39,41.76],[-71.49,41.39],[-71.72,41.33],[-71.87,41.32],[-71.79,41.6]]]]},"properties":{"name":"Rhode Island — 57 release authorisations","count":57}},{"type":"Feature","geometry":{"type":"Polygon","coordinates":[[[-75.57,39.62],[-75.35,39.85],[-75.14,39.88],[-75.11,39.98],[-74.73,40.15],[-74.97,40.4],[-75.06,40.42],[-75.06,40.52],[-75.18,40.56],[-75.21,40.65],[-75.19,40.75],[-75.05,40.86],[-75.14,40.98],[-74.97,41.08],[-74.79,41.31],[-74.7,41.35],[-73.9,41.0],[-74.01,40.7],[-74.13,40.65],[-74.12,40.71],[-74.28,40.51],[-73.98,40.32],[-74.04,40.1],[-74.09,40.12],[-74.05,40.06],[-74.12,40.05],[-74.08,40.04],[-74.17,39.72],[-74.33,39.52],[-74.41,39.54],[-74.45,39.38],[-74.66,39.29],[-74.62,39.25],[-74.88,38.96],[-74.97,38.97],[-74.92,39.17],[-75.12,39.18],[-75.55,39.49],[-75.52,39.57],[-75.57,39.62]]]},"properties":{"name":"New Jersey — 487 release authorisations","count":487}},{"type":"Feature","geometry":{"type":"Polygon","coordinates":[[[-86.34,38.18],[-86.39,38.19],[-86.34,38.14],[-86.41,38.11],[-86.46,38.13],[-86.52,37.93],[-86.65,37.85],[-86.83,37.99],[-87.04,37.91],[-87.11,37.78],[-87.39,37.93],[-87.6,37.97],[-87.59,37.86],[-87.65,37.83],[-87.68,37.9],[-87.9,37.92],[-87.96,37.78],[-88.09,37.82],[-88.03,37.84],[-88.1,37.9],[-88.03,37.91],[-88.08,37.92],[-88.02,37.98],[-88.04,38.05],[-87.96,38.1],[-88.02,38.1],[-87.93,38.16],[-87.99,38.23],[-87.93,38.3],[-87.85,38.29],[-87.51,38.74],[-87.53,38.96],[-87.67,39.15],[-87.59,39.21],[-87.63,39.31],[-87.54,39.35],[-87.53,41.72],[-87.39,41.63],[-87.23,41.63],[-86.83,41.77],[-84.79,41.76],[-84.81,39.1],[-84.89,39.05],[-84.83,38.98],[-84.88,38.91],[-84.79,38.88],[-84.82,38.79],[-85.16,38.7],[-85.45,38.72],[-85.43,38.54],[-85.61,38.45],[-85.68,38.3],[-85.84,38.28],[-85.93,38.03],[-86.05,37.97],[-86.28,38.06],[-86.34,38.18]]]},"properties":{"name":"Indiana — 2728 release authorisations","count":2728}},{"type":"Feature","geometry":{"type":"Polygon","coordinates":[[[-114.62,35.0],[-120.0,38.99],[-119.99,41.99],[-114.04,42.0],[-114.04,36.22],[-114.13,36.04],[-114.21,36.02],[-114.38,36.15],[-114.73,36.09],[-114.66,35.88],[-114.67,35.52],[-114.56,35.22],[-114.64,35.12],[-114.62,35.0]]]},"properties":{"name":"Nevada — 127 release authorisations","count":127}},{"type":"Feature","geometry":{"type":"Polygon","coordinates":[[[-114.04,37.0],[-114.04,42.0],[-111.05,42.0],[-111.05,41.0],[-109.05,41.0],[-109.05,37.0],[-114.04,37.0]]]},"properties":{"name":"Utah — 195 release authorisations","count":195}},{"type":"Feature","geometry":{"type":"MultiPolygon","coordinates":[[[[-121.67,38.17],[-121.78,38.07],[-121.98,38.14],[-122.23,38.07],[-122.27,38.16],[-122.32,38.21],[-122.27,38.1],[-122.53,38.15],[-122.47,38.09],[-122.51,38.02],[-122.44,37.98],[-122.49,37.93],[-122.46,37.83],[-122.52,37.82],[-122.82,38.01],[-123.01,37.99],[-122.94,38.15],[-122.99,38.3],[-123.72,38.92],[-123.68,39.04],[-123.81,39.35],[-123.75,39.55],[-123.84,39.83],[-124.09,40.1],[-124.35,40.25],[-124.39,40.44],[-124.11,40.98],[-124.15,41.13],[-124.06,41.46],[-124.14,41.73],[-124.24,41.78],[-124.21,42.0],[-119.99,41.99],[-120.0,38.99],[-117.16,36.96],[-114.62,35.0],[-114.63,34.88],[-114.47,34.71],[-114.38,34.46],[-114.18,34.37],[-114.13,34.27],[-114.41,34.1],[-114.52,33.97],[-114.53,33.56],[-114.65,33.42],[-114.72,33.41],[-114.74,33.31],[-114.68,33.27],[-114.71,33.1],[-114.47,32.98],[-114.46,32.85],[-114.6,32.73],[-117.13,32.54],[-117.2,32.72],[-117.12,32.6],[-117.12,32.68],[-117.2,32.74],[-117.25,32.68],[-117.25,32.89],[-117.41,33.23],[-118.11,33.75],[-118.41,33.74],[-118.41,33.88],[-118.54,34.04],[-118.94,34.04],[-119.22,34.15],[-119.27,34.24],[-119.61,34.42],[-120.46,34.44],[-120.64,34.57],[-120.64,35.14],[-120.86,35.21],[-120.88,35.43],[-121.27,35.66],[-121.33,35.8],[-121.69,36.18],[-121.88,36.31],[-121.96,36.58],[-121.81,36.65],[-121.76,36.82],[-121.88,36.96],[-122.17,37.0],[-122.41,37.24],[-122.39,37.35],[-122.51,37.52],[-122.5,37.78],[-122.4,37.81],[-122.36,37.61],[-122.09,37.45],[-121.98,37.46],[-122.09,37.5],[-122.2,37.74],[-122.31,37.78],[-122.31,37.89],[-122.38,37.97],[-122.0,38.06],[-121.55,38.06],[-121.55,38.14],[-121.66,38.1],[-121.67,38.17]]]]},"properties":{"name":"California — 3676 release authorisations","count":3676}},{"type":"Feature","geometry":{"type":"Polygon","coordinates":[[[-83.27,38.61],[-83.53,38.7],[-83.68,38.62],[-83.86,38.74],[-84.18,38.79],[-84.44,39.11],[-84.81,39.1],[-84.79,41.7],[-83.48,41.73],[-82.78,41.51],[-83.07,41.46],[-82.55,41.39],[-82.02,41.52],[-81.74,41.49],[-81.36,41.72],[-80.52,41.99],[-80.52,40.64],[-80.67,40.58],[-80.6,40.48],[-80.6,40.31],[-80.76,39.92],[-80.81,39.92],[-80.88,39.62],[-81.24,39.39],[-81.38,39.35],[-81.47,39.41],[-81.57,39.27],[-81.69,39.26],[-81.75,39.09],[-81.82,39.07],[-81.76,38.93],[-81.82,38.95],[-81.89,38.87],[-81.93,38.98],[-82.04,39.01],[-82.22,38.78],[-82.18,38.6],[-82.29,38.58],[-82.33,38.44],[-82.58,38.4],[-82.7,38.54],[-82.85,38.6],[-82.89,38.74],[-83.27,38.61]]]},"properties":{"name":"Ohio — 1473 release authorisations","count":1473}},{"type":"Feature","geometry":{"type":"Polygon","coordinates":[[[-88.07,37.51],[-88.47,37.4],[-88.51,37.3],[-88.42,37.16],[-88.48,37.07],[-88.99,37.22],[-89.17,37.06],[-89.13,36.99],[-89.26,37.09],[-89.28,37.0],[-89.38,37.05],[-89.51,37.28],[-89.43,37.41],[-89.53,37.57],[-89.52,37.69],[-89.85,37.91],[-89.94,37.88],[-89.96,37.96],[-90.36,38.23],[-90.36,38.37],[-90.18,38.61],[-90.2,38.72],[-90.11,38.83],[-90.41,38.96],[-90.63,38.88],[-90.74,39.25],[-91.37,39.72],[-91.45,39.86],[-91.52,40.13],[-91.49,40.31],[-91.37,40.4],[-91.41,40.57],[-91.13,40.68],[-91.09,40.83],[-90.96,40.95],[-90.96,41.1],[-91.1,41.23],[-91.06,41.4],[-90.66,41.46],[-90.35,41.59],[-90.33,41.72],[-90.2,41.81],[-90.15,41.93],[-90.18,42.12],[-90.41,42.24],[-90.44,42.36],[-90.64,42.51],[-87.8,42.49],[-87.84,42.31],[-87.53,41.72],[-87.54,39.35],[-87.63,39.31],[-87.59,39.21],[-87.67,39.15],[-87.53,38.96],[-87.51,38.74],[-87.85,38.29],[-87.93,38.3],[-87.99,38.23],[-87.93,38.16],[-88.04,38.05],[-88.02,37.98],[-88.08,37.92],[-88.03,37.91],[-88.1,37.9],[-88.04,37.81],[-88.16,37.66],[-88.07,37.51]]]},"properties":{"name":"Illinois — 4304 release authorisations","count":4304}},{"type":"Feature","geometry":{"type":"Polygon","coordinates":[[[-77.01,38.97],[-76.91,38.89],[-77.05,38.79],[-77.04,38.86],[-77.12,38.93],[-77.01,38.97]]]},"properties":{"name":"District of Columbia — 35 release authorisations","count":35}},{"type":"Feature","geometry":{"type":"Polygon","coordinates":[[[-75.7,38.46],[-75.79,39.72],[-75.64,39.84],[-75.47,39.83],[-75.41,39.79],[-75.61,39.61],[-75.56,39.57],[-75.59,39.46],[-75.4,39.26],[-75.4,39.07],[-75.31,38.95],[-75.19,38.81],[-75.08,38.8],[-75.05,38.45],[-75.7,38.46]]]},"properties":{"name":"Delaware — 531 release authorisations","count":531}},{"type":"Feature","geometry":{"type":"Polygon","coordinates":[[[-78.99,38.85],[-79.32,38.41],[-79.64,38.59],[-79.73,38.35],[-80.3,37.68],[-80.22,37.62],[-80.32,37.57],[-80.29,37.51],[-80.43,37.43],[-80.54,37.47],[-80.76,37.37],[-80.85,37.42],[-80.86,37.34],[-81.22,37.24],[-81.36,37.34],[-81.56,37.21],[-81.84,37.29],[-81.99,37.47],[-81.96,37.53],[-82.14,37.56],[-82.19,37.64],[-82.3,37.67],[-82.65,38.15],[-82.57,38.26],[-82.59,38.41],[-82.33,38.44],[-82.29,38.58],[-82.18,38.6],[-82.22,38.78],[-82.04,39.01],[-81.93,38.98],[-81.89,38.87],[-81.82,38.95],[-81.76,38.93],[-81.82,39.07],[-81.75,39.09],[-81.69,39.26],[-81.57,39.27],[-81.47,39.41],[-81.38,39.35],[-81.24,39.39],[-80.88,39.62],[-80.81,39.92],[-80.76,39.92],[-80.6,40.31],[-80.6,40.48],[-80.67,40.58],[-80.52,40.64],[-80.52,39.72],[-79.48,39.72],[-79.49,39.2],[-79.1,39.47],[-78.97,39.44],[-78.77,39.64],[-78.67,39.54],[-78.48,39.52],[-78.42,39.55],[-78.43,39.62],[-78.27,39.62],[-78.18,39.69],[-78.0,39.6],[-77.84,39.61],[-77.86,39.51],[-77.77,39.5],[-77.8,39.44],[-77.73,39.32],[-77.83,39.13],[-78.35,39.46],[-78.45,39.12],[-78.6,38.97],[-78.74,38.93],[-78.87,38.76],[-78.99,38.85]]]},"properties":{"name":"West Virginia — 96 release authorisations","count":96}},{"type":"Feature","geometry":{"type":"MultiPolygon","coordinates":[[[[-75.79,39.72],[-75.7,38.46],[-75.09,38.45],[-75.15,38.27],[-75.37,38.02],[-75.87,37.98],[-75.77,38.1],[-75.9,38.18],[-75.79,38.26],[-75.89,38.26],[-75.89,38.38],[-75.95,38.28],[-76.02,38.32],[-76.07,38.26],[-76.29,38.44],[-76.19,38.54],[-76.25,38.6],[-76.03,38.57],[-76.22,38.76],[-76.35,38.7],[-76.27,38.83],[-76.19,38.77],[-76.08,38.89],[-76.2,38.97],[-76.11,39.12],[-76.22,39.09],[-76.22,39.2],[-76.04,39.36],[-75.85,39.38],[-75.98,39.39],[-75.95,39.47],[-76.03,39.57],[-76.15,39.4],[-76.36,39.39],[-76.4,39.23],[-76.6,39.26],[-76.59,39.16],[-76.56,39.2],[-76.42,39.12],[-76.55,38.76],[-76.51,38.52],[-76.39,38.39],[-76.42,38.32],[-76.65,38.45],[-76.34,38.21],[-76.33,38.05],[-76.58,38.22],[-76.76,38.23],[-76.86,38.39],[-76.91,38.3],[-77.0,38.43],[-77.26,38.41],[-77.28,38.49],[-76.91,38.89],[-77.04,38.99],[-77.12,38.93],[-77.51,39.12],[-77.46,39.23],[-77.75,39.33],[-77.74,39.4],[-77.8,39.44],[-77.77,39.5],[-77.89,39.56],[-77.84,39.61],[-78.0,39.6],[-78.18,39.69],[-78.56,39.52],[-78.76,39.58],[-78.77,39.64],[-78.97,39.44],[-79.1,39.47],[-79.49,39.2],[-79.48,39.72],[-75.79,39.72]]]]},"properties":{"name":"Maryland — 1018 release authorisations","count":1018}},{"type":"Feature","geometry":{"type":"Polygon","coordinates":[[[-102.05,41.0],[-102.04,36.99],[-109.05,37.0],[-109.05,41.0],[-102.05,41.0]]]},"properties":{"name":"Colorado — 939 release authorisations","count":939}},{"type":"Feature","geometry":{"type":"MultiPolygon","coordinates":[[[[-83.7,36.58],[-88.07,36.68],[-88.04,36.5],[-89.42,36.51],[-89.36,36.63],[-89.21,36.58],[-89.11,36.95],[-89.17,37.06],[-89.07,37.19],[-88.93,37.22],[-88.48,37.07],[-88.42,37.16],[-88.51,37.3],[-88.47,37.4],[-88.09,37.48],[-88.16,37.66],[-88.04,37.81],[-87.92,37.81],[-87.92,37.92],[-87.68,37.9],[-87.65,37.83],[-87.59,37.86],[-87.6,37.97],[-87.39,37.93],[-87.11,37.78],[-87.04,37.91],[-86.83,37.99],[-86.65,37.85],[-86.52,37.93],[-86.46,38.13],[-86.34,38.14],[-86.39,38.19],[-86.3,38.15],[-86.25,38.04],[-86.05,37.97],[-85.93,38.03],[-85.84,38.28],[-85.68,38.3],[-85.61,38.45],[-85.43,38.54],[-85.45,38.72],[-85.16,38.7],[-84.82,38.79],[-84.79,38.88],[-84.88,38.91],[-84.83,38.98],[-84.89,39.05],[-84.74,39.14],[-84.59,39.07],[-84.44,39.11],[-84.31,39.01],[-84.23,38.81],[-83.86,38.74],[-83.68,38.62],[-83.53,38.7],[-83.31,38.6],[-83.18,38.61],[-82.89,38.74],[-82.83,38.57],[-82.61,38.47],[-82.57,38.26],[-82.65,38.15],[-82.48,37.98],[-82.5,37.92],[-82.14,37.56],[-81.96,37.53],[-82.35,37.26],[-82.72,37.11],[-82.72,37.03],[-82.87,36.97],[-82.88,36.89],[-83.07,36.85],[-83.14,36.74],[-83.7,36.58]]]]},"properties":{"name":"Kentucky — 537 release authorisations","count":537}},{"type":"Feature","geometry":{"type":"Polygon","coordinates":[[[-94.62,37.0],[-102.04,36.99],[-102.05,40.0],[-95.31,40.0],[-95.1,39.87],[-94.94,39.9],[-94.89,39.82],[-94.94,39.78],[-94.88,39.74],[-94.96,39.73],[-95.1,39.53],[-94.9,39.38],[-94.82,39.21],[-94.6,39.14],[-94.62,37.0]]]},"properties":{"name":"Kansas — 1401 release authorisations","count":1401}},{"type":"Feature","geometry":{"type":"MultiPolygon","coordinates":[[[[-75.87,37.55],[-75.94,37.56],[-75.7,37.82],[-75.73,37.93],[-75.37,38.02],[-75.7,37.59],[-75.65,37.56],[-75.73,37.56],[-75.76,37.51],[-75.7,37.49],[-75.9,37.37],[-75.97,37.13],[-76.02,37.31],[-75.95,37.52],[-75.87,37.55]]],[[[-79.14,36.55],[-81.92,36.61],[-83.68,36.6],[-83.14,36.74],[-83.07,36.85],[-82.88,36.89],[-82.87,36.97],[-82.72,37.03],[-82.72,37.11],[-82.35,37.26],[-81.96,37.53],[-81.99,37.47],[-81.93,37.37],[-81.67,37.2],[-81.56,37.21],[-81.36,37.34],[-81.22,37.24],[-80.86,37.34],[-80.85,37.42],[-80.76,37.37],[-80.54,37.47],[-80.43,37.43],[-80.29,37.51],[-80.32,37.57],[-80.22,37.62],[-80.3,37.68],[-79.73,38.35],[-79.64,38.59],[-79.49,38.46],[-79.27,38.44],[-78.99,38.85],[-78.87,38.76],[-78.74,38.93],[-78.6,38.97],[-78.45,39.12],[-78.35,39.46],[-77.83,39.13],[-77.73,39.32],[-77.57,39.3],[-77.46,39.23],[-77.51,39.12],[-77.08,38.92],[-77.05,38.72],[-77.23,38.65],[-77.34,38.44],[-77.32,38.34],[-77.05,38.38],[-76.94,38.2],[-76.6,38.12],[-76.57,38.0],[-76.37,37.96],[-76.25,37.85],[-76.32,37.8],[-76.34,37.62],[-76.51,37.66],[-76.82,37.92],[-76.57,37.64],[-76.31,37.55],[-76.51,37.55],[-76.36,37.52],[-76.25,37.39],[-76.3,37.33],[-76.45,37.46],[-76.39,37.29],[-76.46,37.26],[-76.7,37.42],[-76.41,37.15],[-76.34,37.18],[-76.29,37.12],[-76.4,37.11],[-76.28,37.07],[-76.29,37.02],[-76.43,36.97],[-76.62,37.13],[-76.65,37.23],[-76.75,37.19],[-76.86,37.24],[-76.88,37.32],[-76.94,37.24],[-76.73,37.15],[-76.69,37.2],[-76.67,37.05],[-76.49,36.96],[-76.56,36.8],[-76.35,36.91],[-76.4,36.83],[-76.29,36.83],[-76.28,36.96],[-76.19,36.9],[-76.0,36.92],[-75.88,36.56],[-75.95,36.72],[-76.0,36.56],[-76.06,36.6],[-76.05,36.56],[-79.14,36.55]]]]},"properties":{"name":"Virginia — 568 release authorisations","count":568}},{"type":"Feature","geometry":{"type":"Polygon","coordinates":[[[-89.11,36.95],[-89.21,36.58],[-89.36,36.63],[-89.47,36.45],[-89.49,36.56],[-89.57,36.54],[-89.52,36.36],[-89.62,36.33],[-89.54,36.26],[-89.69,36.25],[-89.59,36.13],[-89.72,36.0],[-90.38,35.99],[-90.05,36.3],[-90.15,36.49],[-94.62,36.49],[-94.6,39.14],[-94.82,39.21],[-94.9,39.38],[-95.1,39.53],[-94.96,39.73],[-94.88,39.74],[-94.94,39.78],[-94.89,39.82],[-94.94,39.9],[-95.1,39.87],[-95.41,40.05],[-95.38,40.1],[-95.48,40.23],[-95.65,40.31],[-95.66,40.56],[-95.74,40.53],[-95.77,40.59],[-91.74,40.61],[-91.45,40.37],[-91.52,40.13],[-91.37,39.72],[-90.78,39.3],[-90.63,38.88],[-90.41,38.96],[-90.11,38.83],[-90.2,38.72],[-90.18,38.61],[-90.36,38.37],[-90.36,38.23],[-89.96,37.96],[-89.94,37.88],[-89.85,37.91],[-89.52,37.69],[-89.53,37.57],[-89.43,37.41],[-89.51,37.28],[-89.38,37.05],[-89.28,37.0],[-89.26,37.09],[-89.11,36.95]]]},"properties":{"name":"Missouri — 2399 release authorisations","count":2399}},{"type":"Feature","geometry":{"type":"Polygon","coordinates":[[[-114.52,33.03],[-114.71,33.1],[-114.68,33.27],[-114.74,33.31],[-114.72,33.41],[-114.65,33.42],[-114.53,33.56],[-114.52,33.97],[-114.41,34.1],[-114.13,34.27],[-114.18,34.37],[-114.38,34.46],[-114.47,34.71],[-114.63,34.88],[-114.64,35.12],[-114.56,35.22],[-114.67,35.52],[-114.66,35.88],[-114.73,36.09],[-114.38,36.15],[-114.23,36.02],[-114.13,36.04],[-114.04,36.22],[-114.04,37.0],[-109.05,37.0],[-109.05,31.34],[-111.07,31.34],[-114.82,32.49],[-114.81,32.62],[-114.71,32.74],[-114.57,32.74],[-114.46,32.85],[-114.52,33.03]]]},"properties":{"name":"Arizona — 766 release authorisations","count":766}},{"type":"Feature","geometry":{"type":"Polygon","coordinates":[[[-94.43,35.4],[-94.5,33.62],[-95.23,33.96],[-95.33,33.87],[-95.54,33.89],[-95.61,33.94],[-95.77,33.85],[-95.94,33.89],[-96.17,33.83],[-96.17,33.77],[-96.28,33.77],[-96.32,33.7],[-96.6,33.84],[-96.58,33.9],[-96.67,33.91],[-96.75,33.83],[-96.86,33.86],[-96.93,33.96],[-97.01,33.85],[-97.08,33.85],[-97.12,33.73],[-97.19,33.75],[-97.19,33.9],[-97.41,33.82],[-97.46,33.9],[-97.58,33.9],[-97.67,33.99],[-97.87,33.86],[-97.98,33.9],[-97.98,34.0],[-98.09,34.01],[-98.12,34.15],[-98.35,34.14],[-98.45,34.05],[-98.63,34.16],[-99.13,34.2],[-99.36,34.45],[-99.41,34.37],[-99.55,34.42],[-99.69,34.38],[-99.93,34.58],[-100.0,34.56],[-100.0,36.49],[-103.0,36.49],[-103.0,37.0],[-94.62,37.0],[-94.62,36.49],[-94.43,35.4]]]},"properties":{"name":"Oklahoma — 562 release authorisations","count":562}},{"type":"Feature","geometry":{"type":"MultiPolygon","coordinates":[[[[-75.52,35.28],[-75.53,35.77],[-75.46,35.62],[-75.53,35.23],[-75.75,35.19],[-75.52,35.28]]],[[[-75.74,36.05],[-75.88,36.56],[-75.54,35.79],[-75.74,36.05]]],[[[-83.11,35.0],[-84.32,34.99],[-84.29,35.21],[-84.04,35.27],[-84.01,35.41],[-83.88,35.51],[-83.51,35.56],[-83.14,35.76],[-82.99,35.77],[-82.9,35.95],[-82.81,35.92],[-82.64,36.05],[-82.55,35.96],[-82.31,36.12],[-82.02,36.13],[-81.91,36.29],[-81.71,36.33],[-81.74,36.39],[-81.67,36.59],[-76.05,36.56],[-76.09,36.5],[-75.95,36.37],[-75.93,36.42],[-75.8,36.07],[-75.94,36.29],[-76.01,36.32],[-75.98,36.17],[-76.18,36.32],[-76.14,36.15],[-76.3,36.21],[-76.28,36.11],[-76.59,36.01],[-76.69,36.05],[-76.73,36.16],[-76.69,36.29],[-76.92,36.39],[-76.71,36.27],[-76.76,36.14],[-76.69,35.99],[-76.74,35.94],[-76.09,35.96],[-76.03,35.92],[-76.04,35.68],[-76.17,35.7],[-76.1,35.66],[-76.02,35.67],[-75.99,35.89],[-75.82,35.92],[-75.75,35.87],[-75.73,35.67],[-75.78,35.58],[-75.89,35.63],[-76.18,35.34],[-76.5,35.42],[-76.53,35.45],[-76.45,35.55],[-76.52,35.58],[-76.49,35.54],[-76.64,35.52],[-76.63,35.44],[-76.71,35.41],[-77.1,35.55],[-76.98,35.44],[-76.51,35.25],[-76.64,35.17],[-76.6,35.14],[-76.68,35.02],[-76.85,34.98],[-76.94,35.07],[-77.11,35.07],[-77.0,35.05],[-76.91,34.94],[-76.65,34.91],[-76.67,34.97],[-76.44,35.02],[-76.42,34.95],[-76.31,34.95],[-76.62,34.72],[-77.05,34.7],[-77.15,34.76],[-77.16,34.66],[-77.75,34.31],[-77.89,34.07],[-77.96,34.19],[-77.96,33.99],[-78.03,33.91],[-78.58,33.88],[-79.67,34.8],[-80.8,34.82],[-80.79,34.94],[-80.93,35.1],[-81.04,35.04],[-81.05,35.15],[-82.39,35.21],[-83.11,35.0]]]]},"properties":{"name":"North Carolina — 1371 release authorisations","count":1371}},{"type":"Feature","geometry":{"type":"Polygon","coordinates":[[[-83.95,35.46],[-84.04,35.27],[-84.29,35.21],[-84.32,34.99],[-90.31,35.0],[-90.06,35.15],[-90.09,35.25],[-90.17,35.28],[-90.08,35.41],[-90.17,35.42],[-90.08,35.48],[-90.06,35.41],[-90.0,35.45],[-90.03,35.55],[-89.93,35.53],[-89.96,35.6],[-89.85,35.65],[-89.95,35.73],[-89.7,35.83],[-89.74,35.92],[-89.65,35.89],[-89.72,36.0],[-89.59,36.15],[-89.69,36.25],[-89.54,36.26],[-89.62,36.33],[-89.52,36.36],[-89.53,36.5],[-89.47,36.45],[-89.41,36.5],[-88.04,36.5],[-88.07,36.68],[-83.7,36.58],[-81.65,36.61],[-81.74,36.39],[-81.71,36.33],[-81.91,36.29],[-82.08,36.1],[-82.31,36.12],[-82.55,35.96],[-82.64,36.05],[-82.81,35.92],[-82.9,35.95],[-82.99,35.77],[-83.14,35.76],[-83.51,35.56],[-83.78,35.55],[-83.95,35.46]]]},"properties":{"name":"Tennessee — 1263 release authorisations","count":1263}},{"type":"Feature","geometry":{"type":"MultiPolygon","coordinates":[[[[-106.0,31.39],[-106.21,31.48],[-106.38,31.73],[-106.61,31.82],[-106.65,31.98],[-103.06,32.0],[-103.03,36.49],[-100.01,36.49],[-100.0,34.56],[-99.93,34.58],[-99.69,34.38],[-99.55,34.42],[-99.41,34.37],[-99.36,34.45],[-99.21,34.33],[-99.18,34.21],[-98.78,34.13],[-98.63,34.16],[-98.45,34.05],[-98.35,34.14],[-98.12,34.15],[-98.09,34.01],[-97.98,34.0],[-97.96,33.88],[-97.85,33.86],[-97.67,33.99],[-97.58,33.9],[-97.46,33.9],[-97.41,33.82],[-97.21,33.91],[-97.15,33.73],[-97.09,33.73],[-97.08,33.85],[-97.01,33.85],[-96.93,33.96],[-96.86,33.86],[-96.75,33.83],[-96.67,33.91],[-96.58,33.9],[-96.6,33.84],[-96.32,33.7],[-96.28,33.77],[-96.17,33.77],[-96.17,33.83],[-95.94,33.89],[-95.77,33.85],[-95.61,33.94],[-95.54,33.89],[-95.33,33.87],[-95.23,33.96],[-94.67,33.67],[-94.44,33.64],[-94.37,33.55],[-94.24,33.59],[-94.04,33.56],[-94.04,31.99],[-93.83,31.8],[-93.79,31.71],[-93.83,31.59],[-93.71,31.52],[-93.75,31.49],[-93.64,31.37],[-93.68,31.31],[-93.59,31.18],[-93.53,31.19],[-93.56,31.1],[-93.51,31.04],[-93.57,31.01],[-93.55,30.83],[-93.74,30.55],[-93.71,30.06],[-93.86,29.99],[-93.95,29.82],[-93.84,29.67],[-94.07,29.67],[-94.77,29.36],[-94.68,29.48],[-94.47,29.56],[-94.79,29.54],[-94.71,29.66],[-94.74,29.79],[-94.89,29.67],[-95.09,29.8],[-94.99,29.68],[-95.01,29.56],[-94.91,29.5],[-94.98,29.46],[-94.82,29.37],[-94.89,29.39],[-94.9,29.31],[-95.16,29.2],[-95.25,28.98],[-95.68,28.73],[-95.94,28.69],[-95.96,28.62],[-95.7,28.72],[-96.21,28.49],[-95.99,28.6],[-95.98,28.65],[-96.24,28.57],[-96.16,28.61],[-96.24,28.64],[-96.15,28.76],[-96.36,28.62],[-96.39,28.73],[-96.45,28.76],[-96.38,28.61],[-96.49,28.56],[-96.45,28.66],[-96.48,28.6],[-96.57,28.64],[-96.57,28.81],[-96.58,28.69],[-96.66,28.68],[-96.61,28.56],[-96.49,28.51],[-96.56,28.47],[-96.48,28.5],[-96.39,28.43],[-96.66,28.31],[-96.79,28.48],[-96.82,28.45],[-96.78,28.39],[-96.85,28.41],[-96.78,28.23],[-96.95,28.11],[-96.91,28.26],[-96.98,28.12],[-97.02,28.2],[-97.26,28.07],[-97.27,28.03],[-97.03,28.11],[-97.02,28.02],[-97.2,27.81],[-97.28,27.87],[-97.52,27.86],[-97.39,27.83],[-97.32,27.71],[-97.4,27.63],[-97.25,27.69],[-97.41,27.32],[-97.5,27.32],[-97.51,27.44],[-97.6,27.3],[-97.75,27.42],[-97.68,27.29],[-97.79,27.29],[-97.55,27.23],[-97.43,27.27],[-97.5,27.08],[-97.48,27.0],[-97.57,26.98],[-97.56,26.85],[-97.43,26.52],[-97.47,26.48],[-97.25,26.07],[-97.28,26.0],[-97.17,25.95],[-97.31,25.97],[-97.43,25.85],[-97.65,26.02],[-98.2,26.06],[-98.45,26.22],[-98.68,26.24],[-98.82,26.38],[-99.11,26.42],[-99.29,26.86],[-99.46,27.03],[-99.44,27.2],[-99.54,27.32],[-99.49,27.49],[-99.55,27.61],[-99.88,27.8],[-99.94,27.99],[-100.3,28.28],[-100.35,28.5],[-100.65,28.92],[-100.67,29.08],[-101.07,29.47],[-101.26,29.53],[-101.25,29.63],[-101.31,29.58],[-101.4,29.77],[-102.06,29.78],[-102.32,29.88],[-102.39,29.77],[-102.68,29.74],[-102.88,29.35],[-102.87,29.23],[-102.99,29.19],[-103.15,28.98],[-103.28,28.99],[-103.53,29.15],[-103.72,29.19],[-103.77,29.28],[-104.05,29.33],[-104.54,29.68],[-104.67,29.91],[-104.7,30.24],[-104.85,30.39],[-104.89,30.57],[-105.21,30.81],[-105.39,30.85],[-106.0,31.39]]],[[[-96.4,28.35],[-96.83,28.07],[-96.8,28.17],[-96.42,28.39],[-96.4,28.35]]],[[[-97.05,27.83],[-97.38,27.21],[-97.26,27.65],[-97.2,27.61],[-97.11,27.82],[-97.05,27.83]]],[[[-97.18,26.07],[-97.4,26.92],[-97.4,27.11],[-97.38,27.2],[-97.36,26.8],[-97.23,26.42],[-97.18,26.07]]]]},"properties":{"name":"Texas — 2617 release authorisations","count":2617}},{"type":"Feature","geometry":{"type":"Polygon","coordinates":[[[-109.05,31.34],[-109.05,37.0],[-103.0,37.0],[-103.06,32.0],[-106.62,32.0],[-106.61,31.82],[-106.54,31.79],[-108.2,31.79],[-108.21,31.34],[-109.05,31.34]]]},"properties":{"name":"New Mexico — 125 release authorisations","count":125}},{"type":"Feature","geometry":{"type":"Polygon","coordinates":[[[-85.05,32.13],[-85.14,31.85],[-85.04,31.55],[-85.1,31.2],[-85.0,31.0],[-87.6,31.0],[-87.62,30.85],[-87.4,30.67],[-87.45,30.53],[-87.41,30.44],[-87.47,30.36],[-87.59,30.28],[-88.0,30.23],[-87.76,30.3],[-87.9,30.42],[-87.91,30.62],[-88.02,30.74],[-88.14,30.34],[-88.4,30.39],[-88.47,31.89],[-88.09,34.9],[-88.19,35.01],[-85.61,34.99],[-85.18,32.87],[-84.97,32.43],[-85.01,32.33],[-84.89,32.27],[-85.05,32.13]]]},"properties":{"name":"Alabama — 653 release authorisations","count":653}},{"type":"Feature","geometry":{"type":"Polygon","coordinates":[[[-88.44,32.23],[-88.4,30.35],[-88.46,30.33],[-88.87,30.43],[-89.28,30.31],[-89.27,30.37],[-89.34,30.38],[-89.32,30.32],[-89.44,30.2],[-89.57,30.19],[-89.85,30.67],[-89.73,31.01],[-91.63,31.0],[-91.55,31.06],[-91.64,31.27],[-91.5,31.3],[-91.57,31.42],[-91.48,31.38],[-91.51,31.53],[-91.4,31.59],[-91.51,31.64],[-91.41,31.63],[-91.37,31.75],[-91.26,31.76],[-91.37,31.77],[-91.33,31.84],[-91.25,31.82],[-91.16,31.99],[-91.07,32.02],[-91.15,32.09],[-91.07,32.06],[-91.01,32.13],[-91.05,32.18],[-91.05,32.13],[-91.16,32.14],[-91.16,32.21],[-90.98,32.22],[-90.98,32.3],[-90.92,32.31],[-90.88,32.38],[-90.98,32.36],[-90.97,32.44],[-91.12,32.5],[-91.09,32.55],[-90.99,32.5],[-91.07,32.56],[-91.0,32.63],[-91.11,32.6],[-91.15,32.64],[-91.06,32.72],[-91.16,32.76],[-91.08,32.95],[-91.11,32.99],[-91.2,32.91],[-91.12,33.07],[-91.2,33.14],[-91.1,33.15],[-91.04,33.28],[-91.1,33.25],[-91.14,33.32],[-91.06,33.46],[-91.14,33.39],[-91.2,33.41],[-91.13,33.49],[-91.23,33.44],[-91.18,33.51],[-91.23,33.59],[-91.15,33.62],[-91.21,33.71],[-91.04,33.68],[-91.14,33.72],[-91.14,33.78],[-90.98,33.79],[-91.09,33.99],[-90.96,33.97],[-90.87,34.1],[-90.95,34.16],[-90.81,34.17],[-90.93,34.25],[-90.86,34.22],[-90.81,34.3],[-90.76,34.28],[-90.76,34.37],[-90.66,34.33],[-90.53,34.56],[-90.59,34.63],[-90.56,34.7],[-90.54,34.64],[-90.47,34.67],[-90.55,34.79],[-90.49,34.73],[-90.47,34.88],[-90.3,34.85],[-90.24,34.94],[-90.31,35.0],[-88.19,35.0],[-88.09,34.9],[-88.44,32.23]]]},"properties":{"name":"Mississippi — 1500 release authorisations","count":1500}},{"type":"Feature","geometry":{"type":"MultiPolygon","coordinates":[[[[-85.13,31.78],[-85.05,32.13],[-84.89,32.27],[-85.01,32.33],[-84.97,32.43],[-85.18,32.87],[-85.61,34.99],[-83.11,35.0],[-83.11,34.94],[-83.32,34.79],[-83.34,34.68],[-83.05,34.49],[-82.87,34.46],[-82.58,33.96],[-81.94,33.47],[-81.94,33.35],[-81.84,33.31],[-81.85,33.24],[-81.49,33.0],[-81.41,32.63],[-81.2,32.46],[-81.12,32.12],[-80.89,32.01],[-80.97,31.89],[-81.14,31.86],[-81.2,31.93],[-81.28,31.95],[-81.24,31.89],[-81.04,31.82],[-81.14,31.73],[-81.17,31.8],[-81.18,31.74],[-81.29,31.8],[-81.13,31.65],[-81.19,31.6],[-81.24,31.64],[-81.21,31.47],[-81.41,31.31],[-81.39,31.26],[-81.3,31.28],[-81.38,31.15],[-81.53,31.13],[-81.48,31.04],[-81.54,31.08],[-81.5,30.76],[-81.54,30.71],[-81.9,30.83],[-82.02,30.79],[-82.05,30.36],[-82.18,30.37],[-82.22,30.57],[-84.86,30.71],[-85.1,31.2],[-85.04,31.55],[-85.13,31.78]]]]},"properties":{"name":"Georgia — 1578 release authorisations","count":1578}},{"type":"Feature","geometry":{"type":"MultiPolygon","coordinates":[[[[-81.49,33.0],[-81.94,33.35],[-81.94,33.47],[-82.58,33.96],[-82.87,34.46],[-83.05,34.49],[-83.34,34.68],[-83.32,34.79],[-83.11,34.94],[-83.11,35.0],[-82.39,35.21],[-81.05,35.15],[-81.04,35.04],[-80.93,35.1],[-80.79,34.94],[-80.8,34.82],[-79.67,34.8],[-78.58,33.88],[-79.0,33.57],[-79.15,33.32],[-79.27,33.3],[-79.23,33.14],[-79.35,33.15],[-79.29,33.1],[-79.41,33.01],[-79.58,33.02],[-79.61,32.9],[-79.75,32.79],[-79.91,32.79],[-79.8,32.93],[-79.91,32.86],[-79.96,32.9],[-79.9,32.68],[-80.0,32.61],[-80.35,32.51],[-80.42,32.67],[-80.4,32.5],[-80.55,32.56],[-80.54,32.51],[-80.65,32.52],[-80.49,32.43],[-80.46,32.32],[-80.68,32.29],[-80.78,32.51],[-80.87,32.53],[-80.78,32.25],[-80.89,32.07],[-81.12,32.12],[-81.2,32.46],[-81.41,32.63],[-81.49,33.0]]]]},"properties":{"name":"South Carolina — 980 release authorisations","count":980}},{"type":"Feature","geometry":{"type":"Polygon","coordinates":[[[-94.48,33.63],[-94.43,35.4],[-94.62,36.49],[-90.15,36.49],[-90.05,36.3],[-90.38,35.99],[-89.72,36.0],[-89.65,35.91],[-89.74,35.92],[-89.7,35.83],[-89.95,35.73],[-89.85,35.65],[-89.96,35.6],[-89.93,35.53],[-90.04,35.54],[-90.0,35.45],[-90.06,35.41],[-90.08,35.48],[-90.17,35.42],[-90.08,35.41],[-90.17,35.28],[-90.09,35.25],[-90.06,35.15],[-90.16,35.13],[-90.2,35.04],[-90.29,35.05],[-90.24,34.94],[-90.3,34.85],[-90.47,34.88],[-90.49,34.73],[-90.55,34.79],[-90.47,34.67],[-90.54,34.64],[-90.56,34.7],[-90.59,34.63],[-90.53,34.56],[-90.58,34.43],[-90.68,34.32],[-90.69,34.38],[-90.76,34.37],[-90.76,34.28],[-90.81,34.3],[-90.83,34.23],[-90.93,34.25],[-90.81,34.17],[-90.95,34.16],[-90.87,34.1],[-90.96,33.97],[-91.09,33.99],[-90.98,33.79],[-91.14,33.78],[-91.13,33.71],[-91.04,33.71],[-91.08,33.66],[-91.21,33.71],[-91.15,33.62],[-91.23,33.59],[-91.18,33.51],[-91.23,33.44],[-91.13,33.49],[-91.2,33.41],[-91.14,33.39],[-91.06,33.46],[-91.14,33.32],[-91.1,33.25],[-91.04,33.28],[-91.1,33.15],[-91.2,33.14],[-91.12,33.07],[-91.16,33.01],[-94.04,33.02],[-94.04,33.56],[-94.24,33.59],[-94.37,33.55],[-94.48,33.63]]]},"properties":{"name":"Arkansas — 1394 release authorisations","count":1394}},{"type":"Feature","geometry":{"type":"MultiPolygon","coordinates":[[[[-93.68,30.15],[-93.76,30.34],[-93.7,30.44],[-93.74,30.55],[-93.55,30.83],[-93.57,31.01],[-93.51,31.04],[-93.56,31.1],[-93.53,31.19],[-93.59,31.18],[-93.68,31.31],[-93.64,31.37],[-93.75,31.49],[-93.71,31.52],[-93.83,31.59],[-93.79,31.71],[-93.83,31.8],[-94.04,31.99],[-94.04,33.02],[-91.16,33.01],[-91.2,32.91],[-91.11,32.99],[-91.08,32.95],[-91.16,32.76],[-91.06,32.72],[-91.15,32.64],[-91.11,32.6],[-91.0,32.63],[-91.07,32.56],[-90.99,32.5],[-91.09,32.55],[-91.12,32.5],[-90.97,32.44],[-90.98,32.36],[-90.88,32.38],[-90.98,32.3],[-90.98,32.22],[-91.16,32.21],[-91.16,32.14],[-91.05,32.13],[-91.05,32.18],[-91.01,32.13],[-91.07,32.06],[-91.15,32.09],[-91.07,32.02],[-91.16,31.99],[-91.25,31.82],[-91.33,31.84],[-91.37,31.77],[-91.26,31.76],[-91.37,31.75],[-91.41,31.63],[-91.51,31.64],[-91.4,31.59],[-91.51,31.53],[-91.48,31.38],[-91.57,31.42],[-91.5,31.3],[-91.64,31.27],[-91.55,31.06],[-91.63,31.0],[-89.72,31.0],[-89.85,30.67],[-89.57,30.19],[-89.73,30.18],[-90.08,30.37],[-90.24,30.38],[-90.42,30.19],[-90.4,30.09],[-90.11,30.04],[-89.99,30.05],[-89.89,30.16],[-89.8,30.11],[-89.67,30.16],[-89.72,30.06],[-89.85,30.01],[-89.63,29.88],[-89.57,30.01],[-89.44,30.04],[-89.45,29.99],[-89.38,29.95],[-89.43,29.94],[-89.42,29.83],[-89.36,29.8],[-89.48,29.83],[-89.54,29.75],[-89.65,29.77],[-89.48,29.64],[-89.68,29.7],[-89.64,29.63],[-89.77,29.61],[-89.54,29.47],[-89.54,29.4],[-89.38,29.4],[-89.26,29.3],[-89.19,29.35],[-89.12,29.21],[-89.03,29.22],[-89.1,29.16],[-89.02,29.15],[-89.06,29.09],[-89.13,29.14],[-89.14,29.02],[-89.24,29.12],[-89.39,28.94],[-89.26,29.15],[-89.32,29.18],[-89.39,29.1],[-89.46,29.26],[-89.62,29.28],[-89.61,29.33],[-89.79,29.32],[-89.75,29.37],[-89.82,29.48],[-89.97,29.47],[-90.14,29.53],[-90.15,29.6],[-90.21,29.54],[-90.17,29.5],[-90.04,29.45],[-90.03,29.31],[-90.11,29.32],[-90.04,29.22],[-90.08,29.18],[-90.23,29.1],[-90.24,29.25],[-90.35,29.31],[-90.4,29.27],[-90.45,29.35],[-90.61,29.31],[-90.58,29.26],[-90.65,29.25],[-90.68,29.14],[-90.84,29.18],[-90.88,29.14],[-90.92,29.18],[-90.82,29.26],[-90.94,29.34],[-91.08,29.36],[-91.1,29.31],[-91.26,29.49],[-91.55,29.53],[-91.55,29.64],[-91.64,29.64],[-91.62,29.77],[-91.86,29.73],[-91.83,29.84],[-91.97,29.84],[-92.14,29.73],[-92.13,29.77],[-92.2,29.76],[-92.06,29.61],[-92.3,29.54],[-93.23,29.79],[-93.8,29.73],[-93.9,29.81],[-93.79,29.85],[-93.68,30.15]]],[[[-92.02,29.6],[-91.9,29.65],[-91.7,29.58],[-91.76,29.49],[-91.85,29.49],[-92.02,29.6]]]]},"properties":{"name":"Louisiana — 702 release authorisations","count":702}},{"type":"Feature","geometry":{"type":"MultiPolygon","coordinates":[[[[-81.32,29.83],[-80.76,28.74],[-80.85,28.79],[-80.75,28.4],[-80.19,27.19],[-80.22,27.22],[-80.33,27.25],[-80.22,27.2],[-80.09,26.97],[-80.08,26.33],[-80.13,25.98],[-80.42,25.19],[-81.12,25.13],[-81.18,25.27],[-81.14,25.32],[-81.01,25.21],[-80.92,25.25],[-81.14,25.4],[-81.26,25.8],[-81.72,25.92],[-81.86,26.44],[-81.97,26.52],[-81.77,26.71],[-82.02,26.52],[-82.1,26.92],[-81.99,26.96],[-81.98,27.03],[-82.15,26.94],[-82.28,27.02],[-82.15,26.79],[-82.29,26.85],[-82.57,27.27],[-82.57,27.39],[-82.69,27.47],[-82.64,27.5],[-82.68,27.52],[-82.49,27.48],[-82.51,27.51],[-82.43,27.52],[-82.64,27.54],[-82.57,27.55],[-82.63,27.56],[-82.4,27.79],[-82.4,27.91],[-82.46,27.94],[-82.51,27.83],[-82.54,27.94],[-82.7,28.05],[-82.7,27.98],[-82.64,27.97],[-82.73,27.94],[-82.56,27.88],[-82.68,27.71],[-82.79,27.83],[-82.74,27.69],[-82.84,27.85],[-82.64,28.69],[-82.68,28.81],[-82.64,28.88],[-82.8,29.16],[-83.04,29.18],[-83.14,29.3],[-83.11,29.33],[-83.38,29.52],[-83.4,29.67],[-83.55,29.74],[-83.65,29.91],[-83.97,30.08],[-84.23,30.11],[-84.35,30.07],[-84.36,29.98],[-84.44,29.99],[-84.35,29.91],[-84.46,29.93],[-84.86,29.75],[-85.36,29.68],[-85.41,29.78],[-85.41,29.86],[-85.36,29.69],[-85.31,29.7],[-85.3,29.81],[-85.63,30.09],[-85.47,30.02],[-85.4,30.06],[-85.71,30.18],[-85.57,30.31],[-85.85,30.28],[-85.73,30.13],[-85.99,30.27],[-86.51,30.41],[-86.11,30.39],[-86.22,30.49],[-86.45,30.5],[-86.61,30.42],[-86.79,30.42],[-87.19,30.36],[-86.93,30.46],[-87.01,30.51],[-86.99,30.59],[-87.07,30.45],[-87.17,30.56],[-87.16,30.47],[-87.27,30.36],[-87.42,30.32],[-87.35,30.43],[-87.45,30.53],[-87.4,30.67],[-87.62,30.85],[-87.6,31.0],[-85.0,31.0],[-84.86,30.71],[-82.22,30.57],[-82.16,30.36],[-82.04,30.38],[-82.02,30.79],[-81.9,30.83],[-81.53,30.72],[-81.32,29.83]]],[[[-80.73,28.78],[-80.58,28.59],[-80.53,28.46],[-80.59,28.41],[-80.6,28.6],[-80.78,28.62],[-80.75,28.74],[-80.64,28.66],[-80.73,28.78]]]]},"properties":{"name":"Florida — 2425 release authorisations","count":2425}},{"type":"Feature","geometry":{"type":"MultiPolygon","coordinates":[[[[-86.83,41.77],[-86.62,41.91],[-86.28,42.42],[-86.22,42.77],[-86.27,43.12],[-86.54,43.66],[-86.4,43.77],[-86.52,44.05],[-86.27,44.35],[-86.26,44.7],[-86.11,44.73],[-86.07,44.9],[-85.8,44.99],[-85.61,45.2],[-85.57,45.18],[-85.65,44.96],[-85.64,44.78],[-85.53,44.76],[-85.38,45.01],[-85.37,45.27],[-84.92,45.41],[-85.08,45.46],[-85.12,45.57],[-84.97,45.74],[-84.72,45.78],[-84.47,45.65],[-84.21,45.63],[-84.11,45.5],[-83.5,45.36],[-83.39,45.27],[-83.31,45.1],[-83.46,45.0],[-83.32,44.86],[-83.28,44.7],[-83.36,44.34],[-83.53,44.26],[-83.6,44.07],[-83.92,43.92],[-83.94,43.7],[-83.65,43.61],[-83.49,43.7],[-83.33,43.94],[-82.94,44.07],[-82.81,44.03],[-82.62,43.79],[-82.42,42.97],[-82.52,42.63],[-82.73,42.68],[-82.82,42.64],[-82.93,42.36],[-83.11,42.29],[-83.19,42.03],[-83.48,41.73],[-84.79,41.7],[-84.79,41.76],[-86.83,41.77]]],[[[-83.89,45.97],[-83.67,46.04],[-83.73,46.08],[-83.65,46.1],[-83.47,45.99],[-83.58,45.92],[-83.8,45.94],[-83.89,45.97]]],[[[-85.66,45.97],[-85.92,45.92],[-86.26,45.95],[-86.63,45.62],[-86.7,45.69],[-86.58,45.81],[-86.76,45.83],[-86.9,45.71],[-87.12,45.7],[-87.59,45.11],[-87.74,45.2],[-87.64,45.36],[-87.88,45.37],[-87.79,45.5],[-87.83,45.57],[-87.78,45.68],[-88.13,45.82],[-88.07,45.87],[-88.09,45.92],[-88.8,46.03],[-89.1,46.15],[-90.11,46.34],[-90.21,46.51],[-90.41,46.57],[-90.02,46.68],[-89.79,46.82],[-89.39,46.85],[-89.13,47.0],[-88.99,47.0],[-88.63,47.23],[-88.62,47.13],[-88.51,47.11],[-88.44,46.99],[-88.45,46.8],[-88.18,46.95],[-88.19,46.9],[-87.9,46.91],[-87.66,46.84],[-87.37,46.51],[-87.01,46.54],[-86.87,46.44],[-86.76,46.49],[-86.64,46.42],[-86.46,46.56],[-86.15,46.67],[-85.5,46.67],[-84.95,46.77],[-85.03,46.69],[-85.02,46.48],[-84.63,46.48],[-84.57,46.41],[-84.31,46.49],[-84.18,46.25],[-84.27,46.21],[-84.25,46.17],[-84.12,46.18],[-83.9,46.01],[-83.91,45.96],[-84.5,45.98],[-84.69,46.04],[-84.73,45.86],[-85.06,46.02],[-85.38,46.1],[-85.51,46.1],[-85.66,45.97]]],[[[-88.6,47.24],[-88.21,47.45],[-87.79,47.47],[-87.7,47.42],[-88.22,47.2],[-88.41,46.99],[-88.47,47.11],[-88.59,47.13],[-88.6,47.24]]],[[[-88.5,48.17],[-88.63,48.03],[-88.9,47.96],[-89.03,47.85],[-89.19,47.84],[-89.16,47.94],[-88.5,48.17]]]]},"properties":{"name":"Michigan — 1111 release authorisations","count":1111}},{"type":"Feature","geometry":{"type":"MultiPolygon","coordinates":[[[[-141.006,69.651],[-140.995,60.304],[-140.534,60.219],[-140.424,60.293],[-140.016,60.187],[-139.68,60.327],[-139.079,60.341],[-139.073,60.3],[-139.182,60.073],[-139.004,59.977],[-138.705,59.898],[-138.599,59.754],[-137.611,59.239],[-137.484,58.992],[-137.509,58.915],[-137.487,58.9],[-136.841,59.148],[-136.569,59.172],[-136.467,59.288],[-136.468,59.462],[-136.32,59.459],[-136.245,59.528],[-136.35,59.592],[-135.924,59.667],[-135.483,59.792],[-135.26,59.698],[-135.019,59.559],[-135.023,59.477],[-135.096,59.419],[-134.993,59.382],[-135.016,59.336],[-134.958,59.281],[-134.692,59.235],[-134.611,59.145],[-134.451,59.098],[-134.387,59.037],[-134.399,58.975],[-134.33,58.963],[-134.317,58.904],[-134.222,58.843],[-133.831,58.718],[-133.626,58.546],[-133.392,58.404],[-133.43,58.372],[-133.415,58.331],[-133.166,58.147],[-133.075,58.008],[-132.231,57.197],[-132.341,57.08],[-132.032,57.028],[-132.107,56.859],[-131.872,56.793],[-131.886,56.737],[-131.83,56.665],[-131.826,56.593],[-131.56,56.594],[-131.101,56.408],[-130.76,56.345],[-130.646,56.262],[-130.472,56.225],[-130.404,56.122],[-130.072,56.084],[-130.019,56.002],[-130.02,55.908],[-130.174,55.749],[-130.126,55.654],[-130.147,55.547],[-130.058,55.435],[-130.05,55.345],[-129.989,55.284],[-130.1,55.23],[-130.365,54.907],[-130.605,54.802],[-130.561,54.851],[-130.585,54.852],[-130.691,54.763],[-130.729,54.784],[-130.678,54.815],[-130.753,54.969],[-130.745,54.822],[-130.777,54.832],[-130.832,54.765],[-130.934,54.824],[-130.962,54.928],[-130.94,54.959],[-131.009,54.998],[-130.971,55.061],[-130.832,55.105],[-130.811,55.079],[-130.72,55.081],[-130.462,55.332],[-130.553,55.288],[-130.615,55.2],[-130.76,55.097],[-130.791,55.099],[-130.811,55.147],[-130.971,55.085],[-131.057,55.126],[-131.058,55.199],[-130.925,55.294],[-130.612,55.297],[-130.669,55.329],[-130.656,55.352],[-130.726,55.315],[-130.862,55.312],[-130.873,55.623],[-130.907,55.682],[-130.887,55.709],[-130.962,55.783],[-130.92,55.81],[-131.013,55.818],[-131.196,55.971],[-131.044,56.058],[-131.079,56.058],[-131.01,56.113],[-131.342,55.961],[-131.414,56.01],[-131.736,55.887],[-131.915,55.859],[-131.778,55.825],[-131.764,55.797],[-131.808,55.729],[-131.867,55.729],[-131.828,55.668],[-131.881,55.599],[-132.004,55.668],[-131.929,55.589],[-131.949,55.592],[-131.928,55.53],[-131.961,55.501],[-132.172,55.589],[-132.266,55.756],[-132.168,55.723],[-132.169,55.802],[-132.046,55.817],[-132.086,55.846],[-132.036,55.894],[-132.057,55.945],[-131.95,55.972],[-131.963,56.157],[-131.814,56.196],[-131.579,56.179],[-131.489,56.222],[-131.614,56.205],[-131.908,56.233],[-131.98,56.366],[-132.161,56.38],[-132.203,56.471],[-132.345,56.529],[-132.35,56.579],[-132.305,56.64],[-132.477,56.604],[-132.54,56.631],[-132.522,56.675],[-132.457,56.675],[-132.531,56.709],[-132.412,56.809],[-132.36,56.818],[-132.399,56.825],[-132.515,56.755],[-132.761,56.846],[-132.922,56.983],[-132.768,56.97],[-132.81,57.056],[-132.795,57.093],[-132.878,57.021],[-133.165,57.086],[-133.121,57.144],[-133.168,57.17],[-133.175,57.141],[-133.211,57.142],[-133.236,57.174],[-133.266,57.113],[-133.317,57.102],[-133.552,57.181],[-133.489,57.221],[-133.505,57.251],[-133.472,57.282],[-133.255,57.281],[-133.058,57.332],[-133.038,57.367],[-133.224,57.319],[-133.42,57.344],[-133.456,57.381],[-133.345,57.405],[-133.336,57.438],[-133.454,57.432],[-133.5,57.476],[-133.497,57.532],[-133.313,57.593],[-133.591,57.575],[-133.659,57.621],[-133.648,57.703],[-133.566,57.716],[-133.168,57.579],[-133.046,57.504],[-133.004,57.518],[-133.082,57.537],[-133.162,57.627],[-133.529,57.751],[-133.552,57.915],[-133.124,57.857],[-133.206,57.895],[-133.554,57.929],[-133.593,57.858],[-133.635,57.888],[-133.635,57.805],[-133.686,57.791],[-133.861,57.957],[-133.775,57.989],[-133.691,57.942],[-133.669,58.018],[-133.755,58.03],[-133.765,58.062],[-133.682,58.155],[-133.758,58.135],[-133.749,58.106],[-133.81,58.045],[-133.799,58.011],[-133.864,57.987],[-133.929,57.99],[-134.06,58.072],[-134.073,58.113],[-134.045,58.127],[-134.086,58.196],[-134.067,58.285],[-133.982,58.316],[-134.005,58.409],[-133.952,58.433],[-133.92,58.498],[-133.772,58.525],[-133.977,58.505],[-133.975,58.45],[-134.073,58.422],[-134.053,58.367],[-134.142,58.306],[-134.101,58.248],[-134.158,58.204],[-134.242,58.214],[-134.498,58.354],[-134.756,58.382],[-134.783,58.493],[-134.991,58.683],[-134.916,58.656],[-134.95,58.82],[-135.026,58.793],[-135.026,58.738],[-135.149,58.844],[-135.129,58.895],[-135.23,59.126],[-135.362,59.271],[-135.348,59.471],[-135.414,59.301],[-135.554,59.32],[-135.36,59.214],[-135.307,59.087],[-135.378,59.124],[-135.423,59.205],[-135.554,59.23],[-135.375,59.087],[-135.386,58.954],[-135.321,58.916],[-135.331,58.878],[-135.231,58.772],[-135.241,58.73],[-135.163,58.635],[-135.226,58.612],[-135.057,58.352],[-135.094,58.237],[-135.173,58.219],[-135.35,58.277],[-135.485,58.484],[-135.514,58.466],[-135.464,58.412],[-135.478,58.374],[-135.628,58.426],[-135.909,58.381],[-135.876,58.463],[-135.95,58.456],[-135.95,58.463],[-135.848,58.47],[-135.845,58.547],[-135.89,58.58],[-135.821,58.6],[-135.887,58.613],[-136.074,58.813],[-135.93,58.882],[-135.759,58.888],[-135.773,58.905],[-135.964,58.923],[-135.93,58.902],[-136.047,58.861],[-136.033,58.923],[-136.115,59.026],[-136.157,59.038],[-136.141,58.955],[-136.225,58.923],[-136.118,58.933],[-136.1,58.854],[-136.14,58.782],[-136.21,58.751],[-136.382,58.806],[-136.26,58.826],[-136.475,58.837],[-136.508,58.904],[-136.492,58.971],[-136.574,58.916],[-136.712,59.026],[-136.608,58.908],[-136.633,58.892],[-137.059,59.064],[-136.904,58.932],[-137.013,58.923],[-137.13,58.826],[-136.995,58.893],[-136.842,58.883],[-136.8,58.84],[-136.739,58.874],[-136.588,58.848],[-136.485,58.8],[-136.54,58.772],[-136.65,58.82],[-136.574,58.779],[-136.616,58.772],[-136.523,58.748],[-136.516,58.702],[-136.438,58.669],[-136.492,58.749],[-136.343,58.692],[-136.526,58.614],[-136.475,58.593],[-136.401,58.626],[-136.328,58.6],[-136.352,58.638],[-136.302,58.629],[-136.293,58.669],[-136.183,58.614],[-136.211,58.6],[-136.178,58.573],[-136.128,58.571],[-136.163,58.526],[-136.211,58.525],[-136.083,58.516],[-136.027,58.388],[-136.076,58.346],[-136.273,58.313],[-136.272,58.36],[-136.328,58.409],[-136.343,58.376],[-136.506,58.443],[-136.5,58.385],[-136.561,58.374],[-136.48,58.347],[-136.473,58.385],[-136.41,58.379],[-136.366,58.352],[-136.371,58.3],[-136.621,58.354],[-136.657,58.34],[-136.561,58.258],[-136.598,58.223],[-136.665,58.22],[-136.711,58.269],[-136.677,58.306],[-136.849,58.327],[-136.827,58.347],[-136.861,58.382],[-136.89,58.35],[-136.947,58.401],[-137.112,58.395],[-137.631,58.606],[-137.438,58.656],[-137.479,58.683],[-137.671,58.633],[-137.705,58.686],[-137.926,58.796],[-137.924,58.847],[-137.984,58.92],[-138.288,59.081],[-138.61,59.128],[-138.507,59.125],[-138.449,59.192],[-138.654,59.164],[-138.63,59.142],[-138.982,59.275],[-139.206,59.32],[-139.117,59.313],[-139.234,59.348],[-139.24,59.381],[-139.304,59.351],[-139.446,59.388],[-139.508,59.416],[-139.389,59.382],[-139.323,59.395],[-139.463,59.412],[-139.857,59.546],[-139.734,59.552],[-139.679,59.595],[-139.645,59.573],[-139.48,59.704],[-139.562,59.772],[-139.621,59.89],[-139.473,59.994],[-139.305,59.865],[-139.342,59.72],[-139.267,59.621],[-139.343,59.601],[-139.29,59.576],[-139.226,59.621],[-139.292,59.743],[-139.263,59.786],[-139.28,59.834],[-139.036,59.847],[-138.945,59.807],[-138.897,59.813],[-139.028,59.862],[-139.239,59.878],[-139.521,60.051],[-139.58,60.007],[-139.585,59.955],[-139.706,59.922],[-139.849,59.819],[-140.323,59.701],[-140.763,59.728],[-141.454,59.882],[-141.458,59.917],[-141.412,59.93],[-141.454,59.903],[-141.413,59.9],[-141.267,59.956],[-141.268,60.029],[-141.31,60.066],[-141.282,60.066],[-141.38,60.114],[-141.378,60.142],[-141.478,60.111],[-141.393,60.022],[-141.673,59.961],[-141.969,60.028],[-142.798,60.112],[-143.61,60.049],[-143.919,59.997],[-144.25,60.032],[-144.003,60.04],[-144.253,60.155],[-144.196,60.206],[-144.449,60.176],[-144.491,60.216],[-144.571,60.191],[-144.688,60.225],[-144.64,60.217],[-144.77,60.303],[-144.942,60.307],[-144.887,60.355],[-144.912,60.387],[-144.838,60.402],[-144.861,60.419],[-144.791,60.465],[-144.798,60.499],[-144.853,60.47],[-144.887,60.485],[-144.832,60.526],[-144.761,60.673],[-144.661,60.66],[-144.618,60.68],[-144.623,60.717],[-144.756,60.684],[-144.893,60.567],[-145.02,60.526],[-145.114,60.429],[-145.27,60.357],[-145.403,60.366],[-145.573,60.451],[-145.939,60.456],[-145.772,60.542],[-145.629,60.679],[-145.845,60.621],[-145.88,60.629],[-145.805,60.663],[-145.88,60.663],[-145.839,60.698],[-146.004,60.636],[-145.914,60.704],[-145.939,60.708],[-146.198,60.637],[-146.263,60.654],[-146.026,60.745],[-146.043,60.801],[-146.141,60.745],[-146.209,60.761],[-146.264,60.725],[-146.312,60.745],[-146.284,60.78],[-146.482,60.687],[-146.644,60.698],[-146.696,60.745],[-146.627,60.731],[-146.607,60.767],[-146.507,60.744],[-146.492,60.761],[-146.538,60.773],[-146.195,60.821],[-146.226,60.85],[-146.093,60.841],[-146.223,60.893],[-146.358,60.822],[-146.402,60.821],[-146.387,60.848],[-146.511,60.819],[-146.567,60.854],[-146.628,60.827],[-146.611,60.877],[-146.703,60.889],[-146.753,60.955],[-146.586,60.945],[-146.7,60.977],[-146.662,61.04],[-146.57,61.031],[-146.648,61.074],[-146.236,61.094],[-146.278,61.123],[-146.609,61.131],[-146.977,60.946],[-147.032,60.958],[-146.984,61.006],[-147.059,60.978],[-147.047,61.01],[-147.101,61.015],[-147.165,60.951],[-147.199,60.962],[-147.205,61.015],[-147.288,61.007],[-147.257,60.938],[-147.365,60.891],[-147.383,60.914],[-147.45,60.903],[-147.381,60.986],[-147.45,60.958],[-147.423,61.012],[-147.469,61.0],[-147.542,60.913],[-147.532,61.054],[-147.484,61.074],[-147.527,61.125],[-147.511,61.15],[-147.561,61.156],[-147.582,61.059],[-147.665,61.015],[-147.607,61.003],[-147.634,60.975],[-147.604,60.961],[-147.599,60.869],[-147.682,60.865],[-147.666,60.9],[-147.73,60.889],[-147.703,60.951],[-147.786,60.93],[-147.77,60.911],[-147.813,60.876],[-147.755,60.841],[-147.87,60.838],[-147.938,60.909],[-148.05,60.95],[-147.957,61.012],[-147.918,61.094],[-147.702,61.213],[-147.765,61.218],[-147.73,61.28],[-148.049,61.027],[-148.086,61.031],[-148.146,61.118],[-148.409,61.06],[-148.361,61.047],[-148.45,60.992],[-148.228,61.071],[-148.149,61.06],[-148.252,60.955],[-148.333,60.971],[-148.281,60.921],[-148.307,60.853],[-148.396,60.862],[-148.333,60.819],[-148.523,60.84],[-148.704,60.793],[-148.45,60.8],[-148.611,60.763],[-148.704,60.684],[-148.667,60.675],[-148.53,60.757],[-148.375,60.78],[-148.361,60.745],[-148.402,60.725],[-148.43,60.629],[-148.231,60.773],[-148.255,60.719],[-148.197,60.629],[-148.337,60.541],[-148.488,60.582],[-148.69,60.457],[-148.47,60.546],[-148.342,60.507],[-148.348,60.481],[-148.277,60.495],[-148.264,60.451],[-148.238,60.457],[-148.234,60.522],[-148.185,60.558],[-148.19,60.506],[-148.166,60.502],[-148.141,60.58],[-148.084,60.605],[-148.046,60.574],[-148.067,60.539],[-148.012,60.548],[-147.96,60.513],[-147.985,60.462],[-147.936,60.461],[-148.037,60.404],[-148.182,60.416],[-148.142,60.355],[-148.255,60.379],[-148.26,60.349],[-148.217,60.348],[-148.241,60.298],[-148.33,60.259],[-148.391,60.277],[-148.371,60.228],[-148.443,60.184],[-148.226,60.26],[-148.19,60.245],[-148.265,60.232],[-148.19,60.211],[-148.21,60.156],[-148.141,60.232],[-148.1,60.221],[-148.189,60.135],[-148.279,60.127],[-148.286,60.163],[-148.333,60.17],[-148.388,60.058],[-148.443,60.032],[-148.402,60.016],[-148.435,59.959],[-148.546,60.032],[-148.548,59.97],[-148.646,59.923],[-148.665,59.956],[-148.875,59.937],[-148.951,59.978],[-149.107,59.969],[-149.121,59.991],[-149.039,60.053],[-149.103,60.058],[-149.2,60.008],[-149.231,59.916],[-149.286,59.875],[-149.327,59.998],[-149.293,60.012],[-149.341,60.022],[-149.363,60.111],[-149.409,60.124],[-149.444,60.063],[-149.389,59.998],[-149.444,59.978],[-149.458,59.937],[-149.564,59.909],[-149.628,59.828],[-149.54,59.787],[-149.527,59.718],[-149.636,59.745],[-149.595,59.772],[-149.672,59.817],[-149.65,59.912],[-149.725,59.964],[-149.766,59.84],[-149.868,59.848],[-149.769,59.787],[-149.746,59.667],[-149.92,59.779],[-150.032,59.799],[-150.041,59.776],[-149.916,59.718],[-150.013,59.628],[-150.119,59.7],[-150.088,59.595],[-150.198,59.587],[-150.177,59.532],[-150.237,59.534],[-150.245,59.498],[-150.348,59.47],[-150.383,59.498],[-150.335,59.518],[-150.355,59.546],[-150.303,59.57],[-150.224,59.715],[-150.279,59.692],[-150.479,59.467],[-150.553,59.536],[-150.493,59.601],[-150.657,59.552],[-150.581,59.498],[-150.636,59.463],[-150.609,59.439],[-150.729,59.422],[-150.755,59.382],[-150.918,59.327],[-150.892,59.258],[-150.966,59.234],[-150.959,59.204],[-151.043,59.297],[-151.243,59.318],[-151.273,59.313],[-151.097,59.233],[-151.162,59.208],[-151.41,59.26],[-151.52,59.224],[-151.473,59.217],[-151.489,59.2],[-151.614,59.197],[-151.568,59.176],[-151.742,59.167],[-151.763,59.224],[-151.868,59.214],[-151.911,59.238],[-151.897,59.258],[-151.977,59.279],[-151.986,59.313],[-151.925,59.354],[-151.815,59.354],[-151.894,59.413],[-151.689,59.48],[-151.468,59.478],[-151.382,59.445],[-151.451,59.508],[-151.441,59.532],[-151.174,59.6],[-151.201,59.641],[-150.993,59.779],[-151.109,59.787],[-151.473,59.636],[-151.411,59.608],[-151.781,59.692],[-151.872,59.749],[-151.883,59.787],[-151.725,60.025],[-151.43,60.216],[-151.39,60.359],[-151.306,60.387],[-151.283,60.537],[-151.412,60.702],[-151.397,60.738],[-151.071,60.785],[-150.763,60.927],[-150.387,61.047],[-150.225,60.937],[-150.044,60.917],[-149.753,60.974],[-149.026,60.855],[-149.169,60.947],[-149.358,60.934],[-149.783,61.045],[-150.067,61.156],[-150.016,61.206],[-149.896,61.232],[-149.811,61.331],[-149.683,61.399],[-149.246,61.499],[-149.428,61.513],[-149.757,61.453],[-149.897,61.371],[-149.939,61.271],[-149.984,61.246],[-150.314,61.282],[-150.335,61.251],[-150.5,61.262],[-150.561,61.324],[-150.54,61.369],[-150.601,61.332],[-150.585,61.295],[-150.657,61.314],[-150.731,61.254],[-151.04,61.177],[-151.177,61.054],[-151.567,60.995],[-151.747,60.917],[-151.808,60.848],[-151.711,60.726],[-151.87,60.759],[-151.862,60.739],[-152.051,60.673],[-152.109,60.608],[-152.33,60.492],[-152.336,60.437],[-152.246,60.396],[-152.596,60.228],[-152.806,60.235],[-152.85,60.245],[-152.788,60.259],[-152.84,60.268],[-152.891,60.251],[-152.906,60.309],[-152.939,60.313],[-153.083,60.3],[-153.104,60.277],[-152.957,60.294],[-152.923,60.237],[-152.683,60.163],[-152.579,60.07],[-152.738,59.908],[-153.243,59.862],[-153.288,59.82],[-153.0,59.813],[-153.055,59.71],[-153.166,59.664],[-153.261,59.649],[-153.307,59.682],[-153.317,59.639],[-153.425,59.649],[-153.359,59.721],[-153.322,59.718],[-153.453,59.793],[-153.445,59.717],[-153.491,59.65],[-153.559,59.636],[-153.623,59.695],[-153.624,59.656],[-153.706,59.632],[-153.566,59.609],[-153.586,59.567],[-153.877,59.546],[-153.741,59.498],[-153.725,59.466],[-153.751,59.44],[-154.145,59.381],[-154.066,59.348],[-153.953,59.361],[-154.128,59.294],[-154.15,59.235],[-154.131,59.208],[-154.261,59.148],[-154.177,59.13],[-154.2,59.056],[-154.165,59.026],[-154.022,59.084],[-153.712,59.071],[-153.561,58.991],[-153.427,58.981],[-153.295,58.888],[-153.363,58.874],[-153.264,58.857],[-153.363,58.847],[-153.425,58.744],[-153.576,58.691],[-153.609,58.644],[-153.899,58.617],[-153.931,58.536],[-153.973,58.532],[-153.926,58.518],[-153.942,58.503],[-154.11,58.477],[-154.069,58.41],[-154.0,58.386],[-154.19,58.361],[-154.364,58.285],[-154.353,58.255],[-154.171,58.322],[-154.121,58.28],[-154.248,58.258],[-154.165,58.239],[-154.188,58.198],[-154.302,58.196],[-154.236,58.155],[-154.247,58.126],[-154.337,58.162],[-154.353,58.082],[-154.494,58.203],[-154.47,58.09],[-154.611,58.121],[-154.546,58.071],[-154.583,58.025],[-154.645,58.035],[-154.67,58.072],[-154.779,58.005],[-155.023,58.026],[-155.063,57.962],[-155.125,57.957],[-155.069,57.897],[-155.255,57.88],[-155.227,57.842],[-155.337,57.833],[-155.31,57.798],[-155.358,57.798],[-155.312,57.775],[-155.31,57.74],[-155.394,57.726],[-155.605,57.792],[-155.639,57.726],[-155.591,57.676],[-155.771,57.645],[-155.734,57.627],[-155.742,57.552],[-155.806,57.548],[-155.832,57.58],[-155.924,57.531],[-156.02,57.577],[-156.015,57.532],[-156.105,57.532],[-156.043,57.507],[-156.022,57.456],[-156.061,57.43],[-156.215,57.476],[-156.239,57.437],[-156.545,57.323],[-156.555,57.282],[-156.392,57.315],[-156.344,57.312],[-156.34,57.285],[-156.357,57.252],[-156.447,57.23],[-156.351,57.188],[-156.376,57.143],[-156.488,57.114],[-156.454,57.086],[-156.495,57.1],[-156.523,57.046],[-156.625,57.079],[-156.645,57.059],[-156.55,56.983],[-156.785,57.049],[-156.763,56.992],[-156.809,56.907],[-156.961,56.977],[-156.941,56.915],[-157.04,56.887],[-157.092,56.826],[-157.191,56.85],[-157.148,56.815],[-157.189,56.776],[-157.42,56.867],[-157.468,56.829],[-157.406,56.764],[-157.509,56.764],[-157.606,56.722],[-157.486,56.675],[-157.455,56.643],[-157.483,56.62],[-157.665,56.611],[-157.773,56.684],[-158.105,56.572],[-158.133,56.53],[-157.869,56.569],[-157.837,56.517],[-157.877,56.478],[-158.126,56.517],[-158.168,56.497],[-158.132,56.496],[-158.138,56.466],[-158.339,56.475],[-158.431,56.438],[-158.524,56.366],[-158.51,56.345],[-158.61,56.314],[-158.646,56.271],[-158.537,56.25],[-158.56,56.299],[-158.473,56.343],[-158.407,56.319],[-158.414,56.298],[-158.345,56.326],[-158.208,56.284],[-158.272,56.247],[-158.401,56.236],[-158.414,56.202],[-158.369,56.217],[-158.318,56.175],[-158.147,56.246],[-158.119,56.236],[-158.36,56.127],[-158.41,56.181],[-158.414,56.133],[-158.442,56.133],[-158.408,56.078],[-158.503,56.102],[-158.47,56.072],[-158.485,56.043],[-158.434,56.043],[-158.428,56.007],[-158.496,56.038],[-158.513,55.996],[-158.571,56.031],[-158.51,56.058],[-158.605,56.052],[-158.579,56.072],[-158.602,56.101],[-158.479,56.191],[-158.64,56.202],[-158.565,56.168],[-158.668,56.113],[-158.668,56.146],[-158.702,56.147],[-158.666,56.062],[-158.732,56.045],[-158.647,56.017],[-158.683,55.958],[-158.764,55.962],[-158.729,55.976],[-158.757,56.008],[-158.801,55.99],[-158.859,56.013],[-158.928,55.921],[-159.006,55.932],[-159.028,55.893],[-159.099,55.928],[-159.319,55.859],[-159.356,55.879],[-159.401,55.859],[-159.422,55.79],[-159.476,55.831],[-159.47,55.9],[-159.545,55.89],[-159.504,55.767],[-159.627,55.578],[-159.721,55.567],[-159.743,55.572],[-159.695,55.606],[-159.757,55.599],[-159.617,55.635],[-159.71,55.668],[-159.633,55.701],[-159.682,55.743],[-159.625,55.813],[-159.846,55.851],[-159.857,55.79],[-159.977,55.818],[-159.973,55.777],[-160.038,55.797],[-160.059,55.77],[-160.034,55.726],[-160.1,55.719],[-160.065,55.701],[-160.155,55.737],[-160.134,55.674],[-160.164,55.657],[-160.442,55.647],[-160.366,55.606],[-160.456,55.578],[-160.495,55.486],[-160.549,55.489],[-160.613,55.606],[-160.657,55.552],[-160.768,55.545],[-160.675,55.522],[-160.683,55.465],[-160.799,55.448],[-160.849,55.473],[-160.841,55.519],[-160.925,55.519],[-161.025,55.427],[-161.279,55.355],[-161.339,55.383],[-161.479,55.361],[-161.518,55.383],[-161.479,55.485],[-161.389,55.572],[-161.145,55.535],[-161.408,55.636],[-161.621,55.613],[-161.716,55.513],[-161.716,55.393],[-161.902,55.218],[-162.046,55.236],[-162.032,55.174],[-161.957,55.126],[-162.001,55.093],[-162.128,55.103],[-162.101,55.168],[-162.231,55.113],[-162.202,55.04],[-162.275,55.02],[-162.32,55.071],[-162.363,55.037],[-162.449,55.04],[-162.512,55.079],[-162.517,55.115],[-162.361,55.105],[-162.48,55.176],[-162.557,55.267],[-162.601,55.27],[-162.567,55.292],[-162.645,55.3],[-162.718,55.218],[-162.614,55.166],[-162.6,55.137],[-162.632,55.137],[-162.643,55.071],[-162.615,55.079],[-162.56,54.961],[-162.645,54.998],[-162.663,55.017],[-162.619,55.016],[-162.649,55.053],[-162.753,54.945],[-162.878,54.939],[-162.974,55.01],[-162.92,55.02],[-163.041,55.099],[-163.163,55.099],[-163.108,55.126],[-163.183,55.139],[-163.191,55.092],[-163.238,55.105],[-163.204,55.079],[-163.206,55.019],[-163.067,54.973],[-163.05,54.942],[-163.341,54.811],[-163.39,54.859],[-163.28,54.914],[-163.348,54.941],[-163.246,54.97],[-163.282,54.99],[-163.335,55.12],[-163.025,55.246],[-162.991,55.242],[-163.077,55.181],[-162.962,55.169],[-162.834,55.229],[-162.896,55.267],[-162.737,55.311],[-162.642,55.38],[-162.588,55.346],[-162.497,55.374],[-162.529,55.448],[-162.621,55.407],[-162.227,55.698],[-161.8,55.89],[-161.155,56.017],[-161.368,55.956],[-161.053,55.941],[-160.874,55.993],[-160.86,55.935],[-160.979,55.937],[-161.023,55.891],[-160.929,55.88],[-160.946,55.825],[-160.799,55.715],[-160.768,55.759],[-160.69,55.698],[-160.666,55.744],[-160.757,55.786],[-160.792,55.887],[-160.512,55.87],[-160.46,55.796],[-160.401,55.811],[-160.244,55.777],[-160.319,55.825],[-160.251,55.852],[-160.566,55.928],[-160.539,55.985],[-160.58,55.99],[-160.463,56.113],[-160.456,56.172],[-160.369,56.277],[-160.189,56.387],[-159.746,56.579],[-159.209,56.695],[-159.263,56.709],[-158.889,56.89],[-158.866,56.894],[-159.025,56.817],[-159.025,56.797],[-158.976,56.785],[-158.945,56.843],[-158.849,56.789],[-158.64,56.764],[-158.689,56.885],[-158.682,57.022],[-158.312,57.315],[-158.183,57.362],[-158.058,57.367],[-158.099,57.381],[-157.961,57.484],[-157.758,57.564],[-157.681,57.572],[-157.657,57.484],[-157.516,57.463],[-157.414,57.49],[-157.395,57.513],[-157.427,57.532],[-157.392,57.566],[-157.455,57.552],[-157.414,57.497],[-157.595,57.493],[-157.602,57.624],[-157.672,57.618],[-157.71,57.653],[-157.606,58.105],[-157.544,58.176],[-157.452,58.169],[-157.384,58.207],[-157.139,58.168],[-157.348,58.239],[-157.483,58.23],[-157.545,58.274],[-157.562,58.364],[-157.436,58.522],[-157.115,58.7],[-156.941,58.738],[-157.062,58.726],[-157.078,58.757],[-157.002,58.84],[-157.026,58.863],[-156.976,58.954],[-156.86,58.994],[-156.843,59.103],[-156.783,59.155],[-156.865,59.111],[-156.89,59.013],[-157.016,58.974],[-157.084,58.887],[-158.203,58.613],[-158.316,58.647],[-158.38,58.757],[-158.558,58.806],[-158.499,58.949],[-158.421,58.977],[-158.498,58.994],[-158.383,59.039],[-158.173,59.013],[-158.079,58.957],[-158.03,58.879],[-157.995,58.908],[-158.041,58.911],[-158.052,58.971],[-158.14,59.036],[-158.442,59.087],[-158.544,59.176],[-158.462,59.053],[-158.521,59.037],[-158.609,58.933],[-158.729,58.874],[-158.753,58.89],[-158.729,58.929],[-158.79,58.963],[-158.746,58.995],[-158.825,58.977],[-158.77,58.911],[-158.788,58.77],[-158.828,58.736],[-158.891,58.743],[-158.804,58.795],[-158.827,58.819],[-158.915,58.775],[-158.77,58.518],[-158.709,58.492],[-158.83,58.405],[-158.882,58.4],[-159.051,58.425],[-159.072,58.443],[-159.031,58.456],[-159.151,58.519],[-159.385,58.756],[-159.483,58.816],[-159.551,58.847],[-159.661,58.839],[-159.587,58.907],[-159.617,58.931],[-159.738,58.928],[-159.753,58.841],[-159.798,58.85],[-159.795,58.8],[-159.906,58.765],[-159.997,58.874],[-160.153,58.861],[-160.152,58.916],[-160.246,58.887],[-160.257,58.946],[-160.329,58.941],[-160.255,58.99],[-160.352,59.071],[-160.768,58.896],[-160.834,58.813],[-160.829,58.853],[-160.889,58.884],[-161.18,58.783],[-161.306,58.813],[-161.311,58.789],[-161.263,58.777],[-161.376,58.687],[-161.301,58.682],[-161.708,58.561],[-161.765,58.559],[-161.71,58.614],[-161.765,58.645],[-161.763,58.591],[-161.798,58.623],[-162.176,58.645],[-162.046,58.683],[-161.891,58.654],[-161.843,58.692],[-161.865,58.716],[-161.677,58.774],[-161.656,58.806],[-161.685,58.819],[-161.775,58.771],[-161.759,58.826],[-161.795,58.975],[-161.856,59.034],[-161.725,59.035],[-161.569,59.115],[-161.638,59.142],[-161.841,59.121],[-161.888,59.094],[-161.847,59.067],[-161.974,59.131],[-162.043,59.248],[-162.052,59.27],[-162.039,59.289],[-161.998,59.313],[-162.044,59.266],[-162.009,59.238],[-161.983,59.254],[-161.947,59.388],[-161.714,59.501],[-162.082,59.878],[-162.109,59.965],[-162.21,60.025],[-162.24,60.09],[-162.204,60.153],[-162.251,60.201],[-162.162,60.216],[-162.149,60.245],[-162.249,60.215],[-162.29,60.242],[-162.3,60.18],[-162.229,60.146],[-162.317,60.113],[-162.375,60.176],[-162.342,60.219],[-162.459,60.295],[-162.39,60.329],[-162.303,60.471],[-162.228,60.509],[-162.224,60.588],[-162.061,60.651],[-161.967,60.646],[-161.943,60.67],[-161.963,60.677],[-161.882,60.704],[-162.072,60.665],[-162.115,60.713],[-162.183,60.731],[-162.122,60.694],[-162.123,60.659],[-162.276,60.613],[-162.382,60.437],[-162.441,60.423],[-162.416,60.382],[-162.465,60.372],[-162.464,60.396],[-162.608,60.334],[-162.567,60.313],[-162.601,60.307],[-162.554,60.286],[-162.56,60.261],[-162.703,60.266],[-162.45,60.191],[-162.498,60.118],[-162.477,60.053],[-162.526,59.998],[-162.752,60.005],[-162.753,59.968],[-162.808,59.943],[-163.088,59.859],[-163.316,59.83],[-163.877,59.8],[-164.098,59.834],[-164.187,59.892],[-164.212,59.955],[-164.095,59.978],[-164.136,59.991],[-164.115,60.005],[-164.413,60.092],[-164.488,60.151],[-164.485,60.184],[-164.644,60.248],[-164.677,60.303],[-164.649,60.334],[-164.753,60.287],[-164.989,60.341],[-165.143,60.451],[-165.024,60.469],[-164.974,60.52],[-164.986,60.547],[-165.222,60.499],[-165.37,60.512],[-165.431,60.553],[-164.999,60.711],[-165.031,60.787],[-164.875,60.849],[-164.942,60.89],[-164.937,60.936],[-164.835,60.868],[-164.64,60.913],[-164.698,60.855],[-164.669,60.826],[-164.271,60.788],[-164.218,60.69],[-164.32,60.662],[-164.444,60.567],[-164.42,60.554],[-164.259,60.653],[-164.135,60.664],[-164.084,60.735],[-163.956,60.78],[-163.816,60.755],[-163.832,60.684],[-163.807,60.67],[-163.836,60.64],[-163.811,60.594],[-163.686,60.59],[-163.464,60.677],[-163.429,60.717],[-163.472,60.752],[-163.409,60.752],[-163.544,60.81],[-163.93,60.855],[-163.809,60.893],[-163.698,60.868],[-163.578,60.884],[-163.564,60.913],[-163.756,60.945],[-163.67,60.992],[-163.704,61.0],[-163.8,60.978],[-164.007,60.862],[-164.564,60.855],[-164.628,60.932],[-164.798,60.903],[-164.879,60.957],[-165.037,60.917],[-165.171,60.942],[-165.198,60.978],[-165.118,61.013],[-164.951,61.02],[-164.94,61.084],[-164.766,61.109],[-164.999,61.115],[-165.004,61.069],[-165.059,61.063],[-165.191,61.136],[-165.13,61.157],[-165.061,61.218],[-165.143,61.259],[-165.082,61.218],[-165.136,61.201],[-165.157,61.156],[-165.211,61.15],[-165.363,61.213],[-165.213,61.265],[-165.208,61.327],[-165.26,61.334],[-165.158,61.366],[-165.159,61.419],[-165.076,61.419],[-164.968,61.49],[-164.842,61.499],[-164.748,61.555],[-164.753,61.589],[-164.691,61.601],[-164.724,61.626],[-164.766,61.629],[-164.746,61.609],[-164.878,61.526],[-165.086,61.476],[-165.079,61.437],[-165.205,61.41],[-165.191,61.383],[-165.294,61.334],[-165.229,61.317],[-165.226,61.273],[-165.39,61.225],[-165.4,61.196],[-165.346,61.157],[-165.377,61.129],[-165.374,61.072],[-165.605,61.124],[-165.644,61.222],[-165.61,61.287],[-165.877,61.337],[-165.918,61.415],[-165.78,61.458],[-165.777,61.516],[-165.924,61.562],[-166.086,61.532],[-166.054,61.506],[-166.106,61.499],[-166.2,61.595],[-166.144,61.726],[-166.154,61.657],[-166.116,61.636],[-165.766,61.691],[-166.003,61.735],[-166.103,61.821],[-165.588,61.862],[-165.689,61.91],[-165.75,61.984],[-165.76,62.026],[-165.706,62.117],[-165.133,62.516],[-164.868,62.538],[-164.848,62.478],[-164.609,62.437],[-164.734,62.379],[-164.582,62.426],[-164.587,62.455],[-164.677,62.474],[-164.63,62.513],[-164.705,62.479],[-164.842,62.493],[-164.794,62.534],[-164.858,62.564],[-164.705,62.612],[-164.479,62.746],[-164.813,62.62],[-164.89,62.787],[-164.766,62.801],[-164.883,62.842],[-164.691,63.027],[-164.314,63.014],[-164.377,63.071],[-164.523,63.088],[-164.595,63.13],[-164.424,63.209],[-164.145,63.262],[-163.995,63.256],[-163.729,63.217],[-163.647,63.159],[-163.664,63.117],[-163.542,63.129],[-163.792,63.022],[-163.807,62.986],[-163.529,63.117],[-163.351,63.031],[-163.094,63.057],[-162.881,63.141],[-162.806,63.22],[-162.597,63.277],[-162.28,63.489],[-162.309,63.547],[-162.018,63.486],[-162.169,63.431],[-161.441,63.46],[-161.186,63.506],[-161.057,63.574],[-160.827,63.714],[-160.767,63.824],[-160.929,64.048],[-160.973,64.25],[-161.203,64.364],[-161.176,64.384],[-161.258,64.405],[-161.189,64.418],[-161.458,64.432],[-161.539,64.398],[-161.468,64.51],[-161.414,64.538],[-161.035,64.508],[-161.004,64.528],[-161.086,64.553],[-160.958,64.559],[-160.834,64.617],[-160.792,64.726],[-160.901,64.823],[-161.155,64.925],[-161.086,64.913],[-160.991,64.939],[-161.02,64.947],[-161.211,64.933],[-161.207,64.91],[-161.308,64.872],[-161.395,64.787],[-161.546,64.751],[-161.734,64.821],[-161.806,64.823],[-161.716,64.795],[-161.95,64.726],[-161.8,64.761],[-161.895,64.712],[-162.122,64.713],[-162.066,64.699],[-162.177,64.688],[-162.27,64.619],[-162.511,64.559],[-162.607,64.507],[-162.643,64.394],[-162.781,64.344],[-162.875,64.46],[-162.827,64.501],[-163.053,64.556],[-163.025,64.57],[-163.148,64.627],[-163.149,64.658],[-163.39,64.597],[-163.143,64.515],[-163.04,64.521],[-163.166,64.411],[-163.3,64.493],[-163.679,64.586],[-164.389,64.57],[-164.266,64.576],[-164.342,64.59],[-164.746,64.493],[-164.657,64.521],[-164.886,64.492],[-164.938,64.535],[-164.965,64.507],[-164.896,64.473],[-164.924,64.46],[-164.766,64.48],[-164.837,64.455],[-165.036,64.448],[-166.19,64.585],[-166.37,64.638],[-166.483,64.73],[-166.48,64.802],[-166.386,64.827],[-166.41,64.855],[-166.39,64.899],[-166.685,64.982],[-166.711,65.044],[-166.879,65.103],[-166.962,65.154],[-166.957,65.178],[-166.88,65.282],[-166.853,65.278],[-166.932,65.169],[-166.713,65.113],[-166.534,65.137],[-166.469,65.189],[-166.489,65.234],[-166.371,65.273],[-166.031,65.243],[-166.14,65.286],[-166.503,65.336],[-166.938,65.385],[-166.65,65.327],[-167.399,65.401],[-168.052,65.58],[-168.137,65.665],[-167.882,65.755],[-168.028,65.697],[-168.063,65.651],[-167.895,65.67],[-167.823,65.72],[-167.531,65.726],[-167.497,65.765],[-167.559,65.779],[-167.561,65.809],[-167.453,65.81],[-167.521,65.83],[-167.346,65.899],[-167.288,65.905],[-167.183,65.858],[-167.06,65.878],[-166.877,65.947],[-166.973,65.974],[-166.836,66.015],[-166.877,65.988],[-166.795,65.988],[-166.815,66.008],[-166.725,66.061],[-166.311,66.175],[-166.138,66.167],[-166.089,66.152],[-166.164,66.152],[-166.094,66.125],[-165.755,66.105],[-165.5,66.152],[-165.89,66.241],[-165.766,66.324],[-165.488,66.402],[-165.105,66.445],[-165.033,66.399],[-164.945,66.467],[-164.731,66.533],[-164.718,66.556],[-164.274,66.602],[-163.736,66.603],[-163.629,66.57],[-163.93,66.586],[-163.807,66.57],[-163.762,66.526],[-163.766,66.485],[-163.896,66.399],[-163.896,66.337],[-163.855,66.289],[-163.965,66.233],[-164.191,66.193],[-163.986,66.207],[-163.977,66.184],[-163.917,66.211],[-163.807,66.107],[-163.68,66.079],[-163.354,66.098],[-163.122,66.07],[-162.759,66.111],[-162.683,66.07],[-162.677,66.007],[-162.655,66.039],[-162.468,66.071],[-162.388,66.036],[-162.179,66.076],[-161.916,66.042],[-161.977,66.015],[-161.908,66.022],[-161.922,65.988],[-161.858,65.977],[-161.793,65.988],[-161.847,66.008],[-161.727,66.087],[-161.785,66.083],[-161.666,66.154],[-161.58,66.255],[-161.506,66.279],[-161.36,66.275],[-161.299,66.227],[-161.086,66.241],[-161.114,66.207],[-161.107,66.139],[-161.183,66.131],[-161.163,66.119],[-161.077,66.131],[-161.018,66.193],[-160.997,66.241],[-161.136,66.343],[-161.511,66.408],[-161.875,66.378],[-161.919,66.344],[-161.867,66.296],[-161.896,66.27],[-161.957,66.35],[-161.876,66.44],[-161.888,66.524],[-162.21,66.707],[-162.505,66.75],[-162.625,66.861],[-162.639,66.9],[-162.52,66.921],[-162.485,66.96],[-162.417,66.923],[-162.307,66.953],[-162.121,66.806],[-162.017,66.781],[-162.083,66.687],[-162.066,66.653],[-161.871,66.532],[-161.634,66.458],[-161.434,66.468],[-161.204,66.539],[-160.765,66.37],[-160.229,66.412],[-160.219,66.532],[-160.325,66.605],[-160.318,66.634],[-160.244,66.646],[-160.275,66.655],[-160.354,66.645],[-160.366,66.618],[-160.485,66.634],[-160.552,66.591],[-160.881,66.672],[-161.136,66.652],[-161.237,66.598],[-161.272,66.543],[-161.495,66.537],[-161.563,66.566],[-161.546,66.598],[-161.65,66.613],[-161.902,66.735],[-161.867,66.758],[-161.881,66.815],[-161.8,66.854],[-161.806,66.9],[-161.734,66.923],[-161.731,66.954],[-161.499,66.971],[-161.525,66.991],[-161.835,67.055],[-162.248,67.015],[-162.288,67.071],[-162.313,67.03],[-162.293,67.009],[-162.457,66.995],[-162.338,67.145],[-162.36,67.167],[-162.436,67.16],[-162.375,67.139],[-162.58,67.015],[-162.733,67.049],[-162.952,67.044],[-162.848,67.009],[-162.874,67.005],[-163.725,67.111],[-163.766,67.14],[-163.824,67.355],[-163.962,67.499],[-164.151,67.62],[-165.437,68.06],[-165.928,68.137],[-166.103,68.24],[-166.297,68.3],[-166.829,68.351],[-166.507,68.423],[-166.445,68.42],[-166.747,68.363],[-166.548,68.359],[-166.455,68.399],[-166.377,68.386],[-166.425,68.413],[-166.315,68.406],[-166.37,68.441],[-166.231,68.58],[-166.194,68.78],[-166.223,68.886],[-165.665,68.862],[-164.346,68.929],[-163.965,69.003],[-163.623,69.119],[-163.286,69.311],[-163.177,69.427],[-163.156,69.421],[-163.272,69.298],[-163.126,69.39],[-163.115,69.496],[-163.083,69.501],[-163.065,69.556],[-163.149,69.606],[-163.025,69.626],[-163.066,69.674],[-162.938,69.711],[-163.019,69.746],[-162.538,69.957],[-162.477,70.024],[-162.491,70.051],[-162.361,70.058],[-162.375,70.086],[-162.321,70.127],[-161.906,70.321],[-161.703,70.264],[-161.902,70.257],[-161.759,70.23],[-161.859,70.212],[-161.841,70.195],[-161.866,70.179],[-162.026,70.195],[-162.122,70.154],[-161.703,70.195],[-161.738,70.202],[-161.632,70.256],[-161.342,70.259],[-161.025,70.318],[-160.95,70.29],[-160.984,70.325],[-160.172,70.605],[-160.127,70.579],[-159.947,70.597],[-159.924,70.581],[-159.949,70.545],[-159.922,70.545],[-159.944,70.522],[-160.202,70.477],[-159.922,70.49],[-160.134,70.325],[-159.948,70.37],[-159.908,70.284],[-159.771,70.195],[-159.887,70.387],[-159.826,70.497],[-159.71,70.47],[-159.291,70.538],[-159.716,70.497],[-159.948,70.636],[-160.12,70.606],[-160.127,70.626],[-159.812,70.716],[-159.846,70.716],[-159.668,70.805],[-159.161,70.887],[-159.373,70.846],[-159.174,70.854],[-159.141,70.825],[-159.449,70.777],[-159.321,70.769],[-159.325,70.744],[-159.222,70.689],[-159.279,70.765],[-158.99,70.777],[-159.085,70.805],[-159.06,70.817],[-158.715,70.791],[-158.338,70.818],[-158.524,70.853],[-158.043,70.837],[-157.865,70.866],[-157.231,71.071],[-156.817,71.306],[-156.472,71.413],[-156.372,71.38],[-156.488,71.394],[-156.604,71.354],[-156.534,71.3],[-156.434,71.292],[-156.443,71.268],[-156.237,71.269],[-156.043,71.216],[-156.111,71.175],[-155.945,71.22],[-155.916,71.196],[-155.625,71.184],[-155.573,71.15],[-155.567,71.082],[-155.745,71.004],[-156.105,70.969],[-156.008,70.942],[-156.187,70.922],[-155.981,70.894],[-155.94,70.853],[-155.987,70.825],[-155.978,70.76],[-155.909,70.771],[-155.926,70.812],[-155.891,70.837],[-155.659,70.824],[-155.646,70.868],[-155.577,70.846],[-155.535,70.877],[-155.518,70.952],[-155.309,71.029],[-155.192,70.995],[-155.197,71.041],[-155.289,71.086],[-155.186,71.127],[-155.097,71.086],[-155.125,71.141],[-155.09,71.155],[-155.043,71.131],[-155.039,71.056],[-155.097,71.017],[-155.039,71.017],[-155.013,71.113],[-154.972,71.12],[-154.808,71.096],[-154.6,71.013],[-154.668,70.921],[-154.81,70.881],[-154.7,70.886],[-154.59,70.825],[-154.309,70.831],[-154.23,70.778],[-154.131,70.791],[-153.894,70.898],[-153.514,70.887],[-153.256,70.933],[-152.956,70.908],[-152.866,70.857],[-152.816,70.887],[-152.715,70.821],[-152.657,70.846],[-152.747,70.881],[-152.713,70.89],[-152.328,70.857],[-152.219,70.812],[-152.431,70.744],[-152.421,70.713],[-152.501,70.699],[-152.509,70.664],[-152.448,70.626],[-152.075,70.579],[-152.517,70.593],[-152.63,70.559],[-151.733,70.559],[-151.87,70.518],[-151.79,70.502],[-151.943,70.48],[-151.98,70.449],[-151.454,70.439],[-151.222,70.376],[-151.177,70.38],[-151.209,70.422],[-151.178,70.449],[-150.745,70.477],[-150.794,70.503],[-150.527,70.511],[-150.493,70.477],[-150.379,70.497],[-150.362,70.48],[-150.417,70.415],[-150.119,70.443],[-149.89,70.513],[-149.489,70.523],[-149.464,70.511],[-149.491,70.497],[-149.344,70.51],[-149.045,70.469],[-148.965,70.429],[-148.682,70.42],[-148.518,70.369],[-148.512,70.318],[-148.381,70.312],[-148.223,70.359],[-147.962,70.301],[-147.843,70.308],[-147.799,70.29],[-147.806,70.236],[-147.68,70.212],[-147.124,70.168],[-146.849,70.193],[-145.873,70.153],[-145.88,70.175],[-145.614,70.071],[-145.52,70.092],[-145.369,70.034],[-145.215,70.044],[-145.301,70.0],[-145.275,69.993],[-144.942,69.978],[-144.59,69.983],[-144.386,70.044],[-144.13,70.068],[-144.064,70.044],[-144.071,69.989],[-144.023,70.051],[-144.064,70.086],[-143.577,70.094],[-143.551,70.127],[-143.511,70.097],[-143.354,70.106],[-143.298,70.043],[-143.276,70.051],[-143.3,70.117],[-143.236,70.118],[-142.601,70.013],[-142.612,69.976],[-142.538,69.985],[-142.518,69.982],[-142.481,69.97],[-142.523,69.97],[-142.271,69.856],[-142.107,69.849],[-142.015,69.796],[-141.921,69.815],[-141.653,69.762],[-141.413,69.65],[-141.291,69.634],[-141.221,69.674],[-141.316,69.695],[-141.006,69.651]]],[[[-132.689,54.845],[-132.616,54.76],[-132.772,54.862],[-132.785,54.928],[-132.71,54.941],[-132.736,54.92],[-132.629,54.904],[-132.629,54.848],[-132.689,54.845]]],[[[-131.244,54.935],[-131.195,54.907],[-131.331,54.861],[-131.482,54.926],[-131.264,54.997],[-131.236,54.995],[-131.244,54.935]]],[[[-132.874,55.036],[-132.799,55.085],[-132.857,55.099],[-132.869,55.154],[-132.823,55.19],[-132.723,55.133],[-132.668,55.051],[-132.751,54.995],[-132.792,55.036],[-132.792,55.014],[-132.874,55.036]]],[[[-132.688,54.718],[-132.671,54.677],[-132.843,54.694],[-132.864,54.742],[-132.839,54.742],[-132.956,54.804],[-132.908,54.838],[-132.999,54.838],[-133.049,54.889],[-133.038,54.914],[-133.101,54.92],[-133.065,54.947],[-133.148,54.954],[-133.135,54.998],[-133.217,55.099],[-133.121,55.099],[-133.217,55.154],[-133.168,55.154],[-133.217,55.174],[-133.155,55.195],[-133.182,55.236],[-133.107,55.249],[-133.065,55.15],[-132.997,55.126],[-132.956,55.064],[-133.055,55.109],[-133.087,55.092],[-132.997,55.064],[-133.046,55.044],[-132.958,55.023],[-132.942,54.948],[-132.894,54.948],[-132.902,54.914],[-132.763,54.824],[-132.722,54.777],[-132.758,54.742],[-132.688,54.718]]],[[[-131.48,55.006],[-131.494,55.057],[-131.548,55.089],[-131.531,55.03],[-131.583,54.995],[-131.625,55.017],[-131.583,55.126],[-131.517,55.134],[-131.587,55.219],[-131.552,55.277],[-131.373,55.201],[-131.357,55.033],[-131.48,55.006]]],[[[-133.319,55.27],[-133.209,55.27],[-133.24,55.22],[-133.316,55.201],[-133.382,55.223],[-133.422,55.201],[-133.45,55.25],[-133.401,55.27],[-133.432,55.314],[-133.318,55.339],[-133.285,55.318],[-133.319,55.27]]],[[[-131.838,55.426],[-131.636,55.299],[-131.633,55.263],[-131.671,55.297],[-131.686,55.23],[-131.764,55.249],[-131.702,55.195],[-131.723,55.14],[-131.818,55.198],[-131.867,55.373],[-131.838,55.426]]],[[[-133.45,55.407],[-133.458,55.37],[-133.58,55.345],[-133.565,55.32],[-133.607,55.236],[-133.689,55.311],[-133.641,55.328],[-133.623,55.361],[-133.656,55.373],[-133.581,55.426],[-133.45,55.407]]],[[[-133.6,55.448],[-133.506,55.523],[-133.418,55.476],[-133.495,55.43],[-133.6,55.448]]],[[[-133.347,55.448],[-133.433,55.528],[-133.429,55.544],[-133.324,55.557],[-133.272,55.53],[-133.279,55.492],[-133.347,55.448]]],[[[-133.587,55.544],[-133.652,55.448],[-133.73,55.468],[-133.799,55.448],[-133.701,55.507],[-133.73,55.541],[-133.703,55.558],[-133.587,55.544]]],[[[-133.306,55.797],[-133.418,55.738],[-133.491,55.79],[-133.487,55.707],[-133.542,55.695],[-133.682,55.79],[-133.641,55.79],[-133.615,55.833],[-133.573,55.805],[-133.565,55.83],[-133.495,55.82],[-133.467,55.79],[-133.306,55.797]]],[[[-133.285,55.907],[-133.265,55.866],[-133.217,55.866],[-133.251,55.776],[-133.341,55.837],[-133.291,55.852],[-133.333,55.88],[-133.285,55.907]]],[[[-155.75,55.818],[-155.556,55.915],[-155.557,55.8],[-155.597,55.76],[-155.719,55.775],[-155.75,55.818]]],[[[-134.347,55.911],[-134.102,55.921],[-134.258,55.818],[-134.327,55.849],[-134.265,55.874],[-134.347,55.911]]],[[[-133.92,55.921],[-133.856,55.942],[-133.843,55.866],[-133.913,55.863],[-133.92,55.921]]],[[[-130.935,55.643],[-130.972,55.385],[-131.027,55.41],[-131.056,55.274],[-131.192,55.186],[-131.311,55.236],[-131.216,55.318],[-131.21,55.406],[-131.283,55.371],[-131.264,55.309],[-131.298,55.277],[-131.404,55.263],[-131.463,55.293],[-131.382,55.329],[-131.271,55.447],[-131.351,55.646],[-131.372,55.619],[-131.325,55.447],[-131.462,55.332],[-131.421,55.377],[-131.469,55.459],[-131.421,55.53],[-131.506,55.499],[-131.516,55.46],[-131.466,55.372],[-131.526,55.299],[-131.685,55.354],[-131.82,55.464],[-131.651,55.55],[-131.62,55.595],[-131.699,55.616],[-131.687,55.684],[-131.517,55.729],[-131.629,55.734],[-131.692,55.705],[-131.709,55.74],[-131.483,55.783],[-131.531,55.826],[-131.627,55.783],[-131.688,55.832],[-131.47,55.832],[-131.435,55.846],[-131.534,55.852],[-131.579,55.907],[-131.28,55.965],[-131.18,55.924],[-130.969,55.701],[-130.935,55.643]]],[[[-133.681,56.069],[-133.483,56.092],[-133.597,56.101],[-133.617,56.132],[-133.285,56.147],[-133.311,55.998],[-133.47,56.017],[-133.703,55.903],[-133.795,55.944],[-133.681,56.069]]],[[[-132.603,56.236],[-132.521,56.343],[-132.4,56.35],[-132.39,56.236],[-132.484,56.195],[-132.359,56.218],[-132.192,56.177],[-132.092,56.106],[-132.151,56.072],[-132.202,56.092],[-132.133,55.929],[-132.185,55.969],[-132.223,55.935],[-132.336,55.918],[-132.429,55.969],[-132.382,56.023],[-132.462,56.037],[-132.449,56.065],[-132.594,56.087],[-132.645,56.058],[-132.713,56.14],[-132.703,56.222],[-132.603,56.236]]],[[[-131.977,54.832],[-131.949,54.79],[-132.01,54.784],[-132.004,54.694],[-132.15,54.699],[-132.247,54.743],[-132.278,54.715],[-132.294,54.762],[-132.216,54.804],[-132.36,54.804],[-132.265,54.845],[-132.326,54.866],[-132.278,54.879],[-132.394,54.935],[-132.36,54.941],[-132.394,54.976],[-132.38,55.023],[-132.436,54.917],[-132.501,54.914],[-132.444,54.963],[-132.49,55.003],[-132.519,54.944],[-132.593,54.968],[-132.531,55.017],[-132.572,55.044],[-132.465,55.051],[-132.531,55.058],[-132.511,55.113],[-132.56,55.124],[-132.613,55.064],[-132.627,55.086],[-132.558,55.168],[-132.641,55.256],[-132.656,55.219],[-132.62,55.153],[-132.696,55.147],[-132.799,55.205],[-132.799,55.27],[-132.949,55.208],[-133.035,55.226],[-132.91,55.285],[-133.213,55.279],[-133.265,55.345],[-133.207,55.384],[-132.846,55.352],[-133.008,55.388],[-133.065,55.427],[-132.977,55.448],[-133.126,55.484],[-133.073,55.578],[-132.908,55.633],[-133.251,55.585],[-133.379,55.63],[-133.382,55.67],[-133.341,55.678],[-133.382,55.723],[-133.324,55.709],[-133.306,55.764],[-133.237,55.745],[-133.148,55.818],[-133.14,55.877],[-133.218,55.884],[-133.26,55.945],[-133.23,55.959],[-133.279,56.076],[-133.265,56.147],[-133.573,56.185],[-133.634,56.27],[-133.566,56.304],[-133.615,56.353],[-133.342,56.333],[-133.313,56.326],[-133.312,56.277],[-133.285,56.284],[-133.294,56.314],[-133.182,56.332],[-133.141,56.266],[-133.059,56.243],[-133.059,56.195],[-133.025,56.172],[-133.073,56.113],[-133.14,56.119],[-133.079,56.058],[-132.956,56.044],[-132.936,56.072],[-132.896,56.025],[-132.842,56.039],[-132.736,55.997],[-132.508,55.828],[-132.463,55.777],[-132.435,55.627],[-132.371,55.668],[-132.288,55.537],[-132.215,55.531],[-132.141,55.465],[-132.173,55.453],[-132.25,55.503],[-132.435,55.55],[-132.524,55.625],[-132.566,55.572],[-132.515,55.547],[-132.682,55.455],[-132.655,55.421],[-132.519,55.507],[-132.401,55.517],[-132.362,55.473],[-132.277,55.453],[-132.484,55.407],[-132.401,55.412],[-132.37,55.381],[-132.25,55.414],[-132.155,55.366],[-132.095,55.267],[-132.243,55.256],[-132.24,55.197],[-132.203,55.229],[-132.083,55.21],[-132.051,55.259],[-131.994,55.268],[-131.969,55.205],[-132.024,55.12],[-132.001,55.104],[-132.058,55.079],[-132.093,55.105],[-132.079,55.079],[-132.12,55.064],[-132.075,55.04],[-132.223,54.989],[-132.092,54.976],[-132.035,55.023],[-131.963,55.03],[-132.01,54.968],[-131.962,54.958],[-131.976,54.908],[-132.047,54.899],[-131.956,54.838],[-131.977,54.832]]],[[[-132.613,56.401],[-132.668,56.353],[-132.647,56.282],[-132.82,56.236],[-133.055,56.345],[-132.924,56.452],[-132.703,56.462],[-132.613,56.401]]],[[[-132.004,56.339],[-131.928,56.195],[-131.996,56.189],[-132.013,56.141],[-132.072,56.119],[-132.099,56.163],[-132.338,56.258],[-132.333,56.408],[-132.375,56.488],[-132.261,56.459],[-132.152,56.352],[-132.004,56.339]]],[[[-154.138,56.51],[-154.02,56.555],[-153.877,56.565],[-153.966,56.505],[-154.138,56.51]]],[[[-157.061,56.582],[-156.978,56.537],[-157.139,56.552],[-157.331,56.524],[-157.259,56.583],[-157.061,56.582]]],[[[-154.461,56.605],[-154.411,56.548],[-154.46,56.545],[-154.443,56.581],[-154.475,56.598],[-154.517,56.59],[-154.529,56.552],[-154.488,56.517],[-154.611,56.483],[-154.738,56.398],[-154.791,56.431],[-154.7,56.53],[-154.536,56.598],[-154.461,56.605]]],[[[-154.083,56.552],[-154.21,56.504],[-154.322,56.515],[-154.35,56.545],[-154.279,56.598],[-154.124,56.613],[-154.049,56.558],[-154.104,56.575],[-154.083,56.552]]],[[[-132.96,56.788],[-132.922,56.826],[-132.816,56.797],[-132.533,56.58],[-132.684,56.527],[-132.747,56.56],[-132.764,56.545],[-132.723,56.51],[-132.774,56.499],[-132.919,56.507],[-132.952,56.602],[-132.881,56.64],[-132.96,56.788]]],[[[-133.92,56.514],[-133.826,56.442],[-133.909,56.435],[-133.875,56.411],[-133.916,56.373],[-133.844,56.349],[-133.847,56.298],[-133.869,56.285],[-133.973,56.361],[-133.979,56.279],[-133.908,56.276],[-133.892,56.23],[-133.944,56.212],[-133.916,56.159],[-133.949,56.092],[-134.039,56.113],[-134.009,56.185],[-134.052,56.319],[-134.072,56.249],[-134.108,56.243],[-134.09,56.193],[-134.19,56.178],[-134.162,56.14],[-134.104,56.14],[-134.086,56.092],[-134.121,56.065],[-134.102,56.011],[-134.129,55.999],[-134.142,56.044],[-134.224,56.079],[-134.208,56.099],[-134.237,56.118],[-134.197,56.162],[-134.247,56.178],[-134.265,56.26],[-134.225,56.258],[-134.16,56.312],[-134.17,56.332],[-134.293,56.298],[-134.26,56.316],[-134.282,56.363],[-134.231,56.37],[-134.237,56.414],[-134.18,56.413],[-134.178,56.441],[-134.155,56.366],[-134.104,56.408],[-134.039,56.373],[-134.067,56.478],[-134.034,56.486],[-134.082,56.552],[-134.121,56.497],[-134.218,56.557],[-134.306,56.565],[-134.086,56.647],[-134.247,56.62],[-134.286,56.647],[-134.224,56.662],[-134.223,56.694],[-134.358,56.677],[-134.397,56.73],[-134.406,56.853],[-134.361,56.864],[-134.281,56.793],[-134.328,56.889],[-134.306,56.898],[-134.108,56.846],[-134.265,56.942],[-134.013,56.885],[-133.905,56.761],[-133.96,56.671],[-134.025,56.654],[-133.994,56.639],[-133.871,56.715],[-133.862,56.81],[-133.717,56.771],[-133.78,56.686],[-133.732,56.663],[-133.706,56.604],[-133.736,56.567],[-133.923,56.617],[-133.847,56.565],[-133.92,56.514]]],[[[-133.913,57.083],[-133.335,56.997],[-133.263,56.925],[-133.237,56.935],[-133.299,57.01],[-133.052,56.983],[-132.936,56.867],[-132.991,56.808],[-132.934,56.642],[-133.011,56.606],[-133.186,56.722],[-133.234,56.802],[-133.346,56.838],[-133.305,56.735],[-133.222,56.732],[-133.242,56.634],[-133.107,56.621],[-133.107,56.599],[-133.168,56.606],[-133.101,56.586],[-133.079,56.53],[-133.134,56.53],[-133.124,56.492],[-133.16,56.458],[-133.436,56.504],[-133.409,56.476],[-133.441,56.454],[-133.621,56.442],[-133.659,56.464],[-133.654,56.557],[-133.689,56.572],[-133.635,56.606],[-133.703,56.675],[-133.693,56.793],[-133.662,56.791],[-133.679,56.854],[-133.741,56.809],[-133.765,56.812],[-133.888,56.901],[-133.738,56.894],[-134.018,57.018],[-134.004,57.064],[-133.913,57.083]]],[[[-153.089,57.181],[-152.885,57.15],[-152.926,57.126],[-153.209,57.079],[-153.236,57.01],[-153.272,56.999],[-153.343,57.004],[-153.316,57.073],[-153.412,57.079],[-153.338,57.102],[-153.391,57.106],[-153.244,57.211],[-153.181,57.175],[-153.212,57.134],[-153.089,57.181]]],[[[-135.602,57.172],[-135.546,57.141],[-135.628,57.01],[-135.841,56.99],[-135.823,57.08],[-135.711,57.168],[-135.81,57.173],[-135.8,57.237],[-135.855,57.223],[-135.825,57.284],[-135.844,57.325],[-135.725,57.329],[-135.615,57.284],[-135.554,57.23],[-135.628,57.237],[-135.602,57.172]]],[[[-134.621,56.744],[-134.612,56.565],[-134.628,56.549],[-134.659,56.588],[-134.669,56.538],[-134.626,56.486],[-134.621,56.411],[-134.663,56.257],[-134.626,56.261],[-134.667,56.17],[-134.683,56.229],[-134.765,56.222],[-134.827,56.326],[-134.882,56.33],[-135.053,56.538],[-135.019,56.586],[-134.947,56.587],[-134.847,56.689],[-134.961,56.627],[-134.982,56.661],[-134.937,56.716],[-134.985,56.715],[-135.028,56.631],[-135.11,56.602],[-135.112,56.679],[-134.999,56.762],[-135.032,56.775],[-135.188,56.677],[-135.186,56.741],[-135.155,56.746],[-135.159,56.8],[-135.122,56.832],[-135.269,56.789],[-135.368,56.829],[-135.36,56.888],[-135.295,56.892],[-135.375,56.942],[-135.35,56.97],[-135.164,57.014],[-135.165,57.042],[-135.31,57.047],[-135.375,57.093],[-135.35,57.149],[-135.266,57.161],[-135.413,57.158],[-135.334,57.25],[-135.529,57.237],[-135.675,57.359],[-135.475,57.354],[-135.609,57.388],[-135.509,57.46],[-135.515,57.516],[-135.381,57.554],[-135.279,57.511],[-135.396,57.443],[-135.317,57.478],[-135.18,57.481],[-135.142,57.469],[-135.204,57.429],[-135.13,57.441],[-134.995,57.398],[-134.909,57.34],[-134.998,57.347],[-134.95,57.326],[-134.985,57.298],[-134.939,57.3],[-134.923,57.259],[-134.839,57.258],[-134.855,57.216],[-134.808,57.181],[-134.833,57.141],[-134.745,57.052],[-134.69,56.85],[-134.621,56.744]]],[[[-153.212,57.813],[-153.336,57.839],[-153.325,57.859],[-153.542,57.936],[-153.482,57.978],[-153.327,57.927],[-153.212,57.813]]],[[[-152.161,57.627],[-152.363,57.429],[-152.486,57.429],[-152.462,57.469],[-152.531,57.442],[-152.754,57.511],[-152.973,57.518],[-152.911,57.49],[-153.028,57.476],[-153.042,57.429],[-152.832,57.476],[-152.596,57.374],[-152.692,57.283],[-152.732,57.307],[-152.837,57.271],[-152.905,57.319],[-152.882,57.352],[-153.121,57.316],[-153.175,57.351],[-153.173,57.305],[-153.033,57.305],[-152.959,57.257],[-153.096,57.218],[-153.253,57.237],[-153.336,57.188],[-153.391,57.209],[-153.374,57.178],[-153.455,57.117],[-153.486,57.176],[-153.542,57.176],[-153.5,57.168],[-153.527,57.127],[-153.498,57.074],[-153.761,57.052],[-153.591,57.048],[-153.672,57.01],[-153.56,56.987],[-153.627,56.936],[-153.667,56.938],[-153.678,56.977],[-153.779,56.877],[-153.703,56.887],[-153.701,56.864],[-153.838,56.844],[-153.987,56.744],[-154.15,56.751],[-154.064,56.847],[-153.775,56.997],[-153.85,56.969],[-153.852,57.024],[-153.897,56.966],[-153.973,56.963],[-153.898,57.073],[-153.74,57.134],[-153.806,57.154],[-154.1,56.965],[-154.138,57.004],[-154.11,57.038],[-153.96,57.12],[-154.241,57.155],[-154.495,57.114],[-154.413,57.05],[-154.272,57.117],[-154.104,57.114],[-154.158,56.969],[-154.248,56.942],[-154.222,56.925],[-154.238,56.9],[-154.282,56.887],[-154.296,56.915],[-154.299,56.867],[-154.241,56.88],[-154.305,56.856],[-154.328,56.93],[-154.529,56.992],[-154.535,57.175],[-154.602,57.259],[-154.783,57.273],[-154.803,57.291],[-154.758,57.316],[-154.81,57.347],[-154.707,57.34],[-154.734,57.36],[-154.708,57.396],[-154.727,57.429],[-154.644,57.467],[-154.615,57.527],[-154.549,57.545],[-154.521,57.518],[-154.515,57.579],[-154.399,57.566],[-154.447,57.586],[-154.357,57.648],[-154.22,57.676],[-154.019,57.647],[-153.973,57.572],[-154.11,57.545],[-153.935,57.535],[-153.891,57.408],[-153.747,57.303],[-153.631,57.271],[-153.744,57.319],[-153.811,57.412],[-153.809,57.518],[-153.851,57.577],[-153.678,57.545],[-153.885,57.648],[-153.668,57.642],[-153.631,57.6],[-153.585,57.617],[-153.699,57.682],[-153.906,57.711],[-153.925,57.81],[-153.836,57.874],[-153.665,57.895],[-153.574,57.84],[-153.507,57.627],[-153.528,57.723],[-153.44,57.699],[-153.514,57.744],[-153.499,57.761],[-153.446,57.777],[-153.363,57.71],[-153.321,57.731],[-153.459,57.803],[-153.476,57.839],[-153.449,57.847],[-153.211,57.786],[-153.212,57.73],[-153.179,57.71],[-153.199,57.857],[-153.24,57.902],[-153.048,57.833],[-153.295,57.986],[-153.284,58.01],[-153.013,57.929],[-152.983,57.951],[-152.808,57.908],[-152.891,57.874],[-152.857,57.88],[-152.894,57.86],[-152.925,57.768],[-152.886,57.729],[-152.857,57.74],[-152.859,57.814],[-152.818,57.86],[-152.742,57.827],[-152.685,57.888],[-152.624,57.861],[-152.625,57.933],[-152.486,57.911],[-152.428,57.868],[-152.421,57.822],[-152.363,57.847],[-152.329,57.826],[-152.551,57.703],[-152.463,57.723],[-152.494,57.655],[-152.397,57.689],[-152.426,57.614],[-152.161,57.627]]],[[[-136.39,57.964],[-136.392,57.899],[-136.451,57.847],[-136.464,57.895],[-136.506,57.902],[-136.479,57.936],[-136.553,57.925],[-136.513,58.004],[-136.561,58.018],[-136.543,58.066],[-136.475,58.098],[-136.338,58.015],[-136.39,57.964]]],[[[-153.418,58.066],[-153.278,58.147],[-152.891,57.998],[-153.0,57.984],[-153.203,58.03],[-153.263,58.085],[-153.288,58.086],[-153.253,58.052],[-153.418,58.066]]],[[[-151.866,58.258],[-151.793,58.245],[-151.846,58.175],[-151.897,58.193],[-151.866,58.258]]],[[[-135.848,57.394],[-135.854,57.425],[-136.012,57.518],[-135.947,57.516],[-135.78,57.435],[-135.801,57.466],[-136.074,57.607],[-135.991,57.593],[-135.95,57.621],[-136.085,57.649],[-136.115,57.622],[-136.143,57.645],[-136.088,57.689],[-136.208,57.748],[-136.225,57.785],[-136.277,57.775],[-136.362,57.84],[-136.416,57.826],[-136.348,57.929],[-136.364,57.976],[-136.312,57.996],[-136.033,57.847],[-136.41,58.08],[-136.424,58.122],[-136.38,58.14],[-136.273,58.107],[-136.356,58.22],[-136.263,58.217],[-136.183,58.121],[-136.194,58.084],[-136.101,58.059],[-136.165,58.102],[-136.178,58.189],[-136.137,58.223],[-135.965,58.164],[-135.923,58.232],[-135.785,58.276],[-135.485,58.162],[-135.523,58.102],[-135.627,58.041],[-135.783,58.042],[-135.625,58.013],[-135.793,57.984],[-135.656,57.949],[-135.516,58.059],[-135.436,58.08],[-135.458,58.127],[-135.389,58.141],[-135.307,58.121],[-135.317,58.101],[-135.101,58.097],[-135.108,58.072],[-134.925,58.027],[-134.909,57.936],[-134.965,57.886],[-134.916,57.847],[-135.204,57.943],[-134.93,57.813],[-135.014,57.786],[-135.259,57.796],[-135.89,57.998],[-135.792,57.934],[-135.372,57.805],[-135.321,57.758],[-135.364,57.726],[-135.21,57.706],[-135.073,57.752],[-134.914,57.756],[-134.814,57.497],[-134.875,57.49],[-134.847,57.469],[-134.871,57.461],[-135.057,57.467],[-135.813,57.764],[-135.724,57.725],[-135.704,57.676],[-135.807,57.641],[-135.711,57.648],[-135.605,57.607],[-135.57,57.572],[-135.644,57.571],[-135.656,57.552],[-135.578,57.555],[-135.546,57.466],[-135.621,57.449],[-135.599,57.419],[-135.657,57.416],[-135.642,57.388],[-135.691,57.367],[-135.848,57.394]]],[[[-134.597,58.237],[-134.68,58.309],[-134.563,58.345],[-134.482,58.333],[-134.258,58.196],[-134.597,58.237]]],[[[-134.354,57.093],[-134.615,57.01],[-134.599,57.07],[-134.623,57.111],[-134.58,57.155],[-134.633,57.224],[-134.526,57.216],[-134.505,57.237],[-134.583,57.269],[-134.457,57.312],[-134.559,57.353],[-134.556,57.398],[-134.313,57.332],[-134.368,57.374],[-134.306,57.394],[-134.464,57.394],[-134.569,57.492],[-134.354,57.545],[-134.567,57.511],[-134.654,57.598],[-134.716,57.746],[-134.699,57.812],[-134.751,57.99],[-134.806,58.055],[-134.745,58.113],[-134.759,58.148],[-134.731,58.179],[-134.775,58.171],[-134.784,58.111],[-134.908,58.201],[-134.884,58.255],[-134.945,58.279],[-134.961,58.405],[-134.809,58.331],[-134.693,58.168],[-134.177,58.164],[-134.162,58.127],[-134.204,58.127],[-133.888,57.798],[-133.873,57.674],[-133.789,57.589],[-133.826,57.586],[-133.963,57.692],[-134.011,57.807],[-134.088,57.846],[-134.142,57.957],[-134.231,58.031],[-134.155,57.99],[-134.173,58.014],[-134.307,58.098],[-134.265,58.025],[-134.319,58.031],[-134.224,57.97],[-134.317,57.997],[-134.274,57.906],[-134.289,57.837],[-134.209,57.84],[-134.047,57.683],[-134.08,57.662],[-133.938,57.619],[-133.926,57.544],[-133.84,57.463],[-134.073,57.511],[-134.045,57.476],[-134.101,57.476],[-133.977,57.449],[-133.998,57.415],[-133.893,57.435],[-133.865,57.355],[-133.958,57.304],[-134.068,57.357],[-134.094,57.326],[-134.176,57.388],[-134.142,57.305],[-134.073,57.278],[-134.085,57.256],[-134.127,57.265],[-134.167,57.192],[-134.246,57.183],[-134.319,57.12],[-134.361,57.134],[-134.388,57.106],[-134.354,57.093]]],[[[-151.966,58.333],[-151.972,58.237],[-152.117,58.148],[-152.219,58.203],[-152.246,58.268],[-152.277,58.264],[-152.329,58.217],[-152.295,58.197],[-152.37,58.203],[-152.274,58.135],[-152.343,58.107],[-152.455,58.137],[-152.548,58.086],[-152.555,58.21],[-152.577,58.207],[-152.644,58.072],[-152.733,58.053],[-152.767,58.08],[-152.766,58.023],[-152.805,57.992],[-153.014,58.045],[-153.058,58.079],[-153.048,58.107],[-153.167,58.111],[-153.23,58.169],[-153.188,58.22],[-152.905,58.168],[-153.11,58.271],[-153.019,58.307],[-152.795,58.287],[-152.767,58.258],[-152.769,58.332],[-152.801,58.354],[-152.76,58.36],[-152.883,58.409],[-152.774,58.418],[-152.734,58.454],[-152.693,58.432],[-152.651,58.484],[-152.603,58.456],[-152.5,58.463],[-152.527,58.415],[-152.466,58.401],[-152.477,58.361],[-152.406,58.363],[-152.42,58.323],[-152.375,58.345],[-152.349,58.421],[-152.26,58.415],[-152.257,58.372],[-152.212,58.354],[-152.117,58.401],[-152.083,58.374],[-152.154,58.262],[-152.144,58.234],[-152.1,58.312],[-152.066,58.306],[-152.068,58.278],[-152.001,58.352],[-151.966,58.333]]],[[[-152.502,58.473],[-152.664,58.546],[-152.454,58.628],[-152.349,58.628],[-152.363,58.552],[-152.502,58.473]]],[[[-161.062,58.701],[-160.767,58.776],[-160.688,58.819],[-160.898,58.57],[-161.086,58.553],[-161.079,58.63],[-161.172,58.691],[-161.078,58.639],[-161.062,58.701]]],[[[-152.158,58.957],[-152.334,58.912],[-152.363,58.916],[-152.327,58.935],[-152.329,58.971],[-152.158,58.957]]],[[[-150.704,59.395],[-150.609,59.381],[-150.677,59.32],[-150.762,59.317],[-150.78,59.334],[-150.704,59.395]]],[[[-153.525,59.33],[-153.55,59.367],[-153.477,59.405],[-153.398,59.409],[-153.357,59.378],[-153.406,59.339],[-153.525,59.33]]],[[[-150.411,59.446],[-150.294,59.457],[-150.314,59.422],[-150.443,59.402],[-150.411,59.446]]],[[[-144.342,59.985],[-144.209,60.012],[-144.605,59.813],[-144.552,59.873],[-144.342,59.985]]],[[[-148.005,60.047],[-148.081,59.972],[-148.245,59.944],[-148.182,59.964],[-148.223,59.991],[-148.145,59.972],[-148.005,60.047]]],[[[-147.83,60.078],[-147.895,59.99],[-148.046,59.957],[-147.877,60.076],[-147.83,60.078]]],[[[-147.881,60.107],[-148.044,60.07],[-148.059,60.053],[-148.032,60.053],[-148.141,60.012],[-147.966,60.157],[-147.953,60.122],[-147.881,60.107]]],[[[-148.159,60.043],[-148.314,60.032],[-148.19,60.047],[-148.3,60.06],[-148.19,60.088],[-148.286,60.094],[-148.141,60.148],[-148.114,60.129],[-148.05,60.196],[-148.099,60.083],[-148.159,60.043]]],[[[-147.107,60.286],[-146.922,60.313],[-147.01,60.234],[-147.328,60.07],[-147.377,60.016],[-147.367,59.973],[-147.487,59.944],[-147.454,59.896],[-147.492,59.862],[-147.644,59.863],[-147.669,59.819],[-147.915,59.793],[-147.886,59.858],[-147.737,59.903],[-147.805,59.92],[-147.669,59.971],[-147.703,59.998],[-147.425,60.111],[-147.296,60.232],[-147.201,60.242],[-147.19,60.362],[-147.116,60.382],[-147.087,60.376],[-147.12,60.348],[-147.011,60.348],[-147.107,60.286]]],[[[-147.977,60.376],[-148.042,60.287],[-148.135,60.3],[-148.076,60.369],[-147.977,60.376]]],[[[-145.284,60.334],[-145.095,60.416],[-145.123,60.312],[-145.284,60.334]]],[[[-146.189,60.402],[-146.094,60.41],[-146.079,60.402],[-146.224,60.351],[-146.334,60.352],[-146.6,60.245],[-146.682,60.286],[-146.49,60.361],[-146.599,60.375],[-146.656,60.341],[-146.723,60.386],[-146.588,60.484],[-146.353,60.471],[-146.367,60.41],[-146.12,60.427],[-146.189,60.402]]],[[[-147.771,60.41],[-147.84,60.396],[-147.771,60.485],[-147.786,60.431],[-147.71,60.453],[-147.708,60.507],[-147.683,60.471],[-147.635,60.482],[-147.614,60.437],[-147.737,60.396],[-147.625,60.39],[-147.739,60.26],[-147.711,60.251],[-147.741,60.194],[-147.799,60.17],[-147.84,60.194],[-147.792,60.238],[-147.909,60.238],[-147.868,60.273],[-147.909,60.293],[-147.78,60.315],[-147.758,60.341],[-147.875,60.333],[-147.806,60.348],[-147.861,60.377],[-147.771,60.41]]],[[[-151.87,60.485],[-151.963,60.426],[-151.966,60.376],[-152.039,60.35],[-152.09,60.359],[-152.027,60.368],[-151.953,60.508],[-151.87,60.485]]],[[[-145.757,60.629],[-145.773,60.583],[-146.063,60.488],[-146.333,60.465],[-146.286,60.517],[-146.12,60.519],[-145.949,60.567],[-145.97,60.588],[-145.757,60.629]]],[[[-147.498,60.657],[-147.429,60.711],[-147.374,60.665],[-147.313,60.684],[-147.34,60.646],[-147.498,60.657]]],[[[-147.929,60.718],[-147.91,60.745],[-147.847,60.694],[-147.936,60.663],[-148.012,60.725],[-147.95,60.711],[-147.96,60.752],[-147.929,60.718]]],[[[-148.169,60.663],[-148.222,60.706],[-148.197,60.745],[-148.217,60.759],[-148.111,60.738],[-148.108,60.663],[-148.169,60.663]]],[[[-147.912,60.825],[-148.135,60.813],[-148.128,60.858],[-148.07,60.904],[-148.108,60.923],[-147.968,60.906],[-147.912,60.825]]],[[[-162.341,63.602],[-162.359,63.546],[-162.718,63.575],[-162.666,63.617],[-162.428,63.642],[-162.341,63.602]]],[[[-163.176,69.482],[-163.172,69.658],[-163.129,69.682],[-163.168,69.638],[-163.176,69.482]]],[[[-141.529,69.76],[-141.385,69.695],[-141.584,69.766],[-141.898,69.825],[-141.809,69.822],[-141.529,69.76]]],[[[-163.129,69.702],[-163.0,69.856],[-162.841,69.935],[-163.012,69.832],[-163.129,69.702]]],[[[-162.806,69.948],[-162.642,70.066],[-162.556,70.09],[-162.806,69.948]]],[[[-162.485,70.173],[-162.309,70.241],[-162.163,70.27],[-162.344,70.22],[-162.56,70.106],[-162.485,70.173]]],[[[-161.551,70.326],[-161.838,70.343],[-161.977,70.312],[-161.888,70.354],[-161.551,70.326]]],[[[-148.82,70.47],[-149.016,70.485],[-149.313,70.545],[-149.236,70.553],[-148.82,70.47]]],[[[-166.095,53.981],[-166.154,53.955],[-166.196,53.981],[-166.157,53.994],[-166.095,53.981]]],[[[-159.521,54.792],[-159.527,54.759],[-159.569,54.755],[-159.604,54.812],[-159.521,54.792]]],[[[-161.334,55.191],[-161.36,55.163],[-161.44,55.197],[-161.354,55.222],[-161.334,55.191]]],[[[-161.559,55.254],[-161.564,55.208],[-161.692,55.212],[-161.659,55.242],[-161.559,55.254]]],[[[-160.067,55.345],[-160.04,55.307],[-160.109,55.326],[-160.067,55.345]]],[[[-159.333,55.812],[-159.302,55.759],[-159.362,55.786],[-159.333,55.812]]],[[[-156.701,56.066],[-156.695,56.009],[-156.746,56.035],[-156.701,56.066]]],[[[-156.778,56.227],[-156.767,56.168],[-156.792,56.153],[-156.809,56.19],[-156.778,56.227]]],[[[-157.812,56.343],[-157.833,56.314],[-157.898,56.339],[-157.857,56.362],[-157.812,56.343]]],[[[-153.868,57.543],[-153.829,57.451],[-153.844,57.436],[-153.888,57.509],[-153.868,57.543]]],[[[-152.417,57.93],[-152.33,57.907],[-152.369,57.886],[-152.505,57.926],[-152.493,57.962],[-152.432,57.969],[-152.417,57.93]]],[[[-152.744,57.984],[-152.764,57.93],[-152.861,57.955],[-152.833,57.975],[-152.744,57.984]]],[[[-152.782,58.289],[-152.903,58.308],[-152.931,58.329],[-152.846,58.338],[-152.782,58.289]]],[[[-160.301,58.729],[-160.244,58.663],[-160.277,58.637],[-160.316,58.683],[-160.301,58.729]]],[[[-160.406,58.751],[-160.393,58.7],[-160.433,58.685],[-160.406,58.751]]],[[[-150.224,61.17],[-150.178,61.161],[-150.276,61.127],[-150.224,61.17]]],[[[-164.612,63.056],[-164.567,63.046],[-164.612,63.047],[-164.612,63.056]]],[[[-179.144,51.275],[-179.088,51.296],[-179.062,51.248],[-179.119,51.215],[-179.144,51.275]]],[[[-178.986,51.384],[-178.954,51.395],[-178.904,51.354],[-178.987,51.308],[-178.986,51.384]]],[[[-178.787,51.83],[-178.74,51.784],[-178.808,51.747],[-178.859,51.796],[-178.787,51.83]]],[[[-176.265,51.81],[-176.293,51.741],[-176.386,51.737],[-176.409,51.824],[-176.389,51.816],[-176.423,51.851],[-176.303,51.869],[-176.279,51.857],[-176.354,51.83],[-176.265,51.81]]],[[[-176.094,51.859],[-175.998,51.803],[-176.106,51.826],[-176.094,51.796],[-176.136,51.83],[-176.149,51.775],[-176.224,51.844],[-176.19,51.887],[-176.112,51.839],[-176.094,51.859]]],[[[-176.021,51.913],[-175.971,51.898],[-175.957,51.851],[-176.108,51.885],[-176.021,51.913]]],[[[-177.8,51.796],[-177.773,51.775],[-177.81,51.695],[-177.917,51.665],[-177.896,51.604],[-177.933,51.599],[-177.974,51.645],[-178.101,51.665],[-178.08,51.7],[-177.963,51.721],[-177.955,51.764],[-178.214,51.876],[-178.148,51.915],[-177.952,51.925],[-177.841,51.837],[-177.622,51.857],[-177.647,51.821],[-177.8,51.796]]],[[[-177.122,51.933],[-177.047,51.892],[-177.137,51.823],[-177.128,51.747],[-177.157,51.7],[-177.204,51.714],[-177.278,51.68],[-177.436,51.726],[-177.599,51.703],[-177.66,51.653],[-177.705,51.7],[-177.646,51.734],[-177.523,51.72],[-177.292,51.783],[-177.216,51.819],[-177.194,51.93],[-177.122,51.933]]],[[[-175.724,51.974],[-175.662,51.967],[-175.662,51.96],[-175.752,51.939],[-175.724,51.974]]],[[[-176.428,51.834],[-176.416,51.755],[-176.471,51.72],[-176.491,51.754],[-176.588,51.686],[-176.71,51.686],[-176.71,51.617],[-176.751,51.637],[-176.814,51.616],[-176.827,51.72],[-176.917,51.602],[-176.978,51.6],[-176.967,51.669],[-176.82,51.769],[-176.909,51.775],[-176.905,51.808],[-176.704,51.788],[-176.78,51.829],[-176.706,51.86],[-176.779,51.909],[-176.759,51.953],[-176.546,51.98],[-176.549,51.914],[-176.641,51.857],[-176.505,51.824],[-176.464,51.851],[-176.428,51.834]]],[[[-175.95,51.974],[-175.806,51.987],[-175.876,51.969],[-175.95,51.974]]],[[[-176.139,51.994],[-176.195,52.051],[-176.143,52.107],[-176.069,52.108],[-175.996,52.033],[-175.964,52.035],[-176.03,52.013],[-176.043,51.963],[-176.139,51.994]]],[[[-173.353,52.09],[-172.956,52.09],[-173.165,52.056],[-173.239,52.076],[-173.49,52.022],[-173.689,52.069],[-173.836,52.043],[-174.059,52.125],[-173.887,52.138],[-173.901,52.112],[-173.847,52.125],[-173.806,52.09],[-173.765,52.127],[-173.592,52.152],[-173.531,52.145],[-173.545,52.118],[-173.353,52.09]]],[[[-172.441,52.399],[-172.302,52.344],[-172.311,52.316],[-172.529,52.25],[-172.633,52.261],[-172.558,52.351],[-172.441,52.399]]],[[[-174.052,52.241],[-174.203,52.213],[-174.099,52.113],[-174.223,52.125],[-174.216,52.09],[-174.321,52.123],[-174.43,52.11],[-174.374,52.104],[-174.411,52.043],[-174.525,52.097],[-174.49,52.035],[-174.542,52.061],[-174.539,52.035],[-174.627,52.029],[-174.709,52.049],[-174.715,52.017],[-174.888,52.043],[-175.035,52.004],[-175.341,52.015],[-175.161,52.049],[-175.02,52.031],[-175.02,52.075],[-174.975,52.058],[-174.907,52.115],[-174.894,52.089],[-174.855,52.105],[-174.786,52.077],[-174.723,52.125],[-174.602,52.105],[-174.498,52.152],[-174.559,52.179],[-174.413,52.171],[-174.449,52.213],[-174.339,52.186],[-174.228,52.268],[-174.345,52.315],[-174.347,52.282],[-174.416,52.293],[-174.436,52.323],[-174.339,52.336],[-174.347,52.364],[-174.19,52.418],[-174.011,52.358],[-173.992,52.313],[-174.052,52.241]]],[[[-171.256,52.529],[-171.208,52.499],[-171.222,52.463],[-171.312,52.464],[-171.256,52.529]]],[[[-170.605,52.687],[-170.566,52.656],[-170.622,52.594],[-170.837,52.549],[-170.847,52.584],[-170.744,52.679],[-170.605,52.687]]],[[[-170.187,52.783],[-170.056,52.76],[-170.063,52.734],[-170.194,52.727],[-170.187,52.783]]],[[[-169.687,52.872],[-169.679,52.824],[-169.723,52.774],[-169.865,52.821],[-169.964,52.789],[-170.011,52.824],[-169.85,52.883],[-169.687,52.872]]],[[[-170.07,52.919],[-170.014,52.906],[-169.995,52.906],[-170.056,52.857],[-170.125,52.889],[-170.07,52.919]]],[[[-169.693,53.036],[-169.666,53.001],[-169.748,52.947],[-169.753,53.025],[-169.693,53.036]]],[[[-167.857,53.393],[-168.138,53.273],[-168.288,53.243],[-168.466,53.057],[-168.584,53.03],[-168.679,52.96],[-168.775,52.956],[-168.766,52.914],[-168.809,52.933],[-169.036,52.837],[-169.111,52.824],[-168.981,52.878],[-168.953,52.94],[-168.871,52.954],[-168.851,53.022],[-168.772,53.067],[-168.796,53.138],[-168.775,53.171],[-168.623,53.274],[-168.528,53.248],[-168.361,53.271],[-168.351,53.303],[-168.433,53.33],[-168.396,53.367],[-168.407,53.409],[-168.365,53.468],[-168.237,53.53],[-168.008,53.57],[-167.935,53.527],[-167.807,53.52],[-167.808,53.478],[-167.871,53.427],[-167.857,53.393]]],[[[-166.198,53.837],[-166.089,53.845],[-166.13,53.776],[-166.192,53.776],[-166.172,53.748],[-166.226,53.728],[-166.213,53.708],[-166.298,53.76],[-166.291,53.795],[-166.238,53.815],[-166.233,53.783],[-166.198,53.837]]],[[[-166.346,53.783],[-166.289,53.68],[-166.562,53.618],[-166.521,53.585],[-166.576,53.594],[-166.596,53.536],[-166.665,53.598],[-166.637,53.533],[-166.713,53.55],[-166.659,53.491],[-166.734,53.512],[-166.795,53.57],[-166.752,53.451],[-166.805,53.471],[-166.829,53.44],[-166.877,53.482],[-166.918,53.44],[-166.939,53.464],[-166.987,53.427],[-167.007,53.453],[-167.292,53.372],[-167.322,53.33],[-167.459,53.324],[-167.508,53.26],[-167.606,53.281],[-167.665,53.242],[-167.85,53.31],[-167.703,53.385],[-167.487,53.378],[-167.514,53.413],[-167.475,53.434],[-167.322,53.416],[-167.336,53.447],[-167.292,53.476],[-167.159,53.477],[-167.185,53.523],[-166.96,53.536],[-167.144,53.557],[-167.162,53.602],[-167.134,53.632],[-167.048,53.598],[-167.054,53.628],[-166.994,53.618],[-167.062,53.666],[-167.028,53.705],[-166.916,53.716],[-166.863,53.632],[-166.843,53.66],[-166.802,53.632],[-166.829,53.708],[-166.767,53.691],[-166.746,53.701],[-166.787,53.708],[-166.706,53.721],[-166.938,53.77],[-167.038,53.755],[-167.097,53.824],[-167.151,53.824],[-167.163,53.857],[-167.022,53.961],[-166.856,53.968],[-166.754,54.016],[-166.746,53.975],[-166.699,54.008],[-166.635,54.005],[-166.589,53.961],[-166.637,53.923],[-166.633,53.872],[-166.582,53.879],[-166.61,53.831],[-166.489,53.9],[-166.459,53.886],[-166.37,54.008],[-166.373,53.957],[-166.277,53.975],[-166.267,53.913],[-166.219,53.934],[-166.225,53.905],[-166.284,53.869],[-166.337,53.887],[-166.357,53.852],[-166.432,53.831],[-166.424,53.805],[-166.542,53.79],[-166.493,53.77],[-166.575,53.714],[-166.555,53.687],[-166.514,53.728],[-166.476,53.698],[-166.471,53.734],[-166.42,53.759],[-166.377,53.721],[-166.346,53.783]]],[[[-165.267,54.091],[-165.246,54.057],[-165.294,54.044],[-165.486,54.077],[-165.267,54.091]]],[[[-165.822,54.133],[-165.657,54.125],[-165.771,54.071],[-165.839,54.085],[-165.901,54.033],[-165.972,54.071],[-166.041,54.036],[-166.123,54.118],[-166.082,54.18],[-165.946,54.222],[-165.88,54.213],[-165.875,54.174],[-165.815,54.187],[-165.739,54.153],[-165.822,54.133]]],[[[-165.405,54.192],[-165.568,54.112],[-165.61,54.118],[-165.624,54.145],[-165.596,54.174],[-165.632,54.19],[-165.575,54.235],[-165.68,54.249],[-165.627,54.296],[-165.587,54.267],[-165.494,54.296],[-165.562,54.242],[-165.547,54.222],[-165.405,54.192]]],[[[-159.339,54.935],[-159.213,54.931],[-159.209,54.919],[-159.287,54.872],[-159.326,54.908],[-159.298,54.92],[-159.339,54.935]]],[[[-159.39,55.023],[-159.339,54.976],[-159.463,54.948],[-159.455,54.982],[-159.408,54.982],[-159.425,55.03],[-159.483,55.017],[-159.463,55.064],[-159.345,55.051],[-159.39,55.023]]],[[[-159.524,55.071],[-159.494,55.048],[-159.579,55.092],[-159.579,55.051],[-159.659,55.065],[-159.613,55.092],[-159.64,55.134],[-159.577,55.112],[-159.6,55.133],[-159.545,55.15],[-159.606,55.168],[-159.534,55.251],[-159.545,55.198],[-159.507,55.171],[-159.524,55.071]]],[[[-159.901,55.14],[-159.858,55.19],[-159.826,55.181],[-159.88,55.105],[-159.949,55.129],[-159.983,55.099],[-159.946,55.07],[-160.031,55.071],[-160.017,55.045],[-160.208,54.874],[-160.237,54.889],[-160.24,54.927],[-160.093,55.051],[-160.175,55.058],[-160.12,55.071],[-160.195,55.122],[-160.072,55.099],[-160.111,55.161],[-160.018,55.105],[-160.065,55.201],[-159.954,55.176],[-159.977,55.208],[-159.932,55.219],[-159.949,55.252],[-159.887,55.297],[-159.865,55.251],[-159.922,55.222],[-159.901,55.14]]],[[[-163.143,55.441],[-163.152,55.397],[-163.195,55.413],[-163.143,55.441]]],[[[179.4,51.408],[179.472,51.371],[179.243,51.354],[179.246,51.391],[179.077,51.454],[178.96,51.542],[178.735,51.585],[178.636,51.637],[178.683,51.659],[178.92,51.612],[179.123,51.48],[179.195,51.471],[179.24,51.417],[179.294,51.419],[179.28,51.399],[179.4,51.408]]],[[[178.225,51.837],[178.334,51.816],[178.396,51.769],[178.341,51.769],[178.237,51.823],[178.225,51.837]]],[[[178.534,51.987],[178.604,51.938],[178.517,51.896],[178.46,51.944],[178.477,51.986],[178.534,51.987]]],[[[179.781,51.967],[179.747,51.913],[179.642,51.874],[179.498,51.916],[179.486,51.974],[179.637,52.035],[179.781,51.967]]],[[[177.643,52.125],[177.69,52.09],[177.554,51.968],[177.612,51.928],[177.414,51.931],[177.366,51.912],[177.324,51.827],[177.224,51.892],[177.373,51.975],[177.508,51.995],[177.554,52.104],[177.643,52.125]]],[[[175.882,52.378],[175.916,52.378],[175.991,52.358],[175.929,52.339],[175.882,52.378]]],[[[173.791,52.502],[173.713,52.451],[173.743,52.361],[173.661,52.351],[173.628,52.395],[173.389,52.404],[173.625,52.501],[173.791,52.502]]],[[[174.097,52.714],[174.114,52.741],[174.182,52.707],[174.097,52.714]]],[[[173.442,52.858],[173.322,52.811],[173.223,52.844],[173.146,52.788],[173.077,52.828],[172.944,52.75],[172.907,52.755],[172.894,52.796],[172.763,52.796],[172.811,52.888],[172.64,52.869],[172.653,52.924],[172.476,52.927],[172.66,53.009],[172.781,53.016],[172.969,52.974],[173.127,52.995],[173.185,52.968],[173.14,52.927],[173.167,52.913],[173.25,52.944],[173.323,52.916],[173.263,52.872],[173.442,52.858]]],[[[-165.04,54.105],[-164.933,54.114],[-164.976,54.076],[-165.226,54.091],[-165.133,54.133],[-165.04,54.105]]],[[[-162.485,54.414],[-162.368,54.386],[-162.435,54.372],[-162.485,54.414]]],[[[-162.587,54.441],[-162.55,54.386],[-162.656,54.392],[-162.633,54.372],[-162.841,54.461],[-162.814,54.504],[-162.587,54.441]]],[[[-162.434,54.914],[-162.263,54.989],[-162.231,54.907],[-162.279,54.852],[-162.342,54.84],[-162.434,54.914]]],[[[-163.144,54.77],[-163.051,54.664],[-163.156,54.666],[-163.115,54.688],[-163.154,54.701],[-163.228,54.68],[-163.369,54.765],[-163.431,54.735],[-163.449,54.664],[-163.623,54.612],[-163.79,54.638],[-164.133,54.623],[-164.33,54.535],[-164.334,54.488],[-164.406,54.436],[-164.653,54.392],[-164.845,54.423],[-164.91,54.475],[-164.958,54.585],[-164.701,54.678],[-164.547,54.883],[-164.478,54.919],[-164.225,54.895],[-164.157,54.957],[-163.757,55.06],[-163.526,55.044],[-163.54,55.017],[-163.445,54.954],[-163.354,54.777],[-163.144,54.77]]],[[[-161.844,55.171],[-161.641,55.12],[-161.751,55.058],[-161.813,55.085],[-161.783,55.145],[-161.813,55.161],[-161.826,55.099],[-161.908,55.143],[-161.844,55.171]]],[[[-160.325,55.359],[-160.336,55.249],[-160.531,55.325],[-160.487,55.353],[-160.325,55.359]]],[[[-160.58,55.236],[-160.463,55.188],[-160.559,55.188],[-160.511,55.174],[-160.538,55.133],[-160.676,55.168],[-160.683,55.211],[-160.772,55.181],[-160.819,55.12],[-160.854,55.332],[-160.784,55.39],[-160.696,55.407],[-160.659,55.364],[-160.703,55.318],[-160.679,55.307],[-160.61,55.325],[-160.6,55.373],[-160.559,55.393],[-160.536,55.364],[-160.586,55.3],[-160.546,55.25],[-160.58,55.236]]],[[[-160.148,55.386],[-160.259,55.422],[-160.312,55.397],[-160.347,55.417],[-160.305,55.458],[-160.171,55.454],[-160.148,55.386]]],[[[-158.709,55.831],[-158.858,55.863],[-158.887,55.831],[-158.846,55.811],[-158.884,55.805],[-158.909,55.841],[-158.9,55.874],[-158.828,55.897],[-158.709,55.831]]],[[[-169.789,56.62],[-169.474,56.593],[-169.633,56.545],[-169.789,56.62]]],[[[-170.412,57.185],[-170.104,57.25],[-170.169,57.169],[-170.29,57.106],[-170.276,57.148],[-170.385,57.154],[-170.412,57.185]]],[[[-165.582,59.951],[-165.555,59.935],[-165.599,59.91],[-165.755,59.925],[-165.865,59.883],[-165.974,59.904],[-165.979,59.876],[-166.123,59.841],[-166.247,59.854],[-166.267,59.834],[-166.134,59.822],[-166.082,59.779],[-166.182,59.756],[-166.298,59.831],[-166.613,59.856],[-167.021,59.991],[-167.011,60.012],[-167.122,60.001],[-167.254,60.088],[-167.307,60.07],[-167.329,60.129],[-167.453,60.217],[-167.305,60.239],[-166.82,60.218],[-166.802,60.286],[-166.761,60.304],[-166.578,60.315],[-166.559,60.359],[-166.459,60.387],[-166.404,60.348],[-166.185,60.402],[-166.152,60.381],[-166.157,60.437],[-166.109,60.416],[-166.076,60.334],[-165.81,60.346],[-165.684,60.3],[-165.718,60.246],[-165.678,60.211],[-165.733,60.176],[-165.678,60.156],[-165.671,60.122],[-165.726,60.066],[-165.623,60.025],[-165.644,59.998],[-165.613,59.976],[-165.541,59.985],[-165.582,59.951]]],[[[-172.38,60.396],[-172.209,60.313],[-172.385,60.348],[-172.6,60.33],[-173.058,60.498],[-173.038,60.565],[-172.925,60.607],[-172.907,60.528],[-172.812,60.478],[-172.534,60.392],[-172.38,60.396]]],[[[-169.869,63.106],[-169.777,63.035],[-169.932,63.139],[-169.869,63.106]]],[[[-169.441,63.364],[-169.489,63.368],[-169.512,63.374],[-169.529,63.383],[-169.441,63.364]]],[[[-170.296,63.239],[-170.45,63.325],[-170.708,63.395],[-170.485,63.345],[-170.382,63.301],[-170.296,63.239]]],[[[-170.975,63.431],[-171.073,63.437],[-170.784,63.409],[-170.975,63.431]]],[[[-171.09,63.604],[-171.071,63.602],[-171.075,63.602],[-171.09,63.604]]],[[[-171.09,63.604],[-171.158,63.61],[-171.144,63.612],[-171.09,63.604]]],[[[-168.741,63.281],[-168.729,63.234],[-168.851,63.163],[-169.039,63.188],[-169.331,63.165],[-169.145,63.206],[-169.351,63.176],[-169.526,63.091],[-169.577,63.041],[-169.543,62.994],[-169.666,62.945],[-169.756,62.966],[-169.762,63.014],[-169.705,63.04],[-169.817,63.127],[-170.094,63.206],[-170.262,63.198],[-170.218,63.228],[-170.235,63.284],[-170.444,63.359],[-170.796,63.424],[-170.856,63.46],[-171.084,63.445],[-171.439,63.32],[-171.736,63.376],[-171.821,63.442],[-171.853,63.521],[-171.808,63.64],[-171.752,63.664],[-171.728,63.796],[-171.636,63.777],[-171.634,63.7],[-171.407,63.644],[-171.489,63.658],[-171.544,63.623],[-171.487,63.609],[-171.31,63.623],[-171.379,63.637],[-170.937,63.572],[-170.646,63.685],[-170.31,63.699],[-170.082,63.615],[-170.039,63.532],[-170.085,63.486],[-169.657,63.44],[-169.522,63.353],[-169.291,63.359],[-169.187,63.301],[-169.07,63.321],[-169.221,63.349],[-168.686,63.301],[-168.741,63.281]]],[[[-133.545,54.832],[-133.515,54.782],[-133.522,54.767],[-133.545,54.832]]],[[[-131.189,55.103],[-131.19,55.048],[-131.255,55.069],[-131.244,55.093],[-131.189,55.103]]],[[[-133.315,55.405],[-133.269,55.444],[-133.236,55.44],[-133.274,55.404],[-133.315,55.405]]],[[[-152.3,57.374],[-152.256,57.384],[-152.315,57.363],[-152.3,57.374]]],[[[-136.138,58.265],[-136.107,58.303],[-136.045,58.319],[-136.028,58.295],[-136.138,58.265]]],[[[-135.719,58.346],[-135.655,58.38],[-135.569,58.373],[-135.543,58.335],[-135.719,58.346]]],[[[-152.062,58.943],[-152.013,58.94],[-152.075,58.914],[-152.062,58.943]]],[[[-151.714,59.106],[-151.644,59.116],[-151.647,59.104],[-151.714,59.106]]],[[[-151.5,59.137],[-151.428,59.117],[-151.509,59.129],[-151.5,59.137]]],[[[-151.893,59.144],[-151.817,59.171],[-151.789,59.153],[-151.893,59.144]]],[[[-146.324,59.452],[-146.322,59.426],[-146.359,59.41],[-146.359,59.422],[-146.324,59.452]]],[[[-152.563,60.15],[-152.58,60.107],[-152.638,60.167],[-152.605,60.179],[-152.563,60.15]]],[[[-147.36,60.301],[-147.348,60.274],[-147.492,60.229],[-147.494,60.263],[-147.36,60.301]]],[[[-173.072,60.686],[-173.058,60.621],[-173.111,60.664],[-173.072,60.686]]],[[[-146.82,60.842],[-146.762,60.879],[-146.704,60.839],[-146.766,60.802],[-146.82,60.842]]],[[[-147.094,60.898],[-147.083,60.878],[-147.14,60.856],[-147.319,60.877],[-147.227,60.907],[-147.119,60.906],[-147.153,60.874],[-147.094,60.898]]],[[[-165.972,62.072],[-165.948,62.016],[-166.01,62.023],[-165.972,62.072]]],[[[-168.036,64.985],[-168.048,64.959],[-168.097,64.965],[-168.088,64.979],[-168.036,64.985]]],[[[-168.908,65.768],[-168.91,65.74],[-168.952,65.753],[-168.943,65.765],[-168.908,65.768]]],[[[-167.819,65.759],[-167.738,65.777],[-167.849,65.743],[-167.819,65.759]]],[[[-167.671,65.794],[-167.566,65.817],[-167.556,65.817],[-167.731,65.746],[-167.671,65.794]]],[[[-167.232,65.918],[-166.836,66.042],[-167.239,65.909],[-167.232,65.918]]],[[[-166.763,66.071],[-166.187,66.21],[-166.801,66.052],[-166.763,66.071]]],[[[-166.147,66.235],[-166.042,66.26],[-166.156,66.226],[-166.147,66.235]]],[[[-165.97,66.287],[-165.814,66.322],[-166.01,66.258],[-165.97,66.287]]],[[[-165.489,66.409],[-165.601,66.377],[-165.705,66.362],[-165.691,66.371],[-165.489,66.409]]],[[[-165.489,66.409],[-165.448,66.419],[-165.424,66.421],[-165.489,66.409]]],[[[-165.343,66.437],[-165.382,66.426],[-165.423,66.421],[-165.343,66.437]]],[[[-165.343,66.437],[-165.326,66.44],[-165.323,66.44],[-165.343,66.437]]],[[[-164.763,66.546],[-164.867,66.507],[-165.321,66.441],[-165.042,66.494],[-164.763,66.546]]]]},"properties":{"name":"Alaska — 40 release authorisations","count":40}},{"type":"Feature","geometry":{"type":"MultiPolygon","coordinates":[[[[-154.967,19.636],[-154.814,19.507],[-154.875,19.413],[-155.093,19.286],[-155.291,19.26],[-155.503,19.138],[-155.675,18.906],[-155.704,18.949],[-155.878,19.029],[-155.92,19.139],[-155.887,19.36],[-156.06,19.731],[-155.835,19.976],[-155.824,20.02],[-155.897,20.149],[-155.88,20.252],[-155.738,20.244],[-155.712,20.196],[-155.586,20.123],[-155.421,20.09],[-155.168,19.947],[-155.087,19.86],[-155.085,19.727],[-154.99,19.727],[-154.967,19.636]]],[[[-156.562,20.598],[-156.545,20.513],[-156.701,20.525],[-156.609,20.591],[-156.562,20.598]]],[[[-156.893,20.914],[-156.804,20.813],[-156.831,20.764],[-156.962,20.732],[-156.992,20.846],[-157.063,20.89],[-156.99,20.928],[-156.893,20.914]]],[[[-156.002,20.8],[-155.985,20.718],[-156.048,20.651],[-156.303,20.581],[-156.408,20.587],[-156.452,20.636],[-156.464,20.781],[-156.62,20.807],[-156.696,20.916],[-156.666,21.003],[-156.598,21.033],[-156.526,20.987],[-156.482,20.904],[-156.282,20.95],[-156.119,20.836],[-156.002,20.8]]],[[[-156.897,21.165],[-156.706,21.157],[-156.725,21.124],[-156.87,21.053],[-157.304,21.11],[-157.251,21.18],[-157.26,21.222],[-156.99,21.183],[-156.966,21.213],[-156.897,21.165]]],[[[-157.739,21.405],[-157.647,21.306],[-157.704,21.26],[-157.715,21.282],[-157.811,21.254],[-157.895,21.332],[-157.947,21.303],[-157.968,21.348],[-157.932,21.372],[-157.961,21.389],[-157.991,21.391],[-157.99,21.359],[-158.02,21.383],[-157.981,21.319],[-158.094,21.294],[-158.279,21.575],[-158.121,21.586],[-158.014,21.701],[-157.97,21.709],[-157.836,21.534],[-157.842,21.461],[-157.776,21.413],[-157.774,21.454],[-157.726,21.459],[-157.739,21.405]]],[[[-160.114,22.0],[-160.051,21.983],[-160.072,21.911],[-160.172,21.849],[-160.211,21.78],[-160.245,21.851],[-160.124,21.956],[-160.114,22.0]]],[[[-159.301,22.151],[-159.334,21.958],[-159.437,21.869],[-159.605,21.892],[-159.787,22.019],[-159.787,22.066],[-159.717,22.158],[-159.559,22.233],[-159.508,22.208],[-159.358,22.223],[-159.301,22.151]]],[[[-161.941,23.042],[-161.945,23.046],[-161.94,23.046],[-161.941,23.042]]],[[[-164.704,23.579],[-164.699,23.571],[-164.708,23.575],[-164.704,23.579]]],[[[-167.996,25.012],[-168.003,25.015],[-168.0,25.016],[-167.996,25.012]]],[[[-171.741,25.769],[-171.729,25.752],[-171.739,25.756],[-171.741,25.769]]],[[[-173.966,26.059],[-173.959,26.06],[-173.96,26.055],[-173.966,26.059]]],[[[-178.298,28.391],[-178.288,28.393],[-178.304,28.388],[-178.298,28.391]]]]},"properties":{"name":"Hawaii — 4277 release authorisations","count":4277}}]}