{"type":"FeatureCollection","features":[{"type":"Feature","properties":{"iso3":"IDN","name":"Indonesia","ilo169":"not ratified","colonial":"none recorded","land_deal_ha":3606616.0,"debt_pct_gni":31.0,"conquests_made":1},"geometry":{"type":"MultiPolygon","coordinates":[[[[141.0,-2.6],[141.0,-2.8],[141.0,-3.0],[141.0,-3.3],[141.0,-3.6],[141.0,-3.8],[141.0,-4.0],[141.0,-4.2],[141.0,-4.6],[141.0,-4.8],[141.0,-5.0],[141.0,-5.2],[141.0,-5.3],[141.0,-5.4],[141.0,-5.6],[141.0,-5.8],[141.0,-6.0],[141.0,-6.2],[141.0,-6.3],[141.0,-6.4],[140.9,-6.4],[140.9,-6.5],[141.0,-6.5],[140.9,-6.5],[140.9,-6.6],[140.9,-6.7],[140.8,-6.7],[140.9,-6.7],[140.9,-6.8],[140.9,-6.9],[141.0,-6.9],[141.0,-7.0],[141.0,-7.2],[141.0,-7.3],[141.0,-7.6],[141.0,-7.8],[141.0,-8.0],[141.0,-8.2],[141.0,-8.4],[141.0,-8.6],[141.0,-8.8],[141.0,-9.0],[141.0,-9.1],[140.9,-9.1],[140.9,-9.0],[140.6,-8.8],[140.5,-8.6],[140.4,-8.6],[140.4,-8.5],[140.3,-8.5],[140.3,-8.4],[140.0,-8.2],[140.0,-8.1],[140.1,-8.1],[140.1,-8.0],[140.1,-7.9],[140.2,-7.9],[140.1,-7.9],[140.0,-8.0],[140.0,-8.1],[139.9,-8.1],[139.8,-8.1],[139.6,-8.1],[139.5,-8.2],[139.4,-8.2],[139.3,-8.2],[139.3,-8.1],[139.2,-8.1],[139.3,-8.1],[139.2,-8.0],[139.3,-8.0],[139.2,-8.0],[139.2,-8.1],[139.1,-8.1],[139.0,-8.2],[139.0,-8.3],[138.9,-8.3],[138.9,-8.2],[138.8,-8.2],[138.8,-8.1],[138.9,-8.1],[138.9,-8.0],[138.9,-7.9],[139.0,-7.9],[139.0,-7.8],[139.0,-7.7],[139.1,-7.6],[139.1,-7.5],[139.0,-7.5],[138.9,-7.5],[138.9,-7.4],[138.9,-7.3],[138.8,-7.3],[138.7,-7.3],[138.7,-7.2],[138.9,-7.2],[139.0,-7.2],[139.2,-7.2],[139.2,-7.1],[139.2,-7.2],[139.1,-7.2],[139.0,-7.2],[138.9,-7.2],[138.9,-7.1],[138.8,-7.1],[138.7,-7.1],[138.6,-7.0],[138.6,-6.9],[138.7,-6.9],[138.8,-6.9],[138.9,-6.8],[139.0,-6.9],[139.1,-6.9],[139.1,-7.0],[139.2,-7.0],[139.1,-7.0],[139.1,-6.9],[139.0,-6.9],[139.0,-6.8],[138.9,-6.8],[138.8,-6.8],[138.7,-6.7],[138.7,-6.6],[138.7,-6.7],[138.8,-6.7],[138.7,-6.6],[138.6,-6.5],[138.5,-6.4],[138.4,-6.3],[138.4,-6.2],[138.4,-6.1],[138.3,-6.1],[138.3,-6.0],[138.3,-5.9],[138.4,-5.9],[138.4,-5.8],[138.3,-5.8],[138.3,-5.9],[138.2,-5.8],[138.3,-5.7],[138.4,-5.7],[138.3,-5.7],[138.2,-5.7],[138.1,-5.7],[138.1,-5.6],[138.1,-5.5],[138.1,-5.4],[138.0,-5.4],[138.0,-5.5],[138.0,-5.4],[137.9,-5.4],[137.9,-5.3],[137.9,-5.4],[137.8,-5.4],[137.8,-5.3],[137.7,-5.3],[137.7,-5.2],[137.6,-5.2],[137.6,-5.1],[137.5,-5.1],[137.4,-5.1],[137.4,-5.0],[137.3,-5.0],[137.3,-4.9],[137.2,-5.0],[137.1,-4.9],[137.1,-5.0],[137.1,-4.9],[137.0,-4.9],[136.9,-4.9],[137.0,-4.9],[136.9,-4.9],[136.8,-4.9],[136.7,-4.9],[136.7,-4.8],[136.6,-4.8],[136.5,-4.8],[136.5,-4.7],[136.4,-4.7],[136.3,-4.7],[136.2,-4.6],[136.1,-4.6],[136.0,-4.6],[136.0,-4.5],[135.9,-4.5],[135.8,-4.5],[135.7,-4.5],[135.6,-4.5],[135.5,-4.4],[135.4,-4.4],[135.3,-4.4],[135.3,-4.5],[135.2,-4.5],[135.2,-4.4],[135.0,-4.3],[134.9,-4.3],[134.8,-4.3],[134.8,-4.2],[134.7,-4.2],[134.7,-4.1],[134.6,-4.1],[134.7,-4.1],[134.7,-4.0],[134.7,-3.9],[134.8,-3.9],[134.9,-4.0],[135.0,-4.0],[135.0,-3.9],[134.9,-4.0],[134.9,-3.9],[134.8,-3.9],[134.7,-3.9],[134.6,-3.9],[134.6,-4.0],[134.5,-4.0],[134.5,-3.9],[134.4,-3.9],[134.3,-3.9],[134.4,-3.9],[134.3,-3.9],[134.3,-4.0],[134.2,-4.0],[134.2,-3.9],[134.1,-3.9],[134.2,-3.8],[134.1,-3.8],[134.1,-3.7],[134.1,-3.8],[134.0,-3.8],[134.0,-3.9],[134.0,-3.8],[133.9,-3.7],[133.8,-3.6],[133.8,-3.7],[133.7,-3.7],[133.7,-3.6],[133.6,-3.5],[133.7,-3.4],[133.7,-3.3],[133.7,-3.2],[133.8,-3.2],[133.8,-3.1],[133.9,-3.1],[133.9,-3.0],[133.9,-2.9],[133.8,-2.9],[133.8,-3.0],[133.7,-3.1],[133.7,-3.2],[133.7,-3.4],[133.6,-3.4],[133.5,-3.4],[133.5,-3.5],[133.6,-3.5],[133.6,-3.6],[133.5,-3.6],[133.4,-3.7],[133.4,-3.8],[133.5,-3.8],[133.5,-3.9],[133.4,-3.9],[133.3,-4.1],[133.2,-4.1],[133.1,-4.1],[133.0,-4.1],[132.9,-4.1],[132.9,-4.0],[132.8,-4.0],[132.8,-3.9],[132.8,-3.8],[132.7,-3.7],[132.7,-3.6],[132.8,-3.6],[132.9,-3.6],[132.9,-3.5],[132.8,-3.5],[132.8,-3.4],[132.8,-3.3],[132.7,-3.3],[132.6,-3.3],[132.6,-3.2],[132.6,-3.1],[132.5,-3.1],[132.5,-3.0],[132.4,-3.0],[132.3,-3.0],[132.3,-2.9],[132.2,-2.9],[132.1,-2.9],[132.1,-3.0],[132.1,-2.9],[132.0,-2.9],[132.0,-2.8],[132.1,-2.8],[132.1,-2.7],[132.1,-2.8],[132.1,-2.7],[132.2,-2.7],[132.1,-2.7],[132.2,-2.7],[132.3,-2.7],[132.4,-2.7],[132.5,-2.7],[132.6,-2.7],[132.7,-2.8],[132.8,-2.8],[132.8,-2.7],[132.9,-2.7],[132.9,-2.6],[133.0,-2.5],[133.1,-2.4],[133.2,-2.4],[133.3,-2.4],[133.3,-2.5],[133.4,-2.5],[133.4,-2.6],[133.4,-2.7],[133.4,-2.6],[133.4,-2.5],[133.5,-2.5],[133.5,-2.6],[133.5,-2.5],[133.5,-2.6],[133.6,-2.6],[133.6,-2.5],[133.7,-2.6],[133.7,-2.7],[133.7,-2.6],[133.7,-2.5],[133.8,-2.6],[133.8,-2.7],[133.8,-2.6],[133.8,-2.5],[133.7,-2.4],[133.8,-2.4],[133.9,-2.4],[133.9,-2.5],[133.9,-2.4],[134.0,-2.4],[133.9,-2.4],[133.9,-2.3],[134.0,-2.3],[133.9,-2.3],[134.0,-2.3],[134.0,-2.2],[133.9,-2.2],[133.9,-2.3],[133.8,-2.3],[133.8,-2.2],[133.9,-2.2],[133.9,-2.1],[133.8,-2.1],[133.8,-2.2],[133.7,-2.2],[133.6,-2.2],[133.5,-2.2],[133.4,-2.2],[133.3,-2.2],[133.2,-2.2],[133.1,-2.2],[133.0,-2.3],[132.9,-2.3],[132.8,-2.2],[132.8,-2.3],[132.7,-2.3],[132.6,-2.3],[132.6,-2.2],[132.5,-2.2],[132.4,-2.3],[132.3,-2.3],[132.3,-2.2],[132.2,-2.2],[132.1,-2.1],[132.0,-2.1],[132.1,-2.1],[132.1,-2.0],[132.0,-2.0],[132.0,-1.9],[131.9,-1.9],[131.9,-1.8],[132.0,-1.8],[132.0,-1.7],[131.9,-1.7],[131.9,-1.6],[132.0,-1.6],[132.0,-1.5],[131.9,-1.6],[131.8,-1.6],[131.8,-1.5],[131.8,-1.6],[131.7,-1.6],[131.7,-1.5],[131.6,-1.5],[131.5,-1.5],[131.4,-1.5],[131.4,-1.4],[131.3,-1.4],[131.3,-1.5],[131.2,-1.5],[131.1,-1.5],[131.0,-1.5],[131.0,-1.4],[130.9,-1.4],[131.0,-1.4],[131.0,-1.3],[131.1,-1.2],[131.2,-1.2],[131.2,-1.1],[131.3,-1.1],[131.3,-1.0],[131.3,-0.9],[131.2,-0.8],[131.3,-0.8],[131.4,-0.8],[131.5,-0.8],[131.5,-0.7],[131.5,-0.8],[131.6,-0.8],[131.8,-0.7],[131.9,-0.7],[131.9,-0.6],[132.0,-0.6],[132.1,-0.5],[132.2,-0.4],[132.3,-0.4],[132.4,-0.4],[132.4,-0.3],[132.7,-0.4],[132.9,-0.5],[133.0,-0.4],[133.0,-0.5],[133.1,-0.5],[133.2,-0.5],[133.3,-0.6],[133.3,-0.7],[133.4,-0.7],[133.6,-0.7],[133.6,-0.8],[133.6,-0.7],[133.7,-0.7],[133.7,-0.8],[133.8,-0.7],[133.9,-0.7],[134.0,-0.7],[134.1,-0.8],[134.2,-0.9],[134.1,-0.9],[134.0,-1.0],[134.1,-1.0],[134.1,-1.1],[134.1,-1.2],[134.2,-1.2],[134.3,-1.3],[134.3,-1.4],[134.2,-1.4],[134.2,-1.5],[134.2,-1.6],[134.1,-1.6],[134.1,-1.7],[134.1,-1.9],[134.1,-2.0],[134.2,-2.0],[134.1,-2.0],[134.1,-2.1],[134.1,-2.2],[134.2,-2.2],[134.1,-2.2],[134.2,-2.2],[134.2,-2.3],[134.2,-2.4],[134.3,-2.4],[134.3,-2.5],[134.3,-2.6],[134.4,-2.6],[134.4,-2.7],[134.4,-2.8],[134.5,-2.9],[134.5,-2.8],[134.5,-2.7],[134.5,-2.6],[134.5,-2.5],[134.6,-2.5],[134.5,-2.5],[134.6,-2.5],[134.7,-2.6],[134.7,-2.8],[134.7,-3.0],[134.8,-3.0],[134.8,-2.9],[134.9,-2.9],[134.9,-3.0],[134.8,-3.0],[134.8,-3.1],[134.9,-3.1],[134.9,-3.2],[134.9,-3.3],[135.0,-3.2],[135.0,-3.3],[135.1,-3.3],[135.1,-3.4],[135.3,-3.4],[135.4,-3.4],[135.5,-3.4],[135.5,-3.3],[135.6,-3.3],[135.6,-3.2],[135.7,-3.1],[135.8,-3.1],[135.7,-3.1],[135.8,-3.1],[135.8,-3.0],[135.8,-3.1],[135.8,-3.0],[135.9,-3.0],[135.9,-2.9],[136.0,-2.9],[136.0,-2.8],[136.0,-2.7],[136.1,-2.7],[136.2,-2.6],[136.3,-2.6],[136.3,-2.5],[136.3,-2.4],[136.3,-2.3],[136.4,-2.3],[136.4,-2.2],[136.5,-2.2],[136.6,-2.2],[136.6,-2.3],[136.6,-2.2],[136.7,-2.3],[136.7,-2.2],[136.7,-2.3],[136.8,-2.2],[136.9,-2.2],[137.0,-2.1],[137.2,-2.1],[137.2,-2.0],[137.2,-1.9],[137.1,-1.9],[137.1,-1.8],[137.3,-1.7],[137.5,-1.6],[137.8,-1.5],[137.9,-1.5],[138.0,-1.5],[138.0,-1.6],[138.1,-1.6],[138.2,-1.6],[138.4,-1.7],[138.5,-1.8],[138.6,-1.8],[138.7,-1.8],[138.8,-1.9],[138.9,-2.0],[139.1,-2.0],[139.3,-2.1],[139.4,-2.2],[139.5,-2.2],[139.7,-2.3],[139.8,-2.4],[139.9,-2.4],[140.1,-2.4],[140.1,-2.3],[140.2,-2.3],[140.2,-2.4],[140.3,-2.4],[140.3,-2.5],[140.4,-2.4],[140.5,-2.4],[140.6,-2.4],[140.7,-2.5],[140.7,-2.6],[140.8,-2.6],[140.9,-2.6],[141.0,-2.6]]],[[[117.6,4.2],[117.5,4.1],[117.4,4.2],[117.4,4.1],[117.5,4.1],[117.5,4.0],[117.5,4.1],[117.5,4.0],[117.6,4.0],[117.6,3.9],[117.7,3.9],[117.6,3.9],[117.5,3.9],[117.6,3.9],[117.7,3.9],[117.8,3.8],[117.7,3.8],[117.8,3.7],[117.8,3.6],[117.7,3.6],[117.6,3.6],[117.6,3.7],[117.5,3.7],[117.5,3.8],[117.5,3.7],[117.5,3.6],[117.4,3.6],[117.3,3.6],[117.2,3.6],[117.1,3.6],[117.0,3.6],[117.1,3.6],[117.2,3.6],[117.2,3.5],[117.3,3.5],[117.3,3.4],[117.4,3.4],[117.4,3.3],[117.4,3.2],[117.3,3.2],[117.3,3.3],[117.3,3.2],[117.4,3.2],[117.5,3.2],[117.5,3.1],[117.6,3.1],[117.6,3.0],[117.7,3.0],[117.6,2.9],[117.5,2.9],[117.6,2.9],[117.7,2.9],[117.6,2.8],[117.7,2.8],[117.8,2.8],[117.8,2.7],[117.8,2.6],[117.9,2.6],[118.0,2.5],[118.0,2.4],[118.1,2.4],[118.1,2.3],[118.1,2.2],[118.0,2.2],[117.9,2.2],[117.9,2.1],[117.8,2.1],[117.9,2.1],[117.9,2.0],[117.8,2.0],[117.7,2.0],[117.8,2.0],[117.9,2.0],[117.9,1.9],[117.9,1.8],[118.0,1.8],[118.1,1.8],[118.0,1.8],[118.0,1.7],[118.1,1.7],[118.2,1.6],[118.3,1.6],[118.3,1.5],[118.4,1.5],[118.4,1.4],[118.5,1.4],[118.6,1.4],[118.7,1.3],[118.8,1.2],[118.8,1.1],[118.9,1.1],[119.0,1.1],[119.0,1.0],[119.0,0.9],[118.9,0.9],[118.8,0.8],[118.7,0.8],[118.6,0.8],[118.5,0.8],[118.4,0.8],[118.3,0.8],[118.3,0.9],[118.2,0.9],[118.1,0.9],[118.0,1.0],[118.0,1.1],[117.9,1.1],[117.9,1.0],[118.0,1.0],[118.0,0.9],[118.0,0.8],[117.9,0.8],[117.8,0.8],[117.7,0.7],[117.7,0.6],[117.6,0.5],[117.6,0.4],[117.6,0.3],[117.5,0.3],[117.5,0.2],[117.5,0.1],[117.5,0.0],[117.5,-0.1],[117.5,-0.2],[117.4,-0.2],[117.4,-0.3],[117.5,-0.3],[117.5,-0.4],[117.5,-0.5],[117.4,-0.5],[117.5,-0.5],[117.6,-0.4],[117.6,-0.5],[117.6,-0.6],[117.5,-0.6],[117.6,-0.6],[117.6,-0.7],[117.5,-0.7],[117.6,-0.7],[117.5,-0.7],[117.6,-0.7],[117.6,-0.8],[117.5,-0.8],[117.4,-0.8],[117.5,-0.9],[117.4,-0.9],[117.4,-0.8],[117.4,-0.9],[117.3,-0.9],[117.3,-0.8],[117.3,-0.9],[117.2,-0.9],[117.2,-1.0],[117.1,-1.1],[117.0,-1.1],[117.0,-1.2],[116.9,-1.3],[116.8,-1.3],[116.8,-1.2],[116.7,-1.1],[116.8,-1.0],[116.7,-1.0],[116.7,-1.1],[116.7,-1.2],[116.8,-1.2],[116.7,-1.2],[116.8,-1.2],[116.8,-1.3],[116.8,-1.4],[116.7,-1.4],[116.6,-1.4],[116.5,-1.5],[116.6,-1.6],[116.5,-1.6],[116.4,-1.7],[116.3,-1.7],[116.3,-1.8],[116.2,-1.8],[116.3,-1.8],[116.4,-1.8],[116.5,-1.9],[116.5,-2.0],[116.4,-2.1],[116.3,-2.1],[116.3,-2.2],[116.3,-2.1],[116.4,-2.1],[116.4,-2.2],[116.5,-2.2],[116.6,-2.2],[116.6,-2.4],[116.5,-2.5],[116.5,-2.6],[116.5,-2.5],[116.4,-2.5],[116.3,-2.5],[116.3,-2.6],[116.4,-2.6],[116.4,-2.7],[116.4,-2.8],[116.4,-2.9],[116.3,-2.9],[116.3,-3.0],[116.2,-3.0],[116.2,-2.9],[116.2,-2.8],[116.1,-2.8],[116.1,-2.9],[116.1,-3.0],[116.2,-3.0],[116.2,-3.1],[116.3,-3.1],[116.2,-3.1],[116.2,-3.2],[116.2,-3.3],[116.1,-3.3],[116.2,-3.3],[116.2,-3.2],[116.1,-3.2],[116.1,-3.3],[116.0,-3.4],[116.0,-3.5],[116.0,-3.6],[115.9,-3.6],[115.8,-3.6],[115.8,-3.7],[115.6,-3.8],[115.3,-3.9],[115.1,-4.0],[114.9,-4.1],[114.7,-4.2],[114.6,-4.2],[114.6,-4.1],[114.6,-4.0],[114.6,-3.9],[114.6,-3.7],[114.6,-3.6],[114.5,-3.6],[114.5,-3.5],[114.6,-3.3],[114.5,-3.4],[114.5,-3.5],[114.4,-3.5],[114.3,-3.4],[114.3,-3.3],[114.4,-3.2],[114.3,-3.2],[114.3,-3.3],[114.2,-3.4],[114.1,-3.4],[114.1,-3.3],[114.1,-3.2],[114.1,-3.3],[114.0,-3.4],[113.9,-3.4],[113.8,-3.5],[113.7,-3.5],[113.6,-3.5],[113.6,-3.4],[113.6,-3.3],[113.6,-3.2],[113.5,-3.2],[113.4,-3.2],[113.4,-3.3],[113.4,-3.2],[113.3,-3.2],[113.4,-3.3],[113.3,-3.2],[113.2,-3.2],[113.2,-3.1],[113.1,-3.1],[113.1,-3.0],[113.0,-2.9],[113.0,-3.0],[113.0,-3.1],[112.9,-3.1],[113.0,-3.1],[113.0,-3.2],[112.7,-3.4],[112.6,-3.4],[112.5,-3.4],[112.4,-3.3],[112.3,-3.3],[112.2,-3.3],[112.1,-3.4],[112.0,-3.5],[111.9,-3.6],[111.8,-3.5],[111.8,-3.4],[111.8,-3.2],[111.8,-3.1],[111.8,-3.0],[111.8,-2.9],[111.8,-2.8],[111.7,-2.8],[111.8,-2.8],[111.8,-2.7],[111.7,-2.7],[111.7,-2.8],[111.7,-2.9],[111.6,-3.0],[111.5,-3.0],[111.5,-2.9],[111.4,-2.9],[111.3,-2.9],[111.1,-3.1],[111.0,-3.1],[110.9,-3.1],[110.8,-3.0],[110.8,-2.9],[110.9,-2.9],[111.0,-2.9],[110.9,-2.9],[110.8,-2.9],[110.8,-3.0],[110.7,-3.1],[110.6,-3.1],[110.6,-3.0],[110.6,-2.9],[110.5,-2.9],[110.4,-2.9],[110.3,-3.0],[110.2,-3.0],[110.2,-2.9],[110.2,-2.8],[110.2,-2.7],[110.2,-2.6],[110.3,-2.6],[110.3,-2.5],[110.2,-2.5],[110.2,-2.4],[110.1,-2.3],[110.1,-2.2],[110.1,-2.1],[110.1,-2.0],[110.1,-1.9],[110.0,-1.9],[109.9,-1.8],[110.0,-1.7],[110.0,-1.6],[110.1,-1.4],[110.1,-1.3],[110.0,-1.3],[109.9,-1.3],[110.0,-1.2],[109.9,-1.2],[109.9,-1.1],[109.8,-1.1],[109.8,-1.0],[109.7,-1.0],[109.7,-0.9],[109.8,-0.9],[109.7,-0.9],[109.7,-1.0],[109.6,-1.0],[109.6,-0.9],[109.5,-0.9],[109.4,-0.8],[109.4,-0.9],[109.3,-0.9],[109.2,-0.7],[109.3,-0.7],[109.4,-0.7],[109.5,-0.7],[109.4,-0.7],[109.4,-0.6],[109.3,-0.6],[109.2,-0.6],[109.2,-0.5],[109.1,-0.5],[109.1,-0.4],[109.1,-0.3],[109.0,-0.2],[109.1,-0.2],[109.2,-0.2],[109.2,-0.1],[109.2,-0.0],[109.3,0.0],[109.2,0.1],[109.1,0.2],[109.0,0.3],[108.9,0.3],[108.9,0.4],[108.9,0.5],[108.9,0.6],[108.9,0.7],[108.9,0.8],[108.9,0.9],[109.0,0.9],[109.0,1.0],[108.9,1.1],[108.9,1.2],[109.0,1.2],[109.1,1.2],[109.1,1.3],[109.2,1.3],[109.2,1.4],[109.3,1.4],[109.2,1.4],[109.2,1.3],[109.1,1.3],[109.1,1.2],[109.0,1.2],[109.0,1.3],[109.1,1.4],[109.1,1.5],[109.1,1.6],[109.3,1.7],[109.3,1.8],[109.3,1.9],[109.4,1.9],[109.4,2.0],[109.6,2.0],[109.6,2.1],[109.6,2.0],[109.6,1.9],[109.5,1.9],[109.5,1.8],[109.6,1.8],[109.6,1.7],[109.6,1.6],[109.7,1.6],[109.8,1.5],[109.8,1.4],[109.9,1.4],[110.0,1.3],[110.1,1.2],[110.2,1.2],[110.2,1.1],[110.3,1.0],[110.4,1.0],[110.4,0.9],[110.5,0.9],[110.6,0.9],[110.7,0.9],[110.8,0.9],[110.9,1.0],[111.0,1.0],[111.2,1.1],[111.4,1.0],[111.5,1.0],[111.6,1.0],[111.7,1.0],[111.8,1.0],[111.9,1.1],[112.0,1.1],[112.1,1.1],[112.1,1.2],[112.2,1.3],[112.2,1.4],[112.3,1.5],[112.4,1.5],[112.4,1.6],[112.5,1.6],[112.8,1.6],[112.8,1.5],[112.8,1.6],[112.9,1.6],[113.0,1.6],[113.0,1.5],[113.0,1.4],[113.1,1.4],[113.2,1.4],[113.3,1.4],[113.4,1.3],[113.5,1.3],[113.6,1.2],[113.8,1.3],[113.9,1.4],[114.1,1.5],[114.1,1.4],[114.2,1.4],[114.4,1.5],[114.5,1.4],[114.6,1.5],[114.6,1.6],[114.7,1.6],[114.7,1.7],[114.7,1.8],[114.7,1.9],[114.8,1.9],[114.8,2.0],[114.8,2.1],[114.8,2.2],[114.8,2.3],[114.9,2.3],[114.9,2.4],[115.0,2.4],[115.1,2.4],[115.1,2.5],[115.2,2.5],[115.2,2.6],[115.1,2.6],[115.1,2.7],[115.1,2.8],[115.1,2.9],[115.2,3.0],[115.3,3.0],[115.4,3.0],[115.5,3.0],[115.5,3.1],[115.5,3.2],[115.5,3.4],[115.6,3.4],[115.6,3.5],[115.5,3.6],[115.5,3.7],[115.6,3.7],[115.6,3.8],[115.6,3.9],[115.5,3.9],[115.6,3.9],[115.6,4.0],[115.6,4.1],[115.6,4.2],[115.7,4.2],[115.8,4.2],[115.8,4.3],[115.8,4.4],[115.9,4.4],[115.9,4.3],[116.0,4.3],[116.1,4.3],[116.1,4.4],[116.2,4.4],[116.3,4.4],[116.4,4.4],[116.4,4.3],[116.5,4.3],[116.5,4.4],[116.6,4.3],[116.7,4.3],[116.7,4.4],[116.8,4.3],[116.9,4.3],[117.0,4.3],[117.2,4.3],[117.2,4.4],[117.2,4.3],[117.3,4.3],[117.4,4.3],[117.4,4.2],[117.5,4.2],[117.6,4.2]]],[[[119.8,-0.9],[119.9,-0.8],[119.9,-0.7],[119.8,-0.7],[119.8,-0.6],[119.8,-0.5],[119.8,-0.2],[119.8,-0.1],[119.7,-0.1],[119.6,-0.1],[119.6,-0.0],[119.7,0.0],[119.8,-0.1],[119.9,-0.0],[119.9,0.1],[119.8,0.2],[119.8,0.3],[119.9,0.3],[119.9,0.4],[119.9,0.5],[120.0,0.5],[120.0,0.6],[120.0,0.7],[120.1,0.7],[120.1,0.8],[120.2,0.8],[120.2,0.9],[120.3,1.0],[120.3,0.9],[120.4,0.9],[120.4,0.8],[120.5,0.8],[120.6,0.8],[120.6,0.9],[120.7,1.0],[120.8,1.0],[120.8,1.1],[120.8,1.2],[120.8,1.3],[120.9,1.3],[120.9,1.4],[120.9,1.3],[121.0,1.3],[121.1,1.3],[121.2,1.3],[121.3,1.2],[121.3,1.3],[121.4,1.3],[121.5,1.3],[121.5,1.2],[121.4,1.2],[121.5,1.2],[121.5,1.1],[121.6,1.1],[121.9,1.1],[122.0,1.0],[122.0,1.1],[122.1,1.1],[122.1,1.0],[122.2,1.0],[122.3,1.0],[122.4,1.0],[122.5,1.0],[122.6,1.0],[122.7,0.9],[122.8,0.9],[122.8,0.8],[122.9,0.8],[122.9,0.9],[123.0,0.9],[123.0,1.0],[123.1,0.9],[123.2,0.9],[123.2,1.0],[123.2,0.9],[123.3,1.0],[123.3,0.9],[123.4,0.9],[123.5,0.9],[123.6,0.9],[123.7,0.9],[123.8,0.8],[123.9,0.8],[124.0,0.8],[123.9,0.9],[124.0,0.9],[124.1,0.9],[124.2,0.9],[124.2,1.0],[124.3,1.0],[124.3,1.1],[124.4,1.2],[124.5,1.2],[124.6,1.2],[124.6,1.3],[124.5,1.3],[124.5,1.4],[124.6,1.4],[124.7,1.4],[124.8,1.4],[124.8,1.5],[124.9,1.5],[124.8,1.5],[124.8,1.6],[124.9,1.7],[125.0,1.7],[125.1,1.7],[125.2,1.7],[125.2,1.6],[125.2,1.5],[125.2,1.4],[125.1,1.4],[125.1,1.3],[125.0,1.2],[125.0,1.1],[124.9,1.0],[124.8,0.9],[124.7,0.9],[124.7,0.8],[124.6,0.8],[124.6,0.7],[124.6,0.6],[124.5,0.6],[124.5,0.5],[124.5,0.4],[124.4,0.5],[124.4,0.4],[124.3,0.4],[124.2,0.4],[124.1,0.4],[124.0,0.4],[124.0,0.3],[123.9,0.3],[123.8,0.3],[123.7,0.3],[123.6,0.3],[123.5,0.3],[123.4,0.3],[123.3,0.3],[123.2,0.3],[123.2,0.4],[123.1,0.4],[123.1,0.5],[123.0,0.5],[122.8,0.5],[122.7,0.5],[122.6,0.5],[122.7,0.5],[122.6,0.5],[122.3,0.5],[122.2,0.5],[122.1,0.5],[122.0,0.5],[122.0,0.4],[121.9,0.4],[121.8,0.4],[121.7,0.5],[121.6,0.5],[121.6,0.6],[121.6,0.5],[121.5,0.5],[121.4,0.5],[121.3,0.5],[121.2,0.5],[121.1,0.4],[121.0,0.4],[120.9,0.4],[120.9,0.5],[120.8,0.5],[120.7,0.5],[120.5,0.5],[120.4,0.5],[120.3,0.4],[120.2,0.3],[120.2,0.2],[120.1,0.2],[120.1,0.1],[120.1,0.0],[120.0,-0.1],[120.0,-0.2],[120.0,-0.4],[120.1,-0.4],[120.1,-0.5],[120.0,-0.5],[120.1,-0.5],[120.1,-0.6],[120.1,-0.7],[120.2,-0.9],[120.3,-0.9],[120.4,-0.9],[120.4,-1.0],[120.5,-1.0],[120.6,-1.1],[120.6,-1.2],[120.6,-1.3],[120.6,-1.4],[120.7,-1.4],[120.8,-1.3],[120.8,-1.4],[120.9,-1.4],[121.0,-1.4],[121.1,-1.4],[121.2,-1.3],[121.2,-1.2],[121.3,-1.2],[121.3,-1.1],[121.4,-1.0],[121.4,-0.9],[121.5,-0.9],[121.5,-0.8],[121.6,-0.8],[121.7,-0.8],[121.7,-0.9],[121.8,-0.9],[121.9,-1.0],[122.0,-0.9],[122.1,-0.9],[122.2,-0.9],[122.2,-0.8],[122.4,-0.8],[122.5,-0.8],[122.5,-0.7],[122.6,-0.8],[122.7,-0.8],[122.8,-0.8],[122.9,-0.8],[123.0,-0.7],[122.9,-0.7],[122.8,-0.7],[122.7,-0.7],[122.7,-0.6],[122.8,-0.6],[122.9,-0.6],[123.0,-0.6],[123.1,-0.6],[123.2,-0.6],[123.3,-0.6],[123.4,-0.6],[123.4,-0.7],[123.5,-0.8],[123.4,-0.8],[123.4,-0.9],[123.4,-1.0],[123.3,-1.1],[123.3,-1.0],[123.2,-1.0],[123.1,-0.9],[123.2,-0.9],[123.1,-0.9],[123.1,-0.8],[123.1,-0.9],[123.0,-0.9],[122.9,-0.9],[122.8,-0.9],[122.8,-1.0],[122.7,-1.1],[122.6,-1.2],[122.6,-1.3],[122.5,-1.3],[122.5,-1.4],[122.4,-1.4],[122.4,-1.5],[122.3,-1.5],[122.2,-1.6],[122.1,-1.6],[122.0,-1.6],[122.0,-1.7],[121.9,-1.7],[121.8,-1.7],[121.8,-1.8],[121.7,-1.9],[121.6,-1.9],[121.5,-1.9],[121.4,-1.8],[121.3,-1.8],[121.3,-1.9],[121.3,-2.0],[121.4,-2.0],[121.4,-1.9],[121.4,-2.0],[121.5,-2.0],[121.5,-2.1],[121.6,-2.1],[121.6,-2.2],[121.7,-2.2],[121.8,-2.2],[121.8,-2.3],[121.9,-2.4],[121.9,-2.5],[122.0,-2.5],[122.0,-2.6],[122.0,-2.7],[122.1,-2.7],[122.1,-2.8],[122.2,-2.8],[122.2,-2.9],[122.3,-2.9],[122.3,-3.0],[122.3,-3.1],[122.4,-3.1],[122.5,-3.2],[122.5,-3.1],[122.5,-3.2],[122.4,-3.2],[122.3,-3.2],[122.3,-3.3],[122.4,-3.4],[122.3,-3.4],[122.3,-3.5],[122.2,-3.5],[122.2,-3.6],[122.3,-3.7],[122.4,-3.7],[122.5,-3.7],[122.5,-3.8],[122.5,-3.9],[122.6,-3.9],[122.7,-3.9],[122.6,-3.9],[122.6,-4.0],[122.7,-4.0],[122.7,-4.1],[122.8,-4.1],[122.8,-4.0],[122.8,-4.1],[122.9,-4.1],[122.9,-4.2],[122.9,-4.3],[122.9,-4.4],[122.8,-4.4],[122.7,-4.3],[122.7,-4.4],[122.8,-4.4],[122.8,-4.5],[122.7,-4.5],[122.7,-4.4],[122.6,-4.4],[122.5,-4.4],[122.4,-4.4],[122.4,-4.5],[122.3,-4.5],[122.2,-4.5],[122.1,-4.5],[122.1,-4.6],[122.0,-4.6],[122.0,-4.7],[122.1,-4.7],[122.1,-4.8],[122.0,-4.9],[121.9,-4.8],[121.8,-4.8],[121.7,-4.8],[121.6,-4.8],[121.6,-4.7],[121.5,-4.7],[121.5,-4.6],[121.5,-4.5],[121.5,-4.4],[121.5,-4.3],[121.5,-4.2],[121.6,-4.2],[121.6,-4.3],[121.6,-4.2],[121.6,-4.1],[121.6,-4.0],[121.4,-4.0],[121.3,-3.9],[121.2,-3.9],[121.3,-3.9],[121.3,-3.8],[121.2,-3.8],[121.1,-3.7],[120.9,-3.5],[120.9,-3.4],[120.9,-3.3],[121.0,-3.3],[121.0,-3.2],[121.1,-3.2],[121.1,-3.1],[121.0,-3.1],[121.1,-3.0],[121.1,-2.9],[121.0,-2.9],[121.0,-2.8],[121.1,-2.8],[121.0,-2.7],[120.9,-2.6],[120.8,-2.6],[120.7,-2.6],[120.6,-2.7],[120.5,-2.7],[120.3,-2.9],[120.2,-3.0],[120.3,-3.1],[120.3,-3.2],[120.4,-3.2],[120.4,-3.3],[120.4,-3.4],[120.4,-3.5],[120.4,-3.6],[120.4,-3.7],[120.4,-3.8],[120.4,-3.9],[120.4,-4.1],[120.4,-4.2],[120.4,-4.3],[120.4,-4.4],[120.4,-4.5],[120.4,-4.6],[120.4,-4.7],[120.4,-4.8],[120.3,-4.8],[120.3,-4.9],[120.3,-5.0],[120.3,-5.1],[120.3,-5.2],[120.3,-5.3],[120.4,-5.3],[120.4,-5.4],[120.4,-5.5],[120.4,-5.6],[120.5,-5.6],[120.4,-5.6],[120.4,-5.5],[120.3,-5.5],[120.2,-5.5],[120.2,-5.6],[120.1,-5.6],[120.0,-5.6],[119.9,-5.6],[119.8,-5.7],[119.7,-5.7],[119.6,-5.7],[119.6,-5.6],[119.6,-5.7],[119.6,-5.6],[119.5,-5.6],[119.4,-5.6],[119.4,-5.5],[119.4,-5.4],[119.4,-5.3],[119.4,-5.2],[119.4,-5.1],[119.5,-5.1],[119.5,-5.0],[119.5,-4.9],[119.5,-4.8],[119.5,-4.7],[119.6,-4.6],[119.6,-4.4],[119.6,-4.3],[119.6,-4.2],[119.6,-4.1],[119.6,-4.0],[119.6,-3.9],[119.5,-3.8],[119.5,-3.7],[119.5,-3.6],[119.5,-3.5],[119.4,-3.5],[119.4,-3.4],[119.3,-3.4],[119.2,-3.5],[119.1,-3.5],[119.0,-3.5],[119.0,-3.6],[119.0,-3.5],[118.9,-3.6],[118.9,-3.5],[118.9,-3.4],[118.8,-3.4],[118.8,-3.3],[118.9,-3.3],[118.8,-3.3],[118.8,-3.2],[118.8,-3.1],[118.9,-3.1],[118.9,-3.0],[118.9,-2.9],[118.9,-2.8],[118.8,-2.8],[118.8,-2.9],[118.8,-2.8],[118.8,-2.7],[118.8,-2.6],[118.9,-2.6],[118.9,-2.7],[118.9,-2.6],[119.0,-2.6],[119.0,-2.5],[119.1,-2.5],[119.1,-2.4],[119.1,-2.3],[119.1,-2.2],[119.2,-2.1],[119.2,-2.0],[119.3,-2.0],[119.4,-1.9],[119.4,-1.8],[119.3,-1.8],[119.3,-1.7],[119.3,-1.6],[119.3,-1.5],[119.3,-1.4],[119.3,-1.3],[119.3,-1.2],[119.4,-1.2],[119.4,-1.1],[119.5,-1.1],[119.5,-1.0],[119.5,-0.9],[119.6,-0.8],[119.7,-0.7],[119.7,-0.6],[119.8,-0.7],[119.8,-0.8],[119.8,-0.9]]],[[[100.9,1.8],[100.9,1.9],[100.9,2.0],[100.8,2.1],[100.8,2.2],[100.8,2.3],[100.9,2.3],[101.1,2.3],[101.1,2.2],[101.2,2.1],[101.3,2.0],[101.3,1.9],[101.4,1.9],[101.4,1.8],[101.4,1.7],[101.5,1.7],[101.6,1.7],[101.7,1.7],[101.8,1.6],[102.0,1.4],[102.1,1.4],[102.2,1.3],[102.1,1.3],[102.1,1.2],[102.2,1.2],[102.2,1.1],[102.2,1.0],[102.3,0.9],[102.4,0.8],[102.5,0.8],[102.5,0.7],[102.6,0.7],[102.7,0.8],[102.8,0.7],[102.9,0.7],[103.0,0.7],[103.1,0.6],[103.1,0.5],[103.1,0.4],[103.0,0.4],[102.9,0.4],[102.9,0.3],[102.7,0.3],[102.6,0.2],[102.5,0.2],[102.4,0.2],[102.5,0.2],[102.6,0.2],[102.7,0.2],[102.8,0.2],[102.8,0.3],[102.9,0.3],[103.0,0.3],[103.1,0.4],[103.2,0.4],[103.2,0.5],[103.3,0.5],[103.4,0.5],[103.5,0.5],[103.5,0.4],[103.6,0.4],[103.6,0.3],[103.7,0.3],[103.8,0.2],[103.8,0.0],[103.7,-0.0],[103.6,-0.0],[103.6,-0.1],[103.5,-0.1],[103.5,-0.2],[103.4,-0.2],[103.3,-0.2],[103.3,-0.3],[103.4,-0.2],[103.5,-0.2],[103.5,-0.3],[103.4,-0.3],[103.3,-0.4],[103.4,-0.4],[103.5,-0.4],[103.6,-0.4],[103.6,-0.5],[103.5,-0.5],[103.4,-0.5],[103.4,-0.4],[103.4,-0.5],[103.4,-0.6],[103.4,-0.7],[103.3,-0.7],[103.4,-0.7],[103.5,-0.8],[103.4,-0.8],[103.5,-0.8],[103.6,-0.9],[103.7,-0.9],[103.7,-1.0],[103.8,-1.0],[103.8,-1.1],[103.8,-1.0],[103.9,-1.0],[104.0,-1.0],[104.1,-1.0],[104.2,-1.1],[104.3,-1.1],[104.3,-1.0],[104.4,-1.0],[104.4,-1.1],[104.4,-1.2],[104.4,-1.3],[104.5,-1.4],[104.5,-1.5],[104.5,-1.6],[104.5,-1.7],[104.5,-1.8],[104.5,-1.9],[104.6,-1.9],[104.6,-2.0],[104.7,-2.0],[104.8,-2.0],[104.9,-2.0],[104.9,-2.1],[104.9,-2.2],[104.8,-2.2],[104.8,-2.3],[104.7,-2.3],[104.7,-2.4],[104.6,-2.4],[104.7,-2.4],[104.7,-2.5],[104.7,-2.6],[104.6,-2.6],[104.6,-2.7],[104.5,-2.7],[104.5,-2.8],[104.6,-2.7],[104.6,-2.6],[104.7,-2.6],[104.8,-2.6],[104.8,-2.5],[104.8,-2.4],[104.8,-2.3],[104.9,-2.3],[104.9,-2.4],[104.9,-2.3],[105.0,-2.3],[105.0,-2.4],[105.1,-2.4],[105.2,-2.3],[105.3,-2.3],[105.3,-2.4],[105.4,-2.4],[105.5,-2.4],[105.6,-2.4],[105.5,-2.4],[105.6,-2.4],[105.6,-2.5],[105.6,-2.6],[105.7,-2.6],[105.7,-2.7],[105.8,-2.7],[105.8,-2.9],[105.9,-3.0],[106.0,-3.0],[106.1,-3.0],[106.1,-3.1],[106.1,-3.2],[106.1,-3.3],[106.0,-3.3],[105.9,-3.4],[105.9,-3.5],[105.8,-3.7],[105.9,-3.7],[105.9,-3.8],[106.0,-3.8],[106.0,-3.9],[105.9,-3.9],[105.9,-4.0],[105.9,-4.1],[105.8,-4.1],[105.8,-4.2],[105.8,-4.3],[105.8,-4.4],[105.9,-4.4],[105.9,-4.5],[105.9,-4.6],[105.9,-4.7],[105.9,-4.8],[105.9,-4.9],[105.9,-5.0],[105.9,-5.1],[105.9,-5.2],[105.9,-5.3],[105.8,-5.3],[105.8,-5.4],[105.8,-5.5],[105.8,-5.6],[105.8,-5.7],[105.8,-5.8],[105.8,-5.9],[105.7,-5.9],[105.7,-5.8],[105.6,-5.8],[105.6,-5.7],[105.5,-5.7],[105.4,-5.6],[105.3,-5.5],[105.3,-5.4],[105.3,-5.5],[105.2,-5.5],[105.3,-5.5],[105.2,-5.5],[105.2,-5.6],[105.2,-5.7],[105.2,-5.8],[105.1,-5.8],[105.1,-5.7],[104.9,-5.7],[104.8,-5.6],[104.7,-5.5],[104.6,-5.5],[104.5,-5.5],[104.5,-5.6],[104.7,-5.8],[104.7,-5.9],[104.6,-5.9],[104.5,-5.8],[104.4,-5.8],[104.4,-5.7],[104.3,-5.6],[104.3,-5.5],[104.2,-5.5],[104.1,-5.5],[104.1,-5.4],[104.0,-5.4],[104.0,-5.3],[104.0,-5.2],[103.9,-5.2],[103.9,-5.1],[103.8,-5.1],[103.8,-5.0],[103.7,-5.0],[103.6,-4.9],[103.5,-4.9],[103.4,-4.9],[103.4,-4.8],[103.3,-4.8],[103.3,-4.7],[103.2,-4.6],[103.0,-4.5],[102.9,-4.5],[102.9,-4.4],[102.7,-4.3],[102.5,-4.2],[102.4,-4.0],[102.3,-4.0],[102.3,-3.9],[102.3,-3.8],[102.3,-3.7],[102.2,-3.7],[102.2,-3.6],[102.1,-3.6],[101.9,-3.4],[101.6,-3.3],[101.6,-3.2],[101.4,-2.9],[101.3,-2.7],[101.2,-2.6],[101.1,-2.6],[101.0,-2.5],[100.9,-2.3],[100.8,-2.2],[100.8,-2.1],[100.9,-2.1],[100.9,-2.0],[100.9,-1.9],[100.8,-1.9],[100.8,-1.8],[100.7,-1.7],[100.7,-1.6],[100.6,-1.6],[100.6,-1.5],[100.6,-1.4],[100.6,-1.3],[100.5,-1.3],[100.4,-1.3],[100.4,-1.2],[100.4,-1.1],[100.4,-1.0],[100.3,-0.9],[100.3,-0.8],[100.2,-0.7],[100.1,-0.6],[100.0,-0.5],[99.9,-0.4],[99.8,-0.3],[99.8,-0.2],[99.8,-0.1],[99.7,-0.0],[99.6,0.1],[99.5,0.1],[99.5,0.2],[99.4,0.2],[99.3,0.2],[99.2,0.2],[99.1,0.3],[99.2,0.3],[99.1,0.3],[99.1,0.4],[99.1,0.5],[99.1,0.6],[99.0,0.6],[99.0,0.7],[99.0,0.8],[99.0,0.9],[98.9,1.1],[98.9,1.3],[98.8,1.3],[98.8,1.4],[98.8,1.5],[98.7,1.5],[98.7,1.6],[98.7,1.5],[98.8,1.5],[98.8,1.6],[98.8,1.7],[98.8,1.8],[98.7,1.8],[98.7,1.7],[98.7,1.8],[98.6,1.9],[98.5,1.9],[98.4,2.0],[98.3,2.0],[98.3,2.1],[98.2,2.1],[98.2,2.2],[98.1,2.2],[98.0,2.2],[98.0,2.3],[97.9,2.3],[97.9,2.2],[97.9,2.3],[97.8,2.3],[97.7,2.3],[97.7,2.4],[97.7,2.5],[97.6,2.7],[97.6,2.8],[97.6,2.9],[97.5,2.9],[97.4,2.9],[97.3,3.0],[97.3,3.1],[97.3,3.2],[97.2,3.2],[97.2,3.3],[97.0,3.5],[96.9,3.6],[96.9,3.7],[96.8,3.7],[96.6,3.7],[96.5,3.8],[96.4,3.8],[96.3,4.0],[96.2,4.1],[96.1,4.1],[96.1,4.2],[96.0,4.2],[95.9,4.3],[95.8,4.4],[95.8,4.5],[95.7,4.5],[95.7,4.6],[95.6,4.6],[95.6,4.7],[95.5,4.7],[95.5,4.8],[95.4,4.8],[95.4,4.9],[95.4,5.0],[95.3,5.0],[95.3,5.1],[95.3,5.2],[95.2,5.2],[95.2,5.3],[95.2,5.4],[95.3,5.4],[95.2,5.4],[95.2,5.5],[95.2,5.6],[95.3,5.6],[95.4,5.6],[95.4,5.7],[95.4,5.6],[95.5,5.6],[95.6,5.6],[95.8,5.6],[95.8,5.5],[95.9,5.5],[95.9,5.4],[96.1,5.3],[96.3,5.3],[96.3,5.2],[96.4,5.2],[96.5,5.2],[96.6,5.2],[96.7,5.2],[96.8,5.3],[96.9,5.3],[97.0,5.3],[97.1,5.2],[97.2,5.2],[97.2,5.1],[97.3,5.2],[97.5,5.3],[97.5,5.2],[97.7,5.1],[97.8,4.9],[97.9,4.9],[98.0,4.8],[98.0,4.7],[98.0,4.6],[98.0,4.5],[98.0,4.6],[98.0,4.5],[98.1,4.6],[98.1,4.5],[98.2,4.5],[98.3,4.4],[98.3,4.3],[98.3,4.2],[98.2,4.2],[98.2,4.1],[98.2,4.2],[98.3,4.2],[98.3,4.1],[98.4,4.1],[98.5,4.1],[98.5,4.0],[98.6,4.0],[98.6,3.9],[98.7,3.9],[98.7,3.8],[98.8,3.7],[98.9,3.7],[99.0,3.7],[99.0,3.6],[99.1,3.6],[99.2,3.5],[99.3,3.5],[99.4,3.4],[99.5,3.4],[99.5,3.3],[99.6,3.2],[99.7,3.2],[99.8,3.2],[99.8,3.1],[99.9,3.0],[100.0,3.0],[100.0,2.9],[100.0,2.8],[100.0,2.7],[100.0,2.6],[100.0,2.7],[100.1,2.7],[100.1,2.6],[100.1,2.5],[100.1,2.6],[100.1,2.7],[100.2,2.7],[100.3,2.7],[100.3,2.6],[100.4,2.4],[100.4,2.3],[100.5,2.2],[100.6,2.2],[100.6,2.1],[100.7,2.1],[100.8,2.0],[100.9,2.0],[100.9,1.9],[100.9,1.8]]],[[[109.9,-7.8],[109.8,-7.8],[109.7,-7.8],[109.5,-7.8],[109.4,-7.8],[109.4,-7.7],[109.2,-7.7],[109.1,-7.7],[109.0,-7.7],[108.9,-7.7],[108.9,-7.6],[108.8,-7.6],[108.8,-7.7],[108.7,-7.7],[108.6,-7.7],[108.5,-7.7],[108.5,-7.8],[108.3,-7.8],[108.1,-7.8],[108.0,-7.7],[107.9,-7.7],[107.8,-7.7],[107.7,-7.7],[107.7,-7.6],[107.6,-7.6],[107.5,-7.5],[107.4,-7.5],[107.3,-7.5],[107.2,-7.5],[107.1,-7.5],[106.9,-7.4],[106.8,-7.4],[106.6,-7.4],[106.5,-7.4],[106.4,-7.4],[106.4,-7.3],[106.4,-7.2],[106.5,-7.2],[106.5,-7.1],[106.5,-7.0],[106.4,-7.0],[106.3,-7.0],[106.2,-7.0],[106.2,-6.9],[106.1,-6.9],[106.1,-6.8],[106.0,-6.8],[105.9,-6.8],[105.8,-6.8],[105.8,-6.9],[105.8,-6.8],[105.7,-6.8],[105.6,-6.8],[105.6,-6.9],[105.5,-6.9],[105.5,-6.8],[105.4,-6.8],[105.4,-6.9],[105.4,-6.8],[105.3,-6.8],[105.2,-6.8],[105.3,-6.8],[105.3,-6.7],[105.4,-6.7],[105.4,-6.8],[105.5,-6.8],[105.5,-6.7],[105.6,-6.7],[105.6,-6.6],[105.6,-6.5],[105.7,-6.5],[105.8,-6.5],[105.8,-6.4],[105.8,-6.2],[105.9,-6.1],[106.0,-6.0],[106.0,-5.9],[106.1,-5.9],[106.1,-6.0],[106.2,-6.0],[106.3,-5.9],[106.4,-6.0],[106.5,-6.0],[106.7,-6.0],[106.7,-6.1],[106.8,-6.1],[107.0,-6.1],[107.0,-6.0],[107.0,-5.9],[107.1,-5.9],[107.1,-6.0],[107.2,-6.0],[107.3,-6.0],[107.4,-6.0],[107.4,-6.1],[107.5,-6.1],[107.5,-6.2],[107.6,-6.2],[107.7,-6.2],[107.8,-6.2],[107.9,-6.2],[107.9,-6.3],[108.0,-6.3],[108.1,-6.3],[108.2,-6.3],[108.2,-6.2],[108.3,-6.2],[108.3,-6.3],[108.4,-6.2],[108.4,-6.3],[108.5,-6.4],[108.5,-6.5],[108.6,-6.7],[108.6,-6.8],[108.7,-6.8],[108.8,-6.8],[108.9,-6.8],[109.0,-6.8],[109.1,-6.8],[109.1,-6.9],[109.2,-6.9],[109.4,-6.9],[109.5,-6.8],[109.7,-6.9],[109.9,-6.9],[110.0,-6.9],[110.1,-6.9],[110.2,-6.9],[110.3,-6.9],[110.3,-7.0],[110.4,-7.0],[110.5,-7.0],[110.5,-6.9],[110.6,-6.8],[110.6,-6.7],[110.7,-6.6],[110.7,-6.5],[110.8,-6.4],[110.9,-6.4],[111.0,-6.4],[111.1,-6.5],[111.1,-6.6],[111.1,-6.7],[111.2,-6.7],[111.3,-6.7],[111.4,-6.7],[111.5,-6.6],[111.6,-6.7],[111.7,-6.7],[111.7,-6.8],[111.8,-6.8],[111.9,-6.8],[112.0,-6.8],[112.1,-6.9],[112.2,-6.9],[112.3,-6.9],[112.4,-6.9],[112.5,-6.9],[112.6,-6.9],[112.6,-7.0],[112.7,-7.0],[112.7,-7.1],[112.6,-7.1],[112.7,-7.1],[112.7,-7.2],[112.6,-7.2],[112.7,-7.3],[112.7,-7.2],[112.8,-7.2],[112.8,-7.3],[112.8,-7.4],[112.8,-7.5],[112.8,-7.6],[113.0,-7.6],[113.0,-7.7],[113.1,-7.7],[113.2,-7.7],[113.3,-7.8],[113.4,-7.8],[113.4,-7.7],[113.5,-7.7],[113.7,-7.7],[113.8,-7.7],[113.9,-7.7],[114.0,-7.6],[114.1,-7.6],[114.1,-7.7],[114.2,-7.7],[114.3,-7.7],[114.3,-7.8],[114.4,-7.8],[114.5,-7.8],[114.5,-7.9],[114.4,-7.9],[114.4,-8.0],[114.4,-8.2],[114.4,-8.4],[114.4,-8.5],[114.4,-8.4],[114.4,-8.5],[114.4,-8.6],[114.5,-8.6],[114.6,-8.7],[114.6,-8.8],[114.5,-8.7],[114.4,-8.7],[114.3,-8.6],[114.2,-8.6],[114.1,-8.6],[114.0,-8.6],[113.9,-8.6],[113.8,-8.5],[113.8,-8.6],[113.8,-8.5],[113.7,-8.5],[113.6,-8.5],[113.6,-8.4],[113.5,-8.4],[113.4,-8.4],[113.3,-8.3],[113.2,-8.3],[113.1,-8.3],[113.0,-8.3],[112.9,-8.4],[112.8,-8.4],[112.7,-8.4],[112.6,-8.4],[112.5,-8.4],[112.4,-8.4],[112.4,-8.3],[112.3,-8.3],[112.2,-8.3],[112.0,-8.3],[111.9,-8.3],[111.8,-8.3],[111.7,-8.3],[111.7,-8.4],[111.6,-8.3],[111.5,-8.3],[111.4,-8.3],[111.3,-8.3],[111.3,-8.2],[111.3,-8.3],[111.2,-8.3],[111.1,-8.3],[111.1,-8.2],[111.1,-8.3],[111.0,-8.3],[110.9,-8.2],[110.8,-8.2],[110.7,-8.2],[110.6,-8.2],[110.6,-8.1],[110.6,-8.2],[110.5,-8.1],[110.4,-8.1],[110.4,-8.0],[110.3,-8.0],[110.0,-7.9],[109.9,-7.9],[109.9,-7.8]]],[[[127.7,-0.2],[127.7,-0.1],[127.7,-0.0],[127.7,0.1],[127.7,0.2],[127.7,0.3],[127.6,0.4],[127.6,0.5],[127.5,0.5],[127.5,0.6],[127.5,0.7],[127.6,0.7],[127.6,0.8],[127.6,0.9],[127.5,0.9],[127.5,1.0],[127.5,1.1],[127.4,1.1],[127.4,1.0],[127.4,1.1],[127.4,1.2],[127.4,1.3],[127.5,1.3],[127.5,1.4],[127.5,1.5],[127.5,1.6],[127.6,1.6],[127.5,1.6],[127.6,1.6],[127.6,1.7],[127.6,1.8],[127.7,1.9],[127.7,2.0],[127.8,2.0],[127.9,2.1],[127.9,2.2],[128.0,2.2],[128.1,2.2],[128.1,2.1],[128.0,2.1],[128.0,2.0],[127.9,2.0],[127.9,1.9],[127.8,1.9],[127.9,1.8],[128.0,1.8],[128.0,1.7],[128.0,1.6],[128.0,1.5],[128.0,1.4],[128.0,1.3],[127.9,1.2],[127.9,1.1],[127.8,1.1],[127.7,1.0],[127.6,1.0],[127.6,0.9],[127.7,0.9],[127.7,0.8],[127.8,0.8],[127.9,0.8],[127.9,0.9],[127.9,1.0],[128.0,1.1],[128.1,1.1],[128.2,1.1],[128.2,1.2],[128.1,1.2],[128.1,1.3],[128.2,1.3],[128.2,1.4],[128.3,1.4],[128.3,1.5],[128.4,1.5],[128.5,1.5],[128.5,1.6],[128.6,1.6],[128.7,1.6],[128.7,1.5],[128.7,1.4],[128.7,1.3],[128.7,1.2],[128.7,1.1],[128.6,1.1],[128.6,1.0],[128.5,1.0],[128.5,0.9],[128.4,0.9],[128.3,0.9],[128.3,0.8],[128.2,0.8],[128.2,0.7],[128.3,0.7],[128.4,0.6],[128.5,0.6],[128.6,0.6],[128.7,0.6],[128.7,0.5],[128.7,0.4],[128.7,0.3],[128.8,0.3],[128.9,0.3],[128.9,0.2],[128.8,0.3],[128.7,0.3],[128.6,0.3],[128.5,0.3],[128.5,0.4],[128.4,0.4],[128.3,0.4],[128.2,0.4],[128.2,0.5],[128.1,0.5],[128.0,0.5],[127.9,0.5],[127.9,0.4],[127.9,0.3],[127.9,0.1],[127.9,0.0],[127.9,-0.1],[128.0,-0.2],[128.0,-0.3],[128.0,-0.4],[128.1,-0.5],[128.1,-0.6],[128.2,-0.7],[128.3,-0.8],[128.4,-0.9],[128.3,-0.9],[128.2,-0.9],[128.2,-0.8],[128.3,-0.8],[128.2,-0.8],[128.0,-0.7],[128.0,-0.6],[127.9,-0.5],[127.9,-0.4],[127.8,-0.4],[127.8,-0.3],[127.7,-0.3],[127.7,-0.2]]]]}},{"type":"Feature","properties":{"iso3":"MYS","name":"Malaysia","ilo169":"not ratified","colonial":"none recorded","land_deal_ha":377706.0},"geometry":{"type":"MultiPolygon","coordinates":[[[[115.1,4.9],[115.2,4.9],[115.2,5.0],[115.2,4.9],[115.3,4.9],[115.4,4.9],[115.4,5.0],[115.5,5.0],[115.5,5.1],[115.6,5.1],[115.6,5.2],[115.5,5.2],[115.4,5.3],[115.4,5.4],[115.5,5.5],[115.6,5.5],[115.6,5.6],[115.6,5.5],[115.6,5.6],[115.7,5.5],[115.8,5.5],[115.8,5.6],[115.9,5.6],[115.9,5.7],[115.9,5.8],[116.0,5.8],[116.1,5.8],[116.1,5.9],[116.1,6.0],[116.1,6.1],[116.2,6.1],[116.2,6.2],[116.3,6.2],[116.3,6.3],[116.2,6.3],[116.3,6.3],[116.3,6.4],[116.4,6.4],[116.5,6.5],[116.5,6.6],[116.6,6.6],[116.6,6.7],[116.6,6.8],[116.7,6.8],[116.7,6.9],[116.7,7.0],[116.8,7.0],[116.9,6.9],[116.8,6.9],[116.8,6.8],[116.9,6.8],[116.8,6.8],[116.8,6.7],[116.8,6.6],[116.9,6.6],[116.9,6.7],[117.0,6.7],[117.0,6.8],[117.1,6.8],[117.1,6.9],[117.0,6.9],[117.1,6.9],[117.1,7.0],[117.2,7.0],[117.3,6.9],[117.2,6.9],[117.2,6.8],[117.3,6.8],[117.3,6.7],[117.3,6.6],[117.4,6.6],[117.5,6.5],[117.5,6.6],[117.6,6.6],[117.6,6.5],[117.7,6.5],[117.7,6.4],[117.7,6.3],[117.6,6.2],[117.6,6.1],[117.7,6.1],[117.6,6.1],[117.6,6.0],[117.7,6.0],[117.6,5.9],[117.5,5.9],[117.6,5.9],[117.7,5.9],[117.8,5.9],[117.8,6.0],[117.8,5.9],[117.9,6.0],[118.0,6.0],[118.0,6.1],[118.1,6.0],[118.1,5.9],[118.1,5.8],[118.0,5.8],[117.9,5.8],[118.0,5.7],[118.1,5.7],[118.2,5.7],[118.1,5.7],[118.2,5.7],[118.2,5.8],[118.3,5.8],[118.4,5.8],[118.5,5.7],[118.6,5.7],[118.6,5.6],[118.6,5.5],[118.6,5.6],[118.7,5.6],[118.7,5.5],[118.8,5.5],[118.9,5.5],[118.9,5.4],[119.0,5.4],[119.1,5.4],[119.2,5.4],[119.2,5.5],[119.2,5.4],[119.3,5.4],[119.3,5.3],[119.3,5.2],[119.2,5.2],[119.2,5.1],[119.0,5.0],[118.8,5.0],[118.7,5.0],[118.7,4.9],[118.6,5.0],[118.5,4.9],[118.5,5.0],[118.4,5.0],[118.3,5.0],[118.2,5.0],[118.2,4.9],[118.1,4.9],[118.2,4.8],[118.2,4.7],[118.3,4.7],[118.3,4.6],[118.4,4.6],[118.5,4.6],[118.5,4.5],[118.6,4.5],[118.6,4.4],[118.5,4.4],[118.4,4.3],[118.4,4.4],[118.3,4.3],[118.2,4.3],[118.1,4.3],[118.0,4.2],[117.9,4.2],[117.9,4.3],[117.8,4.3],[117.7,4.4],[117.6,4.4],[117.6,4.3],[117.7,4.3],[117.6,4.3],[117.6,4.2],[117.5,4.2],[117.4,4.2],[117.4,4.3],[117.3,4.3],[117.2,4.3],[117.2,4.4],[117.2,4.3],[117.0,4.3],[116.9,4.3],[116.8,4.3],[116.7,4.4],[116.7,4.3],[116.6,4.3],[116.5,4.4],[116.5,4.3],[116.4,4.3],[116.4,4.4],[116.3,4.4],[116.2,4.4],[116.1,4.4],[116.1,4.3],[116.0,4.3],[115.9,4.3],[115.9,4.4],[115.8,4.4],[115.8,4.3],[115.8,4.2],[115.7,4.2],[115.6,4.2],[115.6,4.1],[115.6,4.0],[115.6,3.9],[115.5,3.9],[115.6,3.9],[115.6,3.8],[115.6,3.7],[115.5,3.7],[115.5,3.6],[115.6,3.5],[115.6,3.4],[115.5,3.4],[115.5,3.2],[115.5,3.1],[115.5,3.0],[115.4,3.0],[115.3,3.0],[115.2,3.0],[115.1,2.9],[115.1,2.8],[115.1,2.7],[115.1,2.6],[115.2,2.6],[115.2,2.5],[115.1,2.5],[115.1,2.4],[115.0,2.4],[114.9,2.4],[114.9,2.3],[114.8,2.3],[114.8,2.2],[114.8,2.1],[114.8,2.0],[114.8,1.9],[114.7,1.9],[114.7,1.8],[114.7,1.7],[114.7,1.6],[114.6,1.6],[114.6,1.5],[114.5,1.4],[114.4,1.5],[114.2,1.4],[114.1,1.4],[114.1,1.5],[113.9,1.4],[113.8,1.3],[113.6,1.2],[113.5,1.3],[113.4,1.3],[113.3,1.4],[113.2,1.4],[113.1,1.4],[113.0,1.4],[113.0,1.5],[113.0,1.6],[112.9,1.6],[112.8,1.6],[112.8,1.5],[112.8,1.6],[112.5,1.6],[112.4,1.6],[112.4,1.5],[112.3,1.5],[112.2,1.4],[112.2,1.3],[112.1,1.2],[112.1,1.1],[112.0,1.1],[111.9,1.1],[111.8,1.0],[111.7,1.0],[111.6,1.0],[111.5,1.0],[111.4,1.0],[111.2,1.1],[111.0,1.0],[110.9,1.0],[110.8,0.9],[110.7,0.9],[110.6,0.9],[110.5,0.9],[110.4,0.9],[110.4,1.0],[110.3,1.0],[110.2,1.1],[110.2,1.2],[110.1,1.2],[110.0,1.3],[109.9,1.4],[109.8,1.4],[109.8,1.5],[109.7,1.6],[109.6,1.6],[109.6,1.7],[109.6,1.8],[109.5,1.8],[109.5,1.9],[109.6,1.9],[109.6,2.0],[109.6,2.1],[109.7,2.0],[109.7,1.9],[109.7,1.8],[109.8,1.8],[109.9,1.8],[109.9,1.7],[110.0,1.7],[110.2,1.7],[110.3,1.7],[110.3,1.8],[110.4,1.8],[110.4,1.7],[110.5,1.7],[110.5,1.6],[110.6,1.6],[110.7,1.6],[110.7,1.5],[110.7,1.4],[110.7,1.5],[110.8,1.5],[110.8,1.6],[110.9,1.5],[111.0,1.5],[111.0,1.4],[111.1,1.4],[111.2,1.4],[111.3,1.4],[111.3,1.3],[111.4,1.4],[111.3,1.4],[111.2,1.4],[111.1,1.4],[111.1,1.5],[111.0,1.5],[111.0,1.6],[111.0,1.7],[111.1,1.7],[111.2,1.7],[111.2,1.6],[111.3,1.6],[111.2,1.6],[111.2,1.7],[111.1,1.7],[111.1,1.8],[111.1,1.9],[111.2,2.0],[111.2,2.1],[111.3,2.1],[111.2,2.1],[111.3,2.1],[111.4,2.1],[111.4,2.2],[111.3,2.2],[111.3,2.1],[111.3,2.2],[111.2,2.1],[111.2,2.2],[111.2,2.3],[111.2,2.4],[111.3,2.4],[111.4,2.4],[111.4,2.3],[111.4,2.4],[111.5,2.4],[111.5,2.3],[111.5,2.4],[111.4,2.4],[111.4,2.5],[111.5,2.5],[111.4,2.5],[111.4,2.6],[111.4,2.7],[111.5,2.7],[111.5,2.8],[111.6,2.8],[111.7,2.8],[111.9,2.9],[112.0,2.9],[112.3,3.0],[112.6,3.0],[112.7,3.1],[112.8,3.1],[113.0,3.1],[113.0,3.2],[113.1,3.2],[113.1,3.3],[113.2,3.3],[113.2,3.4],[113.3,3.5],[113.3,3.6],[113.4,3.6],[113.4,3.7],[113.4,3.8],[113.5,3.8],[113.7,4.0],[113.9,4.3],[114.0,4.3],[114.0,4.4],[114.0,4.5],[114.0,4.6],[114.1,4.6],[114.2,4.5],[114.3,4.5],[114.3,4.4],[114.3,4.3],[114.4,4.3],[114.4,4.2],[114.5,4.2],[114.5,4.1],[114.6,4.1],[114.6,4.0],[114.7,4.0],[114.8,4.1],[114.8,4.2],[114.8,4.3],[114.8,4.4],[114.8,4.5],[114.8,4.6],[114.8,4.7],[114.7,4.7],[114.8,4.7],[114.8,4.8],[114.9,4.8],[115.0,4.8],[115.0,4.9],[115.0,4.8],[115.0,4.7],[115.0,4.6],[115.1,4.5],[115.1,4.4],[115.2,4.4],[115.2,4.3],[115.3,4.3],[115.4,4.3],[115.4,4.4],[115.3,4.4],[115.3,4.5],[115.3,4.6],[115.2,4.8],[115.2,4.9],[115.1,4.9]]],[[[102.1,6.3],[102.1,6.2],[102.2,6.2],[102.3,6.2],[102.4,6.1],[102.5,5.9],[102.6,5.8],[102.7,5.7],[102.9,5.6],[103.0,5.5],[103.1,5.4],[103.2,5.2],[103.3,5.1],[103.4,5.0],[103.4,4.9],[103.4,4.8],[103.4,4.7],[103.5,4.7],[103.5,4.6],[103.5,4.5],[103.5,4.4],[103.5,4.3],[103.5,4.2],[103.4,4.2],[103.5,4.2],[103.4,4.2],[103.4,4.1],[103.4,4.0],[103.4,3.9],[103.4,3.8],[103.3,3.8],[103.3,3.7],[103.4,3.6],[103.5,3.5],[103.4,3.5],[103.5,3.5],[103.4,3.4],[103.4,3.2],[103.5,3.2],[103.4,3.0],[103.4,2.9],[103.5,2.9],[103.5,2.8],[103.6,2.7],[103.7,2.7],[103.7,2.6],[103.7,2.7],[103.8,2.6],[103.8,2.5],[103.9,2.4],[103.9,2.3],[104.0,2.3],[104.0,2.2],[104.0,2.1],[104.1,2.0],[104.1,1.9],[104.1,1.8],[104.2,1.8],[104.2,1.7],[104.3,1.6],[104.2,1.6],[104.3,1.6],[104.3,1.5],[104.3,1.4],[104.2,1.4],[104.2,1.3],[104.2,1.4],[104.1,1.4],[104.1,1.5],[104.0,1.5],[104.0,1.6],[104.0,1.5],[104.0,1.4],[103.9,1.4],[103.8,1.5],[103.8,1.4],[103.7,1.5],[103.7,1.4],[103.6,1.4],[103.5,1.4],[103.6,1.4],[103.6,1.3],[103.5,1.3],[103.4,1.4],[103.4,1.5],[103.3,1.6],[103.2,1.6],[103.0,1.7],[102.9,1.7],[102.9,1.8],[102.8,1.8],[102.8,1.9],[102.7,1.8],[102.7,1.9],[102.6,2.0],[102.5,2.1],[102.3,2.1],[102.2,2.2],[102.1,2.3],[102.0,2.3],[102.0,2.4],[101.9,2.4],[101.9,2.5],[101.8,2.5],[101.8,2.6],[101.7,2.6],[101.6,2.6],[101.6,2.7],[101.5,2.7],[101.4,2.8],[101.3,2.8],[101.3,2.9],[101.3,3.0],[101.4,3.0],[101.4,3.1],[101.3,3.1],[101.3,3.3],[101.2,3.3],[101.2,3.4],[101.1,3.4],[101.1,3.5],[101.1,3.6],[101.0,3.6],[101.0,3.7],[100.9,3.7],[100.9,3.8],[100.8,3.8],[100.8,3.9],[100.8,3.8],[100.7,3.9],[100.7,4.0],[100.8,4.0],[100.9,4.0],[100.8,4.0],[100.8,4.1],[100.7,4.1],[100.7,4.2],[100.6,4.2],[100.6,4.3],[100.6,4.4],[100.6,4.5],[100.6,4.6],[100.6,4.7],[100.7,4.7],[100.6,4.7],[100.6,4.8],[100.6,4.9],[100.5,4.9],[100.4,4.9],[100.4,5.0],[100.4,5.1],[100.4,5.2],[100.4,5.3],[100.4,5.4],[100.4,5.5],[100.4,5.6],[100.3,5.7],[100.4,5.7],[100.4,5.8],[100.3,6.0],[100.3,6.1],[100.3,6.2],[100.2,6.2],[100.2,6.3],[100.1,6.4],[100.1,6.5],[100.2,6.5],[100.2,6.6],[100.2,6.7],[100.3,6.7],[100.3,6.6],[100.3,6.5],[100.4,6.5],[100.5,6.5],[100.6,6.5],[100.6,6.4],[100.7,6.5],[100.8,6.4],[100.8,6.3],[100.8,6.2],[100.9,6.2],[101.0,6.3],[101.0,6.2],[101.1,6.3],[101.1,6.2],[101.1,6.1],[101.1,6.0],[101.1,5.9],[101.0,5.9],[101.0,5.8],[101.0,5.7],[101.1,5.7],[101.1,5.6],[101.2,5.7],[101.2,5.8],[101.3,5.8],[101.4,5.8],[101.4,5.9],[101.5,5.9],[101.6,5.9],[101.6,5.8],[101.7,5.8],[101.8,5.8],[101.8,5.7],[101.8,5.8],[101.9,5.8],[101.9,5.9],[101.9,6.0],[102.0,6.0],[102.0,6.1],[102.1,6.1],[102.1,6.2],[102.1,6.3]]]]}},{"type":"Feature","properties":{"iso3":"CYP","name":"Cyprus","ilo169":"not ratified","colonial":"none recorded","conquests_suffered":1},"geometry":{"type":"MultiPolygon","coordinates":[[[[33.7,35.0],[33.7,34.9],[33.6,34.9],[33.6,34.8],[33.5,34.8],[33.4,34.8],[33.4,34.7],[33.3,34.7],[33.2,34.7],[33.1,34.7],[33.0,34.7],[33.0,34.6],[33.0,34.7],[33.0,34.6],[33.0,34.7],[32.9,34.7],[32.8,34.7],[32.7,34.6],[32.7,34.7],[32.6,34.7],[32.5,34.7],[32.4,34.7],[32.4,34.8],[32.4,34.9],[32.3,34.9],[32.3,35.0],[32.3,35.1],[32.4,35.0],[32.4,35.1],[32.5,35.1],[32.5,35.2],[32.6,35.2],[32.7,35.2],[32.7,35.1],[32.8,35.1],[32.9,35.1],[33.0,35.1],[33.1,35.1],[33.2,35.2],[33.2,35.1],[33.3,35.1],[33.3,35.2],[33.4,35.2],[33.4,35.1],[33.5,35.1],[33.5,35.0],[33.4,35.0],[33.5,35.0],[33.6,35.0],[33.7,35.0]]]]}},{"type":"Feature","properties":{"iso3":"IND","name":"India","ilo169":"not ratified","colonial":"none recorded","land_deal_ha":59138.0,"debt_pct_gni":18.6,"conquests_made":4,"conquests_suffered":2},"geometry":{"type":"MultiPolygon","coordinates":[[[[77.8,35.5],[77.9,35.4],[78.0,35.5],[78.1,35.5],[78.0,35.4],[78.0,35.3],[78.0,35.2],[78.1,35.1],[78.1,35.0],[78.1,34.9],[78.2,34.9],[78.2,34.8],[78.3,34.7],[78.3,34.6],[78.4,34.6],[78.6,34.5],[78.7,34.5],[78.8,34.5],[78.8,34.4],[78.9,34.4],[79.0,34.3],[79.0,34.2],[78.9,34.2],[78.8,34.1],[78.7,34.1],[78.7,34.0],[78.8,33.9],[78.8,33.8],[78.8,33.7],[78.8,33.6],[78.8,33.5],[78.9,33.4],[79.0,33.3],[79.1,33.3],[79.2,33.3],[79.3,33.3],[79.4,33.3],[79.5,33.3],[79.4,33.2],[79.4,33.1],[79.4,33.0],[79.3,33.0],[79.4,33.0],[79.5,32.9],[79.6,32.8],[79.6,32.7],[79.5,32.6],[79.4,32.5],[79.4,32.6],[79.3,32.6],[79.3,32.5],[79.2,32.5],[79.1,32.5],[79.1,32.4],[79.0,32.4],[78.9,32.3],[78.9,32.4],[78.8,32.5],[78.7,32.5],[78.7,32.6],[78.8,32.6],[78.7,32.6],[78.6,32.6],[78.4,32.6],[78.4,32.5],[78.4,32.4],[78.5,32.4],[78.4,32.4],[78.5,32.3],[78.5,32.2],[78.6,32.2],[78.6,32.0],[78.7,32.0],[78.7,31.9],[78.7,31.8],[78.7,31.7],[78.8,31.7],[78.8,31.6],[78.7,31.5],[78.8,31.4],[78.7,31.4],[78.7,31.3],[78.8,31.3],[78.9,31.3],[79.0,31.3],[79.0,31.4],[79.1,31.5],[79.1,31.4],[79.2,31.4],[79.2,31.3],[79.3,31.3],[79.2,31.3],[79.3,31.2],[79.3,31.1],[79.4,31.1],[79.4,31.0],[79.5,31.0],[79.5,30.9],[79.6,30.9],[79.6,31.0],[79.7,31.0],[79.8,31.0],[79.9,31.0],[79.9,30.9],[80.0,30.8],[80.1,30.8],[80.2,30.8],[80.2,30.7],[80.2,30.6],[80.3,30.6],[80.3,30.5],[80.4,30.5],[80.5,30.5],[80.6,30.5],[80.7,30.4],[80.8,30.3],[80.9,30.3],[81.0,30.3],[81.0,30.2],[80.9,30.2],[80.8,30.2],[80.8,30.1],[80.7,30.0],[80.6,30.0],[80.6,29.9],[80.5,29.9],[80.5,29.8],[80.4,29.8],[80.4,29.7],[80.4,29.6],[80.3,29.6],[80.3,29.5],[80.2,29.4],[80.2,29.3],[80.3,29.3],[80.3,29.2],[80.2,29.2],[80.2,29.1],[80.1,29.1],[80.1,29.0],[80.1,28.9],[80.0,28.9],[80.0,28.8],[80.1,28.8],[80.2,28.8],[80.2,28.7],[80.3,28.7],[80.3,28.6],[80.4,28.6],[80.5,28.6],[80.5,28.7],[80.6,28.7],[80.6,28.6],[80.7,28.6],[80.7,28.5],[80.8,28.5],[80.9,28.5],[80.9,28.4],[81.0,28.4],[81.1,28.4],[81.2,28.4],[81.2,28.3],[81.3,28.2],[81.3,28.1],[81.4,28.2],[81.4,28.1],[81.5,28.1],[81.6,28.0],[81.7,28.0],[81.7,27.9],[81.8,27.9],[81.9,27.9],[81.9,27.8],[81.9,27.9],[82.0,27.9],[82.1,27.9],[82.2,27.8],[82.3,27.8],[82.3,27.7],[82.4,27.7],[82.5,27.7],[82.7,27.7],[82.7,27.6],[82.7,27.5],[82.8,27.5],[82.9,27.5],[83.0,27.4],[83.1,27.4],[83.2,27.4],[83.2,27.3],[83.3,27.3],[83.3,27.4],[83.4,27.4],[83.4,27.5],[83.5,27.5],[83.6,27.5],[83.7,27.4],[83.8,27.4],[83.9,27.3],[83.9,27.4],[83.8,27.4],[83.9,27.4],[84.0,27.4],[84.0,27.5],[84.1,27.5],[84.2,27.5],[84.2,27.4],[84.3,27.4],[84.6,27.3],[84.6,27.2],[84.7,27.2],[84.7,27.1],[84.6,27.1],[84.6,27.0],[84.8,27.0],[84.9,27.0],[84.9,26.9],[85.0,26.9],[85.0,26.8],[85.1,26.9],[85.2,26.9],[85.2,26.8],[85.3,26.7],[85.4,26.8],[85.5,26.8],[85.6,26.9],[85.7,26.8],[85.7,26.7],[85.7,26.6],[85.8,26.6],[85.9,26.6],[86.0,26.6],[86.0,26.7],[86.0,26.6],[86.1,26.6],[86.2,26.6],[86.3,26.6],[86.4,26.6],[86.4,26.5],[86.5,26.5],[86.6,26.5],[86.7,26.4],[86.8,26.4],[86.8,26.5],[86.9,26.5],[87.0,26.5],[87.0,26.6],[87.0,26.5],[87.1,26.5],[87.1,26.4],[87.2,26.4],[87.3,26.4],[87.3,26.3],[87.3,26.4],[87.4,26.4],[87.5,26.4],[87.6,26.4],[87.7,26.4],[87.8,26.4],[87.8,26.5],[87.8,26.4],[87.9,26.5],[87.9,26.4],[88.0,26.4],[88.1,26.5],[88.1,26.6],[88.1,26.7],[88.2,26.7],[88.2,26.8],[88.2,26.9],[88.1,26.9],[88.1,27.0],[88.0,27.0],[88.0,27.1],[88.0,27.2],[88.0,27.3],[88.0,27.4],[88.0,27.5],[88.1,27.6],[88.1,27.7],[88.2,27.8],[88.2,27.9],[88.1,27.9],[88.1,28.0],[88.2,27.9],[88.2,28.0],[88.4,28.0],[88.5,28.0],[88.5,28.1],[88.6,28.1],[88.7,28.1],[88.8,28.0],[88.8,27.9],[88.9,27.9],[88.9,27.8],[88.8,27.7],[88.8,27.6],[88.7,27.6],[88.7,27.5],[88.8,27.5],[88.8,27.4],[88.9,27.3],[88.8,27.3],[88.8,27.2],[88.7,27.2],[88.7,27.1],[88.8,27.1],[88.8,27.0],[88.9,26.9],[88.9,27.0],[88.9,26.9],[89.0,26.9],[89.1,26.9],[89.1,26.8],[89.2,26.8],[89.3,26.8],[89.3,26.9],[89.4,26.8],[89.5,26.8],[89.6,26.8],[89.6,26.7],[89.7,26.7],[89.8,26.7],[89.9,26.7],[90.0,26.7],[90.1,26.7],[90.1,26.8],[90.2,26.8],[90.2,26.9],[90.3,26.9],[90.4,26.9],[90.5,26.8],[90.6,26.8],[90.7,26.8],[90.9,26.8],[91.0,26.8],[91.1,26.8],[91.2,26.8],[91.3,26.8],[91.4,26.8],[91.4,26.9],[91.5,26.9],[91.5,26.8],[91.6,26.8],[91.7,26.8],[91.8,26.9],[91.8,26.8],[91.9,26.8],[91.9,26.9],[92.0,26.9],[92.0,26.8],[92.0,26.9],[92.1,26.9],[92.1,27.0],[92.0,27.0],[92.0,27.1],[92.0,27.2],[92.1,27.3],[92.0,27.4],[92.0,27.5],[91.9,27.5],[91.8,27.5],[91.7,27.5],[91.6,27.5],[91.6,27.6],[91.6,27.7],[91.6,27.8],[91.6,27.9],[91.7,27.8],[91.8,27.8],[91.9,27.8],[91.9,27.7],[92.0,27.7],[92.0,27.8],[92.1,27.8],[92.2,27.9],[92.3,27.8],[92.4,27.8],[92.4,27.9],[92.4,27.8],[92.5,27.8],[92.6,27.8],[92.6,27.9],[92.7,27.9],[92.7,28.0],[92.7,28.1],[92.6,28.1],[92.7,28.1],[92.7,28.2],[92.8,28.2],[92.9,28.2],[92.9,28.3],[93.0,28.3],[93.1,28.3],[93.2,28.3],[93.2,28.4],[93.2,28.5],[93.3,28.5],[93.3,28.6],[93.4,28.6],[93.4,28.7],[93.6,28.7],[93.7,28.7],[93.8,28.7],[93.9,28.7],[94.0,28.7],[94.0,28.8],[94.0,28.9],[94.1,28.9],[94.2,28.9],[94.3,28.9],[94.3,29.0],[94.3,29.1],[94.3,29.2],[94.4,29.2],[94.5,29.2],[94.6,29.3],[94.7,29.3],[94.8,29.2],[94.9,29.2],[95.0,29.2],[95.0,29.1],[95.1,29.1],[95.2,29.1],[95.3,29.1],[95.4,29.0],[95.5,29.1],[95.5,29.2],[95.6,29.2],[95.7,29.2],[95.7,29.3],[95.8,29.3],[95.8,29.4],[95.9,29.3],[96.0,29.4],[96.1,29.4],[96.2,29.4],[96.2,29.3],[96.2,29.2],[96.3,29.2],[96.3,29.3],[96.4,29.3],[96.4,29.2],[96.3,29.2],[96.2,29.1],[96.2,29.0],[96.2,28.9],[96.3,29.0],[96.4,29.0],[96.5,29.0],[96.5,28.9],[96.6,28.8],[96.6,28.7],[96.5,28.7],[96.5,28.6],[96.4,28.6],[96.3,28.5],[96.3,28.4],[96.4,28.4],[96.5,28.4],[96.6,28.4],[96.7,28.4],[96.9,28.4],[96.9,28.3],[97.0,28.3],[97.0,28.4],[97.1,28.4],[97.2,28.3],[97.3,28.2],[97.3,28.1],[97.4,28.0],[97.3,28.0],[97.3,27.9],[97.2,27.9],[97.1,27.8],[97.1,27.7],[97.0,27.7],[96.9,27.7],[96.9,27.6],[96.9,27.5],[96.9,27.4],[97.1,27.2],[97.1,27.1],[97.0,27.1],[96.9,27.2],[96.8,27.2],[96.9,27.2],[96.8,27.3],[96.7,27.4],[96.7,27.3],[96.6,27.3],[96.6,27.4],[96.6,27.3],[96.5,27.3],[96.4,27.3],[96.1,27.3],[96.1,27.2],[96.0,27.2],[96.0,27.1],[95.9,27.1],[95.9,27.0],[95.8,27.0],[95.7,26.9],[95.6,26.9],[95.6,26.8],[95.5,26.8],[95.4,26.7],[95.3,26.7],[95.3,26.6],[95.2,26.6],[95.2,26.7],[95.2,26.6],[95.1,26.6],[95.1,26.5],[95.0,26.5],[95.1,26.4],[95.0,26.3],[95.0,26.2],[95.1,26.2],[95.1,26.1],[95.2,26.1],[95.2,26.0],[95.1,26.0],[95.0,25.9],[95.0,25.8],[95.0,25.7],[94.9,25.6],[94.8,25.6],[94.8,25.5],[94.7,25.5],[94.7,25.4],[94.6,25.4],[94.6,25.2],[94.7,25.2],[94.7,25.1],[94.7,25.0],[94.7,24.9],[94.6,24.9],[94.6,24.8],[94.6,24.7],[94.5,24.7],[94.5,24.6],[94.4,24.6],[94.4,24.5],[94.4,24.4],[94.3,24.4],[94.3,24.3],[94.2,24.2],[94.2,24.1],[94.2,24.0],[94.1,23.9],[94.1,23.8],[94.1,23.9],[94.0,23.9],[93.9,23.9],[93.8,23.9],[93.7,24.0],[93.6,24.0],[93.5,24.0],[93.4,24.0],[93.4,24.1],[93.3,24.1],[93.3,24.0],[93.3,23.9],[93.4,23.9],[93.4,23.7],[93.4,23.6],[93.4,23.5],[93.4,23.4],[93.4,23.3],[93.4,23.2],[93.4,23.1],[93.3,23.1],[93.3,23.0],[93.2,23.0],[93.2,23.1],[93.2,23.0],[93.1,23.0],[93.2,23.0],[93.2,22.9],[93.1,22.8],[93.1,22.7],[93.1,22.6],[93.1,22.5],[93.2,22.4],[93.2,22.3],[93.2,22.2],[93.1,22.2],[93.0,22.2],[93.0,22.1],[93.0,22.0],[92.9,22.0],[92.8,22.0],[92.8,22.1],[92.7,22.1],[92.7,22.2],[92.7,22.1],[92.7,22.0],[92.6,22.0],[92.6,22.1],[92.5,22.1],[92.6,22.1],[92.6,22.2],[92.5,22.5],[92.5,22.6],[92.5,22.7],[92.4,22.8],[92.4,22.9],[92.4,23.0],[92.3,23.2],[92.4,23.3],[92.3,23.3],[92.3,23.4],[92.3,23.5],[92.3,23.6],[92.3,23.7],[92.2,23.7],[92.2,23.6],[92.2,23.7],[92.1,23.7],[92.0,23.6],[92.0,23.7],[91.9,23.7],[91.9,23.5],[91.9,23.4],[91.8,23.4],[91.8,23.3],[91.7,23.3],[91.7,23.2],[91.8,23.2],[91.8,23.1],[91.8,23.0],[91.7,23.0],[91.6,23.0],[91.6,22.9],[91.6,23.0],[91.5,23.0],[91.5,23.1],[91.5,23.2],[91.4,23.2],[91.4,23.3],[91.4,23.2],[91.4,23.1],[91.3,23.1],[91.3,23.3],[91.3,23.4],[91.2,23.4],[91.2,23.5],[91.2,23.6],[91.1,23.6],[91.1,23.7],[91.2,23.7],[91.1,23.7],[91.2,23.7],[91.2,23.8],[91.2,23.9],[91.3,24.0],[91.4,24.1],[91.5,24.1],[91.6,24.1],[91.6,24.2],[91.7,24.2],[91.7,24.1],[91.7,24.2],[91.8,24.2],[91.9,24.2],[91.9,24.3],[92.0,24.3],[91.9,24.4],[92.0,24.4],[92.1,24.4],[92.1,24.5],[92.2,24.5],[92.2,24.6],[92.2,24.8],[92.2,24.9],[92.3,24.9],[92.4,24.9],[92.4,24.8],[92.4,24.9],[92.5,24.9],[92.4,24.9],[92.5,24.9],[92.5,25.0],[92.4,25.0],[92.3,25.0],[92.3,25.1],[92.2,25.1],[92.1,25.1],[92.1,25.2],[92.0,25.2],[91.9,25.2],[91.8,25.2],[91.7,25.2],[91.7,25.1],[91.7,25.2],[91.7,25.1],[91.6,25.1],[91.6,25.2],[91.5,25.2],[91.5,25.1],[91.4,25.1],[91.3,25.2],[91.2,25.2],[91.1,25.2],[91.0,25.2],[90.9,25.2],[90.8,25.1],[90.8,25.2],[90.7,25.2],[90.6,25.2],[90.5,25.2],[90.4,25.1],[90.3,25.2],[90.1,25.2],[89.9,25.3],[89.8,25.3],[89.8,25.4],[89.8,25.5],[89.8,25.6],[89.8,25.7],[89.8,25.8],[89.8,25.9],[89.8,26.0],[89.7,26.1],[89.8,26.1],[89.7,26.1],[89.7,26.2],[89.6,26.2],[89.6,26.1],[89.6,26.0],[89.5,26.0],[89.4,26.0],[89.3,26.0],[89.2,26.1],[89.1,26.1],[89.1,26.2],[89.1,26.3],[89.1,26.4],[89.0,26.4],[88.9,26.4],[88.9,26.3],[89.0,26.3],[89.0,26.2],[88.9,26.2],[88.9,26.3],[88.8,26.2],[88.8,26.3],[88.7,26.3],[88.6,26.3],[88.7,26.3],[88.7,26.4],[88.6,26.4],[88.7,26.4],[88.6,26.4],[88.6,26.5],[88.5,26.5],[88.4,26.5],[88.4,26.6],[88.3,26.5],[88.3,26.4],[88.3,26.5],[88.4,26.5],[88.5,26.5],[88.5,26.4],[88.4,26.4],[88.4,26.3],[88.3,26.3],[88.3,26.2],[88.2,26.2],[88.2,26.1],[88.1,26.1],[88.2,26.1],[88.2,26.0],[88.1,26.0],[88.1,25.9],[88.1,25.8],[88.2,25.8],[88.3,25.8],[88.3,25.7],[88.4,25.7],[88.4,25.6],[88.5,25.6],[88.5,25.5],[88.6,25.5],[88.7,25.5],[88.8,25.5],[88.8,25.4],[88.8,25.3],[88.9,25.3],[89.0,25.3],[88.9,25.2],[88.8,25.2],[88.7,25.2],[88.6,25.2],[88.5,25.2],[88.4,25.2],[88.4,25.1],[88.4,25.0],[88.4,24.9],[88.3,24.9],[88.2,24.9],[88.1,24.9],[88.1,24.8],[88.0,24.7],[88.0,24.6],[88.1,24.6],[88.1,24.5],[88.4,24.4],[88.5,24.3],[88.6,24.3],[88.7,24.3],[88.7,24.2],[88.7,24.1],[88.7,24.0],[88.7,23.9],[88.6,23.9],[88.6,23.8],[88.6,23.7],[88.5,23.6],[88.6,23.6],[88.6,23.5],[88.7,23.5],[88.8,23.5],[88.7,23.3],[88.7,23.2],[88.8,23.2],[88.9,23.2],[89.0,23.2],[88.9,23.2],[88.9,23.1],[88.8,23.0],[88.9,22.9],[88.9,22.8],[88.9,22.7],[88.9,22.6],[89.0,22.6],[88.9,22.5],[89.0,22.5],[89.0,22.4],[89.0,22.3],[89.1,22.2],[89.1,22.1],[89.0,22.1],[89.1,22.0],[89.1,21.9],[89.0,21.9],[88.9,21.9],[88.9,22.0],[88.9,21.9],[89.0,21.9],[89.0,21.8],[89.0,21.7],[89.1,21.7],[89.1,21.6],[89.0,21.6],[88.9,21.6],[88.9,21.7],[88.9,21.8],[88.9,21.7],[88.8,21.7],[88.9,21.7],[88.9,21.6],[88.8,21.6],[88.8,21.7],[88.8,21.6],[88.7,21.6],[88.7,21.7],[88.7,21.8],[88.7,21.9],[88.7,22.0],[88.8,22.0],[88.7,22.1],[88.8,22.1],[88.7,22.1],[88.7,22.0],[88.7,21.9],[88.6,21.9],[88.6,22.0],[88.7,22.0],[88.6,22.0],[88.6,22.1],[88.7,22.2],[88.6,22.2],[88.6,22.1],[88.6,22.0],[88.6,21.9],[88.6,21.8],[88.6,21.7],[88.6,21.6],[88.5,21.6],[88.5,21.5],[88.5,21.6],[88.5,21.7],[88.5,21.8],[88.5,21.9],[88.5,22.0],[88.5,21.9],[88.5,21.8],[88.5,21.7],[88.5,21.6],[88.4,21.6],[88.4,21.7],[88.3,21.7],[88.3,21.6],[88.3,21.7],[88.3,21.8],[88.3,21.7],[88.3,21.6],[88.2,21.6],[88.2,21.7],[88.2,21.8],[88.2,21.9],[88.1,22.0],[88.2,22.0],[88.2,22.1],[88.2,22.2],[88.1,22.2],[88.0,22.2],[88.0,22.3],[88.0,22.4],[87.9,22.4],[87.9,22.3],[88.0,22.3],[88.0,22.2],[88.1,22.2],[88.2,22.2],[88.2,22.1],[88.1,22.1],[88.1,22.0],[88.0,22.0],[88.1,22.0],[88.0,22.0],[88.0,21.9],[88.0,21.8],[87.9,21.8],[87.8,21.7],[87.7,21.7],[87.6,21.7],[87.5,21.6],[87.4,21.6],[87.3,21.6],[87.2,21.6],[87.1,21.5],[86.9,21.3],[86.8,21.2],[86.8,21.1],[87.0,20.8],[86.9,20.8],[87.0,20.8],[87.0,20.7],[86.9,20.7],[87.0,20.7],[87.0,20.6],[86.9,20.6],[86.8,20.5],[86.7,20.5],[86.7,20.4],[86.8,20.4],[86.8,20.3],[86.7,20.3],[86.8,20.3],[86.7,20.3],[86.6,20.2],[86.5,20.2],[86.5,20.1],[86.4,20.0],[86.3,20.0],[86.3,20.1],[86.2,20.1],[86.1,20.1],[86.2,20.1],[86.2,20.0],[86.3,20.0],[86.4,20.0],[86.3,19.9],[86.1,19.9],[86.1,19.8],[86.1,19.9],[86.0,19.9],[86.0,19.8],[85.9,19.8],[85.8,19.8],[85.7,19.8],[85.7,19.7],[85.6,19.7],[85.5,19.7],[85.4,19.7],[85.5,19.7],[85.6,19.7],[85.6,19.8],[85.6,19.9],[85.5,19.9],[85.4,19.9],[85.4,19.8],[85.3,19.8],[85.2,19.8],[85.2,19.7],[85.2,19.6],[85.1,19.6],[85.2,19.6],[85.1,19.6],[85.1,19.5],[85.2,19.5],[85.2,19.6],[85.2,19.5],[85.2,19.6],[85.2,19.7],[85.3,19.7],[85.3,19.6],[85.4,19.7],[85.4,19.6],[85.3,19.6],[85.6,19.7],[85.5,19.7],[85.5,19.6],[85.4,19.6],[85.3,19.6],[85.3,19.5],[85.2,19.5],[85.1,19.4],[85.0,19.3],[84.9,19.2],[84.8,19.1],[84.7,19.1],[84.8,19.1],[84.7,19.0],[84.7,18.9],[84.6,18.9],[84.5,18.8],[84.4,18.7],[84.4,18.6],[84.3,18.6],[84.3,18.5],[84.2,18.5],[84.3,18.5],[84.3,18.6],[84.3,18.5],[84.2,18.5],[84.2,18.4],[84.1,18.4],[84.1,18.3],[83.8,18.1],[83.6,18.0],[83.5,18.0],[83.5,17.9],[83.4,17.9],[83.5,17.9],[83.4,17.9],[83.4,17.8],[83.3,17.7],[83.2,17.7],[83.3,17.7],[83.3,17.6],[83.2,17.6],[83.1,17.5],[83.0,17.5],[83.0,17.4],[82.9,17.4],[82.8,17.4],[82.7,17.3],[82.5,17.2],[82.4,17.2],[82.4,17.1],[82.3,17.1],[82.3,17.0],[82.3,16.9],[82.3,16.8],[82.3,16.9],[82.4,16.8],[82.4,16.9],[82.3,17.0],[82.4,16.9],[82.4,16.8],[82.3,16.7],[82.3,16.6],[82.2,16.5],[82.1,16.5],[82.1,16.4],[82.0,16.4],[81.9,16.4],[81.8,16.3],[81.7,16.3],[81.6,16.3],[81.6,16.4],[81.5,16.4],[81.4,16.3],[81.4,16.4],[81.3,16.4],[81.3,16.3],[81.2,16.3],[81.3,16.3],[81.2,16.2],[81.2,16.1],[81.2,16.0],[81.1,16.0],[81.1,15.9],[81.0,15.9],[81.0,15.8],[80.9,15.8],[80.9,15.9],[80.9,16.0],[80.9,15.9],[80.9,15.8],[80.8,15.7],[80.8,15.8],[80.8,15.9],[80.7,15.9],[80.6,15.9],[80.5,15.9],[80.5,15.8],[80.4,15.8],[80.3,15.7],[80.2,15.6],[80.2,15.5],[80.2,15.4],[80.1,15.4],[80.1,15.3],[80.1,15.2],[80.1,15.1],[80.1,15.0],[80.1,14.9],[80.1,14.8],[80.1,14.7],[80.2,14.7],[80.2,14.6],[80.1,14.6],[80.2,14.6],[80.2,14.5],[80.2,14.4],[80.2,14.3],[80.1,14.3],[80.1,14.2],[80.0,14.2],[80.1,14.2],[80.1,14.1],[80.1,14.0],[80.2,14.0],[80.2,13.8],[80.2,13.7],[80.3,13.6],[80.3,13.5],[80.3,13.4],[80.3,13.5],[80.2,13.6],[80.2,13.7],[80.1,13.7],[80.1,13.6],[80.1,13.7],[80.1,13.6],[80.1,13.5],[80.2,13.5],[80.3,13.5],[80.3,13.4],[80.3,13.3],[80.3,13.2],[80.3,13.1],[80.3,13.0],[80.3,12.8],[80.2,12.7],[80.2,12.6],[80.2,12.5],[80.1,12.4],[80.1,12.3],[80.0,12.3],[80.0,12.2],[79.9,12.2],[80.0,12.2],[79.9,12.2],[79.9,12.1],[79.9,12.0],[79.8,12.0],[79.8,11.9],[79.8,11.8],[79.8,11.7],[79.8,11.6],[79.8,11.5],[79.8,11.4],[79.8,11.5],[79.8,11.4],[79.7,11.4],[79.7,11.3],[79.8,11.3],[79.8,11.4],[79.8,11.3],[79.9,11.2],[79.9,11.0],[79.8,11.0],[79.8,10.8],[79.9,10.6],[79.9,10.4],[79.9,10.3],[79.8,10.3],[79.6,10.3],[79.7,10.3],[79.8,10.3],[79.6,10.3],[79.5,10.3],[79.4,10.3],[79.3,10.3],[79.3,10.2],[79.2,10.2],[79.2,10.1],[79.3,10.1],[79.3,10.0],[79.2,10.0],[79.1,9.9],[79.1,9.8],[79.0,9.7],[79.0,9.6],[78.9,9.6],[78.9,9.5],[78.9,9.4],[79.0,9.4],[79.0,9.3],[79.1,9.3],[79.3,9.3],[79.4,9.2],[79.5,9.2],[79.4,9.2],[79.3,9.3],[79.2,9.3],[79.1,9.3],[79.0,9.3],[78.9,9.3],[78.9,9.2],[78.8,9.2],[78.7,9.2],[78.6,9.2],[78.6,9.1],[78.5,9.1],[78.4,9.1],[78.2,9.0],[78.2,8.9],[78.2,8.8],[78.2,8.7],[78.1,8.7],[78.1,8.6],[78.1,8.5],[78.1,8.4],[78.0,8.4],[78.0,8.3],[77.8,8.2],[77.6,8.2],[77.6,8.1],[77.5,8.1],[77.4,8.1],[77.3,8.1],[77.3,8.2],[77.2,8.2],[77.1,8.3],[77.0,8.4],[76.9,8.5],[76.8,8.6],[76.7,8.7],[76.7,8.8],[76.6,8.8],[76.6,8.9],[76.5,8.9],[76.6,8.9],[76.6,9.0],[76.7,9.0],[76.6,9.0],[76.7,9.0],[76.6,9.0],[76.5,9.0],[76.5,8.9],[76.5,9.0],[76.5,9.1],[76.5,9.2],[76.4,9.2],[76.4,9.1],[76.4,9.3],[76.3,9.5],[76.3,9.6],[76.3,9.7],[76.3,9.8],[76.3,9.9],[76.2,9.9],[76.2,10.0],[76.3,10.0],[76.3,9.9],[76.3,9.8],[76.3,9.9],[76.3,9.7],[76.3,9.8],[76.3,9.9],[76.4,9.8],[76.4,9.7],[76.4,9.6],[76.4,9.5],[76.5,9.5],[76.5,9.6],[76.4,9.6],[76.4,9.7],[76.4,9.8],[76.4,9.9],[76.3,10.0],[76.2,10.1],[76.2,10.0],[76.2,10.1],[76.2,10.2],[76.2,10.3],[76.2,10.2],[76.1,10.3],[76.1,10.4],[76.1,10.5],[76.0,10.5],[76.0,10.6],[75.9,10.7],[75.9,10.8],[75.9,10.9],[75.8,11.1],[75.7,11.3],[75.7,11.4],[75.7,11.5],[75.6,11.5],[75.6,11.6],[75.5,11.7],[75.4,11.9],[75.3,11.9],[75.4,11.9],[75.4,12.0],[75.3,11.9],[75.3,12.0],[75.2,12.0],[75.2,12.1],[75.1,12.2],[75.1,12.3],[75.0,12.4],[75.0,12.5],[74.9,12.7],[74.9,12.8],[74.8,12.8],[74.9,12.8],[74.9,12.9],[74.8,12.9],[74.8,13.1],[74.8,13.2],[74.7,13.2],[74.7,13.3],[74.7,13.4],[74.7,13.5],[74.7,13.4],[74.7,13.5],[74.7,13.6],[74.7,13.7],[74.6,13.7],[74.6,13.8],[74.6,13.9],[74.5,14.0],[74.5,14.1],[74.5,14.2],[74.4,14.2],[74.4,14.3],[74.5,14.2],[74.5,14.3],[74.4,14.3],[74.4,14.4],[74.4,14.5],[74.4,14.6],[74.3,14.6],[74.3,14.5],[74.3,14.6],[74.3,14.7],[74.2,14.7],[74.2,14.8],[74.2,14.7],[74.1,14.8],[74.2,14.8],[74.2,14.9],[74.1,14.9],[74.1,14.8],[74.1,14.9],[74.0,14.9],[74.0,15.0],[74.0,15.1],[73.9,15.1],[74.0,15.1],[74.0,15.2],[73.9,15.2],[73.9,15.3],[73.9,15.4],[73.8,15.4],[73.9,15.4],[74.0,15.4],[73.9,15.4],[73.8,15.4],[73.8,15.5],[73.8,15.4],[73.8,15.5],[73.9,15.5],[73.8,15.5],[73.7,15.6],[73.8,15.6],[73.8,15.7],[73.8,15.6],[73.7,15.6],[73.7,15.7],[73.6,15.7],[73.6,15.8],[73.6,15.9],[73.5,15.9],[73.5,16.0],[73.5,16.1],[73.4,16.1],[73.5,16.1],[73.5,16.2],[73.4,16.1],[73.4,16.2],[73.4,16.3],[73.4,16.4],[73.3,16.4],[73.3,16.5],[73.3,16.6],[73.3,16.5],[73.4,16.5],[73.4,16.6],[73.3,16.6],[73.4,16.6],[73.3,16.6],[73.3,16.7],[73.3,16.8],[73.3,16.9],[73.3,17.0],[73.3,17.1],[73.3,17.2],[73.2,17.2],[73.2,17.3],[73.2,17.4],[73.2,17.5],[73.1,17.5],[73.1,17.6],[73.2,17.6],[73.1,17.6],[73.1,17.7],[73.1,17.8],[73.1,17.9],[73.0,18.0],[73.0,18.1],[73.0,18.0],[73.0,18.1],[73.0,18.2],[72.9,18.2],[72.9,18.3],[73.0,18.3],[73.0,18.2],[73.1,18.2],[73.0,18.2],[73.1,18.2],[73.1,18.3],[73.0,18.3],[72.9,18.4],[72.9,18.5],[73.0,18.5],[73.0,18.6],[72.9,18.6],[72.9,18.7],[72.9,18.8],[73.0,18.8],[73.0,18.7],[73.0,18.8],[73.0,18.9],[72.9,18.9],[72.9,19.0],[73.0,18.9],[73.0,19.0],[73.1,19.0],[73.0,19.0],[73.0,19.1],[73.0,19.2],[73.0,19.1],[72.9,19.1],[72.9,19.0],[72.8,19.0],[72.8,18.9],[72.8,19.0],[72.8,18.9],[72.8,19.0],[72.8,19.1],[72.8,19.2],[72.8,19.3],[72.8,19.2],[72.8,19.3],[72.9,19.3],[73.0,19.3],[73.0,19.2],[73.0,19.3],[72.9,19.3],[72.8,19.3],[72.8,19.4],[72.7,19.4],[72.7,19.5],[72.8,19.5],[72.9,19.5],[72.8,19.5],[72.8,19.6],[72.7,19.6],[72.7,19.5],[72.8,19.5],[72.7,19.5],[72.7,19.6],[72.7,19.7],[72.7,19.8],[72.7,19.7],[72.7,19.8],[72.6,19.9],[72.7,19.9],[72.7,20.0],[72.7,20.1],[72.7,20.2],[72.8,20.2],[72.7,20.2],[72.7,20.3],[72.8,20.3],[72.8,20.4],[72.8,20.5],[72.9,20.5],[72.9,20.6],[72.9,20.7],[72.9,20.8],[72.9,20.9],[72.8,20.8],[72.8,20.9],[72.9,20.9],[72.8,20.9],[72.9,20.9],[72.9,21.0],[72.8,21.0],[72.8,21.1],[72.7,21.1],[72.7,21.2],[72.7,21.1],[72.6,21.1],[72.7,21.2],[72.6,21.3],[72.6,21.4],[72.7,21.4],[72.7,21.5],[72.8,21.5],[72.7,21.5],[72.6,21.4],[72.6,21.5],[72.7,21.5],[72.7,21.6],[72.8,21.6],[72.9,21.6],[72.9,21.7],[73.0,21.7],[73.1,21.7],[73.1,21.8],[73.1,21.7],[73.0,21.7],[72.9,21.7],[72.8,21.7],[72.7,21.7],[72.6,21.7],[72.5,21.7],[72.6,21.8],[72.6,21.9],[72.7,21.9],[72.7,22.0],[72.6,22.0],[72.6,21.9],[72.5,21.9],[72.5,22.0],[72.5,22.1],[72.5,22.2],[72.6,22.2],[72.7,22.2],[72.8,22.2],[72.9,22.2],[72.9,22.3],[72.8,22.3],[72.8,22.2],[72.7,22.2],[72.7,22.3],[72.6,22.3],[72.5,22.3],[72.5,22.2],[72.5,22.3],[72.4,22.3],[72.4,22.2],[72.4,22.3],[72.4,22.4],[72.4,22.3],[72.3,22.3],[72.2,22.3],[72.1,22.3],[72.2,22.3],[72.2,22.2],[72.3,22.2],[72.3,22.1],[72.3,22.0],[72.2,22.0],[72.1,22.0],[72.1,21.9],[72.1,22.0],[72.0,21.9],[72.1,21.9],[72.2,21.9],[72.1,21.9],[72.2,21.9],[72.2,21.8],[72.1,21.8],[72.1,21.9],[72.0,21.9],[72.1,21.9],[72.1,21.8],[72.0,21.9],[72.0,21.8],[72.1,21.8],[72.2,21.8],[72.2,21.7],[72.3,21.7],[72.3,21.6],[72.2,21.5],[72.2,21.4],[72.1,21.3],[72.1,21.2],[72.0,21.1],[71.9,21.1],[71.8,21.1],[71.8,21.0],[71.7,21.0],[71.6,21.0],[71.5,21.0],[71.6,21.0],[71.5,21.0],[71.5,20.9],[71.4,20.9],[71.3,20.8],[71.1,20.8],[71.1,20.7],[71.0,20.7],[70.9,20.7],[70.8,20.7],[70.7,20.7],[70.6,20.8],[70.5,20.8],[70.5,20.9],[70.4,20.9],[70.3,20.9],[70.3,21.0],[70.2,21.1],[70.1,21.2],[70.0,21.2],[70.0,21.3],[69.9,21.3],[69.8,21.4],[69.8,21.5],[69.6,21.6],[69.6,21.7],[69.5,21.7],[69.5,21.8],[69.4,21.8],[69.4,21.9],[69.3,21.9],[69.2,21.9],[69.2,22.0],[69.1,22.1],[69.0,22.2],[69.0,22.3],[68.9,22.3],[69.0,22.3],[69.0,22.4],[69.0,22.5],[69.1,22.5],[69.1,22.4],[69.0,22.4],[69.1,22.4],[69.2,22.4],[69.2,22.3],[69.3,22.3],[69.4,22.3],[69.5,22.3],[69.5,22.4],[69.5,22.5],[69.6,22.4],[69.7,22.4],[69.7,22.5],[69.8,22.4],[69.8,22.5],[69.9,22.5],[70.0,22.5],[70.0,22.6],[70.1,22.6],[70.1,22.5],[70.2,22.6],[70.3,22.7],[70.3,22.8],[70.4,22.9],[70.4,23.0],[70.5,23.0],[70.5,23.1],[70.4,23.1],[70.4,23.0],[70.4,22.9],[70.3,22.9],[70.3,23.0],[70.2,23.0],[70.2,22.9],[70.2,23.0],[70.1,23.0],[70.1,22.9],[70.0,22.9],[69.9,22.9],[69.8,22.9],[69.8,22.8],[69.7,22.8],[69.7,22.7],[69.7,22.8],[69.6,22.8],[69.5,22.8],[69.4,22.8],[69.3,22.8],[69.2,22.8],[69.2,22.9],[69.1,22.9],[69.0,23.0],[68.9,23.0],[68.7,23.1],[68.7,23.2],[68.6,23.2],[68.6,23.3],[68.5,23.3],[68.6,23.3],[68.6,23.4],[68.5,23.4],[68.4,23.4],[68.4,23.5],[68.5,23.5],[68.4,23.5],[68.4,23.6],[68.5,23.6],[68.5,23.7],[68.6,23.7],[68.6,23.8],[68.7,23.8],[68.8,23.8],[68.8,23.9],[68.7,23.9],[68.7,23.8],[68.6,23.8],[68.5,23.8],[68.5,23.7],[68.4,23.7],[68.3,23.6],[68.4,23.6],[68.3,23.6],[68.2,23.6],[68.1,23.6],[68.2,23.6],[68.2,23.7],[68.2,23.6],[68.2,23.7],[68.3,23.7],[68.2,23.7],[68.2,23.8],[68.2,23.7],[68.2,23.8],[68.2,23.9],[68.3,23.9],[68.3,24.0],[68.4,24.0],[68.4,23.9],[68.4,24.0],[68.5,24.0],[68.6,24.0],[68.7,24.0],[68.7,24.1],[68.7,24.2],[68.7,24.3],[68.8,24.3],[68.8,24.2],[68.9,24.3],[69.0,24.3],[69.1,24.3],[69.2,24.3],[69.3,24.3],[69.6,24.3],[69.7,24.2],[69.8,24.2],[70.0,24.2],[70.1,24.2],[70.1,24.3],[70.2,24.3],[70.3,24.4],[70.4,24.4],[70.5,24.4],[70.6,24.4],[70.5,24.4],[70.6,24.3],[70.6,24.2],[70.8,24.2],[70.8,24.3],[70.9,24.3],[70.8,24.3],[70.9,24.3],[70.9,24.4],[71.0,24.4],[71.1,24.4],[71.0,24.4],[71.0,24.5],[71.0,24.6],[71.0,24.7],[71.1,24.7],[71.0,24.7],[71.0,24.8],[70.9,24.9],[70.9,25.0],[70.9,25.1],[70.8,25.2],[70.7,25.3],[70.7,25.4],[70.6,25.4],[70.7,25.5],[70.7,25.6],[70.7,25.7],[70.6,25.7],[70.5,25.7],[70.4,25.7],[70.3,25.7],[70.2,25.7],[70.2,25.8],[70.1,25.9],[70.1,26.0],[70.1,26.1],[70.1,26.2],[70.2,26.3],[70.1,26.3],[70.2,26.4],[70.2,26.5],[70.1,26.6],[69.8,26.6],[69.7,26.7],[69.5,26.7],[69.5,26.8],[69.5,26.9],[69.5,27.1],[69.6,27.2],[69.7,27.3],[69.8,27.4],[69.9,27.5],[70.0,27.6],[70.1,27.8],[70.2,27.9],[70.3,27.9],[70.3,28.0],[70.4,28.0],[70.5,28.0],[70.6,28.0],[70.6,27.9],[70.7,27.8],[70.7,27.7],[70.8,27.7],[70.9,27.7],[71.0,27.8],[71.2,27.8],[71.3,27.9],[71.4,27.9],[71.5,27.9],[71.6,27.9],[71.7,27.9],[71.9,28.0],[71.9,28.1],[72.0,28.2],[72.1,28.3],[72.1,28.4],[72.2,28.4],[72.3,28.6],[72.3,28.7],[72.4,28.8],[72.5,28.8],[72.7,28.9],[72.8,29.0],[72.9,29.0],[73.0,29.1],[73.0,29.2],[73.1,29.2],[73.1,29.4],[73.2,29.4],[73.2,29.5],[73.3,29.7],[73.3,29.8],[73.4,29.9],[73.6,30.0],[73.7,30.0],[73.8,30.1],[73.9,30.2],[73.9,30.3],[73.8,30.4],[73.9,30.4],[74.0,30.5],[74.1,30.5],[74.1,30.6],[74.1,30.7],[74.2,30.7],[74.2,30.8],[74.3,30.8],[74.3,30.9],[74.4,30.9],[74.5,31.0],[74.6,31.0],[74.6,31.1],[74.7,31.1],[74.6,31.1],[74.5,31.1],[74.5,31.2],[74.5,31.3],[74.6,31.4],[74.6,31.5],[74.6,31.6],[74.5,31.7],[74.5,31.8],[74.6,31.8],[74.6,31.9],[74.7,31.9],[74.7,32.0],[74.8,31.9],[74.8,32.0],[74.9,32.0],[75.0,32.0],[75.0,32.1],[75.1,32.1],[75.2,32.1],[75.3,32.2],[75.3,32.1],[75.3,32.2],[75.4,32.3],[75.3,32.3],[75.2,32.4],[75.1,32.4],[75.1,32.5],[75.0,32.5],[74.9,32.4],[74.8,32.5],[74.7,32.5],[74.6,32.6],[74.7,32.6],[74.7,32.7],[74.6,32.7],[74.7,32.7],[74.7,32.8],[74.6,32.8],[74.5,32.7],[74.5,32.8],[74.4,32.8],[74.3,32.8],[74.3,32.9],[74.3,33.0],[74.2,33.0],[74.1,33.1],[74.0,33.2],[74.0,33.3],[74.1,33.3],[74.1,33.4],[74.2,33.5],[74.1,33.5],[74.1,33.6],[74.0,33.6],[74.0,33.7],[74.0,33.8],[74.1,33.8],[74.2,33.9],[74.3,33.9],[74.3,34.0],[74.2,34.0],[74.1,34.0],[74.0,34.0],[73.9,34.0],[73.9,34.1],[74.0,34.2],[74.0,34.3],[73.9,34.3],[73.8,34.3],[73.8,34.4],[73.8,34.5],[73.9,34.5],[73.9,34.6],[73.9,34.7],[74.0,34.7],[74.1,34.7],[74.2,34.7],[74.3,34.8],[74.4,34.8],[74.7,34.7],[75.0,34.6],[75.1,34.6],[75.2,34.6],[75.3,34.6],[75.6,34.5],[75.7,34.5],[75.8,34.5],[75.9,34.6],[76.0,34.6],[76.0,34.7],[76.1,34.7],[76.2,34.7],[76.3,34.7],[76.4,34.8],[76.5,34.8],[76.5,34.7],[76.6,34.7],[76.7,34.7],[76.7,34.8],[76.8,34.8],[76.7,34.9],[76.8,34.9],[76.9,34.9],[77.0,34.9],[77.0,35.0],[77.0,35.1],[77.4,35.3],[77.8,35.5]]],[[[93.1,13.3],[93.1,13.2],[93.1,13.1],[93.0,13.1],[93.0,13.0],[93.0,13.1],[92.9,13.1],[92.9,13.0],[93.0,13.0],[92.9,13.0],[92.9,12.9],[93.0,12.9],[93.0,12.8],[93.0,12.7],[93.0,12.6],[93.0,12.5],[92.9,12.4],[92.9,12.5],[92.9,12.4],[92.8,12.4],[92.9,12.4],[92.9,12.3],[92.9,12.2],[92.8,12.2],[92.8,12.1],[92.8,12.0],[92.7,12.0],[92.7,11.9],[92.8,11.9],[92.8,11.7],[92.7,11.7],[92.7,11.6],[92.7,11.7],[92.8,11.7],[92.8,11.6],[92.7,11.6],[92.7,11.5],[92.7,11.6],[92.6,11.6],[92.6,11.7],[92.6,11.8],[92.5,11.8],[92.5,11.9],[92.6,11.9],[92.6,12.0],[92.6,12.1],[92.6,12.2],[92.7,12.2],[92.8,12.2],[92.8,12.3],[92.7,12.3],[92.7,12.4],[92.7,12.6],[92.8,12.6],[92.8,12.7],[92.7,12.7],[92.7,12.8],[92.8,12.8],[92.8,12.9],[92.8,13.0],[92.8,13.1],[92.9,13.1],[92.9,13.2],[92.8,13.2],[92.9,13.2],[92.8,13.3],[92.9,13.3],[92.8,13.3],[92.9,13.4],[92.9,13.5],[93.0,13.6],[93.0,13.5],[93.0,13.6],[93.1,13.5],[93.1,13.4],[93.0,13.4],[93.0,13.3],[93.0,13.4],[93.0,13.3],[93.1,13.3]]],[[[93.9,7.0],[93.9,6.9],[93.9,6.8],[93.8,6.8],[93.8,6.7],[93.8,6.8],[93.8,6.9],[93.7,6.9],[93.7,7.0],[93.6,7.0],[93.6,7.1],[93.7,7.1],[93.7,7.2],[93.8,7.2],[93.9,7.2],[93.9,7.1],[93.9,7.0]]],[[[92.6,10.8],[92.6,10.7],[92.6,10.6],[92.5,10.6],[92.6,10.6],[92.5,10.5],[92.4,10.5],[92.4,10.6],[92.4,10.7],[92.4,10.8],[92.4,10.9],[92.5,10.9],[92.6,10.8]]]]}},{"type":"Feature","properties":{"iso3":"CHN","name":"China","ilo169":"not ratified","colonial":"Holds territories of its own","land_deal_ha":351391.0,"debt_pct_gni":13.0,"conquests_suffered":6},"geometry":{"type":"MultiPolygon","coordinates":[[[[78.9,33.4],[78.8,33.5],[78.8,33.6],[78.8,33.7],[78.8,33.8],[78.8,33.9],[78.7,34.0],[78.7,34.1],[78.8,34.1],[78.9,34.2],[79.0,34.2],[79.0,34.3],[78.9,34.4],[78.8,34.4],[78.8,34.5],[78.7,34.5],[78.6,34.5],[78.4,34.6],[78.3,34.6],[78.3,34.7],[78.2,34.8],[78.2,34.9],[78.1,34.9],[78.1,35.0],[78.1,35.1],[78.0,35.2],[78.0,35.3],[78.0,35.4],[78.1,35.5],[78.0,35.5],[77.9,35.4],[77.8,35.5],[77.7,35.5],[77.5,35.5],[77.4,35.5],[77.3,35.5],[77.2,35.5],[77.1,35.5],[77.1,35.6],[77.0,35.6],[76.9,35.6],[76.8,35.6],[76.7,35.7],[76.6,35.7],[76.6,35.8],[76.6,35.9],[76.5,35.9],[76.4,35.9],[76.4,35.8],[76.3,35.8],[76.2,35.8],[76.1,35.8],[76.1,35.9],[76.1,36.0],[76.0,36.0],[75.9,36.0],[75.9,36.1],[76.0,36.1],[76.0,36.2],[76.0,36.3],[76.0,36.4],[76.0,36.5],[75.9,36.6],[75.8,36.6],[75.8,36.7],[75.7,36.7],[75.6,36.8],[75.5,36.7],[75.4,36.7],[75.4,36.8],[75.4,36.9],[75.3,36.9],[75.2,36.9],[75.2,37.0],[75.1,37.0],[75.0,37.0],[74.9,37.0],[74.9,36.9],[74.9,37.0],[74.8,37.0],[74.7,37.0],[74.7,37.1],[74.6,37.0],[74.5,37.0],[74.5,37.1],[74.4,37.1],[74.4,37.2],[74.5,37.2],[74.6,37.2],[74.6,37.3],[74.7,37.3],[74.8,37.2],[74.9,37.2],[74.9,37.3],[75.0,37.3],[75.1,37.3],[75.1,37.4],[75.2,37.4],[75.1,37.4],[75.1,37.5],[75.0,37.5],[74.9,37.5],[74.9,37.6],[74.9,37.7],[75.0,37.7],[75.0,37.8],[74.9,37.8],[74.9,37.9],[74.9,38.0],[74.8,38.1],[74.8,38.2],[74.8,38.3],[74.8,38.4],[74.8,38.5],[74.7,38.5],[74.6,38.6],[74.5,38.6],[74.3,38.7],[74.2,38.7],[74.2,38.6],[74.2,38.7],[74.1,38.7],[74.1,38.6],[74.0,38.6],[74.1,38.6],[74.1,38.5],[74.0,38.5],[73.9,38.5],[73.9,38.6],[73.8,38.6],[73.8,38.7],[73.7,38.7],[73.7,38.8],[73.7,38.9],[73.8,38.9],[73.8,39.0],[73.7,39.1],[73.6,39.2],[73.6,39.3],[73.6,39.4],[73.8,39.5],[73.9,39.5],[73.9,39.6],[73.9,39.7],[73.8,39.7],[73.8,39.8],[73.9,39.9],[73.9,40.0],[74.0,40.0],[74.0,40.1],[74.1,40.1],[74.2,40.1],[74.3,40.1],[74.4,40.1],[74.5,40.2],[74.6,40.2],[74.6,40.3],[74.7,40.3],[74.8,40.3],[74.9,40.3],[74.9,40.4],[74.8,40.4],[74.8,40.5],[74.9,40.5],[75.0,40.5],[75.0,40.4],[75.1,40.4],[75.1,40.5],[75.2,40.5],[75.2,40.4],[75.2,40.5],[75.3,40.5],[75.5,40.6],[75.6,40.6],[75.6,40.5],[75.7,40.5],[75.7,40.4],[75.6,40.4],[75.7,40.3],[75.8,40.3],[75.9,40.3],[76.0,40.4],[76.1,40.4],[76.2,40.4],[76.3,40.4],[76.3,40.3],[76.4,40.4],[76.5,40.4],[76.5,40.5],[76.6,40.6],[76.6,40.7],[76.6,40.8],[76.7,40.8],[76.8,40.8],[76.8,40.9],[76.8,41.0],[76.9,41.0],[77.0,41.0],[77.1,41.0],[77.2,41.0],[77.3,41.0],[77.4,41.0],[77.5,41.0],[77.6,41.0],[77.7,41.0],[77.8,41.1],[77.9,41.1],[78.0,41.0],[78.1,41.0],[78.2,41.1],[78.2,41.2],[78.3,41.2],[78.3,41.3],[78.4,41.3],[78.3,41.3],[78.3,41.4],[78.4,41.4],[78.5,41.5],[78.6,41.5],[78.7,41.5],[78.8,41.6],[78.9,41.6],[79.0,41.6],[79.1,41.7],[79.2,41.7],[79.3,41.8],[79.4,41.8],[79.5,41.8],[79.6,41.8],[79.6,41.9],[79.7,41.9],[79.8,41.9],[79.8,42.0],[79.9,42.0],[80.2,42.0],[80.3,42.1],[80.2,42.1],[80.2,42.2],[80.3,42.2],[80.2,42.3],[80.2,42.4],[80.2,42.5],[80.2,42.6],[80.1,42.6],[80.2,42.7],[80.2,42.8],[80.3,42.8],[80.4,42.8],[80.5,42.9],[80.6,42.9],[80.5,42.9],[80.4,43.0],[80.5,43.1],[80.6,43.1],[80.7,43.1],[80.8,43.1],[80.8,43.2],[80.8,43.3],[80.7,43.3],[80.6,43.3],[80.7,43.4],[80.7,43.5],[80.6,43.7],[80.5,43.9],[80.4,43.9],[80.4,44.0],[80.4,44.1],[80.3,44.1],[80.3,44.2],[80.4,44.2],[80.4,44.3],[80.3,44.4],[80.3,44.5],[80.4,44.6],[80.4,44.7],[80.5,44.7],[80.3,44.8],[80.2,44.8],[80.0,44.8],[79.9,44.8],[79.8,44.9],[79.9,44.9],[80.0,45.0],[80.1,45.0],[80.2,45.0],[80.3,45.0],[80.4,45.0],[80.4,45.1],[80.5,45.1],[80.7,45.1],[80.8,45.1],[80.9,45.1],[81.0,45.2],[81.1,45.2],[81.5,45.3],[81.6,45.3],[81.7,45.3],[81.8,45.3],[81.8,45.2],[81.9,45.2],[82.0,45.1],[82.0,45.2],[82.2,45.2],[82.3,45.2],[82.4,45.1],[82.5,45.1],[82.6,45.2],[82.6,45.3],[82.6,45.4],[82.5,45.5],[82.4,45.5],[82.3,45.5],[82.3,45.6],[82.4,45.7],[82.4,45.8],[82.5,45.9],[82.5,46.0],[82.5,46.1],[82.6,46.2],[82.6,46.3],[82.7,46.3],[82.7,46.4],[82.7,46.5],[82.8,46.7],[83.0,46.9],[83.0,47.0],[83.0,47.1],[83.0,47.2],[83.1,47.2],[83.2,47.2],[83.3,47.2],[83.4,47.1],[83.5,47.1],[83.9,47.0],[84.0,47.0],[84.1,47.0],[84.2,47.0],[84.3,47.0],[84.4,47.0],[84.5,47.0],[84.6,47.0],[84.7,47.0],[84.7,46.9],[84.8,46.9],[84.7,46.9],[84.7,46.8],[84.8,46.8],[84.9,46.9],[85.0,46.9],[85.1,46.9],[85.1,47.0],[85.2,47.0],[85.3,47.0],[85.4,47.1],[85.5,47.1],[85.5,47.2],[85.6,47.2],[85.7,47.2],[85.7,47.3],[85.7,47.4],[85.6,47.5],[85.6,47.6],[85.5,47.9],[85.5,48.0],[85.6,48.0],[85.6,48.1],[85.7,48.4],[85.8,48.4],[86.0,48.4],[86.2,48.4],[86.3,48.5],[86.4,48.5],[86.5,48.5],[86.6,48.5],[86.6,48.6],[86.7,48.6],[86.7,48.7],[86.8,48.7],[86.7,48.8],[86.8,48.8],[86.8,48.9],[86.7,48.9],[86.7,49.0],[86.8,49.0],[86.8,49.1],[86.9,49.1],[87.0,49.1],[87.1,49.1],[87.2,49.1],[87.3,49.1],[87.4,49.1],[87.5,49.1],[87.7,49.2],[87.8,49.2],[87.8,49.1],[87.8,49.0],[87.9,49.0],[87.8,48.9],[87.7,48.9],[87.8,48.9],[87.8,48.8],[87.9,48.8],[88.0,48.8],[88.0,48.7],[88.1,48.7],[88.0,48.7],[88.0,48.6],[87.9,48.6],[88.0,48.6],[88.0,48.5],[88.1,48.5],[88.2,48.5],[88.3,48.5],[88.4,48.4],[88.5,48.4],[88.6,48.3],[88.6,48.2],[88.7,48.2],[88.8,48.1],[88.9,48.1],[89.0,48.0],[89.1,48.0],[89.2,48.0],[89.3,48.0],[89.4,48.0],[89.5,48.0],[89.6,48.0],[89.6,47.9],[89.7,47.9],[89.7,47.8],[89.8,47.8],[89.9,47.8],[89.9,47.9],[90.0,47.9],[90.1,47.9],[90.1,47.8],[90.1,47.7],[90.2,47.7],[90.3,47.7],[90.3,47.6],[90.4,47.6],[90.4,47.5],[90.4,47.4],[90.5,47.4],[90.5,47.3],[90.7,47.0],[90.8,47.0],[90.9,47.0],[90.9,46.9],[90.9,46.8],[91.0,46.8],[91.0,46.7],[91.0,46.6],[91.0,46.5],[91.0,46.4],[90.9,46.3],[90.9,46.2],[91.0,46.1],[91.0,46.0],[90.9,46.0],[90.7,45.8],[90.7,45.7],[90.7,45.5],[90.7,45.4],[90.8,45.4],[90.8,45.3],[90.9,45.3],[90.9,45.2],[91.0,45.2],[91.1,45.2],[91.2,45.2],[91.2,45.1],[91.3,45.1],[91.4,45.1],[91.5,45.1],[91.6,45.1],[91.7,45.1],[91.9,45.1],[92.0,45.1],[92.1,45.1],[92.2,45.0],[92.3,45.0],[92.4,45.0],[92.5,45.0],[92.6,45.0],[92.8,45.0],[92.9,45.0],[93.0,45.0],[93.1,45.0],[93.2,45.0],[93.3,45.0],[93.4,45.0],[93.5,45.0],[93.7,44.9],[93.9,44.7],[94.0,44.7],[94.1,44.7],[94.2,44.7],[94.3,44.6],[94.3,44.5],[94.4,44.5],[94.5,44.5],[94.6,44.4],[94.7,44.4],[94.7,44.3],[94.9,44.3],[95.0,44.3],[95.4,44.3],[95.4,44.2],[95.3,44.2],[95.3,44.1],[95.3,44.0],[95.4,44.0],[95.5,44.0],[95.6,43.9],[95.7,43.6],[95.8,43.4],[95.8,43.3],[95.9,43.3],[95.9,43.2],[96.3,42.9],[96.4,42.7],[96.5,42.7],[96.8,42.8],[97.2,42.8],[97.5,42.8],[97.8,42.7],[98.3,42.7],[98.7,42.6],[99.1,42.6],[99.5,42.6],[99.6,42.6],[100.0,42.7],[100.4,42.6],[100.8,42.6],[101.2,42.5],[101.4,42.5],[101.5,42.5],[101.6,42.5],[101.7,42.5],[101.9,42.3],[102.0,42.2],[102.4,42.1],[102.7,42.1],[103.1,42.0],[103.4,41.9],[103.7,41.8],[104.1,41.8],[104.5,41.9],[104.5,41.7],[104.6,41.6],[104.9,41.6],[105.0,41.6],[105.2,41.7],[105.3,41.8],[105.4,41.8],[105.5,41.8],[105.9,42.0],[106.3,42.1],[106.8,42.3],[107.2,42.3],[107.6,42.4],[108.0,42.4],[108.2,42.5],[108.3,42.4],[108.5,42.4],[108.8,42.4],[108.9,42.4],[109.0,42.4],[109.3,42.4],[109.5,42.4],[109.5,42.5],[109.7,42.5],[109.9,42.6],[110.0,42.6],[110.1,42.6],[110.1,42.7],[110.4,42.8],[110.5,42.9],[110.6,42.9],[110.6,43.0],[110.7,43.0],[110.7,43.1],[110.8,43.1],[110.9,43.3],[111.0,43.3],[111.1,43.4],[111.3,43.4],[111.4,43.5],[111.5,43.5],[111.6,43.5],[111.8,43.7],[111.9,43.7],[111.9,43.8],[111.8,43.9],[111.8,44.0],[111.7,44.0],[111.6,44.1],[111.5,44.2],[111.5,44.3],[111.4,44.3],[111.4,44.4],[111.4,44.5],[111.5,44.5],[111.5,44.6],[111.5,44.7],[111.6,44.7],[111.7,45.0],[111.8,45.0],[111.9,45.0],[111.9,45.1],[112.0,45.1],[112.1,45.1],[112.4,45.1],[112.5,45.0],[112.6,44.9],[112.7,44.9],[113.0,44.8],[113.1,44.8],[113.5,44.8],[113.5,44.7],[113.6,44.7],[113.7,44.8],[113.8,44.9],[113.9,44.9],[114.0,44.9],[114.1,44.9],[114.1,45.0],[114.2,45.0],[114.2,45.1],[114.4,45.2],[114.5,45.3],[114.5,45.4],[114.7,45.4],[114.9,45.4],[115.1,45.4],[115.3,45.4],[115.5,45.4],[115.6,45.4],[115.7,45.5],[115.8,45.5],[116.0,45.7],[116.1,45.7],[116.2,45.7],[116.2,45.8],[116.3,45.8],[116.2,45.8],[116.2,45.9],[116.4,46.1],[116.5,46.2],[116.5,46.3],[116.6,46.3],[116.7,46.3],[116.8,46.4],[117.0,46.4],[117.3,46.4],[117.4,46.4],[117.4,46.5],[117.4,46.6],[117.5,46.6],[117.6,46.6],[117.6,46.5],[117.7,46.5],[117.8,46.5],[117.9,46.6],[118.0,46.6],[118.1,46.7],[118.2,46.7],[118.3,46.7],[118.4,46.7],[118.5,46.7],[118.6,46.7],[118.7,46.7],[118.8,46.7],[118.8,46.8],[118.9,46.8],[118.9,46.7],[119.0,46.7],[119.1,46.7],[119.3,46.6],[119.4,46.6],[119.5,46.6],[119.6,46.6],[119.7,46.6],[119.8,46.6],[119.8,46.7],[119.9,46.7],[119.9,46.8],[119.9,46.9],[119.8,46.9],[119.8,47.0],[119.8,47.1],[119.7,47.1],[119.7,47.2],[119.6,47.2],[119.5,47.3],[119.3,47.4],[119.3,47.5],[119.2,47.5],[119.1,47.5],[119.1,47.6],[119.1,47.7],[119.0,47.7],[118.8,47.8],[118.7,47.8],[118.6,47.9],[118.5,48.0],[118.3,48.0],[118.2,48.0],[118.1,48.0],[118.0,48.0],[117.8,48.0],[117.7,48.0],[117.5,47.8],[117.4,47.7],[117.3,47.7],[117.1,47.8],[117.0,47.8],[116.9,47.9],[116.8,47.9],[116.5,47.8],[116.4,47.8],[116.2,47.9],[116.2,47.8],[116.1,47.8],[116.0,47.7],[115.9,47.7],[115.6,47.9],[115.5,48.0],[115.5,48.1],[115.8,48.2],[115.8,48.3],[115.8,48.5],[116.0,48.8],[116.0,48.9],[116.2,49.2],[116.5,49.5],[116.7,49.8],[117.1,49.7],[117.3,49.6],[117.5,49.6],[117.8,49.5],[117.9,49.5],[117.9,49.6],[118.0,49.6],[118.1,49.6],[118.1,49.7],[118.2,49.7],[118.3,49.8],[118.4,49.8],[118.5,49.8],[118.5,49.9],[118.6,49.9],[118.6,50.0],[118.7,50.0],[118.7,49.9],[118.7,50.0],[118.8,50.0],[118.9,50.0],[119.0,50.0],[119.1,50.0],[119.2,50.0],[119.3,50.0],[119.3,50.1],[119.3,50.2],[119.3,50.3],[119.4,50.3],[119.3,50.3],[119.3,50.4],[119.3,50.3],[119.2,50.3],[119.2,50.4],[119.1,50.4],[119.2,50.4],[119.3,50.5],[119.3,50.6],[119.4,50.6],[119.4,50.7],[119.5,50.7],[119.5,50.8],[119.5,50.9],[119.6,50.9],[119.6,51.0],[119.7,51.0],[119.7,51.1],[119.8,51.1],[119.8,51.2],[119.8,51.3],[119.9,51.3],[119.9,51.4],[120.0,51.4],[120.0,51.5],[120.1,51.6],[120.1,51.7],[120.2,51.7],[120.3,51.8],[120.4,51.8],[120.5,51.8],[120.5,51.9],[120.6,51.9],[120.7,51.9],[120.7,52.0],[120.7,52.1],[120.8,52.1],[120.8,52.2],[120.7,52.3],[120.6,52.3],[120.6,52.4],[120.7,52.4],[120.7,52.5],[120.7,52.6],[120.6,52.6],[120.5,52.6],[120.4,52.6],[120.3,52.6],[120.2,52.6],[120.1,52.6],[120.0,52.6],[120.0,52.7],[120.1,52.7],[120.0,52.7],[120.0,52.8],[120.1,52.8],[120.2,52.8],[120.3,52.9],[120.4,52.9],[120.4,53.0],[120.5,53.0],[120.5,53.1],[120.6,53.1],[120.7,53.1],[120.7,53.2],[120.8,53.2],[120.8,53.3],[120.9,53.3],[121.1,53.3],[121.2,53.3],[121.3,53.3],[121.4,53.3],[121.5,53.3],[121.6,53.4],[121.9,53.4],[122.0,53.4],[122.1,53.4],[122.1,53.5],[122.2,53.5],[122.3,53.5],[122.4,53.5],[122.5,53.5],[122.9,53.5],[123.0,53.5],[123.2,53.5],[123.2,53.6],[123.3,53.6],[123.4,53.5],[123.5,53.5],[123.5,53.6],[123.5,53.5],[123.6,53.5],[123.6,53.6],[123.7,53.5],[123.9,53.5],[124.0,53.5],[124.0,53.4],[124.1,53.4],[124.2,53.4],[124.3,53.4],[124.3,53.3],[124.4,53.3],[124.4,53.2],[124.5,53.2],[124.6,53.2],[124.7,53.2],[124.7,53.1],[124.8,53.2],[124.8,53.1],[124.9,53.1],[124.9,53.2],[125.0,53.2],[125.1,53.2],[125.4,53.1],[125.5,53.1],[125.5,53.0],[125.6,53.1],[125.6,53.0],[125.7,53.0],[125.7,52.9],[125.6,52.9],[125.7,52.9],[125.8,52.9],[125.9,52.9],[125.9,52.8],[126.0,52.8],[126.1,52.8],[126.1,52.7],[126.0,52.7],[126.1,52.7],[126.0,52.7],[126.0,52.6],[126.1,52.6],[126.2,52.5],[126.3,52.5],[126.3,52.4],[126.4,52.4],[126.3,52.4],[126.3,52.3],[126.4,52.3],[126.3,52.2],[126.4,52.2],[126.5,52.2],[126.6,52.1],[126.5,52.1],[126.5,52.0],[126.4,52.0],[126.6,51.7],[126.7,51.7],[126.7,51.6],[126.8,51.5],[126.8,51.4],[126.9,51.4],[126.8,51.3],[126.9,51.3],[127.0,51.3],[126.9,51.3],[126.9,51.2],[126.9,51.1],[126.9,51.0],[127.0,51.0],[127.1,50.9],[127.2,50.8],[127.3,50.8],[127.3,50.7],[127.3,50.6],[127.4,50.6],[127.4,50.5],[127.3,50.5],[127.3,50.4],[127.4,50.4],[127.3,50.4],[127.3,50.3],[127.4,50.3],[127.6,50.2],[127.6,50.1],[127.5,50.1],[127.5,50.0],[127.5,49.9],[127.5,49.8],[127.6,49.8],[127.7,49.7],[127.7,49.6],[127.8,49.6],[127.9,49.6],[128.0,49.6],[128.1,49.5],[128.2,49.5],[128.2,49.6],[128.3,49.6],[128.3,49.5],[128.4,49.6],[128.6,49.6],[128.7,49.6],[128.8,49.6],[128.8,49.5],[128.9,49.5],[128.9,49.4],[129.0,49.4],[129.1,49.4],[129.1,49.3],[129.1,49.4],[129.2,49.4],[129.3,49.4],[129.3,49.3],[129.4,49.3],[129.4,49.4],[129.5,49.4],[129.5,49.3],[129.6,49.3],[129.7,49.3],[129.7,49.2],[129.8,49.2],[129.8,49.1],[129.9,49.1],[129.9,49.0],[130.0,49.0],[130.2,48.9],[130.3,48.9],[130.4,48.9],[130.5,48.9],[130.6,48.9],[130.7,48.9],[130.7,48.8],[130.6,48.8],[130.5,48.6],[130.6,48.6],[130.6,48.5],[130.7,48.5],[130.8,48.5],[130.7,48.4],[130.8,48.4],[130.8,48.3],[130.8,48.2],[130.7,48.2],[130.7,48.1],[130.9,47.9],[130.9,47.8],[130.9,47.7],[131.0,47.7],[131.1,47.7],[131.2,47.7],[131.4,47.7],[131.5,47.7],[131.6,47.7],[131.7,47.7],[131.8,47.7],[131.9,47.7],[132.0,47.7],[132.1,47.7],[132.2,47.7],[132.3,47.7],[132.4,47.7],[132.5,47.7],[132.6,47.7],[132.6,47.8],[132.7,47.9],[132.7,48.0],[132.8,47.9],[132.8,48.0],[132.9,48.0],[133.0,48.1],[133.1,48.1],[133.2,48.1],[133.3,48.1],[133.4,48.1],[133.5,48.1],[133.6,48.1],[133.6,48.2],[133.7,48.2],[133.7,48.3],[133.8,48.3],[133.9,48.3],[134.0,48.3],[134.1,48.3],[134.2,48.4],[134.4,48.4],[134.5,48.3],[134.5,48.4],[134.6,48.3],[134.7,48.3],[134.7,48.2],[134.7,48.1],[134.6,48.1],[134.6,48.0],[134.6,47.9],[134.7,47.9],[134.7,47.8],[134.8,47.7],[134.7,47.7],[134.7,47.6],[134.6,47.5],[134.5,47.5],[134.5,47.4],[134.4,47.4],[134.3,47.4],[134.2,47.4],[134.2,47.3],[134.2,47.2],[134.2,47.1],[134.1,47.1],[134.1,47.0],[134.1,46.9],[134.0,46.8],[134.0,46.7],[134.0,46.6],[133.9,46.6],[133.9,46.5],[133.8,46.5],[133.9,46.4],[133.9,46.3],[133.9,46.2],[133.8,46.2],[133.7,46.2],[133.7,46.1],[133.7,46.0],[133.7,45.9],[133.6,45.9],[133.5,45.9],[133.5,45.8],[133.5,45.7],[133.4,45.7],[133.5,45.7],[133.5,45.6],[133.4,45.6],[133.3,45.5],[133.2,45.5],[133.1,45.4],[133.1,45.3],[133.1,45.2],[133.1,45.1],[133.0,45.1],[133.0,45.0],[132.9,45.0],[132.8,45.1],[132.4,45.1],[132.0,45.2],[131.9,45.2],[131.9,45.3],[131.8,45.3],[131.7,45.2],[131.6,45.2],[131.6,45.1],[131.5,45.0],[131.4,45.0],[131.3,45.0],[131.3,44.9],[131.2,44.9],[131.1,44.9],[131.0,44.9],[130.9,44.8],[131.0,44.8],[131.0,44.7],[131.1,44.7],[131.2,44.4],[131.3,44.1],[131.3,44.0],[131.2,44.0],[131.2,43.9],[131.2,43.8],[131.2,43.7],[131.2,43.6],[131.2,43.5],[131.3,43.5],[131.3,43.4],[131.2,43.3],[131.2,43.2],[131.2,43.1],[131.1,43.1],[131.1,43.0],[131.1,42.9],[131.0,42.9],[131.0,42.8],[130.9,42.8],[130.8,42.9],[130.7,42.8],[130.6,42.8],[130.5,42.8],[130.4,42.7],[130.5,42.7],[130.6,42.6],[130.5,42.5],[130.5,42.6],[130.5,42.5],[130.4,42.6],[130.3,42.7],[130.2,42.7],[130.2,42.8],[130.3,42.9],[130.2,42.9],[130.1,42.9],[130.1,43.0],[130.0,43.0],[129.9,43.0],[129.8,43.0],[129.8,42.9],[129.8,42.8],[129.8,42.7],[129.8,42.6],[129.7,42.6],[129.8,42.6],[129.7,42.6],[129.7,42.5],[129.7,42.4],[129.6,42.4],[129.5,42.4],[129.4,42.4],[129.3,42.4],[129.4,42.4],[129.3,42.4],[129.2,42.4],[129.2,42.3],[129.2,42.2],[129.1,42.2],[129.1,42.1],[129.1,42.2],[129.1,42.1],[129.0,42.1],[128.9,42.0],[128.8,42.0],[128.7,42.0],[128.6,42.0],[128.5,42.0],[128.4,42.0],[128.3,42.0],[128.1,42.0],[128.0,42.0],[128.0,41.9],[128.1,41.8],[128.2,41.7],[128.3,41.7],[128.3,41.6],[128.3,41.5],[128.2,41.4],[128.1,41.4],[128.0,41.4],[128.1,41.4],[128.0,41.4],[128.0,41.5],[127.9,41.5],[127.9,41.4],[127.8,41.4],[127.7,41.4],[127.6,41.4],[127.6,41.5],[127.5,41.5],[127.4,41.5],[127.3,41.5],[127.2,41.5],[127.1,41.5],[127.1,41.6],[127.2,41.6],[127.1,41.6],[127.0,41.7],[127.1,41.7],[127.0,41.7],[127.0,41.8],[126.9,41.8],[126.9,41.7],[126.8,41.7],[126.7,41.7],[126.6,41.7],[126.6,41.6],[126.6,41.5],[126.5,41.5],[126.5,41.4],[126.5,41.3],[126.5,41.4],[126.4,41.3],[126.4,41.2],[126.3,41.2],[126.3,41.1],[126.1,41.1],[126.1,41.0],[126.0,40.9],[125.9,40.9],[125.8,40.9],[125.7,40.9],[125.7,40.8],[125.6,40.8],[125.7,40.8],[125.6,40.8],[125.6,40.7],[125.5,40.7],[125.4,40.7],[125.4,40.6],[125.3,40.6],[125.2,40.6],[125.1,40.6],[125.1,40.5],[125.0,40.5],[124.9,40.5],[124.8,40.4],[124.7,40.4],[124.7,40.3],[124.6,40.3],[124.6,40.2],[124.5,40.2],[124.4,40.1],[124.4,40.0],[124.3,40.0],[124.3,39.9],[124.2,39.9],[124.1,39.8],[124.1,39.9],[124.1,39.8],[124.0,39.8],[123.9,39.8],[123.8,39.8],[123.7,39.8],[123.7,39.9],[123.6,39.9],[123.7,39.9],[123.6,39.9],[123.6,39.8],[123.5,39.8],[123.4,39.7],[123.4,39.8],[123.3,39.8],[123.2,39.8],[123.3,39.8],[123.2,39.7],[123.2,39.8],[123.2,39.7],[123.3,39.7],[123.2,39.7],[123.1,39.7],[123.0,39.7],[123.0,39.6],[122.9,39.6],[122.8,39.6],[122.7,39.5],[122.6,39.5],[122.5,39.5],[122.5,39.4],[122.4,39.4],[122.3,39.4],[122.3,39.3],[122.2,39.3],[122.1,39.2],[122.2,39.1],[122.1,39.1],[122.0,39.1],[122.1,39.1],[122.0,39.1],[122.0,39.0],[121.9,39.0],[121.8,39.0],[121.9,39.0],[121.9,38.9],[121.8,38.9],[121.8,39.0],[121.7,39.0],[121.6,39.0],[121.7,39.0],[121.6,39.0],[121.6,38.9],[121.7,38.9],[121.6,38.9],[121.5,38.8],[121.4,38.8],[121.3,38.8],[121.2,38.8],[121.2,38.7],[121.1,38.7],[121.1,38.8],[121.1,38.9],[121.2,38.9],[121.1,38.9],[121.2,39.0],[121.2,38.9],[121.3,38.9],[121.3,39.0],[121.4,39.0],[121.5,39.0],[121.6,39.1],[121.7,39.1],[121.6,39.2],[121.6,39.3],[121.7,39.3],[121.8,39.4],[121.9,39.4],[121.8,39.4],[121.7,39.4],[121.5,39.4],[121.5,39.5],[121.4,39.5],[121.3,39.5],[121.2,39.5],[121.3,39.6],[121.4,39.6],[121.5,39.6],[121.5,39.7],[121.5,39.6],[121.5,39.7],[121.6,39.7],[121.5,39.7],[121.5,39.8],[121.5,39.9],[121.6,39.9],[121.7,39.9],[121.8,39.9],[121.8,40.0],[121.9,40.0],[121.8,40.0],[121.9,40.0],[121.9,40.1],[122.0,40.1],[122.0,40.2],[122.1,40.2],[122.1,40.3],[122.2,40.4],[122.3,40.4],[122.2,40.4],[122.3,40.5],[122.2,40.6],[122.1,40.6],[122.2,40.7],[122.1,40.7],[122.0,40.7],[121.9,40.8],[121.8,40.9],[121.8,41.0],[121.9,41.0],[121.8,41.0],[121.8,40.9],[121.7,40.8],[121.6,40.8],[121.5,40.9],[121.4,40.9],[121.3,40.9],[121.2,40.9],[121.1,40.9],[121.1,40.8],[121.0,40.8],[120.9,40.8],[120.9,40.7],[121.0,40.7],[120.9,40.7],[120.8,40.7],[120.8,40.6],[120.7,40.5],[120.6,40.5],[120.6,40.4],[120.5,40.4],[120.6,40.4],[120.5,40.3],[120.5,40.2],[120.4,40.2],[120.3,40.2],[120.3,40.1],[120.2,40.1],[120.1,40.1],[120.0,40.1],[119.9,40.0],[119.8,40.0],[119.7,40.0],[119.7,39.9],[119.6,39.9],[119.5,39.9],[119.5,39.8],[119.4,39.8],[119.4,39.7],[119.3,39.7],[119.3,39.6],[119.2,39.6],[119.2,39.5],[119.3,39.6],[119.3,39.5],[119.3,39.4],[119.2,39.4],[119.1,39.3],[119.1,39.2],[119.0,39.2],[118.9,39.1],[118.9,39.2],[119.0,39.2],[118.9,39.2],[118.8,39.2],[118.8,39.1],[118.7,39.1],[118.7,39.2],[118.6,39.2],[118.6,39.1],[118.5,39.1],[118.4,39.1],[118.4,39.0],[118.3,39.0],[118.2,39.1],[118.1,39.2],[118.0,39.2],[117.9,39.2],[117.8,39.2],[117.8,39.1],[117.7,39.1],[117.8,39.1],[117.8,39.0],[117.7,39.0],[117.6,38.8],[117.6,38.7],[117.6,38.6],[117.5,38.6],[117.6,38.6],[117.7,38.4],[117.8,38.3],[117.9,38.2],[118.0,38.2],[118.1,38.2],[118.1,38.1],[118.1,38.2],[118.1,38.1],[118.2,38.1],[118.3,38.1],[118.4,38.1],[118.5,38.1],[118.6,38.1],[118.7,38.1],[118.8,38.2],[118.9,38.1],[119.0,38.1],[118.9,38.1],[118.9,38.0],[119.0,38.0],[119.0,37.9],[119.1,37.9],[119.2,37.8],[119.3,37.7],[119.2,37.7],[119.1,37.7],[119.0,37.7],[119.0,37.6],[119.0,37.5],[118.9,37.4],[118.9,37.3],[119.0,37.3],[119.0,37.2],[119.1,37.2],[119.3,37.1],[119.4,37.1],[119.5,37.1],[119.6,37.1],[119.7,37.1],[119.8,37.2],[119.9,37.2],[119.9,37.3],[119.8,37.3],[119.9,37.4],[120.0,37.4],[120.1,37.4],[120.2,37.5],[120.3,37.6],[120.3,37.7],[120.2,37.7],[120.3,37.7],[120.4,37.7],[120.5,37.7],[120.6,37.8],[120.7,37.8],[120.8,37.8],[120.9,37.8],[121.0,37.8],[121.0,37.7],[121.1,37.7],[121.1,37.6],[121.2,37.6],[121.3,37.6],[121.4,37.6],[121.4,37.5],[121.5,37.5],[121.5,37.4],[121.6,37.4],[121.7,37.4],[121.7,37.5],[121.6,37.5],[121.7,37.5],[121.9,37.5],[122.0,37.5],[121.9,37.4],[122.0,37.4],[122.0,37.5],[122.1,37.5],[122.1,37.6],[122.1,37.5],[122.1,37.6],[122.2,37.5],[122.1,37.5],[122.2,37.4],[122.2,37.5],[122.3,37.5],[122.3,37.4],[122.5,37.4],[122.6,37.4],[122.7,37.4],[122.6,37.4],[122.6,37.3],[122.5,37.3],[122.6,37.3],[122.6,37.2],[122.6,37.1],[122.5,37.2],[122.5,37.1],[122.5,37.2],[122.4,37.1],[122.5,37.1],[122.4,37.1],[122.4,37.0],[122.5,37.0],[122.5,36.9],[122.4,36.9],[122.4,36.8],[122.3,36.8],[122.2,36.8],[122.2,36.9],[122.3,36.9],[122.2,36.9],[122.2,37.0],[122.1,37.0],[122.1,36.9],[122.1,37.0],[122.1,36.9],[122.0,36.9],[122.0,37.0],[122.1,37.0],[122.0,37.0],[121.9,37.0],[121.9,36.9],[121.8,36.9],[121.7,36.8],[121.6,36.8],[121.7,36.8],[121.6,36.8],[121.6,36.7],[121.6,36.8],[121.5,36.8],[121.6,36.8],[121.5,36.8],[121.4,36.8],[121.4,36.7],[121.3,36.7],[121.2,36.7],[121.1,36.7],[121.1,36.6],[121.0,36.6],[120.9,36.6],[120.9,36.7],[120.8,36.6],[120.7,36.6],[120.8,36.6],[120.7,36.6],[120.8,36.5],[120.8,36.6],[120.9,36.6],[120.9,36.5],[121.0,36.5],[120.9,36.5],[120.9,36.4],[120.8,36.4],[120.8,36.5],[120.7,36.5],[120.7,36.4],[120.7,36.3],[120.6,36.3],[120.7,36.3],[120.7,36.2],[120.7,36.1],[120.6,36.1],[120.5,36.1],[120.4,36.1],[120.4,36.0],[120.3,36.0],[120.3,36.1],[120.4,36.2],[120.3,36.2],[120.3,36.3],[120.3,36.2],[120.2,36.2],[120.1,36.2],[120.1,36.1],[120.2,36.1],[120.2,36.0],[120.3,36.0],[120.2,36.0],[120.2,35.9],[120.1,35.9],[120.0,35.8],[120.0,35.7],[119.9,35.8],[119.9,35.7],[119.9,35.6],[119.8,35.6],[119.8,35.7],[119.8,35.6],[119.7,35.6],[119.6,35.6],[119.6,35.5],[119.6,35.4],[119.5,35.4],[119.5,35.3],[119.4,35.3],[119.4,35.2],[119.4,35.1],[119.3,35.1],[119.2,35.1],[119.2,35.0],[119.2,34.9],[119.2,34.8],[119.2,34.7],[119.2,34.8],[119.3,34.8],[119.4,34.8],[119.4,34.7],[119.5,34.7],[119.5,34.6],[119.6,34.6],[119.6,34.5],[119.7,34.5],[119.8,34.5],[119.9,34.5],[120.0,34.4],[120.1,34.4],[120.2,34.3],[120.3,34.3],[120.3,34.2],[120.3,34.1],[120.4,34.1],[120.4,34.0],[120.4,33.9],[120.4,33.8],[120.5,33.8],[120.4,33.8],[120.5,33.8],[120.5,33.7],[120.5,33.6],[120.6,33.5],[120.7,33.4],[120.7,33.3],[120.8,33.3],[120.7,33.3],[120.7,33.2],[120.8,33.2],[120.8,33.1],[120.8,33.0],[120.9,33.0],[120.9,32.8],[120.9,32.7],[120.8,32.7],[120.9,32.7],[120.9,32.6],[121.0,32.6],[121.1,32.5],[121.2,32.5],[121.3,32.4],[121.4,32.4],[121.4,32.3],[121.4,32.2],[121.4,32.1],[121.5,32.1],[121.6,32.1],[121.7,32.1],[121.7,32.0],[121.8,32.0],[121.8,31.9],[121.9,31.9],[121.9,31.8],[121.9,31.7],[121.8,31.7],[121.7,31.7],[121.6,31.7],[121.6,31.8],[121.5,31.8],[121.4,31.8],[121.3,31.9],[121.2,31.9],[121.2,31.8],[121.1,31.8],[121.0,31.8],[120.9,31.8],[120.9,31.9],[120.8,32.0],[120.7,32.0],[120.6,32.1],[120.5,32.1],[120.4,32.1],[120.4,32.0],[120.3,32.0],[120.3,31.9],[120.2,31.9],[120.1,31.9],[120.1,32.0],[120.0,32.0],[119.9,32.1],[119.9,32.2],[119.9,32.3],[119.8,32.3],[119.7,32.3],[119.6,32.4],[119.6,32.3],[119.7,32.3],[119.7,32.2],[119.6,32.2],[119.7,32.2],[119.8,32.2],[119.8,32.1],[119.9,32.1],[119.9,32.0],[120.0,32.0],[120.0,31.9],[120.1,31.9],[120.2,31.9],[120.3,32.0],[120.4,32.0],[120.5,32.0],[120.6,32.0],[120.7,32.0],[120.8,32.0],[120.8,31.9],[120.8,31.8],[120.7,31.8],[120.7,31.9],[120.7,31.8],[120.8,31.8],[120.9,31.8],[121.0,31.8],[121.0,31.7],[121.1,31.7],[121.2,31.6],[121.3,31.5],[121.4,31.5],[121.4,31.4],[121.5,31.4],[121.6,31.3],[121.7,31.3],[121.8,31.2],[121.9,31.1],[122.0,31.0],[122.0,30.9],[121.9,30.9],[121.8,30.9],[121.7,30.8],[121.6,30.8],[121.5,30.8],[121.4,30.8],[121.4,30.7],[121.3,30.7],[121.2,30.7],[121.2,30.6],[121.1,30.6],[121.0,30.6],[121.0,30.5],[120.9,30.5],[120.9,30.4],[120.9,30.3],[120.8,30.3],[120.7,30.4],[120.6,30.4],[120.5,30.4],[120.4,30.4],[120.4,30.3],[120.3,30.3],[120.2,30.3],[120.2,30.2],[120.1,30.2],[120.2,30.2],[120.3,30.3],[120.3,30.2],[120.4,30.2],[120.4,30.3],[120.5,30.4],[120.6,30.4],[120.7,30.4],[120.7,30.3],[120.7,30.2],[120.6,30.1],[120.7,30.1],[120.8,30.1],[120.7,30.1],[120.6,30.1],[120.7,30.1],[120.7,30.2],[120.8,30.2],[120.9,30.2],[121.0,30.2],[121.1,30.3],[121.2,30.3],[121.3,30.3],[121.4,30.3],[121.5,30.2],[121.6,30.2],[121.6,30.1],[121.6,30.0],[121.7,30.0],[121.8,30.0],[121.8,29.9],[121.9,29.9],[122.0,29.9],[122.1,29.9],[122.0,29.8],[121.9,29.8],[121.9,29.7],[121.8,29.7],[121.7,29.6],[121.6,29.6],[121.6,29.5],[121.6,29.6],[121.5,29.5],[121.4,29.5],[121.5,29.5],[121.4,29.5],[121.4,29.4],[121.5,29.4],[121.5,29.5],[121.5,29.4],[121.6,29.5],[121.7,29.5],[121.8,29.5],[121.8,29.6],[121.8,29.5],[121.7,29.5],[121.7,29.6],[121.8,29.6],[121.9,29.6],[122.0,29.6],[121.9,29.6],[121.9,29.5],[122.0,29.4],[121.9,29.4],[121.9,29.3],[122.0,29.3],[122.0,29.2],[121.9,29.2],[121.8,29.2],[121.8,29.3],[121.8,29.4],[121.8,29.3],[121.8,29.2],[121.7,29.2],[121.6,29.2],[121.6,29.3],[121.7,29.3],[121.6,29.3],[121.6,29.2],[121.6,29.3],[121.5,29.3],[121.5,29.2],[121.4,29.2],[121.4,29.1],[121.5,29.1],[121.4,29.1],[121.5,29.1],[121.6,29.1],[121.5,29.1],[121.5,29.0],[121.6,29.0],[121.5,29.0],[121.6,29.0],[121.6,29.1],[121.7,29.0],[121.7,28.9],[121.6,28.9],[121.6,29.0],[121.6,28.9],[121.5,29.0],[121.5,28.9],[121.6,28.9],[121.6,28.8],[121.7,28.8],[121.6,28.8],[121.7,28.8],[121.6,28.8],[121.6,28.7],[121.5,28.7],[121.4,28.7],[121.3,28.7],[121.3,28.8],[121.2,28.8],[121.1,28.8],[121.2,28.8],[121.3,28.7],[121.4,28.7],[121.5,28.7],[121.5,28.6],[121.6,28.5],[121.5,28.5],[121.6,28.5],[121.6,28.4],[121.6,28.3],[121.7,28.3],[121.6,28.3],[121.5,28.3],[121.4,28.3],[121.4,28.2],[121.4,28.1],[121.3,28.1],[121.3,28.2],[121.2,28.2],[121.2,28.3],[121.2,28.4],[121.2,28.3],[121.3,28.4],[121.2,28.4],[121.1,28.3],[121.0,28.3],[121.1,28.3],[121.1,28.2],[121.1,28.1],[121.0,28.1],[121.0,28.0],[120.9,28.0],[120.8,28.0],[120.7,28.0],[120.6,28.0],[120.6,28.1],[120.6,28.0],[120.7,28.0],[120.8,28.0],[120.8,27.9],[120.9,27.9],[120.8,27.8],[120.7,27.7],[120.7,27.8],[120.6,27.8],[120.6,27.7],[120.7,27.7],[120.7,27.6],[120.6,27.6],[120.6,27.5],[120.7,27.5],[120.7,27.4],[120.6,27.4],[120.5,27.4],[120.5,27.3],[120.5,27.2],[120.4,27.2],[120.3,27.2],[120.3,27.3],[120.2,27.3],[120.2,27.2],[120.2,27.3],[120.3,27.3],[120.3,27.2],[120.4,27.2],[120.3,27.2],[120.4,27.2],[120.4,27.1],[120.3,27.1],[120.2,27.1],[120.3,27.1],[120.2,27.1],[120.2,27.0],[120.3,27.0],[120.2,27.0],[120.1,27.0],[120.2,27.0],[120.2,26.9],[120.1,26.9],[120.0,26.9],[120.1,26.9],[120.0,26.9],[120.0,26.8],[120.1,26.8],[120.1,26.7],[120.1,26.6],[120.1,26.7],[120.1,26.6],[120.0,26.6],[119.9,26.6],[119.9,26.5],[119.8,26.5],[119.8,26.6],[119.9,26.6],[120.0,26.6],[120.0,26.7],[120.1,26.8],[120.0,26.8],[119.9,26.8],[119.9,26.7],[119.8,26.7],[119.8,26.8],[119.8,26.9],[119.8,26.8],[119.8,26.7],[119.7,26.7],[119.7,26.8],[119.7,26.7],[119.6,26.8],[119.6,26.7],[119.6,26.8],[119.6,26.7],[119.6,26.6],[119.6,26.7],[119.5,26.7],[119.5,26.6],[119.6,26.6],[119.7,26.6],[119.8,26.6],[119.8,26.5],[119.8,26.4],[119.7,26.4],[119.7,26.5],[119.6,26.5],[119.6,26.4],[119.7,26.4],[119.7,26.3],[119.7,26.4],[119.8,26.4],[119.9,26.4],[119.8,26.4],[119.9,26.4],[119.9,26.3],[119.8,26.3],[119.7,26.3],[119.6,26.3],[119.7,26.3],[119.7,26.2],[119.6,26.2],[119.6,26.1],[119.5,26.1],[119.5,26.0],[119.4,26.0],[119.3,26.0],[119.3,26.1],[119.2,26.1],[119.1,26.1],[119.2,26.1],[119.2,26.0],[119.3,26.0],[119.3,25.9],[119.4,25.9],[119.4,26.0],[119.5,26.0],[119.6,26.0],[119.6,26.1],[119.6,26.0],[119.7,26.0],[119.7,25.9],[119.6,25.9],[119.6,25.8],[119.6,25.9],[119.6,25.8],[119.6,25.7],[119.5,25.7],[119.4,25.7],[119.5,25.7],[119.5,25.6],[119.6,25.6],[119.6,25.5],[119.6,25.4],[119.7,25.4],[119.6,25.3],[119.6,25.4],[119.6,25.5],[119.5,25.5],[119.5,25.4],[119.6,25.4],[119.5,25.4],[119.5,25.5],[119.5,25.4],[119.4,25.4],[119.4,25.5],[119.4,25.6],[119.3,25.6],[119.3,25.5],[119.2,25.5],[119.2,25.4],[119.1,25.4],[119.2,25.4],[119.2,25.3],[119.2,25.4],[119.2,25.3],[119.3,25.3],[119.4,25.3],[119.3,25.2],[119.2,25.2],[119.1,25.2],[119.1,25.1],[119.2,25.1],[119.1,25.1],[119.1,25.2],[119.0,25.1],[119.0,25.2],[119.1,25.2],[119.0,25.2],[119.0,25.3],[118.9,25.3],[118.9,25.2],[119.0,25.2],[118.9,25.1],[118.8,25.1],[118.9,25.1],[118.9,25.0],[119.0,25.0],[119.0,25.1],[119.0,25.0],[119.0,24.9],[119.0,25.0],[118.9,25.0],[118.9,24.9],[119.0,24.9],[118.9,24.9],[118.8,24.9],[118.7,24.9],[118.7,24.8],[118.7,24.9],[118.7,25.0],[118.7,24.9],[118.6,24.9],[118.7,24.9],[118.6,24.9],[118.6,24.8],[118.7,24.8],[118.8,24.8],[118.7,24.7],[118.6,24.7],[118.6,24.6],[118.7,24.6],[118.6,24.6],[118.6,24.5],[118.6,24.6],[118.5,24.6],[118.4,24.6],[118.4,24.7],[118.4,24.6],[118.3,24.6],[118.2,24.6],[118.2,24.5],[118.2,24.6],[118.2,24.7],[118.1,24.7],[118.1,24.6],[118.0,24.6],[118.0,24.5],[118.1,24.5],[118.0,24.5],[118.0,24.4],[117.9,24.5],[117.8,24.5],[117.9,24.5],[117.8,24.5],[117.9,24.4],[118.0,24.4],[118.0,24.3],[118.1,24.3],[118.1,24.2],[118.1,24.3],[118.1,24.2],[118.0,24.2],[117.9,24.2],[117.9,24.1],[117.9,24.0],[117.8,24.0],[117.8,23.9],[117.7,23.9],[117.7,24.0],[117.8,24.0],[117.8,24.1],[117.8,24.0],[117.7,24.0],[117.7,24.1],[117.7,24.0],[117.7,23.9],[117.6,23.9],[117.6,23.8],[117.6,23.7],[117.6,23.8],[117.6,23.9],[117.5,23.9],[117.4,23.9],[117.5,23.9],[117.5,23.8],[117.4,23.8],[117.3,23.8],[117.3,23.7],[117.3,23.6],[117.2,23.6],[117.2,23.7],[117.2,23.6],[117.1,23.6],[117.1,23.7],[117.0,23.7],[117.0,23.6],[116.9,23.6],[116.9,23.7],[116.9,23.6],[116.9,23.5],[116.8,23.5],[116.9,23.5],[116.8,23.3],[116.8,23.4],[116.7,23.3],[116.7,23.4],[116.6,23.4],[116.5,23.4],[116.6,23.3],[116.7,23.3],[116.8,23.3],[116.8,23.2],[116.7,23.3],[116.7,23.2],[116.6,23.2],[116.5,23.2],[116.6,23.2],[116.5,23.1],[116.6,23.1],[116.5,23.1],[116.6,23.0],[116.5,23.0],[116.5,22.9],[116.4,22.9],[116.3,23.0],[116.2,23.0],[116.3,23.0],[116.2,22.9],[116.1,22.8],[116.1,22.9],[116.0,22.9],[116.1,22.9],[116.0,22.9],[116.0,22.8],[115.9,22.8],[115.8,22.8],[115.8,22.7],[115.8,22.8],[115.7,22.9],[115.6,22.9],[115.6,22.8],[115.5,22.9],[115.4,22.9],[115.5,22.9],[115.5,22.8],[115.6,22.8],[115.6,22.9],[115.6,22.8],[115.5,22.8],[115.5,22.7],[115.6,22.7],[115.5,22.7],[115.4,22.7],[115.3,22.7],[115.4,22.7],[115.4,22.8],[115.3,22.8],[115.2,22.8],[115.3,22.8],[115.3,22.9],[115.3,22.8],[115.2,22.8],[115.1,22.8],[115.0,22.8],[115.0,22.7],[114.9,22.7],[114.9,22.8],[114.9,22.7],[114.9,22.8],[114.9,22.7],[115.0,22.7],[114.9,22.7],[114.9,22.6],[114.9,22.5],[114.9,22.6],[114.8,22.6],[114.7,22.6],[114.7,22.7],[114.8,22.7],[114.7,22.7],[114.8,22.7],[114.8,22.8],[114.7,22.8],[114.6,22.8],[114.6,22.7],[114.5,22.7],[114.5,22.6],[114.6,22.6],[114.6,22.7],[114.6,22.6],[114.5,22.6],[114.5,22.5],[114.5,22.6],[114.6,22.6],[114.6,22.5],[114.5,22.5],[114.5,22.6],[114.4,22.6],[114.3,22.6],[114.2,22.6],[114.1,22.5],[114.0,22.5],[113.9,22.5],[113.8,22.6],[113.8,22.7],[113.8,22.8],[113.7,22.8],[113.7,22.7],[113.7,22.8],[113.6,22.8],[113.6,22.9],[113.6,22.8],[113.6,22.9],[113.6,23.0],[113.6,22.9],[113.6,23.0],[113.6,22.9],[113.6,23.0],[113.5,23.0],[113.5,23.1],[113.6,23.1],[113.7,23.1],[113.8,23.1],[113.7,23.1],[113.7,23.2],[113.6,23.1],[113.5,23.1],[113.4,23.1],[113.5,23.1],[113.5,23.0],[113.5,22.9],[113.4,22.9],[113.3,22.9],[113.2,22.9],[113.3,22.9],[113.4,22.9],[113.4,22.8],[113.5,22.8],[113.4,22.7],[113.4,22.8],[113.4,22.7],[113.5,22.7],[113.6,22.6],[113.6,22.5],[113.5,22.4],[113.6,22.4],[113.6,22.3],[113.6,22.2],[113.5,22.2],[113.4,22.2],[113.4,22.3],[113.3,22.3],[113.3,22.4],[113.2,22.5],[113.2,22.6],[113.2,22.5],[113.2,22.4],[113.3,22.3],[113.4,22.2],[113.3,22.2],[113.3,22.1],[113.2,22.1],[113.3,22.1],[113.2,22.1],[113.2,22.0],[113.1,22.0],[113.1,22.1],[113.1,22.2],[113.1,22.1],[113.0,22.1],[113.0,22.0],[113.0,21.9],[112.9,21.9],[112.8,22.0],[112.8,21.9],[112.8,22.0],[112.7,21.9],[112.6,21.8],[112.4,21.8],[112.4,21.9],[112.5,21.9],[112.5,22.0],[112.4,21.9],[112.4,22.0],[112.4,22.1],[112.4,22.0],[112.4,21.9],[112.4,21.8],[112.4,21.7],[112.3,21.7],[112.2,21.7],[112.2,21.8],[112.1,21.8],[112.0,21.8],[112.0,21.9],[112.0,21.8],[112.0,21.9],[111.9,21.9],[111.9,21.8],[112.0,21.8],[111.9,21.7],[111.8,21.7],[111.9,21.7],[111.8,21.7],[111.8,21.8],[111.8,21.7],[111.8,21.8],[111.7,21.8],[111.8,21.7],[111.7,21.6],[111.8,21.6],[111.7,21.6],[111.7,21.5],[111.6,21.5],[111.6,21.6],[111.6,21.5],[111.5,21.5],[111.5,21.6],[111.4,21.6],[111.4,21.5],[111.3,21.5],[111.4,21.5],[111.3,21.5],[111.3,21.4],[111.3,21.5],[111.2,21.5],[111.1,21.5],[111.0,21.5],[111.0,21.4],[111.0,21.5],[111.1,21.5],[111.0,21.5],[111.0,21.4],[110.9,21.4],[110.8,21.4],[110.7,21.4],[110.7,21.3],[110.6,21.3],[110.6,21.4],[110.7,21.4],[110.8,21.4],[110.7,21.4],[110.6,21.4],[110.6,21.3],[110.6,21.2],[110.5,21.2],[110.4,21.2],[110.4,21.3],[110.5,21.3],[110.4,21.3],[110.5,21.3],[110.4,21.3],[110.4,21.4],[110.4,21.5],[110.4,21.4],[110.4,21.3],[110.3,21.3],[110.4,21.3],[110.4,21.2],[110.3,21.1],[110.2,21.0],[110.2,21.1],[110.2,21.0],[110.1,21.0],[110.2,21.0],[110.2,20.9],[110.1,20.9],[110.2,20.9],[110.2,20.8],[110.3,20.8],[110.3,20.9],[110.3,20.8],[110.4,20.8],[110.4,20.7],[110.3,20.7],[110.3,20.8],[110.3,20.7],[110.3,20.6],[110.4,20.6],[110.5,20.6],[110.5,20.5],[110.5,20.4],[110.4,20.3],[110.3,20.3],[110.2,20.3],[110.1,20.2],[110.1,20.3],[110.0,20.3],[109.9,20.3],[109.9,20.2],[109.9,20.3],[109.9,20.4],[110.0,20.4],[110.0,20.5],[109.9,20.5],[109.9,20.4],[109.9,20.5],[109.8,20.5],[109.8,20.6],[109.7,20.6],[109.8,20.6],[109.8,20.7],[109.9,20.7],[109.8,20.7],[109.8,20.8],[109.8,20.9],[109.7,20.9],[109.7,20.8],[109.7,20.9],[109.7,21.0],[109.7,21.1],[109.7,21.2],[109.8,21.2],[109.7,21.2],[109.8,21.2],[109.8,21.3],[109.8,21.4],[109.8,21.3],[109.8,21.4],[109.9,21.4],[110.0,21.5],[109.9,21.5],[109.8,21.5],[109.8,21.6],[109.8,21.5],[109.8,21.6],[109.7,21.6],[109.7,21.5],[109.8,21.5],[109.7,21.5],[109.6,21.5],[109.7,21.5],[109.7,21.6],[109.6,21.6],[109.6,21.7],[109.6,21.6],[109.6,21.7],[109.6,21.8],[109.5,21.7],[109.5,21.6],[109.6,21.6],[109.6,21.5],[109.5,21.5],[109.4,21.5],[109.3,21.5],[109.3,21.4],[109.2,21.4],[109.2,21.5],[109.2,21.4],[109.1,21.4],[109.2,21.4],[109.1,21.4],[109.0,21.5],[109.1,21.5],[109.1,21.6],[109.0,21.6],[109.1,21.6],[109.0,21.6],[108.9,21.6],[108.9,21.7],[108.9,21.8],[108.8,21.8],[108.9,21.8],[108.8,21.8],[108.8,21.7],[108.8,21.8],[108.8,21.7],[108.8,21.6],[108.9,21.6],[108.8,21.6],[108.7,21.6],[108.7,21.7],[108.8,21.7],[108.7,21.7],[108.6,21.7],[108.7,21.7],[108.7,21.8],[108.7,21.7],[108.6,21.8],[108.7,21.8],[108.6,21.8],[108.6,21.7],[108.6,21.8],[108.6,21.9],[108.6,22.0],[108.6,21.9],[108.6,22.0],[108.6,21.9],[108.5,21.9],[108.4,21.9],[108.5,21.8],[108.5,21.7],[108.6,21.7],[108.5,21.7],[108.6,21.7],[108.5,21.6],[108.4,21.6],[108.4,21.7],[108.5,21.7],[108.4,21.7],[108.3,21.7],[108.3,21.6],[108.3,21.5],[108.2,21.5],[108.2,21.6],[108.3,21.6],[108.2,21.6],[108.1,21.6],[108.1,21.5],[108.0,21.6],[108.0,21.5],[108.1,21.5],[108.0,21.5],[108.0,21.4],[108.0,21.5],[107.9,21.5],[107.9,21.6],[107.8,21.6],[107.8,21.7],[107.7,21.7],[107.7,21.6],[107.6,21.6],[107.5,21.6],[107.4,21.6],[107.4,21.7],[107.4,21.6],[107.3,21.6],[107.3,21.7],[107.2,21.7],[107.1,21.8],[107.0,21.8],[107.0,21.9],[106.9,21.9],[106.9,22.0],[106.8,22.0],[106.7,22.0],[106.6,22.0],[106.7,22.0],[106.7,22.1],[106.7,22.2],[106.6,22.2],[106.7,22.2],[106.6,22.3],[106.5,22.3],[106.5,22.4],[106.5,22.5],[106.6,22.6],[106.7,22.6],[106.7,22.7],[106.8,22.8],[106.7,22.8],[106.7,22.9],[106.6,22.9],[106.6,22.8],[106.6,22.9],[106.5,22.9],[106.3,22.9],[106.2,22.9],[106.2,23.0],[106.1,23.0],[106.0,23.0],[106.0,22.9],[105.9,22.9],[105.8,22.9],[105.8,23.0],[105.7,23.0],[105.6,23.1],[105.5,23.1],[105.5,23.2],[105.4,23.2],[105.4,23.3],[105.3,23.3],[105.3,23.4],[105.2,23.3],[105.1,23.3],[105.1,23.2],[105.0,23.2],[104.9,23.2],[104.9,23.1],[104.8,23.1],[104.8,23.0],[104.8,22.9],[104.7,22.8],[104.6,22.8],[104.5,22.8],[104.4,22.7],[104.3,22.7],[104.2,22.7],[104.2,22.8],[104.1,22.8],[104.0,22.7],[104.0,22.6],[104.0,22.5],[103.9,22.5],[103.9,22.6],[103.8,22.6],[103.8,22.7],[103.7,22.7],[103.7,22.8],[103.6,22.8],[103.6,22.7],[103.5,22.7],[103.5,22.6],[103.6,22.6],[103.5,22.6],[103.4,22.6],[103.4,22.7],[103.4,22.8],[103.3,22.8],[103.3,22.7],[103.2,22.7],[103.2,22.6],[103.1,22.6],[103.1,22.5],[103.0,22.5],[103.0,22.4],[103.0,22.5],[102.9,22.5],[102.9,22.6],[102.8,22.6],[102.7,22.7],[102.6,22.7],[102.5,22.7],[102.5,22.8],[102.4,22.8],[102.4,22.7],[102.4,22.6],[102.3,22.5],[102.2,22.5],[102.2,22.4],[102.1,22.4],[102.0,22.4],[101.9,22.4],[101.8,22.4],[101.8,22.5],[101.7,22.5],[101.7,22.4],[101.6,22.4],[101.6,22.3],[101.5,22.3],[101.5,22.2],[101.6,22.2],[101.6,22.1],[101.6,22.0],[101.6,21.9],[101.7,21.9],[101.7,21.8],[101.8,21.8],[101.7,21.8],[101.7,21.7],[101.8,21.7],[101.8,21.6],[101.7,21.6],[101.7,21.5],[101.7,21.4],[101.7,21.3],[101.8,21.3],[101.8,21.2],[101.8,21.1],[101.7,21.1],[101.7,21.2],[101.6,21.2],[101.5,21.2],[101.4,21.2],[101.3,21.2],[101.2,21.2],[101.2,21.3],[101.2,21.4],[101.2,21.5],[101.2,21.6],[101.2,21.7],[101.1,21.7],[101.1,21.8],[101.0,21.7],[100.9,21.7],[100.8,21.7],[100.8,21.6],[100.7,21.5],[100.6,21.5],[100.5,21.5],[100.4,21.5],[100.3,21.5],[100.2,21.5],[100.2,21.4],[100.1,21.5],[100.1,21.6],[100.1,21.7],[100.0,21.7],[99.9,21.8],[99.9,21.9],[100.0,21.9],[100.0,22.0],[99.9,22.0],[99.9,22.1],[99.8,22.1],[99.8,22.0],[99.7,22.1],[99.7,22.0],[99.7,22.1],[99.6,22.1],[99.5,22.1],[99.4,22.1],[99.3,22.1],[99.2,22.1],[99.1,22.2],[99.2,22.2],[99.2,22.3],[99.2,22.4],[99.3,22.4],[99.3,22.5],[99.4,22.5],[99.3,22.5],[99.3,22.6],[99.4,22.6],[99.3,22.7],[99.3,22.8],[99.4,22.8],[99.4,22.9],[99.5,22.9],[99.5,23.0],[99.5,23.1],[99.4,23.1],[99.3,23.1],[99.2,23.1],[99.1,23.1],[99.0,23.1],[99.0,23.2],[98.9,23.2],[98.9,23.3],[98.9,23.4],[98.9,23.5],[98.8,23.5],[98.8,23.6],[98.9,23.6],[98.8,23.6],[98.8,23.7],[98.8,23.8],[98.7,23.8],[98.7,23.9],[98.7,24.0],[98.8,24.0],[98.9,24.1],[98.8,24.1],[98.7,24.1],[98.6,24.1],[98.5,24.1],[98.4,24.1],[98.3,24.1],[98.2,24.1],[98.1,24.1],[97.9,24.0],[97.8,24.0],[97.8,23.9],[97.7,23.9],[97.6,23.9],[97.6,23.8],[97.6,23.9],[97.5,23.9],[97.7,24.1],[97.7,24.2],[97.7,24.3],[97.6,24.3],[97.7,24.3],[97.7,24.4],[97.6,24.4],[97.5,24.4],[97.5,24.5],[97.5,24.6],[97.5,24.7],[97.6,24.8],[97.7,24.8],[97.8,24.8],[97.8,24.9],[97.7,24.9],[97.7,25.0],[97.7,25.1],[97.8,25.1],[97.8,25.2],[97.8,25.3],[97.9,25.2],[98.0,25.3],[98.1,25.4],[98.1,25.5],[98.1,25.6],[98.2,25.6],[98.3,25.6],[98.4,25.6],[98.4,25.7],[98.5,25.8],[98.6,25.8],[98.7,25.8],[98.7,25.9],[98.6,26.0],[98.6,26.1],[98.5,26.1],[98.6,26.1],[98.7,26.1],[98.7,26.2],[98.6,26.2],[98.6,26.3],[98.7,26.3],[98.7,26.4],[98.7,26.5],[98.7,26.6],[98.8,26.6],[98.7,26.7],[98.7,26.8],[98.8,26.8],[98.7,26.8],[98.7,26.9],[98.7,27.0],[98.7,27.1],[98.7,27.2],[98.7,27.3],[98.7,27.4],[98.7,27.5],[98.7,27.6],[98.6,27.6],[98.5,27.6],[98.5,27.7],[98.5,27.6],[98.5,27.7],[98.4,27.7],[98.4,27.6],[98.4,27.5],[98.3,27.5],[98.3,27.6],[98.2,27.7],[98.2,27.8],[98.1,27.9],[98.2,27.9],[98.1,27.9],[98.1,28.0],[98.1,28.1],[98.0,28.2],[98.0,28.3],[97.9,28.3],[97.9,28.4],[97.8,28.3],[97.8,28.4],[97.7,28.4],[97.7,28.5],[97.6,28.5],[97.5,28.5],[97.5,28.4],[97.4,28.4],[97.5,28.4],[97.5,28.3],[97.4,28.3],[97.3,28.2],[97.2,28.3],[97.1,28.4],[97.0,28.4],[97.0,28.3],[96.9,28.3],[96.9,28.4],[96.7,28.4],[96.6,28.4],[96.5,28.4],[96.4,28.4],[96.3,28.4],[96.3,28.5],[96.4,28.6],[96.5,28.6],[96.5,28.7],[96.6,28.7],[96.6,28.8],[96.5,28.9],[96.5,29.0],[96.4,29.0],[96.3,29.0],[96.2,28.9],[96.2,29.0],[96.2,29.1],[96.3,29.2],[96.4,29.2],[96.4,29.3],[96.3,29.3],[96.3,29.2],[96.2,29.2],[96.2,29.3],[96.2,29.4],[96.1,29.4],[96.0,29.4],[95.9,29.3],[95.8,29.4],[95.8,29.3],[95.7,29.3],[95.7,29.2],[95.6,29.2],[95.5,29.2],[95.5,29.1],[95.4,29.0],[95.3,29.1],[95.2,29.1],[95.1,29.1],[95.0,29.1],[95.0,29.2],[94.9,29.2],[94.8,29.2],[94.7,29.3],[94.6,29.3],[94.5,29.2],[94.4,29.2],[94.3,29.2],[94.3,29.1],[94.3,29.0],[94.3,28.9],[94.2,28.9],[94.1,28.9],[94.0,28.9],[94.0,28.8],[94.0,28.7],[93.9,28.7],[93.8,28.7],[93.7,28.7],[93.6,28.7],[93.4,28.7],[93.4,28.6],[93.3,28.6],[93.3,28.5],[93.2,28.5],[93.2,28.4],[93.2,28.3],[93.1,28.3],[93.0,28.3],[92.9,28.3],[92.9,28.2],[92.8,28.2],[92.7,28.2],[92.7,28.1],[92.6,28.1],[92.7,28.1],[92.7,28.0],[92.7,27.9],[92.6,27.9],[92.6,27.8],[92.5,27.8],[92.4,27.8],[92.4,27.9],[92.4,27.8],[92.3,27.8],[92.2,27.9],[92.1,27.8],[92.0,27.8],[92.0,27.7],[91.9,27.7],[91.9,27.8],[91.8,27.8],[91.7,27.8],[91.6,27.9],[91.7,27.9],[91.6,27.9],[91.6,28.0],[91.5,28.0],[91.4,28.0],[91.3,28.0],[91.3,28.1],[91.2,28.1],[91.1,28.0],[91.0,28.0],[90.9,28.0],[90.8,28.0],[90.8,28.1],[90.7,28.1],[90.6,28.1],[90.5,28.1],[90.5,28.2],[90.6,28.2],[90.5,28.2],[90.5,28.3],[90.4,28.3],[90.3,28.3],[90.2,28.4],[90.2,28.3],[90.1,28.3],[90.0,28.3],[89.9,28.3],[89.8,28.3],[89.8,28.2],[89.7,28.2],[89.6,28.1],[89.5,28.1],[89.5,28.0],[89.4,28.0],[89.4,27.9],[89.3,27.9],[89.3,27.8],[89.2,27.8],[89.2,27.7],[89.1,27.6],[89.0,27.6],[89.0,27.5],[89.0,27.4],[89.0,27.3],[88.9,27.3],[88.8,27.4],[88.8,27.5],[88.7,27.5],[88.7,27.6],[88.8,27.6],[88.8,27.7],[88.9,27.8],[88.9,27.9],[88.8,27.9],[88.8,28.0],[88.7,28.1],[88.6,28.1],[88.5,28.1],[88.5,28.0],[88.4,28.0],[88.2,28.0],[88.2,27.9],[88.1,28.0],[88.1,27.9],[88.0,27.9],[87.9,27.9],[87.8,27.9],[87.8,27.8],[87.7,27.8],[87.6,27.8],[87.5,27.8],[87.4,27.8],[87.4,27.9],[87.3,27.8],[87.2,27.8],[87.1,27.8],[87.1,27.9],[87.0,27.9],[87.0,28.0],[87.0,27.9],[86.9,27.9],[86.9,28.0],[86.8,28.0],[86.7,28.0],[86.7,28.1],[86.6,28.1],[86.5,28.1],[86.5,28.0],[86.5,27.9],[86.4,27.9],[86.3,27.9],[86.3,28.0],[86.2,28.0],[86.2,28.1],[86.2,28.2],[86.1,28.1],[86.1,28.0],[86.1,27.9],[86.0,27.9],[86.0,28.0],[85.9,28.0],[85.9,28.1],[85.8,28.2],[85.7,28.2],[85.7,28.3],[85.6,28.3],[85.5,28.3],[85.4,28.3],[85.3,28.3],[85.2,28.3],[85.1,28.3],[85.1,28.4],[85.1,28.5],[85.2,28.5],[85.2,28.6],[85.1,28.6],[85.0,28.6],[84.9,28.6],[84.9,28.5],[84.8,28.5],[84.8,28.6],[84.7,28.6],[84.7,28.7],[84.6,28.7],[84.5,28.7],[84.4,28.8],[84.4,28.9],[84.3,28.9],[84.2,28.9],[84.2,29.0],[84.2,29.1],[84.1,29.1],[84.1,29.2],[84.2,29.2],[84.1,29.2],[84.1,29.3],[84.0,29.2],[84.0,29.3],[83.9,29.3],[83.8,29.3],[83.8,29.2],[83.7,29.2],[83.6,29.2],[83.5,29.2],[83.5,29.3],[83.4,29.3],[83.4,29.4],[83.4,29.5],[83.3,29.5],[83.2,29.5],[83.3,29.5],[83.3,29.6],[83.2,29.6],[83.1,29.6],[83.0,29.6],[83.0,29.7],[82.9,29.7],[82.8,29.7],[82.7,29.8],[82.6,29.8],[82.5,29.9],[82.5,30.0],[82.4,30.0],[82.3,30.0],[82.2,30.1],[82.1,30.1],[82.2,30.2],[82.1,30.2],[82.1,30.3],[82.0,30.3],[81.9,30.4],[81.8,30.4],[81.6,30.4],[81.5,30.4],[81.5,30.3],[81.4,30.4],[81.4,30.3],[81.4,30.2],[81.3,30.1],[81.2,30.1],[81.2,30.0],[81.1,30.0],[81.1,30.1],[81.0,30.1],[81.0,30.2],[81.0,30.3],[80.9,30.3],[80.8,30.3],[80.7,30.4],[80.6,30.5],[80.5,30.5],[80.4,30.5],[80.3,30.5],[80.3,30.6],[80.2,30.6],[80.2,30.7],[80.2,30.8],[80.1,30.8],[80.0,30.8],[79.9,30.9],[79.9,31.0],[79.8,31.0],[79.7,31.0],[79.6,31.0],[79.6,30.9],[79.5,30.9],[79.5,31.0],[79.4,31.0],[79.4,31.1],[79.3,31.1],[79.3,31.2],[79.2,31.3],[79.3,31.3],[79.2,31.3],[79.2,31.4],[79.1,31.4],[79.1,31.5],[79.0,31.4],[79.0,31.3],[78.9,31.3],[78.8,31.3],[78.7,31.3],[78.7,31.4],[78.8,31.4],[78.7,31.5],[78.8,31.6],[78.8,31.7],[78.7,31.7],[78.7,31.8],[78.7,31.9],[78.7,32.0],[78.6,32.0],[78.6,32.2],[78.5,32.2],[78.5,32.3],[78.4,32.4],[78.5,32.4],[78.4,32.4],[78.4,32.5],[78.4,32.6],[78.6,32.6],[78.7,32.6],[78.8,32.6],[78.7,32.6],[78.7,32.5],[78.8,32.5],[78.9,32.4],[78.9,32.3],[79.0,32.4],[79.1,32.4],[79.1,32.5],[79.2,32.5],[79.3,32.5],[79.3,32.6],[79.4,32.6],[79.4,32.5],[79.5,32.6],[79.6,32.7],[79.6,32.8],[79.5,32.9],[79.4,33.0],[79.3,33.0],[79.4,33.0],[79.4,33.1],[79.4,33.2],[79.5,33.3],[79.4,33.3],[79.3,33.3],[79.2,33.3],[79.1,33.3],[79.0,33.3],[78.9,33.4]]],[[[111.0,19.7],[111.0,19.6],[110.9,19.6],[110.9,19.5],[110.8,19.5],[110.8,19.6],[110.9,19.6],[110.8,19.6],[110.8,19.5],[110.8,19.4],[110.7,19.4],[110.7,19.3],[110.6,19.3],[110.6,19.2],[110.5,19.2],[110.5,19.1],[110.6,19.1],[110.6,19.2],[110.6,19.1],[110.5,19.0],[110.5,18.9],[110.5,18.8],[110.4,18.8],[110.5,18.8],[110.5,18.9],[110.5,18.8],[110.4,18.7],[110.3,18.7],[110.4,18.7],[110.3,18.7],[110.2,18.6],[110.1,18.6],[110.1,18.5],[110.0,18.5],[110.1,18.5],[110.1,18.4],[110.0,18.4],[110.1,18.4],[110.0,18.4],[110.0,18.5],[110.0,18.4],[109.9,18.4],[109.8,18.4],[109.7,18.4],[109.8,18.4],[109.7,18.3],[109.7,18.2],[109.6,18.2],[109.5,18.2],[109.6,18.2],[109.6,18.3],[109.6,18.2],[109.5,18.2],[109.5,18.3],[109.5,18.2],[109.5,18.3],[109.4,18.3],[109.3,18.3],[109.2,18.3],[109.1,18.3],[109.1,18.4],[109.0,18.4],[108.9,18.4],[108.8,18.5],[108.7,18.5],[108.7,18.6],[108.7,18.7],[108.7,18.8],[108.6,18.8],[108.6,18.9],[108.7,18.9],[108.7,19.0],[108.6,19.0],[108.6,19.1],[108.7,19.1],[108.7,19.2],[108.6,19.2],[108.6,19.3],[108.7,19.3],[108.7,19.4],[108.8,19.4],[108.9,19.5],[109.0,19.5],[109.0,19.6],[109.1,19.6],[109.2,19.6],[109.2,19.7],[109.3,19.7],[109.3,19.8],[109.2,19.8],[109.2,19.7],[109.2,19.8],[109.2,19.9],[109.3,19.9],[109.4,19.9],[109.5,19.9],[109.5,19.8],[109.5,19.9],[109.6,19.9],[109.5,19.9],[109.6,19.9],[109.5,19.9],[109.5,20.0],[109.6,20.0],[109.7,20.0],[109.8,20.0],[109.8,19.9],[109.9,19.9],[109.9,20.0],[110.0,20.0],[110.0,19.9],[110.0,20.0],[110.1,20.0],[110.1,20.1],[110.2,20.1],[110.2,20.0],[110.3,20.0],[110.3,20.1],[110.4,20.0],[110.4,19.9],[110.4,20.0],[110.4,20.1],[110.4,20.0],[110.4,20.1],[110.5,20.0],[110.6,20.0],[110.6,19.9],[110.6,20.0],[110.6,20.1],[110.7,20.1],[110.7,20.2],[110.7,20.1],[110.8,20.0],[110.9,20.0],[111.0,19.9],[111.0,19.8],[111.0,19.7]]]]}},{"type":"Feature","properties":{"iso3":"PSE","name":"Palestine","ilo169":"not ratified","colonial":"A dependency of another state"},"geometry":{"type":"MultiPolygon","coordinates":[[[[35.0,32.0],[35.0,32.1],[35.0,32.2],[35.0,32.3],[35.0,32.4],[35.1,32.5],[35.2,32.5],[35.3,32.5],[35.4,32.5],[35.4,32.4],[35.5,32.4],[35.6,32.4],[35.6,32.3],[35.6,32.2],[35.5,32.1],[35.6,32.1],[35.5,32.1],[35.5,32.0],[35.5,31.9],[35.5,31.8],[35.6,31.8],[35.5,31.7],[35.5,31.6],[35.5,31.5],[35.4,31.5],[35.3,31.5],[35.2,31.4],[35.0,31.4],[35.0,31.3],[34.9,31.3],[34.9,31.4],[34.9,31.5],[34.9,31.6],[35.0,31.6],[35.1,31.7],[35.2,31.7],[35.3,31.7],[35.3,31.8],[35.2,31.8],[35.2,31.9],[35.2,31.8],[35.1,31.8],[35.1,31.9],[35.0,31.8],[35.0,31.9],[35.0,32.0]]],[[[34.5,31.6],[34.6,31.5],[34.5,31.5],[34.4,31.4],[34.3,31.4],[34.3,31.3],[34.4,31.3],[34.3,31.3],[34.3,31.2],[34.2,31.2],[34.2,31.3],[34.3,31.4],[34.4,31.5],[34.5,31.6]]]]}},{"type":"Feature","properties":{"iso3":"LBN","name":"Lebanon","ilo169":"not ratified","colonial":"none recorded"},"geometry":{"type":"Polygon","coordinates":[[[35.1,33.1],[35.2,33.2],[35.2,33.3],[35.2,33.4],[35.3,33.4],[35.3,33.5],[35.4,33.5],[35.4,33.6],[35.4,33.7],[35.5,33.8],[35.5,33.9],[35.6,33.9],[35.6,34.0],[35.6,34.1],[35.6,34.2],[35.6,34.3],[35.7,34.3],[35.7,34.4],[35.8,34.4],[35.8,34.5],[35.9,34.5],[36.0,34.5],[36.0,34.6],[36.0,34.7],[36.0,34.6],[36.1,34.6],[36.2,34.6],[36.3,34.6],[36.3,34.7],[36.3,34.6],[36.4,34.6],[36.4,34.5],[36.3,34.5],[36.4,34.5],[36.5,34.5],[36.5,34.4],[36.5,34.3],[36.6,34.3],[36.6,34.2],[36.6,34.1],[36.5,34.1],[36.5,34.0],[36.4,34.0],[36.4,34.1],[36.4,34.0],[36.3,34.0],[36.3,33.9],[36.4,33.9],[36.4,33.8],[36.3,33.8],[36.2,33.8],[36.2,33.9],[36.2,33.8],[36.1,33.8],[36.1,33.9],[36.1,33.8],[36.0,33.8],[36.0,33.7],[35.9,33.7],[35.9,33.6],[36.0,33.6],[36.0,33.5],[35.9,33.5],[35.9,33.4],[35.8,33.4],[35.8,33.3],[35.7,33.3],[35.6,33.3],[35.6,33.2],[35.6,33.3],[35.5,33.3],[35.5,33.2],[35.5,33.1],[35.4,33.1],[35.3,33.1],[35.2,33.1],[35.1,33.1]]]}},{"type":"Feature","properties":{"iso3":"ETH","name":"Ethiopia","ilo169":"not ratified","colonial":"none recorded","land_deal_ha":790941.2,"conquests_suffered":2},"geometry":{"type":"Polygon","coordinates":[[[34.1,9.5],[34.1,9.7],[34.2,10.0],[34.3,10.1],[34.3,10.2],[34.3,10.3],[34.3,10.5],[34.3,10.6],[34.4,10.7],[34.4,10.8],[34.6,10.9],[34.7,10.8],[34.8,10.7],[34.9,10.7],[34.9,10.8],[35.0,10.9],[34.9,10.9],[34.9,11.0],[35.0,11.2],[34.9,11.3],[35.1,11.5],[35.1,11.6],[35.0,11.6],[35.0,11.7],[35.0,11.8],[35.1,11.8],[35.1,11.9],[35.2,11.9],[35.2,12.0],[35.3,12.0],[35.3,12.1],[35.4,12.1],[35.4,12.2],[35.4,12.3],[35.6,12.6],[35.7,12.6],[35.7,12.7],[36.0,12.7],[36.1,12.7],[36.1,12.8],[36.1,12.9],[36.1,13.0],[36.2,13.4],[36.4,13.6],[36.4,13.7],[36.4,13.8],[36.5,13.8],[36.5,13.9],[36.4,13.9],[36.4,14.0],[36.5,14.3],[36.6,14.3],[36.7,14.3],[36.8,14.3],[36.9,14.3],[37.0,14.3],[37.1,14.3],[37.1,14.4],[37.2,14.4],[37.3,14.4],[37.3,14.5],[37.3,14.4],[37.4,14.4],[37.4,14.3],[37.5,14.3],[37.5,14.2],[37.5,14.1],[37.6,14.1],[37.6,14.2],[37.7,14.3],[37.7,14.5],[37.8,14.6],[37.9,14.8],[37.9,14.9],[37.9,14.8],[38.0,14.8],[38.0,14.7],[38.1,14.7],[38.2,14.7],[38.2,14.6],[38.3,14.6],[38.3,14.5],[38.4,14.5],[38.4,14.4],[38.5,14.4],[38.6,14.4],[38.7,14.5],[38.8,14.5],[38.9,14.5],[39.0,14.6],[39.0,14.7],[39.0,14.6],[39.1,14.6],[39.2,14.6],[39.2,14.5],[39.2,14.4],[39.3,14.5],[39.4,14.5],[39.5,14.5],[39.5,14.6],[39.6,14.6],[39.6,14.5],[39.7,14.5],[39.8,14.5],[39.9,14.4],[40.0,14.5],[40.1,14.5],[40.2,14.4],[40.3,14.4],[40.4,14.3],[40.5,14.2],[40.6,14.2],[40.7,14.2],[40.8,14.1],[40.9,14.0],[41.0,13.9],[41.1,13.7],[41.2,13.6],[41.4,13.5],[41.5,13.4],[41.6,13.3],[41.7,13.2],[41.8,13.2],[41.8,13.1],[41.9,12.9],[42.0,12.8],[42.1,12.8],[42.2,12.7],[42.3,12.6],[42.3,12.5],[42.4,12.5],[42.3,12.4],[42.3,12.3],[42.2,12.1],[42.1,12.1],[42.1,12.0],[42.0,11.9],[41.9,11.8],[41.8,11.7],[41.8,11.6],[41.7,11.5],[41.8,11.4],[41.8,11.3],[41.8,11.1],[41.8,11.0],[41.9,10.9],[42.0,10.9],[42.0,11.0],[42.1,11.0],[42.2,11.0],[42.3,11.0],[42.4,11.0],[42.5,11.1],[42.6,11.1],[42.7,11.1],[42.8,11.0],[42.9,11.0],[42.9,10.9],[42.8,10.9],[42.8,10.8],[42.7,10.8],[42.7,10.7],[42.7,10.6],[42.6,10.6],[42.7,10.6],[42.7,10.5],[42.8,10.5],[42.8,10.4],[42.8,10.3],[42.8,10.2],[42.9,10.2],[43.0,10.1],[43.0,10.0],[43.0,9.9],[43.1,9.9],[43.2,9.9],[43.2,9.7],[43.3,9.6],[43.4,9.6],[43.4,9.5],[43.4,9.4],[43.5,9.4],[43.5,9.3],[43.6,9.3],[43.7,9.3],[43.8,9.2],[43.9,9.1],[44.0,9.0],[44.1,9.0],[44.2,8.9],[44.3,8.9],[44.4,8.9],[44.5,8.8],[44.6,8.8],[44.7,8.8],[44.8,8.7],[44.9,8.7],[45.0,8.7],[45.1,8.6],[45.2,8.6],[45.3,8.6],[45.4,8.5],[45.5,8.5],[45.6,8.5],[45.7,8.4],[45.8,8.4],[45.9,8.4],[46.0,8.3],[46.1,8.3],[46.2,8.3],[46.3,8.2],[46.4,8.2],[46.5,8.2],[46.6,8.1],[46.7,8.1],[46.8,8.1],[46.9,8.0],[47.0,8.0],[47.1,8.0],[47.2,8.0],[47.4,8.0],[47.5,8.0],[47.7,8.0],[47.8,8.0],[48.0,8.0],[47.9,7.9],[47.8,7.9],[47.8,7.8],[47.7,7.8],[47.7,7.7],[47.6,7.7],[47.6,7.6],[47.5,7.6],[47.5,7.5],[47.4,7.5],[47.4,7.4],[47.3,7.4],[47.3,7.3],[47.2,7.2],[47.1,7.2],[47.1,7.1],[47.0,7.1],[47.0,7.0],[46.9,7.0],[46.9,6.9],[46.8,6.9],[46.8,6.8],[46.7,6.8],[46.7,6.7],[46.6,6.7],[46.6,6.6],[46.5,6.6],[46.5,6.5],[46.4,6.5],[46.4,6.4],[46.3,6.4],[46.2,6.3],[46.2,6.2],[46.1,6.2],[46.1,6.1],[46.0,6.1],[45.9,6.0],[45.8,5.9],[45.7,5.8],[45.6,5.6],[45.5,5.5],[45.4,5.4],[45.3,5.3],[45.2,5.2],[45.1,5.1],[45.0,5.0],[44.9,4.9],[44.8,4.9],[44.7,4.9],[44.6,4.9],[44.5,4.9],[44.4,4.9],[44.3,4.9],[44.2,4.9],[44.1,4.9],[44.0,5.0],[43.9,4.9],[43.8,4.9],[43.7,4.9],[43.6,4.9],[43.5,4.8],[43.3,4.8],[43.2,4.7],[43.1,4.6],[43.0,4.6],[43.0,4.5],[42.9,4.5],[42.9,4.4],[42.9,4.3],[42.8,4.3],[42.7,4.3],[42.6,4.2],[42.4,4.2],[42.3,4.2],[42.2,4.2],[42.1,4.2],[42.0,4.1],[41.9,4.1],[41.9,4.0],[41.8,3.9],[41.8,4.0],[41.7,4.0],[41.6,4.0],[41.5,4.0],[41.4,3.9],[41.3,3.9],[41.2,3.9],[41.1,4.0],[41.0,4.1],[40.9,4.1],[40.9,4.2],[40.8,4.2],[40.8,4.3],[40.7,4.2],[40.6,4.2],[40.5,4.2],[40.4,4.1],[40.3,4.1],[40.2,4.0],[40.1,4.0],[40.0,4.0],[39.9,3.9],[39.8,3.9],[39.8,3.8],[39.8,3.7],[39.7,3.7],[39.7,3.6],[39.6,3.5],[39.6,3.4],[39.5,3.4],[39.5,3.5],[39.4,3.5],[39.3,3.5],[39.2,3.5],[39.1,3.5],[39.0,3.5],[38.9,3.5],[38.8,3.5],[38.7,3.6],[38.6,3.6],[38.5,3.6],[38.5,3.7],[38.5,3.6],[38.4,3.6],[38.3,3.6],[38.2,3.6],[38.1,3.6],[38.0,3.6],[38.0,3.7],[37.9,3.7],[37.8,3.8],[37.8,3.9],[37.6,3.9],[37.6,4.0],[37.5,4.0],[37.4,4.1],[37.3,4.2],[37.2,4.2],[37.1,4.3],[37.0,4.3],[37.0,4.4],[36.9,4.4],[36.8,4.4],[36.7,4.4],[36.6,4.4],[36.5,4.4],[36.3,4.4],[36.2,4.4],[36.0,4.4],[36.0,4.5],[35.9,4.5],[35.9,4.6],[35.8,4.8],[35.8,4.9],[35.8,5.1],[35.8,5.2],[35.8,5.3],[35.7,5.3],[35.7,5.4],[35.6,5.4],[35.5,5.4],[35.4,5.4],[35.3,5.4],[35.3,5.3],[35.3,5.4],[35.3,5.5],[35.2,5.5],[35.1,5.6],[35.1,5.7],[35.0,5.8],[35.0,5.9],[35.0,6.0],[35.0,6.1],[34.9,6.1],[34.9,6.2],[34.8,6.2],[34.8,6.3],[34.8,6.4],[34.8,6.5],[34.8,6.6],[34.7,6.6],[34.7,6.7],[34.6,6.7],[34.5,6.7],[34.5,6.8],[34.5,6.9],[34.4,6.9],[34.3,7.0],[34.2,7.0],[34.2,7.1],[34.2,7.2],[34.1,7.2],[34.0,7.2],[34.0,7.3],[34.0,7.4],[33.9,7.5],[33.9,7.6],[33.8,7.6],[33.7,7.6],[33.7,7.7],[33.6,7.7],[33.5,7.7],[33.4,7.7],[33.3,7.7],[33.3,7.8],[33.2,7.8],[33.1,7.8],[33.0,7.8],[33.0,7.9],[33.0,8.0],[33.1,8.1],[33.2,8.1],[33.2,8.2],[33.2,8.3],[33.2,8.4],[33.2,8.5],[33.3,8.5],[33.4,8.4],[33.4,8.5],[33.4,8.4],[33.5,8.5],[33.6,8.4],[33.6,8.5],[33.7,8.4],[33.8,8.4],[33.9,8.4],[34.0,8.4],[34.1,8.5],[34.1,8.6],[34.1,8.9],[34.1,9.2],[34.1,9.5]]]}},{"type":"Feature","properties":{"iso3":"SSD","name":"South Sudan","ilo169":"not ratified","colonial":"none recorded","land_deal_ha":1966988.0},"geometry":{"type":"Polygon","coordinates":[[[35.9,4.6],[35.8,4.6],[35.8,4.7],[35.7,4.7],[35.7,4.6],[35.6,4.6],[35.6,4.7],[35.5,4.8],[35.6,4.9],[35.5,4.9],[35.4,4.9],[35.4,5.0],[35.3,5.0],[35.3,4.9],[35.2,5.0],[35.1,4.9],[35.0,4.9],[34.9,4.9],[34.8,4.8],[34.7,4.8],[34.6,4.7],[34.5,4.7],[34.4,4.6],[34.3,4.5],[34.2,4.4],[34.1,4.3],[34.0,4.2],[33.9,4.1],[33.8,4.1],[33.7,3.9],[33.6,3.8],[33.5,3.8],[33.5,3.7],[33.4,3.7],[33.3,3.8],[33.2,3.8],[33.1,3.8],[33.0,3.9],[32.9,3.8],[32.8,3.8],[32.6,3.8],[32.4,3.7],[32.2,3.6],[32.2,3.5],[32.1,3.5],[32.1,3.6],[32.0,3.6],[31.9,3.6],[31.9,3.7],[31.8,3.8],[31.7,3.7],[31.6,3.7],[31.5,3.7],[31.4,3.7],[31.3,3.8],[31.2,3.8],[31.1,3.8],[31.1,3.7],[31.0,3.7],[30.9,3.7],[30.9,3.6],[30.9,3.5],[30.8,3.5],[30.8,3.6],[30.8,3.7],[30.7,3.7],[30.7,3.6],[30.6,3.6],[30.5,3.6],[30.6,3.6],[30.6,3.7],[30.5,3.8],[30.5,3.9],[30.4,3.9],[30.3,3.9],[30.2,4.0],[30.1,4.0],[30.1,4.1],[30.0,4.1],[30.0,4.2],[29.9,4.2],[29.9,4.3],[29.8,4.3],[29.8,4.4],[29.8,4.5],[29.8,4.6],[29.7,4.6],[29.6,4.6],[29.5,4.7],[29.4,4.7],[29.4,4.6],[29.4,4.5],[29.3,4.4],[29.2,4.4],[29.2,4.3],[29.1,4.4],[29.1,4.5],[29.0,4.5],[28.9,4.5],[28.8,4.5],[28.8,4.6],[28.7,4.5],[28.6,4.4],[28.5,4.4],[28.4,4.3],[28.3,4.3],[28.3,4.4],[28.2,4.3],[28.2,4.4],[28.1,4.4],[28.0,4.4],[28.0,4.5],[28.0,4.6],[27.9,4.6],[27.9,4.5],[27.9,4.6],[27.8,4.6],[27.8,4.7],[27.8,4.8],[27.7,4.8],[27.7,4.9],[27.6,4.9],[27.5,4.9],[27.5,5.0],[27.4,5.0],[27.4,5.1],[27.4,5.2],[27.3,5.2],[27.3,5.3],[27.2,5.3],[27.2,5.4],[27.3,5.6],[27.2,5.6],[27.2,5.7],[27.1,5.7],[27.1,5.8],[27.0,5.8],[27.0,5.9],[26.9,5.8],[26.9,5.9],[26.8,5.9],[26.8,6.0],[26.7,6.0],[26.6,6.0],[26.5,6.0],[26.5,6.1],[26.4,6.1],[26.5,6.1],[26.5,6.2],[26.5,6.3],[26.4,6.3],[26.3,6.4],[26.3,6.5],[26.4,6.6],[26.4,6.7],[26.3,6.7],[26.2,6.7],[26.2,6.8],[26.1,6.8],[26.1,6.9],[26.0,6.9],[26.0,7.0],[25.9,7.0],[25.9,7.1],[25.8,7.1],[25.7,7.2],[25.6,7.2],[25.5,7.3],[25.4,7.3],[25.3,7.3],[25.3,7.4],[25.3,7.5],[25.2,7.5],[25.2,7.6],[25.3,7.6],[25.3,7.7],[25.3,7.8],[25.2,7.8],[25.2,7.9],[25.1,7.9],[25.0,7.9],[25.0,8.0],[24.9,8.0],[24.9,8.1],[24.8,8.2],[24.7,8.2],[24.6,8.2],[24.5,8.2],[24.4,8.3],[24.3,8.2],[24.3,8.3],[24.2,8.3],[24.1,8.3],[24.1,8.4],[24.2,8.5],[24.2,8.6],[24.3,8.6],[24.2,8.6],[24.2,8.7],[24.2,8.8],[24.3,8.8],[24.4,8.8],[24.5,8.9],[24.6,8.9],[24.6,9.0],[24.7,9.2],[24.7,9.4],[24.8,9.5],[24.8,9.8],[24.9,9.9],[25.0,9.9],[25.0,10.0],[25.0,10.1],[25.0,10.2],[25.1,10.3],[25.2,10.3],[25.3,10.3],[25.4,10.3],[25.5,10.3],[25.6,10.4],[25.7,10.4],[25.8,10.4],[25.9,10.4],[25.9,10.3],[25.9,10.2],[26.0,10.1],[26.1,10.0],[26.2,10.0],[26.4,9.7],[26.6,9.5],[26.7,9.5],[27.1,9.6],[27.3,9.6],[27.4,9.6],[27.5,9.6],[27.6,9.6],[27.8,9.6],[27.9,9.6],[28.0,9.4],[28.0,9.3],[28.4,9.3],[28.8,9.3],[28.8,9.4],[28.8,9.5],[28.9,9.5],[29.0,9.6],[29.1,9.7],[29.3,9.7],[29.5,9.8],[29.6,9.8],[29.6,9.9],[29.6,10.1],[29.7,10.1],[30.0,10.2],[30.0,10.3],[30.2,10.1],[30.5,10.0],[30.7,9.7],[30.8,9.7],[30.9,9.8],[31.0,9.8],[31.2,9.8],[31.4,10.0],[31.7,10.2],[31.8,10.3],[31.8,10.4],[31.9,10.5],[31.9,10.6],[31.9,10.7],[32.2,10.9],[32.4,11.1],[32.4,11.2],[32.3,11.3],[32.3,11.4],[32.4,11.6],[32.4,11.7],[32.3,11.7],[32.1,12.0],[32.4,12.0],[32.7,12.0],[32.7,12.1],[32.7,12.2],[33.2,12.2],[33.2,12.1],[33.1,11.9],[33.1,11.8],[33.1,11.7],[33.1,11.6],[33.1,11.2],[33.2,10.8],[33.1,10.8],[33.1,10.7],[33.2,10.7],[33.4,10.7],[33.4,10.6],[33.5,10.5],[33.7,10.4],[33.9,10.2],[34.0,10.1],[34.0,10.0],[34.0,9.9],[34.0,9.8],[33.9,9.7],[33.9,9.6],[33.9,9.5],[34.1,9.5],[34.1,9.2],[34.1,8.9],[34.1,8.6],[34.1,8.5],[34.0,8.4],[33.9,8.4],[33.8,8.4],[33.7,8.4],[33.6,8.5],[33.6,8.4],[33.5,8.5],[33.4,8.4],[33.4,8.5],[33.4,8.4],[33.3,8.5],[33.2,8.5],[33.2,8.4],[33.2,8.3],[33.2,8.2],[33.2,8.1],[33.1,8.1],[33.0,8.0],[33.0,7.9],[33.0,7.8],[33.1,7.8],[33.2,7.8],[33.3,7.8],[33.3,7.7],[33.4,7.7],[33.5,7.7],[33.6,7.7],[33.7,7.7],[33.7,7.6],[33.8,7.6],[33.9,7.6],[33.9,7.5],[34.0,7.4],[34.0,7.3],[34.0,7.2],[34.1,7.2],[34.2,7.2],[34.2,7.1],[34.2,7.0],[34.3,7.0],[34.4,6.9],[34.5,6.9],[34.5,6.8],[34.5,6.7],[34.6,6.7],[34.7,6.7],[34.7,6.6],[34.8,6.6],[34.8,6.5],[34.8,6.4],[34.8,6.3],[34.8,6.2],[34.9,6.2],[34.9,6.1],[35.0,6.1],[35.0,6.0],[35.0,5.9],[35.0,5.8],[35.1,5.7],[35.1,5.6],[35.2,5.5],[35.3,5.5],[35.3,5.4],[35.3,5.3],[35.3,5.4],[35.4,5.4],[35.5,5.4],[35.6,5.4],[35.7,5.4],[35.7,5.3],[35.8,5.3],[35.8,5.2],[35.8,5.1],[35.8,4.9],[35.8,4.8],[35.9,4.6]]]}},{"type":"Feature","properties":{"iso3":"SOM","name":"Somalia","ilo169":"not ratified","colonial":"none recorded","debt_pct_gni":14.9},"geometry":{"type":"Polygon","coordinates":[[[46.5,6.5],[46.5,6.6],[46.6,6.6],[46.6,6.7],[46.7,6.7],[46.7,6.8],[46.8,6.8],[46.8,6.9],[46.9,6.9],[46.9,7.0],[47.0,7.0],[47.0,7.1],[47.1,7.1],[47.1,7.2],[47.2,7.2],[47.3,7.3],[47.3,7.4],[47.4,7.4],[47.4,7.5],[47.5,7.5],[47.5,7.6],[47.6,7.6],[47.6,7.7],[47.7,7.7],[47.7,7.8],[47.8,7.8],[47.8,7.9],[47.9,7.9],[48.0,8.0],[48.0,8.1],[48.1,8.2],[48.2,8.3],[48.2,8.4],[48.3,8.5],[48.4,8.6],[48.5,8.7],[48.5,8.8],[48.6,8.9],[48.6,9.0],[48.7,9.1],[48.8,9.2],[48.8,9.3],[48.9,9.4],[48.9,9.5],[48.9,9.6],[48.9,9.7],[48.9,9.8],[48.9,9.9],[48.9,10.0],[48.9,10.1],[48.9,10.2],[48.9,10.4],[48.9,10.5],[48.9,10.6],[48.9,10.7],[48.9,10.8],[48.9,10.9],[48.9,11.0],[48.9,11.1],[48.9,11.2],[49.0,11.3],[49.1,11.3],[49.2,11.3],[49.3,11.3],[49.4,11.3],[49.4,11.4],[49.5,11.4],[49.6,11.5],[49.7,11.5],[49.8,11.5],[49.9,11.5],[50.0,11.5],[50.1,11.5],[50.2,11.6],[50.3,11.6],[50.4,11.7],[50.5,11.7],[50.5,11.8],[50.5,11.9],[50.6,11.9],[50.6,12.0],[50.7,11.9],[50.7,12.0],[50.8,12.0],[50.9,11.9],[51.0,11.9],[51.1,11.9],[51.2,11.9],[51.2,11.8],[51.3,11.8],[51.2,11.7],[51.3,11.7],[51.2,11.7],[51.2,11.6],[51.1,11.5],[51.1,11.4],[51.1,11.3],[51.1,11.2],[51.2,11.2],[51.2,11.1],[51.1,11.1],[51.1,11.0],[51.1,10.9],[51.1,10.7],[51.2,10.6],[51.1,10.6],[51.1,10.5],[51.0,10.5],[51.0,10.4],[51.2,10.4],[51.2,10.5],[51.2,10.6],[51.2,10.5],[51.3,10.5],[51.4,10.5],[51.4,10.4],[51.3,10.4],[51.2,10.4],[51.1,10.4],[51.0,10.4],[50.9,10.3],[50.9,10.2],[50.9,10.1],[50.9,10.0],[50.9,9.9],[50.9,9.8],[50.8,9.8],[50.8,9.7],[50.8,9.6],[50.8,9.5],[50.8,9.4],[50.8,9.3],[50.7,9.3],[50.6,9.2],[50.6,9.1],[50.6,9.0],[50.5,9.0],[50.5,8.9],[50.4,8.9],[50.4,8.8],[50.4,8.7],[50.3,8.6],[50.3,8.5],[50.2,8.5],[50.2,8.4],[50.2,8.3],[50.1,8.3],[50.1,8.2],[50.1,8.1],[49.9,8.1],[49.8,8.0],[49.8,7.9],[49.8,7.8],[49.8,7.7],[49.7,7.6],[49.6,7.4],[49.6,7.3],[49.5,7.2],[49.4,7.0],[49.3,6.9],[49.2,6.8],[49.2,6.7],[49.1,6.4],[49.1,6.3],[49.1,6.2],[49.0,6.1],[49.0,6.0],[48.9,5.8],[48.7,5.6],[48.6,5.5],[48.6,5.4],[48.5,5.4],[48.4,5.2],[48.3,5.1],[48.2,4.9],[48.1,4.6],[47.9,4.5],[47.8,4.3],[47.6,4.1],[47.5,3.9],[47.3,3.8],[47.2,3.6],[47.0,3.5],[47.0,3.4],[46.8,3.2],[46.7,3.1],[46.6,3.0],[46.5,2.9],[46.4,2.8],[46.3,2.8],[46.3,2.7],[46.2,2.7],[46.1,2.6],[46.1,2.5],[46.0,2.5],[46.0,2.4],[45.8,2.3],[45.7,2.2],[45.6,2.2],[45.3,2.0],[45.2,2.0],[45.0,1.9],[44.8,1.7],[44.7,1.6],[44.6,1.6],[44.3,1.4],[44.2,1.3],[44.2,1.2],[44.1,1.2],[44.0,1.1],[43.9,1.0],[43.8,0.9],[43.7,0.9],[43.7,0.8],[43.5,0.6],[43.3,0.4],[43.2,0.3],[43.1,0.2],[42.9,0.0],[42.8,-0.1],[42.7,-0.2],[42.6,-0.2],[42.6,-0.3],[42.6,-0.4],[42.5,-0.4],[42.5,-0.5],[42.5,-0.4],[42.4,-0.5],[42.3,-0.6],[42.3,-0.7],[42.2,-0.7],[42.2,-0.8],[42.1,-0.8],[42.1,-0.9],[42.0,-0.9],[42.0,-1.0],[42.0,-0.9],[41.9,-0.9],[41.9,-1.0],[42.0,-1.0],[42.0,-1.1],[41.9,-1.1],[41.9,-1.2],[41.8,-1.2],[41.8,-1.3],[41.7,-1.4],[41.7,-1.5],[41.7,-1.6],[41.6,-1.6],[41.6,-1.7],[41.5,-1.7],[41.5,-1.6],[41.5,-1.5],[41.4,-1.5],[41.4,-1.4],[41.3,-1.3],[41.2,-1.2],[41.2,-1.1],[41.1,-1.1],[41.1,-1.0],[41.0,-0.9],[41.0,-0.8],[41.0,-0.7],[41.0,-0.5],[41.0,-0.4],[41.0,-0.3],[41.0,-0.2],[41.0,-0.1],[41.0,-0.0],[41.0,0.1],[41.0,0.2],[41.0,0.4],[41.0,0.5],[41.0,0.6],[41.0,0.7],[41.0,0.9],[41.0,1.0],[41.0,1.1],[41.0,1.2],[41.0,1.4],[41.0,1.5],[41.0,1.6],[41.0,1.7],[41.0,1.9],[41.0,2.0],[41.0,2.1],[41.0,2.2],[41.0,2.3],[41.0,2.4],[41.0,2.5],[41.0,2.6],[41.0,2.8],[41.0,2.9],[41.1,3.0],[41.2,3.0],[41.3,3.1],[41.3,3.2],[41.4,3.3],[41.5,3.4],[41.5,3.5],[41.6,3.6],[41.7,3.7],[41.8,3.9],[41.9,4.0],[41.9,4.1],[42.0,4.1],[42.1,4.2],[42.2,4.2],[42.3,4.2],[42.4,4.2],[42.6,4.2],[42.7,4.3],[42.8,4.3],[42.9,4.3],[42.9,4.4],[42.9,4.5],[43.0,4.5],[43.0,4.6],[43.1,4.6],[43.2,4.7],[43.3,4.8],[43.5,4.8],[43.6,4.9],[43.7,4.9],[43.8,4.9],[43.9,4.9],[44.0,5.0],[44.1,4.9],[44.2,4.9],[44.3,4.9],[44.4,4.9],[44.5,4.9],[44.6,4.9],[44.7,4.9],[44.8,4.9],[44.9,4.9],[45.0,5.0],[45.1,5.1],[45.2,5.2],[45.3,5.3],[45.4,5.4],[45.5,5.5],[45.6,5.6],[45.7,5.8],[45.8,5.9],[45.9,6.0],[46.0,6.1],[46.1,6.1],[46.1,6.2],[46.2,6.2],[46.2,6.3],[46.3,6.4],[46.4,6.4],[46.4,6.5],[46.5,6.5]]]}},{"type":"Feature","properties":{"iso3":"KEN","name":"Kenya","ilo169":"not ratified","colonial":"none recorded","land_deal_ha":397133.2,"debt_pct_gni":35.0},"geometry":{"type":"MultiPolygon","coordinates":[[[[35.7,4.6],[35.7,4.7],[35.8,4.7],[35.8,4.6],[35.9,4.6],[35.9,4.5],[36.0,4.5],[36.0,4.4],[36.2,4.4],[36.3,4.4],[36.5,4.4],[36.6,4.4],[36.7,4.4],[36.8,4.4],[36.9,4.4],[37.0,4.4],[37.0,4.3],[37.1,4.3],[37.2,4.2],[37.3,4.2],[37.4,4.1],[37.5,4.0],[37.6,4.0],[37.6,3.9],[37.8,3.9],[37.8,3.8],[37.9,3.7],[38.0,3.7],[38.0,3.6],[38.1,3.6],[38.2,3.6],[38.3,3.6],[38.4,3.6],[38.5,3.6],[38.5,3.7],[38.5,3.6],[38.6,3.6],[38.7,3.6],[38.8,3.5],[38.9,3.5],[39.0,3.5],[39.1,3.5],[39.2,3.5],[39.3,3.5],[39.4,3.5],[39.5,3.5],[39.5,3.4],[39.6,3.4],[39.6,3.5],[39.7,3.6],[39.7,3.7],[39.8,3.7],[39.8,3.8],[39.8,3.9],[39.9,3.9],[40.0,4.0],[40.1,4.0],[40.2,4.0],[40.3,4.1],[40.4,4.1],[40.5,4.2],[40.6,4.2],[40.7,4.2],[40.8,4.3],[40.8,4.2],[40.9,4.2],[40.9,4.1],[41.0,4.1],[41.1,4.0],[41.2,3.9],[41.3,3.9],[41.4,3.9],[41.5,4.0],[41.6,4.0],[41.7,4.0],[41.8,4.0],[41.8,3.9],[41.9,4.0],[41.8,3.9],[41.7,3.7],[41.6,3.6],[41.5,3.5],[41.5,3.4],[41.4,3.3],[41.3,3.2],[41.3,3.1],[41.2,3.0],[41.1,3.0],[41.0,2.9],[41.0,2.8],[41.0,2.6],[41.0,2.5],[41.0,2.4],[41.0,2.3],[41.0,2.2],[41.0,2.1],[41.0,2.0],[41.0,1.9],[41.0,1.7],[41.0,1.6],[41.0,1.5],[41.0,1.4],[41.0,1.2],[41.0,1.1],[41.0,1.0],[41.0,0.9],[41.0,0.7],[41.0,0.6],[41.0,0.5],[41.0,0.4],[41.0,0.2],[41.0,0.1],[41.0,-0.0],[41.0,-0.1],[41.0,-0.2],[41.0,-0.3],[41.0,-0.4],[41.0,-0.5],[41.0,-0.7],[41.0,-0.8],[41.0,-0.9],[41.1,-1.0],[41.1,-1.1],[41.2,-1.1],[41.2,-1.2],[41.3,-1.3],[41.4,-1.4],[41.4,-1.5],[41.5,-1.5],[41.5,-1.6],[41.5,-1.7],[41.5,-1.8],[41.4,-1.8],[41.4,-1.9],[41.3,-1.9],[41.3,-2.0],[41.3,-1.9],[41.2,-2.0],[41.2,-1.9],[41.2,-2.0],[41.1,-2.0],[41.0,-2.0],[41.0,-1.9],[41.0,-2.0],[40.9,-2.1],[40.9,-2.0],[40.8,-2.0],[40.9,-2.0],[40.9,-2.1],[40.9,-2.2],[41.0,-2.2],[41.0,-2.3],[40.9,-2.3],[41.0,-2.3],[40.9,-2.3],[40.9,-2.2],[40.8,-2.2],[40.8,-2.3],[40.8,-2.4],[40.7,-2.5],[40.6,-2.6],[40.6,-2.5],[40.5,-2.5],[40.4,-2.6],[40.3,-2.6],[40.2,-2.7],[40.2,-2.8],[40.2,-2.9],[40.2,-3.0],[40.2,-3.1],[40.1,-3.2],[40.1,-3.3],[40.0,-3.3],[40.0,-3.4],[40.0,-3.3],[40.0,-3.4],[39.9,-3.4],[39.9,-3.5],[39.9,-3.6],[39.8,-3.6],[39.9,-3.6],[39.9,-3.7],[39.8,-3.9],[39.7,-3.9],[39.7,-4.0],[39.7,-4.1],[39.7,-4.0],[39.6,-4.0],[39.6,-4.1],[39.7,-4.1],[39.6,-4.2],[39.6,-4.3],[39.6,-4.4],[39.5,-4.4],[39.5,-4.5],[39.5,-4.6],[39.4,-4.6],[39.4,-4.5],[39.4,-4.6],[39.3,-4.6],[39.2,-4.6],[39.2,-4.7],[39.1,-4.6],[39.0,-4.6],[38.9,-4.5],[38.8,-4.4],[38.7,-4.3],[38.6,-4.2],[38.5,-4.2],[38.4,-4.1],[38.3,-4.1],[38.3,-4.0],[38.2,-3.9],[38.1,-3.9],[38.0,-3.8],[37.9,-3.8],[37.8,-3.7],[37.8,-3.6],[37.7,-3.6],[37.7,-3.5],[37.6,-3.5],[37.6,-3.4],[37.7,-3.4],[37.7,-3.3],[37.7,-3.2],[37.7,-3.1],[37.6,-3.0],[37.4,-2.9],[37.3,-2.9],[37.1,-2.8],[36.9,-2.6],[36.7,-2.5],[36.5,-2.4],[36.3,-2.3],[36.1,-2.2],[35.8,-2.0],[35.6,-1.9],[35.4,-1.8],[35.2,-1.7],[35.0,-1.6],[34.8,-1.4],[34.7,-1.4],[34.6,-1.3],[34.3,-1.2],[34.1,-1.1],[34.1,-1.0],[34.0,-1.0],[33.9,-1.0],[33.9,-0.8],[33.9,-0.7],[33.9,-0.5],[33.9,-0.3],[34.0,-0.2],[34.0,-0.1],[33.9,-0.0],[33.9,0.1],[34.0,0.2],[34.0,0.3],[34.1,0.3],[34.1,0.4],[34.1,0.5],[34.1,0.6],[34.2,0.6],[34.3,0.7],[34.3,0.8],[34.4,0.8],[34.4,0.9],[34.5,1.0],[34.5,1.1],[34.6,1.1],[34.6,1.2],[34.7,1.2],[34.8,1.2],[34.8,1.3],[34.8,1.4],[34.9,1.5],[34.9,1.6],[35.0,1.7],[35.0,1.9],[35.0,2.0],[35.0,2.1],[34.9,2.2],[34.9,2.3],[34.9,2.4],[34.9,2.5],[34.9,2.6],[34.8,2.6],[34.8,2.7],[34.8,2.8],[34.7,2.8],[34.7,2.9],[34.6,2.9],[34.5,3.1],[34.4,3.2],[34.4,3.3],[34.4,3.4],[34.4,3.5],[34.4,3.6],[34.4,3.7],[34.3,3.7],[34.3,3.8],[34.2,3.8],[34.1,3.8],[34.2,3.8],[34.2,3.9],[34.1,3.9],[34.1,4.0],[34.1,4.1],[34.0,4.1],[34.0,4.2],[34.1,4.3],[34.2,4.4],[34.3,4.5],[34.4,4.6],[34.5,4.7],[34.6,4.7],[34.7,4.8],[34.8,4.8],[34.9,4.9],[35.0,4.9],[35.1,4.9],[35.2,5.0],[35.3,4.9],[35.3,5.0],[35.4,5.0],[35.4,4.9],[35.5,4.9],[35.6,4.9],[35.5,4.8],[35.6,4.7],[35.6,4.6],[35.7,4.6]]]]}},{"type":"Feature","properties":{"iso3":"MWI","name":"Malawi","ilo169":"not ratified","colonial":"none recorded","land_deal_ha":22327.0,"debt_pct_gni":35.2},"geometry":{"type":"MultiPolygon","coordinates":[[[[35.0,-11.6],[34.7,-11.6],[34.6,-11.6],[34.6,-11.7],[34.6,-11.8],[34.5,-11.9],[34.4,-12.1],[34.4,-12.2],[34.4,-12.3],[34.4,-12.5],[34.5,-12.7],[34.5,-12.8],[34.5,-12.9],[34.5,-13.1],[34.5,-13.2],[34.5,-13.3],[34.6,-13.4],[34.6,-13.5],[34.7,-13.5],[34.8,-13.5],[34.9,-13.5],[35.0,-13.6],[35.1,-13.7],[35.2,-13.8],[35.3,-13.9],[35.4,-14.0],[35.5,-14.1],[35.5,-14.3],[35.6,-14.4],[35.7,-14.5],[35.8,-14.5],[35.8,-14.6],[35.8,-14.7],[35.9,-14.7],[35.9,-14.9],[35.9,-15.0],[35.8,-15.0],[35.8,-15.1],[35.8,-15.2],[35.8,-15.3],[35.8,-15.4],[35.8,-15.5],[35.8,-15.7],[35.8,-15.8],[35.8,-15.9],[35.8,-16.0],[35.8,-16.1],[35.7,-16.1],[35.6,-16.1],[35.5,-16.1],[35.5,-16.2],[35.5,-16.1],[35.4,-16.1],[35.3,-16.2],[35.3,-16.3],[35.3,-16.4],[35.2,-16.4],[35.2,-16.5],[35.1,-16.5],[35.1,-16.6],[35.2,-16.6],[35.2,-16.7],[35.3,-16.7],[35.3,-16.8],[35.3,-16.9],[35.3,-17.0],[35.3,-17.1],[35.2,-17.1],[35.1,-17.1],[35.0,-17.0],[35.1,-17.0],[35.1,-16.9],[35.1,-16.8],[35.0,-16.8],[34.9,-16.8],[34.9,-16.7],[34.8,-16.7],[34.8,-16.6],[34.7,-16.5],[34.6,-16.5],[34.6,-16.4],[34.5,-16.3],[34.4,-16.3],[34.4,-16.2],[34.4,-16.1],[34.4,-16.0],[34.3,-16.0],[34.3,-15.9],[34.2,-15.9],[34.2,-15.8],[34.3,-15.8],[34.3,-15.7],[34.4,-15.6],[34.4,-15.5],[34.5,-15.4],[34.5,-15.3],[34.6,-15.3],[34.6,-15.2],[34.5,-15.1],[34.6,-15.1],[34.5,-15.1],[34.6,-15.0],[34.6,-14.9],[34.5,-14.9],[34.5,-14.8],[34.5,-14.7],[34.5,-14.6],[34.4,-14.5],[34.4,-14.4],[34.3,-14.4],[34.2,-14.4],[34.1,-14.4],[34.1,-14.5],[33.9,-14.5],[33.8,-14.5],[33.7,-14.5],[33.7,-14.6],[33.6,-14.6],[33.6,-14.5],[33.5,-14.5],[33.5,-14.4],[33.4,-14.4],[33.4,-14.3],[33.4,-14.2],[33.3,-14.2],[33.3,-14.1],[33.3,-14.0],[33.2,-14.0],[33.2,-13.9],[33.1,-13.9],[33.1,-14.0],[33.0,-14.0],[33.0,-14.1],[33.0,-14.0],[33.0,-13.9],[32.9,-13.9],[32.9,-13.8],[32.8,-13.8],[32.8,-13.7],[32.8,-13.6],[32.7,-13.6],[32.8,-13.5],[32.9,-13.4],[32.9,-13.3],[33.0,-13.2],[33.0,-13.1],[33.0,-13.0],[33.0,-12.9],[32.9,-12.8],[33.0,-12.7],[33.0,-12.6],[33.1,-12.6],[33.2,-12.6],[33.2,-12.5],[33.3,-12.5],[33.4,-12.5],[33.5,-12.5],[33.5,-12.4],[33.5,-12.3],[33.4,-12.3],[33.3,-12.3],[33.3,-12.2],[33.3,-12.1],[33.3,-12.0],[33.3,-11.9],[33.3,-11.8],[33.3,-11.6],[33.2,-11.6],[33.2,-11.5],[33.2,-11.4],[33.3,-11.4],[33.3,-11.3],[33.4,-11.2],[33.4,-11.1],[33.3,-11.1],[33.3,-11.0],[33.3,-10.9],[33.2,-10.9],[33.3,-10.9],[33.3,-10.8],[33.4,-10.8],[33.5,-10.8],[33.5,-10.7],[33.6,-10.7],[33.6,-10.6],[33.7,-10.6],[33.7,-10.5],[33.6,-10.5],[33.6,-10.4],[33.5,-10.3],[33.5,-10.2],[33.4,-10.2],[33.4,-10.1],[33.3,-10.1],[33.3,-10.0],[33.4,-9.9],[33.3,-9.8],[33.2,-9.7],[33.2,-9.6],[33.1,-9.6],[33.1,-9.7],[33.1,-9.6],[33.0,-9.6],[33.0,-9.5],[32.9,-9.5],[32.9,-9.4],[33.0,-9.4],[33.1,-9.5],[33.2,-9.5],[33.3,-9.5],[33.4,-9.5],[33.4,-9.6],[33.5,-9.6],[33.6,-9.6],[33.7,-9.6],[33.8,-9.6],[33.8,-9.7],[33.9,-9.7],[34.0,-9.7],[34.0,-9.6],[33.9,-9.6],[34.0,-9.5],[34.1,-9.5],[34.1,-9.6],[34.2,-9.6],[34.3,-9.7],[34.3,-9.8],[34.4,-9.8],[34.5,-9.9],[34.5,-10.0],[34.5,-10.1],[34.6,-10.2],[34.6,-10.3],[34.6,-10.4],[34.6,-10.5],[34.6,-10.6],[34.7,-10.6],[34.7,-10.7],[34.6,-10.7],[34.7,-10.7],[34.7,-10.8],[34.6,-10.9],[34.6,-11.0],[34.6,-11.1],[34.7,-11.2],[34.7,-11.3],[34.8,-11.3],[34.7,-11.3],[34.8,-11.3],[34.9,-11.4],[34.9,-11.5],[35.0,-11.5],[35.0,-11.6]]]]}},{"type":"Feature","properties":{"iso3":"TZA","name":"United Republic of Tanzania","ilo169":"not ratified","colonial":"none recorded","land_deal_ha":245566.1,"debt_pct_gni":47.3},"geometry":{"type":"MultiPolygon","coordinates":[[[[32.9,-9.4],[32.8,-9.4],[32.8,-9.3],[32.7,-9.3],[32.6,-9.3],[32.5,-9.3],[32.5,-9.2],[32.4,-9.1],[32.3,-9.1],[32.2,-9.1],[32.1,-9.1],[32.1,-9.0],[32.0,-9.0],[32.0,-9.1],[31.9,-9.1],[31.9,-9.0],[31.9,-8.9],[31.8,-8.9],[31.7,-8.9],[31.6,-8.8],[31.5,-8.8],[31.5,-8.7],[31.4,-8.6],[31.3,-8.6],[31.2,-8.6],[31.1,-8.6],[31.0,-8.6],[30.9,-8.5],[30.8,-8.4],[30.8,-8.3],[30.8,-8.2],[30.7,-8.1],[30.7,-7.9],[30.4,-7.6],[30.4,-7.5],[30.4,-7.4],[30.4,-7.3],[30.3,-7.1],[30.2,-7.1],[30.1,-6.9],[30.0,-6.8],[29.9,-6.8],[29.7,-6.7],[29.7,-6.6],[29.6,-6.4],[29.5,-6.3],[29.5,-6.2],[29.5,-6.0],[29.5,-5.9],[29.6,-5.8],[29.6,-5.7],[29.6,-5.6],[29.5,-5.4],[29.5,-5.2],[29.4,-5.1],[29.3,-5.0],[29.3,-4.9],[29.3,-4.8],[29.4,-4.6],[29.4,-4.5],[29.4,-4.4],[29.6,-4.4],[29.7,-4.5],[29.7,-4.4],[29.8,-4.4],[29.9,-4.3],[30.0,-4.3],[30.0,-4.2],[30.1,-4.2],[30.1,-4.1],[30.2,-4.0],[30.2,-3.9],[30.3,-3.9],[30.3,-3.8],[30.4,-3.8],[30.4,-3.7],[30.4,-3.6],[30.5,-3.5],[30.6,-3.5],[30.6,-3.4],[30.6,-3.3],[30.7,-3.3],[30.8,-3.3],[30.8,-3.2],[30.8,-3.1],[30.8,-3.0],[30.7,-3.0],[30.6,-3.0],[30.6,-2.9],[30.5,-2.9],[30.4,-2.9],[30.4,-2.8],[30.5,-2.7],[30.5,-2.6],[30.5,-2.7],[30.4,-2.7],[30.4,-2.6],[30.5,-2.6],[30.5,-2.5],[30.5,-2.4],[30.6,-2.4],[30.7,-2.4],[30.7,-2.3],[30.7,-2.4],[30.8,-2.4],[30.8,-2.3],[30.8,-2.2],[30.9,-2.2],[30.9,-2.1],[30.9,-2.0],[30.8,-2.0],[30.8,-1.9],[30.8,-1.8],[30.8,-1.7],[30.8,-1.6],[30.8,-1.5],[30.7,-1.5],[30.7,-1.4],[30.6,-1.4],[30.6,-1.3],[30.5,-1.3],[30.6,-1.3],[30.5,-1.3],[30.5,-1.2],[30.5,-1.1],[30.6,-1.1],[30.7,-1.1],[30.7,-1.0],[30.8,-1.0],[30.9,-1.0],[31.1,-1.0],[31.3,-1.0],[31.4,-1.0],[31.6,-1.0],[31.8,-1.0],[32.0,-1.0],[32.2,-1.0],[32.4,-1.0],[32.5,-1.0],[32.7,-1.0],[32.8,-1.0],[32.9,-1.0],[33.1,-1.0],[33.3,-1.0],[33.4,-1.0],[33.5,-1.0],[33.6,-1.0],[33.8,-1.0],[33.9,-1.0],[34.0,-1.0],[34.1,-1.0],[34.1,-1.1],[34.3,-1.2],[34.6,-1.3],[34.7,-1.4],[34.8,-1.4],[35.0,-1.6],[35.2,-1.7],[35.4,-1.8],[35.6,-1.9],[35.8,-2.0],[36.1,-2.2],[36.3,-2.3],[36.5,-2.4],[36.7,-2.5],[36.9,-2.6],[37.1,-2.8],[37.3,-2.9],[37.4,-2.9],[37.6,-3.0],[37.7,-3.1],[37.7,-3.2],[37.7,-3.3],[37.7,-3.4],[37.6,-3.4],[37.6,-3.5],[37.7,-3.5],[37.7,-3.6],[37.8,-3.6],[37.8,-3.7],[37.9,-3.8],[38.0,-3.8],[38.1,-3.9],[38.2,-3.9],[38.3,-4.0],[38.3,-4.1],[38.4,-4.1],[38.5,-4.2],[38.6,-4.2],[38.7,-4.3],[38.8,-4.4],[38.9,-4.5],[39.0,-4.6],[39.1,-4.6],[39.2,-4.7],[39.2,-4.8],[39.2,-4.9],[39.2,-4.8],[39.1,-4.9],[39.1,-5.0],[39.1,-5.1],[39.1,-5.0],[39.1,-5.1],[39.1,-5.2],[39.0,-5.2],[39.1,-5.2],[39.0,-5.4],[39.0,-5.5],[39.0,-5.6],[38.9,-5.6],[38.9,-5.7],[38.9,-5.8],[38.8,-5.8],[38.8,-5.9],[38.8,-6.0],[38.8,-6.1],[38.8,-6.2],[38.9,-6.2],[38.9,-6.3],[38.8,-6.3],[38.9,-6.3],[38.9,-6.4],[38.9,-6.5],[39.0,-6.5],[39.1,-6.5],[39.1,-6.6],[39.2,-6.6],[39.2,-6.7],[39.3,-6.7],[39.3,-6.8],[39.4,-6.8],[39.4,-6.9],[39.5,-6.9],[39.6,-7.0],[39.5,-7.0],[39.5,-7.1],[39.5,-7.2],[39.4,-7.2],[39.4,-7.3],[39.3,-7.3],[39.4,-7.3],[39.4,-7.4],[39.3,-7.4],[39.3,-7.5],[39.3,-7.6],[39.3,-7.7],[39.3,-7.8],[39.3,-7.7],[39.4,-7.8],[39.3,-7.8],[39.4,-7.8],[39.4,-7.9],[39.4,-8.0],[39.5,-8.0],[39.4,-8.0],[39.4,-8.1],[39.4,-8.2],[39.3,-8.2],[39.3,-8.3],[39.3,-8.4],[39.3,-8.5],[39.3,-8.6],[39.4,-8.6],[39.4,-8.7],[39.4,-8.8],[39.5,-8.8],[39.5,-8.9],[39.6,-8.9],[39.5,-8.9],[39.4,-8.9],[39.5,-8.9],[39.4,-8.9],[39.5,-8.9],[39.5,-9.0],[39.5,-9.1],[39.6,-9.1],[39.6,-9.2],[39.6,-9.3],[39.6,-9.4],[39.7,-9.4],[39.7,-9.5],[39.6,-9.5],[39.7,-9.5],[39.7,-9.6],[39.7,-9.7],[39.8,-9.7],[39.8,-9.8],[39.8,-9.9],[39.7,-9.9],[39.7,-10.0],[39.8,-10.0],[39.9,-10.0],[40.0,-10.1],[40.0,-10.2],[40.0,-10.1],[40.1,-10.2],[40.1,-10.3],[40.2,-10.3],[40.3,-10.3],[40.2,-10.3],[40.2,-10.2],[40.3,-10.2],[40.3,-10.3],[40.3,-10.4],[40.4,-10.4],[40.4,-10.3],[40.4,-10.4],[40.4,-10.5],[40.4,-10.6],[40.3,-10.6],[40.2,-10.7],[40.1,-10.7],[40.0,-10.8],[39.9,-10.9],[39.8,-10.9],[39.6,-11.0],[39.5,-11.0],[39.3,-11.2],[39.2,-11.2],[39.1,-11.1],[39.1,-11.2],[38.9,-11.2],[38.8,-11.2],[38.8,-11.3],[38.7,-11.3],[38.6,-11.3],[38.5,-11.4],[38.4,-11.4],[38.3,-11.4],[38.3,-11.3],[38.2,-11.3],[38.1,-11.3],[38.1,-11.2],[38.1,-11.3],[38.0,-11.3],[37.9,-11.3],[37.9,-11.4],[37.8,-11.4],[37.8,-11.5],[37.8,-11.6],[37.7,-11.6],[37.6,-11.6],[37.5,-11.7],[37.4,-11.7],[37.3,-11.7],[37.2,-11.7],[37.1,-11.7],[37.1,-11.6],[37.0,-11.6],[36.9,-11.6],[36.8,-11.6],[36.7,-11.7],[36.6,-11.7],[36.5,-11.7],[36.4,-11.7],[36.3,-11.7],[36.2,-11.7],[36.2,-11.6],[36.1,-11.6],[36.1,-11.5],[36.0,-11.5],[36.0,-11.4],[35.9,-11.4],[35.8,-11.4],[35.8,-11.5],[35.7,-11.5],[35.7,-11.6],[35.6,-11.6],[35.5,-11.6],[35.4,-11.6],[35.0,-11.6],[35.0,-11.5],[34.9,-11.5],[34.9,-11.4],[34.8,-11.3],[34.7,-11.3],[34.8,-11.3],[34.7,-11.3],[34.7,-11.2],[34.6,-11.1],[34.6,-11.0],[34.6,-10.9],[34.7,-10.8],[34.7,-10.7],[34.6,-10.7],[34.7,-10.7],[34.7,-10.6],[34.6,-10.6],[34.6,-10.5],[34.6,-10.4],[34.6,-10.3],[34.6,-10.2],[34.5,-10.1],[34.5,-10.0],[34.5,-9.9],[34.4,-9.8],[34.3,-9.8],[34.3,-9.7],[34.2,-9.6],[34.1,-9.6],[34.1,-9.5],[34.0,-9.5],[33.9,-9.6],[34.0,-9.6],[34.0,-9.7],[33.9,-9.7],[33.8,-9.7],[33.8,-9.6],[33.7,-9.6],[33.6,-9.6],[33.5,-9.6],[33.4,-9.6],[33.4,-9.5],[33.3,-9.5],[33.2,-9.5],[33.1,-9.5],[33.0,-9.4],[32.9,-9.4]]],[[[39.6,-5.4],[39.7,-5.3],[39.8,-5.3],[39.8,-5.2],[39.7,-5.2],[39.6,-5.2],[39.7,-5.2],[39.7,-5.1],[39.7,-5.0],[39.7,-4.9],[39.8,-4.9],[39.8,-5.0],[39.8,-4.9],[39.8,-5.0],[39.8,-4.9],[39.9,-4.9],[39.9,-5.0],[39.8,-5.0],[39.8,-5.1],[39.9,-5.1],[39.9,-5.2],[39.8,-5.2],[39.9,-5.3],[39.8,-5.3],[39.8,-5.4],[39.7,-5.5],[39.7,-5.4],[39.6,-5.4]]],[[[39.5,-6.3],[39.6,-6.4],[39.5,-6.5],[39.5,-6.4],[39.4,-6.4],[39.4,-6.3],[39.4,-6.4],[39.4,-6.3],[39.3,-6.3],[39.3,-6.2],[39.3,-6.3],[39.2,-6.2],[39.2,-6.1],[39.2,-6.0],[39.2,-5.9],[39.3,-5.9],[39.3,-5.8],[39.3,-5.7],[39.4,-5.8],[39.4,-5.9],[39.4,-6.0],[39.4,-6.1],[39.4,-6.2],[39.5,-6.2],[39.5,-6.1],[39.5,-6.2],[39.5,-6.3]]],[[[39.9,-7.6],[39.9,-7.7],[39.9,-7.8],[39.8,-7.8],[39.8,-7.9],[39.7,-7.9],[39.7,-8.0],[39.6,-8.0],[39.6,-7.9],[39.7,-7.9],[39.7,-7.8],[39.8,-7.8],[39.8,-7.7],[39.9,-7.7],[39.9,-7.6]]]]}},{"type":"Feature","properties":{"iso3":"SYR","name":"Syria","ilo169":"not ratified","colonial":"none recorded","conquests_suffered":2},"geometry":{"type":"Polygon","coordinates":[[[35.8,32.7],[35.8,32.8],[35.8,32.9],[35.9,32.9],[35.9,33.0],[35.8,33.1],[35.8,33.2],[35.8,33.3],[35.8,33.4],[35.9,33.4],[35.9,33.5],[36.0,33.5],[36.0,33.6],[35.9,33.6],[35.9,33.7],[36.0,33.7],[36.0,33.8],[36.1,33.8],[36.1,33.9],[36.1,33.8],[36.2,33.8],[36.2,33.9],[36.2,33.8],[36.3,33.8],[36.4,33.8],[36.4,33.9],[36.3,33.9],[36.3,34.0],[36.4,34.0],[36.4,34.1],[36.4,34.0],[36.5,34.0],[36.5,34.1],[36.6,34.1],[36.6,34.2],[36.6,34.3],[36.5,34.3],[36.5,34.4],[36.5,34.5],[36.4,34.5],[36.3,34.5],[36.4,34.5],[36.4,34.6],[36.3,34.6],[36.3,34.7],[36.3,34.6],[36.2,34.6],[36.1,34.6],[36.0,34.6],[36.0,34.7],[36.0,34.6],[36.0,34.7],[35.9,34.7],[35.9,34.8],[35.9,34.9],[35.9,35.0],[35.9,35.1],[35.9,35.2],[36.0,35.2],[35.9,35.3],[35.9,35.4],[35.9,35.5],[35.8,35.5],[35.7,35.6],[35.8,35.6],[35.8,35.7],[35.8,35.8],[35.9,35.9],[36.0,35.9],[36.1,35.9],[36.1,35.8],[36.2,35.8],[36.2,35.9],[36.2,36.0],[36.3,36.0],[36.4,36.0],[36.4,36.2],[36.5,36.2],[36.6,36.2],[36.7,36.2],[36.7,36.3],[36.6,36.3],[36.6,36.4],[36.5,36.5],[36.6,36.5],[36.6,36.6],[36.6,36.7],[36.6,36.8],[36.7,36.8],[36.8,36.8],[36.9,36.8],[37.0,36.8],[37.0,36.7],[37.0,36.6],[37.1,36.6],[37.1,36.7],[37.1,36.6],[37.2,36.6],[37.2,36.7],[37.4,36.6],[37.6,36.7],[37.7,36.7],[37.8,36.8],[38.0,36.8],[38.1,36.9],[38.2,36.9],[38.3,36.9],[38.5,36.9],[38.5,36.8],[38.6,36.7],[38.7,36.7],[38.8,36.7],[39.0,36.7],[39.2,36.7],[39.4,36.7],[39.8,36.7],[40.0,36.8],[40.1,36.9],[40.2,36.9],[40.3,36.9],[40.4,37.0],[40.5,37.0],[40.7,37.1],[40.9,37.1],[41.1,37.1],[41.2,37.1],[41.5,37.1],[41.9,37.2],[42.0,37.2],[42.1,37.2],[42.1,37.3],[42.2,37.3],[42.3,37.3],[42.3,37.2],[42.4,37.2],[42.3,37.2],[42.4,37.2],[42.4,37.1],[42.3,37.0],[42.2,36.9],[42.0,36.7],[41.8,36.6],[41.5,36.5],[41.4,36.5],[41.3,36.4],[41.3,36.3],[41.2,36.1],[41.2,36.0],[41.3,36.0],[41.3,35.9],[41.4,35.8],[41.4,35.7],[41.4,35.6],[41.3,35.6],[41.3,35.5],[41.2,35.4],[41.2,35.2],[41.2,35.0],[41.2,34.8],[41.0,34.5],[41.0,34.4],[40.9,34.4],[40.7,34.3],[40.5,34.3],[40.4,34.2],[40.3,34.1],[40.2,34.1],[40.1,34.0],[40.0,34.0],[39.9,33.9],[39.8,33.9],[39.7,33.8],[39.5,33.8],[39.4,33.7],[39.3,33.6],[39.2,33.6],[39.1,33.5],[39.0,33.5],[38.9,33.4],[38.8,33.4],[38.5,33.2],[38.3,33.1],[38.2,33.1],[38.1,33.0],[37.9,32.9],[37.8,32.8],[37.6,32.7],[37.5,32.7],[37.4,32.6],[37.2,32.6],[37.1,32.5],[37.0,32.4],[36.8,32.3],[36.7,32.3],[36.5,32.4],[36.4,32.4],[36.3,32.5],[36.2,32.5],[36.1,32.5],[36.0,32.6],[36.0,32.7],[35.9,32.7],[35.8,32.7]]]}},{"type":"Feature","properties":{"iso3":"FRA","name":"France","ilo169":"not ratified","colonial":"Holds territories of its own","conquests_made":38,"conquests_suffered":2},"geometry":{"type":"MultiPolygon","coordinates":[[[[2.5,51.1],[2.5,51.0],[2.6,51.0],[2.6,50.9],[2.6,50.8],[2.7,50.8],[2.8,50.7],[2.9,50.7],[3.0,50.8],[3.1,50.8],[3.2,50.7],[3.2,50.6],[3.3,50.6],[3.3,50.5],[3.4,50.5],[3.5,50.5],[3.6,50.5],[3.6,50.4],[3.7,50.4],[3.7,50.3],[3.8,50.3],[3.9,50.3],[4.0,50.3],[4.1,50.3],[4.2,50.3],[4.1,50.3],[4.2,50.3],[4.2,50.2],[4.1,50.2],[4.1,50.1],[4.2,50.1],[4.2,50.0],[4.1,50.0],[4.2,50.0],[4.3,50.0],[4.4,49.9],[4.5,49.9],[4.6,50.0],[4.7,50.0],[4.7,50.1],[4.8,50.2],[4.8,50.1],[4.9,50.1],[4.8,50.1],[4.8,50.0],[4.8,49.9],[4.9,49.9],[4.8,49.9],[4.8,49.8],[4.9,49.8],[5.0,49.8],[5.1,49.8],[5.1,49.7],[5.2,49.7],[5.3,49.7],[5.3,49.6],[5.4,49.6],[5.5,49.5],[5.4,49.5],[5.5,49.5],[5.6,49.5],[5.7,49.5],[5.8,49.5],[5.9,49.5],[6.0,49.4],[6.1,49.4],[6.1,49.5],[6.2,49.5],[6.3,49.5],[6.4,49.5],[6.5,49.4],[6.6,49.4],[6.6,49.3],[6.7,49.2],[6.8,49.2],[6.8,49.1],[6.8,49.2],[6.9,49.2],[7.0,49.2],[7.0,49.1],[7.1,49.1],[7.2,49.1],[7.3,49.1],[7.3,49.2],[7.4,49.2],[7.5,49.2],[7.5,49.1],[7.6,49.1],[7.6,49.0],[7.7,49.0],[7.8,49.0],[7.9,49.0],[8.1,49.0],[8.2,49.0],[8.2,48.9],[8.1,48.9],[8.1,48.8],[8.0,48.8],[8.0,48.7],[7.9,48.7],[7.8,48.6],[7.8,48.5],[7.8,48.4],[7.7,48.4],[7.8,48.4],[7.8,48.3],[7.7,48.3],[7.7,48.2],[7.6,48.2],[7.6,48.1],[7.6,48.0],[7.6,47.9],[7.6,47.8],[7.5,47.8],[7.5,47.7],[7.6,47.7],[7.6,47.6],[7.5,47.6],[7.5,47.5],[7.4,47.5],[7.4,47.4],[7.3,47.4],[7.2,47.4],[7.2,47.5],[7.1,47.5],[7.0,47.5],[7.0,47.4],[6.9,47.4],[7.0,47.4],[7.0,47.3],[7.0,47.2],[6.9,47.2],[6.8,47.2],[6.8,47.1],[6.7,47.1],[6.7,47.0],[6.6,47.0],[6.5,47.0],[6.4,46.9],[6.4,46.8],[6.4,46.7],[6.3,46.7],[6.1,46.6],[6.1,46.5],[6.1,46.4],[6.1,46.3],[6.1,46.2],[6.0,46.2],[6.0,46.1],[6.1,46.1],[6.1,46.2],[6.2,46.2],[6.3,46.2],[6.3,46.3],[6.2,46.3],[6.3,46.4],[6.4,46.4],[6.5,46.4],[6.5,46.5],[6.6,46.5],[6.8,46.4],[6.8,46.3],[6.8,46.2],[6.8,46.1],[6.9,46.1],[6.8,46.1],[6.9,46.1],[6.9,46.0],[6.9,46.1],[6.9,46.0],[7.0,46.0],[7.0,45.9],[6.9,45.9],[6.9,45.8],[6.8,45.8],[6.8,45.7],[6.9,45.7],[7.0,45.6],[7.0,45.5],[7.1,45.5],[7.1,45.4],[7.2,45.4],[7.1,45.4],[7.1,45.3],[7.1,45.2],[7.0,45.2],[6.9,45.2],[6.9,45.1],[6.8,45.1],[6.8,45.2],[6.7,45.2],[6.7,45.1],[6.6,45.1],[6.7,45.0],[6.7,44.9],[6.8,44.9],[6.9,44.9],[7.0,44.8],[7.0,44.7],[7.1,44.7],[7.0,44.7],[6.9,44.7],[6.9,44.6],[6.8,44.5],[6.9,44.5],[6.9,44.4],[6.9,44.3],[7.0,44.3],[7.0,44.2],[7.1,44.2],[7.3,44.2],[7.3,44.1],[7.4,44.1],[7.6,44.2],[7.7,44.2],[7.6,44.1],[7.7,44.1],[7.7,44.0],[7.6,44.0],[7.6,43.9],[7.5,43.9],[7.5,43.8],[7.4,43.7],[7.4,43.8],[7.4,43.7],[7.3,43.7],[7.2,43.7],[7.2,43.6],[7.2,43.7],[7.1,43.6],[7.1,43.5],[7.1,43.6],[7.1,43.5],[7.0,43.5],[6.9,43.5],[7.0,43.5],[6.9,43.5],[6.9,43.4],[6.8,43.4],[6.7,43.4],[6.7,43.3],[6.6,43.3],[6.7,43.3],[6.7,43.2],[6.6,43.2],[6.5,43.2],[6.4,43.2],[6.4,43.1],[6.3,43.1],[6.2,43.1],[6.2,43.0],[6.1,43.0],[6.1,43.1],[6.0,43.1],[5.9,43.1],[6.0,43.1],[5.9,43.1],[5.9,43.0],[5.8,43.1],[5.7,43.1],[5.7,43.2],[5.6,43.2],[5.5,43.2],[5.4,43.2],[5.3,43.2],[5.4,43.2],[5.4,43.3],[5.3,43.3],[5.3,43.4],[5.2,43.3],[5.1,43.3],[5.0,43.3],[5.0,43.4],[5.1,43.4],[5.2,43.4],[5.2,43.5],[5.1,43.5],[5.0,43.5],[5.0,43.6],[5.0,43.5],[5.1,43.5],[5.1,43.4],[5.0,43.4],[4.9,43.4],[4.9,43.3],[4.9,43.4],[4.8,43.4],[4.7,43.4],[4.7,43.5],[4.7,43.6],[4.7,43.5],[4.7,43.4],[4.8,43.4],[4.8,43.3],[4.7,43.3],[4.6,43.4],[4.5,43.5],[4.4,43.4],[4.2,43.5],[4.1,43.5],[4.1,43.6],[4.0,43.6],[4.0,43.5],[3.9,43.5],[3.7,43.4],[3.6,43.4],[3.5,43.3],[3.4,43.3],[3.3,43.3],[3.2,43.2],[3.2,43.1],[3.1,43.1],[3.1,43.0],[3.0,43.0],[3.0,42.9],[3.1,42.9],[3.0,42.8],[3.0,42.7],[3.0,42.6],[3.1,42.6],[3.1,42.5],[3.2,42.5],[3.2,42.4],[3.1,42.4],[3.0,42.4],[3.0,42.5],[2.9,42.5],[2.9,42.4],[2.8,42.4],[2.7,42.4],[2.6,42.4],[2.7,42.3],[2.6,42.3],[2.6,42.4],[2.5,42.4],[2.5,42.3],[2.4,42.4],[2.3,42.4],[2.2,42.4],[2.1,42.4],[2.0,42.3],[2.0,42.4],[1.9,42.4],[1.8,42.5],[1.7,42.5],[1.7,42.6],[1.8,42.6],[1.7,42.6],[1.6,42.6],[1.5,42.6],[1.4,42.6],[1.4,42.7],[1.3,42.7],[1.2,42.7],[1.1,42.7],[1.1,42.8],[1.0,42.8],[0.9,42.8],[0.8,42.8],[0.7,42.8],[0.6,42.8],[0.7,42.8],[0.6,42.8],[0.6,42.7],[0.7,42.7],[0.6,42.7],[0.5,42.7],[0.4,42.7],[0.3,42.7],[0.2,42.7],[0.1,42.7],[-0.0,42.7],[-0.1,42.7],[-0.2,42.8],[-0.3,42.8],[-0.4,42.8],[-0.5,42.8],[-0.6,42.8],[-0.7,42.9],[-0.8,42.9],[-0.8,43.0],[-0.9,42.9],[-1.0,43.0],[-1.1,43.0],[-1.2,43.0],[-1.3,43.0],[-1.3,43.1],[-1.4,43.1],[-1.4,43.0],[-1.5,43.0],[-1.5,43.1],[-1.4,43.1],[-1.4,43.2],[-1.4,43.3],[-1.5,43.3],[-1.6,43.3],[-1.6,43.2],[-1.6,43.3],[-1.7,43.3],[-1.8,43.3],[-1.8,43.4],[-1.7,43.4],[-1.6,43.4],[-1.6,43.5],[-1.5,43.5],[-1.5,43.6],[-1.4,43.7],[-1.4,43.8],[-1.4,43.9],[-1.3,44.0],[-1.3,44.3],[-1.3,44.4],[-1.2,44.5],[-1.3,44.5],[-1.3,44.6],[-1.2,44.6],[-1.2,44.7],[-1.1,44.7],[-1.0,44.7],[-1.1,44.7],[-1.1,44.8],[-1.2,44.8],[-1.2,44.7],[-1.3,44.6],[-1.2,45.1],[-1.2,45.3],[-1.1,45.5],[-1.1,45.6],[-1.1,45.5],[-1.0,45.5],[-0.9,45.5],[-0.8,45.4],[-0.8,45.3],[-0.7,45.2],[-0.7,45.1],[-0.6,45.0],[-0.6,44.9],[-0.5,44.9],[-0.5,45.0],[-0.6,45.0],[-0.5,45.0],[-0.6,45.0],[-0.6,45.1],[-0.7,45.1],[-0.7,45.3],[-0.7,45.4],[-0.8,45.4],[-0.8,45.5],[-1.0,45.6],[-1.1,45.7],[-1.2,45.7],[-1.2,45.8],[-1.1,45.8],[-1.1,45.7],[-1.0,45.7],[-1.1,45.8],[-1.1,45.9],[-1.2,45.9],[-1.1,45.9],[-1.1,46.0],[-1.0,46.0],[-1.1,46.0],[-1.1,46.1],[-1.2,46.1],[-1.2,46.2],[-1.1,46.3],[-1.2,46.3],[-1.3,46.3],[-1.4,46.4],[-1.4,46.3],[-1.5,46.4],[-1.6,46.4],[-1.6,46.5],[-1.7,46.5],[-1.8,46.5],[-1.8,46.6],[-1.9,46.6],[-1.9,46.7],[-2.0,46.7],[-2.0,46.8],[-2.1,46.8],[-2.1,46.9],[-2.0,47.0],[-2.0,47.1],[-2.1,47.1],[-2.2,47.1],[-2.2,47.2],[-2.2,47.3],[-2.1,47.3],[-2.0,47.3],[-1.9,47.3],[-1.9,47.2],[-1.8,47.2],[-1.7,47.2],[-1.8,47.2],[-1.8,47.3],[-1.9,47.3],[-2.0,47.3],[-2.1,47.3],[-2.2,47.3],[-2.3,47.3],[-2.3,47.2],[-2.3,47.3],[-2.4,47.3],[-2.5,47.3],[-2.4,47.3],[-2.5,47.3],[-2.5,47.4],[-2.6,47.4],[-2.5,47.4],[-2.4,47.4],[-2.5,47.5],[-2.4,47.5],[-2.5,47.5],[-2.6,47.5],[-2.6,47.6],[-2.6,47.5],[-2.7,47.5],[-2.8,47.5],[-2.9,47.5],[-2.9,47.6],[-2.9,47.5],[-2.8,47.5],[-2.8,47.6],[-2.8,47.5],[-2.8,47.6],[-2.8,47.5],[-2.7,47.6],[-2.8,47.6],[-2.7,47.6],[-2.8,47.6],[-2.9,47.6],[-3.0,47.6],[-3.0,47.7],[-3.0,47.6],[-2.9,47.6],[-3.0,47.6],[-3.1,47.6],[-3.1,47.5],[-3.1,47.6],[-3.2,47.6],[-3.2,47.7],[-3.1,47.7],[-3.1,47.8],[-3.2,47.7],[-3.3,47.7],[-3.4,47.7],[-3.3,47.7],[-3.4,47.7],[-3.3,47.7],[-3.3,47.8],[-3.4,47.7],[-3.5,47.7],[-3.5,47.8],[-3.6,47.8],[-3.7,47.8],[-3.8,47.8],[-3.9,47.8],[-3.9,47.9],[-4.0,47.9],[-4.1,47.9],[-4.2,47.9],[-4.2,47.8],[-4.4,47.8],[-4.3,47.8],[-4.3,47.9],[-4.4,47.9],[-4.4,48.0],[-4.5,48.0],[-4.6,48.0],[-4.7,48.0],[-4.7,48.1],[-4.4,48.1],[-4.3,48.1],[-4.3,48.2],[-4.4,48.2],[-4.5,48.2],[-4.6,48.2],[-4.5,48.2],[-4.6,48.2],[-4.5,48.3],[-4.6,48.3],[-4.5,48.3],[-4.4,48.3],[-4.3,48.3],[-4.2,48.3],[-4.3,48.3],[-4.3,48.4],[-4.3,48.3],[-4.3,48.4],[-4.3,48.3],[-4.4,48.4],[-4.4,48.3],[-4.5,48.3],[-4.4,48.4],[-4.3,48.4],[-4.4,48.4],[-4.5,48.4],[-4.6,48.4],[-4.6,48.3],[-4.6,48.4],[-4.7,48.4],[-4.7,48.3],[-4.8,48.3],[-4.8,48.4],[-4.8,48.5],[-4.7,48.5],[-4.8,48.5],[-4.7,48.6],[-4.6,48.6],[-4.5,48.6],[-4.6,48.6],[-4.5,48.6],[-4.4,48.6],[-4.4,48.7],[-4.3,48.7],[-4.3,48.6],[-4.3,48.7],[-4.2,48.7],[-4.2,48.6],[-4.2,48.7],[-4.1,48.7],[-4.0,48.7],[-3.9,48.7],[-4.0,48.7],[-3.9,48.7],[-3.9,48.6],[-3.8,48.6],[-3.9,48.6],[-3.8,48.7],[-3.9,48.7],[-3.8,48.7],[-3.7,48.7],[-3.6,48.7],[-3.5,48.7],[-3.6,48.8],[-3.5,48.8],[-3.4,48.8],[-3.3,48.8],[-3.2,48.9],[-3.2,48.8],[-3.2,48.9],[-3.1,48.9],[-3.1,48.8],[-3.0,48.8],[-2.9,48.8],[-2.9,48.7],[-2.8,48.7],[-2.8,48.6],[-2.7,48.6],[-2.7,48.5],[-2.6,48.5],[-2.6,48.6],[-2.5,48.6],[-2.5,48.7],[-2.4,48.7],[-2.4,48.6],[-2.4,48.7],[-2.3,48.7],[-2.3,48.6],[-2.3,48.7],[-2.2,48.6],[-2.1,48.6],[-2.1,48.7],[-2.0,48.6],[-2.0,48.5],[-1.9,48.5],[-2.0,48.5],[-2.0,48.6],[-2.0,48.7],[-1.9,48.7],[-1.8,48.7],[-1.9,48.7],[-1.9,48.6],[-1.8,48.6],[-1.7,48.6],[-1.6,48.6],[-1.5,48.6],[-1.4,48.7],[-1.4,48.6],[-1.4,48.7],[-1.5,48.7],[-1.6,48.7],[-1.6,48.8],[-1.6,48.9],[-1.5,48.9],[-1.6,49.0],[-1.5,49.0],[-1.6,49.0],[-1.6,49.1],[-1.6,49.2],[-1.5,49.2],[-1.6,49.2],[-1.7,49.3],[-1.7,49.4],[-1.7,49.3],[-1.8,49.4],[-1.8,49.5],[-1.9,49.5],[-1.9,49.6],[-1.8,49.6],[-1.9,49.6],[-1.9,49.7],[-1.8,49.7],[-1.7,49.7],[-1.6,49.7],[-1.5,49.7],[-1.4,49.7],[-1.3,49.7],[-1.2,49.6],[-1.3,49.6],[-1.3,49.5],[-1.2,49.4],[-1.1,49.4],[-1.1,49.3],[-1.1,49.4],[-0.9,49.4],[-0.8,49.4],[-0.7,49.4],[-0.6,49.3],[-0.5,49.4],[-0.5,49.3],[-0.4,49.3],[-0.3,49.3],[-0.2,49.3],[-0.0,49.3],[0.0,49.4],[0.1,49.4],[0.2,49.4],[0.3,49.4],[0.4,49.5],[0.5,49.5],[0.4,49.5],[0.3,49.5],[0.2,49.5],[0.1,49.5],[0.1,49.6],[0.2,49.7],[0.3,49.7],[0.4,49.8],[0.5,49.8],[0.6,49.8],[0.6,49.9],[0.7,49.9],[0.8,49.9],[1.2,50.0],[1.3,50.0],[1.4,50.1],[1.5,50.1],[1.5,50.2],[1.6,50.2],[1.7,50.2],[1.6,50.2],[1.7,50.2],[1.6,50.2],[1.6,50.3],[1.5,50.3],[1.6,50.3],[1.6,50.4],[1.6,50.5],[1.6,50.6],[1.6,50.7],[1.6,50.8],[1.6,50.9],[1.7,50.9],[1.9,51.0],[2.0,51.0],[2.1,51.0],[2.3,51.1],[2.4,51.1],[2.5,51.1]]],[[[-54.1,2.1],[-54.2,2.1],[-54.2,2.2],[-54.3,2.1],[-54.3,2.2],[-54.4,2.2],[-54.5,2.2],[-54.5,2.3],[-54.6,2.3],[-54.5,2.3],[-54.5,2.4],[-54.4,2.4],[-54.4,2.5],[-54.3,2.6],[-54.3,2.7],[-54.2,2.8],[-54.2,2.9],[-54.2,3.0],[-54.2,3.1],[-54.2,3.2],[-54.1,3.2],[-54.1,3.3],[-54.1,3.4],[-54.0,3.4],[-54.0,3.5],[-54.0,3.6],[-54.1,3.6],[-54.1,3.7],[-54.1,3.8],[-54.2,3.8],[-54.2,3.9],[-54.3,3.9],[-54.3,4.0],[-54.4,4.0],[-54.4,4.1],[-54.3,4.1],[-54.3,4.2],[-54.4,4.2],[-54.4,4.3],[-54.4,4.4],[-54.5,4.5],[-54.4,4.5],[-54.4,4.6],[-54.4,4.7],[-54.5,4.7],[-54.5,4.8],[-54.5,4.9],[-54.4,5.0],[-54.5,5.0],[-54.4,5.0],[-54.4,5.1],[-54.3,5.2],[-54.3,5.3],[-54.2,5.3],[-54.1,5.4],[-54.0,5.5],[-54.0,5.6],[-54.0,5.7],[-53.9,5.7],[-53.8,5.7],[-53.7,5.7],[-53.6,5.6],[-53.5,5.6],[-53.4,5.6],[-53.3,5.5],[-53.2,5.5],[-53.3,5.5],[-53.3,5.6],[-53.3,5.5],[-53.3,5.6],[-53.3,5.5],[-53.2,5.5],[-53.1,5.5],[-53.0,5.5],[-53.0,5.4],[-52.9,5.4],[-52.8,5.3],[-52.7,5.2],[-52.5,5.1],[-52.5,5.0],[-52.4,5.0],[-52.4,4.9],[-52.3,4.9],[-52.3,5.0],[-52.3,4.9],[-52.3,4.8],[-52.3,4.7],[-52.3,4.8],[-52.2,4.9],[-52.2,4.8],[-52.1,4.8],[-52.1,4.7],[-52.0,4.7],[-52.0,4.6],[-52.0,4.5],[-52.0,4.4],[-52.0,4.3],[-52.0,4.4],[-51.9,4.4],[-51.9,4.6],[-51.9,4.7],[-51.8,4.7],[-51.8,4.6],[-51.8,4.5],[-51.7,4.5],[-51.7,4.4],[-51.7,4.3],[-51.7,4.2],[-51.6,4.2],[-51.7,4.1],[-51.7,4.0],[-51.8,4.0],[-51.8,3.9],[-51.9,3.8],[-51.9,3.7],[-52.0,3.7],[-52.0,3.6],[-52.1,3.6],[-52.1,3.5],[-52.2,3.3],[-52.2,3.2],[-52.3,3.2],[-52.4,3.2],[-52.4,3.1],[-52.4,2.9],[-52.5,2.9],[-52.5,2.7],[-52.6,2.6],[-52.6,2.5],[-52.7,2.4],[-52.8,2.3],[-52.9,2.3],[-52.9,2.2],[-53.0,2.2],[-53.1,2.2],[-53.3,2.2],[-53.2,2.2],[-53.2,2.3],[-53.3,2.3],[-53.4,2.3],[-53.5,2.3],[-53.5,2.2],[-53.5,2.3],[-53.6,2.3],[-53.7,2.3],[-53.7,2.4],[-53.8,2.4],[-53.8,2.3],[-53.9,2.3],[-53.9,2.2],[-54.0,2.2],[-54.1,2.2],[-54.1,2.1]]],[[[8.6,42.2],[8.5,42.2],[8.6,42.2],[8.6,42.3],[8.7,42.3],[8.6,42.3],[8.6,42.4],[8.6,42.3],[8.6,42.4],[8.5,42.4],[8.6,42.4],[8.7,42.4],[8.7,42.5],[8.7,42.6],[8.8,42.6],[8.9,42.6],[9.0,42.7],[9.1,42.7],[9.2,42.7],[9.3,42.7],[9.3,42.8],[9.3,42.9],[9.4,42.9],[9.3,43.0],[9.4,43.0],[9.5,43.0],[9.5,42.9],[9.5,42.8],[9.5,42.7],[9.4,42.7],[9.5,42.7],[9.4,42.7],[9.4,42.6],[9.5,42.6],[9.5,42.5],[9.5,42.4],[9.6,42.3],[9.6,42.2],[9.6,42.1],[9.5,42.1],[9.5,42.0],[9.4,42.0],[9.4,41.9],[9.4,41.8],[9.4,41.7],[9.4,41.6],[9.3,41.6],[9.4,41.6],[9.3,41.6],[9.3,41.5],[9.2,41.5],[9.2,41.4],[9.3,41.4],[9.2,41.4],[9.1,41.4],[9.1,41.5],[9.0,41.5],[8.9,41.5],[8.8,41.5],[8.9,41.5],[8.8,41.5],[8.8,41.6],[8.8,41.5],[8.8,41.6],[8.9,41.7],[8.8,41.7],[8.7,41.7],[8.7,41.8],[8.8,41.8],[8.8,41.9],[8.7,41.9],[8.6,41.9],[8.6,42.0],[8.7,42.0],[8.7,42.1],[8.6,42.1],[8.6,42.2]]],[[[-60.8,14.5],[-60.8,14.4],[-60.9,14.4],[-60.9,14.5],[-61.0,14.5],[-61.1,14.5],[-61.1,14.6],[-61.0,14.6],[-61.0,14.5],[-61.0,14.6],[-61.1,14.6],[-61.1,14.7],[-61.2,14.7],[-61.2,14.8],[-61.2,14.9],[-61.1,14.9],[-61.1,14.8],[-61.0,14.8],[-61.0,14.7],[-60.9,14.8],[-60.9,14.7],[-60.9,14.8],[-60.9,14.7],[-60.9,14.6],[-60.8,14.6],[-60.8,14.5]]],[[[55.8,-21.1],[55.9,-21.2],[55.8,-21.2],[55.8,-21.3],[55.7,-21.4],[55.6,-21.4],[55.5,-21.4],[55.5,-21.3],[55.4,-21.3],[55.3,-21.3],[55.3,-21.2],[55.3,-21.1],[55.2,-21.1],[55.2,-21.0],[55.3,-21.0],[55.3,-20.9],[55.4,-20.9],[55.5,-20.9],[55.6,-20.9],[55.7,-20.9],[55.7,-21.0],[55.7,-21.1],[55.8,-21.1]]],[[[45.2,-12.7],[45.2,-12.8],[45.2,-12.9],[45.2,-13.0],[45.1,-13.0],[45.1,-12.9],[45.1,-12.8],[45.1,-12.7],[45.0,-12.7],[45.1,-12.6],[45.1,-12.7],[45.2,-12.7]]]]}},{"type":"Feature","properties":{"iso3":"KOR","name":"South Korea","ilo169":"not ratified","colonial":"none recorded"},"geometry":{"type":"MultiPolygon","coordinates":[[[[128.4,38.6],[128.4,38.5],[128.5,38.5],[128.5,38.4],[128.6,38.3],[128.6,38.1],[128.7,38.1],[128.9,37.9],[128.9,37.8],[129.0,37.7],[129.1,37.7],[129.1,37.6],[129.1,37.5],[129.2,37.5],[129.2,37.4],[129.3,37.4],[129.3,37.3],[129.3,37.2],[129.4,37.2],[129.4,37.1],[129.4,37.0],[129.4,36.9],[129.5,36.8],[129.5,36.7],[129.4,36.7],[129.4,36.6],[129.4,36.5],[129.4,36.4],[129.4,36.3],[129.4,36.2],[129.4,36.1],[129.4,36.0],[129.5,36.0],[129.5,36.1],[129.6,36.1],[129.6,36.0],[129.5,35.9],[129.5,35.8],[129.5,35.7],[129.4,35.6],[129.5,35.6],[129.5,35.5],[129.4,35.5],[129.4,35.4],[129.3,35.4],[129.4,35.4],[129.3,35.3],[129.2,35.3],[129.3,35.3],[129.3,35.2],[129.2,35.2],[129.1,35.2],[129.1,35.1],[129.0,35.1],[129.0,35.0],[129.0,35.1],[129.0,35.0],[129.0,35.1],[128.9,35.1],[128.8,35.1],[128.7,35.1],[128.6,35.1],[128.6,35.2],[128.6,35.1],[128.7,35.1],[128.6,35.1],[128.5,35.1],[128.4,35.1],[128.4,35.0],[128.5,35.1],[128.5,35.0],[128.4,35.0],[128.4,34.9],[128.5,34.9],[128.4,34.8],[128.4,34.9],[128.3,34.9],[128.4,34.9],[128.3,34.9],[128.2,34.9],[128.1,34.9],[128.1,35.0],[128.1,35.1],[128.0,35.0],[127.9,35.0],[127.9,34.9],[127.8,35.0],[127.8,34.9],[127.8,35.0],[127.7,35.0],[127.7,34.9],[127.6,34.9],[127.6,34.8],[127.7,34.8],[127.8,34.8],[127.7,34.7],[127.6,34.7],[127.6,34.6],[127.6,34.7],[127.6,34.8],[127.5,34.8],[127.5,34.9],[127.5,34.8],[127.4,34.8],[127.4,34.7],[127.5,34.7],[127.5,34.6],[127.4,34.6],[127.3,34.6],[127.4,34.6],[127.4,34.5],[127.4,34.6],[127.4,34.5],[127.3,34.5],[127.3,34.4],[127.3,34.5],[127.2,34.5],[127.1,34.5],[127.1,34.6],[127.2,34.6],[127.3,34.6],[127.2,34.6],[127.2,34.7],[127.3,34.7],[127.4,34.7],[127.3,34.7],[127.2,34.8],[127.2,34.7],[127.1,34.7],[127.1,34.6],[127.0,34.6],[127.0,34.5],[126.9,34.5],[126.9,34.4],[126.9,34.5],[126.9,34.4],[126.8,34.4],[126.8,34.5],[126.8,34.6],[126.8,34.5],[126.7,34.5],[126.8,34.5],[126.7,34.5],[126.7,34.4],[126.6,34.4],[126.6,34.3],[126.5,34.3],[126.5,34.4],[126.5,34.5],[126.5,34.6],[126.5,34.5],[126.4,34.5],[126.4,34.6],[126.3,34.6],[126.3,34.7],[126.3,34.8],[126.3,34.7],[126.4,34.7],[126.3,34.7],[126.4,34.6],[126.5,34.6],[126.4,34.6],[126.4,34.7],[126.4,34.6],[126.4,34.7],[126.5,34.7],[126.5,34.6],[126.5,34.7],[126.6,34.6],[126.6,34.7],[126.5,34.7],[126.4,34.7],[126.4,34.8],[126.5,34.8],[126.5,34.7],[126.5,34.8],[126.6,34.8],[126.7,34.8],[126.6,34.8],[126.6,34.9],[126.5,34.9],[126.5,34.8],[126.4,34.8],[126.4,34.9],[126.4,35.0],[126.4,34.9],[126.3,34.9],[126.3,35.0],[126.4,35.0],[126.3,35.1],[126.3,35.2],[126.4,35.1],[126.3,35.1],[126.4,35.1],[126.4,35.0],[126.5,35.1],[126.4,35.1],[126.4,35.2],[126.3,35.2],[126.4,35.2],[126.4,35.3],[126.4,35.4],[126.4,35.3],[126.5,35.3],[126.5,35.4],[126.4,35.4],[126.5,35.5],[126.6,35.5],[126.6,35.6],[126.7,35.6],[126.7,35.5],[126.7,35.6],[126.5,35.6],[126.5,35.7],[126.6,35.7],[126.6,35.8],[126.7,35.8],[126.8,35.8],[126.7,35.8],[126.7,35.9],[126.8,35.9],[126.7,35.9],[126.6,35.9],[126.5,35.9],[126.5,36.0],[126.6,36.0],[126.7,36.0],[126.8,36.0],[126.9,36.0],[126.9,36.1],[126.8,36.0],[126.7,36.0],[126.6,36.1],[126.5,36.2],[126.5,36.1],[126.5,36.2],[126.6,36.2],[126.5,36.2],[126.6,36.3],[126.5,36.3],[126.6,36.3],[126.6,36.4],[126.5,36.4],[126.6,36.5],[126.5,36.5],[126.5,36.4],[126.5,36.5],[126.5,36.6],[126.5,36.7],[126.4,36.7],[126.4,36.6],[126.4,36.7],[126.3,36.7],[126.3,36.6],[126.3,36.7],[126.2,36.7],[126.2,36.8],[126.2,36.7],[126.1,36.7],[126.1,36.8],[126.2,36.8],[126.2,36.9],[126.3,36.9],[126.3,37.0],[126.3,36.9],[126.3,36.8],[126.4,36.8],[126.3,36.8],[126.3,36.9],[126.4,36.8],[126.4,36.9],[126.4,37.0],[126.3,37.0],[126.4,37.0],[126.5,37.0],[126.4,37.0],[126.4,36.9],[126.4,37.0],[126.5,37.0],[126.5,36.9],[126.5,36.8],[126.5,36.9],[126.6,36.9],[126.5,37.0],[126.6,37.0],[126.5,37.0],[126.5,37.1],[126.5,37.0],[126.6,37.0],[126.6,36.9],[126.6,37.0],[126.7,37.0],[126.8,37.0],[126.8,36.9],[126.8,36.8],[126.9,36.8],[126.9,36.9],[127.0,36.9],[127.0,37.0],[127.0,36.9],[126.9,36.9],[126.8,37.0],[126.9,37.0],[126.9,37.1],[126.9,37.0],[126.8,37.0],[126.8,37.1],[126.9,37.2],[126.8,37.2],[126.7,37.1],[126.7,37.2],[126.7,37.3],[126.8,37.2],[126.8,37.3],[126.8,37.2],[126.8,37.3],[126.9,37.3],[126.8,37.3],[126.7,37.3],[126.7,37.4],[126.6,37.4],[126.6,37.5],[126.6,37.6],[126.5,37.7],[126.5,37.8],[126.6,37.8],[126.7,37.8],[126.7,37.7],[126.7,37.6],[126.8,37.6],[126.7,37.7],[126.7,37.8],[126.7,37.9],[126.7,38.0],[126.8,38.0],[126.8,38.1],[126.9,38.1],[126.9,38.2],[127.0,38.2],[127.0,38.3],[127.1,38.3],[127.2,38.3],[127.3,38.3],[127.4,38.3],[127.5,38.3],[127.6,38.3],[127.8,38.3],[127.9,38.3],[128.0,38.3],[128.1,38.3],[128.2,38.4],[128.3,38.5],[128.3,38.6],[128.4,38.6]]],[[[126.9,33.5],[127.0,33.5],[126.9,33.5],[126.9,33.4],[126.8,33.3],[126.7,33.3],[126.6,33.3],[126.6,33.2],[126.5,33.2],[126.4,33.2],[126.3,33.2],[126.2,33.2],[126.2,33.3],[126.2,33.4],[126.3,33.4],[126.3,33.5],[126.4,33.5],[126.5,33.5],[126.6,33.5],[126.6,33.6],[126.7,33.5],[126.7,33.6],[126.8,33.6],[126.8,33.5],[126.9,33.5]]]]}},{"type":"Feature","properties":{"iso3":"PRK","name":"North Korea","ilo169":"not ratified","colonial":"none recorded"},"geometry":{"type":"MultiPolygon","coordinates":[[[[128.4,38.6],[128.3,38.6],[128.3,38.5],[128.2,38.4],[128.1,38.3],[128.0,38.3],[127.9,38.3],[127.8,38.3],[127.6,38.3],[127.5,38.3],[127.4,38.3],[127.3,38.3],[127.2,38.3],[127.1,38.3],[127.0,38.3],[127.0,38.2],[126.9,38.2],[126.9,38.1],[126.8,38.1],[126.8,38.0],[126.7,38.0],[126.7,37.9],[126.7,37.8],[126.6,37.8],[126.4,37.8],[126.4,37.9],[126.3,37.9],[126.3,37.8],[126.2,37.8],[126.1,37.8],[126.2,37.8],[126.2,37.7],[126.1,37.7],[126.1,37.8],[126.1,37.9],[126.0,37.9],[125.9,37.9],[126.0,37.9],[126.0,37.8],[125.9,37.8],[125.9,37.9],[125.8,37.9],[125.8,38.0],[125.7,38.0],[125.6,38.0],[125.7,38.0],[125.7,37.9],[125.6,37.9],[125.6,37.8],[125.5,37.8],[125.5,37.7],[125.4,37.7],[125.3,37.7],[125.4,37.8],[125.5,37.8],[125.5,37.9],[125.4,37.9],[125.4,37.8],[125.4,37.9],[125.3,37.9],[125.4,37.9],[125.4,37.8],[125.3,37.8],[125.2,37.8],[125.3,37.8],[125.3,37.9],[125.2,37.9],[125.1,37.9],[125.0,37.9],[125.0,38.0],[125.1,38.0],[125.2,38.0],[125.1,38.0],[125.2,38.0],[125.3,38.1],[125.2,38.1],[125.1,38.1],[125.0,38.1],[124.9,38.1],[124.8,38.1],[124.7,38.1],[124.8,38.2],[124.9,38.2],[125.0,38.2],[124.9,38.2],[124.9,38.3],[124.9,38.4],[124.9,38.5],[125.0,38.5],[125.0,38.4],[125.0,38.5],[125.0,38.6],[125.1,38.6],[125.1,38.7],[125.1,38.6],[125.2,38.6],[125.2,38.7],[125.3,38.7],[125.4,38.7],[125.5,38.7],[125.6,38.7],[125.6,38.6],[125.7,38.6],[125.6,38.6],[125.6,38.7],[125.5,38.7],[125.4,38.8],[125.4,38.7],[125.3,38.7],[125.2,38.7],[125.3,38.8],[125.2,38.8],[125.2,38.7],[125.2,38.8],[125.1,38.8],[125.2,38.9],[125.2,39.0],[125.3,39.0],[125.3,39.1],[125.3,39.2],[125.4,39.2],[125.4,39.3],[125.4,39.4],[125.5,39.4],[125.4,39.4],[125.3,39.4],[125.3,39.5],[125.4,39.5],[125.5,39.6],[125.4,39.6],[125.3,39.5],[125.3,39.6],[125.2,39.6],[125.1,39.6],[125.0,39.6],[125.0,39.7],[124.9,39.7],[124.9,39.6],[124.9,39.7],[124.8,39.7],[124.8,39.8],[124.7,39.8],[124.7,39.7],[124.8,39.7],[124.7,39.7],[124.8,39.7],[124.7,39.7],[124.7,39.6],[124.6,39.6],[124.6,39.7],[124.6,39.8],[124.5,39.8],[124.4,39.8],[124.4,39.9],[124.3,39.9],[124.4,39.9],[124.4,40.0],[124.5,40.0],[124.4,40.0],[124.4,40.1],[124.5,40.2],[124.6,40.2],[124.6,40.3],[124.7,40.3],[124.7,40.4],[124.8,40.4],[124.9,40.5],[125.0,40.5],[125.1,40.5],[125.1,40.6],[125.2,40.6],[125.3,40.6],[125.4,40.6],[125.4,40.7],[125.5,40.7],[125.6,40.7],[125.6,40.8],[125.7,40.8],[125.6,40.8],[125.7,40.8],[125.7,40.9],[125.8,40.9],[125.9,40.9],[126.0,40.9],[126.1,41.0],[126.1,41.1],[126.3,41.1],[126.3,41.2],[126.4,41.2],[126.4,41.3],[126.5,41.4],[126.5,41.3],[126.5,41.4],[126.5,41.5],[126.6,41.5],[126.6,41.6],[126.6,41.7],[126.7,41.7],[126.8,41.7],[126.9,41.7],[126.9,41.8],[127.0,41.8],[127.0,41.7],[127.1,41.7],[127.0,41.7],[127.1,41.6],[127.2,41.6],[127.1,41.6],[127.1,41.5],[127.2,41.5],[127.3,41.5],[127.4,41.5],[127.5,41.5],[127.6,41.5],[127.6,41.4],[127.7,41.4],[127.8,41.4],[127.9,41.4],[127.9,41.5],[128.0,41.5],[128.0,41.4],[128.1,41.4],[128.0,41.4],[128.1,41.4],[128.2,41.4],[128.3,41.5],[128.3,41.6],[128.3,41.7],[128.2,41.7],[128.1,41.8],[128.0,41.9],[128.0,42.0],[128.1,42.0],[128.3,42.0],[128.4,42.0],[128.5,42.0],[128.6,42.0],[128.7,42.0],[128.8,42.0],[128.9,42.0],[129.0,42.1],[129.1,42.1],[129.1,42.2],[129.1,42.1],[129.1,42.2],[129.2,42.2],[129.2,42.3],[129.2,42.4],[129.3,42.4],[129.4,42.4],[129.3,42.4],[129.4,42.4],[129.5,42.4],[129.6,42.4],[129.7,42.4],[129.7,42.5],[129.7,42.6],[129.8,42.6],[129.7,42.6],[129.8,42.6],[129.8,42.7],[129.8,42.8],[129.8,42.9],[129.8,43.0],[129.9,43.0],[130.0,43.0],[130.1,43.0],[130.1,42.9],[130.2,42.9],[130.3,42.9],[130.2,42.8],[130.2,42.7],[130.3,42.7],[130.4,42.6],[130.5,42.5],[130.5,42.6],[130.5,42.5],[130.6,42.5],[130.6,42.4],[130.7,42.4],[130.7,42.3],[130.6,42.3],[130.5,42.3],[130.4,42.3],[130.4,42.2],[130.4,42.3],[130.4,42.2],[130.3,42.2],[130.2,42.2],[130.2,42.1],[130.1,42.1],[130.0,42.0],[130.0,41.9],[129.9,41.9],[129.9,41.8],[129.8,41.8],[129.8,41.7],[129.7,41.7],[129.7,41.6],[129.6,41.5],[129.7,41.5],[129.7,41.4],[129.8,41.4],[129.8,41.3],[129.7,41.2],[129.7,41.1],[129.7,41.0],[129.8,41.0],[129.8,40.9],[129.7,40.9],[129.8,40.9],[129.7,40.9],[129.7,40.8],[129.6,40.8],[129.5,40.8],[129.4,40.8],[129.4,40.7],[129.3,40.7],[129.2,40.7],[129.2,40.6],[129.2,40.5],[129.1,40.5],[129.0,40.5],[128.9,40.4],[128.8,40.4],[128.8,40.3],[128.7,40.3],[128.6,40.3],[128.7,40.3],[128.7,40.2],[128.6,40.2],[128.5,40.2],[128.5,40.1],[128.4,40.1],[128.3,40.1],[128.3,40.0],[128.3,40.1],[128.2,40.1],[128.2,40.0],[128.1,40.0],[128.0,40.0],[127.9,40.0],[127.9,39.9],[127.8,39.9],[127.7,39.9],[127.7,39.8],[127.6,39.8],[127.5,39.8],[127.5,39.7],[127.5,39.6],[127.6,39.6],[127.5,39.6],[127.5,39.5],[127.5,39.4],[127.6,39.3],[127.5,39.3],[127.5,39.4],[127.4,39.4],[127.5,39.4],[127.5,39.3],[127.4,39.3],[127.4,39.2],[127.5,39.2],[127.5,39.1],[127.6,39.2],[127.6,39.1],[127.7,39.1],[127.8,39.1],[127.8,39.0],[127.9,39.0],[127.9,38.9],[128.0,38.9],[128.1,38.8],[128.2,38.7],[128.3,38.8],[128.3,38.7],[128.4,38.7],[128.4,38.6]]]]}},{"type":"Feature","properties":{"iso3":"MAR","name":"Morocco","ilo169":"not ratified","colonial":"none recorded","land_deal_ha":4855.0,"debt_pct_gni":44.7,"conquests_suffered":5},"geometry":{"type":"Polygon","coordinates":[[[-8.8,27.7],[-8.8,27.6],[-8.8,27.5],[-8.8,27.4],[-8.8,27.3],[-8.8,27.2],[-8.8,27.1],[-8.9,27.1],[-9.0,27.1],[-9.1,27.1],[-9.2,27.1],[-9.3,27.1],[-9.4,27.1],[-9.5,27.0],[-9.6,27.0],[-9.7,26.9],[-9.8,26.8],[-9.9,26.8],[-10.0,26.9],[-10.1,26.9],[-10.2,26.9],[-10.3,26.9],[-10.4,26.9],[-10.5,27.0],[-10.6,27.0],[-10.7,27.0],[-10.8,27.0],[-10.9,27.0],[-11.0,27.0],[-11.1,26.9],[-11.3,26.9],[-11.4,26.9],[-11.4,26.8],[-11.3,26.7],[-11.3,26.6],[-11.4,26.6],[-11.5,26.5],[-11.6,26.4],[-11.6,26.3],[-11.7,26.2],[-11.7,26.1],[-11.8,26.1],[-11.9,26.1],[-12.0,26.0],[-12.1,26.0],[-12.1,25.9],[-12.1,25.8],[-12.1,25.7],[-12.2,25.6],[-12.2,25.5],[-12.2,25.4],[-12.3,25.3],[-12.3,25.1],[-12.4,25.0],[-12.4,24.9],[-12.4,24.8],[-12.5,24.8],[-12.6,24.7],[-12.7,24.6],[-12.8,24.6],[-12.9,24.5],[-13.0,24.5],[-13.1,24.4],[-13.1,24.3],[-13.2,24.2],[-13.2,24.1],[-13.3,24.0],[-13.4,23.9],[-13.5,23.9],[-13.6,23.9],[-13.7,23.8],[-13.8,23.8],[-13.9,23.7],[-13.9,23.6],[-14.0,23.5],[-14.0,23.4],[-14.0,23.3],[-14.1,23.1],[-14.1,23.0],[-14.1,22.9],[-14.2,22.8],[-14.2,22.6],[-14.2,22.5],[-14.2,22.4],[-14.2,22.3],[-14.3,22.2],[-14.4,22.1],[-14.5,22.0],[-14.6,21.9],[-14.6,21.8],[-14.6,21.7],[-14.7,21.6],[-14.7,21.5],[-14.8,21.5],[-15.0,21.4],[-15.1,21.4],[-15.3,21.5],[-15.5,21.5],[-15.6,21.5],[-15.7,21.5],[-15.9,21.5],[-16.0,21.5],[-16.2,21.5],[-16.6,21.5],[-16.7,21.5],[-17.0,21.4],[-17.0,21.6],[-17.0,21.7],[-16.9,21.7],[-16.9,21.8],[-17.0,21.8],[-16.9,21.9],[-16.8,22.1],[-16.8,22.2],[-16.7,22.2],[-16.7,22.3],[-16.6,22.3],[-16.5,22.3],[-16.5,22.4],[-16.4,22.5],[-16.4,22.6],[-16.3,22.6],[-16.3,22.7],[-16.3,22.8],[-16.3,22.9],[-16.2,22.9],[-16.2,23.0],[-16.2,23.1],[-16.1,23.2],[-16.1,23.3],[-16.0,23.4],[-16.0,23.5],[-15.9,23.6],[-15.9,23.7],[-15.8,23.7],[-15.8,23.8],[-15.8,23.9],[-15.8,23.8],[-15.9,23.8],[-15.9,23.7],[-16.0,23.6],[-16.0,23.7],[-15.9,23.8],[-15.9,23.9],[-15.8,23.9],[-15.8,24.0],[-15.7,24.0],[-15.6,24.0],[-15.6,24.1],[-15.5,24.1],[-15.5,24.2],[-15.4,24.2],[-15.4,24.3],[-15.3,24.3],[-15.2,24.4],[-15.2,24.5],[-15.1,24.5],[-15.0,24.5],[-15.0,24.6],[-15.0,24.7],[-14.9,24.7],[-14.9,24.8],[-14.9,24.9],[-14.8,24.9],[-14.8,25.0],[-14.8,25.1],[-14.8,25.2],[-14.8,25.3],[-14.8,25.4],[-14.7,25.5],[-14.7,25.6],[-14.7,25.7],[-14.6,25.8],[-14.5,25.9],[-14.5,26.0],[-14.5,26.1],[-14.5,26.2],[-14.4,26.3],[-14.3,26.3],[-14.2,26.4],[-14.0,26.4],[-14.0,26.5],[-13.9,26.5],[-13.7,26.6],[-13.6,26.7],[-13.5,26.9],[-13.5,27.0],[-13.4,27.1],[-13.4,27.2],[-13.3,27.3],[-13.3,27.4],[-13.2,27.5],[-13.2,27.6],[-13.2,27.7],[-13.1,27.7],[-13.0,27.8],[-13.0,27.9],[-12.9,27.9],[-12.8,28.0],[-12.7,28.0],[-12.5,28.0],[-12.3,28.0],[-12.1,28.1],[-12.0,28.1],[-11.8,28.2],[-11.5,28.3],[-11.4,28.4],[-11.4,28.5],[-11.3,28.5],[-11.3,28.6],[-11.2,28.6],[-11.2,28.7],[-11.1,28.7],[-11.1,28.8],[-11.0,28.8],[-10.8,28.9],[-10.7,28.9],[-10.6,29.0],[-10.5,29.1],[-10.3,29.2],[-10.3,29.3],[-10.2,29.3],[-10.2,29.4],[-10.1,29.4],[-10.1,29.5],[-10.1,29.6],[-10.0,29.6],[-10.0,29.7],[-9.9,29.7],[-9.8,29.8],[-9.7,30.0],[-9.7,30.1],[-9.6,30.2],[-9.6,30.3],[-9.6,30.4],[-9.7,30.4],[-9.7,30.5],[-9.7,30.6],[-9.8,30.6],[-9.9,30.6],[-9.9,30.7],[-9.8,30.8],[-9.8,30.9],[-9.8,31.1],[-9.8,31.3],[-9.8,31.4],[-9.8,31.5],[-9.7,31.6],[-9.7,31.7],[-9.6,31.8],[-9.5,31.9],[-9.4,32.0],[-9.3,32.1],[-9.3,32.2],[-9.3,32.3],[-9.3,32.4],[-9.2,32.5],[-9.3,32.5],[-9.3,32.6],[-9.1,32.7],[-9.0,32.8],[-8.9,32.9],[-8.8,33.0],[-8.6,33.1],[-8.6,33.2],[-8.5,33.3],[-8.4,33.3],[-8.3,33.4],[-8.2,33.4],[-8.1,33.4],[-8.0,33.5],[-7.9,33.5],[-7.8,33.5],[-7.8,33.6],[-7.7,33.6],[-7.6,33.6],[-7.5,33.6],[-7.5,33.7],[-7.4,33.7],[-7.3,33.7],[-7.3,33.8],[-7.2,33.8],[-7.1,33.8],[-7.1,33.9],[-7.0,33.9],[-6.9,33.9],[-6.8,34.0],[-6.7,34.2],[-6.7,34.3],[-6.6,34.4],[-6.5,34.4],[-6.5,34.5],[-6.3,34.9],[-6.2,35.1],[-6.0,35.5],[-6.0,35.6],[-6.0,35.7],[-5.9,35.7],[-5.9,35.8],[-5.8,35.8],[-5.7,35.8],[-5.6,35.8],[-5.5,35.9],[-5.4,35.9],[-5.3,35.8],[-5.3,35.7],[-5.3,35.6],[-5.2,35.6],[-5.2,35.5],[-5.1,35.4],[-5.0,35.4],[-4.9,35.3],[-4.8,35.3],[-4.8,35.2],[-4.6,35.2],[-4.5,35.2],[-4.4,35.2],[-4.3,35.2],[-4.1,35.2],[-4.0,35.2],[-4.0,35.3],[-3.9,35.3],[-3.9,35.2],[-3.8,35.2],[-3.7,35.3],[-3.6,35.2],[-3.5,35.2],[-3.4,35.2],[-3.3,35.2],[-3.2,35.2],[-3.1,35.3],[-3.0,35.3],[-3.0,35.4],[-2.9,35.3],[-3.0,35.3],[-2.9,35.3],[-2.9,35.2],[-2.9,35.1],[-2.8,35.1],[-2.7,35.1],[-2.8,35.1],[-2.9,35.2],[-2.8,35.2],[-2.8,35.1],[-2.7,35.1],[-2.6,35.1],[-2.5,35.1],[-2.4,35.1],[-2.3,35.1],[-2.2,35.1],[-2.2,35.0],[-2.1,35.0],[-2.1,34.9],[-2.0,34.9],[-1.9,34.8],[-1.8,34.8],[-1.8,34.7],[-1.9,34.6],[-1.8,34.5],[-1.7,34.5],[-1.8,34.4],[-1.8,34.3],[-1.7,34.3],[-1.7,34.1],[-1.7,33.9],[-1.7,33.8],[-1.7,33.7],[-1.7,33.6],[-1.6,33.6],[-1.6,33.5],[-1.7,33.4],[-1.7,33.3],[-1.7,33.2],[-1.6,33.2],[-1.6,33.1],[-1.5,33.1],[-1.5,33.0],[-1.6,32.9],[-1.4,32.7],[-1.3,32.7],[-1.0,32.5],[-1.1,32.4],[-1.2,32.4],[-1.3,32.3],[-1.3,32.2],[-1.2,32.2],[-1.2,32.1],[-1.3,32.1],[-1.4,32.1],[-1.5,32.1],[-1.6,32.1],[-1.7,32.1],[-1.8,32.1],[-1.9,32.1],[-2.0,32.1],[-2.1,32.1],[-2.2,32.1],[-2.3,32.1],[-2.4,32.1],[-2.5,32.1],[-2.7,32.1],[-2.9,32.1],[-2.9,32.0],[-2.9,31.9],[-2.8,31.8],[-3.0,31.8],[-3.2,31.7],[-3.5,31.7],[-3.6,31.7],[-3.7,31.6],[-3.7,31.4],[-3.8,31.4],[-3.8,31.3],[-3.8,31.2],[-3.8,31.1],[-3.8,31.2],[-3.7,31.2],[-3.7,31.1],[-3.6,31.1],[-3.6,31.0],[-3.6,30.9],[-3.7,30.8],[-3.6,30.7],[-3.8,30.6],[-4.0,30.6],[-4.2,30.6],[-4.3,30.6],[-4.4,30.5],[-4.5,30.4],[-4.6,30.3],[-4.8,30.2],[-4.9,30.2],[-5.0,30.1],[-5.1,30.0],[-5.2,30.0],[-5.3,29.9],[-5.3,29.8],[-5.4,29.6],[-5.5,29.5],[-5.6,29.5],[-5.7,29.5],[-5.8,29.6],[-5.9,29.6],[-6.0,29.6],[-6.1,29.6],[-6.3,29.6],[-6.4,29.6],[-6.6,29.5],[-6.7,29.5],[-6.8,29.4],[-7.0,29.5],[-7.1,29.5],[-7.3,29.5],[-7.3,29.4],[-7.5,29.4],[-7.6,29.4],[-7.7,29.4],[-7.7,29.3],[-7.8,29.3],[-7.8,29.2],[-7.9,29.2],[-8.0,29.1],[-8.1,29.1],[-8.2,29.0],[-8.3,29.0],[-8.3,28.9],[-8.4,28.9],[-8.4,28.8],[-8.5,28.8],[-8.6,28.7],[-8.7,28.7],[-8.7,28.6],[-8.7,28.5],[-8.7,28.4],[-8.7,28.3],[-8.7,28.2],[-8.7,28.1],[-8.7,28.0],[-8.7,27.9],[-8.7,27.8],[-8.7,27.7],[-8.8,27.7]]]}},{"type":"Feature","properties":{"iso3":"BTN","name":"Bhutan","ilo169":"not ratified","colonial":"none recorded","conquests_suffered":1},"geometry":{"type":"Polygon","coordinates":[[[90.5,28.1],[90.6,28.1],[90.7,28.1],[90.8,28.1],[90.8,28.0],[90.9,28.0],[91.0,28.0],[91.1,28.0],[91.2,28.1],[91.3,28.1],[91.3,28.0],[91.4,28.0],[91.5,28.0],[91.6,28.0],[91.6,27.9],[91.7,27.9],[91.6,27.9],[91.6,27.8],[91.6,27.7],[91.6,27.6],[91.6,27.5],[91.7,27.5],[91.8,27.5],[91.9,27.5],[92.0,27.5],[92.0,27.4],[92.1,27.3],[92.0,27.2],[92.0,27.1],[92.0,27.0],[92.1,27.0],[92.1,26.9],[92.0,26.9],[92.0,26.8],[92.0,26.9],[91.9,26.9],[91.9,26.8],[91.8,26.8],[91.8,26.9],[91.7,26.8],[91.6,26.8],[91.5,26.8],[91.5,26.9],[91.4,26.9],[91.4,26.8],[91.3,26.8],[91.2,26.8],[91.1,26.8],[91.0,26.8],[90.9,26.8],[90.7,26.8],[90.6,26.8],[90.5,26.8],[90.4,26.9],[90.3,26.9],[90.2,26.9],[90.2,26.8],[90.1,26.8],[90.1,26.7],[90.0,26.7],[89.9,26.7],[89.8,26.7],[89.7,26.7],[89.6,26.7],[89.6,26.8],[89.5,26.8],[89.4,26.8],[89.3,26.9],[89.3,26.8],[89.2,26.8],[89.1,26.8],[89.1,26.9],[89.0,26.9],[88.9,26.9],[88.9,27.0],[88.9,26.9],[88.8,27.0],[88.8,27.1],[88.7,27.1],[88.7,27.2],[88.8,27.2],[88.8,27.3],[88.9,27.3],[89.0,27.3],[89.0,27.4],[89.0,27.5],[89.0,27.6],[89.1,27.6],[89.2,27.7],[89.2,27.8],[89.3,27.8],[89.3,27.9],[89.4,27.9],[89.4,28.0],[89.5,28.0],[89.5,28.1],[89.6,28.1],[89.7,28.2],[89.8,28.2],[89.8,28.3],[89.9,28.3],[90.0,28.3],[90.1,28.3],[90.2,28.3],[90.2,28.4],[90.3,28.3],[90.4,28.3],[90.5,28.3],[90.5,28.2],[90.6,28.2],[90.5,28.2],[90.5,28.1]]]}},{"type":"Feature","properties":{"iso3":"UKR","name":"Ukraine","ilo169":"not ratified","colonial":"none recorded","land_deal_ha":2294620.1,"debt_pct_gni":101.3,"conquests_suffered":2},"geometry":{"type":"MultiPolygon","coordinates":[[[[31.8,52.1],[31.9,52.1],[31.9,52.0],[32.0,52.0],[32.1,52.0],[32.2,52.1],[32.3,52.1],[32.3,52.2],[32.4,52.2],[32.4,52.3],[32.3,52.3],[32.4,52.3],[32.5,52.3],[32.7,52.3],[32.8,52.3],[32.9,52.3],[32.9,52.2],[33.0,52.3],[33.1,52.3],[33.2,52.4],[33.3,52.4],[33.4,52.4],[33.4,52.3],[33.5,52.3],[33.5,52.4],[33.5,52.3],[33.6,52.3],[33.7,52.4],[33.8,52.4],[33.8,52.3],[33.9,52.3],[33.9,52.2],[34.0,52.2],[34.1,52.2],[34.1,52.1],[34.1,52.0],[34.2,51.9],[34.3,51.9],[34.3,51.8],[34.4,51.8],[34.4,51.7],[34.3,51.7],[34.1,51.7],[34.1,51.6],[34.2,51.6],[34.2,51.5],[34.2,51.4],[34.3,51.4],[34.3,51.3],[34.2,51.3],[34.2,51.2],[34.3,51.2],[34.3,51.3],[34.4,51.3],[34.5,51.2],[34.6,51.2],[34.7,51.2],[34.8,51.2],[34.9,51.2],[35.0,51.2],[35.1,51.2],[35.1,51.1],[35.2,51.0],[35.3,51.0],[35.4,51.0],[35.3,51.0],[35.3,50.9],[35.4,50.8],[35.4,50.7],[35.5,50.7],[35.4,50.6],[35.4,50.5],[35.5,50.5],[35.6,50.4],[35.6,50.3],[35.7,50.3],[35.7,50.4],[35.8,50.4],[35.9,50.4],[36.1,50.4],[36.2,50.4],[36.3,50.3],[36.4,50.3],[36.5,50.3],[36.5,50.2],[36.6,50.2],[36.7,50.2],[36.7,50.3],[36.8,50.3],[36.9,50.3],[37.0,50.3],[37.1,50.3],[37.2,50.4],[37.3,50.4],[37.4,50.4],[37.5,50.4],[37.5,50.3],[37.6,50.3],[37.6,50.2],[37.7,50.1],[37.8,50.1],[37.8,50.0],[37.9,50.0],[38.0,49.9],[38.1,49.9],[38.2,49.9],[38.2,50.0],[38.2,50.1],[38.3,50.1],[38.3,50.0],[38.4,50.0],[38.5,50.0],[38.5,49.9],[38.6,50.0],[38.7,50.0],[38.7,49.9],[38.9,49.9],[38.9,49.8],[39.0,49.8],[39.1,49.8],[39.1,49.9],[39.2,49.9],[39.2,49.8],[39.3,49.7],[39.4,49.7],[39.5,49.7],[39.6,49.7],[39.6,49.6],[39.7,49.6],[39.8,49.5],[39.9,49.5],[39.9,49.6],[40.0,49.6],[40.1,49.6],[40.1,49.5],[40.0,49.5],[40.1,49.4],[40.1,49.3],[40.2,49.3],[40.1,49.3],[40.1,49.2],[40.0,49.2],[40.0,49.1],[39.9,49.1],[39.9,49.0],[39.8,49.0],[39.7,49.0],[39.7,48.9],[39.8,48.9],[39.9,48.9],[40.0,48.9],[40.1,48.9],[40.1,48.8],[40.0,48.8],[39.9,48.8],[39.8,48.8],[39.7,48.8],[39.7,48.7],[39.6,48.6],[39.7,48.6],[39.8,48.6],[39.9,48.6],[39.9,48.5],[39.8,48.5],[39.9,48.5],[39.9,48.4],[39.9,48.3],[39.8,48.3],[39.9,48.3],[40.0,48.3],[40.0,48.2],[39.9,48.2],[39.8,48.1],[39.8,48.0],[39.8,47.9],[39.8,47.8],[39.7,47.8],[39.6,47.8],[39.5,47.8],[39.4,47.8],[39.3,47.8],[39.2,47.8],[39.1,47.8],[39.0,47.9],[38.9,47.9],[38.8,47.8],[38.8,47.7],[38.7,47.7],[38.6,47.7],[38.6,47.6],[38.4,47.6],[38.3,47.6],[38.3,47.5],[38.3,47.4],[38.2,47.4],[38.2,47.3],[38.3,47.3],[38.3,47.2],[38.2,47.2],[38.2,47.1],[38.1,47.0],[38.1,47.1],[38.0,47.1],[37.9,47.1],[37.8,47.1],[37.7,47.1],[37.6,47.1],[37.5,47.1],[37.5,47.0],[37.4,46.9],[37.3,46.9],[37.2,46.9],[37.0,46.9],[37.0,46.8],[36.9,46.8],[36.8,46.8],[36.8,46.7],[36.8,46.6],[36.7,46.6],[36.8,46.6],[36.8,46.7],[36.8,46.8],[36.7,46.8],[36.6,46.8],[36.5,46.8],[36.5,46.7],[36.4,46.7],[36.3,46.7],[36.3,46.6],[36.2,46.6],[36.2,46.7],[36.1,46.7],[35.9,46.7],[35.8,46.6],[35.7,46.6],[35.7,46.5],[35.6,46.5],[35.5,46.5],[35.5,46.4],[35.4,46.4],[35.3,46.3],[35.3,46.2],[35.2,46.2],[35.2,46.1],[35.1,46.1],[35.0,46.1],[35.1,46.1],[35.0,46.1],[35.1,46.2],[35.2,46.2],[35.3,46.2],[35.3,46.3],[35.3,46.4],[35.3,46.3],[35.3,46.4],[35.2,46.4],[35.2,46.5],[35.2,46.4],[35.1,46.3],[35.0,46.3],[34.9,46.2],[34.9,46.3],[34.9,46.2],[34.8,46.2],[34.8,46.1],[34.8,46.0],[34.9,45.9],[35.0,45.8],[35.0,45.7],[34.9,45.7],[34.9,45.8],[34.8,45.8],[34.8,45.9],[34.7,46.0],[34.6,46.0],[34.5,46.0],[34.4,46.0],[34.4,46.1],[34.3,46.1],[34.2,46.1],[34.1,46.1],[34.0,46.1],[33.9,46.2],[33.8,46.2],[33.7,46.2],[33.7,46.1],[33.6,46.1],[33.6,46.2],[33.6,46.1],[33.5,46.1],[33.6,46.1],[33.5,46.1],[33.5,46.0],[33.5,46.1],[33.4,46.1],[33.3,46.1],[33.2,46.1],[33.2,46.2],[33.1,46.1],[33.0,46.2],[33.0,46.1],[32.9,46.1],[32.8,46.1],[32.7,46.1],[32.6,46.1],[32.5,46.1],[32.3,46.1],[32.3,46.2],[32.2,46.2],[32.3,46.2],[32.2,46.2],[32.1,46.2],[32.1,46.3],[32.0,46.3],[31.9,46.3],[31.8,46.3],[31.9,46.3],[32.0,46.4],[32.1,46.4],[32.0,46.4],[32.0,46.5],[31.9,46.5],[31.8,46.5],[31.7,46.5],[31.7,46.4],[31.7,46.5],[31.6,46.5],[31.5,46.6],[31.6,46.6],[31.6,46.5],[31.8,46.6],[31.8,46.5],[31.9,46.5],[32.0,46.5],[32.1,46.5],[32.2,46.5],[32.3,46.5],[32.4,46.5],[32.5,46.6],[32.6,46.6],[32.5,46.6],[32.4,46.6],[32.3,46.6],[32.2,46.6],[32.1,46.6],[32.0,46.6],[32.0,46.7],[31.9,46.8],[32.0,46.8],[32.0,46.9],[31.9,46.9],[31.9,47.0],[32.0,47.0],[31.9,47.0],[31.9,47.1],[31.8,47.1],[31.8,47.2],[31.7,47.2],[31.8,47.2],[31.8,47.3],[31.7,47.3],[31.7,47.2],[31.8,47.2],[31.8,47.1],[31.9,47.1],[31.8,47.1],[31.8,47.0],[31.9,47.0],[31.9,46.9],[32.0,46.9],[31.9,46.9],[31.9,46.8],[31.9,46.7],[31.9,46.6],[31.8,46.6],[31.7,46.7],[31.6,46.6],[31.5,46.6],[31.5,46.7],[31.6,46.7],[31.6,46.8],[31.5,46.8],[31.5,46.7],[31.5,46.8],[31.4,46.8],[31.5,46.8],[31.5,46.7],[31.4,46.6],[31.3,46.6],[31.2,46.6],[31.1,46.6],[31.0,46.6],[30.9,46.6],[30.8,46.6],[30.8,46.5],[30.8,46.4],[30.7,46.4],[30.7,46.3],[30.7,46.4],[30.7,46.3],[30.6,46.2],[30.5,46.1],[30.4,46.0],[30.3,45.9],[30.2,45.9],[30.1,45.8],[30.1,45.9],[30.1,45.8],[30.0,45.8],[29.9,45.8],[29.9,45.7],[29.9,45.8],[29.8,45.7],[29.9,45.7],[29.8,45.7],[29.8,45.6],[29.8,45.7],[29.8,45.6],[29.7,45.6],[29.7,45.7],[29.7,45.8],[29.6,45.8],[29.7,45.8],[29.6,45.8],[29.6,45.7],[29.6,45.6],[29.6,45.5],[29.7,45.5],[29.7,45.6],[29.7,45.5],[29.6,45.5],[29.6,45.4],[29.7,45.4],[29.7,45.5],[29.7,45.4],[29.7,45.5],[29.7,45.4],[29.7,45.5],[29.8,45.4],[29.7,45.4],[29.8,45.4],[29.8,45.3],[29.7,45.3],[29.7,45.2],[29.7,45.3],[29.6,45.4],[29.4,45.4],[29.3,45.4],[29.2,45.4],[29.1,45.4],[29.0,45.3],[28.9,45.3],[28.8,45.3],[28.8,45.2],[28.7,45.2],[28.6,45.2],[28.5,45.3],[28.4,45.3],[28.3,45.3],[28.3,45.4],[28.2,45.5],[28.3,45.5],[28.4,45.5],[28.5,45.5],[28.5,45.6],[28.5,45.7],[28.6,45.7],[28.6,45.8],[28.7,45.8],[28.7,45.9],[28.7,46.0],[28.8,46.0],[28.9,46.0],[29.0,46.0],[28.9,46.1],[29.0,46.1],[29.0,46.2],[28.9,46.3],[28.9,46.4],[28.9,46.5],[29.0,46.5],[29.1,46.5],[29.2,46.5],[29.2,46.4],[29.3,46.4],[29.3,46.5],[29.3,46.4],[29.4,46.4],[29.4,46.5],[29.5,46.5],[29.5,46.4],[29.6,46.4],[29.7,46.4],[29.6,46.4],[29.7,46.4],[29.7,46.5],[29.8,46.4],[29.8,46.3],[29.9,46.4],[30.0,46.4],[30.1,46.4],[30.0,46.5],[29.9,46.5],[29.9,46.6],[29.9,46.7],[30.0,46.7],[29.9,46.8],[29.8,46.9],[29.7,46.9],[29.6,46.9],[29.6,47.0],[29.6,47.1],[29.5,47.1],[29.6,47.2],[29.5,47.2],[29.6,47.2],[29.6,47.3],[29.5,47.3],[29.4,47.3],[29.4,47.4],[29.3,47.4],[29.2,47.4],[29.2,47.5],[29.2,47.4],[29.1,47.5],[29.1,47.6],[29.2,47.6],[29.2,47.7],[29.2,47.8],[29.2,47.9],[29.1,48.0],[29.0,47.9],[28.9,47.9],[28.9,48.0],[28.8,48.0],[28.8,48.1],[28.7,48.1],[28.6,48.2],[28.5,48.2],[28.5,48.1],[28.4,48.1],[28.4,48.2],[28.4,48.1],[28.3,48.1],[28.3,48.2],[28.4,48.2],[28.3,48.2],[28.2,48.2],[28.2,48.3],[28.1,48.2],[28.1,48.3],[28.0,48.3],[27.9,48.3],[27.9,48.4],[27.8,48.4],[27.8,48.5],[27.6,48.5],[27.5,48.5],[27.4,48.4],[27.3,48.4],[27.2,48.4],[27.1,48.4],[27.0,48.4],[26.9,48.4],[26.8,48.4],[26.8,48.3],[26.7,48.3],[26.6,48.3],[26.6,48.2],[26.5,48.2],[26.4,48.2],[26.3,48.2],[26.3,48.1],[26.2,48.1],[26.2,48.0],[26.1,48.0],[26.0,48.0],[25.9,48.0],[25.8,48.0],[25.8,47.9],[25.3,47.9],[25.2,47.9],[25.1,47.8],[25.1,47.7],[25.0,47.7],[24.9,47.7],[24.8,47.8],[24.7,47.8],[24.7,47.9],[24.6,47.9],[24.5,47.9],[24.4,48.0],[24.4,47.9],[24.3,47.9],[24.2,47.9],[24.1,47.9],[24.0,48.0],[23.9,47.9],[23.8,47.9],[23.8,48.0],[23.7,48.0],[23.6,48.0],[23.5,48.0],[23.4,48.0],[23.3,48.0],[23.2,48.1],[23.1,48.1],[23.1,48.0],[23.0,48.0],[22.9,48.0],[22.9,47.9],[22.8,48.0],[22.9,48.0],[22.8,48.1],[22.7,48.1],[22.6,48.1],[22.6,48.2],[22.5,48.2],[22.4,48.2],[22.3,48.3],[22.3,48.4],[22.2,48.4],[22.1,48.4],[22.1,48.5],[22.1,48.6],[22.2,48.6],[22.2,48.7],[22.3,48.7],[22.3,48.8],[22.4,48.8],[22.4,48.9],[22.4,49.0],[22.5,49.0],[22.5,49.1],[22.6,49.1],[22.6,49.0],[22.7,49.0],[22.8,49.0],[22.9,49.0],[22.8,49.0],[22.8,49.1],[22.9,49.1],[22.8,49.1],[22.7,49.1],[22.7,49.2],[22.7,49.3],[22.7,49.4],[22.7,49.5],[22.6,49.5],[22.7,49.6],[22.8,49.7],[22.9,49.8],[23.0,49.8],[23.0,49.9],[23.1,50.0],[23.2,50.0],[23.4,50.2],[23.5,50.2],[23.6,50.3],[23.7,50.3],[23.7,50.4],[23.9,50.4],[24.0,50.4],[24.0,50.5],[24.1,50.5],[24.1,50.6],[24.1,50.7],[24.0,50.7],[24.0,50.8],[24.1,50.8],[24.1,50.9],[24.0,50.9],[24.0,51.0],[23.9,51.0],[23.9,51.1],[23.8,51.2],[23.7,51.2],[23.7,51.3],[23.6,51.3],[23.6,51.4],[23.7,51.4],[23.6,51.5],[23.7,51.5],[23.6,51.5],[23.6,51.6],[23.7,51.6],[23.8,51.6],[23.9,51.6],[24.0,51.6],[24.1,51.7],[24.2,51.7],[24.3,51.7],[24.3,51.8],[24.3,51.9],[24.4,51.9],[24.6,51.9],[24.7,51.9],[25.0,51.9],[25.1,51.9],[25.2,51.9],[25.4,51.9],[25.5,51.9],[25.7,51.9],[25.8,51.9],[26.0,51.9],[26.1,51.9],[26.2,51.9],[26.4,51.9],[26.4,51.8],[26.7,51.8],[26.9,51.7],[27.0,51.8],[27.1,51.8],[27.2,51.8],[27.2,51.7],[27.3,51.7],[27.3,51.6],[27.4,51.6],[27.5,51.6],[27.6,51.6],[27.7,51.6],[27.7,51.5],[27.8,51.5],[27.8,51.6],[27.9,51.6],[28.0,51.6],[28.1,51.6],[28.2,51.6],[28.2,51.7],[28.2,51.6],[28.3,51.6],[28.3,51.5],[28.4,51.5],[28.4,51.6],[28.5,51.6],[28.6,51.6],[28.6,51.5],[28.6,51.4],[28.7,51.4],[28.8,51.4],[28.7,51.5],[28.8,51.5],[28.9,51.6],[29.0,51.6],[29.1,51.6],[29.2,51.6],[29.2,51.5],[29.2,51.4],[29.3,51.4],[29.4,51.4],[29.5,51.4],[29.6,51.4],[29.6,51.5],[29.7,51.5],[29.7,51.4],[29.8,51.4],[29.9,51.4],[29.9,51.5],[30.0,51.5],[30.1,51.5],[30.2,51.5],[30.2,51.4],[30.3,51.4],[30.3,51.3],[30.4,51.3],[30.5,51.3],[30.5,51.2],[30.6,51.2],[30.6,51.3],[30.6,51.4],[30.6,51.5],[30.5,51.6],[30.6,51.6],[30.5,51.6],[30.6,51.6],[30.6,51.7],[30.6,51.8],[30.7,51.8],[30.7,51.9],[30.8,51.9],[30.8,52.0],[30.9,52.0],[31.0,52.0],[30.9,52.0],[30.9,52.1],[31.0,52.1],[31.1,52.1],[31.2,52.1],[31.2,52.0],[31.3,52.0],[31.3,52.1],[31.4,52.1],[31.5,52.1],[31.6,52.1],[31.8,52.1]]],[[[31.9,46.2],[32.1,46.2],[32.2,46.2],[32.2,46.1],[32.1,46.2],[31.7,46.2],[31.6,46.3],[31.5,46.3],[31.5,46.4],[31.5,46.3],[31.6,46.3],[31.9,46.2]]],[[[29.9,45.7],[30.1,45.8],[29.9,45.7],[29.8,45.6],[29.7,45.6],[29.8,45.6],[29.9,45.6],[29.9,45.7]]],[[[33.0,46.0],[33.1,46.0],[33.0,46.0],[32.6,46.1],[32.8,46.0],[32.9,46.1],[32.9,46.0],[33.0,46.1],[33.0,46.0]]]]}},{"type":"Feature","properties":{"iso3":"BLR","name":"Belarus","ilo169":"not ratified","colonial":"none recorded","land_deal_ha":219.0,"debt_pct_gni":46.1},"geometry":{"type":"Polygon","coordinates":[[[23.6,51.5],[23.6,51.6],[23.5,51.6],[23.5,51.7],[23.6,51.7],[23.5,51.7],[23.6,51.7],[23.5,51.7],[23.6,51.7],[23.6,51.8],[23.6,51.9],[23.6,52.0],[23.7,52.0],[23.6,52.1],[23.5,52.1],[23.5,52.2],[23.4,52.2],[23.3,52.2],[23.2,52.2],[23.2,52.3],[23.2,52.4],[23.3,52.4],[23.4,52.5],[23.5,52.6],[23.6,52.6],[23.7,52.6],[23.9,52.7],[23.9,52.8],[23.9,52.9],[23.9,53.0],[23.9,53.1],[23.9,53.2],[23.8,53.2],[23.8,53.3],[23.7,53.4],[23.7,53.5],[23.6,53.6],[23.6,53.7],[23.5,53.8],[23.5,53.9],[23.6,53.9],[23.7,53.9],[23.8,53.9],[23.9,53.9],[24.0,53.9],[24.1,53.9],[24.1,54.0],[24.2,54.0],[24.2,53.9],[24.3,53.9],[24.4,53.9],[24.5,54.0],[24.6,54.0],[24.7,54.0],[24.8,54.0],[24.8,54.1],[24.9,54.1],[25.0,54.1],[25.1,54.1],[25.2,54.2],[25.2,54.3],[25.3,54.2],[25.4,54.2],[25.4,54.3],[25.5,54.3],[25.6,54.2],[25.5,54.2],[25.5,54.1],[25.6,54.1],[25.7,54.1],[25.8,54.2],[25.8,54.3],[25.7,54.3],[25.6,54.3],[25.5,54.3],[25.5,54.4],[25.6,54.4],[25.6,54.5],[25.7,54.5],[25.7,54.6],[25.7,54.7],[25.7,54.8],[25.8,54.8],[25.8,54.9],[25.9,54.9],[26.0,54.9],[26.1,55.0],[26.2,55.0],[26.2,55.1],[26.3,55.1],[26.4,55.1],[26.5,55.1],[26.6,55.1],[26.6,55.2],[26.7,55.2],[26.8,55.2],[26.8,55.3],[26.6,55.3],[26.5,55.3],[26.4,55.3],[26.5,55.4],[26.5,55.5],[26.6,55.5],[26.6,55.6],[26.6,55.7],[26.7,55.7],[26.8,55.7],[26.9,55.8],[27.0,55.8],[27.1,55.8],[27.2,55.8],[27.3,55.8],[27.4,55.8],[27.6,55.8],[27.6,55.9],[27.7,56.0],[27.8,56.0],[27.9,56.1],[28.0,56.1],[28.1,56.1],[28.1,56.2],[28.1,56.1],[28.2,56.1],[28.3,56.1],[28.3,56.0],[28.3,56.1],[28.4,56.1],[28.5,56.1],[28.6,56.1],[28.7,56.0],[28.7,55.9],[28.8,55.9],[28.8,56.0],[28.9,56.0],[29.0,56.0],[29.1,56.0],[29.2,56.0],[29.4,56.0],[29.4,55.9],[29.4,55.8],[29.3,55.8],[29.4,55.8],[29.4,55.7],[29.5,55.7],[29.6,55.7],[29.7,55.8],[29.8,55.8],[29.9,55.8],[30.0,55.8],[30.1,55.8],[30.2,55.9],[30.3,55.8],[30.5,55.8],[30.6,55.7],[30.7,55.7],[30.7,55.6],[30.8,55.6],[30.9,55.6],[30.9,55.5],[30.9,55.4],[30.8,55.4],[30.8,55.3],[30.9,55.3],[30.9,55.2],[31.0,55.2],[31.0,55.1],[31.0,55.0],[30.9,55.0],[30.9,54.9],[30.8,54.9],[30.8,54.8],[31.0,54.7],[31.1,54.7],[31.1,54.6],[31.2,54.6],[31.1,54.6],[31.1,54.5],[31.2,54.5],[31.2,54.4],[31.3,54.4],[31.3,54.3],[31.3,54.2],[31.5,54.2],[31.5,54.1],[31.6,54.1],[31.7,54.1],[31.8,54.1],[31.8,54.0],[31.8,54.1],[31.8,54.0],[31.8,53.9],[31.8,53.8],[31.7,53.8],[31.8,53.8],[31.9,53.8],[32.1,53.8],[32.2,53.8],[32.3,53.8],[32.3,53.7],[32.4,53.7],[32.5,53.7],[32.4,53.6],[32.5,53.5],[32.6,53.5],[32.7,53.5],[32.6,53.5],[32.7,53.5],[32.7,53.4],[32.7,53.3],[32.6,53.3],[32.5,53.3],[32.4,53.3],[32.5,53.3],[32.5,53.2],[32.4,53.2],[32.3,53.2],[32.3,53.1],[32.2,53.1],[32.1,53.1],[32.0,53.1],[31.9,53.1],[31.8,53.1],[31.8,53.2],[31.7,53.2],[31.6,53.2],[31.5,53.2],[31.4,53.2],[31.4,53.1],[31.3,53.1],[31.3,53.0],[31.2,53.0],[31.3,53.0],[31.4,52.9],[31.5,52.9],[31.5,52.8],[31.6,52.8],[31.6,52.7],[31.5,52.7],[31.5,52.6],[31.6,52.6],[31.6,52.5],[31.6,52.4],[31.6,52.3],[31.7,52.3],[31.7,52.2],[31.8,52.1],[31.6,52.1],[31.5,52.1],[31.4,52.1],[31.3,52.1],[31.3,52.0],[31.2,52.0],[31.2,52.1],[31.1,52.1],[31.0,52.1],[30.9,52.1],[30.9,52.0],[31.0,52.0],[30.9,52.0],[30.8,52.0],[30.8,51.9],[30.7,51.9],[30.7,51.8],[30.6,51.8],[30.6,51.7],[30.6,51.6],[30.5,51.6],[30.6,51.6],[30.5,51.6],[30.6,51.5],[30.6,51.4],[30.6,51.3],[30.6,51.2],[30.5,51.2],[30.5,51.3],[30.4,51.3],[30.3,51.3],[30.3,51.4],[30.2,51.4],[30.2,51.5],[30.1,51.5],[30.0,51.5],[29.9,51.5],[29.9,51.4],[29.8,51.4],[29.7,51.4],[29.7,51.5],[29.6,51.5],[29.6,51.4],[29.5,51.4],[29.4,51.4],[29.3,51.4],[29.2,51.4],[29.2,51.5],[29.2,51.6],[29.1,51.6],[29.0,51.6],[28.9,51.6],[28.8,51.5],[28.7,51.5],[28.8,51.4],[28.7,51.4],[28.6,51.4],[28.6,51.5],[28.6,51.6],[28.5,51.6],[28.4,51.6],[28.4,51.5],[28.3,51.5],[28.3,51.6],[28.2,51.6],[28.2,51.7],[28.2,51.6],[28.1,51.6],[28.0,51.6],[27.9,51.6],[27.8,51.6],[27.8,51.5],[27.7,51.5],[27.7,51.6],[27.6,51.6],[27.5,51.6],[27.4,51.6],[27.3,51.6],[27.3,51.7],[27.2,51.7],[27.2,51.8],[27.1,51.8],[27.0,51.8],[26.9,51.7],[26.7,51.8],[26.4,51.8],[26.4,51.9],[26.2,51.9],[26.1,51.9],[26.0,51.9],[25.8,51.9],[25.7,51.9],[25.5,51.9],[25.4,51.9],[25.2,51.9],[25.1,51.9],[25.0,51.9],[24.7,51.9],[24.6,51.9],[24.4,51.9],[24.3,51.9],[24.3,51.8],[24.3,51.7],[24.2,51.7],[24.1,51.7],[24.0,51.6],[23.9,51.6],[23.8,51.6],[23.7,51.6],[23.6,51.6],[23.6,51.5]]]}},{"type":"Feature","properties":{"iso3":"OMN","name":"Oman","ilo169":"not ratified","colonial":"none recorded"},"geometry":{"type":"MultiPolygon","coordinates":[[[[56.4,25.0],[56.4,24.9],[56.5,24.8],[56.5,24.7],[56.6,24.5],[56.7,24.4],[56.8,24.3],[56.8,24.2],[56.9,24.1],[57.1,24.0],[57.2,24.0],[57.2,23.9],[57.3,23.9],[57.5,23.8],[57.6,23.8],[57.7,23.8],[57.8,23.8],[57.8,23.7],[57.9,23.7],[58.0,23.7],[58.1,23.7],[58.2,23.7],[58.3,23.6],[58.4,23.6],[58.5,23.6],[58.5,23.7],[58.6,23.7],[58.6,23.6],[58.7,23.6],[58.7,23.5],[58.8,23.5],[58.8,23.4],[58.9,23.4],[58.9,23.3],[59.0,23.3],[59.0,23.2],[59.1,23.1],[59.1,23.0],[59.2,23.0],[59.2,22.9],[59.3,22.9],[59.3,22.8],[59.4,22.8],[59.4,22.7],[59.5,22.6],[59.6,22.6],[59.7,22.6],[59.7,22.5],[59.8,22.5],[59.7,22.5],[59.8,22.5],[59.8,22.4],[59.8,22.3],[59.8,22.2],[59.7,22.1],[59.7,22.0],[59.7,21.9],[59.6,21.9],[59.5,21.8],[59.5,21.7],[59.4,21.6],[59.4,21.5],[59.3,21.5],[59.3,21.4],[59.2,21.4],[59.1,21.3],[58.9,21.1],[58.8,21.0],[58.8,20.9],[58.7,20.9],[58.7,20.8],[58.7,20.7],[58.6,20.7],[58.6,20.6],[58.5,20.5],[58.5,20.4],[58.4,20.4],[58.3,20.4],[58.2,20.4],[58.2,20.5],[58.2,20.4],[58.2,20.5],[58.3,20.5],[58.3,20.6],[58.2,20.6],[58.1,20.6],[58.1,20.5],[58.0,20.5],[58.0,20.4],[58.0,20.3],[57.9,20.3],[57.9,20.2],[57.8,20.2],[57.8,20.1],[57.8,20.0],[57.8,19.9],[57.8,19.8],[57.7,19.8],[57.7,19.7],[57.7,19.6],[57.7,19.5],[57.8,19.5],[57.8,19.4],[57.8,19.3],[57.7,19.3],[57.8,19.3],[57.8,19.2],[57.8,19.1],[57.8,19.0],[57.7,19.0],[57.7,18.9],[57.5,19.0],[57.4,18.9],[57.2,18.9],[57.1,18.9],[56.9,18.8],[56.8,18.7],[56.7,18.6],[56.6,18.6],[56.6,18.5],[56.6,18.4],[56.6,18.3],[56.5,18.2],[56.6,18.2],[56.6,18.1],[56.5,18.1],[56.4,18.0],[56.4,17.9],[56.3,17.9],[56.2,18.0],[56.1,17.9],[56.0,17.9],[55.9,17.9],[55.7,17.9],[55.6,17.9],[55.5,17.9],[55.5,17.8],[55.4,17.8],[55.4,17.7],[55.3,17.6],[55.2,17.6],[55.2,17.5],[55.3,17.5],[55.3,17.4],[55.3,17.3],[55.2,17.3],[55.3,17.3],[55.3,17.2],[55.2,17.2],[55.2,17.1],[55.1,17.1],[55.1,17.0],[55.0,17.0],[54.9,17.0],[54.8,17.0],[54.7,17.0],[54.6,17.0],[54.5,17.0],[54.4,17.0],[54.2,17.0],[54.1,17.0],[54.0,17.0],[54.0,16.9],[53.9,16.9],[53.8,16.9],[53.7,16.9],[53.7,16.8],[53.6,16.8],[53.6,16.7],[53.4,16.7],[53.3,16.7],[53.2,16.7],[53.1,16.6],[53.0,16.8],[53.0,16.9],[52.9,17.0],[52.8,17.2],[52.8,17.3],[52.7,17.3],[52.7,17.4],[52.7,17.5],[52.6,17.6],[52.6,17.7],[52.5,17.8],[52.5,17.9],[52.4,18.0],[52.4,18.1],[52.3,18.2],[52.3,18.3],[52.2,18.4],[52.2,18.5],[52.1,18.6],[52.1,18.7],[52.1,18.8],[52.0,18.9],[52.0,19.0],[52.1,19.0],[52.3,19.1],[52.4,19.1],[52.6,19.2],[52.8,19.3],[52.9,19.3],[53.1,19.4],[53.3,19.4],[53.5,19.5],[53.6,19.5],[53.8,19.6],[54.0,19.7],[54.1,19.7],[54.3,19.8],[54.5,19.8],[54.7,19.9],[54.8,19.9],[55.0,20.0],[55.0,20.1],[55.0,20.2],[55.1,20.3],[55.1,20.4],[55.1,20.5],[55.2,20.6],[55.2,20.8],[55.3,21.0],[55.3,21.1],[55.4,21.1],[55.4,21.3],[55.5,21.4],[55.5,21.6],[55.5,21.7],[55.6,21.8],[55.6,21.9],[55.6,22.0],[55.6,22.1],[55.5,22.2],[55.4,22.4],[55.3,22.5],[55.3,22.6],[55.2,22.7],[55.2,22.8],[55.2,23.0],[55.2,23.1],[55.3,23.3],[55.4,23.4],[55.4,23.5],[55.4,23.6],[55.5,23.7],[55.5,23.8],[55.5,23.9],[55.5,24.0],[55.6,24.0],[55.7,24.0],[55.8,24.0],[55.9,24.1],[56.0,24.1],[55.9,24.2],[55.8,24.2],[55.8,24.3],[55.8,24.4],[55.8,24.5],[55.8,24.6],[55.8,24.7],[55.8,24.8],[55.8,24.9],[55.9,24.9],[55.9,25.0],[56.0,25.0],[56.0,24.9],[56.0,24.8],[56.1,24.7],[56.1,24.8],[56.2,24.8],[56.3,24.9],[56.3,25.0],[56.4,25.0]]],[[[56.1,26.1],[56.2,26.2],[56.2,26.3],[56.2,26.2],[56.3,26.2],[56.4,26.2],[56.3,26.2],[56.3,26.3],[56.4,26.3],[56.3,26.3],[56.4,26.3],[56.4,26.4],[56.4,26.3],[56.4,26.4],[56.4,26.3],[56.5,26.3],[56.5,26.4],[56.5,26.3],[56.4,26.3],[56.4,26.2],[56.5,26.2],[56.4,26.2],[56.5,26.2],[56.5,26.1],[56.4,26.2],[56.3,26.2],[56.3,26.1],[56.4,26.1],[56.5,26.1],[56.4,26.1],[56.4,26.0],[56.5,25.9],[56.4,25.9],[56.4,25.8],[56.3,25.8],[56.3,25.7],[56.3,25.8],[56.3,25.7],[56.3,25.6],[56.2,25.6],[56.2,25.7],[56.1,25.7],[56.2,25.7],[56.2,25.8],[56.1,25.8],[56.2,25.9],[56.2,26.0],[56.2,26.1],[56.1,26.1]]],[[[58.9,20.6],[58.9,20.5],[59.0,20.5],[58.9,20.5],[58.8,20.4],[58.8,20.3],[58.8,20.2],[58.7,20.2],[58.6,20.2],[58.6,20.3],[58.6,20.4],[58.7,20.4],[58.8,20.4],[58.8,20.5],[58.8,20.6],[58.9,20.6],[58.9,20.7],[58.9,20.6]]]]}},{"type":"Feature","properties":{"iso3":"UZB","name":"Uzbekistan","ilo169":"not ratified","colonial":"none recorded","land_deal_ha":303285.0,"debt_pct_gni":60.5},"geometry":{"type":"MultiPolygon","coordinates":[[[[71.0,40.2],[70.9,40.2],[70.8,40.2],[70.7,40.2],[70.6,40.2],[70.6,40.3],[70.5,40.3],[70.5,40.4],[70.5,40.3],[70.4,40.3],[70.4,40.4],[70.4,40.5],[70.5,40.5],[70.5,40.6],[70.6,40.6],[70.7,40.6],[70.7,40.7],[70.8,40.7],[70.7,40.8],[70.6,40.8],[70.7,40.8],[70.5,41.0],[70.4,41.0],[70.3,40.9],[70.2,40.8],[70.1,40.8],[70.0,40.8],[69.8,40.7],[69.7,40.7],[69.7,40.6],[69.6,40.6],[69.6,40.7],[69.5,40.8],[69.4,40.8],[69.3,40.8],[69.3,40.7],[69.3,40.6],[69.2,40.6],[69.2,40.5],[69.3,40.4],[69.3,40.3],[69.2,40.3],[69.3,40.2],[69.2,40.2],[69.1,40.2],[69.0,40.2],[68.9,40.2],[68.8,40.2],[68.7,40.2],[68.6,40.2],[68.6,40.1],[68.7,40.1],[68.9,40.1],[69.0,40.1],[68.9,40.1],[68.8,40.0],[68.8,40.1],[68.8,40.0],[68.9,39.9],[68.8,39.9],[68.8,40.0],[68.8,39.9],[68.8,39.8],[68.7,39.8],[68.7,39.9],[68.7,39.8],[68.6,39.8],[68.6,39.7],[68.6,39.6],[68.5,39.6],[68.5,39.5],[68.4,39.5],[68.3,39.5],[68.3,39.6],[68.1,39.6],[67.8,39.6],[67.7,39.6],[67.6,39.6],[67.5,39.6],[67.5,39.5],[67.4,39.5],[67.4,39.4],[67.4,39.3],[67.3,39.3],[67.4,39.2],[67.5,39.2],[67.6,39.2],[67.6,39.1],[67.7,39.1],[67.7,39.0],[67.8,39.0],[67.9,39.0],[68.0,39.0],[68.1,39.0],[68.1,38.9],[68.2,38.9],[68.2,38.8],[68.1,38.8],[68.1,38.7],[68.0,38.7],[68.1,38.6],[68.1,38.5],[68.1,38.4],[68.2,38.3],[68.3,38.3],[68.3,38.2],[68.4,38.2],[68.3,38.1],[68.3,38.0],[68.2,37.9],[68.1,37.9],[68.1,37.8],[68.0,37.7],[67.9,37.6],[67.8,37.5],[67.8,37.4],[67.8,37.3],[67.8,37.2],[67.7,37.2],[67.6,37.3],[67.6,37.2],[67.5,37.2],[67.5,37.3],[67.4,37.2],[67.3,37.2],[67.2,37.2],[67.2,37.3],[67.1,37.3],[67.1,37.4],[67.0,37.4],[66.9,37.4],[66.7,37.4],[66.7,37.3],[66.6,37.4],[66.5,37.4],[66.5,37.5],[66.5,37.6],[66.5,37.7],[66.5,37.8],[66.6,37.8],[66.6,37.9],[66.6,38.0],[66.5,38.0],[66.4,38.0],[66.3,38.1],[66.2,38.1],[66.2,38.2],[66.1,38.2],[66.0,38.2],[65.9,38.3],[65.8,38.3],[65.8,38.2],[65.7,38.2],[65.6,38.2],[65.4,38.3],[65.3,38.4],[65.2,38.4],[65.1,38.5],[65.0,38.6],[64.9,38.6],[64.8,38.7],[64.6,38.7],[64.4,38.9],[64.3,39.0],[64.2,38.9],[64.1,39.0],[64.0,39.1],[63.8,39.1],[63.7,39.2],[63.6,39.2],[63.5,39.4],[63.3,39.5],[63.0,39.7],[62.8,39.8],[62.7,39.8],[62.6,39.9],[62.5,39.9],[62.5,40.0],[62.4,40.0],[62.4,40.1],[62.4,40.2],[62.4,40.3],[62.4,40.4],[62.3,40.4],[62.3,40.5],[62.2,40.5],[62.1,40.6],[62.1,40.7],[62.0,40.7],[62.0,40.8],[62.0,40.9],[62.0,41.0],[61.9,41.1],[61.7,41.2],[61.6,41.3],[61.5,41.3],[61.4,41.3],[61.4,41.2],[61.3,41.2],[61.2,41.2],[61.1,41.2],[61.0,41.2],[60.9,41.2],[60.9,41.3],[60.7,41.2],[60.5,41.2],[60.4,41.2],[60.4,41.3],[60.3,41.3],[60.2,41.3],[60.1,41.4],[60.1,41.5],[60.1,41.6],[60.2,41.6],[60.1,41.7],[60.0,41.8],[60.1,41.8],[60.2,41.8],[60.3,41.8],[60.2,41.8],[60.2,41.9],[60.1,41.9],[60.0,41.9],[59.9,41.9],[59.9,42.0],[60.0,42.0],[60.0,42.1],[60.0,42.2],[59.9,42.2],[59.9,42.3],[59.8,42.3],[59.7,42.3],[59.5,42.3],[59.4,42.3],[59.3,42.3],[59.2,42.4],[59.2,42.5],[59.1,42.5],[59.0,42.5],[58.9,42.5],[58.8,42.6],[58.6,42.8],[58.6,42.7],[58.5,42.7],[58.5,42.6],[58.4,42.6],[58.4,42.7],[58.3,42.7],[58.2,42.7],[58.1,42.6],[58.3,42.5],[58.4,42.4],[58.5,42.3],[58.4,42.3],[58.4,42.4],[58.3,42.4],[58.2,42.5],[58.1,42.5],[58.0,42.5],[57.9,42.4],[57.9,42.3],[57.9,42.2],[57.8,42.2],[57.9,42.2],[57.8,42.2],[57.7,42.2],[57.6,42.1],[57.5,42.2],[57.4,42.2],[57.3,42.1],[57.2,42.1],[57.2,42.0],[57.1,42.0],[57.1,41.9],[57.0,41.9],[56.9,41.8],[57.0,41.7],[57.0,41.6],[57.0,41.5],[57.0,41.4],[57.1,41.4],[57.2,41.4],[57.1,41.4],[57.1,41.3],[57.0,41.3],[56.9,41.3],[56.8,41.3],[56.6,41.3],[56.5,41.3],[56.3,41.3],[56.1,41.3],[56.0,41.3],[56.0,41.6],[56.0,41.8],[56.0,42.0],[56.0,42.2],[56.0,42.5],[56.0,42.7],[56.0,42.9],[56.0,43.2],[56.0,43.4],[56.0,43.6],[56.0,43.8],[56.0,44.1],[56.0,44.3],[56.0,44.5],[56.0,44.8],[56.0,45.0],[56.1,45.0],[56.2,45.0],[56.3,45.1],[56.4,45.1],[56.5,45.1],[56.6,45.1],[56.7,45.2],[56.8,45.2],[56.9,45.2],[57.0,45.2],[57.1,45.3],[57.2,45.3],[57.3,45.3],[57.4,45.3],[57.5,45.3],[57.6,45.4],[57.7,45.4],[57.9,45.4],[58.0,45.4],[58.0,45.5],[58.1,45.5],[58.2,45.5],[58.3,45.5],[58.4,45.5],[58.5,45.5],[58.5,45.6],[58.6,45.6],[58.6,45.5],[58.7,45.5],[58.8,45.4],[59.0,45.4],[59.1,45.3],[59.3,45.2],[59.5,45.1],[59.7,45.0],[59.9,44.9],[60.1,44.8],[60.3,44.7],[60.5,44.7],[60.6,44.6],[60.8,44.5],[60.9,44.5],[61.0,44.4],[61.1,44.4],[61.1,44.3],[61.1,44.2],[61.2,44.2],[61.3,44.1],[61.3,44.0],[61.4,44.0],[61.5,43.9],[61.6,43.8],[61.7,43.7],[61.8,43.6],[61.9,43.6],[62.0,43.5],[62.1,43.5],[62.2,43.5],[62.3,43.5],[62.4,43.5],[62.5,43.5],[62.6,43.6],[62.7,43.6],[62.8,43.6],[62.9,43.6],[63.0,43.6],[63.1,43.6],[63.2,43.6],[63.4,43.6],[63.5,43.6],[63.7,43.6],[63.8,43.6],[64.0,43.6],[64.1,43.6],[64.2,43.6],[64.4,43.6],[64.4,43.5],[64.4,43.6],[64.5,43.6],[64.6,43.6],[64.7,43.6],[64.8,43.7],[64.9,43.7],[65.0,43.7],[65.1,43.6],[65.2,43.5],[65.3,43.4],[65.4,43.4],[65.5,43.3],[65.6,43.2],[65.7,43.1],[65.7,43.0],[65.8,42.9],[66.0,42.9],[66.1,43.0],[66.1,42.7],[66.1,42.5],[66.1,42.4],[66.0,42.4],[66.0,42.2],[66.0,42.0],[66.1,42.0],[66.2,42.0],[66.4,42.0],[66.5,42.0],[66.5,41.9],[66.5,41.7],[66.6,41.6],[66.6,41.5],[66.6,41.3],[66.7,41.2],[66.8,41.2],[66.8,41.1],[66.9,41.1],[67.0,41.2],[67.2,41.2],[67.3,41.2],[67.4,41.2],[67.5,41.2],[67.6,41.2],[67.7,41.2],[67.8,41.2],[67.9,41.2],[68.0,41.2],[68.0,41.1],[68.0,41.0],[68.0,41.1],[68.1,41.1],[68.1,41.0],[68.1,41.1],[68.1,41.0],[68.1,40.9],[68.1,40.8],[68.0,40.8],[68.1,40.8],[68.2,40.7],[68.3,40.7],[68.3,40.6],[68.5,40.6],[68.6,40.6],[68.6,40.7],[68.6,40.8],[68.5,40.8],[68.6,40.8],[68.6,40.9],[68.6,41.0],[68.7,41.0],[68.7,41.1],[68.8,41.1],[68.9,41.1],[68.9,41.2],[69.0,41.2],[69.0,41.3],[69.1,41.3],[69.0,41.3],[69.0,41.4],[69.1,41.4],[69.2,41.4],[69.2,41.5],[69.3,41.5],[69.4,41.5],[69.4,41.6],[69.5,41.6],[69.6,41.6],[69.6,41.7],[69.7,41.7],[69.8,41.7],[69.9,41.7],[70.0,41.8],[70.1,41.8],[70.2,41.9],[70.2,42.0],[70.3,42.0],[70.4,42.1],[70.5,42.1],[70.5,42.0],[70.6,42.0],[70.6,42.1],[70.7,42.1],[70.7,42.2],[70.8,42.2],[70.9,42.2],[71.0,42.3],[71.1,42.3],[71.2,42.2],[71.3,42.2],[71.2,42.2],[71.2,42.1],[71.1,42.1],[71.0,42.0],[70.9,42.0],[70.8,42.0],[70.8,41.9],[70.7,41.9],[70.6,41.9],[70.6,41.8],[70.5,41.8],[70.5,41.7],[70.4,41.7],[70.3,41.6],[70.2,41.6],[70.1,41.6],[70.2,41.5],[70.3,41.5],[70.4,41.5],[70.4,41.4],[70.5,41.4],[70.6,41.5],[70.7,41.5],[70.7,41.4],[70.8,41.4],[70.8,41.3],[70.8,41.2],[70.9,41.2],[71.0,41.2],[71.1,41.2],[71.1,41.1],[71.2,41.1],[71.2,41.2],[71.3,41.1],[71.3,41.2],[71.4,41.1],[71.4,41.2],[71.4,41.3],[71.5,41.3],[71.6,41.3],[71.6,41.4],[71.6,41.5],[71.7,41.5],[71.7,41.4],[71.7,41.5],[71.8,41.4],[71.8,41.3],[71.9,41.3],[71.9,41.2],[72.0,41.2],[72.1,41.2],[72.2,41.2],[72.2,41.1],[72.2,41.0],[72.3,41.0],[72.3,41.1],[72.4,41.0],[72.5,41.0],[72.6,40.9],[72.7,40.9],[72.8,40.9],[72.9,40.9],[72.9,40.8],[73.0,40.9],[73.0,40.8],[73.1,40.8],[73.0,40.7],[72.9,40.7],[72.8,40.7],[72.8,40.6],[72.7,40.6],[72.7,40.5],[72.6,40.5],[72.5,40.5],[72.4,40.6],[72.3,40.6],[72.4,40.6],[72.4,40.5],[72.4,40.4],[72.3,40.4],[72.2,40.4],[72.3,40.4],[72.3,40.5],[72.2,40.5],[72.1,40.4],[72.0,40.3],[72.0,40.2],[71.9,40.2],[71.9,40.3],[71.8,40.2],[71.7,40.1],[71.7,40.2],[71.6,40.2],[71.6,40.3],[71.6,40.2],[71.5,40.2],[71.4,40.3],[71.3,40.3],[71.2,40.3],[71.1,40.3],[71.0,40.3],[71.0,40.2]]]]}},{"type":"Feature","properties":{"iso3":"TJK","name":"Tajikistan","ilo169":"not ratified","colonial":"none recorded","land_deal_ha":909.0,"debt_pct_gni":37.4,"conquests_suffered":1},"geometry":{"type":"MultiPolygon","coordinates":[[[[71.0,40.2],[70.9,40.2],[70.8,40.2],[70.7,40.1],[70.6,40.1],[70.6,40.0],[70.6,39.9],[70.5,39.9],[70.4,39.9],[70.5,39.9],[70.5,40.0],[70.5,40.1],[70.4,40.1],[70.3,40.1],[70.2,40.1],[70.1,40.1],[70.0,40.2],[69.6,40.1],[69.5,40.1],[69.5,40.0],[69.5,39.9],[69.4,39.9],[69.4,40.0],[69.3,40.0],[69.3,39.9],[69.2,39.8],[69.2,39.7],[69.3,39.7],[69.3,39.5],[69.4,39.5],[69.4,39.6],[69.4,39.5],[69.5,39.5],[69.6,39.6],[69.7,39.6],[69.8,39.5],[69.9,39.5],[70.0,39.5],[70.0,39.6],[70.1,39.6],[70.2,39.6],[70.2,39.5],[70.3,39.6],[70.4,39.6],[70.5,39.6],[70.6,39.6],[70.6,39.5],[70.7,39.5],[70.7,39.4],[70.8,39.4],[70.9,39.4],[71.0,39.4],[71.0,39.5],[71.1,39.5],[71.2,39.5],[71.3,39.5],[71.3,39.6],[71.4,39.6],[71.5,39.6],[71.5,39.5],[71.6,39.4],[71.7,39.5],[71.7,39.4],[71.8,39.4],[71.7,39.4],[71.7,39.3],[71.8,39.3],[71.9,39.3],[72.0,39.3],[72.0,39.4],[72.1,39.4],[72.1,39.3],[72.2,39.3],[72.2,39.2],[72.3,39.3],[72.4,39.3],[72.4,39.4],[72.4,39.3],[72.5,39.3],[72.5,39.4],[72.6,39.4],[72.7,39.4],[72.8,39.4],[72.9,39.4],[73.0,39.4],[73.0,39.3],[73.1,39.4],[73.2,39.4],[73.3,39.4],[73.4,39.4],[73.5,39.5],[73.6,39.5],[73.6,39.4],[73.6,39.3],[73.6,39.2],[73.7,39.1],[73.8,39.0],[73.8,38.9],[73.7,38.9],[73.7,38.8],[73.7,38.7],[73.8,38.7],[73.8,38.6],[73.9,38.6],[73.9,38.5],[74.0,38.5],[74.1,38.5],[74.1,38.6],[74.0,38.6],[74.1,38.6],[74.1,38.7],[74.2,38.7],[74.2,38.6],[74.2,38.7],[74.3,38.7],[74.5,38.6],[74.6,38.6],[74.7,38.5],[74.8,38.5],[74.8,38.4],[74.8,38.3],[74.8,38.2],[74.8,38.1],[74.9,38.0],[74.9,37.9],[74.9,37.8],[75.0,37.8],[75.0,37.7],[74.9,37.7],[74.9,37.6],[74.9,37.5],[75.0,37.5],[75.1,37.5],[75.1,37.4],[75.2,37.4],[75.1,37.4],[75.1,37.3],[75.0,37.3],[74.9,37.3],[74.9,37.2],[74.8,37.3],[74.7,37.4],[74.6,37.4],[74.5,37.4],[74.4,37.4],[74.3,37.4],[74.2,37.4],[74.2,37.3],[74.1,37.3],[74.0,37.3],[73.9,37.3],[73.8,37.3],[73.8,37.2],[73.7,37.2],[73.6,37.2],[73.6,37.3],[73.7,37.3],[73.7,37.4],[73.8,37.4],[73.7,37.4],[73.6,37.4],[73.5,37.5],[73.4,37.5],[73.3,37.5],[73.2,37.4],[73.1,37.4],[73.1,37.3],[73.0,37.3],[72.9,37.3],[72.9,37.2],[72.8,37.2],[72.7,37.1],[72.7,37.0],[72.5,37.0],[72.4,37.0],[72.3,37.0],[72.2,36.9],[72.1,36.9],[71.8,36.7],[71.7,36.7],[71.6,36.7],[71.6,36.8],[71.5,36.8],[71.5,36.9],[71.5,37.0],[71.4,37.0],[71.4,37.1],[71.4,37.2],[71.5,37.2],[71.5,37.3],[71.5,37.4],[71.5,37.5],[71.5,37.6],[71.5,37.7],[71.5,37.8],[71.6,37.8],[71.6,37.9],[71.5,37.9],[71.4,37.9],[71.3,37.9],[71.3,38.0],[71.3,38.1],[71.4,38.2],[71.4,38.3],[71.3,38.3],[71.2,38.3],[71.2,38.4],[71.1,38.4],[71.0,38.4],[71.0,38.5],[70.9,38.5],[70.9,38.4],[70.9,38.5],[70.9,38.4],[70.8,38.4],[70.7,38.4],[70.6,38.4],[70.6,38.3],[70.5,38.3],[70.5,38.2],[70.5,38.1],[70.4,38.1],[70.3,38.0],[70.3,37.9],[70.2,37.9],[70.2,37.8],[70.3,37.8],[70.3,37.7],[70.3,37.6],[70.2,37.6],[70.2,37.5],[70.1,37.5],[70.0,37.5],[70.0,37.6],[69.9,37.6],[69.8,37.6],[69.7,37.6],[69.5,37.6],[69.5,37.5],[69.4,37.5],[69.4,37.4],[69.4,37.3],[69.4,37.2],[69.4,37.1],[69.3,37.1],[69.2,37.1],[69.2,37.2],[69.1,37.2],[69.0,37.3],[68.9,37.3],[68.8,37.3],[68.7,37.3],[68.7,37.2],[68.6,37.2],[68.5,37.2],[68.4,37.2],[68.4,37.1],[68.3,37.1],[68.3,37.0],[68.2,37.0],[68.1,37.0],[68.1,36.9],[68.0,36.9],[68.0,37.0],[67.9,37.0],[67.9,37.1],[67.8,37.1],[67.8,37.2],[67.8,37.3],[67.8,37.4],[67.8,37.5],[67.9,37.6],[68.0,37.7],[68.1,37.8],[68.1,37.9],[68.2,37.9],[68.3,38.0],[68.3,38.1],[68.4,38.2],[68.3,38.2],[68.3,38.3],[68.2,38.3],[68.1,38.4],[68.1,38.5],[68.1,38.6],[68.0,38.7],[68.1,38.7],[68.1,38.8],[68.2,38.8],[68.2,38.9],[68.1,38.9],[68.1,39.0],[68.0,39.0],[67.9,39.0],[67.8,39.0],[67.7,39.0],[67.7,39.1],[67.6,39.1],[67.6,39.2],[67.5,39.2],[67.4,39.2],[67.3,39.3],[67.4,39.3],[67.4,39.4],[67.4,39.5],[67.5,39.5],[67.5,39.6],[67.6,39.6],[67.7,39.6],[67.8,39.6],[68.1,39.6],[68.3,39.6],[68.3,39.5],[68.4,39.5],[68.5,39.5],[68.5,39.6],[68.6,39.6],[68.6,39.7],[68.6,39.8],[68.7,39.8],[68.7,39.9],[68.7,39.8],[68.8,39.8],[68.8,39.9],[68.8,40.0],[68.8,39.9],[68.9,39.9],[68.8,40.0],[68.8,40.1],[68.8,40.0],[68.9,40.1],[69.0,40.1],[68.9,40.1],[68.7,40.1],[68.6,40.1],[68.6,40.2],[68.7,40.2],[68.8,40.2],[68.9,40.2],[69.0,40.2],[69.1,40.2],[69.2,40.2],[69.3,40.2],[69.2,40.3],[69.3,40.3],[69.3,40.4],[69.2,40.5],[69.2,40.6],[69.3,40.6],[69.3,40.7],[69.3,40.8],[69.4,40.8],[69.5,40.8],[69.6,40.7],[69.6,40.6],[69.7,40.6],[69.7,40.7],[69.8,40.7],[70.0,40.8],[70.1,40.8],[70.2,40.8],[70.3,40.9],[70.4,41.0],[70.5,41.0],[70.7,40.8],[70.6,40.8],[70.7,40.8],[70.8,40.7],[70.7,40.7],[70.7,40.6],[70.6,40.6],[70.5,40.6],[70.5,40.5],[70.4,40.5],[70.4,40.4],[70.4,40.3],[70.5,40.3],[70.5,40.4],[70.5,40.3],[70.6,40.3],[70.6,40.2],[70.7,40.2],[70.8,40.2],[70.9,40.2],[71.0,40.2]]]]}},{"type":"Feature","properties":{"iso3":"LTU","name":"Lithuania","ilo169":"not ratified","colonial":"none recorded","land_deal_ha":5692.0,"conquests_made":1,"conquests_suffered":2},"geometry":{"type":"MultiPolygon","coordinates":[[[[26.6,55.7],[26.6,55.6],[26.6,55.5],[26.5,55.5],[26.5,55.4],[26.4,55.3],[26.5,55.3],[26.6,55.3],[26.8,55.3],[26.8,55.2],[26.7,55.2],[26.6,55.2],[26.6,55.1],[26.5,55.1],[26.4,55.1],[26.3,55.1],[26.2,55.1],[26.2,55.0],[26.1,55.0],[26.0,54.9],[25.9,54.9],[25.8,54.9],[25.8,54.8],[25.7,54.8],[25.7,54.7],[25.7,54.6],[25.7,54.5],[25.6,54.5],[25.6,54.4],[25.5,54.4],[25.5,54.3],[25.6,54.3],[25.7,54.3],[25.8,54.3],[25.8,54.2],[25.7,54.1],[25.6,54.1],[25.5,54.1],[25.5,54.2],[25.6,54.2],[25.5,54.3],[25.4,54.3],[25.4,54.2],[25.3,54.2],[25.2,54.3],[25.2,54.2],[25.1,54.1],[25.0,54.1],[24.9,54.1],[24.8,54.1],[24.8,54.0],[24.7,54.0],[24.6,54.0],[24.5,54.0],[24.4,53.9],[24.3,53.9],[24.2,53.9],[24.2,54.0],[24.1,54.0],[24.1,53.9],[24.0,53.9],[23.9,53.9],[23.8,53.9],[23.7,53.9],[23.6,53.9],[23.5,53.9],[23.5,54.0],[23.5,54.1],[23.4,54.2],[23.3,54.2],[23.2,54.3],[23.1,54.3],[23.0,54.3],[23.0,54.4],[22.9,54.4],[22.8,54.4],[22.7,54.4],[22.7,54.5],[22.7,54.6],[22.7,54.7],[22.8,54.7],[22.8,54.8],[22.8,54.9],[22.7,54.9],[22.8,54.9],[22.7,54.9],[22.7,55.0],[22.6,55.0],[22.6,55.1],[22.5,55.1],[22.4,55.1],[22.3,55.1],[22.1,55.1],[22.1,55.0],[22.0,55.0],[22.0,55.1],[21.9,55.1],[21.8,55.1],[21.7,55.1],[21.6,55.2],[21.5,55.2],[21.4,55.3],[21.3,55.3],[21.3,55.2],[21.3,55.3],[21.3,55.4],[21.2,55.4],[21.2,55.3],[21.2,55.4],[21.2,55.5],[21.2,55.6],[21.2,55.7],[21.1,55.7],[21.1,55.8],[21.0,55.9],[21.1,55.9],[21.1,56.0],[21.1,56.1],[21.2,56.1],[21.2,56.2],[21.3,56.2],[21.4,56.2],[21.6,56.3],[21.7,56.3],[22.0,56.4],[22.1,56.4],[22.2,56.4],[22.5,56.4],[22.6,56.4],[22.7,56.3],[22.7,56.4],[22.8,56.4],[22.9,56.4],[23.0,56.4],[23.0,56.3],[23.1,56.3],[23.2,56.3],[23.2,56.4],[23.3,56.4],[23.4,56.4],[23.5,56.3],[23.6,56.3],[23.6,56.4],[23.7,56.4],[23.7,56.3],[23.8,56.3],[23.9,56.3],[24.0,56.3],[24.1,56.3],[24.2,56.3],[24.3,56.3],[24.4,56.3],[24.5,56.3],[24.6,56.3],[24.6,56.4],[24.7,56.4],[24.8,56.4],[24.9,56.4],[25.0,56.3],[25.0,56.2],[25.1,56.2],[25.3,56.2],[25.5,56.1],[25.5,56.2],[25.6,56.1],[25.7,56.1],[25.8,56.1],[25.8,56.0],[25.9,56.0],[26.0,56.0],[26.0,55.9],[26.1,55.9],[26.2,55.8],[26.3,55.7],[26.5,55.7],[26.6,55.7]]],[[[21.0,55.3],[20.9,55.3],[21.0,55.4],[21.1,55.5],[21.1,55.6],[21.1,55.7],[21.1,55.6],[21.1,55.5],[21.1,55.4],[21.1,55.3],[21.0,55.3]]]]}},{"type":"Feature","properties":{"iso3":"MNG","name":"Mongolia","ilo169":"not ratified","colonial":"none recorded","debt_pct_gni":181.9},"geometry":{"type":"Polygon","coordinates":[[[116.7,49.8],[116.5,49.5],[116.2,49.2],[116.0,48.9],[116.0,48.8],[115.8,48.5],[115.8,48.3],[115.8,48.2],[115.5,48.1],[115.5,48.0],[115.6,47.9],[115.9,47.7],[116.0,47.7],[116.1,47.8],[116.2,47.8],[116.2,47.9],[116.4,47.8],[116.5,47.8],[116.8,47.9],[116.9,47.9],[117.0,47.8],[117.1,47.8],[117.3,47.7],[117.4,47.7],[117.5,47.8],[117.7,48.0],[117.8,48.0],[118.0,48.0],[118.1,48.0],[118.2,48.0],[118.3,48.0],[118.5,48.0],[118.6,47.9],[118.7,47.8],[118.8,47.8],[119.0,47.7],[119.1,47.7],[119.1,47.6],[119.1,47.5],[119.2,47.5],[119.3,47.5],[119.3,47.4],[119.5,47.3],[119.6,47.2],[119.7,47.2],[119.7,47.1],[119.8,47.1],[119.8,47.0],[119.8,46.9],[119.9,46.9],[119.9,46.8],[119.9,46.7],[119.8,46.7],[119.8,46.6],[119.7,46.6],[119.6,46.6],[119.5,46.6],[119.4,46.6],[119.3,46.6],[119.1,46.7],[119.0,46.7],[118.9,46.7],[118.9,46.8],[118.8,46.8],[118.8,46.7],[118.7,46.7],[118.6,46.7],[118.5,46.7],[118.4,46.7],[118.3,46.7],[118.2,46.7],[118.1,46.7],[118.0,46.6],[117.9,46.6],[117.8,46.5],[117.7,46.5],[117.6,46.5],[117.6,46.6],[117.5,46.6],[117.4,46.6],[117.4,46.5],[117.4,46.4],[117.3,46.4],[117.0,46.4],[116.8,46.4],[116.7,46.3],[116.6,46.3],[116.5,46.3],[116.5,46.2],[116.4,46.1],[116.2,45.9],[116.2,45.8],[116.3,45.8],[116.2,45.8],[116.2,45.7],[116.1,45.7],[116.0,45.7],[115.8,45.5],[115.7,45.5],[115.6,45.4],[115.5,45.4],[115.3,45.4],[115.1,45.4],[114.9,45.4],[114.7,45.4],[114.5,45.4],[114.5,45.3],[114.4,45.2],[114.2,45.1],[114.2,45.0],[114.1,45.0],[114.1,44.9],[114.0,44.9],[113.9,44.9],[113.8,44.9],[113.7,44.8],[113.6,44.7],[113.5,44.7],[113.5,44.8],[113.1,44.8],[113.0,44.8],[112.7,44.9],[112.6,44.9],[112.5,45.0],[112.4,45.1],[112.1,45.1],[112.0,45.1],[111.9,45.1],[111.9,45.0],[111.8,45.0],[111.7,45.0],[111.6,44.7],[111.5,44.7],[111.5,44.6],[111.5,44.5],[111.4,44.5],[111.4,44.4],[111.4,44.3],[111.5,44.3],[111.5,44.2],[111.6,44.1],[111.7,44.0],[111.8,44.0],[111.8,43.9],[111.9,43.8],[111.9,43.7],[111.8,43.7],[111.6,43.5],[111.5,43.5],[111.4,43.5],[111.3,43.4],[111.1,43.4],[111.0,43.3],[110.9,43.3],[110.8,43.1],[110.7,43.1],[110.7,43.0],[110.6,43.0],[110.6,42.9],[110.5,42.9],[110.4,42.8],[110.1,42.7],[110.1,42.6],[110.0,42.6],[109.9,42.6],[109.7,42.5],[109.5,42.5],[109.5,42.4],[109.3,42.4],[109.0,42.4],[108.9,42.4],[108.8,42.4],[108.5,42.4],[108.3,42.4],[108.2,42.5],[108.0,42.4],[107.6,42.4],[107.2,42.3],[106.8,42.3],[106.3,42.1],[105.9,42.0],[105.5,41.8],[105.4,41.8],[105.3,41.8],[105.2,41.7],[105.0,41.6],[104.9,41.6],[104.6,41.6],[104.5,41.7],[104.5,41.9],[104.1,41.8],[103.7,41.8],[103.4,41.9],[103.1,42.0],[102.7,42.1],[102.4,42.1],[102.0,42.2],[101.9,42.3],[101.7,42.5],[101.6,42.5],[101.5,42.5],[101.4,42.5],[101.2,42.5],[100.8,42.6],[100.4,42.6],[100.0,42.7],[99.6,42.6],[99.5,42.6],[99.1,42.6],[98.7,42.6],[98.3,42.7],[97.8,42.7],[97.5,42.8],[97.2,42.8],[96.8,42.8],[96.5,42.7],[96.4,42.7],[96.3,42.9],[95.9,43.2],[95.9,43.3],[95.8,43.3],[95.8,43.4],[95.7,43.6],[95.6,43.9],[95.5,44.0],[95.4,44.0],[95.3,44.0],[95.3,44.1],[95.3,44.2],[95.4,44.2],[95.4,44.3],[95.0,44.3],[94.9,44.3],[94.7,44.3],[94.7,44.4],[94.6,44.4],[94.5,44.5],[94.4,44.5],[94.3,44.5],[94.3,44.6],[94.2,44.7],[94.1,44.7],[94.0,44.7],[93.9,44.7],[93.7,44.9],[93.5,45.0],[93.4,45.0],[93.3,45.0],[93.2,45.0],[93.1,45.0],[93.0,45.0],[92.9,45.0],[92.8,45.0],[92.6,45.0],[92.5,45.0],[92.4,45.0],[92.3,45.0],[92.2,45.0],[92.1,45.1],[92.0,45.1],[91.9,45.1],[91.7,45.1],[91.6,45.1],[91.5,45.1],[91.4,45.1],[91.3,45.1],[91.2,45.1],[91.2,45.2],[91.1,45.2],[91.0,45.2],[90.9,45.2],[90.9,45.3],[90.8,45.3],[90.8,45.4],[90.7,45.4],[90.7,45.5],[90.7,45.7],[90.7,45.8],[90.9,46.0],[91.0,46.0],[91.0,46.1],[90.9,46.2],[90.9,46.3],[91.0,46.4],[91.0,46.5],[91.0,46.6],[91.0,46.7],[91.0,46.8],[90.9,46.8],[90.9,46.9],[90.9,47.0],[90.8,47.0],[90.7,47.0],[90.5,47.3],[90.5,47.4],[90.4,47.4],[90.4,47.5],[90.4,47.6],[90.3,47.6],[90.3,47.7],[90.2,47.7],[90.1,47.7],[90.1,47.8],[90.1,47.9],[90.0,47.9],[89.9,47.9],[89.9,47.8],[89.8,47.8],[89.7,47.8],[89.7,47.9],[89.6,47.9],[89.6,48.0],[89.5,48.0],[89.4,48.0],[89.3,48.0],[89.2,48.0],[89.1,48.0],[89.0,48.0],[88.9,48.1],[88.8,48.1],[88.7,48.2],[88.6,48.2],[88.6,48.3],[88.5,48.4],[88.4,48.4],[88.3,48.5],[88.2,48.5],[88.1,48.5],[88.0,48.5],[88.0,48.6],[87.9,48.6],[88.0,48.6],[88.0,48.7],[88.1,48.7],[88.0,48.7],[88.0,48.8],[87.9,48.8],[87.8,48.8],[87.8,48.9],[87.7,48.9],[87.8,48.9],[87.9,49.0],[87.8,49.0],[87.8,49.1],[87.8,49.2],[87.9,49.2],[88.0,49.2],[88.1,49.2],[88.1,49.3],[88.1,49.4],[88.2,49.4],[88.2,49.5],[88.4,49.5],[88.5,49.5],[88.6,49.5],[88.7,49.5],[88.7,49.4],[88.9,49.4],[88.9,49.5],[89.0,49.5],[89.2,49.5],[89.2,49.6],[89.3,49.6],[89.4,49.6],[89.5,49.6],[89.5,49.7],[89.6,49.7],[89.7,49.7],[89.7,49.8],[89.6,49.8],[89.6,49.9],[89.7,49.9],[89.9,49.9],[89.9,50.0],[90.0,50.0],[90.0,50.1],[90.1,50.1],[90.2,50.1],[90.3,50.2],[90.4,50.2],[90.5,50.2],[90.6,50.2],[90.7,50.2],[90.7,50.3],[90.8,50.3],[90.9,50.3],[90.9,50.4],[91.0,50.4],[91.1,50.4],[91.2,50.4],[91.3,50.5],[91.4,50.5],[91.5,50.5],[91.6,50.6],[91.7,50.6],[91.7,50.7],[91.8,50.7],[91.9,50.7],[92.1,50.7],[92.2,50.7],[92.3,50.8],[92.3,50.9],[92.4,50.9],[92.4,50.8],[92.5,50.8],[92.6,50.7],[92.7,50.7],[92.8,50.8],[92.9,50.8],[93.0,50.8],[93.0,50.7],[93.0,50.6],[93.1,50.6],[93.2,50.6],[93.4,50.6],[93.5,50.6],[93.9,50.6],[94.2,50.6],[94.3,50.6],[94.3,50.5],[94.3,50.4],[94.3,50.3],[94.3,50.2],[94.4,50.2],[94.5,50.2],[94.5,50.1],[94.6,50.1],[94.6,50.0],[94.7,50.0],[94.9,50.0],[95.0,50.0],[95.1,49.9],[95.4,49.9],[95.5,49.9],[95.6,49.9],[95.7,49.9],[95.7,50.0],[95.8,50.0],[95.9,50.0],[95.9,49.9],[96.0,50.0],[96.1,50.0],[96.2,49.9],[96.3,49.9],[96.4,49.9],[96.5,49.9],[96.6,49.9],[96.7,49.9],[97.0,49.9],[97.0,49.8],[97.1,49.8],[97.2,49.8],[97.2,49.7],[97.3,49.7],[97.4,49.7],[97.5,49.8],[97.6,49.8],[97.6,49.9],[97.7,50.0],[97.8,50.0],[97.8,49.9],[97.9,50.0],[98.0,50.0],[98.1,50.1],[98.3,50.3],[98.3,50.4],[98.3,50.5],[98.3,50.6],[98.2,50.6],[98.1,50.6],[98.0,50.6],[98.0,50.7],[97.9,50.8],[98.0,50.8],[98.0,50.9],[97.9,50.9],[97.8,50.9],[97.8,51.0],[97.9,51.1],[97.9,51.2],[97.9,51.3],[98.0,51.4],[98.0,51.5],[98.1,51.5],[98.2,51.5],[98.2,51.6],[98.3,51.6],[98.3,51.7],[98.4,51.7],[98.6,51.8],[98.7,51.8],[98.8,51.9],[98.8,52.0],[98.8,52.1],[98.9,52.1],[99.0,52.1],[99.0,52.0],[99.2,52.0],[99.3,52.0],[99.3,51.9],[99.6,51.9],[99.7,51.9],[99.8,51.8],[99.9,51.7],[100.0,51.7],[100.1,51.7],[100.2,51.7],[100.5,51.7],[100.6,51.7],[101.1,51.6],[101.1,51.5],[101.2,51.5],[101.3,51.5],[101.4,51.5],[101.5,51.5],[101.6,51.5],[101.7,51.5],[101.7,51.4],[101.8,51.4],[101.9,51.4],[102.0,51.4],[102.1,51.4],[102.2,51.3],[102.1,51.2],[102.2,51.2],[102.1,51.2],[102.1,51.1],[102.2,51.1],[102.2,51.0],[102.2,50.9],[102.2,50.8],[102.3,50.7],[102.3,50.6],[102.3,50.5],[102.4,50.5],[102.5,50.5],[102.6,50.4],[102.8,50.4],[102.9,50.3],[103.0,50.3],[103.1,50.3],[103.2,50.3],[103.2,50.2],[103.3,50.2],[103.4,50.2],[103.5,50.2],[103.6,50.1],[103.7,50.1],[103.8,50.2],[104.0,50.1],[104.1,50.1],[104.2,50.2],[104.3,50.2],[104.3,50.3],[104.4,50.3],[104.5,50.3],[104.6,50.3],[104.7,50.3],[104.7,50.4],[104.8,50.4],[104.9,50.4],[105.1,50.4],[105.2,50.5],[105.3,50.5],[105.6,50.4],[105.8,50.4],[105.9,50.4],[106.0,50.4],[106.0,50.3],[106.1,50.3],[106.2,50.3],[106.4,50.3],[106.5,50.3],[106.7,50.3],[106.8,50.3],[106.9,50.2],[107.0,50.2],[107.0,50.1],[107.1,50.1],[107.2,50.0],[107.3,50.0],[107.4,50.0],[107.7,50.0],[107.8,50.0],[107.8,49.9],[107.9,49.9],[108.0,49.9],[107.9,49.9],[107.9,49.8],[108.0,49.8],[108.0,49.7],[107.9,49.7],[108.0,49.7],[108.0,49.6],[108.1,49.6],[108.1,49.5],[108.2,49.5],[108.3,49.5],[108.3,49.4],[108.5,49.4],[108.5,49.3],[108.6,49.3],[108.8,49.3],[108.9,49.3],[109.0,49.3],[109.1,49.3],[109.2,49.3],[109.3,49.3],[109.4,49.3],[109.5,49.3],[109.7,49.3],[109.8,49.3],[109.8,49.2],[109.9,49.2],[110.2,49.2],[110.3,49.2],[110.4,49.2],[110.5,49.2],[110.6,49.1],[110.7,49.1],[110.8,49.2],[111.0,49.2],[111.1,49.3],[111.3,49.3],[111.3,49.4],[111.4,49.4],[111.4,49.3],[111.5,49.3],[111.6,49.4],[111.7,49.4],[112.0,49.4],[112.1,49.4],[112.4,49.5],[112.5,49.5],[112.6,49.5],[112.7,49.5],[112.8,49.5],[112.9,49.5],[112.9,49.6],[113.0,49.6],[113.1,49.6],[113.1,49.7],[113.2,49.8],[113.4,49.9],[113.5,50.0],[113.6,50.0],[113.8,50.1],[114.0,50.2],[114.1,50.2],[114.2,50.3],[114.3,50.3],[114.4,50.2],[114.5,50.2],[114.7,50.3],[114.8,50.2],[115.0,50.1],[115.1,50.1],[115.2,50.0],[115.4,49.9],[115.5,49.9],[115.6,49.9],[115.7,49.9],[115.8,49.9],[116.1,50.0],[116.2,50.0],[116.3,50.0],[116.6,49.9],[116.7,49.9],[116.7,49.8]]]}},{"type":"Feature","properties":{"iso3":"RUS","name":"Russia","ilo169":"not ratified","colonial":"none recorded","land_deal_ha":23151435.3,"conquests_made":25},"geometry":{"type":"MultiPolygon","coordinates":[[[[87.8,49.2],[87.7,49.2],[87.5,49.1],[87.4,49.1],[87.3,49.1],[87.3,49.2],[87.2,49.2],[87.1,49.2],[87.0,49.2],[87.0,49.3],[86.9,49.3],[86.9,49.4],[86.8,49.4],[86.8,49.5],[86.7,49.6],[86.7,49.5],[86.6,49.5],[86.6,49.6],[86.6,49.7],[86.7,49.7],[86.8,49.7],[86.7,49.7],[86.8,49.8],[86.7,49.8],[86.6,49.8],[86.6,49.7],[86.5,49.7],[86.4,49.6],[86.3,49.6],[86.2,49.6],[86.2,49.5],[86.1,49.5],[86.0,49.5],[85.9,49.5],[85.9,49.6],[85.8,49.5],[85.8,49.6],[85.7,49.6],[85.6,49.6],[85.5,49.6],[85.4,49.6],[85.3,49.6],[85.2,49.6],[85.2,49.7],[85.1,49.8],[85.1,49.9],[85.0,49.9],[85.0,50.0],[85.0,50.1],[84.9,50.1],[84.8,50.1],[84.7,50.1],[84.7,50.2],[84.6,50.2],[84.5,50.2],[84.4,50.2],[84.3,50.2],[84.3,50.3],[84.2,50.3],[84.2,50.4],[84.2,50.5],[84.2,50.6],[84.1,50.6],[84.0,50.7],[83.9,50.7],[84.0,50.8],[83.9,50.8],[83.8,50.9],[83.7,50.9],[83.6,50.9],[83.5,50.9],[83.5,51.0],[83.4,51.0],[83.3,51.0],[83.2,51.0],[83.1,51.0],[83.1,50.9],[83.0,50.9],[82.8,50.9],[82.7,50.9],[82.7,50.8],[82.6,50.8],[82.5,50.7],[82.4,50.7],[82.3,50.8],[82.3,50.7],[82.2,50.7],[82.1,50.7],[82.0,50.8],[81.9,50.8],[81.8,50.8],[81.7,50.8],[81.7,50.7],[81.5,50.7],[81.4,50.7],[81.4,50.8],[81.5,50.8],[81.4,50.9],[81.4,51.0],[81.3,51.0],[81.2,50.9],[81.1,50.9],[81.1,51.0],[81.1,51.1],[81.2,51.2],[81.1,51.2],[81.0,51.2],[80.9,51.2],[80.9,51.3],[80.8,51.3],[80.7,51.3],[80.6,51.3],[80.6,51.2],[80.5,51.2],[80.4,51.2],[80.4,51.1],[80.5,51.1],[80.5,51.0],[80.4,51.0],[80.4,50.9],[80.3,50.9],[80.2,50.9],[80.2,50.8],[80.1,50.8],[80.0,50.9],[80.0,50.8],[80.1,50.8],[80.0,50.8],[79.9,50.9],[79.9,51.0],[79.8,51.0],[79.7,51.1],[79.6,51.3],[79.6,51.4],[79.5,51.5],[79.4,51.6],[79.3,51.7],[79.1,51.9],[79.0,52.0],[78.9,52.2],[78.8,52.3],[78.6,52.5],[78.5,52.6],[78.4,52.8],[78.3,52.9],[78.2,53.0],[78.0,53.1],[78.0,53.2],[77.9,53.3],[77.8,53.3],[77.7,53.4],[77.6,53.4],[77.5,53.5],[77.3,53.6],[77.1,53.7],[76.9,53.8],[76.7,53.9],[76.6,53.9],[76.5,54.0],[76.4,54.1],[76.4,54.2],[76.5,54.2],[76.6,54.1],[76.7,54.1],[76.7,54.2],[76.8,54.2],[76.8,54.3],[76.8,54.4],[76.9,54.4],[76.9,54.5],[76.8,54.4],[76.7,54.4],[76.6,54.4],[76.5,54.4],[76.5,54.3],[76.4,54.3],[76.2,54.3],[76.0,54.2],[75.9,54.2],[75.8,54.1],[75.7,54.1],[75.6,54.1],[75.5,54.1],[75.4,54.1],[75.4,54.0],[75.3,53.9],[75.2,53.9],[75.0,53.8],[74.9,53.8],[74.8,53.8],[74.7,53.8],[74.7,53.7],[74.6,53.7],[74.5,53.7],[74.4,53.7],[74.4,53.6],[74.5,53.6],[74.4,53.5],[74.3,53.5],[74.3,53.6],[74.2,53.6],[74.1,53.6],[74.0,53.6],[73.9,53.6],[73.8,53.6],[73.7,53.6],[73.6,53.6],[73.6,53.5],[73.5,53.5],[73.5,53.4],[73.4,53.4],[73.3,53.5],[73.4,53.5],[73.2,53.6],[73.3,53.6],[73.2,53.6],[73.2,53.7],[73.3,53.7],[73.3,53.8],[73.4,53.8],[73.4,53.9],[73.5,53.9],[73.6,53.9],[73.7,53.9],[73.7,54.1],[73.7,54.0],[73.7,54.1],[73.6,54.1],[73.6,54.0],[73.5,54.0],[73.5,53.9],[73.4,54.0],[73.4,53.9],[73.2,54.0],[73.1,54.0],[73.0,54.0],[73.0,54.1],[72.9,54.1],[72.8,54.1],[72.6,54.1],[72.5,54.1],[72.5,54.0],[72.6,54.1],[72.7,54.0],[72.6,54.0],[72.5,54.0],[72.5,53.9],[72.4,53.9],[72.4,54.0],[72.4,54.1],[72.5,54.1],[72.4,54.2],[72.3,54.2],[72.3,54.3],[72.2,54.3],[72.2,54.4],[72.0,54.4],[72.0,54.3],[72.1,54.3],[72.1,54.2],[72.2,54.2],[72.2,54.1],[72.1,54.1],[72.0,54.2],[71.8,54.2],[71.7,54.2],[71.7,54.1],[71.6,54.1],[71.5,54.1],[71.5,54.2],[71.4,54.2],[71.3,54.2],[71.2,54.1],[71.1,54.1],[71.1,54.2],[71.0,54.2],[71.1,54.2],[71.1,54.3],[71.0,54.3],[71.1,54.3],[71.2,54.3],[71.2,54.4],[71.2,54.5],[71.1,54.5],[71.1,54.6],[71.2,54.6],[71.3,54.6],[71.3,54.7],[71.2,54.7],[71.1,54.7],[71.0,54.7],[71.0,54.8],[71.0,54.9],[70.9,54.9],[71.0,54.9],[71.0,55.0],[71.0,55.1],[70.9,55.2],[70.8,55.2],[70.8,55.3],[70.7,55.3],[70.6,55.3],[70.5,55.3],[70.4,55.3],[70.4,55.2],[70.3,55.2],[70.2,55.1],[70.1,55.2],[70.0,55.2],[69.9,55.2],[69.8,55.3],[69.7,55.3],[69.5,55.3],[69.3,55.4],[69.2,55.3],[69.1,55.4],[68.9,55.4],[69.0,55.4],[69.0,55.3],[68.9,55.3],[68.8,55.3],[68.7,55.4],[68.7,55.3],[68.6,55.3],[68.6,55.2],[68.5,55.2],[68.4,55.2],[68.3,55.2],[68.2,55.2],[68.2,55.1],[68.3,55.1],[68.3,55.0],[68.2,55.0],[68.0,54.9],[67.9,55.0],[67.8,55.0],[67.8,54.9],[67.7,54.9],[67.6,54.9],[67.4,54.9],[67.4,54.8],[67.3,54.9],[67.3,54.8],[67.2,54.8],[67.1,54.8],[67.0,54.8],[66.8,54.8],[66.7,54.7],[66.6,54.7],[66.5,54.7],[66.4,54.7],[66.1,54.6],[66.0,54.6],[66.0,54.7],[65.9,54.7],[65.8,54.7],[65.8,54.6],[65.7,54.6],[65.6,54.6],[65.5,54.6],[65.4,54.6],[65.5,54.6],[65.4,54.6],[65.3,54.6],[65.2,54.5],[65.2,54.4],[65.2,54.3],[65.1,54.3],[65.0,54.4],[64.9,54.4],[64.8,54.4],[64.7,54.3],[64.6,54.4],[64.5,54.4],[64.4,54.4],[64.3,54.3],[64.3,54.4],[64.3,54.3],[64.2,54.3],[64.1,54.3],[64.0,54.3],[64.0,54.2],[63.9,54.2],[63.8,54.2],[63.7,54.2],[63.7,54.3],[63.5,54.2],[63.4,54.2],[63.3,54.2],[63.2,54.2],[63.1,54.2],[63.1,54.1],[63.0,54.1],[62.9,54.1],[62.8,54.1],[62.7,54.1],[62.6,54.1],[62.6,54.0],[62.5,53.9],[62.4,53.9],[62.4,54.0],[62.0,54.0],[62.0,53.9],[61.9,53.9],[61.8,54.0],[61.7,54.0],[61.6,54.0],[61.6,53.9],[61.6,54.0],[61.5,54.0],[61.4,54.0],[61.4,54.1],[61.3,54.1],[61.3,54.0],[61.2,54.0],[61.2,53.9],[61.1,54.0],[61.0,53.9],[61.1,53.9],[61.1,53.8],[61.2,53.8],[61.1,53.7],[61.0,53.7],[61.0,53.6],[60.9,53.7],[60.9,53.6],[61.0,53.6],[61.1,53.6],[61.3,53.5],[61.4,53.6],[61.5,53.6],[61.6,53.5],[61.5,53.5],[61.4,53.4],[61.3,53.5],[61.2,53.5],[61.2,53.4],[61.1,53.4],[61.1,53.3],[61.2,53.3],[61.3,53.3],[61.4,53.3],[61.5,53.2],[61.6,53.2],[61.7,53.2],[61.8,53.2],[62.1,53.1],[62.1,53.0],[62.0,53.0],[62.0,52.9],[61.9,52.9],[61.9,53.0],[61.8,53.0],[61.7,53.0],[61.6,53.0],[61.6,52.9],[61.6,53.0],[61.5,53.0],[61.4,53.0],[61.3,53.0],[61.2,53.0],[61.1,53.0],[61.0,53.0],[61.1,52.9],[60.9,52.8],[60.8,52.8],[60.7,52.8],[60.7,52.7],[60.7,52.6],[60.8,52.6],[60.8,52.5],[60.9,52.5],[61.0,52.5],[61.0,52.4],[61.0,52.3],[60.9,52.3],[60.9,52.2],[60.8,52.2],[60.7,52.2],[60.7,52.1],[60.6,52.1],[60.6,52.2],[60.5,52.2],[60.4,52.1],[60.3,52.1],[60.2,52.0],[60.0,52.0],[60.0,51.9],[60.1,51.9],[60.2,51.9],[60.3,51.8],[60.5,51.8],[60.4,51.8],[60.4,51.7],[60.5,51.7],[60.5,51.6],[60.9,51.6],[60.9,51.5],[61.0,51.5],[61.1,51.5],[61.2,51.5],[61.3,51.5],[61.4,51.5],[61.4,51.4],[61.5,51.4],[61.5,51.3],[61.6,51.3],[61.7,51.3],[61.6,51.2],[61.5,51.2],[61.5,51.0],[61.4,50.9],[61.4,50.8],[61.1,50.7],[60.8,50.7],[60.7,50.7],[60.3,50.7],[60.2,50.7],[60.2,50.8],[60.1,50.8],[60.1,50.9],[60.0,50.9],[60.0,50.8],[59.9,50.8],[59.9,50.7],[59.9,50.6],[59.8,50.6],[59.8,50.5],[59.7,50.5],[59.6,50.5],[59.5,50.5],[59.5,50.6],[59.5,50.5],[59.6,50.6],[59.5,50.6],[59.4,50.6],[59.3,50.6],[59.2,50.6],[59.2,50.7],[58.9,50.7],[58.8,50.7],[58.8,50.8],[58.7,50.8],[58.6,50.8],[58.7,50.9],[58.6,50.9],[58.5,50.9],[58.6,50.9],[58.6,51.0],[58.5,51.1],[58.4,51.1],[58.3,51.1],[58.3,51.2],[58.3,51.1],[58.2,51.1],[58.1,51.1],[58.0,51.1],[57.9,51.1],[57.8,51.1],[57.7,51.1],[57.7,51.0],[57.7,50.9],[57.6,50.9],[57.5,50.9],[57.4,50.9],[57.3,50.9],[57.3,51.0],[57.2,51.0],[57.2,51.1],[57.1,51.1],[57.0,51.1],[56.9,51.1],[56.8,51.1],[56.7,51.1],[56.7,51.0],[56.6,51.0],[56.5,51.1],[56.4,51.1],[56.4,51.0],[56.4,50.9],[56.3,50.9],[56.2,50.9],[56.1,50.9],[56.1,50.7],[55.9,50.6],[55.8,50.6],[55.7,50.5],[55.6,50.5],[55.6,50.6],[55.5,50.6],[55.5,50.7],[55.4,50.7],[55.3,50.7],[55.1,50.8],[55.1,50.9],[55.0,50.9],[54.9,50.9],[54.8,51.0],[54.7,51.0],[54.6,51.0],[54.5,51.0],[54.5,50.9],[54.6,50.9],[54.7,50.8],[54.6,50.8],[54.7,50.8],[54.6,50.7],[54.7,50.6],[54.6,50.6],[54.6,50.5],[54.5,50.5],[54.4,50.5],[54.4,50.6],[54.4,50.7],[54.4,50.8],[54.5,50.8],[54.5,50.9],[54.4,50.9],[54.3,50.9],[54.2,50.9],[54.2,51.0],[54.1,51.0],[54.1,51.1],[54.0,51.1],[54.0,51.2],[53.9,51.2],[53.7,51.2],[53.6,51.2],[53.6,51.3],[53.6,51.4],[53.5,51.4],[53.4,51.5],[53.3,51.5],[53.2,51.5],[53.1,51.5],[53.2,51.5],[53.0,51.5],[52.9,51.5],[52.8,51.5],[52.7,51.5],[52.6,51.5],[52.5,51.5],[52.4,51.6],[52.4,51.7],[52.3,51.8],[52.3,51.7],[52.2,51.7],[52.1,51.7],[52.0,51.7],[51.9,51.7],[51.8,51.6],[51.8,51.5],[51.7,51.5],[51.6,51.5],[51.5,51.5],[51.4,51.5],[51.3,51.5],[51.2,51.5],[51.3,51.6],[51.4,51.6],[51.3,51.6],[51.3,51.7],[51.2,51.7],[50.9,51.7],[50.8,51.7],[50.8,51.8],[50.7,51.7],[50.8,51.6],[50.7,51.6],[50.6,51.6],[50.5,51.6],[50.5,51.5],[50.5,51.4],[50.4,51.4],[50.3,51.4],[50.3,51.3],[50.2,51.3],[50.0,51.2],[49.8,51.2],[49.8,51.1],[49.5,51.1],[49.4,51.1],[49.4,51.0],[49.3,51.0],[49.4,50.9],[49.4,50.8],[49.3,50.8],[49.1,50.8],[49.0,50.7],[48.8,50.6],[48.7,50.6],[48.6,50.6],[48.7,50.6],[48.7,50.5],[48.7,50.3],[48.8,50.2],[48.8,50.1],[48.9,50.1],[48.9,50.0],[48.8,49.9],[48.7,49.9],[48.5,49.8],[48.4,49.8],[48.3,49.9],[48.2,49.9],[48.1,50.0],[48.1,50.1],[48.0,50.1],[48.0,50.2],[47.9,50.2],[47.9,50.3],[47.8,50.3],[47.7,50.4],[47.6,50.4],[47.6,50.5],[47.5,50.4],[47.4,50.4],[47.4,50.3],[47.3,50.3],[47.3,50.2],[47.3,50.1],[47.3,50.0],[47.2,50.0],[47.2,49.9],[47.0,49.9],[46.9,49.9],[46.9,49.8],[46.8,49.6],[46.8,49.3],[47.0,49.2],[47.0,49.1],[47.0,49.0],[46.9,49.0],[46.8,49.0],[46.8,48.9],[46.6,48.7],[46.5,48.4],[46.7,48.4],[47.0,48.3],[47.1,48.3],[47.1,48.2],[47.1,48.1],[47.2,48.1],[47.1,48.0],[47.0,48.0],[47.1,48.0],[47.1,47.9],[47.2,47.9],[47.1,47.9],[47.1,47.8],[47.2,47.8],[47.4,47.7],[47.4,47.8],[47.6,47.8],[48.0,47.8],[48.1,47.7],[48.2,47.7],[48.4,47.5],[48.4,47.4],[48.5,47.4],[48.7,47.1],[49.0,46.8],[48.9,46.7],[48.8,46.7],[48.7,46.7],[48.7,46.8],[48.6,46.8],[48.5,46.7],[48.5,46.6],[48.6,46.6],[48.5,46.6],[48.6,46.6],[48.7,46.6],[48.7,46.5],[48.8,46.5],[48.9,46.5],[49.0,46.4],[49.2,46.3],[49.3,46.3],[49.3,46.2],[49.3,46.3],[49.2,46.3],[49.1,46.3],[49.2,46.3],[49.1,46.3],[49.1,46.2],[49.0,46.2],[49.0,46.1],[48.9,46.1],[49.0,46.1],[48.9,46.1],[48.9,46.2],[48.9,46.1],[48.8,46.1],[48.9,46.1],[48.8,46.1],[48.7,46.1],[48.6,46.1],[48.7,46.1],[48.7,46.0],[48.6,46.0],[48.7,46.0],[48.8,46.0],[48.8,45.9],[48.7,45.9],[48.8,45.9],[48.8,45.8],[48.8,45.9],[48.7,45.8],[48.7,45.9],[48.6,45.9],[48.6,46.0],[48.5,46.0],[48.5,45.9],[48.4,45.9],[48.4,45.8],[48.3,45.8],[48.2,45.8],[48.2,45.7],[48.1,45.7],[48.1,45.8],[48.1,45.7],[48.0,45.7],[47.9,45.7],[47.8,45.7],[47.8,45.6],[47.9,45.6],[47.8,45.6],[47.8,45.7],[47.7,45.7],[47.6,45.7],[47.6,45.8],[47.6,45.7],[47.6,45.6],[47.7,45.6],[47.6,45.6],[47.7,45.6],[47.6,45.6],[47.5,45.7],[47.4,45.7],[47.5,45.7],[47.4,45.7],[47.4,45.8],[47.4,45.7],[47.5,45.7],[47.5,45.6],[47.6,45.6],[47.5,45.6],[47.6,45.6],[47.6,45.5],[47.5,45.5],[47.5,45.6],[47.5,45.5],[47.5,45.4],[47.4,45.4],[47.5,45.4],[47.4,45.4],[47.4,45.3],[47.4,45.2],[47.3,45.2],[47.3,45.1],[47.2,45.0],[47.2,44.9],[47.1,44.9],[47.1,45.0],[47.1,44.9],[47.1,44.8],[47.0,44.8],[47.0,44.9],[47.0,44.8],[46.9,44.8],[46.9,44.7],[46.8,44.7],[46.7,44.7],[46.7,44.6],[46.7,44.5],[46.7,44.4],[46.8,44.4],[46.9,44.4],[47.0,44.4],[47.0,44.3],[47.1,44.3],[47.1,44.2],[47.2,44.2],[47.3,44.2],[47.3,44.1],[47.3,44.0],[47.4,44.0],[47.4,43.9],[47.5,43.9],[47.4,43.8],[47.5,43.8],[47.5,43.7],[47.4,43.7],[47.5,43.7],[47.4,43.7],[47.4,43.6],[47.4,43.5],[47.5,43.6],[47.5,43.7],[47.5,43.8],[47.5,43.9],[47.6,43.9],[47.7,43.9],[47.6,43.8],[47.5,43.6],[47.5,43.5],[47.5,43.4],[47.5,43.3],[47.6,43.3],[47.5,43.3],[47.5,43.2],[47.5,43.1],[47.5,43.0],[47.6,42.9],[47.7,42.9],[47.7,42.8],[47.7,42.7],[47.8,42.6],[47.9,42.6],[47.9,42.5],[48.0,42.4],[48.1,42.4],[48.1,42.3],[48.2,42.2],[48.2,42.1],[48.3,42.1],[48.3,42.0],[48.4,41.9],[48.5,41.9],[48.6,41.9],[48.6,41.8],[48.5,41.8],[48.5,41.7],[48.4,41.6],[48.3,41.5],[48.2,41.5],[48.1,41.5],[48.0,41.4],[47.9,41.3],[47.9,41.2],[47.8,41.2],[47.7,41.2],[47.6,41.2],[47.5,41.2],[47.5,41.3],[47.4,41.3],[47.3,41.3],[47.2,41.3],[47.2,41.4],[47.2,41.5],[47.1,41.5],[47.1,41.6],[47.0,41.6],[46.9,41.7],[46.8,41.7],[46.8,41.8],[46.7,41.8],[46.7,41.9],[46.7,41.8],[46.6,41.8],[46.5,41.8],[46.5,41.9],[46.4,41.9],[46.3,41.9],[46.3,42.0],[46.2,42.0],[46.1,42.0],[46.0,42.0],[45.9,42.0],[45.9,42.1],[45.8,42.1],[45.7,42.2],[45.6,42.2],[45.7,42.4],[45.7,42.5],[45.6,42.5],[45.5,42.5],[45.4,42.5],[45.3,42.5],[45.3,42.6],[45.2,42.7],[45.1,42.7],[45.0,42.7],[44.9,42.8],[44.8,42.7],[44.8,42.6],[44.7,42.7],[44.6,42.7],[44.6,42.8],[44.5,42.8],[44.5,42.7],[44.4,42.7],[44.3,42.7],[44.2,42.7],[44.2,42.6],[44.1,42.6],[44.0,42.6],[43.9,42.6],[43.8,42.6],[43.7,42.6],[43.7,42.7],[43.8,42.7],[43.8,42.8],[43.7,42.8],[43.6,42.8],[43.5,42.9],[43.4,42.9],[43.2,42.9],[43.0,43.0],[43.0,43.1],[42.9,43.1],[42.9,43.2],[42.8,43.2],[42.7,43.2],[42.6,43.1],[42.5,43.2],[42.4,43.2],[42.2,43.2],[42.1,43.2],[42.0,43.2],[41.9,43.2],[41.8,43.2],[41.7,43.2],[41.6,43.2],[41.5,43.3],[41.4,43.3],[41.3,43.3],[41.2,43.3],[41.2,43.4],[41.1,43.4],[41.0,43.4],[40.9,43.5],[40.8,43.5],[40.7,43.5],[40.6,43.5],[40.5,43.5],[40.2,43.6],[40.1,43.6],[40.1,43.5],[40.0,43.4],[39.9,43.4],[39.9,43.5],[39.8,43.5],[39.7,43.6],[39.6,43.6],[39.6,43.7],[39.5,43.8],[39.4,43.8],[39.3,43.9],[39.1,44.0],[39.1,44.1],[39.0,44.1],[39.0,44.2],[38.9,44.2],[38.8,44.3],[38.7,44.3],[38.6,44.3],[38.3,44.4],[38.2,44.4],[38.1,44.5],[38.1,44.6],[38.0,44.6],[37.9,44.6],[37.9,44.7],[37.8,44.7],[37.8,44.6],[37.7,44.6],[37.7,44.7],[37.6,44.7],[37.5,44.7],[37.4,44.7],[37.4,44.8],[37.3,44.8],[37.3,44.9],[37.2,45.0],[37.1,45.0],[37.0,45.0],[36.9,45.1],[36.8,45.1],[36.7,45.1],[36.6,45.1],[36.6,45.2],[36.7,45.2],[36.8,45.2],[36.9,45.2],[36.9,45.3],[37.0,45.3],[36.9,45.3],[36.8,45.3],[36.8,45.4],[36.8,45.3],[36.8,45.4],[36.7,45.4],[36.7,45.3],[36.7,45.4],[36.8,45.4],[36.9,45.4],[37.1,45.4],[37.1,45.3],[37.1,45.2],[37.2,45.3],[37.3,45.3],[37.2,45.3],[37.3,45.3],[37.4,45.3],[37.5,45.3],[37.5,45.4],[37.5,45.3],[37.6,45.3],[37.7,45.3],[37.7,45.4],[37.8,45.4],[37.7,45.4],[37.7,45.5],[37.7,45.4],[37.7,45.5],[37.7,45.6],[37.6,45.6],[37.7,45.6],[37.6,45.6],[37.6,45.5],[37.7,45.5],[37.6,45.5],[37.6,45.4],[37.6,45.5],[37.6,45.6],[37.6,45.7],[37.6,45.6],[37.7,45.6],[37.7,45.7],[37.8,45.7],[37.8,45.8],[37.9,45.8],[37.9,46.0],[38.0,46.0],[38.0,46.1],[38.1,46.1],[38.0,46.0],[38.1,46.0],[38.0,46.0],[38.1,46.0],[38.1,45.9],[38.0,45.9],[38.0,45.8],[38.1,45.8],[38.0,45.8],[38.0,45.9],[38.1,45.9],[38.1,46.0],[38.2,46.0],[38.2,46.1],[38.3,46.1],[38.4,46.1],[38.4,46.0],[38.5,46.0],[38.6,46.0],[38.6,46.1],[38.3,46.2],[38.3,46.3],[38.2,46.3],[38.1,46.4],[38.0,46.4],[37.9,46.4],[37.9,46.5],[37.8,46.5],[37.8,46.6],[37.7,46.7],[37.8,46.7],[37.8,46.6],[37.9,46.6],[38.0,46.6],[38.1,46.6],[38.1,46.7],[38.2,46.7],[38.3,46.7],[38.5,46.6],[38.6,46.7],[38.5,46.7],[38.4,46.7],[38.4,46.8],[38.5,46.9],[38.6,46.8],[38.6,46.9],[38.7,46.9],[38.8,46.9],[38.9,46.9],[39.0,47.0],[39.1,47.0],[39.2,47.0],[39.3,47.0],[39.3,47.1],[39.4,47.1],[39.3,47.1],[39.2,47.1],[39.3,47.2],[39.3,47.3],[39.2,47.3],[39.1,47.3],[39.0,47.3],[38.9,47.3],[38.9,47.2],[38.8,47.2],[38.7,47.2],[38.7,47.1],[38.6,47.1],[38.5,47.1],[38.5,47.2],[38.6,47.2],[38.8,47.2],[38.8,47.3],[38.6,47.2],[38.5,47.2],[38.4,47.1],[38.3,47.1],[38.2,47.1],[38.2,47.2],[38.3,47.2],[38.3,47.3],[38.2,47.3],[38.2,47.4],[38.3,47.4],[38.3,47.5],[38.3,47.6],[38.4,47.6],[38.6,47.6],[38.6,47.7],[38.7,47.7],[38.8,47.7],[38.8,47.8],[38.9,47.9],[39.0,47.9],[39.1,47.8],[39.2,47.8],[39.3,47.8],[39.4,47.8],[39.5,47.8],[39.6,47.8],[39.7,47.8],[39.8,47.8],[39.8,47.9],[39.8,48.0],[39.8,48.1],[39.9,48.2],[40.0,48.2],[40.0,48.3],[39.9,48.3],[39.8,48.3],[39.9,48.3],[39.9,48.4],[39.9,48.5],[39.8,48.5],[39.9,48.5],[39.9,48.6],[39.8,48.6],[39.7,48.6],[39.6,48.6],[39.7,48.7],[39.7,48.8],[39.8,48.8],[39.9,48.8],[40.0,48.8],[40.1,48.8],[40.1,48.9],[40.0,48.9],[39.9,48.9],[39.8,48.9],[39.7,48.9],[39.7,49.0],[39.8,49.0],[39.9,49.0],[39.9,49.1],[40.0,49.1],[40.0,49.2],[40.1,49.2],[40.1,49.3],[40.2,49.3],[40.1,49.3],[40.1,49.4],[40.0,49.5],[40.1,49.5],[40.1,49.6],[40.0,49.6],[39.9,49.6],[39.9,49.5],[39.8,49.5],[39.7,49.6],[39.6,49.6],[39.6,49.7],[39.5,49.7],[39.4,49.7],[39.3,49.7],[39.2,49.8],[39.2,49.9],[39.1,49.9],[39.1,49.8],[39.0,49.8],[38.9,49.8],[38.9,49.9],[38.7,49.9],[38.7,50.0],[38.6,50.0],[38.5,49.9],[38.5,50.0],[38.4,50.0],[38.3,50.0],[38.3,50.1],[38.2,50.1],[38.2,50.0],[38.2,49.9],[38.1,49.9],[38.0,49.9],[37.9,50.0],[37.8,50.0],[37.8,50.1],[37.7,50.1],[37.6,50.2],[37.6,50.3],[37.5,50.3],[37.5,50.4],[37.4,50.4],[37.3,50.4],[37.2,50.4],[37.1,50.3],[37.0,50.3],[36.9,50.3],[36.8,50.3],[36.7,50.3],[36.7,50.2],[36.6,50.2],[36.5,50.2],[36.5,50.3],[36.4,50.3],[36.3,50.3],[36.2,50.4],[36.1,50.4],[35.9,50.4],[35.8,50.4],[35.7,50.4],[35.7,50.3],[35.6,50.3],[35.6,50.4],[35.5,50.5],[35.4,50.5],[35.4,50.6],[35.5,50.7],[35.4,50.7],[35.4,50.8],[35.3,50.9],[35.3,51.0],[35.4,51.0],[35.3,51.0],[35.2,51.0],[35.1,51.1],[35.1,51.2],[35.0,51.2],[34.9,51.2],[34.8,51.2],[34.7,51.2],[34.6,51.2],[34.5,51.2],[34.4,51.3],[34.3,51.3],[34.3,51.2],[34.2,51.2],[34.2,51.3],[34.3,51.3],[34.3,51.4],[34.2,51.4],[34.2,51.5],[34.2,51.6],[34.1,51.6],[34.1,51.7],[34.3,51.7],[34.4,51.7],[34.4,51.8],[34.3,51.8],[34.3,51.9],[34.2,51.9],[34.1,52.0],[34.1,52.1],[34.1,52.2],[34.0,52.2],[33.9,52.2],[33.9,52.3],[33.8,52.3],[33.8,52.4],[33.7,52.4],[33.6,52.3],[33.5,52.3],[33.5,52.4],[33.5,52.3],[33.4,52.3],[33.4,52.4],[33.3,52.4],[33.2,52.4],[33.1,52.3],[33.0,52.3],[32.9,52.2],[32.9,52.3],[32.8,52.3],[32.7,52.3],[32.5,52.3],[32.4,52.3],[32.3,52.3],[32.4,52.3],[32.4,52.2],[32.3,52.2],[32.3,52.1],[32.2,52.1],[32.1,52.0],[32.0,52.0],[31.9,52.0],[31.9,52.1],[31.8,52.1],[31.7,52.2],[31.7,52.3],[31.6,52.3],[31.6,52.4],[31.6,52.5],[31.6,52.6],[31.5,52.6],[31.5,52.7],[31.6,52.7],[31.6,52.8],[31.5,52.8],[31.5,52.9],[31.4,52.9],[31.3,53.0],[31.2,53.0],[31.3,53.0],[31.3,53.1],[31.4,53.1],[31.4,53.2],[31.5,53.2],[31.6,53.2],[31.7,53.2],[31.8,53.2],[31.8,53.1],[31.9,53.1],[32.0,53.1],[32.1,53.1],[32.2,53.1],[32.3,53.1],[32.3,53.2],[32.4,53.2],[32.5,53.2],[32.5,53.3],[32.4,53.3],[32.5,53.3],[32.6,53.3],[32.7,53.3],[32.7,53.4],[32.7,53.5],[32.6,53.5],[32.7,53.5],[32.6,53.5],[32.5,53.5],[32.4,53.6],[32.5,53.7],[32.4,53.7],[32.3,53.7],[32.3,53.8],[32.2,53.8],[32.1,53.8],[31.9,53.8],[31.8,53.8],[31.7,53.8],[31.8,53.8],[31.8,53.9],[31.8,54.0],[31.8,54.1],[31.8,54.0],[31.8,54.1],[31.7,54.1],[31.6,54.1],[31.5,54.1],[31.5,54.2],[31.3,54.2],[31.3,54.3],[31.3,54.4],[31.2,54.4],[31.2,54.5],[31.1,54.5],[31.1,54.6],[31.2,54.6],[31.1,54.6],[31.1,54.7],[31.0,54.7],[30.8,54.8],[30.8,54.9],[30.9,54.9],[30.9,55.0],[31.0,55.0],[31.0,55.1],[31.0,55.2],[30.9,55.2],[30.9,55.3],[30.8,55.3],[30.8,55.4],[30.9,55.4],[30.9,55.5],[30.9,55.6],[30.8,55.6],[30.7,55.6],[30.7,55.7],[30.6,55.7],[30.5,55.8],[30.3,55.8],[30.2,55.9],[30.1,55.8],[30.0,55.8],[29.9,55.8],[29.8,55.8],[29.7,55.8],[29.6,55.7],[29.5,55.7],[29.4,55.7],[29.4,55.8],[29.3,55.8],[29.4,55.8],[29.4,55.9],[29.4,56.0],[29.2,56.0],[29.1,56.0],[29.0,56.0],[28.9,56.0],[28.8,56.0],[28.8,55.9],[28.7,55.9],[28.7,56.0],[28.6,56.1],[28.5,56.1],[28.4,56.1],[28.3,56.1],[28.3,56.0],[28.3,56.1],[28.2,56.1],[28.1,56.1],[28.2,56.2],[28.2,56.3],[28.2,56.4],[28.1,56.5],[28.1,56.6],[28.0,56.6],[28.0,56.7],[27.9,56.7],[27.9,56.8],[27.9,56.9],[27.8,56.9],[27.7,56.9],[27.7,56.8],[27.6,56.8],[27.6,56.9],[27.7,57.0],[27.8,57.0],[27.7,57.1],[27.8,57.1],[27.8,57.2],[27.8,57.3],[27.7,57.3],[27.7,57.4],[27.6,57.4],[27.5,57.4],[27.5,57.5],[27.4,57.5],[27.3,57.5],[27.3,57.6],[27.4,57.6],[27.4,57.7],[27.5,57.7],[27.5,57.8],[27.6,57.8],[27.5,57.8],[27.6,57.8],[27.7,57.8],[27.8,57.8],[27.8,57.9],[27.7,57.9],[27.7,58.0],[27.6,58.0],[27.6,58.1],[27.5,58.2],[27.5,58.3],[27.6,58.4],[27.5,58.5],[27.4,58.7],[27.4,58.8],[27.5,58.9],[27.6,58.9],[27.7,59.0],[27.8,59.1],[27.8,59.2],[27.9,59.2],[27.9,59.3],[28.0,59.3],[28.1,59.3],[28.0,59.3],[28.1,59.3],[28.2,59.4],[28.1,59.4],[28.1,59.5],[28.0,59.5],[28.1,59.5],[28.1,59.6],[28.0,59.7],[28.0,59.8],[28.1,59.8],[28.2,59.8],[28.2,59.7],[28.3,59.7],[28.4,59.7],[28.4,59.8],[28.5,59.9],[28.6,59.9],[28.6,59.8],[28.7,59.8],[28.8,59.8],[28.9,59.8],[29.0,59.8],[29.0,59.9],[29.1,60.0],[29.2,60.0],[29.3,60.0],[29.5,60.0],[29.8,59.9],[29.9,59.9],[30.1,59.9],[30.2,59.9],[30.2,60.0],[30.0,60.0],[29.9,60.0],[29.9,60.1],[29.8,60.2],[29.7,60.2],[29.5,60.2],[29.4,60.2],[29.3,60.2],[29.1,60.2],[29.0,60.2],[28.9,60.3],[28.8,60.3],[28.8,60.4],[28.8,60.3],[28.7,60.3],[28.7,60.4],[28.6,60.4],[28.5,60.5],[28.4,60.6],[28.5,60.6],[28.5,60.5],[28.6,60.5],[28.7,60.5],[28.7,60.6],[28.6,60.7],[28.7,60.7],[28.6,60.7],[28.5,60.7],[28.4,60.7],[28.4,60.6],[28.3,60.6],[28.2,60.6],[28.2,60.5],[28.2,60.6],[28.2,60.5],[28.1,60.5],[28.0,60.5],[27.9,60.5],[27.9,60.6],[27.8,60.6],[27.8,60.5],[27.8,60.6],[27.9,60.6],[28.0,60.6],[28.0,60.7],[28.1,60.8],[28.2,60.8],[28.3,60.9],[28.5,60.9],[28.5,61.0],[28.6,61.0],[28.7,61.0],[28.8,61.1],[28.9,61.1],[29.0,61.2],[29.1,61.2],[29.2,61.2],[29.3,61.3],[29.5,61.4],[29.5,61.5],[29.6,61.5],[29.8,61.6],[29.8,61.7],[30.0,61.7],[30.1,61.9],[30.3,62.0],[30.5,62.1],[30.6,62.2],[30.7,62.2],[30.8,62.3],[30.9,62.3],[31.0,62.3],[31.0,62.4],[31.1,62.4],[31.1,62.5],[31.2,62.5],[31.3,62.5],[31.3,62.6],[31.4,62.7],[31.4,62.8],[31.5,62.8],[31.6,62.9],[31.5,62.9],[31.5,63.0],[31.4,63.0],[31.4,63.1],[31.3,63.1],[31.2,63.1],[31.2,63.2],[31.0,63.3],[30.8,63.4],[30.5,63.5],[30.4,63.5],[30.2,63.6],[30.0,63.7],[30.1,63.8],[30.2,63.8],[30.3,63.8],[30.3,63.9],[30.5,64.0],[30.6,64.0],[30.6,64.1],[30.5,64.1],[30.5,64.2],[30.6,64.2],[30.5,64.2],[30.4,64.3],[30.3,64.3],[30.2,64.3],[30.1,64.4],[30.0,64.4],[30.1,64.4],[30.1,64.5],[30.0,64.5],[30.0,64.6],[30.1,64.6],[30.2,64.6],[30.2,64.7],[30.1,64.7],[30.1,64.8],[29.9,64.8],[29.8,64.8],[29.7,64.8],[29.6,64.9],[29.6,65.0],[29.6,65.1],[29.7,65.1],[29.8,65.1],[29.9,65.1],[29.8,65.1],[29.8,65.2],[29.6,65.2],[29.6,65.3],[29.7,65.3],[29.7,65.4],[29.7,65.5],[29.8,65.6],[29.7,65.6],[29.8,65.6],[30.0,65.7],[30.1,65.7],[30.1,65.8],[30.0,65.9],[30.0,66.0],[29.9,66.0],[29.9,66.1],[29.8,66.2],[29.7,66.3],[29.6,66.3],[29.6,66.4],[29.5,66.4],[29.5,66.5],[29.4,66.6],[29.3,66.7],[29.1,66.8],[29.1,66.9],[29.1,67.0],[29.4,67.2],[29.5,67.3],[29.9,67.5],[30.0,67.6],[30.0,67.7],[29.7,67.8],[29.5,68.0],[29.4,68.0],[29.4,68.1],[29.3,68.1],[29.0,68.1],[28.7,68.2],[28.5,68.5],[28.4,68.5],[28.5,68.5],[28.7,68.7],[28.7,68.8],[28.8,68.8],[28.7,68.9],[28.6,68.9],[28.4,68.9],[28.5,68.9],[28.7,69.0],[28.8,69.0],[29.0,69.0],[29.1,69.0],[29.2,69.1],[29.3,69.1],[29.3,69.2],[29.3,69.3],[29.4,69.3],[29.6,69.3],[29.7,69.3],[29.7,69.4],[29.8,69.4],[29.9,69.4],[30.0,69.4],[30.1,69.4],[30.1,69.5],[30.2,69.5],[30.2,69.6],[30.1,69.6],[30.2,69.6],[30.3,69.6],[30.5,69.5],[30.8,69.5],[30.9,69.5],[30.9,69.6],[30.9,69.7],[30.8,69.8],[31.0,69.8],[31.1,69.8],[31.2,69.8],[31.3,69.8],[31.4,69.7],[31.3,69.6],[31.4,69.6],[31.5,69.7],[31.6,69.7],[31.8,69.7],[31.7,69.7],[31.7,69.8],[31.8,69.9],[31.9,69.8],[32.0,69.8],[32.1,69.8],[32.0,69.9],[31.9,69.9],[31.9,70.0],[32.0,70.0],[32.1,70.0],[32.2,69.9],[32.3,69.9],[32.4,69.9],[32.5,69.9],[32.5,69.8],[32.6,69.8],[32.7,69.8],[32.9,69.8],[33.0,69.8],[33.0,69.7],[33.1,69.7],[33.1,69.6],[33.0,69.6],[32.9,69.6],[32.5,69.6],[32.4,69.7],[32.4,69.6],[32.2,69.7],[32.1,69.8],[32.1,69.7],[32.0,69.7],[32.0,69.6],[32.1,69.6],[32.0,69.6],[32.1,69.6],[32.2,69.6],[32.3,69.6],[32.4,69.6],[32.4,69.5],[32.5,69.5],[32.4,69.5],[32.3,69.5],[32.2,69.4],[32.3,69.4],[32.4,69.5],[32.5,69.5],[32.6,69.5],[32.7,69.5],[32.8,69.5],[32.9,69.5],[32.8,69.5],[32.8,69.4],[32.9,69.5],[33.0,69.5],[33.1,69.5],[32.9,69.4],[32.8,69.3],[32.9,69.3],[33.0,69.4],[33.3,69.4],[33.3,69.5],[33.3,69.4],[33.4,69.4],[33.5,69.4],[33.4,69.4],[33.5,69.4],[33.4,69.3],[33.3,69.3],[33.2,69.3],[33.3,69.3],[33.4,69.3],[33.5,69.3],[33.4,69.2],[33.3,69.2],[33.4,69.2],[33.5,69.2],[33.4,69.2],[33.3,69.1],[33.2,69.1],[33.1,69.1],[33.0,69.1],[33.0,69.0],[33.1,69.1],[33.2,69.1],[33.3,69.1],[33.4,69.1],[33.5,69.1],[33.5,69.2],[33.6,69.2],[33.6,69.3],[33.7,69.3],[33.8,69.3],[33.9,69.3],[34.1,69.3],[34.4,69.3],[34.5,69.3],[34.6,69.3],[34.7,69.2],[35.0,69.2],[35.1,69.2],[35.2,69.2],[35.3,69.2],[35.2,69.2],[35.2,69.3],[35.1,69.3],[35.2,69.3],[35.3,69.3],[35.8,69.2],[35.9,69.2],[36.0,69.2],[36.0,69.1],[36.1,69.1],[36.2,69.1],[36.3,69.1],[36.5,69.0],[36.7,69.0],[36.8,69.0],[36.8,68.9],[37.0,68.9],[37.1,68.9],[37.2,68.9],[37.2,68.8],[37.3,68.8],[37.4,68.8],[37.5,68.7],[37.6,68.7],[37.7,68.7],[37.8,68.7],[37.9,68.6],[38.0,68.6],[38.0,68.5],[38.1,68.5],[38.2,68.5],[38.3,68.4],[38.4,68.4],[38.4,68.3],[38.4,68.4],[38.5,68.4],[38.5,68.3],[38.7,68.3],[38.8,68.3],[38.7,68.3],[38.6,68.3],[38.5,68.4],[38.6,68.4],[38.7,68.4],[38.8,68.3],[38.9,68.3],[39.0,68.3],[38.9,68.3],[39.0,68.3],[39.3,68.2],[39.4,68.1],[39.5,68.1],[39.6,68.1],[39.7,68.1],[39.7,68.0],[39.8,68.1],[39.8,68.0],[39.9,68.0],[39.9,68.1],[39.8,68.1],[39.7,68.2],[39.8,68.2],[39.9,68.1],[40.0,68.0],[40.1,68.0],[40.3,67.9],[40.4,67.9],[40.4,67.8],[40.3,67.9],[40.3,67.8],[40.4,67.8],[40.5,67.8],[40.6,67.8],[40.7,67.8],[40.8,67.7],[40.9,67.7],[41.0,67.7],[41.1,67.7],[41.1,67.6],[41.0,67.6],[41.0,67.5],[41.1,67.5],[41.1,67.4],[41.2,67.4],[41.1,67.4],[41.1,67.3],[41.1,67.2],[41.2,67.2],[41.3,67.2],[41.4,67.2],[41.3,67.2],[41.3,67.1],[41.4,67.1],[41.3,67.1],[41.3,67.0],[41.4,67.0],[41.3,67.0],[41.3,66.9],[41.2,66.8],[41.1,66.8],[41.0,66.7],[40.9,66.7],[40.8,66.6],[40.7,66.6],[40.7,66.5],[40.6,66.5],[40.5,66.4],[40.4,66.4],[40.3,66.4],[40.2,66.3],[40.1,66.3],[39.8,66.2],[39.7,66.2],[39.5,66.2],[39.4,66.1],[39.3,66.1],[39.1,66.1],[39.0,66.1],[38.9,66.1],[38.6,66.1],[38.2,66.1],[37.9,66.1],[37.8,66.1],[37.7,66.1],[37.5,66.1],[37.4,66.2],[37.3,66.2],[36.9,66.3],[36.8,66.3],[36.7,66.3],[36.6,66.3],[36.5,66.3],[36.4,66.3],[36.3,66.3],[36.0,66.3],[35.8,66.4],[35.7,66.4],[35.6,66.4],[35.4,66.4],[35.3,66.5],[35.2,66.5],[34.9,66.6],[34.8,66.6],[34.7,66.6],[34.6,66.6],[34.6,66.5],[34.5,66.5],[34.4,66.5],[34.4,66.6],[34.5,66.6],[34.5,66.7],[34.5,66.6],[34.3,66.7],[34.2,66.7],[34.1,66.7],[34.2,66.7],[34.2,66.8],[34.1,66.8],[34.1,66.7],[34.0,66.7],[33.9,66.7],[33.8,66.7],[33.8,66.8],[33.7,66.8],[33.6,66.8],[33.5,66.8],[33.6,66.8],[33.6,66.7],[33.6,66.8],[33.5,66.8],[33.6,66.8],[33.6,66.7],[33.5,66.8],[33.5,66.7],[33.6,66.7],[33.5,66.7],[33.1,66.9],[32.8,67.0],[32.8,67.1],[32.9,67.1],[33.0,67.1],[32.9,67.1],[32.8,67.1],[32.7,67.1],[32.6,67.1],[32.5,67.1],[32.4,67.1],[32.4,67.2],[32.3,67.2],[32.3,67.1],[32.2,67.1],[32.2,67.2],[32.1,67.1],[32.0,67.1],[31.9,67.2],[31.9,67.1],[32.1,67.1],[32.2,67.1],[32.3,67.1],[32.4,67.1],[32.3,67.1],[32.4,67.1],[32.5,67.0],[32.6,67.0],[32.5,67.0],[32.5,66.9],[32.4,67.0],[32.4,66.9],[32.5,66.9],[32.4,66.9],[32.5,66.9],[32.6,66.9],[32.7,66.8],[32.9,66.8],[32.9,66.7],[32.8,66.7],[33.0,66.7],[33.2,66.7],[33.3,66.7],[33.3,66.6],[33.2,66.6],[33.2,66.7],[33.1,66.7],[33.1,66.6],[33.0,66.6],[32.9,66.6],[33.1,66.6],[33.2,66.6],[33.3,66.6],[33.4,66.6],[33.5,66.6],[33.5,66.5],[33.2,66.6],[33.1,66.6],[33.0,66.5],[32.9,66.5],[33.0,66.5],[33.1,66.5],[33.2,66.5],[33.3,66.5],[33.4,66.5],[33.5,66.5],[33.6,66.5],[33.7,66.4],[33.6,66.4],[33.5,66.4],[33.6,66.4],[33.7,66.4],[33.6,66.3],[33.5,66.4],[33.4,66.3],[33.3,66.3],[33.5,66.3],[33.6,66.3],[33.9,66.3],[33.9,66.2],[34.0,66.3],[34.1,66.2],[34.2,66.2],[34.1,66.2],[34.2,66.2],[34.3,66.2],[34.5,66.1],[34.6,66.1],[34.6,66.0],[34.7,66.0],[34.7,65.9],[34.8,65.9],[34.9,65.9],[34.8,65.8],[34.9,65.8],[34.9,65.7],[35.0,65.7],[34.9,65.7],[34.8,65.8],[34.7,65.8],[34.7,65.7],[34.8,65.7],[34.7,65.7],[34.8,65.6],[34.7,65.6],[34.7,65.5],[34.6,65.5],[34.7,65.5],[34.7,65.4],[34.6,65.4],[34.5,65.5],[34.5,65.4],[34.4,65.4],[34.3,65.4],[34.4,65.4],[34.5,65.4],[34.5,65.3],[34.6,65.3],[34.6,65.2],[34.7,65.2],[34.6,65.2],[34.7,65.2],[34.7,65.1],[34.8,65.1],[34.7,65.1],[34.8,65.1],[34.8,65.0],[34.7,65.0],[34.8,65.0],[34.8,64.9],[34.9,64.9],[34.9,64.8],[34.8,64.8],[34.9,64.8],[35.0,64.8],[35.0,64.7],[34.9,64.7],[34.8,64.7],[34.9,64.7],[34.9,64.6],[35.0,64.6],[34.9,64.6],[34.8,64.6],[34.7,64.6],[34.8,64.6],[34.8,64.5],[34.9,64.5],[35.0,64.5],[35.0,64.4],[35.1,64.4],[35.2,64.4],[35.3,64.4],[35.3,64.3],[35.4,64.3],[35.5,64.3],[35.6,64.3],[35.6,64.4],[35.7,64.4],[35.8,64.3],[35.9,64.3],[35.9,64.2],[36.0,64.2],[36.1,64.2],[36.2,64.2],[36.2,64.1],[36.3,64.1],[36.3,64.0],[36.4,64.0],[36.5,64.0],[36.6,64.0],[36.6,63.9],[36.7,63.9],[36.8,63.9],[36.9,63.9],[37.0,63.9],[37.2,63.9],[37.2,63.8],[37.3,63.8],[37.4,63.8],[37.5,63.8],[37.6,63.8],[37.6,63.9],[37.7,63.9],[37.8,63.9],[37.9,63.9],[38.0,63.9],[38.0,64.0],[38.1,64.0],[38.1,64.1],[38.0,64.1],[38.0,64.2],[37.9,64.2],[37.9,64.3],[38.0,64.3],[37.9,64.3],[37.9,64.4],[38.0,64.4],[37.8,64.4],[37.7,64.4],[37.6,64.4],[37.5,64.4],[37.4,64.4],[37.3,64.3],[37.3,64.4],[37.1,64.4],[36.8,64.6],[36.7,64.7],[36.6,64.7],[36.5,64.8],[36.6,64.8],[36.5,64.9],[36.4,64.9],[36.5,64.9],[36.6,64.9],[36.7,64.9],[36.8,65.0],[36.9,65.1],[36.8,65.1],[36.9,65.2],[37.0,65.2],[37.1,65.2],[37.2,65.1],[37.3,65.1],[37.4,65.1],[37.5,65.1],[37.6,65.0],[37.7,65.0],[37.8,64.9],[38.0,64.9],[38.1,64.8],[38.3,64.8],[38.4,64.9],[38.4,64.8],[38.3,64.8],[38.2,64.8],[38.1,64.8],[38.0,64.8],[38.0,64.7],[38.1,64.7],[38.0,64.7],[38.0,64.6],[38.1,64.6],[38.1,64.7],[38.2,64.7],[38.3,64.7],[38.3,64.8],[38.4,64.8],[38.4,64.7],[38.5,64.7],[38.5,64.8],[38.4,64.8],[38.5,64.8],[38.6,64.8],[38.7,64.7],[38.8,64.7],[38.9,64.7],[39.0,64.7],[39.1,64.7],[39.2,64.6],[39.3,64.6],[39.4,64.6],[39.6,64.5],[39.7,64.6],[39.8,64.6],[39.7,64.6],[39.8,64.6],[39.9,64.6],[39.8,64.6],[39.8,64.7],[39.9,64.7],[40.1,64.6],[40.2,64.6],[40.4,64.6],[40.5,64.5],[40.5,64.6],[40.4,64.7],[40.4,64.8],[40.5,64.8],[40.4,64.8],[40.4,64.9],[40.3,65.0],[40.2,65.0],[40.1,65.1],[39.9,65.3],[39.8,65.3],[39.7,65.4],[39.7,65.5],[39.7,65.6],[39.8,65.6],[40.0,65.7],[40.1,65.7],[40.3,65.7],[40.5,65.8],[40.6,65.9],[40.7,66.0],[40.8,66.0],[41.0,66.0],[41.1,66.0],[41.3,66.1],[41.4,66.1],[41.5,66.1],[41.6,66.2],[41.7,66.2],[41.9,66.3],[42.0,66.4],[42.1,66.5],[42.2,66.5],[42.4,66.5],[42.6,66.5],[42.7,66.4],[42.6,66.4],[42.5,66.4],[42.7,66.4],[42.9,66.4],[43.1,66.4],[43.3,66.4],[43.4,66.4],[43.4,66.3],[43.5,66.3],[43.6,66.3],[43.7,66.3],[43.7,66.2],[43.5,66.2],[43.4,66.1],[43.3,66.1],[43.4,66.0],[43.5,66.0],[43.5,66.1],[43.4,66.1],[43.5,66.1],[43.6,66.1],[43.6,66.2],[43.7,66.2],[43.8,66.2],[43.9,66.2],[43.9,66.1],[44.0,66.1],[44.1,66.1],[44.0,66.1],[44.0,66.0],[44.1,66.0],[44.2,65.9],[44.1,66.0],[44.2,66.1],[44.1,66.1],[44.1,66.2],[44.1,66.3],[44.2,66.4],[44.2,66.5],[44.3,66.5],[44.4,66.5],[44.4,66.6],[44.5,66.7],[44.6,66.7],[44.5,66.7],[44.4,66.7],[44.4,66.8],[44.5,66.8],[44.5,66.9],[44.5,67.0],[44.4,67.0],[44.3,67.1],[44.4,67.1],[44.3,67.1],[44.2,67.1],[44.1,67.2],[44.0,67.2],[43.9,67.2],[43.8,67.2],[43.8,67.3],[43.9,67.4],[44.0,67.6],[44.0,67.7],[44.1,67.7],[44.2,67.7],[44.1,67.7],[44.1,67.8],[44.1,67.9],[44.2,67.9],[44.3,67.9],[44.2,67.9],[44.1,67.9],[44.1,68.0],[44.2,68.0],[44.1,68.0],[44.2,68.0],[44.3,68.1],[44.4,68.1],[44.3,68.1],[44.2,68.0],[44.2,68.1],[44.2,68.2],[44.2,68.3],[43.7,68.5],[43.3,68.6],[43.3,68.7],[43.4,68.7],[43.5,68.7],[43.6,68.6],[43.7,68.6],[43.8,68.6],[43.9,68.6],[44.0,68.6],[44.2,68.5],[44.5,68.6],[45.0,68.6],[45.3,68.5],[45.6,68.5],[45.9,68.5],[45.9,68.4],[46.0,68.4],[46.0,68.3],[46.1,68.3],[46.2,68.3],[46.2,68.2],[46.3,68.2],[46.4,68.2],[46.5,68.2],[46.5,68.1],[46.5,68.0],[46.6,68.0],[46.7,67.9],[46.7,67.8],[46.6,67.8],[46.5,67.8],[46.4,67.8],[46.2,67.8],[46.0,67.8],[45.6,67.7],[45.4,67.7],[45.3,67.7],[45.4,67.7],[45.3,67.7],[45.3,67.6],[45.2,67.6],[45.1,67.6],[45.0,67.5],[44.9,67.4],[45.0,67.3],[45.1,67.3],[45.2,67.3],[45.2,67.2],[45.3,67.2],[45.4,67.2],[45.5,67.2],[45.6,67.2],[45.6,67.1],[45.7,67.1],[45.8,67.0],[45.8,66.9],[45.9,66.9],[46.0,66.9],[46.0,66.8],[46.3,66.8],[46.5,66.9],[46.6,66.9],[46.6,66.8],[46.5,66.8],[46.4,66.8],[46.4,66.7],[46.4,66.8],[46.5,66.8],[46.6,66.8],[46.8,66.8],[46.9,66.8],[47.0,66.9],[47.4,66.9],[47.5,66.9],[47.6,66.9],[47.6,67.0],[47.7,67.0],[47.7,67.1],[47.7,67.2],[47.8,67.2],[47.8,67.3],[47.8,67.4],[47.9,67.4],[47.9,67.5],[47.8,67.6],[48.0,67.7],[48.1,67.7],[48.1,67.6],[48.2,67.7],[48.3,67.7],[48.4,67.7],[48.5,67.7],[48.7,67.7],[48.9,67.7],[49.0,67.7],[49.0,67.6],[49.1,67.6],[49.1,67.7],[49.0,67.7],[49.1,67.7],[49.0,67.7],[48.9,67.7],[48.8,67.7],[48.8,67.8],[48.6,67.9],[48.7,67.9],[48.8,67.9],[49.0,67.9],[49.1,67.9],[49.2,67.9],[49.3,67.9],[49.5,68.0],[49.7,68.0],[49.8,68.0],[50.0,68.1],[49.9,68.0],[49.8,68.0],[50.0,68.1],[50.1,68.1],[50.2,68.2],[50.3,68.2],[50.4,68.2],[50.6,68.3],[50.7,68.3],[50.8,68.4],[50.9,68.3],[51.0,68.3],[51.1,68.4],[51.2,68.4],[51.3,68.4],[51.4,68.4],[51.5,68.4],[51.6,68.4],[51.5,68.5],[51.6,68.5],[51.7,68.5],[52.1,68.5],[52.2,68.6],[52.2,68.5],[52.1,68.5],[52.0,68.5],[52.1,68.5],[52.2,68.5],[52.3,68.5],[52.4,68.5],[52.3,68.5],[52.3,68.4],[52.2,68.4],[52.1,68.4],[52.2,68.4],[52.2,68.3],[52.3,68.3],[52.4,68.3],[52.4,68.4],[52.5,68.4],[52.6,68.4],[52.7,68.4],[52.7,68.5],[52.6,68.5],[52.5,68.6],[52.6,68.6],[52.6,68.7],[52.6,68.6],[52.5,68.6],[52.4,68.6],[52.3,68.6],[52.4,68.6],[52.5,68.7],[52.8,68.8],[52.9,68.8],[53.1,68.8],[53.2,68.8],[53.3,68.9],[53.4,68.9],[53.9,69.0],[54.1,69.0],[54.3,69.0],[54.5,69.0],[54.6,69.0],[54.5,69.0],[54.4,69.0],[54.0,68.9],[53.6,68.9],[53.7,68.9],[54.0,68.9],[54.0,68.8],[53.9,68.8],[53.8,68.8],[53.8,68.7],[53.7,68.7],[53.7,68.6],[53.8,68.6],[53.9,68.5],[53.9,68.4],[53.8,68.4],[53.8,68.3],[53.7,68.4],[53.6,68.4],[53.7,68.4],[53.7,68.3],[53.6,68.3],[53.6,68.4],[53.4,68.4],[53.4,68.3],[53.3,68.3],[53.3,68.4],[53.3,68.3],[53.2,68.3],[53.3,68.2],[53.4,68.2],[53.5,68.3],[53.8,68.3],[53.8,68.2],[53.9,68.2],[54.0,68.2],[54.1,68.2],[54.2,68.3],[54.2,68.2],[54.5,68.3],[54.6,68.3],[54.7,68.2],[54.8,68.2],[54.9,68.2],[54.9,68.3],[54.9,68.4],[55.0,68.4],[55.1,68.4],[55.1,68.5],[55.2,68.5],[55.4,68.6],[55.5,68.6],[55.6,68.6],[55.7,68.6],[55.8,68.6],[56.0,68.7],[56.1,68.6],[56.2,68.6],[56.5,68.6],[56.6,68.6],[56.7,68.6],[56.8,68.6],[57.1,68.5],[57.3,68.6],[57.4,68.6],[57.5,68.7],[57.6,68.7],[57.9,68.8],[58.0,68.8],[57.9,68.8],[58.0,68.8],[58.0,68.9],[58.2,68.9],[58.2,68.8],[58.3,68.8],[58.4,68.8],[58.3,68.7],[58.4,68.7],[58.4,68.8],[58.3,68.8],[58.3,68.9],[58.6,69.0],[58.9,69.0],[59.2,69.0],[59.1,69.0],[59.0,69.0],[58.9,69.0],[58.9,68.9],[59.0,68.9],[59.1,68.9],[59.4,68.8],[59.4,68.7],[59.3,68.7],[59.2,68.7],[59.1,68.7],[59.1,68.6],[59.1,68.5],[59.1,68.4],[59.4,68.4],[59.7,68.3],[59.9,68.4],[60.0,68.5],[59.9,68.5],[59.9,68.6],[59.8,68.6],[59.8,68.7],[59.9,68.7],[60.0,68.7],[60.1,68.7],[60.5,68.7],[60.6,68.7],[60.7,68.8],[60.8,68.9],[60.9,68.9],[61.0,68.9],[60.9,68.9],[60.9,69.0],[60.9,69.1],[60.8,69.2],[60.7,69.2],[60.7,69.1],[60.6,69.1],[60.6,69.2],[60.6,69.3],[60.5,69.3],[60.4,69.4],[60.3,69.4],[60.3,69.5],[60.2,69.5],[60.2,69.6],[60.1,69.6],[60.2,69.6],[60.2,69.7],[60.7,69.7],[60.6,69.7],[60.7,69.7],[60.7,69.8],[60.8,69.8],[60.9,69.9],[61.0,69.9],[61.0,69.8],[61.1,69.8],[61.1,69.9],[61.1,69.8],[61.2,69.8],[61.3,69.8],[61.4,69.8],[61.8,69.8],[62.2,69.7],[62.6,69.7],[62.9,69.7],[63.2,69.7],[63.4,69.7],[63.6,69.6],[63.8,69.6],[64.1,69.6],[64.4,69.5],[64.5,69.5],[64.7,69.4],[64.9,69.3],[65.0,69.3],[64.9,69.3],[64.8,69.3],[64.8,69.2],[64.8,69.1],[64.8,69.2],[64.9,69.2],[64.9,69.3],[65.0,69.3],[65.1,69.3],[65.4,69.2],[65.8,69.1],[65.9,69.1],[65.8,69.1],[65.7,69.1],[65.6,69.1],[65.7,69.1],[65.8,69.1],[65.9,69.1],[66.0,69.1],[66.0,69.0],[66.1,69.0],[66.2,69.0],[66.3,69.0],[66.4,69.0],[66.7,68.9],[67.0,68.9],[67.1,68.9],[67.1,68.8],[67.0,68.8],[67.1,68.8],[67.2,68.7],[67.3,68.7],[67.4,68.7],[67.6,68.6],[67.8,68.5],[67.7,68.5],[67.8,68.5],[67.9,68.5],[68.1,68.4],[68.2,68.4],[68.3,68.3],[68.2,68.3],[68.2,68.2],[68.3,68.2],[68.4,68.2],[68.5,68.2],[68.5,68.3],[68.6,68.3],[68.7,68.3],[68.6,68.3],[68.6,68.4],[68.7,68.4],[68.7,68.5],[68.8,68.5],[68.9,68.6],[68.9,68.7],[69.0,68.7],[69.0,68.8],[69.1,68.8],[69.1,68.9],[69.0,68.9],[68.9,68.9],[69.0,68.9],[69.1,68.9],[69.2,69.0],[69.0,68.9],[69.0,69.0],[68.9,69.0],[68.8,68.9],[68.7,68.9],[68.5,69.0],[68.4,69.0],[68.4,69.1],[68.1,69.2],[68.1,69.3],[68.0,69.3],[68.0,69.4],[68.1,69.4],[68.1,69.5],[68.1,69.6],[68.0,69.6],[68.0,69.5],[67.8,69.5],[67.7,69.6],[67.6,69.6],[67.5,69.6],[67.3,69.6],[67.1,69.7],[67.0,69.7],[67.0,69.6],[66.9,69.6],[67.0,69.5],[66.9,69.5],[66.8,69.6],[66.8,69.7],[66.8,69.8],[66.9,70.0],[66.9,70.1],[67.0,70.1],[67.0,70.0],[67.1,70.0],[67.2,70.0],[67.3,70.0],[67.3,70.1],[67.3,70.2],[67.2,70.2],[67.3,70.2],[67.3,70.1],[67.2,70.1],[67.2,70.2],[67.1,70.2],[67.1,70.3],[67.2,70.3],[67.2,70.4],[67.3,70.4],[67.3,70.5],[67.2,70.5],[67.3,70.7],[67.3,70.8],[67.1,70.8],[67.0,70.8],[66.8,70.8],[66.7,70.8],[66.6,70.8],[66.6,70.9],[66.7,70.9],[66.8,70.9],[66.8,71.0],[66.8,71.1],[66.9,71.1],[66.8,71.1],[66.7,71.1],[66.8,71.0],[66.7,71.0],[66.6,71.0],[66.6,71.1],[66.8,71.2],[66.9,71.3],[67.0,71.3],[67.2,71.3],[67.3,71.4],[67.5,71.4],[67.6,71.4],[67.7,71.5],[67.8,71.5],[67.9,71.5],[68.0,71.6],[68.3,71.7],[68.4,71.8],[68.5,71.8],[68.5,71.9],[68.6,71.9],[68.6,72.0],[68.7,72.1],[68.7,72.2],[68.8,72.3],[68.8,72.4],[68.9,72.4],[68.8,72.5],[68.9,72.5],[68.9,72.6],[69.0,72.6],[69.0,72.7],[69.1,72.7],[69.0,72.7],[69.2,72.8],[69.3,72.8],[69.3,72.9],[69.4,73.0],[69.5,73.0],[69.8,73.0],[69.8,72.9],[69.6,72.9],[69.9,72.9],[70.2,72.9],[70.7,72.9],[71.0,72.9],[71.3,72.9],[71.4,72.9],[71.5,72.9],[71.6,72.9],[71.7,72.9],[72.0,72.8],[71.9,72.8],[71.8,72.8],[71.9,72.8],[72.1,72.8],[72.3,72.8],[72.5,72.8],[72.7,72.7],[72.8,72.7],[72.7,72.7],[72.8,72.7],[72.8,72.6],[72.7,72.6],[72.8,72.6],[72.8,72.5],[72.8,72.4],[72.9,72.3],[72.8,72.3],[72.8,72.2],[72.7,72.2],[72.7,72.1],[72.6,72.1],[72.6,72.0],[72.5,72.0],[72.5,71.9],[72.4,71.9],[72.3,71.8],[72.4,71.7],[72.3,71.7],[72.2,71.7],[72.2,71.6],[72.0,71.6],[71.9,71.6],[71.8,71.5],[71.8,71.4],[71.9,71.4],[72.1,71.3],[72.6,71.2],[72.6,71.1],[72.7,71.1],[72.6,71.1],[72.6,71.0],[72.7,71.0],[72.7,70.9],[72.8,70.9],[72.8,70.8],[72.8,70.7],[72.7,70.6],[72.8,70.6],[72.8,70.5],[72.8,70.4],[72.7,70.4],[72.6,70.4],[72.5,70.3],[72.4,70.3],[72.5,70.2],[72.6,70.2],[72.6,70.1],[72.5,70.1],[72.5,70.0],[72.6,69.9],[72.7,69.9],[72.7,69.8],[72.6,69.7],[72.5,69.7],[72.5,69.6],[72.6,69.6],[72.6,69.5],[72.6,69.4],[72.5,69.4],[72.6,69.4],[72.6,69.3],[72.6,69.2],[72.5,69.2],[72.5,69.1],[72.5,69.0],[72.6,69.0],[72.6,68.9],[72.7,68.9],[72.9,68.8],[73.1,68.7],[73.5,68.6],[73.6,68.5],[73.6,68.4],[73.6,68.5],[73.5,68.5],[73.5,68.4],[73.4,68.4],[73.3,68.3],[73.2,68.2],[73.1,68.2],[73.1,68.1],[73.2,68.0],[73.2,67.9],[73.2,67.8],[73.1,67.8],[73.1,67.7],[73.2,67.7],[73.1,67.7],[73.0,67.7],[72.9,67.7],[72.9,67.6],[72.8,67.6],[72.6,67.6],[72.5,67.6],[72.6,67.5],[72.5,67.5],[72.4,67.5],[72.4,67.4],[72.5,67.4],[72.4,67.4],[72.4,67.3],[72.3,67.3],[72.2,67.3],[72.1,67.3],[72.0,67.3],[72.1,67.3],[72.1,67.2],[72.2,67.2],[72.1,67.2],[71.9,67.1],[72.0,67.1],[71.9,67.0],[71.8,67.0],[71.8,66.9],[71.7,66.9],[71.6,66.9],[71.5,66.9],[71.4,67.0],[71.3,67.0],[71.4,66.9],[71.5,66.9],[71.4,66.9],[71.5,66.9],[71.5,66.8],[71.5,66.7],[71.6,66.7],[71.5,66.6],[71.4,66.6],[71.3,66.7],[71.4,66.7],[71.3,66.6],[71.2,66.6],[71.2,66.7],[71.2,66.6],[71.1,66.6],[71.0,66.6],[71.1,66.6],[71.0,66.6],[70.9,66.6],[71.0,66.6],[71.0,66.5],[70.7,66.5],[70.4,66.6],[70.3,66.6],[70.3,66.7],[70.4,66.7],[70.5,66.7],[70.6,66.7],[70.7,66.7],[70.7,66.8],[70.6,66.8],[70.5,66.7],[70.6,66.7],[70.5,66.7],[70.3,66.7],[70.2,66.7],[70.1,66.8],[70.0,66.8],[69.9,66.9],[69.9,66.8],[69.8,66.8],[69.7,66.8],[69.6,66.8],[69.4,66.8],[69.3,66.8],[69.1,66.8],[69.0,66.8],[69.1,66.8],[69.1,66.7],[69.1,66.6],[69.2,66.6],[69.4,66.5],[69.5,66.5],[69.6,66.5],[69.7,66.5],[69.8,66.5],[69.9,66.4],[70.3,66.4],[70.4,66.3],[70.6,66.3],[70.9,66.4],[71.1,66.4],[71.3,66.4],[71.4,66.4],[71.5,66.3],[71.7,66.3],[71.8,66.3],[71.8,66.2],[71.9,66.3],[72.0,66.2],[72.1,66.2],[72.3,66.3],[72.4,66.3],[72.4,66.4],[72.4,66.5],[72.3,66.5],[72.4,66.5],[72.5,66.6],[72.8,66.6],[72.9,66.6],[72.9,66.7],[73.0,66.7],[73.1,66.8],[73.2,66.8],[73.5,66.8],[73.6,66.9],[73.7,66.9],[73.8,67.0],[73.9,67.0],[73.9,67.1],[73.9,67.2],[74.0,67.2],[73.9,67.3],[74.1,67.4],[74.4,67.6],[74.7,67.7],[74.8,67.8],[74.8,67.9],[74.8,68.0],[74.8,68.1],[74.7,68.1],[74.7,68.2],[74.6,68.3],[74.4,68.4],[74.3,68.4],[74.4,68.4],[74.5,68.5],[74.5,68.6],[74.4,68.6],[74.4,68.7],[74.5,68.7],[74.6,68.8],[74.9,68.8],[75.2,68.9],[75.5,68.9],[75.6,68.9],[75.8,68.9],[76.0,69.0],[76.1,69.0],[76.2,69.0],[76.4,69.0],[76.6,69.0],[76.6,68.9],[76.7,68.9],[76.7,68.8],[76.6,68.8],[76.7,68.8],[76.9,68.7],[77.0,68.7],[77.0,68.6],[77.1,68.6],[77.2,68.6],[77.3,68.5],[77.2,68.5],[77.3,68.4],[77.3,68.3],[77.2,68.3],[77.3,68.2],[77.4,68.2],[77.3,68.2],[77.3,68.1],[77.2,68.1],[77.2,68.0],[77.3,67.9],[77.2,67.8],[77.1,67.9],[77.1,67.8],[77.4,67.7],[77.5,67.7],[77.7,67.6],[77.7,67.5],[77.8,67.6],[77.9,67.6],[78.0,67.6],[78.0,67.5],[78.1,67.5],[78.1,67.6],[78.2,67.6],[78.3,67.6],[78.4,67.6],[78.5,67.6],[78.6,67.6],[78.7,67.6],[78.8,67.6],[78.9,67.6],[79.0,67.6],[79.1,67.6],[79.0,67.6],[78.9,67.6],[78.8,67.6],[78.9,67.6],[78.9,67.7],[78.8,67.7],[78.7,67.6],[78.6,67.6],[78.5,67.6],[78.6,67.6],[78.6,67.7],[78.5,67.7],[78.4,67.7],[78.4,67.6],[78.3,67.7],[78.2,67.7],[78.1,67.7],[78.0,67.7],[77.9,67.7],[77.8,67.7],[77.8,67.8],[77.7,67.7],[77.6,67.7],[77.5,67.8],[77.5,67.9],[77.6,67.9],[77.5,67.9],[77.5,68.0],[77.5,68.1],[77.6,68.2],[77.7,68.2],[77.8,68.2],[77.9,68.2],[78.0,68.2],[78.1,68.2],[78.2,68.3],[78.1,68.3],[78.1,68.4],[78.0,68.4],[77.9,68.4],[77.9,68.5],[78.0,68.5],[77.9,68.5],[77.8,68.5],[77.8,68.6],[77.7,68.6],[77.7,68.7],[77.7,68.8],[77.7,68.9],[77.6,68.9],[77.4,68.9],[77.3,69.0],[77.2,69.0],[76.9,69.0],[76.8,69.1],[76.7,69.1],[76.6,69.1],[76.6,69.2],[76.6,69.1],[76.5,69.1],[76.4,69.1],[76.2,69.2],[76.1,69.2],[76.0,69.2],[75.8,69.2],[75.5,69.3],[75.3,69.2],[75.2,69.2],[75.1,69.2],[75.1,69.1],[75.2,69.1],[75.1,69.1],[74.9,69.1],[74.8,69.1],[74.7,69.1],[74.5,69.1],[74.3,69.1],[74.2,69.1],[74.0,69.1],[73.9,69.1],[73.8,69.1],[73.8,69.2],[73.8,69.3],[73.9,69.4],[73.9,69.5],[73.8,69.6],[73.6,69.6],[73.6,69.7],[73.5,69.7],[73.5,69.8],[73.6,69.8],[73.7,69.9],[73.7,70.0],[73.8,70.1],[73.7,70.1],[73.7,70.2],[74.0,70.3],[74.1,70.3],[74.1,70.4],[74.2,70.4],[74.3,70.5],[74.3,70.6],[74.3,70.7],[74.0,70.8],[73.9,70.9],[73.9,71.0],[73.8,71.0],[73.7,71.0],[73.7,71.1],[73.7,71.2],[73.6,71.2],[73.6,71.3],[73.5,71.3],[73.4,71.3],[73.3,71.3],[73.2,71.4],[73.1,71.4],[73.0,71.4],[73.4,71.6],[73.5,71.7],[73.5,71.8],[73.8,71.9],[73.9,71.9],[74.3,72.0],[74.4,72.0],[74.7,72.0],[74.9,72.1],[75.0,72.1],[75.1,72.2],[75.1,72.3],[75.1,72.4],[75.1,72.5],[75.1,72.6],[75.0,72.6],[75.0,72.7],[74.7,72.8],[74.8,72.8],[75.0,72.9],[75.1,72.9],[75.2,72.8],[75.3,72.8],[75.5,72.8],[75.5,72.7],[75.4,72.7],[75.3,72.7],[75.4,72.7],[75.5,72.7],[75.5,72.6],[75.7,72.6],[75.7,72.5],[75.6,72.5],[75.6,72.4],[75.7,72.4],[75.7,72.3],[75.8,72.3],[75.7,72.3],[75.7,72.2],[75.6,72.2],[75.5,72.2],[75.5,72.1],[75.4,72.0],[75.3,72.0],[75.3,71.9],[75.2,71.9],[75.2,71.8],[75.3,71.8],[75.3,71.7],[75.5,71.7],[75.5,71.6],[75.4,71.6],[75.5,71.6],[75.5,71.5],[75.4,71.5],[75.3,71.5],[75.2,71.5],[75.2,71.4],[75.3,71.4],[75.3,71.3],[75.7,71.3],[76.0,71.2],[76.1,71.2],[76.2,71.2],[76.5,71.2],[76.7,71.2],[76.9,71.2],[76.9,71.1],[77.0,71.1],[76.9,71.2],[77.0,71.2],[77.4,71.2],[77.6,71.2],[77.8,71.1],[77.9,71.1],[77.9,71.0],[78.0,71.0],[78.3,70.9],[78.4,70.9],[78.5,70.9],[78.6,70.9],[78.8,70.9],[78.9,70.9],[79.0,70.9],[79.1,70.9],[79.1,71.0],[79.0,71.0],[79.1,71.0],[79.0,71.0],[78.8,71.0],[78.9,71.0],[78.8,70.9],[78.7,70.9],[78.7,71.0],[78.6,71.0],[78.5,70.9],[78.4,70.9],[78.5,71.0],[78.6,71.0],[78.5,71.1],[78.4,71.1],[78.3,71.1],[78.4,71.1],[78.5,71.1],[78.5,71.0],[78.4,71.0],[78.4,71.1],[78.3,71.1],[78.2,71.1],[78.3,71.1],[78.3,71.2],[78.3,71.3],[78.2,71.3],[78.0,71.3],[77.9,71.3],[78.0,71.3],[78.0,71.4],[77.9,71.4],[77.9,71.3],[77.8,71.3],[77.7,71.3],[77.8,71.3],[77.7,71.3],[77.6,71.3],[77.5,71.3],[77.4,71.3],[77.5,71.3],[77.2,71.4],[77.1,71.4],[76.9,71.4],[76.7,71.5],[76.6,71.5],[76.5,71.5],[76.3,71.6],[76.2,71.6],[76.3,71.6],[76.3,71.7],[76.2,71.7],[76.1,71.8],[76.1,71.9],[76.0,71.9],[76.1,71.9],[76.4,72.0],[76.6,72.0],[76.9,72.1],[76.9,72.0],[77.0,72.0],[77.4,71.9],[77.6,71.8],[77.7,71.8],[78.1,71.9],[78.2,71.9],[78.2,72.0],[78.0,72.1],[77.9,72.1],[77.7,72.1],[77.6,72.1],[77.5,72.1],[77.4,72.1],[77.5,72.2],[77.4,72.2],[77.5,72.2],[77.6,72.2],[77.7,72.2],[77.9,72.3],[78.1,72.4],[78.2,72.4],[78.3,72.4],[78.4,72.4],[78.5,72.4],[78.8,72.4],[79.0,72.4],[79.2,72.4],[79.4,72.4],[79.5,72.4],[79.8,72.3],[80.0,72.2],[80.5,72.2],[80.8,72.1],[80.9,72.1],[80.8,72.1],[80.8,72.0],[80.7,72.0],[80.8,72.1],[80.7,72.1],[80.6,72.1],[80.6,72.0],[80.9,71.9],[81.2,71.9],[81.3,71.9],[81.3,71.8],[81.5,71.7],[81.7,71.7],[82.2,71.7],[82.3,71.7],[82.4,71.7],[82.5,71.8],[82.9,71.8],[83.0,71.7],[83.2,71.7],[83.3,71.7],[83.3,71.6],[83.2,71.6],[83.1,71.6],[83.0,71.5],[83.0,71.4],[82.9,71.4],[82.8,71.4],[82.6,71.3],[82.3,71.3],[82.3,71.2],[82.3,71.1],[82.4,71.1],[82.3,71.1],[82.2,71.0],[82.3,70.9],[82.3,70.8],[82.4,70.8],[82.4,70.7],[82.2,70.7],[82.2,70.6],[82.1,70.6],[82.1,70.5],[82.2,70.5],[82.2,70.4],[82.2,70.3],[82.3,70.3],[82.3,70.2],[82.3,70.3],[82.3,70.4],[82.2,70.4],[82.2,70.5],[82.2,70.6],[82.3,70.6],[82.4,70.6],[82.5,70.6],[82.4,70.7],[82.5,70.7],[82.5,70.8],[82.6,70.8],[82.5,70.8],[82.6,70.9],[82.7,71.0],[82.8,71.0],[82.9,70.9],[82.9,71.0],[83.0,70.9],[83.1,70.9],[83.1,70.8],[83.1,70.7],[83.1,70.6],[83.0,70.6],[83.0,70.5],[83.1,70.5],[83.0,70.5],[83.0,70.4],[82.9,70.4],[82.7,70.3],[82.7,70.2],[82.6,70.2],[82.7,70.2],[82.8,70.1],[82.9,70.1],[83.0,70.1],[83.1,70.1],[83.2,70.1],[83.1,70.2],[83.0,70.3],[83.2,70.3],[83.3,70.3],[83.5,70.3],[83.5,70.4],[83.6,70.4],[83.8,70.5],[83.7,70.5],[83.8,70.5],[83.8,70.6],[83.7,70.6],[83.7,70.7],[83.6,70.7],[83.6,70.8],[83.5,70.8],[83.5,70.9],[83.4,71.0],[83.3,71.1],[83.2,71.1],[83.1,71.1],[83.2,71.1],[83.3,71.1],[83.2,71.1],[83.2,71.2],[83.1,71.2],[83.2,71.3],[83.3,71.3],[83.3,71.4],[83.4,71.4],[83.4,71.5],[83.5,71.5],[83.6,71.5],[83.6,71.6],[83.6,71.7],[83.5,71.7],[83.4,71.7],[83.4,71.8],[83.3,71.9],[83.2,71.9],[83.1,71.9],[83.0,71.9],[82.8,71.9],[82.7,71.9],[82.6,71.9],[82.6,72.0],[82.5,72.0],[82.4,72.0],[82.3,72.1],[82.2,72.1],[82.3,72.1],[82.3,72.2],[82.2,72.3],[82.1,72.3],[81.9,72.3],[81.6,72.4],[81.2,72.4],[80.9,72.5],[80.8,72.5],[80.7,72.5],[80.7,72.6],[80.8,72.6],[80.7,72.6],[80.7,72.7],[80.6,72.7],[80.7,72.8],[80.8,72.8],[80.8,72.9],[80.8,73.0],[80.7,73.1],[80.5,73.1],[80.4,73.1],[80.5,73.1],[80.6,73.1],[80.5,73.2],[80.4,73.2],[80.3,73.2],[80.2,73.2],[80.3,73.2],[80.5,73.2],[80.6,73.2],[80.5,73.3],[80.4,73.3],[80.3,73.3],[80.3,73.4],[80.4,73.4],[80.5,73.4],[80.6,73.4],[80.6,73.5],[80.7,73.5],[80.6,73.5],[80.5,73.5],[80.5,73.6],[80.6,73.6],[80.8,73.6],[80.9,73.6],[81.3,73.6],[81.5,73.6],[82.0,73.7],[82.3,73.7],[82.6,73.7],[83.1,73.7],[83.5,73.7],[83.7,73.7],[84.0,73.7],[84.4,73.7],[84.6,73.8],[84.8,73.8],[84.9,73.7],[85.0,73.7],[85.1,73.7],[85.4,73.7],[85.5,73.7],[85.5,73.8],[85.6,73.8],[85.9,73.8],[86.0,73.9],[86.4,73.9],[86.8,73.9],[87.1,73.9],[87.1,73.8],[87.0,73.8],[86.9,73.8],[86.8,73.8],[86.7,73.7],[86.6,73.7],[86.5,73.7],[86.4,73.6],[86.3,73.6],[86.1,73.6],[86.0,73.5],[85.9,73.5],[85.8,73.5],[85.8,73.4],[85.8,73.3],[85.9,73.3],[86.2,73.3],[86.2,73.2],[86.3,73.2],[86.2,73.2],[86.3,73.2],[86.5,73.2],[86.6,73.1],[86.7,73.1],[86.7,73.0],[86.8,73.0],[86.8,73.1],[86.7,73.1],[86.7,73.2],[86.6,73.2],[86.5,73.2],[86.4,73.2],[86.3,73.3],[85.9,73.3],[85.9,73.4],[85.8,73.4],[85.9,73.4],[85.8,73.4],[85.9,73.5],[86.0,73.5],[86.1,73.5],[86.2,73.6],[86.5,73.6],[86.8,73.6],[87.1,73.6],[87.2,73.6],[87.2,73.7],[87.3,73.7],[87.2,73.7],[87.3,73.7],[87.3,73.8],[87.6,73.8],[87.7,73.9],[87.6,73.9],[87.7,73.9],[87.6,73.9],[87.5,73.9],[87.5,73.8],[87.4,73.8],[87.3,73.8],[87.2,73.9],[87.1,73.9],[87.1,74.0],[87.0,74.0],[86.9,74.0],[87.0,74.0],[87.3,74.0],[87.4,74.0],[87.3,74.1],[86.9,74.1],[86.8,74.1],[86.7,74.1],[86.8,74.2],[86.7,74.2],[86.5,74.3],[86.0,74.3],[85.9,74.3],[86.0,74.3],[85.9,74.3],[85.9,74.4],[86.2,74.4],[86.2,74.3],[86.3,74.3],[86.3,74.4],[86.2,74.4],[86.1,74.4],[86.0,74.4],[86.1,74.4],[86.2,74.4],[86.3,74.4],[86.5,74.5],[86.6,74.4],[86.7,74.4],[86.8,74.4],[86.9,74.4],[87.0,74.4],[86.9,74.4],[86.8,74.3],[86.7,74.3],[86.8,74.3],[86.9,74.3],[87.0,74.3],[87.1,74.3],[87.0,74.3],[87.0,74.4],[87.1,74.4],[87.3,74.4],[87.2,74.4],[87.1,74.4],[86.8,74.4],[86.7,74.4],[86.7,74.5],[86.6,74.5],[86.5,74.5],[86.6,74.5],[86.8,74.5],[86.8,74.6],[86.5,74.6],[86.4,74.6],[86.3,74.6],[86.2,74.6],[85.7,74.6],[85.8,74.7],[85.9,74.7],[85.8,74.7],[85.9,74.7],[86.0,74.7],[86.1,74.7],[86.1,74.8],[86.0,74.8],[86.1,74.8],[86.2,74.8],[86.3,74.8],[86.4,74.8],[86.2,74.8],[86.3,74.7],[86.4,74.7],[86.5,74.7],[86.6,74.7],[86.7,74.7],[86.7,74.6],[86.8,74.6],[86.9,74.6],[87.0,74.6],[86.9,74.6],[86.9,74.7],[87.0,74.7],[86.9,74.7],[86.8,74.7],[86.9,74.7],[86.9,74.8],[87.0,74.8],[87.0,74.7],[87.1,74.7],[87.1,74.8],[87.0,74.8],[87.1,74.8],[87.1,74.9],[87.3,74.9],[87.4,74.9],[87.4,75.0],[87.3,75.0],[87.2,75.0],[87.3,75.0],[87.4,75.0],[87.5,75.0],[87.4,75.0],[87.5,74.9],[87.6,74.9],[87.6,75.0],[87.7,75.0],[87.8,75.0],[87.7,75.0],[87.5,75.0],[87.4,75.0],[87.3,75.1],[87.0,75.1],[86.9,75.1],[87.0,75.2],[87.2,75.2],[87.5,75.1],[87.6,75.1],[87.9,75.1],[88.0,75.1],[88.1,75.1],[88.2,75.2],[88.3,75.2],[88.4,75.3],[88.5,75.3],[88.6,75.3],[88.8,75.4],[88.9,75.4],[89.0,75.4],[89.1,75.4],[89.0,75.4],[88.7,75.4],[88.8,75.4],[89.0,75.4],[89.0,75.5],[89.1,75.5],[89.2,75.5],[89.3,75.5],[89.4,75.5],[89.4,75.4],[89.5,75.4],[89.6,75.4],[89.6,75.5],[89.6,75.4],[89.7,75.4],[89.7,75.5],[89.6,75.5],[89.9,75.5],[90.1,75.5],[90.0,75.5],[89.9,75.6],[90.0,75.6],[90.3,75.6],[90.6,75.6],[90.8,75.7],[90.9,75.7],[90.9,75.6],[91.0,75.6],[91.1,75.6],[91.1,75.7],[91.2,75.7],[91.2,75.6],[91.3,75.6],[91.5,75.7],[91.6,75.6],[91.6,75.7],[91.7,75.7],[91.8,75.7],[91.9,75.7],[92.0,75.7],[92.1,75.7],[92.2,75.8],[92.4,75.7],[92.5,75.8],[92.9,75.8],[93.2,75.8],[93.5,75.9],[93.8,75.9],[94.1,75.9],[94.2,75.9],[94.1,76.0],[94.1,75.9],[93.7,75.9],[93.6,75.9],[93.6,76.0],[93.5,76.0],[93.5,75.9],[93.4,75.9],[93.5,75.9],[93.4,75.9],[93.3,75.9],[93.3,76.0],[93.2,76.0],[93.1,76.0],[93.0,75.9],[93.1,75.9],[93.0,75.9],[92.9,75.9],[92.9,76.0],[92.8,76.0],[92.9,76.0],[92.9,76.1],[93.0,76.1],[93.1,76.1],[93.1,76.0],[93.2,76.0],[93.2,76.1],[93.1,76.1],[93.3,76.1],[93.4,76.1],[93.3,76.1],[93.4,76.1],[93.4,76.0],[93.5,76.0],[93.6,76.1],[93.6,76.0],[93.7,76.1],[93.7,76.0],[93.8,76.0],[93.8,76.1],[94.0,76.0],[94.0,76.1],[93.9,76.1],[93.8,76.1],[93.7,76.1],[93.6,76.1],[93.7,76.1],[94.1,76.1],[94.2,76.1],[94.3,76.1],[94.4,76.1],[94.5,76.1],[94.4,76.1],[94.5,76.1],[94.6,76.1],[94.7,76.1],[94.6,76.1],[94.5,76.1],[94.6,76.2],[94.8,76.1],[94.9,76.1],[95.1,76.1],[95.2,76.1],[95.3,76.1],[95.3,76.2],[95.4,76.2],[95.9,76.1],[96.0,76.1],[96.1,76.1],[96.2,76.1],[96.1,76.1],[96.0,76.1],[96.1,76.1],[96.1,76.0],[96.0,76.0],[95.9,76.0],[95.7,75.9],[95.6,75.9],[95.7,75.9],[95.8,75.9],[95.9,75.9],[96.0,76.0],[96.1,76.0],[96.2,75.9],[96.3,76.0],[96.4,76.0],[96.5,76.0],[96.6,76.0],[96.7,76.0],[96.6,76.0],[96.6,75.9],[96.5,75.9],[96.4,75.9],[96.5,75.9],[96.6,75.9],[96.7,75.9],[96.8,75.9],[96.9,75.9],[97.0,75.9],[97.0,76.0],[97.1,76.0],[97.2,76.0],[97.3,76.0],[97.4,76.0],[97.2,76.0],[97.2,75.9],[97.3,75.9],[97.3,76.0],[97.4,76.0],[97.5,76.0],[97.6,76.0],[97.7,76.0],[97.8,76.0],[97.7,76.1],[97.6,76.0],[97.5,76.1],[97.6,76.1],[97.7,76.1],[97.8,76.1],[97.9,76.1],[98.0,76.1],[98.1,76.1],[98.2,76.1],[98.0,76.1],[97.9,76.1],[98.0,76.1],[98.0,76.2],[98.1,76.2],[98.1,76.1],[98.1,76.2],[98.2,76.2],[98.3,76.2],[98.4,76.2],[98.6,76.2],[98.8,76.3],[98.8,76.2],[98.7,76.2],[98.8,76.2],[98.9,76.2],[99.2,76.2],[99.3,76.2],[99.2,76.2],[99.1,76.2],[99.2,76.1],[99.3,76.1],[99.4,76.1],[99.5,76.1],[99.6,76.2],[99.6,76.1],[99.5,76.1],[99.6,76.1],[99.7,76.1],[99.8,76.0],[99.7,76.0],[99.7,75.9],[99.6,75.8],[99.5,75.8],[99.4,75.8],[99.6,75.8],[99.7,75.8],[99.7,75.9],[99.9,75.9],[99.9,76.0],[99.8,76.0],[99.9,76.1],[99.8,76.1],[99.8,76.2],[99.7,76.2],[99.6,76.2],[99.6,76.3],[99.4,76.3],[99.3,76.3],[99.3,76.4],[99.1,76.4],[99.0,76.4],[98.9,76.4],[98.8,76.5],[98.9,76.5],[99.2,76.5],[99.5,76.5],[99.8,76.5],[99.9,76.5],[100.2,76.5],[100.3,76.5],[100.7,76.5],[100.8,76.5],[100.9,76.5],[101.0,76.5],[101.1,76.5],[101.0,76.5],[101.3,76.5],[101.4,76.5],[101.7,76.5],[101.8,76.4],[101.9,76.4],[102.2,76.4],[102.1,76.4],[102.0,76.4],[101.9,76.4],[101.8,76.5],[101.6,76.5],[101.5,76.5],[101.6,76.5],[101.4,76.5],[101.0,76.5],[100.9,76.6],[101.0,76.6],[101.1,76.6],[101.1,76.7],[101.2,76.7],[101.2,76.8],[101.0,76.8],[100.9,76.8],[100.9,76.9],[100.9,77.0],[101.0,77.0],[101.1,77.0],[101.2,77.0],[101.2,77.1],[101.4,77.2],[101.6,77.2],[101.8,77.3],[102.0,77.4],[102.1,77.4],[102.2,77.4],[102.3,77.4],[102.4,77.4],[102.5,77.5],[102.6,77.5],[102.9,77.5],[102.9,77.6],[103.2,77.7],[103.3,77.7],[103.3,77.6],[103.4,77.6],[103.6,77.6],[103.7,77.7],[103.8,77.7],[103.9,77.7],[104.0,77.7],[104.1,77.7],[104.2,77.7],[104.3,77.7],[104.7,77.7],[104.8,77.7],[104.8,77.6],[104.9,77.6],[105.0,77.6],[105.2,77.6],[105.3,77.5],[105.6,77.6],[105.9,77.6],[105.8,77.5],[105.9,77.5],[106.0,77.4],[106.1,77.4],[106.2,77.4],[106.3,77.4],[106.2,77.4],[105.8,77.4],[105.7,77.4],[105.7,77.3],[105.6,77.3],[105.5,77.3],[105.4,77.3],[105.5,77.3],[105.5,77.2],[105.3,77.2],[105.2,77.2],[105.0,77.2],[104.9,77.2],[104.8,77.2],[104.6,77.2],[104.5,77.1],[104.3,77.1],[104.2,77.1],[104.1,77.1],[104.2,77.1],[104.3,77.1],[104.8,77.1],[104.9,77.1],[105.1,77.1],[105.2,77.1],[105.3,77.1],[105.6,77.1],[105.8,77.1],[105.9,77.1],[105.8,77.1],[105.7,77.1],[105.8,77.1],[105.8,77.0],[105.7,77.0],[105.5,77.0],[105.4,77.0],[105.5,77.0],[105.6,77.0],[105.7,77.0],[105.8,77.0],[105.9,77.0],[106.2,77.1],[106.3,77.1],[106.4,77.0],[106.5,77.0],[106.6,77.0],[106.7,77.0],[106.8,77.0],[106.7,77.0],[106.6,77.0],[106.7,77.0],[106.8,77.0],[106.8,77.1],[107.0,77.0],[107.1,77.0],[107.2,77.0],[107.3,77.0],[107.2,77.0],[107.3,77.0],[107.4,76.9],[107.5,76.9],[107.3,76.9],[107.4,76.9],[107.3,76.9],[107.2,76.9],[107.2,76.8],[107.3,76.8],[107.2,76.8],[107.1,76.8],[107.0,76.8],[107.0,76.7],[106.9,76.7],[106.8,76.7],[106.7,76.7],[106.8,76.7],[106.7,76.6],[106.6,76.6],[106.5,76.6],[106.6,76.6],[106.5,76.6],[106.4,76.6],[106.4,76.5],[106.7,76.5],[106.8,76.5],[106.9,76.5],[107.0,76.5],[107.3,76.5],[107.6,76.5],[107.8,76.5],[107.9,76.5],[107.9,76.6],[108.0,76.6],[108.0,76.7],[107.9,76.7],[108.0,76.7],[108.1,76.7],[108.2,76.7],[108.3,76.7],[108.5,76.7],[108.7,76.7],[109.0,76.7],[109.2,76.7],[109.3,76.8],[109.4,76.8],[109.4,76.7],[109.6,76.7],[109.8,76.7],[109.9,76.7],[110.0,76.7],[110.1,76.7],[110.4,76.8],[110.6,76.8],[110.6,76.7],[110.7,76.7],[110.8,76.7],[110.9,76.7],[110.9,76.8],[111.0,76.8],[111.1,76.8],[111.1,76.7],[111.2,76.7],[111.6,76.7],[111.5,76.7],[111.5,76.6],[111.4,76.6],[111.5,76.6],[111.7,76.6],[111.8,76.6],[112.2,76.5],[111.9,76.4],[111.8,76.3],[111.9,76.4],[112.0,76.4],[112.1,76.4],[112.2,76.4],[112.2,76.5],[112.3,76.5],[112.7,76.4],[112.7,76.3],[112.7,76.2],[112.6,76.2],[112.5,76.2],[112.6,76.2],[112.7,76.2],[112.8,76.2],[112.9,76.1],[112.8,76.1],[112.7,76.1],[112.6,76.1],[112.6,76.0],[113.0,76.1],[113.1,76.2],[113.2,76.1],[113.3,76.1],[113.3,76.2],[113.2,76.2],[113.1,76.2],[113.0,76.2],[112.9,76.2],[112.9,76.3],[113.1,76.3],[113.2,76.3],[113.3,76.3],[113.3,76.2],[113.2,76.2],[113.3,76.2],[113.4,76.2],[113.5,76.1],[113.4,76.1],[113.5,76.0],[113.6,76.0],[113.5,76.0],[113.4,75.9],[113.5,75.9],[113.6,75.9],[113.5,75.9],[113.6,75.9],[113.7,75.9],[113.6,75.9],[113.7,75.9],[113.8,75.9],[113.9,75.9],[113.8,75.9],[113.9,75.9],[113.9,75.8],[113.8,75.8],[113.8,75.7],[113.7,75.7],[113.7,75.6],[113.6,75.6],[113.6,75.5],[113.4,75.5],[113.4,75.6],[113.5,75.6],[113.6,75.6],[113.6,75.7],[113.3,75.7],[113.1,75.7],[112.8,75.8],[112.6,75.9],[112.4,75.9],[112.3,75.8],[112.4,75.8],[112.5,75.8],[112.6,75.8],[112.7,75.8],[112.8,75.7],[112.9,75.7],[112.8,75.7],[112.7,75.7],[112.8,75.7],[112.9,75.7],[112.9,75.6],[112.8,75.6],[112.9,75.5],[113.0,75.5],[113.0,75.6],[113.2,75.7],[113.3,75.7],[113.3,75.6],[113.3,75.5],[113.5,75.5],[113.6,75.5],[113.7,75.5],[113.7,75.4],[113.6,75.4],[113.5,75.4],[113.6,75.4],[113.7,75.4],[113.7,75.3],[113.6,75.3],[113.4,75.2],[113.1,75.1],[113.0,75.1],[113.0,75.0],[112.9,75.0],[112.5,74.9],[112.4,74.9],[112.1,74.9],[112.1,74.8],[112.0,74.8],[111.9,74.8],[111.9,74.7],[112.0,74.7],[111.9,74.7],[111.8,74.7],[111.7,74.7],[111.5,74.7],[111.4,74.7],[111.1,74.6],[111.0,74.6],[111.1,74.6],[111.0,74.6],[111.0,74.5],[110.8,74.5],[110.7,74.5],[110.6,74.5],[110.5,74.5],[110.4,74.5],[110.3,74.5],[110.4,74.5],[110.4,74.4],[110.3,74.4],[110.2,74.4],[110.0,74.4],[110.0,74.3],[109.9,74.3],[109.8,74.3],[109.7,74.3],[109.6,74.3],[109.7,74.3],[109.9,74.3],[110.0,74.3],[109.9,74.2],[109.8,74.2],[109.6,74.1],[109.5,74.1],[109.2,74.1],[109.0,74.0],[108.9,74.0],[108.8,74.0],[108.8,73.9],[108.7,73.9],[108.6,73.9],[108.6,73.8],[108.5,73.8],[108.4,73.8],[108.5,73.8],[108.4,73.8],[108.1,73.6],[108.1,73.7],[108.0,73.7],[107.8,73.6],[107.7,73.6],[107.4,73.6],[107.3,73.6],[107.2,73.6],[107.1,73.6],[107.2,73.6],[107.1,73.5],[106.9,73.5],[106.9,73.4],[106.8,73.4],[106.8,73.3],[106.6,73.3],[106.5,73.3],[106.4,73.3],[106.2,73.3],[106.1,73.3],[106.0,73.3],[106.0,73.2],[106.1,73.2],[106.0,73.2],[105.9,73.1],[105.8,73.0],[105.7,72.9],[105.6,72.9],[105.5,72.9],[105.4,72.8],[105.3,72.8],[105.1,72.8],[105.5,72.8],[105.6,72.8],[105.7,72.8],[105.8,72.9],[105.9,72.9],[106.0,72.9],[106.0,73.0],[106.1,72.9],[106.2,72.9],[106.3,72.9],[106.4,72.9],[106.6,72.9],[106.7,72.8],[106.8,72.8],[107.0,72.8],[107.1,72.9],[107.0,72.9],[106.9,72.9],[106.8,72.9],[106.6,72.9],[106.5,72.9],[106.3,73.0],[106.2,73.0],[106.2,73.1],[106.3,73.1],[106.3,73.2],[106.4,73.2],[106.8,73.1],[106.9,73.1],[107.0,73.2],[107.3,73.2],[107.5,73.2],[107.7,73.2],[107.8,73.2],[108.0,73.2],[108.1,73.2],[108.3,73.2],[108.4,73.2],[108.4,73.3],[108.2,73.3],[108.4,73.3],[108.5,73.3],[108.7,73.3],[108.9,73.4],[109.1,73.4],[109.2,73.4],[109.3,73.4],[109.2,73.4],[109.2,73.5],[109.3,73.4],[109.4,73.4],[109.4,73.5],[109.3,73.5],[109.2,73.5],[109.2,73.6],[109.2,73.5],[109.3,73.5],[109.4,73.5],[109.5,73.5],[109.6,73.5],[109.7,73.5],[109.9,73.5],[110.0,73.5],[110.1,73.5],[110.2,73.5],[110.1,73.6],[110.2,73.6],[110.3,73.6],[110.4,73.6],[110.5,73.6],[110.6,73.6],[110.9,73.7],[110.9,73.8],[110.7,73.8],[110.3,73.7],[109.8,73.7],[109.7,73.7],[109.6,73.7],[109.6,73.8],[109.5,73.8],[109.6,73.8],[109.7,73.9],[109.8,73.9],[109.9,73.9],[109.9,74.0],[110.0,74.0],[110.3,74.0],[110.6,74.0],[110.7,74.0],[110.8,74.0],[110.9,73.9],[111.0,73.9],[111.1,73.9],[111.1,74.0],[111.2,74.0],[111.5,74.1],[111.6,74.0],[111.5,74.0],[111.4,74.0],[111.3,74.0],[111.2,74.0],[111.3,73.9],[111.4,73.8],[111.8,73.7],[112.1,73.7],[112.4,73.7],[112.5,73.7],[112.6,73.7],[112.7,73.7],[112.8,73.7],[112.9,73.8],[113.0,73.8],[112.9,73.8],[112.9,73.9],[112.8,73.9],[112.8,74.0],[112.9,73.9],[113.1,73.9],[113.2,73.9],[113.2,73.8],[113.3,73.8],[113.3,73.7],[113.4,73.7],[113.4,73.6],[113.3,73.6],[113.2,73.5],[113.1,73.5],[113.1,73.4],[113.2,73.4],[113.3,73.4],[113.4,73.4],[113.5,73.4],[113.5,73.3],[113.5,73.2],[113.5,73.1],[113.5,73.0],[113.3,72.9],[113.2,72.9],[113.1,72.9],[113.1,72.8],[113.2,72.8],[113.2,72.7],[113.3,72.7],[113.4,72.7],[113.5,72.6],[113.8,72.6],[114.1,72.6],[114.0,72.6],[113.7,72.7],[113.4,72.7],[113.2,72.7],[113.2,72.8],[113.3,72.9],[113.4,72.9],[113.5,73.0],[113.6,73.1],[113.5,73.2],[113.6,73.3],[113.7,73.3],[113.9,73.3],[114.0,73.3],[114.0,73.4],[113.8,73.3],[113.8,73.4],[113.7,73.4],[113.6,73.4],[113.5,73.4],[113.5,73.5],[113.7,73.5],[113.9,73.5],[114.1,73.6],[114.4,73.6],[114.7,73.6],[114.9,73.6],[115.1,73.7],[115.4,73.7],[115.9,73.7],[116.2,73.7],[116.6,73.7],[117.1,73.6],[117.4,73.6],[117.7,73.6],[117.9,73.6],[118.2,73.6],[118.5,73.6],[118.8,73.6],[118.9,73.5],[119.0,73.5],[118.9,73.5],[118.8,73.4],[118.8,73.5],[118.7,73.5],[118.7,73.4],[118.6,73.5],[118.5,73.5],[118.4,73.4],[118.3,73.4],[118.4,73.4],[118.4,73.3],[118.4,73.2],[118.5,73.2],[118.9,73.1],[119.1,73.1],[119.3,73.1],[119.4,73.1],[119.5,73.1],[119.6,73.0],[119.7,73.0],[120.1,72.9],[120.5,72.9],[120.6,72.9],[120.5,72.9],[120.2,72.9],[119.8,73.0],[120.2,73.0],[120.4,73.0],[120.7,73.0],[120.8,72.9],[121.1,72.9],[121.3,73.0],[121.4,73.0],[121.7,73.0],[121.8,73.0],[122.0,73.0],[121.9,72.9],[122.0,72.9],[122.4,72.9],[122.5,72.8],[122.6,72.8],[122.7,72.8],[122.3,72.9],[122.3,73.0],[122.4,73.0],[122.8,72.9],[122.9,72.9],[123.0,72.9],[122.7,72.9],[122.4,73.0],[122.5,73.0],[122.6,73.0],[122.8,73.0],[122.9,73.0],[123.1,72.9],[123.2,72.9],[123.3,72.9],[123.3,73.0],[123.4,73.1],[123.5,73.1],[123.4,73.1],[123.4,73.2],[123.5,73.2],[123.6,73.2],[123.7,73.2],[123.6,73.2],[123.7,73.2],[123.6,73.2],[123.5,73.2],[123.5,73.3],[123.4,73.3],[123.3,73.3],[123.3,73.4],[123.4,73.4],[123.3,73.4],[123.2,73.4],[123.3,73.4],[123.3,73.5],[123.4,73.5],[123.4,73.4],[123.4,73.5],[123.3,73.5],[123.2,73.5],[123.3,73.6],[123.4,73.6],[123.3,73.6],[123.4,73.6],[123.4,73.7],[123.5,73.7],[123.6,73.7],[123.6,73.6],[123.7,73.6],[123.6,73.6],[123.7,73.6],[123.8,73.6],[123.9,73.6],[124.0,73.6],[124.0,73.7],[123.9,73.7],[123.9,73.8],[124.0,73.8],[124.0,73.7],[124.1,73.7],[124.0,73.7],[124.1,73.7],[124.2,73.7],[124.2,73.8],[124.3,73.8],[124.4,73.8],[124.5,73.8],[124.6,73.8],[124.6,73.7],[124.7,73.7],[124.9,73.7],[124.8,73.7],[124.9,73.7],[125.0,73.7],[125.0,73.6],[125.1,73.7],[125.0,73.7],[125.1,73.7],[125.2,73.7],[125.2,73.6],[125.2,73.5],[125.3,73.5],[125.3,73.6],[125.4,73.6],[125.5,73.6],[125.5,73.5],[125.6,73.5],[125.7,73.5],[125.6,73.5],[125.5,73.5],[125.5,73.4],[125.6,73.4],[125.6,73.5],[125.8,73.5],[125.9,73.5],[125.8,73.5],[125.9,73.5],[126.0,73.5],[125.9,73.5],[125.9,73.4],[126.0,73.4],[126.0,73.5],[126.1,73.5],[126.2,73.6],[126.3,73.6],[126.4,73.5],[126.4,73.4],[126.3,73.4],[126.3,73.5],[126.3,73.4],[126.2,73.4],[126.2,73.5],[126.2,73.4],[126.3,73.4],[126.2,73.4],[126.3,73.4],[126.4,73.4],[126.5,73.4],[126.4,73.4],[126.5,73.4],[126.5,73.3],[126.6,73.3],[126.6,73.2],[126.6,73.3],[126.7,73.3],[126.6,73.3],[126.6,73.4],[126.7,73.4],[126.8,73.4],[126.9,73.4],[126.9,73.5],[126.8,73.5],[126.9,73.5],[127.1,73.5],[127.2,73.5],[127.5,73.5],[128.0,73.5],[127.9,73.4],[128.1,73.4],[128.0,73.4],[128.0,73.3],[128.2,73.4],[128.2,73.3],[128.3,73.3],[128.3,73.4],[128.4,73.4],[128.3,73.3],[128.2,73.3],[128.3,73.3],[128.4,73.3],[128.4,73.2],[128.6,73.3],[128.7,73.3],[128.8,73.2],[128.9,73.2],[128.8,73.2],[128.9,73.2],[129.0,73.2],[128.9,73.2],[128.9,73.1],[128.8,73.1],[128.9,73.1],[129.0,73.1],[129.1,73.1],[129.2,73.1],[129.3,73.1],[129.4,73.0],[129.5,73.0],[129.4,72.9],[129.2,73.0],[129.1,73.0],[128.9,73.0],[128.8,73.0],[128.7,72.9],[128.3,72.9],[128.2,72.9],[128.2,72.8],[128.1,72.8],[128.4,72.8],[128.8,72.8],[129.3,72.7],[129.4,72.7],[129.3,72.7],[129.2,72.7],[128.9,72.7],[128.8,72.7],[128.7,72.7],[128.5,72.7],[128.4,72.7],[128.0,72.7],[127.9,72.7],[128.0,72.6],[128.1,72.6],[128.2,72.6],[128.3,72.6],[128.6,72.5],[128.8,72.5],[129.1,72.5],[129.3,72.5],[129.3,72.4],[129.2,72.4],[129.3,72.4],[129.4,72.4],[129.5,72.4],[129.5,72.3],[129.4,72.3],[129.3,72.3],[129.4,72.3],[129.5,72.3],[129.5,72.2],[129.6,72.2],[129.5,72.2],[129.4,72.2],[129.3,72.2],[129.3,72.1],[129.2,72.1],[129.3,72.1],[129.4,72.1],[129.5,72.1],[129.3,72.1],[129.2,72.1],[129.1,72.1],[129.0,72.1],[128.9,72.1],[128.8,72.1],[128.7,72.2],[128.5,72.2],[128.6,72.2],[128.5,72.3],[128.1,72.3],[127.9,72.4],[127.8,72.4],[127.7,72.4],[127.8,72.4],[127.8,72.3],[127.9,72.3],[127.8,72.3],[127.7,72.3],[127.8,72.3],[127.9,72.3],[128.0,72.3],[128.1,72.3],[128.1,72.2],[128.2,72.2],[128.3,72.2],[128.3,72.1],[128.4,72.1],[128.5,72.1],[128.4,72.1],[128.4,72.0],[128.5,72.0],[128.6,72.0],[128.6,71.9],[128.7,71.9],[128.7,71.8],[128.8,71.8],[128.9,71.8],[128.9,71.7],[129.0,71.7],[129.0,71.8],[129.1,71.8],[129.2,71.8],[129.2,71.9],[129.1,71.9],[129.1,72.0],[129.0,72.0],[129.1,72.0],[129.2,71.9],[129.3,71.9],[129.3,71.8],[129.4,71.8],[129.5,71.7],[129.3,71.8],[129.2,71.7],[129.1,71.7],[129.0,71.7],[128.9,71.7],[128.8,71.7],[128.8,71.6],[128.9,71.6],[129.1,71.6],[129.2,71.6],[129.2,71.5],[129.3,71.5],[129.2,71.5],[129.3,71.5],[129.3,71.4],[129.4,71.4],[129.4,71.3],[129.5,71.3],[129.6,71.3],[129.7,71.3],[129.7,71.2],[129.8,71.1],[129.7,71.1],[129.6,71.1],[129.9,71.1],[130.0,71.1],[130.1,71.1],[130.2,71.1],[130.2,71.0],[130.3,70.9],[130.5,70.9],[130.6,70.9],[130.7,70.9],[130.7,71.0],[130.8,71.0],[130.8,70.9],[130.9,70.8],[131.0,70.7],[131.1,70.7],[131.2,70.8],[131.4,70.8],[131.5,70.9],[131.6,70.9],[131.7,71.1],[131.8,71.1],[131.9,71.1],[131.9,71.2],[131.8,71.2],[131.9,71.2],[132.0,71.2],[132.2,71.2],[132.0,71.3],[131.9,71.3],[132.0,71.3],[132.0,71.4],[132.1,71.5],[132.2,71.6],[132.2,71.7],[132.3,71.7],[132.5,71.9],[132.6,71.9],[132.7,71.9],[132.8,72.0],[132.9,71.9],[133.0,72.0],[133.1,72.0],[133.2,72.0],[133.3,71.9],[133.4,71.8],[133.3,71.9],[133.2,71.9],[133.1,72.0],[133.0,72.0],[132.9,71.9],[132.8,71.9],[132.8,71.8],[132.7,71.8],[132.9,71.7],[133.0,71.7],[133.1,71.6],[133.2,71.6],[133.4,71.5],[133.7,71.4],[133.8,71.4],[133.9,71.4],[134.2,71.4],[134.5,71.4],[134.6,71.4],[134.7,71.4],[134.7,71.3],[134.8,71.4],[134.7,71.4],[134.8,71.4],[134.8,71.5],[134.9,71.5],[135.0,71.5],[135.1,71.5],[135.2,71.5],[135.2,71.6],[135.2,71.5],[135.3,71.5],[135.4,71.5],[135.4,71.6],[135.3,71.6],[135.4,71.6],[135.5,71.6],[135.6,71.6],[136.0,71.6],[136.3,71.6],[136.4,71.6],[136.5,71.6],[136.5,71.5],[136.6,71.5],[136.5,71.5],[136.6,71.5],[136.7,71.5],[136.8,71.5],[136.9,71.5],[137.0,71.4],[137.1,71.4],[137.2,71.4],[137.3,71.4],[137.2,71.4],[137.3,71.4],[137.4,71.4],[137.4,71.3],[137.5,71.3],[137.4,71.3],[137.5,71.3],[137.4,71.3],[137.5,71.3],[137.5,71.2],[137.6,71.2],[137.7,71.3],[137.7,71.2],[137.7,71.3],[137.7,71.2],[137.6,71.2],[137.5,71.2],[137.6,71.2],[137.7,71.2],[137.8,71.2],[137.8,71.1],[137.9,71.1],[138.0,71.1],[137.9,71.1],[138.0,71.1],[138.1,71.1],[138.1,71.2],[138.0,71.2],[137.9,71.2],[137.8,71.2],[137.9,71.2],[137.8,71.2],[137.7,71.2],[137.8,71.2],[137.8,71.3],[138.0,71.2],[138.1,71.2],[138.2,71.2],[138.2,71.3],[138.0,71.3],[138.2,71.3],[138.3,71.3],[138.4,71.3],[138.3,71.3],[138.0,71.3],[138.0,71.4],[137.9,71.4],[138.0,71.4],[137.9,71.4],[137.8,71.4],[137.9,71.4],[138.0,71.4],[138.0,71.5],[138.0,71.6],[138.1,71.6],[138.2,71.6],[138.5,71.6],[138.4,71.6],[138.4,71.5],[138.6,71.6],[138.7,71.6],[138.8,71.6],[138.9,71.6],[139.0,71.6],[139.1,71.6],[139.1,71.5],[139.2,71.4],[139.1,71.4],[139.2,71.4],[139.3,71.4],[139.4,71.4],[139.4,71.5],[139.6,71.5],[139.7,71.5],[139.8,71.5],[139.9,71.5],[140.0,71.5],[139.8,71.6],[139.8,71.7],[139.7,71.7],[139.7,71.8],[139.8,71.9],[139.7,71.9],[139.6,71.9],[139.3,71.9],[139.4,72.0],[139.6,71.9],[139.6,72.0],[139.7,72.0],[139.7,72.1],[139.8,72.1],[139.8,72.2],[139.9,72.2],[140.0,72.1],[140.1,72.1],[140.1,72.2],[140.2,72.2],[140.1,72.2],[139.9,72.2],[139.6,72.2],[139.5,72.2],[139.4,72.2],[139.5,72.2],[139.6,72.2],[139.5,72.2],[139.4,72.2],[139.3,72.2],[139.3,72.1],[139.2,72.1],[139.2,72.2],[139.1,72.2],[139.1,72.3],[139.2,72.3],[139.2,72.4],[139.3,72.4],[139.4,72.4],[139.5,72.5],[139.8,72.5],[140.1,72.5],[140.3,72.5],[140.6,72.5],[140.8,72.5],[140.9,72.5],[140.9,72.6],[141.1,72.6],[141.0,72.6],[140.9,72.6],[141.0,72.6],[141.0,72.7],[140.9,72.7],[140.8,72.8],[140.7,72.8],[140.6,72.8],[140.6,72.9],[140.7,72.9],[140.8,72.9],[140.9,72.9],[141.0,72.9],[141.1,72.9],[141.3,72.9],[141.4,72.8],[141.5,72.8],[141.6,72.8],[141.7,72.8],[141.7,72.7],[142.0,72.7],[142.2,72.7],[142.5,72.7],[142.7,72.7],[143.0,72.7],[143.1,72.7],[143.5,72.7],[143.6,72.7],[143.7,72.7],[144.1,72.6],[144.3,72.6],[144.6,72.6],[144.8,72.6],[145.1,72.6],[145.4,72.6],[145.7,72.5],[146.0,72.5],[146.1,72.5],[146.3,72.4],[146.4,72.4],[146.5,72.4],[146.8,72.4],[146.9,72.4],[146.8,72.3],[146.5,72.3],[146.1,72.4],[146.1,72.3],[145.7,72.4],[145.5,72.4],[145.4,72.3],[145.3,72.4],[145.2,72.4],[145.1,72.4],[145.0,72.4],[144.9,72.4],[144.7,72.4],[144.7,72.3],[144.6,72.3],[144.5,72.3],[144.5,72.2],[144.4,72.3],[144.3,72.3],[144.2,72.3],[144.1,72.3],[144.2,72.2],[144.3,72.2],[144.4,72.2],[144.5,72.2],[144.6,72.2],[144.7,72.2],[144.8,72.2],[145.0,72.2],[145.1,72.3],[145.4,72.3],[145.7,72.3],[146.0,72.3],[146.3,72.3],[146.6,72.3],[146.9,72.3],[146.8,72.2],[146.7,72.2],[146.5,72.1],[146.2,72.0],[146.0,71.9],[145.9,71.9],[146.0,71.9],[146.0,72.0],[146.1,72.0],[146.2,72.1],[146.3,72.1],[146.2,72.2],[146.1,72.2],[146.0,72.2],[146.0,72.1],[146.1,72.1],[146.0,72.1],[145.9,72.1],[146.0,72.1],[145.9,72.2],[145.8,72.2],[145.9,72.2],[145.8,72.2],[145.7,72.3],[145.6,72.2],[145.7,72.2],[145.8,72.2],[145.7,72.2],[145.6,72.1],[145.7,72.0],[145.8,72.0],[145.8,71.9],[145.7,71.9],[145.6,71.9],[145.3,71.9],[145.2,71.9],[145.1,71.9],[145.0,72.0],[145.0,71.9],[145.1,71.9],[145.2,71.9],[145.2,71.8],[145.1,71.8],[145.0,71.8],[144.9,71.8],[144.9,71.7],[145.0,71.7],[145.1,71.7],[145.2,71.7],[145.3,71.7],[145.6,71.7],[145.7,71.7],[145.8,71.7],[145.9,71.8],[146.0,71.8],[146.1,71.8],[146.2,71.8],[146.3,71.9],[146.4,71.9],[146.5,72.0],[146.6,72.0],[146.6,72.1],[146.7,72.1],[147.1,72.3],[147.2,72.3],[147.3,72.3],[147.4,72.3],[147.7,72.3],[148.1,72.3],[148.4,72.3],[148.7,72.3],[149.0,72.3],[149.4,72.2],[149.6,72.1],[149.7,72.1],[150.0,72.0],[150.0,71.9],[150.1,71.9],[150.0,71.8],[149.7,71.8],[149.6,71.8],[149.5,71.9],[149.4,71.9],[149.3,71.9],[149.2,71.8],[149.1,71.8],[149.0,71.8],[148.9,71.8],[148.8,71.8],[148.9,71.8],[149.0,71.8],[149.0,71.7],[148.9,71.7],[148.8,71.7],[149.0,71.7],[149.1,71.7],[149.2,71.7],[149.3,71.7],[149.4,71.7],[149.8,71.6],[149.8,71.7],[149.9,71.7],[150.0,71.7],[150.0,71.6],[150.1,71.6],[150.0,71.6],[149.9,71.6],[150.0,71.5],[149.9,71.5],[150.1,71.5],[150.3,71.5],[150.4,71.5],[150.5,71.5],[150.6,71.5],[150.7,71.5],[150.7,71.4],[150.6,71.4],[150.5,71.4],[150.5,71.3],[150.4,71.3],[150.3,71.3],[150.2,71.3],[150.1,71.2],[150.0,71.2],[150.1,71.2],[150.2,71.3],[150.3,71.3],[150.4,71.3],[150.6,71.3],[150.6,71.4],[150.7,71.4],[150.6,71.3],[150.7,71.3],[150.8,71.3],[150.8,71.4],[150.9,71.4],[151.0,71.4],[151.1,71.4],[151.5,71.3],[151.6,71.3],[151.7,71.3],[151.8,71.2],[151.9,71.1],[152.0,71.1],[152.1,71.1],[152.1,71.0],[151.7,71.0],[152.0,70.9],[152.2,70.9],[152.5,70.8],[152.6,70.8],[152.8,70.8],[153.0,70.8],[153.3,70.9],[153.5,70.9],[153.6,70.9],[153.7,70.9],[153.9,70.9],[154.2,70.9],[154.2,71.0],[154.5,71.0],[154.7,71.0],[155.0,71.0],[155.5,71.1],[155.5,71.0],[155.6,71.0],[155.6,71.1],[155.9,71.1],[156.3,71.1],[156.7,71.1],[157.0,71.1],[157.3,71.1],[157.6,71.1],[157.7,71.1],[157.8,71.1],[158.0,71.0],[158.2,71.0],[158.3,71.0],[158.4,71.0],[158.5,71.0],[158.9,70.9],[159.2,70.8],[159.7,70.7],[159.8,70.6],[160.0,70.4],[160.1,70.4],[160.1,70.3],[160.1,70.2],[160.0,70.2],[160.0,70.1],[159.9,70.1],[159.7,70.1],[159.8,70.1],[159.9,70.1],[159.8,70.0],[159.9,70.0],[159.8,70.0],[159.7,69.9],[159.8,69.8],[159.7,69.8],[159.8,69.8],[159.9,69.8],[160.1,69.7],[160.2,69.7],[160.1,69.7],[160.3,69.7],[160.4,69.7],[160.5,69.7],[160.7,69.7],[160.8,69.6],[160.9,69.6],[161.0,69.6],[161.0,69.5],[160.9,69.5],[160.9,69.4],[161.0,69.4],[161.0,69.3],[161.0,69.2],[161.0,69.1],[161.1,69.1],[161.3,69.0],[161.4,69.0],[161.4,68.9],[161.3,68.9],[161.3,68.8],[161.2,68.8],[161.2,68.7],[161.1,68.7],[161.1,68.6],[161.0,68.6],[160.9,68.6],[160.8,68.6],[160.8,68.5],[160.9,68.5],[161.0,68.5],[161.1,68.6],[161.3,68.7],[161.3,68.8],[161.4,68.8],[161.5,68.9],[161.6,68.9],[161.6,69.0],[161.5,69.0],[161.5,69.1],[161.4,69.2],[161.5,69.2],[161.4,69.2],[161.5,69.3],[161.4,69.3],[161.5,69.3],[161.5,69.4],[161.4,69.4],[161.5,69.4],[161.6,69.4],[161.7,69.5],[161.8,69.5],[161.9,69.5],[162.0,69.6],[162.1,69.6],[162.2,69.6],[162.2,69.7],[162.3,69.6],[162.3,69.7],[162.4,69.7],[162.6,69.7],[162.7,69.7],[162.8,69.7],[163.0,69.7],[163.1,69.7],[163.2,69.7],[163.3,69.7],[163.4,69.7],[163.5,69.7],[163.6,69.7],[163.8,69.7],[163.9,69.7],[164.0,69.8],[164.1,69.8],[164.1,69.7],[164.2,69.7],[164.3,69.7],[164.4,69.6],[164.5,69.6],[164.8,69.6],[165.3,69.6],[165.7,69.6],[165.8,69.6],[165.9,69.6],[166.0,69.5],[166.1,69.5],[166.4,69.5],[166.6,69.5],[166.7,69.5],[166.9,69.5],[167.2,69.6],[167.5,69.7],[167.6,69.7],[167.7,69.8],[167.8,69.8],[167.9,69.7],[168.0,69.7],[168.1,69.7],[168.0,69.7],[167.9,69.7],[168.0,69.6],[168.1,69.6],[168.2,69.6],[168.3,69.5],[168.2,69.5],[168.2,69.4],[168.2,69.3],[168.3,69.3],[168.3,69.2],[168.4,69.2],[168.7,69.2],[168.9,69.2],[169.0,69.2],[169.0,69.1],[169.1,69.1],[169.2,69.1],[169.3,69.1],[169.4,69.1],[169.4,69.0],[169.4,68.9],[169.5,68.8],[169.6,68.8],[170.0,68.8],[170.4,68.8],[170.5,68.8],[170.6,68.8],[170.6,68.7],[170.5,68.8],[170.6,68.8],[170.5,68.8],[170.4,68.8],[170.4,68.9],[170.5,68.9],[170.6,68.9],[170.7,68.9],[170.7,68.8],[170.7,68.9],[170.8,69.0],[170.9,69.0],[171.0,69.0],[171.0,69.1],[171.0,69.0],[171.1,69.0],[171.2,69.0],[171.1,69.0],[171.0,69.1],[171.0,69.2],[170.9,69.2],[170.9,69.3],[170.8,69.4],[170.7,69.4],[170.7,69.5],[170.6,69.6],[170.5,69.6],[170.3,69.6],[170.2,69.6],[170.2,69.7],[170.3,69.7],[170.4,69.7],[170.5,69.7],[170.6,69.8],[170.5,69.8],[170.6,69.8],[170.6,69.9],[170.5,69.9],[170.5,70.0],[170.6,70.1],[170.5,70.1],[170.4,70.1],[170.5,70.1],[170.6,70.1],[171.0,70.1],[171.3,70.1],[171.5,70.0],[171.9,70.0],[172.0,70.0],[172.3,70.0],[172.6,70.0],[172.7,70.0],[172.8,70.0],[172.8,69.9],[172.9,69.9],[173.2,69.8],[173.3,69.8],[173.4,69.8],[173.5,69.8],[173.4,69.9],[173.3,69.9],[173.2,69.9],[173.3,69.9],[173.5,69.9],[173.7,69.9],[173.8,69.9],[173.7,69.9],[173.8,69.9],[173.9,69.9],[173.9,69.8],[173.9,69.9],[174.0,69.9],[174.1,69.9],[174.3,69.9],[174.4,69.9],[174.8,69.9],[175.1,69.8],[175.2,69.8],[175.4,69.9],[175.5,69.9],[175.7,69.9],[175.6,69.9],[175.5,69.9],[175.6,69.8],[175.7,69.8],[175.8,69.8],[175.9,69.8],[176.0,69.8],[176.1,69.8],[176.2,69.8],[176.1,69.8],[176.1,69.9],[176.0,69.9],[175.9,69.9],[175.8,69.9],[175.9,69.9],[176.0,69.9],[176.1,69.9],[176.2,69.9],[176.3,69.8],[176.2,69.8],[176.3,69.8],[176.5,69.8],[176.5,69.7],[176.6,69.7],[176.7,69.7],[176.8,69.7],[177.0,69.6],[177.2,69.6],[177.4,69.6],[177.6,69.6],[177.7,69.6],[177.6,69.6],[177.6,69.5],[177.7,69.5],[177.8,69.5],[177.9,69.5],[178.2,69.5],[178.2,69.4],[178.3,69.5],[178.4,69.5],[178.8,69.4],[178.9,69.4],[179.0,69.4],[179.0,69.3],[179.1,69.3],[178.9,69.3],[178.9,69.4],[178.8,69.4],[178.7,69.4],[178.7,69.3],[178.9,69.3],[179.0,69.3],[179.1,69.3],[179.3,69.3],[179.4,69.2],[179.7,69.1],[180.0,69.0],[179.9,69.0],[179.8,69.0],[179.7,69.1],[179.6,69.1],[179.5,69.1],[179.6,69.1],[179.7,69.1],[179.7,69.0],[179.8,69.0],[180.0,69.0],[180.0,68.6],[180.0,68.1],[180.0,67.6],[180.0,67.1],[180.0,66.6],[180.0,66.1],[180.0,65.6],[180.0,65.1],[179.9,65.1],[179.8,65.0],[179.7,65.0],[179.5,64.8],[179.4,64.8],[179.3,64.8],[179.2,64.8],[179.0,64.7],[178.9,64.7],[178.8,64.6],[178.6,64.6],[178.5,64.6],[178.7,64.6],[178.7,64.7],[178.8,64.7],[178.7,64.7],[178.6,64.7],[178.2,64.7],[178.3,64.7],[178.2,64.7],[178.1,64.7],[178.0,64.7],[177.9,64.7],[177.7,64.7],[177.6,64.7],[177.6,64.8],[177.5,64.8],[177.4,64.8],[177.5,64.9],[177.4,64.9],[177.5,64.9],[177.4,64.9],[177.3,64.9],[177.2,64.9],[177.2,65.0],[177.0,65.1],[176.9,65.1],[176.8,65.1],[176.7,65.0],[176.6,65.0],[176.5,65.1],[176.4,65.1],[176.3,65.1],[176.3,65.0],[176.4,65.0],[176.5,65.0],[176.9,65.0],[177.0,65.0],[177.1,65.0],[177.2,64.9],[177.3,64.9],[177.3,64.8],[177.2,64.8],[177.1,64.8],[177.0,64.8],[176.9,64.8],[176.8,64.9],[176.6,64.9],[176.6,64.8],[176.5,64.8],[176.4,64.8],[176.4,64.9],[176.2,64.9],[176.1,64.9],[176.1,65.0],[176.0,65.0],[176.0,64.9],[175.9,64.9],[175.9,64.8],[175.8,64.8],[175.7,64.8],[175.6,64.8],[175.5,64.8],[175.4,64.8],[175.3,64.8],[175.2,64.8],[175.0,64.8],[174.9,64.7],[174.8,64.7],[174.7,64.7],[174.4,64.7],[174.5,64.7],[174.8,64.7],[175.0,64.8],[175.1,64.8],[175.3,64.8],[175.6,64.8],[175.7,64.8],[175.8,64.8],[175.9,64.8],[175.9,64.9],[176.0,64.9],[176.1,64.9],[176.2,64.9],[176.3,64.8],[176.4,64.7],[176.3,64.7],[176.2,64.6],[176.1,64.6],[176.1,64.5],[176.1,64.6],[176.2,64.6],[176.3,64.6],[176.4,64.6],[176.4,64.7],[176.5,64.7],[176.6,64.7],[176.7,64.6],[176.8,64.6],[176.9,64.6],[176.9,64.7],[177.0,64.7],[177.1,64.7],[177.2,64.7],[177.3,64.8],[177.5,64.8],[177.5,64.7],[177.4,64.7],[177.5,64.7],[177.4,64.6],[177.4,64.5],[177.4,64.4],[177.5,64.4],[177.6,64.4],[177.6,64.3],[177.7,64.3],[177.8,64.3],[178.0,64.2],[178.2,64.2],[178.1,64.2],[178.1,64.3],[178.2,64.3],[178.3,64.3],[178.3,64.4],[178.2,64.4],[178.4,64.2],[178.6,64.1],[178.6,64.0],[178.5,64.1],[178.4,64.1],[178.4,64.0],[178.5,64.0],[178.4,64.0],[178.5,64.0],[178.6,63.9],[178.7,63.9],[178.7,64.0],[178.6,64.0],[178.7,63.9],[178.7,63.8],[178.7,63.7],[178.8,63.6],[178.7,63.6],[178.7,63.7],[178.6,63.7],[178.6,63.6],[178.7,63.6],[178.6,63.6],[178.5,63.6],[178.4,63.6],[178.3,63.6],[178.3,63.5],[178.4,63.5],[178.5,63.6],[178.7,63.6],[178.7,63.5],[178.7,63.4],[178.6,63.4],[178.7,63.4],[178.8,63.4],[178.8,63.5],[178.8,63.6],[178.8,63.5],[179.0,63.3],[178.9,63.4],[178.8,63.4],[178.9,63.3],[179.0,63.3],[179.1,63.3],[179.1,63.2],[179.2,63.2],[179.3,63.2],[179.4,63.2],[179.4,63.1],[179.3,63.1],[179.3,63.0],[179.2,63.0],[179.3,62.9],[179.5,62.9],[179.5,62.8],[179.6,62.8],[179.6,62.7],[179.6,62.6],[179.5,62.6],[179.4,62.6],[179.4,62.5],[179.3,62.5],[179.2,62.5],[179.1,62.5],[179.1,62.4],[179.2,62.3],[179.1,62.3],[179.0,62.3],[179.0,62.4],[178.9,62.4],[178.8,62.4],[178.7,62.4],[178.5,62.4],[178.4,62.5],[178.3,62.5],[178.2,62.5],[178.1,62.5],[177.9,62.6],[177.7,62.6],[177.3,62.6],[177.3,62.7],[177.3,62.8],[177.4,62.8],[177.5,62.8],[177.4,62.8],[177.3,62.8],[177.3,62.7],[177.2,62.7],[177.1,62.7],[177.2,62.8],[177.1,62.8],[177.0,62.8],[177.0,62.9],[177.0,62.8],[177.0,62.7],[176.9,62.7],[177.0,62.6],[177.1,62.6],[177.2,62.6],[177.3,62.6],[177.2,62.6],[177.0,62.6],[176.9,62.5],[176.7,62.5],[176.6,62.5],[176.6,62.4],[176.4,62.4],[176.3,62.3],[176.0,62.3],[175.6,62.2],[175.5,62.1],[175.3,62.1],[175.4,62.1],[175.3,62.1],[175.3,62.2],[175.3,62.1],[175.2,62.0],[174.8,61.9],[174.8,62.0],[174.7,62.0],[174.6,62.0],[174.6,61.9],[174.7,61.9],[174.5,61.8],[174.4,61.8],[174.3,61.8],[174.2,61.8],[174.1,61.8],[174.0,61.8],[174.1,61.8],[174.0,61.8],[174.0,61.7],[173.9,61.7],[173.8,61.7],[173.8,61.6],[173.8,61.7],[173.7,61.7],[173.6,61.8],[173.5,61.7],[173.5,61.6],[173.4,61.6],[173.3,61.5],[173.1,61.4],[173.0,61.4],[172.9,61.4],[172.9,61.5],[172.8,61.5],[172.7,61.4],[172.8,61.4],[172.9,61.4],[172.9,61.3],[173.0,61.3],[172.9,61.3],[172.8,61.3],[172.7,61.3],[172.8,61.3],[172.7,61.3],[172.7,61.2],[172.6,61.2],[172.4,61.2],[172.3,61.2],[172.4,61.2],[172.4,61.1],[172.3,61.1],[172.2,61.1],[172.3,61.1],[172.4,61.1],[172.5,61.1],[172.4,61.0],[172.3,61.0],[172.2,61.0],[172.1,61.1],[172.0,61.1],[172.2,61.0],[172.2,60.9],[172.1,60.9],[172.0,60.9],[172.0,61.0],[172.0,60.9],[171.9,60.9],[172.0,60.9],[171.9,60.8],[171.8,60.8],[171.7,60.9],[171.7,60.8],[171.6,60.8],[171.5,60.8],[171.6,60.8],[171.6,60.7],[171.5,60.7],[171.4,60.7],[171.5,60.7],[171.4,60.8],[171.4,60.7],[171.4,60.6],[171.3,60.6],[171.2,60.6],[171.1,60.6],[171.0,60.5],[170.8,60.5],[170.7,60.5],[170.8,60.5],[170.8,60.4],[170.7,60.4],[170.6,60.4],[170.6,60.5],[170.5,60.5],[170.5,60.4],[170.6,60.4],[170.7,60.4],[170.7,60.3],[170.6,60.3],[170.5,60.3],[170.5,60.2],[170.4,60.1],[170.4,60.0],[170.4,59.9],[170.3,59.9],[170.2,59.9],[170.2,60.0],[170.1,60.0],[170.0,60.1],[169.9,60.1],[169.9,60.2],[169.8,60.2],[169.9,60.2],[170.0,60.2],[169.9,60.2],[169.9,60.3],[169.9,60.2],[169.8,60.2],[169.8,60.3],[169.7,60.3],[169.7,60.4],[169.6,60.4],[169.6,60.5],[169.5,60.5],[169.4,60.5],[169.3,60.5],[169.3,60.6],[169.2,60.6],[169.3,60.6],[169.4,60.6],[169.3,60.6],[169.2,60.6],[169.1,60.6],[169.2,60.6],[169.0,60.6],[168.7,60.6],[168.6,60.6],[168.5,60.6],[168.3,60.6],[168.2,60.6],[168.1,60.6],[167.8,60.5],[167.8,60.6],[167.7,60.5],[167.8,60.5],[167.7,60.5],[167.6,60.5],[167.6,60.4],[167.5,60.4],[167.5,60.5],[167.5,60.4],[167.4,60.4],[167.4,60.5],[167.3,60.5],[167.4,60.4],[167.3,60.4],[167.2,60.4],[167.1,60.4],[167.0,60.4],[167.1,60.3],[167.0,60.3],[166.9,60.3],[166.9,60.2],[166.8,60.2],[166.7,60.1],[166.5,60.0],[166.4,59.9],[166.3,59.8],[166.2,59.8],[166.1,59.8],[166.1,59.9],[166.1,60.0],[166.2,60.0],[166.1,60.0],[166.2,60.1],[166.2,60.2],[166.3,60.2],[166.3,60.3],[166.3,60.4],[166.2,60.4],[166.3,60.4],[166.4,60.5],[166.3,60.5],[166.4,60.5],[166.3,60.5],[166.1,60.5],[166.0,60.4],[165.9,60.4],[166.0,60.4],[166.1,60.4],[166.2,60.5],[166.2,60.4],[166.1,60.4],[166.0,60.4],[165.9,60.3],[165.8,60.3],[165.7,60.3],[165.5,60.2],[165.4,60.3],[165.4,60.2],[165.3,60.1],[165.2,60.1],[165.2,60.2],[165.1,60.2],[165.1,60.1],[165.0,60.1],[165.1,60.1],[165.1,60.0],[165.2,60.0],[165.1,59.9],[165.0,59.8],[164.9,59.8],[164.8,59.8],[164.8,59.9],[164.7,60.0],[164.6,60.0],[164.6,60.1],[164.5,60.1],[164.4,60.1],[164.3,60.1],[164.3,60.0],[164.4,60.0],[164.3,60.0],[164.2,60.0],[164.1,60.0],[164.1,59.9],[164.2,59.9],[164.1,59.9],[164.0,59.9],[164.1,59.9],[164.1,60.0],[164.2,60.0],[164.1,60.0],[164.0,60.0],[163.9,60.0],[163.8,60.1],[163.8,60.0],[163.7,60.1],[163.6,60.0],[163.7,60.0],[163.8,60.0],[163.7,59.9],[163.6,59.9],[163.5,59.9],[163.4,59.8],[163.4,59.7],[163.4,59.6],[163.3,59.6],[163.2,59.6],[163.2,59.5],[163.3,59.5],[163.3,59.4],[163.3,59.3],[163.3,59.2],[163.2,59.2],[163.3,59.3],[163.2,59.3],[163.1,59.3],[163.1,59.2],[163.2,59.2],[163.2,59.1],[163.3,59.1],[163.2,59.1],[163.2,59.0],[163.1,59.0],[163.2,59.1],[163.1,59.1],[163.0,59.2],[162.9,59.2],[162.9,59.1],[163.0,59.1],[163.0,59.0],[163.1,59.0],[163.0,58.9],[162.9,58.9],[162.9,59.0],[162.8,58.9],[162.7,58.9],[162.7,58.8],[162.7,58.9],[162.8,58.9],[162.8,58.8],[162.7,58.8],[162.5,58.7],[162.4,58.7],[162.3,58.6],[162.2,58.5],[162.2,58.4],[162.0,58.2],[162.0,58.1],[162.0,58.0],[162.0,57.9],[162.1,57.9],[162.1,57.8],[162.2,57.8],[162.3,57.8],[162.4,57.8],[162.5,57.8],[162.4,57.7],[162.3,57.7],[162.4,57.7],[162.5,57.8],[162.5,57.9],[162.6,57.9],[162.6,58.0],[162.7,58.0],[162.8,57.9],[162.9,57.9],[163.0,57.8],[163.1,57.8],[163.2,57.8],[163.3,57.8],[163.3,57.7],[163.2,57.7],[163.2,57.6],[163.1,57.5],[163.0,57.4],[162.9,57.4],[162.8,57.4],[162.8,57.3],[162.8,57.2],[162.8,57.1],[162.9,57.1],[162.8,57.0],[162.8,56.9],[162.8,56.8],[162.8,56.7],[162.9,56.7],[163.0,56.7],[163.1,56.7],[163.2,56.7],[163.3,56.7],[163.2,56.6],[163.3,56.6],[163.3,56.5],[163.2,56.5],[163.3,56.5],[163.3,56.4],[163.3,56.3],[163.4,56.3],[163.3,56.3],[163.3,56.2],[163.4,56.2],[163.3,56.2],[163.3,56.1],[163.2,56.1],[163.1,56.1],[163.1,56.0],[163.0,56.0],[162.9,56.0],[162.8,56.1],[162.7,56.1],[162.7,56.2],[162.6,56.2],[162.7,56.3],[162.8,56.3],[162.8,56.4],[162.9,56.4],[163.0,56.4],[163.1,56.4],[163.1,56.5],[163.0,56.5],[162.9,56.4],[162.8,56.4],[162.7,56.5],[162.6,56.4],[162.5,56.4],[162.4,56.4],[162.5,56.3],[162.6,56.3],[162.5,56.2],[162.4,56.2],[162.3,56.2],[162.2,56.1],[162.1,56.1],[162.0,56.1],[162.0,56.0],[162.1,56.0],[162.0,56.0],[162.0,55.9],[161.9,55.9],[161.9,55.8],[161.8,55.7],[161.8,55.6],[161.8,55.5],[161.7,55.5],[161.7,55.4],[161.8,55.4],[161.8,55.3],[161.8,55.2],[161.8,55.1],[161.9,55.1],[162.0,55.0],[162.0,54.9],[162.1,54.9],[162.2,54.9],[162.2,54.8],[162.1,54.8],[162.1,54.7],[162.0,54.7],[161.9,54.6],[161.8,54.6],[161.8,54.5],[161.7,54.5],[161.6,54.5],[161.5,54.5],[161.4,54.5],[161.3,54.5],[161.2,54.5],[161.2,54.6],[161.1,54.6],[160.9,54.6],[160.7,54.5],[160.5,54.4],[160.4,54.4],[160.3,54.3],[160.2,54.2],[160.1,54.2],[160.0,54.1],[160.0,54.0],[159.9,54.0],[159.8,53.8],[159.8,53.7],[159.9,53.7],[159.8,53.7],[159.9,53.6],[159.9,53.7],[159.9,53.6],[160.0,53.6],[160.0,53.5],[159.9,53.5],[159.8,53.5],[159.9,53.5],[159.9,53.4],[159.9,53.3],[160.0,53.3],[159.9,53.3],[160.0,53.2],[160.0,53.3],[160.0,53.2],[160.1,53.2],[160.1,53.1],[160.0,53.1],[159.9,53.1],[159.8,53.2],[159.8,53.3],[159.7,53.2],[159.6,53.3],[159.5,53.2],[159.4,53.2],[159.3,53.2],[159.2,53.1],[159.0,53.1],[158.9,53.0],[158.7,52.9],[158.7,53.0],[158.6,53.0],[158.6,53.1],[158.5,53.1],[158.5,53.0],[158.4,53.0],[158.5,53.0],[158.4,53.0],[158.4,52.9],[158.5,52.9],[158.6,52.9],[158.6,52.8],[158.5,52.8],[158.6,52.8],[158.5,52.8],[158.5,52.7],[158.6,52.7],[158.6,52.6],[158.5,52.6],[158.4,52.7],[158.4,52.6],[158.5,52.6],[158.5,52.5],[158.5,52.4],[158.4,52.4],[158.5,52.4],[158.6,52.4],[158.5,52.4],[158.5,52.3],[158.6,52.3],[158.5,52.3],[158.4,52.3],[158.4,52.2],[158.4,52.1],[158.3,52.1],[158.3,52.0],[158.2,51.9],[158.1,51.9],[158.1,51.8],[158.0,51.8],[158.0,51.7],[157.9,51.7],[157.9,51.6],[157.8,51.6],[157.8,51.5],[157.7,51.6],[157.7,51.5],[157.6,51.5],[157.5,51.5],[157.5,51.4],[157.4,51.3],[157.4,51.4],[157.4,51.3],[157.3,51.3],[157.3,51.2],[157.2,51.2],[157.1,51.2],[157.0,51.1],[156.9,51.0],[156.8,51.0],[156.8,50.9],[156.7,50.9],[156.8,51.0],[156.8,51.1],[156.7,51.1],[156.7,51.2],[156.7,51.3],[156.6,51.3],[156.5,51.3],[156.5,51.4],[156.5,51.5],[156.5,51.6],[156.5,51.8],[156.5,52.0],[156.4,52.2],[156.4,52.4],[156.3,52.4],[156.3,52.5],[156.4,52.5],[156.4,52.4],[156.4,52.5],[156.3,52.5],[156.3,52.6],[156.2,52.7],[156.2,52.8],[156.1,52.9],[156.1,53.0],[156.1,53.2],[156.1,53.3],[156.0,53.4],[156.0,53.6],[156.0,53.7],[156.0,53.8],[155.9,53.8],[155.9,53.9],[155.9,54.0],[155.9,54.1],[155.8,54.2],[155.7,54.4],[155.6,54.8],[155.6,54.9],[155.6,55.3],[155.6,55.4],[155.6,55.5],[155.6,55.6],[155.7,55.9],[155.7,56.0],[155.7,56.1],[155.8,56.1],[155.7,56.1],[155.8,56.2],[155.8,56.3],[155.9,56.6],[156.0,56.7],[156.0,56.8],[156.1,56.8],[156.2,56.8],[156.1,56.8],[156.1,56.7],[156.1,56.8],[156.2,56.8],[156.2,56.9],[156.3,56.9],[156.4,56.9],[156.5,56.9],[156.5,57.0],[156.5,57.1],[156.6,57.1],[156.7,57.1],[156.7,57.0],[156.7,57.1],[156.8,57.1],[156.8,57.2],[156.9,57.3],[157.0,57.4],[157.0,57.5],[156.9,57.6],[156.9,57.7],[156.8,57.7],[156.7,57.7],[156.8,57.8],[157.0,57.9],[157.0,57.8],[157.1,57.8],[157.2,57.8],[157.3,57.8],[157.4,57.8],[157.5,57.8],[157.6,57.9],[157.6,58.0],[157.7,58.0],[157.6,58.0],[157.7,58.0],[157.8,58.0],[157.9,58.0],[158.1,58.0],[158.2,58.0],[158.3,58.0],[158.2,58.0],[158.2,58.1],[158.3,58.1],[158.4,58.1],[158.5,58.2],[158.7,58.3],[158.8,58.3],[158.9,58.3],[158.9,58.4],[159.0,58.4],[159.1,58.5],[159.2,58.5],[159.4,58.6],[159.4,58.7],[159.5,58.7],[159.6,58.8],[159.7,58.8],[159.7,58.9],[159.8,58.9],[159.8,59.0],[159.7,59.0],[159.8,59.1],[159.9,59.1],[160.2,59.3],[160.3,59.3],[160.3,59.4],[160.4,59.5],[160.5,59.5],[160.5,59.6],[160.6,59.6],[160.7,59.6],[160.8,59.6],[160.9,59.6],[160.9,59.7],[161.0,59.7],[161.0,59.8],[161.1,59.8],[161.2,59.8],[161.3,59.9],[161.4,60.0],[161.5,60.0],[161.5,60.1],[161.6,60.1],[161.7,60.1],[161.8,60.1],[161.9,60.2],[161.9,60.3],[161.9,60.4],[162.0,60.4],[162.1,60.5],[162.2,60.5],[162.3,60.5],[162.4,60.6],[162.5,60.6],[162.6,60.6],[162.7,60.6],[162.8,60.6],[162.8,60.7],[162.9,60.7],[162.9,60.8],[163.0,60.8],[163.1,60.8],[163.2,60.8],[163.3,60.8],[163.3,60.7],[163.3,60.8],[163.4,60.8],[163.5,60.8],[163.5,60.9],[163.6,60.9],[163.7,60.9],[163.8,60.9],[163.7,60.9],[163.7,61.0],[163.6,61.0],[163.5,61.0],[163.6,61.0],[163.6,61.1],[163.7,61.1],[163.8,61.2],[163.9,61.2],[163.9,61.3],[164.0,61.3],[164.0,61.4],[163.9,61.5],[163.8,61.5],[163.8,61.4],[163.8,61.5],[163.8,61.6],[163.9,61.6],[163.9,61.7],[164.0,61.7],[164.1,61.7],[164.1,61.8],[164.0,61.8],[164.1,61.8],[164.1,61.9],[164.1,62.0],[164.1,62.1],[164.1,62.2],[164.1,62.3],[164.2,62.3],[164.3,62.3],[164.4,62.4],[164.5,62.4],[164.5,62.5],[164.6,62.4],[164.6,62.5],[164.7,62.5],[164.9,62.4],[165.0,62.4],[165.1,62.4],[165.2,62.4],[165.3,62.3],[165.3,62.4],[165.2,62.4],[165.1,62.4],[165.1,62.5],[165.2,62.5],[165.3,62.5],[165.4,62.5],[165.6,62.4],[165.7,62.5],[165.6,62.5],[165.5,62.5],[165.4,62.5],[165.1,62.5],[165.0,62.5],[164.9,62.5],[164.8,62.6],[164.7,62.6],[164.6,62.6],[164.6,62.7],[164.5,62.7],[164.4,62.7],[164.3,62.7],[164.2,62.7],[164.1,62.7],[164.0,62.6],[163.9,62.6],[163.8,62.6],[163.7,62.6],[163.6,62.6],[163.5,62.6],[163.5,62.5],[163.4,62.6],[163.4,62.5],[163.3,62.5],[163.2,62.5],[163.3,62.5],[163.2,62.4],[163.3,62.4],[163.4,62.4],[163.4,62.3],[163.3,62.3],[163.2,62.3],[163.1,62.3],[163.1,62.2],[163.1,62.1],[163.2,62.1],[163.1,62.1],[163.2,62.1],[163.2,62.0],[163.1,62.0],[163.1,61.9],[163.0,61.9],[163.1,61.9],[163.0,61.9],[163.0,61.8],[163.1,61.8],[163.1,61.7],[163.2,61.7],[163.3,61.7],[163.3,61.6],[163.2,61.6],[163.1,61.6],[163.1,61.5],[163.0,61.5],[163.0,61.6],[162.9,61.6],[162.9,61.7],[162.8,61.7],[162.7,61.7],[162.6,61.7],[162.6,61.6],[162.7,61.6],[162.8,61.6],[162.7,61.6],[162.6,61.6],[162.5,61.7],[162.4,61.7],[162.4,61.6],[162.3,61.6],[162.2,61.6],[162.2,61.5],[162.1,61.5],[162.1,61.4],[162.0,61.4],[162.1,61.4],[162.0,61.4],[161.9,61.4],[161.9,61.3],[161.8,61.4],[161.8,61.3],[161.7,61.3],[161.6,61.3],[161.6,61.2],[161.5,61.2],[161.4,61.2],[161.4,61.1],[161.5,61.1],[161.4,61.1],[161.3,61.1],[161.2,61.1],[161.2,61.0],[161.1,61.0],[161.0,60.9],[160.9,60.9],[160.9,60.8],[160.8,60.8],[160.8,60.7],[160.7,60.7],[160.7,60.8],[160.6,60.7],[160.5,60.7],[160.4,60.7],[160.3,60.6],[160.2,60.6],[160.1,60.6],[160.2,60.6],[160.1,60.7],[160.2,60.7],[160.3,60.7],[160.2,60.8],[160.3,60.8],[160.2,60.8],[160.3,60.8],[160.2,60.9],[160.3,60.9],[160.4,60.9],[160.4,61.0],[160.3,61.0],[160.2,61.0],[160.1,61.0],[160.0,61.0],[160.0,60.9],[159.9,60.9],[159.8,60.9],[159.8,61.0],[159.9,61.0],[160.0,61.1],[160.0,61.2],[159.9,61.2],[160.0,61.2],[159.9,61.2],[159.9,61.3],[159.8,61.2],[159.8,61.3],[159.9,61.3],[160.0,61.3],[159.9,61.3],[160.0,61.3],[160.0,61.4],[160.1,61.4],[160.0,61.4],[160.1,61.4],[160.1,61.5],[160.1,61.4],[160.0,61.5],[160.1,61.5],[160.2,61.5],[160.3,61.6],[160.2,61.6],[160.3,61.6],[160.3,61.7],[160.4,61.7],[160.4,61.8],[160.4,61.9],[160.3,61.9],[160.2,61.9],[160.1,61.9],[160.0,61.8],[159.9,61.8],[159.9,61.7],[159.8,61.7],[159.7,61.7],[159.6,61.7],[159.5,61.7],[159.5,61.8],[159.6,61.8],[159.5,61.8],[159.4,61.8],[159.4,61.9],[159.3,61.9],[159.2,61.9],[159.1,61.9],[159.0,61.9],[158.9,61.9],[158.8,61.9],[158.9,61.8],[158.8,61.8],[158.7,61.8],[158.6,61.8],[158.5,61.8],[158.4,61.8],[158.3,61.8],[158.2,61.8],[158.1,61.8],[158.1,61.7],[158.0,61.7],[157.9,61.7],[157.9,61.8],[157.8,61.8],[157.7,61.8],[157.5,61.8],[157.4,61.7],[157.3,61.7],[157.2,61.7],[157.1,61.7],[157.0,61.7],[157.0,61.6],[156.9,61.6],[156.8,61.5],[156.7,61.5],[156.6,61.4],[156.6,61.3],[156.7,61.3],[156.7,61.2],[156.6,61.2],[156.5,61.2],[156.4,61.1],[156.3,61.1],[156.1,61.0],[156.0,61.0],[156.0,60.9],[155.9,60.9],[156.0,60.9],[155.9,60.9],[155.9,60.8],[155.9,60.7],[155.8,60.7],[155.7,60.7],[155.7,60.6],[155.6,60.6],[155.5,60.6],[155.5,60.5],[155.4,60.5],[155.3,60.5],[155.2,60.5],[155.2,60.4],[155.1,60.4],[155.0,60.4],[154.9,60.3],[154.8,60.3],[154.8,60.2],[154.7,60.2],[154.6,60.1],[154.5,60.1],[154.5,60.0],[154.5,59.9],[154.5,60.0],[154.5,60.1],[154.6,60.1],[154.5,60.1],[154.4,60.1],[154.4,60.0],[154.5,60.0],[154.5,59.9],[154.4,59.8],[154.4,59.9],[154.3,59.9],[154.2,59.9],[154.2,59.8],[154.2,59.7],[154.3,59.7],[154.4,59.6],[154.3,59.6],[154.3,59.7],[154.2,59.7],[154.2,59.6],[154.1,59.5],[154.3,59.4],[154.3,59.5],[154.4,59.5],[154.3,59.5],[154.4,59.5],[154.4,59.4],[154.5,59.4],[154.5,59.5],[154.4,59.5],[154.5,59.5],[154.6,59.5],[154.7,59.5],[154.8,59.5],[154.9,59.5],[155.0,59.5],[155.0,59.4],[155.1,59.4],[155.2,59.4],[155.2,59.3],[155.2,59.2],[155.1,59.2],[155.2,59.2],[155.1,59.2],[155.0,59.2],[154.9,59.2],[154.8,59.2],[154.8,59.1],[154.7,59.1],[154.7,59.2],[154.6,59.2],[154.5,59.2],[154.4,59.2],[154.3,59.2],[154.4,59.1],[154.3,59.1],[154.2,59.1],[154.1,59.1],[154.0,59.1],[153.9,59.1],[153.8,59.2],[153.7,59.2],[153.8,59.2],[153.7,59.2],[153.6,59.2],[153.5,59.2],[153.4,59.2],[153.3,59.2],[153.3,59.1],[153.4,59.1],[153.3,59.1],[153.2,59.1],[153.1,59.1],[153.0,59.1],[153.0,59.0],[152.9,59.0],[152.9,58.9],[152.8,58.9],[152.7,58.9],[152.6,58.9],[152.5,59.0],[152.4,59.0],[152.4,59.1],[152.3,59.1],[152.3,59.0],[152.4,59.0],[152.3,59.0],[152.2,59.0],[152.2,58.9],[152.1,58.9],[152.0,58.9],[151.9,58.9],[151.8,58.9],[151.7,58.8],[151.6,58.8],[151.5,58.9],[151.4,58.8],[151.3,58.8],[151.4,58.8],[151.4,58.9],[151.3,58.9],[151.2,59.0],[151.1,59.1],[151.2,59.1],[151.3,59.1],[151.4,59.1],[151.4,59.2],[151.5,59.2],[151.6,59.2],[151.7,59.2],[151.7,59.1],[151.8,59.1],[151.8,59.2],[151.9,59.1],[152.0,59.1],[152.0,59.2],[152.1,59.1],[152.1,59.2],[152.2,59.2],[152.3,59.2],[152.2,59.3],[152.1,59.3],[152.0,59.3],[151.9,59.3],[151.8,59.3],[151.7,59.3],[151.8,59.3],[151.7,59.4],[151.7,59.5],[151.6,59.5],[151.5,59.5],[151.5,59.6],[151.4,59.6],[151.5,59.6],[151.4,59.6],[151.3,59.6],[151.2,59.6],[151.1,59.6],[151.0,59.6],[150.9,59.6],[150.9,59.5],[150.9,59.4],[150.8,59.4],[150.7,59.4],[150.8,59.5],[150.7,59.5],[150.6,59.5],[150.5,59.5],[150.6,59.5],[150.7,59.5],[150.8,59.5],[150.8,59.6],[150.7,59.6],[150.7,59.5],[150.6,59.5],[150.5,59.6],[150.4,59.6],[150.3,59.6],[150.3,59.7],[150.2,59.7],[150.1,59.7],[150.0,59.7],[149.8,59.7],[149.6,59.8],[149.4,59.7],[149.4,59.8],[149.3,59.8],[149.4,59.7],[149.3,59.7],[149.2,59.7],[149.1,59.6],[149.1,59.7],[149.0,59.6],[149.1,59.6],[149.1,59.5],[149.2,59.5],[149.1,59.5],[149.0,59.5],[148.9,59.5],[148.8,59.5],[148.9,59.5],[148.8,59.6],[148.8,59.5],[148.7,59.5],[148.7,59.4],[148.8,59.4],[148.9,59.4],[149.0,59.4],[148.9,59.3],[149.0,59.3],[148.9,59.2],[148.9,59.3],[148.8,59.3],[148.8,59.2],[148.7,59.2],[148.7,59.3],[148.6,59.2],[148.5,59.3],[148.4,59.3],[148.4,59.4],[148.3,59.4],[148.2,59.4],[148.0,59.4],[147.9,59.4],[147.8,59.4],[147.8,59.3],[147.7,59.3],[147.6,59.3],[147.5,59.2],[147.4,59.3],[147.3,59.3],[147.2,59.3],[147.1,59.3],[147.1,59.4],[147.0,59.4],[146.9,59.4],[146.7,59.4],[146.6,59.4],[146.6,59.5],[146.5,59.5],[146.4,59.5],[146.4,59.4],[146.3,59.4],[146.3,59.3],[146.3,59.2],[146.4,59.2],[146.3,59.2],[146.2,59.2],[146.1,59.2],[146.1,59.1],[146.0,59.1],[146.0,59.2],[145.9,59.2],[145.8,59.2],[145.8,59.3],[145.9,59.3],[145.9,59.4],[146.0,59.4],[145.9,59.4],[145.8,59.4],[145.7,59.4],[145.6,59.4],[145.5,59.4],[145.4,59.4],[145.3,59.4],[145.2,59.4],[145.1,59.4],[145.0,59.4],[144.8,59.4],[144.6,59.4],[144.7,59.4],[144.5,59.4],[144.4,59.4],[144.3,59.4],[144.1,59.4],[143.9,59.4],[143.8,59.4],[143.6,59.3],[143.5,59.3],[143.4,59.3],[143.3,59.4],[143.2,59.4],[143.1,59.4],[143.2,59.4],[142.9,59.3],[142.6,59.2],[142.3,59.1],[142.1,59.1],[142.1,59.0],[142.0,59.0],[141.9,58.9],[141.8,58.8],[141.7,58.7],[141.6,58.6],[141.4,58.5],[141.2,58.5],[141.1,58.5],[141.0,58.4],[140.9,58.4],[140.7,58.3],[140.7,58.2],[140.6,58.1],[140.5,57.9],[140.5,57.8],[140.4,57.8],[140.3,57.8],[140.3,57.7],[140.3,57.8],[140.2,57.8],[140.2,57.7],[140.1,57.7],[140.0,57.7],[139.9,57.7],[139.9,57.6],[139.8,57.5],[139.7,57.5],[139.6,57.5],[139.6,57.4],[139.5,57.4],[139.5,57.3],[139.4,57.3],[139.3,57.3],[139.2,57.3],[139.1,57.2],[139.0,57.2],[139.0,57.1],[139.0,57.2],[139.0,57.1],[138.9,57.1],[138.9,57.0],[138.8,57.0],[138.7,57.0],[138.6,57.0],[138.6,56.9],[138.6,56.8],[138.5,56.8],[138.5,56.9],[138.5,56.8],[138.4,56.8],[138.4,56.7],[138.3,56.7],[138.3,56.6],[138.2,56.6],[138.1,56.6],[138.1,56.5],[138.2,56.5],[138.3,56.5],[138.2,56.5],[138.2,56.4],[138.2,56.5],[138.1,56.4],[138.0,56.4],[137.9,56.4],[137.9,56.3],[137.8,56.2],[137.7,56.2],[137.7,56.1],[137.6,56.1],[137.5,56.1],[137.4,56.0],[137.4,55.9],[137.4,56.0],[137.3,56.0],[137.3,55.9],[137.2,55.9],[137.1,55.9],[137.0,55.8],[137.1,55.8],[137.0,55.8],[136.9,55.8],[136.9,55.7],[136.8,55.7],[136.7,55.7],[136.7,55.6],[136.6,55.6],[136.5,55.6],[136.4,55.6],[136.4,55.5],[136.3,55.5],[136.3,55.4],[136.2,55.4],[136.2,55.3],[136.1,55.3],[136.0,55.3],[136.0,55.2],[135.9,55.2],[135.8,55.2],[135.8,55.1],[135.7,55.1],[135.6,55.1],[135.5,55.1],[135.5,55.0],[135.4,55.0],[135.3,55.0],[135.3,54.9],[135.2,54.9],[135.2,54.8],[135.3,54.7],[135.2,54.7],[135.3,54.7],[135.7,54.7],[135.7,54.6],[135.8,54.6],[135.9,54.6],[136.0,54.6],[136.1,54.6],[136.2,54.6],[136.3,54.6],[136.5,54.6],[136.6,54.6],[136.6,54.7],[136.7,54.7],[136.7,54.6],[136.8,54.6],[136.8,54.7],[136.8,54.6],[136.9,54.6],[136.8,54.6],[136.8,54.5],[136.8,54.4],[136.7,54.4],[136.8,54.4],[136.8,54.3],[136.8,54.2],[136.8,54.1],[136.7,54.0],[136.7,53.9],[136.7,53.8],[136.8,53.8],[136.9,53.8],[137.0,53.9],[137.0,53.8],[137.1,53.8],[137.2,53.8],[137.2,53.9],[137.2,54.0],[137.3,54.0],[137.3,54.1],[137.2,54.0],[137.1,54.1],[137.1,54.2],[137.2,54.2],[137.3,54.2],[137.3,54.3],[137.4,54.3],[137.5,54.3],[137.6,54.3],[137.7,54.3],[137.6,54.2],[137.5,54.2],[137.5,54.1],[137.4,54.1],[137.5,54.1],[137.4,54.1],[137.3,54.1],[137.3,54.0],[137.4,54.0],[137.5,54.0],[137.6,54.0],[137.7,54.0],[137.8,53.9],[137.8,54.0],[137.9,54.0],[137.8,54.0],[137.8,53.9],[137.7,53.9],[137.6,53.9],[137.6,53.8],[137.6,53.7],[137.5,53.7],[137.4,53.7],[137.3,53.7],[137.3,53.6],[137.2,53.6],[137.3,53.5],[137.4,53.5],[137.7,53.6],[137.9,53.6],[138.0,53.7],[138.2,53.7],[138.3,53.7],[138.3,53.8],[138.3,53.9],[138.4,53.9],[138.5,53.9],[138.6,54.0],[138.6,53.9],[138.6,53.8],[138.5,53.8],[138.4,53.7],[138.3,53.6],[138.2,53.6],[138.2,53.5],[138.3,53.5],[138.4,53.5],[138.5,53.5],[138.5,53.6],[138.6,53.6],[138.7,53.7],[138.7,53.8],[138.7,53.9],[138.8,54.0],[138.8,54.1],[138.7,54.1],[138.7,54.2],[138.7,54.3],[138.6,54.3],[138.7,54.3],[138.9,54.3],[139.1,54.2],[139.2,54.2],[139.3,54.2],[139.4,54.2],[139.6,54.3],[139.7,54.3],[139.8,54.3],[139.8,54.2],[139.9,54.2],[140.0,54.1],[140.1,54.1],[140.2,54.1],[140.2,54.0],[140.3,54.0],[140.3,53.9],[140.4,53.8],[140.5,53.7],[140.6,53.6],[140.7,53.6],[141.0,53.5],[141.1,53.5],[141.0,53.5],[140.9,53.5],[140.9,53.4],[141.0,53.4],[141.0,53.5],[141.0,53.4],[141.1,53.4],[141.2,53.4],[141.2,53.3],[141.3,53.3],[141.4,53.3],[141.4,53.2],[141.4,53.1],[141.3,53.1],[141.4,53.1],[141.3,53.1],[141.2,53.1],[141.2,53.0],[141.3,53.0],[141.2,53.0],[141.1,53.0],[141.0,53.0],[141.0,53.1],[140.9,53.1],[140.8,53.1],[140.7,53.1],[140.8,53.1],[140.9,53.0],[141.0,53.0],[141.0,52.9],[141.1,52.9],[141.2,52.9],[141.2,52.8],[141.3,52.9],[141.3,52.8],[141.2,52.8],[141.3,52.8],[141.3,52.7],[141.3,52.6],[141.2,52.5],[141.1,52.5],[141.1,52.4],[141.2,52.4],[141.2,52.3],[141.3,52.3],[141.4,52.3],[141.4,52.2],[141.5,52.2],[141.6,52.2],[141.6,52.1],[141.5,52.2],[141.4,52.1],[141.3,52.1],[141.4,52.1],[141.3,52.1],[141.3,52.0],[141.4,52.0],[141.4,51.9],[141.3,51.9],[141.2,51.8],[141.1,51.7],[141.0,51.7],[140.9,51.6],[140.9,51.5],[140.8,51.5],[140.8,51.4],[140.9,51.4],[140.8,51.3],[140.7,51.3],[140.7,51.2],[140.7,51.1],[140.7,51.0],[140.7,50.9],[140.6,50.9],[140.5,50.9],[140.5,50.8],[140.5,50.7],[140.5,50.6],[140.4,50.5],[140.5,50.5],[140.5,50.4],[140.5,50.3],[140.5,50.2],[140.5,50.1],[140.6,50.1],[140.7,50.1],[140.6,50.0],[140.5,50.0],[140.5,49.9],[140.4,49.9],[140.5,49.8],[140.5,49.7],[140.5,49.6],[140.6,49.6],[140.5,49.5],[140.5,49.4],[140.4,49.4],[140.4,49.3],[140.3,49.3],[140.4,49.3],[140.4,49.2],[140.3,49.2],[140.4,49.2],[140.4,49.1],[140.3,49.1],[140.3,49.0],[140.2,49.0],[140.3,49.0],[140.2,49.0],[140.3,49.0],[140.4,49.0],[140.4,48.9],[140.3,48.9],[140.3,48.8],[140.2,48.8],[140.2,48.7],[140.2,48.6],[140.2,48.5],[140.2,48.4],[140.1,48.4],[140.0,48.3],[139.8,48.2],[139.7,48.2],[139.7,48.1],[139.6,48.0],[139.5,48.0],[139.4,47.9],[139.3,47.8],[139.2,47.8],[139.2,47.7],[139.2,47.6],[139.1,47.6],[139.1,47.5],[139.0,47.5],[139.0,47.4],[139.0,47.3],[138.9,47.3],[138.7,47.1],[138.6,47.1],[138.6,47.0],[138.5,47.0],[138.5,46.9],[138.4,46.8],[138.4,46.7],[138.3,46.7],[138.3,46.6],[138.4,46.6],[138.3,46.5],[138.2,46.5],[138.1,46.3],[138.1,46.2],[138.0,46.2],[138.0,46.1],[137.9,46.1],[137.9,46.0],[137.8,45.9],[137.7,45.9],[137.7,45.8],[137.6,45.8],[137.5,45.7],[137.4,45.6],[137.3,45.6],[137.3,45.5],[137.2,45.5],[137.1,45.4],[136.9,45.3],[136.8,45.2],[136.8,45.1],[136.7,45.1],[136.7,45.0],[136.6,45.0],[136.6,44.9],[136.5,44.9],[136.5,44.8],[136.4,44.8],[136.3,44.8],[136.3,44.7],[136.2,44.7],[136.2,44.6],[136.2,44.5],[136.1,44.5],[136.0,44.4],[136.0,44.5],[136.0,44.4],[135.9,44.4],[135.8,44.4],[135.8,44.3],[135.7,44.2],[135.6,44.1],[135.7,44.1],[135.6,44.1],[135.6,44.0],[135.5,44.0],[135.5,43.9],[135.5,44.0],[135.5,43.9],[135.5,43.8],[135.4,43.8],[135.4,43.7],[135.3,43.7],[135.2,43.7],[135.2,43.6],[135.1,43.5],[135.0,43.5],[135.0,43.4],[134.9,43.4],[134.8,43.4],[134.8,43.3],[134.7,43.3],[134.6,43.3],[134.6,43.2],[134.5,43.2],[134.4,43.2],[134.4,43.1],[134.3,43.1],[134.2,43.1],[134.2,43.0],[134.1,43.0],[134.0,43.0],[133.9,42.9],[133.8,42.9],[133.7,42.8],[133.7,42.9],[133.6,42.9],[133.6,42.8],[133.6,42.9],[133.6,42.8],[133.5,42.8],[133.4,42.8],[133.3,42.8],[133.2,42.7],[133.1,42.7],[133.0,42.7],[133.1,42.7],[133.1,42.8],[133.0,42.8],[132.9,42.8],[132.9,42.7],[132.8,42.7],[132.8,42.8],[132.8,42.9],[132.7,42.9],[132.6,42.9],[132.6,42.8],[132.5,42.9],[132.4,42.9],[132.3,42.9],[132.4,42.9],[132.3,42.9],[132.3,42.8],[132.3,42.9],[132.3,43.0],[132.3,43.1],[132.3,43.2],[132.4,43.2],[132.3,43.2],[132.3,43.3],[132.4,43.3],[132.3,43.3],[132.2,43.2],[132.1,43.2],[132.0,43.1],[131.9,43.1],[131.8,43.1],[131.9,43.1],[131.9,43.2],[132.0,43.2],[132.0,43.3],[132.1,43.3],[132.0,43.3],[131.9,43.3],[131.8,43.3],[131.8,43.2],[131.7,43.2],[131.8,43.2],[131.7,43.2],[131.6,43.2],[131.7,43.2],[131.7,43.1],[131.6,43.0],[131.5,43.0],[131.5,42.9],[131.4,42.9],[131.4,43.0],[131.4,42.9],[131.5,42.9],[131.4,42.9],[131.4,42.8],[131.3,42.8],[131.2,42.7],[131.3,42.7],[131.2,42.7],[131.2,42.6],[131.1,42.6],[131.1,42.7],[131.1,42.6],[131.0,42.6],[130.9,42.6],[130.8,42.6],[130.9,42.6],[130.9,42.7],[130.8,42.7],[130.7,42.7],[130.7,42.6],[130.8,42.6],[130.9,42.5],[130.8,42.5],[130.8,42.4],[130.7,42.4],[130.7,42.3],[130.7,42.4],[130.6,42.4],[130.6,42.5],[130.5,42.5],[130.6,42.6],[130.5,42.7],[130.4,42.7],[130.5,42.8],[130.6,42.8],[130.7,42.8],[130.8,42.9],[130.9,42.8],[131.0,42.8],[131.0,42.9],[131.1,42.9],[131.1,43.0],[131.1,43.1],[131.2,43.1],[131.2,43.2],[131.2,43.3],[131.3,43.4],[131.3,43.5],[131.2,43.5],[131.2,43.6],[131.2,43.7],[131.2,43.8],[131.2,43.9],[131.2,44.0],[131.3,44.0],[131.3,44.1],[131.2,44.4],[131.1,44.7],[131.0,44.7],[131.0,44.8],[130.9,44.8],[131.0,44.9],[131.1,44.9],[131.2,44.9],[131.3,44.9],[131.3,45.0],[131.4,45.0],[131.5,45.0],[131.6,45.1],[131.6,45.2],[131.7,45.2],[131.8,45.3],[131.9,45.3],[131.9,45.2],[132.0,45.2],[132.4,45.1],[132.8,45.1],[132.9,45.0],[133.0,45.0],[133.0,45.1],[133.1,45.1],[133.1,45.2],[133.1,45.3],[133.1,45.4],[133.2,45.5],[133.3,45.5],[133.4,45.6],[133.5,45.6],[133.5,45.7],[133.4,45.7],[133.5,45.7],[133.5,45.8],[133.5,45.9],[133.6,45.9],[133.7,45.9],[133.7,46.0],[133.7,46.1],[133.7,46.2],[133.8,46.2],[133.9,46.2],[133.9,46.3],[133.9,46.4],[133.8,46.5],[133.9,46.5],[133.9,46.6],[134.0,46.6],[134.0,46.7],[134.0,46.8],[134.1,46.9],[134.1,47.0],[134.1,47.1],[134.2,47.1],[134.2,47.2],[134.2,47.3],[134.2,47.4],[134.3,47.4],[134.4,47.4],[134.5,47.4],[134.5,47.5],[134.6,47.5],[134.7,47.6],[134.7,47.7],[134.8,47.7],[134.7,47.8],[134.7,47.9],[134.6,47.9],[134.6,48.0],[134.6,48.1],[134.7,48.1],[134.7,48.2],[134.7,48.3],[134.6,48.3],[134.5,48.4],[134.5,48.3],[134.4,48.4],[134.2,48.4],[134.1,48.3],[134.0,48.3],[133.9,48.3],[133.8,48.3],[133.7,48.3],[133.7,48.2],[133.6,48.2],[133.6,48.1],[133.5,48.1],[133.4,48.1],[133.3,48.1],[133.2,48.1],[133.1,48.1],[133.0,48.1],[132.9,48.0],[132.8,48.0],[132.8,47.9],[132.7,48.0],[132.7,47.9],[132.6,47.8],[132.6,47.7],[132.5,47.7],[132.4,47.7],[132.3,47.7],[132.2,47.7],[132.1,47.7],[132.0,47.7],[131.9,47.7],[131.8,47.7],[131.7,47.7],[131.6,47.7],[131.5,47.7],[131.4,47.7],[131.2,47.7],[131.1,47.7],[131.0,47.7],[130.9,47.7],[130.9,47.8],[130.9,47.9],[130.7,48.1],[130.7,48.2],[130.8,48.2],[130.8,48.3],[130.8,48.4],[130.7,48.4],[130.8,48.5],[130.7,48.5],[130.6,48.5],[130.6,48.6],[130.5,48.6],[130.6,48.8],[130.7,48.8],[130.7,48.9],[130.6,48.9],[130.5,48.9],[130.4,48.9],[130.3,48.9],[130.2,48.9],[130.0,49.0],[129.9,49.0],[129.9,49.1],[129.8,49.1],[129.8,49.2],[129.7,49.2],[129.7,49.3],[129.6,49.3],[129.5,49.3],[129.5,49.4],[129.4,49.4],[129.4,49.3],[129.3,49.3],[129.3,49.4],[129.2,49.4],[129.1,49.4],[129.1,49.3],[129.1,49.4],[129.0,49.4],[128.9,49.4],[128.9,49.5],[128.8,49.5],[128.8,49.6],[128.7,49.6],[128.6,49.6],[128.4,49.6],[128.3,49.5],[128.3,49.6],[128.2,49.6],[128.2,49.5],[128.1,49.5],[128.0,49.6],[127.9,49.6],[127.8,49.6],[127.7,49.6],[127.7,49.7],[127.6,49.8],[127.5,49.8],[127.5,49.9],[127.5,50.0],[127.5,50.1],[127.6,50.1],[127.6,50.2],[127.4,50.3],[127.3,50.3],[127.3,50.4],[127.4,50.4],[127.3,50.4],[127.3,50.5],[127.4,50.5],[127.4,50.6],[127.3,50.6],[127.3,50.7],[127.3,50.8],[127.2,50.8],[127.1,50.9],[127.0,51.0],[126.9,51.0],[126.9,51.1],[126.9,51.2],[126.9,51.3],[127.0,51.3],[126.9,51.3],[126.8,51.3],[126.9,51.4],[126.8,51.4],[126.8,51.5],[126.7,51.6],[126.7,51.7],[126.6,51.7],[126.4,52.0],[126.5,52.0],[126.5,52.1],[126.6,52.1],[126.5,52.2],[126.4,52.2],[126.3,52.2],[126.4,52.3],[126.3,52.3],[126.3,52.4],[126.4,52.4],[126.3,52.4],[126.3,52.5],[126.2,52.5],[126.1,52.6],[126.0,52.6],[126.0,52.7],[126.1,52.7],[126.0,52.7],[126.1,52.7],[126.1,52.8],[126.0,52.8],[125.9,52.8],[125.9,52.9],[125.8,52.9],[125.7,52.9],[125.6,52.9],[125.7,52.9],[125.7,53.0],[125.6,53.0],[125.6,53.1],[125.5,53.0],[125.5,53.1],[125.4,53.1],[125.1,53.2],[125.0,53.2],[124.9,53.2],[124.9,53.1],[124.8,53.1],[124.8,53.2],[124.7,53.1],[124.7,53.2],[124.6,53.2],[124.5,53.2],[124.4,53.2],[124.4,53.3],[124.3,53.3],[124.3,53.4],[124.2,53.4],[124.1,53.4],[124.0,53.4],[124.0,53.5],[123.9,53.5],[123.7,53.5],[123.6,53.6],[123.6,53.5],[123.5,53.5],[123.5,53.6],[123.5,53.5],[123.4,53.5],[123.3,53.6],[123.2,53.6],[123.2,53.5],[123.0,53.5],[122.9,53.5],[122.5,53.5],[122.4,53.5],[122.3,53.5],[122.2,53.5],[122.1,53.5],[122.1,53.4],[122.0,53.4],[121.9,53.4],[121.6,53.4],[121.5,53.3],[121.4,53.3],[121.3,53.3],[121.2,53.3],[121.1,53.3],[120.9,53.3],[120.8,53.3],[120.8,53.2],[120.7,53.2],[120.7,53.1],[120.6,53.1],[120.5,53.1],[120.5,53.0],[120.4,53.0],[120.4,52.9],[120.3,52.9],[120.2,52.8],[120.1,52.8],[120.0,52.8],[120.0,52.7],[120.1,52.7],[120.0,52.7],[120.0,52.6],[120.1,52.6],[120.2,52.6],[120.3,52.6],[120.4,52.6],[120.5,52.6],[120.6,52.6],[120.7,52.6],[120.7,52.5],[120.7,52.4],[120.6,52.4],[120.6,52.3],[120.7,52.3],[120.8,52.2],[120.8,52.1],[120.7,52.1],[120.7,52.0],[120.7,51.9],[120.6,51.9],[120.5,51.9],[120.5,51.8],[120.4,51.8],[120.3,51.8],[120.2,51.7],[120.1,51.7],[120.1,51.6],[120.0,51.5],[120.0,51.4],[119.9,51.4],[119.9,51.3],[119.8,51.3],[119.8,51.2],[119.8,51.1],[119.7,51.1],[119.7,51.0],[119.6,51.0],[119.6,50.9],[119.5,50.9],[119.5,50.8],[119.5,50.7],[119.4,50.7],[119.4,50.6],[119.3,50.6],[119.3,50.5],[119.2,50.4],[119.1,50.4],[119.2,50.4],[119.2,50.3],[119.3,50.3],[119.3,50.4],[119.3,50.3],[119.4,50.3],[119.3,50.3],[119.3,50.2],[119.3,50.1],[119.3,50.0],[119.2,50.0],[119.1,50.0],[119.0,50.0],[118.9,50.0],[118.8,50.0],[118.7,50.0],[118.7,49.9],[118.7,50.0],[118.6,50.0],[118.6,49.9],[118.5,49.9],[118.5,49.8],[118.4,49.8],[118.3,49.8],[118.2,49.7],[118.1,49.7],[118.1,49.6],[118.0,49.6],[117.9,49.6],[117.9,49.5],[117.8,49.5],[117.5,49.6],[117.3,49.6],[117.1,49.7],[116.7,49.8],[116.7,49.9],[116.6,49.9],[116.3,50.0],[116.2,50.0],[116.1,50.0],[115.8,49.9],[115.7,49.9],[115.6,49.9],[115.5,49.9],[115.4,49.9],[115.2,50.0],[115.1,50.1],[115.0,50.1],[114.8,50.2],[114.7,50.3],[114.5,50.2],[114.4,50.2],[114.3,50.3],[114.2,50.3],[114.1,50.2],[114.0,50.2],[113.8,50.1],[113.6,50.0],[113.5,50.0],[113.4,49.9],[113.2,49.8],[113.1,49.7],[113.1,49.6],[113.0,49.6],[112.9,49.6],[112.9,49.5],[112.8,49.5],[112.7,49.5],[112.6,49.5],[112.5,49.5],[112.4,49.5],[112.1,49.4],[112.0,49.4],[111.7,49.4],[111.6,49.4],[111.5,49.3],[111.4,49.3],[111.4,49.4],[111.3,49.4],[111.3,49.3],[111.1,49.3],[111.0,49.2],[110.8,49.2],[110.7,49.1],[110.6,49.1],[110.5,49.2],[110.4,49.2],[110.3,49.2],[110.2,49.2],[109.9,49.2],[109.8,49.2],[109.8,49.3],[109.7,49.3],[109.5,49.3],[109.4,49.3],[109.3,49.3],[109.2,49.3],[109.1,49.3],[109.0,49.3],[108.9,49.3],[108.8,49.3],[108.6,49.3],[108.5,49.3],[108.5,49.4],[108.3,49.4],[108.3,49.5],[108.2,49.5],[108.1,49.5],[108.1,49.6],[108.0,49.6],[108.0,49.7],[107.9,49.7],[108.0,49.7],[108.0,49.8],[107.9,49.8],[107.9,49.9],[108.0,49.9],[107.9,49.9],[107.8,49.9],[107.8,50.0],[107.7,50.0],[107.4,50.0],[107.3,50.0],[107.2,50.0],[107.1,50.1],[107.0,50.1],[107.0,50.2],[106.9,50.2],[106.8,50.3],[106.7,50.3],[106.5,50.3],[106.4,50.3],[106.2,50.3],[106.1,50.3],[106.0,50.3],[106.0,50.4],[105.9,50.4],[105.8,50.4],[105.6,50.4],[105.3,50.5],[105.2,50.5],[105.1,50.4],[104.9,50.4],[104.8,50.4],[104.7,50.4],[104.7,50.3],[104.6,50.3],[104.5,50.3],[104.4,50.3],[104.3,50.3],[104.3,50.2],[104.2,50.2],[104.1,50.1],[104.0,50.1],[103.8,50.2],[103.7,50.1],[103.6,50.1],[103.5,50.2],[103.4,50.2],[103.3,50.2],[103.2,50.2],[103.2,50.3],[103.1,50.3],[103.0,50.3],[102.9,50.3],[102.8,50.4],[102.6,50.4],[102.5,50.5],[102.4,50.5],[102.3,50.5],[102.3,50.6],[102.3,50.7],[102.2,50.8],[102.2,50.9],[102.2,51.0],[102.2,51.1],[102.1,51.1],[102.1,51.2],[102.2,51.2],[102.1,51.2],[102.2,51.3],[102.1,51.4],[102.0,51.4],[101.9,51.4],[101.8,51.4],[101.7,51.4],[101.7,51.5],[101.6,51.5],[101.5,51.5],[101.4,51.5],[101.3,51.5],[101.2,51.5],[101.1,51.5],[101.1,51.6],[100.6,51.7],[100.5,51.7],[100.2,51.7],[100.1,51.7],[100.0,51.7],[99.9,51.7],[99.8,51.8],[99.7,51.9],[99.6,51.9],[99.3,51.9],[99.3,52.0],[99.2,52.0],[99.0,52.0],[99.0,52.1],[98.9,52.1],[98.8,52.1],[98.8,52.0],[98.8,51.9],[98.7,51.8],[98.6,51.8],[98.4,51.7],[98.3,51.7],[98.3,51.6],[98.2,51.6],[98.2,51.5],[98.1,51.5],[98.0,51.5],[98.0,51.4],[97.9,51.3],[97.9,51.2],[97.9,51.1],[97.8,51.0],[97.8,50.9],[97.9,50.9],[98.0,50.9],[98.0,50.8],[97.9,50.8],[98.0,50.7],[98.0,50.6],[98.1,50.6],[98.2,50.6],[98.3,50.6],[98.3,50.5],[98.3,50.4],[98.3,50.3],[98.1,50.1],[98.0,50.0],[97.9,50.0],[97.8,49.9],[97.8,50.0],[97.7,50.0],[97.6,49.9],[97.6,49.8],[97.5,49.8],[97.4,49.7],[97.3,49.7],[97.2,49.7],[97.2,49.8],[97.1,49.8],[97.0,49.8],[97.0,49.9],[96.7,49.9],[96.6,49.9],[96.5,49.9],[96.4,49.9],[96.3,49.9],[96.2,49.9],[96.1,50.0],[96.0,50.0],[95.9,49.9],[95.9,50.0],[95.8,50.0],[95.7,50.0],[95.7,49.9],[95.6,49.9],[95.5,49.9],[95.4,49.9],[95.1,49.9],[95.0,50.0],[94.9,50.0],[94.7,50.0],[94.6,50.0],[94.6,50.1],[94.5,50.1],[94.5,50.2],[94.4,50.2],[94.3,50.2],[94.3,50.3],[94.3,50.4],[94.3,50.5],[94.3,50.6],[94.2,50.6],[93.9,50.6],[93.5,50.6],[93.4,50.6],[93.2,50.6],[93.1,50.6],[93.0,50.6],[93.0,50.7],[93.0,50.8],[92.9,50.8],[92.8,50.8],[92.7,50.7],[92.6,50.7],[92.5,50.8],[92.4,50.8],[92.4,50.9],[92.3,50.9],[92.3,50.8],[92.2,50.7],[92.1,50.7],[91.9,50.7],[91.8,50.7],[91.7,50.7],[91.7,50.6],[91.6,50.6],[91.5,50.5],[91.4,50.5],[91.3,50.5],[91.2,50.4],[91.1,50.4],[91.0,50.4],[90.9,50.4],[90.9,50.3],[90.8,50.3],[90.7,50.3],[90.7,50.2],[90.6,50.2],[90.5,50.2],[90.4,50.2],[90.3,50.2],[90.2,50.1],[90.1,50.1],[90.0,50.1],[90.0,50.0],[89.9,50.0],[89.9,49.9],[89.7,49.9],[89.6,49.9],[89.6,49.8],[89.7,49.8],[89.7,49.7],[89.6,49.7],[89.5,49.7],[89.5,49.6],[89.4,49.6],[89.3,49.6],[89.2,49.6],[89.2,49.5],[89.0,49.5],[88.9,49.5],[88.9,49.4],[88.7,49.4],[88.7,49.5],[88.6,49.5],[88.5,49.5],[88.4,49.5],[88.2,49.5],[88.2,49.4],[88.1,49.4],[88.1,49.3],[88.1,49.2],[88.0,49.2],[87.9,49.2],[87.8,49.2]]],[[[-180.0,65.1],[-180.0,65.6],[-180.0,66.1],[-180.0,66.6],[-180.0,67.1],[-180.0,67.6],[-180.0,68.1],[-180.0,68.6],[-180.0,69.0],[-179.7,68.9],[-179.6,68.9],[-179.5,68.9],[-179.5,69.0],[-179.5,68.9],[-179.4,68.9],[-179.3,68.9],[-179.4,68.9],[-179.4,68.8],[-179.3,68.8],[-179.2,68.8],[-179.1,68.8],[-178.9,68.8],[-178.8,68.8],[-178.7,68.7],[-178.6,68.6],[-178.5,68.6],[-178.6,68.6],[-178.7,68.6],[-178.7,68.7],[-178.7,68.6],[-178.7,68.5],[-178.6,68.5],[-178.5,68.5],[-178.4,68.5],[-178.3,68.5],[-178.2,68.5],[-178.0,68.4],[-178.0,68.3],[-178.1,68.3],[-178.0,68.3],[-177.9,68.3],[-177.8,68.3],[-177.7,68.3],[-178.0,68.4],[-178.2,68.5],[-178.3,68.5],[-178.4,68.5],[-178.4,68.6],[-178.0,68.5],[-177.7,68.4],[-177.7,68.3],[-177.5,68.3],[-177.6,68.3],[-177.8,68.3],[-177.7,68.3],[-177.7,68.2],[-177.6,68.2],[-177.5,68.2],[-177.4,68.2],[-177.3,68.2],[-177.2,68.2],[-177.3,68.2],[-177.2,68.2],[-177.2,68.1],[-177.1,68.2],[-176.9,68.1],[-176.8,68.1],[-176.6,68.0],[-176.7,68.0],[-176.8,68.0],[-176.7,67.9],[-176.6,67.9],[-176.5,67.9],[-176.4,67.9],[-176.2,67.9],[-176.3,67.9],[-176.4,67.9],[-176.4,68.0],[-176.5,68.0],[-176.4,68.0],[-176.3,67.9],[-176.1,67.9],[-176.0,67.9],[-175.9,67.9],[-175.9,67.8],[-176.0,67.9],[-176.1,67.8],[-176.1,67.7],[-176.0,67.7],[-176.1,67.7],[-176.2,67.7],[-176.3,67.7],[-176.2,67.6],[-176.1,67.6],[-176.0,67.6],[-175.9,67.6],[-175.8,67.6],[-175.7,67.6],[-175.8,67.7],[-175.9,67.6],[-175.9,67.7],[-175.8,67.7],[-175.9,67.7],[-176.0,67.7],[-175.9,67.7],[-175.9,67.8],[-175.8,67.8],[-175.5,67.7],[-175.4,67.7],[-175.3,67.7],[-175.3,67.6],[-175.2,67.6],[-175.2,67.5],[-175.1,67.5],[-175.2,67.5],[-175.2,67.4],[-175.4,67.4],[-175.3,67.3],[-175.2,67.3],[-175.1,67.3],[-175.1,67.4],[-175.0,67.4],[-175.0,67.5],[-175.1,67.5],[-175.0,67.4],[-174.9,67.4],[-174.8,67.4],[-174.8,67.3],[-174.9,67.3],[-174.9,67.2],[-174.9,67.1],[-174.9,67.0],[-174.8,67.0],[-174.8,66.9],[-174.7,66.9],[-174.8,66.9],[-174.7,66.9],[-174.7,66.8],[-174.7,66.7],[-174.8,66.8],[-174.8,66.7],[-174.9,66.7],[-175.0,66.7],[-174.9,66.7],[-174.9,66.6],[-174.8,66.6],[-174.7,66.6],[-174.6,66.6],[-174.5,66.5],[-174.4,66.5],[-174.5,66.5],[-174.5,66.4],[-174.4,66.4],[-174.4,66.3],[-174.5,66.3],[-174.4,66.3],[-174.5,66.3],[-174.4,66.3],[-174.3,66.3],[-174.4,66.3],[-174.3,66.4],[-174.2,66.4],[-174.2,66.5],[-174.1,66.5],[-174.0,66.5],[-174.0,66.4],[-173.9,66.4],[-173.9,66.3],[-174.0,66.3],[-174.0,66.2],[-173.9,66.3],[-173.8,66.3],[-173.9,66.3],[-173.8,66.3],[-173.7,66.4],[-173.7,66.5],[-173.8,66.5],[-173.9,66.5],[-174.0,66.5],[-174.1,66.5],[-174.2,66.5],[-174.2,66.6],[-174.3,66.6],[-174.2,66.6],[-174.1,66.6],[-174.0,66.6],[-173.9,66.7],[-173.9,66.8],[-174.0,66.8],[-174.0,66.9],[-174.0,67.0],[-174.1,67.0],[-174.2,67.0],[-174.3,67.0],[-174.2,67.0],[-174.3,67.0],[-174.4,67.0],[-174.5,67.0],[-174.4,67.1],[-174.6,67.0],[-174.6,67.1],[-174.2,67.1],[-173.9,67.1],[-173.8,67.1],[-173.7,67.1],[-173.6,67.1],[-173.5,67.1],[-173.4,67.1],[-173.5,67.1],[-173.5,67.0],[-173.4,67.0],[-173.4,67.1],[-173.3,67.1],[-173.1,67.1],[-173.1,67.0],[-173.2,67.0],[-173.2,67.1],[-173.3,67.1],[-173.3,67.0],[-173.2,67.0],[-173.1,67.0],[-173.2,67.0],[-173.3,67.0],[-173.3,66.9],[-173.3,66.8],[-173.2,66.8],[-173.1,66.8],[-173.1,66.9],[-173.2,66.9],[-173.2,67.0],[-173.1,67.0],[-173.1,66.9],[-173.0,66.9],[-172.9,66.9],[-172.8,66.9],[-172.7,66.9],[-172.6,66.9],[-172.5,66.9],[-172.4,66.9],[-172.5,67.0],[-172.7,67.0],[-172.8,67.0],[-172.9,67.0],[-173.0,67.0],[-172.8,67.0],[-172.7,67.0],[-172.6,67.0],[-172.4,67.0],[-172.2,67.0],[-172.1,67.0],[-172.0,67.0],[-171.9,67.0],[-171.8,67.0],[-171.7,67.0],[-171.6,66.9],[-171.7,66.9],[-171.6,66.8],[-171.4,66.8],[-171.3,66.7],[-171.4,66.7],[-171.3,66.6],[-171.1,66.6],[-171.0,66.5],[-170.9,66.5],[-170.8,66.5],[-170.7,66.5],[-170.7,66.4],[-170.6,66.4],[-170.5,66.3],[-170.4,66.3],[-170.5,66.3],[-170.5,66.2],[-170.6,66.2],[-170.7,66.2],[-170.6,66.2],[-170.5,66.2],[-170.5,66.3],[-170.4,66.3],[-170.3,66.3],[-170.2,66.3],[-170.2,66.2],[-170.1,66.2],[-170.2,66.2],[-170.3,66.2],[-170.2,66.1],[-170.1,66.1],[-170.1,66.2],[-170.0,66.2],[-170.0,66.1],[-169.9,66.1],[-169.9,66.2],[-170.0,66.2],[-169.9,66.2],[-169.8,66.2],[-169.7,66.1],[-169.6,66.1],[-169.7,66.1],[-169.7,66.0],[-169.8,66.0],[-169.9,66.0],[-170.0,66.0],[-170.1,66.0],[-170.2,66.0],[-170.3,65.9],[-170.4,65.9],[-170.5,65.9],[-170.6,65.9],[-170.6,65.8],[-170.6,65.9],[-170.5,65.9],[-170.5,65.8],[-170.6,65.8],[-170.5,65.7],[-170.5,65.6],[-170.6,65.6],[-170.7,65.6],[-170.9,65.6],[-171.1,65.7],[-171.2,65.7],[-171.2,65.8],[-171.3,65.8],[-171.4,65.8],[-171.5,65.8],[-171.4,65.8],[-171.4,65.7],[-171.3,65.7],[-171.4,65.7],[-171.3,65.7],[-171.2,65.7],[-171.2,65.6],[-171.1,65.6],[-171.0,65.6],[-171.0,65.5],[-171.2,65.5],[-171.3,65.5],[-171.4,65.5],[-171.6,65.5],[-171.9,65.5],[-172.0,65.5],[-171.8,65.5],[-171.7,65.5],[-171.8,65.5],[-171.9,65.5],[-172.0,65.5],[-172.1,65.6],[-172.1,65.5],[-172.2,65.5],[-172.3,65.5],[-172.3,65.6],[-172.2,65.6],[-172.3,65.6],[-172.3,65.7],[-172.4,65.7],[-172.5,65.7],[-172.7,65.7],[-172.8,65.7],[-172.9,65.7],[-172.8,65.7],[-172.7,65.7],[-172.7,65.6],[-172.6,65.6],[-172.5,65.6],[-172.4,65.6],[-172.4,65.5],[-172.3,65.5],[-172.4,65.5],[-172.4,65.4],[-172.3,65.4],[-172.2,65.4],[-172.1,65.5],[-172.2,65.4],[-172.2,65.3],[-172.2,65.2],[-172.3,65.3],[-172.4,65.3],[-172.5,65.3],[-172.6,65.3],[-172.6,65.2],[-172.6,65.3],[-172.7,65.3],[-172.7,65.2],[-172.6,65.2],[-172.5,65.2],[-172.4,65.2],[-172.3,65.2],[-172.2,65.2],[-172.2,65.1],[-172.3,65.1],[-172.2,65.1],[-172.1,65.1],[-172.2,65.0],[-172.3,64.9],[-172.5,64.9],[-172.6,64.9],[-172.7,64.9],[-172.8,64.8],[-172.9,64.9],[-173.0,64.9],[-173.1,64.8],[-173.2,64.8],[-173.1,64.8],[-173.0,64.8],[-172.9,64.8],[-172.8,64.8],[-172.8,64.7],[-172.9,64.7],[-173.0,64.7],[-173.0,64.6],[-173.0,64.7],[-172.9,64.7],[-172.8,64.6],[-172.9,64.6],[-173.0,64.6],[-172.9,64.6],[-172.8,64.6],[-172.7,64.6],[-172.6,64.6],[-172.5,64.6],[-172.5,64.5],[-172.4,64.5],[-172.2,64.4],[-172.3,64.4],[-172.4,64.4],[-172.5,64.4],[-172.6,64.4],[-172.7,64.4],[-172.7,64.5],[-172.8,64.5],[-172.9,64.5],[-173.0,64.5],[-173.0,64.4],[-172.9,64.4],[-172.8,64.5],[-172.8,64.4],[-172.8,64.3],[-172.9,64.3],[-173.0,64.3],[-172.9,64.3],[-173.0,64.3],[-173.1,64.2],[-173.2,64.3],[-173.3,64.3],[-173.4,64.3],[-173.4,64.4],[-173.3,64.4],[-173.3,64.5],[-173.3,64.6],[-173.4,64.6],[-173.4,64.5],[-173.4,64.4],[-173.5,64.4],[-173.5,64.3],[-173.6,64.3],[-173.7,64.3],[-173.8,64.4],[-173.9,64.4],[-174.0,64.4],[-174.0,64.5],[-174.1,64.5],[-174.1,64.6],[-174.2,64.6],[-174.3,64.6],[-174.3,64.7],[-174.4,64.7],[-174.5,64.7],[-174.7,64.7],[-174.7,64.8],[-174.6,64.8],[-174.6,64.9],[-174.7,64.9],[-174.7,64.8],[-174.8,64.8],[-174.9,64.8],[-174.9,64.9],[-175.0,64.9],[-175.0,64.8],[-175.1,64.8],[-175.2,64.8],[-175.3,64.8],[-175.4,64.8],[-175.5,64.8],[-175.4,64.8],[-175.5,64.8],[-175.5,64.9],[-175.6,64.9],[-175.7,64.9],[-175.8,64.9],[-175.8,65.0],[-175.9,65.0],[-175.8,65.0],[-175.8,65.1],[-175.7,65.1],[-175.7,65.2],[-175.8,65.2],[-175.9,65.3],[-175.9,65.4],[-176.0,65.4],[-176.0,65.5],[-176.1,65.5],[-176.2,65.5],[-176.3,65.5],[-176.6,65.5],[-177.0,65.6],[-177.1,65.6],[-177.2,65.6],[-177.2,65.5],[-177.3,65.5],[-177.4,65.4],[-177.8,65.4],[-178.0,65.4],[-178.3,65.4],[-178.5,65.5],[-178.5,65.6],[-178.4,65.7],[-178.5,65.7],[-178.5,65.8],[-178.6,65.7],[-178.7,65.8],[-178.6,65.8],[-178.7,65.8],[-178.8,65.8],[-178.9,65.9],[-178.9,66.0],[-179.0,66.0],[-178.9,66.0],[-178.8,66.0],[-178.7,66.0],[-178.7,66.1],[-178.6,66.1],[-178.5,66.1],[-178.5,66.2],[-178.5,66.3],[-178.5,66.4],[-178.6,66.4],[-178.6,66.3],[-178.7,66.3],[-178.7,66.2],[-178.8,66.2],[-178.9,66.1],[-179.0,66.2],[-179.1,66.2],[-179.1,66.3],[-179.1,66.4],[-179.2,66.4],[-179.2,66.3],[-179.3,66.3],[-179.4,66.3],[-179.3,66.3],[-179.3,66.2],[-179.2,66.2],[-179.3,66.1],[-179.4,66.1],[-179.6,66.1],[-179.7,66.1],[-179.6,66.1],[-179.6,66.2],[-179.7,66.2],[-179.8,66.1],[-179.8,66.0],[-179.8,65.9],[-179.8,65.8],[-179.7,65.8],[-179.5,65.7],[-179.4,65.7],[-179.3,65.6],[-179.3,65.5],[-179.4,65.5],[-179.4,65.4],[-179.5,65.4],[-179.5,65.3],[-179.5,65.2],[-179.6,65.2],[-179.7,65.1],[-179.8,65.1],[-179.9,65.1],[-180.0,65.1]]],[[[57.0,74.7],[56.9,74.7],[56.8,74.7],[56.7,74.7],[56.6,74.7],[56.5,74.7],[56.5,74.8],[56.5,74.7],[56.4,74.7],[56.4,74.8],[56.5,74.8],[56.2,74.8],[55.9,74.8],[55.8,74.8],[55.9,74.8],[56.2,74.9],[56.5,74.9],[56.6,74.9],[56.7,74.9],[56.7,75.0],[56.6,75.0],[56.5,75.0],[56.5,74.9],[56.4,75.0],[56.4,74.9],[56.4,75.0],[56.3,75.0],[56.4,75.0],[56.5,75.0],[56.4,75.0],[56.3,75.0],[56.2,75.0],[56.1,75.0],[55.9,75.0],[55.9,75.1],[55.8,75.1],[55.7,75.1],[55.8,75.1],[55.8,75.2],[55.9,75.2],[56.0,75.2],[56.1,75.2],[56.2,75.2],[56.1,75.2],[56.2,75.2],[56.3,75.2],[56.4,75.2],[56.5,75.1],[56.4,75.1],[56.5,75.1],[56.6,75.1],[56.8,75.2],[56.9,75.2],[56.9,75.3],[56.8,75.3],[56.7,75.3],[56.8,75.3],[56.8,75.4],[57.0,75.4],[57.1,75.4],[57.4,75.4],[57.5,75.4],[57.6,75.3],[57.7,75.3],[57.7,75.4],[57.6,75.4],[57.5,75.5],[57.6,75.5],[58.1,75.6],[58.2,75.6],[58.1,75.6],[58.0,75.6],[57.9,75.6],[57.9,75.7],[58.0,75.7],[58.3,75.7],[58.4,75.7],[58.5,75.7],[58.6,75.7],[58.5,75.8],[58.6,75.8],[58.7,75.8],[58.8,75.8],[58.9,75.9],[59.1,75.9],[59.2,75.9],[59.3,75.9],[59.4,75.9],[59.7,75.9],[59.8,75.9],[59.9,76.0],[60.0,76.0],[60.3,76.0],[60.1,76.0],[60.0,76.1],[60.1,76.1],[60.3,76.1],[60.6,76.1],[60.8,76.1],[60.5,76.0],[60.6,76.0],[60.5,76.0],[60.6,76.0],[60.7,76.0],[60.8,76.0],[60.8,76.1],[60.9,76.1],[61.0,76.1],[61.1,76.1],[61.2,76.1],[61.1,76.1],[61.1,76.2],[60.9,76.1],[60.9,76.2],[61.0,76.2],[61.0,76.3],[61.1,76.3],[61.2,76.3],[61.5,76.3],[61.6,76.3],[61.7,76.3],[61.8,76.3],[61.9,76.3],[62.0,76.3],[62.1,76.3],[62.4,76.3],[62.4,76.2],[62.5,76.2],[62.6,76.2],[62.7,76.2],[62.6,76.2],[62.7,76.2],[62.8,76.3],[62.9,76.2],[62.8,76.2],[62.9,76.2],[63.0,76.2],[63.2,76.2],[63.2,76.3],[63.5,76.3],[63.6,76.3],[63.7,76.3],[63.9,76.3],[63.9,76.4],[64.0,76.4],[64.0,76.3],[64.1,76.3],[64.2,76.3],[64.3,76.4],[64.4,76.4],[64.5,76.4],[64.6,76.4],[64.7,76.4],[64.8,76.5],[65.0,76.5],[65.1,76.5],[65.2,76.5],[65.3,76.5],[65.4,76.5],[65.4,76.6],[65.5,76.6],[65.6,76.6],[66.0,76.5],[66.0,76.6],[65.9,76.6],[65.9,76.7],[65.8,76.7],[65.9,76.7],[66.1,76.8],[66.2,76.8],[66.3,76.8],[66.4,76.8],[66.5,76.9],[66.6,76.9],[66.7,76.9],[66.9,76.9],[67.2,77.0],[67.3,77.0],[67.4,77.0],[67.5,77.0],[67.6,77.0],[68.0,77.0],[68.2,77.0],[68.3,77.0],[68.5,77.0],[68.5,76.9],[68.6,76.9],[68.7,76.9],[68.8,76.9],[68.8,76.8],[68.9,76.8],[68.9,76.7],[69.0,76.7],[68.9,76.7],[68.8,76.6],[68.9,76.6],[68.7,76.5],[68.6,76.5],[68.5,76.4],[68.4,76.4],[68.3,76.3],[68.2,76.3],[68.3,76.3],[67.9,76.3],[67.6,76.2],[67.5,76.2],[67.4,76.2],[67.1,76.1],[67.0,76.1],[66.8,76.1],[66.7,76.1],[66.6,76.0],[66.5,76.0],[66.4,76.0],[66.3,76.0],[66.2,76.0],[65.7,75.9],[65.2,75.9],[65.1,75.8],[65.0,75.8],[64.9,75.8],[64.6,75.8],[64.3,75.7],[64.1,75.7],[64.0,75.7],[63.9,75.7],[63.8,75.6],[63.7,75.6],[63.7,75.7],[63.6,75.7],[63.5,75.6],[63.4,75.6],[63.3,75.6],[63.2,75.6],[63.1,75.6],[63.0,75.6],[62.7,75.5],[62.6,75.5],[62.3,75.4],[62.2,75.4],[62.2,75.5],[62.1,75.4],[62.0,75.5],[62.0,75.4],[61.9,75.4],[61.8,75.4],[61.7,75.4],[61.7,75.3],[61.6,75.3],[61.7,75.3],[61.6,75.3],[61.5,75.3],[61.5,75.2],[61.4,75.2],[61.4,75.3],[61.3,75.3],[61.1,75.2],[61.0,75.2],[60.8,75.2],[60.8,75.1],[60.7,75.1],[60.8,75.1],[60.8,75.0],[60.7,75.0],[60.6,75.0],[60.6,75.1],[60.5,75.1],[60.4,75.1],[60.5,75.1],[60.4,75.0],[60.5,75.0],[60.4,75.0],[60.3,75.0],[60.2,75.0],[60.3,75.0],[60.2,75.0],[60.1,75.0],[59.9,75.0],[60.0,75.0],[60.3,75.0],[60.6,75.0],[60.7,74.9],[60.6,74.9],[60.3,74.9],[60.2,74.9],[60.2,74.8],[60.3,74.8],[60.4,74.8],[60.3,74.8],[60.3,74.7],[59.9,74.7],[59.8,74.7],[59.7,74.7],[59.6,74.8],[59.5,74.8],[59.6,74.8],[59.6,74.7],[59.8,74.7],[59.9,74.7],[59.9,74.6],[59.8,74.6],[59.7,74.6],[59.6,74.6],[59.5,74.6],[59.4,74.7],[59.3,74.7],[59.2,74.7],[59.1,74.7],[59.2,74.7],[59.3,74.7],[59.3,74.6],[59.2,74.6],[59.2,74.7],[59.1,74.7],[59.1,74.6],[59.2,74.6],[59.1,74.6],[59.1,74.5],[59.1,74.4],[58.9,74.5],[58.7,74.5],[58.5,74.5],[58.2,74.6],[58.3,74.5],[58.4,74.5],[58.5,74.5],[58.6,74.4],[58.7,74.3],[58.7,74.2],[58.5,74.2],[58.6,74.2],[58.7,74.2],[58.5,74.2],[58.6,74.2],[58.5,74.2],[58.4,74.2],[58.3,74.2],[58.2,74.2],[58.3,74.2],[58.4,74.1],[58.5,74.1],[58.4,74.1],[58.3,74.1],[58.2,74.1],[58.2,74.2],[58.1,74.1],[58.2,74.1],[58.1,74.1],[58.2,74.1],[58.2,74.0],[58.1,74.0],[58.0,74.0],[57.9,74.0],[57.8,74.0],[57.7,74.1],[57.6,74.1],[57.6,74.2],[57.5,74.2],[57.4,74.2],[57.5,74.1],[57.3,74.1],[57.5,74.1],[57.6,74.1],[57.6,74.0],[57.9,73.9],[57.8,73.9],[57.9,73.9],[57.9,73.8],[57.7,73.7],[57.6,73.7],[57.6,73.8],[57.5,73.8],[57.4,73.8],[57.0,73.9],[56.6,73.9],[56.9,73.9],[57.1,73.8],[57.2,73.8],[57.3,73.8],[57.4,73.8],[57.5,73.8],[57.5,73.7],[57.6,73.7],[57.6,73.6],[57.3,73.6],[57.4,73.6],[57.0,73.6],[56.8,73.7],[56.7,73.7],[56.7,73.6],[56.8,73.6],[56.9,73.6],[56.8,73.6],[56.7,73.6],[56.8,73.6],[56.9,73.6],[57.1,73.5],[57.2,73.5],[57.3,73.5],[57.2,73.5],[57.3,73.5],[57.2,73.5],[57.2,73.4],[57.0,73.3],[56.9,73.3],[56.8,73.4],[56.7,73.4],[56.7,73.3],[56.8,73.3],[56.7,73.3],[56.8,73.3],[56.7,73.2],[56.6,73.2],[56.6,73.3],[56.1,73.3],[56.0,73.3],[56.0,73.4],[55.9,73.4],[56.0,73.4],[56.0,73.3],[55.9,73.3],[55.8,73.3],[55.4,73.3],[55.0,73.4],[54.9,73.4],[54.8,73.4],[54.7,73.4],[54.6,73.4],[54.5,73.4],[54.3,73.3],[54.0,73.4],[54.1,73.4],[54.3,73.4],[54.3,73.5],[54.4,73.5],[54.3,73.5],[54.2,73.5],[54.5,73.6],[54.6,73.6],[54.7,73.6],[54.8,73.7],[54.9,73.7],[55.0,73.7],[55.1,73.7],[55.3,73.7],[55.0,73.7],[54.9,73.7],[54.8,73.7],[54.9,73.7],[54.8,73.7],[54.7,73.7],[54.5,73.7],[54.4,73.7],[54.4,73.6],[54.3,73.6],[54.1,73.6],[54.0,73.6],[53.9,73.6],[54.0,73.6],[53.9,73.7],[53.8,73.7],[53.7,73.7],[53.6,73.7],[53.6,73.8],[53.7,73.8],[53.8,73.8],[53.9,73.8],[54.1,73.8],[54.1,73.9],[54.2,73.9],[54.3,73.9],[54.5,73.9],[54.6,74.0],[54.7,74.0],[54.8,74.0],[54.7,74.0],[54.6,74.0],[54.7,74.1],[55.0,74.2],[55.2,74.2],[55.3,74.2],[55.4,74.1],[55.5,74.1],[55.8,74.1],[55.9,74.1],[55.8,74.1],[55.7,74.2],[55.6,74.2],[55.2,74.2],[55.1,74.2],[55.1,74.3],[55.2,74.3],[55.3,74.3],[55.4,74.3],[55.5,74.3],[55.6,74.3],[55.7,74.3],[55.6,74.3],[55.5,74.3],[55.4,74.4],[55.3,74.4],[55.2,74.4],[55.3,74.4],[55.4,74.4],[55.5,74.4],[55.6,74.5],[55.7,74.5],[55.9,74.5],[56.0,74.5],[56.1,74.5],[56.3,74.5],[56.2,74.5],[56.0,74.5],[56.1,74.5],[56.0,74.5],[55.9,74.6],[55.8,74.5],[55.7,74.5],[55.7,74.6],[55.5,74.6],[55.6,74.6],[55.5,74.6],[55.5,74.7],[55.6,74.7],[55.7,74.7],[55.8,74.7],[55.9,74.7],[56.4,74.7],[56.5,74.7],[56.6,74.7],[57.0,74.7]]],[[[142.5,54.3],[142.5,54.2],[142.6,54.2],[142.6,54.3],[142.7,54.3],[142.7,54.4],[142.8,54.4],[142.8,54.3],[142.9,54.2],[143.0,54.2],[143.0,54.1],[143.0,54.0],[142.9,54.0],[142.9,53.9],[142.9,53.8],[143.0,53.8],[143.0,53.7],[143.0,53.8],[142.9,53.8],[142.9,53.7],[143.0,53.7],[143.0,53.6],[143.1,53.6],[143.0,53.6],[143.0,53.5],[143.1,53.5],[143.1,53.6],[143.1,53.5],[143.1,53.4],[143.2,53.4],[143.2,53.3],[143.3,53.2],[143.3,53.1],[143.3,53.0],[143.3,52.9],[143.4,52.9],[143.4,52.8],[143.3,52.8],[143.3,52.7],[143.3,52.6],[143.3,52.5],[143.3,52.4],[143.2,52.4],[143.2,52.3],[143.2,52.4],[143.3,52.4],[143.3,52.5],[143.2,52.5],[143.3,52.6],[143.2,52.6],[143.3,52.6],[143.2,52.6],[143.2,52.5],[143.2,52.4],[143.1,52.4],[143.1,52.3],[143.2,52.3],[143.2,52.2],[143.2,52.1],[143.1,52.1],[143.1,52.2],[143.1,52.1],[143.1,52.0],[143.2,52.0],[143.1,52.0],[143.1,51.9],[143.2,51.9],[143.3,51.8],[143.3,51.7],[143.3,51.6],[143.2,51.6],[143.2,51.5],[143.3,51.5],[143.3,51.6],[143.4,51.6],[143.4,51.5],[143.5,51.5],[143.5,51.3],[143.4,51.4],[143.4,51.3],[143.5,51.3],[143.5,51.2],[143.5,51.3],[143.5,51.2],[143.6,51.0],[143.7,50.7],[143.7,50.6],[143.8,50.3],[143.9,50.2],[144.0,50.0],[144.0,49.9],[144.1,49.8],[144.1,49.7],[144.1,49.6],[144.2,49.6],[144.2,49.5],[144.2,49.4],[144.3,49.3],[144.4,49.1],[144.4,49.0],[144.7,48.9],[144.7,48.8],[144.7,48.7],[144.8,48.6],[144.7,48.6],[144.7,48.7],[144.6,48.8],[144.5,48.9],[144.5,49.0],[144.4,49.0],[144.3,49.1],[144.2,49.1],[144.1,49.2],[144.1,49.3],[144.0,49.3],[143.7,49.3],[143.5,49.3],[143.5,49.4],[143.4,49.4],[143.3,49.4],[143.2,49.4],[143.3,49.4],[143.3,49.3],[143.4,49.3],[143.6,49.3],[143.7,49.3],[143.6,49.3],[143.4,49.3],[143.2,49.2],[143.1,49.2],[143.0,49.2],[143.0,49.1],[143.0,49.0],[143.0,48.9],[142.9,48.8],[142.9,48.7],[142.8,48.6],[142.7,48.4],[142.7,48.3],[142.6,48.2],[142.5,48.0],[142.5,47.9],[142.5,47.8],[142.6,47.6],[142.7,47.4],[142.8,47.4],[142.9,47.4],[143.0,47.3],[143.0,47.2],[143.0,47.1],[143.1,47.0],[143.1,46.9],[143.2,46.9],[143.2,46.8],[143.1,46.8],[143.2,46.7],[143.3,46.7],[143.4,46.7],[143.3,46.7],[143.3,46.8],[143.2,46.8],[143.3,46.8],[143.4,46.8],[143.5,46.8],[143.5,46.7],[143.5,46.6],[143.6,46.5],[143.6,46.4],[143.6,46.3],[143.5,46.3],[143.5,46.2],[143.5,46.1],[143.4,46.0],[143.4,46.1],[143.4,46.2],[143.4,46.3],[143.3,46.4],[143.4,46.4],[143.3,46.5],[143.4,46.5],[143.4,46.6],[143.3,46.6],[143.3,46.5],[143.2,46.6],[143.1,46.6],[143.0,46.6],[142.9,46.6],[142.8,46.6],[142.7,46.7],[142.6,46.7],[142.5,46.7],[142.5,46.6],[142.4,46.6],[142.3,46.4],[142.3,46.3],[142.2,46.2],[142.2,46.1],[142.2,46.0],[142.1,46.0],[142.1,45.9],[142.0,45.9],[142.0,46.0],[141.9,46.0],[141.9,46.1],[141.9,46.3],[141.8,46.4],[141.8,46.5],[141.8,46.6],[141.9,46.7],[142.1,47.1],[142.1,47.2],[142.0,47.2],[142.0,47.3],[142.0,47.4],[142.0,47.5],[142.0,47.6],[142.0,47.7],[142.1,47.8],[142.1,47.9],[142.2,47.9],[142.2,48.0],[142.2,48.1],[142.2,48.2],[142.1,48.3],[142.1,48.4],[141.9,48.6],[141.9,48.7],[141.9,48.8],[142.0,48.9],[142.0,49.0],[142.0,49.1],[142.1,49.2],[142.1,49.3],[142.1,49.4],[142.1,49.5],[142.1,49.6],[142.2,49.7],[142.2,49.8],[142.1,49.9],[142.1,50.0],[142.2,50.0],[142.2,50.1],[142.2,50.2],[142.1,50.3],[142.2,50.3],[142.1,50.4],[142.0,50.5],[142.0,50.6],[142.1,50.6],[142.1,50.7],[142.1,50.8],[142.1,50.9],[142.2,51.0],[142.3,51.1],[142.3,51.2],[142.2,51.3],[142.1,51.4],[142.1,51.5],[141.9,51.6],[141.8,51.7],[141.7,51.7],[141.8,51.7],[141.8,51.8],[141.7,51.9],[141.6,51.9],[141.7,51.9],[141.7,52.0],[141.6,52.1],[141.7,52.1],[141.7,52.2],[141.7,52.3],[141.6,52.3],[141.7,52.3],[141.7,52.4],[141.8,52.4],[141.8,52.5],[141.8,52.6],[141.8,52.7],[141.8,52.8],[141.9,52.8],[141.9,52.9],[141.9,53.0],[141.9,53.1],[141.8,53.1],[141.8,53.2],[141.8,53.3],[141.8,53.4],[141.9,53.4],[141.9,53.5],[142.0,53.5],[142.1,53.5],[142.2,53.5],[142.3,53.5],[142.2,53.5],[142.3,53.4],[142.2,53.4],[142.3,53.4],[142.4,53.4],[142.5,53.4],[142.6,53.5],[142.7,53.5],[142.7,53.6],[142.6,53.6],[142.5,53.6],[142.5,53.5],[142.5,53.6],[142.5,53.7],[142.6,53.7],[142.7,53.7],[142.7,53.6],[142.8,53.7],[142.8,53.8],[142.7,53.8],[142.7,53.7],[142.6,53.7],[142.6,53.8],[142.7,53.8],[142.7,53.9],[142.7,54.0],[142.6,54.0],[142.5,54.1],[142.5,54.2],[142.4,54.2],[142.4,54.3],[142.3,54.3],[142.4,54.3],[142.5,54.3]]],[[[51.4,71.8],[51.4,71.9],[51.5,72.0],[51.6,72.0],[51.6,72.1],[51.7,72.1],[51.8,72.2],[51.9,72.2],[52.0,72.1],[52.1,72.1],[52.0,72.1],[52.1,72.1],[52.2,72.1],[52.3,72.1],[52.4,72.1],[52.4,72.2],[52.5,72.2],[52.4,72.2],[52.5,72.2],[52.5,72.3],[52.4,72.3],[52.5,72.3],[52.6,72.3],[52.7,72.3],[52.6,72.4],[52.7,72.4],[52.7,72.3],[52.9,72.3],[52.8,72.4],[52.7,72.4],[52.8,72.4],[52.8,72.5],[52.7,72.5],[52.8,72.5],[52.9,72.5],[52.9,72.6],[53.0,72.6],[53.1,72.6],[52.9,72.6],[52.8,72.6],[52.7,72.6],[52.8,72.6],[52.7,72.6],[52.8,72.6],[53.0,72.7],[53.1,72.6],[53.2,72.6],[53.2,72.7],[53.1,72.7],[53.0,72.7],[52.8,72.7],[52.7,72.7],[52.6,72.7],[52.5,72.7],[52.4,72.7],[52.4,72.8],[52.5,72.8],[52.6,72.8],[52.6,72.9],[53.0,72.9],[53.3,72.9],[53.4,72.9],[53.3,72.9],[53.4,72.9],[53.2,72.9],[53.1,73.0],[53.2,73.0],[53.4,73.0],[53.3,73.0],[53.3,73.1],[53.2,73.1],[53.1,73.1],[53.2,73.1],[53.2,73.2],[53.3,73.2],[53.4,73.2],[53.5,73.2],[53.6,73.2],[53.7,73.3],[53.8,73.3],[53.9,73.3],[54.1,73.3],[54.2,73.3],[54.3,73.3],[54.4,73.3],[54.5,73.4],[54.6,73.4],[54.7,73.4],[54.8,73.4],[54.9,73.4],[55.1,73.4],[55.3,73.3],[55.5,73.3],[55.8,73.3],[56.1,73.3],[56.4,73.2],[56.5,73.2],[56.6,73.2],[56.6,73.1],[56.5,73.1],[56.2,73.1],[55.8,73.1],[56.1,73.1],[56.4,73.1],[56.5,73.1],[56.4,73.0],[56.3,73.0],[56.2,73.0],[55.9,73.0],[55.6,73.0],[55.7,73.0],[55.8,73.0],[56.0,72.9],[56.1,73.0],[56.2,73.0],[56.3,73.0],[56.2,72.9],[56.2,72.8],[56.1,72.8],[55.9,72.8],[55.7,72.8],[55.5,72.8],[55.4,72.8],[55.6,72.8],[55.7,72.8],[55.8,72.8],[55.9,72.7],[55.8,72.7],[55.6,72.7],[55.7,72.7],[55.7,72.6],[55.6,72.6],[55.7,72.6],[55.6,72.5],[55.5,72.5],[55.5,72.6],[55.3,72.6],[55.4,72.6],[55.5,72.5],[55.6,72.5],[55.5,72.5],[55.4,72.5],[55.3,72.5],[55.2,72.5],[55.1,72.5],[55.3,72.4],[55.4,72.4],[55.5,72.4],[55.4,72.3],[55.5,72.3],[55.5,72.2],[55.6,72.2],[55.5,72.2],[55.4,72.1],[55.3,72.1],[55.4,72.1],[55.5,72.1],[55.4,72.0],[55.3,72.0],[55.4,72.0],[55.4,71.9],[55.2,72.0],[55.3,71.9],[55.2,71.9],[55.4,71.9],[55.5,71.9],[55.5,71.8],[55.6,71.7],[55.7,71.6],[55.8,71.6],[55.8,71.5],[55.9,71.5],[55.9,71.4],[56.0,71.4],[56.1,71.3],[56.3,71.2],[56.6,71.1],[56.6,71.0],[56.8,71.0],[56.9,71.0],[56.9,70.9],[57.0,70.9],[57.1,70.9],[57.2,70.8],[57.3,70.8],[57.5,70.8],[57.6,70.7],[57.5,70.7],[57.4,70.7],[57.5,70.7],[57.5,70.6],[57.4,70.6],[57.5,70.6],[57.3,70.6],[57.1,70.7],[57.0,70.7],[56.9,70.7],[56.8,70.7],[56.7,70.7],[56.8,70.7],[56.9,70.6],[57.0,70.6],[57.1,70.6],[57.2,70.6],[57.3,70.6],[57.0,70.6],[56.7,70.6],[56.6,70.7],[56.6,70.6],[56.7,70.6],[56.6,70.6],[56.5,70.7],[56.6,70.7],[56.6,70.8],[56.5,70.8],[56.5,70.7],[56.4,70.7],[56.3,70.7],[56.2,70.7],[56.3,70.7],[56.2,70.7],[56.3,70.7],[56.2,70.7],[56.3,70.6],[56.4,70.6],[56.4,70.7],[56.3,70.7],[56.4,70.7],[56.5,70.7],[56.5,70.6],[56.6,70.6],[56.7,70.6],[56.6,70.6],[56.5,70.5],[56.4,70.6],[56.5,70.6],[56.6,70.6],[56.5,70.6],[56.4,70.6],[56.3,70.6],[56.2,70.7],[56.1,70.7],[56.0,70.6],[56.2,70.6],[56.1,70.6],[56.0,70.6],[56.0,70.7],[55.9,70.7],[55.8,70.7],[55.9,70.7],[56.0,70.6],[55.9,70.6],[55.8,70.6],[55.7,70.6],[55.6,70.6],[55.7,70.6],[55.8,70.6],[55.8,70.7],[55.7,70.7],[55.6,70.7],[55.7,70.7],[55.7,70.6],[55.7,70.7],[55.5,70.7],[55.4,70.7],[55.4,70.8],[55.4,70.7],[55.3,70.7],[55.4,70.7],[55.5,70.7],[55.4,70.7],[55.3,70.7],[55.2,70.7],[55.3,70.6],[55.2,70.6],[55.1,70.6],[55.0,70.6],[54.9,70.6],[54.9,70.7],[54.8,70.7],[54.7,70.7],[54.7,70.8],[54.6,70.8],[54.5,70.8],[54.6,70.8],[54.5,70.8],[54.5,70.7],[54.7,70.7],[54.6,70.7],[54.7,70.7],[54.8,70.6],[54.6,70.7],[54.5,70.7],[54.3,70.8],[54.3,70.7],[54.2,70.7],[54.2,70.8],[54.1,70.8],[54.1,70.7],[54.0,70.7],[54.0,70.8],[53.9,70.8],[53.8,70.8],[53.9,70.8],[53.8,70.8],[53.7,70.8],[53.6,70.8],[53.6,70.9],[53.5,70.9],[53.5,70.8],[53.4,70.9],[53.3,70.9],[53.5,70.9],[53.6,70.9],[53.6,70.8],[53.7,70.8],[53.7,70.9],[53.7,71.0],[53.5,71.0],[53.5,71.1],[53.6,71.1],[53.7,71.1],[53.8,71.1],[53.9,71.1],[53.8,71.1],[53.9,71.1],[54.0,71.1],[54.1,71.1],[54.0,71.1],[53.9,71.1],[54.0,71.1],[54.1,71.1],[54.2,71.1],[54.1,71.1],[54.0,71.1],[54.0,71.2],[54.1,71.2],[54.2,71.2],[54.1,71.2],[54.0,71.2],[53.9,71.2],[53.8,71.2],[53.7,71.2],[53.6,71.2],[53.5,71.2],[53.5,71.3],[53.6,71.3],[53.7,71.3],[53.7,71.4],[53.9,71.4],[54.0,71.5],[53.9,71.5],[53.8,71.4],[53.6,71.4],[53.5,71.4],[53.5,71.3],[53.4,71.3],[53.4,71.4],[53.3,71.4],[53.3,71.5],[53.4,71.5],[53.4,71.6],[53.3,71.6],[53.2,71.5],[53.1,71.5],[53.2,71.4],[53.1,71.4],[53.1,71.5],[53.0,71.5],[53.1,71.5],[53.0,71.5],[53.0,71.4],[52.9,71.4],[52.9,71.5],[52.8,71.5],[52.8,71.4],[52.7,71.4],[52.7,71.5],[52.6,71.5],[52.6,71.6],[52.5,71.6],[52.4,71.5],[52.3,71.5],[52.3,71.6],[52.2,71.6],[52.2,71.5],[52.1,71.5],[52.2,71.5],[52.3,71.5],[52.1,71.5],[52.0,71.5],[51.9,71.5],[51.8,71.5],[51.7,71.5],[51.6,71.5],[51.5,71.6],[51.6,71.6],[51.5,71.6],[51.5,71.7],[51.4,71.7],[51.4,71.8]]],[[[145.4,75.5],[145.3,75.5],[145.1,75.5],[145.0,75.5],[144.8,75.4],[144.7,75.4],[144.7,75.3],[144.9,75.3],[144.8,75.3],[144.7,75.2],[144.6,75.1],[144.5,75.1],[144.4,75.1],[144.3,75.0],[144.2,75.0],[144.0,75.0],[143.9,75.0],[143.8,75.1],[143.5,75.1],[143.4,75.1],[143.3,75.1],[143.1,75.1],[143.0,75.1],[142.9,75.1],[142.9,75.2],[142.8,75.2],[142.7,75.2],[142.7,75.3],[142.6,75.3],[142.5,75.3],[142.5,75.4],[142.5,75.5],[142.6,75.5],[142.7,75.6],[142.8,75.6],[143.0,75.6],[143.0,75.7],[142.9,75.7],[142.7,75.7],[142.6,75.7],[142.5,75.7],[142.3,75.7],[142.4,75.7],[142.1,75.7],[142.0,75.7],[142.1,75.6],[142.2,75.6],[142.0,75.6],[142.1,75.6],[142.1,75.5],[142.2,75.5],[142.2,75.4],[142.2,75.3],[142.4,75.3],[142.4,75.2],[142.5,75.2],[142.6,75.2],[142.6,75.1],[142.7,75.1],[142.8,75.1],[143.0,75.1],[143.2,75.0],[143.4,75.0],[143.6,75.0],[143.7,75.0],[143.7,74.9],[143.5,74.9],[143.0,74.9],[142.9,74.9],[142.8,74.9],[142.7,74.9],[142.6,74.8],[142.7,74.9],[142.7,74.8],[142.5,74.8],[142.4,74.8],[142.0,74.9],[142.0,75.0],[142.1,75.0],[142.2,75.0],[142.3,74.9],[142.4,74.9],[142.3,74.9],[142.3,75.0],[142.2,75.0],[141.8,75.0],[141.7,75.0],[141.4,74.9],[141.1,74.9],[140.6,74.9],[140.5,74.9],[140.4,74.8],[140.1,74.8],[140.0,74.9],[139.9,74.9],[139.9,75.0],[139.8,75.0],[139.7,75.0],[139.6,75.0],[139.5,74.9],[139.6,74.9],[139.6,74.8],[139.5,74.8],[139.3,74.7],[139.2,74.7],[139.1,74.7],[139.0,74.7],[138.8,74.7],[138.5,74.7],[138.2,74.8],[138.1,74.8],[137.9,74.8],[137.9,74.9],[137.8,74.9],[137.8,75.0],[137.7,75.0],[137.4,75.1],[137.1,75.1],[137.1,75.2],[137.0,75.2],[136.9,75.3],[136.9,75.4],[137.0,75.4],[137.1,75.3],[137.2,75.3],[137.3,75.3],[137.4,75.4],[137.3,75.4],[137.2,75.4],[137.1,75.4],[137.1,75.5],[137.2,75.5],[137.3,75.5],[137.2,75.5],[137.2,75.6],[137.3,75.6],[137.2,75.6],[137.2,75.7],[137.1,75.7],[137.2,75.7],[137.1,75.7],[137.2,75.8],[137.3,75.8],[137.4,75.8],[137.6,75.8],[137.7,75.7],[137.7,75.8],[137.6,75.8],[137.5,75.8],[137.5,75.9],[137.4,75.9],[137.4,76.0],[137.7,76.0],[137.9,76.0],[138.0,76.0],[138.1,76.1],[138.0,76.1],[138.1,76.1],[138.4,76.2],[138.3,76.1],[138.4,76.1],[138.5,76.1],[138.4,76.1],[138.5,76.1],[138.5,76.2],[138.8,76.2],[139.0,76.2],[138.9,76.2],[139.0,76.2],[139.0,76.1],[139.1,76.1],[139.6,76.0],[139.8,76.0],[139.9,75.9],[139.8,75.9],[139.9,75.9],[139.9,75.8],[140.0,75.8],[140.2,75.8],[140.3,75.8],[140.5,75.8],[140.5,75.7],[140.4,75.7],[140.5,75.6],[140.7,75.6],[140.8,75.6],[140.9,75.6],[141.0,75.6],[141.1,75.7],[141.0,75.7],[140.9,75.7],[140.9,75.8],[140.9,75.9],[140.9,76.0],[141.0,76.0],[141.0,76.1],[141.2,76.1],[141.6,76.0],[141.5,76.1],[141.4,76.1],[141.4,76.2],[141.3,76.2],[141.4,76.2],[141.6,76.1],[141.7,76.1],[141.9,76.1],[142.1,76.0],[142.4,75.9],[142.5,75.9],[142.9,75.8],[143.1,75.8],[143.3,75.8],[143.4,75.8],[143.6,75.9],[143.7,75.9],[143.8,75.8],[143.9,75.8],[144.2,75.8],[144.4,75.7],[144.6,75.7],[144.7,75.7],[144.8,75.7],[144.8,75.6],[145.2,75.6],[145.3,75.6],[145.4,75.5]]]]}},{"type":"Feature","properties":{"iso3":"CZE","name":"Czechia","ilo169":"not ratified","colonial":"none recorded","conquests_made":1,"conquests_suffered":3},"geometry":{"type":"Polygon","coordinates":[[[14.8,50.9],[14.9,50.9],[15.0,50.9],[15.0,51.0],[15.1,51.0],[15.2,51.0],[15.3,51.0],[15.3,50.9],[15.3,50.8],[15.4,50.8],[15.3,50.8],[15.4,50.8],[15.6,50.8],[15.7,50.8],[15.7,50.7],[15.8,50.7],[15.9,50.7],[16.0,50.7],[16.0,50.6],[16.1,50.6],[16.2,50.6],[16.2,50.7],[16.3,50.7],[16.3,50.6],[16.4,50.6],[16.4,50.5],[16.3,50.5],[16.2,50.5],[16.2,50.4],[16.3,50.4],[16.4,50.4],[16.4,50.3],[16.5,50.3],[16.5,50.2],[16.6,50.2],[16.6,50.1],[16.7,50.1],[16.8,50.1],[16.8,50.2],[16.9,50.2],[17.0,50.2],[17.0,50.3],[16.9,50.3],[16.9,50.4],[17.0,50.4],[17.1,50.4],[17.2,50.4],[17.2,50.3],[17.3,50.3],[17.4,50.3],[17.4,50.2],[17.5,50.3],[17.6,50.3],[17.7,50.3],[17.7,50.2],[17.6,50.2],[17.6,50.1],[17.7,50.1],[17.7,50.0],[17.8,50.0],[17.9,50.0],[18.0,50.0],[18.1,50.0],[18.2,50.0],[18.3,49.9],[18.4,49.9],[18.5,49.9],[18.6,49.9],[18.6,49.8],[18.6,49.7],[18.7,49.7],[18.8,49.7],[18.8,49.6],[18.8,49.5],[18.7,49.5],[18.6,49.5],[18.5,49.5],[18.5,49.4],[18.4,49.4],[18.4,49.3],[18.3,49.3],[18.2,49.3],[18.1,49.2],[18.1,49.1],[18.1,49.0],[18.0,49.0],[17.9,49.0],[17.9,48.9],[17.8,48.9],[17.7,48.9],[17.5,48.8],[17.4,48.8],[17.3,48.9],[17.2,48.9],[17.1,48.8],[17.0,48.8],[17.0,48.7],[17.0,48.6],[16.9,48.6],[16.9,48.7],[16.8,48.7],[16.7,48.7],[16.7,48.8],[16.6,48.8],[16.5,48.8],[16.4,48.8],[16.4,48.7],[16.3,48.7],[16.2,48.7],[16.1,48.7],[16.0,48.8],[15.9,48.8],[15.8,48.9],[15.7,48.9],[15.6,48.9],[15.5,48.9],[15.4,49.0],[15.3,49.0],[15.2,49.0],[15.2,48.9],[15.1,48.9],[15.1,49.0],[15.0,49.0],[15.0,48.9],[14.9,48.8],[15.0,48.8],[14.9,48.8],[14.8,48.8],[14.8,48.7],[14.7,48.7],[14.7,48.6],[14.6,48.6],[14.5,48.6],[14.4,48.6],[14.3,48.6],[14.2,48.6],[14.1,48.6],[14.0,48.6],[14.0,48.7],[13.9,48.7],[13.9,48.8],[13.8,48.8],[13.7,48.8],[13.7,48.9],[13.6,48.9],[13.6,49.0],[13.5,49.0],[13.5,48.9],[13.4,49.0],[13.3,49.1],[13.2,49.1],[13.1,49.2],[13.0,49.2],[13.0,49.3],[12.9,49.3],[12.8,49.3],[12.7,49.4],[12.6,49.4],[12.6,49.5],[12.6,49.6],[12.5,49.6],[12.5,49.7],[12.4,49.7],[12.4,49.8],[12.5,49.8],[12.5,49.9],[12.5,50.0],[12.4,50.0],[12.2,50.0],[12.2,50.1],[12.2,50.2],[12.1,50.2],[12.1,50.3],[12.2,50.3],[12.2,50.2],[12.3,50.2],[12.3,50.3],[12.4,50.3],[12.5,50.3],[12.5,50.4],[12.6,50.4],[12.7,50.4],[12.8,50.4],[12.9,50.4],[13.0,50.4],[13.0,50.5],[13.1,50.5],[13.2,50.5],[13.2,50.6],[13.3,50.6],[13.4,50.6],[13.5,50.6],[13.5,50.7],[13.6,50.7],[13.7,50.7],[13.8,50.7],[13.9,50.7],[13.9,50.8],[14.0,50.8],[14.2,50.8],[14.2,50.9],[14.3,50.9],[14.4,50.9],[14.3,50.9],[14.3,51.0],[14.2,51.0],[14.3,51.0],[14.4,51.0],[14.5,51.0],[14.6,51.0],[14.6,50.9],[14.6,50.8],[14.7,50.8],[14.8,50.8],[14.8,50.9]]]}},{"type":"Feature","properties":{"iso3":"DEU","name":"Germany","ilo169":"ratified","colonial":"none recorded","conquests_made":18,"conquests_suffered":2},"geometry":{"type":"MultiPolygon","coordinates":[[[[13.8,48.8],[13.8,48.7],[13.8,48.6],[13.7,48.6],[13.7,48.5],[13.7,48.6],[13.6,48.6],[13.5,48.6],[13.4,48.6],[13.4,48.5],[13.5,48.5],[13.4,48.5],[13.4,48.4],[13.3,48.3],[13.1,48.3],[13.0,48.3],[13.0,48.2],[12.9,48.2],[12.8,48.2],[12.8,48.1],[12.7,48.1],[12.8,48.1],[12.8,48.0],[12.9,48.0],[12.9,47.9],[13.0,47.9],[13.0,47.8],[12.9,47.8],[12.9,47.7],[13.0,47.7],[13.1,47.7],[13.1,47.6],[13.0,47.6],[13.0,47.5],[12.9,47.5],[12.8,47.5],[12.8,47.6],[12.8,47.7],[12.7,47.7],[12.6,47.7],[12.6,47.6],[12.5,47.6],[12.4,47.7],[12.3,47.7],[12.2,47.7],[12.2,47.6],[11.9,47.6],[11.8,47.6],[11.7,47.6],[11.6,47.6],[11.6,47.5],[11.5,47.5],[11.4,47.5],[11.4,47.4],[11.3,47.4],[11.2,47.4],[11.1,47.4],[11.0,47.4],[10.9,47.5],[10.8,47.5],[10.7,47.5],[10.6,47.6],[10.5,47.5],[10.5,47.6],[10.4,47.6],[10.4,47.5],[10.5,47.5],[10.5,47.4],[10.4,47.4],[10.3,47.3],[10.2,47.3],[10.2,47.4],[10.1,47.4],[10.0,47.5],[9.9,47.5],[9.8,47.5],[9.8,47.6],[9.7,47.6],[9.7,47.5],[9.6,47.5],[9.5,47.5],[9.3,47.7],[9.2,47.7],[9.1,47.7],[9.0,47.7],[8.9,47.7],[8.8,47.7],[8.9,47.7],[8.8,47.7],[8.7,47.7],[8.7,47.8],[8.6,47.8],[8.5,47.8],[8.6,47.8],[8.5,47.8],[8.4,47.7],[8.4,47.6],[8.5,47.6],[8.5,47.7],[8.6,47.7],[8.6,47.6],[8.5,47.6],[8.4,47.6],[8.3,47.6],[8.2,47.6],[8.1,47.6],[8.0,47.6],[7.9,47.6],[7.8,47.6],[7.7,47.6],[7.7,47.5],[7.6,47.6],[7.7,47.6],[7.6,47.6],[7.6,47.7],[7.5,47.7],[7.5,47.8],[7.6,47.8],[7.6,47.9],[7.6,48.0],[7.6,48.1],[7.6,48.2],[7.7,48.2],[7.7,48.3],[7.8,48.3],[7.8,48.4],[7.7,48.4],[7.8,48.4],[7.8,48.5],[7.8,48.6],[7.9,48.7],[8.0,48.7],[8.0,48.8],[8.1,48.8],[8.1,48.9],[8.2,48.9],[8.2,49.0],[8.1,49.0],[7.9,49.0],[7.8,49.0],[7.7,49.0],[7.6,49.0],[7.6,49.1],[7.5,49.1],[7.5,49.2],[7.4,49.2],[7.3,49.2],[7.3,49.1],[7.2,49.1],[7.1,49.1],[7.0,49.1],[7.0,49.2],[6.9,49.2],[6.8,49.2],[6.8,49.1],[6.8,49.2],[6.7,49.2],[6.6,49.3],[6.6,49.4],[6.5,49.4],[6.4,49.5],[6.3,49.5],[6.4,49.5],[6.4,49.6],[6.4,49.7],[6.5,49.7],[6.5,49.8],[6.4,49.8],[6.3,49.8],[6.3,49.9],[6.2,49.9],[6.2,50.0],[6.2,49.9],[6.2,50.0],[6.1,50.0],[6.1,50.1],[6.1,50.2],[6.2,50.2],[6.1,50.2],[6.2,50.2],[6.3,50.3],[6.4,50.3],[6.3,50.4],[6.4,50.4],[6.3,50.4],[6.3,50.5],[6.2,50.5],[6.2,50.6],[6.3,50.6],[6.2,50.6],[6.1,50.6],[6.2,50.6],[6.1,50.7],[6.0,50.7],[6.0,50.8],[6.1,50.9],[6.0,50.9],[6.0,51.0],[5.9,51.0],[5.9,51.1],[5.9,51.0],[6.0,51.0],[6.0,51.1],[6.1,51.1],[6.1,51.2],[6.2,51.2],[6.1,51.2],[6.1,51.3],[6.2,51.3],[6.2,51.4],[6.2,51.5],[6.1,51.6],[6.0,51.7],[5.9,51.7],[6.0,51.8],[5.9,51.8],[6.0,51.8],[6.1,51.9],[6.1,51.8],[6.2,51.8],[6.1,51.9],[6.2,51.9],[6.3,51.9],[6.3,51.8],[6.4,51.8],[6.4,51.9],[6.4,51.8],[6.5,51.8],[6.5,51.9],[6.6,51.9],[6.7,51.9],[6.8,51.9],[6.8,52.0],[6.7,52.0],[6.7,52.1],[6.8,52.1],[6.9,52.1],[6.9,52.2],[7.0,52.2],[7.0,52.3],[7.0,52.4],[7.0,52.5],[7.0,52.4],[6.9,52.4],[6.8,52.4],[6.7,52.5],[6.7,52.6],[6.8,52.6],[6.9,52.6],[7.0,52.6],[7.0,52.7],[7.1,52.8],[7.1,52.9],[7.2,52.9],[7.2,53.0],[7.2,53.1],[7.2,53.2],[7.2,53.3],[7.3,53.3],[7.4,53.3],[7.3,53.3],[7.1,53.3],[7.0,53.3],[7.0,53.4],[7.0,53.5],[7.1,53.5],[7.1,53.6],[7.2,53.6],[7.2,53.7],[7.3,53.7],[7.5,53.7],[7.7,53.7],[8.0,53.7],[8.1,53.6],[8.2,53.6],[8.2,53.5],[8.1,53.5],[8.1,53.4],[8.1,53.5],[8.2,53.4],[8.3,53.4],[8.3,53.5],[8.2,53.5],[8.2,53.6],[8.3,53.6],[8.4,53.6],[8.5,53.6],[8.6,53.5],[8.5,53.5],[8.5,53.4],[8.5,53.5],[8.6,53.5],[8.6,53.6],[8.5,53.6],[8.5,53.7],[8.5,53.8],[8.6,53.8],[8.6,53.9],[8.7,53.9],[8.8,53.8],[8.9,53.8],[9.0,53.8],[9.0,53.9],[9.1,53.9],[9.2,53.9],[9.3,53.9],[9.3,53.8],[9.4,53.7],[9.5,53.7],[9.6,53.6],[9.7,53.6],[9.8,53.5],[9.8,53.6],[9.7,53.6],[9.6,53.6],[9.5,53.7],[9.4,53.7],[9.4,53.8],[9.3,53.9],[9.2,53.9],[9.1,53.9],[9.0,53.9],[8.9,53.9],[8.8,54.0],[8.9,54.0],[9.0,54.0],[9.0,54.1],[9.0,54.2],[8.9,54.1],[8.8,54.2],[8.8,54.3],[8.9,54.3],[9.0,54.3],[8.9,54.3],[8.8,54.3],[8.7,54.3],[8.6,54.3],[8.6,54.4],[8.7,54.4],[8.6,54.4],[8.7,54.4],[8.8,54.4],[8.9,54.4],[9.0,54.5],[8.9,54.6],[8.8,54.6],[8.9,54.6],[8.8,54.7],[8.7,54.7],[8.7,54.8],[8.6,54.8],[8.6,54.9],[8.7,54.9],[8.8,54.9],[8.9,54.9],[9.0,54.9],[9.2,54.9],[9.2,54.8],[9.3,54.8],[9.4,54.8],[9.5,54.8],[9.6,54.8],[9.6,54.9],[9.6,54.8],[9.7,54.8],[9.8,54.8],[9.9,54.8],[10.0,54.8],[10.0,54.7],[9.9,54.7],[10.0,54.7],[10.0,54.6],[10.0,54.5],[9.9,54.5],[9.8,54.5],[9.9,54.5],[10.1,54.5],[10.2,54.5],[10.2,54.4],[10.1,54.4],[10.2,54.4],[10.2,54.3],[10.1,54.3],[10.2,54.3],[10.2,54.4],[10.3,54.4],[10.4,54.4],[10.6,54.4],[10.7,54.3],[10.8,54.3],[10.9,54.4],[11.0,54.4],[11.1,54.4],[11.1,54.3],[11.1,54.2],[11.0,54.1],[10.9,54.1],[10.8,54.1],[10.8,54.0],[10.9,54.0],[11.0,54.0],[11.1,54.0],[11.2,54.0],[11.2,53.9],[11.3,53.9],[11.3,54.0],[11.4,53.9],[11.5,53.9],[11.5,54.0],[11.6,54.0],[11.6,54.1],[11.7,54.1],[11.7,54.2],[11.8,54.1],[12.1,54.2],[12.1,54.1],[12.1,54.2],[12.2,54.2],[12.2,54.3],[12.3,54.3],[12.4,54.3],[12.4,54.4],[12.5,54.4],[12.5,54.5],[12.6,54.5],[12.8,54.5],[12.9,54.4],[12.8,54.4],[12.7,54.4],[12.6,54.4],[12.5,54.4],[12.4,54.4],[12.4,54.3],[12.4,54.4],[12.4,54.3],[12.4,54.2],[12.5,54.3],[12.4,54.3],[12.5,54.3],[12.6,54.4],[12.5,54.4],[12.6,54.4],[12.7,54.4],[12.8,54.4],[12.9,54.4],[13.0,54.4],[13.1,54.4],[13.1,54.3],[13.2,54.3],[13.1,54.3],[13.2,54.3],[13.2,54.2],[13.3,54.2],[13.4,54.2],[13.4,54.1],[13.4,54.2],[13.4,54.1],[13.5,54.1],[13.6,54.1],[13.7,54.2],[13.7,54.1],[13.8,54.1],[13.8,54.0],[13.7,54.0],[13.8,54.0],[13.9,54.0],[13.8,54.0],[13.9,54.0],[13.9,53.9],[13.8,53.9],[13.8,53.8],[13.9,53.8],[14.0,53.8],[14.1,53.8],[14.1,53.7],[14.2,53.7],[14.2,53.8],[14.3,53.8],[14.3,53.7],[14.2,53.7],[14.3,53.7],[14.3,53.6],[14.3,53.5],[14.4,53.4],[14.4,53.3],[14.4,53.2],[14.4,53.1],[14.3,53.0],[14.2,53.0],[14.1,53.0],[14.2,52.9],[14.1,52.9],[14.1,52.8],[14.2,52.8],[14.3,52.8],[14.4,52.7],[14.5,52.7],[14.5,52.6],[14.6,52.6],[14.6,52.5],[14.6,52.4],[14.5,52.4],[14.6,52.3],[14.7,52.3],[14.7,52.2],[14.7,52.1],[14.8,52.1],[14.7,52.1],[14.7,52.0],[14.7,51.9],[14.6,51.8],[14.6,51.7],[14.7,51.7],[14.7,51.6],[14.7,51.5],[14.8,51.5],[14.9,51.5],[14.9,51.4],[15.0,51.4],[14.9,51.4],[15.0,51.4],[15.0,51.3],[15.0,51.2],[15.0,51.1],[14.9,51.0],[14.9,50.9],[14.8,50.9],[14.8,50.8],[14.7,50.8],[14.6,50.8],[14.6,50.9],[14.6,51.0],[14.5,51.0],[14.4,51.0],[14.3,51.0],[14.2,51.0],[14.3,51.0],[14.3,50.9],[14.4,50.9],[14.3,50.9],[14.2,50.9],[14.2,50.8],[14.0,50.8],[13.9,50.8],[13.9,50.7],[13.8,50.7],[13.7,50.7],[13.6,50.7],[13.5,50.7],[13.5,50.6],[13.4,50.6],[13.3,50.6],[13.2,50.6],[13.2,50.5],[13.1,50.5],[13.0,50.5],[13.0,50.4],[12.9,50.4],[12.8,50.4],[12.7,50.4],[12.6,50.4],[12.5,50.4],[12.5,50.3],[12.4,50.3],[12.3,50.3],[12.3,50.2],[12.2,50.2],[12.2,50.3],[12.1,50.3],[12.1,50.2],[12.2,50.2],[12.2,50.1],[12.2,50.0],[12.4,50.0],[12.5,50.0],[12.5,49.9],[12.5,49.8],[12.4,49.8],[12.4,49.7],[12.5,49.7],[12.5,49.6],[12.6,49.6],[12.6,49.5],[12.6,49.4],[12.7,49.4],[12.8,49.3],[12.9,49.3],[13.0,49.3],[13.0,49.2],[13.1,49.2],[13.2,49.1],[13.3,49.1],[13.4,49.0],[13.5,48.9],[13.5,49.0],[13.6,49.0],[13.6,48.9],[13.7,48.9],[13.7,48.8],[13.8,48.8]]],[[[13.7,54.4],[13.8,54.3],[13.7,54.3],[13.6,54.3],[13.7,54.3],[13.7,54.4],[13.6,54.3],[13.6,54.4],[13.5,54.3],[13.4,54.3],[13.4,54.2],[13.4,54.3],[13.4,54.2],[13.3,54.2],[13.3,54.3],[13.2,54.3],[13.1,54.3],[13.2,54.3],[13.1,54.3],[13.1,54.4],[13.2,54.4],[13.3,54.4],[13.2,54.4],[13.2,54.5],[13.3,54.5],[13.2,54.5],[13.1,54.5],[13.2,54.5],[13.2,54.6],[13.3,54.6],[13.3,54.5],[13.3,54.6],[13.4,54.6],[13.3,54.6],[13.4,54.5],[13.3,54.5],[13.4,54.5],[13.4,54.6],[13.4,54.5],[13.5,54.5],[13.5,54.6],[13.4,54.6],[13.3,54.6],[13.2,54.6],[13.3,54.6],[13.2,54.6],[13.2,54.7],[13.3,54.7],[13.4,54.7],[13.4,54.6],[13.5,54.6],[13.6,54.6],[13.7,54.6],[13.7,54.5],[13.6,54.5],[13.6,54.4],[13.7,54.4]]],[[[14.2,53.9],[14.1,53.9],[14.0,53.9],[13.9,53.8],[13.8,53.9],[13.9,53.9],[13.9,54.0],[14.0,54.0],[14.0,53.9],[14.0,54.0],[14.0,53.9],[14.0,54.0],[14.1,54.0],[14.0,54.0],[14.0,54.1],[13.9,54.1],[13.9,54.0],[13.8,54.0],[13.8,54.1],[13.8,54.2],[13.8,54.1],[13.9,54.1],[14.0,54.1],[14.2,53.9]]],[[[8.4,54.9],[8.7,54.9],[8.6,54.9],[8.5,54.9],[8.4,54.9],[8.3,54.9],[8.3,54.8],[8.3,54.7],[8.3,54.8],[8.3,54.9],[8.4,55.0],[8.4,55.1],[8.5,55.1],[8.4,55.0],[8.4,54.9]]]]}},{"type":"Feature","properties":{"iso3":"EST","name":"Estonia","ilo169":"not ratified","colonial":"none recorded","conquests_suffered":1},"geometry":{"type":"MultiPolygon","coordinates":[[[[24.3,57.9],[24.4,58.0],[24.4,58.1],[24.5,58.1],[24.5,58.2],[24.5,58.3],[24.6,58.3],[24.5,58.4],[24.4,58.4],[24.3,58.4],[24.3,58.3],[24.2,58.3],[24.1,58.3],[24.1,58.2],[24.1,58.3],[24.0,58.3],[23.9,58.3],[23.8,58.3],[23.8,58.4],[23.8,58.3],[23.8,58.4],[23.8,58.3],[23.7,58.3],[23.7,58.4],[23.7,58.5],[23.6,58.5],[23.6,58.6],[23.5,58.6],[23.5,58.7],[23.6,58.7],[23.7,58.7],[23.7,58.8],[23.7,58.7],[23.8,58.7],[23.8,58.8],[23.9,58.8],[23.8,58.8],[23.7,58.8],[23.6,58.8],[23.5,58.8],[23.4,58.8],[23.5,58.8],[23.5,58.9],[23.4,58.9],[23.5,58.9],[23.5,59.0],[23.6,59.0],[23.6,59.1],[23.6,59.0],[23.5,59.0],[23.4,59.0],[23.4,59.1],[23.5,59.1],[23.5,59.2],[23.6,59.2],[23.6,59.3],[23.7,59.3],[23.7,59.2],[23.7,59.3],[23.8,59.3],[23.9,59.3],[24.0,59.3],[24.1,59.3],[24.0,59.4],[24.1,59.4],[24.2,59.4],[24.2,59.3],[24.2,59.4],[24.3,59.4],[24.3,59.5],[24.4,59.5],[24.5,59.4],[24.5,59.5],[24.6,59.5],[24.6,59.4],[24.7,59.4],[24.6,59.5],[24.7,59.5],[24.7,59.4],[24.8,59.5],[24.8,59.6],[24.9,59.5],[25.0,59.5],[25.1,59.5],[25.2,59.5],[25.4,59.5],[25.5,59.5],[25.5,59.6],[25.5,59.7],[25.5,59.6],[25.6,59.6],[25.7,59.6],[25.7,59.7],[25.8,59.6],[25.9,59.6],[26.0,59.6],[26.1,59.6],[26.3,59.6],[26.4,59.6],[26.5,59.5],[26.6,59.6],[26.7,59.6],[26.7,59.5],[26.8,59.5],[26.9,59.5],[27.1,59.4],[27.3,59.4],[27.4,59.5],[27.6,59.4],[27.7,59.4],[27.9,59.4],[28.0,59.4],[28.0,59.5],[28.1,59.5],[28.1,59.4],[28.2,59.4],[28.1,59.3],[28.0,59.3],[28.1,59.3],[28.0,59.3],[27.9,59.3],[27.9,59.2],[27.8,59.2],[27.8,59.1],[27.7,59.0],[27.6,58.9],[27.5,58.9],[27.4,58.8],[27.4,58.7],[27.5,58.5],[27.6,58.4],[27.5,58.3],[27.5,58.2],[27.6,58.1],[27.6,58.0],[27.7,58.0],[27.7,57.9],[27.8,57.9],[27.8,57.8],[27.7,57.8],[27.6,57.8],[27.5,57.8],[27.6,57.8],[27.5,57.8],[27.5,57.7],[27.4,57.7],[27.4,57.6],[27.3,57.6],[27.3,57.5],[27.4,57.5],[27.3,57.5],[27.2,57.5],[27.1,57.5],[27.1,57.6],[27.0,57.6],[26.9,57.6],[26.8,57.6],[26.7,57.6],[26.6,57.6],[26.6,57.5],[26.5,57.5],[26.4,57.6],[26.3,57.6],[26.2,57.7],[26.1,57.7],[26.0,57.8],[25.8,57.9],[25.7,57.9],[25.6,57.9],[25.6,58.0],[25.5,58.0],[25.4,58.0],[25.3,58.0],[25.3,58.1],[25.2,58.1],[25.3,58.0],[25.2,58.0],[25.2,58.1],[25.1,58.1],[25.0,58.1],[25.0,58.0],[24.9,58.0],[24.8,58.0],[24.7,58.0],[24.7,57.9],[24.6,57.9],[24.5,57.9],[24.4,57.9],[24.3,57.9]]],[[[23.2,58.5],[23.3,58.5],[23.3,58.4],[23.3,58.5],[23.2,58.5],[23.3,58.5],[23.3,58.4],[23.2,58.4],[23.2,58.5],[23.1,58.5],[23.1,58.4],[23.0,58.4],[22.9,58.4],[23.0,58.4],[22.9,58.3],[22.8,58.3],[22.7,58.3],[22.8,58.2],[22.7,58.2],[22.6,58.3],[22.6,58.2],[22.5,58.2],[22.5,58.3],[22.5,58.2],[22.4,58.2],[22.3,58.2],[22.3,58.1],[22.2,58.1],[22.2,58.0],[22.0,57.9],[22.0,58.0],[22.1,58.1],[22.2,58.1],[22.2,58.2],[22.1,58.2],[22.0,58.2],[21.9,58.2],[21.9,58.3],[21.8,58.3],[21.9,58.3],[22.0,58.3],[22.0,58.4],[21.9,58.4],[21.9,58.5],[21.8,58.5],[21.9,58.5],[22.0,58.5],[22.1,58.5],[22.1,58.4],[22.1,58.5],[22.2,58.5],[22.3,58.5],[22.3,58.6],[22.5,58.6],[22.6,58.6],[22.7,58.6],[22.8,58.6],[22.9,58.6],[23.0,58.6],[23.1,58.6],[23.1,58.5],[23.2,58.5]]],[[[22.3,58.9],[22.2,58.9],[22.1,58.9],[22.0,58.9],[22.1,59.0],[22.2,59.0],[22.5,59.0],[22.4,59.0],[22.5,59.0],[22.6,59.0],[22.6,59.1],[22.7,59.1],[22.7,59.0],[22.8,59.0],[22.9,59.0],[23.0,59.0],[22.9,58.9],[23.0,58.9],[23.0,58.8],[22.9,58.8],[22.8,58.8],[22.7,58.8],[22.7,58.7],[22.6,58.7],[22.5,58.7],[22.5,58.8],[22.4,58.8],[22.4,58.9],[22.3,58.9]]]]}},{"type":"Feature","properties":{"iso3":"LVA","name":"Latvia","ilo169":"not ratified","colonial":"none recorded","conquests_suffered":1},"geometry":{"type":"Polygon","coordinates":[[[27.4,57.5],[27.5,57.5],[27.5,57.4],[27.6,57.4],[27.7,57.4],[27.7,57.3],[27.8,57.3],[27.8,57.2],[27.8,57.1],[27.7,57.1],[27.8,57.0],[27.7,57.0],[27.6,56.9],[27.6,56.8],[27.7,56.8],[27.7,56.9],[27.8,56.9],[27.9,56.9],[27.9,56.8],[27.9,56.7],[28.0,56.7],[28.0,56.6],[28.1,56.6],[28.1,56.5],[28.2,56.4],[28.2,56.3],[28.2,56.2],[28.1,56.1],[28.1,56.2],[28.1,56.1],[28.0,56.1],[27.9,56.1],[27.8,56.0],[27.7,56.0],[27.6,55.9],[27.6,55.8],[27.4,55.8],[27.3,55.8],[27.2,55.8],[27.1,55.8],[27.0,55.8],[26.9,55.8],[26.8,55.7],[26.7,55.7],[26.6,55.7],[26.5,55.7],[26.3,55.7],[26.2,55.8],[26.1,55.9],[26.0,55.9],[26.0,56.0],[25.9,56.0],[25.8,56.0],[25.8,56.1],[25.7,56.1],[25.6,56.1],[25.5,56.2],[25.5,56.1],[25.3,56.2],[25.1,56.2],[25.0,56.2],[25.0,56.3],[24.9,56.4],[24.8,56.4],[24.7,56.4],[24.6,56.4],[24.6,56.3],[24.5,56.3],[24.4,56.3],[24.3,56.3],[24.2,56.3],[24.1,56.3],[24.0,56.3],[23.9,56.3],[23.8,56.3],[23.7,56.3],[23.7,56.4],[23.6,56.4],[23.6,56.3],[23.5,56.3],[23.4,56.4],[23.3,56.4],[23.2,56.4],[23.2,56.3],[23.1,56.3],[23.0,56.3],[23.0,56.4],[22.9,56.4],[22.8,56.4],[22.7,56.4],[22.7,56.3],[22.6,56.4],[22.5,56.4],[22.2,56.4],[22.1,56.4],[22.0,56.4],[21.7,56.3],[21.6,56.3],[21.4,56.2],[21.3,56.2],[21.2,56.2],[21.2,56.1],[21.1,56.1],[21.0,56.1],[21.0,56.2],[21.0,56.3],[21.0,56.4],[21.0,56.5],[21.0,56.4],[21.1,56.4],[21.1,56.5],[21.0,56.5],[21.0,56.6],[21.0,56.7],[21.1,56.7],[21.1,56.8],[21.1,56.9],[21.2,56.9],[21.3,56.9],[21.3,57.0],[21.4,57.0],[21.4,57.1],[21.4,57.2],[21.4,57.3],[21.5,57.3],[21.5,57.4],[21.6,57.4],[21.7,57.6],[21.8,57.6],[22.0,57.6],[22.2,57.7],[22.5,57.7],[22.5,57.8],[22.6,57.8],[22.6,57.7],[22.6,57.6],[22.7,57.6],[22.9,57.5],[23.0,57.4],[23.1,57.4],[23.1,57.3],[23.2,57.3],[23.2,57.2],[23.3,57.1],[23.4,57.0],[23.5,57.0],[23.6,57.0],[23.7,57.0],[23.9,57.0],[24.0,57.0],[24.0,57.1],[24.1,57.1],[24.2,57.1],[24.3,57.2],[24.4,57.2],[24.4,57.3],[24.4,57.5],[24.4,57.6],[24.4,57.7],[24.3,57.7],[24.3,57.8],[24.3,57.9],[24.4,57.9],[24.5,57.9],[24.6,57.9],[24.7,57.9],[24.7,58.0],[24.8,58.0],[24.9,58.0],[25.0,58.0],[25.0,58.1],[25.1,58.1],[25.2,58.1],[25.2,58.0],[25.3,58.0],[25.2,58.1],[25.3,58.1],[25.3,58.0],[25.4,58.0],[25.5,58.0],[25.6,58.0],[25.6,57.9],[25.7,57.9],[25.8,57.9],[26.0,57.8],[26.1,57.7],[26.2,57.7],[26.3,57.6],[26.4,57.6],[26.5,57.5],[26.6,57.5],[26.6,57.6],[26.7,57.6],[26.8,57.6],[26.9,57.6],[27.0,57.6],[27.1,57.6],[27.1,57.5],[27.2,57.5],[27.3,57.5],[27.4,57.5]]]}},{"type":"Feature","properties":{"iso3":"NOR","name":"Norway","ilo169":"ratified","colonial":"Holds territories of its own"},"geometry":{"type":"MultiPolygon","coordinates":[[[[20.6,69.0],[20.4,69.0],[20.1,69.0],[20.3,68.9],[20.4,68.8],[20.3,68.8],[20.2,68.7],[20.2,68.6],[20.0,68.5],[20.2,68.5],[20.0,68.4],[19.9,68.4],[19.5,68.4],[19.0,68.5],[18.7,68.5],[18.6,68.5],[18.5,68.6],[18.4,68.6],[18.2,68.5],[18.1,68.4],[18.2,68.2],[18.0,68.0],[17.9,68.0],[17.6,68.0],[17.3,68.1],[17.2,68.0],[16.8,67.9],[16.6,67.6],[16.5,67.6],[16.4,67.5],[16.2,67.5],[16.1,67.4],[16.4,67.2],[16.4,67.1],[16.4,67.0],[16.3,67.0],[16.1,66.9],[16.0,66.9],[15.7,66.6],[15.4,66.5],[15.5,66.4],[15.5,66.3],[15.1,66.2],[14.8,66.1],[14.5,66.1],[14.6,65.8],[14.6,65.7],[14.5,65.5],[14.5,65.4],[14.5,65.3],[14.4,65.3],[14.4,65.2],[14.3,65.1],[14.2,65.0],[13.9,64.8],[13.6,64.6],[13.9,64.5],[14.0,64.5],[14.1,64.5],[14.1,64.4],[14.2,64.2],[14.1,64.2],[14.0,64.0],[13.9,64.0],[13.6,64.1],[13.2,64.1],[13.0,64.1],[12.8,64.0],[12.7,64.0],[12.5,63.8],[12.3,63.7],[12.2,63.6],[12.2,63.5],[12.0,63.3],[12.1,63.2],[12.2,63.0],[12.1,62.9],[12.2,62.7],[12.1,62.7],[12.1,62.6],[12.3,62.3],[12.3,62.2],[12.2,62.0],[12.2,61.7],[12.3,61.7],[12.3,61.6],[12.4,61.6],[12.5,61.6],[12.6,61.6],[12.6,61.5],[12.9,61.4],[12.9,61.3],[12.8,61.2],[12.7,61.2],[12.7,61.1],[12.7,61.0],[12.6,61.1],[12.5,61.0],[12.3,61.0],[12.3,60.9],[12.3,60.8],[12.4,60.8],[12.5,60.7],[12.6,60.5],[12.6,60.4],[12.5,60.3],[12.5,60.2],[12.5,60.1],[12.4,60.1],[12.3,60.0],[12.1,59.9],[11.9,59.9],[11.8,59.9],[11.8,59.8],[11.9,59.8],[11.9,59.7],[11.8,59.7],[11.7,59.6],[11.8,59.4],[11.8,59.3],[11.8,59.2],[11.7,59.1],[11.7,59.0],[11.7,58.9],[11.6,58.9],[11.5,58.9],[11.5,59.0],[11.4,59.0],[11.4,59.1],[11.3,59.1],[11.2,59.1],[11.2,59.2],[11.1,59.2],[11.2,59.2],[11.1,59.1],[11.1,59.2],[11.1,59.1],[11.0,59.1],[11.0,59.2],[10.9,59.2],[10.9,59.1],[10.9,59.2],[10.8,59.2],[10.8,59.3],[10.8,59.2],[10.7,59.2],[10.7,59.3],[10.8,59.3],[10.7,59.3],[10.7,59.4],[10.6,59.4],[10.7,59.4],[10.6,59.4],[10.6,59.5],[10.7,59.5],[10.6,59.4],[10.7,59.4],[10.7,59.5],[10.6,59.5],[10.6,59.6],[10.7,59.6],[10.6,59.6],[10.6,59.7],[10.6,59.8],[10.7,59.9],[10.7,59.8],[10.7,59.7],[10.7,59.8],[10.8,59.9],[10.7,59.9],[10.8,59.9],[10.7,59.9],[10.6,59.9],[10.5,59.9],[10.5,59.8],[10.5,59.7],[10.6,59.7],[10.6,59.6],[10.5,59.5],[10.4,59.5],[10.4,59.6],[10.4,59.7],[10.3,59.7],[10.2,59.7],[10.3,59.7],[10.4,59.7],[10.4,59.6],[10.4,59.5],[10.3,59.5],[10.3,59.6],[10.2,59.6],[10.2,59.5],[10.3,59.5],[10.4,59.5],[10.5,59.4],[10.4,59.4],[10.4,59.3],[10.5,59.3],[10.5,59.2],[10.4,59.3],[10.4,59.2],[10.3,59.2],[10.3,59.1],[10.3,59.0],[10.2,59.1],[10.2,59.0],[10.1,59.0],[10.2,59.0],[10.2,59.1],[10.1,59.1],[10.1,59.0],[10.0,59.0],[9.8,59.0],[9.8,59.1],[9.8,59.0],[9.7,59.0],[9.7,59.1],[9.7,59.0],[9.7,59.1],[9.6,59.1],[9.5,59.1],[9.6,59.1],[9.6,59.0],[9.7,59.0],[9.6,58.9],[9.5,58.9],[9.4,58.9],[9.3,58.9],[9.3,58.8],[9.4,58.8],[9.5,58.8],[9.4,58.8],[9.3,58.8],[9.3,58.7],[9.2,58.7],[9.1,58.7],[9.2,58.7],[9.1,58.7],[9.2,58.7],[9.1,58.7],[9.2,58.7],[9.2,58.6],[9.1,58.6],[9.0,58.6],[8.9,58.6],[9.0,58.5],[8.9,58.5],[8.8,58.5],[8.8,58.4],[8.7,58.4],[8.6,58.4],[8.6,58.3],[8.5,58.3],[8.4,58.3],[8.4,58.2],[8.3,58.2],[8.2,58.2],[8.3,58.2],[8.2,58.2],[8.2,58.1],[8.1,58.1],[8.0,58.1],[8.1,58.1],[8.1,58.2],[8.0,58.2],[8.0,58.1],[7.9,58.1],[8.0,58.1],[7.9,58.1],[7.8,58.1],[7.7,58.1],[7.7,58.0],[7.6,58.0],[7.6,58.1],[7.6,58.0],[7.4,58.0],[7.3,58.0],[7.2,58.1],[7.2,58.0],[7.2,58.1],[7.1,58.0],[7.0,58.0],[7.1,58.1],[7.0,58.1],[7.0,58.0],[6.9,58.0],[7.0,58.1],[6.9,58.1],[6.8,58.1],[6.9,58.1],[7.0,58.1],[6.9,58.1],[6.8,58.1],[6.8,58.2],[6.8,58.1],[6.7,58.1],[6.7,58.2],[6.7,58.1],[6.8,58.1],[6.7,58.1],[6.6,58.1],[6.5,58.1],[6.6,58.1],[6.6,58.2],[6.7,58.2],[6.8,58.2],[6.8,58.3],[6.7,58.2],[6.6,58.3],[6.7,58.3],[6.6,58.3],[6.6,58.2],[6.5,58.3],[6.4,58.3],[6.3,58.3],[6.2,58.3],[6.1,58.3],[6.1,58.4],[6.0,58.4],[6.0,58.5],[5.9,58.5],[5.8,58.5],[5.7,58.5],[5.6,58.5],[5.7,58.6],[5.6,58.6],[5.5,58.7],[5.5,58.8],[5.5,58.9],[5.6,58.9],[5.5,58.9],[5.5,59.0],[5.6,58.9],[5.6,59.0],[5.5,59.0],[5.6,59.0],[5.7,59.0],[5.7,58.9],[5.8,58.9],[5.8,59.0],[5.9,59.0],[5.9,58.9],[6.0,58.9],[6.1,58.8],[6.2,58.8],[6.1,58.9],[6.1,59.0],[6.2,59.0],[6.6,59.1],[6.4,59.0],[6.3,59.0],[6.2,59.0],[6.1,59.0],[6.0,58.9],[6.0,59.0],[6.1,59.0],[6.0,59.0],[5.9,59.0],[5.9,59.1],[6.0,59.1],[6.1,59.1],[6.1,59.2],[6.0,59.1],[6.0,59.2],[6.1,59.2],[6.2,59.3],[6.3,59.3],[6.4,59.3],[6.5,59.3],[6.3,59.3],[6.2,59.3],[6.1,59.3],[6.2,59.3],[6.2,59.4],[6.2,59.3],[6.1,59.3],[6.1,59.4],[6.1,59.3],[6.0,59.3],[6.0,59.4],[6.1,59.4],[6.2,59.4],[6.2,59.5],[6.4,59.6],[6.5,59.6],[6.3,59.6],[6.3,59.5],[6.2,59.5],[6.3,59.6],[6.3,59.7],[6.3,59.6],[6.2,59.6],[6.2,59.5],[6.1,59.5],[6.1,59.4],[6.0,59.4],[5.9,59.4],[6.2,59.5],[6.1,59.5],[6.0,59.5],[5.9,59.5],[5.8,59.5],[5.7,59.4],[5.7,59.5],[5.7,59.4],[5.6,59.4],[5.7,59.4],[5.8,59.4],[5.9,59.4],[5.8,59.3],[5.7,59.3],[5.6,59.3],[5.6,59.4],[5.6,59.3],[5.5,59.3],[5.4,59.3],[5.4,59.4],[5.4,59.3],[5.4,59.4],[5.3,59.4],[5.4,59.4],[5.3,59.4],[5.3,59.3],[5.2,59.4],[5.2,59.5],[5.2,59.6],[5.3,59.6],[5.4,59.7],[5.4,59.6],[5.4,59.7],[5.5,59.7],[5.5,59.6],[5.5,59.5],[5.4,59.5],[5.5,59.5],[5.5,59.6],[5.6,59.7],[5.7,59.7],[5.7,59.6],[5.8,59.6],[5.8,59.7],[5.9,59.7],[5.8,59.7],[5.7,59.7],[5.8,59.7],[5.9,59.7],[5.9,59.8],[5.9,59.7],[6.0,59.7],[6.2,59.8],[6.3,59.8],[6.3,59.9],[6.2,59.8],[6.1,59.8],[6.0,59.8],[5.9,59.8],[6.0,59.8],[6.0,59.9],[5.9,59.9],[5.9,59.8],[5.8,59.8],[5.7,59.8],[5.7,59.9],[5.7,59.8],[5.6,59.9],[5.7,59.9],[5.8,59.9],[5.9,60.0],[6.0,60.0],[5.9,60.0],[6.0,60.1],[6.1,60.1],[6.3,60.1],[6.3,60.2],[6.2,60.2],[6.2,60.1],[6.1,60.1],[6.1,60.2],[6.2,60.2],[6.2,60.3],[6.3,60.3],[6.3,60.4],[6.4,60.4],[6.5,60.4],[6.6,60.4],[6.6,60.3],[6.5,60.3],[6.5,60.2],[6.5,60.1],[6.5,60.2],[6.6,60.2],[6.6,60.3],[6.6,60.4],[6.7,60.4],[6.8,60.5],[6.9,60.5],[7.0,60.5],[7.1,60.5],[6.9,60.5],[7.0,60.5],[7.0,60.6],[6.9,60.6],[6.9,60.5],[6.8,60.5],[6.7,60.5],[6.7,60.4],[6.6,60.4],[6.6,60.5],[6.7,60.5],[6.6,60.5],[6.5,60.5],[6.5,60.4],[6.4,60.4],[6.3,60.4],[6.2,60.4],[6.2,60.5],[6.2,60.4],[6.1,60.4],[6.2,60.4],[6.2,60.3],[6.1,60.3],[6.2,60.3],[6.1,60.3],[6.1,60.2],[6.1,60.3],[6.0,60.3],[6.0,60.2],[5.9,60.2],[5.9,60.1],[5.9,60.0],[5.8,60.0],[5.7,60.0],[5.7,60.1],[5.8,60.1],[5.7,60.1],[5.7,60.2],[5.8,60.2],[5.7,60.2],[5.6,60.1],[5.6,60.2],[5.5,60.2],[5.6,60.2],[5.7,60.2],[5.6,60.2],[5.6,60.3],[5.6,60.2],[5.6,60.3],[5.7,60.3],[5.7,60.4],[5.6,60.4],[5.6,60.3],[5.6,60.4],[5.6,60.3],[5.5,60.2],[5.4,60.2],[5.4,60.1],[5.4,60.2],[5.3,60.2],[5.4,60.2],[5.3,60.2],[5.2,60.2],[5.3,60.2],[5.3,60.3],[5.2,60.3],[5.1,60.3],[5.1,60.4],[5.2,60.4],[5.3,60.4],[5.3,60.5],[5.2,60.5],[5.3,60.5],[5.4,60.5],[5.4,60.4],[5.5,60.4],[5.6,60.4],[5.7,60.4],[5.6,60.4],[5.7,60.5],[5.7,60.6],[5.7,60.7],[5.7,60.8],[5.7,60.7],[5.6,60.7],[5.5,60.7],[5.5,60.6],[5.4,60.6],[5.3,60.6],[5.2,60.6],[5.1,60.6],[5.1,60.7],[5.2,60.6],[5.2,60.7],[5.1,60.7],[5.0,60.7],[5.0,60.8],[4.9,60.8],[5.0,60.8],[5.1,60.8],[5.2,60.7],[5.3,60.7],[5.3,60.6],[5.4,60.6],[5.4,60.7],[5.4,60.6],[5.4,60.7],[5.3,60.7],[5.3,60.8],[5.2,60.8],[5.3,60.8],[5.4,60.8],[5.3,60.8],[5.4,60.9],[5.5,60.9],[5.4,60.9],[5.3,60.9],[5.3,60.8],[5.2,60.8],[5.2,60.9],[5.2,60.8],[5.1,60.8],[5.0,60.8],[5.0,60.9],[5.0,61.0],[5.1,61.0],[5.1,60.9],[5.1,61.0],[5.0,61.0],[5.1,61.1],[5.2,61.1],[5.3,61.0],[5.4,61.0],[5.5,61.0],[5.5,61.1],[5.6,61.1],[5.7,61.1],[5.8,61.1],[5.9,61.1],[6.0,61.1],[6.1,61.1],[6.2,61.1],[6.3,61.1],[6.2,61.0],[6.3,61.0],[6.3,61.1],[6.4,61.1],[6.4,61.0],[6.3,61.0],[6.4,61.0],[6.4,61.1],[6.5,61.1],[6.6,61.1],[6.6,61.2],[6.8,61.2],[6.8,61.1],[6.9,61.1],[7.0,61.1],[7.0,61.0],[6.9,61.0],[6.9,60.9],[7.0,61.0],[7.1,61.0],[7.1,60.9],[7.2,60.9],[7.2,61.0],[7.1,61.0],[7.0,61.0],[7.0,61.1],[7.1,61.1],[7.2,61.1],[7.3,61.1],[7.4,61.1],[7.3,61.1],[7.4,61.2],[7.5,61.2],[7.6,61.2],[7.7,61.2],[7.6,61.2],[7.4,61.2],[7.3,61.2],[7.3,61.3],[7.4,61.3],[7.4,61.4],[7.5,61.4],[7.5,61.5],[7.6,61.5],[7.5,61.5],[7.3,61.4],[7.3,61.3],[7.2,61.3],[7.3,61.3],[7.3,61.2],[7.4,61.2],[7.3,61.2],[7.2,61.2],[7.1,61.1],[7.0,61.1],[6.9,61.1],[6.9,61.2],[7.0,61.2],[6.9,61.2],[6.8,61.2],[6.7,61.2],[6.6,61.2],[6.6,61.3],[6.7,61.3],[6.7,61.4],[6.6,61.3],[6.5,61.3],[6.5,61.2],[6.5,61.1],[6.4,61.1],[6.3,61.1],[6.2,61.1],[6.2,61.2],[6.1,61.2],[6.1,61.1],[6.0,61.1],[6.0,61.2],[5.9,61.2],[5.8,61.2],[5.7,61.2],[5.7,61.1],[5.6,61.1],[5.5,61.1],[5.4,61.1],[5.3,61.1],[5.2,61.1],[5.2,61.2],[5.1,61.1],[5.1,61.2],[5.0,61.2],[5.1,61.2],[5.2,61.2],[5.3,61.2],[5.2,61.2],[5.1,61.2],[5.0,61.2],[5.1,61.2],[5.0,61.2],[5.0,61.3],[5.1,61.3],[5.2,61.3],[5.3,61.3],[5.4,61.4],[5.6,61.4],[5.2,61.4],[5.1,61.3],[5.0,61.3],[5.0,61.4],[5.1,61.4],[5.0,61.4],[4.9,61.4],[5.1,61.4],[5.2,61.5],[5.3,61.5],[5.3,61.4],[5.3,61.5],[5.5,61.4],[5.6,61.4],[5.6,61.5],[5.7,61.5],[5.8,61.5],[5.7,61.5],[5.6,61.5],[5.5,61.5],[5.4,61.5],[5.3,61.5],[5.2,61.5],[5.1,61.5],[5.1,61.6],[5.2,61.6],[5.2,61.5],[5.2,61.6],[5.4,61.6],[5.3,61.6],[5.2,61.6],[5.1,61.6],[5.3,61.6],[5.4,61.6],[5.3,61.6],[5.2,61.6],[5.0,61.6],[4.9,61.7],[5.0,61.7],[5.0,61.8],[5.1,61.8],[5.1,61.7],[5.2,61.7],[5.1,61.7],[5.1,61.8],[5.2,61.8],[5.1,61.8],[5.2,61.8],[5.3,61.8],[5.3,61.9],[5.4,61.9],[5.5,61.9],[5.6,61.9],[5.7,61.9],[5.7,61.8],[5.6,61.8],[5.7,61.8],[5.9,61.9],[5.9,61.8],[5.9,61.7],[5.9,61.8],[6.0,61.8],[6.1,61.8],[6.2,61.8],[6.1,61.8],[6.3,61.8],[6.4,61.8],[6.5,61.8],[6.6,61.8],[6.6,61.9],[6.7,61.9],[6.8,61.9],[6.8,61.8],[6.8,61.9],[6.7,61.9],[6.6,61.9],[6.5,61.9],[6.5,61.8],[6.3,61.9],[6.1,61.8],[6.1,61.9],[6.0,61.9],[5.9,61.9],[5.8,61.9],[5.7,61.9],[5.9,61.9],[6.0,61.9],[5.6,61.9],[5.5,61.9],[5.4,61.9],[5.3,61.9],[5.2,61.9],[5.1,61.9],[5.1,62.0],[5.2,62.0],[5.3,62.0],[5.4,62.0],[5.3,62.0],[5.3,62.1],[5.2,62.1],[5.1,62.1],[5.1,62.2],[5.2,62.2],[5.3,62.2],[5.3,62.1],[5.4,62.1],[5.5,62.1],[5.5,62.0],[5.5,62.1],[5.6,62.1],[5.4,62.1],[5.4,62.2],[5.5,62.2],[5.6,62.2],[5.6,62.1],[5.7,62.1],[5.7,62.2],[5.8,62.2],[5.9,62.2],[5.9,62.1],[5.8,62.0],[5.9,62.1],[6.0,62.1],[6.1,62.1],[6.2,62.1],[6.4,62.1],[6.1,62.1],[6.0,62.1],[6.0,62.2],[5.9,62.2],[6.0,62.2],[6.1,62.2],[6.0,62.2],[5.9,62.2],[6.0,62.3],[6.1,62.3],[6.2,62.4],[6.3,62.4],[6.3,62.3],[6.4,62.3],[6.5,62.2],[6.6,62.2],[6.6,62.1],[6.5,62.1],[6.6,62.1],[6.6,62.2],[6.5,62.3],[6.4,62.3],[6.4,62.4],[6.5,62.4],[6.6,62.4],[6.5,62.4],[6.6,62.4],[6.7,62.4],[6.7,62.5],[6.7,62.4],[6.9,62.4],[6.9,62.3],[7.0,62.3],[7.0,62.2],[6.9,62.1],[7.0,62.1],[7.1,62.1],[7.2,62.1],[7.1,62.1],[7.0,62.1],[7.0,62.2],[7.0,62.3],[7.1,62.3],[7.2,62.3],[7.3,62.3],[7.4,62.3],[7.4,62.2],[7.4,62.3],[7.3,62.3],[7.2,62.3],[7.0,62.3],[6.9,62.4],[7.0,62.4],[6.9,62.5],[6.8,62.5],[6.7,62.5],[6.5,62.4],[6.4,62.4],[6.3,62.4],[6.3,62.5],[6.2,62.5],[6.3,62.5],[6.4,62.5],[6.5,62.5],[6.6,62.5],[6.7,62.5],[6.6,62.5],[6.5,62.5],[6.6,62.5],[6.5,62.5],[6.3,62.5],[6.3,62.6],[6.2,62.6],[6.3,62.6],[6.5,62.6],[6.6,62.6],[6.7,62.6],[6.7,62.7],[6.8,62.7],[6.9,62.6],[6.9,62.7],[7.1,62.7],[7.1,62.6],[7.0,62.6],[7.1,62.6],[7.1,62.5],[7.2,62.6],[7.1,62.6],[7.2,62.6],[7.3,62.6],[7.4,62.6],[7.4,62.5],[7.5,62.5],[7.6,62.5],[7.6,62.6],[7.8,62.6],[7.7,62.6],[7.5,62.6],[7.4,62.6],[7.5,62.6],[7.5,62.7],[7.6,62.7],[7.8,62.7],[7.9,62.7],[8.0,62.7],[8.1,62.7],[8.0,62.8],[8.1,62.8],[8.0,62.8],[7.9,62.8],[7.9,62.7],[7.6,62.7],[7.5,62.7],[7.4,62.7],[7.5,62.8],[7.7,62.8],[7.6,62.8],[7.5,62.8],[7.4,62.8],[7.3,62.7],[7.0,62.7],[6.9,62.7],[7.0,62.7],[7.0,62.8],[7.1,62.8],[7.2,62.8],[7.1,62.8],[7.0,62.8],[7.0,62.9],[6.9,62.9],[7.0,63.0],[7.1,63.0],[7.2,63.0],[7.3,63.0],[7.4,63.0],[7.4,62.9],[7.5,62.9],[7.6,62.9],[7.6,63.0],[7.7,63.0],[7.8,63.0],[7.7,62.9],[7.8,62.9],[7.8,63.0],[7.9,63.0],[8.0,63.0],[8.1,63.0],[8.1,62.9],[8.1,62.8],[8.2,62.8],[8.3,62.8],[8.4,62.7],[8.5,62.7],[8.6,62.7],[8.5,62.7],[8.5,62.8],[8.4,62.8],[8.3,62.8],[8.2,62.8],[8.2,62.9],[8.1,63.0],[8.0,63.0],[7.9,63.0],[8.0,63.0],[7.9,63.0],[8.0,63.1],[8.1,63.1],[8.1,63.0],[8.2,63.0],[8.3,63.0],[8.3,62.9],[8.4,62.9],[8.5,62.9],[8.5,62.8],[8.5,62.9],[8.4,62.9],[8.5,62.9],[8.6,62.9],[8.6,62.8],[8.7,62.8],[8.6,62.9],[8.5,62.9],[8.4,62.9],[8.4,63.0],[8.6,63.0],[8.7,63.0],[8.6,63.0],[8.5,63.0],[8.6,63.0],[8.5,63.0],[8.4,63.0],[8.3,63.0],[8.4,63.0],[8.5,63.0],[8.4,63.0],[8.3,63.0],[8.2,63.0],[8.2,63.1],[8.3,63.1],[8.2,63.1],[8.2,63.2],[8.5,63.1],[8.6,63.1],[8.6,63.2],[8.8,63.2],[8.9,63.2],[8.6,63.2],[8.6,63.3],[8.5,63.3],[8.7,63.3],[8.8,63.3],[8.7,63.3],[8.7,63.4],[8.6,63.4],[8.7,63.4],[8.8,63.4],[8.9,63.4],[9.0,63.4],[9.0,63.5],[9.1,63.5],[9.1,63.4],[9.1,63.3],[9.2,63.3],[9.3,63.4],[9.4,63.4],[9.5,63.4],[9.4,63.4],[9.3,63.4],[9.2,63.4],[9.5,63.5],[9.4,63.5],[9.3,63.5],[9.2,63.5],[9.1,63.5],[9.2,63.5],[9.3,63.5],[9.3,63.6],[9.4,63.6],[9.4,63.5],[9.5,63.6],[9.6,63.5],[9.6,63.6],[9.5,63.6],[9.6,63.6],[9.7,63.6],[9.8,63.6],[9.8,63.5],[9.9,63.5],[9.9,63.4],[10.0,63.4],[9.9,63.4],[9.8,63.3],[9.9,63.3],[10.0,63.4],[10.1,63.3],[10.2,63.3],[10.3,63.3],[10.2,63.3],[10.1,63.4],[10.0,63.4],[10.1,63.4],[10.2,63.5],[10.3,63.5],[10.4,63.4],[10.4,63.5],[10.5,63.5],[10.5,63.4],[10.6,63.4],[10.7,63.5],[10.7,63.4],[10.8,63.4],[10.9,63.4],[10.9,63.5],[10.8,63.5],[10.8,63.6],[10.9,63.6],[10.8,63.6],[10.7,63.6],[10.7,63.5],[10.7,63.6],[10.8,63.6],[10.9,63.7],[11.0,63.7],[11.1,63.7],[11.2,63.7],[11.2,63.8],[11.3,63.8],[11.4,63.8],[11.5,63.8],[11.4,63.8],[11.4,63.9],[11.4,63.8],[11.3,63.9],[11.1,63.8],[11.1,63.9],[11.2,63.9],[11.3,64.0],[11.4,64.0],[11.5,64.0],[11.4,64.0],[11.3,64.0],[11.2,64.1],[11.3,64.1],[11.4,64.1],[11.3,64.1],[11.2,64.1],[11.2,64.0],[11.0,63.9],[10.9,63.9],[10.8,63.9],[10.7,63.9],[10.6,63.8],[10.7,63.8],[10.8,63.9],[10.9,63.9],[11.0,63.9],[11.1,63.9],[11.1,63.8],[11.0,63.8],[10.9,63.8],[10.9,63.7],[10.8,63.7],[10.7,63.7],[10.6,63.7],[10.6,63.6],[10.5,63.6],[10.4,63.6],[10.3,63.6],[10.2,63.6],[10.2,63.5],[10.1,63.5],[10.0,63.5],[9.9,63.5],[9.9,63.6],[9.8,63.6],[9.8,63.7],[9.9,63.7],[10.0,63.7],[10.1,63.7],[10.1,63.8],[10.0,63.7],[10.0,63.8],[9.9,63.8],[9.9,63.7],[9.8,63.7],[9.7,63.7],[9.6,63.7],[9.5,63.7],[9.6,63.7],[9.7,63.8],[9.8,63.8],[9.6,63.8],[9.5,63.8],[9.7,63.8],[9.8,63.9],[9.9,63.9],[9.8,63.9],[9.9,63.9],[10.0,63.9],[10.1,63.9],[10.2,63.9],[10.2,64.0],[10.1,64.0],[10.1,63.9],[10.0,63.9],[9.9,63.9],[10.0,63.9],[10.1,64.0],[10.0,64.0],[9.9,64.0],[10.0,64.0],[10.0,64.1],[10.1,64.1],[10.2,64.1],[10.1,64.1],[10.2,64.1],[10.2,64.2],[10.3,64.2],[10.4,64.2],[10.3,64.2],[10.2,64.2],[10.3,64.2],[10.3,64.3],[10.4,64.3],[10.5,64.3],[10.4,64.3],[10.5,64.3],[10.5,64.4],[10.5,64.3],[10.5,64.4],[10.6,64.3],[10.5,64.4],[10.6,64.4],[10.6,64.3],[10.6,64.4],[10.5,64.4],[10.6,64.4],[10.6,64.5],[10.6,64.4],[10.7,64.4],[10.8,64.4],[10.9,64.4],[10.8,64.4],[10.7,64.4],[10.7,64.5],[10.8,64.5],[10.9,64.5],[11.0,64.5],[10.9,64.5],[11.0,64.5],[10.9,64.5],[11.0,64.5],[11.0,64.6],[10.9,64.6],[11.0,64.6],[11.1,64.6],[11.1,64.5],[11.2,64.5],[11.2,64.4],[11.2,64.5],[11.3,64.5],[11.3,64.4],[11.2,64.3],[11.3,64.3],[11.3,64.4],[11.4,64.4],[11.4,64.5],[11.4,64.4],[11.5,64.4],[11.5,64.5],[11.6,64.5],[11.7,64.5],[11.4,64.5],[11.5,64.5],[11.6,64.6],[11.6,64.5],[11.5,64.5],[11.6,64.5],[11.7,64.6],[11.8,64.6],[11.7,64.6],[11.6,64.6],[11.5,64.6],[11.4,64.6],[11.4,64.7],[11.5,64.7],[11.6,64.7],[11.6,64.8],[11.8,64.8],[11.7,64.8],[11.6,64.8],[11.7,64.8],[11.8,64.8],[11.8,64.9],[11.7,64.8],[11.6,64.8],[11.7,64.9],[11.8,64.9],[11.9,64.9],[12.0,64.9],[12.1,65.0],[12.2,64.9],[12.2,65.0],[12.1,65.0],[12.0,65.0],[11.9,64.9],[11.7,64.9],[11.6,64.9],[11.6,64.8],[11.5,64.8],[11.4,64.8],[11.3,64.7],[11.2,64.7],[11.3,64.7],[11.3,64.8],[11.4,64.8],[11.3,64.8],[11.2,64.8],[11.3,64.8],[11.5,64.9],[11.7,64.9],[11.6,64.9],[11.2,64.9],[11.3,64.9],[11.4,64.9],[11.5,64.9],[11.6,64.9],[11.5,64.9],[11.6,65.0],[11.6,64.9],[11.6,65.0],[11.7,65.0],[11.8,65.0],[11.9,65.0],[11.9,65.1],[12.0,65.1],[12.0,65.0],[12.0,65.1],[12.1,65.1],[12.1,65.0],[12.2,65.0],[12.2,65.1],[12.3,65.1],[12.4,65.1],[12.5,65.1],[12.6,65.1],[12.6,65.2],[12.7,65.2],[12.8,65.2],[12.8,65.3],[12.9,65.3],[12.8,65.3],[12.7,65.2],[12.6,65.2],[12.5,65.2],[12.5,65.1],[12.4,65.1],[12.4,65.2],[12.5,65.2],[12.4,65.2],[12.5,65.2],[12.5,65.3],[12.7,65.2],[12.7,65.3],[12.6,65.3],[12.5,65.3],[12.4,65.3],[12.3,65.3],[12.3,65.2],[12.2,65.2],[12.3,65.2],[12.3,65.3],[12.4,65.3],[12.5,65.3],[12.4,65.3],[12.5,65.4],[12.6,65.4],[12.6,65.3],[12.7,65.3],[12.7,65.4],[12.6,65.4],[12.5,65.4],[12.6,65.4],[12.7,65.4],[12.6,65.4],[12.6,65.5],[12.8,65.5],[12.7,65.5],[12.6,65.5],[12.7,65.5],[12.6,65.5],[12.6,65.6],[12.5,65.5],[12.5,65.6],[12.5,65.5],[12.4,65.5],[12.4,65.6],[12.3,65.6],[12.4,65.7],[12.5,65.7],[12.6,65.7],[12.7,65.6],[12.8,65.6],[12.8,65.7],[12.7,65.7],[12.6,65.7],[12.6,65.8],[12.7,65.8],[12.6,65.8],[12.6,65.9],[12.7,65.9],[12.8,66.0],[12.9,66.0],[12.9,65.9],[13.0,65.9],[13.1,65.9],[13.2,65.9],[13.1,65.9],[13.0,65.9],[13.0,66.0],[12.9,66.0],[13.0,66.0],[13.0,66.1],[12.9,66.1],[12.7,66.0],[12.7,66.1],[12.8,66.1],[12.9,66.1],[13.0,66.2],[13.1,66.1],[13.1,66.2],[13.2,66.2],[13.3,66.2],[13.5,66.2],[13.6,66.2],[13.5,66.2],[13.6,66.2],[13.5,66.2],[13.5,66.1],[13.6,66.1],[13.6,66.2],[13.7,66.2],[13.8,66.2],[13.8,66.1],[13.8,66.2],[13.7,66.2],[13.6,66.2],[13.7,66.2],[13.8,66.2],[14.0,66.2],[14.0,66.3],[14.1,66.3],[14.0,66.3],[13.9,66.3],[13.8,66.3],[13.7,66.3],[13.6,66.2],[13.6,66.3],[13.5,66.3],[13.4,66.2],[13.3,66.2],[13.2,66.2],[13.1,66.2],[13.0,66.2],[13.1,66.2],[13.2,66.3],[13.3,66.3],[13.5,66.3],[13.4,66.3],[13.5,66.3],[13.4,66.3],[13.3,66.4],[13.3,66.3],[13.2,66.3],[13.1,66.3],[13.2,66.3],[13.1,66.3],[13.0,66.3],[13.0,66.4],[13.1,66.4],[13.2,66.4],[13.1,66.4],[13.1,66.5],[13.2,66.5],[13.1,66.5],[13.0,66.5],[13.1,66.5],[13.2,66.5],[13.4,66.5],[13.3,66.5],[13.4,66.5],[13.5,66.5],[13.5,66.6],[13.5,66.5],[13.6,66.5],[13.7,66.5],[13.6,66.5],[13.5,66.6],[13.6,66.6],[13.7,66.6],[13.5,66.6],[13.4,66.6],[13.3,66.6],[13.3,66.5],[13.2,66.5],[13.2,66.6],[13.3,66.6],[13.4,66.6],[13.3,66.6],[13.2,66.7],[13.3,66.7],[13.3,66.6],[13.4,66.6],[13.4,66.7],[13.5,66.7],[13.5,66.6],[13.5,66.7],[13.3,66.7],[13.2,66.7],[13.3,66.7],[13.5,66.7],[13.7,66.7],[13.8,66.7],[13.9,66.7],[13.7,66.7],[13.6,66.7],[13.5,66.7],[13.6,66.8],[13.7,66.8],[13.8,66.8],[13.7,66.8],[13.6,66.8],[13.5,66.8],[13.6,66.8],[13.7,66.8],[13.8,66.8],[14.0,66.8],[13.9,66.8],[13.8,66.8],[13.7,66.8],[13.7,66.9],[13.6,66.9],[13.5,66.9],[13.6,66.9],[13.7,66.9],[13.8,66.9],[13.8,67.0],[13.9,67.0],[14.0,67.0],[13.9,67.0],[13.9,66.9],[14.0,66.9],[13.9,66.9],[14.0,67.0],[14.0,67.1],[14.1,67.1],[14.1,67.0],[14.2,67.0],[14.3,67.0],[14.2,67.0],[14.3,67.1],[14.4,67.1],[14.5,67.0],[14.6,67.0],[14.6,67.1],[14.5,67.1],[14.4,67.1],[14.3,67.1],[14.3,67.2],[14.4,67.2],[14.5,67.2],[14.4,67.2],[14.4,67.1],[14.5,67.1],[14.5,67.2],[14.7,67.2],[14.7,67.1],[14.8,67.1],[14.7,67.1],[14.7,67.2],[14.5,67.2],[14.6,67.2],[14.7,67.2],[14.8,67.2],[14.9,67.2],[15.0,67.2],[14.9,67.2],[14.9,67.1],[15.0,67.1],[14.9,67.1],[14.9,67.2],[15.0,67.2],[15.1,67.2],[15.2,67.2],[15.3,67.2],[15.4,67.2],[15.4,67.1],[15.5,67.1],[15.4,67.1],[15.5,67.1],[15.5,67.2],[15.4,67.2],[15.5,67.2],[15.7,67.2],[15.6,67.2],[15.4,67.2],[15.3,67.2],[15.2,67.2],[15.1,67.2],[15.1,67.3],[15.2,67.3],[15.1,67.3],[15.0,67.3],[14.9,67.3],[14.8,67.3],[14.8,67.2],[14.7,67.2],[14.6,67.2],[14.7,67.2],[14.7,67.3],[14.6,67.3],[14.4,67.2],[14.3,67.2],[14.4,67.3],[14.5,67.3],[14.6,67.4],[14.7,67.4],[14.8,67.4],[14.9,67.4],[15.0,67.4],[14.9,67.4],[14.8,67.4],[14.8,67.5],[14.7,67.5],[14.8,67.5],[15.0,67.6],[15.1,67.6],[15.2,67.5],[15.1,67.5],[15.0,67.6],[15.0,67.5],[15.1,67.5],[15.0,67.5],[14.9,67.5],[14.8,67.5],[14.9,67.5],[15.0,67.5],[15.1,67.5],[15.2,67.5],[15.2,67.4],[15.1,67.4],[15.2,67.4],[15.2,67.5],[15.4,67.5],[15.5,67.5],[15.5,67.4],[15.6,67.4],[15.6,67.3],[15.7,67.3],[15.6,67.3],[15.6,67.4],[15.5,67.4],[15.6,67.5],[15.5,67.5],[15.6,67.5],[15.8,67.6],[15.9,67.6],[15.7,67.6],[15.6,67.5],[15.5,67.5],[15.3,67.5],[15.2,67.5],[15.2,67.6],[15.3,67.6],[15.2,67.6],[15.3,67.6],[15.4,67.6],[15.5,67.6],[15.4,67.6],[15.3,67.6],[15.2,67.6],[15.3,67.7],[15.4,67.7],[15.5,67.7],[15.7,67.7],[15.6,67.7],[15.5,67.7],[15.4,67.7],[15.6,67.7],[15.7,67.7],[15.8,67.7],[15.7,67.8],[15.6,67.8],[15.7,67.8],[15.6,67.8],[15.4,67.8],[15.4,67.9],[15.4,67.8],[15.4,67.9],[15.4,67.8],[15.3,67.8],[15.2,67.7],[15.0,67.7],[14.9,67.7],[14.8,67.6],[14.7,67.7],[14.9,67.7],[14.8,67.7],[14.9,67.7],[15.1,67.7],[15.0,67.7],[15.0,67.8],[14.9,67.8],[14.8,67.8],[14.9,67.8],[15.0,67.8],[15.1,67.8],[15.1,67.9],[14.8,67.8],[14.8,67.9],[14.9,67.9],[15.0,67.9],[15.1,67.9],[15.2,67.9],[15.2,67.8],[15.3,67.9],[15.4,67.9],[15.5,67.9],[15.6,67.9],[15.8,68.0],[15.8,67.9],[15.9,67.9],[15.9,68.0],[16.0,68.0],[16.1,68.0],[15.9,68.0],[15.9,68.1],[15.8,68.1],[15.8,68.0],[15.6,68.0],[15.6,68.1],[15.5,68.1],[15.4,68.0],[15.3,68.0],[15.3,68.1],[15.4,68.1],[15.5,68.1],[15.6,68.1],[15.6,68.2],[15.7,68.2],[15.7,68.1],[15.6,68.1],[15.7,68.0],[15.7,68.1],[15.8,68.1],[15.9,68.1],[15.9,68.2],[16.0,68.2],[15.9,68.2],[16.0,68.2],[16.0,68.3],[16.0,68.2],[16.1,68.2],[16.0,68.2],[16.1,68.2],[16.1,68.1],[16.1,68.0],[16.0,68.0],[16.2,68.0],[16.2,67.9],[16.3,67.9],[16.4,67.8],[16.5,67.8],[16.4,67.8],[16.5,67.9],[16.3,67.9],[16.3,68.0],[16.2,68.0],[16.3,68.0],[16.4,67.9],[16.5,67.9],[16.4,67.9],[16.5,67.9],[16.4,68.0],[16.3,68.0],[16.4,68.0],[16.5,68.0],[16.4,68.0],[16.4,68.1],[16.5,68.1],[16.6,68.1],[16.7,68.1],[16.6,68.1],[16.5,68.1],[16.4,68.1],[16.3,68.1],[16.2,68.1],[16.3,68.1],[16.4,68.1],[16.4,68.2],[16.5,68.2],[16.4,68.2],[16.5,68.2],[16.6,68.2],[16.5,68.2],[16.4,68.2],[16.2,68.2],[16.3,68.2],[16.4,68.2],[16.3,68.2],[16.2,68.3],[16.1,68.3],[16.2,68.3],[16.3,68.3],[16.4,68.3],[16.5,68.3],[16.6,68.2],[16.7,68.1],[16.8,68.1],[16.7,68.2],[16.6,68.2],[16.6,68.3],[16.5,68.3],[16.4,68.3],[16.3,68.3],[16.2,68.3],[16.3,68.3],[16.2,68.3],[16.2,68.4],[16.3,68.4],[16.4,68.4],[16.7,68.4],[16.8,68.4],[16.9,68.4],[16.8,68.3],[17.0,68.3],[17.0,68.4],[17.1,68.4],[17.2,68.3],[17.3,68.3],[17.3,68.2],[17.4,68.2],[17.4,68.3],[17.3,68.3],[17.2,68.3],[17.2,68.4],[17.3,68.4],[17.2,68.4],[17.3,68.4],[17.5,68.4],[17.6,68.4],[17.5,68.4],[17.4,68.4],[17.5,68.4],[17.7,68.4],[17.8,68.4],[17.9,68.4],[17.8,68.4],[17.6,68.5],[17.5,68.4],[17.5,68.5],[17.4,68.5],[17.3,68.5],[17.0,68.4],[17.0,68.5],[17.1,68.5],[17.0,68.5],[16.9,68.5],[16.8,68.4],[16.7,68.5],[16.7,68.4],[16.5,68.4],[16.5,68.5],[16.6,68.5],[16.6,68.6],[16.7,68.7],[16.8,68.7],[16.9,68.7],[17.0,68.7],[17.1,68.7],[17.1,68.6],[17.2,68.6],[17.2,68.7],[17.1,68.7],[17.2,68.7],[17.3,68.7],[17.4,68.7],[17.5,68.7],[17.6,68.7],[17.7,68.7],[17.6,68.7],[17.5,68.7],[17.4,68.7],[17.4,68.8],[17.3,68.7],[17.2,68.8],[17.3,68.8],[17.4,68.8],[17.5,68.8],[17.6,68.8],[17.7,68.8],[17.8,68.7],[17.8,68.8],[17.7,68.8],[17.6,68.8],[17.5,68.8],[17.6,68.9],[17.7,68.9],[17.8,68.9],[17.9,68.9],[17.8,68.9],[17.7,68.9],[17.5,68.9],[17.4,68.9],[17.5,68.9],[17.5,69.0],[17.6,69.0],[17.6,69.1],[17.7,69.1],[17.6,69.1],[17.7,69.1],[17.9,69.1],[18.0,69.1],[18.0,69.2],[18.2,69.2],[18.1,69.2],[18.0,69.2],[18.0,69.3],[18.1,69.3],[18.1,69.4],[18.2,69.4],[18.2,69.5],[18.3,69.5],[18.4,69.4],[18.5,69.4],[18.5,69.3],[18.5,69.2],[18.5,69.3],[18.5,69.4],[18.6,69.4],[18.6,69.3],[18.7,69.3],[18.8,69.3],[18.9,69.3],[19.0,69.3],[18.9,69.3],[18.7,69.4],[18.6,69.4],[18.5,69.4],[18.5,69.5],[18.6,69.5],[18.9,69.6],[18.9,69.5],[18.8,69.5],[18.9,69.5],[18.9,69.4],[19.0,69.4],[19.1,69.4],[19.3,69.3],[19.4,69.3],[19.3,69.3],[19.2,69.3],[19.2,69.2],[19.2,69.3],[19.3,69.3],[19.2,69.2],[19.3,69.2],[19.4,69.2],[19.5,69.2],[19.4,69.3],[19.5,69.3],[19.4,69.3],[19.4,69.4],[19.3,69.4],[19.2,69.4],[19.1,69.4],[19.0,69.4],[19.0,69.5],[19.1,69.5],[19.2,69.6],[19.2,69.5],[19.3,69.5],[19.2,69.5],[19.2,69.6],[19.1,69.6],[19.0,69.5],[19.0,69.6],[18.9,69.6],[19.1,69.7],[19.2,69.7],[19.2,69.8],[19.3,69.8],[19.4,69.8],[19.5,69.8],[19.6,69.8],[19.7,69.8],[19.8,69.8],[19.7,69.8],[19.7,69.7],[19.7,69.6],[19.6,69.5],[19.7,69.5],[19.6,69.5],[19.6,69.4],[19.5,69.4],[19.7,69.4],[19.7,69.5],[19.8,69.6],[19.7,69.6],[19.8,69.6],[19.9,69.6],[20.0,69.6],[20.1,69.6],[20.0,69.6],[19.9,69.6],[19.8,69.7],[19.9,69.7],[19.9,69.8],[20.0,69.8],[20.1,69.8],[20.1,69.9],[20.2,69.9],[20.3,70.0],[20.4,69.9],[20.4,69.8],[20.4,69.7],[20.3,69.7],[20.4,69.6],[20.3,69.6],[20.3,69.5],[20.2,69.5],[20.2,69.4],[20.1,69.4],[20.0,69.3],[19.9,69.3],[20.0,69.3],[20.1,69.3],[20.2,69.4],[20.3,69.4],[20.4,69.5],[20.5,69.6],[20.6,69.5],[20.8,69.5],[20.9,69.5],[20.8,69.5],[20.7,69.5],[20.7,69.6],[20.6,69.6],[20.5,69.6],[20.5,69.7],[20.5,69.8],[20.6,69.8],[20.8,69.8],[20.8,69.9],[21.1,69.9],[21.0,69.9],[20.9,69.9],[20.9,69.8],[21.0,69.8],[20.9,69.8],[21.0,69.8],[21.1,69.8],[21.0,69.8],[21.1,69.8],[21.1,69.9],[21.2,69.9],[21.1,69.8],[21.2,69.8],[21.2,69.9],[21.3,69.9],[21.2,69.9],[21.2,70.0],[21.3,70.0],[21.4,70.0],[21.6,70.0],[21.6,69.9],[21.7,69.9],[21.8,69.9],[21.9,69.8],[22.0,69.8],[22.1,69.7],[22.0,69.7],[22.1,69.7],[22.1,69.8],[22.0,69.8],[21.9,69.8],[22.0,69.8],[22.0,69.9],[21.9,69.9],[21.9,70.0],[22.0,70.0],[22.1,69.9],[22.1,70.0],[22.0,70.0],[21.9,70.0],[21.8,70.0],[21.8,70.1],[22.0,70.1],[22.1,70.1],[22.0,70.1],[21.8,70.1],[21.7,70.1],[21.6,70.1],[21.5,70.1],[21.4,70.1],[21.5,70.2],[21.4,70.2],[21.3,70.2],[21.2,70.2],[21.3,70.2],[21.3,70.3],[21.4,70.3],[21.4,70.2],[21.5,70.2],[21.5,70.3],[21.6,70.3],[21.7,70.3],[21.8,70.2],[21.9,70.1],[21.9,70.2],[21.8,70.2],[21.8,70.3],[22.0,70.3],[22.1,70.3],[22.1,70.2],[22.2,70.2],[22.2,70.3],[22.1,70.3],[22.3,70.3],[22.3,70.2],[22.2,70.2],[22.2,70.1],[22.3,70.1],[22.4,70.1],[22.5,70.1],[22.6,70.1],[22.5,70.1],[22.3,70.2],[22.4,70.2],[22.4,70.3],[22.5,70.3],[22.6,70.2],[22.7,70.2],[23.0,70.2],[22.9,70.1],[22.8,70.1],[22.7,70.1],[22.6,70.1],[22.5,70.1],[22.4,70.1],[22.3,70.0],[22.4,70.0],[22.4,70.1],[22.6,70.1],[22.7,70.1],[22.9,70.1],[23.0,70.1],[23.0,70.0],[23.1,70.0],[23.1,69.9],[23.2,70.0],[23.3,70.0],[23.3,69.9],[23.4,70.0],[23.5,70.0],[23.3,70.0],[23.2,70.1],[23.3,70.1],[23.4,70.1],[23.3,70.2],[23.4,70.2],[23.3,70.2],[23.2,70.2],[23.3,70.2],[23.4,70.2],[23.5,70.2],[23.5,70.3],[23.3,70.2],[23.3,70.3],[23.4,70.3],[23.6,70.3],[23.5,70.3],[23.5,70.4],[23.6,70.4],[23.8,70.4],[23.8,70.5],[23.9,70.5],[24.2,70.5],[24.3,70.5],[24.4,70.5],[24.3,70.5],[24.2,70.5],[24.1,70.5],[24.2,70.6],[24.3,70.6],[24.3,70.7],[24.4,70.7],[24.5,70.7],[24.6,70.6],[24.7,70.6],[24.7,70.7],[24.6,70.7],[24.7,70.7],[24.6,70.7],[24.5,70.7],[24.5,70.8],[24.3,70.8],[24.2,70.8],[24.3,70.8],[24.4,70.9],[24.4,70.8],[24.5,70.8],[24.6,70.8],[24.6,70.9],[24.7,70.9],[24.6,70.9],[24.6,71.0],[24.7,70.9],[24.6,71.0],[24.7,71.0],[24.8,71.0],[24.8,70.9],[24.9,70.9],[24.8,70.9],[25.0,70.9],[25.0,71.0],[25.1,71.0],[25.1,70.9],[25.0,70.9],[24.9,70.9],[25.0,70.9],[25.1,70.9],[25.2,70.9],[25.3,70.8],[25.2,70.8],[25.3,70.8],[25.4,70.9],[25.3,70.9],[25.3,71.0],[25.4,71.0],[25.5,70.9],[25.4,70.9],[25.4,70.8],[25.5,70.8],[25.5,70.9],[25.6,70.9],[25.7,70.9],[25.8,70.9],[25.9,70.9],[25.9,70.8],[25.8,70.8],[25.7,70.8],[25.6,70.8],[25.6,70.7],[25.7,70.7],[25.6,70.7],[25.5,70.7],[25.4,70.7],[25.4,70.6],[25.3,70.6],[25.2,70.6],[25.1,70.5],[25.2,70.5],[25.3,70.5],[25.2,70.5],[25.1,70.5],[25.2,70.5],[25.3,70.5],[25.3,70.4],[25.2,70.4],[25.3,70.4],[25.2,70.4],[25.1,70.4],[25.1,70.3],[25.2,70.3],[25.1,70.3],[25.0,70.2],[24.9,70.2],[24.9,70.1],[25.0,70.1],[25.1,70.2],[25.1,70.1],[25.2,70.1],[25.3,70.1],[25.3,70.2],[25.4,70.2],[25.5,70.2],[25.5,70.3],[25.4,70.3],[25.7,70.4],[25.9,70.6],[26.0,70.6],[26.1,70.7],[26.2,70.8],[26.3,70.8],[26.4,70.9],[26.6,70.9],[26.7,71.0],[26.7,70.9],[26.7,70.8],[26.7,70.7],[26.6,70.7],[26.3,70.6],[26.4,70.6],[26.5,70.7],[26.6,70.7],[26.7,70.6],[26.6,70.6],[26.6,70.5],[26.5,70.5],[26.5,70.4],[26.6,70.4],[26.7,70.4],[26.8,70.4],[26.8,70.5],[26.9,70.5],[27.1,70.5],[27.0,70.5],[27.0,70.6],[27.1,70.6],[27.2,70.6],[27.3,70.6],[27.2,70.6],[27.1,70.6],[27.1,70.7],[27.2,70.7],[27.1,70.7],[27.3,70.7],[27.3,70.8],[27.6,70.8],[27.5,70.8],[27.5,70.9],[27.4,70.9],[27.3,70.9],[27.2,70.9],[27.1,70.9],[27.1,71.0],[27.2,71.0],[27.3,70.9],[27.3,71.0],[27.2,71.0],[27.3,71.0],[27.5,71.0],[27.6,71.0],[27.5,71.0],[27.5,71.1],[27.6,71.1],[27.7,71.1],[27.8,71.1],[27.9,71.0],[28.0,71.0],[28.0,71.1],[28.1,71.1],[28.1,71.0],[28.1,71.1],[28.2,71.1],[28.3,71.1],[28.3,71.0],[28.2,71.0],[28.3,71.0],[28.5,71.0],[28.5,70.9],[28.4,70.9],[28.4,70.8],[28.3,70.8],[28.4,70.8],[28.2,70.8],[28.3,70.8],[28.2,70.8],[28.1,70.8],[28.0,70.8],[27.8,70.8],[27.8,70.7],[27.9,70.8],[28.0,70.8],[28.0,70.7],[28.1,70.7],[27.9,70.7],[27.8,70.6],[27.7,70.6],[27.8,70.6],[28.2,70.7],[28.3,70.7],[28.2,70.6],[28.1,70.6],[28.0,70.5],[27.9,70.5],[27.8,70.5],[27.9,70.5],[27.9,70.4],[27.9,70.5],[28.0,70.5],[27.9,70.5],[28.1,70.5],[28.2,70.5],[28.1,70.5],[28.0,70.4],[28.1,70.4],[28.1,70.5],[28.1,70.4],[28.2,70.5],[28.3,70.5],[28.2,70.4],[28.2,70.3],[28.2,70.2],[28.2,70.1],[28.1,70.1],[28.0,70.1],[28.1,70.1],[28.2,70.1],[28.2,70.2],[28.2,70.3],[28.2,70.4],[28.3,70.4],[28.3,70.5],[28.4,70.5],[28.5,70.5],[28.5,70.4],[28.5,70.5],[28.6,70.5],[28.5,70.5],[28.4,70.5],[28.4,70.6],[28.5,70.6],[28.5,70.7],[28.6,70.7],[28.5,70.7],[28.6,70.8],[28.7,70.8],[28.8,70.9],[29.1,70.9],[29.2,70.9],[29.3,70.8],[29.4,70.8],[29.3,70.7],[29.4,70.7],[29.3,70.7],[29.4,70.7],[29.3,70.7],[29.4,70.7],[29.5,70.7],[29.7,70.7],[29.8,70.7],[29.7,70.6],[29.8,70.6],[29.9,70.7],[30.0,70.7],[30.1,70.7],[30.2,70.7],[30.1,70.6],[30.2,70.6],[30.3,70.6],[30.2,70.6],[30.1,70.6],[30.1,70.5],[30.2,70.5],[30.1,70.5],[30.0,70.5],[30.2,70.5],[30.5,70.6],[30.6,70.5],[30.7,70.5],[30.7,70.4],[30.8,70.4],[30.9,70.5],[31.0,70.4],[31.1,70.4],[31.0,70.4],[31.0,70.3],[31.1,70.3],[31.0,70.3],[30.9,70.3],[30.5,70.2],[30.4,70.2],[30.4,70.1],[30.3,70.1],[30.1,70.1],[30.2,70.1],[29.7,70.1],[29.2,70.1],[28.9,70.2],[28.7,70.2],[28.6,70.2],[28.8,70.2],[28.7,70.1],[28.6,70.1],[28.7,70.1],[28.8,70.1],[28.7,70.1],[28.9,70.1],[29.0,70.1],[29.1,70.1],[29.1,70.0],[29.2,70.0],[29.1,70.0],[29.2,70.0],[29.3,70.0],[29.4,70.0],[29.7,70.0],[29.6,69.9],[29.5,69.9],[29.4,69.9],[29.5,69.9],[29.6,69.9],[29.7,69.9],[29.8,69.8],[29.7,69.8],[29.6,69.8],[29.6,69.7],[29.5,69.7],[29.6,69.7],[29.7,69.7],[29.8,69.7],[29.9,69.7],[30.0,69.8],[30.1,69.8],[30.0,69.8],[30.0,69.7],[29.9,69.7],[30.0,69.7],[30.1,69.7],[30.2,69.7],[30.1,69.7],[30.1,69.8],[30.2,69.8],[30.2,69.9],[30.3,69.9],[30.3,69.8],[30.4,69.8],[30.4,69.7],[30.3,69.7],[30.4,69.7],[30.5,69.7],[30.4,69.7],[30.5,69.7],[30.5,69.8],[30.7,69.8],[30.8,69.8],[30.9,69.7],[30.9,69.6],[30.9,69.5],[30.8,69.5],[30.5,69.5],[30.3,69.6],[30.2,69.6],[30.1,69.6],[30.2,69.6],[30.2,69.5],[30.1,69.5],[30.1,69.4],[30.0,69.4],[29.9,69.4],[29.8,69.4],[29.7,69.4],[29.7,69.3],[29.6,69.3],[29.4,69.3],[29.3,69.3],[29.3,69.2],[29.3,69.1],[29.2,69.1],[29.1,69.0],[29.0,69.0],[28.8,69.1],[28.8,69.2],[28.9,69.2],[29.2,69.4],[29.3,69.5],[29.2,69.6],[29.1,69.7],[28.8,69.7],[28.5,69.8],[28.4,69.8],[28.4,69.9],[28.2,69.9],[28.0,70.0],[27.9,70.1],[27.8,70.1],[27.7,70.1],[27.6,70.1],[27.6,70.0],[27.4,70.0],[27.3,70.0],[27.4,69.9],[27.3,69.9],[27.1,69.9],[27.0,69.9],[26.9,69.9],[26.8,69.9],[26.7,69.9],[26.5,69.9],[26.4,69.9],[26.4,69.8],[26.3,69.8],[26.2,69.7],[26.0,69.7],[26.0,69.6],[26.0,69.5],[25.9,69.5],[25.9,69.4],[25.8,69.4],[25.9,69.4],[25.8,69.3],[25.7,69.2],[25.8,69.2],[25.8,69.1],[25.7,69.1],[25.8,69.1],[25.8,69.0],[25.7,69.0],[25.7,68.9],[25.6,68.9],[25.5,68.9],[25.4,68.9],[25.2,68.8],[25.1,68.8],[25.1,68.7],[25.1,68.6],[25.0,68.6],[24.9,68.6],[24.8,68.6],[24.7,68.7],[24.5,68.7],[24.3,68.7],[24.2,68.7],[24.2,68.8],[24.1,68.8],[23.9,68.8],[23.8,68.8],[23.7,68.7],[23.6,68.7],[23.5,68.7],[23.2,68.6],[23.1,68.7],[23.0,68.7],[22.9,68.7],[22.6,68.7],[22.5,68.7],[22.4,68.7],[22.4,68.8],[22.3,68.9],[22.2,68.9],[22.2,69.0],[22.0,69.0],[21.9,69.1],[21.7,69.3],[21.6,69.3],[21.3,69.3],[21.1,69.2],[21.0,69.2],[21.2,69.1],[21.1,69.0],[21.0,69.0],[20.7,69.1],[20.6,69.0]]],[[[20.2,78.6],[20.1,78.6],[20.0,78.6],[19.8,78.6],[19.7,78.6],[19.6,78.6],[19.6,78.5],[19.7,78.5],[19.3,78.5],[19.0,78.5],[19.0,78.4],[19.1,78.4],[19.1,78.3],[19.0,78.3],[19.1,78.2],[19.0,78.2],[18.9,78.2],[19.0,78.1],[19.1,78.1],[18.8,78.0],[18.6,78.1],[18.5,78.0],[18.4,78.0],[18.5,78.0],[18.4,78.0],[18.4,77.9],[18.3,77.9],[18.4,77.9],[18.4,77.8],[18.5,77.8],[18.4,77.8],[18.4,77.7],[18.3,77.7],[18.4,77.6],[18.3,77.6],[18.3,77.5],[18.2,77.5],[18.1,77.5],[18.0,77.5],[17.9,77.5],[17.8,77.5],[17.7,77.5],[17.6,77.4],[17.7,77.4],[17.6,77.4],[17.5,77.3],[17.5,77.2],[17.4,77.2],[17.4,77.1],[17.3,77.1],[17.3,77.0],[17.1,77.1],[17.1,77.0],[17.2,77.0],[17.3,77.0],[17.1,76.9],[17.1,76.8],[17.0,76.8],[16.9,76.8],[17.1,76.8],[17.2,76.7],[17.1,76.7],[17.1,76.6],[17.0,76.6],[16.9,76.6],[16.8,76.6],[16.6,76.6],[16.5,76.6],[16.4,76.6],[16.3,76.6],[16.3,76.7],[16.2,76.7],[16.1,76.7],[16.0,76.7],[15.9,76.8],[15.7,76.9],[15.5,76.9],[15.6,76.9],[15.7,76.9],[15.8,77.0],[15.9,76.9],[15.9,77.0],[16.0,77.0],[16.2,77.0],[16.2,76.9],[16.3,76.9],[16.3,77.0],[16.4,77.0],[16.5,77.0],[16.3,77.0],[16.2,77.0],[16.1,77.0],[16.1,77.1],[16.0,77.1],[15.9,77.1],[15.9,77.0],[15.8,77.0],[15.7,77.0],[15.3,77.0],[15.2,77.0],[15.1,77.1],[15.0,77.1],[15.1,77.1],[15.0,77.1],[14.6,77.2],[14.5,77.2],[14.4,77.2],[14.3,77.2],[14.3,77.3],[14.2,77.3],[14.1,77.3],[14.2,77.3],[14.0,77.4],[14.0,77.5],[14.0,77.4],[14.1,77.5],[14.0,77.5],[13.9,77.5],[14.0,77.5],[14.1,77.6],[14.4,77.6],[14.5,77.6],[14.6,77.5],[14.5,77.5],[14.6,77.5],[14.7,77.5],[14.8,77.5],[14.9,77.5],[15.0,77.6],[15.1,77.5],[15.5,77.5],[15.9,77.5],[16.0,77.5],[16.1,77.4],[16.2,77.4],[16.2,77.5],[16.3,77.5],[16.1,77.5],[16.0,77.5],[15.9,77.6],[15.8,77.6],[15.4,77.6],[15.0,77.6],[14.9,77.6],[14.8,77.6],[14.8,77.7],[14.7,77.7],[14.9,77.7],[15.0,77.7],[15.1,77.7],[15.5,77.7],[15.9,77.7],[16.2,77.8],[16.3,77.8],[16.6,77.8],[16.9,77.8],[17.0,77.8],[17.1,77.8],[17.0,77.8],[16.9,77.8],[16.8,77.8],[16.8,77.9],[16.9,77.9],[17.0,77.9],[16.8,77.9],[16.7,77.9],[16.2,77.9],[15.8,77.8],[15.6,77.9],[15.3,77.9],[15.1,77.8],[14.8,77.8],[14.7,77.8],[14.6,77.8],[14.5,77.8],[14.6,77.8],[14.5,77.8],[14.4,77.8],[14.3,77.8],[14.2,77.8],[14.1,77.8],[14.0,77.7],[13.9,77.7],[13.8,77.7],[13.7,77.7],[13.7,77.8],[13.8,77.8],[13.7,77.8],[13.7,77.9],[13.6,77.9],[13.6,78.0],[13.7,78.0],[13.6,78.0],[13.6,78.1],[13.7,78.1],[13.8,78.1],[13.9,78.1],[14.0,78.1],[14.1,78.1],[14.2,78.0],[14.3,78.0],[14.4,78.0],[14.3,78.0],[14.3,78.1],[14.2,78.1],[14.6,78.1],[15.0,78.1],[15.1,78.2],[15.2,78.2],[15.3,78.2],[15.4,78.2],[15.6,78.2],[15.7,78.2],[15.6,78.3],[15.8,78.3],[15.9,78.3],[16.1,78.4],[16.3,78.3],[16.6,78.3],[16.9,78.4],[17.1,78.4],[17.2,78.4],[17.3,78.4],[17.2,78.4],[16.9,78.4],[16.6,78.4],[16.5,78.4],[16.4,78.4],[16.4,78.5],[16.3,78.5],[16.4,78.5],[16.5,78.5],[16.6,78.6],[16.7,78.6],[16.8,78.6],[16.8,78.7],[16.6,78.7],[16.5,78.7],[16.4,78.7],[16.4,78.6],[16.3,78.6],[16.0,78.5],[15.7,78.5],[15.4,78.5],[15.3,78.5],[15.3,78.6],[15.2,78.6],[15.4,78.6],[15.5,78.7],[15.5,78.8],[15.4,78.8],[15.5,78.8],[15.4,78.8],[15.4,78.9],[15.4,78.8],[15.3,78.8],[15.2,78.8],[15.2,78.7],[15.3,78.7],[15.2,78.7],[15.1,78.6],[15.0,78.6],[14.9,78.6],[14.8,78.6],[14.8,78.7],[14.7,78.7],[14.6,78.7],[14.5,78.7],[14.4,78.7],[14.5,78.7],[14.5,78.6],[14.6,78.6],[14.6,78.5],[14.5,78.5],[14.4,78.5],[14.5,78.5],[14.6,78.5],[14.7,78.4],[14.5,78.4],[14.4,78.4],[14.3,78.4],[14.2,78.4],[14.3,78.4],[14.3,78.3],[14.1,78.3],[14.1,78.2],[14.0,78.2],[14.0,78.3],[14.1,78.3],[14.0,78.3],[13.9,78.3],[13.9,78.2],[13.8,78.3],[13.7,78.3],[13.8,78.3],[13.8,78.2],[13.9,78.2],[13.5,78.2],[13.1,78.2],[13.0,78.2],[12.9,78.2],[12.9,78.3],[13.0,78.3],[12.9,78.3],[13.0,78.3],[12.9,78.3],[12.9,78.4],[12.7,78.4],[12.6,78.4],[12.5,78.4],[12.4,78.5],[12.5,78.5],[13.0,78.5],[13.2,78.5],[13.1,78.6],[13.0,78.5],[12.7,78.5],[12.4,78.5],[12.4,78.6],[12.3,78.6],[12.0,78.6],[11.9,78.6],[11.9,78.7],[11.8,78.7],[11.7,78.7],[11.6,78.7],[11.7,78.8],[11.8,78.8],[11.9,78.8],[11.9,78.9],[11.6,78.9],[11.5,78.9],[11.4,78.9],[11.3,79.0],[11.6,79.0],[11.9,78.9],[12.2,78.9],[12.5,78.9],[12.5,79.0],[12.4,79.0],[12.1,79.0],[12.0,79.0],[12.1,79.0],[12.0,79.0],[11.8,79.1],[11.7,79.1],[11.8,79.1],[11.9,79.1],[11.8,79.1],[11.9,79.2],[12.0,79.2],[12.1,79.2],[12.1,79.3],[12.0,79.3],[11.8,79.3],[11.9,79.3],[11.9,79.2],[11.8,79.2],[11.8,79.3],[11.7,79.3],[11.6,79.3],[11.7,79.2],[11.3,79.1],[11.2,79.1],[11.2,79.2],[11.1,79.2],[11.1,79.3],[11.0,79.3],[10.9,79.3],[10.8,79.4],[10.9,79.4],[10.9,79.5],[10.8,79.5],[10.7,79.5],[10.7,79.6],[11.2,79.6],[11.1,79.6],[10.9,79.6],[11.0,79.6],[11.4,79.6],[11.5,79.6],[11.4,79.7],[11.2,79.7],[11.2,79.8],[11.3,79.8],[11.5,79.8],[11.6,79.8],[11.5,79.8],[11.6,79.8],[11.7,79.8],[11.8,79.8],[11.9,79.8],[12.0,79.8],[12.0,79.7],[12.1,79.7],[12.0,79.7],[12.1,79.7],[12.2,79.7],[12.1,79.7],[12.2,79.7],[12.3,79.7],[12.2,79.8],[12.4,79.8],[12.5,79.8],[12.5,79.7],[12.7,79.8],[12.8,79.8],[12.9,79.8],[13.0,79.8],[13.1,79.8],[13.3,79.8],[13.4,79.9],[13.6,79.9],[13.8,79.9],[13.9,79.9],[14.0,79.8],[13.9,79.7],[13.7,79.7],[13.3,79.7],[13.2,79.7],[13.0,79.7],[12.6,79.6],[12.5,79.6],[12.6,79.5],[12.6,79.6],[12.7,79.6],[12.9,79.6],[13.0,79.6],[13.2,79.6],[13.3,79.6],[13.4,79.6],[13.5,79.6],[13.4,79.5],[13.3,79.5],[13.5,79.4],[13.5,79.5],[13.4,79.5],[13.5,79.5],[13.6,79.5],[13.7,79.5],[13.8,79.4],[13.9,79.4],[13.9,79.3],[14.0,79.3],[14.1,79.3],[14.2,79.3],[14.1,79.3],[14.1,79.4],[14.0,79.4],[14.0,79.5],[13.9,79.5],[14.0,79.5],[13.9,79.5],[14.0,79.6],[14.1,79.6],[14.3,79.6],[14.2,79.6],[14.1,79.6],[14.2,79.7],[14.3,79.7],[14.2,79.7],[14.3,79.7],[14.4,79.7],[14.5,79.8],[14.9,79.8],[15.1,79.7],[15.2,79.6],[15.3,79.6],[15.3,79.5],[15.4,79.5],[15.4,79.4],[15.5,79.4],[15.5,79.3],[15.6,79.3],[15.7,79.3],[15.8,79.2],[15.7,79.2],[15.7,79.1],[15.8,79.2],[15.9,79.2],[16.0,79.1],[16.1,79.1],[16.1,79.0],[16.2,79.0],[16.3,79.0],[16.3,78.9],[16.4,78.9],[16.5,78.9],[16.5,79.0],[16.4,79.0],[16.3,79.0],[16.3,79.1],[16.2,79.1],[16.2,79.2],[16.1,79.2],[16.0,79.3],[16.0,79.4],[15.9,79.4],[15.9,79.5],[15.9,79.6],[15.8,79.6],[15.7,79.7],[15.7,79.8],[15.6,79.8],[15.7,79.8],[15.6,79.8],[15.7,79.9],[16.1,79.9],[16.0,79.9],[16.0,80.0],[16.1,80.0],[16.0,80.0],[16.1,80.0],[16.3,80.1],[16.4,80.1],[16.5,80.0],[16.6,80.0],[16.7,80.0],[16.7,79.9],[16.8,79.9],[16.9,79.9],[17.0,80.0],[17.3,79.9],[17.4,79.9],[17.6,79.9],[17.7,79.9],[17.9,79.8],[18.0,79.8],[18.1,79.7],[18.0,79.7],[17.9,79.7],[17.9,79.6],[17.8,79.6],[17.7,79.6],[17.8,79.6],[17.7,79.6],[17.6,79.6],[17.6,79.5],[17.7,79.5],[17.8,79.5],[17.8,79.4],[17.6,79.4],[17.7,79.4],[17.8,79.4],[17.9,79.4],[18.0,79.4],[18.0,79.5],[18.1,79.5],[18.1,79.6],[18.2,79.6],[18.3,79.6],[18.4,79.6],[18.5,79.6],[18.6,79.6],[18.7,79.5],[18.8,79.5],[18.9,79.5],[18.9,79.4],[18.8,79.4],[18.8,79.3],[18.9,79.3],[18.8,79.3],[18.6,79.3],[18.7,79.2],[18.8,79.3],[18.9,79.2],[19.1,79.2],[19.2,79.2],[19.3,79.2],[19.4,79.2],[19.6,79.2],[19.7,79.2],[19.8,79.2],[19.8,79.1],[19.9,79.1],[19.9,79.0],[20.0,79.0],[20.1,79.0],[20.2,79.0],[20.5,78.9],[20.9,78.9],[21.4,78.9],[21.5,78.9],[21.5,78.8],[21.6,78.8],[21.5,78.8],[21.5,78.7],[21.4,78.7],[21.3,78.7],[21.1,78.7],[21.1,78.6],[21.0,78.6],[21.0,78.7],[20.9,78.7],[20.7,78.7],[20.6,78.7],[20.6,78.6],[20.5,78.6],[20.4,78.6],[20.2,78.6]]],[[[27.2,80.1],[27.1,80.0],[27.2,80.0],[27.1,80.0],[27.2,79.9],[27.1,79.9],[26.9,79.8],[26.8,79.8],[26.6,79.8],[26.5,79.8],[26.5,79.7],[26.3,79.7],[26.2,79.7],[25.8,79.6],[25.9,79.6],[26.0,79.5],[25.9,79.5],[25.8,79.5],[25.8,79.4],[25.6,79.4],[25.4,79.4],[25.2,79.3],[25.0,79.3],[25.0,79.4],[24.9,79.4],[24.8,79.4],[24.6,79.3],[24.3,79.3],[24.3,79.2],[24.2,79.2],[24.1,79.2],[23.7,79.2],[23.3,79.2],[22.9,79.2],[22.7,79.3],[22.6,79.3],[22.7,79.4],[22.9,79.4],[22.5,79.4],[22.4,79.4],[22.1,79.4],[21.7,79.4],[21.5,79.4],[21.2,79.4],[20.8,79.4],[20.9,79.4],[20.8,79.4],[20.7,79.5],[20.5,79.5],[20.2,79.5],[20.1,79.5],[20.0,79.5],[19.7,79.6],[19.6,79.6],[19.8,79.6],[20.2,79.6],[20.3,79.6],[20.4,79.6],[20.8,79.6],[21.2,79.6],[21.1,79.6],[20.6,79.6],[20.5,79.7],[20.9,79.7],[21.4,79.7],[21.9,79.7],[21.8,79.7],[21.9,79.8],[22.3,79.8],[22.2,79.8],[21.8,79.8],[21.7,79.8],[21.8,79.8],[21.9,79.8],[21.5,79.8],[21.0,79.8],[20.6,79.8],[20.2,79.8],[20.0,79.7],[19.8,79.7],[19.7,79.7],[19.5,79.7],[19.4,79.7],[19.3,79.7],[19.2,79.7],[19.0,79.7],[18.8,79.7],[18.7,79.7],[18.8,79.7],[18.7,79.7],[18.7,79.8],[18.6,79.8],[18.5,79.8],[18.4,79.8],[18.3,79.8],[18.3,79.9],[18.2,79.9],[18.1,79.9],[18.3,79.9],[18.4,79.9],[18.5,80.0],[18.6,80.0],[18.7,80.0],[18.6,80.0],[18.7,80.0],[18.8,80.0],[18.9,80.0],[18.9,80.1],[18.8,80.0],[18.4,80.0],[18.3,80.1],[18.2,80.0],[18.2,80.1],[18.3,80.1],[18.4,80.1],[18.1,80.1],[18.0,80.1],[17.9,80.1],[17.8,80.1],[17.9,80.2],[18.0,80.2],[18.1,80.2],[18.3,80.2],[18.4,80.2],[18.6,80.2],[18.7,80.2],[18.8,80.2],[18.7,80.2],[18.9,80.2],[19.0,80.2],[19.2,80.1],[19.3,80.1],[19.4,80.1],[19.5,80.1],[19.6,80.2],[19.5,80.2],[19.4,80.2],[19.3,80.2],[19.2,80.2],[19.1,80.2],[19.1,80.3],[19.0,80.3],[19.0,80.4],[19.3,80.3],[19.6,80.2],[19.7,80.2],[19.9,80.2],[19.8,80.2],[19.7,80.2],[19.7,80.3],[19.8,80.3],[19.9,80.3],[19.8,80.3],[19.8,80.4],[19.9,80.4],[19.5,80.4],[19.5,80.5],[19.6,80.5],[19.7,80.4],[19.7,80.5],[19.6,80.5],[19.7,80.5],[19.8,80.5],[20.0,80.5],[20.0,80.4],[20.1,80.4],[20.2,80.4],[20.4,80.4],[20.5,80.4],[20.5,80.3],[20.6,80.3],[20.8,80.3],[20.7,80.3],[20.8,80.3],[20.8,80.2],[20.9,80.2],[21.2,80.2],[21.3,80.3],[21.3,80.2],[21.4,80.2],[21.4,80.3],[21.5,80.3],[21.6,80.2],[21.7,80.2],[21.7,80.3],[21.8,80.3],[21.9,80.3],[21.9,80.2],[21.8,80.2],[21.7,80.2],[21.6,80.1],[21.8,80.1],[21.8,80.2],[21.9,80.1],[22.1,80.1],[22.2,80.1],[22.2,80.0],[22.3,80.0],[22.4,80.0],[22.3,80.0],[22.4,80.0],[22.5,80.0],[22.4,80.0],[22.4,80.1],[22.3,80.1],[22.4,80.1],[22.5,80.1],[22.4,80.1],[22.4,80.2],[22.5,80.2],[22.4,80.3],[22.5,80.3],[22.6,80.3],[22.4,80.3],[22.3,80.4],[22.4,80.4],[22.5,80.4],[22.7,80.4],[22.6,80.4],[22.6,80.3],[22.7,80.3],[22.8,80.3],[22.7,80.3],[22.7,80.4],[22.8,80.4],[22.8,80.5],[23.0,80.5],[23.3,80.5],[23.4,80.4],[23.3,80.4],[23.2,80.4],[23.1,80.4],[23.2,80.4],[23.3,80.4],[23.3,80.3],[23.4,80.3],[23.3,80.3],[23.2,80.3],[23.1,80.3],[23.1,80.2],[23.0,80.2],[23.1,80.1],[23.2,80.1],[23.1,80.2],[23.2,80.2],[23.3,80.2],[23.4,80.1],[23.4,80.2],[23.5,80.2],[23.5,80.1],[23.6,80.1],[23.7,80.2],[23.8,80.2],[23.7,80.2],[23.8,80.2],[23.7,80.3],[23.8,80.3],[23.7,80.3],[23.8,80.3],[23.9,80.3],[24.0,80.3],[23.9,80.3],[24.1,80.3],[24.2,80.3],[24.3,80.3],[24.4,80.3],[24.3,80.3],[24.4,80.3],[24.2,80.3],[24.1,80.4],[24.2,80.4],[24.3,80.4],[24.5,80.4],[24.5,80.3],[24.6,80.3],[24.5,80.3],[24.6,80.3],[24.7,80.3],[24.8,80.3],[24.8,80.4],[24.9,80.3],[24.8,80.3],[24.8,80.2],[24.8,80.3],[24.9,80.3],[25.0,80.3],[25.1,80.3],[25.4,80.3],[25.3,80.3],[25.2,80.3],[25.3,80.2],[25.5,80.2],[25.6,80.2],[25.7,80.2],[25.8,80.2],[25.7,80.2],[25.8,80.2],[25.9,80.2],[26.4,80.2],[26.8,80.2],[26.9,80.2],[27.0,80.1],[27.2,80.1]]],[[[16.5,68.7],[16.6,68.7],[16.5,68.7],[16.6,68.7],[16.5,68.6],[16.5,68.5],[16.4,68.6],[16.3,68.6],[16.2,68.5],[16.1,68.5],[16.0,68.4],[15.9,68.4],[15.9,68.5],[15.9,68.4],[15.8,68.4],[15.7,68.4],[15.7,68.3],[15.6,68.3],[15.5,68.3],[15.4,68.3],[15.3,68.3],[15.3,68.4],[15.3,68.3],[15.4,68.4],[15.5,68.4],[15.6,68.5],[15.5,68.5],[15.6,68.5],[15.5,68.5],[15.4,68.4],[15.3,68.4],[15.2,68.4],[15.2,68.3],[15.1,68.3],[15.0,68.3],[15.1,68.3],[15.1,68.4],[15.2,68.4],[15.3,68.5],[15.4,68.5],[15.3,68.5],[15.2,68.5],[15.3,68.5],[15.2,68.5],[15.2,68.6],[15.3,68.6],[15.4,68.6],[15.5,68.6],[15.4,68.6],[15.5,68.6],[15.4,68.6],[15.5,68.6],[15.6,68.6],[15.5,68.6],[15.5,68.7],[15.4,68.7],[15.6,68.7],[15.7,68.7],[15.6,68.7],[15.5,68.7],[15.5,68.8],[15.6,68.8],[15.5,68.9],[15.6,68.9],[15.6,69.0],[15.7,69.0],[15.8,69.0],[15.9,69.0],[15.9,68.9],[15.9,68.8],[15.8,68.8],[15.8,68.7],[15.9,68.7],[15.9,68.8],[16.0,68.8],[16.0,68.7],[15.9,68.7],[15.8,68.6],[15.8,68.5],[15.7,68.5],[15.8,68.5],[15.8,68.6],[15.9,68.6],[15.9,68.7],[16.0,68.7],[16.0,68.6],[16.1,68.6],[16.1,68.7],[16.0,68.7],[16.1,68.7],[16.2,68.7],[16.2,68.8],[16.1,68.8],[16.2,68.9],[16.3,68.8],[16.3,68.9],[16.2,68.9],[16.3,68.9],[16.4,68.9],[16.4,68.8],[16.5,68.8],[16.6,68.8],[16.5,68.8],[16.6,68.8],[16.5,68.8],[16.5,68.7]]],[[[18.1,69.4],[18.1,69.3],[18.0,69.4],[18.0,69.3],[17.9,69.3],[18.0,69.3],[17.9,69.2],[18.0,69.2],[17.8,69.2],[17.7,69.2],[17.6,69.2],[17.5,69.2],[17.4,69.2],[17.2,69.1],[17.2,69.0],[17.1,69.0],[17.0,69.0],[17.1,69.0],[17.1,69.1],[16.8,69.1],[16.9,69.1],[17.0,69.1],[17.1,69.1],[17.1,69.2],[17.2,69.2],[17.1,69.2],[17.0,69.2],[16.9,69.2],[17.1,69.2],[17.1,69.3],[17.1,69.2],[17.1,69.3],[17.0,69.3],[16.9,69.3],[17.1,69.3],[17.0,69.3],[17.1,69.3],[17.1,69.4],[17.0,69.4],[16.9,69.4],[17.0,69.4],[17.1,69.4],[17.3,69.4],[17.4,69.4],[17.3,69.4],[17.4,69.4],[17.5,69.4],[17.3,69.4],[17.2,69.5],[17.3,69.5],[17.4,69.5],[17.3,69.5],[17.4,69.5],[17.5,69.5],[17.6,69.5],[17.5,69.5],[17.5,69.6],[17.6,69.6],[17.6,69.5],[17.7,69.5],[17.7,69.6],[17.8,69.5],[17.8,69.6],[17.9,69.6],[17.9,69.5],[17.8,69.5],[17.8,69.4],[17.9,69.5],[18.0,69.5],[18.1,69.5],[18.0,69.5],[18.0,69.4],[17.9,69.4],[18.0,69.4],[18.1,69.4]]],[[[22.4,70.5],[22.3,70.5],[22.2,70.5],[22.1,70.5],[22.2,70.5],[22.2,70.6],[22.3,70.6],[22.2,70.6],[22.3,70.6],[22.1,70.6],[22.0,70.6],[22.1,70.6],[22.0,70.6],[22.0,70.7],[22.2,70.6],[22.3,70.6],[22.3,70.7],[22.2,70.7],[22.3,70.7],[22.4,70.6],[22.4,70.7],[22.5,70.7],[22.6,70.7],[22.7,70.7],[22.6,70.7],[22.6,70.6],[22.7,70.6],[22.7,70.7],[22.7,70.6],[22.8,70.7],[22.8,70.6],[22.8,70.7],[22.7,70.7],[22.8,70.8],[22.8,70.7],[22.9,70.7],[23.0,70.7],[23.1,70.7],[23.2,70.7],[23.1,70.7],[23.1,70.8],[23.0,70.8],[23.1,70.8],[23.2,70.8],[23.3,70.8],[23.3,70.9],[23.4,70.9],[23.4,70.8],[23.5,70.8],[23.4,70.8],[23.5,70.8],[23.4,70.8],[23.4,70.7],[23.3,70.8],[23.3,70.7],[23.2,70.7],[23.1,70.7],[23.2,70.7],[23.2,70.6],[23.1,70.6],[23.0,70.6],[22.9,70.6],[22.9,70.5],[22.8,70.5],[22.8,70.6],[22.8,70.5],[22.8,70.6],[22.7,70.6],[22.6,70.6],[22.6,70.5],[22.5,70.5],[22.4,70.5]]]]}},{"type":"Feature","properties":{"iso3":"SWE","name":"Sweden","ilo169":"not ratified","colonial":"none recorded"},"geometry":{"type":"MultiPolygon","coordinates":[[[[20.6,69.0],[20.7,69.0],[20.8,69.0],[20.9,69.0],[20.9,68.9],[21.1,68.9],[21.2,68.8],[21.3,68.8],[21.4,68.8],[21.4,68.7],[21.5,68.7],[21.6,68.7],[21.7,68.6],[21.9,68.6],[22.0,68.5],[22.1,68.5],[22.3,68.5],[22.4,68.5],[22.5,68.5],[22.5,68.4],[22.6,68.4],[22.7,68.4],[22.8,68.4],[22.9,68.4],[22.9,68.3],[23.1,68.3],[23.1,68.2],[23.2,68.2],[23.1,68.2],[23.2,68.2],[23.1,68.1],[23.2,68.1],[23.3,68.1],[23.4,68.1],[23.5,68.0],[23.6,68.0],[23.7,68.0],[23.7,67.9],[23.6,67.9],[23.5,67.9],[23.5,67.8],[23.5,67.7],[23.5,67.6],[23.6,67.6],[23.5,67.6],[23.5,67.5],[23.4,67.5],[23.5,67.4],[23.6,67.5],[23.7,67.4],[23.8,67.4],[23.8,67.3],[23.7,67.3],[23.6,67.3],[23.6,67.2],[23.6,67.1],[23.7,67.1],[23.7,67.0],[23.8,67.0],[23.9,66.9],[24.0,66.9],[24.0,66.8],[23.9,66.8],[23.9,66.7],[23.9,66.6],[23.8,66.5],[23.7,66.5],[23.6,66.4],[23.7,66.4],[23.7,66.3],[23.7,66.2],[23.8,66.2],[23.9,66.2],[23.9,66.1],[24.0,66.1],[24.0,66.0],[24.1,66.0],[24.1,65.9],[24.2,65.8],[24.1,65.8],[24.0,65.8],[24.1,65.8],[24.0,65.8],[23.9,65.8],[23.8,65.8],[23.7,65.8],[23.6,65.8],[23.5,65.8],[23.4,65.8],[23.3,65.8],[23.2,65.8],[23.1,65.7],[23.1,65.8],[23.0,65.8],[22.9,65.8],[22.8,65.8],[22.8,65.9],[22.7,65.9],[22.6,65.9],[22.7,65.9],[22.7,65.8],[22.6,65.8],[22.7,65.8],[22.6,65.8],[22.5,65.8],[22.5,65.9],[22.4,65.9],[22.4,65.8],[22.3,65.8],[22.4,65.8],[22.3,65.8],[22.4,65.8],[22.3,65.7],[22.2,65.8],[22.2,65.7],[22.3,65.7],[22.4,65.7],[22.3,65.7],[22.3,65.6],[22.2,65.6],[22.3,65.6],[22.3,65.7],[22.3,65.6],[22.4,65.6],[22.3,65.6],[22.4,65.6],[22.4,65.5],[22.4,65.6],[22.3,65.6],[22.2,65.6],[22.1,65.6],[22.0,65.6],[21.9,65.7],[21.8,65.7],[22.0,65.6],[22.1,65.6],[22.2,65.6],[22.2,65.5],[22.1,65.5],[22.0,65.5],[21.9,65.5],[22.0,65.5],[21.9,65.5],[22.0,65.5],[22.0,65.4],[21.9,65.5],[21.9,65.4],[21.8,65.4],[21.7,65.4],[21.6,65.4],[21.5,65.4],[21.6,65.4],[21.5,65.4],[21.4,65.4],[21.5,65.4],[21.5,65.3],[21.6,65.3],[21.7,65.3],[21.6,65.2],[21.5,65.2],[21.5,65.3],[21.4,65.3],[21.4,65.4],[21.3,65.4],[21.3,65.3],[21.4,65.3],[21.5,65.3],[21.5,65.2],[21.6,65.2],[21.6,65.1],[21.5,65.1],[21.6,65.1],[21.5,65.1],[21.6,65.1],[21.5,65.1],[21.5,65.0],[21.4,65.0],[21.3,65.0],[21.2,65.0],[21.2,64.9],[21.3,64.9],[21.2,64.9],[21.2,64.8],[21.1,64.8],[21.1,64.9],[21.0,64.8],[21.1,64.8],[21.2,64.8],[21.3,64.8],[21.3,64.7],[21.2,64.8],[21.2,64.7],[21.3,64.7],[21.2,64.7],[21.1,64.7],[21.2,64.7],[21.3,64.6],[21.2,64.6],[21.3,64.6],[21.4,64.6],[21.5,64.6],[21.5,64.5],[21.6,64.5],[21.5,64.5],[21.4,64.5],[21.3,64.5],[21.4,64.5],[21.5,64.5],[21.6,64.5],[21.6,64.4],[21.5,64.4],[21.4,64.4],[21.4,64.3],[21.3,64.4],[21.3,64.3],[21.2,64.3],[21.1,64.2],[21.0,64.2],[21.0,64.1],[20.9,64.1],[21.0,64.1],[20.9,64.1],[20.9,64.0],[20.8,64.0],[20.8,63.9],[20.7,63.8],[20.6,63.8],[20.5,63.8],[20.4,63.8],[20.4,63.7],[20.3,63.8],[20.3,63.7],[20.2,63.7],[20.1,63.6],[20.1,63.7],[20.0,63.7],[20.0,63.6],[19.9,63.6],[19.8,63.6],[19.8,63.5],[19.7,63.5],[19.7,63.4],[19.6,63.4],[19.6,63.5],[19.5,63.5],[19.5,63.6],[19.4,63.6],[19.4,63.5],[19.5,63.5],[19.5,63.4],[19.4,63.5],[19.3,63.5],[19.4,63.4],[19.3,63.4],[19.3,63.5],[19.3,63.4],[19.3,63.3],[19.2,63.3],[19.1,63.3],[19.2,63.3],[19.1,63.3],[19.1,63.2],[19.1,63.3],[19.0,63.2],[19.1,63.2],[19.0,63.2],[18.9,63.3],[18.9,63.2],[18.8,63.3],[18.7,63.3],[18.8,63.2],[18.9,63.2],[18.8,63.2],[18.7,63.2],[18.8,63.2],[18.6,63.2],[18.6,63.1],[18.7,63.1],[18.6,63.1],[18.5,63.1],[18.6,63.1],[18.5,63.1],[18.5,63.0],[18.4,63.0],[18.4,63.1],[18.4,63.0],[18.3,63.0],[18.2,63.0],[18.3,63.0],[18.5,63.0],[18.6,63.0],[18.5,63.0],[18.5,62.9],[18.5,63.0],[18.4,63.0],[18.4,62.9],[18.5,62.9],[18.4,62.9],[18.5,62.9],[18.4,62.9],[18.4,62.8],[18.3,62.8],[18.3,62.9],[18.2,62.9],[18.3,62.9],[18.2,62.9],[18.2,62.8],[18.3,62.8],[18.2,62.8],[18.1,62.8],[18.0,62.8],[18.1,62.8],[18.1,62.9],[18.0,62.8],[17.9,62.8],[17.9,62.9],[17.9,63.0],[17.8,63.0],[17.7,63.0],[17.8,62.9],[17.9,62.9],[17.9,62.8],[18.0,62.8],[18.0,62.7],[17.9,62.7],[18.0,62.6],[18.1,62.6],[18.0,62.6],[17.9,62.6],[17.9,62.5],[17.8,62.5],[17.7,62.5],[17.7,62.4],[17.6,62.4],[17.5,62.4],[17.5,62.5],[17.4,62.5],[17.3,62.5],[17.4,62.4],[17.3,62.4],[17.4,62.4],[17.4,62.3],[17.5,62.3],[17.5,62.2],[17.6,62.3],[17.6,62.2],[17.7,62.2],[17.6,62.2],[17.5,62.2],[17.6,62.2],[17.5,62.2],[17.5,62.1],[17.4,62.1],[17.5,62.1],[17.5,62.0],[17.4,62.0],[17.5,62.0],[17.4,62.0],[17.3,61.9],[17.4,61.9],[17.3,61.9],[17.4,61.9],[17.4,61.8],[17.3,61.8],[17.4,61.8],[17.4,61.7],[17.5,61.7],[17.5,61.6],[17.4,61.6],[17.4,61.7],[17.3,61.7],[17.4,61.7],[17.3,61.7],[17.2,61.7],[17.1,61.7],[17.2,61.7],[17.3,61.7],[17.2,61.7],[17.2,61.6],[17.1,61.6],[17.2,61.6],[17.1,61.6],[17.2,61.6],[17.1,61.6],[17.1,61.5],[17.2,61.5],[17.1,61.5],[17.2,61.5],[17.2,61.4],[17.2,61.5],[17.2,61.4],[17.1,61.4],[17.2,61.4],[17.2,61.3],[17.3,61.3],[17.2,61.3],[17.1,61.3],[17.2,61.3],[17.2,61.2],[17.2,61.1],[17.1,61.1],[17.2,61.1],[17.2,61.0],[17.2,60.9],[17.3,60.8],[17.3,60.7],[17.2,60.7],[17.3,60.7],[17.4,60.6],[17.3,60.6],[17.4,60.6],[17.5,60.6],[17.6,60.6],[17.7,60.6],[17.6,60.6],[17.6,60.5],[17.7,60.5],[17.8,60.6],[17.9,60.6],[18.0,60.6],[18.0,60.5],[18.1,60.5],[18.1,60.4],[18.2,60.4],[18.3,60.4],[18.2,60.4],[18.2,60.3],[18.3,60.3],[18.3,60.4],[18.4,60.3],[18.5,60.3],[18.4,60.3],[18.6,60.3],[18.6,60.2],[18.4,60.3],[18.3,60.3],[18.4,60.3],[18.4,60.2],[18.5,60.2],[18.5,60.1],[18.6,60.1],[18.6,60.2],[18.7,60.1],[18.7,60.0],[18.8,60.0],[18.8,60.1],[18.9,60.0],[18.9,59.9],[19.0,59.9],[19.1,59.9],[19.1,59.8],[19.0,59.8],[18.9,59.9],[18.9,59.8],[18.8,59.8],[18.7,59.8],[18.8,59.8],[19.0,59.8],[19.1,59.8],[19.1,59.7],[19.0,59.7],[18.9,59.7],[18.9,59.8],[18.9,59.7],[18.8,59.7],[18.7,59.7],[18.7,59.6],[18.6,59.6],[18.5,59.5],[18.4,59.5],[18.3,59.5],[18.2,59.5],[18.3,59.4],[18.2,59.4],[18.2,59.5],[18.2,59.4],[18.1,59.4],[18.1,59.5],[18.1,59.4],[18.0,59.4],[18.1,59.3],[18.2,59.3],[18.3,59.4],[18.4,59.4],[18.4,59.3],[18.5,59.3],[18.5,59.4],[18.4,59.4],[18.5,59.4],[18.4,59.4],[18.5,59.4],[18.6,59.4],[18.5,59.4],[18.6,59.4],[18.6,59.3],[18.5,59.3],[18.4,59.3],[18.3,59.3],[18.3,59.2],[18.4,59.2],[18.3,59.2],[18.4,59.2],[18.4,59.1],[18.3,59.1],[18.2,59.1],[18.3,59.1],[18.2,59.1],[18.3,59.1],[18.2,59.1],[18.1,59.1],[18.0,59.1],[18.0,59.0],[18.1,59.0],[18.0,59.0],[18.0,58.9],[17.9,58.9],[17.8,58.9],[17.8,59.0],[17.8,58.9],[17.7,58.9],[17.8,59.0],[17.7,59.0],[17.8,59.0],[17.8,59.1],[17.7,59.1],[17.7,59.2],[17.7,59.1],[17.6,59.1],[17.6,59.0],[17.6,58.9],[17.5,58.9],[17.6,58.9],[17.5,58.9],[17.4,58.9],[17.5,58.9],[17.5,58.8],[17.4,58.8],[17.5,58.8],[17.3,58.8],[17.4,58.8],[17.3,58.8],[17.3,58.7],[17.2,58.7],[17.1,58.7],[17.1,58.8],[17.0,58.8],[17.0,58.7],[17.1,58.7],[17.0,58.7],[17.0,58.6],[16.9,58.6],[16.6,58.6],[16.2,58.7],[16.3,58.7],[16.3,58.6],[16.2,58.6],[16.3,58.6],[16.4,58.6],[16.5,58.6],[16.6,58.6],[16.7,58.6],[16.8,58.6],[16.8,58.5],[16.9,58.5],[16.8,58.5],[16.9,58.5],[16.8,58.5],[16.8,58.4],[16.7,58.4],[16.6,58.4],[16.5,58.5],[16.4,58.5],[16.7,58.4],[16.8,58.4],[16.8,58.3],[16.6,58.4],[16.6,58.3],[16.7,58.3],[16.8,58.3],[16.7,58.3],[16.8,58.2],[16.8,58.1],[16.7,58.1],[16.7,58.2],[16.6,58.2],[16.7,58.2],[16.7,58.1],[16.7,58.0],[16.8,58.0],[16.7,58.0],[16.6,58.0],[16.7,58.0],[16.7,57.9],[16.8,57.9],[16.7,57.9],[16.8,57.9],[16.7,57.9],[16.6,57.9],[16.5,58.0],[16.6,57.9],[16.5,57.9],[16.7,57.8],[16.7,57.7],[16.6,57.8],[16.5,57.8],[16.4,57.9],[16.5,57.8],[16.6,57.8],[16.7,57.7],[16.6,57.7],[16.6,57.6],[16.5,57.6],[16.6,57.6],[16.7,57.5],[16.6,57.4],[16.7,57.4],[16.6,57.4],[16.5,57.4],[16.6,57.3],[16.5,57.3],[16.6,57.3],[16.5,57.3],[16.5,57.2],[16.5,57.1],[16.6,57.1],[16.6,57.0],[16.5,57.1],[16.5,57.0],[16.5,57.1],[16.4,57.1],[16.4,57.0],[16.5,57.0],[16.4,57.0],[16.5,57.0],[16.5,56.9],[16.4,56.9],[16.4,56.8],[16.5,56.8],[16.4,56.8],[16.4,56.7],[16.3,56.7],[16.2,56.6],[16.2,56.5],[16.1,56.5],[16.1,56.4],[16.1,56.3],[16.0,56.3],[16.0,56.2],[15.9,56.2],[15.9,56.1],[15.8,56.1],[15.8,56.2],[15.7,56.2],[15.6,56.2],[15.5,56.2],[15.4,56.2],[15.4,56.1],[15.3,56.1],[15.3,56.2],[15.2,56.2],[15.1,56.2],[15.0,56.2],[14.9,56.2],[14.8,56.2],[14.8,56.1],[14.8,56.2],[14.7,56.2],[14.7,56.1],[14.8,56.0],[14.7,56.0],[14.6,56.0],[14.6,56.1],[14.6,56.0],[14.6,56.1],[14.5,56.0],[14.4,56.0],[14.3,56.0],[14.3,55.9],[14.2,55.9],[14.2,55.8],[14.2,55.7],[14.3,55.7],[14.3,55.6],[14.4,55.6],[14.4,55.5],[14.3,55.5],[14.2,55.4],[14.1,55.4],[14.0,55.4],[13.9,55.4],[13.8,55.4],[13.6,55.4],[13.5,55.4],[13.4,55.4],[13.4,55.3],[13.3,55.3],[13.1,55.4],[13.0,55.4],[12.9,55.4],[12.8,55.4],[12.9,55.4],[13.0,55.4],[13.0,55.5],[13.0,55.4],[13.0,55.5],[12.9,55.5],[12.9,55.6],[13.0,55.6],[13.1,55.7],[13.0,55.7],[12.9,55.7],[12.9,55.8],[12.9,55.9],[12.8,55.9],[12.8,56.0],[12.7,56.0],[12.7,56.1],[12.6,56.1],[12.6,56.2],[12.5,56.2],[12.5,56.3],[12.6,56.3],[12.7,56.3],[12.7,56.2],[12.8,56.2],[12.8,56.3],[12.7,56.4],[12.6,56.4],[12.7,56.5],[12.8,56.4],[12.9,56.5],[12.9,56.6],[12.8,56.7],[12.8,56.6],[12.7,56.6],[12.7,56.7],[12.6,56.7],[12.6,56.8],[12.5,56.8],[12.5,56.9],[12.4,56.9],[12.3,56.9],[12.3,57.0],[12.4,57.0],[12.3,57.0],[12.2,57.1],[12.2,57.2],[12.1,57.2],[12.2,57.2],[12.1,57.2],[12.2,57.2],[12.1,57.2],[12.1,57.3],[12.0,57.4],[12.1,57.4],[12.1,57.5],[12.0,57.5],[12.0,57.4],[12.0,57.3],[12.0,57.4],[11.9,57.4],[11.9,57.5],[11.9,57.6],[11.8,57.6],[11.8,57.7],[11.9,57.7],[11.8,57.7],[11.7,57.7],[11.8,57.7],[11.7,57.7],[11.8,57.8],[11.7,57.8],[11.7,57.9],[11.8,57.9],[11.7,57.9],[11.8,57.9],[11.7,57.9],[11.7,58.0],[11.8,58.0],[11.8,58.1],[11.8,58.2],[11.9,58.2],[11.8,58.3],[11.9,58.3],[11.8,58.3],[11.7,58.3],[11.6,58.3],[11.6,58.2],[11.6,58.3],[11.5,58.3],[11.5,58.2],[11.5,58.3],[11.6,58.4],[11.7,58.4],[11.6,58.4],[11.6,58.5],[11.5,58.5],[11.6,58.4],[11.5,58.4],[11.5,58.3],[11.4,58.3],[11.4,58.4],[11.4,58.3],[11.3,58.3],[11.4,58.4],[11.3,58.4],[11.2,58.3],[11.2,58.4],[11.3,58.4],[11.3,58.5],[11.2,58.5],[11.3,58.5],[11.3,58.6],[11.2,58.6],[11.2,58.7],[11.2,58.8],[11.2,58.9],[11.1,58.9],[11.1,59.0],[11.2,59.0],[11.1,59.0],[11.2,59.1],[11.3,59.1],[11.4,59.1],[11.4,59.0],[11.5,59.0],[11.5,58.9],[11.6,58.9],[11.7,58.9],[11.7,59.0],[11.7,59.1],[11.8,59.2],[11.8,59.3],[11.8,59.4],[11.7,59.6],[11.8,59.7],[11.9,59.7],[11.9,59.8],[11.8,59.8],[11.8,59.9],[11.9,59.9],[12.1,59.9],[12.3,60.0],[12.4,60.1],[12.5,60.1],[12.5,60.2],[12.5,60.3],[12.6,60.4],[12.6,60.5],[12.5,60.7],[12.4,60.8],[12.3,60.8],[12.3,60.9],[12.3,61.0],[12.5,61.0],[12.6,61.1],[12.7,61.0],[12.7,61.1],[12.7,61.2],[12.8,61.2],[12.9,61.3],[12.9,61.4],[12.6,61.5],[12.6,61.6],[12.5,61.6],[12.4,61.6],[12.3,61.6],[12.3,61.7],[12.2,61.7],[12.2,62.0],[12.3,62.2],[12.3,62.3],[12.1,62.6],[12.1,62.7],[12.2,62.7],[12.1,62.9],[12.2,63.0],[12.1,63.2],[12.0,63.3],[12.2,63.5],[12.2,63.6],[12.3,63.7],[12.5,63.8],[12.7,64.0],[12.8,64.0],[13.0,64.1],[13.2,64.1],[13.6,64.1],[13.9,64.0],[14.0,64.0],[14.1,64.2],[14.2,64.2],[14.1,64.4],[14.1,64.5],[14.0,64.5],[13.9,64.5],[13.6,64.6],[13.9,64.8],[14.2,65.0],[14.3,65.1],[14.4,65.2],[14.4,65.3],[14.5,65.3],[14.5,65.4],[14.5,65.5],[14.6,65.7],[14.6,65.8],[14.5,66.1],[14.8,66.1],[15.1,66.2],[15.5,66.3],[15.5,66.4],[15.4,66.5],[15.7,66.6],[16.0,66.9],[16.1,66.9],[16.3,67.0],[16.4,67.0],[16.4,67.1],[16.4,67.2],[16.1,67.4],[16.2,67.5],[16.4,67.5],[16.5,67.6],[16.6,67.6],[16.8,67.9],[17.2,68.0],[17.3,68.1],[17.6,68.0],[17.9,68.0],[18.0,68.0],[18.2,68.2],[18.1,68.4],[18.2,68.5],[18.4,68.6],[18.5,68.6],[18.6,68.5],[18.7,68.5],[19.0,68.5],[19.5,68.4],[19.9,68.4],[20.0,68.4],[20.2,68.5],[20.0,68.5],[20.2,68.6],[20.2,68.7],[20.3,68.8],[20.4,68.8],[20.3,68.9],[20.1,69.0],[20.4,69.0],[20.6,69.0]]],[[[19.0,57.9],[19.1,57.9],[19.1,57.8],[19.0,57.8],[18.9,57.8],[18.9,57.7],[18.8,57.7],[18.8,57.6],[18.8,57.5],[18.8,57.4],[18.9,57.4],[18.8,57.4],[18.7,57.3],[18.7,57.2],[18.6,57.2],[18.4,57.2],[18.4,57.1],[18.5,57.1],[18.4,57.1],[18.3,57.1],[18.3,57.0],[18.4,57.0],[18.3,57.0],[18.4,57.0],[18.3,57.0],[18.3,56.9],[18.2,56.9],[18.1,56.9],[18.2,57.0],[18.3,57.0],[18.3,57.1],[18.2,57.1],[18.2,57.2],[18.1,57.3],[18.2,57.3],[18.2,57.4],[18.1,57.4],[18.1,57.5],[18.2,57.6],[18.3,57.7],[18.5,57.8],[18.6,57.8],[18.6,57.9],[18.7,57.9],[18.8,57.9],[18.8,57.8],[18.8,57.9],[18.9,57.9],[18.8,57.9],[18.9,57.9],[19.0,57.9]]],[[[17.1,57.3],[17.0,57.3],[17.1,57.2],[17.0,57.2],[17.0,57.1],[16.9,57.1],[16.9,57.0],[16.9,56.9],[16.8,56.8],[16.8,56.7],[16.7,56.6],[16.6,56.6],[16.6,56.5],[16.6,56.4],[16.6,56.3],[16.5,56.3],[16.5,56.2],[16.4,56.2],[16.4,56.3],[16.4,56.4],[16.4,56.5],[16.4,56.6],[16.5,56.6],[16.6,56.9],[16.7,56.9],[16.8,57.0],[16.8,57.1],[16.9,57.1],[16.9,57.2],[17.0,57.2],[17.0,57.3],[17.0,57.4],[17.1,57.4],[17.1,57.3],[17.1,57.4],[17.1,57.3]]],[[[11.8,58.2],[11.8,58.1],[11.7,58.1],[11.6,58.1],[11.5,58.1],[11.4,58.1],[11.4,58.2],[11.5,58.2],[11.6,58.2],[11.7,58.2],[11.7,58.3],[11.8,58.3],[11.8,58.2]]]]}},{"type":"Feature","properties":{"iso3":"FIN","name":"Finland","ilo169":"not ratified","colonial":"none recorded"},"geometry":{"type":"MultiPolygon","coordinates":[[[[29.0,69.0],[28.8,69.0],[28.7,69.0],[28.5,68.9],[28.4,68.9],[28.6,68.9],[28.7,68.9],[28.8,68.8],[28.7,68.8],[28.7,68.7],[28.5,68.5],[28.4,68.5],[28.5,68.5],[28.7,68.2],[29.0,68.1],[29.3,68.1],[29.4,68.1],[29.4,68.0],[29.5,68.0],[29.7,67.8],[30.0,67.7],[30.0,67.6],[29.9,67.5],[29.5,67.3],[29.4,67.2],[29.1,67.0],[29.1,66.9],[29.1,66.8],[29.3,66.7],[29.4,66.6],[29.5,66.5],[29.5,66.4],[29.6,66.4],[29.6,66.3],[29.7,66.3],[29.8,66.2],[29.9,66.1],[29.9,66.0],[30.0,66.0],[30.0,65.9],[30.1,65.8],[30.1,65.7],[30.0,65.7],[29.8,65.6],[29.7,65.6],[29.8,65.6],[29.7,65.5],[29.7,65.4],[29.7,65.3],[29.6,65.3],[29.6,65.2],[29.8,65.2],[29.8,65.1],[29.9,65.1],[29.8,65.1],[29.7,65.1],[29.6,65.1],[29.6,65.0],[29.6,64.9],[29.7,64.8],[29.8,64.8],[29.9,64.8],[30.1,64.8],[30.1,64.7],[30.2,64.7],[30.2,64.6],[30.1,64.6],[30.0,64.6],[30.0,64.5],[30.1,64.5],[30.1,64.4],[30.0,64.4],[30.1,64.4],[30.2,64.3],[30.3,64.3],[30.4,64.3],[30.5,64.2],[30.6,64.2],[30.5,64.2],[30.5,64.1],[30.6,64.1],[30.6,64.0],[30.5,64.0],[30.3,63.9],[30.3,63.8],[30.2,63.8],[30.1,63.8],[30.0,63.7],[30.2,63.6],[30.4,63.5],[30.5,63.5],[30.8,63.4],[31.0,63.3],[31.2,63.2],[31.2,63.1],[31.3,63.1],[31.4,63.1],[31.4,63.0],[31.5,63.0],[31.5,62.9],[31.6,62.9],[31.5,62.8],[31.4,62.8],[31.4,62.7],[31.3,62.6],[31.3,62.5],[31.2,62.5],[31.1,62.5],[31.1,62.4],[31.0,62.4],[31.0,62.3],[30.9,62.3],[30.8,62.3],[30.7,62.2],[30.6,62.2],[30.5,62.1],[30.3,62.0],[30.1,61.9],[30.0,61.7],[29.8,61.7],[29.8,61.6],[29.6,61.5],[29.5,61.5],[29.5,61.4],[29.3,61.3],[29.2,61.2],[29.1,61.2],[29.0,61.2],[28.9,61.1],[28.8,61.1],[28.7,61.0],[28.6,61.0],[28.5,61.0],[28.5,60.9],[28.3,60.9],[28.2,60.8],[28.1,60.8],[28.0,60.7],[28.0,60.6],[27.9,60.6],[27.8,60.6],[27.7,60.6],[27.8,60.6],[27.7,60.6],[27.7,60.5],[27.8,60.5],[27.7,60.5],[27.8,60.5],[27.7,60.5],[27.6,60.5],[27.7,60.5],[27.6,60.5],[27.5,60.5],[27.4,60.5],[27.3,60.5],[27.2,60.5],[27.3,60.5],[27.2,60.6],[27.2,60.5],[27.1,60.5],[27.0,60.5],[26.9,60.5],[27.0,60.5],[27.0,60.4],[26.9,60.5],[26.8,60.5],[26.7,60.5],[26.7,60.4],[26.6,60.5],[26.6,60.4],[26.5,60.4],[26.5,60.5],[26.6,60.5],[26.6,60.6],[26.7,60.6],[26.8,60.6],[26.7,60.6],[26.7,60.7],[26.6,60.6],[26.5,60.5],[26.5,60.4],[26.4,60.4],[26.3,60.4],[26.2,60.5],[26.2,60.4],[26.3,60.4],[26.2,60.4],[26.1,60.4],[26.0,60.4],[26.0,60.5],[25.9,60.5],[26.0,60.5],[26.0,60.4],[26.1,60.4],[26.1,60.3],[26.0,60.3],[26.0,60.4],[25.9,60.4],[25.8,60.4],[25.9,60.4],[25.9,60.3],[25.9,60.2],[25.9,60.3],[25.8,60.3],[25.7,60.3],[25.8,60.3],[25.8,60.2],[25.7,60.2],[25.7,60.3],[25.6,60.3],[25.7,60.3],[25.6,60.3],[25.7,60.3],[25.7,60.4],[25.6,60.4],[25.6,60.3],[25.5,60.3],[25.5,60.2],[25.4,60.2],[25.4,60.3],[25.3,60.3],[25.3,60.2],[25.2,60.2],[25.1,60.2],[25.0,60.2],[25.1,60.2],[25.0,60.2],[25.0,60.1],[25.0,60.2],[25.0,60.1],[24.9,60.1],[24.8,60.1],[24.8,60.2],[24.9,60.2],[24.8,60.2],[24.8,60.1],[24.7,60.1],[24.6,60.1],[24.6,60.2],[24.5,60.2],[24.6,60.1],[24.5,60.1],[24.6,60.1],[24.5,60.0],[24.4,60.0],[24.5,60.0],[24.4,60.0],[24.3,60.0],[24.4,60.0],[24.4,60.1],[24.3,60.1],[24.3,60.0],[24.2,60.0],[24.1,60.0],[24.0,60.0],[23.9,60.0],[23.8,60.0],[23.6,60.0],[23.5,60.0],[23.4,60.0],[23.5,60.0],[23.5,60.1],[23.5,60.0],[23.4,60.0],[23.4,59.9],[23.3,59.9],[23.2,59.9],[23.3,59.8],[23.1,59.8],[23.0,59.8],[22.9,59.8],[23.0,59.9],[23.1,59.9],[23.2,59.9],[23.3,59.9],[23.3,60.0],[23.2,59.9],[23.2,60.0],[23.2,59.9],[23.1,59.9],[23.1,60.0],[23.2,60.0],[23.3,60.0],[23.2,60.0],[23.1,60.0],[23.0,60.0],[23.0,60.1],[22.9,60.1],[22.9,60.2],[23.0,60.3],[23.1,60.3],[23.1,60.4],[23.0,60.3],[22.9,60.3],[22.7,60.2],[22.6,60.2],[22.5,60.2],[22.6,60.2],[22.6,60.3],[22.5,60.3],[22.5,60.2],[22.4,60.2],[22.5,60.3],[22.6,60.4],[22.5,60.4],[22.3,60.4],[22.2,60.4],[22.1,60.4],[22.1,60.5],[22.1,60.4],[22.0,60.4],[22.0,60.5],[21.9,60.5],[22.0,60.5],[21.9,60.5],[21.8,60.5],[21.9,60.5],[21.8,60.5],[21.8,60.6],[21.7,60.6],[21.7,60.5],[21.6,60.5],[21.5,60.6],[21.6,60.6],[21.5,60.6],[21.4,60.6],[21.5,60.6],[21.4,60.6],[21.4,60.7],[21.5,60.7],[21.4,60.7],[21.4,60.8],[21.3,60.8],[21.3,60.9],[21.4,60.9],[21.4,61.0],[21.3,61.0],[21.3,61.1],[21.4,61.0],[21.4,61.1],[21.5,61.1],[21.4,61.1],[21.5,61.1],[21.5,61.2],[21.4,61.2],[21.5,61.2],[21.4,61.2],[21.5,61.2],[21.6,61.2],[21.5,61.2],[21.5,61.3],[21.5,61.4],[21.4,61.4],[21.5,61.4],[21.6,61.4],[21.5,61.4],[21.5,61.5],[21.4,61.5],[21.6,61.5],[21.5,61.5],[21.5,61.6],[21.6,61.5],[21.7,61.5],[21.6,61.6],[21.5,61.6],[21.5,61.7],[21.6,61.7],[21.5,61.7],[21.5,61.8],[21.4,61.8],[21.4,61.9],[21.3,61.9],[21.3,62.0],[21.2,62.0],[21.3,62.1],[21.3,62.2],[21.4,62.2],[21.4,62.3],[21.3,62.3],[21.3,62.2],[21.3,62.3],[21.3,62.4],[21.3,62.3],[21.3,62.4],[21.2,62.4],[21.2,62.3],[21.2,62.4],[21.1,62.4],[21.2,62.5],[21.1,62.5],[21.2,62.5],[21.1,62.5],[21.1,62.6],[21.2,62.6],[21.1,62.6],[21.1,62.7],[21.2,62.7],[21.1,62.7],[21.1,62.8],[21.2,62.8],[21.2,62.9],[21.3,62.9],[21.4,62.9],[21.5,63.0],[21.4,63.0],[21.5,63.0],[21.5,63.1],[21.6,63.0],[21.7,63.0],[21.6,63.1],[21.5,63.1],[21.5,63.2],[21.6,63.2],[21.5,63.2],[21.6,63.2],[21.7,63.2],[21.8,63.2],[21.7,63.2],[21.8,63.2],[21.9,63.3],[21.9,63.2],[22.0,63.1],[22.0,63.2],[22.1,63.2],[22.2,63.2],[22.2,63.3],[22.3,63.3],[22.4,63.3],[22.3,63.3],[22.3,63.4],[22.2,63.4],[22.2,63.5],[22.3,63.5],[22.3,63.4],[22.4,63.4],[22.3,63.5],[22.4,63.5],[22.5,63.6],[22.5,63.7],[22.6,63.7],[22.7,63.7],[22.7,63.6],[22.8,63.6],[22.8,63.7],[22.9,63.7],[22.8,63.7],[22.9,63.7],[22.9,63.8],[23.0,63.8],[23.1,63.9],[23.1,63.8],[23.1,63.9],[23.2,63.9],[23.1,63.9],[23.2,63.9],[23.3,63.9],[23.4,63.9],[23.4,64.0],[23.4,64.1],[23.4,64.0],[23.5,64.0],[23.6,64.0],[23.6,64.1],[23.7,64.1],[23.7,64.2],[23.8,64.2],[23.9,64.3],[23.9,64.2],[23.9,64.3],[24.0,64.3],[24.0,64.4],[24.1,64.4],[24.2,64.5],[24.3,64.5],[24.4,64.5],[24.4,64.6],[24.4,64.7],[24.5,64.7],[24.5,64.8],[24.6,64.8],[24.5,64.8],[24.6,64.8],[24.7,64.8],[24.7,64.9],[24.8,64.9],[24.9,64.9],[25.1,64.9],[25.2,64.9],[25.2,64.8],[25.3,64.8],[25.2,64.8],[25.3,64.8],[25.4,64.8],[25.4,64.9],[25.3,64.9],[25.2,64.9],[25.2,65.0],[25.3,65.0],[25.4,65.0],[25.4,64.9],[25.4,65.0],[25.4,65.1],[25.3,65.1],[25.2,65.1],[25.2,65.2],[25.3,65.2],[25.3,65.3],[25.3,65.4],[25.4,65.4],[25.3,65.4],[25.4,65.5],[25.3,65.5],[25.2,65.6],[25.1,65.6],[25.0,65.6],[24.9,65.6],[24.9,65.7],[24.8,65.7],[24.7,65.7],[24.7,65.6],[24.7,65.7],[24.6,65.7],[24.6,65.8],[24.6,65.9],[24.7,65.9],[24.6,65.9],[24.5,65.8],[24.4,65.8],[24.3,65.8],[24.2,65.8],[24.3,65.8],[24.2,65.8],[24.1,65.9],[24.1,66.0],[24.0,66.0],[24.0,66.1],[23.9,66.1],[23.9,66.2],[23.8,66.2],[23.7,66.2],[23.7,66.3],[23.7,66.4],[23.6,66.4],[23.7,66.5],[23.8,66.5],[23.9,66.6],[23.9,66.7],[23.9,66.8],[24.0,66.8],[24.0,66.9],[23.9,66.9],[23.8,67.0],[23.7,67.0],[23.7,67.1],[23.6,67.1],[23.6,67.2],[23.6,67.3],[23.7,67.3],[23.8,67.3],[23.8,67.4],[23.7,67.4],[23.6,67.5],[23.5,67.4],[23.4,67.5],[23.5,67.5],[23.5,67.6],[23.6,67.6],[23.5,67.6],[23.5,67.7],[23.5,67.8],[23.5,67.9],[23.6,67.9],[23.7,67.9],[23.7,68.0],[23.6,68.0],[23.5,68.0],[23.4,68.1],[23.3,68.1],[23.2,68.1],[23.1,68.1],[23.2,68.2],[23.1,68.2],[23.2,68.2],[23.1,68.2],[23.1,68.3],[22.9,68.3],[22.9,68.4],[22.8,68.4],[22.7,68.4],[22.6,68.4],[22.5,68.4],[22.5,68.5],[22.4,68.5],[22.3,68.5],[22.1,68.5],[22.0,68.5],[21.9,68.6],[21.7,68.6],[21.6,68.7],[21.5,68.7],[21.4,68.7],[21.4,68.8],[21.3,68.8],[21.2,68.8],[21.1,68.9],[20.9,68.9],[20.9,69.0],[20.8,69.0],[20.7,69.0],[20.6,69.0],[20.7,69.1],[21.0,69.0],[21.1,69.0],[21.2,69.1],[21.0,69.2],[21.1,69.2],[21.3,69.3],[21.6,69.3],[21.7,69.3],[21.9,69.1],[22.0,69.0],[22.2,69.0],[22.2,68.9],[22.3,68.9],[22.4,68.8],[22.4,68.7],[22.5,68.7],[22.6,68.7],[22.9,68.7],[23.0,68.7],[23.1,68.7],[23.2,68.6],[23.5,68.7],[23.6,68.7],[23.7,68.7],[23.8,68.8],[23.9,68.8],[24.1,68.8],[24.2,68.8],[24.2,68.7],[24.3,68.7],[24.5,68.7],[24.7,68.7],[24.8,68.6],[24.9,68.6],[25.0,68.6],[25.1,68.6],[25.1,68.7],[25.1,68.8],[25.2,68.8],[25.4,68.9],[25.5,68.9],[25.6,68.9],[25.7,68.9],[25.7,69.0],[25.8,69.0],[25.8,69.1],[25.7,69.1],[25.8,69.1],[25.8,69.2],[25.7,69.2],[25.8,69.3],[25.9,69.4],[25.8,69.4],[25.9,69.4],[25.9,69.5],[26.0,69.5],[26.0,69.6],[26.0,69.7],[26.2,69.7],[26.3,69.8],[26.4,69.8],[26.4,69.9],[26.5,69.9],[26.7,69.9],[26.8,69.9],[26.9,69.9],[27.0,69.9],[27.1,69.9],[27.3,69.9],[27.4,69.9],[27.3,70.0],[27.4,70.0],[27.6,70.0],[27.6,70.1],[27.7,70.1],[27.8,70.1],[27.9,70.1],[28.0,70.0],[28.2,69.9],[28.4,69.9],[28.4,69.8],[28.5,69.8],[28.8,69.7],[29.1,69.7],[29.2,69.6],[29.3,69.5],[29.2,69.4],[28.9,69.2],[28.8,69.2],[28.8,69.1],[29.0,69.0]]],[[[22.8,60.2],[22.9,60.3],[23.0,60.3],[22.9,60.3],[22.9,60.2],[22.8,60.2],[22.8,60.1],[22.7,60.0],[22.8,60.0],[22.7,60.0],[22.6,60.0],[22.5,60.0],[22.5,60.1],[22.4,60.1],[22.5,60.1],[22.6,60.1],[22.4,60.1],[22.4,60.2],[22.5,60.2],[22.6,60.2],[22.8,60.2]]],[[[25.0,65.1],[25.1,65.0],[25.0,65.0],[24.9,65.0],[24.8,65.0],[24.7,65.0],[24.8,65.0],[24.7,65.0],[24.6,65.0],[24.7,65.1],[24.8,65.1],[24.9,65.1],[25.0,65.1]]]]}},{"type":"Feature","properties":{"iso3":"VNM","name":"Vietnam","ilo169":"not ratified","colonial":"none recorded","land_deal_ha":416350.8,"debt_pct_gni":28.8,"conquests_made":1},"geometry":{"type":"MultiPolygon","coordinates":[[[[107.5,14.7],[107.5,14.8],[107.5,14.9],[107.6,14.9],[107.5,14.9],[107.5,15.0],[107.4,15.0],[107.5,15.0],[107.4,15.0],[107.5,15.0],[107.5,15.1],[107.6,15.0],[107.6,15.1],[107.6,15.2],[107.7,15.2],[107.7,15.3],[107.6,15.3],[107.6,15.4],[107.5,15.4],[107.5,15.5],[107.4,15.5],[107.3,15.6],[107.2,15.6],[107.2,15.7],[107.2,15.8],[107.1,15.8],[107.2,15.8],[107.2,15.9],[107.3,15.9],[107.4,15.9],[107.4,16.0],[107.4,16.1],[107.3,16.1],[107.2,16.1],[107.2,16.2],[107.1,16.2],[107.1,16.3],[107.0,16.3],[106.9,16.3],[106.9,16.4],[106.9,16.5],[106.8,16.5],[106.8,16.4],[106.7,16.4],[106.7,16.5],[106.6,16.5],[106.6,16.6],[106.5,16.6],[106.5,16.7],[106.5,17.0],[106.4,17.0],[106.4,17.1],[106.3,17.1],[106.3,17.2],[106.3,17.3],[106.2,17.3],[106.2,17.2],[106.2,17.3],[106.0,17.4],[105.9,17.5],[105.8,17.6],[105.7,17.7],[105.7,17.8],[105.6,17.8],[105.6,17.9],[105.6,18.0],[105.5,18.1],[105.5,18.2],[105.4,18.2],[105.4,18.1],[105.4,18.2],[105.3,18.2],[105.3,18.3],[105.3,18.2],[105.2,18.2],[105.2,18.3],[105.2,18.4],[105.1,18.4],[105.1,18.5],[105.1,18.6],[105.2,18.6],[105.1,18.7],[105.0,18.7],[104.9,18.7],[104.9,18.8],[104.8,18.8],[104.7,18.8],[104.6,18.8],[104.6,18.9],[104.5,18.9],[104.5,19.0],[104.4,19.0],[104.3,19.1],[104.2,19.1],[104.2,19.2],[104.1,19.2],[104.0,19.2],[103.9,19.2],[103.9,19.3],[103.8,19.3],[103.9,19.3],[103.9,19.4],[104.0,19.4],[104.1,19.5],[104.1,19.6],[104.0,19.6],[104.0,19.7],[104.1,19.7],[104.2,19.7],[104.3,19.7],[104.4,19.7],[104.4,19.6],[104.5,19.6],[104.6,19.6],[104.7,19.7],[104.8,19.8],[104.8,19.9],[104.9,20.0],[105.0,20.0],[104.9,20.0],[104.9,20.1],[105.0,20.1],[104.9,20.1],[104.9,20.2],[104.8,20.2],[104.7,20.2],[104.7,20.3],[104.7,20.4],[104.6,20.4],[104.4,20.4],[104.4,20.5],[104.5,20.5],[104.6,20.6],[104.6,20.7],[104.5,20.7],[104.5,20.8],[104.4,20.8],[104.3,20.8],[104.3,20.9],[104.2,20.9],[104.1,20.9],[104.1,21.0],[104.0,20.9],[103.9,20.9],[103.8,20.9],[103.8,20.8],[103.8,20.7],[103.7,20.7],[103.6,20.7],[103.5,20.7],[103.5,20.8],[103.4,20.8],[103.3,20.8],[103.2,20.8],[103.1,20.8],[103.1,20.9],[103.0,21.0],[103.0,21.1],[102.9,21.1],[102.9,21.2],[102.9,21.3],[102.8,21.3],[102.9,21.3],[102.9,21.4],[102.9,21.5],[102.9,21.4],[102.8,21.4],[102.9,21.5],[103.0,21.6],[103.0,21.7],[102.9,21.7],[102.8,21.7],[102.8,21.8],[102.8,21.7],[102.7,21.7],[102.6,21.7],[102.6,21.8],[102.6,21.9],[102.5,21.9],[102.5,22.0],[102.4,22.0],[102.4,22.1],[102.3,22.2],[102.2,22.2],[102.2,22.3],[102.1,22.3],[102.1,22.4],[102.2,22.4],[102.2,22.5],[102.3,22.5],[102.4,22.6],[102.4,22.7],[102.4,22.8],[102.5,22.8],[102.5,22.7],[102.6,22.7],[102.7,22.7],[102.8,22.6],[102.9,22.6],[102.9,22.5],[103.0,22.5],[103.0,22.4],[103.0,22.5],[103.1,22.5],[103.1,22.6],[103.2,22.6],[103.2,22.7],[103.3,22.7],[103.3,22.8],[103.4,22.8],[103.4,22.7],[103.4,22.6],[103.5,22.6],[103.6,22.6],[103.5,22.6],[103.5,22.7],[103.6,22.7],[103.6,22.8],[103.7,22.8],[103.7,22.7],[103.8,22.7],[103.8,22.6],[103.9,22.6],[103.9,22.5],[104.0,22.5],[104.0,22.6],[104.0,22.7],[104.1,22.8],[104.2,22.8],[104.2,22.7],[104.3,22.7],[104.4,22.7],[104.5,22.8],[104.6,22.8],[104.7,22.8],[104.8,22.9],[104.8,23.0],[104.8,23.1],[104.9,23.1],[104.9,23.2],[105.0,23.2],[105.1,23.2],[105.1,23.3],[105.2,23.3],[105.3,23.4],[105.3,23.3],[105.4,23.3],[105.4,23.2],[105.5,23.2],[105.5,23.1],[105.6,23.1],[105.7,23.0],[105.8,23.0],[105.8,22.9],[105.9,22.9],[106.0,22.9],[106.0,23.0],[106.1,23.0],[106.2,23.0],[106.2,22.9],[106.3,22.9],[106.5,22.9],[106.6,22.9],[106.6,22.8],[106.6,22.9],[106.7,22.9],[106.7,22.8],[106.8,22.8],[106.7,22.7],[106.7,22.6],[106.6,22.6],[106.5,22.5],[106.5,22.4],[106.5,22.3],[106.6,22.3],[106.7,22.2],[106.6,22.2],[106.7,22.2],[106.7,22.1],[106.7,22.0],[106.6,22.0],[106.7,22.0],[106.8,22.0],[106.9,22.0],[106.9,21.9],[107.0,21.9],[107.0,21.8],[107.1,21.8],[107.2,21.7],[107.3,21.7],[107.3,21.6],[107.4,21.6],[107.4,21.7],[107.4,21.6],[107.5,21.6],[107.6,21.6],[107.7,21.6],[107.7,21.7],[107.8,21.7],[107.8,21.6],[107.9,21.6],[107.9,21.5],[108.0,21.5],[107.9,21.5],[107.9,21.4],[107.9,21.5],[107.8,21.5],[107.8,21.4],[107.7,21.4],[107.6,21.4],[107.6,21.3],[107.5,21.3],[107.4,21.3],[107.4,21.2],[107.4,21.1],[107.4,21.0],[107.3,21.0],[107.2,21.0],[107.2,20.9],[107.1,20.9],[107.1,21.0],[107.0,21.0],[107.0,20.9],[107.0,21.0],[106.9,21.0],[106.9,20.9],[106.8,20.9],[106.8,21.0],[106.7,21.0],[106.6,21.0],[106.7,21.0],[106.7,20.9],[106.8,20.9],[106.7,20.9],[106.7,20.8],[106.8,20.8],[106.7,20.8],[106.8,20.8],[106.8,20.7],[106.7,20.7],[106.7,20.6],[106.6,20.6],[106.6,20.7],[106.6,20.6],[106.5,20.5],[106.6,20.5],[106.5,20.5],[106.5,20.4],[106.6,20.5],[106.6,20.4],[106.6,20.3],[106.5,20.3],[106.6,20.3],[106.6,20.2],[106.5,20.2],[106.4,20.2],[106.3,20.1],[106.2,20.0],[106.1,20.0],[106.0,20.0],[106.0,19.9],[105.9,19.9],[106.0,19.9],[105.9,19.8],[105.9,19.7],[105.8,19.7],[105.8,19.6],[105.8,19.5],[105.8,19.4],[105.8,19.3],[105.8,19.2],[105.7,19.2],[105.7,19.1],[105.6,19.1],[105.6,19.0],[105.6,18.9],[105.7,18.9],[105.7,18.8],[105.7,18.9],[105.7,18.8],[105.8,18.8],[105.7,18.7],[105.8,18.7],[105.8,18.8],[105.8,18.7],[105.8,18.6],[105.9,18.5],[106.0,18.5],[106.0,18.4],[106.0,18.3],[106.1,18.3],[106.2,18.3],[106.2,18.2],[106.3,18.2],[106.3,18.1],[106.4,18.1],[106.3,18.1],[106.4,18.1],[106.5,18.0],[106.5,17.9],[106.4,17.9],[106.5,17.9],[106.4,17.9],[106.4,17.8],[106.5,17.8],[106.5,17.7],[106.4,17.7],[106.4,17.8],[106.3,17.8],[106.3,17.7],[106.4,17.7],[106.5,17.7],[106.5,17.6],[106.6,17.6],[106.6,17.5],[106.7,17.5],[106.7,17.4],[106.8,17.3],[106.9,17.2],[107.0,17.2],[107.1,17.1],[107.1,17.0],[107.2,16.9],[107.1,16.9],[107.2,16.9],[107.4,16.8],[107.5,16.7],[107.6,16.6],[107.5,16.7],[107.4,16.6],[107.5,16.6],[107.6,16.6],[107.6,16.5],[107.7,16.6],[107.7,16.5],[107.6,16.5],[107.7,16.5],[107.8,16.5],[107.8,16.4],[107.8,16.3],[107.9,16.3],[107.9,16.4],[108.0,16.3],[108.1,16.3],[108.1,16.2],[108.1,16.3],[108.0,16.2],[108.1,16.2],[108.2,16.2],[108.1,16.1],[108.2,16.1],[108.2,16.0],[108.3,16.0],[108.2,16.1],[108.2,16.2],[108.3,16.2],[108.3,16.1],[108.3,16.2],[108.3,16.1],[108.3,16.0],[108.4,15.9],[108.4,15.8],[108.5,15.7],[108.6,15.5],[108.7,15.5],[108.6,15.5],[108.7,15.4],[108.7,15.5],[108.7,15.4],[108.8,15.4],[108.8,15.3],[108.8,15.4],[108.9,15.4],[108.9,15.3],[109.0,15.3],[108.9,15.2],[108.9,15.1],[108.9,15.0],[109.0,14.8],[109.1,14.7],[109.1,14.6],[109.1,14.5],[109.1,14.4],[109.1,14.3],[109.2,14.3],[109.2,14.2],[109.2,14.1],[109.2,14.2],[109.2,14.1],[109.3,14.0],[109.3,13.9],[109.3,13.8],[109.3,13.9],[109.2,13.9],[109.2,13.8],[109.3,13.8],[109.2,13.8],[109.2,13.7],[109.2,13.6],[109.3,13.6],[109.3,13.5],[109.3,13.6],[109.2,13.6],[109.3,13.6],[109.3,13.5],[109.3,13.4],[109.3,13.5],[109.2,13.5],[109.2,13.4],[109.3,13.4],[109.3,13.3],[109.3,13.2],[109.3,13.3],[109.3,13.2],[109.3,13.1],[109.4,13.0],[109.5,12.9],[109.5,12.8],[109.4,12.8],[109.4,12.9],[109.5,12.9],[109.4,12.9],[109.4,12.8],[109.4,12.7],[109.5,12.7],[109.5,12.6],[109.4,12.6],[109.5,12.6],[109.4,12.6],[109.4,12.7],[109.4,12.6],[109.4,12.7],[109.3,12.7],[109.4,12.7],[109.4,12.8],[109.3,12.8],[109.3,12.7],[109.2,12.7],[109.2,12.6],[109.2,12.5],[109.2,12.6],[109.2,12.5],[109.3,12.5],[109.3,12.4],[109.2,12.4],[109.2,12.5],[109.2,12.4],[109.1,12.4],[109.2,12.4],[109.2,12.3],[109.2,12.2],[109.2,12.1],[109.2,12.0],[109.3,12.0],[109.3,11.9],[109.2,11.9],[109.2,12.0],[109.2,12.1],[109.2,12.0],[109.2,11.9],[109.1,11.9],[109.1,11.8],[109.2,11.8],[109.2,11.9],[109.2,11.8],[109.2,11.7],[109.2,11.6],[109.1,11.6],[109.0,11.6],[109.0,11.5],[109.0,11.4],[109.0,11.3],[108.9,11.3],[108.8,11.3],[108.7,11.2],[108.6,11.2],[108.5,11.2],[108.5,11.1],[108.4,11.0],[108.3,11.0],[108.3,10.9],[108.3,11.0],[108.1,10.9],[108.1,10.8],[108.0,10.8],[108.0,10.7],[107.9,10.7],[107.8,10.7],[107.7,10.6],[107.6,10.6],[107.5,10.5],[107.4,10.5],[107.3,10.5],[107.3,10.4],[107.2,10.4],[107.2,10.5],[107.1,10.5],[107.0,10.5],[107.0,10.6],[107.0,10.7],[107.0,10.6],[107.0,10.5],[107.0,10.6],[107.0,10.5],[106.9,10.5],[106.9,10.6],[106.9,10.7],[106.9,10.6],[106.8,10.6],[106.8,10.7],[106.7,10.7],[106.8,10.6],[106.7,10.6],[106.7,10.5],[106.6,10.5],[106.6,10.4],[106.6,10.5],[106.6,10.4],[106.6,10.5],[106.7,10.5],[106.7,10.4],[106.7,10.5],[106.8,10.5],[106.8,10.4],[106.8,10.3],[106.7,10.3],[106.6,10.3],[106.5,10.3],[106.4,10.3],[106.5,10.3],[106.7,10.2],[106.8,10.2],[106.8,10.1],[106.7,10.1],[106.7,10.0],[106.7,10.1],[106.7,10.0],[106.6,10.0],[106.5,10.0],[106.5,10.1],[106.4,10.1],[106.4,10.2],[106.3,10.2],[106.3,10.3],[106.3,10.2],[106.4,10.2],[106.5,10.0],[106.6,10.0],[106.6,9.9],[106.7,9.9],[106.7,9.8],[106.7,9.9],[106.7,9.8],[106.6,9.8],[106.5,9.9],[106.4,10.0],[106.1,10.2],[106.2,10.2],[106.2,10.1],[106.3,10.1],[106.3,10.0],[106.4,10.0],[106.4,9.9],[106.5,9.9],[106.5,9.8],[106.6,9.7],[106.6,9.6],[106.5,9.6],[106.5,9.5],[106.5,9.6],[106.4,9.5],[106.3,9.6],[106.1,9.8],[106.0,9.9],[105.9,10.0],[105.8,10.0],[105.9,9.9],[106.1,9.7],[106.2,9.5],[106.2,9.4],[106.0,9.3],[105.9,9.3],[105.8,9.2],[105.5,9.1],[105.4,9.0],[105.3,8.8],[105.2,8.8],[105.2,8.7],[105.1,8.7],[105.1,8.6],[105.0,8.6],[104.9,8.6],[104.8,8.6],[104.7,8.6],[104.8,8.6],[104.8,8.7],[104.9,8.7],[105.0,8.7],[104.9,8.7],[104.8,8.7],[104.9,8.7],[104.9,8.8],[104.8,8.8],[104.8,8.9],[104.8,9.0],[104.8,9.1],[104.8,9.2],[104.8,9.3],[104.8,9.4],[104.8,9.5],[104.8,9.6],[104.9,9.7],[104.9,9.8],[104.9,9.9],[104.9,9.8],[105.0,9.9],[105.1,9.9],[105.1,10.0],[105.0,10.1],[104.9,10.1],[104.8,10.1],[104.8,10.2],[104.7,10.2],[104.7,10.1],[104.6,10.1],[104.6,10.2],[104.6,10.3],[104.5,10.3],[104.5,10.4],[104.5,10.5],[104.6,10.5],[104.7,10.5],[104.8,10.5],[104.9,10.5],[104.9,10.6],[105.0,10.7],[105.1,10.7],[105.0,10.8],[105.0,10.9],[105.1,10.9],[105.2,10.9],[105.3,10.9],[105.3,10.8],[105.4,10.9],[105.4,11.0],[105.5,10.9],[105.5,11.0],[105.6,11.0],[105.7,11.0],[105.8,11.0],[105.8,10.9],[105.9,10.8],[105.9,10.9],[106.0,10.9],[106.0,10.8],[106.1,10.8],[106.2,10.8],[106.2,10.9],[106.1,10.9],[106.1,11.0],[106.2,11.0],[106.2,11.1],[106.1,11.1],[106.0,11.1],[106.0,11.2],[105.9,11.2],[105.9,11.3],[105.8,11.3],[105.9,11.4],[105.9,11.5],[105.8,11.6],[105.8,11.7],[105.9,11.7],[105.9,11.6],[105.9,11.7],[106.0,11.7],[106.0,11.8],[106.1,11.8],[106.1,11.7],[106.2,11.7],[106.3,11.7],[106.4,11.7],[106.4,11.8],[106.4,11.9],[106.4,12.0],[106.5,12.0],[106.6,12.0],[106.7,12.0],[106.7,12.1],[106.8,12.1],[106.9,12.1],[107.0,12.1],[107.0,12.2],[107.1,12.2],[107.2,12.3],[107.3,12.3],[107.4,12.3],[107.5,12.3],[107.5,12.4],[107.6,12.5],[107.5,12.5],[107.6,12.5],[107.6,12.6],[107.5,12.7],[107.5,12.8],[107.5,12.9],[107.5,13.0],[107.6,13.3],[107.6,13.4],[107.6,13.5],[107.5,13.7],[107.5,13.8],[107.4,13.8],[107.4,13.9],[107.4,14.0],[107.3,14.0],[107.3,14.1],[107.4,14.2],[107.4,14.3],[107.3,14.3],[107.4,14.3],[107.4,14.4],[107.5,14.4],[107.5,14.5],[107.5,14.6],[107.5,14.7]]],[[[104.1,10.4],[104.1,10.2],[104.0,10.2],[104.0,10.1],[104.1,10.1],[104.0,10.0],[104.1,10.0],[104.0,10.0],[104.0,10.1],[104.0,10.2],[103.9,10.3],[103.8,10.4],[103.9,10.4],[104.0,10.4],[104.0,10.5],[104.0,10.4],[104.1,10.4]]]]}},{"type":"Feature","properties":{"iso3":"KHM","name":"Cambodia","ilo169":"not ratified","colonial":"none recorded","land_deal_ha":864473.8,"debt_pct_gni":46.1,"conquests_suffered":1},"geometry":{"type":"MultiPolygon","coordinates":[[[[107.5,14.7],[107.5,14.6],[107.5,14.5],[107.5,14.4],[107.4,14.4],[107.4,14.3],[107.3,14.3],[107.4,14.3],[107.4,14.2],[107.3,14.1],[107.3,14.0],[107.4,14.0],[107.4,13.9],[107.4,13.8],[107.5,13.8],[107.5,13.7],[107.6,13.5],[107.6,13.4],[107.6,13.3],[107.5,13.0],[107.5,12.9],[107.5,12.8],[107.5,12.7],[107.6,12.6],[107.6,12.5],[107.5,12.5],[107.6,12.5],[107.5,12.4],[107.5,12.3],[107.4,12.3],[107.3,12.3],[107.2,12.3],[107.1,12.2],[107.0,12.2],[107.0,12.1],[106.9,12.1],[106.8,12.1],[106.7,12.1],[106.7,12.0],[106.6,12.0],[106.5,12.0],[106.4,12.0],[106.4,11.9],[106.4,11.8],[106.4,11.7],[106.3,11.7],[106.2,11.7],[106.1,11.7],[106.1,11.8],[106.0,11.8],[106.0,11.7],[105.9,11.7],[105.9,11.6],[105.9,11.7],[105.8,11.7],[105.8,11.6],[105.9,11.5],[105.9,11.4],[105.8,11.3],[105.9,11.3],[105.9,11.2],[106.0,11.2],[106.0,11.1],[106.1,11.1],[106.2,11.1],[106.2,11.0],[106.1,11.0],[106.1,10.9],[106.2,10.9],[106.2,10.8],[106.1,10.8],[106.0,10.8],[106.0,10.9],[105.9,10.9],[105.9,10.8],[105.8,10.9],[105.8,11.0],[105.7,11.0],[105.6,11.0],[105.5,11.0],[105.5,10.9],[105.4,11.0],[105.4,10.9],[105.3,10.8],[105.3,10.9],[105.2,10.9],[105.1,10.9],[105.0,10.9],[105.0,10.8],[105.1,10.7],[105.0,10.7],[104.9,10.6],[104.9,10.5],[104.8,10.5],[104.7,10.5],[104.6,10.5],[104.5,10.5],[104.5,10.4],[104.4,10.4],[104.4,10.5],[104.4,10.4],[104.4,10.5],[104.3,10.5],[104.3,10.6],[104.2,10.6],[104.2,10.5],[104.1,10.6],[104.0,10.6],[103.9,10.6],[103.9,10.7],[103.9,10.6],[103.8,10.6],[103.8,10.5],[103.7,10.5],[103.7,10.6],[103.7,10.5],[103.6,10.5],[103.6,10.6],[103.6,10.5],[103.6,10.6],[103.5,10.6],[103.5,10.7],[103.6,10.7],[103.7,10.7],[103.7,10.8],[103.7,10.9],[103.7,11.0],[103.7,11.1],[103.6,11.1],[103.6,11.2],[103.5,11.2],[103.5,11.1],[103.5,11.2],[103.5,11.1],[103.4,11.1],[103.5,11.1],[103.4,11.0],[103.4,10.9],[103.3,10.9],[103.2,10.9],[103.1,10.9],[103.1,11.0],[103.1,11.1],[103.1,11.2],[103.1,11.3],[103.2,11.3],[103.1,11.3],[103.1,11.4],[103.1,11.3],[103.1,11.4],[103.1,11.5],[103.2,11.4],[103.1,11.5],[103.1,11.6],[103.0,11.6],[103.0,11.5],[103.0,11.6],[103.0,11.5],[103.0,11.6],[103.0,11.7],[103.0,11.6],[103.0,11.7],[103.1,11.7],[103.0,11.7],[103.0,11.8],[102.9,11.8],[103.0,11.7],[103.0,11.6],[102.9,11.6],[102.9,11.7],[102.9,11.8],[102.8,11.9],[102.8,12.0],[102.8,12.1],[102.7,12.1],[102.7,12.2],[102.7,12.3],[102.7,12.4],[102.8,12.4],[102.7,12.5],[102.6,12.6],[102.5,12.6],[102.5,12.7],[102.5,12.8],[102.5,12.9],[102.5,13.0],[102.4,13.1],[102.3,13.3],[102.3,13.4],[102.3,13.5],[102.3,13.6],[102.4,13.6],[102.5,13.6],[102.6,13.6],[102.5,13.6],[102.5,13.7],[102.6,13.7],[102.7,13.7],[102.7,13.8],[102.8,13.9],[102.8,14.0],[102.9,14.0],[102.9,14.1],[102.9,14.2],[103.0,14.2],[103.1,14.3],[103.2,14.3],[103.3,14.4],[103.4,14.4],[103.5,14.4],[103.6,14.4],[103.7,14.4],[103.8,14.4],[103.9,14.3],[103.9,14.4],[104.0,14.4],[104.0,14.3],[104.0,14.4],[104.1,14.4],[104.2,14.4],[104.3,14.4],[104.4,14.4],[104.5,14.4],[104.6,14.4],[104.7,14.4],[104.8,14.4],[104.9,14.4],[105.0,14.4],[105.0,14.3],[105.0,14.2],[105.1,14.2],[105.1,14.3],[105.2,14.3],[105.3,14.2],[105.3,14.1],[105.4,14.1],[105.5,14.1],[105.5,14.2],[105.6,14.1],[105.7,14.1],[105.8,14.1],[105.8,14.0],[105.9,13.9],[106.0,13.9],[106.1,13.9],[106.1,14.0],[106.1,14.1],[106.1,14.2],[106.0,14.2],[106.0,14.3],[106.0,14.4],[106.0,14.3],[106.1,14.3],[106.1,14.4],[106.2,14.4],[106.2,14.5],[106.3,14.4],[106.4,14.5],[106.5,14.5],[106.5,14.6],[106.5,14.5],[106.6,14.5],[106.7,14.4],[106.8,14.3],[106.9,14.3],[107.0,14.3],[107.0,14.4],[107.1,14.4],[107.2,14.5],[107.2,14.6],[107.3,14.6],[107.4,14.6],[107.4,14.5],[107.4,14.6],[107.5,14.6],[107.5,14.7]]]]}},{"type":"Feature","properties":{"iso3":"LUX","name":"Luxembourg","ilo169":"ratified","colonial":"none recorded"},"geometry":{"type":"Polygon","coordinates":[[[6.1,50.1],[6.1,50.0],[6.2,50.0],[6.2,49.9],[6.2,50.0],[6.2,49.9],[6.3,49.9],[6.3,49.8],[6.4,49.8],[6.5,49.8],[6.5,49.7],[6.4,49.7],[6.4,49.6],[6.4,49.5],[6.3,49.5],[6.2,49.5],[6.1,49.5],[6.1,49.4],[6.0,49.4],[5.9,49.5],[5.8,49.5],[5.8,49.6],[5.9,49.6],[5.9,49.7],[5.8,49.7],[5.9,49.7],[5.8,49.7],[5.8,49.8],[5.7,49.8],[5.7,49.9],[5.8,49.9],[5.7,49.9],[5.8,49.9],[5.8,50.0],[5.8,50.1],[5.9,50.1],[6.0,50.2],[6.0,50.1],[6.1,50.2],[6.1,50.1]]]}},{"type":"Feature","properties":{"iso3":"ARE","name":"United Arab Emirates","ilo169":"not ratified","colonial":"none recorded","conquests_suffered":2},"geometry":{"type":"MultiPolygon","coordinates":[[[[56.3,25.6],[56.4,25.5],[56.4,25.4],[56.4,25.3],[56.4,25.2],[56.4,25.1],[56.4,25.0],[56.3,25.0],[56.3,24.9],[56.2,24.8],[56.1,24.8],[56.1,24.7],[56.0,24.8],[56.0,24.9],[56.0,25.0],[55.9,25.0],[55.9,24.9],[55.8,24.9],[55.8,24.8],[55.8,24.7],[55.8,24.6],[55.8,24.5],[55.8,24.4],[55.8,24.3],[55.8,24.2],[55.9,24.2],[56.0,24.1],[55.9,24.1],[55.8,24.0],[55.7,24.0],[55.6,24.0],[55.5,24.0],[55.5,23.9],[55.5,23.8],[55.5,23.7],[55.4,23.6],[55.4,23.5],[55.4,23.4],[55.3,23.3],[55.2,23.1],[55.2,23.0],[55.2,22.8],[55.2,22.7],[55.1,22.6],[55.0,22.6],[54.8,22.7],[54.7,22.7],[54.6,22.7],[54.4,22.7],[54.3,22.7],[54.1,22.7],[54.0,22.8],[53.9,22.8],[53.7,22.8],[53.6,22.8],[53.4,22.8],[53.3,22.8],[53.2,22.9],[53.0,22.9],[52.9,22.9],[52.7,22.9],[52.6,22.9],[52.5,23.0],[52.4,23.1],[52.3,23.2],[52.3,23.3],[52.2,23.3],[52.2,23.4],[52.1,23.5],[52.0,23.6],[51.9,23.7],[51.9,23.8],[51.8,23.8],[51.8,23.9],[51.7,23.9],[51.7,24.0],[51.6,24.1],[51.6,24.2],[51.6,24.3],[51.6,24.4],[51.6,24.3],[51.6,24.2],[51.7,24.2],[51.7,24.3],[51.7,24.2],[51.7,24.3],[51.8,24.3],[51.8,24.2],[51.8,24.1],[51.8,24.0],[51.9,24.0],[52.0,24.0],[52.1,24.0],[52.2,24.0],[52.3,24.0],[52.4,24.0],[52.4,24.1],[52.5,24.1],[52.6,24.1],[52.6,24.2],[52.7,24.1],[52.7,24.2],[52.8,24.1],[52.8,24.2],[52.8,24.1],[52.9,24.1],[53.0,24.1],[53.0,24.2],[53.0,24.1],[53.1,24.1],[53.2,24.1],[53.1,24.1],[53.1,24.2],[53.2,24.2],[53.2,24.1],[53.3,24.1],[53.4,24.1],[53.5,24.1],[53.6,24.1],[53.6,24.0],[53.6,24.1],[53.7,24.0],[53.7,24.1],[53.9,24.1],[54.0,24.1],[54.1,24.1],[54.1,24.2],[54.2,24.2],[54.3,24.2],[54.3,24.3],[54.4,24.3],[54.5,24.4],[54.5,24.5],[54.6,24.5],[54.6,24.4],[54.6,24.5],[54.5,24.5],[54.4,24.5],[54.5,24.6],[54.5,24.5],[54.5,24.6],[54.5,24.5],[54.6,24.5],[54.5,24.5],[54.6,24.5],[54.6,24.6],[54.7,24.7],[54.6,24.7],[54.7,24.8],[54.8,24.8],[54.9,24.9],[55.0,25.0],[55.1,25.0],[55.2,25.1],[55.3,25.2],[55.3,25.3],[55.3,25.2],[55.3,25.3],[55.4,25.3],[55.4,25.4],[55.5,25.4],[55.5,25.5],[55.5,25.6],[55.6,25.6],[55.5,25.6],[55.5,25.5],[55.6,25.5],[55.6,25.6],[55.7,25.6],[55.8,25.7],[55.9,25.7],[55.9,25.8],[56.0,25.8],[55.9,25.8],[56.0,25.8],[56.0,25.9],[56.1,26.0],[56.1,26.1],[56.2,26.1],[56.2,26.0],[56.2,25.9],[56.1,25.8],[56.2,25.8],[56.2,25.7],[56.1,25.7],[56.2,25.7],[56.2,25.6],[56.3,25.6]]],[[[53.7,24.2],[53.6,24.2],[53.7,24.2],[53.8,24.2],[53.8,24.3],[53.9,24.3],[53.8,24.3],[53.9,24.2],[54.0,24.2],[54.0,24.1],[53.9,24.1],[53.9,24.2],[53.8,24.2],[53.8,24.1],[53.7,24.1],[53.7,24.2]]]]}},{"type":"Feature","properties":{"iso3":"BEL","name":"Belgium","ilo169":"not ratified","colonial":"none recorded"},"geometry":{"type":"Polygon","coordinates":[[[2.5,51.1],[2.6,51.1],[2.7,51.2],[2.9,51.2],[3.1,51.3],[3.3,51.4],[3.4,51.3],[3.4,51.2],[3.5,51.2],[3.5,51.3],[3.6,51.3],[3.8,51.3],[3.8,51.2],[3.9,51.2],[4.0,51.2],[4.1,51.3],[4.2,51.3],[4.2,51.4],[4.2,51.3],[4.3,51.3],[4.3,51.4],[4.4,51.4],[4.4,51.5],[4.5,51.5],[4.5,51.4],[4.6,51.4],[4.7,51.4],[4.7,51.5],[4.8,51.5],[4.8,51.4],[4.9,51.4],[5.0,51.4],[5.0,51.5],[5.1,51.5],[5.1,51.4],[5.1,51.3],[5.2,51.3],[5.3,51.3],[5.4,51.3],[5.5,51.3],[5.5,51.2],[5.6,51.2],[5.7,51.2],[5.8,51.2],[5.8,51.1],[5.8,51.0],[5.7,51.0],[5.8,51.0],[5.8,50.9],[5.7,50.9],[5.6,50.9],[5.6,50.8],[5.7,50.8],[5.8,50.8],[5.9,50.8],[5.9,50.7],[6.0,50.7],[6.1,50.7],[6.2,50.6],[6.1,50.6],[6.2,50.6],[6.3,50.6],[6.2,50.6],[6.2,50.5],[6.3,50.5],[6.3,50.4],[6.4,50.4],[6.3,50.4],[6.4,50.3],[6.3,50.3],[6.2,50.2],[6.1,50.2],[6.2,50.2],[6.1,50.2],[6.1,50.1],[6.1,50.2],[6.0,50.1],[6.0,50.2],[5.9,50.1],[5.8,50.1],[5.8,50.0],[5.8,49.9],[5.7,49.9],[5.8,49.9],[5.7,49.9],[5.7,49.8],[5.8,49.8],[5.8,49.7],[5.9,49.7],[5.8,49.7],[5.9,49.7],[5.9,49.6],[5.8,49.6],[5.8,49.5],[5.7,49.5],[5.6,49.5],[5.5,49.5],[5.4,49.5],[5.5,49.5],[5.4,49.6],[5.3,49.6],[5.3,49.7],[5.2,49.7],[5.1,49.7],[5.1,49.8],[5.0,49.8],[4.9,49.8],[4.8,49.8],[4.8,49.9],[4.9,49.9],[4.8,49.9],[4.8,50.0],[4.8,50.1],[4.9,50.1],[4.8,50.1],[4.8,50.2],[4.7,50.1],[4.7,50.0],[4.6,50.0],[4.5,49.9],[4.4,49.9],[4.3,50.0],[4.2,50.0],[4.1,50.0],[4.2,50.0],[4.2,50.1],[4.1,50.1],[4.1,50.2],[4.2,50.2],[4.2,50.3],[4.1,50.3],[4.2,50.3],[4.1,50.3],[4.0,50.3],[3.9,50.3],[3.8,50.3],[3.7,50.3],[3.7,50.4],[3.6,50.4],[3.6,50.5],[3.5,50.5],[3.4,50.5],[3.3,50.5],[3.3,50.6],[3.2,50.6],[3.2,50.7],[3.1,50.8],[3.0,50.8],[2.9,50.7],[2.8,50.7],[2.7,50.8],[2.6,50.8],[2.6,50.9],[2.6,51.0],[2.5,51.0],[2.5,51.1]]]}},{"type":"Feature","properties":{"iso3":"GEO","name":"Georgia","ilo169":"not ratified","colonial":"none recorded","land_deal_ha":17642.0,"debt_pct_gni":79.7,"conquests_suffered":1},"geometry":{"type":"Polygon","coordinates":[[[41.6,42.4],[41.5,42.6],[41.5,42.7],[41.4,42.7],[41.4,42.8],[41.3,42.8],[41.2,42.8],[41.1,42.8],[41.1,42.9],[41.0,43.0],[40.9,43.0],[40.9,43.1],[40.8,43.1],[40.7,43.1],[40.6,43.1],[40.5,43.1],[40.4,43.2],[40.3,43.1],[40.3,43.2],[40.3,43.3],[40.2,43.3],[40.1,43.3],[40.1,43.4],[40.0,43.4],[40.1,43.5],[40.1,43.6],[40.2,43.6],[40.5,43.5],[40.6,43.5],[40.7,43.5],[40.8,43.5],[40.9,43.5],[41.0,43.4],[41.1,43.4],[41.2,43.4],[41.2,43.3],[41.3,43.3],[41.4,43.3],[41.5,43.3],[41.6,43.2],[41.7,43.2],[41.8,43.2],[41.9,43.2],[42.0,43.2],[42.1,43.2],[42.2,43.2],[42.4,43.2],[42.5,43.2],[42.6,43.1],[42.7,43.2],[42.8,43.2],[42.9,43.2],[42.9,43.1],[43.0,43.1],[43.0,43.0],[43.2,42.9],[43.4,42.9],[43.5,42.9],[43.6,42.8],[43.7,42.8],[43.8,42.8],[43.8,42.7],[43.7,42.7],[43.7,42.6],[43.8,42.6],[43.9,42.6],[44.0,42.6],[44.1,42.6],[44.2,42.6],[44.2,42.7],[44.3,42.7],[44.4,42.7],[44.5,42.7],[44.5,42.8],[44.6,42.8],[44.6,42.7],[44.7,42.7],[44.8,42.6],[44.8,42.7],[44.9,42.8],[45.0,42.7],[45.1,42.7],[45.2,42.7],[45.3,42.6],[45.3,42.5],[45.4,42.5],[45.5,42.5],[45.6,42.5],[45.7,42.5],[45.7,42.4],[45.6,42.2],[45.7,42.2],[45.8,42.1],[45.9,42.1],[45.9,42.0],[46.0,42.0],[46.1,42.0],[46.2,42.0],[46.3,42.0],[46.3,41.9],[46.4,41.9],[46.4,41.8],[46.3,41.8],[46.3,41.7],[46.2,41.8],[46.2,41.7],[46.2,41.6],[46.3,41.6],[46.3,41.5],[46.4,41.5],[46.4,41.4],[46.5,41.4],[46.6,41.4],[46.6,41.3],[46.7,41.3],[46.7,41.2],[46.6,41.2],[46.6,41.1],[46.5,41.1],[46.5,41.0],[46.5,41.1],[46.4,41.1],[46.3,41.1],[46.3,41.2],[46.2,41.2],[46.1,41.2],[46.0,41.2],[45.8,41.2],[45.7,41.3],[45.7,41.4],[45.5,41.4],[45.4,41.4],[45.3,41.4],[45.3,41.5],[45.2,41.4],[45.1,41.3],[45.0,41.3],[44.9,41.3],[44.8,41.3],[44.8,41.2],[44.9,41.2],[44.8,41.2],[44.7,41.2],[44.6,41.2],[44.5,41.2],[44.4,41.2],[44.3,41.2],[44.2,41.2],[44.1,41.2],[44.0,41.2],[43.9,41.2],[43.8,41.1],[43.7,41.1],[43.6,41.1],[43.5,41.1],[43.4,41.1],[43.5,41.1],[43.4,41.2],[43.3,41.2],[43.2,41.2],[43.1,41.2],[43.2,41.3],[43.1,41.3],[43.0,41.4],[42.9,41.4],[42.9,41.5],[42.8,41.5],[42.8,41.6],[42.7,41.6],[42.6,41.6],[42.5,41.5],[42.5,41.4],[42.4,41.4],[42.3,41.5],[42.2,41.5],[42.1,41.5],[42.0,41.5],[41.9,41.5],[41.8,41.4],[41.8,41.5],[41.7,41.5],[41.6,41.5],[41.5,41.5],[41.6,41.6],[41.7,41.7],[41.7,41.8],[41.8,41.8],[41.8,41.9],[41.8,42.0],[41.7,42.1],[41.7,42.2],[41.6,42.2],[41.6,42.3],[41.6,42.4]]]}},{"type":"Feature","properties":{"iso3":"MKD","name":"North Macedonia","ilo169":"not ratified","colonial":"none recorded","land_deal_ha":692.0,"debt_pct_gni":81.2},"geometry":{"type":"Polygon","coordinates":[[[20.6,41.9],[20.6,41.8],[20.6,41.9],[20.7,41.9],[20.7,41.8],[20.7,41.9],[20.8,41.9],[20.7,42.0],[20.8,42.0],[20.8,42.1],[20.9,42.1],[21.0,42.1],[21.0,42.2],[21.1,42.2],[21.2,42.2],[21.2,42.1],[21.3,42.1],[21.4,42.2],[21.5,42.2],[21.6,42.2],[21.7,42.2],[21.7,42.3],[21.8,42.3],[21.9,42.3],[22.0,42.3],[22.1,42.3],[22.2,42.3],[22.3,42.4],[22.3,42.3],[22.4,42.2],[22.5,42.2],[22.5,42.1],[22.6,42.1],[22.7,42.1],[22.7,42.0],[22.8,42.0],[22.9,42.0],[22.9,41.9],[22.9,41.8],[23.0,41.8],[23.0,41.7],[23.0,41.6],[22.9,41.6],[22.9,41.5],[22.9,41.4],[23.0,41.4],[22.9,41.4],[22.9,41.3],[22.8,41.3],[22.7,41.3],[22.7,41.2],[22.7,41.1],[22.7,41.2],[22.6,41.2],[22.6,41.1],[22.5,41.1],[22.4,41.1],[22.3,41.1],[22.3,41.2],[22.2,41.2],[22.1,41.1],[22.0,41.2],[22.0,41.1],[21.9,41.1],[21.9,41.0],[21.8,41.0],[21.8,40.9],[21.7,40.9],[21.6,40.9],[21.5,40.9],[21.4,40.9],[21.3,40.9],[21.2,40.9],[21.1,40.9],[21.0,40.8],[21.0,40.9],[20.9,40.9],[20.8,40.9],[20.7,40.9],[20.7,41.0],[20.7,41.1],[20.6,41.1],[20.5,41.2],[20.5,41.3],[20.5,41.4],[20.5,41.5],[20.4,41.5],[20.5,41.6],[20.5,41.7],[20.5,41.8],[20.6,41.8],[20.5,41.8],[20.5,41.9],[20.6,41.9]]]}},{"type":"Feature","properties":{"iso3":"ALB","name":"Albania","ilo169":"not ratified","colonial":"none recorded","land_deal_ha":200.0,"debt_pct_gni":39.7,"conquests_suffered":2},"geometry":{"type":"Polygon","coordinates":[[[20.6,41.9],[20.5,41.9],[20.5,41.8],[20.6,41.8],[20.5,41.8],[20.5,41.7],[20.5,41.6],[20.4,41.5],[20.5,41.5],[20.5,41.4],[20.5,41.3],[20.5,41.2],[20.6,41.1],[20.7,41.1],[20.7,41.0],[20.7,40.9],[20.8,40.9],[20.9,40.9],[21.0,40.9],[21.0,40.8],[20.9,40.8],[21.0,40.8],[21.0,40.7],[21.0,40.6],[21.0,40.5],[20.9,40.5],[20.8,40.5],[20.8,40.4],[20.8,40.3],[20.7,40.3],[20.7,40.2],[20.7,40.1],[20.6,40.1],[20.5,40.1],[20.4,40.1],[20.4,40.0],[20.3,40.0],[20.3,39.9],[20.4,39.8],[20.3,39.8],[20.3,39.7],[20.2,39.7],[20.2,39.6],[20.1,39.7],[20.0,39.7],[20.0,39.8],[20.0,39.9],[19.9,39.9],[19.9,40.0],[19.8,40.1],[19.7,40.1],[19.6,40.2],[19.5,40.2],[19.4,40.3],[19.4,40.4],[19.3,40.4],[19.4,40.4],[19.4,40.3],[19.5,40.3],[19.5,40.4],[19.5,40.5],[19.4,40.5],[19.5,40.5],[19.5,40.6],[19.4,40.6],[19.3,40.6],[19.3,40.7],[19.4,40.7],[19.4,40.8],[19.4,40.9],[19.5,40.9],[19.5,41.0],[19.5,40.9],[19.4,40.9],[19.5,40.9],[19.5,41.0],[19.4,41.0],[19.5,41.1],[19.4,41.1],[19.5,41.2],[19.5,41.3],[19.4,41.3],[19.4,41.4],[19.5,41.5],[19.5,41.6],[19.4,41.6],[19.5,41.6],[19.6,41.6],[19.6,41.7],[19.6,41.8],[19.5,41.9],[19.4,41.9],[19.3,41.9],[19.4,41.9],[19.3,42.0],[19.4,42.0],[19.4,42.1],[19.3,42.2],[19.4,42.3],[19.4,42.4],[19.5,42.4],[19.5,42.5],[19.6,42.5],[19.6,42.6],[19.7,42.6],[19.7,42.7],[19.7,42.6],[19.7,42.5],[19.8,42.5],[19.9,42.5],[20.0,42.5],[20.0,42.6],[20.1,42.5],[20.2,42.5],[20.2,42.4],[20.2,42.3],[20.3,42.3],[20.5,42.3],[20.5,42.2],[20.5,42.1],[20.6,42.1],[20.6,42.0],[20.6,41.9]]]}},{"type":"Feature","properties":{"iso3":"AZE","name":"Azerbaijan","ilo169":"not ratified","colonial":"none recorded","debt_pct_gni":17.0,"conquests_suffered":1},"geometry":{"type":"MultiPolygon","coordinates":[[[[45.0,41.3],[45.1,41.3],[45.2,41.4],[45.3,41.5],[45.3,41.4],[45.4,41.4],[45.5,41.4],[45.7,41.4],[45.7,41.3],[45.8,41.2],[46.0,41.2],[46.1,41.2],[46.2,41.2],[46.3,41.2],[46.3,41.1],[46.4,41.1],[46.5,41.1],[46.5,41.0],[46.5,41.1],[46.6,41.1],[46.6,41.2],[46.7,41.2],[46.7,41.3],[46.6,41.3],[46.6,41.4],[46.5,41.4],[46.4,41.4],[46.4,41.5],[46.3,41.5],[46.3,41.6],[46.2,41.6],[46.2,41.7],[46.2,41.8],[46.3,41.7],[46.3,41.8],[46.4,41.8],[46.4,41.9],[46.5,41.9],[46.5,41.8],[46.6,41.8],[46.7,41.8],[46.7,41.9],[46.7,41.8],[46.8,41.8],[46.8,41.7],[46.9,41.7],[47.0,41.6],[47.1,41.6],[47.1,41.5],[47.2,41.5],[47.2,41.4],[47.2,41.3],[47.3,41.3],[47.4,41.3],[47.5,41.3],[47.5,41.2],[47.6,41.2],[47.7,41.2],[47.8,41.2],[47.9,41.2],[47.9,41.3],[48.0,41.4],[48.1,41.5],[48.2,41.5],[48.3,41.5],[48.4,41.6],[48.5,41.7],[48.5,41.8],[48.6,41.8],[48.7,41.8],[48.7,41.7],[48.8,41.7],[48.8,41.6],[48.9,41.6],[48.9,41.5],[49.0,41.5],[49.0,41.4],[49.1,41.4],[49.1,41.3],[49.2,41.2],[49.2,41.1],[49.2,41.0],[49.4,40.9],[49.4,40.8],[49.5,40.8],[49.5,40.7],[49.6,40.6],[49.7,40.6],[49.8,40.6],[49.9,40.6],[50.1,40.6],[50.1,40.5],[50.2,40.5],[50.3,40.5],[50.3,40.4],[50.4,40.4],[50.4,40.3],[50.4,40.2],[50.3,40.3],[50.2,40.3],[50.1,40.4],[50.0,40.3],[50.0,40.4],[49.9,40.4],[49.8,40.3],[49.7,40.3],[49.7,40.2],[49.6,40.2],[49.5,40.2],[49.5,40.1],[49.4,40.1],[49.4,40.0],[49.5,40.0],[49.4,40.0],[49.4,39.9],[49.4,39.8],[49.4,39.7],[49.3,39.6],[49.3,39.5],[49.4,39.4],[49.4,39.3],[49.4,39.4],[49.4,39.3],[49.3,39.3],[49.2,39.3],[49.2,39.2],[49.2,39.1],[49.2,39.0],[49.1,39.0],[49.1,39.1],[49.1,39.2],[49.0,39.2],[48.9,39.2],[48.9,39.1],[49.0,39.0],[48.9,39.0],[48.9,38.9],[48.8,38.9],[48.8,38.8],[48.9,38.8],[48.9,38.6],[48.9,38.4],[48.8,38.4],[48.7,38.4],[48.6,38.4],[48.5,38.5],[48.4,38.6],[48.3,38.6],[48.2,38.7],[48.1,38.8],[48.0,38.8],[48.0,38.9],[48.1,38.9],[48.2,39.0],[48.3,39.0],[48.3,39.1],[48.2,39.1],[48.1,39.2],[48.1,39.3],[48.2,39.3],[48.3,39.4],[48.2,39.5],[48.1,39.7],[48.0,39.7],[47.9,39.7],[47.8,39.7],[47.7,39.6],[47.6,39.6],[47.6,39.5],[47.5,39.5],[47.4,39.5],[47.3,39.4],[47.2,39.4],[47.2,39.3],[47.1,39.3],[47.1,39.2],[47.0,39.2],[46.9,39.2],[46.8,39.1],[46.7,39.0],[46.6,39.0],[46.6,38.9],[46.5,38.9],[46.5,39.0],[46.5,39.1],[46.4,39.1],[46.4,39.2],[46.5,39.2],[46.6,39.2],[46.5,39.3],[46.4,39.4],[46.4,39.5],[46.5,39.5],[46.5,39.6],[46.4,39.6],[46.3,39.6],[46.2,39.6],[46.1,39.6],[46.1,39.7],[46.0,39.7],[46.0,39.8],[45.9,39.8],[45.8,39.8],[45.8,39.9],[45.7,39.9],[45.7,40.0],[45.6,40.0],[45.8,40.0],[45.9,40.0],[45.9,40.1],[46.0,40.1],[46.0,40.2],[45.9,40.3],[45.8,40.3],[45.6,40.4],[45.5,40.4],[45.5,40.5],[45.4,40.6],[45.4,40.7],[45.5,40.7],[45.6,40.8],[45.6,40.9],[45.5,40.9],[45.4,40.9],[45.4,41.0],[45.3,41.0],[45.2,41.0],[45.1,41.1],[45.1,41.0],[45.1,41.1],[45.2,41.1],[45.2,41.2],[45.1,41.2],[45.0,41.2],[45.0,41.3]]],[[[46.1,38.9],[46.0,38.9],[45.8,38.9],[45.7,39.0],[45.6,39.0],[45.5,39.0],[45.4,39.0],[45.4,39.1],[45.3,39.1],[45.4,39.2],[45.3,39.2],[45.2,39.2],[45.1,39.2],[45.1,39.3],[45.1,39.4],[45.0,39.4],[45.0,39.5],[44.9,39.5],[44.9,39.6],[44.8,39.6],[44.8,39.7],[44.9,39.7],[45.0,39.7],[45.0,39.8],[45.1,39.8],[45.1,39.7],[45.2,39.7],[45.2,39.6],[45.1,39.6],[45.2,39.6],[45.3,39.6],[45.3,39.5],[45.4,39.5],[45.5,39.5],[45.6,39.5],[45.7,39.6],[45.8,39.6],[45.8,39.5],[45.8,39.4],[45.8,39.3],[45.9,39.3],[46.0,39.3],[46.0,39.2],[45.9,39.2],[46.0,39.2],[46.0,39.1],[46.1,39.0],[46.1,38.9]]]]}},{"type":"Feature","properties":{"iso3":"TUR","name":"Turkey","ilo169":"not ratified","colonial":"none recorded","land_deal_ha":3750.0,"debt_pct_gni":39.4,"conquests_made":6,"conquests_suffered":5},"geometry":{"type":"MultiPolygon","coordinates":[[[[43.4,41.1],[43.5,41.0],[43.6,41.0],[43.6,40.9],[43.7,40.9],[43.7,40.8],[43.7,40.7],[43.7,40.6],[43.7,40.5],[43.6,40.5],[43.6,40.4],[43.6,40.3],[43.7,40.3],[43.7,40.2],[43.7,40.1],[43.8,40.1],[43.9,40.0],[44.0,40.0],[44.1,40.0],[44.2,40.0],[44.3,40.0],[44.4,40.0],[44.5,40.0],[44.5,39.9],[44.6,39.9],[44.6,39.8],[44.7,39.8],[44.8,39.7],[44.8,39.6],[44.7,39.7],[44.6,39.7],[44.6,39.8],[44.5,39.7],[44.5,39.6],[44.4,39.6],[44.4,39.5],[44.4,39.4],[44.3,39.4],[44.2,39.4],[44.1,39.4],[44.0,39.4],[44.0,39.3],[44.1,39.3],[44.1,39.2],[44.2,39.1],[44.2,39.0],[44.1,39.0],[44.2,39.0],[44.2,38.9],[44.3,38.8],[44.3,38.7],[44.2,38.7],[44.3,38.7],[44.2,38.7],[44.3,38.7],[44.3,38.6],[44.3,38.5],[44.3,38.4],[44.4,38.4],[44.5,38.4],[44.5,38.3],[44.4,38.3],[44.4,38.2],[44.4,38.1],[44.3,38.1],[44.3,38.0],[44.2,38.0],[44.2,37.9],[44.3,37.9],[44.4,37.9],[44.4,37.8],[44.5,37.8],[44.6,37.8],[44.6,37.7],[44.5,37.7],[44.5,37.6],[44.6,37.6],[44.6,37.5],[44.6,37.4],[44.7,37.4],[44.7,37.3],[44.8,37.3],[44.8,37.2],[44.8,37.1],[44.8,37.2],[44.7,37.2],[44.6,37.2],[44.5,37.1],[44.4,37.1],[44.3,37.0],[44.2,37.0],[44.2,37.1],[44.2,37.2],[44.2,37.3],[44.1,37.3],[44.0,37.3],[43.9,37.3],[43.9,37.2],[43.8,37.2],[43.7,37.2],[43.6,37.2],[43.5,37.3],[43.5,37.2],[43.4,37.3],[43.3,37.3],[43.1,37.4],[43.0,37.4],[43.0,37.3],[42.9,37.3],[42.8,37.3],[42.8,37.4],[42.7,37.4],[42.7,37.3],[42.6,37.2],[42.6,37.1],[42.5,37.1],[42.4,37.1],[42.4,37.2],[42.3,37.2],[42.4,37.2],[42.3,37.2],[42.3,37.3],[42.2,37.3],[42.1,37.3],[42.1,37.2],[42.0,37.2],[41.9,37.2],[41.5,37.1],[41.2,37.1],[41.1,37.1],[40.9,37.1],[40.7,37.1],[40.5,37.0],[40.4,37.0],[40.3,36.9],[40.2,36.9],[40.1,36.9],[40.0,36.8],[39.8,36.7],[39.4,36.7],[39.2,36.7],[39.0,36.7],[38.8,36.7],[38.7,36.7],[38.6,36.7],[38.5,36.8],[38.5,36.9],[38.3,36.9],[38.2,36.9],[38.1,36.9],[38.0,36.8],[37.8,36.8],[37.7,36.7],[37.6,36.7],[37.4,36.6],[37.2,36.7],[37.2,36.6],[37.1,36.6],[37.1,36.7],[37.1,36.6],[37.0,36.6],[37.0,36.7],[37.0,36.8],[36.9,36.8],[36.8,36.8],[36.7,36.8],[36.6,36.8],[36.6,36.7],[36.6,36.6],[36.6,36.5],[36.5,36.5],[36.6,36.4],[36.6,36.3],[36.7,36.3],[36.7,36.2],[36.6,36.2],[36.5,36.2],[36.4,36.2],[36.4,36.0],[36.3,36.0],[36.2,36.0],[36.2,35.9],[36.2,35.8],[36.1,35.8],[36.1,35.9],[36.0,35.9],[35.9,35.9],[36.0,36.0],[35.9,36.1],[35.9,36.2],[35.8,36.2],[35.8,36.3],[35.8,36.4],[35.9,36.4],[35.9,36.5],[36.0,36.5],[36.1,36.5],[36.2,36.6],[36.2,36.7],[36.2,36.8],[36.1,36.9],[36.0,36.9],[35.9,36.8],[35.8,36.8],[35.7,36.8],[35.6,36.8],[35.6,36.7],[35.7,36.7],[35.6,36.7],[35.6,36.6],[35.6,36.7],[35.7,36.7],[35.6,36.6],[35.5,36.6],[35.4,36.6],[35.3,36.5],[35.3,36.6],[35.0,36.7],[34.9,36.7],[34.9,36.8],[34.8,36.8],[34.7,36.8],[34.6,36.8],[34.5,36.8],[34.5,36.7],[34.4,36.7],[34.3,36.6],[34.2,36.5],[34.1,36.5],[34.1,36.4],[34.1,36.3],[34.0,36.3],[34.0,36.2],[33.9,36.2],[34.0,36.2],[33.9,36.3],[33.8,36.3],[33.8,36.2],[33.7,36.2],[33.7,36.1],[33.7,36.2],[33.6,36.2],[33.6,36.1],[33.5,36.1],[33.5,36.2],[33.4,36.2],[33.4,36.1],[33.3,36.1],[33.3,36.2],[33.3,36.1],[33.2,36.1],[33.1,36.1],[33.0,36.1],[32.9,36.1],[32.8,36.0],[32.7,36.0],[32.6,36.1],[32.5,36.1],[32.4,36.1],[32.4,36.2],[32.3,36.2],[32.3,36.3],[32.2,36.4],[32.1,36.4],[32.1,36.5],[32.0,36.5],[32.0,36.6],[31.9,36.6],[31.8,36.6],[31.7,36.6],[31.6,36.7],[31.4,36.8],[31.3,36.8],[30.9,36.9],[30.8,36.8],[30.7,36.9],[30.6,36.9],[30.6,36.8],[30.6,36.7],[30.6,36.6],[30.6,36.5],[30.5,36.5],[30.5,36.4],[30.5,36.3],[30.4,36.2],[30.4,36.3],[30.3,36.3],[30.2,36.3],[30.1,36.3],[30.1,36.2],[30.1,36.3],[30.1,36.2],[30.1,36.3],[30.0,36.3],[30.1,36.3],[30.1,36.2],[30.0,36.2],[29.9,36.2],[29.8,36.2],[29.8,36.1],[29.8,36.2],[29.7,36.2],[29.7,36.1],[29.6,36.2],[29.5,36.2],[29.4,36.2],[29.4,36.3],[29.4,36.2],[29.3,36.2],[29.3,36.3],[29.3,36.2],[29.3,36.3],[29.2,36.3],[29.2,36.4],[29.1,36.3],[29.1,36.4],[29.1,36.5],[29.1,36.6],[29.1,36.5],[29.1,36.6],[29.0,36.5],[29.0,36.6],[29.1,36.6],[29.1,36.7],[29.0,36.7],[28.9,36.7],[28.9,36.8],[28.9,36.7],[28.8,36.7],[28.9,36.7],[28.9,36.6],[28.9,36.7],[28.9,36.6],[28.8,36.6],[28.8,36.7],[28.7,36.7],[28.6,36.7],[28.6,36.8],[28.5,36.8],[28.5,36.9],[28.4,36.9],[28.4,36.8],[28.3,36.8],[28.3,36.9],[28.3,36.8],[28.2,36.8],[28.3,36.8],[28.2,36.8],[28.3,36.7],[28.2,36.7],[28.1,36.7],[28.1,36.6],[28.0,36.6],[28.1,36.6],[28.1,36.7],[28.1,36.6],[28.0,36.6],[28.1,36.7],[28.0,36.7],[28.1,36.7],[28.1,36.8],[28.0,36.8],[28.0,36.7],[28.0,36.8],[27.9,36.8],[27.9,36.7],[27.9,36.8],[27.9,36.7],[27.9,36.8],[27.9,36.7],[27.8,36.7],[27.8,36.8],[27.7,36.8],[27.7,36.7],[27.6,36.7],[27.5,36.7],[27.4,36.7],[27.4,36.8],[27.5,36.8],[27.6,36.8],[27.7,36.8],[27.8,36.8],[27.9,36.8],[28.0,36.8],[28.1,36.8],[28.0,36.8],[28.0,36.9],[28.1,36.9],[28.0,36.9],[28.1,36.9],[28.0,36.9],[28.1,36.9],[28.2,36.9],[28.2,37.0],[28.3,37.0],[28.2,37.0],[28.3,37.0],[28.3,37.1],[28.2,37.0],[28.1,37.0],[28.0,37.0],[27.9,37.0],[27.8,37.0],[27.7,37.0],[27.6,37.0],[27.5,37.0],[27.4,37.0],[27.3,37.0],[27.2,37.0],[27.2,37.1],[27.3,37.1],[27.3,37.2],[27.3,37.1],[27.4,37.1],[27.4,37.2],[27.4,37.1],[27.4,37.2],[27.4,37.1],[27.5,37.1],[27.6,37.1],[27.5,37.2],[27.6,37.2],[27.6,37.3],[27.5,37.3],[27.5,37.2],[27.5,37.3],[27.4,37.3],[27.4,37.4],[27.3,37.4],[27.3,37.3],[27.2,37.3],[27.2,37.4],[27.2,37.5],[27.2,37.6],[27.2,37.5],[27.2,37.6],[27.1,37.6],[27.0,37.7],[27.1,37.7],[27.2,37.7],[27.3,37.8],[27.2,37.8],[27.2,37.9],[27.3,37.9],[27.3,38.0],[27.2,38.0],[27.1,38.0],[27.0,38.0],[27.0,38.1],[26.9,38.1],[26.9,38.0],[26.8,38.1],[26.8,38.2],[26.7,38.2],[26.6,38.2],[26.6,38.1],[26.5,38.1],[26.5,38.2],[26.4,38.2],[26.4,38.3],[26.4,38.2],[26.3,38.2],[26.3,38.3],[26.2,38.3],[26.3,38.3],[26.3,38.4],[26.3,38.3],[26.4,38.3],[26.5,38.4],[26.5,38.5],[26.4,38.5],[26.4,38.6],[26.3,38.6],[26.4,38.7],[26.5,38.7],[26.5,38.6],[26.6,38.6],[26.6,38.5],[26.6,38.4],[26.7,38.3],[26.7,38.4],[26.8,38.4],[26.9,38.4],[27.0,38.4],[27.1,38.4],[27.2,38.4],[27.2,38.5],[27.1,38.5],[27.0,38.5],[27.0,38.4],[26.9,38.4],[26.9,38.5],[26.8,38.5],[26.9,38.5],[26.8,38.5],[26.8,38.6],[26.7,38.6],[26.7,38.7],[26.8,38.7],[26.7,38.7],[26.8,38.7],[26.8,38.8],[26.8,38.7],[26.9,38.7],[26.9,38.8],[27.0,38.8],[27.0,38.9],[27.1,38.9],[27.0,38.9],[27.1,38.9],[27.0,38.9],[26.9,38.9],[26.8,38.9],[26.8,39.0],[26.9,39.1],[26.8,39.1],[26.8,39.2],[26.7,39.2],[26.7,39.3],[26.6,39.3],[26.7,39.3],[26.6,39.3],[26.7,39.3],[26.8,39.4],[26.9,39.4],[26.9,39.5],[26.9,39.6],[26.8,39.6],[26.7,39.6],[26.5,39.5],[26.4,39.5],[26.3,39.5],[26.2,39.5],[26.1,39.5],[26.1,39.6],[26.2,39.6],[26.2,39.7],[26.1,39.7],[26.1,39.8],[26.2,39.8],[26.1,39.8],[26.2,39.9],[26.1,39.9],[26.2,39.9],[26.2,40.0],[26.3,40.0],[26.4,40.1],[26.4,40.2],[26.5,40.2],[26.6,40.3],[26.7,40.4],[26.8,40.4],[26.9,40.4],[27.0,40.4],[27.1,40.4],[27.1,40.5],[27.2,40.4],[27.2,40.5],[27.3,40.5],[27.3,40.4],[27.4,40.3],[27.5,40.3],[27.6,40.3],[27.7,40.3],[27.8,40.3],[27.9,40.4],[27.8,40.4],[27.8,40.5],[27.7,40.5],[27.8,40.5],[28.0,40.5],[27.9,40.4],[28.0,40.4],[28.1,40.4],[28.3,40.4],[28.4,40.4],[28.5,40.4],[28.6,40.4],[28.7,40.4],[28.8,40.4],[28.9,40.4],[29.0,40.4],[29.1,40.4],[29.2,40.4],[29.1,40.5],[29.0,40.5],[28.9,40.5],[28.8,40.5],[28.8,40.6],[28.9,40.6],[29.0,40.6],[29.3,40.7],[29.4,40.7],[29.5,40.7],[29.6,40.7],[29.8,40.7],[29.9,40.7],[29.9,40.8],[29.8,40.8],[29.8,40.7],[29.8,40.8],[29.7,40.8],[29.4,40.8],[29.3,40.8],[29.3,40.9],[29.2,40.9],[29.1,40.9],[29.1,41.0],[29.0,41.0],[29.0,41.1],[29.1,41.1],[29.1,41.2],[29.2,41.2],[29.4,41.2],[29.6,41.2],[29.9,41.1],[30.1,41.1],[30.2,41.1],[30.2,41.2],[30.3,41.2],[30.4,41.2],[30.7,41.1],[30.8,41.1],[31.1,41.1],[31.2,41.1],[31.3,41.1],[31.4,41.2],[31.4,41.3],[31.5,41.3],[31.5,41.4],[31.7,41.4],[31.9,41.5],[32.0,41.5],[32.0,41.6],[32.1,41.6],[32.2,41.6],[32.2,41.7],[32.3,41.7],[32.4,41.7],[32.4,41.8],[32.4,41.7],[32.4,41.8],[32.5,41.8],[32.6,41.8],[32.7,41.8],[32.7,41.9],[32.8,41.9],[32.9,41.9],[33.0,41.9],[33.2,42.0],[33.3,42.0],[33.4,42.0],[33.5,42.0],[33.6,42.0],[33.8,42.0],[33.9,42.0],[34.0,42.0],[34.3,41.9],[34.4,42.0],[34.5,42.0],[34.6,42.0],[34.7,41.9],[34.7,42.0],[34.8,42.0],[34.9,42.0],[34.9,42.1],[35.0,42.1],[35.1,42.0],[35.2,42.0],[35.1,42.0],[35.1,41.9],[35.2,41.8],[35.3,41.8],[35.3,41.7],[35.4,41.7],[35.5,41.6],[35.6,41.6],[35.7,41.7],[35.8,41.7],[35.9,41.7],[36.0,41.7],[35.9,41.7],[35.9,41.6],[35.9,41.7],[36.0,41.7],[36.1,41.6],[36.1,41.5],[36.2,41.4],[36.3,41.3],[36.4,41.3],[36.4,41.2],[36.5,41.2],[36.5,41.3],[36.6,41.3],[36.6,41.4],[36.7,41.4],[36.8,41.4],[37.0,41.3],[37.0,41.2],[37.1,41.2],[37.1,41.1],[37.3,41.1],[37.4,41.1],[37.5,41.1],[37.5,41.0],[37.6,41.0],[37.6,41.1],[37.7,41.1],[37.8,41.1],[37.8,41.0],[37.9,41.0],[38.0,41.0],[38.1,41.0],[38.2,41.0],[38.2,40.9],[38.3,41.0],[38.3,40.9],[38.4,40.9],[38.5,40.9],[38.6,40.9],[38.6,41.0],[38.7,41.0],[38.7,40.9],[38.7,41.0],[38.8,41.0],[38.9,41.0],[39.0,41.0],[39.1,41.1],[39.2,41.1],[39.3,41.1],[39.4,41.1],[39.5,41.1],[39.6,41.0],[39.7,41.0],[39.8,41.0],[39.9,41.0],[40.0,41.0],[40.1,40.9],[40.2,40.9],[40.3,41.0],[40.5,41.1],[40.5,41.0],[40.6,41.0],[40.6,41.1],[40.7,41.1],[40.8,41.2],[40.9,41.2],[41.0,41.2],[41.1,41.2],[41.1,41.3],[41.2,41.3],[41.3,41.4],[41.4,41.4],[41.4,41.5],[41.5,41.5],[41.6,41.5],[41.7,41.5],[41.8,41.5],[41.8,41.4],[41.9,41.5],[42.0,41.5],[42.1,41.5],[42.2,41.5],[42.3,41.5],[42.4,41.4],[42.5,41.4],[42.5,41.5],[42.6,41.6],[42.7,41.6],[42.8,41.6],[42.8,41.5],[42.9,41.5],[42.9,41.4],[43.0,41.4],[43.1,41.3],[43.2,41.3],[43.1,41.2],[43.2,41.2],[43.3,41.2],[43.4,41.2],[43.5,41.1],[43.4,41.1]]],[[[28.0,42.0],[28.0,41.9],[28.0,41.8],[28.0,41.7],[28.1,41.7],[28.1,41.6],[28.2,41.6],[28.2,41.5],[28.4,41.4],[28.6,41.4],[28.9,41.3],[29.0,41.2],[29.0,41.3],[29.1,41.3],[29.1,41.2],[29.0,41.2],[29.1,41.1],[29.0,41.1],[29.0,41.0],[28.9,41.0],[28.8,41.0],[28.7,41.0],[28.6,41.0],[28.6,41.1],[28.5,41.1],[28.6,41.1],[28.6,41.0],[28.5,41.0],[28.4,41.0],[28.3,41.1],[28.2,41.1],[28.1,41.1],[28.0,41.1],[28.0,41.0],[27.9,41.0],[27.8,41.0],[27.7,41.0],[27.5,41.0],[27.5,40.9],[27.4,40.9],[27.4,40.8],[27.3,40.8],[27.3,40.7],[27.2,40.7],[27.2,40.6],[27.1,40.6],[27.0,40.6],[26.9,40.6],[26.9,40.5],[26.8,40.5],[26.7,40.5],[26.7,40.4],[26.6,40.4],[26.6,40.3],[26.5,40.3],[26.4,40.2],[26.3,40.2],[26.4,40.2],[26.3,40.1],[26.2,40.1],[26.2,40.0],[26.2,40.1],[26.3,40.2],[26.3,40.3],[26.2,40.3],[26.3,40.3],[26.3,40.4],[26.4,40.4],[26.5,40.5],[26.6,40.5],[26.7,40.5],[26.7,40.6],[26.8,40.6],[26.8,40.7],[26.7,40.7],[26.7,40.6],[26.6,40.6],[26.5,40.6],[26.4,40.6],[26.3,40.6],[26.1,40.6],[26.1,40.7],[26.0,40.7],[26.1,40.7],[26.1,40.8],[26.2,40.8],[26.2,40.9],[26.3,40.9],[26.3,41.0],[26.4,41.0],[26.3,41.0],[26.4,41.0],[26.3,41.0],[26.3,41.1],[26.3,41.2],[26.3,41.3],[26.4,41.3],[26.5,41.3],[26.5,41.4],[26.6,41.3],[26.6,41.4],[26.6,41.5],[26.6,41.6],[26.5,41.6],[26.5,41.7],[26.4,41.7],[26.3,41.7],[26.3,41.8],[26.4,41.8],[26.5,41.8],[26.5,41.9],[26.6,41.9],[26.5,41.9],[26.6,41.9],[26.6,42.0],[26.7,42.0],[26.8,42.0],[26.9,42.0],[27.0,42.0],[27.0,42.1],[27.1,42.1],[27.2,42.1],[27.3,42.1],[27.4,42.0],[27.5,41.9],[27.6,41.9],[27.5,41.9],[27.6,41.9],[27.6,42.0],[27.7,42.0],[27.8,41.9],[27.8,42.0],[27.9,42.0],[28.0,42.0]]]]}},{"type":"Feature","properties":{"iso3":"ESP","name":"Spain","ilo169":"ratified","colonial":"none recorded","conquests_made":5,"conquests_suffered":2},"geometry":{"type":"MultiPolygon","coordinates":[[[[-1.8,43.4],[-1.8,43.3],[-1.7,43.3],[-1.6,43.3],[-1.6,43.2],[-1.6,43.3],[-1.5,43.3],[-1.4,43.3],[-1.4,43.2],[-1.4,43.1],[-1.5,43.1],[-1.5,43.0],[-1.4,43.0],[-1.4,43.1],[-1.3,43.1],[-1.3,43.0],[-1.2,43.0],[-1.1,43.0],[-1.0,43.0],[-0.9,42.9],[-0.8,43.0],[-0.8,42.9],[-0.7,42.9],[-0.6,42.8],[-0.5,42.8],[-0.4,42.8],[-0.3,42.8],[-0.2,42.8],[-0.1,42.7],[-0.0,42.7],[0.1,42.7],[0.2,42.7],[0.3,42.7],[0.4,42.7],[0.5,42.7],[0.6,42.7],[0.7,42.7],[0.6,42.7],[0.6,42.8],[0.7,42.8],[0.6,42.8],[0.7,42.8],[0.8,42.8],[0.9,42.8],[1.0,42.8],[1.1,42.8],[1.1,42.7],[1.2,42.7],[1.3,42.7],[1.4,42.7],[1.4,42.6],[1.4,42.5],[1.4,42.4],[1.5,42.4],[1.5,42.5],[1.6,42.5],[1.7,42.5],[1.8,42.5],[1.9,42.4],[2.0,42.4],[2.0,42.3],[2.1,42.4],[2.2,42.4],[2.3,42.4],[2.4,42.4],[2.5,42.3],[2.5,42.4],[2.6,42.4],[2.6,42.3],[2.7,42.3],[2.6,42.4],[2.7,42.4],[2.8,42.4],[2.9,42.4],[2.9,42.5],[3.0,42.5],[3.0,42.4],[3.1,42.4],[3.2,42.4],[3.2,42.3],[3.3,42.3],[3.3,42.2],[3.2,42.2],[3.2,42.3],[3.1,42.2],[3.1,42.1],[3.2,42.1],[3.2,42.0],[3.2,41.9],[3.2,41.8],[3.1,41.8],[3.0,41.8],[3.0,41.7],[2.9,41.7],[2.8,41.7],[2.8,41.6],[2.7,41.6],[2.4,41.5],[2.3,41.5],[2.3,41.4],[2.2,41.4],[2.2,41.3],[2.1,41.3],[2.0,41.3],[1.9,41.2],[1.8,41.2],[1.6,41.2],[1.5,41.2],[1.3,41.1],[1.2,41.1],[1.1,41.1],[1.0,41.1],[1.0,41.0],[0.9,41.0],[0.8,40.9],[0.7,40.8],[0.8,40.8],[0.8,40.7],[0.9,40.7],[0.8,40.7],[0.8,40.6],[0.7,40.6],[0.6,40.6],[0.7,40.6],[0.6,40.6],[0.5,40.6],[0.5,40.5],[0.5,40.4],[0.4,40.4],[0.4,40.3],[0.3,40.3],[0.3,40.2],[0.2,40.2],[0.1,40.1],[0.1,40.0],[0.0,40.0],[-0.0,39.9],[-0.1,39.8],[-0.2,39.7],[-0.2,39.6],[-0.3,39.6],[-0.3,39.5],[-0.3,39.4],[-0.3,39.3],[-0.2,39.2],[-0.2,39.1],[-0.2,39.0],[-0.1,39.0],[-0.1,38.9],[-0.0,38.9],[0.1,38.9],[0.1,38.8],[0.2,38.8],[0.2,38.7],[0.1,38.7],[0.1,38.6],[0.0,38.6],[-0.1,38.6],[-0.1,38.5],[-0.2,38.5],[-0.3,38.5],[-0.4,38.5],[-0.4,38.4],[-0.5,38.4],[-0.5,38.3],[-0.5,38.2],[-0.6,38.2],[-0.6,38.1],[-0.7,38.0],[-0.7,37.9],[-0.8,37.9],[-0.8,37.8],[-0.9,37.7],[-0.8,37.7],[-0.8,37.6],[-0.7,37.6],[-0.7,37.7],[-0.7,37.6],[-0.8,37.6],[-0.9,37.6],[-1.0,37.6],[-1.1,37.6],[-1.1,37.5],[-1.2,37.5],[-1.2,37.6],[-1.3,37.6],[-1.4,37.5],[-1.5,37.5],[-1.5,37.4],[-1.6,37.4],[-1.7,37.4],[-1.7,37.3],[-1.8,37.2],[-1.8,37.1],[-1.9,37.1],[-1.9,37.0],[-1.9,36.9],[-2.0,36.9],[-2.0,36.8],[-2.1,36.8],[-2.1,36.7],[-2.2,36.7],[-2.2,36.8],[-2.3,36.8],[-2.4,36.8],[-2.5,36.8],[-2.6,36.8],[-2.6,36.7],[-2.7,36.7],[-2.8,36.7],[-2.9,36.7],[-2.9,36.8],[-3.0,36.7],[-3.1,36.7],[-3.2,36.7],[-3.2,36.8],[-3.3,36.7],[-3.4,36.7],[-3.5,36.7],[-3.6,36.7],[-3.7,36.7],[-3.8,36.7],[-3.8,36.8],[-3.9,36.7],[-4.0,36.7],[-4.1,36.7],[-4.2,36.7],[-4.4,36.7],[-4.5,36.7],[-4.5,36.6],[-4.6,36.6],[-4.6,36.5],[-4.7,36.5],[-4.8,36.5],[-4.9,36.5],[-5.0,36.5],[-5.1,36.5],[-5.1,36.4],[-5.2,36.4],[-5.2,36.3],[-5.3,36.3],[-5.3,36.2],[-5.3,36.1],[-5.4,36.1],[-5.4,36.2],[-5.4,36.1],[-5.5,36.1],[-5.6,36.0],[-5.7,36.1],[-5.8,36.1],[-5.9,36.2],[-6.0,36.2],[-6.1,36.2],[-6.1,36.3],[-6.2,36.3],[-6.2,36.4],[-6.3,36.5],[-6.2,36.5],[-6.3,36.5],[-6.2,36.5],[-6.2,36.6],[-6.3,36.6],[-6.4,36.6],[-6.4,36.7],[-6.4,36.8],[-6.3,36.8],[-6.3,36.9],[-6.2,36.9],[-6.3,36.9],[-6.4,36.9],[-6.3,36.8],[-6.4,36.8],[-6.4,36.9],[-6.5,36.9],[-6.5,37.0],[-6.7,37.1],[-6.8,37.1],[-6.9,37.2],[-6.9,37.3],[-6.9,37.2],[-7.0,37.2],[-6.9,37.2],[-7.0,37.2],[-7.1,37.2],[-7.3,37.2],[-7.4,37.2],[-7.4,37.3],[-7.4,37.4],[-7.5,37.4],[-7.5,37.5],[-7.5,37.6],[-7.5,37.7],[-7.4,37.7],[-7.4,37.8],[-7.3,37.8],[-7.3,37.9],[-7.3,38.0],[-7.2,38.0],[-7.1,38.0],[-7.0,38.0],[-7.0,38.1],[-7.0,38.2],[-6.9,38.2],[-7.0,38.2],[-7.1,38.2],[-7.2,38.3],[-7.3,38.4],[-7.4,38.4],[-7.3,38.5],[-7.3,38.6],[-7.3,38.7],[-7.2,38.8],[-7.1,38.8],[-7.1,38.9],[-7.0,38.9],[-7.0,39.0],[-7.0,39.1],[-7.1,39.1],[-7.2,39.1],[-7.2,39.2],[-7.3,39.2],[-7.3,39.3],[-7.3,39.4],[-7.3,39.5],[-7.4,39.5],[-7.5,39.5],[-7.5,39.6],[-7.5,39.7],[-7.6,39.7],[-7.3,39.7],[-7.2,39.7],[-7.0,39.7],[-7.0,39.8],[-6.9,39.9],[-6.9,40.0],[-6.9,40.1],[-7.0,40.1],[-7.0,40.2],[-7.0,40.3],[-6.9,40.3],[-6.8,40.3],[-6.8,40.4],[-6.9,40.4],[-6.8,40.5],[-6.8,40.6],[-6.9,40.6],[-6.8,40.6],[-6.8,40.7],[-6.8,40.8],[-6.8,40.9],[-6.9,40.9],[-6.9,41.0],[-6.9,41.1],[-6.8,41.1],[-6.8,41.2],[-6.7,41.2],[-6.7,41.3],[-6.6,41.3],[-6.5,41.3],[-6.4,41.3],[-6.4,41.4],[-6.3,41.4],[-6.3,41.5],[-6.2,41.6],[-6.3,41.6],[-6.3,41.7],[-6.4,41.7],[-6.5,41.7],[-6.6,41.7],[-6.6,41.8],[-6.5,41.8],[-6.5,41.9],[-6.6,41.9],[-6.6,42.0],[-6.6,41.9],[-6.7,41.9],[-6.8,41.9],[-6.8,42.0],[-6.9,41.9],[-7.0,42.0],[-7.1,41.9],[-7.1,42.0],[-7.2,42.0],[-7.2,41.9],[-7.3,41.9],[-7.3,41.8],[-7.4,41.8],[-7.5,41.8],[-7.5,41.9],[-7.5,41.8],[-7.6,41.8],[-7.6,41.9],[-7.7,41.9],[-7.8,41.9],[-7.9,41.9],[-8.0,41.9],[-8.0,41.8],[-8.1,41.8],[-8.2,41.8],[-8.2,41.9],[-8.2,42.0],[-8.1,42.0],[-8.1,42.1],[-8.2,42.1],[-8.2,42.2],[-8.3,42.1],[-8.5,42.1],[-8.6,42.1],[-8.6,42.0],[-8.7,42.0],[-8.8,42.0],[-8.8,41.9],[-8.9,41.9],[-8.9,42.1],[-8.8,42.1],[-8.8,42.2],[-8.7,42.3],[-8.6,42.3],[-8.7,42.3],[-8.8,42.3],[-8.9,42.3],[-8.8,42.3],[-8.8,42.4],[-8.7,42.4],[-8.8,42.4],[-8.9,42.4],[-8.9,42.5],[-8.8,42.5],[-8.8,42.6],[-8.7,42.7],[-8.8,42.7],[-8.8,42.6],[-8.8,42.7],[-8.9,42.7],[-8.9,42.6],[-8.8,42.6],[-8.9,42.6],[-9.0,42.6],[-9.0,42.5],[-9.0,42.6],[-9.1,42.6],[-9.0,42.7],[-9.0,42.8],[-8.9,42.8],[-9.0,42.8],[-9.1,42.8],[-9.1,42.9],[-9.2,42.9],[-9.3,42.9],[-9.3,43.0],[-9.3,43.1],[-9.2,43.1],[-9.1,43.1],[-9.2,43.1],[-9.2,43.2],[-9.1,43.2],[-9.0,43.2],[-8.9,43.2],[-9.0,43.3],[-8.9,43.3],[-8.8,43.3],[-8.7,43.3],[-8.6,43.3],[-8.5,43.3],[-8.5,43.4],[-8.4,43.4],[-8.4,43.3],[-8.3,43.4],[-8.2,43.3],[-8.2,43.4],[-8.3,43.4],[-8.3,43.5],[-8.2,43.5],[-8.3,43.5],[-8.2,43.5],[-8.3,43.5],[-8.3,43.6],[-8.2,43.6],[-8.1,43.7],[-8.1,43.6],[-8.1,43.7],[-8.0,43.7],[-7.9,43.7],[-7.9,43.8],[-7.9,43.7],[-7.8,43.7],[-7.9,43.7],[-7.8,43.7],[-7.9,43.7],[-7.8,43.7],[-7.7,43.8],[-7.7,43.7],[-7.6,43.8],[-7.6,43.7],[-7.5,43.7],[-7.4,43.7],[-7.3,43.6],[-7.2,43.6],[-7.1,43.6],[-7.0,43.6],[-7.0,43.5],[-7.1,43.5],[-7.0,43.5],[-7.0,43.6],[-6.9,43.6],[-6.8,43.6],[-6.7,43.6],[-6.6,43.6],[-6.5,43.6],[-6.5,43.5],[-6.5,43.6],[-6.4,43.6],[-6.3,43.6],[-6.2,43.6],[-6.1,43.6],[-6.0,43.6],[-5.9,43.6],[-5.9,43.7],[-5.8,43.7],[-5.8,43.6],[-5.7,43.6],[-5.6,43.6],[-5.4,43.6],[-5.4,43.5],[-5.3,43.5],[-5.2,43.5],[-5.1,43.5],[-5.0,43.5],[-4.9,43.5],[-4.8,43.4],[-4.7,43.4],[-4.5,43.4],[-4.4,43.4],[-4.3,43.4],[-4.2,43.4],[-4.1,43.4],[-4.0,43.4],[-4.0,43.5],[-4.0,43.4],[-4.0,43.5],[-3.9,43.5],[-3.8,43.5],[-3.8,43.4],[-3.8,43.5],[-3.8,43.4],[-3.7,43.4],[-3.7,43.5],[-3.8,43.5],[-3.7,43.5],[-3.6,43.5],[-3.5,43.5],[-3.4,43.5],[-3.4,43.4],[-3.5,43.4],[-3.5,43.5],[-3.5,43.4],[-3.4,43.4],[-3.3,43.4],[-3.2,43.4],[-3.1,43.4],[-3.0,43.3],[-3.0,43.4],[-2.9,43.4],[-2.8,43.4],[-2.8,43.5],[-2.7,43.4],[-2.6,43.4],[-2.5,43.4],[-2.5,43.3],[-2.4,43.3],[-2.3,43.3],[-2.2,43.3],[-2.1,43.3],[-2.0,43.3],[-1.9,43.3],[-1.9,43.4],[-1.8,43.4]]],[[[3.4,39.8],[3.5,39.7],[3.4,39.6],[3.3,39.5],[3.3,39.4],[3.2,39.4],[3.1,39.3],[3.0,39.3],[3.0,39.4],[2.9,39.4],[2.8,39.4],[2.8,39.5],[2.7,39.5],[2.8,39.5],[2.7,39.5],[2.7,39.6],[2.6,39.6],[2.6,39.5],[2.5,39.5],[2.4,39.5],[2.4,39.6],[2.5,39.7],[2.6,39.7],[2.6,39.8],[2.7,39.8],[2.8,39.8],[2.8,39.9],[2.9,39.9],[3.0,39.9],[3.1,39.9],[3.2,40.0],[3.2,39.9],[3.1,39.9],[3.2,39.9],[3.2,39.8],[3.1,39.8],[3.2,39.8],[3.2,39.7],[3.3,39.7],[3.3,39.8],[3.4,39.8]]],[[[-16.4,28.1],[-16.5,28.1],[-16.5,28.0],[-16.6,28.0],[-16.7,28.0],[-16.7,28.1],[-16.8,28.1],[-16.8,28.2],[-16.8,28.3],[-16.9,28.3],[-16.9,28.4],[-16.8,28.4],[-16.7,28.4],[-16.6,28.4],[-16.5,28.4],[-16.4,28.5],[-16.3,28.5],[-16.3,28.6],[-16.2,28.6],[-16.1,28.6],[-16.1,28.5],[-16.2,28.5],[-16.3,28.4],[-16.4,28.4],[-16.4,28.3],[-16.4,28.2],[-16.4,28.1]]],[[[-15.4,28.0],[-15.4,27.9],[-15.4,27.8],[-15.5,27.8],[-15.6,27.7],[-15.6,27.8],[-15.7,27.8],[-15.8,27.8],[-15.8,27.9],[-15.8,28.0],[-15.7,28.0],[-15.7,28.1],[-15.7,28.2],[-15.6,28.1],[-15.5,28.1],[-15.4,28.1],[-15.4,28.2],[-15.4,28.1],[-15.4,28.0]]],[[[-14.0,28.7],[-13.9,28.7],[-13.9,28.8],[-13.9,28.7],[-13.8,28.7],[-13.8,28.6],[-13.8,28.5],[-13.9,28.5],[-13.9,28.4],[-13.8,28.4],[-13.9,28.4],[-13.9,28.3],[-13.9,28.2],[-14.0,28.2],[-14.1,28.2],[-14.2,28.2],[-14.2,28.1],[-14.3,28.1],[-14.4,28.1],[-14.5,28.1],[-14.4,28.1],[-14.3,28.1],[-14.3,28.2],[-14.2,28.2],[-14.2,28.3],[-14.2,28.4],[-14.1,28.4],[-14.1,28.5],[-14.0,28.6],[-14.0,28.7]]],[[[1.6,39.1],[1.6,39.0],[1.5,39.0],[1.5,38.9],[1.4,38.9],[1.4,38.8],[1.4,38.9],[1.3,38.9],[1.2,38.9],[1.2,39.0],[1.3,39.0],[1.3,39.1],[1.4,39.1],[1.5,39.1],[1.6,39.1]]]]}},{"type":"Feature","properties":{"iso3":"KGZ","name":"Kyrgyzstan","ilo169":"not ratified","colonial":"none recorded","land_deal_ha":500.0,"debt_pct_gni":69.2,"conquests_suffered":1},"geometry":{"type":"Polygon","coordinates":[[[80.2,42.2],[80.2,42.1],[80.3,42.1],[80.2,42.0],[79.9,42.0],[79.8,42.0],[79.8,41.9],[79.7,41.9],[79.6,41.9],[79.6,41.8],[79.5,41.8],[79.4,41.8],[79.3,41.8],[79.2,41.7],[79.1,41.7],[79.0,41.6],[78.9,41.6],[78.8,41.6],[78.7,41.5],[78.6,41.5],[78.5,41.5],[78.4,41.4],[78.3,41.4],[78.3,41.3],[78.4,41.3],[78.3,41.3],[78.3,41.2],[78.2,41.2],[78.2,41.1],[78.1,41.0],[78.0,41.0],[77.9,41.1],[77.8,41.1],[77.7,41.0],[77.6,41.0],[77.5,41.0],[77.4,41.0],[77.3,41.0],[77.2,41.0],[77.1,41.0],[77.0,41.0],[76.9,41.0],[76.8,41.0],[76.8,40.9],[76.8,40.8],[76.7,40.8],[76.6,40.8],[76.6,40.7],[76.6,40.6],[76.5,40.5],[76.5,40.4],[76.4,40.4],[76.3,40.3],[76.3,40.4],[76.2,40.4],[76.1,40.4],[76.0,40.4],[75.9,40.3],[75.8,40.3],[75.7,40.3],[75.6,40.4],[75.7,40.4],[75.7,40.5],[75.6,40.5],[75.6,40.6],[75.5,40.6],[75.3,40.5],[75.2,40.5],[75.2,40.4],[75.2,40.5],[75.1,40.5],[75.1,40.4],[75.0,40.4],[75.0,40.5],[74.9,40.5],[74.8,40.5],[74.8,40.4],[74.9,40.4],[74.9,40.3],[74.8,40.3],[74.7,40.3],[74.6,40.3],[74.6,40.2],[74.5,40.2],[74.4,40.1],[74.3,40.1],[74.2,40.1],[74.1,40.1],[74.0,40.1],[74.0,40.0],[73.9,40.0],[73.9,39.9],[73.8,39.8],[73.8,39.7],[73.9,39.7],[73.9,39.6],[73.9,39.5],[73.8,39.5],[73.6,39.4],[73.6,39.5],[73.5,39.5],[73.4,39.4],[73.3,39.4],[73.2,39.4],[73.1,39.4],[73.0,39.3],[73.0,39.4],[72.9,39.4],[72.8,39.4],[72.7,39.4],[72.6,39.4],[72.5,39.4],[72.5,39.3],[72.4,39.3],[72.4,39.4],[72.4,39.3],[72.3,39.3],[72.2,39.2],[72.2,39.3],[72.1,39.3],[72.1,39.4],[72.0,39.4],[72.0,39.3],[71.9,39.3],[71.8,39.3],[71.7,39.3],[71.7,39.4],[71.8,39.4],[71.7,39.4],[71.7,39.5],[71.6,39.4],[71.5,39.5],[71.5,39.6],[71.4,39.6],[71.3,39.6],[71.3,39.5],[71.2,39.5],[71.1,39.5],[71.0,39.5],[71.0,39.4],[70.9,39.4],[70.8,39.4],[70.7,39.4],[70.7,39.5],[70.6,39.5],[70.6,39.6],[70.5,39.6],[70.4,39.6],[70.3,39.6],[70.2,39.5],[70.2,39.6],[70.1,39.6],[70.0,39.6],[70.0,39.5],[69.9,39.5],[69.8,39.5],[69.7,39.6],[69.6,39.6],[69.5,39.5],[69.4,39.5],[69.4,39.6],[69.4,39.5],[69.3,39.5],[69.3,39.7],[69.2,39.7],[69.2,39.8],[69.3,39.9],[69.3,40.0],[69.4,40.0],[69.4,39.9],[69.5,39.9],[69.5,40.0],[69.5,40.1],[69.6,40.1],[70.0,40.2],[70.1,40.1],[70.2,40.1],[70.3,40.1],[70.4,40.1],[70.5,40.1],[70.5,40.0],[70.5,39.9],[70.4,39.9],[70.5,39.9],[70.6,39.9],[70.6,40.0],[70.6,40.1],[70.7,40.1],[70.8,40.2],[70.9,40.2],[71.0,40.2],[71.0,40.3],[71.1,40.3],[71.2,40.3],[71.3,40.3],[71.4,40.3],[71.5,40.2],[71.6,40.2],[71.6,40.3],[71.6,40.2],[71.7,40.2],[71.7,40.1],[71.8,40.2],[71.9,40.3],[71.9,40.2],[72.0,40.2],[72.0,40.3],[72.1,40.4],[72.2,40.5],[72.3,40.5],[72.3,40.4],[72.2,40.4],[72.3,40.4],[72.4,40.4],[72.4,40.5],[72.4,40.6],[72.3,40.6],[72.4,40.6],[72.5,40.5],[72.6,40.5],[72.7,40.5],[72.7,40.6],[72.8,40.6],[72.8,40.7],[72.9,40.7],[73.0,40.7],[73.1,40.8],[73.0,40.8],[73.0,40.9],[72.9,40.8],[72.9,40.9],[72.8,40.9],[72.7,40.9],[72.6,40.9],[72.5,41.0],[72.4,41.0],[72.3,41.1],[72.3,41.0],[72.2,41.0],[72.2,41.1],[72.2,41.2],[72.1,41.2],[72.0,41.2],[71.9,41.2],[71.9,41.3],[71.8,41.3],[71.8,41.4],[71.7,41.5],[71.7,41.4],[71.7,41.5],[71.6,41.5],[71.6,41.4],[71.6,41.3],[71.5,41.3],[71.4,41.3],[71.4,41.2],[71.4,41.1],[71.3,41.2],[71.3,41.1],[71.2,41.2],[71.2,41.1],[71.1,41.1],[71.1,41.2],[71.0,41.2],[70.9,41.2],[70.8,41.2],[70.8,41.3],[70.8,41.4],[70.7,41.4],[70.7,41.5],[70.6,41.5],[70.5,41.4],[70.4,41.4],[70.4,41.5],[70.3,41.5],[70.2,41.5],[70.1,41.6],[70.2,41.6],[70.3,41.6],[70.4,41.7],[70.5,41.7],[70.5,41.8],[70.6,41.8],[70.6,41.9],[70.7,41.9],[70.8,41.9],[70.8,42.0],[70.9,42.0],[71.0,42.0],[71.1,42.1],[71.2,42.1],[71.2,42.2],[71.3,42.2],[71.2,42.2],[71.1,42.3],[71.0,42.3],[70.9,42.2],[70.9,42.3],[70.9,42.4],[70.9,42.5],[71.0,42.5],[71.1,42.5],[71.0,42.5],[71.0,42.6],[71.1,42.6],[71.1,42.7],[71.2,42.7],[71.3,42.8],[71.3,42.7],[71.4,42.8],[71.5,42.8],[71.6,42.8],[71.7,42.8],[71.8,42.8],[71.9,42.8],[72.0,42.8],[72.1,42.8],[72.2,42.8],[72.3,42.8],[72.4,42.7],[72.5,42.7],[72.6,42.7],[72.7,42.7],[72.8,42.6],[72.9,42.5],[73.1,42.6],[73.2,42.5],[73.3,42.5],[73.3,42.4],[73.4,42.4],[73.5,42.4],[73.4,42.5],[73.4,42.6],[73.4,42.7],[73.5,42.8],[73.5,42.9],[73.6,43.0],[73.6,43.1],[73.8,43.1],[73.9,43.1],[73.9,43.2],[74.0,43.2],[74.2,43.2],[74.2,43.3],[74.2,43.2],[74.3,43.2],[74.4,43.2],[74.5,43.1],[74.6,43.1],[74.7,43.0],[74.9,43.0],[74.9,42.9],[75.0,42.9],[75.1,42.9],[75.2,42.8],[75.3,42.8],[75.5,42.8],[75.6,42.8],[75.7,42.8],[75.7,42.9],[75.8,42.9],[75.9,42.9],[76.0,42.9],[76.1,42.9],[76.2,42.9],[76.3,42.9],[76.4,42.9],[76.5,42.9],[76.6,42.9],[76.7,42.9],[76.8,42.9],[76.8,43.0],[76.9,43.0],[77.0,43.0],[77.1,43.0],[77.2,42.9],[77.3,42.9],[77.4,42.9],[77.5,42.9],[77.6,42.9],[77.7,42.9],[77.8,42.9],[77.9,42.9],[78.0,42.9],[78.1,42.9],[78.2,42.9],[78.3,42.9],[78.4,42.9],[78.5,42.9],[78.6,42.9],[78.6,42.8],[78.7,42.8],[78.8,42.8],[78.9,42.8],[79.0,42.8],[79.1,42.8],[79.2,42.8],[79.2,42.7],[79.2,42.6],[79.3,42.6],[79.4,42.6],[79.4,42.5],[79.5,42.5],[79.6,42.4],[79.7,42.5],[79.9,42.4],[80.0,42.4],[80.0,42.3],[80.1,42.3],[80.1,42.2],[80.2,42.2]]]}},{"type":"Feature","properties":{"iso3":"ARM","name":"Armenia","ilo169":"not ratified","colonial":"none recorded","debt_pct_gni":66.0,"conquests_suffered":1},"geometry":{"type":"MultiPolygon","coordinates":[[[[45.0,41.3],[45.0,41.2],[45.1,41.2],[45.2,41.2],[45.2,41.1],[45.1,41.1],[45.1,41.0],[45.1,41.1],[45.2,41.0],[45.3,41.0],[45.4,41.0],[45.4,40.9],[45.5,40.9],[45.6,40.9],[45.6,40.8],[45.5,40.7],[45.4,40.7],[45.4,40.6],[45.5,40.5],[45.5,40.4],[45.6,40.4],[45.8,40.3],[45.9,40.3],[46.0,40.2],[46.0,40.1],[45.9,40.1],[45.9,40.0],[45.8,40.0],[45.6,40.0],[45.7,40.0],[45.7,39.9],[45.8,39.9],[45.8,39.8],[45.9,39.8],[46.0,39.8],[46.0,39.7],[46.1,39.7],[46.1,39.6],[46.2,39.6],[46.3,39.6],[46.4,39.6],[46.5,39.6],[46.5,39.5],[46.4,39.5],[46.4,39.4],[46.5,39.3],[46.6,39.2],[46.5,39.2],[46.4,39.2],[46.4,39.1],[46.5,39.1],[46.5,39.0],[46.5,38.9],[46.4,38.9],[46.3,38.9],[46.2,38.9],[46.1,38.9],[46.1,39.0],[46.0,39.1],[46.0,39.2],[45.9,39.2],[46.0,39.2],[46.0,39.3],[45.9,39.3],[45.8,39.3],[45.8,39.4],[45.8,39.5],[45.8,39.6],[45.7,39.6],[45.6,39.5],[45.5,39.5],[45.4,39.5],[45.3,39.5],[45.3,39.6],[45.2,39.6],[45.1,39.6],[45.2,39.6],[45.2,39.7],[45.1,39.7],[45.1,39.8],[45.0,39.8],[45.0,39.7],[44.9,39.7],[44.8,39.7],[44.7,39.8],[44.6,39.8],[44.6,39.9],[44.5,39.9],[44.5,40.0],[44.4,40.0],[44.3,40.0],[44.2,40.0],[44.1,40.0],[44.0,40.0],[43.9,40.0],[43.8,40.1],[43.7,40.1],[43.7,40.2],[43.7,40.3],[43.6,40.3],[43.6,40.4],[43.6,40.5],[43.7,40.5],[43.7,40.6],[43.7,40.7],[43.7,40.8],[43.7,40.9],[43.6,40.9],[43.6,41.0],[43.5,41.0],[43.4,41.1],[43.5,41.1],[43.6,41.1],[43.7,41.1],[43.8,41.1],[43.9,41.2],[44.0,41.2],[44.1,41.2],[44.2,41.2],[44.3,41.2],[44.4,41.2],[44.5,41.2],[44.6,41.2],[44.7,41.2],[44.8,41.2],[44.9,41.2],[44.8,41.2],[44.8,41.3],[44.9,41.3],[45.0,41.3]]]]}},{"type":"Feature","properties":{"iso3":"DNK","name":"Denmark","ilo169":"ratified","colonial":"none recorded"},"geometry":{"type":"MultiPolygon","coordinates":[[[[8.7,54.9],[8.7,55.0],[8.6,55.0],[8.6,55.1],[8.7,55.1],[8.6,55.1],[8.5,55.1],[8.5,55.2],[8.6,55.2],[8.6,55.1],[8.7,55.1],[8.7,55.2],[8.6,55.3],[8.7,55.3],[8.6,55.4],[8.6,55.5],[8.5,55.5],[8.4,55.5],[8.3,55.6],[8.2,55.6],[8.2,55.5],[8.3,55.5],[8.2,55.5],[8.3,55.5],[8.2,55.5],[8.1,55.5],[8.1,55.6],[8.2,55.6],[8.2,55.7],[8.2,55.8],[8.1,56.0],[8.2,56.0],[8.2,55.9],[8.2,55.8],[8.3,55.8],[8.3,55.9],[8.4,55.9],[8.4,56.0],[8.3,56.0],[8.3,56.1],[8.2,56.1],[8.1,56.1],[8.1,56.0],[8.1,56.1],[8.1,56.2],[8.1,56.6],[8.2,56.7],[8.2,56.6],[8.3,56.6],[8.4,56.6],[8.5,56.6],[8.5,56.5],[8.5,56.6],[8.6,56.6],[8.6,56.5],[8.7,56.5],[8.8,56.6],[8.7,56.6],[8.8,56.7],[8.9,56.7],[8.8,56.7],[8.9,56.7],[8.9,56.8],[9.0,56.8],[9.1,56.8],[9.2,56.7],[9.1,56.7],[9.1,56.6],[9.0,56.6],[9.1,56.6],[9.2,56.6],[9.1,56.6],[9.1,56.7],[9.2,56.7],[9.1,56.6],[9.2,56.6],[9.3,56.6],[9.3,56.5],[9.3,56.6],[9.4,56.5],[9.4,56.6],[9.3,56.6],[9.3,56.7],[9.2,56.7],[9.2,56.8],[9.2,56.9],[9.2,57.0],[9.3,57.0],[9.4,57.0],[9.5,57.0],[9.6,57.0],[9.7,57.0],[9.8,57.1],[9.9,57.1],[9.8,57.1],[9.7,57.1],[9.6,57.1],[9.6,57.0],[9.5,57.0],[9.3,57.0],[9.2,57.0],[9.1,57.1],[9.1,57.0],[9.0,57.0],[8.9,57.0],[8.8,57.0],[8.7,57.0],[8.7,56.9],[8.6,56.9],[8.6,56.8],[8.5,56.8],[8.5,56.7],[8.4,56.7],[8.5,56.7],[8.6,56.7],[8.6,56.6],[8.5,56.6],[8.6,56.6],[8.5,56.6],[8.5,56.7],[8.4,56.7],[8.3,56.7],[8.3,56.8],[8.2,56.8],[8.3,56.7],[8.2,56.7],[8.2,56.8],[8.3,56.8],[8.4,57.0],[8.5,57.0],[8.6,57.1],[8.7,57.1],[8.8,57.1],[8.9,57.1],[9.0,57.2],[9.2,57.1],[9.3,57.1],[9.4,57.2],[9.5,57.2],[9.6,57.2],[9.8,57.5],[9.9,57.5],[9.9,57.6],[10.0,57.6],[10.1,57.6],[10.2,57.6],[10.3,57.6],[10.4,57.6],[10.5,57.7],[10.6,57.7],[10.6,57.8],[10.6,57.7],[10.5,57.7],[10.5,57.6],[10.4,57.6],[10.5,57.5],[10.5,57.4],[10.5,57.3],[10.5,57.2],[10.4,57.2],[10.4,57.1],[10.4,57.0],[10.3,57.0],[10.2,57.0],[10.1,57.1],[10.0,57.1],[9.9,57.1],[10.0,57.1],[10.1,57.0],[10.2,57.0],[10.3,57.0],[10.3,56.9],[10.3,56.8],[10.3,56.7],[10.2,56.7],[10.1,56.7],[10.0,56.7],[9.9,56.7],[9.8,56.6],[9.9,56.6],[10.0,56.7],[10.1,56.7],[10.2,56.7],[10.3,56.7],[10.4,56.7],[10.4,56.6],[10.3,56.6],[10.2,56.6],[10.2,56.5],[10.2,56.6],[10.3,56.6],[10.4,56.6],[10.4,56.5],[10.5,56.5],[10.6,56.5],[10.8,56.5],[10.9,56.5],[11.0,56.4],[10.9,56.4],[10.9,56.3],[10.8,56.3],[10.8,56.2],[10.7,56.2],[10.6,56.2],[10.7,56.2],[10.6,56.2],[10.5,56.2],[10.6,56.2],[10.6,56.1],[10.5,56.1],[10.5,56.2],[10.4,56.2],[10.5,56.2],[10.5,56.3],[10.4,56.3],[10.3,56.2],[10.2,56.2],[10.2,56.1],[10.3,56.1],[10.2,56.0],[10.3,56.0],[10.3,55.9],[10.2,55.9],[10.2,55.8],[10.1,55.9],[10.0,55.9],[9.9,55.9],[9.9,55.8],[10.0,55.8],[10.1,55.8],[10.1,55.7],[10.0,55.7],[9.9,55.7],[9.8,55.7],[9.7,55.7],[9.6,55.7],[9.7,55.7],[9.7,55.6],[9.8,55.6],[9.9,55.6],[9.8,55.6],[9.7,55.6],[9.7,55.5],[9.6,55.5],[9.5,55.5],[9.6,55.5],[9.7,55.5],[9.6,55.4],[9.6,55.3],[9.7,55.3],[9.7,55.2],[9.6,55.2],[9.5,55.2],[9.5,55.1],[9.6,55.1],[9.5,55.1],[9.5,55.0],[9.4,55.0],[9.5,55.0],[9.6,55.0],[9.6,55.1],[9.6,55.0],[9.7,55.0],[9.8,54.9],[9.7,54.9],[9.8,54.8],[9.7,54.8],[9.7,54.9],[9.6,54.9],[9.5,54.9],[9.5,54.8],[9.4,54.8],[9.3,54.8],[9.2,54.8],[9.2,54.9],[9.0,54.9],[8.9,54.9],[8.8,54.9],[8.7,54.9]]],[[[12.0,54.9],[12.1,54.9],[12.2,54.8],[12.1,54.8],[12.0,54.7],[12.0,54.6],[11.9,54.6],[11.9,54.7],[11.9,54.8],[11.8,54.8],[11.8,54.9],[11.7,54.9],[11.7,55.0],[11.8,55.0],[11.8,54.9],[11.8,55.0],[11.9,55.0],[11.8,55.0],[11.8,55.1],[11.7,55.1],[11.6,55.1],[11.7,55.1],[11.8,55.1],[11.7,55.1],[11.8,55.1],[11.8,55.2],[11.7,55.2],[11.6,55.2],[11.5,55.2],[11.4,55.2],[11.3,55.2],[11.2,55.2],[11.3,55.2],[11.3,55.3],[11.3,55.2],[11.2,55.2],[11.2,55.3],[11.2,55.4],[11.1,55.4],[11.1,55.3],[11.1,55.4],[11.2,55.4],[11.2,55.5],[11.1,55.5],[11.1,55.6],[11.0,55.6],[10.9,55.7],[11.1,55.7],[11.0,55.7],[10.9,55.7],[11.0,55.7],[11.1,55.7],[11.2,55.7],[11.1,55.7],[11.2,55.7],[11.3,55.7],[11.3,55.8],[11.4,55.8],[11.3,55.8],[11.4,55.8],[11.5,55.8],[11.5,55.9],[11.4,55.9],[11.4,56.0],[11.3,56.0],[11.4,56.0],[11.6,56.0],[11.6,55.9],[11.7,56.0],[11.8,56.0],[11.7,55.9],[11.8,55.9],[11.7,55.9],[11.7,55.8],[11.6,55.8],[11.7,55.8],[11.8,55.8],[11.8,55.7],[11.7,55.7],[11.8,55.7],[11.9,55.7],[11.8,55.8],[11.9,55.8],[12.0,55.9],[11.9,55.9],[12.0,55.9],[12.0,55.8],[12.1,55.7],[12.0,55.7],[11.9,55.7],[12.0,55.7],[12.1,55.7],[12.1,55.8],[12.1,55.9],[12.0,55.9],[12.0,56.0],[11.9,55.9],[11.8,55.9],[11.9,56.0],[12.0,56.0],[12.2,56.1],[12.3,56.1],[12.4,56.1],[12.5,56.1],[12.6,56.1],[12.6,56.0],[12.5,55.9],[12.6,55.9],[12.6,55.8],[12.6,55.7],[12.5,55.6],[12.4,55.6],[12.3,55.6],[12.2,55.5],[12.2,55.4],[12.3,55.4],[12.4,55.4],[12.4,55.3],[12.5,55.3],[12.4,55.3],[12.2,55.2],[12.1,55.2],[12.1,55.1],[12.1,55.2],[12.0,55.2],[12.0,55.1],[12.1,55.1],[12.2,55.1],[12.1,55.1],[12.2,55.0],[12.1,55.0],[12.0,55.0],[11.9,55.0],[11.9,54.9],[12.0,54.9]]],[[[10.7,55.1],[10.6,55.1],[10.6,55.0],[10.5,55.0],[10.4,55.0],[10.4,55.1],[10.3,55.1],[10.2,55.1],[10.1,55.1],[10.2,55.1],[10.1,55.2],[10.0,55.2],[10.0,55.1],[10.0,55.2],[9.9,55.2],[9.9,55.3],[9.9,55.4],[9.8,55.4],[9.7,55.4],[9.7,55.5],[9.8,55.4],[9.7,55.5],[9.8,55.5],[9.8,55.6],[9.8,55.5],[9.9,55.5],[10.0,55.6],[10.2,55.6],[10.3,55.6],[10.4,55.6],[10.5,55.6],[10.5,55.5],[10.4,55.5],[10.4,55.4],[10.5,55.4],[10.5,55.5],[10.6,55.5],[10.6,55.6],[10.7,55.6],[10.7,55.5],[10.6,55.5],[10.6,55.4],[10.6,55.5],[10.7,55.4],[10.8,55.4],[10.8,55.3],[10.8,55.2],[10.8,55.1],[10.7,55.1]]],[[[8.8,56.7],[8.7,56.7],[8.6,56.7],[8.5,56.7],[8.5,56.8],[8.6,56.8],[8.5,56.8],[8.6,56.8],[8.7,56.8],[8.6,56.8],[8.6,56.9],[8.7,56.9],[8.6,56.9],[8.7,56.9],[8.8,56.9],[8.9,57.0],[8.9,56.9],[8.8,56.9],[8.9,56.8],[8.8,56.8],[8.8,56.7]]],[[[11.8,54.7],[11.8,54.6],[11.6,54.7],[11.5,54.6],[11.4,54.7],[11.3,54.7],[11.2,54.7],[11.1,54.7],[11.1,54.8],[11.0,54.8],[11.1,54.8],[11.0,54.9],[11.1,54.9],[11.2,55.0],[11.3,55.0],[11.3,54.9],[11.4,54.9],[11.6,54.8],[11.6,54.9],[11.7,54.9],[11.6,54.9],[11.7,54.9],[11.8,54.8],[11.9,54.8],[11.9,54.7],[11.8,54.7]]],[[[10.0,55.0],[10.1,54.9],[10.0,54.9],[9.9,54.9],[10.0,54.9],[9.9,54.9],[9.8,54.9],[9.8,55.0],[9.8,54.9],[9.8,55.0],[9.7,55.0],[9.7,55.1],[9.7,55.0],[9.6,55.0],[9.6,55.1],[9.7,55.1],[9.8,55.1],[9.9,55.0],[10.0,55.0]]]]}},{"type":"Feature","properties":{"iso3":"ROU","name":"Romania","ilo169":"not ratified","colonial":"none recorded","land_deal_ha":515756.8,"conquests_suffered":1},"geometry":{"type":"Polygon","coordinates":[[[22.9,47.9],[22.9,48.0],[23.0,48.0],[23.1,48.0],[23.1,48.1],[23.2,48.1],[23.3,48.0],[23.4,48.0],[23.5,48.0],[23.6,48.0],[23.7,48.0],[23.8,48.0],[23.8,47.9],[23.9,47.9],[24.0,48.0],[24.1,47.9],[24.2,47.9],[24.3,47.9],[24.4,47.9],[24.4,48.0],[24.5,47.9],[24.6,47.9],[24.7,47.9],[24.7,47.8],[24.8,47.8],[24.9,47.7],[25.0,47.7],[25.1,47.7],[25.1,47.8],[25.2,47.9],[25.3,47.9],[25.8,47.9],[25.8,48.0],[25.9,48.0],[26.0,48.0],[26.1,48.0],[26.2,48.0],[26.2,48.1],[26.3,48.1],[26.3,48.2],[26.4,48.2],[26.5,48.2],[26.6,48.2],[26.6,48.3],[26.7,48.3],[26.8,48.3],[26.8,48.2],[26.9,48.2],[27.0,48.2],[27.0,48.1],[27.1,48.1],[27.1,48.0],[27.2,48.0],[27.2,47.9],[27.2,47.8],[27.3,47.8],[27.2,47.8],[27.3,47.8],[27.3,47.7],[27.4,47.6],[27.4,47.5],[27.5,47.5],[27.6,47.5],[27.6,47.4],[27.6,47.3],[27.7,47.3],[27.8,47.3],[27.8,47.2],[27.8,47.1],[27.9,47.1],[27.9,47.0],[28.0,47.0],[28.1,47.0],[28.1,46.9],[28.1,46.8],[28.2,46.8],[28.2,46.7],[28.2,46.6],[28.2,46.5],[28.2,46.4],[28.2,46.3],[28.1,46.3],[28.1,46.2],[28.1,46.1],[28.1,46.0],[28.1,45.9],[28.1,45.8],[28.2,45.8],[28.2,45.7],[28.2,45.6],[28.1,45.6],[28.2,45.5],[28.3,45.4],[28.3,45.3],[28.4,45.3],[28.5,45.3],[28.6,45.2],[28.7,45.2],[28.8,45.2],[28.8,45.3],[28.9,45.3],[29.0,45.3],[29.1,45.4],[29.2,45.4],[29.3,45.4],[29.4,45.4],[29.6,45.4],[29.7,45.3],[29.7,45.2],[29.6,45.2],[29.7,45.2],[29.7,45.1],[29.7,45.0],[29.6,45.0],[29.6,44.9],[29.6,44.8],[29.5,44.8],[29.3,44.8],[29.2,44.8],[29.1,44.7],[29.0,44.7],[29.0,44.8],[29.1,44.8],[29.1,44.9],[29.1,44.8],[29.0,44.8],[29.0,44.9],[29.1,44.9],[29.1,45.0],[29.0,45.0],[28.9,45.0],[28.9,44.9],[29.0,44.8],[28.9,44.8],[28.8,44.7],[28.8,44.6],[28.8,44.7],[28.9,44.7],[29.0,44.7],[29.0,44.6],[28.9,44.6],[29.0,44.7],[28.9,44.7],[28.9,44.6],[28.8,44.6],[28.7,44.6],[28.8,44.6],[28.8,44.5],[28.7,44.5],[28.8,44.5],[28.8,44.6],[28.9,44.6],[28.8,44.5],[28.7,44.4],[28.7,44.3],[28.7,44.4],[28.7,44.3],[28.6,44.3],[28.7,44.2],[28.6,44.2],[28.6,44.1],[28.7,44.1],[28.7,44.0],[28.6,43.9],[28.6,43.8],[28.6,43.7],[28.4,43.7],[28.2,43.8],[28.0,43.8],[27.9,44.0],[27.8,44.0],[27.7,43.9],[27.7,44.0],[27.6,44.0],[27.4,44.0],[27.3,44.1],[27.2,44.1],[27.1,44.1],[27.0,44.2],[26.9,44.2],[26.8,44.1],[26.7,44.1],[26.6,44.1],[26.4,44.1],[26.3,44.1],[26.2,44.0],[26.1,44.0],[26.1,43.9],[25.9,43.9],[25.9,43.8],[25.8,43.8],[25.8,43.7],[25.7,43.7],[25.6,43.7],[25.5,43.7],[25.4,43.7],[25.3,43.7],[25.2,43.7],[25.1,43.7],[25.0,43.7],[24.8,43.7],[24.7,43.7],[24.7,43.8],[24.5,43.8],[24.4,43.8],[24.3,43.8],[24.2,43.8],[24.1,43.8],[23.8,43.8],[23.7,43.8],[23.6,43.8],[23.5,43.9],[23.3,43.9],[23.2,43.9],[23.1,43.8],[22.9,43.8],[22.9,43.9],[22.9,44.0],[23.0,44.0],[23.0,44.1],[22.9,44.1],[22.7,44.2],[22.7,44.3],[22.6,44.3],[22.5,44.3],[22.5,44.4],[22.5,44.5],[22.6,44.5],[22.6,44.6],[22.7,44.5],[22.7,44.6],[22.8,44.6],[22.7,44.6],[22.6,44.6],[22.6,44.7],[22.5,44.7],[22.4,44.7],[22.3,44.7],[22.2,44.5],[22.1,44.5],[22.1,44.6],[22.0,44.6],[22.0,44.7],[21.9,44.7],[21.8,44.7],[21.7,44.7],[21.6,44.7],[21.6,44.8],[21.5,44.8],[21.4,44.8],[21.3,44.8],[21.4,44.9],[21.5,44.9],[21.5,45.0],[21.4,45.0],[21.4,45.1],[21.5,45.1],[21.5,45.2],[21.4,45.2],[21.3,45.2],[21.2,45.2],[21.2,45.3],[21.1,45.3],[21.0,45.3],[20.9,45.4],[20.8,45.5],[20.8,45.6],[20.8,45.7],[20.8,45.8],[20.7,45.8],[20.7,45.7],[20.7,45.8],[20.6,45.8],[20.6,45.9],[20.5,45.9],[20.4,45.9],[20.4,46.0],[20.3,46.0],[20.3,46.1],[20.2,46.1],[20.3,46.1],[20.4,46.1],[20.5,46.2],[20.6,46.1],[20.7,46.1],[20.7,46.2],[20.8,46.3],[20.9,46.3],[21.0,46.2],[21.0,46.3],[21.0,46.2],[21.1,46.2],[21.1,46.3],[21.2,46.3],[21.2,46.4],[21.3,46.4],[21.2,46.5],[21.3,46.5],[21.3,46.6],[21.4,46.6],[21.4,46.7],[21.5,46.7],[21.5,46.8],[21.6,46.8],[21.6,46.9],[21.7,47.0],[21.6,47.0],[21.7,47.1],[21.8,47.1],[21.8,47.2],[21.9,47.3],[21.9,47.4],[22.0,47.4],[22.0,47.5],[22.1,47.6],[22.2,47.6],[22.2,47.7],[22.3,47.7],[22.4,47.7],[22.4,47.8],[22.5,47.8],[22.6,47.8],[22.7,47.8],[22.8,47.8],[22.8,47.9],[22.9,47.9]]]}},{"type":"Feature","properties":{"iso3":"HUN","name":"Hungary","ilo169":"not ratified","colonial":"none recorded","conquests_made":1},"geometry":{"type":"Polygon","coordinates":[[[22.9,47.9],[22.8,47.9],[22.8,47.8],[22.7,47.8],[22.6,47.8],[22.5,47.8],[22.4,47.8],[22.4,47.7],[22.3,47.7],[22.2,47.7],[22.2,47.6],[22.1,47.6],[22.0,47.5],[22.0,47.4],[21.9,47.4],[21.9,47.3],[21.8,47.2],[21.8,47.1],[21.7,47.1],[21.6,47.0],[21.7,47.0],[21.6,46.9],[21.6,46.8],[21.5,46.8],[21.5,46.7],[21.4,46.7],[21.4,46.6],[21.3,46.6],[21.3,46.5],[21.2,46.5],[21.3,46.4],[21.2,46.4],[21.2,46.3],[21.1,46.3],[21.1,46.2],[21.0,46.2],[21.0,46.3],[21.0,46.2],[20.9,46.3],[20.8,46.3],[20.7,46.2],[20.7,46.1],[20.6,46.1],[20.5,46.2],[20.4,46.1],[20.3,46.1],[20.2,46.1],[20.1,46.1],[20.1,46.2],[20.1,46.1],[20.0,46.1],[20.0,46.2],[19.9,46.2],[19.8,46.1],[19.7,46.2],[19.6,46.2],[19.5,46.2],[19.5,46.1],[19.4,46.1],[19.4,46.0],[19.3,46.0],[19.2,46.0],[19.1,46.0],[19.0,46.0],[19.0,45.9],[18.9,45.9],[18.8,45.9],[18.7,45.9],[18.6,45.9],[18.6,45.8],[18.5,45.8],[18.4,45.8],[18.4,45.7],[18.4,45.8],[18.3,45.8],[18.3,45.7],[18.3,45.8],[18.2,45.8],[18.1,45.8],[18.0,45.8],[17.9,45.8],[17.8,45.8],[17.7,45.8],[17.7,45.9],[17.6,45.9],[17.5,46.0],[17.4,46.0],[17.4,45.9],[17.4,46.0],[17.3,46.0],[17.3,46.1],[17.2,46.1],[17.1,46.1],[17.1,46.2],[17.0,46.2],[16.9,46.3],[16.9,46.4],[16.8,46.4],[16.7,46.4],[16.7,46.5],[16.6,46.5],[16.5,46.5],[16.5,46.6],[16.4,46.6],[16.4,46.7],[16.3,46.7],[16.3,46.8],[16.3,46.9],[16.2,46.9],[16.1,46.9],[16.2,46.9],[16.2,47.0],[16.3,47.0],[16.4,47.0],[16.5,47.0],[16.4,47.0],[16.5,47.0],[16.5,47.1],[16.5,47.2],[16.4,47.1],[16.4,47.2],[16.5,47.3],[16.4,47.3],[16.4,47.4],[16.5,47.4],[16.6,47.4],[16.6,47.5],[16.7,47.5],[16.7,47.6],[16.6,47.6],[16.5,47.6],[16.4,47.7],[16.5,47.7],[16.6,47.8],[16.7,47.7],[16.8,47.7],[16.9,47.7],[17.0,47.7],[17.1,47.7],[17.0,47.8],[17.1,47.8],[17.0,47.8],[17.0,47.9],[17.1,47.9],[17.1,48.0],[17.2,48.0],[17.3,48.0],[17.4,48.0],[17.5,47.9],[17.6,47.8],[17.7,47.8],[17.8,47.8],[17.9,47.8],[18.1,47.8],[18.2,47.8],[18.3,47.8],[18.6,47.8],[18.7,47.8],[18.8,47.8],[18.8,47.9],[18.7,47.9],[18.8,48.0],[18.7,48.0],[18.8,48.0],[18.9,48.1],[19.0,48.1],[19.1,48.1],[19.2,48.1],[19.3,48.1],[19.4,48.1],[19.5,48.1],[19.5,48.2],[19.6,48.2],[19.7,48.2],[19.8,48.2],[19.8,48.1],[19.8,48.2],[19.9,48.1],[20.0,48.2],[20.1,48.2],[20.2,48.2],[20.2,48.3],[20.3,48.3],[20.4,48.3],[20.4,48.4],[20.5,48.5],[20.6,48.5],[20.8,48.6],[20.8,48.5],[20.9,48.5],[21.0,48.5],[21.1,48.5],[21.2,48.5],[21.3,48.5],[21.4,48.6],[21.5,48.5],[21.6,48.5],[21.6,48.4],[21.7,48.4],[21.7,48.3],[21.8,48.3],[21.8,48.4],[21.9,48.4],[22.0,48.4],[22.1,48.4],[22.2,48.4],[22.3,48.4],[22.3,48.3],[22.4,48.2],[22.5,48.2],[22.6,48.2],[22.6,48.1],[22.7,48.1],[22.8,48.1],[22.9,48.0],[22.8,48.0],[22.9,47.9]]]}},{"type":"Feature","properties":{"iso3":"SVK","name":"Slovakia","ilo169":"not ratified","colonial":"none recorded","conquests_suffered":1},"geometry":{"type":"Polygon","coordinates":[[[22.5,49.1],[22.5,49.0],[22.4,49.0],[22.4,48.9],[22.4,48.8],[22.3,48.8],[22.3,48.7],[22.2,48.7],[22.2,48.6],[22.1,48.6],[22.1,48.5],[22.1,48.4],[22.0,48.4],[21.9,48.4],[21.8,48.4],[21.8,48.3],[21.7,48.3],[21.7,48.4],[21.6,48.4],[21.6,48.5],[21.5,48.5],[21.4,48.6],[21.3,48.5],[21.2,48.5],[21.1,48.5],[21.0,48.5],[20.9,48.5],[20.8,48.5],[20.8,48.6],[20.6,48.5],[20.5,48.5],[20.4,48.4],[20.4,48.3],[20.3,48.3],[20.2,48.3],[20.2,48.2],[20.1,48.2],[20.0,48.2],[19.9,48.1],[19.8,48.2],[19.8,48.1],[19.8,48.2],[19.7,48.2],[19.6,48.2],[19.5,48.2],[19.5,48.1],[19.4,48.1],[19.3,48.1],[19.2,48.1],[19.1,48.1],[19.0,48.1],[18.9,48.1],[18.8,48.0],[18.7,48.0],[18.8,48.0],[18.7,47.9],[18.8,47.9],[18.8,47.8],[18.7,47.8],[18.6,47.8],[18.3,47.8],[18.2,47.8],[18.1,47.8],[17.9,47.8],[17.8,47.8],[17.7,47.8],[17.6,47.8],[17.5,47.9],[17.4,48.0],[17.3,48.0],[17.2,48.0],[17.1,48.0],[17.1,48.1],[17.0,48.1],[17.0,48.2],[17.0,48.3],[16.9,48.3],[16.9,48.4],[16.8,48.4],[16.9,48.4],[16.9,48.5],[17.0,48.6],[16.9,48.6],[17.0,48.6],[17.0,48.7],[17.0,48.8],[17.1,48.8],[17.2,48.9],[17.3,48.9],[17.4,48.8],[17.5,48.8],[17.7,48.9],[17.8,48.9],[17.9,48.9],[17.9,49.0],[18.0,49.0],[18.1,49.0],[18.1,49.1],[18.1,49.2],[18.2,49.3],[18.3,49.3],[18.4,49.3],[18.4,49.4],[18.5,49.4],[18.5,49.5],[18.6,49.5],[18.7,49.5],[18.8,49.5],[18.9,49.5],[19.0,49.5],[19.0,49.4],[19.1,49.4],[19.2,49.4],[19.2,49.5],[19.3,49.5],[19.4,49.6],[19.5,49.6],[19.5,49.5],[19.6,49.5],[19.6,49.4],[19.7,49.4],[19.8,49.4],[19.8,49.3],[19.8,49.2],[19.7,49.2],[19.8,49.2],[19.9,49.2],[20.0,49.2],[20.1,49.2],[20.1,49.3],[20.2,49.3],[20.3,49.3],[20.3,49.4],[20.4,49.4],[20.5,49.4],[20.6,49.4],[20.7,49.4],[20.8,49.3],[20.9,49.3],[21.0,49.3],[21.0,49.4],[21.1,49.4],[21.0,49.4],[21.1,49.4],[21.2,49.4],[21.3,49.4],[21.4,49.4],[21.5,49.4],[21.6,49.4],[21.7,49.4],[21.8,49.3],[21.8,49.4],[21.9,49.3],[22.0,49.3],[22.0,49.2],[22.1,49.2],[22.2,49.2],[22.2,49.1],[22.3,49.1],[22.4,49.1],[22.5,49.1]]]}},{"type":"Feature","properties":{"iso3":"POL","name":"Poland","ilo169":"not ratified","colonial":"none recorded","conquests_made":1},"geometry":{"type":"Polygon","coordinates":[[[18.8,49.5],[18.8,49.6],[18.8,49.7],[18.7,49.7],[18.6,49.7],[18.6,49.8],[18.6,49.9],[18.5,49.9],[18.4,49.9],[18.3,49.9],[18.2,50.0],[18.1,50.0],[18.0,50.0],[17.9,50.0],[17.8,50.0],[17.7,50.0],[17.7,50.1],[17.6,50.1],[17.6,50.2],[17.7,50.2],[17.7,50.3],[17.6,50.3],[17.5,50.3],[17.4,50.2],[17.4,50.3],[17.3,50.3],[17.2,50.3],[17.2,50.4],[17.1,50.4],[17.0,50.4],[16.9,50.4],[16.9,50.3],[17.0,50.3],[17.0,50.2],[16.9,50.2],[16.8,50.2],[16.8,50.1],[16.7,50.1],[16.6,50.1],[16.6,50.2],[16.5,50.2],[16.5,50.3],[16.4,50.3],[16.4,50.4],[16.3,50.4],[16.2,50.4],[16.2,50.5],[16.3,50.5],[16.4,50.5],[16.4,50.6],[16.3,50.6],[16.3,50.7],[16.2,50.7],[16.2,50.6],[16.1,50.6],[16.0,50.6],[16.0,50.7],[15.9,50.7],[15.8,50.7],[15.7,50.7],[15.7,50.8],[15.6,50.8],[15.4,50.8],[15.3,50.8],[15.4,50.8],[15.3,50.8],[15.3,50.9],[15.3,51.0],[15.2,51.0],[15.1,51.0],[15.0,51.0],[15.0,50.9],[14.9,50.9],[14.8,50.9],[14.9,50.9],[14.9,51.0],[15.0,51.1],[15.0,51.2],[15.0,51.3],[15.0,51.4],[14.9,51.4],[15.0,51.4],[14.9,51.4],[14.9,51.5],[14.8,51.5],[14.7,51.5],[14.7,51.6],[14.7,51.7],[14.6,51.7],[14.6,51.8],[14.7,51.9],[14.7,52.0],[14.7,52.1],[14.8,52.1],[14.7,52.1],[14.7,52.2],[14.7,52.3],[14.6,52.3],[14.5,52.4],[14.6,52.4],[14.6,52.5],[14.6,52.6],[14.5,52.6],[14.5,52.7],[14.4,52.7],[14.3,52.8],[14.2,52.8],[14.1,52.8],[14.1,52.9],[14.2,52.9],[14.1,53.0],[14.2,53.0],[14.3,53.0],[14.4,53.1],[14.4,53.2],[14.4,53.3],[14.4,53.4],[14.3,53.5],[14.3,53.6],[14.3,53.7],[14.4,53.7],[14.5,53.7],[14.5,53.6],[14.6,53.6],[14.6,53.7],[14.5,53.7],[14.6,53.7],[14.6,53.8],[14.6,53.9],[14.6,53.8],[14.6,53.9],[14.4,53.9],[14.4,53.8],[14.3,53.8],[14.2,53.9],[14.3,53.9],[14.4,53.9],[14.5,54.0],[14.8,54.0],[15.0,54.1],[15.3,54.1],[15.5,54.2],[15.7,54.2],[15.9,54.2],[16.0,54.3],[16.1,54.3],[16.2,54.3],[16.1,54.3],[16.2,54.3],[16.3,54.4],[16.3,54.3],[16.2,54.3],[16.3,54.3],[16.3,54.4],[16.4,54.5],[16.5,54.5],[16.4,54.5],[16.5,54.5],[16.6,54.6],[16.8,54.6],[16.9,54.6],[17.0,54.7],[17.3,54.7],[17.7,54.8],[17.9,54.8],[18.2,54.8],[18.3,54.8],[18.4,54.8],[18.8,54.7],[18.8,54.6],[18.8,54.7],[18.7,54.7],[18.6,54.7],[18.5,54.8],[18.4,54.8],[18.4,54.7],[18.5,54.7],[18.5,54.6],[18.6,54.6],[18.6,54.5],[18.6,54.4],[18.7,54.4],[18.9,54.4],[18.9,54.3],[19.0,54.4],[19.0,54.3],[19.4,54.4],[19.5,54.4],[19.6,54.5],[19.6,54.4],[19.7,54.4],[19.8,54.4],[20.0,54.4],[20.4,54.4],[20.6,54.4],[20.9,54.4],[21.3,54.4],[21.7,54.4],[22.0,54.4],[22.3,54.4],[22.5,54.3],[22.7,54.3],[22.8,54.4],[22.9,54.4],[23.0,54.4],[23.0,54.3],[23.1,54.3],[23.2,54.3],[23.3,54.2],[23.4,54.2],[23.5,54.1],[23.5,54.0],[23.5,53.9],[23.5,53.8],[23.6,53.7],[23.6,53.6],[23.7,53.5],[23.7,53.4],[23.8,53.3],[23.8,53.2],[23.9,53.2],[23.9,53.1],[23.9,53.0],[23.9,52.9],[23.9,52.8],[23.9,52.7],[23.7,52.6],[23.6,52.6],[23.5,52.6],[23.4,52.5],[23.3,52.4],[23.2,52.4],[23.2,52.3],[23.2,52.2],[23.3,52.2],[23.4,52.2],[23.5,52.2],[23.5,52.1],[23.6,52.1],[23.7,52.0],[23.6,52.0],[23.6,51.9],[23.6,51.8],[23.6,51.7],[23.5,51.7],[23.6,51.7],[23.5,51.7],[23.6,51.7],[23.5,51.7],[23.5,51.6],[23.6,51.6],[23.6,51.5],[23.7,51.5],[23.6,51.5],[23.7,51.4],[23.6,51.4],[23.6,51.3],[23.7,51.3],[23.7,51.2],[23.8,51.2],[23.9,51.1],[23.9,51.0],[24.0,51.0],[24.0,50.9],[24.1,50.9],[24.1,50.8],[24.0,50.8],[24.0,50.7],[24.1,50.7],[24.1,50.6],[24.1,50.5],[24.0,50.5],[24.0,50.4],[23.9,50.4],[23.7,50.4],[23.7,50.3],[23.6,50.3],[23.5,50.2],[23.4,50.2],[23.2,50.0],[23.1,50.0],[23.0,49.9],[23.0,49.8],[22.9,49.8],[22.8,49.7],[22.7,49.6],[22.6,49.5],[22.7,49.5],[22.7,49.4],[22.7,49.3],[22.7,49.2],[22.7,49.1],[22.8,49.1],[22.9,49.1],[22.8,49.1],[22.8,49.0],[22.9,49.0],[22.8,49.0],[22.7,49.0],[22.6,49.0],[22.6,49.1],[22.5,49.1],[22.4,49.1],[22.3,49.1],[22.2,49.1],[22.2,49.2],[22.1,49.2],[22.0,49.2],[22.0,49.3],[21.9,49.3],[21.8,49.4],[21.8,49.3],[21.7,49.4],[21.6,49.4],[21.5,49.4],[21.4,49.4],[21.3,49.4],[21.2,49.4],[21.1,49.4],[21.0,49.4],[21.1,49.4],[21.0,49.4],[21.0,49.3],[20.9,49.3],[20.8,49.3],[20.7,49.4],[20.6,49.4],[20.5,49.4],[20.4,49.4],[20.3,49.4],[20.3,49.3],[20.2,49.3],[20.1,49.3],[20.1,49.2],[20.0,49.2],[19.9,49.2],[19.8,49.2],[19.7,49.2],[19.8,49.2],[19.8,49.3],[19.8,49.4],[19.7,49.4],[19.6,49.4],[19.6,49.5],[19.5,49.5],[19.5,49.6],[19.4,49.6],[19.3,49.5],[19.2,49.5],[19.2,49.4],[19.1,49.4],[19.0,49.4],[19.0,49.5],[18.9,49.5],[18.8,49.5]]]}},{"type":"Feature","properties":{"iso3":"IRL","name":"Ireland","ilo169":"not ratified","colonial":"none recorded"},"geometry":{"type":"MultiPolygon","coordinates":[[[[-7.2,55.1],[-7.3,55.1],[-7.3,55.0],[-7.4,55.0],[-7.4,54.9],[-7.5,54.9],[-7.5,54.8],[-7.6,54.8],[-7.5,54.7],[-7.6,54.7],[-7.7,54.7],[-7.8,54.7],[-7.9,54.7],[-7.9,54.6],[-7.8,54.6],[-7.7,54.6],[-7.8,54.5],[-7.9,54.5],[-8.0,54.5],[-8.1,54.5],[-8.2,54.5],[-8.2,54.4],[-8.1,54.4],[-8.0,54.4],[-8.0,54.3],[-7.9,54.3],[-7.9,54.2],[-7.8,54.2],[-7.7,54.2],[-7.6,54.2],[-7.6,54.1],[-7.5,54.1],[-7.4,54.1],[-7.3,54.1],[-7.3,54.2],[-7.3,54.1],[-7.3,54.2],[-7.2,54.2],[-7.3,54.2],[-7.2,54.2],[-7.1,54.3],[-7.2,54.3],[-7.1,54.3],[-7.1,54.4],[-7.0,54.4],[-6.9,54.4],[-6.9,54.3],[-6.8,54.3],[-6.8,54.2],[-6.7,54.2],[-6.6,54.2],[-6.6,54.1],[-6.7,54.1],[-6.6,54.0],[-6.6,54.1],[-6.6,54.0],[-6.5,54.1],[-6.4,54.1],[-6.3,54.1],[-6.2,54.1],[-6.2,54.0],[-6.1,54.0],[-6.2,54.0],[-6.3,54.0],[-6.4,54.0],[-6.3,54.0],[-6.4,54.0],[-6.4,53.9],[-6.3,53.9],[-6.2,53.9],[-6.3,53.8],[-6.2,53.8],[-6.2,53.7],[-6.2,53.6],[-6.1,53.6],[-6.1,53.5],[-6.2,53.5],[-6.1,53.4],[-6.2,53.4],[-6.2,53.3],[-6.1,53.3],[-6.1,53.2],[-6.0,53.1],[-6.0,53.0],[-6.1,53.0],[-6.0,53.0],[-6.0,52.9],[-6.1,52.9],[-6.1,52.8],[-6.2,52.8],[-6.1,52.7],[-6.2,52.7],[-6.2,52.6],[-6.2,52.5],[-6.3,52.5],[-6.3,52.4],[-6.4,52.4],[-6.4,52.3],[-6.4,52.4],[-6.5,52.4],[-6.5,52.3],[-6.4,52.3],[-6.5,52.3],[-6.4,52.3],[-6.3,52.2],[-6.4,52.2],[-6.5,52.2],[-6.4,52.2],[-6.5,52.2],[-6.6,52.2],[-6.7,52.2],[-6.8,52.2],[-6.8,52.3],[-6.8,52.2],[-6.9,52.2],[-6.9,52.1],[-6.9,52.2],[-7.0,52.2],[-7.0,52.3],[-7.0,52.2],[-7.0,52.1],[-7.1,52.1],[-7.1,52.2],[-7.2,52.2],[-7.2,52.1],[-7.4,52.1],[-7.5,52.1],[-7.6,52.1],[-7.5,52.1],[-7.6,52.0],[-7.7,52.0],[-7.7,51.9],[-7.8,52.0],[-7.9,52.0],[-7.9,51.9],[-8.0,51.9],[-8.0,51.8],[-8.1,51.8],[-8.2,51.8],[-8.3,51.8],[-8.2,51.8],[-8.2,51.9],[-8.3,51.9],[-8.4,51.9],[-8.3,51.9],[-8.3,51.8],[-8.3,51.7],[-8.4,51.7],[-8.5,51.7],[-8.6,51.7],[-8.5,51.7],[-8.5,51.6],[-8.6,51.6],[-8.8,51.6],[-8.7,51.6],[-8.8,51.6],[-8.9,51.6],[-8.9,51.5],[-9.0,51.5],[-9.0,51.6],[-9.1,51.5],[-9.1,51.6],[-9.1,51.5],[-9.2,51.5],[-9.3,51.5],[-9.4,51.5],[-9.3,51.5],[-9.4,51.5],[-9.3,51.5],[-9.4,51.5],[-9.4,51.6],[-9.5,51.6],[-9.4,51.5],[-9.5,51.5],[-9.6,51.5],[-9.7,51.5],[-9.8,51.5],[-9.8,51.4],[-9.8,51.5],[-9.8,51.4],[-9.8,51.5],[-9.7,51.5],[-9.7,51.6],[-9.6,51.6],[-9.5,51.6],[-9.6,51.6],[-9.8,51.6],[-9.8,51.5],[-9.8,51.6],[-9.7,51.6],[-9.6,51.6],[-9.6,51.7],[-9.5,51.7],[-9.4,51.7],[-9.5,51.7],[-9.5,51.8],[-9.6,51.8],[-9.6,51.7],[-9.5,51.7],[-9.6,51.7],[-9.7,51.7],[-9.9,51.7],[-9.9,51.6],[-10.0,51.6],[-10.1,51.6],[-10.2,51.6],[-10.1,51.6],[-10.1,51.7],[-10.0,51.7],[-9.9,51.7],[-9.9,51.8],[-9.9,51.7],[-9.9,51.8],[-9.8,51.8],[-9.7,51.8],[-9.6,51.9],[-9.7,51.9],[-9.8,51.8],[-9.9,51.8],[-10.0,51.8],[-10.1,51.8],[-10.1,51.7],[-10.1,51.8],[-10.2,51.8],[-10.2,51.9],[-10.2,51.8],[-10.3,51.8],[-10.4,51.8],[-10.4,51.9],[-10.3,51.9],[-10.3,52.0],[-10.2,52.0],[-10.1,52.0],[-10.0,52.0],[-10.0,52.1],[-9.9,52.1],[-9.8,52.1],[-9.8,52.2],[-10.0,52.1],[-9.9,52.1],[-10.0,52.1],[-10.2,52.1],[-10.3,52.1],[-10.4,52.1],[-10.5,52.1],[-10.5,52.2],[-10.4,52.2],[-10.3,52.2],[-10.3,52.3],[-10.2,52.3],[-10.2,52.2],[-10.1,52.2],[-10.1,52.3],[-10.0,52.3],[-10.1,52.3],[-10.0,52.3],[-10.0,52.2],[-9.9,52.2],[-9.8,52.3],[-9.8,52.2],[-9.7,52.2],[-9.8,52.3],[-9.9,52.3],[-9.8,52.3],[-9.9,52.3],[-9.8,52.3],[-9.8,52.4],[-9.9,52.4],[-9.8,52.4],[-9.7,52.5],[-9.6,52.5],[-9.7,52.5],[-9.7,52.6],[-9.6,52.6],[-9.5,52.6],[-9.4,52.6],[-9.3,52.6],[-9.2,52.6],[-9.1,52.6],[-9.0,52.6],[-9.0,52.7],[-8.8,52.7],[-8.9,52.7],[-9.0,52.7],[-8.9,52.7],[-9.0,52.7],[-9.0,52.8],[-8.9,52.8],[-9.0,52.8],[-9.0,52.7],[-9.1,52.7],[-9.1,52.6],[-9.2,52.6],[-9.3,52.6],[-9.4,52.6],[-9.5,52.6],[-9.5,52.7],[-9.6,52.7],[-9.6,52.6],[-9.7,52.6],[-9.8,52.6],[-9.9,52.6],[-9.8,52.6],[-9.6,52.7],[-9.5,52.7],[-9.5,52.8],[-9.4,52.8],[-9.4,52.9],[-9.5,52.9],[-9.4,53.0],[-9.3,53.1],[-9.3,53.2],[-9.2,53.1],[-9.1,53.1],[-9.1,53.2],[-9.0,53.1],[-9.0,53.2],[-9.0,53.1],[-8.9,53.1],[-8.9,53.2],[-9.0,53.2],[-8.9,53.2],[-9.0,53.2],[-9.0,53.3],[-8.9,53.3],[-9.0,53.3],[-9.1,53.3],[-9.4,53.2],[-9.5,53.2],[-9.6,53.3],[-9.5,53.3],[-9.6,53.3],[-9.6,53.2],[-9.6,53.3],[-9.6,53.4],[-9.6,53.3],[-9.7,53.3],[-9.6,53.4],[-9.7,53.4],[-9.7,53.3],[-9.8,53.3],[-9.9,53.3],[-9.9,53.4],[-9.8,53.4],[-9.9,53.4],[-9.8,53.4],[-9.9,53.4],[-10.0,53.4],[-10.1,53.4],[-10.2,53.4],[-10.1,53.4],[-10.1,53.5],[-10.0,53.5],[-10.1,53.5],[-10.2,53.5],[-10.2,53.6],[-10.1,53.6],[-10.1,53.5],[-10.1,53.6],[-10.0,53.6],[-10.0,53.5],[-10.0,53.6],[-9.9,53.6],[-9.8,53.6],[-9.7,53.6],[-9.8,53.6],[-9.9,53.6],[-9.9,53.7],[-9.9,53.8],[-9.8,53.8],[-9.6,53.8],[-9.6,53.9],[-9.8,53.9],[-9.9,53.9],[-9.9,54.0],[-9.8,53.9],[-9.8,54.0],[-9.9,54.0],[-9.8,54.0],[-9.9,54.0],[-9.9,54.1],[-9.8,54.1],[-9.9,54.1],[-10.0,54.1],[-9.9,54.1],[-10.0,54.1],[-10.0,54.2],[-9.9,54.1],[-9.9,54.2],[-10.0,54.2],[-9.9,54.2],[-10.0,54.2],[-10.1,54.2],[-10.0,54.2],[-10.1,54.2],[-10.1,54.1],[-10.1,54.2],[-10.1,54.3],[-10.0,54.3],[-9.9,54.3],[-9.9,54.2],[-10.0,54.2],[-9.9,54.2],[-9.9,54.3],[-9.8,54.3],[-9.7,54.3],[-9.5,54.3],[-9.4,54.3],[-9.3,54.3],[-9.2,54.3],[-9.2,54.2],[-9.1,54.2],[-9.1,54.1],[-9.1,54.2],[-9.1,54.3],[-9.0,54.3],[-8.9,54.3],[-8.8,54.3],[-8.7,54.3],[-8.6,54.3],[-8.6,54.2],[-8.5,54.2],[-8.6,54.2],[-8.6,54.3],[-8.5,54.3],[-8.6,54.3],[-8.5,54.3],[-8.6,54.3],[-8.7,54.3],[-8.7,54.4],[-8.6,54.4],[-8.5,54.4],[-8.5,54.5],[-8.4,54.5],[-8.4,54.4],[-8.4,54.5],[-8.3,54.5],[-8.2,54.5],[-8.3,54.5],[-8.2,54.6],[-8.1,54.6],[-8.1,54.7],[-8.1,54.6],[-8.2,54.6],[-8.3,54.6],[-8.4,54.6],[-8.5,54.6],[-8.4,54.6],[-8.5,54.6],[-8.6,54.6],[-8.7,54.6],[-8.8,54.7],[-8.7,54.7],[-8.7,54.8],[-8.6,54.8],[-8.5,54.8],[-8.4,54.8],[-8.5,54.8],[-8.6,54.8],[-8.5,54.8],[-8.5,54.9],[-8.5,54.8],[-8.4,54.8],[-8.3,54.8],[-8.4,54.8],[-8.4,54.9],[-8.3,54.9],[-8.4,54.9],[-8.5,54.9],[-8.4,54.9],[-8.4,55.0],[-8.5,55.0],[-8.4,55.0],[-8.4,55.1],[-8.3,55.1],[-8.3,55.0],[-8.3,55.1],[-8.3,55.2],[-8.2,55.1],[-8.2,55.2],[-8.1,55.2],[-8.2,55.1],[-8.1,55.1],[-8.1,55.2],[-8.0,55.2],[-7.9,55.2],[-7.9,55.1],[-7.8,55.1],[-7.8,55.2],[-7.9,55.2],[-7.8,55.2],[-7.8,55.3],[-7.8,55.2],[-7.7,55.2],[-7.7,55.1],[-7.7,55.2],[-7.8,55.2],[-7.8,55.3],[-7.7,55.3],[-7.6,55.3],[-7.6,55.2],[-7.6,55.1],[-7.5,55.1],[-7.6,55.1],[-7.6,55.0],[-7.6,55.1],[-7.6,55.0],[-7.7,55.0],[-7.6,55.0],[-7.5,55.0],[-7.5,55.1],[-7.5,55.2],[-7.5,55.3],[-7.4,55.3],[-7.3,55.3],[-7.4,55.3],[-7.4,55.4],[-7.3,55.4],[-7.2,55.4],[-7.2,55.3],[-7.1,55.3],[-7.0,55.3],[-7.0,55.2],[-7.0,55.3],[-6.9,55.2],[-7.0,55.2],[-7.1,55.2],[-7.2,55.2],[-7.2,55.1]]],[[[-10.0,54.0],[-9.9,54.0],[-9.9,53.9],[-10.0,53.9],[-10.1,53.9],[-10.1,54.0],[-10.2,54.0],[-10.3,54.0],[-10.2,54.0],[-10.1,54.0],[-10.0,54.0],[-9.9,54.0],[-10.0,54.0]]]]}},{"type":"Feature","properties":{"iso3":"GBR","name":"United Kingdom","ilo169":"not ratified","colonial":"Holds territories of its own","conquests_made":75,"conquests_suffered":1},"geometry":{"type":"MultiPolygon","coordinates":[[[[-2.7,51.6],[-2.8,51.6],[-2.9,51.5],[-3.0,51.5],[-3.0,51.6],[-3.0,51.5],[-3.1,51.5],[-3.2,51.5],[-3.2,51.4],[-3.3,51.4],[-3.5,51.4],[-3.6,51.4],[-3.7,51.5],[-3.8,51.5],[-3.8,51.6],[-3.9,51.6],[-4.0,51.6],[-4.1,51.6],[-4.2,51.5],[-4.3,51.6],[-4.2,51.6],[-4.1,51.6],[-4.1,51.7],[-4.2,51.7],[-4.3,51.7],[-4.4,51.7],[-4.3,51.7],[-4.4,51.7],[-4.4,51.8],[-4.4,51.7],[-4.5,51.7],[-4.6,51.7],[-4.7,51.7],[-4.8,51.6],[-4.9,51.6],[-5.0,51.6],[-5.1,51.7],[-5.0,51.7],[-4.9,51.7],[-4.8,51.7],[-4.9,51.7],[-4.9,51.8],[-4.8,51.8],[-4.9,51.8],[-4.9,51.7],[-5.0,51.7],[-5.1,51.7],[-5.2,51.7],[-5.2,51.8],[-5.1,51.8],[-5.1,51.9],[-5.2,51.9],[-5.3,51.9],[-5.2,51.9],[-5.1,52.0],[-5.0,52.0],[-4.9,52.0],[-4.8,52.0],[-4.8,52.1],[-4.7,52.1],[-4.6,52.1],[-4.5,52.1],[-4.5,52.2],[-4.4,52.2],[-4.3,52.2],[-4.2,52.3],[-4.1,52.3],[-4.1,52.4],[-4.1,52.5],[-4.0,52.5],[-3.9,52.5],[-3.9,52.6],[-4.0,52.6],[-4.0,52.5],[-4.1,52.5],[-4.1,52.6],[-4.1,52.7],[-4.0,52.7],[-4.1,52.8],[-4.1,52.9],[-4.2,52.9],[-4.3,52.9],[-4.4,52.9],[-4.5,52.9],[-4.5,52.8],[-4.6,52.8],[-4.7,52.8],[-4.8,52.8],[-4.7,52.8],[-4.6,52.9],[-4.5,52.9],[-4.4,53.0],[-4.3,53.0],[-4.3,53.1],[-4.3,53.2],[-4.2,53.2],[-4.1,53.2],[-4.0,53.2],[-4.0,53.3],[-3.9,53.3],[-3.8,53.3],[-3.9,53.3],[-3.8,53.3],[-3.7,53.3],[-3.6,53.3],[-3.4,53.4],[-3.3,53.4],[-3.3,53.3],[-3.1,53.3],[-3.1,53.2],[-3.1,53.3],[-3.2,53.4],[-3.1,53.4],[-3.0,53.4],[-3.0,53.3],[-2.9,53.3],[-2.8,53.3],[-2.7,53.3],[-2.8,53.3],[-2.7,53.3],[-2.7,53.4],[-2.8,53.3],[-2.9,53.3],[-2.9,53.4],[-3.0,53.4],[-3.1,53.5],[-3.1,53.6],[-3.0,53.7],[-2.9,53.7],[-3.0,53.7],[-3.0,53.8],[-3.1,53.8],[-3.0,53.9],[-3.1,53.9],[-3.0,53.9],[-2.9,54.0],[-2.9,53.9],[-2.9,54.0],[-2.8,54.0],[-2.9,54.0],[-2.9,54.1],[-2.8,54.1],[-2.8,54.2],[-2.9,54.2],[-2.8,54.2],[-2.9,54.2],[-3.0,54.2],[-3.1,54.2],[-3.1,54.1],[-3.2,54.1],[-3.2,54.2],[-3.2,54.3],[-3.2,54.2],[-3.3,54.2],[-3.4,54.2],[-3.4,54.3],[-3.4,54.4],[-3.5,54.4],[-3.6,54.5],[-3.6,54.6],[-3.5,54.7],[-3.4,54.8],[-3.4,54.9],[-3.3,54.9],[-3.2,55.0],[-3.2,54.9],[-3.1,54.9],[-3.0,54.9],[-3.0,55.0],[-3.1,55.0],[-3.0,55.0],[-3.1,55.0],[-3.5,55.0],[-3.6,55.0],[-3.6,54.9],[-3.7,54.9],[-3.8,54.9],[-3.9,54.8],[-3.8,54.8],[-3.9,54.8],[-4.0,54.8],[-4.1,54.8],[-4.0,54.8],[-4.1,54.8],[-4.0,54.8],[-4.1,54.8],[-4.2,54.8],[-4.2,54.9],[-4.2,54.8],[-4.3,54.8],[-4.3,54.9],[-4.4,54.9],[-4.4,54.8],[-4.3,54.8],[-4.4,54.8],[-4.3,54.8],[-4.4,54.7],[-4.3,54.7],[-4.4,54.7],[-4.5,54.7],[-4.6,54.8],[-4.7,54.8],[-4.8,54.8],[-4.8,54.9],[-4.9,54.9],[-4.9,54.8],[-5.0,54.8],[-4.9,54.8],[-4.9,54.7],[-4.9,54.6],[-4.9,54.7],[-5.0,54.7],[-4.9,54.7],[-5.0,54.7],[-5.0,54.8],[-5.1,54.8],[-5.2,54.9],[-5.2,55.0],[-5.1,55.0],[-5.1,54.9],[-5.0,54.9],[-5.0,55.0],[-5.1,55.0],[-5.0,55.0],[-5.0,55.1],[-5.0,55.2],[-4.9,55.2],[-4.8,55.3],[-4.8,55.4],[-4.7,55.4],[-4.6,55.5],[-4.7,55.5],[-4.7,55.6],[-4.8,55.6],[-4.8,55.7],[-4.9,55.7],[-4.9,55.8],[-4.9,55.9],[-4.8,55.9],[-4.8,56.0],[-4.7,55.9],[-4.5,55.9],[-4.6,55.9],[-4.7,56.0],[-4.8,56.0],[-4.8,56.1],[-4.8,56.0],[-4.9,56.0],[-4.9,56.1],[-4.8,56.1],[-4.8,56.2],[-4.8,56.1],[-4.9,56.1],[-4.9,56.2],[-4.9,56.1],[-4.9,56.0],[-5.0,56.0],[-4.9,56.0],[-4.9,55.9],[-5.0,55.9],[-5.1,55.9],[-5.1,56.0],[-5.1,55.9],[-5.2,55.9],[-5.2,56.0],[-5.2,55.9],[-5.2,55.8],[-5.3,55.8],[-5.3,55.9],[-5.3,56.0],[-5.2,56.1],[-5.1,56.1],[-5.1,56.2],[-5.0,56.2],[-4.9,56.3],[-5.0,56.2],[-5.1,56.2],[-5.2,56.1],[-5.3,56.1],[-5.3,56.0],[-5.4,56.0],[-5.5,56.0],[-5.4,55.9],[-5.4,55.8],[-5.3,55.8],[-5.4,55.8],[-5.4,55.7],[-5.5,55.7],[-5.5,55.6],[-5.5,55.5],[-5.5,55.4],[-5.6,55.4],[-5.5,55.4],[-5.6,55.3],[-5.7,55.3],[-5.8,55.3],[-5.8,55.4],[-5.7,55.4],[-5.7,55.5],[-5.7,55.6],[-5.7,55.7],[-5.6,55.7],[-5.6,55.8],[-5.5,55.8],[-5.6,55.8],[-5.7,55.8],[-5.6,55.9],[-5.7,55.9],[-5.6,56.0],[-5.7,56.0],[-5.7,55.9],[-5.7,56.0],[-5.6,56.1],[-5.5,56.1],[-5.6,56.1],[-5.5,56.2],[-5.6,56.2],[-5.6,56.1],[-5.6,56.2],[-5.5,56.2],[-5.5,56.3],[-5.6,56.3],[-5.6,56.2],[-5.6,56.3],[-5.5,56.4],[-5.5,56.3],[-5.4,56.4],[-5.5,56.4],[-5.4,56.5],[-5.3,56.5],[-5.2,56.4],[-5.2,56.5],[-5.1,56.5],[-5.1,56.6],[-5.1,56.5],[-5.2,56.5],[-5.4,56.5],[-5.5,56.5],[-5.4,56.5],[-5.3,56.5],[-5.3,56.6],[-5.2,56.6],[-5.3,56.6],[-5.3,56.5],[-5.4,56.5],[-5.4,56.6],[-5.3,56.6],[-5.3,56.7],[-5.2,56.7],[-5.1,56.7],[-5.0,56.7],[-5.2,56.7],[-5.2,56.8],[-5.1,56.8],[-5.2,56.8],[-5.2,56.7],[-5.3,56.7],[-5.4,56.7],[-5.4,56.6],[-5.5,56.6],[-5.6,56.5],[-5.7,56.5],[-5.8,56.5],[-5.8,56.6],[-5.7,56.6],[-5.8,56.6],[-5.8,56.5],[-5.9,56.6],[-6.0,56.6],[-6.0,56.7],[-5.9,56.7],[-5.9,56.6],[-5.8,56.6],[-5.9,56.6],[-5.9,56.7],[-5.8,56.7],[-5.7,56.7],[-5.6,56.7],[-5.5,56.7],[-5.6,56.7],[-5.7,56.7],[-5.9,56.7],[-6.0,56.7],[-6.1,56.7],[-6.2,56.7],[-6.2,56.8],[-6.0,56.8],[-5.9,56.8],[-5.9,56.7],[-5.9,56.8],[-5.8,56.8],[-5.9,56.8],[-5.8,56.8],[-5.7,56.8],[-5.7,56.9],[-5.8,56.9],[-5.7,56.9],[-5.8,56.9],[-5.9,56.9],[-5.9,57.0],[-5.8,57.0],[-5.7,57.0],[-5.6,57.0],[-5.5,57.0],[-5.6,57.0],[-5.7,57.0],[-5.8,57.0],[-5.8,57.1],[-5.7,57.1],[-5.6,57.1],[-5.5,57.1],[-5.4,57.1],[-5.5,57.1],[-5.6,57.1],[-5.7,57.1],[-5.7,57.2],[-5.6,57.2],[-5.6,57.3],[-5.5,57.3],[-5.5,57.2],[-5.4,57.2],[-5.5,57.2],[-5.5,57.3],[-5.4,57.3],[-5.5,57.3],[-5.6,57.3],[-5.7,57.3],[-5.7,57.4],[-5.6,57.3],[-5.5,57.4],[-5.4,57.4],[-5.5,57.4],[-5.6,57.4],[-5.7,57.4],[-5.8,57.3],[-5.8,57.4],[-5.9,57.5],[-5.9,57.6],[-5.8,57.6],[-5.7,57.5],[-5.6,57.5],[-5.7,57.5],[-5.6,57.5],[-5.5,57.5],[-5.5,57.6],[-5.6,57.6],[-5.7,57.5],[-5.7,57.6],[-5.8,57.6],[-5.8,57.7],[-5.7,57.7],[-5.8,57.7],[-5.8,57.8],[-5.8,57.9],[-5.7,57.9],[-5.7,57.8],[-5.6,57.8],[-5.6,57.9],[-5.7,57.9],[-5.6,57.9],[-5.7,57.9],[-5.6,57.9],[-5.5,57.9],[-5.4,57.9],[-5.3,57.9],[-5.2,57.8],[-5.2,57.9],[-5.3,57.9],[-5.4,57.9],[-5.3,57.9],[-5.2,57.9],[-5.1,57.9],[-5.1,57.8],[-5.1,57.9],[-5.2,57.9],[-5.2,58.0],[-5.3,58.0],[-5.4,58.0],[-5.4,58.1],[-5.3,58.1],[-5.2,58.1],[-5.2,58.2],[-5.3,58.2],[-5.4,58.2],[-5.4,58.3],[-5.3,58.2],[-5.2,58.3],[-5.1,58.3],[-5.0,58.3],[-4.9,58.2],[-5.0,58.2],[-5.0,58.3],[-4.9,58.3],[-5.0,58.3],[-5.1,58.3],[-5.2,58.3],[-5.2,58.4],[-5.1,58.4],[-5.0,58.4],[-5.1,58.4],[-5.1,58.5],[-5.0,58.4],[-5.1,58.5],[-5.0,58.5],[-5.0,58.6],[-4.9,58.6],[-4.8,58.6],[-4.8,58.5],[-4.8,58.6],[-4.7,58.6],[-4.7,58.5],[-4.8,58.5],[-4.8,58.4],[-4.7,58.4],[-4.7,58.5],[-4.6,58.5],[-4.6,58.6],[-4.5,58.6],[-4.4,58.5],[-4.5,58.5],[-4.5,58.4],[-4.5,58.5],[-4.4,58.5],[-4.3,58.5],[-4.2,58.5],[-4.2,58.6],[-4.2,58.5],[-4.2,58.6],[-4.1,58.6],[-4.0,58.6],[-3.9,58.6],[-3.8,58.6],[-3.7,58.6],[-3.6,58.6],[-3.5,58.6],[-3.6,58.6],[-3.5,58.6],[-3.4,58.6],[-3.4,58.7],[-3.3,58.7],[-3.3,58.6],[-3.2,58.7],[-3.2,58.6],[-3.1,58.6],[-3.0,58.6],[-3.1,58.6],[-3.1,58.5],[-3.1,58.4],[-3.2,58.3],[-3.3,58.3],[-3.4,58.3],[-3.4,58.2],[-3.5,58.2],[-3.7,58.1],[-3.8,58.1],[-3.8,58.0],[-3.9,58.0],[-4.0,58.0],[-4.0,57.9],[-4.0,58.0],[-4.1,58.0],[-4.1,57.9],[-4.0,57.9],[-4.1,57.9],[-4.2,57.9],[-4.3,57.9],[-4.4,57.9],[-4.3,57.9],[-4.3,57.8],[-4.2,57.9],[-4.2,57.8],[-4.1,57.8],[-4.0,57.8],[-3.9,57.8],[-3.8,57.8],[-3.8,57.9],[-3.8,57.8],[-3.9,57.7],[-4.0,57.7],[-4.1,57.7],[-4.2,57.7],[-4.3,57.7],[-4.3,57.6],[-4.4,57.6],[-4.3,57.6],[-4.2,57.7],[-4.1,57.7],[-4.0,57.7],[-4.1,57.6],[-4.2,57.6],[-4.2,57.5],[-4.2,57.6],[-4.3,57.6],[-4.3,57.5],[-4.2,57.5],[-4.1,57.5],[-4.1,57.6],[-4.0,57.6],[-4.1,57.6],[-4.0,57.6],[-3.9,57.6],[-3.8,57.6],[-3.7,57.7],[-3.6,57.7],[-3.6,57.6],[-3.6,57.7],[-3.5,57.7],[-3.4,57.7],[-3.3,57.7],[-3.2,57.7],[-3.1,57.7],[-3.0,57.7],[-2.9,57.7],[-2.8,57.7],[-2.7,57.7],[-2.6,57.7],[-2.5,57.7],[-2.4,57.7],[-2.3,57.7],[-2.2,57.7],[-2.1,57.7],[-2.0,57.7],[-1.9,57.7],[-1.8,57.6],[-1.8,57.5],[-1.8,57.4],[-2.0,57.3],[-2.0,57.2],[-2.1,57.2],[-2.1,57.1],[-2.0,57.1],[-2.1,57.1],[-2.2,57.0],[-2.2,56.9],[-2.3,56.8],[-2.4,56.8],[-2.4,56.7],[-2.5,56.7],[-2.5,56.6],[-2.6,56.5],[-2.7,56.5],[-2.8,56.5],[-3.1,56.5],[-3.1,56.4],[-3.2,56.4],[-3.3,56.4],[-3.2,56.4],[-3.1,56.4],[-3.0,56.4],[-2.9,56.4],[-2.9,56.5],[-2.9,56.4],[-2.8,56.4],[-2.8,56.3],[-2.7,56.3],[-2.6,56.3],[-2.6,56.2],[-2.7,56.2],[-2.8,56.2],[-2.9,56.2],[-3.0,56.2],[-3.1,56.1],[-3.2,56.1],[-3.3,56.1],[-3.3,56.0],[-3.4,56.0],[-3.6,56.1],[-3.7,56.1],[-3.8,56.1],[-3.7,56.0],[-3.6,56.0],[-3.4,56.0],[-3.3,56.0],[-3.1,56.0],[-3.1,55.9],[-3.0,56.0],[-2.9,56.0],[-2.8,56.1],[-2.6,56.1],[-2.6,56.0],[-2.5,56.0],[-2.4,56.0],[-2.4,55.9],[-2.3,55.9],[-2.1,55.9],[-2.0,55.8],[-1.9,55.7],[-1.8,55.7],[-1.8,55.6],[-1.7,55.6],[-1.8,55.6],[-1.7,55.6],[-1.6,55.6],[-1.6,55.5],[-1.6,55.4],[-1.6,55.3],[-1.5,55.2],[-1.5,55.1],[-1.4,55.0],[-1.4,54.9],[-1.3,54.8],[-1.3,54.7],[-1.2,54.7],[-1.2,54.6],[-1.1,54.6],[-1.0,54.6],[-0.8,54.6],[-0.6,54.5],[-0.5,54.5],[-0.5,54.4],[-0.4,54.4],[-0.4,54.3],[-0.4,54.2],[-0.3,54.2],[-0.2,54.2],[-0.1,54.1],[-0.2,54.1],[-0.2,54.0],[-0.2,53.9],[-0.0,53.8],[0.1,53.6],[0.0,53.6],[-0.1,53.6],[-0.2,53.7],[-0.3,53.7],[-0.4,53.7],[-0.5,53.7],[-0.6,53.7],[-0.7,53.7],[-0.6,53.7],[-0.5,53.7],[-0.3,53.7],[-0.2,53.6],[-0.1,53.6],[-0.0,53.6],[0.0,53.5],[0.1,53.5],[0.2,53.5],[0.2,53.4],[0.3,53.4],[0.3,53.2],[0.4,53.2],[0.4,53.1],[0.3,53.1],[0.2,53.0],[0.1,52.9],[0.0,52.9],[0.1,52.9],[0.2,52.9],[0.2,52.8],[0.3,52.8],[0.4,52.8],[0.4,52.9],[0.5,52.9],[0.5,53.0],[0.6,53.0],[0.7,53.0],[0.8,53.0],[0.9,53.0],[1.0,52.9],[1.0,53.0],[1.3,52.9],[1.4,52.9],[1.6,52.8],[1.7,52.8],[1.7,52.7],[1.7,52.6],[1.7,52.5],[1.8,52.5],[1.7,52.4],[1.7,52.3],[1.6,52.3],[1.6,52.2],[1.6,52.1],[1.5,52.1],[1.5,52.0],[1.5,52.1],[1.5,52.0],[1.4,52.0],[1.3,51.9],[1.3,52.0],[1.2,52.0],[1.3,52.0],[1.2,52.0],[1.1,52.0],[1.1,51.9],[1.3,51.9],[1.2,51.9],[1.3,51.9],[1.3,51.8],[1.2,51.8],[1.1,51.8],[1.0,51.8],[0.9,51.8],[0.9,51.7],[0.8,51.7],[0.7,51.7],[0.8,51.7],[0.9,51.7],[1.0,51.7],[0.9,51.7],[0.9,51.6],[1.0,51.6],[0.9,51.6],[0.8,51.5],[0.7,51.5],[0.6,51.5],[0.5,51.5],[0.4,51.5],[0.5,51.5],[0.7,51.5],[0.7,51.4],[0.6,51.4],[0.7,51.4],[0.8,51.4],[1.0,51.3],[1.1,51.4],[1.4,51.4],[1.4,51.3],[1.4,51.2],[1.4,51.1],[1.3,51.1],[1.2,51.1],[1.1,51.1],[1.0,51.0],[1.0,50.9],[0.9,50.9],[0.8,50.9],[0.7,50.9],[0.6,50.9],[0.4,50.8],[0.3,50.8],[0.3,50.7],[0.2,50.7],[0.2,50.8],[0.1,50.8],[0.0,50.8],[-0.2,50.8],[-0.3,50.8],[-0.4,50.8],[-0.6,50.8],[-0.7,50.8],[-0.8,50.8],[-0.8,50.7],[-0.9,50.8],[-1.0,50.8],[-1.1,50.8],[-1.2,50.8],[-1.1,50.8],[-1.2,50.8],[-1.3,50.8],[-1.3,50.9],[-1.4,50.9],[-1.5,50.9],[-1.4,50.9],[-1.3,50.8],[-1.4,50.8],[-1.5,50.8],[-1.6,50.7],[-1.7,50.7],[-1.8,50.7],[-1.9,50.7],[-2.0,50.7],[-2.1,50.7],[-2.0,50.7],[-1.9,50.7],[-2.0,50.7],[-1.9,50.6],[-2.0,50.6],[-2.1,50.6],[-2.2,50.6],[-2.3,50.6],[-2.4,50.6],[-2.5,50.6],[-2.4,50.6],[-2.4,50.5],[-2.5,50.5],[-2.5,50.6],[-2.7,50.7],[-2.9,50.7],[-3.0,50.7],[-3.1,50.7],[-3.2,50.7],[-3.3,50.7],[-3.3,50.6],[-3.4,50.6],[-3.4,50.7],[-3.5,50.7],[-3.4,50.6],[-3.5,50.6],[-3.5,50.5],[-3.5,50.4],[-3.6,50.4],[-3.5,50.4],[-3.5,50.3],[-3.6,50.3],[-3.6,50.4],[-3.6,50.3],[-3.7,50.3],[-3.6,50.2],[-3.7,50.2],[-3.8,50.2],[-3.9,50.3],[-4.0,50.3],[-4.1,50.3],[-4.1,50.4],[-4.2,50.4],[-4.2,50.5],[-4.2,50.4],[-4.3,50.4],[-4.2,50.4],[-4.2,50.3],[-4.3,50.4],[-4.4,50.4],[-4.5,50.3],[-4.7,50.3],[-4.8,50.3],[-4.8,50.2],[-4.9,50.2],[-5.0,50.2],[-5.0,50.1],[-5.0,50.2],[-5.1,50.2],[-5.0,50.1],[-5.1,50.1],[-5.1,50.0],[-5.2,50.0],[-5.3,50.0],[-5.3,50.1],[-5.4,50.1],[-5.5,50.1],[-5.6,50.1],[-5.6,50.0],[-5.7,50.0],[-5.7,50.1],[-5.7,50.2],[-5.6,50.2],[-5.5,50.2],[-5.4,50.2],[-5.3,50.3],[-5.2,50.3],[-5.1,50.4],[-5.2,50.4],[-5.1,50.4],[-5.0,50.4],[-5.0,50.5],[-5.0,50.6],[-4.9,50.6],[-4.9,50.5],[-4.8,50.5],[-4.9,50.5],[-4.9,50.6],[-4.8,50.6],[-4.7,50.6],[-4.8,50.7],[-4.7,50.7],[-4.6,50.7],[-4.6,50.8],[-4.6,50.9],[-4.5,50.9],[-4.5,51.0],[-4.4,51.0],[-4.3,51.0],[-4.2,51.1],[-4.3,51.2],[-4.2,51.1],[-4.2,51.2],[-4.0,51.2],[-3.9,51.2],[-3.8,51.2],[-3.6,51.2],[-3.4,51.2],[-3.3,51.2],[-3.2,51.2],[-3.1,51.2],[-3.0,51.2],[-3.0,51.3],[-3.0,51.4],[-2.9,51.4],[-2.8,51.5],[-2.7,51.5],[-2.6,51.6],[-2.6,51.7],[-2.5,51.7],[-2.4,51.7],[-2.4,51.8],[-2.4,51.7],[-2.5,51.7],[-2.6,51.7],[-2.7,51.6]]],[[[-7.2,55.1],[-7.3,55.1],[-7.2,55.1],[-7.1,55.0],[-7.0,55.1],[-7.0,55.2],[-6.9,55.2],[-6.8,55.2],[-6.6,55.2],[-6.5,55.2],[-6.4,55.2],[-6.3,55.2],[-6.2,55.2],[-6.1,55.2],[-6.0,55.2],[-6.0,55.1],[-6.1,55.1],[-6.0,55.1],[-6.0,55.0],[-5.9,55.0],[-5.9,54.9],[-5.8,54.9],[-5.8,54.8],[-5.7,54.8],[-5.8,54.8],[-5.8,54.9],[-5.7,54.8],[-5.7,54.7],[-5.8,54.7],[-5.9,54.7],[-5.9,54.6],[-5.8,54.6],[-5.8,54.7],[-5.7,54.7],[-5.6,54.7],[-5.5,54.7],[-5.5,54.6],[-5.5,54.5],[-5.4,54.5],[-5.5,54.4],[-5.5,54.3],[-5.5,54.4],[-5.6,54.4],[-5.5,54.4],[-5.5,54.5],[-5.6,54.5],[-5.6,54.6],[-5.7,54.6],[-5.7,54.5],[-5.6,54.5],[-5.7,54.5],[-5.6,54.5],[-5.6,54.4],[-5.7,54.4],[-5.6,54.4],[-5.5,54.3],[-5.6,54.3],[-5.6,54.2],[-5.7,54.2],[-5.8,54.2],[-5.9,54.2],[-5.9,54.1],[-6.0,54.1],[-6.0,54.0],[-6.1,54.0],[-6.1,54.1],[-6.2,54.1],[-6.3,54.1],[-6.4,54.1],[-6.5,54.1],[-6.6,54.0],[-6.6,54.1],[-6.6,54.0],[-6.7,54.1],[-6.6,54.1],[-6.6,54.2],[-6.7,54.2],[-6.8,54.2],[-6.8,54.3],[-6.9,54.3],[-6.9,54.4],[-7.0,54.4],[-7.1,54.4],[-7.1,54.3],[-7.2,54.3],[-7.1,54.3],[-7.2,54.2],[-7.3,54.2],[-7.2,54.2],[-7.3,54.2],[-7.3,54.1],[-7.3,54.2],[-7.3,54.1],[-7.4,54.1],[-7.5,54.1],[-7.6,54.1],[-7.6,54.2],[-7.7,54.2],[-7.8,54.2],[-7.9,54.2],[-7.9,54.3],[-8.0,54.3],[-8.0,54.4],[-8.1,54.4],[-8.2,54.4],[-8.2,54.5],[-8.1,54.5],[-8.0,54.5],[-7.9,54.5],[-7.8,54.5],[-7.7,54.6],[-7.8,54.6],[-7.9,54.6],[-7.9,54.7],[-7.8,54.7],[-7.7,54.7],[-7.6,54.7],[-7.5,54.7],[-7.6,54.8],[-7.5,54.8],[-7.5,54.9],[-7.4,54.9],[-7.4,55.0],[-7.3,55.0],[-7.3,55.1],[-7.2,55.1]]],[[[-1.1,60.4],[-1.1,60.5],[-1.0,60.5],[-1.0,60.4],[-1.1,60.4],[-1.2,60.4],[-1.2,60.3],[-1.1,60.3],[-1.1,60.2],[-1.2,60.3],[-1.2,60.2],[-1.1,60.2],[-1.2,60.2],[-1.1,60.2],[-1.1,60.1],[-1.2,60.1],[-1.1,60.1],[-1.2,60.1],[-1.2,60.0],[-1.3,59.9],[-1.4,59.9],[-1.3,60.0],[-1.3,60.1],[-1.3,60.2],[-1.4,60.2],[-1.4,60.3],[-1.4,60.2],[-1.3,60.2],[-1.4,60.2],[-1.5,60.2],[-1.6,60.2],[-1.7,60.2],[-1.7,60.3],[-1.6,60.3],[-1.5,60.3],[-1.6,60.3],[-1.5,60.3],[-1.4,60.3],[-1.5,60.3],[-1.4,60.3],[-1.3,60.3],[-1.4,60.3],[-1.3,60.3],[-1.3,60.4],[-1.4,60.4],[-1.4,60.5],[-1.5,60.5],[-1.6,60.5],[-1.5,60.5],[-1.5,60.6],[-1.5,60.5],[-1.4,60.5],[-1.5,60.5],[-1.5,60.6],[-1.4,60.6],[-1.3,60.6],[-1.3,60.5],[-1.4,60.4],[-1.3,60.4],[-1.2,60.4],[-1.3,60.5],[-1.2,60.5],[-1.2,60.4],[-1.1,60.4]]],[[[-7.0,57.7],[-7.0,57.8],[-7.1,57.8],[-7.0,57.9],[-6.9,57.9],[-7.0,57.9],[-6.9,57.9],[-6.8,57.9],[-6.9,57.9],[-6.8,57.9],[-6.9,57.9],[-6.9,58.0],[-7.0,58.0],[-7.1,58.0],[-7.0,58.0],[-6.9,58.1],[-7.0,58.0],[-7.1,58.0],[-7.0,58.1],[-7.1,58.1],[-7.0,58.1],[-7.1,58.1],[-7.1,58.2],[-7.0,58.2],[-7.1,58.2],[-7.0,58.2],[-6.9,58.2],[-6.9,58.1],[-6.9,58.2],[-6.8,58.2],[-6.7,58.2],[-6.8,58.2],[-6.8,58.3],[-6.7,58.3],[-6.6,58.3],[-6.6,58.4],[-6.5,58.4],[-6.3,58.5],[-6.2,58.5],[-6.2,58.4],[-6.2,58.3],[-6.3,58.3],[-6.3,58.2],[-6.4,58.2],[-6.3,58.2],[-6.2,58.2],[-6.2,58.3],[-6.2,58.2],[-6.3,58.2],[-6.4,58.2],[-6.4,58.1],[-6.5,58.1],[-6.6,58.1],[-6.5,58.1],[-6.4,58.1],[-6.4,58.0],[-6.5,58.0],[-6.6,58.0],[-6.5,58.0],[-6.5,57.9],[-6.6,57.9],[-6.5,57.9],[-6.6,57.9],[-6.6,58.0],[-6.6,57.9],[-6.7,57.9],[-6.7,58.0],[-6.6,58.1],[-6.7,58.1],[-6.7,58.0],[-6.8,58.0],[-6.7,58.0],[-6.7,57.9],[-6.8,57.9],[-6.7,57.8],[-6.8,57.8],[-6.9,57.8],[-6.8,57.8],[-6.9,57.8],[-7.0,57.7]]],[[[-6.6,57.3],[-6.7,57.4],[-6.8,57.4],[-6.8,57.5],[-6.7,57.5],[-6.6,57.5],[-6.6,57.4],[-6.6,57.5],[-6.7,57.6],[-6.6,57.6],[-6.5,57.5],[-6.4,57.5],[-6.3,57.5],[-6.4,57.5],[-6.4,57.6],[-6.4,57.7],[-6.3,57.7],[-6.2,57.6],[-6.1,57.5],[-6.1,57.4],[-6.2,57.4],[-6.1,57.4],[-6.1,57.3],[-6.2,57.3],[-6.1,57.3],[-6.0,57.3],[-6.1,57.3],[-6.0,57.3],[-5.9,57.3],[-5.9,57.2],[-5.9,57.3],[-5.8,57.3],[-5.7,57.3],[-5.6,57.3],[-5.7,57.2],[-5.8,57.2],[-5.8,57.1],[-5.9,57.1],[-5.9,57.0],[-6.0,57.0],[-6.0,57.1],[-5.9,57.2],[-5.8,57.2],[-5.9,57.2],[-6.0,57.2],[-6.1,57.2],[-6.0,57.2],[-6.1,57.2],[-6.1,57.1],[-6.1,57.2],[-6.2,57.2],[-6.3,57.2],[-6.4,57.2],[-6.3,57.2],[-6.4,57.2],[-6.5,57.3],[-6.4,57.3],[-6.3,57.3],[-6.4,57.3],[-6.4,57.4],[-6.5,57.3],[-6.4,57.4],[-6.5,57.4],[-6.6,57.4],[-6.6,57.3]]],[[[-5.7,56.4],[-5.8,56.4],[-5.7,56.4],[-5.8,56.3],[-5.9,56.3],[-5.9,56.4],[-5.9,56.3],[-6.0,56.3],[-6.1,56.3],[-6.2,56.3],[-6.3,56.3],[-6.4,56.3],[-6.3,56.3],[-6.2,56.3],[-6.1,56.4],[-6.0,56.4],[-6.1,56.4],[-6.2,56.4],[-6.1,56.4],[-6.1,56.5],[-6.1,56.4],[-6.0,56.5],[-6.1,56.5],[-6.2,56.5],[-6.3,56.5],[-6.3,56.6],[-6.2,56.6],[-6.2,56.7],[-6.1,56.7],[-6.1,56.6],[-6.0,56.6],[-6.0,56.5],[-5.9,56.5],[-5.8,56.5],[-5.7,56.5],[-5.7,56.4],[-5.7,56.5],[-5.6,56.4],[-5.7,56.4]]]]}},{"type":"Feature","properties":{"iso3":"GRC","name":"Greece","ilo169":"not ratified","colonial":"none recorded","conquests_made":1},"geometry":{"type":"MultiPolygon","coordinates":[[[[21.0,40.8],[21.1,40.9],[21.2,40.9],[21.3,40.9],[21.4,40.9],[21.5,40.9],[21.6,40.9],[21.7,40.9],[21.8,40.9],[21.8,41.0],[21.9,41.0],[21.9,41.1],[22.0,41.1],[22.0,41.2],[22.1,41.1],[22.2,41.2],[22.3,41.2],[22.3,41.1],[22.4,41.1],[22.5,41.1],[22.6,41.1],[22.6,41.2],[22.7,41.2],[22.7,41.1],[22.7,41.2],[22.7,41.3],[22.8,41.3],[22.9,41.3],[23.1,41.3],[23.2,41.3],[23.2,41.4],[23.3,41.4],[23.4,41.4],[23.5,41.4],[23.6,41.4],[23.7,41.4],[23.8,41.4],[23.9,41.4],[23.9,41.5],[23.9,41.4],[24.0,41.4],[24.0,41.5],[24.1,41.5],[24.0,41.5],[24.1,41.5],[24.2,41.5],[24.2,41.6],[24.3,41.6],[24.3,41.5],[24.4,41.5],[24.5,41.5],[24.5,41.6],[24.5,41.5],[24.6,41.5],[24.6,41.4],[24.7,41.4],[24.8,41.4],[24.8,41.3],[24.8,41.4],[24.9,41.4],[25.1,41.3],[25.2,41.3],[25.2,41.2],[25.3,41.2],[25.5,41.3],[25.6,41.3],[25.7,41.3],[25.8,41.3],[25.9,41.3],[26.0,41.3],[26.1,41.4],[26.2,41.4],[26.2,41.5],[26.1,41.5],[26.2,41.5],[26.1,41.5],[26.1,41.6],[26.1,41.7],[26.0,41.7],[26.1,41.7],[26.2,41.7],[26.2,41.8],[26.2,41.7],[26.3,41.7],[26.4,41.7],[26.5,41.7],[26.5,41.6],[26.6,41.6],[26.6,41.5],[26.6,41.4],[26.6,41.3],[26.5,41.4],[26.5,41.3],[26.4,41.3],[26.3,41.3],[26.3,41.2],[26.3,41.1],[26.3,41.0],[26.4,41.0],[26.3,41.0],[26.4,41.0],[26.3,41.0],[26.3,40.9],[26.2,40.9],[26.2,40.8],[26.1,40.8],[26.1,40.7],[26.0,40.7],[26.0,40.8],[26.1,40.8],[26.0,40.8],[25.9,40.9],[25.9,40.8],[25.8,40.8],[25.8,40.9],[25.7,40.9],[25.6,40.9],[25.5,40.9],[25.4,40.9],[25.3,40.9],[25.3,41.0],[25.3,40.9],[25.2,40.9],[25.2,41.0],[25.1,41.0],[25.2,41.0],[25.1,41.0],[25.0,41.0],[25.0,40.9],[24.9,40.9],[24.8,40.9],[24.7,40.9],[24.6,40.9],[24.6,41.0],[24.5,41.0],[24.5,40.9],[24.4,40.9],[24.3,40.9],[24.3,40.8],[24.2,40.8],[24.1,40.7],[24.0,40.7],[23.9,40.8],[23.8,40.8],[23.7,40.8],[23.7,40.7],[23.8,40.6],[23.9,40.6],[23.9,40.5],[23.8,40.5],[23.9,40.4],[24.0,40.4],[24.1,40.4],[24.2,40.4],[24.2,40.3],[24.3,40.3],[24.3,40.2],[24.4,40.2],[24.4,40.1],[24.3,40.1],[24.3,40.2],[24.2,40.2],[24.2,40.3],[24.1,40.3],[24.0,40.3],[24.0,40.4],[23.9,40.4],[23.8,40.4],[23.8,40.3],[23.7,40.4],[23.7,40.3],[23.7,40.2],[23.8,40.2],[23.9,40.2],[23.9,40.1],[24.0,40.1],[24.0,40.0],[23.9,40.0],[23.8,40.0],[23.8,40.1],[23.7,40.2],[23.6,40.2],[23.5,40.2],[23.5,40.3],[23.4,40.3],[23.3,40.2],[23.4,40.2],[23.4,40.1],[23.5,40.1],[23.5,40.0],[23.6,40.0],[23.7,40.0],[23.7,39.9],[23.6,39.9],[23.5,40.0],[23.4,40.0],[23.4,40.1],[23.3,40.1],[23.3,40.2],[23.3,40.3],[23.2,40.3],[23.1,40.3],[23.0,40.3],[23.0,40.4],[22.9,40.4],[22.9,40.5],[22.8,40.5],[22.9,40.5],[23.0,40.5],[23.0,40.6],[22.9,40.6],[22.8,40.6],[22.7,40.6],[22.7,40.5],[22.8,40.5],[22.7,40.5],[22.6,40.5],[22.6,40.4],[22.7,40.4],[22.6,40.3],[22.6,40.2],[22.5,40.1],[22.6,40.1],[22.6,40.0],[22.7,40.0],[22.7,39.9],[22.8,39.8],[22.9,39.8],[22.9,39.7],[22.9,39.6],[23.0,39.6],[23.0,39.5],[23.1,39.5],[23.2,39.4],[23.3,39.3],[23.3,39.2],[23.3,39.1],[23.2,39.1],[23.1,39.1],[23.1,39.2],[23.1,39.1],[23.2,39.1],[23.2,39.2],[23.2,39.3],[23.1,39.3],[23.0,39.3],[23.0,39.4],[22.9,39.4],[22.9,39.3],[22.8,39.3],[22.8,39.2],[22.9,39.2],[22.9,39.1],[23.0,39.1],[23.0,39.0],[23.1,39.0],[23.0,39.0],[22.9,38.9],[22.8,38.9],[22.7,38.9],[22.6,38.9],[22.5,38.9],[22.6,38.9],[22.6,38.8],[22.7,38.9],[22.7,38.8],[22.8,38.8],[22.9,38.8],[23.0,38.8],[23.0,38.7],[23.1,38.7],[23.1,38.6],[23.2,38.7],[23.3,38.7],[23.3,38.6],[23.3,38.5],[23.4,38.5],[23.3,38.5],[23.4,38.5],[23.5,38.5],[23.6,38.5],[23.6,38.4],[23.7,38.4],[23.7,38.3],[23.8,38.3],[23.9,38.3],[24.0,38.3],[24.0,38.2],[24.1,38.2],[24.1,38.1],[24.0,38.1],[24.0,38.0],[24.0,37.9],[24.1,37.9],[24.0,37.9],[24.1,37.9],[24.1,37.8],[24.1,37.7],[24.0,37.7],[23.9,37.7],[23.9,37.8],[23.8,37.8],[23.7,37.9],[23.6,37.9],[23.6,38.0],[23.6,37.9],[23.6,38.0],[23.5,38.0],[23.4,38.0],[23.3,38.0],[23.2,38.0],[23.2,37.9],[23.1,37.9],[23.0,37.9],[23.0,37.8],[23.0,37.9],[23.0,37.8],[23.1,37.8],[23.1,37.9],[23.1,37.8],[23.2,37.8],[23.1,37.8],[23.1,37.7],[23.2,37.7],[23.2,37.6],[23.3,37.6],[23.3,37.5],[23.4,37.5],[23.4,37.6],[23.3,37.6],[23.4,37.6],[23.4,37.5],[23.5,37.5],[23.5,37.4],[23.4,37.4],[23.3,37.4],[23.2,37.4],[23.3,37.4],[23.3,37.3],[23.2,37.3],[23.1,37.3],[23.2,37.3],[23.1,37.3],[23.1,37.4],[23.1,37.5],[23.0,37.5],[23.1,37.5],[23.0,37.5],[22.9,37.5],[22.8,37.5],[22.8,37.6],[22.7,37.6],[22.7,37.5],[22.8,37.5],[22.8,37.4],[22.8,37.3],[22.9,37.3],[22.9,37.2],[22.9,37.1],[23.0,37.1],[23.0,37.0],[23.0,36.9],[23.1,36.9],[23.1,36.8],[23.1,36.7],[23.0,36.7],[23.1,36.7],[23.0,36.7],[23.0,36.6],[23.1,36.6],[23.1,36.5],[23.2,36.5],[23.1,36.5],[23.2,36.5],[23.2,36.4],[23.1,36.4],[23.1,36.5],[23.0,36.5],[22.9,36.6],[22.9,36.7],[22.8,36.7],[22.8,36.8],[22.7,36.8],[22.6,36.8],[22.6,36.7],[22.5,36.7],[22.6,36.7],[22.5,36.7],[22.5,36.6],[22.5,36.5],[22.5,36.4],[22.5,36.5],[22.4,36.5],[22.4,36.6],[22.4,36.7],[22.3,36.7],[22.3,36.8],[22.2,36.9],[22.1,36.9],[22.1,37.0],[22.2,37.0],[22.1,37.0],[22.0,37.0],[21.9,37.0],[21.9,36.9],[21.9,36.8],[22.0,36.8],[21.9,36.8],[21.9,36.7],[21.9,36.8],[21.8,36.8],[21.7,36.8],[21.7,36.9],[21.7,37.0],[21.6,37.0],[21.6,37.1],[21.6,37.2],[21.7,37.3],[21.7,37.4],[21.6,37.5],[21.5,37.6],[21.4,37.6],[21.4,37.7],[21.3,37.7],[21.3,37.6],[21.3,37.7],[21.3,37.8],[21.2,37.8],[21.1,37.8],[21.1,37.9],[21.2,37.9],[21.3,38.0],[21.3,38.1],[21.4,38.1],[21.4,38.2],[21.5,38.2],[21.6,38.2],[21.7,38.2],[21.7,38.3],[21.8,38.3],[21.9,38.3],[22.0,38.3],[22.1,38.3],[22.1,38.2],[22.2,38.2],[22.3,38.2],[22.4,38.2],[22.4,38.1],[22.5,38.1],[22.6,38.1],[22.7,38.1],[22.8,38.0],[22.9,37.9],[23.0,37.9],[23.0,38.0],[22.9,38.0],[22.9,38.1],[23.0,38.1],[23.1,38.1],[23.2,38.1],[23.2,38.2],[23.1,38.2],[23.0,38.2],[23.1,38.2],[23.0,38.2],[22.9,38.2],[23.0,38.2],[22.9,38.2],[22.8,38.2],[22.8,38.3],[22.7,38.3],[22.7,38.4],[22.6,38.4],[22.6,38.3],[22.5,38.3],[22.5,38.4],[22.4,38.4],[22.4,38.5],[22.4,38.4],[22.4,38.3],[22.3,38.3],[22.3,38.4],[22.3,38.3],[22.3,38.4],[22.2,38.4],[22.2,38.3],[22.2,38.4],[22.1,38.4],[22.0,38.4],[21.9,38.4],[21.8,38.4],[21.8,38.3],[21.7,38.3],[21.7,38.4],[21.6,38.4],[21.6,38.3],[21.6,38.4],[21.5,38.3],[21.4,38.3],[21.5,38.3],[21.5,38.4],[21.4,38.4],[21.4,38.5],[21.3,38.5],[21.4,38.4],[21.3,38.4],[21.3,38.3],[21.2,38.3],[21.1,38.3],[21.1,38.4],[21.1,38.5],[21.0,38.5],[21.0,38.6],[21.0,38.7],[20.9,38.7],[20.9,38.8],[20.8,38.8],[20.7,38.8],[20.7,38.9],[20.8,38.9],[20.8,39.0],[20.8,38.9],[20.9,39.0],[20.9,38.9],[20.9,39.0],[20.9,38.9],[21.0,38.9],[21.1,38.9],[21.2,38.9],[21.1,38.9],[21.1,39.0],[21.2,39.0],[21.1,39.0],[21.1,39.1],[21.1,39.0],[21.0,39.0],[21.1,39.0],[21.0,39.0],[20.9,39.0],[20.9,39.1],[20.9,39.0],[20.8,39.0],[20.9,39.0],[20.9,39.1],[20.8,39.1],[20.8,39.0],[20.7,39.0],[20.8,39.0],[20.7,39.0],[20.7,39.1],[20.6,39.1],[20.5,39.2],[20.5,39.3],[20.4,39.3],[20.3,39.3],[20.3,39.4],[20.2,39.4],[20.3,39.4],[20.3,39.5],[20.2,39.5],[20.3,39.5],[20.2,39.5],[20.1,39.5],[20.1,39.6],[20.2,39.6],[20.1,39.6],[20.1,39.7],[20.0,39.7],[20.1,39.7],[20.2,39.6],[20.2,39.7],[20.3,39.7],[20.3,39.8],[20.4,39.8],[20.3,39.9],[20.3,40.0],[20.4,40.0],[20.4,40.1],[20.5,40.1],[20.6,40.1],[20.7,40.1],[20.7,40.2],[20.7,40.3],[20.8,40.3],[20.8,40.4],[20.8,40.5],[20.9,40.5],[21.0,40.5],[21.0,40.6],[21.0,40.7],[21.0,40.8],[20.9,40.8],[21.0,40.8]]],[[[26.3,35.3],[26.3,35.2],[26.3,35.1],[26.2,35.0],[26.1,35.0],[26.0,35.0],[25.9,35.0],[25.8,35.0],[25.6,35.0],[25.5,35.0],[25.4,35.0],[25.3,35.0],[25.2,35.0],[25.1,35.0],[25.1,34.9],[25.0,34.9],[24.7,34.9],[24.8,34.9],[24.8,35.0],[24.8,35.1],[24.7,35.1],[24.6,35.1],[24.5,35.1],[24.5,35.2],[24.4,35.2],[24.3,35.2],[24.2,35.2],[24.1,35.2],[24.0,35.2],[23.9,35.2],[23.8,35.3],[23.8,35.2],[23.7,35.2],[23.6,35.2],[23.6,35.3],[23.5,35.3],[23.6,35.3],[23.5,35.3],[23.5,35.4],[23.6,35.4],[23.6,35.5],[23.6,35.6],[23.6,35.5],[23.7,35.5],[23.7,35.6],[23.7,35.7],[23.8,35.7],[23.8,35.6],[23.8,35.5],[23.9,35.5],[24.0,35.5],[24.1,35.5],[24.1,35.6],[24.2,35.6],[24.2,35.5],[24.1,35.5],[24.2,35.5],[24.3,35.5],[24.3,35.4],[24.3,35.3],[24.4,35.4],[24.5,35.4],[24.6,35.4],[24.7,35.4],[24.8,35.4],[24.9,35.4],[25.0,35.4],[25.1,35.4],[25.0,35.4],[25.1,35.4],[25.1,35.3],[25.2,35.3],[25.2,35.4],[25.2,35.3],[25.3,35.3],[25.4,35.3],[25.5,35.3],[25.6,35.3],[25.7,35.3],[25.8,35.3],[25.7,35.3],[25.8,35.3],[25.7,35.3],[25.7,35.2],[25.7,35.1],[25.8,35.1],[25.8,35.2],[25.9,35.2],[26.0,35.2],[26.1,35.2],[26.2,35.2],[26.2,35.3],[26.3,35.3]]],[[[24.6,38.2],[24.6,38.1],[24.6,38.0],[24.5,38.0],[24.4,38.0],[24.3,38.0],[24.3,38.1],[24.2,38.1],[24.2,38.2],[24.1,38.2],[24.1,38.3],[24.2,38.3],[24.1,38.3],[24.0,38.3],[24.1,38.3],[24.1,38.4],[24.0,38.4],[23.9,38.4],[23.8,38.4],[23.7,38.4],[23.6,38.4],[23.6,38.5],[23.6,38.6],[23.5,38.6],[23.5,38.7],[23.4,38.7],[23.3,38.7],[23.3,38.8],[23.2,38.8],[23.1,38.9],[23.1,38.8],[23.1,38.9],[23.0,38.9],[23.0,38.8],[22.9,38.8],[22.8,38.8],[22.8,38.9],[22.9,38.9],[23.0,38.9],[23.1,38.9],[23.1,39.0],[23.2,39.0],[23.3,39.0],[23.4,39.0],[23.4,38.9],[23.5,38.9],[23.5,38.8],[23.6,38.8],[23.7,38.8],[23.7,38.7],[23.8,38.7],[23.9,38.7],[24.0,38.7],[24.1,38.7],[24.2,38.7],[24.1,38.6],[24.2,38.5],[24.2,38.4],[24.2,38.3],[24.3,38.3],[24.2,38.2],[24.3,38.2],[24.4,38.2],[24.4,38.1],[24.5,38.1],[24.6,38.2]]],[[[26.6,39.0],[26.5,39.0],[26.5,39.1],[26.4,39.1],[26.5,39.1],[26.5,39.0],[26.4,39.0],[26.3,39.0],[26.2,39.0],[26.1,39.0],[26.1,39.1],[26.2,39.1],[26.3,39.2],[26.2,39.2],[26.1,39.2],[26.1,39.1],[26.0,39.1],[25.9,39.1],[25.9,39.2],[25.8,39.2],[25.9,39.2],[25.8,39.2],[25.9,39.2],[25.9,39.3],[26.0,39.3],[26.1,39.3],[26.2,39.3],[26.2,39.4],[26.3,39.4],[26.4,39.4],[26.4,39.3],[26.4,39.2],[26.5,39.2],[26.5,39.1],[26.6,39.1],[26.6,39.0]]],[[[25.4,40.0],[25.4,39.9],[25.3,39.9],[25.4,39.9],[25.3,39.9],[25.4,39.9],[25.3,39.9],[25.3,39.8],[25.4,39.8],[25.3,39.8],[25.3,39.9],[25.2,39.9],[25.3,39.9],[25.2,39.9],[25.2,39.8],[25.2,39.9],[25.2,39.8],[25.1,39.8],[25.2,39.8],[25.2,39.9],[25.1,39.8],[25.1,39.9],[25.1,39.8],[25.0,39.8],[25.1,39.8],[25.1,39.9],[25.0,39.9],[25.1,39.9],[25.0,39.9],[25.0,40.0],[25.1,40.0],[25.2,40.0],[25.3,40.0],[25.4,40.0]]],[[[20.7,38.1],[20.6,38.1],[20.5,38.1],[20.5,38.2],[20.5,38.3],[20.4,38.3],[20.4,38.2],[20.3,38.2],[20.4,38.2],[20.4,38.3],[20.4,38.4],[20.4,38.3],[20.4,38.4],[20.4,38.3],[20.5,38.3],[20.5,38.4],[20.6,38.4],[20.5,38.4],[20.5,38.5],[20.6,38.5],[20.6,38.4],[20.6,38.3],[20.7,38.3],[20.7,38.2],[20.8,38.2],[20.8,38.1],[20.7,38.1]]]]}},{"type":"Feature","properties":{"iso3":"ZMB","name":"Zambia","ilo169":"not ratified","colonial":"none recorded","land_deal_ha":610354.1,"debt_pct_gni":114.2},"geometry":{"type":"Polygon","coordinates":[[[32.9,-9.4],[32.9,-9.5],[33.0,-9.5],[33.0,-9.6],[33.1,-9.6],[33.1,-9.7],[33.1,-9.6],[33.2,-9.6],[33.2,-9.7],[33.3,-9.8],[33.4,-9.9],[33.3,-10.0],[33.3,-10.1],[33.4,-10.1],[33.4,-10.2],[33.5,-10.2],[33.5,-10.3],[33.6,-10.4],[33.6,-10.5],[33.7,-10.5],[33.7,-10.6],[33.6,-10.6],[33.6,-10.7],[33.5,-10.7],[33.5,-10.8],[33.4,-10.8],[33.3,-10.8],[33.3,-10.9],[33.2,-10.9],[33.3,-10.9],[33.3,-11.0],[33.3,-11.1],[33.4,-11.1],[33.4,-11.2],[33.3,-11.3],[33.3,-11.4],[33.2,-11.4],[33.2,-11.5],[33.2,-11.6],[33.3,-11.6],[33.3,-11.8],[33.3,-11.9],[33.3,-12.0],[33.3,-12.1],[33.3,-12.2],[33.3,-12.3],[33.4,-12.3],[33.5,-12.3],[33.5,-12.4],[33.5,-12.5],[33.4,-12.5],[33.3,-12.5],[33.2,-12.5],[33.2,-12.6],[33.1,-12.6],[33.0,-12.6],[33.0,-12.7],[32.9,-12.8],[33.0,-12.9],[33.0,-13.0],[33.0,-13.1],[33.0,-13.2],[32.9,-13.3],[32.9,-13.4],[32.8,-13.5],[32.7,-13.6],[32.8,-13.6],[32.8,-13.7],[32.8,-13.8],[32.9,-13.8],[32.9,-13.9],[33.0,-13.9],[33.0,-14.0],[33.0,-14.1],[33.0,-14.0],[33.1,-14.0],[33.1,-13.9],[33.2,-13.9],[33.2,-14.0],[33.1,-14.0],[33.0,-14.1],[32.9,-14.1],[32.7,-14.2],[32.6,-14.2],[32.4,-14.3],[32.3,-14.3],[32.2,-14.3],[32.1,-14.4],[32.0,-14.4],[31.9,-14.4],[31.8,-14.5],[31.7,-14.5],[31.6,-14.6],[31.5,-14.6],[31.4,-14.6],[31.3,-14.7],[31.2,-14.7],[31.1,-14.7],[30.9,-14.7],[30.8,-14.8],[30.7,-14.8],[30.6,-14.8],[30.5,-14.9],[30.4,-14.9],[30.3,-15.0],[30.2,-15.0],[30.2,-15.1],[30.3,-15.2],[30.3,-15.3],[30.4,-15.3],[30.4,-15.4],[30.4,-15.5],[30.4,-15.6],[30.4,-15.7],[30.3,-15.7],[30.3,-15.6],[30.2,-15.6],[30.2,-15.7],[30.2,-15.6],[30.1,-15.6],[30.0,-15.6],[29.9,-15.6],[29.8,-15.6],[29.7,-15.6],[29.7,-15.7],[29.6,-15.7],[29.5,-15.7],[29.4,-15.7],[29.2,-15.8],[29.1,-15.9],[29.0,-15.9],[29.0,-16.0],[28.9,-16.0],[28.9,-16.1],[28.9,-16.2],[28.8,-16.2],[28.9,-16.2],[28.8,-16.3],[28.9,-16.4],[28.8,-16.4],[28.8,-16.5],[28.7,-16.6],[28.6,-16.6],[28.3,-16.7],[28.2,-16.7],[28.1,-16.8],[28.0,-16.9],[27.9,-16.9],[27.8,-17.0],[27.6,-17.2],[27.6,-17.3],[27.6,-17.4],[27.5,-17.4],[27.4,-17.5],[27.2,-17.8],[27.1,-17.8],[27.1,-17.9],[27.0,-17.9],[27.0,-18.0],[26.9,-18.0],[26.8,-18.0],[26.7,-18.0],[26.7,-18.1],[26.6,-18.0],[26.5,-18.0],[26.4,-17.9],[26.3,-17.9],[26.2,-17.9],[26.1,-17.9],[26.1,-18.0],[26.0,-18.0],[25.9,-18.0],[25.8,-17.9],[25.9,-17.9],[25.8,-17.9],[25.8,-17.8],[25.7,-17.8],[25.6,-17.8],[25.5,-17.8],[25.5,-17.9],[25.4,-17.9],[25.4,-17.8],[25.3,-17.8],[25.2,-17.8],[25.2,-17.7],[25.1,-17.7],[25.1,-17.6],[25.0,-17.6],[24.9,-17.6],[24.9,-17.5],[24.8,-17.5],[24.7,-17.5],[24.6,-17.5],[24.5,-17.5],[24.4,-17.5],[24.3,-17.5],[24.2,-17.5],[24.1,-17.5],[24.0,-17.5],[23.9,-17.5],[23.8,-17.6],[23.7,-17.6],[23.6,-17.6],[23.5,-17.6],[23.4,-17.6],[23.3,-17.6],[23.3,-17.5],[23.2,-17.5],[23.1,-17.5],[23.1,-17.4],[23.0,-17.3],[22.9,-17.3],[22.9,-17.2],[22.8,-17.2],[22.7,-17.1],[22.7,-17.0],[22.6,-17.0],[22.6,-16.9],[22.5,-16.9],[22.4,-16.8],[22.4,-16.7],[22.3,-16.7],[22.2,-16.7],[22.2,-16.6],[22.1,-16.6],[22.1,-16.5],[22.1,-16.4],[22.1,-16.3],[22.0,-16.3],[22.0,-16.2],[22.0,-16.1],[22.0,-16.0],[22.0,-15.9],[22.0,-15.8],[22.0,-15.6],[22.0,-15.5],[22.0,-15.4],[22.0,-15.3],[22.0,-15.1],[22.0,-15.0],[22.0,-14.8],[22.0,-14.7],[22.0,-14.5],[22.0,-14.4],[22.0,-14.2],[22.0,-14.1],[22.0,-13.9],[22.0,-13.8],[22.0,-13.7],[22.0,-13.6],[22.0,-13.5],[22.0,-13.3],[22.0,-13.2],[22.0,-13.0],[22.1,-13.0],[22.2,-13.0],[22.4,-13.0],[22.5,-13.0],[22.6,-13.0],[22.7,-13.0],[22.8,-13.0],[23.0,-13.0],[23.1,-13.0],[23.2,-13.0],[23.3,-13.0],[23.5,-13.0],[23.6,-13.0],[23.7,-13.0],[23.8,-13.0],[24.0,-13.0],[24.0,-12.9],[23.9,-12.9],[23.9,-12.8],[23.9,-12.7],[23.9,-12.6],[23.9,-12.5],[24.0,-12.5],[24.0,-12.4],[24.0,-12.3],[24.0,-12.2],[24.0,-12.0],[24.0,-11.9],[24.0,-11.8],[24.0,-11.7],[24.0,-11.6],[24.0,-11.5],[24.0,-11.4],[24.1,-11.4],[24.0,-11.3],[24.0,-11.1],[24.0,-11.0],[24.0,-10.9],[24.1,-10.9],[24.1,-11.0],[24.2,-11.0],[24.3,-11.0],[24.3,-11.1],[24.4,-11.1],[24.4,-11.2],[24.4,-11.3],[24.3,-11.4],[24.4,-11.4],[24.4,-11.5],[24.5,-11.5],[24.5,-11.4],[24.6,-11.4],[24.7,-11.4],[24.7,-11.3],[24.8,-11.3],[24.9,-11.3],[25.0,-11.3],[25.1,-11.3],[25.2,-11.2],[25.3,-11.2],[25.3,-11.3],[25.3,-11.4],[25.3,-11.5],[25.3,-11.6],[25.4,-11.6],[25.4,-11.7],[25.5,-11.7],[25.5,-11.8],[25.6,-11.8],[25.6,-11.7],[25.7,-11.8],[25.8,-11.8],[25.9,-11.8],[25.9,-11.9],[26.0,-11.9],[26.2,-11.9],[26.3,-11.9],[26.4,-11.9],[26.5,-11.9],[26.5,-12.0],[26.6,-12.0],[26.7,-12.0],[26.8,-12.0],[26.9,-12.0],[26.9,-11.9],[27.0,-11.9],[27.0,-11.8],[27.0,-11.7],[27.0,-11.6],[27.1,-11.6],[27.2,-11.6],[27.2,-11.7],[27.2,-11.8],[27.4,-11.9],[27.5,-12.0],[27.5,-12.2],[27.6,-12.2],[27.6,-12.3],[27.7,-12.3],[27.8,-12.3],[27.9,-12.3],[28.0,-12.3],[28.0,-12.4],[28.1,-12.4],[28.2,-12.4],[28.3,-12.4],[28.3,-12.5],[28.4,-12.5],[28.5,-12.6],[28.5,-12.7],[28.5,-12.8],[28.5,-12.9],[28.6,-12.9],[28.6,-12.8],[28.7,-12.8],[28.7,-12.9],[28.8,-13.0],[28.8,-13.1],[28.9,-13.1],[28.9,-13.2],[28.9,-13.3],[29.0,-13.4],[29.1,-13.4],[29.2,-13.4],[29.3,-13.4],[29.4,-13.3],[29.5,-13.3],[29.5,-13.2],[29.6,-13.2],[29.6,-13.3],[29.7,-13.3],[29.6,-13.3],[29.6,-13.4],[29.7,-13.4],[29.7,-13.5],[29.8,-13.5],[29.8,-13.4],[29.8,-13.3],[29.8,-13.2],[29.8,-13.0],[29.8,-12.9],[29.8,-12.7],[29.8,-12.5],[29.8,-12.4],[29.8,-12.3],[29.8,-12.2],[29.7,-12.2],[29.6,-12.2],[29.5,-12.2],[29.5,-12.3],[29.4,-12.3],[29.5,-12.3],[29.5,-12.4],[29.5,-12.5],[29.5,-12.4],[29.4,-12.4],[29.3,-12.4],[29.2,-12.4],[29.1,-12.4],[29.0,-12.4],[28.9,-12.2],[28.9,-12.1],[28.8,-12.1],[28.8,-12.0],[28.7,-12.0],[28.6,-12.0],[28.6,-11.9],[28.5,-11.9],[28.5,-11.8],[28.4,-11.7],[28.4,-11.6],[28.4,-11.5],[28.4,-11.4],[28.4,-11.3],[28.5,-11.3],[28.5,-11.2],[28.5,-11.1],[28.5,-11.0],[28.5,-10.9],[28.6,-10.8],[28.6,-10.7],[28.7,-10.7],[28.7,-10.6],[28.6,-10.5],[28.6,-10.4],[28.6,-10.3],[28.6,-10.2],[28.6,-10.1],[28.6,-10.0],[28.6,-9.9],[28.7,-9.9],[28.7,-9.8],[28.7,-9.7],[28.6,-9.7],[28.6,-9.6],[28.6,-9.5],[28.5,-9.5],[28.5,-9.4],[28.5,-9.3],[28.4,-9.3],[28.4,-9.2],[28.5,-9.2],[28.6,-9.1],[28.8,-8.9],[28.9,-8.8],[28.9,-8.7],[28.9,-8.6],[28.9,-8.5],[29.0,-8.5],[29.2,-8.4],[29.4,-8.4],[29.6,-8.4],[29.9,-8.3],[30.1,-8.3],[30.3,-8.3],[30.6,-8.2],[30.8,-8.2],[30.8,-8.3],[30.8,-8.4],[30.9,-8.5],[31.0,-8.6],[31.1,-8.6],[31.2,-8.6],[31.3,-8.6],[31.4,-8.6],[31.5,-8.7],[31.5,-8.8],[31.6,-8.8],[31.7,-8.9],[31.8,-8.9],[31.9,-8.9],[31.9,-9.0],[31.9,-9.1],[32.0,-9.1],[32.0,-9.0],[32.1,-9.0],[32.1,-9.1],[32.2,-9.1],[32.3,-9.1],[32.4,-9.1],[32.5,-9.2],[32.5,-9.3],[32.6,-9.3],[32.7,-9.3],[32.8,-9.3],[32.8,-9.4],[32.9,-9.4]]]}},{"type":"Feature","properties":{"iso3":"SLE","name":"Sierra Leone","ilo169":"not ratified","colonial":"none recorded","land_deal_ha":398140.7,"debt_pct_gni":31.1},"geometry":{"type":"MultiPolygon","coordinates":[[[[-10.3,8.5],[-10.3,8.4],[-10.3,8.3],[-10.3,8.2],[-10.4,8.1],[-10.5,8.1],[-10.6,8.1],[-10.6,8.0],[-10.6,7.8],[-10.7,7.7],[-10.9,7.5],[-11.0,7.5],[-11.1,7.4],[-11.1,7.3],[-11.2,7.3],[-11.3,7.2],[-11.4,7.2],[-11.4,7.1],[-11.4,7.0],[-11.4,6.9],[-11.5,6.9],[-11.6,7.0],[-11.7,7.1],[-11.8,7.1],[-12.1,7.2],[-12.3,7.3],[-12.5,7.4],[-12.4,7.4],[-12.5,7.4],[-12.5,7.5],[-12.4,7.5],[-12.3,7.5],[-12.3,7.6],[-12.2,7.6],[-12.3,7.6],[-12.4,7.6],[-12.4,7.5],[-12.4,7.6],[-12.5,7.6],[-12.5,7.7],[-12.5,7.6],[-12.5,7.7],[-12.5,7.8],[-12.5,7.7],[-12.6,7.7],[-12.7,7.7],[-12.8,7.7],[-12.8,7.8],[-12.9,7.8],[-12.9,7.9],[-13.0,7.9],[-12.9,7.9],[-12.8,7.9],[-12.9,8.0],[-12.9,8.1],[-12.9,8.2],[-13.0,8.2],[-13.0,8.3],[-13.0,8.2],[-13.1,8.2],[-13.2,8.2],[-13.2,8.3],[-13.2,8.4],[-13.3,8.4],[-13.3,8.5],[-13.2,8.5],[-13.1,8.4],[-13.0,8.4],[-13.1,8.4],[-13.1,8.5],[-13.0,8.5],[-13.0,8.6],[-12.9,8.6],[-12.9,8.5],[-12.9,8.6],[-12.9,8.7],[-12.9,8.6],[-13.0,8.6],[-13.1,8.6],[-13.0,8.6],[-13.0,8.7],[-13.1,8.7],[-13.1,8.6],[-13.1,8.7],[-13.2,8.7],[-13.2,8.6],[-13.1,8.6],[-13.1,8.5],[-13.2,8.5],[-13.2,8.6],[-13.2,8.7],[-13.2,8.8],[-13.2,8.9],[-13.2,8.8],[-13.1,8.8],[-13.1,8.9],[-13.0,8.9],[-13.1,8.9],[-13.2,8.9],[-13.1,8.9],[-13.2,8.9],[-13.2,9.0],[-13.3,9.0],[-13.3,9.1],[-13.2,9.1],[-13.2,9.0],[-13.1,9.0],[-13.1,9.1],[-13.0,9.1],[-13.0,9.2],[-13.0,9.3],[-12.9,9.3],[-12.8,9.3],[-12.8,9.4],[-12.7,9.4],[-12.7,9.5],[-12.6,9.6],[-12.6,9.7],[-12.5,9.7],[-12.5,9.8],[-12.5,9.9],[-12.4,9.9],[-12.3,9.9],[-12.2,9.9],[-12.1,9.9],[-11.9,9.9],[-11.9,10.0],[-11.5,10.0],[-11.3,10.0],[-11.2,10.0],[-11.2,9.9],[-11.1,9.8],[-11.0,9.8],[-11.0,9.7],[-10.9,9.6],[-10.9,9.5],[-10.8,9.4],[-10.7,9.4],[-10.7,9.3],[-10.7,9.2],[-10.8,9.1],[-10.7,9.1],[-10.6,9.1],[-10.6,9.0],[-10.6,8.9],[-10.6,8.8],[-10.5,8.8],[-10.5,8.7],[-10.5,8.6],[-10.6,8.6],[-10.6,8.5],[-10.7,8.5],[-10.7,8.4],[-10.7,8.3],[-10.6,8.3],[-10.5,8.3],[-10.5,8.4],[-10.4,8.4],[-10.4,8.5],[-10.3,8.5]]],[[[-12.5,7.6],[-12.5,7.5],[-12.5,7.4],[-12.6,7.4],[-12.6,7.5],[-12.7,7.5],[-12.8,7.5],[-13.0,7.6],[-12.9,7.6],[-12.8,7.6],[-12.7,7.6],[-12.6,7.6],[-12.5,7.6]]]]}},{"type":"Feature","properties":{"iso3":"GIN","name":"Guinea","ilo169":"not ratified","colonial":"none recorded","land_deal_ha":188980.0,"debt_pct_gni":23.2},"geometry":{"type":"Polygon","coordinates":[[[-13.3,9.0],[-13.3,9.1],[-13.3,9.2],[-13.2,9.2],[-13.3,9.2],[-13.2,9.2],[-13.2,9.3],[-13.3,9.2],[-13.3,9.3],[-13.3,9.4],[-13.3,9.3],[-13.4,9.3],[-13.4,9.4],[-13.5,9.4],[-13.5,9.5],[-13.5,9.6],[-13.5,9.5],[-13.6,9.5],[-13.6,9.6],[-13.6,9.5],[-13.7,9.5],[-13.7,9.6],[-13.6,9.6],[-13.6,9.7],[-13.6,9.8],[-13.7,9.8],[-13.7,9.7],[-13.7,9.8],[-13.7,9.9],[-13.7,10.0],[-13.7,9.9],[-13.8,9.9],[-13.9,9.9],[-13.9,10.0],[-14.0,10.0],[-14.1,10.0],[-14.1,10.1],[-14.0,10.1],[-14.1,10.1],[-14.0,10.1],[-14.0,10.2],[-14.1,10.2],[-14.1,10.1],[-14.1,10.0],[-14.2,10.1],[-14.1,10.1],[-14.1,10.2],[-14.2,10.2],[-14.2,10.1],[-14.3,10.1],[-14.3,10.2],[-14.2,10.2],[-14.3,10.2],[-14.4,10.2],[-14.5,10.2],[-14.5,10.3],[-14.5,10.4],[-14.6,10.4],[-14.6,10.5],[-14.5,10.5],[-14.6,10.5],[-14.7,10.5],[-14.7,10.6],[-14.6,10.6],[-14.6,10.7],[-14.6,10.8],[-14.5,10.8],[-14.5,10.9],[-14.6,10.8],[-14.6,10.7],[-14.7,10.7],[-14.7,10.6],[-14.7,10.7],[-14.7,10.8],[-14.7,10.7],[-14.8,10.7],[-14.8,10.8],[-14.7,10.8],[-14.7,10.9],[-14.8,10.9],[-14.8,10.8],[-14.8,10.9],[-14.8,11.0],[-14.7,11.0],[-14.7,11.1],[-14.7,11.0],[-14.8,11.0],[-14.9,11.0],[-15.0,11.0],[-14.9,11.0],[-14.9,10.9],[-15.0,10.9],[-15.0,10.8],[-14.9,10.8],[-15.0,10.8],[-15.1,10.8],[-15.1,10.9],[-15.0,10.9],[-15.0,11.0],[-14.9,11.2],[-14.8,11.3],[-14.7,11.5],[-14.6,11.5],[-14.5,11.5],[-14.4,11.6],[-14.3,11.6],[-14.3,11.7],[-14.2,11.7],[-14.1,11.6],[-14.0,11.6],[-14.0,11.7],[-13.9,11.7],[-13.8,11.7],[-13.7,11.7],[-13.7,11.8],[-13.7,11.9],[-13.7,12.0],[-13.8,12.0],[-13.8,12.1],[-13.9,12.1],[-14.0,12.1],[-14.0,12.2],[-13.9,12.2],[-13.9,12.3],[-13.8,12.3],[-13.7,12.3],[-13.7,12.4],[-13.7,12.5],[-13.7,12.6],[-13.7,12.7],[-13.4,12.7],[-13.4,12.6],[-13.3,12.6],[-13.3,12.7],[-13.3,12.6],[-13.2,12.6],[-13.1,12.6],[-13.1,12.5],[-13.0,12.5],[-12.9,12.5],[-12.8,12.5],[-12.9,12.5],[-12.8,12.5],[-12.8,12.4],[-12.7,12.4],[-12.6,12.4],[-12.5,12.4],[-12.4,12.4],[-12.4,12.3],[-12.2,12.3],[-12.2,12.4],[-12.1,12.4],[-12.0,12.4],[-11.9,12.4],[-11.8,12.4],[-11.7,12.4],[-11.6,12.4],[-11.5,12.4],[-11.4,12.4],[-11.5,12.4],[-11.4,12.3],[-11.5,12.2],[-11.5,12.1],[-11.4,12.1],[-11.4,12.0],[-11.3,12.0],[-11.2,12.0],[-11.2,12.1],[-11.1,12.1],[-11.1,12.2],[-11.0,12.2],[-10.9,12.2],[-10.9,12.1],[-10.8,12.1],[-10.8,12.0],[-10.7,11.9],[-10.6,11.9],[-10.6,12.0],[-10.5,12.0],[-10.5,12.1],[-10.4,12.1],[-10.4,12.2],[-10.3,12.2],[-10.2,12.2],[-10.1,12.2],[-10.1,12.1],[-10.0,12.1],[-9.9,12.1],[-9.8,12.1],[-9.8,12.0],[-9.7,12.0],[-9.7,12.1],[-9.6,12.2],[-9.5,12.2],[-9.4,12.3],[-9.4,12.2],[-9.3,12.3],[-9.3,12.4],[-9.4,12.4],[-9.4,12.5],[-9.3,12.5],[-9.2,12.5],[-9.1,12.5],[-9.0,12.4],[-9.0,12.3],[-9.0,12.2],[-8.9,12.2],[-8.9,12.1],[-8.9,12.0],[-8.8,12.0],[-8.8,11.9],[-8.8,11.7],[-8.8,11.6],[-8.7,11.6],[-8.7,11.5],[-8.6,11.5],[-8.5,11.5],[-8.5,11.4],[-8.4,11.4],[-8.4,11.3],[-8.5,11.3],[-8.5,11.2],[-8.6,11.2],[-8.6,11.1],[-8.7,11.0],[-8.6,11.0],[-8.5,11.0],[-8.5,11.1],[-8.5,11.0],[-8.4,11.0],[-8.4,11.1],[-8.3,11.0],[-8.3,10.9],[-8.3,10.8],[-8.3,10.7],[-8.3,10.5],[-8.2,10.4],[-8.1,10.4],[-8.1,10.3],[-8.0,10.3],[-8.0,10.2],[-8.0,10.1],[-8.1,10.1],[-8.1,10.0],[-8.2,10.0],[-8.1,10.0],[-8.2,9.9],[-8.1,9.9],[-8.2,9.9],[-8.1,9.9],[-8.1,9.8],[-8.2,9.6],[-8.2,9.5],[-8.1,9.5],[-8.1,9.4],[-8.0,9.4],[-7.9,9.4],[-7.9,9.3],[-7.9,9.2],[-7.8,9.2],[-7.8,9.1],[-7.7,9.1],[-7.8,9.1],[-7.9,9.0],[-7.9,8.9],[-8.0,8.9],[-8.0,8.8],[-7.9,8.8],[-7.8,8.7],[-7.8,8.8],[-7.8,8.7],[-7.7,8.7],[-7.7,8.6],[-7.7,8.5],[-7.7,8.4],[-7.8,8.4],[-7.8,8.5],[-7.8,8.4],[-7.9,8.4],[-7.9,8.5],[-8.0,8.5],[-8.1,8.5],[-8.2,8.5],[-8.3,8.4],[-8.2,8.4],[-8.2,8.3],[-8.3,8.3],[-8.3,8.2],[-8.2,8.2],[-8.1,8.2],[-8.0,8.2],[-8.0,8.1],[-8.0,8.0],[-8.1,8.0],[-8.1,7.9],[-8.1,7.8],[-8.1,7.7],[-8.2,7.7],[-8.2,7.6],[-8.2,7.5],[-8.3,7.6],[-8.4,7.6],[-8.5,7.6],[-8.6,7.6],[-8.6,7.7],[-8.7,7.7],[-8.7,7.6],[-8.7,7.5],[-8.8,7.5],[-8.8,7.4],[-8.9,7.4],[-8.9,7.3],[-8.9,7.2],[-8.9,7.3],[-9.0,7.3],[-9.0,7.2],[-9.1,7.2],[-9.1,7.3],[-9.2,7.3],[-9.2,7.4],[-9.3,7.4],[-9.4,7.4],[-9.5,7.4],[-9.4,7.5],[-9.4,7.6],[-9.4,7.7],[-9.4,7.8],[-9.4,7.9],[-9.4,8.0],[-9.4,8.1],[-9.5,8.1],[-9.5,8.0],[-9.5,8.1],[-9.5,8.2],[-9.5,8.3],[-9.5,8.4],[-9.6,8.4],[-9.7,8.4],[-9.6,8.4],[-9.7,8.5],[-9.7,8.4],[-9.7,8.5],[-9.8,8.5],[-9.8,8.6],[-9.8,8.5],[-9.9,8.5],[-10.0,8.5],[-10.0,8.4],[-10.1,8.4],[-10.1,8.5],[-10.2,8.5],[-10.3,8.5],[-10.4,8.5],[-10.4,8.4],[-10.5,8.4],[-10.5,8.3],[-10.6,8.3],[-10.7,8.3],[-10.7,8.4],[-10.7,8.5],[-10.6,8.5],[-10.6,8.6],[-10.5,8.6],[-10.5,8.7],[-10.5,8.8],[-10.6,8.8],[-10.6,8.9],[-10.6,9.0],[-10.6,9.1],[-10.7,9.1],[-10.8,9.1],[-10.7,9.2],[-10.7,9.3],[-10.7,9.4],[-10.8,9.4],[-10.9,9.5],[-10.9,9.6],[-11.0,9.7],[-11.0,9.8],[-11.1,9.8],[-11.2,9.9],[-11.2,10.0],[-11.3,10.0],[-11.5,10.0],[-11.9,10.0],[-11.9,9.9],[-12.1,9.9],[-12.2,9.9],[-12.3,9.9],[-12.4,9.9],[-12.5,9.9],[-12.5,9.8],[-12.5,9.7],[-12.6,9.7],[-12.6,9.6],[-12.7,9.5],[-12.7,9.4],[-12.8,9.4],[-12.8,9.3],[-12.9,9.3],[-13.0,9.3],[-13.0,9.2],[-13.0,9.1],[-13.1,9.1],[-13.1,9.0],[-13.2,9.0],[-13.2,9.1],[-13.3,9.1],[-13.3,9.0]]]}},{"type":"Feature","properties":{"iso3":"SDN","name":"Sudan","ilo169":"not ratified","colonial":"none recorded","land_deal_ha":544998.0,"debt_pct_gni":45.4,"conquests_suffered":2},"geometry":{"type":"MultiPolygon","coordinates":[[[[22.9,10.9],[22.9,11.1],[22.9,11.2],[23.0,11.2],[23.0,11.3],[22.9,11.3],[22.9,11.4],[22.8,11.4],[22.7,11.5],[22.6,11.5],[22.6,11.6],[22.5,11.6],[22.5,11.7],[22.6,12.0],[22.6,12.1],[22.5,12.1],[22.5,12.0],[22.5,12.1],[22.5,12.2],[22.4,12.4],[22.4,12.5],[22.4,12.6],[22.3,12.7],[22.2,12.7],[22.1,12.7],[22.1,12.6],[22.0,12.6],[21.9,12.6],[21.9,12.7],[21.8,12.7],[21.8,12.8],[21.9,12.9],[21.9,13.1],[22.0,13.1],[22.1,13.2],[22.2,13.3],[22.3,13.3],[22.3,13.4],[22.2,13.4],[22.2,13.5],[22.2,13.6],[22.1,13.6],[22.1,13.7],[22.1,13.8],[22.2,13.9],[22.2,14.0],[22.4,14.0],[22.4,14.1],[22.5,14.1],[22.5,14.2],[22.4,14.2],[22.4,14.3],[22.5,14.3],[22.4,14.4],[22.4,14.5],[22.4,14.6],[22.5,14.6],[22.7,14.7],[22.7,14.8],[22.7,14.9],[22.7,15.0],[22.8,15.1],[22.9,15.1],[23.0,15.2],[23.0,15.3],[23.0,15.4],[22.9,15.4],[22.9,15.5],[22.9,15.6],[23.0,15.6],[23.1,15.7],[23.2,15.7],[23.3,15.7],[23.4,15.7],[23.5,15.7],[23.6,15.7],[23.7,15.7],[23.8,15.7],[23.9,15.7],[24.0,15.7],[24.0,15.8],[24.0,16.0],[24.0,16.2],[24.0,16.5],[24.0,16.7],[24.0,16.9],[24.0,17.2],[24.0,17.4],[24.0,17.6],[24.0,17.9],[24.0,18.1],[24.0,18.3],[24.0,18.6],[24.0,18.8],[24.0,19.0],[24.0,19.3],[24.0,19.5],[24.0,19.6],[24.0,19.7],[24.0,19.9],[24.0,20.0],[24.1,20.0],[24.2,20.0],[24.3,20.0],[24.5,20.0],[24.6,20.0],[24.7,20.0],[24.9,20.0],[25.0,20.0],[25.0,20.1],[25.0,20.2],[25.0,20.3],[25.0,20.4],[25.0,20.5],[25.0,20.6],[25.0,20.7],[25.0,20.9],[25.0,21.0],[25.0,21.1],[25.0,21.2],[25.0,21.4],[25.0,21.5],[25.0,21.6],[25.0,21.7],[25.0,21.9],[25.0,22.0],[25.1,22.0],[25.2,22.0],[25.3,22.0],[25.4,22.0],[25.5,22.0],[25.6,22.0],[25.7,22.0],[25.8,22.0],[25.9,22.0],[26.0,22.0],[26.1,22.0],[26.2,22.0],[26.3,22.0],[26.4,22.0],[26.5,22.0],[26.6,22.0],[26.7,22.0],[26.8,22.0],[26.9,22.0],[27.0,22.0],[27.1,22.0],[27.2,22.0],[27.3,22.0],[27.4,22.0],[27.5,22.0],[27.6,22.0],[27.7,22.0],[27.8,22.0],[27.9,22.0],[28.0,22.0],[28.1,22.0],[28.2,22.0],[28.3,22.0],[28.4,22.0],[28.5,22.0],[28.6,22.0],[28.7,22.0],[28.8,22.0],[28.9,22.0],[29.0,22.0],[29.1,22.0],[29.2,22.0],[29.3,22.0],[29.4,22.0],[29.5,22.0],[29.6,22.0],[29.7,22.0],[29.8,22.0],[29.9,22.0],[30.0,22.0],[30.1,22.0],[30.2,22.0],[30.3,22.0],[30.4,22.0],[30.5,22.0],[30.6,22.0],[30.7,22.0],[30.8,22.0],[30.9,22.0],[31.0,22.0],[31.1,22.0],[31.2,22.0],[31.3,22.0],[31.3,22.1],[31.4,22.2],[31.5,22.2],[31.5,22.1],[31.4,22.0],[31.5,22.0],[31.6,22.0],[31.7,22.0],[31.8,22.0],[31.9,22.0],[32.0,22.0],[32.1,22.0],[32.2,22.0],[32.3,22.0],[32.4,22.0],[32.5,22.0],[32.6,22.0],[32.8,22.0],[32.9,22.0],[33.0,22.0],[33.1,22.0],[33.2,22.0],[33.3,21.9],[33.4,21.8],[33.6,21.7],[33.9,21.7],[34.0,21.8],[34.1,22.0],[34.3,22.0],[34.6,22.0],[34.8,22.0],[35.0,22.0],[35.3,22.0],[35.5,22.0],[35.7,22.0],[36.0,22.0],[36.2,22.0],[36.4,22.0],[36.6,22.0],[36.9,22.0],[36.8,22.0],[36.9,21.9],[36.9,21.8],[36.9,21.7],[36.9,21.6],[37.0,21.5],[37.1,21.3],[37.2,21.2],[37.3,21.1],[37.3,21.0],[37.2,21.0],[37.2,21.1],[37.3,21.1],[37.3,21.0],[37.3,21.1],[37.2,21.1],[37.2,21.2],[37.2,21.1],[37.2,21.2],[37.1,21.2],[37.2,21.2],[37.1,21.2],[37.1,21.1],[37.1,21.0],[37.1,20.9],[37.2,20.9],[37.2,20.7],[37.2,20.6],[37.2,20.5],[37.2,20.4],[37.2,20.3],[37.2,20.2],[37.2,20.1],[37.2,20.0],[37.3,19.8],[37.3,19.7],[37.2,19.7],[37.2,19.6],[37.3,19.5],[37.3,19.3],[37.3,19.2],[37.3,19.1],[37.4,19.1],[37.4,19.0],[37.4,18.9],[37.4,18.8],[37.5,18.8],[37.5,18.7],[37.6,18.7],[37.7,18.7],[37.8,18.7],[37.8,18.6],[37.9,18.6],[38.0,18.5],[38.1,18.4],[38.1,18.3],[38.2,18.2],[38.3,18.3],[38.3,18.2],[38.2,18.2],[38.3,18.2],[38.4,18.2],[38.4,18.1],[38.5,18.1],[38.6,18.1],[38.6,18.0],[38.5,17.9],[38.4,17.9],[38.4,17.7],[38.3,17.7],[38.3,17.6],[38.3,17.5],[38.2,17.5],[38.2,17.6],[38.1,17.5],[38.0,17.5],[37.9,17.5],[37.9,17.4],[37.8,17.4],[37.8,17.5],[37.7,17.4],[37.6,17.4],[37.5,17.3],[37.5,17.2],[37.5,17.1],[37.4,17.0],[37.3,17.1],[37.2,17.0],[37.1,17.0],[37.0,17.0],[37.0,17.1],[37.0,17.0],[37.0,16.9],[37.0,16.8],[37.0,16.7],[36.9,16.7],[36.9,16.6],[36.9,16.5],[36.9,16.4],[36.9,16.3],[37.0,16.3],[36.9,16.3],[36.9,16.2],[36.9,16.1],[36.8,16.0],[36.8,15.8],[36.7,15.8],[36.7,15.7],[36.6,15.5],[36.6,15.4],[36.5,15.2],[36.4,15.2],[36.4,15.1],[36.4,15.0],[36.5,14.8],[36.5,14.7],[36.5,14.6],[36.5,14.4],[36.5,14.3],[36.4,14.0],[36.4,13.9],[36.5,13.9],[36.5,13.8],[36.4,13.8],[36.4,13.7],[36.4,13.6],[36.2,13.4],[36.1,13.0],[36.1,12.9],[36.1,12.8],[36.1,12.7],[36.0,12.7],[35.7,12.7],[35.7,12.6],[35.6,12.6],[35.4,12.3],[35.4,12.2],[35.4,12.1],[35.3,12.1],[35.3,12.0],[35.2,12.0],[35.2,11.9],[35.1,11.9],[35.1,11.8],[35.0,11.8],[35.0,11.7],[35.0,11.6],[35.1,11.6],[35.1,11.5],[34.9,11.3],[35.0,11.2],[34.9,11.0],[34.9,10.9],[35.0,10.9],[34.9,10.8],[34.9,10.7],[34.8,10.7],[34.7,10.8],[34.6,10.9],[34.4,10.8],[34.4,10.7],[34.3,10.6],[34.3,10.5],[34.3,10.3],[34.3,10.2],[34.3,10.1],[34.2,10.0],[34.1,9.7],[34.1,9.5],[33.9,9.5],[33.9,9.6],[33.9,9.7],[34.0,9.8],[34.0,9.9],[34.0,10.0],[34.0,10.1],[33.9,10.2],[33.7,10.4],[33.5,10.5],[33.4,10.6],[33.4,10.7],[33.2,10.7],[33.1,10.7],[33.1,10.8],[33.2,10.8],[33.1,11.2],[33.1,11.6],[33.1,11.7],[33.1,11.8],[33.1,11.9],[33.2,12.1],[33.2,12.2],[32.7,12.2],[32.7,12.1],[32.7,12.0],[32.4,12.0],[32.1,12.0],[32.3,11.7],[32.4,11.7],[32.4,11.6],[32.3,11.4],[32.3,11.3],[32.4,11.2],[32.4,11.1],[32.2,10.9],[31.9,10.7],[31.9,10.6],[31.9,10.5],[31.8,10.4],[31.8,10.3],[31.7,10.2],[31.4,10.0],[31.2,9.8],[31.0,9.8],[30.9,9.8],[30.8,9.7],[30.7,9.7],[30.5,10.0],[30.2,10.1],[30.0,10.3],[30.0,10.2],[29.7,10.1],[29.6,10.1],[29.6,9.9],[29.6,9.8],[29.5,9.8],[29.3,9.7],[29.1,9.7],[29.0,9.6],[28.9,9.5],[28.8,9.5],[28.8,9.4],[28.8,9.3],[28.4,9.3],[28.0,9.3],[28.0,9.4],[27.9,9.6],[27.8,9.6],[27.6,9.6],[27.5,9.6],[27.4,9.6],[27.3,9.6],[27.1,9.6],[26.7,9.5],[26.6,9.5],[26.4,9.7],[26.2,10.0],[26.1,10.0],[26.0,10.1],[25.9,10.2],[25.9,10.3],[25.9,10.4],[25.8,10.4],[25.7,10.4],[25.6,10.4],[25.5,10.3],[25.4,10.3],[25.3,10.3],[25.2,10.3],[25.1,10.3],[25.0,10.2],[25.0,10.1],[25.0,10.0],[25.0,9.9],[24.9,9.9],[24.8,9.8],[24.8,9.5],[24.7,9.4],[24.7,9.2],[24.6,9.0],[24.6,8.9],[24.5,8.9],[24.4,8.8],[24.3,8.8],[24.2,8.8],[24.2,8.7],[24.1,8.7],[24.0,8.7],[23.9,8.7],[23.8,8.7],[23.7,8.7],[23.6,8.7],[23.5,8.7],[23.5,8.8],[23.5,8.9],[23.6,8.9],[23.6,9.0],[23.5,9.0],[23.4,9.0],[23.5,9.1],[23.5,9.2],[23.6,9.2],[23.6,9.3],[23.6,9.4],[23.6,9.5],[23.6,9.6],[23.7,9.6],[23.7,9.7],[23.6,9.9],[23.5,10.2],[23.3,10.4],[23.1,10.6],[23.0,10.7],[22.9,10.9]]]]}},{"type":"Feature","properties":{"iso3":"DJI","name":"Djibouti","ilo169":"not ratified","colonial":"none recorded","debt_pct_gni":83.8},"geometry":{"type":"Polygon","coordinates":[[[43.2,11.5],[43.2,11.4],[42.9,11.0],[42.8,11.0],[42.7,11.1],[42.6,11.1],[42.5,11.1],[42.4,11.0],[42.3,11.0],[42.2,11.0],[42.1,11.0],[42.0,11.0],[42.0,10.9],[41.9,10.9],[41.8,11.0],[41.8,11.1],[41.8,11.3],[41.8,11.4],[41.7,11.5],[41.8,11.6],[41.8,11.7],[41.9,11.8],[42.0,11.9],[42.1,12.0],[42.1,12.1],[42.2,12.1],[42.3,12.3],[42.3,12.4],[42.4,12.5],[42.5,12.5],[42.7,12.4],[42.8,12.4],[42.8,12.5],[42.8,12.6],[42.9,12.6],[43.1,12.7],[43.2,12.7],[43.2,12.6],[43.3,12.5],[43.3,12.4],[43.4,12.4],[43.4,12.3],[43.4,12.2],[43.4,12.1],[43.4,12.0],[43.3,12.0],[43.2,12.0],[43.2,11.9],[43.1,11.8],[43.0,11.8],[42.9,11.8],[42.8,11.7],[42.7,11.6],[42.6,11.6],[42.5,11.6],[42.5,11.5],[42.6,11.5],[42.7,11.5],[42.7,11.6],[42.8,11.6],[42.9,11.6],[43.0,11.6],[43.1,11.6],[43.2,11.6],[43.2,11.5]]]}},{"type":"Feature","properties":{"iso3":"ERI","name":"Eritrea","ilo169":"not ratified","colonial":"none recorded"},"geometry":{"type":"MultiPolygon","coordinates":[[[[43.1,12.7],[42.9,12.6],[42.8,12.6],[42.8,12.5],[42.8,12.4],[42.7,12.4],[42.5,12.5],[42.4,12.5],[42.3,12.5],[42.3,12.6],[42.2,12.7],[42.1,12.8],[42.0,12.8],[41.9,12.9],[41.8,13.1],[41.8,13.2],[41.7,13.2],[41.6,13.3],[41.5,13.4],[41.4,13.5],[41.2,13.6],[41.1,13.7],[41.0,13.9],[40.9,14.0],[40.8,14.1],[40.7,14.2],[40.6,14.2],[40.5,14.2],[40.4,14.3],[40.3,14.4],[40.2,14.4],[40.1,14.5],[40.0,14.5],[39.9,14.4],[39.8,14.5],[39.7,14.5],[39.6,14.5],[39.6,14.6],[39.5,14.6],[39.5,14.5],[39.4,14.5],[39.3,14.5],[39.2,14.4],[39.2,14.5],[39.2,14.6],[39.1,14.6],[39.0,14.6],[39.0,14.7],[39.0,14.6],[38.9,14.5],[38.8,14.5],[38.7,14.5],[38.6,14.4],[38.5,14.4],[38.4,14.4],[38.4,14.5],[38.3,14.5],[38.3,14.6],[38.2,14.6],[38.2,14.7],[38.1,14.7],[38.0,14.7],[38.0,14.8],[37.9,14.8],[37.9,14.9],[37.9,14.8],[37.8,14.6],[37.7,14.5],[37.7,14.3],[37.6,14.2],[37.6,14.1],[37.5,14.1],[37.5,14.2],[37.5,14.3],[37.4,14.3],[37.4,14.4],[37.3,14.4],[37.3,14.5],[37.3,14.4],[37.2,14.4],[37.1,14.4],[37.1,14.3],[37.0,14.3],[36.9,14.3],[36.8,14.3],[36.7,14.3],[36.6,14.3],[36.5,14.3],[36.5,14.4],[36.5,14.6],[36.5,14.7],[36.5,14.8],[36.4,15.0],[36.4,15.1],[36.4,15.2],[36.5,15.2],[36.6,15.4],[36.6,15.5],[36.7,15.7],[36.7,15.8],[36.8,15.8],[36.8,16.0],[36.9,16.1],[36.9,16.2],[36.9,16.3],[37.0,16.3],[36.9,16.3],[36.9,16.4],[36.9,16.5],[36.9,16.6],[36.9,16.7],[37.0,16.7],[37.0,16.8],[37.0,16.9],[37.0,17.0],[37.0,17.1],[37.0,17.0],[37.1,17.0],[37.2,17.0],[37.3,17.1],[37.4,17.0],[37.5,17.1],[37.5,17.2],[37.5,17.3],[37.6,17.4],[37.7,17.4],[37.8,17.5],[37.8,17.4],[37.9,17.4],[37.9,17.5],[38.0,17.5],[38.1,17.5],[38.2,17.6],[38.2,17.5],[38.3,17.5],[38.3,17.6],[38.3,17.7],[38.4,17.7],[38.4,17.9],[38.5,17.9],[38.6,18.0],[38.7,17.9],[38.7,17.8],[38.8,17.7],[38.9,17.5],[38.9,17.4],[39.0,17.3],[39.0,17.2],[39.0,17.1],[39.1,17.0],[39.1,16.9],[39.1,16.8],[39.1,16.7],[39.2,16.7],[39.2,16.6],[39.1,16.6],[39.2,16.6],[39.2,16.5],[39.1,16.5],[39.2,16.5],[39.2,16.4],[39.2,16.3],[39.2,16.2],[39.2,16.1],[39.3,16.1],[39.3,15.9],[39.4,15.9],[39.4,15.8],[39.4,15.7],[39.5,15.7],[39.4,15.6],[39.5,15.6],[39.4,15.6],[39.5,15.6],[39.5,15.5],[39.6,15.5],[39.7,15.3],[39.7,15.2],[39.7,15.1],[39.8,15.1],[39.9,15.2],[39.8,15.2],[39.8,15.3],[39.8,15.4],[39.8,15.5],[39.8,15.4],[39.8,15.5],[39.9,15.5],[40.0,15.4],[40.1,15.4],[40.1,15.3],[40.0,15.3],[40.0,15.2],[40.1,15.2],[40.0,15.2],[40.1,15.2],[40.1,15.1],[40.1,15.0],[40.2,15.0],[40.1,15.0],[40.2,15.0],[40.3,14.9],[40.4,15.0],[40.5,15.0],[40.6,15.0],[40.6,14.9],[40.7,14.9],[40.7,14.8],[40.7,14.7],[40.8,14.7],[40.9,14.7],[41.0,14.7],[41.2,14.6],[41.3,14.5],[41.3,14.4],[41.4,14.4],[41.4,14.3],[41.5,14.2],[41.5,14.1],[41.6,14.1],[41.7,14.0],[41.7,13.9],[41.8,13.9],[41.9,13.9],[42.0,13.9],[42.0,13.8],[42.0,13.7],[42.1,13.7],[42.1,13.6],[42.1,13.7],[42.1,13.6],[42.2,13.6],[42.2,13.7],[42.2,13.6],[42.3,13.6],[42.3,13.5],[42.3,13.4],[42.4,13.3],[42.4,13.2],[42.5,13.2],[42.6,13.2],[42.6,13.1],[42.7,13.1],[42.7,13.0],[42.8,12.9],[42.8,12.8],[42.8,12.9],[42.8,12.8],[42.9,12.8],[43.0,12.8],[43.0,12.9],[43.1,12.8],[43.1,12.7]]],[[[40.4,15.6],[40.3,15.6],[40.2,15.6],[40.1,15.6],[40.0,15.6],[39.9,15.7],[40.0,15.7],[40.0,15.6],[40.1,15.7],[40.0,15.7],[39.9,15.7],[39.9,15.8],[40.0,15.8],[40.0,15.9],[40.1,15.9],[40.1,15.8],[40.1,15.7],[40.2,15.7],[40.2,15.6],[40.2,15.7],[40.3,15.7],[40.2,15.7],[40.3,15.7],[40.4,15.7],[40.4,15.6]]]]}},{"type":"Feature","properties":{"iso3":"AUT","name":"Austria","ilo169":"not ratified","colonial":"none recorded","conquests_made":1,"conquests_suffered":2},"geometry":{"type":"Polygon","coordinates":[[[16.9,48.6],[17.0,48.6],[16.9,48.5],[16.9,48.4],[16.8,48.4],[16.9,48.4],[16.9,48.3],[17.0,48.3],[17.0,48.2],[17.0,48.1],[17.1,48.1],[17.1,48.0],[17.1,47.9],[17.0,47.9],[17.0,47.8],[17.1,47.8],[17.0,47.8],[17.1,47.7],[17.0,47.7],[16.9,47.7],[16.8,47.7],[16.7,47.7],[16.6,47.8],[16.5,47.7],[16.4,47.7],[16.5,47.6],[16.6,47.6],[16.7,47.6],[16.7,47.5],[16.6,47.5],[16.6,47.4],[16.5,47.4],[16.4,47.4],[16.4,47.3],[16.5,47.3],[16.4,47.2],[16.4,47.1],[16.5,47.2],[16.5,47.1],[16.5,47.0],[16.4,47.0],[16.5,47.0],[16.4,47.0],[16.3,47.0],[16.2,47.0],[16.2,46.9],[16.1,46.9],[16.1,46.8],[16.0,46.8],[16.0,46.7],[15.9,46.7],[15.8,46.7],[15.7,46.7],[15.6,46.7],[15.5,46.7],[15.5,46.6],[15.4,46.6],[15.3,46.6],[15.2,46.6],[15.1,46.6],[15.0,46.6],[14.9,46.6],[14.8,46.6],[14.8,46.5],[14.7,46.5],[14.6,46.4],[14.5,46.4],[14.4,46.4],[14.2,46.4],[14.1,46.4],[14.1,46.5],[14.0,46.5],[13.9,46.5],[13.8,46.5],[13.7,46.5],[13.5,46.5],[13.5,46.6],[13.4,46.6],[13.3,46.6],[13.2,46.6],[13.1,46.6],[12.8,46.6],[12.7,46.6],[12.7,46.7],[12.6,46.7],[12.5,46.7],[12.4,46.7],[12.3,46.8],[12.3,46.9],[12.2,46.9],[12.1,46.9],[12.1,47.0],[12.2,47.0],[12.2,47.1],[12.1,47.1],[12.0,47.0],[11.9,47.0],[11.8,47.0],[11.7,47.0],[11.6,47.0],[11.5,47.0],[11.4,47.0],[11.3,47.0],[11.2,47.0],[11.1,46.9],[11.1,46.8],[11.0,46.8],[10.9,46.8],[10.8,46.8],[10.7,46.8],[10.7,46.9],[10.6,46.9],[10.5,46.8],[10.5,46.9],[10.4,46.9],[10.4,47.0],[10.3,47.0],[10.3,46.9],[10.2,46.9],[10.1,46.8],[10.1,46.9],[10.0,46.9],[9.9,46.9],[9.9,47.0],[9.7,47.1],[9.6,47.1],[9.6,47.2],[9.5,47.2],[9.5,47.3],[9.6,47.3],[9.6,47.4],[9.7,47.5],[9.6,47.5],[9.5,47.5],[9.6,47.5],[9.7,47.5],[9.7,47.6],[9.8,47.6],[9.8,47.5],[9.9,47.5],[10.0,47.5],[10.1,47.4],[10.2,47.4],[10.2,47.3],[10.3,47.3],[10.4,47.4],[10.5,47.4],[10.5,47.5],[10.4,47.5],[10.4,47.6],[10.5,47.6],[10.5,47.5],[10.6,47.6],[10.7,47.5],[10.8,47.5],[10.9,47.5],[11.0,47.4],[11.1,47.4],[11.2,47.4],[11.3,47.4],[11.4,47.4],[11.4,47.5],[11.5,47.5],[11.6,47.5],[11.6,47.6],[11.7,47.6],[11.8,47.6],[11.9,47.6],[12.2,47.6],[12.2,47.7],[12.3,47.7],[12.4,47.7],[12.5,47.6],[12.6,47.6],[12.6,47.7],[12.7,47.7],[12.8,47.7],[12.8,47.6],[12.8,47.5],[12.9,47.5],[13.0,47.5],[13.0,47.6],[13.1,47.6],[13.1,47.7],[13.0,47.7],[12.9,47.7],[12.9,47.8],[13.0,47.8],[13.0,47.9],[12.9,47.9],[12.9,48.0],[12.8,48.0],[12.8,48.1],[12.7,48.1],[12.8,48.1],[12.8,48.2],[12.9,48.2],[13.0,48.2],[13.0,48.3],[13.1,48.3],[13.3,48.3],[13.4,48.4],[13.4,48.5],[13.5,48.5],[13.4,48.5],[13.4,48.6],[13.5,48.6],[13.6,48.6],[13.7,48.6],[13.7,48.5],[13.7,48.6],[13.8,48.6],[13.8,48.7],[13.8,48.8],[13.9,48.8],[13.9,48.7],[14.0,48.7],[14.0,48.6],[14.1,48.6],[14.2,48.6],[14.3,48.6],[14.4,48.6],[14.5,48.6],[14.6,48.6],[14.7,48.6],[14.7,48.7],[14.8,48.7],[14.8,48.8],[14.9,48.8],[15.0,48.8],[14.9,48.8],[15.0,48.9],[15.0,49.0],[15.1,49.0],[15.1,48.9],[15.2,48.9],[15.2,49.0],[15.3,49.0],[15.4,49.0],[15.5,48.9],[15.6,48.9],[15.7,48.9],[15.8,48.9],[15.9,48.8],[16.0,48.8],[16.1,48.7],[16.2,48.7],[16.3,48.7],[16.4,48.7],[16.4,48.8],[16.5,48.8],[16.6,48.8],[16.7,48.8],[16.7,48.7],[16.8,48.7],[16.9,48.7],[16.9,48.6]]]}},{"type":"Feature","properties":{"iso3":"IRQ","name":"Iraq","ilo169":"not ratified","colonial":"none recorded","land_deal_ha":250.0,"debt_pct_gni":6.2},"geometry":{"type":"Polygon","coordinates":[[[44.8,37.1],[44.8,37.0],[44.9,37.0],[44.9,36.9],[44.8,36.8],[44.9,36.8],[45.0,36.8],[45.0,36.7],[45.0,36.6],[45.0,36.5],[45.1,36.5],[45.1,36.4],[45.2,36.4],[45.3,36.4],[45.3,36.3],[45.3,36.2],[45.3,36.1],[45.3,36.0],[45.4,36.0],[45.5,36.0],[45.6,36.0],[45.6,35.9],[45.7,35.9],[45.7,35.8],[45.8,35.8],[45.9,35.8],[46.0,35.8],[46.0,35.9],[46.1,35.9],[46.1,35.8],[46.2,35.8],[46.3,35.8],[46.3,35.7],[46.2,35.7],[46.1,35.7],[46.0,35.7],[46.0,35.6],[46.0,35.5],[46.0,35.4],[46.1,35.3],[46.1,35.2],[46.2,35.2],[46.1,35.2],[46.1,35.1],[46.2,35.1],[46.1,35.1],[46.0,35.1],[45.9,35.1],[45.9,35.0],[45.9,34.9],[45.8,34.9],[45.7,34.9],[45.8,34.9],[45.7,34.8],[45.6,34.7],[45.7,34.7],[45.7,34.6],[45.6,34.6],[45.5,34.6],[45.5,34.5],[45.4,34.5],[45.4,34.4],[45.5,34.3],[45.6,34.3],[45.5,34.2],[45.5,34.1],[45.4,34.0],[45.4,33.9],[45.5,33.9],[45.6,33.8],[45.6,33.7],[45.7,33.7],[45.7,33.6],[45.8,33.6],[45.9,33.6],[45.9,33.5],[46.0,33.5],[46.0,33.4],[46.1,33.3],[46.2,33.3],[46.2,33.2],[46.1,33.1],[46.0,33.1],[46.1,33.1],[46.1,33.0],[46.2,32.9],[46.3,33.0],[46.4,32.9],[46.5,32.9],[46.6,32.8],[46.7,32.8],[46.8,32.7],[47.1,32.5],[47.2,32.5],[47.3,32.5],[47.4,32.4],[47.4,32.3],[47.5,32.3],[47.5,32.2],[47.5,32.1],[47.6,32.1],[47.6,32.0],[47.7,32.0],[47.7,31.9],[47.8,31.9],[47.8,31.8],[47.7,31.4],[47.7,31.2],[47.7,31.0],[48.0,31.0],[48.0,30.5],[48.1,30.5],[48.1,30.4],[48.2,30.4],[48.2,30.3],[48.3,30.3],[48.4,30.3],[48.4,30.2],[48.4,30.1],[48.4,30.0],[48.5,30.0],[48.6,30.0],[48.6,29.9],[48.5,29.9],[48.4,29.9],[48.3,30.0],[48.2,30.0],[48.1,30.0],[48.0,30.0],[48.0,30.1],[47.9,30.1],[47.9,30.0],[47.7,30.1],[47.4,30.1],[47.2,30.0],[47.1,30.0],[47.0,29.8],[47.0,29.7],[47.0,29.6],[46.9,29.5],[46.9,29.4],[46.8,29.4],[46.7,29.3],[46.6,29.1],[46.5,29.1],[46.4,29.1],[46.3,29.1],[46.2,29.1],[46.1,29.1],[46.0,29.1],[45.9,29.1],[45.8,29.1],[45.7,29.1],[45.6,29.1],[45.5,29.1],[45.4,29.1],[45.3,29.1],[45.2,29.2],[45.1,29.2],[45.0,29.2],[44.9,29.2],[44.8,29.2],[44.7,29.2],[44.6,29.3],[44.5,29.3],[44.4,29.4],[44.3,29.5],[44.2,29.5],[44.1,29.6],[44.0,29.7],[43.9,29.8],[43.8,29.8],[43.7,29.9],[43.5,30.0],[43.4,30.1],[43.3,30.2],[43.2,30.2],[43.1,30.3],[43.1,30.4],[43.0,30.4],[42.9,30.5],[42.8,30.6],[42.7,30.6],[42.6,30.7],[42.5,30.8],[42.4,30.8],[42.3,30.9],[42.2,31.0],[42.1,31.0],[42.1,31.1],[42.0,31.1],[41.9,31.2],[41.8,31.2],[41.7,31.3],[41.6,31.3],[41.5,31.3],[41.5,31.4],[41.4,31.4],[41.3,31.5],[41.2,31.5],[41.1,31.6],[41.0,31.6],[40.9,31.7],[40.8,31.7],[40.8,31.8],[40.7,31.8],[40.6,31.8],[40.5,31.9],[40.4,31.9],[40.0,32.0],[39.9,32.0],[39.8,32.0],[39.6,32.1],[39.4,32.1],[39.2,32.1],[39.1,32.1],[39.3,32.2],[39.3,32.3],[39.2,32.4],[39.0,32.3],[39.0,32.5],[39.1,32.5],[39.0,32.7],[38.9,32.9],[38.9,33.0],[38.9,33.1],[38.8,33.2],[38.8,33.4],[38.9,33.4],[39.0,33.5],[39.1,33.5],[39.2,33.6],[39.3,33.6],[39.4,33.7],[39.5,33.8],[39.7,33.8],[39.8,33.9],[39.9,33.9],[40.0,34.0],[40.1,34.0],[40.2,34.1],[40.3,34.1],[40.4,34.2],[40.5,34.3],[40.7,34.3],[40.9,34.4],[41.0,34.4],[41.0,34.5],[41.2,34.8],[41.2,35.0],[41.2,35.2],[41.2,35.4],[41.3,35.5],[41.3,35.6],[41.4,35.6],[41.4,35.7],[41.4,35.8],[41.3,35.9],[41.3,36.0],[41.2,36.0],[41.2,36.1],[41.3,36.3],[41.3,36.4],[41.4,36.5],[41.5,36.5],[41.8,36.6],[42.0,36.7],[42.2,36.9],[42.3,37.0],[42.4,37.1],[42.5,37.1],[42.6,37.1],[42.6,37.2],[42.7,37.3],[42.7,37.4],[42.8,37.4],[42.8,37.3],[42.9,37.3],[43.0,37.3],[43.0,37.4],[43.1,37.4],[43.3,37.3],[43.4,37.3],[43.5,37.2],[43.5,37.3],[43.6,37.2],[43.7,37.2],[43.8,37.2],[43.9,37.2],[43.9,37.3],[44.0,37.3],[44.1,37.3],[44.2,37.3],[44.2,37.2],[44.2,37.1],[44.2,37.0],[44.3,37.0],[44.4,37.1],[44.5,37.1],[44.6,37.2],[44.7,37.2],[44.8,37.2],[44.8,37.1]]]}},{"type":"Feature","properties":{"iso3":"ITA","name":"Italy","ilo169":"not ratified","colonial":"none recorded","conquests_made":9},"geometry":{"type":"MultiPolygon","coordinates":[[[[7.0,45.9],[7.1,45.9],[7.2,45.9],[7.3,45.9],[7.4,45.9],[7.5,45.9],[7.5,46.0],[7.6,46.0],[7.7,46.0],[7.7,45.9],[7.8,45.9],[7.9,45.9],[7.9,46.0],[8.0,46.0],[8.0,46.1],[8.1,46.1],[8.1,46.2],[8.1,46.3],[8.2,46.3],[8.2,46.4],[8.3,46.4],[8.4,46.5],[8.4,46.4],[8.4,46.3],[8.4,46.2],[8.5,46.2],[8.6,46.1],[8.7,46.1],[8.8,46.1],[8.8,46.0],[8.9,46.0],[8.9,45.9],[8.9,45.8],[9.0,45.8],[9.1,45.9],[9.0,45.9],[9.0,46.0],[9.0,46.1],[9.1,46.1],[9.2,46.2],[9.2,46.3],[9.3,46.3],[9.3,46.4],[9.2,46.4],[9.2,46.5],[9.3,46.5],[9.4,46.5],[9.4,46.4],[9.5,46.4],[9.5,46.3],[9.6,46.3],[9.7,46.3],[9.7,46.4],[9.8,46.3],[9.9,46.4],[10.0,46.4],[10.0,46.3],[10.0,46.2],[10.1,46.2],[10.2,46.3],[10.1,46.3],[10.1,46.4],[10.0,46.4],[10.0,46.5],[10.1,46.6],[10.2,46.6],[10.3,46.6],[10.3,46.5],[10.4,46.5],[10.5,46.5],[10.5,46.6],[10.4,46.6],[10.4,46.7],[10.4,46.8],[10.5,46.9],[10.5,46.8],[10.6,46.9],[10.7,46.9],[10.7,46.8],[10.8,46.8],[10.9,46.8],[11.0,46.8],[11.1,46.8],[11.1,46.9],[11.2,47.0],[11.3,47.0],[11.4,47.0],[11.5,47.0],[11.6,47.0],[11.7,47.0],[11.8,47.0],[11.9,47.0],[12.0,47.0],[12.1,47.1],[12.2,47.1],[12.2,47.0],[12.1,47.0],[12.1,46.9],[12.2,46.9],[12.3,46.9],[12.3,46.8],[12.4,46.7],[12.5,46.7],[12.6,46.7],[12.7,46.7],[12.7,46.6],[12.8,46.6],[13.1,46.6],[13.2,46.6],[13.3,46.6],[13.4,46.6],[13.5,46.6],[13.5,46.5],[13.7,46.5],[13.7,46.4],[13.6,46.4],[13.5,46.4],[13.4,46.4],[13.4,46.3],[13.4,46.2],[13.5,46.2],[13.6,46.2],[13.6,46.1],[13.5,46.1],[13.5,46.0],[13.6,46.0],[13.6,45.9],[13.6,45.8],[13.7,45.8],[13.8,45.7],[13.9,45.6],[13.8,45.6],[13.7,45.6],[13.8,45.6],[13.7,45.6],[13.8,45.7],[13.7,45.7],[13.6,45.8],[13.5,45.8],[13.5,45.7],[13.6,45.7],[13.5,45.7],[13.4,45.7],[13.3,45.8],[13.2,45.8],[13.1,45.8],[13.1,45.7],[13.1,45.6],[13.0,45.6],[12.9,45.6],[12.8,45.6],[12.6,45.5],[12.5,45.5],[12.4,45.4],[12.4,45.5],[12.5,45.5],[12.6,45.5],[12.6,45.6],[12.6,45.5],[12.5,45.5],[12.5,45.6],[12.5,45.5],[12.4,45.5],[12.5,45.5],[12.4,45.5],[12.3,45.5],[12.3,45.4],[12.2,45.4],[12.3,45.4],[12.2,45.4],[12.2,45.3],[12.1,45.3],[12.2,45.3],[12.2,45.2],[12.3,45.2],[12.3,45.1],[12.4,45.1],[12.4,45.0],[12.4,45.1],[12.4,45.0],[12.5,45.0],[12.5,44.9],[12.5,44.8],[12.4,44.8],[12.4,44.9],[12.4,44.8],[12.3,44.8],[12.2,44.7],[12.3,44.7],[12.3,44.6],[12.3,44.5],[12.3,44.4],[12.3,44.3],[12.4,44.3],[12.4,44.2],[12.5,44.2],[12.5,44.1],[12.6,44.1],[12.6,44.0],[12.7,44.0],[12.8,44.0],[12.9,43.9],[13.3,43.7],[13.4,43.7],[13.4,43.6],[13.5,43.6],[13.6,43.6],[13.6,43.5],[13.8,43.3],[13.8,43.2],[13.8,43.1],[13.9,43.0],[13.9,42.9],[13.9,42.8],[14.0,42.7],[14.1,42.6],[14.2,42.5],[14.3,42.4],[14.4,42.4],[14.4,42.3],[14.6,42.2],[14.7,42.2],[14.7,42.1],[14.8,42.1],[14.8,42.0],[14.9,42.0],[15.0,42.0],[15.1,42.0],[15.1,41.9],[15.2,41.9],[15.3,41.9],[15.4,41.9],[15.6,41.9],[15.8,41.9],[16.0,41.9],[16.1,41.9],[16.2,41.9],[16.2,41.8],[16.1,41.7],[16.0,41.7],[15.9,41.6],[15.9,41.5],[16.0,41.5],[16.0,41.4],[16.1,41.4],[16.3,41.3],[16.5,41.3],[16.5,41.2],[16.6,41.2],[16.8,41.1],[16.9,41.1],[17.1,41.1],[17.2,41.0],[17.3,41.0],[17.3,40.9],[17.4,40.9],[17.5,40.8],[17.6,40.8],[17.7,40.7],[17.8,40.7],[17.9,40.7],[18.0,40.7],[18.0,40.6],[18.0,40.7],[18.0,40.6],[18.1,40.5],[18.2,40.5],[18.3,40.4],[18.4,40.3],[18.5,40.2],[18.5,40.1],[18.5,40.0],[18.4,40.0],[18.4,39.9],[18.4,39.8],[18.3,39.8],[18.2,39.8],[18.2,39.9],[18.1,39.9],[18.0,40.0],[18.0,40.1],[17.9,40.2],[17.9,40.3],[17.8,40.3],[17.5,40.3],[17.4,40.3],[17.4,40.4],[17.3,40.4],[17.2,40.4],[17.2,40.5],[17.3,40.5],[17.2,40.5],[17.1,40.5],[17.0,40.5],[16.9,40.4],[16.8,40.3],[16.7,40.2],[16.7,40.1],[16.6,40.1],[16.6,40.0],[16.6,39.9],[16.5,39.9],[16.5,39.8],[16.5,39.7],[16.6,39.6],[16.7,39.6],[16.8,39.6],[16.9,39.5],[17.0,39.5],[17.1,39.4],[17.2,39.4],[17.1,39.3],[17.1,39.2],[17.1,39.1],[17.2,39.0],[17.1,38.9],[17.0,38.9],[16.9,38.9],[16.8,38.9],[16.7,38.9],[16.7,38.8],[16.6,38.8],[16.6,38.7],[16.5,38.7],[16.6,38.6],[16.6,38.5],[16.6,38.4],[16.5,38.4],[16.5,38.3],[16.4,38.3],[16.3,38.3],[16.2,38.1],[16.1,38.0],[16.1,37.9],[16.0,37.9],[15.9,37.9],[15.8,37.9],[15.7,37.9],[15.7,38.0],[15.6,38.0],[15.7,38.0],[15.6,38.1],[15.6,38.2],[15.7,38.2],[15.7,38.3],[15.8,38.3],[15.8,38.4],[15.9,38.5],[15.9,38.6],[15.8,38.6],[15.8,38.7],[15.9,38.7],[16.0,38.7],[16.1,38.7],[16.2,38.7],[16.2,38.8],[16.2,38.9],[16.2,39.0],[16.1,39.0],[16.1,39.1],[16.0,39.3],[16.0,39.4],[16.0,39.5],[15.9,39.5],[15.9,39.6],[15.8,39.7],[15.8,39.8],[15.8,39.9],[15.7,39.9],[15.7,40.0],[15.6,40.1],[15.5,40.1],[15.5,40.0],[15.4,40.0],[15.3,40.0],[15.3,40.1],[15.2,40.1],[15.1,40.2],[15.0,40.2],[14.9,40.2],[14.9,40.3],[15.0,40.3],[15.0,40.4],[14.9,40.6],[14.8,40.6],[14.8,40.7],[14.7,40.7],[14.7,40.6],[14.6,40.6],[14.5,40.6],[14.4,40.6],[14.3,40.6],[14.4,40.6],[14.4,40.7],[14.5,40.7],[14.4,40.8],[14.3,40.8],[14.2,40.8],[14.1,40.8],[14.0,40.8],[14.1,40.8],[14.0,40.9],[14.0,41.0],[13.9,41.0],[13.9,41.1],[13.8,41.2],[13.7,41.3],[13.6,41.3],[13.6,41.2],[13.5,41.2],[13.3,41.3],[13.2,41.3],[13.1,41.3],[13.1,41.2],[13.0,41.2],[13.0,41.3],[12.9,41.4],[12.8,41.4],[12.7,41.4],[12.7,41.5],[12.6,41.5],[12.6,41.4],[12.6,41.5],[12.5,41.5],[12.4,41.6],[12.3,41.7],[12.2,41.7],[12.2,41.8],[12.2,41.9],[12.1,41.9],[12.0,42.0],[11.9,42.0],[11.8,42.0],[11.8,42.1],[11.7,42.1],[11.7,42.2],[11.7,42.3],[11.5,42.3],[11.5,42.4],[11.4,42.4],[11.3,42.4],[11.2,42.4],[11.1,42.4],[11.2,42.4],[11.2,42.5],[11.2,42.6],[11.1,42.6],[11.0,42.7],[10.9,42.7],[10.9,42.8],[10.7,42.8],[10.8,42.8],[10.8,42.9],[10.7,42.9],[10.6,43.0],[10.5,42.9],[10.5,43.0],[10.5,43.1],[10.5,43.2],[10.5,43.3],[10.4,43.4],[10.4,43.5],[10.3,43.5],[10.3,43.6],[10.3,43.8],[10.2,43.9],[10.2,44.0],[10.1,44.0],[10.0,44.0],[10.0,44.1],[10.0,44.0],[9.9,44.1],[9.8,44.1],[9.8,44.0],[9.8,44.1],[9.7,44.1],[9.6,44.1],[9.6,44.2],[9.5,44.2],[9.4,44.2],[9.4,44.3],[9.3,44.3],[9.2,44.4],[9.2,44.3],[9.1,44.3],[9.1,44.4],[9.0,44.4],[8.9,44.4],[8.8,44.4],[8.7,44.4],[8.6,44.4],[8.5,44.3],[8.4,44.3],[8.4,44.2],[8.3,44.2],[8.3,44.1],[8.2,44.1],[8.2,44.0],[8.1,44.0],[8.1,43.9],[8.0,43.9],[7.8,43.8],[7.7,43.8],[7.6,43.8],[7.5,43.8],[7.5,43.9],[7.6,43.9],[7.6,44.0],[7.7,44.0],[7.7,44.1],[7.6,44.1],[7.7,44.2],[7.6,44.2],[7.4,44.1],[7.3,44.1],[7.3,44.2],[7.1,44.2],[7.0,44.2],[7.0,44.3],[6.9,44.3],[6.9,44.4],[6.9,44.5],[6.8,44.5],[6.9,44.6],[6.9,44.7],[7.0,44.7],[7.1,44.7],[7.0,44.7],[7.0,44.8],[6.9,44.9],[6.8,44.9],[6.7,44.9],[6.7,45.0],[6.6,45.1],[6.7,45.1],[6.7,45.2],[6.8,45.2],[6.8,45.1],[6.9,45.1],[6.9,45.2],[7.0,45.2],[7.1,45.2],[7.1,45.3],[7.1,45.4],[7.2,45.4],[7.1,45.4],[7.1,45.5],[7.0,45.5],[7.0,45.6],[6.9,45.7],[6.8,45.7],[6.8,45.8],[6.9,45.8],[6.9,45.9],[7.0,45.9]]],[[[9.8,40.6],[9.8,40.5],[9.8,40.4],[9.7,40.4],[9.7,40.3],[9.6,40.3],[9.6,40.2],[9.7,40.1],[9.7,40.0],[9.7,39.9],[9.7,39.8],[9.7,39.7],[9.6,39.6],[9.7,39.6],[9.6,39.5],[9.6,39.4],[9.6,39.3],[9.6,39.2],[9.6,39.1],[9.5,39.1],[9.4,39.1],[9.4,39.2],[9.3,39.2],[9.2,39.2],[9.1,39.2],[9.0,39.3],[9.0,39.2],[9.1,39.2],[9.0,39.2],[9.0,39.1],[9.0,39.0],[8.9,38.9],[8.8,38.9],[8.7,38.9],[8.6,38.9],[8.6,39.0],[8.6,39.1],[8.5,39.1],[8.4,39.1],[8.4,39.2],[8.4,39.3],[8.4,39.4],[8.4,39.5],[8.5,39.6],[8.4,39.7],[8.4,39.8],[8.5,39.8],[8.5,39.7],[8.6,39.7],[8.5,39.7],[8.5,39.8],[8.6,39.8],[8.6,39.9],[8.5,39.9],[8.4,39.9],[8.5,39.9],[8.4,39.9],[8.4,40.0],[8.4,40.1],[8.5,40.1],[8.5,40.2],[8.5,40.3],[8.4,40.3],[8.4,40.4],[8.4,40.5],[8.3,40.5],[8.3,40.6],[8.2,40.6],[8.1,40.6],[8.2,40.6],[8.2,40.7],[8.1,40.7],[8.2,40.9],[8.2,41.0],[8.2,40.9],[8.3,40.9],[8.4,40.8],[8.5,40.8],[8.6,40.9],[8.7,40.9],[8.8,40.9],[8.8,41.0],[8.9,41.0],[8.9,41.1],[9.0,41.1],[9.1,41.1],[9.1,41.2],[9.2,41.2],[9.2,41.3],[9.2,41.2],[9.3,41.2],[9.4,41.2],[9.4,41.1],[9.5,41.1],[9.6,41.1],[9.5,41.1],[9.5,41.0],[9.6,41.0],[9.7,41.0],[9.6,41.0],[9.6,40.9],[9.5,40.9],[9.6,40.9],[9.7,40.9],[9.7,40.8],[9.7,40.7],[9.8,40.6]]],[[[15.5,38.3],[15.6,38.3],[15.7,38.3],[15.6,38.3],[15.6,38.2],[15.5,38.1],[15.4,38.0],[15.3,37.9],[15.3,37.8],[15.2,37.8],[15.2,37.7],[15.2,37.6],[15.1,37.5],[15.1,37.4],[15.1,37.3],[15.2,37.3],[15.3,37.3],[15.3,37.2],[15.2,37.2],[15.2,37.1],[15.3,37.1],[15.3,37.0],[15.2,37.0],[15.2,36.9],[15.1,36.8],[15.1,36.7],[15.0,36.7],[14.9,36.7],[14.8,36.7],[14.7,36.7],[14.7,36.8],[14.6,36.8],[14.5,36.8],[14.4,36.9],[14.4,37.0],[14.3,37.0],[14.2,37.1],[14.1,37.1],[14.0,37.1],[13.9,37.1],[13.8,37.1],[13.8,37.2],[13.7,37.2],[13.6,37.3],[13.5,37.3],[13.4,37.3],[13.3,37.4],[13.2,37.4],[13.2,37.5],[13.1,37.5],[13.0,37.5],[13.0,37.6],[12.9,37.6],[12.8,37.6],[12.7,37.6],[12.6,37.6],[12.6,37.7],[12.5,37.7],[12.5,37.8],[12.4,37.8],[12.5,37.8],[12.5,37.9],[12.5,38.0],[12.5,38.1],[12.6,38.1],[12.7,38.1],[12.7,38.2],[12.8,38.2],[12.8,38.1],[12.9,38.1],[12.9,38.0],[13.0,38.1],[13.1,38.1],[13.1,38.2],[13.2,38.2],[13.3,38.2],[13.4,38.2],[13.4,38.1],[13.5,38.1],[13.6,38.0],[13.7,38.0],[13.8,38.0],[13.9,38.0],[14.0,38.0],[14.1,38.0],[14.2,38.0],[14.3,38.0],[14.4,38.0],[14.5,38.0],[14.6,38.1],[14.7,38.1],[14.7,38.2],[14.8,38.2],[14.9,38.2],[15.0,38.2],[15.1,38.1],[15.2,38.2],[15.2,38.3],[15.2,38.2],[15.3,38.2],[15.4,38.2],[15.4,38.3],[15.5,38.3]]]]}},{"type":"Feature","properties":{"iso3":"CHE","name":"Switzerland","ilo169":"not ratified","colonial":"none recorded"},"geometry":{"type":"Polygon","coordinates":[[[10.5,46.9],[10.4,46.8],[10.4,46.7],[10.4,46.6],[10.5,46.6],[10.5,46.5],[10.4,46.5],[10.3,46.5],[10.3,46.6],[10.2,46.6],[10.1,46.6],[10.0,46.5],[10.0,46.4],[10.1,46.4],[10.1,46.3],[10.2,46.3],[10.1,46.2],[10.0,46.2],[10.0,46.3],[10.0,46.4],[9.9,46.4],[9.8,46.3],[9.7,46.4],[9.7,46.3],[9.6,46.3],[9.5,46.3],[9.5,46.4],[9.4,46.4],[9.4,46.5],[9.3,46.5],[9.2,46.5],[9.2,46.4],[9.3,46.4],[9.3,46.3],[9.2,46.3],[9.2,46.2],[9.1,46.1],[9.0,46.1],[9.0,46.0],[9.0,45.9],[9.1,45.9],[9.0,45.8],[8.9,45.8],[8.9,45.9],[8.9,46.0],[8.8,46.0],[8.8,46.1],[8.7,46.1],[8.6,46.1],[8.5,46.2],[8.4,46.2],[8.4,46.3],[8.4,46.4],[8.4,46.5],[8.3,46.4],[8.2,46.4],[8.2,46.3],[8.1,46.3],[8.1,46.2],[8.1,46.1],[8.0,46.1],[8.0,46.0],[7.9,46.0],[7.9,45.9],[7.8,45.9],[7.7,45.9],[7.7,46.0],[7.6,46.0],[7.5,46.0],[7.5,45.9],[7.4,45.9],[7.3,45.9],[7.2,45.9],[7.1,45.9],[7.0,45.9],[7.0,46.0],[6.9,46.0],[6.9,46.1],[6.9,46.0],[6.9,46.1],[6.8,46.1],[6.9,46.1],[6.8,46.1],[6.8,46.2],[6.8,46.3],[6.8,46.4],[6.6,46.5],[6.5,46.5],[6.5,46.4],[6.4,46.4],[6.3,46.4],[6.2,46.3],[6.3,46.3],[6.3,46.2],[6.2,46.2],[6.1,46.2],[6.1,46.1],[6.0,46.1],[6.0,46.2],[6.1,46.2],[6.1,46.3],[6.1,46.4],[6.1,46.5],[6.1,46.6],[6.3,46.7],[6.4,46.7],[6.4,46.8],[6.4,46.9],[6.5,47.0],[6.6,47.0],[6.7,47.0],[6.7,47.1],[6.8,47.1],[6.8,47.2],[6.9,47.2],[7.0,47.2],[7.0,47.3],[7.0,47.4],[6.9,47.4],[7.0,47.4],[7.0,47.5],[7.1,47.5],[7.2,47.5],[7.2,47.4],[7.3,47.4],[7.4,47.4],[7.4,47.5],[7.5,47.5],[7.5,47.6],[7.6,47.6],[7.7,47.6],[7.6,47.6],[7.7,47.5],[7.7,47.6],[7.8,47.6],[7.9,47.6],[8.0,47.6],[8.1,47.6],[8.2,47.6],[8.3,47.6],[8.4,47.6],[8.5,47.6],[8.6,47.6],[8.6,47.7],[8.5,47.7],[8.5,47.6],[8.4,47.6],[8.4,47.7],[8.5,47.8],[8.6,47.8],[8.5,47.8],[8.6,47.8],[8.7,47.8],[8.7,47.7],[8.8,47.7],[8.9,47.7],[8.8,47.7],[8.9,47.7],[9.0,47.7],[9.1,47.7],[9.2,47.7],[9.3,47.7],[9.5,47.5],[9.6,47.5],[9.7,47.5],[9.6,47.4],[9.6,47.3],[9.5,47.3],[9.5,47.2],[9.5,47.1],[9.6,47.1],[9.7,47.1],[9.9,47.0],[9.9,46.9],[10.0,46.9],[10.1,46.9],[10.1,46.8],[10.2,46.9],[10.3,46.9],[10.3,47.0],[10.4,47.0],[10.4,46.9],[10.5,46.9]]]}},{"type":"Feature","properties":{"iso3":"IRN","name":"Iran","ilo169":"not ratified","colonial":"none recorded","debt_pct_gni":2.2,"conquests_made":2},"geometry":{"type":"MultiPolygon","coordinates":[[[[44.8,39.6],[44.9,39.6],[44.9,39.5],[45.0,39.5],[45.0,39.4],[45.1,39.4],[45.1,39.3],[45.1,39.2],[45.2,39.2],[45.3,39.2],[45.4,39.2],[45.3,39.1],[45.4,39.1],[45.4,39.0],[45.5,39.0],[45.6,39.0],[45.7,39.0],[45.8,38.9],[46.0,38.9],[46.1,38.9],[46.2,38.9],[46.3,38.9],[46.4,38.9],[46.5,38.9],[46.6,38.9],[46.6,39.0],[46.7,39.0],[46.8,39.1],[46.9,39.2],[47.0,39.2],[47.1,39.2],[47.1,39.3],[47.2,39.3],[47.2,39.4],[47.3,39.4],[47.4,39.5],[47.5,39.5],[47.6,39.5],[47.6,39.6],[47.7,39.6],[47.8,39.7],[47.9,39.7],[48.0,39.7],[48.1,39.7],[48.2,39.5],[48.3,39.4],[48.2,39.3],[48.1,39.3],[48.1,39.2],[48.2,39.1],[48.3,39.1],[48.3,39.0],[48.2,39.0],[48.1,38.9],[48.0,38.9],[48.0,38.8],[48.1,38.8],[48.2,38.7],[48.3,38.6],[48.4,38.6],[48.5,38.5],[48.6,38.4],[48.7,38.4],[48.8,38.4],[48.9,38.4],[48.9,38.3],[48.9,38.2],[48.9,38.1],[48.9,38.0],[48.9,37.9],[49.0,37.9],[49.0,37.8],[49.0,37.7],[49.1,37.7],[49.1,37.6],[49.2,37.6],[49.4,37.5],[49.8,37.5],[49.9,37.5],[50.0,37.5],[49.9,37.5],[50.0,37.4],[50.1,37.4],[50.2,37.4],[50.2,37.3],[50.3,37.3],[50.3,37.2],[50.4,37.1],[50.5,37.0],[50.6,37.0],[50.7,37.0],[50.7,36.9],[50.9,36.8],[51.0,36.8],[51.1,36.7],[51.4,36.7],[51.5,36.7],[51.7,36.6],[51.9,36.6],[52.1,36.6],[52.3,36.7],[52.4,36.7],[52.6,36.7],[52.8,36.7],[53.0,36.8],[53.1,36.8],[53.4,36.9],[53.5,36.9],[53.9,36.9],[54.0,36.9],[54.0,37.0],[54.0,36.9],[53.9,36.9],[53.8,36.9],[53.7,36.9],[53.6,36.9],[53.7,36.9],[53.6,36.9],[53.7,36.8],[53.9,36.8],[54.0,36.8],[54.0,36.9],[54.0,37.0],[54.0,37.1],[54.0,37.2],[53.9,37.2],[53.9,37.3],[54.2,37.3],[54.3,37.4],[54.4,37.4],[54.5,37.4],[54.6,37.4],[54.7,37.4],[54.7,37.5],[54.8,37.5],[54.8,37.6],[54.8,37.7],[54.9,37.8],[55.0,37.8],[55.1,37.9],[55.1,38.0],[55.2,38.0],[55.3,38.0],[55.4,38.1],[55.5,38.1],[55.7,38.1],[55.8,38.1],[55.9,38.1],[56.0,38.1],[56.1,38.1],[56.2,38.1],[56.3,38.1],[56.3,38.2],[56.4,38.2],[56.4,38.3],[56.5,38.3],[56.6,38.2],[56.7,38.3],[56.8,38.2],[57.0,38.2],[57.1,38.2],[57.1,38.3],[57.2,38.3],[57.2,38.2],[57.3,38.2],[57.3,38.1],[57.3,38.0],[57.4,38.0],[57.5,37.9],[57.6,37.9],[57.7,37.9],[57.8,37.9],[57.9,37.9],[58.0,37.8],[58.1,37.8],[58.2,37.8],[58.2,37.7],[58.3,37.7],[58.3,37.6],[58.4,37.6],[58.5,37.6],[58.5,37.7],[58.6,37.7],[58.7,37.6],[58.7,37.7],[58.8,37.7],[58.9,37.7],[59.0,37.6],[59.1,37.6],[59.2,37.5],[59.3,37.5],[59.4,37.5],[59.4,37.4],[59.3,37.4],[59.4,37.4],[59.4,37.3],[59.5,37.2],[59.6,37.2],[59.6,37.1],[59.6,37.2],[59.7,37.1],[59.8,37.1],[59.9,37.1],[60.0,37.0],[60.1,36.9],[60.2,36.8],[60.3,36.7],[60.3,36.6],[60.5,36.6],[60.6,36.6],[60.9,36.6],[61.0,36.6],[61.1,36.6],[61.2,36.6],[61.2,36.5],[61.2,36.4],[61.1,36.4],[61.2,36.3],[61.2,36.2],[61.2,36.1],[61.2,36.0],[61.1,36.0],[61.2,36.0],[61.2,35.9],[61.3,35.8],[61.2,35.8],[61.3,35.8],[61.2,35.7],[61.2,35.6],[61.3,35.6],[61.3,35.5],[61.2,35.5],[61.2,35.4],[61.2,35.3],[61.1,35.3],[61.1,35.2],[61.1,35.1],[61.1,35.0],[61.1,34.9],[61.1,34.8],[61.0,34.8],[61.0,34.7],[61.0,34.6],[60.9,34.6],[60.8,34.6],[60.7,34.5],[60.8,34.5],[60.8,34.4],[60.9,34.3],[60.8,34.3],[60.7,34.3],[60.6,34.3],[60.7,34.3],[60.6,34.3],[60.6,34.2],[60.5,34.2],[60.5,34.1],[60.5,34.0],[60.5,33.8],[60.5,33.7],[60.5,33.6],[60.6,33.6],[60.7,33.6],[60.8,33.6],[60.9,33.5],[60.8,33.5],[60.8,33.4],[60.7,33.3],[60.6,33.2],[60.6,33.1],[60.6,33.0],[60.6,32.9],[60.6,32.8],[60.7,32.7],[60.7,32.6],[60.8,32.5],[60.8,32.4],[60.8,32.2],[60.8,32.1],[60.8,32.0],[60.8,31.9],[60.8,31.8],[60.8,31.7],[60.8,31.6],[60.8,31.5],[60.9,31.5],[61.0,31.5],[61.1,31.4],[61.3,31.4],[61.5,31.4],[61.6,31.4],[61.7,31.4],[61.7,31.3],[61.7,31.2],[61.8,31.2],[61.8,31.1],[61.8,31.0],[61.8,30.9],[61.8,30.8],[61.7,30.7],[61.6,30.6],[61.5,30.5],[61.4,30.4],[61.3,30.3],[61.2,30.2],[61.1,30.2],[61.0,30.0],[60.9,29.9],[60.8,29.9],[60.9,29.8],[61.0,29.7],[61.1,29.6],[61.2,29.5],[61.3,29.4],[61.3,29.3],[61.4,29.2],[61.4,29.1],[61.5,29.1],[61.5,29.0],[61.6,28.9],[61.6,28.8],[61.7,28.8],[61.8,28.7],[61.8,28.6],[61.9,28.6],[61.9,28.5],[62.0,28.5],[62.1,28.5],[62.2,28.4],[62.4,28.4],[62.5,28.4],[62.5,28.3],[62.6,28.2],[62.7,28.3],[62.8,28.2],[62.8,28.1],[62.7,28.0],[62.8,27.9],[62.8,27.8],[62.8,27.7],[62.8,27.6],[62.8,27.5],[62.8,27.3],[62.7,27.3],[62.8,27.2],[62.9,27.2],[63.0,27.2],[63.1,27.2],[63.2,27.3],[63.2,27.2],[63.3,27.2],[63.3,27.1],[63.2,27.1],[63.2,26.9],[63.3,26.9],[63.2,26.9],[63.2,26.8],[63.2,26.7],[63.2,26.6],[63.1,26.6],[63.0,26.6],[62.9,26.6],[62.8,26.6],[62.7,26.6],[62.6,26.6],[62.4,26.6],[62.4,26.5],[62.3,26.5],[62.3,26.4],[62.2,26.4],[62.3,26.4],[62.2,26.4],[62.1,26.4],[62.1,26.3],[62.0,26.3],[61.9,26.2],[61.8,26.2],[61.8,26.1],[61.8,26.0],[61.8,25.9],[61.8,25.8],[61.7,25.8],[61.7,25.7],[61.7,25.6],[61.6,25.6],[61.6,25.5],[61.6,25.4],[61.6,25.3],[61.6,25.2],[61.6,25.3],[61.5,25.2],[61.6,25.2],[61.5,25.2],[61.5,25.1],[61.4,25.1],[61.2,25.1],[61.2,25.2],[61.0,25.2],[60.9,25.2],[60.7,25.3],[60.6,25.3],[60.6,25.4],[60.5,25.4],[60.4,25.4],[60.4,25.3],[60.5,25.3],[60.4,25.3],[60.5,25.3],[60.4,25.3],[60.3,25.3],[60.3,25.4],[60.2,25.4],[60.2,25.3],[60.1,25.3],[60.1,25.4],[60.0,25.4],[59.9,25.4],[59.9,25.3],[59.8,25.4],[59.7,25.4],[59.6,25.4],[59.5,25.4],[59.5,25.5],[59.4,25.5],[59.3,25.4],[59.2,25.4],[59.1,25.4],[59.0,25.4],[58.9,25.5],[58.8,25.5],[58.8,25.6],[58.7,25.6],[58.5,25.6],[58.4,25.6],[58.3,25.6],[58.2,25.6],[58.2,25.5],[58.1,25.5],[58.1,25.6],[58.0,25.6],[58.0,25.7],[57.9,25.7],[57.8,25.7],[57.8,25.6],[57.8,25.7],[57.7,25.7],[57.6,25.7],[57.5,25.7],[57.5,25.8],[57.3,25.8],[57.3,25.9],[57.3,26.0],[57.2,26.0],[57.2,26.1],[57.2,26.2],[57.1,26.3],[57.1,26.4],[57.1,26.6],[57.0,26.9],[56.9,26.9],[56.9,27.0],[57.0,27.0],[56.9,27.0],[56.8,27.0],[56.9,27.0],[56.9,27.1],[56.8,27.1],[56.7,27.1],[56.7,27.2],[56.6,27.2],[56.5,27.2],[56.4,27.2],[56.3,27.2],[56.2,27.2],[56.1,27.2],[56.1,27.1],[56.0,27.1],[56.0,27.0],[55.9,27.0],[55.8,27.0],[55.7,27.0],[55.6,27.0],[55.6,26.9],[55.6,26.8],[55.5,26.8],[55.4,26.8],[55.3,26.8],[55.2,26.8],[55.2,26.7],[55.1,26.7],[55.0,26.6],[54.9,26.6],[54.8,26.5],[54.7,26.5],[54.6,26.5],[54.6,26.6],[54.5,26.6],[54.4,26.6],[54.4,26.7],[54.3,26.7],[54.2,26.7],[54.1,26.7],[54.0,26.7],[53.9,26.7],[53.8,26.7],[53.7,26.7],[53.6,26.8],[53.5,26.9],[53.5,27.0],[53.4,27.0],[53.1,27.1],[53.0,27.1],[52.9,27.2],[52.8,27.2],[52.8,27.3],[52.7,27.3],[52.6,27.4],[52.7,27.4],[52.7,27.5],[52.6,27.5],[52.5,27.6],[52.4,27.6],[52.2,27.7],[52.1,27.8],[52.0,27.8],[51.9,27.8],[51.8,27.8],[51.7,27.8],[51.6,27.8],[51.6,27.9],[51.5,27.9],[51.4,28.0],[51.4,27.9],[51.4,28.0],[51.3,28.1],[51.3,28.2],[51.3,28.3],[51.2,28.3],[51.2,28.4],[51.1,28.4],[51.1,28.5],[51.1,28.6],[51.1,28.7],[51.0,28.8],[50.9,28.8],[50.9,28.9],[50.8,28.9],[50.8,29.0],[50.9,29.0],[50.9,28.9],[50.9,29.0],[50.9,29.1],[50.8,29.1],[50.7,29.1],[50.6,29.1],[50.6,29.2],[50.7,29.2],[50.7,29.3],[50.7,29.2],[50.7,29.3],[50.7,29.4],[50.6,29.5],[50.5,29.6],[50.4,29.7],[50.3,29.7],[50.3,29.8],[50.2,29.9],[50.1,29.9],[50.1,30.0],[50.2,30.0],[50.1,30.0],[50.1,30.1],[50.1,30.2],[50.0,30.2],[49.9,30.2],[49.6,30.0],[49.5,30.0],[49.5,30.1],[49.5,30.2],[49.4,30.2],[49.3,30.2],[49.2,30.2],[49.2,30.3],[49.2,30.2],[49.1,30.2],[49.1,30.3],[49.0,30.3],[49.0,30.4],[48.9,30.4],[49.0,30.4],[49.1,30.4],[49.2,30.4],[49.2,30.3],[49.2,30.4],[49.3,30.4],[49.2,30.4],[49.2,30.5],[49.1,30.5],[49.0,30.5],[48.9,30.5],[49.0,30.5],[49.0,30.4],[48.9,30.4],[48.9,30.3],[48.9,30.2],[48.9,30.1],[48.9,30.0],[48.8,30.0],[48.7,30.0],[48.7,30.1],[48.6,30.1],[48.6,30.0],[48.7,30.0],[48.6,30.0],[48.5,30.0],[48.4,30.0],[48.4,30.1],[48.4,30.2],[48.4,30.3],[48.3,30.3],[48.2,30.3],[48.2,30.4],[48.1,30.4],[48.1,30.5],[48.0,30.5],[48.0,31.0],[47.7,31.0],[47.7,31.2],[47.7,31.4],[47.8,31.8],[47.8,31.9],[47.7,31.9],[47.7,32.0],[47.6,32.0],[47.6,32.1],[47.5,32.1],[47.5,32.2],[47.5,32.3],[47.4,32.3],[47.4,32.4],[47.3,32.5],[47.2,32.5],[47.1,32.5],[46.8,32.7],[46.7,32.8],[46.6,32.8],[46.5,32.9],[46.4,32.9],[46.3,33.0],[46.2,32.9],[46.1,33.0],[46.1,33.1],[46.0,33.1],[46.1,33.1],[46.2,33.2],[46.2,33.3],[46.1,33.3],[46.0,33.4],[46.0,33.5],[45.9,33.5],[45.9,33.6],[45.8,33.6],[45.7,33.6],[45.7,33.7],[45.6,33.7],[45.6,33.8],[45.5,33.9],[45.4,33.9],[45.4,34.0],[45.5,34.1],[45.5,34.2],[45.6,34.3],[45.5,34.3],[45.4,34.4],[45.4,34.5],[45.5,34.5],[45.5,34.6],[45.6,34.6],[45.7,34.6],[45.7,34.7],[45.6,34.7],[45.7,34.8],[45.8,34.9],[45.7,34.9],[45.8,34.9],[45.9,34.9],[45.9,35.0],[45.9,35.1],[46.0,35.1],[46.1,35.1],[46.2,35.1],[46.1,35.1],[46.1,35.2],[46.2,35.2],[46.1,35.2],[46.1,35.3],[46.0,35.4],[46.0,35.5],[46.0,35.6],[46.0,35.7],[46.1,35.7],[46.2,35.7],[46.3,35.7],[46.3,35.8],[46.2,35.8],[46.1,35.8],[46.1,35.9],[46.0,35.9],[46.0,35.8],[45.9,35.8],[45.8,35.8],[45.7,35.8],[45.7,35.9],[45.6,35.9],[45.6,36.0],[45.5,36.0],[45.4,36.0],[45.3,36.0],[45.3,36.1],[45.3,36.2],[45.3,36.3],[45.3,36.4],[45.2,36.4],[45.1,36.4],[45.1,36.5],[45.0,36.5],[45.0,36.6],[45.0,36.7],[45.0,36.8],[44.9,36.8],[44.8,36.8],[44.9,36.9],[44.9,37.0],[44.8,37.0],[44.8,37.1],[44.8,37.2],[44.8,37.3],[44.7,37.3],[44.7,37.4],[44.6,37.4],[44.6,37.5],[44.6,37.6],[44.5,37.6],[44.5,37.7],[44.6,37.7],[44.6,37.8],[44.5,37.8],[44.4,37.8],[44.4,37.9],[44.3,37.9],[44.2,37.9],[44.2,38.0],[44.3,38.0],[44.3,38.1],[44.4,38.1],[44.4,38.2],[44.4,38.3],[44.5,38.3],[44.5,38.4],[44.4,38.4],[44.3,38.4],[44.3,38.5],[44.3,38.6],[44.3,38.7],[44.2,38.7],[44.3,38.7],[44.2,38.7],[44.3,38.7],[44.3,38.8],[44.2,38.9],[44.2,39.0],[44.1,39.0],[44.2,39.0],[44.2,39.1],[44.1,39.2],[44.1,39.3],[44.0,39.3],[44.0,39.4],[44.1,39.4],[44.2,39.4],[44.3,39.4],[44.4,39.4],[44.4,39.5],[44.4,39.6],[44.5,39.6],[44.5,39.7],[44.6,39.8],[44.6,39.7],[44.7,39.7],[44.8,39.6]]],[[[56.2,27.0],[56.3,27.0],[56.3,26.9],[56.2,26.9],[56.1,26.9],[56.1,26.8],[56.0,26.8],[56.0,26.7],[55.9,26.7],[55.8,26.7],[55.7,26.7],[55.6,26.6],[55.5,26.6],[55.4,26.6],[55.3,26.6],[55.3,26.5],[55.3,26.6],[55.3,26.7],[55.3,26.6],[55.4,26.6],[55.4,26.7],[55.5,26.7],[55.6,26.7],[55.6,26.8],[55.7,26.8],[55.8,26.8],[55.8,26.9],[55.7,26.9],[55.8,27.0],[55.9,26.9],[56.0,27.0],[56.2,27.0]]]]}},{"type":"Feature","properties":{"iso3":"NLD","name":"Netherlands","ilo169":"ratified","colonial":"Holds territories of its own","conquests_made":2},"geometry":{"type":"MultiPolygon","coordinates":[[[[7.2,53.2],[7.2,53.1],[7.2,53.0],[7.2,52.9],[7.1,52.9],[7.1,52.8],[7.0,52.7],[7.0,52.6],[6.9,52.6],[6.8,52.6],[6.7,52.6],[6.7,52.5],[6.8,52.4],[6.9,52.4],[7.0,52.4],[7.0,52.5],[7.0,52.4],[7.0,52.3],[7.0,52.2],[6.9,52.2],[6.9,52.1],[6.8,52.1],[6.7,52.1],[6.7,52.0],[6.8,52.0],[6.8,51.9],[6.7,51.9],[6.6,51.9],[6.5,51.9],[6.5,51.8],[6.4,51.8],[6.4,51.9],[6.4,51.8],[6.3,51.8],[6.3,51.9],[6.2,51.9],[6.1,51.9],[6.2,51.8],[6.1,51.8],[6.1,51.9],[6.0,51.8],[5.9,51.8],[6.0,51.8],[5.9,51.7],[6.0,51.7],[6.1,51.6],[6.2,51.5],[6.2,51.4],[6.2,51.3],[6.1,51.3],[6.1,51.2],[6.2,51.2],[6.1,51.2],[6.1,51.1],[6.0,51.1],[6.0,51.0],[5.9,51.0],[5.9,51.1],[5.9,51.0],[6.0,51.0],[6.0,50.9],[6.1,50.9],[6.0,50.8],[6.0,50.7],[5.9,50.7],[5.9,50.8],[5.8,50.8],[5.7,50.8],[5.6,50.8],[5.6,50.9],[5.7,50.9],[5.8,50.9],[5.8,51.0],[5.7,51.0],[5.8,51.0],[5.8,51.1],[5.8,51.2],[5.7,51.2],[5.6,51.2],[5.5,51.2],[5.5,51.3],[5.4,51.3],[5.3,51.3],[5.2,51.3],[5.1,51.3],[5.1,51.4],[5.1,51.5],[5.0,51.5],[5.0,51.4],[4.9,51.4],[4.8,51.4],[4.8,51.5],[4.7,51.5],[4.7,51.4],[4.6,51.4],[4.5,51.4],[4.5,51.5],[4.4,51.5],[4.4,51.4],[4.3,51.4],[4.2,51.4],[4.1,51.4],[4.0,51.4],[4.0,51.5],[3.9,51.5],[3.9,51.4],[3.8,51.4],[3.7,51.4],[3.7,51.5],[3.6,51.4],[3.6,51.5],[3.5,51.5],[3.4,51.5],[3.5,51.6],[3.6,51.6],[3.8,51.6],[3.9,51.6],[3.9,51.5],[4.0,51.5],[4.1,51.5],[4.1,51.4],[4.2,51.4],[4.3,51.4],[4.3,51.5],[4.2,51.5],[4.1,51.5],[4.0,51.6],[4.1,51.6],[4.2,51.6],[4.1,51.6],[4.1,51.7],[4.2,51.7],[4.1,51.7],[4.1,51.8],[4.0,51.8],[3.9,51.8],[4.0,51.8],[4.1,51.8],[4.1,51.9],[4.0,51.9],[4.0,52.0],[4.1,52.0],[4.3,52.1],[4.4,52.2],[4.5,52.3],[4.6,52.4],[4.6,52.5],[4.6,52.7],[4.7,52.8],[4.7,52.9],[4.7,53.0],[4.8,53.0],[4.8,52.9],[4.9,52.9],[5.0,52.9],[5.1,53.0],[5.3,53.1],[5.4,53.1],[5.4,53.2],[5.5,53.2],[5.5,53.3],[5.6,53.3],[5.7,53.3],[5.9,53.4],[6.0,53.4],[6.1,53.4],[6.2,53.4],[6.3,53.4],[6.5,53.4],[6.7,53.5],[6.8,53.5],[6.8,53.4],[6.9,53.4],[6.9,53.3],[7.0,53.3],[7.1,53.3],[7.2,53.2]]],[[[3.3,51.4],[3.5,51.4],[3.6,51.4],[3.7,51.4],[3.8,51.4],[3.8,51.3],[3.9,51.3],[4.0,51.4],[4.1,51.4],[4.2,51.4],[4.2,51.3],[4.1,51.3],[4.0,51.2],[3.9,51.2],[3.8,51.2],[3.8,51.3],[3.6,51.3],[3.5,51.3],[3.5,51.2],[3.4,51.2],[3.4,51.3],[3.3,51.4]]],[[[4.0,51.7],[4.1,51.7],[4.1,51.6],[4.0,51.6],[3.9,51.6],[3.9,51.7],[3.8,51.7],[3.7,51.7],[3.8,51.7],[3.9,51.7],[4.0,51.7]]],[[[5.4,53.4],[5.6,53.5],[5.6,53.4],[5.5,53.4],[5.4,53.4],[5.3,53.4],[5.2,53.4],[5.3,53.4],[5.4,53.4]]]]}},{"type":"Feature","properties":{"iso3":"LIE","name":"Liechtenstein","ilo169":"not ratified","colonial":"none recorded"},"geometry":{"type":"Polygon","coordinates":[[[9.5,47.3],[9.5,47.2],[9.6,47.2],[9.6,47.1],[9.5,47.1],[9.5,47.2],[9.5,47.3]]]}},{"type":"Feature","properties":{"iso3":"CIV","name":"Ivory Coast","ilo169":"not ratified","colonial":"none recorded","land_deal_ha":39280.0,"debt_pct_gni":48.8},"geometry":{"type":"MultiPolygon","coordinates":[[[[-8.0,10.2],[-7.9,10.2],[-7.8,10.2],[-7.8,10.3],[-7.7,10.3],[-7.7,10.4],[-7.6,10.4],[-7.5,10.4],[-7.5,10.5],[-7.5,10.4],[-7.4,10.4],[-7.4,10.3],[-7.3,10.2],[-7.2,10.2],[-7.1,10.2],[-7.0,10.1],[-7.0,10.2],[-7.0,10.3],[-6.9,10.3],[-6.8,10.4],[-6.7,10.3],[-6.7,10.4],[-6.6,10.4],[-6.7,10.4],[-6.7,10.5],[-6.7,10.6],[-6.7,10.7],[-6.6,10.7],[-6.6,10.6],[-6.5,10.6],[-6.4,10.6],[-6.4,10.7],[-6.3,10.7],[-6.2,10.7],[-6.2,10.6],[-6.3,10.5],[-6.2,10.5],[-6.2,10.4],[-6.2,10.3],[-6.2,10.2],[-6.1,10.2],[-6.0,10.2],[-6.0,10.3],[-5.9,10.3],[-5.9,10.4],[-5.8,10.4],[-5.7,10.4],[-5.6,10.4],[-5.6,10.5],[-5.6,10.4],[-5.5,10.4],[-5.5,10.3],[-5.4,10.3],[-5.3,10.3],[-5.2,10.3],[-5.1,10.3],[-5.1,10.2],[-5.0,10.1],[-5.1,10.1],[-5.0,10.1],[-5.1,10.1],[-5.0,10.1],[-5.0,10.0],[-5.0,9.9],[-4.9,9.9],[-4.8,9.9],[-4.8,9.8],[-4.8,9.7],[-4.8,9.8],[-4.7,9.8],[-4.7,9.7],[-4.6,9.7],[-4.5,9.7],[-4.4,9.7],[-4.4,9.6],[-4.3,9.6],[-4.3,9.7],[-4.3,9.8],[-4.2,9.8],[-4.1,9.8],[-4.0,9.8],[-4.0,9.9],[-3.9,9.9],[-3.8,9.9],[-3.7,9.9],[-3.6,9.9],[-3.5,9.9],[-3.4,9.9],[-3.3,9.9],[-3.3,9.8],[-3.3,9.9],[-3.2,9.9],[-3.2,9.8],[-3.1,9.8],[-3.1,9.7],[-3.0,9.7],[-3.0,9.6],[-2.9,9.5],[-2.8,9.4],[-2.7,9.4],[-2.7,9.5],[-2.7,9.4],[-2.7,9.3],[-2.7,9.2],[-2.8,9.1],[-2.8,9.0],[-2.7,9.0],[-2.6,8.9],[-2.6,8.8],[-2.6,8.5],[-2.5,8.2],[-2.6,8.2],[-2.6,8.1],[-2.6,8.0],[-2.7,8.0],[-2.8,7.9],[-2.8,7.8],[-2.9,7.8],[-2.9,7.6],[-3.0,7.3],[-3.0,7.2],[-3.0,7.1],[-3.1,7.1],[-3.1,7.0],[-3.2,6.8],[-3.2,6.7],[-3.3,6.6],[-3.2,6.3],[-3.2,6.2],[-3.1,6.2],[-3.1,6.0],[-3.0,5.9],[-3.0,5.8],[-3.0,5.7],[-3.0,5.6],[-2.9,5.6],[-2.8,5.6],[-2.8,5.5],[-2.7,5.4],[-2.7,5.3],[-2.8,5.3],[-2.8,5.2],[-2.8,5.1],[-2.8,5.2],[-2.9,5.2],[-2.9,5.1],[-3.0,5.1],[-3.1,5.2],[-3.1,5.1],[-3.1,5.2],[-3.2,5.2],[-3.2,5.3],[-3.1,5.3],[-3.1,5.4],[-3.2,5.4],[-3.2,5.3],[-3.3,5.3],[-3.2,5.3],[-3.3,5.3],[-3.3,5.2],[-3.2,5.2],[-3.3,5.2],[-3.3,5.1],[-3.4,5.1],[-3.6,5.2],[-3.7,5.2],[-3.8,5.2],[-3.9,5.2],[-4.0,5.2],[-4.0,5.3],[-3.9,5.3],[-3.8,5.3],[-3.8,5.2],[-3.8,5.3],[-3.7,5.3],[-3.8,5.3],[-3.8,5.4],[-3.8,5.3],[-3.7,5.3],[-3.8,5.3],[-3.9,5.3],[-4.0,5.3],[-3.9,5.3],[-4.0,5.3],[-4.1,5.3],[-4.2,5.3],[-4.3,5.3],[-4.2,5.3],[-4.3,5.3],[-4.4,5.3],[-4.5,5.3],[-4.6,5.3],[-4.6,5.2],[-4.6,5.3],[-4.7,5.2],[-4.7,5.3],[-4.7,5.2],[-4.8,5.2],[-4.7,5.2],[-4.6,5.2],[-4.5,5.2],[-4.6,5.2],[-4.5,5.2],[-4.4,5.2],[-4.4,5.3],[-4.4,5.2],[-4.3,5.2],[-4.3,5.3],[-4.3,5.2],[-4.3,5.3],[-4.2,5.3],[-4.1,5.3],[-4.0,5.3],[-4.1,5.3],[-4.0,5.2],[-4.3,5.2],[-4.6,5.2],[-4.8,5.1],[-4.9,5.1],[-5.0,5.1],[-5.0,5.2],[-5.1,5.2],[-5.2,5.2],[-5.3,5.2],[-5.4,5.1],[-5.4,5.2],[-5.4,5.1],[-5.3,5.1],[-5.3,5.2],[-5.2,5.2],[-5.1,5.2],[-5.0,5.2],[-5.0,5.1],[-5.3,5.1],[-5.5,5.1],[-5.6,5.1],[-5.9,5.0],[-6.0,5.0],[-6.1,5.0],[-6.1,4.9],[-6.4,4.8],[-6.5,4.8],[-6.6,4.8],[-6.6,4.7],[-6.8,4.7],[-6.9,4.7],[-6.9,4.6],[-7.0,4.6],[-7.1,4.5],[-7.2,4.5],[-7.3,4.5],[-7.3,4.4],[-7.4,4.4],[-7.5,4.3],[-7.5,4.4],[-7.6,4.4],[-7.6,4.5],[-7.6,4.7],[-7.6,4.8],[-7.6,4.9],[-7.5,4.9],[-7.6,4.9],[-7.6,5.0],[-7.6,5.1],[-7.5,5.1],[-7.5,5.2],[-7.5,5.3],[-7.4,5.3],[-7.4,5.4],[-7.5,5.4],[-7.4,5.4],[-7.4,5.5],[-7.4,5.6],[-7.4,5.7],[-7.4,5.8],[-7.5,5.9],[-7.5,5.8],[-7.5,5.9],[-7.5,5.8],[-7.6,5.8],[-7.6,5.9],[-7.7,5.9],[-7.8,6.0],[-7.8,6.1],[-7.9,6.1],[-7.8,6.2],[-7.9,6.2],[-7.9,6.3],[-8.0,6.3],[-8.1,6.3],[-8.2,6.3],[-8.3,6.3],[-8.3,6.4],[-8.4,6.4],[-8.4,6.3],[-8.4,6.4],[-8.4,6.5],[-8.5,6.5],[-8.5,6.4],[-8.5,6.5],[-8.6,6.5],[-8.6,6.6],[-8.5,6.6],[-8.4,6.7],[-8.4,6.8],[-8.3,6.8],[-8.3,6.9],[-8.3,7.0],[-8.3,7.1],[-8.3,7.2],[-8.4,7.3],[-8.4,7.4],[-8.4,7.5],[-8.5,7.6],[-8.4,7.6],[-8.3,7.6],[-8.2,7.5],[-8.2,7.6],[-8.2,7.7],[-8.1,7.7],[-8.1,7.8],[-8.1,7.9],[-8.1,8.0],[-8.0,8.0],[-8.0,8.1],[-8.0,8.2],[-8.1,8.2],[-8.2,8.2],[-8.3,8.2],[-8.3,8.3],[-8.2,8.3],[-8.2,8.4],[-8.3,8.4],[-8.2,8.5],[-8.1,8.5],[-8.0,8.5],[-7.9,8.5],[-7.9,8.4],[-7.8,8.4],[-7.8,8.5],[-7.8,8.4],[-7.7,8.4],[-7.7,8.5],[-7.7,8.6],[-7.7,8.7],[-7.8,8.7],[-7.8,8.8],[-7.8,8.7],[-7.9,8.8],[-8.0,8.8],[-8.0,8.9],[-7.9,8.9],[-7.9,9.0],[-7.8,9.1],[-7.7,9.1],[-7.8,9.1],[-7.8,9.2],[-7.9,9.2],[-7.9,9.3],[-7.9,9.4],[-8.0,9.4],[-8.1,9.4],[-8.1,9.5],[-8.2,9.5],[-8.2,9.6],[-8.1,9.8],[-8.1,9.9],[-8.2,9.9],[-8.1,9.9],[-8.2,9.9],[-8.1,10.0],[-8.2,10.0],[-8.1,10.0],[-8.1,10.1],[-8.0,10.1],[-8.0,10.2]]]]}},{"type":"Feature","properties":{"iso3":"SRB","name":"Republic of Serbia","ilo169":"not ratified","colonial":"none recorded","land_deal_ha":121644.5,"debt_pct_gni":62.2},"geometry":{"type":"Polygon","coordinates":[[[20.2,46.1],[20.3,46.1],[20.3,46.0],[20.4,46.0],[20.4,45.9],[20.5,45.9],[20.6,45.9],[20.6,45.8],[20.7,45.8],[20.7,45.7],[20.7,45.8],[20.8,45.8],[20.8,45.7],[20.8,45.6],[20.8,45.5],[20.9,45.4],[21.0,45.3],[21.1,45.3],[21.2,45.3],[21.2,45.2],[21.3,45.2],[21.4,45.2],[21.5,45.2],[21.5,45.1],[21.4,45.1],[21.4,45.0],[21.5,45.0],[21.5,44.9],[21.4,44.9],[21.3,44.8],[21.4,44.8],[21.5,44.8],[21.6,44.8],[21.6,44.7],[21.7,44.7],[21.8,44.7],[21.9,44.7],[22.0,44.7],[22.0,44.6],[22.1,44.6],[22.1,44.5],[22.2,44.5],[22.3,44.7],[22.4,44.7],[22.5,44.7],[22.6,44.7],[22.6,44.6],[22.7,44.6],[22.8,44.6],[22.7,44.6],[22.7,44.5],[22.6,44.6],[22.6,44.5],[22.5,44.5],[22.5,44.4],[22.5,44.3],[22.6,44.3],[22.7,44.3],[22.7,44.2],[22.6,44.2],[22.6,44.1],[22.5,44.1],[22.5,44.0],[22.4,44.0],[22.4,43.9],[22.4,43.8],[22.3,43.8],[22.4,43.8],[22.4,43.7],[22.5,43.7],[22.5,43.6],[22.5,43.5],[22.6,43.5],[22.6,43.4],[22.7,43.4],[22.8,43.3],[22.9,43.3],[22.9,43.2],[23.0,43.2],[23.0,43.1],[22.9,43.1],[22.9,43.0],[22.8,43.0],[22.7,42.9],[22.6,42.9],[22.5,42.9],[22.5,42.8],[22.4,42.8],[22.5,42.8],[22.5,42.7],[22.4,42.7],[22.4,42.6],[22.5,42.5],[22.5,42.4],[22.4,42.3],[22.3,42.3],[22.3,42.4],[22.2,42.3],[22.1,42.3],[22.0,42.3],[21.9,42.3],[21.8,42.3],[21.7,42.3],[21.7,42.2],[21.6,42.2],[21.6,42.3],[21.5,42.3],[21.5,42.4],[21.6,42.4],[21.6,42.5],[21.7,42.5],[21.7,42.6],[21.8,42.6],[21.8,42.7],[21.7,42.7],[21.6,42.7],[21.5,42.7],[21.4,42.7],[21.4,42.8],[21.4,42.9],[21.3,42.9],[21.2,42.9],[21.2,43.0],[21.1,43.0],[21.1,43.1],[21.0,43.1],[20.9,43.1],[20.8,43.2],[20.9,43.2],[20.8,43.2],[20.8,43.3],[20.7,43.3],[20.7,43.2],[20.6,43.2],[20.6,43.1],[20.7,43.1],[20.6,43.1],[20.6,43.0],[20.5,43.0],[20.5,42.9],[20.4,42.8],[20.3,42.8],[20.4,42.9],[20.3,42.9],[20.2,43.0],[20.1,43.0],[20.0,43.0],[20.0,43.1],[19.9,43.1],[19.8,43.1],[19.7,43.1],[19.7,43.2],[19.6,43.2],[19.5,43.2],[19.5,43.3],[19.4,43.3],[19.4,43.4],[19.2,43.4],[19.2,43.5],[19.2,43.6],[19.3,43.6],[19.4,43.6],[19.4,43.5],[19.4,43.6],[19.5,43.6],[19.5,43.7],[19.5,43.8],[19.4,43.8],[19.3,43.9],[19.2,44.0],[19.3,44.0],[19.4,44.0],[19.5,44.0],[19.6,44.0],[19.6,44.1],[19.5,44.1],[19.5,44.2],[19.4,44.1],[19.4,44.2],[19.3,44.2],[19.3,44.3],[19.2,44.3],[19.1,44.3],[19.1,44.4],[19.1,44.5],[19.2,44.5],[19.2,44.6],[19.3,44.6],[19.3,44.7],[19.4,44.9],[19.3,44.9],[19.2,44.9],[19.1,44.9],[19.0,44.9],[19.1,44.9],[19.1,45.0],[19.1,45.1],[19.0,45.1],[19.1,45.1],[19.1,45.2],[19.2,45.2],[19.3,45.2],[19.4,45.2],[19.3,45.2],[19.2,45.3],[19.1,45.3],[19.0,45.3],[19.0,45.4],[19.0,45.5],[19.1,45.5],[19.0,45.5],[19.0,45.6],[19.0,45.5],[18.9,45.5],[18.9,45.6],[19.0,45.7],[18.9,45.7],[18.9,45.8],[18.8,45.8],[18.9,45.8],[18.9,45.9],[19.0,45.9],[19.0,46.0],[19.1,46.0],[19.2,46.0],[19.3,46.0],[19.4,46.0],[19.4,46.1],[19.5,46.1],[19.5,46.2],[19.6,46.2],[19.7,46.2],[19.8,46.1],[19.9,46.2],[20.0,46.2],[20.0,46.1],[20.1,46.1],[20.1,46.2],[20.1,46.1],[20.2,46.1]]]}},{"type":"Feature","properties":{"iso3":"MLI","name":"Mali","ilo169":"not ratified","colonial":"none recorded","land_deal_ha":126045.0,"debt_pct_gni":24.9},"geometry":{"type":"Polygon","coordinates":[[[-12.3,14.8],[-12.2,14.8],[-12.1,14.8],[-12.1,14.7],[-12.1,14.8],[-12.0,14.8],[-11.9,14.8],[-11.9,14.9],[-11.8,14.9],[-11.8,15.0],[-11.9,15.0],[-11.9,15.1],[-11.8,15.1],[-11.8,15.2],[-11.8,15.3],[-11.8,15.4],[-11.8,15.5],[-11.7,15.5],[-11.6,15.5],[-11.6,15.6],[-11.5,15.6],[-11.4,15.6],[-11.3,15.5],[-11.0,15.3],[-11.0,15.2],[-10.9,15.2],[-10.9,15.1],[-10.9,15.2],[-10.8,15.2],[-10.8,15.3],[-10.7,15.3],[-10.7,15.4],[-10.6,15.4],[-10.5,15.4],[-10.4,15.4],[-10.3,15.4],[-10.2,15.4],[-10.1,15.4],[-10.0,15.4],[-9.8,15.4],[-9.7,15.4],[-9.4,15.4],[-9.4,15.5],[-9.5,15.6],[-9.4,15.6],[-9.4,15.7],[-9.3,15.7],[-9.3,15.6],[-9.3,15.5],[-9.2,15.5],[-9.1,15.5],[-9.0,15.5],[-8.9,15.5],[-8.8,15.5],[-8.7,15.5],[-8.6,15.5],[-8.5,15.5],[-8.3,15.5],[-8.2,15.5],[-8.0,15.5],[-7.9,15.5],[-7.7,15.5],[-7.5,15.5],[-7.3,15.5],[-7.2,15.5],[-7.0,15.5],[-6.8,15.5],[-6.7,15.5],[-6.5,15.5],[-6.4,15.5],[-6.3,15.5],[-6.2,15.5],[-6.1,15.5],[-6.0,15.5],[-5.9,15.5],[-5.8,15.5],[-5.7,15.5],[-5.5,15.5],[-5.5,15.6],[-5.5,15.7],[-5.5,15.8],[-5.4,15.9],[-5.4,16.0],[-5.4,16.1],[-5.4,16.2],[-5.4,16.3],[-5.4,16.4],[-5.5,16.4],[-5.6,16.5],[-5.6,16.6],[-5.6,16.7],[-5.7,16.8],[-5.7,16.9],[-5.7,17.0],[-5.7,17.1],[-5.7,17.2],[-5.7,17.3],[-5.7,17.4],[-5.7,17.5],[-5.7,17.6],[-5.7,17.7],[-5.8,17.7],[-5.8,17.8],[-5.8,17.9],[-5.8,18.0],[-5.8,18.1],[-5.8,18.2],[-5.8,18.3],[-5.8,18.4],[-5.8,18.5],[-5.8,18.6],[-5.9,18.7],[-5.9,18.8],[-5.9,18.9],[-5.9,19.0],[-5.9,19.1],[-5.9,19.2],[-5.9,19.3],[-5.9,19.4],[-5.9,19.5],[-6.0,19.6],[-6.0,19.7],[-6.0,19.9],[-6.0,20.0],[-6.0,20.1],[-6.0,20.2],[-6.0,20.4],[-6.1,20.5],[-6.1,20.6],[-6.1,20.7],[-6.1,20.8],[-6.1,20.9],[-6.1,21.0],[-6.1,21.1],[-6.1,21.2],[-6.2,21.3],[-6.2,21.5],[-6.2,21.6],[-6.2,21.7],[-6.2,21.8],[-6.2,21.9],[-6.2,22.1],[-6.3,22.2],[-6.3,22.3],[-6.3,22.4],[-6.3,22.5],[-6.3,22.7],[-6.3,22.8],[-6.3,22.9],[-6.4,23.0],[-6.4,23.1],[-6.4,23.2],[-6.4,23.3],[-6.4,23.4],[-6.4,23.5],[-6.4,23.6],[-6.4,23.8],[-6.5,23.9],[-6.5,24.1],[-6.5,24.2],[-6.5,24.3],[-6.5,24.4],[-6.5,24.5],[-6.5,24.6],[-6.6,24.7],[-6.6,24.8],[-6.6,24.9],[-6.6,25.0],[-6.4,25.0],[-6.2,25.0],[-5.9,25.0],[-5.7,25.0],[-5.5,25.0],[-5.3,25.0],[-5.0,25.0],[-4.8,25.0],[-4.7,24.9],[-4.6,24.9],[-4.5,24.8],[-4.4,24.7],[-4.3,24.7],[-4.2,24.6],[-4.1,24.5],[-4.0,24.5],[-3.9,24.4],[-3.8,24.4],[-3.8,24.3],[-3.7,24.3],[-3.6,24.2],[-3.5,24.2],[-3.4,24.1],[-3.3,24.0],[-3.2,23.9],[-3.1,23.9],[-3.0,23.8],[-2.9,23.7],[-2.8,23.7],[-2.7,23.6],[-2.6,23.6],[-2.5,23.5],[-2.4,23.4],[-2.3,23.4],[-2.3,23.3],[-2.2,23.3],[-2.1,23.2],[-2.0,23.2],[-1.9,23.1],[-1.8,23.0],[-1.7,23.0],[-1.7,22.9],[-1.6,22.9],[-1.5,22.8],[-1.4,22.8],[-1.3,22.7],[-1.2,22.7],[-1.1,22.6],[-1.1,22.5],[-1.0,22.5],[-0.9,22.4],[-0.8,22.4],[-0.7,22.3],[-0.6,22.3],[-0.5,22.2],[-0.4,22.1],[-0.3,22.0],[-0.2,22.0],[-0.1,21.9],[-0.0,21.9],[0.0,21.8],[0.1,21.8],[0.2,21.7],[0.3,21.6],[0.4,21.6],[0.5,21.5],[0.6,21.5],[0.7,21.4],[0.8,21.3],[0.9,21.3],[0.9,21.2],[1.0,21.2],[1.1,21.1],[1.2,21.1],[1.2,21.0],[1.2,20.9],[1.1,20.8],[1.2,20.7],[1.3,20.7],[1.4,20.7],[1.4,20.6],[1.5,20.6],[1.6,20.6],[1.6,20.5],[1.7,20.5],[1.6,20.4],[1.7,20.4],[1.8,20.3],[1.9,20.3],[1.9,20.2],[1.9,20.3],[2.0,20.3],[2.0,20.2],[2.1,20.2],[2.1,20.3],[2.2,20.3],[2.3,20.2],[2.3,20.1],[2.4,20.1],[2.4,20.0],[2.5,20.0],[2.6,20.0],[2.7,20.0],[2.9,19.9],[3.1,19.9],[3.1,19.8],[3.2,19.8],[3.2,19.6],[3.2,19.5],[3.2,19.4],[3.3,19.4],[3.2,19.4],[3.2,19.3],[3.2,19.2],[3.1,19.2],[3.1,19.1],[3.2,19.1],[3.3,19.0],[3.4,19.0],[3.5,19.0],[3.7,19.0],[3.8,19.1],[3.9,19.1],[4.1,19.1],[4.2,19.1],[4.2,19.0],[4.2,18.9],[4.2,18.8],[4.2,18.6],[4.2,18.5],[4.2,18.4],[4.2,18.3],[4.2,18.2],[4.2,18.0],[4.2,17.9],[4.2,17.8],[4.2,17.7],[4.2,17.5],[4.2,17.4],[4.2,17.3],[4.2,17.2],[4.2,17.1],[4.2,17.0],[4.2,16.9],[4.2,16.8],[4.2,16.7],[4.2,16.6],[4.2,16.5],[4.2,16.4],[4.1,16.4],[4.1,16.3],[4.0,16.1],[4.0,16.0],[3.9,15.9],[3.9,15.8],[3.9,15.7],[3.8,15.7],[3.7,15.7],[3.7,15.6],[3.6,15.5],[3.5,15.5],[3.5,15.4],[3.4,15.4],[3.2,15.4],[3.1,15.4],[3.0,15.4],[3.0,15.3],[2.9,15.3],[2.8,15.3],[2.7,15.3],[2.6,15.3],[2.5,15.3],[2.4,15.3],[2.3,15.3],[2.2,15.3],[2.1,15.3],[2.0,15.3],[1.9,15.3],[1.8,15.3],[1.7,15.3],[1.6,15.3],[1.5,15.3],[1.4,15.3],[1.3,15.3],[1.2,15.2],[1.1,15.1],[1.0,15.0],[0.9,15.0],[0.8,15.0],[0.7,15.0],[0.7,14.9],[0.5,15.0],[0.4,15.0],[0.2,15.0],[0.2,14.9],[-0.0,15.0],[-0.2,15.0],[-0.2,15.1],[-0.3,15.1],[-0.4,15.0],[-0.5,15.1],[-0.7,15.1],[-0.8,15.1],[-0.8,15.0],[-1.0,14.8],[-1.1,14.8],[-1.3,14.7],[-1.4,14.7],[-1.7,14.5],[-1.8,14.5],[-1.9,14.5],[-2.0,14.5],[-2.0,14.4],[-2.0,14.2],[-2.1,14.2],[-2.1,14.1],[-2.2,14.2],[-2.4,14.3],[-2.5,14.3],[-2.6,14.2],[-2.7,14.1],[-2.8,14.0],[-2.9,14.0],[-2.9,13.9],[-2.9,13.8],[-2.9,13.7],[-2.9,13.6],[-3.0,13.6],[-3.1,13.6],[-3.1,13.7],[-3.2,13.7],[-3.3,13.7],[-3.3,13.6],[-3.3,13.5],[-3.2,13.3],[-3.3,13.3],[-3.4,13.3],[-3.5,13.2],[-3.4,13.2],[-3.5,13.2],[-3.6,13.2],[-3.7,13.3],[-3.8,13.3],[-3.8,13.4],[-3.9,13.4],[-4.0,13.4],[-3.9,13.4],[-3.9,13.5],[-4.0,13.5],[-4.0,13.4],[-4.1,13.4],[-4.1,13.3],[-4.2,13.3],[-4.2,13.2],[-4.3,13.2],[-4.2,13.2],[-4.3,13.2],[-4.3,13.1],[-4.4,13.1],[-4.3,13.1],[-4.3,13.0],[-4.2,13.0],[-4.2,12.9],[-4.2,12.8],[-4.2,12.7],[-4.3,12.7],[-4.4,12.7],[-4.5,12.7],[-4.5,12.6],[-4.4,12.6],[-4.4,12.5],[-4.5,12.4],[-4.4,12.4],[-4.4,12.3],[-4.5,12.3],[-4.6,12.2],[-4.6,12.1],[-4.7,12.1],[-4.7,12.0],[-4.8,12.0],[-4.9,12.0],[-5.0,12.0],[-5.1,12.0],[-5.2,11.9],[-5.3,11.8],[-5.4,11.8],[-5.3,11.8],[-5.3,11.7],[-5.3,11.6],[-5.2,11.6],[-5.2,11.5],[-5.2,11.4],[-5.3,11.4],[-5.3,11.3],[-5.3,11.2],[-5.3,11.1],[-5.4,11.1],[-5.5,11.1],[-5.5,11.0],[-5.5,10.9],[-5.4,10.9],[-5.4,10.8],[-5.5,10.8],[-5.5,10.7],[-5.5,10.6],[-5.5,10.5],[-5.5,10.4],[-5.6,10.4],[-5.6,10.5],[-5.6,10.4],[-5.7,10.4],[-5.8,10.4],[-5.9,10.4],[-5.9,10.3],[-6.0,10.3],[-6.0,10.2],[-6.1,10.2],[-6.2,10.2],[-6.2,10.3],[-6.2,10.4],[-6.2,10.5],[-6.3,10.5],[-6.2,10.6],[-6.2,10.7],[-6.3,10.7],[-6.4,10.7],[-6.4,10.6],[-6.5,10.6],[-6.6,10.6],[-6.6,10.7],[-6.7,10.7],[-6.7,10.6],[-6.7,10.5],[-6.7,10.4],[-6.6,10.4],[-6.7,10.4],[-6.7,10.3],[-6.8,10.4],[-6.9,10.3],[-7.0,10.3],[-7.0,10.2],[-7.0,10.1],[-7.1,10.2],[-7.2,10.2],[-7.3,10.2],[-7.4,10.3],[-7.4,10.4],[-7.5,10.4],[-7.5,10.5],[-7.5,10.4],[-7.6,10.4],[-7.7,10.4],[-7.7,10.3],[-7.8,10.3],[-7.8,10.2],[-7.9,10.2],[-8.0,10.2],[-8.0,10.3],[-8.1,10.3],[-8.1,10.4],[-8.2,10.4],[-8.3,10.5],[-8.3,10.7],[-8.3,10.8],[-8.3,10.9],[-8.3,11.0],[-8.4,11.1],[-8.4,11.0],[-8.5,11.0],[-8.5,11.1],[-8.5,11.0],[-8.6,11.0],[-8.7,11.0],[-8.6,11.1],[-8.6,11.2],[-8.5,11.2],[-8.5,11.3],[-8.4,11.3],[-8.4,11.4],[-8.5,11.4],[-8.5,11.5],[-8.6,11.5],[-8.7,11.5],[-8.7,11.6],[-8.8,11.6],[-8.8,11.7],[-8.8,11.9],[-8.8,12.0],[-8.9,12.0],[-8.9,12.1],[-8.9,12.2],[-9.0,12.2],[-9.0,12.3],[-9.0,12.4],[-9.1,12.5],[-9.2,12.5],[-9.3,12.5],[-9.4,12.5],[-9.4,12.4],[-9.3,12.4],[-9.3,12.3],[-9.4,12.2],[-9.4,12.3],[-9.5,12.2],[-9.6,12.2],[-9.7,12.1],[-9.7,12.0],[-9.8,12.0],[-9.8,12.1],[-9.9,12.1],[-10.0,12.1],[-10.1,12.1],[-10.1,12.2],[-10.2,12.2],[-10.3,12.2],[-10.4,12.2],[-10.4,12.1],[-10.5,12.1],[-10.5,12.0],[-10.6,12.0],[-10.6,11.9],[-10.7,11.9],[-10.8,12.0],[-10.8,12.1],[-10.9,12.1],[-10.9,12.2],[-11.0,12.2],[-11.1,12.2],[-11.1,12.1],[-11.2,12.1],[-11.2,12.0],[-11.3,12.0],[-11.4,12.0],[-11.4,12.1],[-11.5,12.1],[-11.5,12.2],[-11.4,12.3],[-11.5,12.4],[-11.4,12.4],[-11.4,12.5],[-11.5,12.5],[-11.4,12.6],[-11.4,12.7],[-11.5,12.7],[-11.4,12.7],[-11.4,12.8],[-11.4,12.9],[-11.4,13.0],[-11.5,13.1],[-11.5,13.2],[-11.6,13.2],[-11.6,13.3],[-11.6,13.4],[-11.7,13.4],[-11.8,13.4],[-11.8,13.3],[-11.9,13.3],[-11.9,13.4],[-11.9,13.5],[-12.0,13.5],[-12.0,13.6],[-12.1,13.7],[-12.0,13.8],[-12.0,13.9],[-12.0,14.0],[-12.0,14.1],[-12.0,14.2],[-12.0,14.3],[-12.1,14.3],[-12.1,14.4],[-12.2,14.4],[-12.2,14.5],[-12.2,14.6],[-12.2,14.7],[-12.3,14.7],[-12.3,14.8]]]}},{"type":"Feature","properties":{"iso3":"SEN","name":"Senegal","ilo169":"not ratified","colonial":"none recorded","land_deal_ha":268680.9,"debt_pct_gni":150.7},"geometry":{"type":"Polygon","coordinates":[[[-12.3,14.8],[-12.3,14.7],[-12.2,14.7],[-12.2,14.6],[-12.2,14.5],[-12.2,14.4],[-12.1,14.4],[-12.1,14.3],[-12.0,14.3],[-12.0,14.2],[-12.0,14.1],[-12.0,14.0],[-12.0,13.9],[-12.0,13.8],[-12.1,13.7],[-12.0,13.6],[-12.0,13.5],[-11.9,13.5],[-11.9,13.4],[-11.9,13.3],[-11.8,13.3],[-11.8,13.4],[-11.7,13.4],[-11.6,13.4],[-11.6,13.3],[-11.6,13.2],[-11.5,13.2],[-11.5,13.1],[-11.4,13.0],[-11.4,12.9],[-11.4,12.8],[-11.4,12.7],[-11.5,12.7],[-11.4,12.7],[-11.4,12.6],[-11.5,12.5],[-11.4,12.5],[-11.4,12.4],[-11.5,12.4],[-11.6,12.4],[-11.7,12.4],[-11.8,12.4],[-11.9,12.4],[-12.0,12.4],[-12.1,12.4],[-12.2,12.4],[-12.2,12.3],[-12.4,12.3],[-12.4,12.4],[-12.5,12.4],[-12.6,12.4],[-12.7,12.4],[-12.8,12.4],[-12.8,12.5],[-12.9,12.5],[-12.8,12.5],[-12.9,12.5],[-13.0,12.5],[-13.1,12.5],[-13.1,12.6],[-13.2,12.6],[-13.3,12.6],[-13.3,12.7],[-13.3,12.6],[-13.4,12.6],[-13.4,12.7],[-13.7,12.7],[-14.1,12.7],[-14.3,12.7],[-14.4,12.7],[-14.8,12.7],[-14.9,12.7],[-15.1,12.7],[-15.2,12.7],[-15.3,12.6],[-15.4,12.6],[-15.7,12.4],[-15.9,12.4],[-16.0,12.4],[-16.1,12.5],[-16.2,12.5],[-16.2,12.4],[-16.2,12.5],[-16.3,12.4],[-16.4,12.4],[-16.5,12.4],[-16.5,12.3],[-16.7,12.4],[-16.7,12.3],[-16.7,12.4],[-16.8,12.4],[-16.8,12.5],[-16.7,12.6],[-16.6,12.6],[-16.5,12.6],[-16.4,12.6],[-16.3,12.6],[-16.2,12.6],[-16.1,12.6],[-16.0,12.6],[-15.9,12.6],[-15.8,12.6],[-15.7,12.6],[-15.7,12.5],[-15.6,12.5],[-15.6,12.6],[-15.5,12.6],[-15.5,12.7],[-15.5,12.8],[-15.4,12.8],[-15.5,12.8],[-15.6,12.8],[-15.6,12.7],[-15.5,12.7],[-15.5,12.6],[-15.6,12.6],[-15.7,12.6],[-15.8,12.6],[-15.9,12.6],[-16.0,12.6],[-16.0,12.7],[-16.1,12.6],[-16.2,12.6],[-16.3,12.6],[-16.4,12.6],[-16.5,12.6],[-16.5,12.7],[-16.5,12.6],[-16.6,12.7],[-16.6,12.8],[-16.6,12.7],[-16.7,12.7],[-16.6,12.6],[-16.7,12.6],[-16.8,12.6],[-16.8,12.7],[-16.7,12.7],[-16.7,12.8],[-16.8,12.7],[-16.8,12.8],[-16.8,12.9],[-16.8,13.0],[-16.7,13.0],[-16.7,13.1],[-16.8,13.1],[-16.7,13.1],[-16.7,13.2],[-16.6,13.2],[-16.5,13.2],[-16.3,13.2],[-16.1,13.2],[-16.0,13.2],[-15.9,13.2],[-15.8,13.2],[-15.8,13.3],[-15.7,13.3],[-15.7,13.4],[-15.6,13.4],[-15.5,13.4],[-15.4,13.4],[-15.3,13.4],[-15.2,13.4],[-15.2,13.5],[-15.2,13.6],[-15.1,13.6],[-15.1,13.5],[-15.0,13.5],[-14.9,13.5],[-14.9,13.4],[-14.8,13.4],[-14.7,13.4],[-14.7,13.3],[-14.6,13.3],[-14.6,13.4],[-14.6,13.3],[-14.5,13.3],[-14.4,13.3],[-14.4,13.2],[-14.3,13.2],[-14.2,13.2],[-14.1,13.3],[-14.0,13.3],[-13.9,13.3],[-13.8,13.4],[-13.8,13.5],[-13.9,13.5],[-13.9,13.6],[-14.0,13.6],[-14.1,13.6],[-14.1,13.5],[-14.2,13.5],[-14.3,13.5],[-14.4,13.5],[-14.5,13.5],[-14.5,13.6],[-14.6,13.7],[-14.7,13.7],[-14.7,13.6],[-14.8,13.6],[-14.8,13.7],[-14.8,13.8],[-14.9,13.8],[-15.0,13.8],[-15.1,13.8],[-15.2,13.8],[-15.2,13.7],[-15.3,13.7],[-15.3,13.8],[-15.4,13.8],[-15.4,13.7],[-15.5,13.7],[-15.5,13.6],[-15.6,13.6],[-15.7,13.6],[-15.8,13.6],[-15.9,13.6],[-16.0,13.6],[-16.1,13.6],[-16.2,13.6],[-16.3,13.6],[-16.4,13.6],[-16.5,13.6],[-16.6,13.6],[-16.6,13.7],[-16.5,13.7],[-16.6,13.7],[-16.6,13.8],[-16.5,13.8],[-16.6,13.8],[-16.5,13.9],[-16.5,13.8],[-16.5,13.9],[-16.5,14.0],[-16.5,13.9],[-16.6,13.9],[-16.6,13.8],[-16.7,13.8],[-16.7,13.9],[-16.7,14.0],[-16.6,14.0],[-16.5,14.0],[-16.6,14.0],[-16.5,14.1],[-16.4,14.2],[-16.4,14.1],[-16.4,14.2],[-16.5,14.2],[-16.5,14.1],[-16.5,14.2],[-16.5,14.1],[-16.6,14.1],[-16.6,14.0],[-16.7,14.0],[-16.7,14.1],[-16.7,14.0],[-16.8,14.0],[-16.8,13.9],[-16.8,13.8],[-16.8,14.0],[-16.8,14.1],[-16.8,14.2],[-16.9,14.2],[-16.9,14.3],[-16.9,14.4],[-17.0,14.4],[-17.1,14.5],[-17.1,14.6],[-17.2,14.7],[-17.3,14.7],[-17.4,14.7],[-17.5,14.7],[-17.5,14.8],[-17.4,14.8],[-17.3,14.8],[-17.2,14.9],[-17.1,14.9],[-17.0,15.1],[-16.9,15.2],[-16.7,15.5],[-16.7,15.6],[-16.5,15.8],[-16.5,15.9],[-16.5,16.0],[-16.5,16.1],[-16.5,16.2],[-16.4,16.2],[-16.3,16.4],[-16.3,16.5],[-16.2,16.5],[-16.1,16.6],[-16.1,16.5],[-16.0,16.5],[-15.9,16.5],[-15.8,16.5],[-15.7,16.5],[-15.6,16.5],[-15.5,16.5],[-15.5,16.6],[-15.4,16.6],[-15.4,16.5],[-15.4,16.6],[-15.3,16.6],[-15.2,16.6],[-15.1,16.6],[-15.1,16.7],[-15.1,16.6],[-15.0,16.6],[-15.0,16.7],[-14.9,16.7],[-14.9,16.6],[-14.7,16.6],[-14.6,16.6],[-14.5,16.6],[-14.4,16.7],[-14.3,16.6],[-14.3,16.5],[-14.2,16.5],[-14.1,16.5],[-14.1,16.4],[-14.0,16.4],[-14.0,16.3],[-14.0,16.2],[-13.9,16.2],[-13.9,16.1],[-13.8,16.1],[-13.8,16.2],[-13.7,16.2],[-13.7,16.1],[-13.6,16.1],[-13.5,16.1],[-13.5,16.2],[-13.5,16.1],[-13.4,16.1],[-13.4,16.0],[-13.3,16.0],[-13.3,15.9],[-13.3,15.8],[-13.3,15.7],[-13.2,15.7],[-13.2,15.6],[-13.1,15.6],[-13.1,15.5],[-13.0,15.5],[-12.9,15.5],[-12.9,15.4],[-12.8,15.3],[-12.9,15.3],[-12.9,15.2],[-12.8,15.2],[-12.8,15.1],[-12.7,15.1],[-12.6,15.1],[-12.5,15.0],[-12.4,14.9],[-12.4,14.8],[-12.3,14.8]]]}},{"type":"Feature","properties":{"iso3":"NGA","name":"Nigeria","ilo169":"not ratified","colonial":"none recorded","land_deal_ha":183557.0,"debt_pct_gni":60.0},"geometry":{"type":"MultiPolygon","coordinates":[[[[3.6,11.7],[3.7,11.7],[3.7,11.8],[3.6,11.8],[3.6,11.9],[3.6,12.0],[3.7,12.0],[3.6,12.0],[3.6,12.1],[3.7,12.3],[3.6,12.5],[3.9,12.7],[3.9,12.8],[4.1,13.0],[4.1,13.2],[4.1,13.5],[4.2,13.5],[4.4,13.6],[4.5,13.7],[4.6,13.7],[4.8,13.8],[4.9,13.8],[4.9,13.7],[5.0,13.7],[5.1,13.7],[5.2,13.7],[5.3,13.7],[5.3,13.8],[5.4,13.9],[5.5,13.9],[5.6,13.9],[5.8,13.8],[6.1,13.7],[6.1,13.6],[6.2,13.6],[6.2,13.7],[6.3,13.7],[6.4,13.6],[6.5,13.5],[6.7,13.3],[6.8,13.2],[6.8,13.1],[6.9,13.0],[7.0,13.0],[7.1,13.0],[7.2,13.1],[7.3,13.1],[7.4,13.1],[7.8,13.3],[8.1,13.3],[8.2,13.3],[8.2,13.2],[8.3,13.2],[8.4,13.1],[8.5,13.1],[8.6,13.0],[8.6,12.9],[8.7,12.9],[8.9,12.8],[9.0,12.8],[9.3,12.8],[9.4,12.8],[9.6,12.8],[9.8,13.0],[9.9,13.1],[10.1,13.3],[10.2,13.3],[10.6,13.4],[10.7,13.4],[10.8,13.4],[11.0,13.4],[11.4,13.4],[11.7,13.3],[11.9,13.2],[12.0,13.2],[12.0,13.1],[12.1,13.1],[12.2,13.1],[12.3,13.1],[12.4,13.1],[12.5,13.1],[12.5,13.2],[12.6,13.2],[12.5,13.2],[12.6,13.2],[12.6,13.3],[12.7,13.3],[12.8,13.4],[12.9,13.5],[12.8,13.5],[12.9,13.5],[13.0,13.5],[13.1,13.5],[13.1,13.6],[13.1,13.5],[13.1,13.6],[13.2,13.5],[13.2,13.6],[13.3,13.6],[13.3,13.7],[13.4,13.7],[13.6,13.7],[13.8,13.4],[14.1,13.1],[14.1,12.8],[14.2,12.5],[14.2,12.4],[14.4,12.4],[14.5,12.3],[14.6,12.3],[14.6,12.2],[14.5,12.2],[14.6,12.2],[14.7,12.2],[14.7,12.1],[14.6,12.1],[14.6,12.0],[14.6,11.9],[14.6,11.8],[14.5,11.7],[14.6,11.7],[14.6,11.6],[14.6,11.5],[14.5,11.5],[14.5,11.4],[14.4,11.4],[14.3,11.3],[14.2,11.3],[14.2,11.2],[14.1,11.2],[14.1,11.3],[14.0,11.3],[13.9,11.2],[13.8,11.1],[13.8,11.0],[13.7,10.9],[13.6,10.7],[13.5,10.6],[13.5,10.5],[13.5,10.3],[13.4,10.2],[13.5,10.2],[13.4,10.2],[13.4,10.1],[13.3,10.1],[13.2,10.1],[13.2,10.0],[13.2,9.9],[13.3,9.8],[13.2,9.7],[13.2,9.6],[13.2,9.5],[13.1,9.5],[13.0,9.5],[12.9,9.4],[12.8,9.4],[12.9,9.4],[12.9,9.3],[12.9,9.2],[12.8,9.1],[12.8,9.0],[12.8,8.8],[12.7,8.8],[12.7,8.7],[12.6,8.6],[12.5,8.6],[12.4,8.6],[12.4,8.5],[12.4,8.4],[12.3,8.4],[12.2,8.4],[12.2,8.3],[12.2,8.2],[12.2,8.1],[12.2,8.0],[12.2,7.9],[12.1,7.8],[12.0,7.7],[12.0,7.6],[12.0,7.5],[11.9,7.5],[11.8,7.4],[11.8,7.3],[11.7,7.3],[11.8,7.3],[11.8,7.2],[11.9,7.1],[11.8,7.1],[11.8,7.0],[11.7,7.0],[11.6,6.9],[11.5,6.9],[11.5,6.8],[11.6,6.8],[11.6,6.7],[11.5,6.6],[11.4,6.6],[11.4,6.5],[11.3,6.4],[11.2,6.4],[11.1,6.4],[11.1,6.5],[11.1,6.6],[11.1,6.7],[11.0,6.7],[11.0,6.8],[10.9,6.8],[10.9,6.9],[10.8,6.9],[10.8,7.0],[10.7,7.0],[10.6,7.0],[10.6,7.1],[10.5,7.0],[10.5,6.9],[10.2,6.9],[10.2,7.0],[10.1,7.0],[9.9,6.8],[9.8,6.8],[9.7,6.5],[9.6,6.5],[9.5,6.4],[9.4,6.3],[9.3,6.3],[9.3,6.2],[9.1,6.1],[9.0,6.0],[9.0,5.9],[8.9,5.9],[8.9,5.8],[8.8,5.8],[8.9,5.8],[8.8,5.7],[8.9,5.7],[8.9,5.6],[8.9,5.5],[8.8,5.5],[8.8,5.4],[8.8,5.3],[8.8,5.2],[8.8,5.1],[8.7,5.1],[8.7,5.0],[8.6,4.9],[8.6,4.8],[8.5,4.8],[8.5,4.7],[8.5,4.8],[8.5,4.7],[8.4,4.7],[8.4,4.8],[8.3,4.8],[8.3,4.9],[8.2,4.9],[8.2,5.0],[8.2,4.9],[8.3,4.9],[8.3,4.8],[8.3,4.7],[8.4,4.6],[8.3,4.6],[8.3,4.5],[8.2,4.5],[8.2,4.6],[8.1,4.6],[8.0,4.6],[8.0,4.5],[7.9,4.5],[7.8,4.5],[7.7,4.5],[7.8,4.5],[7.7,4.5],[7.6,4.5],[7.5,4.5],[7.5,4.6],[7.6,4.6],[7.5,4.6],[7.5,4.7],[7.6,4.7],[7.5,4.7],[7.5,4.6],[7.4,4.6],[7.3,4.6],[7.3,4.5],[7.2,4.6],[7.2,4.7],[7.1,4.7],[7.1,4.8],[7.1,4.7],[7.1,4.6],[7.2,4.6],[7.1,4.6],[7.2,4.6],[7.2,4.5],[7.1,4.5],[7.1,4.4],[7.0,4.4],[7.0,4.5],[7.0,4.6],[7.0,4.7],[7.0,4.6],[6.9,4.6],[6.9,4.7],[6.9,4.6],[7.0,4.6],[7.0,4.5],[7.0,4.4],[6.9,4.4],[6.9,4.5],[6.8,4.5],[6.8,4.6],[6.8,4.7],[6.8,4.8],[6.7,4.8],[6.8,4.8],[6.8,4.7],[6.8,4.6],[6.8,4.5],[6.8,4.4],[6.9,4.4],[6.8,4.3],[6.7,4.3],[6.7,4.4],[6.7,4.5],[6.7,4.6],[6.7,4.5],[6.7,4.4],[6.7,4.5],[6.7,4.4],[6.7,4.3],[6.6,4.3],[6.6,4.4],[6.6,4.5],[6.6,4.4],[6.6,4.3],[6.5,4.3],[6.4,4.3],[6.3,4.3],[6.2,4.3],[6.3,4.4],[6.2,4.5],[6.2,4.4],[6.2,4.3],[6.1,4.3],[6.1,4.4],[6.0,4.4],[6.1,4.4],[6.0,4.4],[6.1,4.3],[6.0,4.3],[6.0,4.4],[6.0,4.3],[5.9,4.3],[5.9,4.4],[5.8,4.4],[5.8,4.5],[5.7,4.5],[5.6,4.6],[5.6,4.7],[5.5,4.8],[5.5,4.9],[5.4,5.0],[5.4,5.1],[5.5,5.1],[5.5,5.2],[5.4,5.2],[5.4,5.3],[5.3,5.3],[5.3,5.4],[5.4,5.4],[5.5,5.4],[5.5,5.3],[5.5,5.4],[5.6,5.4],[5.5,5.4],[5.5,5.5],[5.6,5.5],[5.5,5.5],[5.5,5.4],[5.4,5.4],[5.3,5.4],[5.3,5.5],[5.2,5.5],[5.2,5.6],[5.3,5.6],[5.4,5.6],[5.5,5.6],[5.4,5.7],[5.4,5.6],[5.3,5.6],[5.3,5.7],[5.3,5.6],[5.2,5.6],[5.1,5.6],[5.1,5.7],[5.1,5.8],[5.2,5.8],[5.3,5.9],[5.2,5.9],[5.1,5.8],[5.0,5.8],[4.9,6.0],[4.8,6.0],[4.8,6.1],[4.7,6.1],[4.7,6.2],[4.6,6.2],[4.5,6.3],[4.4,6.4],[4.3,6.4],[4.1,6.4],[3.9,6.4],[3.4,6.4],[3.4,6.5],[3.4,6.4],[3.4,6.5],[3.4,6.4],[3.5,6.5],[3.5,6.4],[3.5,6.5],[3.6,6.5],[3.7,6.5],[3.8,6.6],[3.9,6.6],[3.8,6.6],[3.7,6.6],[3.6,6.6],[3.6,6.5],[3.5,6.5],[3.5,6.6],[3.4,6.6],[3.4,6.5],[3.4,6.4],[3.3,6.4],[3.2,6.4],[3.1,6.4],[2.9,6.4],[2.7,6.4],[2.7,6.5],[2.7,6.6],[2.7,6.7],[2.8,6.7],[2.8,6.8],[2.7,6.8],[2.7,6.9],[2.7,7.0],[2.8,7.0],[2.8,7.1],[2.7,7.1],[2.8,7.1],[2.8,7.2],[2.7,7.4],[2.8,7.4],[2.8,7.5],[2.7,7.5],[2.7,7.6],[2.7,7.7],[2.7,7.8],[2.7,7.9],[2.7,8.0],[2.7,8.1],[2.7,8.2],[2.7,8.3],[2.7,8.4],[2.7,8.5],[2.7,8.8],[2.8,8.8],[2.7,8.8],[2.7,8.9],[2.8,8.9],[2.7,8.9],[2.8,8.9],[2.8,9.0],[2.8,9.1],[2.9,9.1],[3.0,9.1],[3.1,9.1],[3.1,9.2],[3.1,9.3],[3.2,9.3],[3.2,9.4],[3.1,9.4],[3.1,9.5],[3.2,9.5],[3.2,9.6],[3.3,9.6],[3.3,9.7],[3.3,9.8],[3.4,9.8],[3.5,9.9],[3.5,9.8],[3.5,9.9],[3.6,9.9],[3.6,10.0],[3.6,10.1],[3.7,10.1],[3.7,10.2],[3.6,10.2],[3.6,10.3],[3.6,10.4],[3.7,10.4],[3.8,10.4],[3.8,10.5],[3.8,10.6],[3.8,10.7],[3.8,10.8],[3.7,10.8],[3.8,10.9],[3.7,11.0],[3.7,11.1],[3.5,11.4],[3.5,11.5],[3.5,11.6],[3.6,11.7]]]]}},{"type":"Feature","properties":{"iso3":"BEN","name":"Benin","ilo169":"not ratified","colonial":"none recorded","land_deal_ha":10000.0,"debt_pct_gni":66.6,"conquests_made":1},"geometry":{"type":"Polygon","coordinates":[[[3.6,11.7],[3.5,11.6],[3.5,11.5],[3.5,11.4],[3.7,11.1],[3.7,11.0],[3.8,10.9],[3.7,10.8],[3.8,10.8],[3.8,10.7],[3.8,10.6],[3.8,10.5],[3.8,10.4],[3.7,10.4],[3.6,10.4],[3.6,10.3],[3.6,10.2],[3.7,10.2],[3.7,10.1],[3.6,10.1],[3.6,10.0],[3.6,9.9],[3.5,9.9],[3.5,9.8],[3.5,9.9],[3.4,9.8],[3.3,9.8],[3.3,9.7],[3.3,9.6],[3.2,9.6],[3.2,9.5],[3.1,9.5],[3.1,9.4],[3.2,9.4],[3.2,9.3],[3.1,9.3],[3.1,9.2],[3.1,9.1],[3.0,9.1],[2.9,9.1],[2.8,9.1],[2.8,9.0],[2.8,8.9],[2.7,8.9],[2.8,8.9],[2.7,8.9],[2.7,8.8],[2.8,8.8],[2.7,8.8],[2.7,8.5],[2.7,8.4],[2.7,8.3],[2.7,8.2],[2.7,8.1],[2.7,8.0],[2.7,7.9],[2.7,7.8],[2.7,7.7],[2.7,7.6],[2.7,7.5],[2.8,7.5],[2.8,7.4],[2.7,7.4],[2.8,7.2],[2.8,7.1],[2.7,7.1],[2.8,7.1],[2.8,7.0],[2.7,7.0],[2.7,6.9],[2.7,6.8],[2.8,6.8],[2.8,6.7],[2.7,6.7],[2.7,6.6],[2.7,6.5],[2.7,6.4],[2.3,6.3],[2.2,6.3],[1.9,6.3],[1.6,6.2],[1.8,6.3],[1.8,6.4],[1.7,6.4],[1.7,6.5],[1.7,6.6],[1.6,6.6],[1.6,6.7],[1.6,6.8],[1.6,6.9],[1.5,7.0],[1.6,7.0],[1.6,7.1],[1.6,7.3],[1.6,7.4],[1.6,7.5],[1.6,7.6],[1.6,7.8],[1.6,8.0],[1.6,8.2],[1.6,8.3],[1.6,8.4],[1.6,8.5],[1.6,8.6],[1.6,8.7],[1.6,8.8],[1.6,8.9],[1.6,9.0],[1.6,9.1],[1.5,9.2],[1.4,9.3],[1.4,9.4],[1.4,9.5],[1.3,9.5],[1.3,9.6],[1.4,9.6],[1.3,9.7],[1.3,9.8],[1.3,9.9],[1.3,10.0],[1.2,10.1],[1.1,10.2],[1.0,10.2],[0.9,10.3],[0.8,10.3],[0.8,10.4],[0.8,10.5],[0.8,10.6],[0.8,10.7],[0.9,10.8],[0.9,10.9],[0.9,11.0],[1.0,11.0],[1.0,11.1],[1.0,11.0],[1.1,11.1],[1.1,11.0],[1.1,11.1],[1.1,11.2],[1.2,11.2],[1.1,11.2],[1.1,11.3],[1.2,11.3],[1.3,11.2],[1.3,11.3],[1.3,11.4],[1.4,11.4],[1.4,11.5],[1.5,11.5],[1.6,11.5],[1.6,11.4],[1.7,11.4],[1.8,11.4],[1.9,11.4],[2.0,11.4],[2.1,11.6],[2.2,11.6],[2.3,11.7],[2.3,11.8],[2.4,11.8],[2.4,11.9],[2.4,12.0],[2.4,11.9],[2.4,12.0],[2.5,12.0],[2.4,12.0],[2.4,12.1],[2.4,12.2],[2.4,12.3],[2.5,12.3],[2.6,12.3],[2.7,12.3],[2.7,12.4],[2.7,12.3],[2.7,12.4],[2.8,12.4],[2.9,12.4],[2.9,12.3],[3.0,12.3],[3.1,12.2],[3.2,12.0],[3.3,12.0],[3.3,11.9],[3.4,11.9],[3.5,11.8],[3.6,11.8],[3.6,11.7]]]}},{"type":"Feature","properties":{"iso3":"HRV","name":"Croatia","ilo169":"not ratified","colonial":"none recorded"},"geometry":{"type":"MultiPolygon","coordinates":[[[[16.5,46.5],[16.6,46.5],[16.7,46.5],[16.7,46.4],[16.8,46.4],[16.9,46.4],[16.9,46.3],[17.0,46.2],[17.1,46.2],[17.1,46.1],[17.2,46.1],[17.3,46.1],[17.3,46.0],[17.4,46.0],[17.4,45.9],[17.4,46.0],[17.5,46.0],[17.6,45.9],[17.7,45.9],[17.7,45.8],[17.8,45.8],[17.9,45.8],[18.0,45.8],[18.1,45.8],[18.2,45.8],[18.3,45.8],[18.3,45.7],[18.3,45.8],[18.4,45.8],[18.4,45.7],[18.4,45.8],[18.5,45.8],[18.6,45.8],[18.6,45.9],[18.7,45.9],[18.8,45.9],[18.9,45.9],[18.9,45.8],[18.8,45.8],[18.9,45.8],[18.9,45.7],[19.0,45.7],[18.9,45.6],[18.9,45.5],[19.0,45.5],[19.0,45.6],[19.0,45.5],[19.1,45.5],[19.0,45.5],[19.0,45.4],[19.0,45.3],[19.1,45.3],[19.2,45.3],[19.3,45.2],[19.4,45.2],[19.3,45.2],[19.2,45.2],[19.1,45.2],[19.1,45.1],[19.0,45.1],[19.1,45.1],[19.1,45.0],[19.1,44.9],[19.0,44.9],[18.9,44.9],[18.8,44.9],[18.8,45.0],[18.7,45.0],[18.7,45.1],[18.6,45.1],[18.5,45.1],[18.4,45.1],[18.3,45.1],[18.3,45.2],[18.2,45.2],[18.2,45.1],[18.1,45.1],[18.0,45.1],[17.9,45.1],[17.8,45.1],[17.7,45.1],[17.7,45.2],[17.6,45.2],[17.6,45.1],[17.5,45.1],[17.4,45.1],[17.5,45.1],[17.5,45.2],[17.4,45.2],[17.4,45.1],[17.4,45.2],[17.3,45.2],[17.2,45.2],[17.2,45.1],[17.1,45.2],[17.0,45.2],[17.0,45.3],[17.0,45.2],[16.9,45.2],[16.9,45.3],[16.9,45.2],[16.8,45.2],[16.6,45.2],[16.5,45.2],[16.4,45.1],[16.4,45.0],[16.3,45.0],[16.2,45.0],[16.1,45.1],[16.1,45.2],[16.0,45.2],[15.9,45.2],[15.8,45.2],[15.8,45.1],[15.8,45.0],[15.7,44.9],[15.8,44.9],[15.8,44.8],[15.7,44.8],[15.8,44.7],[15.9,44.7],[16.0,44.7],[16.0,44.6],[16.0,44.5],[16.1,44.5],[16.2,44.4],[16.1,44.4],[16.2,44.4],[16.2,44.3],[16.2,44.2],[16.3,44.2],[16.3,44.1],[16.4,44.1],[16.4,44.0],[16.5,44.0],[16.6,43.9],[16.7,43.8],[16.8,43.7],[17.0,43.6],[17.0,43.5],[17.1,43.5],[17.2,43.5],[17.3,43.5],[17.3,43.4],[17.3,43.3],[17.4,43.2],[17.5,43.1],[17.6,43.1],[17.6,43.0],[17.7,43.0],[17.6,43.0],[17.6,42.9],[17.5,43.0],[17.4,43.0],[17.5,43.0],[17.4,43.0],[17.4,43.1],[17.3,43.1],[17.2,43.2],[17.1,43.2],[17.1,43.3],[17.0,43.3],[16.9,43.4],[16.8,43.4],[16.7,43.4],[16.6,43.4],[16.5,43.5],[16.4,43.5],[16.5,43.5],[16.4,43.5],[16.3,43.6],[16.3,43.5],[16.2,43.5],[16.1,43.5],[16.2,43.5],[16.1,43.5],[16.0,43.5],[15.9,43.6],[16.0,43.6],[15.9,43.6],[15.9,43.7],[15.9,43.6],[16.0,43.7],[15.9,43.7],[16.0,43.7],[15.9,43.7],[15.8,43.7],[15.8,43.8],[15.7,43.8],[15.6,43.8],[15.7,43.8],[15.6,43.8],[15.6,43.9],[15.5,43.9],[15.4,43.9],[15.4,44.0],[15.3,44.0],[15.3,44.1],[15.2,44.1],[15.2,44.2],[15.1,44.2],[15.2,44.2],[15.1,44.3],[15.2,44.3],[15.2,44.2],[15.2,44.3],[15.3,44.3],[15.4,44.3],[15.5,44.3],[15.4,44.3],[15.3,44.4],[15.2,44.5],[15.1,44.5],[15.0,44.6],[14.9,44.7],[14.9,44.8],[14.9,44.9],[14.9,45.0],[14.9,45.1],[14.8,45.1],[14.7,45.2],[14.6,45.2],[14.6,45.3],[14.5,45.3],[14.6,45.3],[14.5,45.3],[14.4,45.3],[14.3,45.4],[14.3,45.3],[14.2,45.2],[14.2,45.1],[14.1,45.1],[14.2,45.0],[14.1,45.0],[14.1,44.9],[14.1,45.0],[14.0,45.0],[14.1,45.0],[14.0,45.0],[14.0,44.9],[14.0,44.8],[13.9,44.8],[13.8,44.8],[13.9,44.8],[13.8,44.8],[13.8,44.9],[13.8,45.0],[13.7,45.0],[13.7,45.1],[13.6,45.1],[13.7,45.1],[13.6,45.1],[13.6,45.2],[13.6,45.3],[13.5,45.3],[13.5,45.4],[13.6,45.4],[13.5,45.4],[13.5,45.5],[13.6,45.5],[13.7,45.5],[13.8,45.5],[13.8,45.4],[13.9,45.4],[14.0,45.5],[14.1,45.5],[14.2,45.5],[14.3,45.5],[14.4,45.5],[14.5,45.5],[14.5,45.6],[14.6,45.7],[14.6,45.6],[14.7,45.6],[14.7,45.5],[14.8,45.5],[14.9,45.5],[15.0,45.5],[15.1,45.5],[15.1,45.4],[15.2,45.4],[15.3,45.5],[15.4,45.5],[15.3,45.5],[15.3,45.6],[15.4,45.6],[15.4,45.7],[15.3,45.7],[15.2,45.7],[15.3,45.7],[15.3,45.8],[15.4,45.8],[15.5,45.8],[15.6,45.8],[15.7,45.8],[15.7,45.9],[15.7,46.0],[15.7,46.1],[15.6,46.1],[15.6,46.2],[15.7,46.2],[15.8,46.2],[15.8,46.3],[15.9,46.3],[16.0,46.3],[16.1,46.3],[16.1,46.4],[16.2,46.4],[16.3,46.4],[16.2,46.4],[16.3,46.4],[16.2,46.4],[16.2,46.5],[16.3,46.5],[16.4,46.5],[16.5,46.5]]],[[[18.4,42.6],[18.4,42.5],[18.5,42.5],[18.5,42.4],[18.4,42.5],[18.2,42.6],[18.1,42.6],[18.1,42.7],[18.0,42.7],[17.9,42.8],[17.8,42.8],[17.7,42.8],[17.8,42.8],[17.7,42.8],[17.8,42.8],[17.7,42.8],[17.6,42.8],[17.5,42.8],[17.4,42.9],[17.3,43.0],[17.2,43.0],[17.1,43.0],[17.0,43.0],[17.0,43.1],[17.0,43.0],[17.1,43.0],[17.2,43.0],[17.4,43.0],[17.5,42.9],[17.6,42.9],[17.7,42.9],[17.7,42.8],[17.7,42.9],[17.8,42.9],[17.9,42.8],[18.0,42.8],[18.0,42.7],[18.2,42.6],[18.3,42.6],[18.4,42.6]]],[[[14.9,44.6],[14.8,44.7],[14.7,44.7],[14.8,44.7],[14.8,44.6],[14.9,44.6],[15.0,44.6],[15.0,44.5],[15.1,44.5],[15.0,44.5],[14.9,44.5],[14.9,44.6],[14.9,44.5],[15.0,44.5],[15.0,44.4],[15.1,44.4],[15.1,44.5],[15.0,44.5],[15.1,44.5],[15.2,44.4],[15.3,44.3],[15.2,44.3],[15.2,44.4],[15.2,44.3],[15.1,44.3],[15.2,44.3],[15.1,44.3],[15.1,44.4],[15.0,44.4],[15.0,44.5],[14.9,44.5],[14.9,44.6]]],[[[14.5,44.7],[14.5,44.6],[14.4,44.7],[14.4,44.8],[14.3,44.8],[14.3,44.9],[14.4,44.9],[14.4,45.0],[14.4,44.9],[14.4,45.0],[14.3,45.0],[14.3,45.1],[14.3,45.2],[14.4,45.2],[14.4,45.1],[14.4,45.0],[14.5,45.0],[14.5,44.9],[14.4,44.9],[14.5,44.9],[14.5,44.8],[14.5,44.7]]],[[[14.7,44.9],[14.7,45.0],[14.6,45.0],[14.5,45.0],[14.5,45.1],[14.4,45.1],[14.5,45.1],[14.5,45.2],[14.6,45.2],[14.7,45.2],[14.7,45.1],[14.7,45.0],[14.8,45.0],[14.7,45.0],[14.8,45.0],[14.8,44.9],[14.7,44.9]]],[[[15.1,43.9],[15.2,43.9],[15.1,43.9],[15.2,43.9],[15.1,43.9],[15.1,44.0],[15.0,44.0],[15.0,44.1],[14.9,44.1],[14.9,44.2],[14.8,44.2],[14.9,44.2],[14.9,44.1],[15.0,44.1],[15.0,44.0],[15.1,44.0],[15.1,43.9]]]]}},{"type":"Feature","properties":{"iso3":"SVN","name":"Slovenia","ilo169":"not ratified","colonial":"none recorded"},"geometry":{"type":"Polygon","coordinates":[[[13.6,45.5],[13.7,45.5],[13.8,45.6],[13.7,45.6],[13.8,45.6],[13.9,45.6],[13.8,45.7],[13.7,45.8],[13.6,45.8],[13.6,45.9],[13.6,46.0],[13.5,46.0],[13.5,46.1],[13.6,46.1],[13.6,46.2],[13.5,46.2],[13.4,46.2],[13.4,46.3],[13.4,46.4],[13.5,46.4],[13.6,46.4],[13.7,46.4],[13.7,46.5],[13.8,46.5],[13.9,46.5],[14.0,46.5],[14.1,46.5],[14.1,46.4],[14.2,46.4],[14.4,46.4],[14.5,46.4],[14.6,46.4],[14.7,46.5],[14.8,46.5],[14.8,46.6],[14.9,46.6],[15.0,46.6],[15.1,46.6],[15.2,46.6],[15.3,46.6],[15.4,46.6],[15.5,46.6],[15.5,46.7],[15.6,46.7],[15.7,46.7],[15.8,46.7],[15.9,46.7],[16.0,46.7],[16.0,46.8],[16.1,46.8],[16.1,46.9],[16.2,46.9],[16.3,46.9],[16.3,46.8],[16.3,46.7],[16.4,46.7],[16.4,46.6],[16.5,46.6],[16.5,46.5],[16.4,46.5],[16.3,46.5],[16.2,46.5],[16.2,46.4],[16.3,46.4],[16.2,46.4],[16.3,46.4],[16.2,46.4],[16.1,46.4],[16.1,46.3],[16.0,46.3],[15.9,46.3],[15.8,46.3],[15.8,46.2],[15.7,46.2],[15.6,46.2],[15.6,46.1],[15.7,46.1],[15.7,46.0],[15.7,45.9],[15.7,45.8],[15.6,45.8],[15.5,45.8],[15.4,45.8],[15.3,45.8],[15.3,45.7],[15.2,45.7],[15.3,45.7],[15.4,45.7],[15.4,45.6],[15.3,45.6],[15.3,45.5],[15.4,45.5],[15.3,45.5],[15.2,45.4],[15.1,45.4],[15.1,45.5],[15.0,45.5],[14.9,45.5],[14.8,45.5],[14.7,45.5],[14.7,45.6],[14.6,45.6],[14.6,45.7],[14.5,45.6],[14.5,45.5],[14.4,45.5],[14.3,45.5],[14.2,45.5],[14.1,45.5],[14.0,45.5],[13.9,45.4],[13.8,45.4],[13.8,45.5],[13.7,45.5],[13.6,45.5]]]}},{"type":"Feature","properties":{"iso3":"QAT","name":"Qatar","ilo169":"not ratified","colonial":"none recorded","conquests_suffered":2},"geometry":{"type":"Polygon","coordinates":[[[50.8,24.7],[50.9,24.8],[50.9,24.9],[50.8,24.9],[50.8,25.0],[50.8,25.1],[50.8,25.2],[50.8,25.3],[50.8,25.4],[50.8,25.5],[50.8,25.6],[50.9,25.7],[50.9,25.6],[50.9,25.5],[50.9,25.6],[51.0,25.6],[50.9,25.6],[50.9,25.7],[50.9,25.8],[51.0,25.8],[50.9,25.8],[51.0,25.9],[51.0,26.0],[51.0,26.1],[51.1,26.1],[51.2,26.1],[51.3,26.2],[51.3,26.1],[51.3,26.0],[51.4,26.0],[51.5,26.0],[51.5,25.9],[51.6,25.9],[51.6,25.8],[51.6,25.7],[51.6,25.8],[51.5,25.7],[51.6,25.7],[51.5,25.7],[51.6,25.7],[51.5,25.6],[51.5,25.5],[51.5,25.4],[51.5,25.3],[51.6,25.3],[51.6,25.2],[51.6,25.1],[51.6,25.0],[51.6,24.9],[51.5,24.9],[51.5,24.8],[51.5,24.7],[51.4,24.7],[51.4,24.6],[51.3,24.6],[51.3,24.7],[51.2,24.7],[51.2,24.6],[51.1,24.6],[51.0,24.6],[50.9,24.6],[50.8,24.7]]]}},{"type":"Feature","properties":{"iso3":"SAU","name":"Saudi Arabia","ilo169":"not ratified","colonial":"none recorded","conquests_made":1},"geometry":{"type":"MultiPolygon","coordinates":[[[[50.8,24.7],[50.9,24.6],[51.0,24.6],[51.1,24.6],[51.2,24.6],[51.3,24.6],[51.3,24.5],[51.4,24.6],[51.5,24.6],[51.4,24.6],[51.4,24.5],[51.3,24.4],[51.3,24.3],[51.4,24.3],[51.5,24.3],[51.6,24.3],[51.6,24.2],[51.6,24.1],[51.7,24.0],[51.7,23.9],[51.8,23.9],[51.8,23.8],[51.9,23.8],[51.9,23.7],[52.0,23.6],[52.1,23.5],[52.2,23.4],[52.2,23.3],[52.3,23.3],[52.3,23.2],[52.4,23.1],[52.5,23.0],[52.6,22.9],[52.7,22.9],[52.9,22.9],[53.0,22.9],[53.2,22.9],[53.3,22.8],[53.4,22.8],[53.6,22.8],[53.7,22.8],[53.9,22.8],[54.0,22.8],[54.1,22.7],[54.3,22.7],[54.4,22.7],[54.6,22.7],[54.7,22.7],[54.8,22.7],[55.0,22.6],[55.1,22.6],[55.2,22.7],[55.3,22.6],[55.3,22.5],[55.4,22.4],[55.5,22.2],[55.6,22.1],[55.6,22.0],[55.6,21.9],[55.6,21.8],[55.5,21.7],[55.5,21.6],[55.5,21.4],[55.4,21.3],[55.4,21.1],[55.3,21.1],[55.3,21.0],[55.2,20.8],[55.2,20.6],[55.1,20.5],[55.1,20.4],[55.1,20.3],[55.0,20.2],[55.0,20.1],[55.0,20.0],[54.8,19.9],[54.7,19.9],[54.5,19.8],[54.3,19.8],[54.1,19.7],[54.0,19.7],[53.8,19.6],[53.6,19.5],[53.5,19.5],[53.3,19.4],[53.1,19.4],[52.9,19.3],[52.8,19.3],[52.6,19.2],[52.4,19.1],[52.3,19.1],[52.1,19.0],[52.0,19.0],[51.8,19.0],[51.7,19.0],[51.5,18.9],[51.3,18.9],[51.2,18.9],[51.0,18.9],[50.9,18.8],[50.7,18.8],[50.5,18.8],[50.4,18.8],[50.2,18.8],[50.1,18.7],[49.9,18.7],[49.7,18.7],[49.6,18.7],[49.4,18.7],[49.3,18.6],[49.1,18.6],[49.0,18.6],[48.8,18.5],[48.7,18.4],[48.5,18.3],[48.3,18.2],[48.2,18.2],[48.2,18.1],[48.1,18.1],[48.0,17.9],[47.8,17.8],[47.7,17.6],[47.6,17.5],[47.6,17.4],[47.5,17.3],[47.5,17.1],[47.4,17.1],[47.3,17.0],[47.2,17.0],[47.2,16.9],[47.1,16.9],[47.0,16.9],[47.0,17.0],[46.9,17.1],[46.8,17.2],[46.7,17.3],[46.5,17.2],[46.3,17.2],[46.1,17.2],[45.9,17.3],[45.6,17.3],[45.4,17.3],[45.2,17.4],[45.0,17.4],[44.8,17.4],[44.6,17.4],[44.5,17.4],[44.4,17.4],[44.3,17.4],[44.2,17.4],[44.1,17.4],[44.1,17.3],[44.0,17.4],[44.0,17.3],[43.9,17.3],[43.9,17.4],[43.9,17.3],[43.8,17.3],[43.7,17.4],[43.6,17.5],[43.5,17.5],[43.4,17.5],[43.3,17.5],[43.2,17.4],[43.2,17.3],[43.3,17.3],[43.2,17.3],[43.2,17.2],[43.1,17.1],[43.1,17.0],[43.1,16.9],[43.1,16.8],[43.2,16.8],[43.2,16.7],[43.1,16.7],[43.1,16.6],[43.0,16.6],[43.0,16.5],[42.9,16.5],[42.9,16.4],[42.8,16.4],[42.8,16.5],[42.7,16.5],[42.7,16.6],[42.7,16.7],[42.7,16.8],[42.6,16.8],[42.5,16.9],[42.6,16.9],[42.5,16.9],[42.5,17.0],[42.4,17.0],[42.4,17.1],[42.4,17.2],[42.4,17.1],[42.4,17.0],[42.4,17.1],[42.3,17.2],[42.3,17.3],[42.3,17.4],[42.3,17.5],[42.2,17.6],[42.1,17.6],[42.1,17.7],[42.0,17.7],[41.9,17.8],[41.8,17.8],[41.8,17.9],[41.7,17.9],[41.7,18.0],[41.6,18.1],[41.6,18.2],[41.5,18.2],[41.5,18.3],[41.5,18.4],[41.4,18.4],[41.4,18.5],[41.4,18.6],[41.3,18.6],[41.2,18.7],[41.2,18.8],[41.2,18.9],[41.1,18.9],[41.1,19.0],[41.2,19.0],[41.2,19.1],[41.1,19.1],[41.1,19.2],[41.0,19.2],[41.0,19.3],[41.0,19.4],[40.9,19.4],[41.0,19.4],[41.0,19.5],[40.9,19.5],[40.8,19.5],[40.8,19.6],[40.8,19.7],[40.7,19.8],[40.6,19.8],[40.7,19.8],[40.6,19.8],[40.6,19.9],[40.5,19.9],[40.5,20.0],[40.4,20.0],[40.4,20.1],[40.3,20.1],[40.2,20.2],[40.1,20.2],[40.1,20.3],[40.0,20.3],[39.9,20.3],[39.8,20.3],[39.8,20.4],[39.7,20.4],[39.6,20.5],[39.6,20.6],[39.5,20.6],[39.5,20.7],[39.5,20.8],[39.5,20.7],[39.4,20.8],[39.5,20.8],[39.4,20.8],[39.4,20.9],[39.3,20.9],[39.4,20.9],[39.3,20.9],[39.3,21.0],[39.2,21.0],[39.2,21.1],[39.2,21.2],[39.1,21.3],[39.2,21.4],[39.2,21.5],[39.1,21.5],[39.2,21.5],[39.1,21.5],[39.1,21.6],[39.1,21.7],[39.1,21.8],[39.1,21.7],[39.1,21.8],[39.0,21.8],[39.0,21.9],[38.9,21.9],[38.9,22.0],[39.0,22.0],[39.0,22.1],[39.0,22.2],[39.0,22.1],[39.0,22.2],[39.1,22.3],[39.1,22.4],[39.1,22.5],[39.1,22.6],[39.0,22.6],[39.0,22.7],[39.0,22.8],[38.9,22.8],[39.0,22.8],[39.0,22.7],[39.0,22.8],[38.9,22.8],[38.9,22.9],[39.0,22.9],[38.9,22.9],[38.9,23.0],[38.8,23.0],[38.8,23.1],[38.8,23.2],[38.8,23.1],[38.8,23.2],[38.7,23.2],[38.7,23.3],[38.7,23.4],[38.6,23.4],[38.6,23.5],[38.6,23.6],[38.6,23.5],[38.5,23.5],[38.5,23.6],[38.5,23.7],[38.5,23.8],[38.4,23.8],[38.4,23.9],[38.3,23.9],[38.2,24.0],[38.1,24.0],[38.1,24.1],[38.0,24.1],[37.9,24.1],[37.9,24.2],[38.0,24.2],[37.9,24.2],[37.9,24.1],[37.9,24.2],[37.9,24.1],[37.8,24.2],[37.7,24.2],[37.7,24.3],[37.6,24.3],[37.6,24.2],[37.6,24.3],[37.5,24.3],[37.4,24.4],[37.5,24.4],[37.3,24.6],[37.3,24.7],[37.2,24.7],[37.2,24.8],[37.1,24.9],[37.2,24.9],[37.2,24.8],[37.2,24.9],[37.3,24.9],[37.3,25.0],[37.3,25.1],[37.3,25.2],[37.2,25.2],[37.2,25.3],[37.1,25.3],[37.1,25.4],[37.1,25.5],[37.0,25.5],[37.0,25.6],[36.9,25.6],[36.9,25.7],[36.8,25.7],[36.8,25.8],[36.8,25.7],[36.7,25.7],[36.7,25.8],[36.7,25.9],[36.7,26.0],[36.6,26.1],[36.5,26.1],[36.4,26.2],[36.4,26.3],[36.3,26.5],[36.2,26.6],[36.2,26.7],[36.1,26.7],[36.1,26.8],[36.0,26.9],[35.9,27.0],[35.8,27.1],[35.8,27.2],[35.7,27.3],[35.7,27.4],[35.6,27.4],[35.6,27.5],[35.5,27.5],[35.5,27.6],[35.5,27.7],[35.4,27.7],[35.4,27.8],[35.3,27.8],[35.3,27.9],[35.3,28.0],[35.2,28.0],[35.2,28.1],[35.1,28.1],[35.0,28.1],[34.9,28.1],[34.8,28.1],[34.9,28.1],[34.8,28.1],[34.7,28.1],[34.6,28.1],[34.7,28.1],[34.6,28.1],[34.6,28.0],[34.6,28.1],[34.6,28.2],[34.7,28.2],[34.6,28.2],[34.7,28.2],[34.7,28.3],[34.7,28.4],[34.8,28.4],[34.8,28.5],[34.8,28.6],[34.8,28.7],[34.8,28.8],[34.8,28.9],[34.9,29.0],[34.9,29.1],[34.9,29.2],[34.9,29.3],[35.0,29.3],[34.9,29.3],[34.9,29.4],[35.1,29.3],[35.2,29.3],[35.3,29.3],[35.5,29.3],[35.6,29.2],[35.7,29.2],[35.8,29.2],[35.9,29.2],[36.0,29.2],[36.1,29.2],[36.2,29.3],[36.3,29.4],[36.4,29.4],[36.5,29.5],[36.5,29.6],[36.6,29.7],[36.7,29.8],[36.7,29.9],[36.8,29.9],[36.9,29.9],[37.1,29.9],[37.2,29.9],[37.4,30.0],[37.5,30.0],[37.5,30.1],[37.6,30.2],[37.6,30.3],[37.7,30.3],[37.8,30.4],[37.9,30.5],[38.0,30.5],[37.9,30.5],[37.8,30.7],[37.7,30.8],[37.6,30.9],[37.5,31.0],[37.3,31.1],[37.2,31.2],[37.1,31.4],[37.0,31.5],[37.2,31.6],[37.5,31.6],[37.7,31.7],[37.8,31.7],[38.0,31.7],[38.0,31.8],[38.2,31.8],[38.4,31.9],[38.6,31.9],[38.8,32.0],[39.0,32.0],[39.1,32.1],[39.2,32.1],[39.4,32.1],[39.6,32.1],[39.8,32.0],[39.9,32.0],[40.0,32.0],[40.4,31.9],[40.5,31.9],[40.6,31.8],[40.7,31.8],[40.8,31.8],[40.8,31.7],[40.9,31.7],[41.0,31.6],[41.1,31.6],[41.2,31.5],[41.3,31.5],[41.4,31.4],[41.5,31.4],[41.5,31.3],[41.6,31.3],[41.7,31.3],[41.8,31.2],[41.9,31.2],[42.0,31.1],[42.1,31.1],[42.1,31.0],[42.2,31.0],[42.3,30.9],[42.4,30.8],[42.5,30.8],[42.6,30.7],[42.7,30.6],[42.8,30.6],[42.9,30.5],[43.0,30.4],[43.1,30.4],[43.1,30.3],[43.2,30.2],[43.3,30.2],[43.4,30.1],[43.5,30.0],[43.7,29.9],[43.8,29.8],[43.9,29.8],[44.0,29.7],[44.1,29.6],[44.2,29.5],[44.3,29.5],[44.4,29.4],[44.5,29.3],[44.6,29.3],[44.7,29.2],[44.8,29.2],[44.9,29.2],[45.0,29.2],[45.1,29.2],[45.2,29.2],[45.3,29.1],[45.4,29.1],[45.5,29.1],[45.6,29.1],[45.7,29.1],[45.8,29.1],[45.9,29.1],[46.0,29.1],[46.1,29.1],[46.2,29.1],[46.3,29.1],[46.4,29.1],[46.5,29.1],[46.6,29.1],[46.8,29.1],[46.9,29.1],[47.0,29.0],[47.1,29.0],[47.2,29.0],[47.3,29.0],[47.4,29.0],[47.5,28.9],[47.5,28.8],[47.6,28.7],[47.6,28.6],[47.7,28.6],[47.7,28.5],[47.9,28.5],[48.1,28.5],[48.3,28.5],[48.4,28.5],[48.5,28.5],[48.5,28.4],[48.5,28.3],[48.6,28.2],[48.6,28.1],[48.7,28.1],[48.7,28.0],[48.8,28.0],[48.7,28.0],[48.8,27.9],[48.9,27.8],[48.9,27.7],[48.8,27.7],[48.8,27.8],[48.9,27.8],[48.8,27.8],[48.8,27.7],[48.9,27.7],[48.9,27.6],[48.8,27.6],[48.9,27.6],[49.0,27.6],[49.1,27.6],[49.0,27.5],[49.1,27.5],[49.1,27.6],[49.1,27.5],[49.2,27.5],[49.2,27.6],[49.2,27.5],[49.3,27.5],[49.3,27.4],[49.3,27.5],[49.2,27.5],[49.2,27.4],[49.2,27.5],[49.1,27.4],[49.2,27.4],[49.3,27.4],[49.2,27.4],[49.2,27.3],[49.3,27.3],[49.3,27.4],[49.3,27.3],[49.3,27.2],[49.4,27.2],[49.4,27.1],[49.4,27.2],[49.4,27.1],[49.5,27.1],[49.5,27.2],[49.6,27.2],[49.6,27.1],[49.7,27.0],[49.7,26.9],[49.8,26.9],[49.9,26.9],[50.0,26.8],[50.1,26.8],[50.1,26.7],[50.2,26.7],[50.2,26.6],[50.1,26.7],[50.0,26.7],[50.0,26.6],[50.0,26.5],[50.1,26.5],[50.2,26.4],[50.2,26.3],[50.2,26.2],[50.2,26.1],[50.1,26.0],[50.1,26.1],[50.1,26.2],[50.0,26.2],[50.0,26.1],[50.0,26.0],[50.1,26.0],[50.1,25.9],[50.1,25.8],[50.2,25.8],[50.2,25.7],[50.3,25.6],[50.2,25.7],[50.1,25.7],[50.2,25.7],[50.2,25.6],[50.3,25.5],[50.4,25.5],[50.5,25.4],[50.5,25.3],[50.5,25.2],[50.6,25.2],[50.5,25.1],[50.6,25.1],[50.6,25.0],[50.6,25.1],[50.6,25.0],[50.7,25.0],[50.7,24.9],[50.7,24.8],[50.8,24.8],[50.8,24.7]]],[[[42.2,16.7],[42.2,16.6],[42.1,16.6],[42.1,16.7],[42.0,16.7],[41.9,16.7],[41.8,16.7],[41.8,16.8],[41.8,16.9],[41.8,16.8],[41.9,16.8],[41.9,16.7],[41.9,16.8],[42.0,16.7],[42.1,16.7],[42.0,16.7],[42.0,16.8],[42.1,16.8],[42.1,16.7],[42.2,16.7]]]]}},{"type":"Feature","properties":{"iso3":"BWA","name":"Botswana","ilo169":"not ratified","colonial":"none recorded","debt_pct_gni":11.9,"conquests_made":1},"geometry":{"type":"Polygon","coordinates":[[[25.3,-17.8],[25.2,-17.9],[25.3,-18.0],[25.3,-18.1],[25.4,-18.1],[25.4,-18.2],[25.4,-18.3],[25.5,-18.3],[25.5,-18.4],[25.6,-18.5],[25.7,-18.6],[25.8,-18.6],[25.8,-18.7],[25.8,-18.8],[25.9,-18.9],[26.0,-19.0],[25.9,-19.1],[26.0,-19.1],[26.0,-19.2],[26.1,-19.5],[26.2,-19.5],[26.2,-19.6],[26.3,-19.6],[26.3,-19.7],[26.4,-19.7],[26.5,-19.7],[26.5,-19.8],[26.6,-19.8],[26.6,-19.9],[26.7,-19.9],[26.8,-19.9],[26.9,-20.0],[27.0,-20.0],[27.1,-20.0],[27.1,-20.1],[27.2,-20.1],[27.3,-20.2],[27.3,-20.4],[27.3,-20.5],[27.5,-20.5],[27.6,-20.5],[27.7,-20.5],[27.7,-20.6],[27.7,-20.7],[27.7,-20.8],[27.7,-20.9],[27.7,-21.0],[27.7,-21.1],[27.8,-21.2],[27.8,-21.3],[27.9,-21.3],[27.9,-21.4],[28.0,-21.4],[27.9,-21.5],[28.0,-21.5],[27.9,-21.5],[28.0,-21.5],[28.0,-21.6],[28.1,-21.6],[28.2,-21.6],[28.3,-21.6],[28.4,-21.6],[28.4,-21.7],[28.5,-21.7],[28.5,-21.6],[28.6,-21.6],[28.6,-21.7],[28.7,-21.7],[28.9,-21.8],[29.0,-21.8],[29.1,-21.8],[29.0,-21.9],[29.0,-22.0],[29.1,-22.1],[29.2,-22.1],[29.3,-22.1],[29.4,-22.2],[29.3,-22.2],[29.2,-22.2],[29.0,-22.2],[29.0,-22.3],[29.0,-22.4],[28.9,-22.4],[28.9,-22.5],[28.9,-22.4],[28.8,-22.4],[28.8,-22.5],[28.7,-22.5],[28.7,-22.6],[28.6,-22.6],[28.5,-22.6],[28.4,-22.6],[28.3,-22.6],[28.3,-22.7],[28.2,-22.7],[28.2,-22.8],[28.1,-22.8],[28.0,-22.8],[28.1,-22.9],[28.0,-22.9],[28.0,-23.0],[27.9,-23.0],[27.9,-23.1],[27.8,-23.1],[27.8,-23.2],[27.7,-23.2],[27.6,-23.2],[27.6,-23.3],[27.5,-23.4],[27.4,-23.4],[27.3,-23.4],[27.3,-23.5],[27.2,-23.5],[27.1,-23.5],[27.1,-23.6],[27.1,-23.7],[27.0,-23.7],[27.0,-23.6],[27.0,-23.7],[27.0,-23.8],[26.9,-23.8],[26.9,-23.9],[26.9,-24.1],[26.9,-24.2],[26.8,-24.2],[26.8,-24.3],[26.7,-24.3],[26.6,-24.4],[26.5,-24.5],[26.5,-24.6],[26.4,-24.6],[26.3,-24.6],[26.2,-24.7],[26.0,-24.7],[25.9,-24.7],[25.9,-24.8],[25.9,-24.9],[25.8,-25.0],[25.8,-25.1],[25.7,-25.3],[25.7,-25.4],[25.7,-25.5],[25.6,-25.6],[25.5,-25.7],[25.4,-25.7],[25.2,-25.8],[25.1,-25.8],[25.1,-25.7],[25.0,-25.7],[25.0,-25.8],[24.9,-25.8],[24.8,-25.8],[24.7,-25.8],[24.6,-25.8],[24.5,-25.8],[24.5,-25.7],[24.4,-25.7],[24.4,-25.8],[24.3,-25.8],[24.3,-25.7],[24.2,-25.6],[24.1,-25.6],[24.0,-25.7],[24.0,-25.6],[23.9,-25.6],[23.8,-25.6],[23.8,-25.5],[23.7,-25.5],[23.7,-25.4],[23.6,-25.4],[23.5,-25.3],[23.4,-25.3],[23.3,-25.3],[23.2,-25.3],[23.1,-25.3],[23.0,-25.3],[23.0,-25.4],[22.9,-25.4],[22.9,-25.5],[22.8,-25.5],[22.8,-25.6],[22.8,-25.7],[22.7,-25.8],[22.8,-25.8],[22.7,-25.9],[22.7,-26.0],[22.7,-26.1],[22.6,-26.1],[22.6,-26.2],[22.5,-26.2],[22.4,-26.2],[22.4,-26.3],[22.3,-26.3],[22.2,-26.3],[22.2,-26.4],[22.1,-26.5],[22.1,-26.6],[22.0,-26.7],[21.9,-26.7],[21.8,-26.7],[21.8,-26.8],[21.7,-26.8],[21.7,-26.9],[21.6,-26.9],[21.6,-26.8],[21.5,-26.8],[21.4,-26.8],[21.3,-26.8],[21.2,-26.8],[21.2,-26.9],[21.1,-26.9],[21.0,-26.8],[20.9,-26.8],[20.8,-26.8],[20.7,-26.9],[20.7,-26.8],[20.6,-26.8],[20.6,-26.7],[20.6,-26.6],[20.6,-26.5],[20.6,-26.4],[20.7,-26.4],[20.7,-26.3],[20.8,-26.3],[20.8,-26.2],[20.8,-26.1],[20.8,-26.0],[20.8,-25.9],[20.8,-25.8],[20.7,-25.8],[20.7,-25.7],[20.7,-25.6],[20.6,-25.6],[20.7,-25.6],[20.6,-25.5],[20.7,-25.5],[20.6,-25.5],[20.6,-25.4],[20.5,-25.4],[20.5,-25.3],[20.5,-25.2],[20.4,-25.2],[20.4,-25.1],[20.4,-25.0],[20.2,-24.9],[20.1,-24.9],[20.0,-24.8],[20.0,-24.6],[20.0,-24.4],[20.0,-24.2],[20.0,-24.1],[20.0,-23.9],[20.0,-23.7],[20.0,-23.5],[20.0,-23.4],[20.0,-23.3],[20.0,-23.2],[20.0,-23.0],[20.0,-22.9],[20.0,-22.7],[20.0,-22.5],[20.0,-22.4],[20.0,-22.2],[20.0,-22.1],[20.0,-22.0],[20.2,-22.0],[20.4,-22.0],[20.7,-22.0],[20.9,-22.0],[21.0,-22.0],[21.0,-21.9],[21.0,-21.8],[21.0,-21.7],[21.0,-21.6],[21.0,-21.5],[21.0,-21.4],[21.0,-21.3],[21.0,-21.2],[21.0,-21.1],[21.0,-21.0],[21.0,-20.9],[21.0,-20.8],[21.0,-20.6],[21.0,-20.5],[21.0,-20.4],[21.0,-20.3],[21.0,-20.1],[21.0,-20.0],[21.0,-19.9],[21.0,-19.8],[21.0,-19.6],[21.0,-19.5],[21.0,-19.4],[21.0,-19.3],[21.0,-19.2],[21.0,-19.1],[21.0,-19.0],[21.0,-18.9],[21.0,-18.8],[21.0,-18.7],[21.0,-18.6],[21.0,-18.5],[21.0,-18.4],[21.0,-18.3],[21.1,-18.3],[21.2,-18.3],[21.3,-18.3],[21.4,-18.3],[21.5,-18.3],[21.6,-18.3],[21.7,-18.3],[21.8,-18.2],[21.9,-18.2],[22.0,-18.2],[22.1,-18.2],[22.2,-18.2],[22.3,-18.1],[22.4,-18.1],[22.5,-18.1],[22.6,-18.1],[22.7,-18.1],[22.8,-18.1],[22.9,-18.0],[23.0,-18.0],[23.1,-18.0],[23.2,-18.0],[23.3,-18.0],[23.3,-18.1],[23.4,-18.1],[23.4,-18.2],[23.5,-18.2],[23.5,-18.3],[23.6,-18.3],[23.5,-18.4],[23.6,-18.4],[23.6,-18.5],[23.7,-18.5],[23.7,-18.4],[23.8,-18.3],[23.9,-18.3],[23.9,-18.2],[24.0,-18.2],[24.0,-18.1],[24.1,-18.1],[24.2,-18.0],[24.3,-18.0],[24.4,-18.0],[24.5,-18.0],[24.5,-18.1],[24.6,-18.1],[24.6,-18.0],[24.7,-17.9],[24.8,-17.9],[24.8,-17.8],[24.9,-17.8],[25.0,-17.8],[25.1,-17.8],[25.2,-17.8],[25.3,-17.8]]]}},{"type":"Feature","properties":{"iso3":"PAK","name":"Pakistan","ilo169":"not ratified","colonial":"none recorded","land_deal_ha":21710.9,"debt_pct_gni":35.6,"conquests_made":2,"conquests_suffered":2},"geometry":{"type":"MultiPolygon","coordinates":[[[[76.0,36.4],[76.0,36.3],[76.0,36.2],[76.0,36.1],[75.9,36.1],[75.9,36.0],[76.0,36.0],[76.1,36.0],[76.1,35.9],[76.1,35.8],[76.2,35.8],[76.3,35.8],[76.4,35.8],[76.4,35.9],[76.5,35.9],[76.6,35.9],[76.6,35.8],[76.6,35.7],[76.7,35.7],[76.8,35.6],[76.9,35.4],[77.0,35.1],[77.0,35.0],[77.0,34.9],[76.9,34.9],[76.8,34.9],[76.7,34.9],[76.8,34.8],[76.7,34.8],[76.7,34.7],[76.6,34.7],[76.5,34.7],[76.5,34.8],[76.4,34.8],[76.3,34.7],[76.2,34.7],[76.1,34.7],[76.0,34.7],[76.0,34.6],[75.9,34.6],[75.8,34.5],[75.7,34.5],[75.6,34.5],[75.3,34.6],[75.2,34.6],[75.1,34.6],[75.0,34.6],[74.7,34.7],[74.4,34.8],[74.3,34.8],[74.2,34.7],[74.1,34.7],[74.0,34.7],[73.9,34.7],[73.9,34.6],[73.9,34.5],[73.8,34.5],[73.8,34.4],[73.8,34.3],[73.9,34.3],[74.0,34.3],[74.0,34.2],[73.9,34.1],[73.9,34.0],[74.0,34.0],[74.1,34.0],[74.2,34.0],[74.3,34.0],[74.3,33.9],[74.2,33.9],[74.1,33.8],[74.0,33.8],[74.0,33.7],[74.0,33.6],[74.1,33.6],[74.1,33.5],[74.2,33.5],[74.1,33.4],[74.1,33.3],[74.0,33.3],[74.0,33.2],[74.1,33.1],[74.2,33.0],[74.3,33.0],[74.3,32.9],[74.3,32.8],[74.4,32.8],[74.5,32.8],[74.5,32.7],[74.6,32.8],[74.7,32.8],[74.7,32.7],[74.6,32.7],[74.7,32.7],[74.7,32.6],[74.6,32.6],[74.7,32.5],[74.8,32.5],[74.9,32.4],[75.0,32.5],[75.1,32.5],[75.1,32.4],[75.2,32.4],[75.3,32.3],[75.4,32.3],[75.3,32.2],[75.3,32.1],[75.3,32.2],[75.2,32.1],[75.1,32.1],[75.0,32.1],[75.0,32.0],[74.9,32.0],[74.8,32.0],[74.8,31.9],[74.7,32.0],[74.7,31.9],[74.6,31.9],[74.6,31.8],[74.5,31.8],[74.5,31.7],[74.6,31.6],[74.6,31.5],[74.6,31.4],[74.5,31.3],[74.5,31.2],[74.5,31.1],[74.6,31.1],[74.7,31.1],[74.6,31.1],[74.6,31.0],[74.5,31.0],[74.4,30.9],[74.3,30.9],[74.3,30.8],[74.2,30.8],[74.2,30.7],[74.1,30.7],[74.1,30.6],[74.1,30.5],[74.0,30.5],[73.9,30.4],[73.8,30.4],[73.9,30.3],[73.9,30.2],[73.8,30.1],[73.7,30.0],[73.6,30.0],[73.4,29.9],[73.3,29.8],[73.3,29.7],[73.2,29.5],[73.2,29.4],[73.1,29.4],[73.1,29.2],[73.0,29.2],[73.0,29.1],[72.9,29.0],[72.8,29.0],[72.7,28.9],[72.5,28.8],[72.4,28.8],[72.3,28.7],[72.3,28.6],[72.2,28.4],[72.1,28.4],[72.1,28.3],[72.0,28.2],[71.9,28.1],[71.9,28.0],[71.7,27.9],[71.6,27.9],[71.5,27.9],[71.4,27.9],[71.3,27.9],[71.2,27.8],[71.0,27.8],[70.9,27.7],[70.8,27.7],[70.7,27.7],[70.7,27.8],[70.6,27.9],[70.6,28.0],[70.5,28.0],[70.4,28.0],[70.3,28.0],[70.3,27.9],[70.2,27.9],[70.1,27.8],[70.0,27.6],[69.9,27.5],[69.8,27.4],[69.7,27.3],[69.6,27.2],[69.5,27.1],[69.5,26.9],[69.5,26.8],[69.5,26.7],[69.7,26.7],[69.8,26.6],[70.1,26.6],[70.2,26.5],[70.2,26.4],[70.1,26.3],[70.2,26.3],[70.1,26.2],[70.1,26.1],[70.1,26.0],[70.1,25.9],[70.2,25.8],[70.2,25.7],[70.3,25.7],[70.4,25.7],[70.5,25.7],[70.6,25.7],[70.7,25.7],[70.7,25.6],[70.7,25.5],[70.6,25.4],[70.7,25.4],[70.7,25.3],[70.8,25.2],[70.9,25.1],[70.9,25.0],[70.9,24.9],[71.0,24.8],[71.0,24.7],[71.1,24.7],[71.0,24.7],[71.0,24.6],[71.0,24.5],[71.0,24.4],[71.1,24.4],[71.0,24.4],[70.9,24.4],[70.9,24.3],[70.8,24.3],[70.9,24.3],[70.8,24.3],[70.8,24.2],[70.6,24.2],[70.6,24.3],[70.5,24.4],[70.6,24.4],[70.5,24.4],[70.4,24.4],[70.3,24.4],[70.2,24.3],[70.1,24.3],[70.1,24.2],[70.0,24.2],[69.8,24.2],[69.7,24.2],[69.6,24.3],[69.3,24.3],[69.2,24.3],[69.1,24.3],[69.0,24.3],[68.9,24.3],[68.8,24.2],[68.8,24.3],[68.7,24.3],[68.7,24.2],[68.7,24.1],[68.7,24.0],[68.6,24.0],[68.5,24.0],[68.4,24.0],[68.4,23.9],[68.4,24.0],[68.3,24.0],[68.3,23.9],[68.2,23.9],[68.2,23.8],[68.2,23.9],[68.2,23.8],[68.1,23.8],[68.1,23.7],[68.2,23.7],[68.1,23.7],[68.1,23.8],[68.1,23.9],[68.0,23.9],[68.1,23.8],[68.0,23.8],[67.9,23.8],[67.9,23.9],[67.8,23.9],[67.8,23.8],[67.7,23.8],[67.6,23.8],[67.6,23.9],[67.7,23.9],[67.6,23.9],[67.5,23.9],[67.5,24.0],[67.5,24.1],[67.4,24.1],[67.3,24.1],[67.3,24.2],[67.3,24.3],[67.4,24.3],[67.3,24.4],[67.2,24.5],[67.2,24.6],[67.3,24.6],[67.2,24.6],[67.1,24.6],[67.2,24.7],[67.3,24.7],[67.2,24.8],[67.1,24.8],[67.0,24.8],[66.9,24.8],[66.9,24.9],[66.8,24.8],[66.8,24.9],[66.8,24.8],[66.7,24.8],[66.7,24.9],[66.7,25.0],[66.7,25.1],[66.7,25.2],[66.7,25.3],[66.6,25.3],[66.5,25.4],[66.6,25.4],[66.6,25.5],[66.5,25.5],[66.4,25.6],[66.3,25.6],[66.2,25.6],[66.2,25.5],[66.1,25.5],[66.2,25.5],[66.3,25.5],[66.3,25.6],[66.3,25.5],[66.4,25.5],[66.5,25.5],[66.5,25.4],[66.4,25.4],[66.4,25.5],[66.3,25.5],[66.2,25.5],[66.2,25.4],[66.1,25.4],[66.0,25.4],[65.9,25.4],[65.8,25.4],[65.7,25.4],[65.7,25.3],[65.6,25.3],[65.5,25.4],[65.4,25.4],[65.3,25.4],[65.2,25.4],[65.2,25.3],[65.1,25.3],[65.0,25.3],[64.9,25.3],[64.8,25.3],[64.7,25.3],[64.7,25.2],[64.6,25.2],[64.6,25.3],[64.5,25.3],[64.5,25.2],[64.4,25.2],[64.4,25.3],[64.3,25.3],[64.2,25.3],[64.1,25.3],[64.1,25.4],[64.2,25.4],[64.2,25.5],[64.1,25.5],[64.1,25.4],[64.0,25.5],[64.0,25.4],[64.1,25.4],[64.1,25.3],[64.0,25.3],[63.9,25.3],[63.8,25.4],[63.7,25.4],[63.6,25.4],[63.5,25.3],[63.5,25.2],[63.4,25.2],[63.3,25.2],[63.2,25.2],[63.2,25.3],[63.1,25.3],[63.1,25.2],[63.0,25.2],[62.9,25.2],[62.8,25.3],[62.6,25.3],[62.5,25.3],[62.5,25.2],[62.4,25.2],[62.3,25.2],[62.3,25.1],[62.4,25.1],[62.3,25.1],[62.3,25.2],[62.2,25.2],[62.1,25.2],[62.1,25.1],[62.0,25.1],[61.9,25.1],[61.8,25.0],[61.7,25.0],[61.7,25.1],[61.8,25.1],[61.8,25.2],[61.7,25.2],[61.6,25.2],[61.6,25.3],[61.6,25.4],[61.6,25.5],[61.6,25.6],[61.7,25.6],[61.7,25.7],[61.7,25.8],[61.8,25.8],[61.8,25.9],[61.8,26.0],[61.8,26.1],[61.8,26.2],[61.9,26.2],[62.0,26.3],[62.1,26.3],[62.1,26.4],[62.2,26.4],[62.3,26.4],[62.2,26.4],[62.3,26.4],[62.3,26.5],[62.4,26.5],[62.4,26.6],[62.6,26.6],[62.7,26.6],[62.8,26.6],[62.9,26.6],[63.0,26.6],[63.1,26.6],[63.2,26.6],[63.2,26.7],[63.2,26.8],[63.2,26.9],[63.3,26.9],[63.2,26.9],[63.2,27.1],[63.3,27.1],[63.3,27.2],[63.2,27.2],[63.2,27.3],[63.1,27.2],[63.0,27.2],[62.9,27.2],[62.8,27.2],[62.7,27.3],[62.8,27.3],[62.8,27.5],[62.8,27.6],[62.8,27.7],[62.8,27.8],[62.8,27.9],[62.7,28.0],[62.8,28.1],[62.8,28.2],[62.7,28.3],[62.6,28.2],[62.5,28.3],[62.5,28.4],[62.4,28.4],[62.2,28.4],[62.1,28.5],[62.0,28.5],[61.9,28.5],[61.9,28.6],[61.8,28.6],[61.8,28.7],[61.7,28.8],[61.6,28.8],[61.6,28.9],[61.5,29.0],[61.5,29.1],[61.4,29.1],[61.4,29.2],[61.3,29.3],[61.3,29.4],[61.2,29.5],[61.1,29.6],[61.0,29.7],[60.9,29.8],[60.8,29.9],[60.9,29.8],[61.0,29.8],[61.1,29.8],[61.2,29.8],[61.3,29.7],[61.4,29.7],[61.5,29.7],[61.6,29.6],[61.7,29.6],[61.8,29.6],[61.9,29.6],[61.9,29.5],[62.0,29.5],[62.1,29.5],[62.2,29.5],[62.3,29.5],[62.4,29.4],[62.5,29.4],[62.6,29.4],[62.7,29.4],[62.8,29.4],[62.9,29.4],[63.0,29.4],[63.0,29.5],[63.1,29.5],[63.2,29.5],[63.3,29.5],[63.4,29.5],[63.6,29.5],[63.8,29.5],[64.0,29.4],[64.1,29.4],[64.1,29.5],[64.2,29.5],[64.5,29.6],[64.7,29.6],[64.8,29.6],[65.0,29.5],[65.2,29.6],[65.3,29.6],[65.4,29.6],[65.5,29.7],[65.6,29.7],[65.7,29.7],[65.8,29.7],[65.9,29.8],[66.0,29.8],[66.1,29.8],[66.2,29.8],[66.3,29.9],[66.3,30.0],[66.2,30.0],[66.2,30.1],[66.3,30.2],[66.3,30.3],[66.3,30.4],[66.3,30.5],[66.3,30.6],[66.4,30.9],[66.5,31.0],[66.6,31.0],[66.6,31.1],[66.7,31.1],[66.7,31.2],[66.8,31.2],[66.8,31.3],[66.9,31.3],[67.0,31.3],[67.0,31.2],[67.1,31.2],[67.2,31.2],[67.3,31.2],[67.4,31.2],[67.5,31.2],[67.5,31.3],[67.6,31.3],[67.7,31.3],[67.8,31.3],[67.8,31.4],[67.7,31.4],[67.6,31.4],[67.6,31.5],[67.7,31.5],[67.8,31.6],[67.9,31.6],[68.0,31.6],[68.0,31.7],[68.1,31.7],[68.1,31.8],[68.2,31.8],[68.3,31.8],[68.4,31.8],[68.5,31.7],[68.5,31.8],[68.4,31.8],[68.5,31.8],[68.6,31.8],[68.7,31.8],[68.7,31.7],[68.8,31.6],[68.9,31.6],[69.0,31.6],[69.0,31.7],[69.1,31.7],[69.2,31.9],[69.3,31.9],[69.3,32.0],[69.3,32.1],[69.3,32.2],[69.3,32.3],[69.2,32.4],[69.2,32.5],[69.3,32.5],[69.3,32.6],[69.4,32.6],[69.4,32.7],[69.4,32.8],[69.5,32.9],[69.5,33.0],[69.5,33.1],[69.6,33.1],[69.7,33.1],[69.8,33.1],[69.9,33.1],[70.0,33.1],[70.0,33.2],[70.1,33.2],[70.3,33.3],[70.3,33.4],[70.2,33.4],[70.2,33.5],[70.2,33.6],[70.1,33.6],[70.1,33.7],[70.0,33.7],[70.0,33.8],[69.9,33.8],[69.9,33.9],[69.8,33.9],[69.9,34.0],[70.0,34.0],[70.2,34.0],[70.3,34.0],[70.4,34.0],[70.5,33.9],[70.7,34.0],[70.8,34.0],[70.9,34.0],[71.0,34.0],[71.1,34.1],[71.1,34.2],[71.1,34.3],[71.1,34.4],[71.0,34.4],[71.0,34.5],[71.0,34.6],[71.1,34.6],[71.1,34.7],[71.2,34.7],[71.3,34.8],[71.3,34.9],[71.4,34.9],[71.5,34.9],[71.5,35.0],[71.5,35.1],[71.6,35.1],[71.6,35.2],[71.5,35.3],[71.6,35.4],[71.6,35.5],[71.6,35.6],[71.5,35.6],[71.5,35.7],[71.5,35.8],[71.4,35.8],[71.4,35.9],[71.3,35.9],[71.3,36.0],[71.2,36.0],[71.2,36.1],[71.3,36.1],[71.3,36.2],[71.4,36.2],[71.5,36.3],[71.6,36.3],[71.5,36.4],[71.6,36.4],[71.6,36.5],[71.7,36.4],[71.8,36.4],[71.8,36.5],[71.9,36.5],[72.0,36.5],[72.0,36.6],[72.1,36.6],[72.2,36.6],[72.2,36.7],[72.1,36.7],[72.2,36.7],[72.3,36.7],[72.4,36.8],[72.5,36.8],[72.6,36.8],[72.7,36.8],[72.8,36.8],[72.9,36.8],[72.9,36.9],[73.0,36.8],[73.0,36.9],[73.2,36.9],[73.3,36.9],[73.4,36.9],[73.5,36.9],[73.6,36.9],[73.7,36.9],[73.8,36.9],[73.9,36.9],[73.9,36.8],[74.0,36.8],[74.1,36.8],[74.1,36.9],[74.2,36.9],[74.3,36.9],[74.4,37.0],[74.5,37.0],[74.6,37.0],[74.7,37.1],[74.7,37.0],[74.8,37.0],[74.9,37.0],[74.9,36.9],[74.9,37.0],[75.0,37.0],[75.1,37.0],[75.2,37.0],[75.2,36.9],[75.3,36.9],[75.4,36.9],[75.4,36.8],[75.4,36.7],[75.5,36.7],[75.6,36.8],[75.7,36.7],[75.8,36.7],[75.8,36.6],[75.9,36.6],[76.0,36.5],[76.0,36.4]]]]}},{"type":"Feature","properties":{"iso3":"BGR","name":"Bulgaria","ilo169":"not ratified","colonial":"none recorded","land_deal_ha":139671.2},"geometry":{"type":"Polygon","coordinates":[[[26.3,41.7],[26.2,41.7],[26.2,41.8],[26.2,41.7],[26.1,41.7],[26.0,41.7],[26.1,41.7],[26.1,41.6],[26.1,41.5],[26.2,41.5],[26.1,41.5],[26.2,41.5],[26.2,41.4],[26.1,41.4],[26.0,41.3],[25.9,41.3],[25.8,41.3],[25.7,41.3],[25.6,41.3],[25.5,41.3],[25.3,41.2],[25.2,41.2],[25.2,41.3],[25.1,41.3],[24.9,41.4],[24.8,41.4],[24.8,41.3],[24.8,41.4],[24.7,41.4],[24.6,41.4],[24.6,41.5],[24.5,41.5],[24.5,41.6],[24.5,41.5],[24.4,41.5],[24.3,41.5],[24.3,41.6],[24.2,41.6],[24.2,41.5],[24.1,41.5],[24.0,41.5],[24.1,41.5],[24.0,41.5],[24.0,41.4],[23.9,41.4],[23.9,41.5],[23.9,41.4],[23.8,41.4],[23.7,41.4],[23.6,41.4],[23.5,41.4],[23.4,41.4],[23.3,41.4],[23.2,41.4],[23.2,41.3],[23.1,41.3],[22.9,41.3],[22.9,41.4],[23.0,41.4],[22.9,41.4],[22.9,41.5],[22.9,41.6],[23.0,41.6],[23.0,41.7],[23.0,41.8],[22.9,41.8],[22.9,41.9],[22.9,42.0],[22.8,42.0],[22.7,42.0],[22.7,42.1],[22.6,42.1],[22.5,42.1],[22.5,42.2],[22.4,42.2],[22.3,42.3],[22.4,42.3],[22.5,42.4],[22.5,42.5],[22.4,42.6],[22.4,42.7],[22.5,42.7],[22.5,42.8],[22.4,42.8],[22.5,42.8],[22.5,42.9],[22.6,42.9],[22.7,42.9],[22.8,43.0],[22.9,43.0],[22.9,43.1],[23.0,43.1],[23.0,43.2],[22.9,43.2],[22.9,43.3],[22.8,43.3],[22.7,43.4],[22.6,43.4],[22.6,43.5],[22.5,43.5],[22.5,43.6],[22.5,43.7],[22.4,43.7],[22.4,43.8],[22.3,43.8],[22.4,43.8],[22.4,43.9],[22.4,44.0],[22.5,44.0],[22.5,44.1],[22.6,44.1],[22.6,44.2],[22.7,44.2],[22.9,44.1],[23.0,44.1],[23.0,44.0],[22.9,44.0],[22.9,43.9],[22.9,43.8],[23.1,43.8],[23.2,43.9],[23.3,43.9],[23.5,43.9],[23.6,43.8],[23.7,43.8],[23.8,43.8],[24.1,43.8],[24.2,43.8],[24.3,43.8],[24.4,43.8],[24.5,43.8],[24.7,43.8],[24.7,43.7],[24.8,43.7],[25.0,43.7],[25.1,43.7],[25.2,43.7],[25.3,43.7],[25.4,43.7],[25.5,43.7],[25.6,43.7],[25.7,43.7],[25.8,43.7],[25.8,43.8],[25.9,43.8],[25.9,43.9],[26.1,43.9],[26.1,44.0],[26.2,44.0],[26.3,44.1],[26.4,44.1],[26.6,44.1],[26.7,44.1],[26.8,44.1],[26.9,44.2],[27.0,44.2],[27.1,44.1],[27.2,44.1],[27.3,44.1],[27.4,44.0],[27.6,44.0],[27.7,44.0],[27.7,43.9],[27.8,44.0],[27.9,44.0],[28.0,43.8],[28.2,43.8],[28.4,43.7],[28.6,43.7],[28.6,43.6],[28.6,43.5],[28.5,43.4],[28.4,43.4],[28.3,43.4],[28.2,43.4],[28.1,43.4],[28.0,43.2],[27.9,43.2],[27.9,43.1],[27.9,43.0],[27.9,42.9],[27.9,42.8],[27.9,42.7],[27.8,42.7],[27.7,42.7],[27.7,42.6],[27.6,42.6],[27.7,42.6],[27.6,42.6],[27.5,42.6],[27.5,42.5],[27.5,42.4],[27.5,42.5],[27.5,42.4],[27.5,42.5],[27.6,42.4],[27.6,42.5],[27.6,42.4],[27.6,42.5],[27.6,42.4],[27.7,42.4],[27.7,42.3],[27.8,42.3],[27.8,42.2],[27.9,42.2],[27.8,42.2],[27.9,42.2],[27.9,42.1],[28.0,42.1],[28.0,42.0],[27.9,42.0],[27.8,42.0],[27.8,41.9],[27.7,42.0],[27.6,42.0],[27.6,41.9],[27.5,41.9],[27.6,41.9],[27.5,41.9],[27.4,42.0],[27.3,42.1],[27.2,42.1],[27.1,42.1],[27.0,42.1],[27.0,42.0],[26.9,42.0],[26.8,42.0],[26.7,42.0],[26.6,42.0],[26.6,41.9],[26.5,41.9],[26.6,41.9],[26.5,41.9],[26.5,41.8],[26.4,41.8],[26.3,41.8],[26.3,41.7]]]}},{"type":"Feature","properties":{"iso3":"SMR","name":"San Marino","ilo169":"not ratified","colonial":"none recorded"},"geometry":{"type":"Polygon","coordinates":[[[12.4,43.9],[12.4,44.0],[12.5,44.0],[12.5,43.9],[12.4,43.9]]]}},{"type":"Feature","properties":{"iso3":"HTI","name":"Haiti","ilo169":"not ratified","colonial":"none recorded","debt_pct_gni":3.7},"geometry":{"type":"MultiPolygon","coordinates":[[[[-71.8,19.7],[-71.7,19.7],[-71.7,19.6],[-71.7,19.5],[-71.7,19.4],[-71.7,19.3],[-71.8,19.3],[-71.7,19.3],[-71.7,19.2],[-71.6,19.2],[-71.6,19.1],[-71.7,19.1],[-71.7,19.0],[-71.8,19.0],[-71.9,19.0],[-71.9,18.9],[-71.8,18.9],[-71.8,19.0],[-71.8,18.9],[-71.7,18.9],[-71.7,18.8],[-71.7,18.7],[-71.8,18.7],[-71.8,18.6],[-71.9,18.6],[-72.0,18.6],[-71.9,18.5],[-71.9,18.4],[-71.8,18.4],[-71.7,18.3],[-71.8,18.2],[-71.8,18.1],[-71.8,18.0],[-71.9,18.1],[-71.9,18.2],[-72.0,18.2],[-72.1,18.2],[-72.2,18.2],[-72.3,18.2],[-72.4,18.2],[-72.5,18.2],[-72.6,18.2],[-72.5,18.2],[-72.6,18.2],[-72.7,18.2],[-72.8,18.2],[-72.7,18.2],[-72.8,18.2],[-72.8,18.1],[-72.9,18.2],[-72.9,18.1],[-72.9,18.2],[-73.0,18.2],[-73.1,18.2],[-73.2,18.2],[-73.3,18.2],[-73.4,18.2],[-73.3,18.2],[-73.3,18.3],[-73.4,18.3],[-73.5,18.3],[-73.5,18.2],[-73.5,18.3],[-73.6,18.3],[-73.6,18.2],[-73.6,18.3],[-73.6,18.2],[-73.7,18.2],[-73.6,18.3],[-73.7,18.3],[-73.7,18.2],[-73.8,18.2],[-73.8,18.1],[-73.8,18.0],[-73.9,18.0],[-73.9,18.1],[-74.0,18.1],[-74.0,18.2],[-74.1,18.2],[-74.1,18.3],[-74.2,18.3],[-74.3,18.3],[-74.4,18.3],[-74.5,18.4],[-74.5,18.5],[-74.4,18.5],[-74.4,18.6],[-74.3,18.7],[-74.2,18.7],[-74.0,18.6],[-73.9,18.6],[-73.8,18.6],[-73.8,18.5],[-73.7,18.5],[-73.7,18.6],[-73.6,18.6],[-73.6,18.5],[-73.6,18.6],[-73.6,18.5],[-73.7,18.6],[-73.7,18.5],[-73.6,18.5],[-73.5,18.5],[-73.4,18.5],[-73.3,18.5],[-73.2,18.5],[-73.1,18.5],[-73.0,18.5],[-72.9,18.5],[-72.9,18.4],[-72.8,18.4],[-72.7,18.4],[-72.7,18.5],[-72.6,18.6],[-72.4,18.5],[-72.4,18.6],[-72.4,18.5],[-72.3,18.5],[-72.3,18.6],[-72.3,18.7],[-72.4,18.7],[-72.5,18.7],[-72.5,18.8],[-72.6,18.8],[-72.6,18.9],[-72.7,18.9],[-72.8,19.1],[-72.7,19.1],[-72.7,19.2],[-72.8,19.2],[-72.8,19.3],[-72.7,19.3],[-72.8,19.3],[-72.8,19.4],[-72.7,19.4],[-72.7,19.5],[-72.8,19.5],[-72.9,19.5],[-72.9,19.6],[-73.0,19.6],[-73.1,19.6],[-73.2,19.6],[-73.3,19.6],[-73.4,19.6],[-73.4,19.7],[-73.5,19.7],[-73.4,19.8],[-73.3,19.8],[-73.2,19.9],[-73.1,19.9],[-73.0,19.9],[-72.9,19.9],[-72.8,19.9],[-72.7,19.9],[-72.6,19.9],[-72.5,19.9],[-72.5,19.8],[-72.4,19.8],[-72.3,19.8],[-72.3,19.7],[-72.4,19.8],[-72.3,19.7],[-72.3,19.8],[-72.2,19.8],[-72.2,19.7],[-72.1,19.7],[-72.0,19.7],[-71.9,19.7],[-71.8,19.7]]],[[[-73.3,18.9],[-73.3,19.0],[-73.2,19.0],[-73.1,18.9],[-73.0,18.9],[-72.9,18.9],[-72.8,18.8],[-72.8,18.7],[-72.9,18.7],[-73.0,18.7],[-73.0,18.8],[-73.1,18.8],[-73.2,18.8],[-73.2,18.9],[-73.3,18.9]]],[[[-72.9,20.1],[-72.8,20.1],[-72.7,20.0],[-72.6,20.0],[-72.7,20.0],[-72.8,20.0],[-72.9,20.0],[-73.0,20.1],[-72.9,20.1]]]]}},{"type":"Feature","properties":{"iso3":"TCD","name":"Chad","ilo169":"not ratified","colonial":"none recorded","debt_pct_gni":16.4,"conquests_suffered":1},"geometry":{"type":"Polygon","coordinates":[[[14.1,13.1],[13.8,13.4],[13.6,13.7],[13.6,13.8],[13.6,13.9],[13.5,14.0],[13.5,14.1],[13.5,14.2],[13.5,14.3],[13.4,14.4],[13.5,14.5],[13.6,14.5],[13.7,14.5],[13.7,14.6],[13.6,14.6],[13.7,14.7],[13.8,14.7],[13.8,14.8],[13.8,14.9],[13.8,15.0],[13.9,15.1],[14.0,15.2],[14.0,15.3],[14.1,15.3],[14.1,15.4],[14.2,15.5],[14.3,15.6],[14.3,15.7],[14.4,15.7],[14.4,15.8],[14.5,15.9],[14.6,16.0],[14.7,16.1],[14.8,16.2],[14.9,16.3],[15.0,16.4],[15.1,16.5],[15.2,16.6],[15.3,16.7],[15.4,16.8],[15.5,16.9],[15.5,17.0],[15.5,17.1],[15.5,17.2],[15.5,17.3],[15.5,17.4],[15.5,17.5],[15.5,17.6],[15.5,17.7],[15.5,17.8],[15.6,17.8],[15.6,17.9],[15.6,18.0],[15.6,18.1],[15.6,18.2],[15.6,18.3],[15.6,18.4],[15.6,18.5],[15.6,18.6],[15.6,18.7],[15.6,18.8],[15.6,18.9],[15.7,18.9],[15.7,19.0],[15.7,19.1],[15.7,19.2],[15.7,19.3],[15.7,19.4],[15.7,19.5],[15.7,19.6],[15.7,19.7],[15.7,19.8],[15.7,19.9],[15.8,20.0],[15.8,20.1],[15.9,20.1],[15.9,20.2],[15.9,20.3],[16.0,20.3],[16.0,20.4],[15.9,20.4],[15.9,20.5],[15.8,20.5],[15.8,20.6],[15.7,20.6],[15.7,20.7],[15.6,20.7],[15.6,20.8],[15.5,20.8],[15.5,20.9],[15.6,20.9],[15.6,21.0],[15.5,21.0],[15.5,21.1],[15.5,21.2],[15.4,21.2],[15.4,21.3],[15.3,21.3],[15.3,21.4],[15.2,21.5],[15.2,21.6],[15.2,21.7],[15.2,21.8],[15.2,21.9],[15.2,22.0],[15.2,22.1],[15.1,22.1],[15.1,22.2],[15.1,22.3],[15.1,22.4],[15.1,22.5],[15.1,22.6],[15.0,22.7],[15.0,22.8],[15.0,22.9],[15.0,23.0],[15.1,23.0],[15.1,23.1],[15.2,23.1],[15.3,23.1],[15.3,23.2],[15.4,23.2],[15.5,23.2],[15.6,23.3],[15.7,23.3],[15.8,23.4],[15.9,23.4],[16.0,23.4],[16.1,23.4],[16.2,23.3],[16.3,23.3],[16.4,23.2],[16.6,23.2],[16.7,23.1],[16.8,23.0],[16.9,23.0],[17.1,22.9],[17.2,22.9],[17.3,22.8],[17.4,22.7],[17.6,22.7],[17.7,22.6],[17.8,22.5],[17.9,22.5],[18.1,22.4],[18.2,22.4],[18.3,22.3],[18.4,22.2],[18.5,22.2],[18.7,22.1],[18.8,22.1],[18.9,22.0],[19.0,21.9],[19.2,21.9],[19.3,21.8],[19.4,21.8],[19.5,21.7],[19.7,21.6],[19.8,21.6],[19.9,21.5],[20.0,21.4],[20.2,21.4],[20.3,21.3],[20.4,21.3],[20.5,21.2],[20.6,21.1],[20.8,21.1],[20.9,21.0],[21.0,21.0],[21.1,20.9],[21.3,20.8],[21.4,20.8],[21.5,20.7],[21.6,20.7],[21.8,20.6],[21.9,20.5],[22.0,20.5],[22.1,20.4],[22.3,20.4],[22.4,20.3],[22.5,20.2],[22.6,20.2],[22.7,20.1],[22.9,20.0],[23.0,20.0],[23.1,19.9],[23.2,19.9],[23.4,19.8],[23.5,19.7],[23.6,19.7],[23.7,19.6],[23.9,19.6],[24.0,19.5],[24.0,19.3],[24.0,19.0],[24.0,18.8],[24.0,18.6],[24.0,18.3],[24.0,18.1],[24.0,17.9],[24.0,17.6],[24.0,17.4],[24.0,17.2],[24.0,16.9],[24.0,16.7],[24.0,16.5],[24.0,16.2],[24.0,16.0],[24.0,15.8],[24.0,15.7],[23.9,15.7],[23.8,15.7],[23.7,15.7],[23.6,15.7],[23.5,15.7],[23.4,15.7],[23.3,15.7],[23.2,15.7],[23.1,15.7],[23.0,15.6],[22.9,15.6],[22.9,15.5],[22.9,15.4],[23.0,15.4],[23.0,15.3],[23.0,15.2],[22.9,15.1],[22.8,15.1],[22.7,15.0],[22.7,14.9],[22.7,14.8],[22.7,14.7],[22.5,14.6],[22.4,14.6],[22.4,14.5],[22.4,14.4],[22.5,14.3],[22.4,14.3],[22.4,14.2],[22.5,14.2],[22.5,14.1],[22.4,14.1],[22.4,14.0],[22.2,14.0],[22.2,13.9],[22.1,13.8],[22.1,13.7],[22.1,13.6],[22.2,13.6],[22.2,13.5],[22.2,13.4],[22.3,13.4],[22.3,13.3],[22.2,13.3],[22.1,13.2],[22.0,13.1],[21.9,13.1],[21.9,12.9],[21.8,12.8],[21.8,12.7],[21.9,12.7],[21.9,12.6],[22.0,12.6],[22.1,12.6],[22.1,12.7],[22.2,12.7],[22.3,12.7],[22.4,12.6],[22.4,12.5],[22.4,12.4],[22.5,12.2],[22.5,12.1],[22.5,12.0],[22.5,12.1],[22.6,12.1],[22.6,12.0],[22.5,11.7],[22.5,11.6],[22.6,11.6],[22.6,11.5],[22.7,11.5],[22.8,11.4],[22.9,11.4],[22.9,11.3],[23.0,11.3],[23.0,11.2],[22.9,11.2],[22.9,11.1],[22.9,10.9],[22.8,10.9],[22.7,10.9],[22.7,11.0],[22.6,11.0],[22.5,11.0],[22.4,11.0],[22.3,10.9],[22.2,10.9],[22.2,10.8],[22.1,10.8],[22.0,10.8],[22.0,10.7],[21.9,10.7],[21.8,10.7],[21.7,10.6],[21.7,10.5],[21.7,10.4],[21.8,10.4],[21.7,10.4],[21.7,10.3],[21.7,10.2],[21.6,10.2],[21.5,10.2],[21.4,10.0],[21.3,10.0],[21.2,9.9],[21.1,9.8],[21.0,9.8],[21.0,9.7],[21.0,9.6],[20.9,9.6],[20.9,9.5],[20.8,9.5],[20.8,9.4],[20.7,9.4],[20.7,9.3],[20.6,9.3],[20.5,9.3],[20.5,9.2],[20.4,9.1],[20.3,9.1],[20.2,9.1],[20.1,9.1],[20.1,9.2],[20.1,9.1],[20.0,9.1],[19.9,9.1],[19.9,9.0],[19.8,9.1],[19.8,9.0],[19.7,9.0],[19.6,9.0],[19.5,9.0],[19.4,9.0],[19.3,9.0],[19.2,9.0],[19.1,9.0],[19.0,9.0],[19.0,8.9],[18.9,8.9],[18.9,8.8],[19.0,8.7],[19.1,8.7],[19.1,8.6],[19.0,8.5],[18.9,8.4],[18.9,8.3],[18.8,8.3],[18.8,8.2],[18.7,8.2],[18.6,8.2],[18.6,8.1],[18.6,8.0],[18.5,8.0],[18.1,8.0],[18.0,8.0],[17.9,8.0],[17.8,8.0],[17.7,8.0],[17.6,8.0],[17.6,7.9],[17.5,7.9],[17.4,7.9],[17.3,7.8],[17.2,7.8],[17.2,7.7],[17.1,7.7],[17.0,7.7],[17.0,7.6],[17.0,7.7],[16.9,7.6],[16.8,7.6],[16.9,7.6],[16.8,7.6],[16.8,7.5],[16.8,7.6],[16.7,7.6],[16.7,7.7],[16.6,7.7],[16.6,7.8],[16.5,7.8],[16.6,7.8],[16.6,7.9],[16.5,7.9],[16.5,7.8],[16.4,7.8],[16.4,7.7],[16.3,7.7],[16.2,7.6],[16.1,7.6],[16.0,7.6],[16.0,7.5],[15.9,7.5],[15.8,7.5],[15.7,7.5],[15.6,7.5],[15.5,7.5],[15.5,7.6],[15.6,7.7],[15.6,7.8],[15.5,7.8],[15.4,7.8],[15.4,7.9],[15.3,8.1],[15.2,8.4],[15.2,8.5],[15.1,8.6],[15.0,8.7],[14.9,8.7],[14.9,8.8],[14.8,8.8],[14.6,9.0],[14.3,9.2],[14.0,9.6],[13.9,9.6],[13.9,9.7],[14.0,9.7],[14.1,9.8],[14.1,9.9],[14.2,9.9],[14.2,10.0],[14.4,10.0],[14.7,9.9],[14.8,9.9],[14.9,10.0],[15.0,9.9],[15.1,9.9],[15.1,10.0],[15.2,10.0],[15.4,9.9],[15.7,10.0],[15.6,10.0],[15.5,10.1],[15.4,10.2],[15.3,10.3],[15.3,10.4],[15.2,10.4],[15.2,10.5],[15.1,10.5],[15.1,10.6],[15.1,10.8],[15.1,10.9],[15.0,11.0],[15.0,11.1],[15.0,11.2],[15.0,11.3],[15.1,11.3],[15.0,11.3],[15.1,11.4],[15.1,11.5],[15.1,11.6],[15.1,11.7],[15.1,11.8],[15.1,11.9],[15.0,11.9],[15.1,11.9],[15.1,12.0],[15.0,12.0],[15.1,12.0],[15.0,12.0],[15.1,12.0],[15.0,12.0],[15.0,12.1],[14.9,12.1],[14.9,12.2],[14.9,12.3],[14.9,12.4],[14.9,12.5],[14.9,12.4],[14.9,12.5],[14.8,12.5],[14.9,12.5],[14.8,12.6],[14.8,12.7],[14.7,12.7],[14.6,12.7],[14.6,12.8],[14.6,12.7],[14.6,12.8],[14.5,12.8],[14.5,12.9],[14.5,13.0],[14.4,13.1],[14.1,13.1]]]}},{"type":"Feature","properties":{"iso3":"KWT","name":"Kuwait","ilo169":"not ratified","colonial":"none recorded","conquests_suffered":1},"geometry":{"type":"MultiPolygon","coordinates":[[[[47.9,30.0],[48.0,30.0],[48.0,29.9],[48.0,29.8],[48.1,29.7],[48.2,29.6],[48.2,29.5],[48.1,29.6],[48.0,29.6],[47.9,29.6],[47.9,29.5],[47.8,29.5],[47.8,29.4],[47.7,29.4],[47.8,29.4],[47.9,29.4],[47.8,29.4],[47.8,29.3],[47.9,29.3],[47.9,29.4],[48.0,29.4],[48.1,29.3],[48.1,29.2],[48.2,29.0],[48.2,28.9],[48.3,28.9],[48.3,28.8],[48.4,28.8],[48.4,28.7],[48.4,28.6],[48.4,28.7],[48.4,28.6],[48.4,28.5],[48.3,28.5],[48.1,28.5],[47.9,28.5],[47.7,28.5],[47.7,28.6],[47.6,28.6],[47.6,28.7],[47.5,28.8],[47.5,28.9],[47.4,29.0],[47.3,29.0],[47.2,29.0],[47.1,29.0],[47.0,29.0],[46.9,29.1],[46.8,29.1],[46.6,29.1],[46.5,29.1],[46.6,29.1],[46.7,29.3],[46.8,29.4],[46.9,29.4],[46.9,29.5],[47.0,29.6],[47.0,29.7],[47.0,29.8],[47.1,30.0],[47.2,30.0],[47.4,30.1],[47.7,30.1],[47.9,30.0]]],[[[48.4,29.7],[48.3,29.7],[48.3,29.6],[48.2,29.6],[48.1,29.7],[48.1,29.8],[48.0,29.8],[48.1,29.8],[48.1,29.9],[48.2,29.9],[48.1,29.9],[48.1,30.0],[48.2,30.0],[48.3,29.8],[48.4,29.8],[48.4,29.7]]]]}},{"type":"Feature","properties":{"iso3":"TLS","name":"East Timor","ilo169":"not ratified","colonial":"none recorded","land_deal_ha":3000.0,"debt_pct_gni":15.4},"geometry":{"type":"MultiPolygon","coordinates":[[[[124.9,-9.0],[125.0,-8.9],[125.0,-8.8],[125.1,-8.8],[125.1,-8.7],[125.1,-8.6],[125.2,-8.6],[125.3,-8.6],[125.4,-8.6],[125.5,-8.6],[125.5,-8.5],[125.6,-8.5],[125.7,-8.5],[125.9,-8.5],[126.0,-8.5],[126.1,-8.5],[126.2,-8.5],[126.3,-8.5],[126.3,-8.4],[126.4,-8.4],[126.5,-8.4],[126.5,-8.5],[126.6,-8.5],[126.7,-8.4],[126.8,-8.4],[126.9,-8.3],[127.0,-8.3],[127.1,-8.4],[127.2,-8.4],[127.2,-8.3],[127.2,-8.4],[127.3,-8.4],[127.2,-8.5],[127.1,-8.6],[127.0,-8.7],[126.9,-8.7],[126.8,-8.8],[126.7,-8.8],[126.6,-8.8],[126.5,-8.9],[126.4,-9.0],[126.2,-9.0],[126.1,-9.0],[126.0,-9.1],[125.9,-9.1],[125.8,-9.1],[125.8,-9.2],[125.7,-9.2],[125.6,-9.2],[125.5,-9.2],[125.4,-9.3],[125.3,-9.3],[125.3,-9.4],[125.2,-9.4],[125.1,-9.4],[125.1,-9.5],[125.1,-9.4],[125.0,-9.4],[125.0,-9.3],[125.0,-9.2],[125.1,-9.2],[125.2,-9.2],[125.1,-9.2],[125.1,-9.1],[125.2,-9.1],[125.2,-9.0],[125.1,-9.0],[125.0,-9.1],[124.9,-9.1],[124.9,-9.0]]],[[[124.5,-9.2],[124.4,-9.3],[124.4,-9.4],[124.3,-9.4],[124.3,-9.5],[124.3,-9.4],[124.2,-9.4],[124.1,-9.4],[124.0,-9.3],[124.1,-9.3],[124.2,-9.3],[124.2,-9.2],[124.3,-9.2],[124.4,-9.2],[124.5,-9.2]]]]}},{"type":"Feature","properties":{"iso3":"BRN","name":"Brunei","ilo169":"not ratified","colonial":"none recorded","conquests_suffered":1},"geometry":{"type":"MultiPolygon","coordinates":[[[[115.0,4.9],[115.0,4.8],[114.9,4.8],[114.8,4.8],[114.8,4.7],[114.7,4.7],[114.8,4.7],[114.8,4.6],[114.8,4.5],[114.8,4.4],[114.8,4.3],[114.8,4.2],[114.8,4.1],[114.7,4.0],[114.6,4.0],[114.6,4.1],[114.5,4.1],[114.5,4.2],[114.4,4.2],[114.4,4.3],[114.3,4.3],[114.3,4.4],[114.3,4.5],[114.2,4.5],[114.1,4.6],[114.0,4.6],[114.3,4.6],[114.4,4.6],[114.5,4.7],[114.6,4.7],[114.6,4.8],[114.7,4.9],[114.8,4.9],[114.9,5.0],[115.1,5.1],[115.1,5.0],[115.0,5.0],[115.0,4.9]]],[[[115.1,4.9],[115.2,4.9],[115.2,4.8],[115.3,4.6],[115.3,4.5],[115.3,4.4],[115.4,4.4],[115.4,4.3],[115.3,4.3],[115.2,4.3],[115.2,4.4],[115.1,4.4],[115.1,4.5],[115.0,4.6],[115.0,4.7],[115.0,4.8],[115.1,4.8],[115.1,4.9]]]]}},{"type":"Feature","properties":{"iso3":"SWZ","name":"eSwatini","ilo169":"not ratified","colonial":"none recorded","land_deal_ha":7386.0,"debt_pct_gni":27.8,"conquests_suffered":1},"geometry":{"type":"Polygon","coordinates":[[[31.9,-26.0],[32.0,-26.0],[32.1,-26.0],[32.1,-26.1],[32.1,-26.2],[32.0,-26.3],[32.1,-26.4],[32.1,-26.5],[32.1,-26.6],[32.1,-26.8],[32.0,-26.8],[32.0,-26.9],[32.0,-27.0],[31.9,-27.1],[31.9,-27.2],[31.9,-27.3],[32.0,-27.3],[31.9,-27.3],[31.8,-27.3],[31.6,-27.3],[31.5,-27.3],[31.4,-27.3],[31.3,-27.2],[31.2,-27.2],[31.1,-27.2],[31.1,-27.1],[31.0,-27.0],[30.9,-27.0],[31.0,-26.9],[30.9,-26.9],[30.9,-26.8],[30.8,-26.8],[30.8,-26.7],[30.8,-26.6],[30.8,-26.5],[30.8,-26.4],[30.9,-26.3],[31.0,-26.2],[31.0,-26.1],[31.1,-26.0],[31.1,-25.9],[31.2,-25.8],[31.3,-25.8],[31.3,-25.7],[31.4,-25.7],[31.5,-25.8],[31.6,-25.9],[31.7,-25.9],[31.8,-26.0],[31.9,-26.0]]]}},{"type":"Feature","properties":{"iso3":"MMR","name":"Myanmar","ilo169":"not ratified","colonial":"none recorded","land_deal_ha":834797.7,"debt_pct_gni":15.3,"conquests_suffered":3},"geometry":{"type":"MultiPolygon","coordinates":[[[[92.6,22.0],[92.7,22.0],[92.7,22.1],[92.7,22.2],[92.7,22.1],[92.8,22.1],[92.8,22.0],[92.9,22.0],[93.0,22.0],[93.0,22.1],[93.0,22.2],[93.1,22.2],[93.2,22.2],[93.2,22.3],[93.2,22.4],[93.1,22.5],[93.1,22.6],[93.1,22.7],[93.1,22.8],[93.2,22.9],[93.2,23.0],[93.1,23.0],[93.2,23.0],[93.2,23.1],[93.2,23.0],[93.3,23.0],[93.3,23.1],[93.4,23.1],[93.4,23.2],[93.4,23.3],[93.4,23.4],[93.4,23.5],[93.4,23.6],[93.4,23.7],[93.4,23.9],[93.3,23.9],[93.3,24.0],[93.3,24.1],[93.4,24.1],[93.4,24.0],[93.5,24.0],[93.6,24.0],[93.7,24.0],[93.8,23.9],[93.9,23.9],[94.0,23.9],[94.1,23.9],[94.1,23.8],[94.1,23.9],[94.2,24.0],[94.2,24.1],[94.2,24.2],[94.3,24.3],[94.3,24.4],[94.4,24.4],[94.4,24.5],[94.4,24.6],[94.5,24.6],[94.5,24.7],[94.6,24.7],[94.6,24.8],[94.6,24.9],[94.7,24.9],[94.7,25.0],[94.7,25.1],[94.7,25.2],[94.6,25.2],[94.6,25.4],[94.7,25.4],[94.7,25.5],[94.8,25.5],[94.8,25.6],[94.9,25.6],[95.0,25.7],[95.0,25.8],[95.0,25.9],[95.1,26.0],[95.2,26.0],[95.2,26.1],[95.1,26.1],[95.1,26.2],[95.0,26.2],[95.0,26.3],[95.1,26.4],[95.0,26.5],[95.1,26.5],[95.1,26.6],[95.2,26.6],[95.2,26.7],[95.2,26.6],[95.3,26.6],[95.3,26.7],[95.4,26.7],[95.5,26.8],[95.6,26.8],[95.6,26.9],[95.7,26.9],[95.8,27.0],[95.9,27.0],[95.9,27.1],[96.0,27.1],[96.0,27.2],[96.1,27.2],[96.1,27.3],[96.4,27.3],[96.5,27.3],[96.6,27.3],[96.6,27.4],[96.6,27.3],[96.7,27.3],[96.7,27.4],[96.8,27.3],[96.9,27.2],[96.8,27.2],[96.9,27.2],[97.0,27.1],[97.1,27.1],[97.1,27.2],[96.9,27.4],[96.9,27.5],[96.9,27.6],[96.9,27.7],[97.0,27.7],[97.1,27.7],[97.1,27.8],[97.2,27.9],[97.3,27.9],[97.3,28.0],[97.4,28.0],[97.3,28.1],[97.3,28.2],[97.4,28.3],[97.5,28.3],[97.5,28.4],[97.4,28.4],[97.5,28.4],[97.5,28.5],[97.6,28.5],[97.7,28.5],[97.7,28.4],[97.8,28.4],[97.8,28.3],[97.9,28.4],[97.9,28.3],[98.0,28.3],[98.0,28.2],[98.1,28.1],[98.1,28.0],[98.1,27.9],[98.2,27.9],[98.1,27.9],[98.2,27.8],[98.2,27.7],[98.3,27.6],[98.3,27.5],[98.4,27.5],[98.4,27.6],[98.4,27.7],[98.5,27.7],[98.5,27.6],[98.5,27.7],[98.5,27.6],[98.6,27.6],[98.7,27.6],[98.7,27.5],[98.7,27.4],[98.7,27.3],[98.7,27.2],[98.7,27.1],[98.7,27.0],[98.7,26.9],[98.7,26.8],[98.8,26.8],[98.7,26.8],[98.7,26.7],[98.8,26.6],[98.7,26.6],[98.7,26.5],[98.7,26.4],[98.7,26.3],[98.6,26.3],[98.6,26.2],[98.7,26.2],[98.7,26.1],[98.6,26.1],[98.5,26.1],[98.6,26.1],[98.6,26.0],[98.7,25.9],[98.7,25.8],[98.6,25.8],[98.5,25.8],[98.4,25.7],[98.4,25.6],[98.3,25.6],[98.2,25.6],[98.1,25.6],[98.1,25.5],[98.1,25.4],[98.0,25.3],[97.9,25.2],[97.8,25.3],[97.8,25.2],[97.8,25.1],[97.7,25.1],[97.7,25.0],[97.7,24.9],[97.8,24.9],[97.8,24.8],[97.7,24.8],[97.6,24.8],[97.5,24.7],[97.5,24.6],[97.5,24.5],[97.5,24.4],[97.6,24.4],[97.7,24.4],[97.7,24.3],[97.6,24.3],[97.7,24.3],[97.7,24.2],[97.7,24.1],[97.5,23.9],[97.6,23.9],[97.6,23.8],[97.6,23.9],[97.7,23.9],[97.8,23.9],[97.8,24.0],[97.9,24.0],[98.1,24.1],[98.2,24.1],[98.3,24.1],[98.4,24.1],[98.5,24.1],[98.6,24.1],[98.7,24.1],[98.8,24.1],[98.9,24.1],[98.8,24.0],[98.7,24.0],[98.7,23.9],[98.7,23.8],[98.8,23.8],[98.8,23.7],[98.8,23.6],[98.9,23.6],[98.8,23.6],[98.8,23.5],[98.9,23.5],[98.9,23.4],[98.9,23.3],[98.9,23.2],[99.0,23.2],[99.0,23.1],[99.1,23.1],[99.2,23.1],[99.3,23.1],[99.4,23.1],[99.5,23.1],[99.5,23.0],[99.5,22.9],[99.4,22.9],[99.4,22.8],[99.3,22.8],[99.3,22.7],[99.4,22.6],[99.3,22.6],[99.3,22.5],[99.4,22.5],[99.3,22.5],[99.3,22.4],[99.2,22.4],[99.2,22.3],[99.2,22.2],[99.1,22.2],[99.2,22.1],[99.3,22.1],[99.4,22.1],[99.5,22.1],[99.6,22.1],[99.7,22.1],[99.7,22.0],[99.7,22.1],[99.8,22.0],[99.8,22.1],[99.9,22.1],[99.9,22.0],[100.0,22.0],[100.0,21.9],[99.9,21.9],[99.9,21.8],[100.0,21.7],[100.1,21.7],[100.1,21.6],[100.1,21.5],[100.2,21.4],[100.2,21.5],[100.3,21.5],[100.4,21.5],[100.5,21.5],[100.6,21.5],[100.7,21.5],[100.8,21.6],[100.8,21.7],[100.9,21.7],[101.0,21.7],[101.1,21.8],[101.1,21.7],[101.2,21.7],[101.2,21.6],[101.2,21.5],[101.1,21.5],[101.0,21.4],[100.9,21.4],[100.9,21.3],[100.8,21.3],[100.7,21.3],[100.7,21.2],[100.6,21.1],[100.6,21.0],[100.5,21.0],[100.6,21.0],[100.5,21.0],[100.5,20.9],[100.6,20.9],[100.7,20.9],[100.6,20.9],[100.6,20.8],[100.5,20.8],[100.4,20.8],[100.3,20.8],[100.2,20.7],[100.2,20.6],[100.1,20.5],[100.1,20.4],[100.1,20.3],[100.0,20.4],[99.9,20.4],[99.8,20.4],[99.8,20.3],[99.7,20.3],[99.6,20.3],[99.5,20.3],[99.5,20.4],[99.4,20.4],[99.5,20.3],[99.5,20.2],[99.5,20.1],[99.4,20.1],[99.3,20.1],[99.2,20.1],[99.1,20.1],[99.0,20.1],[99.0,20.0],[99.0,19.9],[99.0,19.8],[98.9,19.8],[98.9,19.7],[98.9,19.8],[98.8,19.8],[98.7,19.8],[98.6,19.7],[98.5,19.7],[98.4,19.7],[98.3,19.7],[98.2,19.7],[98.1,19.8],[98.0,19.8],[98.0,19.7],[98.0,19.6],[97.9,19.6],[97.8,19.6],[97.8,19.5],[97.8,19.4],[97.8,19.3],[97.8,19.2],[97.8,19.1],[97.7,19.0],[97.7,18.9],[97.7,18.8],[97.7,18.7],[97.8,18.7],[97.8,18.6],[97.7,18.6],[97.6,18.6],[97.5,18.5],[97.4,18.5],[97.4,18.6],[97.4,18.5],[97.4,18.4],[97.5,18.3],[97.6,18.3],[97.6,18.2],[97.7,18.2],[97.7,18.1],[97.7,18.0],[97.8,18.0],[97.7,18.0],[97.7,17.9],[97.7,17.8],[97.7,17.7],[97.8,17.7],[97.9,17.6],[97.9,17.5],[98.0,17.5],[98.0,17.4],[98.1,17.4],[98.1,17.3],[98.2,17.2],[98.3,17.2],[98.3,17.1],[98.3,17.0],[98.4,17.0],[98.5,17.0],[98.5,16.9],[98.5,16.8],[98.5,16.7],[98.5,16.6],[98.6,16.6],[98.6,16.5],[98.6,16.4],[98.7,16.3],[98.8,16.4],[98.8,16.5],[98.8,16.4],[98.9,16.4],[98.9,16.3],[98.9,16.2],[98.8,16.2],[98.8,16.1],[98.7,16.1],[98.6,16.1],[98.6,16.0],[98.6,16.1],[98.5,16.0],[98.6,16.0],[98.6,15.9],[98.6,15.8],[98.5,15.7],[98.5,15.6],[98.6,15.5],[98.6,15.4],[98.5,15.3],[98.5,15.4],[98.4,15.4],[98.4,15.3],[98.3,15.3],[98.2,15.2],[98.2,15.1],[98.2,15.0],[98.2,14.9],[98.2,14.8],[98.3,14.7],[98.4,14.6],[98.4,14.5],[98.5,14.5],[98.5,14.4],[98.6,14.3],[98.7,14.3],[98.7,14.2],[98.8,14.2],[98.9,14.1],[98.9,14.0],[99.0,14.0],[99.0,13.9],[99.1,13.9],[99.1,13.8],[99.1,13.7],[99.2,13.7],[99.1,13.7],[99.2,13.6],[99.2,13.4],[99.2,13.3],[99.2,13.2],[99.1,13.2],[99.1,13.1],[99.1,13.0],[99.2,13.0],[99.2,12.9],[99.2,12.8],[99.2,12.7],[99.3,12.7],[99.3,12.6],[99.4,12.6],[99.4,12.5],[99.4,12.4],[99.4,12.3],[99.5,12.3],[99.5,12.2],[99.4,12.1],[99.5,12.1],[99.5,12.0],[99.6,12.0],[99.6,11.9],[99.6,11.8],[99.6,11.7],[99.5,11.6],[99.4,11.6],[99.4,11.5],[99.4,11.4],[99.3,11.3],[99.3,11.2],[99.2,11.2],[99.2,11.1],[99.2,11.0],[99.1,11.0],[99.1,10.9],[99.0,10.9],[99.0,11.0],[99.0,10.9],[99.0,10.8],[98.9,10.8],[98.8,10.8],[98.8,10.7],[98.7,10.6],[98.8,10.6],[98.8,10.5],[98.8,10.4],[98.7,10.4],[98.7,10.3],[98.7,10.2],[98.6,10.2],[98.6,10.0],[98.5,10.0],[98.5,10.1],[98.5,10.2],[98.5,10.3],[98.5,10.4],[98.5,10.5],[98.5,10.6],[98.5,10.7],[98.6,10.7],[98.6,10.8],[98.6,10.9],[98.7,10.9],[98.7,11.0],[98.7,11.1],[98.7,11.2],[98.8,11.3],[98.7,11.3],[98.7,11.4],[98.7,11.5],[98.8,11.5],[98.7,11.5],[98.7,11.6],[98.7,11.7],[98.8,11.7],[98.9,11.7],[98.8,11.7],[98.8,11.8],[98.8,11.9],[98.8,11.8],[98.7,11.8],[98.7,11.7],[98.6,11.7],[98.6,11.8],[98.7,11.8],[98.7,11.9],[98.6,11.9],[98.5,11.9],[98.6,11.9],[98.7,11.9],[98.7,12.0],[98.7,12.1],[98.6,12.1],[98.6,12.2],[98.7,12.2],[98.6,12.2],[98.5,12.2],[98.5,12.3],[98.6,12.3],[98.7,12.3],[98.7,12.4],[98.6,12.4],[98.6,12.5],[98.7,12.5],[98.6,12.5],[98.6,12.6],[98.7,12.6],[98.7,12.7],[98.6,12.7],[98.7,12.7],[98.7,12.8],[98.6,12.8],[98.7,12.8],[98.6,12.9],[98.6,13.0],[98.6,13.1],[98.6,13.2],[98.5,13.2],[98.5,13.3],[98.5,13.4],[98.4,13.4],[98.4,13.5],[98.4,13.6],[98.3,13.6],[98.3,13.7],[98.2,13.7],[98.3,13.8],[98.2,13.8],[98.3,13.9],[98.2,13.9],[98.2,14.0],[98.2,14.1],[98.2,14.0],[98.2,13.9],[98.2,13.8],[98.2,13.7],[98.2,13.6],[98.2,13.5],[98.2,13.6],[98.1,13.6],[98.1,13.5],[98.1,13.6],[98.2,13.6],[98.1,13.6],[98.2,13.6],[98.2,13.7],[98.1,13.7],[98.1,13.8],[98.1,13.9],[98.1,14.0],[98.1,14.1],[98.1,14.2],[98.0,14.2],[98.0,14.3],[98.0,14.4],[98.0,14.5],[98.0,14.4],[98.0,14.5],[97.9,14.6],[97.9,14.7],[98.0,14.7],[98.0,14.6],[98.0,14.7],[98.0,14.8],[97.9,14.8],[97.9,14.7],[97.8,14.7],[97.8,14.9],[97.8,15.0],[97.8,15.1],[97.8,15.2],[97.7,15.3],[97.7,15.4],[97.8,15.4],[97.8,15.5],[97.7,15.6],[97.7,15.7],[97.7,15.8],[97.7,15.9],[97.6,15.9],[97.6,16.0],[97.6,16.1],[97.6,16.2],[97.6,16.3],[97.7,16.3],[97.6,16.3],[97.6,16.4],[97.6,16.5],[97.7,16.5],[97.7,16.6],[97.7,16.5],[97.6,16.5],[97.5,16.5],[97.4,16.5],[97.3,16.6],[97.3,16.7],[97.2,16.7],[97.2,16.8],[97.2,16.9],[97.2,16.8],[97.2,16.9],[97.2,17.0],[97.2,17.1],[97.3,17.1],[97.2,17.1],[97.1,17.1],[97.1,17.2],[97.1,17.3],[97.0,17.3],[96.9,17.4],[96.9,17.5],[96.9,17.4],[96.8,17.4],[96.9,17.4],[96.9,17.3],[96.9,17.2],[96.8,17.2],[96.9,17.2],[96.9,17.1],[96.9,17.0],[96.9,16.9],[96.8,16.9],[96.9,16.9],[96.8,16.9],[96.8,16.8],[96.8,16.7],[96.7,16.7],[96.7,16.6],[96.6,16.5],[96.5,16.5],[96.4,16.5],[96.3,16.6],[96.3,16.7],[96.2,16.7],[96.2,16.8],[96.3,16.8],[96.2,16.8],[96.2,16.7],[96.2,16.6],[96.3,16.5],[96.3,16.4],[96.2,16.3],[96.1,16.3],[96.1,16.4],[96.0,16.4],[96.1,16.3],[96.0,16.3],[96.0,16.2],[95.9,16.2],[96.0,16.3],[95.9,16.2],[95.8,16.2],[95.8,16.1],[95.7,16.2],[95.7,16.1],[95.7,16.0],[95.7,15.9],[95.5,15.8],[95.4,15.7],[95.3,15.7],[95.3,15.8],[95.3,15.9],[95.4,16.0],[95.4,16.1],[95.3,16.1],[95.4,16.1],[95.3,16.1],[95.3,16.0],[95.3,15.9],[95.2,15.9],[95.3,15.9],[95.3,16.0],[95.2,16.0],[95.2,15.9],[95.2,15.8],[95.1,15.8],[95.1,15.9],[95.1,16.0],[95.1,16.1],[95.2,16.1],[95.1,16.1],[95.1,16.0],[95.1,15.8],[95.0,15.8],[94.9,15.8],[94.8,15.8],[94.9,15.8],[94.9,15.9],[94.9,15.8],[94.8,15.9],[94.9,15.9],[94.8,15.9],[94.8,16.0],[94.9,16.0],[94.9,16.1],[94.9,16.2],[95.0,16.2],[95.0,16.3],[95.0,16.2],[94.9,16.2],[94.8,16.1],[94.9,16.1],[94.9,16.0],[94.8,16.0],[94.8,15.9],[94.7,15.9],[94.7,15.8],[94.7,15.9],[94.6,15.9],[94.7,16.0],[94.7,16.1],[94.8,16.1],[94.8,16.2],[94.8,16.1],[94.7,16.1],[94.7,16.0],[94.6,15.9],[94.6,16.0],[94.7,16.1],[94.7,16.2],[94.7,16.3],[94.7,16.4],[94.7,16.5],[94.7,16.4],[94.7,16.3],[94.6,16.3],[94.6,16.2],[94.6,16.3],[94.5,16.3],[94.5,16.2],[94.5,16.1],[94.4,16.1],[94.4,16.0],[94.3,16.0],[94.2,16.0],[94.2,16.2],[94.2,16.3],[94.2,16.4],[94.3,16.4],[94.3,16.5],[94.3,16.6],[94.4,16.6],[94.4,16.7],[94.4,16.8],[94.4,16.9],[94.5,16.9],[94.4,16.9],[94.5,17.0],[94.5,17.1],[94.5,17.2],[94.5,17.3],[94.6,17.3],[94.6,17.4],[94.6,17.5],[94.6,17.6],[94.6,17.5],[94.6,17.6],[94.6,17.7],[94.5,17.7],[94.5,17.8],[94.5,17.9],[94.4,18.0],[94.5,18.0],[94.5,18.1],[94.5,18.2],[94.4,18.2],[94.4,18.3],[94.4,18.2],[94.3,18.2],[94.3,18.3],[94.4,18.3],[94.4,18.4],[94.3,18.4],[94.3,18.5],[94.2,18.5],[94.3,18.5],[94.3,18.6],[94.2,18.6],[94.1,18.7],[94.2,18.7],[94.3,18.7],[94.3,18.8],[94.2,18.7],[94.2,18.8],[94.1,18.8],[94.1,18.9],[94.1,18.8],[94.0,18.9],[94.1,18.9],[94.0,19.0],[94.1,19.0],[94.1,19.1],[94.0,19.1],[94.0,19.2],[94.1,19.2],[94.0,19.3],[94.1,19.3],[94.1,19.4],[94.0,19.3],[94.0,19.2],[94.0,19.1],[93.9,19.2],[93.9,19.1],[94.0,19.1],[94.0,19.0],[94.0,18.9],[93.9,18.9],[93.8,18.9],[93.8,19.0],[93.7,19.0],[93.7,19.1],[93.6,19.1],[93.6,19.2],[93.5,19.3],[93.5,19.4],[93.6,19.4],[93.6,19.3],[93.7,19.3],[93.8,19.2],[93.9,19.3],[94.0,19.3],[93.9,19.3],[94.0,19.3],[94.0,19.4],[94.0,19.5],[93.9,19.5],[93.8,19.6],[93.7,19.6],[93.7,19.7],[93.8,19.7],[93.7,19.7],[93.7,19.8],[93.8,19.8],[93.7,19.8],[93.7,19.7],[93.6,19.7],[93.6,19.8],[93.6,19.7],[93.6,19.8],[93.7,19.9],[93.6,19.9],[93.5,19.9],[93.6,19.9],[93.5,19.9],[93.5,20.0],[93.4,20.0],[93.4,20.1],[93.4,20.0],[93.3,20.1],[93.3,20.0],[93.2,20.0],[93.2,20.1],[93.1,20.1],[93.2,20.0],[93.2,19.8],[93.2,19.9],[93.2,20.0],[93.1,20.0],[93.1,19.9],[93.1,19.8],[93.2,19.8],[93.1,19.8],[93.1,19.9],[93.1,20.0],[93.0,20.0],[93.0,20.1],[93.1,20.1],[93.1,20.2],[93.1,20.1],[93.1,20.2],[93.0,20.2],[93.0,20.1],[93.0,20.2],[93.0,20.3],[93.1,20.3],[93.1,20.4],[93.0,20.4],[93.1,20.5],[93.1,20.6],[93.1,20.5],[93.0,20.5],[93.0,20.4],[93.0,20.3],[92.9,20.2],[92.9,20.1],[92.8,20.1],[92.8,20.2],[92.8,20.3],[92.9,20.3],[92.9,20.4],[92.8,20.4],[92.8,20.5],[92.7,20.5],[92.7,20.6],[92.7,20.7],[92.6,20.7],[92.7,20.7],[92.7,20.6],[92.7,20.5],[92.7,20.4],[92.7,20.3],[92.7,20.4],[92.6,20.4],[92.5,20.5],[92.5,20.6],[92.5,20.7],[92.4,20.7],[92.4,20.8],[92.3,20.9],[92.3,21.0],[92.3,21.1],[92.2,21.1],[92.2,21.2],[92.2,21.3],[92.2,21.4],[92.3,21.4],[92.3,21.5],[92.4,21.5],[92.4,21.4],[92.5,21.4],[92.5,21.3],[92.6,21.3],[92.6,21.2],[92.6,21.3],[92.6,21.4],[92.6,21.5],[92.6,21.7],[92.6,21.9],[92.6,22.0]]],[[[98.3,11.8],[98.3,11.7],[98.3,11.6],[98.3,11.5],[98.2,11.5],[98.2,11.4],[98.2,11.5],[98.2,11.6],[98.2,11.7],[98.3,11.7],[98.3,11.8]]],[[[94.0,19.4],[93.9,19.3],[93.8,19.3],[93.7,19.3],[93.7,19.4],[93.7,19.5],[93.6,19.5],[93.7,19.5],[93.6,19.5],[93.7,19.6],[93.7,19.5],[93.8,19.5],[93.9,19.5],[94.0,19.4]]]]}},{"type":"Feature","properties":{"iso3":"BGD","name":"Bangladesh","ilo169":"not ratified","colonial":"none recorded","land_deal_ha":4282.9,"debt_pct_gni":22.3},"geometry":{"type":"MultiPolygon","coordinates":[[[[92.6,22.0],[92.6,21.9],[92.6,21.7],[92.6,21.5],[92.6,21.4],[92.6,21.3],[92.6,21.2],[92.6,21.3],[92.5,21.3],[92.5,21.4],[92.4,21.4],[92.4,21.5],[92.3,21.5],[92.3,21.4],[92.2,21.4],[92.2,21.3],[92.2,21.2],[92.2,21.1],[92.3,21.1],[92.3,21.0],[92.3,20.9],[92.3,20.8],[92.3,20.7],[92.3,20.8],[92.2,20.9],[92.2,21.0],[92.1,21.0],[92.1,21.1],[92.1,21.2],[92.0,21.2],[92.1,21.3],[92.0,21.3],[92.0,21.4],[91.9,21.5],[92.0,21.5],[92.0,21.6],[92.0,21.7],[92.0,21.6],[92.0,21.7],[91.9,21.7],[92.0,21.7],[92.0,21.8],[91.9,21.8],[91.9,21.9],[91.9,22.0],[91.9,22.1],[91.9,22.2],[91.9,22.1],[91.8,22.1],[91.8,22.2],[91.8,22.3],[91.9,22.3],[91.9,22.4],[91.9,22.3],[91.8,22.3],[91.8,22.2],[91.8,22.3],[91.8,22.4],[91.7,22.4],[91.7,22.5],[91.5,22.7],[91.5,22.8],[91.5,22.9],[91.5,22.8],[91.4,22.8],[91.3,22.8],[91.4,22.8],[91.4,22.7],[91.3,22.7],[91.2,22.7],[91.3,22.7],[91.3,22.6],[91.2,22.6],[91.2,22.5],[91.1,22.5],[91.1,22.6],[91.0,22.6],[91.0,22.7],[91.0,22.6],[90.9,22.6],[90.9,22.7],[90.8,22.7],[90.8,22.8],[90.8,22.9],[90.7,22.9],[90.6,23.0],[90.6,23.1],[90.6,23.2],[90.7,23.2],[90.7,23.3],[90.6,23.3],[90.6,23.4],[90.6,23.5],[90.7,23.5],[90.7,23.6],[90.7,23.5],[90.6,23.5],[90.6,23.6],[90.5,23.6],[90.5,23.5],[90.6,23.5],[90.6,23.4],[90.5,23.4],[90.3,23.4],[90.3,23.5],[90.2,23.5],[90.3,23.4],[90.4,23.4],[90.4,23.3],[90.5,23.3],[90.6,23.3],[90.6,23.2],[90.6,23.1],[90.5,23.1],[90.4,23.1],[90.5,23.0],[90.5,22.9],[90.4,22.8],[90.4,22.7],[90.4,22.8],[90.5,22.7],[90.5,22.6],[90.4,22.5],[90.5,22.5],[90.5,22.6],[90.6,22.6],[90.6,22.5],[90.6,22.4],[90.6,22.3],[90.6,22.2],[90.5,22.2],[90.5,22.1],[90.4,22.1],[90.4,22.2],[90.4,22.3],[90.4,22.2],[90.4,22.1],[90.3,22.1],[90.3,22.0],[90.3,21.9],[90.2,21.8],[90.1,21.8],[90.1,21.9],[90.1,21.8],[90.0,21.9],[90.0,22.0],[90.1,22.0],[90.1,22.1],[90.2,22.1],[90.2,22.2],[90.2,22.1],[90.1,22.1],[90.1,22.0],[90.0,22.0],[90.0,22.1],[90.1,22.1],[90.1,22.2],[90.0,22.1],[90.0,22.0],[89.9,22.0],[89.9,22.1],[89.9,22.2],[89.9,22.3],[90.0,22.4],[90.0,22.5],[89.9,22.4],[89.9,22.3],[89.8,22.3],[89.9,22.2],[89.9,22.1],[89.8,22.1],[89.8,22.0],[89.9,22.0],[89.8,22.0],[89.9,22.0],[89.9,21.9],[89.8,21.9],[89.8,21.8],[89.7,21.8],[89.7,21.9],[89.6,21.9],[89.6,21.8],[89.7,21.8],[89.6,21.8],[89.6,21.7],[89.5,21.8],[89.6,21.9],[89.6,22.0],[89.6,22.1],[89.6,22.2],[89.6,22.3],[89.6,22.2],[89.5,22.2],[89.6,22.2],[89.6,22.1],[89.6,22.0],[89.5,22.0],[89.5,22.1],[89.5,22.2],[89.5,22.3],[89.5,22.2],[89.5,22.1],[89.5,22.0],[89.5,21.9],[89.5,21.8],[89.4,21.7],[89.4,21.8],[89.4,21.9],[89.4,22.0],[89.3,22.0],[89.3,21.9],[89.4,21.9],[89.3,21.9],[89.3,21.8],[89.3,21.7],[89.2,21.6],[89.2,21.7],[89.2,21.8],[89.1,21.8],[89.1,21.9],[89.1,22.0],[89.1,22.1],[89.1,22.2],[89.0,22.3],[89.0,22.4],[89.0,22.5],[88.9,22.5],[89.0,22.6],[88.9,22.6],[88.9,22.7],[88.9,22.8],[88.9,22.9],[88.8,23.0],[88.9,23.1],[88.9,23.2],[89.0,23.2],[88.9,23.2],[88.8,23.2],[88.7,23.2],[88.7,23.3],[88.8,23.5],[88.7,23.5],[88.6,23.5],[88.6,23.6],[88.5,23.6],[88.6,23.7],[88.6,23.8],[88.6,23.9],[88.7,23.9],[88.7,24.0],[88.7,24.1],[88.7,24.2],[88.7,24.3],[88.6,24.3],[88.5,24.3],[88.4,24.4],[88.1,24.5],[88.1,24.6],[88.0,24.6],[88.0,24.7],[88.1,24.8],[88.1,24.9],[88.2,24.9],[88.3,24.9],[88.4,24.9],[88.4,25.0],[88.4,25.1],[88.4,25.2],[88.5,25.2],[88.6,25.2],[88.7,25.2],[88.8,25.2],[88.9,25.2],[89.0,25.3],[88.9,25.3],[88.8,25.3],[88.8,25.4],[88.8,25.5],[88.7,25.5],[88.6,25.5],[88.5,25.5],[88.5,25.6],[88.4,25.6],[88.4,25.7],[88.3,25.7],[88.3,25.8],[88.2,25.8],[88.1,25.8],[88.1,25.9],[88.1,26.0],[88.2,26.0],[88.2,26.1],[88.1,26.1],[88.2,26.1],[88.2,26.2],[88.3,26.2],[88.3,26.3],[88.4,26.3],[88.4,26.4],[88.5,26.4],[88.5,26.5],[88.4,26.5],[88.3,26.5],[88.3,26.4],[88.3,26.5],[88.4,26.6],[88.4,26.5],[88.5,26.5],[88.6,26.5],[88.6,26.4],[88.7,26.4],[88.6,26.4],[88.7,26.4],[88.7,26.3],[88.6,26.3],[88.7,26.3],[88.8,26.3],[88.8,26.2],[88.9,26.3],[88.9,26.2],[89.0,26.2],[89.0,26.3],[88.9,26.3],[88.9,26.4],[89.0,26.4],[89.1,26.4],[89.1,26.3],[89.1,26.2],[89.1,26.1],[89.2,26.1],[89.3,26.0],[89.4,26.0],[89.5,26.0],[89.6,26.0],[89.6,26.1],[89.6,26.2],[89.7,26.2],[89.7,26.1],[89.8,26.1],[89.7,26.1],[89.8,26.0],[89.8,25.9],[89.8,25.8],[89.8,25.7],[89.8,25.6],[89.8,25.5],[89.8,25.4],[89.8,25.3],[89.9,25.3],[90.1,25.2],[90.3,25.2],[90.4,25.1],[90.5,25.2],[90.6,25.2],[90.7,25.2],[90.8,25.2],[90.8,25.1],[90.9,25.2],[91.0,25.2],[91.1,25.2],[91.2,25.2],[91.3,25.2],[91.4,25.1],[91.5,25.1],[91.5,25.2],[91.6,25.2],[91.6,25.1],[91.7,25.1],[91.7,25.2],[91.7,25.1],[91.7,25.2],[91.8,25.2],[91.9,25.2],[92.0,25.2],[92.1,25.2],[92.1,25.1],[92.2,25.1],[92.3,25.1],[92.3,25.0],[92.4,25.0],[92.5,25.0],[92.5,24.9],[92.4,24.9],[92.5,24.9],[92.4,24.9],[92.4,24.8],[92.4,24.9],[92.3,24.9],[92.2,24.9],[92.2,24.8],[92.2,24.6],[92.2,24.5],[92.1,24.5],[92.1,24.4],[92.0,24.4],[91.9,24.4],[92.0,24.3],[91.9,24.3],[91.9,24.2],[91.8,24.2],[91.7,24.2],[91.7,24.1],[91.7,24.2],[91.6,24.2],[91.6,24.1],[91.5,24.1],[91.4,24.1],[91.3,24.0],[91.2,23.9],[91.2,23.8],[91.2,23.7],[91.1,23.7],[91.2,23.7],[91.1,23.7],[91.1,23.6],[91.2,23.6],[91.2,23.5],[91.2,23.4],[91.3,23.4],[91.3,23.3],[91.3,23.1],[91.4,23.1],[91.4,23.2],[91.4,23.3],[91.4,23.2],[91.5,23.2],[91.5,23.1],[91.5,23.0],[91.6,23.0],[91.6,22.9],[91.6,23.0],[91.7,23.0],[91.8,23.0],[91.8,23.1],[91.8,23.2],[91.7,23.2],[91.7,23.3],[91.8,23.3],[91.8,23.4],[91.9,23.4],[91.9,23.5],[91.9,23.7],[92.0,23.7],[92.0,23.6],[92.1,23.7],[92.2,23.7],[92.2,23.6],[92.2,23.7],[92.3,23.7],[92.3,23.6],[92.3,23.5],[92.3,23.4],[92.3,23.3],[92.4,23.3],[92.3,23.2],[92.4,23.0],[92.4,22.9],[92.4,22.8],[92.5,22.7],[92.5,22.6],[92.5,22.5],[92.6,22.2],[92.6,22.1],[92.5,22.1],[92.6,22.1],[92.6,22.0]]],[[[90.8,22.5],[90.9,22.4],[90.8,22.3],[90.8,22.2],[90.8,22.1],[90.7,22.1],[90.7,22.0],[90.6,22.0],[90.7,22.0],[90.7,22.1],[90.6,22.0],[90.6,22.1],[90.6,22.2],[90.7,22.3],[90.7,22.4],[90.7,22.5],[90.6,22.5],[90.6,22.6],[90.6,22.7],[90.6,22.8],[90.7,22.8],[90.7,22.7],[90.7,22.6],[90.8,22.5]]]]}},{"type":"Feature","properties":{"iso3":"AND","name":"Andorra","ilo169":"not ratified","colonial":"none recorded"},"geometry":{"type":"Polygon","coordinates":[[[1.7,42.5],[1.6,42.5],[1.5,42.5],[1.5,42.4],[1.4,42.4],[1.4,42.5],[1.4,42.6],[1.5,42.6],[1.6,42.6],[1.7,42.6],[1.8,42.6],[1.7,42.6],[1.7,42.5]]]}},{"type":"Feature","properties":{"iso3":"AFG","name":"Afghanistan","ilo169":"not ratified","colonial":"none recorded","conquests_suffered":1},"geometry":{"type":"Polygon","coordinates":[[[74.5,37.0],[74.4,37.0],[74.3,36.9],[74.2,36.9],[74.1,36.9],[74.1,36.8],[74.0,36.8],[73.9,36.8],[73.9,36.9],[73.8,36.9],[73.7,36.9],[73.6,36.9],[73.5,36.9],[73.4,36.9],[73.3,36.9],[73.2,36.9],[73.0,36.9],[73.0,36.8],[72.9,36.9],[72.9,36.8],[72.8,36.8],[72.7,36.8],[72.6,36.8],[72.5,36.8],[72.4,36.8],[72.3,36.7],[72.2,36.7],[72.1,36.7],[72.2,36.7],[72.2,36.6],[72.1,36.6],[72.0,36.6],[72.0,36.5],[71.9,36.5],[71.8,36.5],[71.8,36.4],[71.7,36.4],[71.6,36.5],[71.6,36.4],[71.5,36.4],[71.6,36.3],[71.5,36.3],[71.4,36.2],[71.3,36.2],[71.3,36.1],[71.2,36.1],[71.2,36.0],[71.3,36.0],[71.3,35.9],[71.4,35.9],[71.4,35.8],[71.5,35.8],[71.5,35.7],[71.5,35.6],[71.6,35.6],[71.6,35.5],[71.6,35.4],[71.5,35.3],[71.6,35.2],[71.6,35.1],[71.5,35.1],[71.5,35.0],[71.5,34.9],[71.4,34.9],[71.3,34.9],[71.3,34.8],[71.2,34.7],[71.1,34.7],[71.1,34.6],[71.0,34.6],[71.0,34.5],[71.0,34.4],[71.1,34.4],[71.1,34.3],[71.1,34.2],[71.1,34.1],[71.0,34.0],[70.9,34.0],[70.8,34.0],[70.7,34.0],[70.5,33.9],[70.4,34.0],[70.3,34.0],[70.2,34.0],[70.0,34.0],[69.9,34.0],[69.8,33.9],[69.9,33.9],[69.9,33.8],[70.0,33.8],[70.0,33.7],[70.1,33.7],[70.1,33.6],[70.2,33.6],[70.2,33.5],[70.2,33.4],[70.3,33.4],[70.3,33.3],[70.1,33.2],[70.0,33.2],[70.0,33.1],[69.9,33.1],[69.8,33.1],[69.7,33.1],[69.6,33.1],[69.5,33.1],[69.5,33.0],[69.5,32.9],[69.4,32.8],[69.4,32.7],[69.4,32.6],[69.3,32.6],[69.3,32.5],[69.2,32.5],[69.2,32.4],[69.3,32.3],[69.3,32.2],[69.3,32.1],[69.3,32.0],[69.3,31.9],[69.2,31.9],[69.1,31.7],[69.0,31.7],[69.0,31.6],[68.9,31.6],[68.8,31.6],[68.7,31.7],[68.7,31.8],[68.6,31.8],[68.5,31.8],[68.4,31.8],[68.5,31.8],[68.5,31.7],[68.4,31.8],[68.3,31.8],[68.2,31.8],[68.1,31.8],[68.1,31.7],[68.0,31.7],[68.0,31.6],[67.9,31.6],[67.8,31.6],[67.7,31.5],[67.6,31.5],[67.6,31.4],[67.7,31.4],[67.8,31.4],[67.8,31.3],[67.7,31.3],[67.6,31.3],[67.5,31.3],[67.5,31.2],[67.4,31.2],[67.3,31.2],[67.2,31.2],[67.1,31.2],[67.0,31.2],[67.0,31.3],[66.9,31.3],[66.8,31.3],[66.8,31.2],[66.7,31.2],[66.7,31.1],[66.6,31.1],[66.6,31.0],[66.5,31.0],[66.4,30.9],[66.3,30.6],[66.3,30.5],[66.3,30.4],[66.3,30.3],[66.3,30.2],[66.2,30.1],[66.2,30.0],[66.3,30.0],[66.3,29.9],[66.2,29.8],[66.1,29.8],[66.0,29.8],[65.9,29.8],[65.8,29.7],[65.7,29.7],[65.6,29.7],[65.5,29.7],[65.4,29.6],[65.3,29.6],[65.2,29.6],[65.0,29.5],[64.8,29.6],[64.7,29.6],[64.5,29.6],[64.2,29.5],[64.1,29.5],[64.1,29.4],[64.0,29.4],[63.8,29.5],[63.6,29.5],[63.4,29.5],[63.3,29.5],[63.2,29.5],[63.1,29.5],[63.0,29.5],[63.0,29.4],[62.9,29.4],[62.8,29.4],[62.7,29.4],[62.6,29.4],[62.5,29.4],[62.4,29.4],[62.3,29.5],[62.2,29.5],[62.1,29.5],[62.0,29.5],[61.9,29.5],[61.9,29.6],[61.8,29.6],[61.7,29.6],[61.6,29.6],[61.5,29.7],[61.4,29.7],[61.3,29.7],[61.2,29.8],[61.1,29.8],[61.0,29.8],[60.9,29.8],[60.8,29.9],[60.9,29.9],[61.0,30.0],[61.1,30.2],[61.2,30.2],[61.3,30.3],[61.4,30.4],[61.5,30.5],[61.6,30.6],[61.7,30.7],[61.8,30.8],[61.8,30.9],[61.8,31.0],[61.8,31.1],[61.8,31.2],[61.7,31.2],[61.7,31.3],[61.7,31.4],[61.6,31.4],[61.5,31.4],[61.3,31.4],[61.1,31.4],[61.0,31.5],[60.9,31.5],[60.8,31.5],[60.8,31.6],[60.8,31.7],[60.8,31.8],[60.8,31.9],[60.8,32.0],[60.8,32.1],[60.8,32.2],[60.8,32.4],[60.8,32.5],[60.7,32.6],[60.7,32.7],[60.6,32.8],[60.6,32.9],[60.6,33.0],[60.6,33.1],[60.6,33.2],[60.7,33.3],[60.8,33.4],[60.8,33.5],[60.9,33.5],[60.8,33.6],[60.7,33.6],[60.6,33.6],[60.5,33.6],[60.5,33.7],[60.5,33.8],[60.5,34.0],[60.5,34.1],[60.5,34.2],[60.6,34.2],[60.6,34.3],[60.7,34.3],[60.6,34.3],[60.7,34.3],[60.8,34.3],[60.9,34.3],[60.8,34.4],[60.8,34.5],[60.7,34.5],[60.8,34.6],[60.9,34.6],[61.0,34.6],[61.0,34.7],[61.0,34.8],[61.1,34.8],[61.1,34.9],[61.1,35.0],[61.1,35.1],[61.1,35.2],[61.1,35.3],[61.2,35.3],[61.2,35.4],[61.2,35.5],[61.3,35.5],[61.3,35.6],[61.4,35.6],[61.4,35.5],[61.5,35.5],[61.6,35.4],[61.7,35.4],[61.8,35.4],[61.9,35.5],[62.0,35.5],[62.0,35.4],[62.1,35.3],[62.2,35.3],[62.3,35.3],[62.3,35.2],[62.3,35.1],[62.4,35.3],[62.5,35.3],[62.5,35.2],[62.6,35.2],[62.7,35.2],[62.7,35.3],[62.8,35.3],[62.9,35.4],[63.0,35.4],[63.1,35.4],[63.1,35.5],[63.1,35.6],[63.2,35.7],[63.1,35.8],[63.1,35.9],[63.3,35.9],[63.4,35.9],[63.5,35.9],[63.6,36.0],[63.7,36.0],[63.8,36.0],[63.9,36.0],[64.0,36.0],[64.0,36.1],[64.1,36.1],[64.2,36.2],[64.3,36.2],[64.4,36.2],[64.5,36.3],[64.6,36.4],[64.6,36.5],[64.6,36.6],[64.6,36.7],[64.7,36.9],[64.8,36.9],[64.8,37.0],[64.8,37.1],[65.0,37.2],[65.1,37.2],[65.5,37.2],[65.5,37.3],[65.6,37.3],[65.6,37.4],[65.6,37.5],[65.7,37.5],[65.8,37.5],[65.8,37.6],[65.8,37.5],[65.9,37.5],[66.1,37.4],[66.2,37.4],[66.3,37.4],[66.3,37.3],[66.4,37.3],[66.5,37.3],[66.5,37.4],[66.6,37.4],[66.7,37.3],[66.7,37.4],[66.9,37.4],[67.0,37.4],[67.1,37.4],[67.1,37.3],[67.2,37.3],[67.2,37.2],[67.3,37.2],[67.4,37.2],[67.5,37.3],[67.5,37.2],[67.6,37.2],[67.6,37.3],[67.7,37.2],[67.8,37.2],[67.8,37.1],[67.9,37.1],[67.9,37.0],[68.0,37.0],[68.0,36.9],[68.1,36.9],[68.1,37.0],[68.2,37.0],[68.3,37.0],[68.3,37.1],[68.4,37.1],[68.4,37.2],[68.5,37.2],[68.6,37.2],[68.7,37.2],[68.7,37.3],[68.8,37.3],[68.9,37.3],[69.0,37.3],[69.1,37.2],[69.2,37.2],[69.2,37.1],[69.3,37.1],[69.4,37.1],[69.4,37.2],[69.4,37.3],[69.4,37.4],[69.4,37.5],[69.5,37.5],[69.5,37.6],[69.7,37.6],[69.8,37.6],[69.9,37.6],[70.0,37.6],[70.0,37.5],[70.1,37.5],[70.2,37.5],[70.2,37.6],[70.3,37.6],[70.3,37.7],[70.3,37.8],[70.2,37.8],[70.2,37.9],[70.3,37.9],[70.3,38.0],[70.4,38.1],[70.5,38.1],[70.5,38.2],[70.5,38.3],[70.6,38.3],[70.6,38.4],[70.7,38.4],[70.8,38.4],[70.9,38.4],[70.9,38.5],[70.9,38.4],[70.9,38.5],[71.0,38.5],[71.0,38.4],[71.1,38.4],[71.2,38.4],[71.2,38.3],[71.3,38.3],[71.4,38.3],[71.4,38.2],[71.3,38.1],[71.3,38.0],[71.3,37.9],[71.4,37.9],[71.5,37.9],[71.6,37.9],[71.6,37.8],[71.5,37.8],[71.5,37.7],[71.5,37.6],[71.5,37.5],[71.5,37.4],[71.5,37.3],[71.5,37.2],[71.4,37.2],[71.4,37.1],[71.4,37.0],[71.5,37.0],[71.5,36.9],[71.5,36.8],[71.6,36.8],[71.6,36.7],[71.7,36.7],[71.8,36.7],[72.1,36.9],[72.2,36.9],[72.3,37.0],[72.4,37.0],[72.5,37.0],[72.7,37.0],[72.7,37.1],[72.8,37.2],[72.9,37.2],[72.9,37.3],[73.0,37.3],[73.1,37.3],[73.1,37.4],[73.2,37.4],[73.3,37.5],[73.4,37.5],[73.5,37.5],[73.6,37.4],[73.7,37.4],[73.8,37.4],[73.7,37.4],[73.7,37.3],[73.6,37.3],[73.6,37.2],[73.7,37.2],[73.8,37.2],[73.8,37.3],[73.9,37.3],[74.0,37.3],[74.1,37.3],[74.2,37.3],[74.2,37.4],[74.3,37.4],[74.4,37.4],[74.5,37.4],[74.6,37.4],[74.7,37.4],[74.8,37.3],[74.9,37.2],[74.8,37.2],[74.7,37.3],[74.6,37.3],[74.6,37.2],[74.5,37.2],[74.4,37.2],[74.4,37.1],[74.5,37.1],[74.5,37.0]]]}},{"type":"Feature","properties":{"iso3":"MNE","name":"Montenegro","ilo169":"not ratified","colonial":"none recorded","debt_pct_gni":108.6},"geometry":{"type":"Polygon","coordinates":[[[18.5,42.4],[18.5,42.5],[18.4,42.5],[18.4,42.6],[18.5,42.6],[18.6,42.7],[18.5,42.7],[18.5,42.8],[18.4,42.8],[18.5,42.8],[18.5,42.9],[18.4,42.9],[18.4,43.0],[18.5,43.0],[18.6,43.0],[18.6,43.1],[18.6,43.2],[18.7,43.2],[18.8,43.3],[18.9,43.4],[18.9,43.3],[19.0,43.3],[19.1,43.3],[19.0,43.4],[18.9,43.4],[19.0,43.5],[18.9,43.5],[19.0,43.5],[19.1,43.5],[19.2,43.5],[19.2,43.4],[19.4,43.4],[19.4,43.3],[19.5,43.3],[19.5,43.2],[19.6,43.2],[19.7,43.2],[19.7,43.1],[19.8,43.1],[19.9,43.1],[20.0,43.1],[20.0,43.0],[20.1,43.0],[20.2,43.0],[20.3,42.9],[20.4,42.9],[20.3,42.8],[20.2,42.8],[20.2,42.7],[20.1,42.7],[20.1,42.8],[20.0,42.8],[20.0,42.7],[20.1,42.7],[20.1,42.6],[20.1,42.5],[20.0,42.6],[20.0,42.5],[19.9,42.5],[19.8,42.5],[19.7,42.5],[19.7,42.6],[19.7,42.7],[19.7,42.6],[19.6,42.6],[19.6,42.5],[19.5,42.5],[19.5,42.4],[19.4,42.4],[19.4,42.3],[19.3,42.2],[19.4,42.1],[19.4,42.0],[19.3,42.0],[19.4,41.9],[19.3,41.9],[19.4,41.9],[19.3,41.9],[19.2,41.9],[19.2,42.0],[19.1,42.0],[19.1,42.1],[19.0,42.1],[19.0,42.2],[18.9,42.2],[18.9,42.3],[18.8,42.3],[18.7,42.3],[18.7,42.4],[18.6,42.4],[18.5,42.4],[18.6,42.4],[18.7,42.4],[18.7,42.5],[18.6,42.4],[18.5,42.5],[18.5,42.4]]]}},{"type":"Feature","properties":{"iso3":"BIH","name":"Bosnia and Herzegovina","ilo169":"not ratified","colonial":"none recorded","land_deal_ha":5470.2,"debt_pct_gni":49.2},"geometry":{"type":"Polygon","coordinates":[[[17.7,42.9],[17.6,42.9],[17.6,43.0],[17.7,43.0],[17.6,43.0],[17.6,43.1],[17.5,43.1],[17.4,43.2],[17.3,43.3],[17.3,43.4],[17.3,43.5],[17.2,43.5],[17.1,43.5],[17.0,43.5],[17.0,43.6],[16.8,43.7],[16.7,43.8],[16.6,43.9],[16.5,44.0],[16.4,44.0],[16.4,44.1],[16.3,44.1],[16.3,44.2],[16.2,44.2],[16.2,44.3],[16.2,44.4],[16.1,44.4],[16.2,44.4],[16.1,44.5],[16.0,44.5],[16.0,44.6],[16.0,44.7],[15.9,44.7],[15.8,44.7],[15.7,44.8],[15.8,44.8],[15.8,44.9],[15.7,44.9],[15.8,45.0],[15.8,45.1],[15.8,45.2],[15.9,45.2],[16.0,45.2],[16.1,45.2],[16.1,45.1],[16.2,45.0],[16.3,45.0],[16.4,45.0],[16.4,45.1],[16.5,45.2],[16.6,45.2],[16.8,45.2],[16.9,45.2],[16.9,45.3],[16.9,45.2],[17.0,45.2],[17.0,45.3],[17.0,45.2],[17.1,45.2],[17.2,45.1],[17.2,45.2],[17.3,45.2],[17.4,45.2],[17.4,45.1],[17.4,45.2],[17.5,45.2],[17.5,45.1],[17.4,45.1],[17.5,45.1],[17.6,45.1],[17.6,45.2],[17.7,45.2],[17.7,45.1],[17.8,45.1],[17.9,45.1],[18.0,45.1],[18.1,45.1],[18.2,45.1],[18.2,45.2],[18.3,45.2],[18.3,45.1],[18.4,45.1],[18.5,45.1],[18.6,45.1],[18.7,45.1],[18.7,45.0],[18.8,45.0],[18.8,44.9],[18.9,44.9],[19.0,44.9],[19.1,44.9],[19.2,44.9],[19.3,44.9],[19.4,44.9],[19.3,44.7],[19.3,44.6],[19.2,44.6],[19.2,44.5],[19.1,44.5],[19.1,44.4],[19.1,44.3],[19.2,44.3],[19.3,44.3],[19.3,44.2],[19.4,44.2],[19.4,44.1],[19.5,44.2],[19.5,44.1],[19.6,44.1],[19.6,44.0],[19.5,44.0],[19.4,44.0],[19.3,44.0],[19.2,44.0],[19.3,43.9],[19.4,43.8],[19.5,43.8],[19.5,43.7],[19.5,43.6],[19.4,43.6],[19.4,43.5],[19.4,43.6],[19.3,43.6],[19.2,43.6],[19.2,43.5],[19.1,43.5],[19.0,43.5],[18.9,43.5],[19.0,43.5],[18.9,43.4],[19.0,43.4],[19.1,43.3],[19.0,43.3],[18.9,43.3],[18.9,43.4],[18.8,43.3],[18.7,43.2],[18.6,43.2],[18.6,43.1],[18.6,43.0],[18.5,43.0],[18.4,43.0],[18.4,42.9],[18.5,42.9],[18.5,42.8],[18.4,42.8],[18.5,42.8],[18.5,42.7],[18.6,42.7],[18.5,42.6],[18.4,42.6],[18.3,42.6],[18.2,42.6],[18.0,42.7],[18.0,42.8],[17.9,42.8],[17.8,42.9],[17.7,42.9]]]}},{"type":"Feature","properties":{"iso3":"UGA","name":"Uganda","ilo169":"not ratified","colonial":"none recorded","land_deal_ha":88796.2,"debt_pct_gni":39.2},"geometry":{"type":"Polygon","coordinates":[[[30.5,-1.1],[30.4,-1.1],[30.3,-1.1],[30.3,-1.2],[30.2,-1.3],[30.1,-1.3],[30.1,-1.4],[30.0,-1.4],[30.0,-1.5],[29.9,-1.5],[29.9,-1.4],[29.8,-1.3],[29.8,-1.4],[29.7,-1.4],[29.7,-1.3],[29.7,-1.4],[29.6,-1.4],[29.6,-1.3],[29.6,-1.2],[29.6,-1.1],[29.6,-1.0],[29.5,-1.0],[29.6,-1.0],[29.6,-0.9],[29.6,-0.8],[29.6,-0.7],[29.6,-0.6],[29.7,-0.6],[29.6,-0.5],[29.6,-0.4],[29.7,-0.3],[29.7,-0.2],[29.7,-0.1],[29.7,-0.0],[29.7,0.1],[29.8,0.2],[29.8,0.3],[29.8,0.4],[29.9,0.4],[29.9,0.5],[29.9,0.6],[29.9,0.7],[29.9,0.8],[30.0,0.8],[30.0,0.9],[30.1,0.9],[30.2,0.9],[30.2,1.0],[30.2,1.1],[30.3,1.2],[30.4,1.2],[30.5,1.2],[30.6,1.3],[30.6,1.4],[30.7,1.5],[30.8,1.6],[31.0,1.7],[31.0,1.8],[31.1,1.9],[31.2,2.0],[31.2,2.1],[31.3,2.1],[31.3,2.2],[31.2,2.2],[31.2,2.3],[31.1,2.3],[31.0,2.3],[31.0,2.4],[30.9,2.4],[30.9,2.3],[30.8,2.4],[30.7,2.4],[30.7,2.5],[30.7,2.6],[30.8,2.6],[30.8,2.7],[30.8,2.8],[30.9,2.9],[30.8,2.9],[30.8,3.0],[30.7,3.0],[30.7,3.1],[30.8,3.1],[30.8,3.2],[30.8,3.3],[30.9,3.3],[30.9,3.4],[30.9,3.5],[30.8,3.5],[30.9,3.5],[30.9,3.6],[30.9,3.7],[31.0,3.7],[31.1,3.7],[31.1,3.8],[31.2,3.8],[31.3,3.8],[31.4,3.7],[31.5,3.7],[31.6,3.7],[31.7,3.7],[31.8,3.8],[31.9,3.7],[31.9,3.6],[32.0,3.6],[32.1,3.6],[32.1,3.5],[32.2,3.5],[32.2,3.6],[32.4,3.7],[32.6,3.8],[32.8,3.8],[32.9,3.8],[33.0,3.9],[33.1,3.8],[33.2,3.8],[33.3,3.8],[33.4,3.7],[33.5,3.7],[33.5,3.8],[33.6,3.8],[33.7,3.9],[33.8,4.1],[33.9,4.1],[34.0,4.2],[34.0,4.1],[34.1,4.1],[34.1,4.0],[34.1,3.9],[34.2,3.9],[34.2,3.8],[34.1,3.8],[34.2,3.8],[34.3,3.8],[34.3,3.7],[34.4,3.7],[34.4,3.6],[34.4,3.5],[34.4,3.4],[34.4,3.3],[34.4,3.2],[34.5,3.1],[34.6,2.9],[34.7,2.9],[34.7,2.8],[34.8,2.8],[34.8,2.7],[34.8,2.6],[34.9,2.6],[34.9,2.5],[34.9,2.4],[34.9,2.3],[34.9,2.2],[35.0,2.1],[35.0,2.0],[35.0,1.9],[35.0,1.7],[34.9,1.6],[34.9,1.5],[34.8,1.4],[34.8,1.3],[34.8,1.2],[34.7,1.2],[34.6,1.2],[34.6,1.1],[34.5,1.1],[34.5,1.0],[34.4,0.9],[34.4,0.8],[34.3,0.8],[34.3,0.7],[34.2,0.6],[34.1,0.6],[34.1,0.5],[34.1,0.4],[34.1,0.3],[34.0,0.3],[34.0,0.2],[33.9,0.1],[33.9,-0.0],[34.0,-0.1],[34.0,-0.2],[33.9,-0.3],[33.9,-0.5],[33.9,-0.7],[33.9,-0.8],[33.9,-1.0],[33.8,-1.0],[33.6,-1.0],[33.5,-1.0],[33.4,-1.0],[33.3,-1.0],[33.1,-1.0],[32.9,-1.0],[32.8,-1.0],[32.7,-1.0],[32.5,-1.0],[32.4,-1.0],[32.2,-1.0],[32.0,-1.0],[31.8,-1.0],[31.6,-1.0],[31.4,-1.0],[31.3,-1.0],[31.1,-1.0],[30.9,-1.0],[30.8,-1.0],[30.7,-1.0],[30.7,-1.1],[30.6,-1.1],[30.5,-1.1]]]}},{"type":"Feature","properties":{"iso3":"PRT","name":"Portugal","ilo169":"not ratified","colonial":"none recorded","conquests_made":2,"conquests_suffered":4},"geometry":{"type":"MultiPolygon","coordinates":[[[[-7.1,38.8],[-7.2,38.8],[-7.3,38.7],[-7.3,38.6],[-7.3,38.5],[-7.4,38.4],[-7.3,38.4],[-7.2,38.3],[-7.1,38.2],[-7.0,38.2],[-6.9,38.2],[-7.0,38.2],[-7.0,38.1],[-7.0,38.0],[-7.1,38.0],[-7.2,38.0],[-7.3,38.0],[-7.3,37.9],[-7.3,37.8],[-7.4,37.8],[-7.4,37.7],[-7.5,37.7],[-7.5,37.6],[-7.5,37.5],[-7.5,37.4],[-7.4,37.4],[-7.4,37.3],[-7.4,37.2],[-7.5,37.2],[-7.6,37.1],[-7.8,37.0],[-7.9,37.0],[-8.0,37.0],[-8.1,37.1],[-8.2,37.1],[-8.3,37.1],[-8.4,37.1],[-8.5,37.1],[-8.6,37.1],[-8.7,37.1],[-8.8,37.1],[-8.9,37.0],[-9.0,37.0],[-9.0,37.1],[-8.9,37.1],[-8.9,37.2],[-8.9,37.3],[-8.8,37.4],[-8.8,37.5],[-8.8,37.6],[-8.8,37.7],[-8.8,37.8],[-8.8,37.9],[-8.9,37.9],[-8.9,38.0],[-8.8,38.1],[-8.8,38.2],[-8.8,38.3],[-8.8,38.4],[-8.9,38.4],[-8.9,38.5],[-8.8,38.4],[-8.7,38.4],[-8.6,38.4],[-8.7,38.4],[-8.7,38.5],[-8.8,38.5],[-8.7,38.5],[-8.8,38.5],[-8.8,38.6],[-8.8,38.5],[-8.9,38.5],[-9.0,38.5],[-9.0,38.4],[-9.1,38.4],[-9.2,38.4],[-9.2,38.5],[-9.2,38.6],[-9.3,38.7],[-9.2,38.7],[-9.1,38.7],[-9.0,38.7],[-9.0,38.8],[-8.9,38.8],[-9.0,38.8],[-9.0,38.9],[-9.0,38.8],[-9.0,38.9],[-9.0,39.0],[-8.9,39.0],[-8.8,39.0],[-8.8,39.1],[-8.9,39.0],[-9.0,39.0],[-9.1,38.9],[-9.1,38.8],[-9.1,38.7],[-9.2,38.7],[-9.3,38.7],[-9.4,38.7],[-9.5,38.7],[-9.5,38.8],[-9.5,38.9],[-9.4,38.9],[-9.4,39.0],[-9.4,39.1],[-9.4,39.2],[-9.3,39.2],[-9.3,39.3],[-9.4,39.3],[-9.4,39.4],[-9.3,39.4],[-9.2,39.4],[-9.2,39.5],[-9.1,39.5],[-9.1,39.6],[-9.1,39.7],[-9.0,39.8],[-8.9,40.1],[-8.8,40.1],[-8.8,40.2],[-8.9,40.2],[-8.9,40.3],[-8.8,40.5],[-8.8,40.6],[-8.7,40.6],[-8.7,40.7],[-8.7,40.6],[-8.7,40.7],[-8.6,40.7],[-8.7,40.7],[-8.6,40.7],[-8.6,40.8],[-8.6,40.7],[-8.7,40.7],[-8.7,40.8],[-8.6,40.8],[-8.7,40.8],[-8.7,40.7],[-8.8,40.7],[-8.7,41.0],[-8.7,41.1],[-8.6,41.1],[-8.6,41.2],[-8.7,41.2],[-8.7,41.3],[-8.8,41.3],[-8.8,41.4],[-8.8,41.5],[-8.8,41.6],[-8.8,41.7],[-8.7,41.7],[-8.8,41.7],[-8.9,41.7],[-8.9,41.8],[-8.9,41.9],[-8.8,41.9],[-8.8,42.0],[-8.7,42.0],[-8.6,42.0],[-8.6,42.1],[-8.5,42.1],[-8.3,42.1],[-8.2,42.2],[-8.2,42.1],[-8.1,42.1],[-8.1,42.0],[-8.2,42.0],[-8.2,41.9],[-8.2,41.8],[-8.1,41.8],[-8.0,41.8],[-8.0,41.9],[-7.9,41.9],[-7.8,41.9],[-7.7,41.9],[-7.6,41.9],[-7.6,41.8],[-7.5,41.8],[-7.5,41.9],[-7.5,41.8],[-7.4,41.8],[-7.3,41.8],[-7.3,41.9],[-7.2,41.9],[-7.2,42.0],[-7.1,42.0],[-7.1,41.9],[-7.0,42.0],[-6.9,41.9],[-6.8,42.0],[-6.8,41.9],[-6.7,41.9],[-6.6,41.9],[-6.6,42.0],[-6.6,41.9],[-6.5,41.9],[-6.5,41.8],[-6.6,41.8],[-6.6,41.7],[-6.5,41.7],[-6.4,41.7],[-6.3,41.7],[-6.3,41.6],[-6.2,41.6],[-6.3,41.5],[-6.3,41.4],[-6.4,41.4],[-6.4,41.3],[-6.5,41.3],[-6.6,41.3],[-6.7,41.3],[-6.7,41.2],[-6.8,41.2],[-6.8,41.1],[-6.9,41.1],[-6.9,41.0],[-6.9,40.9],[-6.8,40.9],[-6.8,40.8],[-6.8,40.7],[-6.8,40.6],[-6.9,40.6],[-6.8,40.6],[-6.8,40.5],[-6.9,40.4],[-6.8,40.4],[-6.8,40.3],[-6.9,40.3],[-7.0,40.3],[-7.0,40.2],[-7.0,40.1],[-6.9,40.1],[-6.9,40.0],[-6.9,39.9],[-7.0,39.8],[-7.0,39.7],[-7.2,39.7],[-7.3,39.7],[-7.6,39.7],[-7.5,39.7],[-7.5,39.6],[-7.5,39.5],[-7.4,39.5],[-7.3,39.5],[-7.3,39.4],[-7.3,39.3],[-7.3,39.2],[-7.2,39.2],[-7.2,39.1],[-7.1,39.1],[-7.0,39.1],[-7.0,39.0],[-7.0,38.9],[-7.1,38.9],[-7.1,38.8]]],[[[-16.8,32.7],[-16.8,32.6],[-16.9,32.6],[-17.0,32.6],[-17.1,32.7],[-17.2,32.7],[-17.2,32.8],[-17.3,32.8],[-17.2,32.8],[-17.2,32.9],[-17.1,32.8],[-17.0,32.8],[-16.9,32.8],[-16.8,32.8],[-16.7,32.8],[-16.7,32.7],[-16.8,32.7]]],[[[-27.9,38.6],[-27.8,38.6],[-27.8,38.5],[-27.9,38.5],[-27.9,38.6],[-28.0,38.6],[-28.1,38.6],[-28.2,38.6],[-28.2,38.7],[-28.3,38.7],[-28.3,38.8],[-28.3,38.7],[-28.2,38.7],[-28.0,38.7],[-27.9,38.6]]],[[[-25.2,37.9],[-25.1,37.8],[-25.2,37.8],[-25.2,37.7],[-25.3,37.7],[-25.4,37.7],[-25.5,37.7],[-25.6,37.7],[-25.7,37.7],[-25.8,37.8],[-25.9,37.9],[-25.8,37.9],[-25.7,37.9],[-25.7,37.8],[-25.6,37.8],[-25.5,37.8],[-25.5,37.9],[-25.5,37.8],[-25.4,37.8],[-25.3,37.9],[-25.2,37.9]]],[[[-27.0,38.7],[-27.1,38.7],[-27.1,38.6],[-27.2,38.6],[-27.2,38.7],[-27.2,38.6],[-27.3,38.7],[-27.4,38.7],[-27.4,38.8],[-27.3,38.8],[-27.1,38.8],[-27.0,38.7]]],[[[-28.1,38.4],[-28.0,38.4],[-28.1,38.4],[-28.2,38.4],[-28.3,38.4],[-28.4,38.4],[-28.5,38.4],[-28.5,38.5],[-28.5,38.6],[-28.4,38.6],[-28.3,38.5],[-28.2,38.5],[-28.1,38.4]]]]}},{"type":"Feature","properties":{"iso3":"MDA","name":"Moldova","ilo169":"not ratified","colonial":"none recorded","land_deal_ha":43400.0,"debt_pct_gni":57.1},"geometry":{"type":"Polygon","coordinates":[[[26.6,48.3],[26.7,48.3],[26.8,48.3],[26.8,48.4],[26.9,48.4],[27.0,48.4],[27.1,48.4],[27.2,48.4],[27.3,48.4],[27.4,48.4],[27.5,48.5],[27.6,48.5],[27.8,48.5],[27.8,48.4],[27.9,48.4],[27.9,48.3],[28.0,48.3],[28.1,48.3],[28.1,48.2],[28.2,48.3],[28.2,48.2],[28.3,48.2],[28.4,48.2],[28.3,48.2],[28.3,48.1],[28.4,48.1],[28.4,48.2],[28.4,48.1],[28.5,48.1],[28.5,48.2],[28.6,48.2],[28.7,48.1],[28.8,48.1],[28.8,48.0],[28.9,48.0],[28.9,47.9],[29.0,47.9],[29.1,48.0],[29.2,47.9],[29.2,47.8],[29.2,47.7],[29.2,47.6],[29.1,47.6],[29.1,47.5],[29.2,47.4],[29.2,47.5],[29.2,47.4],[29.3,47.4],[29.4,47.4],[29.4,47.3],[29.5,47.3],[29.6,47.3],[29.6,47.2],[29.5,47.2],[29.6,47.2],[29.5,47.1],[29.6,47.1],[29.6,47.0],[29.6,46.9],[29.7,46.9],[29.8,46.9],[29.9,46.8],[30.0,46.7],[29.9,46.7],[29.9,46.6],[29.9,46.5],[30.0,46.5],[30.1,46.4],[30.0,46.4],[29.9,46.4],[29.8,46.3],[29.8,46.4],[29.7,46.5],[29.7,46.4],[29.6,46.4],[29.7,46.4],[29.6,46.4],[29.5,46.4],[29.5,46.5],[29.4,46.5],[29.4,46.4],[29.3,46.4],[29.3,46.5],[29.3,46.4],[29.2,46.4],[29.2,46.5],[29.1,46.5],[29.0,46.5],[28.9,46.5],[28.9,46.4],[28.9,46.3],[29.0,46.2],[29.0,46.1],[28.9,46.1],[29.0,46.0],[28.9,46.0],[28.8,46.0],[28.7,46.0],[28.7,45.9],[28.7,45.8],[28.6,45.8],[28.6,45.7],[28.5,45.7],[28.5,45.6],[28.5,45.5],[28.4,45.5],[28.3,45.5],[28.2,45.5],[28.1,45.6],[28.2,45.6],[28.2,45.7],[28.2,45.8],[28.1,45.8],[28.1,45.9],[28.1,46.0],[28.1,46.1],[28.1,46.2],[28.1,46.3],[28.2,46.3],[28.2,46.4],[28.2,46.5],[28.2,46.6],[28.2,46.7],[28.2,46.8],[28.1,46.8],[28.1,46.9],[28.1,47.0],[28.0,47.0],[27.9,47.0],[27.9,47.1],[27.8,47.1],[27.8,47.2],[27.8,47.3],[27.7,47.3],[27.6,47.3],[27.6,47.4],[27.6,47.5],[27.5,47.5],[27.4,47.5],[27.4,47.6],[27.3,47.7],[27.3,47.8],[27.2,47.8],[27.3,47.8],[27.2,47.8],[27.2,47.9],[27.2,48.0],[27.1,48.0],[27.1,48.1],[27.0,48.1],[27.0,48.2],[26.9,48.2],[26.8,48.2],[26.8,48.3],[26.7,48.3],[26.6,48.3]]]}},{"type":"Feature","properties":{"iso3":"TKM","name":"Turkmenistan","ilo169":"not ratified","colonial":"none recorded","debt_pct_gni":5.2,"conquests_suffered":1},"geometry":{"type":"MultiPolygon","coordinates":[[[[61.3,35.6],[61.2,35.6],[61.2,35.7],[61.3,35.8],[61.2,35.8],[61.3,35.8],[61.2,35.9],[61.2,36.0],[61.1,36.0],[61.2,36.0],[61.2,36.1],[61.2,36.2],[61.2,36.3],[61.1,36.4],[61.2,36.4],[61.2,36.5],[61.2,36.6],[61.1,36.6],[61.0,36.6],[60.9,36.6],[60.6,36.6],[60.5,36.6],[60.3,36.6],[60.3,36.7],[60.2,36.8],[60.1,36.9],[60.0,37.0],[59.9,37.1],[59.8,37.1],[59.7,37.1],[59.6,37.2],[59.6,37.1],[59.6,37.2],[59.5,37.2],[59.4,37.3],[59.4,37.4],[59.3,37.4],[59.4,37.4],[59.4,37.5],[59.3,37.5],[59.2,37.5],[59.1,37.6],[59.0,37.6],[58.9,37.7],[58.8,37.7],[58.7,37.7],[58.7,37.6],[58.6,37.7],[58.5,37.7],[58.5,37.6],[58.4,37.6],[58.3,37.6],[58.3,37.7],[58.2,37.7],[58.2,37.8],[58.1,37.8],[58.0,37.8],[57.9,37.9],[57.8,37.9],[57.7,37.9],[57.6,37.9],[57.5,37.9],[57.4,38.0],[57.3,38.0],[57.3,38.1],[57.3,38.2],[57.2,38.2],[57.2,38.3],[57.1,38.3],[57.1,38.2],[57.0,38.2],[56.8,38.2],[56.7,38.3],[56.6,38.2],[56.5,38.3],[56.4,38.3],[56.4,38.2],[56.3,38.2],[56.3,38.1],[56.2,38.1],[56.1,38.1],[56.0,38.1],[55.9,38.1],[55.8,38.1],[55.7,38.1],[55.5,38.1],[55.4,38.1],[55.3,38.0],[55.2,38.0],[55.1,38.0],[55.1,37.9],[55.0,37.8],[54.9,37.8],[54.8,37.7],[54.8,37.6],[54.8,37.5],[54.7,37.5],[54.7,37.4],[54.6,37.4],[54.5,37.4],[54.4,37.4],[54.3,37.4],[54.2,37.3],[53.9,37.3],[53.9,37.5],[53.9,37.6],[53.8,37.7],[53.8,38.0],[53.8,38.1],[53.9,38.2],[53.9,38.3],[53.9,38.4],[53.8,38.4],[53.8,38.5],[53.8,38.6],[53.9,38.7],[53.9,38.8],[53.9,38.9],[54.0,38.9],[53.9,39.0],[53.8,39.0],[53.7,39.1],[53.7,39.2],[53.7,39.1],[53.6,39.1],[53.6,39.2],[53.6,39.3],[53.6,39.4],[53.5,39.3],[53.4,39.3],[53.3,39.3],[53.3,39.4],[53.2,39.4],[53.1,39.3],[53.2,39.3],[53.2,39.2],[53.1,39.3],[53.1,39.4],[53.1,39.5],[53.2,39.5],[53.2,39.6],[53.3,39.7],[53.3,39.6],[53.2,39.6],[53.2,39.5],[53.3,39.5],[53.4,39.5],[53.5,39.5],[53.6,39.5],[53.7,39.5],[53.7,39.6],[53.6,39.6],[53.7,39.6],[53.6,39.6],[53.6,39.7],[53.5,39.7],[53.5,39.6],[53.5,39.7],[53.4,39.7],[53.5,39.7],[53.4,39.7],[53.4,39.6],[53.5,39.6],[53.4,39.6],[53.4,39.7],[53.4,39.8],[53.5,39.8],[53.5,39.9],[53.6,39.9],[53.6,40.0],[53.5,40.0],[53.4,40.0],[53.3,40.0],[53.3,39.9],[53.3,40.0],[53.2,40.0],[53.1,40.0],[53.0,40.0],[52.9,40.0],[52.9,39.9],[53.0,39.9],[53.0,39.8],[53.1,39.8],[53.0,39.8],[53.0,39.7],[53.0,39.8],[52.9,39.9],[52.8,40.0],[52.7,40.1],[52.8,40.1],[52.8,40.2],[52.7,40.2],[52.7,40.3],[52.7,40.5],[52.8,40.5],[52.8,40.6],[52.9,40.7],[52.8,40.7],[52.8,40.8],[52.9,40.8],[52.9,40.9],[52.9,41.0],[52.9,41.1],[53.0,41.1],[53.0,41.0],[53.0,40.9],[53.1,40.9],[53.1,40.8],[53.2,40.8],[53.3,40.8],[53.2,40.8],[53.3,40.8],[53.4,40.8],[53.4,40.7],[53.5,40.7],[53.5,40.8],[53.6,40.8],[53.6,40.9],[53.7,40.9],[53.7,40.8],[53.6,40.8],[53.7,40.8],[53.6,40.8],[53.7,40.8],[53.7,40.7],[53.7,40.6],[53.8,40.6],[53.9,40.6],[53.9,40.7],[54.0,40.7],[54.1,40.7],[54.2,40.7],[54.3,40.7],[54.4,40.7],[54.3,40.7],[54.3,40.8],[54.3,40.9],[54.2,40.9],[54.3,40.9],[54.4,40.9],[54.5,40.9],[54.5,40.8],[54.4,40.8],[54.5,40.8],[54.6,40.8],[54.7,40.9],[54.8,40.9],[54.8,41.0],[54.7,41.0],[54.7,41.1],[54.8,41.0],[54.7,41.1],[54.6,41.1],[54.6,41.2],[54.4,41.3],[54.3,41.3],[54.3,41.4],[54.2,41.4],[54.2,41.5],[54.1,41.5],[54.0,41.5],[54.0,41.6],[54.0,41.7],[54.0,41.8],[53.9,41.9],[53.9,42.0],[53.9,42.1],[53.8,42.1],[53.7,42.1],[53.4,42.1],[53.3,42.1],[53.2,42.1],[53.1,42.1],[53.1,42.0],[53.0,42.0],[52.9,42.0],[52.8,41.8],[52.8,41.7],[52.9,41.7],[52.9,41.6],[52.8,41.4],[52.8,41.3],[52.8,41.2],[52.9,41.2],[52.9,41.1],[52.8,41.1],[52.9,41.1],[52.9,41.2],[52.8,41.2],[52.8,41.3],[52.8,41.4],[52.7,41.4],[52.7,41.5],[52.6,41.5],[52.6,41.6],[52.6,41.7],[52.5,41.7],[52.4,41.7],[52.5,41.8],[52.6,41.9],[52.8,42.0],[53.0,42.1],[53.1,42.2],[53.2,42.2],[53.4,42.3],[53.5,42.3],[53.7,42.3],[53.8,42.3],[54.0,42.3],[54.1,42.3],[54.2,42.3],[54.4,42.2],[54.5,42.2],[54.6,42.1],[54.7,42.0],[54.9,41.9],[54.9,41.8],[55.0,41.8],[55.1,41.7],[55.1,41.6],[55.2,41.6],[55.2,41.5],[55.3,41.4],[55.4,41.4],[55.4,41.3],[55.5,41.3],[55.6,41.3],[55.7,41.3],[55.8,41.3],[55.9,41.3],[56.0,41.3],[56.1,41.3],[56.3,41.3],[56.5,41.3],[56.6,41.3],[56.8,41.3],[56.9,41.3],[57.0,41.3],[57.1,41.3],[57.1,41.4],[57.2,41.4],[57.1,41.4],[57.0,41.4],[57.0,41.5],[57.0,41.6],[57.0,41.7],[56.9,41.8],[57.0,41.9],[57.1,41.9],[57.1,42.0],[57.2,42.0],[57.2,42.1],[57.3,42.1],[57.4,42.2],[57.5,42.2],[57.6,42.1],[57.7,42.2],[57.8,42.2],[57.9,42.2],[57.8,42.2],[57.9,42.2],[57.9,42.3],[57.9,42.4],[58.0,42.5],[58.1,42.5],[58.2,42.5],[58.3,42.4],[58.4,42.4],[58.4,42.3],[58.5,42.3],[58.4,42.4],[58.3,42.5],[58.1,42.6],[58.2,42.7],[58.3,42.7],[58.4,42.7],[58.4,42.6],[58.5,42.6],[58.5,42.7],[58.6,42.7],[58.6,42.8],[58.8,42.6],[58.9,42.5],[59.0,42.5],[59.1,42.5],[59.2,42.5],[59.2,42.4],[59.3,42.3],[59.4,42.3],[59.5,42.3],[59.7,42.3],[59.8,42.3],[59.9,42.3],[59.9,42.2],[60.0,42.2],[60.0,42.1],[60.0,42.0],[59.9,42.0],[59.9,41.9],[60.0,41.9],[60.1,41.9],[60.2,41.9],[60.2,41.8],[60.3,41.8],[60.2,41.8],[60.1,41.8],[60.0,41.8],[60.1,41.7],[60.2,41.6],[60.1,41.6],[60.1,41.5],[60.1,41.4],[60.2,41.3],[60.3,41.3],[60.4,41.3],[60.4,41.2],[60.5,41.2],[60.7,41.2],[60.9,41.3],[60.9,41.2],[61.0,41.2],[61.1,41.2],[61.2,41.2],[61.3,41.2],[61.4,41.2],[61.4,41.3],[61.5,41.3],[61.6,41.3],[61.7,41.2],[61.9,41.1],[62.0,41.0],[62.0,40.9],[62.0,40.8],[62.0,40.7],[62.1,40.7],[62.1,40.6],[62.2,40.5],[62.3,40.5],[62.3,40.4],[62.4,40.4],[62.4,40.3],[62.4,40.2],[62.4,40.1],[62.4,40.0],[62.5,40.0],[62.5,39.9],[62.6,39.9],[62.7,39.8],[62.8,39.8],[63.0,39.7],[63.3,39.5],[63.5,39.4],[63.6,39.2],[63.7,39.2],[63.8,39.1],[64.0,39.1],[64.1,39.0],[64.2,38.9],[64.3,39.0],[64.4,38.9],[64.6,38.7],[64.8,38.7],[64.9,38.6],[65.0,38.6],[65.1,38.5],[65.2,38.4],[65.3,38.4],[65.4,38.3],[65.6,38.2],[65.7,38.2],[65.8,38.2],[65.8,38.3],[65.9,38.3],[66.0,38.2],[66.1,38.2],[66.2,38.2],[66.2,38.1],[66.3,38.1],[66.4,38.0],[66.5,38.0],[66.6,38.0],[66.6,37.9],[66.6,37.8],[66.5,37.8],[66.5,37.7],[66.5,37.6],[66.5,37.5],[66.5,37.4],[66.5,37.3],[66.4,37.3],[66.3,37.3],[66.3,37.4],[66.2,37.4],[66.1,37.4],[65.9,37.5],[65.8,37.5],[65.8,37.6],[65.8,37.5],[65.7,37.5],[65.6,37.5],[65.6,37.4],[65.6,37.3],[65.5,37.3],[65.5,37.2],[65.1,37.2],[65.0,37.2],[64.8,37.1],[64.8,37.0],[64.8,36.9],[64.7,36.9],[64.6,36.7],[64.6,36.6],[64.6,36.5],[64.6,36.4],[64.5,36.3],[64.4,36.2],[64.3,36.2],[64.2,36.2],[64.1,36.1],[64.0,36.1],[64.0,36.0],[63.9,36.0],[63.8,36.0],[63.7,36.0],[63.6,36.0],[63.5,35.9],[63.4,35.9],[63.3,35.9],[63.1,35.9],[63.1,35.8],[63.2,35.7],[63.1,35.6],[63.1,35.5],[63.1,35.4],[63.0,35.4],[62.9,35.4],[62.8,35.3],[62.7,35.3],[62.7,35.2],[62.6,35.2],[62.5,35.2],[62.5,35.3],[62.4,35.3],[62.3,35.1],[62.3,35.2],[62.3,35.3],[62.2,35.3],[62.1,35.3],[62.0,35.4],[62.0,35.5],[61.9,35.5],[61.8,35.4],[61.7,35.4],[61.6,35.4],[61.5,35.5],[61.4,35.5],[61.4,35.6],[61.3,35.6]]]]}},{"type":"Feature","properties":{"iso3":"JOR","name":"Jordan","ilo169":"not ratified","colonial":"none recorded","land_deal_ha":3310.0,"debt_pct_gni":90.1,"conquests_made":1,"conquests_suffered":1},"geometry":{"type":"Polygon","coordinates":[[[35.6,32.7],[35.7,32.7],[35.8,32.7],[35.9,32.7],[36.0,32.7],[36.0,32.6],[36.1,32.5],[36.2,32.5],[36.3,32.5],[36.4,32.4],[36.5,32.4],[36.7,32.3],[36.8,32.3],[37.0,32.4],[37.1,32.5],[37.2,32.6],[37.4,32.6],[37.5,32.7],[37.6,32.7],[37.8,32.8],[37.9,32.9],[38.1,33.0],[38.2,33.1],[38.3,33.1],[38.5,33.2],[38.8,33.4],[38.8,33.2],[38.9,33.1],[38.9,33.0],[38.9,32.9],[39.0,32.7],[39.1,32.5],[39.0,32.5],[39.0,32.3],[39.2,32.4],[39.3,32.3],[39.3,32.2],[39.1,32.1],[39.0,32.0],[38.8,32.0],[38.6,31.9],[38.4,31.9],[38.2,31.8],[38.0,31.8],[38.0,31.7],[37.8,31.7],[37.7,31.7],[37.5,31.6],[37.2,31.6],[37.0,31.5],[37.1,31.4],[37.2,31.2],[37.3,31.1],[37.5,31.0],[37.6,30.9],[37.7,30.8],[37.8,30.7],[37.9,30.5],[38.0,30.5],[37.9,30.5],[37.8,30.4],[37.7,30.3],[37.6,30.3],[37.6,30.2],[37.5,30.1],[37.5,30.0],[37.4,30.0],[37.2,29.9],[37.1,29.9],[36.9,29.9],[36.8,29.9],[36.7,29.9],[36.7,29.8],[36.6,29.7],[36.5,29.6],[36.5,29.5],[36.4,29.4],[36.3,29.4],[36.2,29.3],[36.1,29.2],[36.0,29.2],[35.9,29.2],[35.8,29.2],[35.7,29.2],[35.6,29.2],[35.5,29.3],[35.3,29.3],[35.2,29.3],[35.1,29.3],[34.9,29.4],[35.0,29.4],[35.0,29.5],[35.0,29.6],[35.0,29.7],[35.0,29.8],[35.1,29.9],[35.1,30.0],[35.1,30.1],[35.1,30.2],[35.1,30.3],[35.2,30.3],[35.2,30.4],[35.1,30.4],[35.2,30.5],[35.2,30.6],[35.3,30.7],[35.3,30.8],[35.3,30.9],[35.4,30.9],[35.4,31.0],[35.4,31.1],[35.4,31.2],[35.4,31.3],[35.4,31.4],[35.5,31.4],[35.5,31.5],[35.5,31.6],[35.5,31.7],[35.6,31.8],[35.5,31.8],[35.5,31.9],[35.5,32.0],[35.5,32.1],[35.6,32.1],[35.5,32.1],[35.6,32.2],[35.6,32.3],[35.6,32.4],[35.5,32.4],[35.6,32.4],[35.6,32.5],[35.6,32.6],[35.6,32.5],[35.6,32.6],[35.6,32.7]]]}},{"type":"Feature","properties":{"iso3":"LSO","name":"Lesotho","ilo169":"not ratified","colonial":"none recorded","land_deal_ha":220.0,"debt_pct_gni":65.4,"conquests_suffered":1},"geometry":{"type":"Polygon","coordinates":[[[29.0,-28.9],[29.0,-29.0],[29.1,-29.0],[29.2,-29.1],[29.3,-29.1],[29.3,-29.2],[29.4,-29.2],[29.4,-29.3],[29.4,-29.4],[29.3,-29.5],[29.3,-29.6],[29.2,-29.6],[29.2,-29.7],[29.1,-29.7],[29.1,-29.8],[29.1,-29.9],[29.2,-29.9],[29.1,-29.9],[29.0,-30.0],[28.9,-30.1],[28.8,-30.1],[28.7,-30.1],[28.6,-30.1],[28.5,-30.1],[28.4,-30.1],[28.4,-30.2],[28.3,-30.2],[28.2,-30.3],[28.2,-30.4],[28.1,-30.4],[28.1,-30.5],[28.1,-30.6],[28.1,-30.7],[28.1,-30.6],[27.9,-30.6],[27.8,-30.6],[27.7,-30.6],[27.7,-30.5],[27.6,-30.5],[27.6,-30.4],[27.5,-30.4],[27.5,-30.3],[27.4,-30.3],[27.3,-30.2],[27.4,-30.2],[27.4,-30.1],[27.3,-30.1],[27.3,-30.0],[27.2,-30.0],[27.2,-29.9],[27.1,-29.8],[27.1,-29.7],[27.0,-29.7],[27.0,-29.6],[27.1,-29.6],[27.2,-29.6],[27.2,-29.5],[27.3,-29.5],[27.4,-29.5],[27.4,-29.4],[27.4,-29.3],[27.5,-29.3],[27.5,-29.2],[27.6,-29.2],[27.6,-29.1],[27.7,-29.1],[27.6,-29.0],[27.7,-29.0],[27.7,-28.9],[27.8,-28.9],[27.7,-28.9],[27.9,-28.9],[28.0,-28.9],[28.1,-28.8],[28.1,-28.7],[28.2,-28.7],[28.3,-28.7],[28.4,-28.6],[28.5,-28.6],[28.6,-28.6],[28.7,-28.6],[28.7,-28.7],[28.8,-28.7],[28.8,-28.8],[28.9,-28.8],[28.9,-28.9],[29.0,-28.9]]]}},{"type":"Feature","properties":{"iso3":"NER","name":"Niger","ilo169":"not ratified","colonial":"none recorded","land_deal_ha":1500.0,"debt_pct_gni":27.5},"geometry":{"type":"Polygon","coordinates":[[[3.6,11.7],[3.6,11.8],[3.5,11.8],[3.4,11.9],[3.3,11.9],[3.3,12.0],[3.2,12.0],[3.1,12.2],[3.0,12.3],[2.9,12.3],[2.9,12.4],[2.8,12.4],[2.7,12.4],[2.7,12.3],[2.7,12.4],[2.7,12.3],[2.6,12.3],[2.5,12.3],[2.4,12.3],[2.4,12.2],[2.4,12.1],[2.4,12.0],[2.5,12.0],[2.4,12.0],[2.4,11.9],[2.4,12.0],[2.4,11.9],[2.3,11.9],[2.3,12.0],[2.2,12.1],[2.1,12.2],[2.1,12.3],[2.1,12.4],[2.2,12.4],[2.2,12.5],[2.2,12.6],[2.1,12.7],[2.0,12.7],[1.9,12.7],[1.9,12.6],[1.8,12.6],[1.7,12.6],[1.6,12.6],[1.5,12.6],[1.5,12.7],[1.4,12.7],[1.3,12.8],[1.2,12.9],[1.1,13.0],[1.0,13.0],[1.0,13.1],[1.0,13.2],[1.0,13.3],[1.0,13.4],[1.1,13.3],[1.2,13.3],[1.2,13.4],[1.2,13.3],[1.3,13.3],[1.2,13.4],[1.0,13.4],[1.0,13.5],[1.0,13.6],[0.9,13.6],[0.8,13.6],[0.8,13.7],[0.6,13.7],[0.6,13.8],[0.5,13.8],[0.5,13.9],[0.4,13.9],[0.5,13.9],[0.4,14.0],[0.4,14.1],[0.3,14.1],[0.4,14.2],[0.4,14.3],[0.3,14.3],[0.2,14.4],[0.2,14.5],[0.2,14.7],[0.2,14.8],[0.2,14.9],[0.2,15.0],[0.4,15.0],[0.5,15.0],[0.7,14.9],[0.7,15.0],[0.8,15.0],[0.9,15.0],[1.0,15.0],[1.1,15.1],[1.2,15.2],[1.3,15.3],[1.4,15.3],[1.5,15.3],[1.6,15.3],[1.7,15.3],[1.8,15.3],[1.9,15.3],[2.0,15.3],[2.1,15.3],[2.2,15.3],[2.3,15.3],[2.4,15.3],[2.5,15.3],[2.6,15.3],[2.7,15.3],[2.8,15.3],[2.9,15.3],[3.0,15.3],[3.0,15.4],[3.1,15.4],[3.2,15.4],[3.4,15.4],[3.5,15.4],[3.5,15.5],[3.6,15.5],[3.7,15.6],[3.7,15.7],[3.8,15.7],[3.9,15.7],[3.9,15.8],[3.9,15.9],[4.0,16.0],[4.0,16.1],[4.1,16.3],[4.1,16.4],[4.2,16.4],[4.2,16.5],[4.2,16.6],[4.2,16.7],[4.2,16.8],[4.2,16.9],[4.2,17.0],[4.2,17.1],[4.2,17.2],[4.2,17.3],[4.2,17.4],[4.2,17.5],[4.2,17.7],[4.2,17.8],[4.2,17.9],[4.2,18.0],[4.2,18.2],[4.2,18.3],[4.2,18.4],[4.2,18.5],[4.2,18.6],[4.2,18.8],[4.2,18.9],[4.2,19.0],[4.2,19.1],[4.4,19.2],[4.6,19.2],[4.8,19.3],[5.0,19.3],[5.1,19.3],[5.3,19.3],[5.5,19.4],[5.6,19.4],[5.7,19.4],[5.8,19.4],[5.8,19.5],[5.9,19.5],[6.0,19.6],[6.0,19.7],[6.1,19.7],[6.2,19.8],[6.3,19.9],[6.4,19.9],[6.4,20.0],[6.5,20.0],[6.5,20.1],[6.6,20.1],[6.7,20.2],[6.7,20.3],[6.8,20.3],[6.9,20.4],[7.0,20.5],[7.1,20.6],[7.2,20.6],[7.2,20.7],[7.3,20.7],[7.4,20.8],[7.5,20.9],[7.6,20.9],[7.7,21.0],[7.8,21.1],[7.9,21.1],[8.0,21.2],[8.1,21.2],[8.2,21.3],[8.3,21.4],[8.4,21.4],[8.5,21.5],[8.6,21.5],[8.6,21.6],[8.7,21.6],[8.8,21.6],[8.8,21.7],[8.9,21.7],[9.0,21.8],[9.1,21.8],[9.2,21.9],[9.3,22.0],[9.4,22.0],[9.5,22.0],[9.5,22.1],[9.6,22.1],[9.7,22.2],[9.8,22.2],[9.9,22.3],[10.0,22.4],[10.1,22.4],[10.2,22.5],[10.3,22.5],[10.3,22.6],[10.4,22.6],[10.5,22.6],[10.5,22.7],[10.6,22.7],[10.7,22.8],[10.8,22.8],[10.9,22.9],[11.0,23.0],[11.1,23.0],[11.2,23.0],[11.2,23.1],[11.3,23.1],[11.4,23.2],[11.5,23.2],[11.6,23.3],[11.7,23.4],[11.8,23.4],[11.9,23.5],[12.0,23.5],[12.1,23.5],[12.2,23.5],[12.3,23.4],[12.4,23.4],[12.5,23.4],[12.6,23.4],[12.7,23.4],[12.8,23.3],[12.9,23.3],[13.0,23.3],[13.1,23.3],[13.2,23.2],[13.3,23.2],[13.4,23.2],[13.5,23.2],[13.6,23.1],[13.7,23.1],[13.8,23.0],[13.9,22.9],[14.0,22.8],[14.2,22.7],[14.2,22.6],[14.3,22.6],[14.5,22.7],[14.6,22.8],[14.8,22.9],[15.0,23.0],[15.0,22.9],[15.0,22.8],[15.0,22.7],[15.1,22.6],[15.1,22.5],[15.1,22.4],[15.1,22.3],[15.1,22.2],[15.1,22.1],[15.2,22.1],[15.2,22.0],[15.2,21.9],[15.2,21.8],[15.2,21.7],[15.2,21.6],[15.2,21.5],[15.3,21.4],[15.3,21.3],[15.4,21.3],[15.4,21.2],[15.5,21.2],[15.5,21.1],[15.5,21.0],[15.6,21.0],[15.6,20.9],[15.5,20.9],[15.5,20.8],[15.6,20.8],[15.6,20.7],[15.7,20.7],[15.7,20.6],[15.8,20.6],[15.8,20.5],[15.9,20.5],[15.9,20.4],[16.0,20.4],[16.0,20.3],[15.9,20.3],[15.9,20.2],[15.9,20.1],[15.8,20.1],[15.8,20.0],[15.7,19.9],[15.7,19.8],[15.7,19.7],[15.7,19.6],[15.7,19.5],[15.7,19.4],[15.7,19.3],[15.7,19.2],[15.7,19.1],[15.7,19.0],[15.7,18.9],[15.6,18.9],[15.6,18.8],[15.6,18.7],[15.6,18.6],[15.6,18.5],[15.6,18.4],[15.6,18.3],[15.6,18.2],[15.6,18.1],[15.6,18.0],[15.6,17.9],[15.6,17.8],[15.5,17.8],[15.5,17.7],[15.5,17.6],[15.5,17.5],[15.5,17.4],[15.5,17.3],[15.5,17.2],[15.5,17.1],[15.5,17.0],[15.5,16.9],[15.4,16.8],[15.3,16.7],[15.2,16.6],[15.1,16.5],[15.0,16.4],[14.9,16.3],[14.8,16.2],[14.7,16.1],[14.6,16.0],[14.5,15.9],[14.4,15.8],[14.4,15.7],[14.3,15.7],[14.3,15.6],[14.2,15.5],[14.1,15.4],[14.1,15.3],[14.0,15.3],[14.0,15.2],[13.9,15.1],[13.8,15.0],[13.8,14.9],[13.8,14.8],[13.8,14.7],[13.7,14.7],[13.6,14.6],[13.7,14.6],[13.7,14.5],[13.6,14.5],[13.5,14.5],[13.4,14.4],[13.5,14.3],[13.5,14.2],[13.5,14.1],[13.5,14.0],[13.6,13.9],[13.6,13.8],[13.6,13.7],[13.4,13.7],[13.3,13.7],[13.3,13.6],[13.2,13.6],[13.2,13.5],[13.1,13.6],[13.1,13.5],[13.1,13.6],[13.1,13.5],[13.0,13.5],[12.9,13.5],[12.8,13.5],[12.9,13.5],[12.8,13.4],[12.7,13.3],[12.6,13.3],[12.6,13.2],[12.5,13.2],[12.6,13.2],[12.5,13.2],[12.5,13.1],[12.4,13.1],[12.3,13.1],[12.2,13.1],[12.1,13.1],[12.0,13.1],[12.0,13.2],[11.9,13.2],[11.7,13.3],[11.4,13.4],[11.0,13.4],[10.8,13.4],[10.7,13.4],[10.6,13.4],[10.2,13.3],[10.1,13.3],[9.9,13.1],[9.8,13.0],[9.6,12.8],[9.4,12.8],[9.3,12.8],[9.0,12.8],[8.9,12.8],[8.7,12.9],[8.6,12.9],[8.6,13.0],[8.5,13.1],[8.4,13.1],[8.3,13.2],[8.2,13.2],[8.2,13.3],[8.1,13.3],[7.8,13.3],[7.4,13.1],[7.3,13.1],[7.2,13.1],[7.1,13.0],[7.0,13.0],[6.9,13.0],[6.8,13.1],[6.8,13.2],[6.7,13.3],[6.5,13.5],[6.4,13.6],[6.3,13.7],[6.2,13.7],[6.2,13.6],[6.1,13.6],[6.1,13.7],[5.8,13.8],[5.6,13.9],[5.5,13.9],[5.4,13.9],[5.3,13.8],[5.3,13.7],[5.2,13.7],[5.1,13.7],[5.0,13.7],[4.9,13.7],[4.9,13.8],[4.8,13.8],[4.6,13.7],[4.5,13.7],[4.4,13.6],[4.2,13.5],[4.1,13.5],[4.1,13.2],[4.1,13.0],[3.9,12.8],[3.9,12.7],[3.6,12.5],[3.7,12.3],[3.6,12.1],[3.6,12.0],[3.7,12.0],[3.6,12.0],[3.6,11.9],[3.6,11.8],[3.7,11.8],[3.7,11.7],[3.6,11.7]]]}},{"type":"Feature","properties":{"iso3":"BFA","name":"Burkina Faso","ilo169":"not ratified","colonial":"none recorded","debt_pct_gni":48.8},"geometry":{"type":"Polygon","coordinates":[[[2.4,11.9],[2.4,11.8],[2.3,11.8],[2.3,11.7],[2.2,11.6],[2.1,11.6],[2.0,11.4],[1.9,11.4],[1.8,11.4],[1.7,11.4],[1.6,11.4],[1.6,11.5],[1.5,11.5],[1.4,11.5],[1.4,11.4],[1.3,11.4],[1.3,11.3],[1.3,11.2],[1.2,11.3],[1.1,11.3],[1.1,11.2],[1.2,11.2],[1.1,11.2],[1.1,11.1],[1.1,11.0],[1.1,11.1],[1.0,11.0],[1.0,11.1],[1.0,11.0],[0.9,11.0],[0.8,11.0],[0.7,11.0],[0.6,11.0],[0.5,10.9],[0.5,11.0],[0.4,11.0],[0.3,11.0],[0.1,11.1],[-0.1,11.1],[-0.2,11.1],[-0.3,11.2],[-0.3,11.1],[-0.4,11.1],[-0.5,11.0],[-0.6,11.0],[-0.6,10.9],[-0.7,11.0],[-0.8,11.0],[-0.9,11.0],[-1.1,11.0],[-1.2,11.0],[-1.4,11.0],[-1.6,11.0],[-1.8,11.0],[-2.0,11.0],[-2.2,11.0],[-2.4,11.0],[-2.6,11.0],[-2.7,11.0],[-2.8,11.0],[-2.8,10.9],[-2.9,10.9],[-2.9,10.8],[-2.9,10.7],[-2.9,10.6],[-2.9,10.5],[-2.8,10.4],[-2.8,10.3],[-2.8,10.2],[-2.8,10.1],[-2.8,10.0],[-2.8,9.9],[-2.7,9.8],[-2.8,9.8],[-2.8,9.7],[-2.7,9.7],[-2.8,9.6],[-2.7,9.5],[-2.7,9.4],[-2.8,9.4],[-2.9,9.5],[-3.0,9.6],[-3.0,9.7],[-3.1,9.7],[-3.1,9.8],[-3.2,9.8],[-3.2,9.9],[-3.3,9.9],[-3.3,9.8],[-3.3,9.9],[-3.4,9.9],[-3.5,9.9],[-3.6,9.9],[-3.7,9.9],[-3.8,9.9],[-3.9,9.9],[-4.0,9.9],[-4.0,9.8],[-4.1,9.8],[-4.2,9.8],[-4.3,9.8],[-4.3,9.7],[-4.3,9.6],[-4.4,9.6],[-4.4,9.7],[-4.5,9.7],[-4.6,9.7],[-4.7,9.7],[-4.7,9.8],[-4.8,9.8],[-4.8,9.7],[-4.8,9.8],[-4.8,9.9],[-4.9,9.9],[-5.0,9.9],[-5.0,10.0],[-5.0,10.1],[-5.1,10.1],[-5.0,10.1],[-5.1,10.1],[-5.0,10.1],[-5.1,10.2],[-5.1,10.3],[-5.2,10.3],[-5.3,10.3],[-5.4,10.3],[-5.5,10.3],[-5.5,10.4],[-5.5,10.5],[-5.5,10.6],[-5.5,10.7],[-5.5,10.8],[-5.4,10.8],[-5.4,10.9],[-5.5,10.9],[-5.5,11.0],[-5.5,11.1],[-5.4,11.1],[-5.3,11.1],[-5.3,11.2],[-5.3,11.3],[-5.3,11.4],[-5.2,11.4],[-5.2,11.5],[-5.2,11.6],[-5.3,11.6],[-5.3,11.7],[-5.3,11.8],[-5.4,11.8],[-5.3,11.8],[-5.2,11.9],[-5.1,12.0],[-5.0,12.0],[-4.9,12.0],[-4.8,12.0],[-4.7,12.0],[-4.7,12.1],[-4.6,12.1],[-4.6,12.2],[-4.5,12.3],[-4.4,12.3],[-4.4,12.4],[-4.5,12.4],[-4.4,12.5],[-4.4,12.6],[-4.5,12.6],[-4.5,12.7],[-4.4,12.7],[-4.3,12.7],[-4.2,12.7],[-4.2,12.8],[-4.2,12.9],[-4.2,13.0],[-4.3,13.0],[-4.3,13.1],[-4.4,13.1],[-4.3,13.1],[-4.3,13.2],[-4.2,13.2],[-4.3,13.2],[-4.2,13.2],[-4.2,13.3],[-4.1,13.3],[-4.1,13.4],[-4.0,13.4],[-4.0,13.5],[-3.9,13.5],[-3.9,13.4],[-4.0,13.4],[-3.9,13.4],[-3.8,13.4],[-3.8,13.3],[-3.7,13.3],[-3.6,13.2],[-3.5,13.2],[-3.4,13.2],[-3.5,13.2],[-3.4,13.3],[-3.3,13.3],[-3.2,13.3],[-3.3,13.5],[-3.3,13.6],[-3.3,13.7],[-3.2,13.7],[-3.1,13.7],[-3.1,13.6],[-3.0,13.6],[-2.9,13.6],[-2.9,13.7],[-2.9,13.8],[-2.9,13.9],[-2.9,14.0],[-2.8,14.0],[-2.7,14.1],[-2.6,14.2],[-2.5,14.3],[-2.4,14.3],[-2.2,14.2],[-2.1,14.1],[-2.1,14.2],[-2.0,14.2],[-2.0,14.4],[-2.0,14.5],[-1.9,14.5],[-1.8,14.5],[-1.7,14.5],[-1.4,14.7],[-1.3,14.7],[-1.1,14.8],[-1.0,14.8],[-0.8,15.0],[-0.8,15.1],[-0.7,15.1],[-0.5,15.1],[-0.4,15.0],[-0.3,15.1],[-0.2,15.1],[-0.2,15.0],[-0.0,15.0],[0.2,14.9],[0.2,14.8],[0.2,14.7],[0.2,14.5],[0.2,14.4],[0.3,14.3],[0.4,14.3],[0.4,14.2],[0.3,14.1],[0.4,14.1],[0.4,14.0],[0.5,13.9],[0.4,13.9],[0.5,13.9],[0.5,13.8],[0.6,13.8],[0.6,13.7],[0.8,13.7],[0.8,13.6],[0.9,13.6],[1.0,13.6],[1.0,13.5],[1.0,13.4],[1.2,13.4],[1.3,13.3],[1.2,13.3],[1.2,13.4],[1.2,13.3],[1.1,13.3],[1.0,13.4],[1.0,13.3],[1.0,13.2],[1.0,13.1],[1.0,13.0],[1.1,13.0],[1.2,12.9],[1.3,12.8],[1.4,12.7],[1.5,12.7],[1.5,12.6],[1.6,12.6],[1.7,12.6],[1.8,12.6],[1.9,12.6],[1.9,12.7],[2.0,12.7],[2.1,12.7],[2.2,12.6],[2.2,12.5],[2.2,12.4],[2.1,12.4],[2.1,12.3],[2.1,12.2],[2.2,12.1],[2.3,12.0],[2.3,11.9],[2.4,11.9]]]}},{"type":"Feature","properties":{"iso3":"TGO","name":"Togo","ilo169":"not ratified","colonial":"none recorded","land_deal_ha":3300.0,"debt_pct_gni":43.2},"geometry":{"type":"Polygon","coordinates":[[[-0.2,11.1],[-0.1,11.1],[0.1,11.1],[0.3,11.0],[0.4,11.0],[0.5,11.0],[0.5,10.9],[0.6,11.0],[0.7,11.0],[0.8,11.0],[0.9,11.0],[0.9,10.9],[0.9,10.8],[0.8,10.7],[0.8,10.6],[0.8,10.5],[0.8,10.4],[0.8,10.3],[0.9,10.3],[1.0,10.2],[1.1,10.2],[1.2,10.1],[1.3,10.0],[1.3,9.9],[1.3,9.8],[1.3,9.7],[1.4,9.6],[1.3,9.6],[1.3,9.5],[1.4,9.5],[1.4,9.4],[1.4,9.3],[1.5,9.2],[1.6,9.1],[1.6,9.0],[1.6,8.9],[1.6,8.8],[1.6,8.7],[1.6,8.6],[1.6,8.5],[1.6,8.4],[1.6,8.3],[1.6,8.2],[1.6,8.0],[1.6,7.8],[1.6,7.6],[1.6,7.5],[1.6,7.4],[1.6,7.3],[1.6,7.1],[1.6,7.0],[1.5,7.0],[1.6,6.9],[1.6,6.8],[1.6,6.7],[1.6,6.6],[1.7,6.6],[1.7,6.5],[1.7,6.4],[1.8,6.4],[1.8,6.3],[1.6,6.2],[1.4,6.2],[1.3,6.1],[1.2,6.1],[1.2,6.2],[1.1,6.2],[1.0,6.2],[1.0,6.3],[0.9,6.3],[0.8,6.4],[0.7,6.4],[0.7,6.5],[0.7,6.6],[0.6,6.6],[0.6,6.7],[0.6,6.8],[0.5,6.8],[0.5,6.9],[0.5,7.0],[0.6,7.0],[0.6,7.1],[0.6,7.2],[0.6,7.3],[0.6,7.4],[0.5,7.4],[0.5,7.5],[0.5,7.6],[0.6,7.6],[0.6,7.7],[0.6,7.8],[0.6,7.9],[0.6,8.0],[0.6,8.1],[0.6,8.2],[0.6,8.3],[0.7,8.3],[0.7,8.4],[0.6,8.4],[0.6,8.5],[0.5,8.5],[0.5,8.6],[0.4,8.6],[0.4,8.7],[0.4,8.8],[0.5,8.8],[0.5,8.9],[0.4,9.0],[0.4,9.1],[0.5,9.1],[0.5,9.2],[0.5,9.3],[0.5,9.4],[0.5,9.5],[0.4,9.5],[0.3,9.5],[0.3,9.4],[0.2,9.4],[0.2,9.5],[0.3,9.5],[0.2,9.5],[0.2,9.6],[0.3,9.6],[0.4,9.6],[0.3,9.6],[0.3,9.7],[0.3,9.6],[0.3,9.7],[0.3,9.8],[0.3,9.9],[0.4,9.9],[0.4,10.0],[0.3,10.0],[0.4,10.0],[0.3,10.0],[0.4,10.0],[0.4,10.1],[0.4,10.2],[0.4,10.3],[0.3,10.3],[0.3,10.4],[0.2,10.4],[0.1,10.5],[0.0,10.6],[-0.1,10.6],[-0.1,10.7],[-0.1,10.8],[-0.0,10.8],[-0.0,10.9],[-0.0,11.0],[0.0,11.1],[-0.1,11.1],[-0.2,11.1]]]}},{"type":"Feature","properties":{"iso3":"GHA","name":"Ghana","ilo169":"not ratified","colonial":"none recorded","land_deal_ha":475268.7,"debt_pct_gni":46.9},"geometry":{"type":"Polygon","coordinates":[[[-0.2,11.1],[-0.1,11.1],[-0.0,11.1],[0.0,11.0],[-0.0,10.9],[-0.0,10.8],[-0.1,10.8],[-0.1,10.7],[-0.1,10.6],[-0.0,10.6],[0.1,10.5],[0.2,10.4],[0.3,10.4],[0.3,10.3],[0.4,10.3],[0.4,10.2],[0.4,10.1],[0.4,10.0],[0.3,10.0],[0.4,10.0],[0.3,10.0],[0.4,10.0],[0.4,9.9],[0.3,9.9],[0.3,9.8],[0.3,9.7],[0.3,9.6],[0.3,9.7],[0.3,9.6],[0.4,9.6],[0.3,9.6],[0.2,9.6],[0.2,9.5],[0.3,9.5],[0.2,9.5],[0.2,9.4],[0.3,9.4],[0.3,9.5],[0.4,9.5],[0.5,9.5],[0.5,9.4],[0.5,9.3],[0.5,9.2],[0.5,9.1],[0.4,9.1],[0.4,9.0],[0.5,8.9],[0.5,8.8],[0.4,8.8],[0.4,8.7],[0.4,8.6],[0.5,8.6],[0.5,8.5],[0.6,8.5],[0.6,8.4],[0.7,8.4],[0.7,8.3],[0.6,8.3],[0.6,8.2],[0.6,8.1],[0.6,8.0],[0.6,7.9],[0.6,7.8],[0.6,7.7],[0.6,7.6],[0.5,7.6],[0.5,7.5],[0.5,7.4],[0.6,7.4],[0.6,7.3],[0.6,7.2],[0.6,7.1],[0.6,7.0],[0.5,7.0],[0.5,6.9],[0.5,6.8],[0.6,6.8],[0.6,6.7],[0.6,6.6],[0.7,6.6],[0.7,6.5],[0.7,6.4],[0.8,6.4],[0.9,6.3],[1.0,6.3],[1.0,6.2],[1.1,6.2],[1.2,6.2],[1.2,6.1],[1.1,6.1],[1.1,6.0],[1.0,6.0],[1.0,5.9],[1.0,5.8],[0.9,5.8],[0.7,5.8],[0.4,5.8],[0.3,5.8],[0.2,5.8],[0.2,5.7],[0.1,5.7],[0.1,5.6],[0.0,5.6],[-0.1,5.6],[-0.3,5.5],[-0.4,5.5],[-0.4,5.4],[-0.5,5.4],[-0.6,5.4],[-0.6,5.3],[-0.7,5.3],[-0.8,5.3],[-0.8,5.2],[-0.9,5.2],[-1.0,5.2],[-1.2,5.2],[-1.2,5.1],[-1.3,5.1],[-1.4,5.1],[-1.5,5.0],[-1.6,5.0],[-1.7,4.9],[-1.8,4.9],[-1.9,4.8],[-2.0,4.8],[-2.1,4.7],[-2.1,4.8],[-2.2,4.8],[-2.2,4.9],[-2.3,4.9],[-2.4,4.9],[-2.5,5.0],[-2.7,5.0],[-2.8,5.0],[-3.0,5.0],[-3.1,5.1],[-3.0,5.1],[-2.9,5.1],[-2.8,5.1],[-2.8,5.2],[-2.8,5.3],[-2.7,5.3],[-2.7,5.4],[-2.8,5.5],[-2.8,5.6],[-2.9,5.6],[-3.0,5.6],[-3.0,5.7],[-3.0,5.8],[-3.0,5.9],[-3.1,6.0],[-3.1,6.2],[-3.2,6.2],[-3.2,6.3],[-3.3,6.6],[-3.2,6.7],[-3.2,6.8],[-3.1,7.0],[-3.1,7.1],[-3.0,7.1],[-3.0,7.2],[-3.0,7.3],[-2.9,7.6],[-2.9,7.8],[-2.8,7.8],[-2.8,7.9],[-2.7,8.0],[-2.6,8.0],[-2.6,8.1],[-2.6,8.2],[-2.5,8.2],[-2.6,8.5],[-2.6,8.8],[-2.6,8.9],[-2.7,9.0],[-2.8,9.0],[-2.8,9.1],[-2.7,9.2],[-2.7,9.3],[-2.7,9.4],[-2.7,9.5],[-2.8,9.6],[-2.7,9.7],[-2.8,9.7],[-2.8,9.8],[-2.7,9.8],[-2.8,9.9],[-2.8,10.0],[-2.8,10.1],[-2.8,10.2],[-2.8,10.3],[-2.8,10.4],[-2.9,10.5],[-2.9,10.6],[-2.9,10.7],[-2.9,10.8],[-2.9,10.9],[-2.8,10.9],[-2.8,11.0],[-2.7,11.0],[-2.6,11.0],[-2.4,11.0],[-2.2,11.0],[-2.0,11.0],[-1.8,11.0],[-1.6,11.0],[-1.4,11.0],[-1.2,11.0],[-1.1,11.0],[-0.9,11.0],[-0.8,11.0],[-0.7,11.0],[-0.6,10.9],[-0.6,11.0],[-0.5,11.0],[-0.4,11.1],[-0.3,11.1],[-0.3,11.2],[-0.2,11.1]]]}},{"type":"Feature","properties":{"iso3":"GNB","name":"Guinea-Bissau","ilo169":"not ratified","colonial":"none recorded","land_deal_ha":2964.0,"debt_pct_gni":67.1},"geometry":{"type":"MultiPolygon","coordinates":[[[[-13.7,12.7],[-13.7,12.6],[-13.7,12.5],[-13.7,12.4],[-13.7,12.3],[-13.8,12.3],[-13.9,12.3],[-13.9,12.2],[-14.0,12.2],[-14.0,12.1],[-13.9,12.1],[-13.8,12.1],[-13.8,12.0],[-13.7,12.0],[-13.7,11.9],[-13.7,11.8],[-13.7,11.7],[-13.8,11.7],[-13.9,11.7],[-14.0,11.7],[-14.0,11.6],[-14.1,11.6],[-14.2,11.7],[-14.3,11.7],[-14.3,11.6],[-14.4,11.6],[-14.5,11.5],[-14.6,11.5],[-14.7,11.5],[-14.8,11.3],[-14.9,11.2],[-15.0,11.0],[-15.1,10.9],[-15.1,11.0],[-15.0,11.0],[-15.1,11.0],[-15.1,11.1],[-15.0,11.1],[-15.0,11.2],[-15.1,11.2],[-15.1,11.1],[-15.2,11.1],[-15.2,11.0],[-15.3,11.0],[-15.2,11.1],[-15.2,11.2],[-15.2,11.1],[-15.3,11.1],[-15.4,11.1],[-15.4,11.2],[-15.4,11.3],[-15.4,11.4],[-15.3,11.4],[-15.4,11.4],[-15.3,11.5],[-15.4,11.5],[-15.4,11.4],[-15.4,11.3],[-15.5,11.3],[-15.5,11.4],[-15.5,11.5],[-15.4,11.5],[-15.3,11.5],[-15.4,11.5],[-15.4,11.6],[-15.3,11.6],[-15.3,11.5],[-15.3,11.6],[-15.2,11.6],[-15.3,11.6],[-15.2,11.6],[-15.1,11.6],[-15.1,11.5],[-15.1,11.6],[-15.0,11.6],[-15.1,11.6],[-15.1,11.7],[-15.1,11.6],[-15.2,11.7],[-15.1,11.7],[-15.2,11.7],[-15.2,11.8],[-15.2,11.7],[-15.3,11.7],[-15.3,11.6],[-15.3,11.7],[-15.4,11.7],[-15.4,11.6],[-15.3,11.6],[-15.4,11.6],[-15.4,11.7],[-15.4,11.6],[-15.5,11.6],[-15.4,11.6],[-15.4,11.7],[-15.5,11.7],[-15.6,11.7],[-15.5,11.8],[-15.5,11.9],[-15.4,11.9],[-15.3,11.9],[-15.2,11.9],[-15.1,11.9],[-15.1,11.8],[-15.0,11.8],[-15.0,11.7],[-14.9,11.8],[-15.0,11.8],[-15.1,11.8],[-15.1,11.9],[-15.0,11.9],[-15.0,12.0],[-15.1,12.0],[-15.2,11.9],[-15.3,11.9],[-15.3,12.0],[-15.4,12.0],[-15.5,11.9],[-15.6,11.9],[-15.6,11.8],[-15.7,11.8],[-15.8,11.8],[-15.8,11.7],[-15.8,11.8],[-15.8,11.9],[-15.7,11.9],[-15.8,11.9],[-15.8,11.8],[-15.9,11.8],[-15.9,11.7],[-16.0,11.7],[-16.0,11.8],[-15.9,11.8],[-15.9,11.9],[-15.9,12.0],[-15.8,12.0],[-15.7,12.0],[-15.8,12.0],[-15.9,12.0],[-16.0,11.9],[-16.1,11.9],[-16.2,11.9],[-16.3,11.9],[-16.3,12.0],[-16.3,12.1],[-16.4,12.1],[-16.3,12.2],[-16.2,12.2],[-16.1,12.3],[-16.1,12.4],[-16.1,12.3],[-16.2,12.3],[-16.3,12.3],[-16.3,12.2],[-16.3,12.3],[-16.3,12.2],[-16.4,12.2],[-16.5,12.2],[-16.5,12.3],[-16.6,12.3],[-16.7,12.3],[-16.7,12.4],[-16.5,12.3],[-16.5,12.4],[-16.4,12.4],[-16.3,12.4],[-16.2,12.5],[-16.2,12.4],[-16.2,12.5],[-16.1,12.5],[-16.0,12.4],[-15.9,12.4],[-15.7,12.4],[-15.4,12.6],[-15.3,12.6],[-15.2,12.7],[-15.1,12.7],[-14.9,12.7],[-14.8,12.7],[-14.4,12.7],[-14.3,12.7],[-14.1,12.7],[-13.7,12.7]]]]}},{"type":"Feature","properties":{"iso3":"PNG","name":"Papua New Guinea","ilo169":"not ratified","colonial":"none recorded","land_deal_ha":2408024.0,"debt_pct_gni":41.9},"geometry":{"type":"MultiPolygon","coordinates":[[[[141.0,-2.6],[141.1,-2.6],[141.2,-2.6],[141.3,-2.6],[141.3,-2.7],[141.4,-2.7],[141.6,-2.8],[141.8,-2.9],[141.9,-3.0],[142.0,-3.0],[142.1,-3.0],[142.1,-3.1],[142.2,-3.1],[142.3,-3.1],[142.4,-3.1],[142.5,-3.2],[142.6,-3.2],[142.8,-3.3],[142.9,-3.3],[143.0,-3.4],[143.1,-3.4],[143.1,-3.3],[143.1,-3.4],[143.2,-3.4],[143.3,-3.4],[143.5,-3.4],[143.6,-3.5],[143.6,-3.6],[143.7,-3.6],[143.8,-3.6],[143.9,-3.7],[144.0,-3.8],[144.1,-3.8],[144.2,-3.8],[144.1,-3.8],[144.2,-3.8],[144.2,-3.9],[144.2,-3.8],[144.2,-3.9],[144.3,-3.9],[144.3,-3.8],[144.4,-3.8],[144.5,-3.8],[144.5,-3.9],[144.6,-3.9],[144.6,-4.0],[144.7,-4.0],[144.8,-4.0],[144.8,-4.1],[144.9,-4.1],[144.9,-4.2],[145.0,-4.2],[145.0,-4.3],[145.1,-4.3],[145.1,-4.4],[145.2,-4.4],[145.3,-4.4],[145.4,-4.4],[145.4,-4.5],[145.5,-4.5],[145.5,-4.6],[145.6,-4.6],[145.7,-4.8],[145.8,-4.8],[145.8,-4.9],[145.8,-5.0],[145.8,-5.1],[145.8,-5.2],[145.7,-5.3],[145.8,-5.3],[145.7,-5.4],[145.7,-5.5],[145.8,-5.5],[145.9,-5.5],[146.0,-5.5],[146.1,-5.5],[146.2,-5.5],[146.2,-5.6],[146.3,-5.6],[146.4,-5.6],[146.5,-5.6],[146.5,-5.7],[146.7,-5.7],[146.7,-5.8],[146.8,-5.8],[146.9,-5.8],[146.9,-5.9],[147.0,-5.9],[147.1,-5.9],[147.1,-6.0],[147.2,-6.0],[147.3,-6.0],[147.3,-5.9],[147.4,-5.9],[147.4,-6.0],[147.5,-6.0],[147.6,-6.0],[147.6,-6.1],[147.6,-6.2],[147.7,-6.2],[147.7,-6.3],[147.8,-6.3],[147.8,-6.4],[147.9,-6.4],[147.9,-6.5],[147.8,-6.5],[147.9,-6.5],[147.9,-6.6],[147.8,-6.6],[147.9,-6.6],[147.9,-6.7],[147.8,-6.7],[147.6,-6.7],[147.6,-6.8],[147.5,-6.7],[147.5,-6.8],[147.4,-6.7],[147.2,-6.7],[147.1,-6.7],[147.0,-6.7],[147.0,-6.8],[146.9,-6.8],[146.9,-6.9],[147.0,-7.0],[147.1,-7.0],[147.1,-7.1],[147.1,-7.2],[147.1,-7.3],[147.2,-7.3],[147.1,-7.3],[147.2,-7.4],[147.2,-7.5],[147.3,-7.5],[147.4,-7.5],[147.4,-7.6],[147.5,-7.6],[147.5,-7.7],[147.6,-7.7],[147.6,-7.8],[147.7,-7.8],[147.6,-7.8],[147.7,-7.8],[147.7,-7.9],[147.8,-7.9],[147.9,-7.9],[147.9,-8.0],[148.0,-8.0],[148.0,-8.1],[148.1,-8.1],[148.1,-8.0],[148.1,-8.1],[148.2,-8.2],[148.2,-8.3],[148.2,-8.4],[148.2,-8.5],[148.2,-8.6],[148.3,-8.6],[148.4,-8.6],[148.4,-8.7],[148.5,-8.7],[148.5,-8.8],[148.5,-8.9],[148.5,-9.0],[148.6,-9.0],[148.6,-9.1],[148.7,-9.1],[148.8,-9.1],[148.9,-9.1],[148.9,-9.0],[149.0,-9.0],[149.0,-9.1],[149.0,-9.0],[149.1,-9.0],[149.2,-9.0],[149.3,-9.0],[149.3,-9.1],[149.3,-9.2],[149.2,-9.2],[149.2,-9.3],[149.2,-9.4],[149.2,-9.5],[149.3,-9.5],[149.4,-9.5],[149.4,-9.6],[149.4,-9.5],[149.4,-9.6],[149.5,-9.6],[149.4,-9.6],[149.5,-9.6],[149.6,-9.6],[149.7,-9.6],[149.8,-9.6],[149.9,-9.6],[150.0,-9.6],[150.0,-9.7],[150.1,-9.7],[150.0,-9.7],[150.0,-9.8],[149.9,-9.8],[149.8,-9.8],[149.7,-9.8],[149.8,-9.9],[149.9,-10.0],[149.9,-10.1],[150.0,-10.1],[150.1,-10.1],[150.2,-10.1],[150.3,-10.1],[150.3,-10.2],[150.4,-10.2],[150.5,-10.2],[150.6,-10.2],[150.6,-10.3],[150.7,-10.3],[150.8,-10.3],[150.8,-10.2],[150.9,-10.2],[150.8,-10.3],[150.7,-10.3],[150.6,-10.3],[150.5,-10.3],[150.4,-10.3],[150.3,-10.4],[150.4,-10.4],[150.5,-10.4],[150.6,-10.5],[150.7,-10.5],[150.7,-10.6],[150.6,-10.6],[150.5,-10.6],[150.4,-10.7],[150.3,-10.7],[150.2,-10.7],[150.2,-10.6],[150.1,-10.7],[150.1,-10.6],[150.0,-10.6],[149.9,-10.6],[149.9,-10.5],[149.9,-10.6],[149.9,-10.5],[150.0,-10.5],[150.1,-10.5],[150.0,-10.5],[150.0,-10.4],[149.9,-10.4],[149.9,-10.5],[149.9,-10.4],[149.8,-10.4],[149.8,-10.3],[149.7,-10.3],[149.6,-10.3],[149.5,-10.4],[149.5,-10.3],[149.5,-10.4],[149.5,-10.3],[149.5,-10.4],[149.4,-10.3],[149.5,-10.3],[149.4,-10.3],[149.3,-10.3],[149.2,-10.3],[149.2,-10.2],[149.1,-10.2],[149.0,-10.2],[149.0,-10.3],[148.9,-10.3],[148.9,-10.2],[148.8,-10.2],[148.7,-10.2],[148.8,-10.2],[148.8,-10.1],[148.7,-10.1],[148.7,-10.2],[148.7,-10.1],[148.7,-10.2],[148.6,-10.2],[148.5,-10.2],[148.4,-10.2],[148.3,-10.2],[148.3,-10.1],[148.2,-10.1],[148.1,-10.1],[148.0,-10.1],[148.0,-10.2],[147.9,-10.1],[147.9,-10.0],[147.9,-10.1],[147.8,-10.1],[147.7,-10.1],[147.7,-10.0],[147.6,-10.0],[147.6,-9.9],[147.5,-9.9],[147.5,-9.8],[147.4,-9.7],[147.4,-9.6],[147.3,-9.6],[147.3,-9.5],[147.2,-9.5],[147.3,-9.5],[147.2,-9.5],[147.1,-9.5],[147.1,-9.4],[147.1,-9.5],[147.0,-9.4],[147.0,-9.3],[146.9,-9.3],[146.9,-9.2],[146.9,-9.1],[147.0,-9.1],[147.0,-9.0],[146.9,-9.1],[147.0,-9.1],[146.9,-9.1],[146.8,-9.1],[146.7,-9.1],[146.7,-9.0],[146.6,-9.0],[146.6,-8.9],[146.5,-8.9],[146.6,-8.9],[146.6,-8.8],[146.5,-8.8],[146.5,-8.7],[146.4,-8.6],[146.3,-8.4],[146.3,-8.3],[146.2,-8.3],[146.2,-8.2],[146.1,-8.2],[146.1,-8.1],[146.0,-8.1],[146.0,-8.0],[145.9,-8.0],[145.8,-8.0],[145.8,-7.9],[145.7,-7.9],[145.7,-8.0],[145.6,-8.0],[145.6,-7.9],[145.5,-7.9],[145.4,-7.9],[145.3,-7.9],[145.2,-7.9],[145.2,-7.8],[145.1,-7.8],[145.0,-7.8],[144.9,-7.8],[144.8,-7.8],[144.8,-7.7],[144.9,-7.7],[144.9,-7.6],[144.8,-7.6],[144.8,-7.7],[144.7,-7.6],[144.6,-7.6],[144.7,-7.6],[144.6,-7.7],[144.6,-7.6],[144.5,-7.6],[144.5,-7.5],[144.5,-7.6],[144.5,-7.7],[144.5,-7.6],[144.4,-7.6],[144.4,-7.5],[144.4,-7.6],[144.4,-7.7],[144.5,-7.7],[144.5,-7.8],[144.4,-7.8],[144.4,-7.7],[144.4,-7.8],[144.4,-7.7],[144.3,-7.7],[144.3,-7.6],[144.3,-7.7],[144.3,-7.6],[144.3,-7.7],[144.2,-7.7],[144.3,-7.7],[144.2,-7.7],[144.3,-7.7],[144.3,-7.8],[144.2,-7.8],[144.1,-7.8],[143.9,-7.7],[143.8,-7.6],[143.8,-7.5],[143.7,-7.5],[143.7,-7.4],[143.6,-7.4],[143.6,-7.5],[143.7,-7.5],[143.8,-7.6],[143.8,-7.7],[143.9,-7.8],[143.9,-7.9],[144.0,-8.0],[143.9,-8.0],[143.9,-7.9],[143.8,-7.9],[143.8,-8.0],[143.9,-8.0],[143.8,-8.0],[143.7,-8.0],[143.6,-8.0],[143.5,-8.0],[143.5,-7.9],[143.4,-7.9],[143.4,-8.0],[143.5,-8.0],[143.6,-8.0],[143.6,-8.1],[143.6,-8.2],[143.3,-8.2],[143.3,-8.3],[143.2,-8.3],[143.0,-8.3],[142.9,-8.3],[142.8,-8.3],[142.7,-8.3],[142.6,-8.3],[142.5,-8.3],[142.4,-8.3],[142.4,-8.2],[142.3,-8.2],[142.2,-8.2],[142.1,-8.2],[142.2,-8.2],[142.3,-8.2],[142.4,-8.2],[142.4,-8.3],[142.4,-8.4],[142.5,-8.4],[142.6,-8.3],[142.7,-8.3],[142.8,-8.3],[142.8,-8.4],[142.9,-8.4],[143.1,-8.5],[143.3,-8.6],[143.3,-8.7],[143.4,-8.8],[143.4,-8.9],[143.4,-9.0],[143.3,-9.0],[143.2,-9.0],[143.2,-9.1],[143.1,-9.1],[143.0,-9.1],[143.0,-9.2],[142.9,-9.2],[142.8,-9.2],[142.7,-9.3],[142.6,-9.3],[142.5,-9.3],[142.5,-9.2],[142.4,-9.2],[142.3,-9.2],[142.2,-9.2],[142.1,-9.2],[142.0,-9.2],[141.9,-9.2],[141.8,-9.2],[141.7,-9.2],[141.6,-9.2],[141.5,-9.2],[141.4,-9.2],[141.4,-9.1],[141.3,-9.1],[141.3,-9.2],[141.2,-9.2],[141.1,-9.2],[141.0,-9.1],[141.0,-9.0],[141.0,-8.8],[141.0,-8.6],[141.0,-8.4],[141.0,-8.2],[141.0,-8.0],[141.0,-7.8],[141.0,-7.6],[141.0,-7.3],[141.0,-7.2],[141.0,-7.0],[141.0,-6.9],[140.9,-6.9],[140.9,-6.8],[140.9,-6.7],[140.8,-6.7],[140.9,-6.7],[140.9,-6.6],[140.9,-6.5],[141.0,-6.5],[140.9,-6.5],[140.9,-6.4],[141.0,-6.4],[141.0,-6.3],[141.0,-6.2],[141.0,-6.0],[141.0,-5.8],[141.0,-5.6],[141.0,-5.4],[141.0,-5.3],[141.0,-5.2],[141.0,-5.0],[141.0,-4.8],[141.0,-4.6],[141.0,-4.2],[141.0,-4.0],[141.0,-3.8],[141.0,-3.6],[141.0,-3.3],[141.0,-3.0],[141.0,-2.8],[141.0,-2.6]]],[[[152.4,-4.3],[152.4,-4.4],[152.4,-4.5],[152.4,-4.6],[152.4,-4.7],[152.4,-4.8],[152.3,-4.9],[152.3,-5.0],[152.2,-5.0],[152.1,-5.0],[152.0,-5.0],[152.0,-5.1],[152.0,-5.2],[152.1,-5.2],[152.1,-5.3],[152.2,-5.4],[152.1,-5.4],[152.1,-5.5],[152.0,-5.5],[151.9,-5.5],[151.9,-5.6],[151.8,-5.6],[151.8,-5.5],[151.7,-5.5],[151.6,-5.6],[151.6,-5.5],[151.5,-5.5],[151.4,-5.6],[151.5,-5.6],[151.5,-5.7],[151.4,-5.7],[151.4,-5.8],[151.3,-5.8],[151.3,-5.9],[151.2,-5.9],[151.2,-6.0],[151.1,-6.0],[151.0,-6.0],[150.9,-6.0],[150.9,-6.1],[150.9,-6.0],[150.8,-6.0],[150.8,-6.1],[150.7,-6.1],[150.7,-6.2],[150.7,-6.1],[150.6,-6.1],[150.6,-6.2],[150.5,-6.2],[150.5,-6.3],[150.4,-6.3],[150.3,-6.3],[150.2,-6.3],[150.1,-6.3],[150.0,-6.3],[149.9,-6.3],[149.8,-6.3],[149.7,-6.3],[149.6,-6.3],[149.6,-6.2],[149.5,-6.2],[149.5,-6.1],[149.4,-6.1],[149.3,-6.1],[149.2,-6.1],[149.1,-6.1],[149.1,-6.2],[149.1,-6.1],[149.0,-6.1],[149.1,-6.0],[149.0,-6.0],[148.9,-6.0],[148.9,-5.9],[148.8,-5.9],[148.7,-5.9],[148.7,-5.8],[148.6,-5.8],[148.5,-5.8],[148.4,-5.8],[148.3,-5.7],[148.3,-5.6],[148.3,-5.5],[148.4,-5.5],[148.4,-5.4],[148.4,-5.5],[148.5,-5.5],[148.6,-5.5],[148.7,-5.5],[148.8,-5.5],[148.9,-5.5],[149.0,-5.5],[149.1,-5.5],[149.2,-5.5],[149.2,-5.6],[149.4,-5.6],[149.5,-5.6],[149.5,-5.5],[149.6,-5.5],[149.7,-5.5],[149.7,-5.6],[149.8,-5.6],[149.8,-5.5],[149.9,-5.5],[150.0,-5.5],[150.0,-5.4],[149.9,-5.4],[149.9,-5.3],[150.0,-5.3],[150.0,-5.2],[150.0,-5.1],[150.0,-5.0],[150.1,-5.0],[150.2,-5.0],[150.2,-5.1],[150.1,-5.1],[150.1,-5.2],[150.1,-5.3],[150.0,-5.3],[150.1,-5.3],[150.1,-5.4],[150.1,-5.5],[150.2,-5.5],[150.2,-5.6],[150.3,-5.6],[150.3,-5.5],[150.4,-5.5],[150.5,-5.4],[150.5,-5.5],[150.6,-5.5],[150.6,-5.6],[150.7,-5.6],[150.7,-5.5],[150.8,-5.5],[150.8,-5.4],[150.8,-5.5],[150.9,-5.5],[151.0,-5.5],[151.0,-5.4],[151.0,-5.3],[151.1,-5.2],[151.1,-5.1],[151.2,-5.1],[151.2,-5.0],[151.3,-5.0],[151.4,-4.9],[151.5,-4.9],[151.6,-4.9],[151.6,-5.0],[151.6,-4.9],[151.7,-4.9],[151.7,-4.8],[151.7,-4.7],[151.7,-4.6],[151.6,-4.6],[151.6,-4.5],[151.6,-4.4],[151.5,-4.4],[151.5,-4.3],[151.5,-4.2],[151.6,-4.2],[151.7,-4.2],[151.8,-4.2],[151.9,-4.2],[151.9,-4.3],[152.0,-4.3],[152.0,-4.2],[152.1,-4.2],[152.2,-4.2],[152.2,-4.1],[152.2,-4.2],[152.2,-4.3],[152.3,-4.3],[152.4,-4.3]]],[[[153.1,-4.3],[153.1,-4.4],[153.1,-4.5],[153.0,-4.5],[153.1,-4.5],[153.1,-4.6],[153.0,-4.6],[153.0,-4.7],[153.0,-4.8],[152.9,-4.8],[152.8,-4.8],[152.8,-4.7],[152.7,-4.6],[152.7,-4.5],[152.7,-4.4],[152.7,-4.3],[152.7,-4.2],[152.7,-4.1],[152.6,-4.0],[152.6,-3.9],[152.5,-3.9],[152.5,-3.8],[152.4,-3.8],[152.4,-3.7],[152.4,-3.6],[152.3,-3.6],[152.2,-3.6],[152.2,-3.5],[152.1,-3.5],[152.0,-3.5],[151.9,-3.4],[151.8,-3.4],[151.6,-3.2],[151.5,-3.1],[151.4,-3.1],[151.4,-3.0],[151.3,-3.0],[151.2,-2.9],[151.1,-2.9],[151.1,-2.8],[151.0,-2.8],[150.9,-2.8],[150.8,-2.8],[150.7,-2.7],[150.8,-2.7],[150.9,-2.7],[150.9,-2.6],[150.8,-2.6],[150.9,-2.6],[151.0,-2.7],[151.1,-2.7],[151.1,-2.8],[151.2,-2.8],[151.2,-2.9],[151.3,-2.9],[151.4,-2.9],[151.5,-2.9],[151.5,-3.0],[151.6,-3.0],[151.7,-3.1],[151.8,-3.1],[151.8,-3.2],[151.9,-3.2],[152.0,-3.2],[152.1,-3.2],[152.1,-3.3],[152.2,-3.4],[152.2,-3.5],[152.3,-3.5],[152.4,-3.5],[152.4,-3.6],[152.4,-3.7],[152.5,-3.7],[152.5,-3.6],[152.5,-3.7],[152.6,-3.7],[152.6,-3.8],[152.7,-3.8],[152.7,-3.9],[152.8,-3.9],[152.9,-4.0],[153.0,-4.0],[153.0,-4.1],[153.1,-4.2],[153.1,-4.3]]],[[[155.9,-6.6],[155.9,-6.7],[156.0,-6.7],[156.0,-6.8],[155.9,-6.8],[155.9,-6.7],[155.9,-6.8],[155.8,-6.8],[155.7,-6.9],[155.6,-6.9],[155.5,-6.8],[155.4,-6.8],[155.4,-6.7],[155.3,-6.7],[155.2,-6.6],[155.2,-6.5],[155.2,-6.4],[155.2,-6.3],[155.1,-6.3],[155.0,-6.2],[155.0,-6.1],[154.9,-6.1],[154.9,-6.0],[154.8,-6.0],[154.8,-5.9],[154.7,-5.9],[154.8,-5.9],[154.7,-5.8],[154.7,-5.7],[154.7,-5.6],[154.8,-5.6],[154.8,-5.5],[154.7,-5.5],[154.7,-5.4],[154.8,-5.4],[154.8,-5.5],[154.9,-5.5],[154.9,-5.6],[154.9,-5.5],[155.0,-5.5],[155.0,-5.6],[155.0,-5.5],[155.1,-5.5],[155.1,-5.6],[155.1,-5.7],[155.2,-5.7],[155.2,-5.8],[155.2,-5.9],[155.3,-5.9],[155.3,-6.0],[155.4,-6.0],[155.4,-6.1],[155.5,-6.1],[155.5,-6.2],[155.6,-6.2],[155.7,-6.2],[155.7,-6.3],[155.8,-6.3],[155.8,-6.4],[155.9,-6.4],[155.9,-6.5],[155.9,-6.6]]],[[[147.4,-2.0],[147.4,-2.1],[147.3,-2.1],[147.3,-2.0],[147.3,-2.1],[147.2,-2.2],[147.1,-2.2],[147.0,-2.2],[147.1,-2.2],[147.0,-2.2],[146.8,-2.2],[146.8,-2.1],[146.7,-2.1],[146.7,-2.2],[146.6,-2.2],[146.5,-2.2],[146.5,-2.1],[146.6,-2.1],[146.6,-2.0],[146.7,-2.0],[146.8,-2.0],[146.8,-1.9],[146.9,-1.9],[146.9,-2.0],[147.1,-2.0],[147.2,-2.0],[147.3,-2.0],[147.4,-2.0]]],[[[153.8,-11.6],[153.7,-11.6],[153.6,-11.6],[153.5,-11.6],[153.6,-11.6],[153.5,-11.6],[153.4,-11.6],[153.4,-11.5],[153.3,-11.5],[153.3,-11.4],[153.2,-11.4],[153.2,-11.3],[153.3,-11.4],[153.4,-11.4],[153.5,-11.5],[153.6,-11.5],[153.7,-11.5],[153.7,-11.6],[153.8,-11.6]]]]}},{"type":"Feature","properties":{"iso3":"EGY","name":"Egypt","ilo169":"not ratified","colonial":"none recorded","land_deal_ha":508004.0,"debt_pct_gni":42.0,"conquests_made":4,"conquests_suffered":2},"geometry":{"type":"MultiPolygon","coordinates":[[[[34.4,30.9],[34.4,30.8],[34.5,30.7],[34.5,30.6],[34.5,30.5],[34.5,30.4],[34.6,30.4],[34.6,30.3],[34.7,30.1],[34.7,30.0],[34.7,29.9],[34.8,29.8],[34.8,29.7],[34.9,29.6],[34.8,29.6],[34.9,29.5],[34.8,29.5],[34.8,29.4],[34.8,29.3],[34.7,29.3],[34.7,29.2],[34.7,29.1],[34.7,29.0],[34.6,29.0],[34.6,28.9],[34.6,28.8],[34.6,28.7],[34.6,28.6],[34.5,28.6],[34.5,28.5],[34.5,28.4],[34.4,28.4],[34.4,28.3],[34.4,28.2],[34.5,28.2],[34.4,28.2],[34.4,28.1],[34.4,28.0],[34.4,27.9],[34.3,27.9],[34.3,27.8],[34.2,27.8],[34.3,27.8],[34.2,27.8],[34.3,27.8],[34.3,27.7],[34.2,27.7],[34.3,27.7],[34.2,27.7],[34.2,27.8],[34.1,27.8],[34.0,27.9],[33.9,27.9],[33.9,28.0],[33.8,28.0],[33.7,28.1],[33.7,28.2],[33.6,28.2],[33.6,28.3],[33.4,28.4],[33.3,28.5],[33.3,28.6],[33.3,28.5],[33.3,28.6],[33.2,28.6],[33.3,28.6],[33.2,28.6],[33.2,28.7],[33.2,28.8],[33.2,28.9],[33.2,29.0],[33.1,29.0],[33.1,29.1],[33.0,29.1],[33.0,29.2],[32.9,29.2],[32.9,29.3],[32.8,29.3],[32.8,29.4],[32.7,29.5],[32.7,29.6],[32.7,29.7],[32.7,29.8],[32.6,29.8],[32.6,29.9],[32.6,30.0],[32.6,29.9],[32.6,30.0],[32.5,30.0],[32.5,29.9],[32.4,29.8],[32.4,29.7],[32.4,29.6],[32.3,29.6],[32.4,29.6],[32.4,29.5],[32.5,29.5],[32.5,29.4],[32.6,29.4],[32.6,29.3],[32.6,29.2],[32.7,29.1],[32.6,29.1],[32.6,29.0],[32.7,28.9],[32.7,28.8],[32.8,28.8],[32.8,28.7],[32.9,28.6],[33.0,28.5],[33.0,28.4],[33.1,28.4],[33.0,28.4],[33.1,28.4],[33.1,28.3],[33.2,28.3],[33.2,28.2],[33.2,28.1],[33.3,28.1],[33.4,28.0],[33.4,28.1],[33.4,28.0],[33.5,28.0],[33.5,27.9],[33.6,27.9],[33.6,27.8],[33.5,27.8],[33.6,27.8],[33.6,27.7],[33.5,27.7],[33.6,27.7],[33.6,27.6],[33.6,27.7],[33.5,27.7],[33.5,27.6],[33.6,27.6],[33.6,27.5],[33.6,27.4],[33.7,27.4],[33.7,27.3],[33.8,27.3],[33.8,27.2],[33.8,27.1],[33.9,27.1],[33.9,27.0],[33.9,26.9],[34.0,26.9],[34.0,26.8],[33.9,26.8],[34.0,26.8],[34.0,26.7],[33.9,26.7],[34.0,26.6],[34.1,26.5],[34.1,26.4],[34.2,26.3],[34.3,26.1],[34.3,26.0],[34.4,25.9],[34.5,25.8],[34.5,25.7],[34.6,25.6],[34.6,25.5],[34.7,25.5],[34.7,25.4],[34.7,25.3],[34.8,25.3],[34.8,25.2],[34.9,25.1],[34.9,25.0],[35.0,24.9],[35.0,24.8],[35.1,24.8],[35.1,24.7],[35.1,24.6],[35.2,24.6],[35.1,24.5],[35.2,24.5],[35.2,24.4],[35.4,24.3],[35.4,24.2],[35.5,24.2],[35.5,24.1],[35.6,24.1],[35.6,24.0],[35.7,24.0],[35.8,24.0],[35.8,23.9],[35.7,23.9],[35.6,23.9],[35.6,24.0],[35.5,24.0],[35.5,23.9],[35.5,23.8],[35.5,23.7],[35.5,23.6],[35.5,23.5],[35.5,23.4],[35.6,23.4],[35.6,23.3],[35.6,23.2],[35.6,23.1],[35.7,23.1],[35.7,23.0],[35.7,22.9],[35.8,22.9],[35.7,22.9],[35.8,22.9],[35.8,22.8],[35.9,22.7],[36.0,22.7],[36.1,22.7],[36.2,22.7],[36.2,22.6],[36.3,22.6],[36.3,22.5],[36.4,22.4],[36.5,22.3],[36.6,22.3],[36.6,22.2],[36.7,22.2],[36.8,22.2],[36.8,22.1],[36.9,22.1],[36.9,22.0],[36.6,22.0],[36.4,22.0],[36.2,22.0],[36.0,22.0],[35.7,22.0],[35.5,22.0],[35.3,22.0],[35.0,22.0],[34.8,22.0],[34.6,22.0],[34.3,22.0],[34.1,22.0],[33.9,22.0],[33.6,22.0],[33.4,22.0],[33.2,22.0],[33.1,22.0],[33.0,22.0],[32.9,22.0],[32.8,22.0],[32.6,22.0],[32.5,22.0],[32.4,22.0],[32.3,22.0],[32.2,22.0],[32.1,22.0],[32.0,22.0],[31.9,22.0],[31.8,22.0],[31.7,22.0],[31.6,22.0],[31.5,22.0],[31.4,22.0],[31.5,22.1],[31.5,22.2],[31.4,22.2],[31.3,22.1],[31.3,22.0],[31.2,22.0],[31.1,22.0],[31.0,22.0],[30.9,22.0],[30.8,22.0],[30.7,22.0],[30.6,22.0],[30.5,22.0],[30.4,22.0],[30.3,22.0],[30.2,22.0],[30.1,22.0],[30.0,22.0],[29.9,22.0],[29.8,22.0],[29.7,22.0],[29.6,22.0],[29.5,22.0],[29.4,22.0],[29.3,22.0],[29.2,22.0],[29.1,22.0],[29.0,22.0],[28.9,22.0],[28.8,22.0],[28.7,22.0],[28.6,22.0],[28.5,22.0],[28.4,22.0],[28.3,22.0],[28.2,22.0],[28.1,22.0],[28.0,22.0],[27.9,22.0],[27.8,22.0],[27.7,22.0],[27.6,22.0],[27.5,22.0],[27.4,22.0],[27.3,22.0],[27.2,22.0],[27.1,22.0],[27.0,22.0],[26.9,22.0],[26.8,22.0],[26.7,22.0],[26.6,22.0],[26.5,22.0],[26.4,22.0],[26.3,22.0],[26.2,22.0],[26.1,22.0],[26.0,22.0],[25.9,22.0],[25.8,22.0],[25.7,22.0],[25.6,22.0],[25.5,22.0],[25.4,22.0],[25.3,22.0],[25.2,22.0],[25.1,22.0],[25.0,22.0],[25.0,22.3],[25.0,22.6],[25.0,22.9],[25.0,23.2],[25.0,23.5],[25.0,23.7],[25.0,24.0],[25.0,24.3],[25.0,24.6],[25.0,24.9],[25.0,25.2],[25.0,25.5],[25.0,25.8],[25.0,26.1],[25.0,26.4],[25.0,26.7],[25.0,26.9],[25.0,27.0],[25.0,27.1],[25.0,27.5],[25.0,27.6],[25.0,27.7],[25.0,28.0],[25.0,28.1],[25.0,28.5],[25.0,28.9],[25.0,29.1],[25.0,29.2],[25.0,29.3],[24.9,29.5],[24.9,29.6],[24.9,29.7],[24.8,29.8],[24.8,29.9],[24.7,30.1],[24.7,30.2],[24.7,30.3],[24.8,30.3],[24.8,30.4],[24.9,30.5],[24.9,30.6],[25.0,30.6],[25.0,30.7],[25.0,30.8],[24.9,30.9],[24.9,31.0],[24.9,31.1],[24.9,31.2],[24.8,31.3],[24.9,31.4],[25.0,31.5],[25.1,31.6],[25.2,31.7],[25.1,31.6],[25.2,31.6],[25.2,31.5],[25.3,31.5],[25.4,31.5],[25.5,31.5],[25.6,31.6],[25.8,31.6],[25.9,31.6],[26.0,31.6],[26.4,31.5],[26.7,31.5],[26.8,31.5],[26.8,31.4],[26.9,31.4],[27.0,31.4],[27.1,31.4],[27.2,31.4],[27.3,31.4],[27.3,31.3],[27.4,31.3],[27.4,31.2],[27.5,31.2],[27.6,31.2],[27.7,31.2],[27.8,31.2],[27.9,31.2],[27.9,31.1],[28.0,31.1],[28.2,31.1],[28.3,31.1],[28.4,31.1],[28.5,31.1],[28.5,31.0],[28.6,31.0],[28.7,31.0],[28.8,31.0],[28.8,30.9],[28.9,30.9],[29.0,30.8],[29.2,30.8],[29.4,30.9],[29.5,31.0],[29.6,31.0],[29.8,31.1],[29.8,31.2],[29.9,31.2],[30.0,31.3],[30.1,31.3],[30.2,31.3],[30.1,31.3],[30.1,31.2],[30.2,31.2],[30.1,31.2],[30.2,31.2],[30.3,31.3],[30.3,31.2],[30.3,31.3],[30.3,31.2],[30.3,31.3],[30.2,31.3],[30.3,31.3],[30.2,31.3],[30.3,31.3],[30.3,31.4],[30.4,31.5],[30.3,31.5],[30.4,31.5],[30.4,31.4],[30.4,31.5],[30.5,31.5],[30.7,31.5],[31.0,31.6],[30.9,31.5],[30.8,31.5],[30.7,31.5],[30.6,31.4],[30.5,31.4],[30.6,31.4],[30.7,31.4],[30.8,31.4],[30.9,31.4],[30.9,31.5],[31.0,31.4],[31.0,31.5],[31.1,31.5],[31.1,31.6],[31.0,31.6],[31.1,31.6],[31.2,31.6],[31.3,31.5],[31.4,31.5],[31.5,31.4],[31.6,31.4],[31.7,31.5],[31.8,31.5],[31.9,31.5],[32.0,31.5],[32.0,31.4],[32.1,31.4],[32.1,31.3],[32.2,31.3],[32.1,31.4],[32.1,31.3],[32.1,31.4],[32.0,31.4],[31.9,31.5],[31.8,31.5],[31.9,31.5],[31.9,31.4],[31.9,31.5],[31.8,31.5],[31.8,31.4],[31.9,31.4],[31.8,31.4],[31.9,31.4],[31.8,31.4],[31.8,31.3],[31.8,31.2],[31.9,31.2],[31.9,31.3],[31.9,31.2],[32.0,31.2],[32.0,31.1],[32.1,31.1],[32.0,31.1],[32.1,31.1],[32.2,31.1],[32.3,31.1],[32.3,31.2],[32.3,31.3],[32.2,31.3],[32.3,31.3],[32.3,31.2],[32.4,31.2],[32.5,31.2],[32.5,31.1],[32.6,31.1],[32.7,31.1],[32.8,31.1],[32.9,31.1],[32.9,31.2],[32.9,31.1],[32.8,31.1],[32.7,31.1],[32.7,31.0],[32.7,31.1],[32.8,31.1],[32.8,31.0],[32.8,31.1],[32.9,31.1],[33.0,31.1],[33.1,31.1],[33.0,31.1],[33.0,31.2],[33.1,31.2],[33.1,31.1],[33.2,31.1],[33.1,31.1],[33.1,31.0],[33.2,31.1],[33.3,31.1],[33.4,31.1],[33.4,31.2],[33.4,31.1],[33.4,31.2],[33.5,31.1],[33.6,31.1],[33.9,31.2],[34.0,31.2],[34.2,31.3],[34.2,31.2],[34.3,31.2],[34.3,31.1],[34.3,31.0],[34.4,30.9]],[[35.4,23.0],[35.2,22.8],[35.3,22.9],[35.5,23.0],[35.6,23.1],[35.4,23.0]],[[34.5,22.3],[34.7,22.3],[34.4,22.2],[34.1,22.2],[34.3,22.2],[34.5,22.3]]],[[[33.2,31.2],[33.1,31.2],[33.0,31.2],[32.9,31.1],[32.9,31.2],[33.0,31.2],[33.1,31.2],[33.3,31.2],[33.2,31.2]]]]}},{"type":"Feature","properties":{"iso3":"YEM","name":"Yemen","ilo169":"not ratified","colonial":"none recorded","conquests_made":1,"conquests_suffered":2},"geometry":{"type":"MultiPolygon","coordinates":[[[[52.0,19.0],[52.0,18.9],[52.1,18.8],[52.1,18.7],[52.1,18.6],[52.2,18.5],[52.2,18.4],[52.3,18.3],[52.3,18.2],[52.4,18.1],[52.4,18.0],[52.5,17.9],[52.5,17.8],[52.6,17.7],[52.6,17.6],[52.7,17.5],[52.7,17.4],[52.7,17.3],[52.8,17.3],[52.8,17.2],[52.9,17.0],[53.0,16.9],[53.0,16.8],[53.1,16.6],[53.0,16.6],[52.9,16.6],[52.8,16.5],[52.7,16.5],[52.6,16.5],[52.5,16.4],[52.4,16.4],[52.3,16.3],[52.3,16.2],[52.2,16.2],[52.2,16.1],[52.2,16.0],[52.2,15.9],[52.2,15.8],[52.2,15.7],[52.2,15.6],[52.0,15.6],[52.0,15.5],[51.9,15.5],[51.8,15.5],[51.8,15.4],[51.7,15.4],[51.7,15.3],[51.5,15.3],[51.4,15.3],[51.4,15.2],[51.3,15.2],[51.1,15.1],[50.9,15.1],[50.7,15.1],[50.6,15.0],[50.5,15.0],[50.4,15.0],[50.4,14.9],[50.3,14.9],[50.2,14.9],[50.2,14.8],[50.1,14.8],[50.0,14.8],[50.0,14.9],[50.0,14.8],[49.9,14.8],[49.8,14.8],[49.6,14.7],[49.5,14.7],[49.4,14.7],[49.4,14.6],[49.3,14.6],[49.2,14.6],[49.2,14.5],[49.1,14.5],[49.0,14.4],[49.0,14.3],[48.9,14.3],[48.9,14.2],[48.8,14.2],[48.8,14.1],[48.7,14.1],[48.7,14.0],[48.6,14.0],[48.5,14.0],[48.4,14.0],[48.3,14.0],[48.2,14.0],[48.1,14.0],[48.0,14.1],[48.0,14.0],[47.9,14.0],[47.8,13.9],[47.7,13.9],[47.6,13.9],[47.6,13.8],[47.4,13.7],[47.2,13.6],[46.9,13.5],[46.8,13.5],[46.7,13.4],[46.6,13.4],[46.5,13.4],[46.3,13.4],[46.2,13.4],[46.1,13.4],[45.9,13.4],[45.8,13.4],[45.7,13.3],[45.6,13.3],[45.5,13.2],[45.4,13.1],[45.2,13.0],[45.1,13.0],[45.1,12.9],[45.1,12.8],[45.0,12.8],[45.0,12.9],[45.0,12.8],[44.9,12.8],[44.9,12.7],[44.8,12.7],[44.8,12.8],[44.7,12.7],[44.7,12.8],[44.6,12.8],[44.5,12.8],[44.4,12.7],[44.3,12.6],[44.2,12.6],[44.1,12.6],[44.2,12.6],[44.2,12.7],[44.1,12.6],[44.0,12.6],[43.9,12.6],[43.9,12.7],[43.8,12.7],[43.7,12.7],[43.6,12.7],[43.6,12.8],[43.5,12.7],[43.5,12.8],[43.5,12.9],[43.4,12.9],[43.4,13.0],[43.3,13.1],[43.2,13.2],[43.2,13.3],[43.3,13.5],[43.3,13.6],[43.3,13.7],[43.2,13.8],[43.2,13.9],[43.2,14.0],[43.1,14.0],[43.1,14.1],[43.1,14.2],[43.0,14.3],[43.0,14.4],[43.0,14.5],[43.0,14.4],[43.0,14.5],[43.0,14.6],[43.0,14.7],[43.0,14.8],[42.9,14.8],[42.9,14.9],[42.9,14.8],[43.0,14.9],[42.9,14.9],[42.9,15.0],[42.9,15.1],[42.8,15.2],[42.7,15.2],[42.6,15.2],[42.7,15.2],[42.7,15.3],[42.7,15.4],[42.7,15.3],[42.8,15.3],[42.8,15.2],[42.8,15.3],[42.8,15.4],[42.8,15.5],[42.7,15.6],[42.7,15.7],[42.7,15.8],[42.8,15.8],[42.8,15.9],[42.8,16.1],[42.8,16.2],[42.8,16.3],[42.8,16.4],[42.9,16.4],[42.9,16.5],[43.0,16.5],[43.0,16.6],[43.1,16.6],[43.1,16.7],[43.2,16.7],[43.2,16.8],[43.1,16.8],[43.1,16.9],[43.1,17.0],[43.1,17.1],[43.2,17.2],[43.2,17.3],[43.3,17.3],[43.2,17.3],[43.2,17.4],[43.3,17.5],[43.4,17.5],[43.5,17.5],[43.6,17.5],[43.7,17.4],[43.8,17.3],[43.9,17.3],[43.9,17.4],[43.9,17.3],[44.0,17.3],[44.0,17.4],[44.1,17.3],[44.1,17.4],[44.2,17.4],[44.3,17.4],[44.4,17.4],[44.5,17.4],[44.6,17.4],[44.8,17.4],[45.0,17.4],[45.2,17.4],[45.4,17.3],[45.6,17.3],[45.9,17.3],[46.1,17.2],[46.3,17.2],[46.5,17.2],[46.7,17.3],[46.8,17.2],[46.9,17.1],[47.0,17.0],[47.0,16.9],[47.1,16.9],[47.2,16.9],[47.2,17.0],[47.3,17.0],[47.4,17.1],[47.5,17.1],[47.5,17.3],[47.6,17.4],[47.6,17.5],[47.7,17.6],[47.8,17.8],[48.0,17.9],[48.1,18.1],[48.2,18.1],[48.2,18.2],[48.3,18.2],[48.5,18.3],[48.7,18.4],[48.8,18.5],[49.0,18.6],[49.1,18.6],[49.3,18.6],[49.4,18.7],[49.6,18.7],[49.7,18.7],[49.9,18.7],[50.1,18.7],[50.2,18.8],[50.4,18.8],[50.5,18.8],[50.7,18.8],[50.9,18.8],[51.0,18.9],[51.2,18.9],[51.3,18.9],[51.5,18.9],[51.7,19.0],[51.8,19.0],[52.0,19.0]]],[[[54.5,12.5],[54.5,12.6],[54.5,12.5],[54.4,12.5],[54.3,12.4],[54.2,12.4],[54.1,12.4],[54.0,12.4],[54.0,12.3],[53.9,12.3],[53.8,12.3],[53.7,12.3],[53.6,12.3],[53.6,12.4],[53.5,12.4],[53.4,12.5],[53.3,12.5],[53.3,12.6],[53.3,12.5],[53.4,12.5],[53.4,12.6],[53.4,12.7],[53.5,12.7],[53.6,12.7],[53.7,12.7],[53.8,12.6],[53.9,12.6],[53.9,12.7],[53.9,12.6],[54.0,12.6],[54.0,12.7],[54.1,12.7],[54.2,12.7],[54.3,12.6],[54.4,12.6],[54.5,12.5]]]]}},{"type":"Feature","properties":{"iso3":"MRT","name":"Mauritania","ilo169":"not ratified","colonial":"none recorded","land_deal_ha":6000.0,"debt_pct_gni":41.8},"geometry":{"type":"MultiPolygon","coordinates":[[[[-8.7,27.3],[-8.5,27.2],[-8.3,27.1],[-8.1,26.9],[-7.9,26.8],[-7.7,26.7],[-7.5,26.6],[-7.3,26.5],[-7.1,26.4],[-6.9,26.2],[-6.7,26.1],[-6.5,26.0],[-6.3,25.9],[-6.1,25.8],[-6.0,25.7],[-5.8,25.6],[-5.7,25.5],[-5.6,25.5],[-5.5,25.4],[-5.3,25.3],[-5.2,25.2],[-5.0,25.1],[-4.8,25.0],[-5.0,25.0],[-5.3,25.0],[-5.5,25.0],[-5.7,25.0],[-5.9,25.0],[-6.2,25.0],[-6.4,25.0],[-6.6,25.0],[-6.6,24.9],[-6.6,24.8],[-6.6,24.7],[-6.5,24.6],[-6.5,24.5],[-6.5,24.4],[-6.5,24.3],[-6.5,24.2],[-6.5,24.1],[-6.5,23.9],[-6.4,23.8],[-6.4,23.6],[-6.4,23.5],[-6.4,23.4],[-6.4,23.3],[-6.4,23.2],[-6.4,23.1],[-6.4,23.0],[-6.3,22.9],[-6.3,22.8],[-6.3,22.7],[-6.3,22.5],[-6.3,22.4],[-6.3,22.3],[-6.3,22.2],[-6.2,22.1],[-6.2,21.9],[-6.2,21.8],[-6.2,21.7],[-6.2,21.6],[-6.2,21.5],[-6.2,21.3],[-6.1,21.2],[-6.1,21.1],[-6.1,21.0],[-6.1,20.9],[-6.1,20.8],[-6.1,20.7],[-6.1,20.6],[-6.1,20.5],[-6.0,20.4],[-6.0,20.2],[-6.0,20.1],[-6.0,20.0],[-6.0,19.9],[-6.0,19.7],[-6.0,19.6],[-5.9,19.5],[-5.9,19.4],[-5.9,19.3],[-5.9,19.2],[-5.9,19.1],[-5.9,19.0],[-5.9,18.9],[-5.9,18.8],[-5.9,18.7],[-5.8,18.6],[-5.8,18.5],[-5.8,18.4],[-5.8,18.3],[-5.8,18.2],[-5.8,18.1],[-5.8,18.0],[-5.8,17.9],[-5.8,17.8],[-5.8,17.7],[-5.7,17.7],[-5.7,17.6],[-5.7,17.5],[-5.7,17.4],[-5.7,17.3],[-5.7,17.2],[-5.7,17.1],[-5.7,17.0],[-5.7,16.9],[-5.7,16.8],[-5.6,16.7],[-5.6,16.6],[-5.6,16.5],[-5.5,16.4],[-5.4,16.4],[-5.4,16.3],[-5.4,16.2],[-5.4,16.1],[-5.4,16.0],[-5.4,15.9],[-5.5,15.8],[-5.5,15.7],[-5.5,15.6],[-5.5,15.5],[-5.7,15.5],[-5.8,15.5],[-5.9,15.5],[-6.0,15.5],[-6.1,15.5],[-6.2,15.5],[-6.3,15.5],[-6.4,15.5],[-6.5,15.5],[-6.7,15.5],[-6.8,15.5],[-7.0,15.5],[-7.2,15.5],[-7.3,15.5],[-7.5,15.5],[-7.7,15.5],[-7.9,15.5],[-8.0,15.5],[-8.2,15.5],[-8.3,15.5],[-8.5,15.5],[-8.6,15.5],[-8.7,15.5],[-8.8,15.5],[-8.9,15.5],[-9.0,15.5],[-9.1,15.5],[-9.2,15.5],[-9.3,15.5],[-9.3,15.6],[-9.3,15.7],[-9.4,15.7],[-9.4,15.6],[-9.5,15.6],[-9.4,15.5],[-9.4,15.4],[-9.7,15.4],[-9.8,15.4],[-10.0,15.4],[-10.1,15.4],[-10.2,15.4],[-10.3,15.4],[-10.4,15.4],[-10.5,15.4],[-10.6,15.4],[-10.7,15.4],[-10.7,15.3],[-10.8,15.3],[-10.8,15.2],[-10.9,15.2],[-10.9,15.1],[-10.9,15.2],[-11.0,15.2],[-11.0,15.3],[-11.3,15.5],[-11.4,15.6],[-11.5,15.6],[-11.6,15.6],[-11.6,15.5],[-11.7,15.5],[-11.8,15.5],[-11.8,15.4],[-11.8,15.3],[-11.8,15.2],[-11.8,15.1],[-11.9,15.1],[-11.9,15.0],[-11.8,15.0],[-11.8,14.9],[-11.9,14.9],[-11.9,14.8],[-12.0,14.8],[-12.1,14.8],[-12.1,14.7],[-12.1,14.8],[-12.2,14.8],[-12.3,14.8],[-12.4,14.8],[-12.4,14.9],[-12.5,15.0],[-12.6,15.1],[-12.7,15.1],[-12.8,15.1],[-12.8,15.2],[-12.9,15.2],[-12.9,15.3],[-12.8,15.3],[-12.9,15.4],[-12.9,15.5],[-13.0,15.5],[-13.1,15.5],[-13.1,15.6],[-13.2,15.6],[-13.2,15.7],[-13.3,15.7],[-13.3,15.8],[-13.3,15.9],[-13.3,16.0],[-13.4,16.0],[-13.4,16.1],[-13.5,16.1],[-13.5,16.2],[-13.5,16.1],[-13.6,16.1],[-13.7,16.1],[-13.7,16.2],[-13.8,16.2],[-13.8,16.1],[-13.9,16.1],[-13.9,16.2],[-14.0,16.2],[-14.0,16.3],[-14.0,16.4],[-14.1,16.4],[-14.1,16.5],[-14.2,16.5],[-14.3,16.5],[-14.3,16.6],[-14.4,16.7],[-14.5,16.6],[-14.6,16.6],[-14.7,16.6],[-14.9,16.6],[-14.9,16.7],[-15.0,16.7],[-15.0,16.6],[-15.1,16.6],[-15.1,16.7],[-15.1,16.6],[-15.2,16.6],[-15.3,16.6],[-15.4,16.6],[-15.4,16.5],[-15.4,16.6],[-15.5,16.6],[-15.5,16.5],[-15.6,16.5],[-15.7,16.5],[-15.8,16.5],[-15.9,16.5],[-16.0,16.5],[-16.1,16.5],[-16.1,16.6],[-16.2,16.5],[-16.3,16.5],[-16.3,16.4],[-16.4,16.2],[-16.5,16.2],[-16.5,16.1],[-16.5,16.0],[-16.5,15.9],[-16.5,15.8],[-16.5,16.0],[-16.5,16.1],[-16.5,16.3],[-16.5,16.4],[-16.5,16.5],[-16.5,16.6],[-16.4,16.8],[-16.4,16.9],[-16.3,16.9],[-16.3,17.0],[-16.2,17.2],[-16.2,17.3],[-16.1,17.5],[-16.0,17.7],[-16.0,17.8],[-16.0,18.0],[-16.0,18.1],[-16.1,18.5],[-16.1,18.6],[-16.2,18.8],[-16.2,19.0],[-16.2,19.1],[-16.3,19.1],[-16.3,19.2],[-16.4,19.2],[-16.5,19.3],[-16.5,19.4],[-16.4,19.4],[-16.3,19.5],[-16.4,19.5],[-16.4,19.4],[-16.5,19.4],[-16.5,19.5],[-16.4,19.5],[-16.4,19.6],[-16.3,19.7],[-16.3,19.8],[-16.2,19.8],[-16.2,19.9],[-16.3,19.8],[-16.3,19.9],[-16.2,19.9],[-16.3,19.9],[-16.2,20.0],[-16.2,20.1],[-16.3,20.1],[-16.2,20.1],[-16.2,20.2],[-16.2,20.3],[-16.3,20.3],[-16.3,20.4],[-16.4,20.4],[-16.3,20.4],[-16.3,20.5],[-16.4,20.5],[-16.4,20.6],[-16.5,20.6],[-16.5,20.7],[-16.4,20.7],[-16.5,20.7],[-16.5,20.6],[-16.6,20.6],[-16.6,20.7],[-16.7,20.7],[-16.7,20.8],[-16.7,20.9],[-16.8,20.9],[-16.8,21.0],[-16.9,21.1],[-16.9,21.2],[-17.0,21.1],[-17.0,21.0],[-17.0,20.9],[-17.1,20.9],[-17.0,20.9],[-17.0,20.8],[-17.1,20.8],[-17.1,20.9],[-17.1,21.0],[-17.0,21.0],[-17.0,21.1],[-17.0,21.2],[-17.0,21.3],[-16.8,21.3],[-16.7,21.3],[-16.5,21.3],[-16.3,21.3],[-16.0,21.3],[-15.7,21.3],[-15.3,21.3],[-15.0,21.3],[-14.7,21.3],[-14.3,21.3],[-14.0,21.3],[-13.7,21.3],[-13.5,21.3],[-13.3,21.3],[-13.2,21.3],[-13.0,21.3],[-13.0,21.5],[-13.0,21.6],[-13.1,22.0],[-13.1,22.2],[-13.1,22.5],[-13.1,22.6],[-13.2,22.7],[-13.2,22.8],[-13.1,22.9],[-13.0,23.0],[-12.9,23.1],[-12.8,23.2],[-12.7,23.2],[-12.6,23.3],[-12.4,23.3],[-12.1,23.4],[-12.0,23.4],[-12.0,23.5],[-12.0,23.6],[-12.0,23.7],[-12.0,23.8],[-12.0,23.9],[-12.0,24.0],[-12.0,24.1],[-12.0,24.2],[-12.0,24.3],[-12.0,24.4],[-12.0,24.5],[-12.0,24.6],[-12.0,24.7],[-12.0,24.8],[-12.0,24.9],[-12.0,25.0],[-12.0,25.1],[-12.0,25.2],[-12.0,25.3],[-12.0,25.4],[-12.0,25.5],[-12.0,25.6],[-12.0,25.7],[-12.0,25.8],[-12.0,25.9],[-12.0,26.0],[-11.9,26.0],[-11.8,26.0],[-11.7,26.0],[-11.6,26.0],[-11.5,26.0],[-11.4,26.0],[-11.3,26.0],[-11.2,26.0],[-11.1,26.0],[-11.0,26.0],[-10.9,26.0],[-10.8,26.0],[-10.7,26.0],[-10.6,26.0],[-10.5,26.0],[-10.4,26.0],[-10.3,26.0],[-10.2,26.0],[-10.1,26.0],[-10.0,26.0],[-9.9,26.0],[-9.8,26.0],[-9.7,26.0],[-9.6,26.0],[-9.5,26.0],[-9.4,26.0],[-9.3,26.0],[-9.2,26.0],[-9.1,26.0],[-9.0,26.0],[-8.9,26.0],[-8.8,26.0],[-8.7,26.0],[-8.7,26.1],[-8.7,26.2],[-8.7,26.3],[-8.7,26.4],[-8.7,26.6],[-8.7,26.7],[-8.7,26.8],[-8.7,26.9],[-8.7,27.0],[-8.7,27.1],[-8.7,27.2],[-8.7,27.3]]]]}},{"type":"Feature","properties":{"iso3":"GNQ","name":"Equatorial Guinea","ilo169":"not ratified","colonial":"none recorded"},"geometry":{"type":"MultiPolygon","coordinates":[[[[9.8,2.3],[9.8,2.2],[9.9,2.2],[10.0,2.2],[10.1,2.2],[10.2,2.2],[10.4,2.2],[10.7,2.2],[11.0,2.2],[11.3,2.2],[11.3,2.1],[11.3,2.0],[11.3,1.8],[11.3,1.7],[11.3,1.5],[11.3,1.3],[11.3,1.0],[11.0,1.0],[10.7,1.0],[10.4,1.0],[10.1,1.0],[10.0,1.0],[10.0,0.9],[9.9,0.9],[9.9,1.0],[9.8,1.0],[9.8,1.1],[9.7,1.1],[9.6,1.1],[9.6,1.0],[9.6,1.1],[9.5,1.1],[9.4,1.1],[9.4,1.2],[9.3,1.2],[9.4,1.2],[9.4,1.3],[9.5,1.3],[9.5,1.4],[9.5,1.5],[9.6,1.5],[9.6,1.6],[9.7,1.6],[9.6,1.6],[9.6,1.7],[9.7,1.7],[9.7,1.8],[9.8,1.8],[9.8,1.9],[9.8,2.0],[9.8,2.1],[9.8,2.2],[9.8,2.3]]],[[[8.9,3.8],[8.9,3.7],[9.0,3.7],[9.0,3.6],[8.9,3.6],[8.9,3.5],[8.8,3.5],[8.8,3.4],[8.8,3.3],[8.7,3.3],[8.7,3.2],[8.6,3.2],[8.5,3.2],[8.5,3.3],[8.4,3.3],[8.4,3.4],[8.5,3.4],[8.5,3.5],[8.6,3.5],[8.6,3.6],[8.6,3.7],[8.7,3.7],[8.7,3.8],[8.8,3.8],[8.8,3.7],[8.9,3.7],[8.9,3.8]]]]}},{"type":"Feature","properties":{"iso3":"GMB","name":"Gambia","ilo169":"not ratified","colonial":"none recorded","land_deal_ha":30000.0,"debt_pct_gni":66.4},"geometry":{"type":"Polygon","coordinates":[[[-16.8,13.1],[-16.8,13.2],[-16.8,13.3],[-16.8,13.4],[-16.7,13.5],[-16.6,13.5],[-16.6,13.4],[-16.6,13.3],[-16.5,13.3],[-16.4,13.3],[-16.4,13.2],[-16.4,13.3],[-16.3,13.3],[-16.2,13.3],[-16.2,13.4],[-16.1,13.4],[-16.0,13.4],[-15.9,13.4],[-15.8,13.4],[-15.7,13.5],[-15.6,13.5],[-15.5,13.5],[-15.4,13.5],[-15.4,13.4],[-15.3,13.4],[-15.3,13.5],[-15.4,13.5],[-15.5,13.5],[-15.6,13.5],[-15.7,13.5],[-15.8,13.5],[-16.1,13.4],[-16.1,13.5],[-16.2,13.5],[-16.2,13.4],[-16.3,13.4],[-16.3,13.3],[-16.4,13.3],[-16.5,13.4],[-16.5,13.5],[-16.6,13.5],[-16.5,13.5],[-16.5,13.6],[-16.6,13.6],[-16.5,13.6],[-16.4,13.6],[-16.3,13.6],[-16.2,13.6],[-16.1,13.6],[-16.0,13.6],[-15.9,13.6],[-15.8,13.6],[-15.7,13.6],[-15.6,13.6],[-15.5,13.6],[-15.5,13.7],[-15.4,13.7],[-15.4,13.8],[-15.3,13.8],[-15.3,13.7],[-15.2,13.7],[-15.2,13.8],[-15.1,13.8],[-15.0,13.8],[-14.9,13.8],[-14.8,13.8],[-14.8,13.7],[-14.8,13.6],[-14.7,13.6],[-14.7,13.7],[-14.6,13.7],[-14.5,13.6],[-14.5,13.5],[-14.4,13.5],[-14.3,13.5],[-14.2,13.5],[-14.1,13.5],[-14.1,13.6],[-14.0,13.6],[-13.9,13.6],[-13.9,13.5],[-13.8,13.5],[-13.8,13.4],[-13.9,13.3],[-14.0,13.3],[-14.1,13.3],[-14.2,13.2],[-14.3,13.2],[-14.4,13.2],[-14.4,13.3],[-14.5,13.3],[-14.6,13.3],[-14.6,13.4],[-14.6,13.3],[-14.7,13.3],[-14.7,13.4],[-14.8,13.4],[-14.9,13.4],[-14.9,13.5],[-15.0,13.5],[-15.1,13.5],[-15.1,13.6],[-15.2,13.6],[-15.2,13.5],[-15.2,13.4],[-15.3,13.4],[-15.4,13.4],[-15.5,13.4],[-15.6,13.4],[-15.7,13.4],[-15.7,13.3],[-15.8,13.3],[-15.8,13.2],[-15.9,13.2],[-16.0,13.2],[-16.1,13.2],[-16.3,13.2],[-16.5,13.2],[-16.6,13.2],[-16.7,13.2],[-16.7,13.1],[-16.8,13.1]]]}},{"type":"Feature","properties":{"iso3":"HKG","name":"Hong Kong S.A.R.","ilo169":"not ratified","colonial":"A dependency of another state"},"geometry":{"type":"MultiPolygon","coordinates":[[[[114.2,22.6],[114.2,22.5],[114.2,22.6],[114.2,22.5],[114.3,22.6],[114.3,22.5],[114.2,22.5],[114.2,22.4],[114.2,22.5],[114.2,22.4],[114.3,22.4],[114.3,22.5],[114.3,22.4],[114.4,22.4],[114.4,22.5],[114.4,22.4],[114.4,22.3],[114.4,22.4],[114.3,22.3],[114.3,22.4],[114.3,22.3],[114.3,22.4],[114.3,22.3],[114.2,22.3],[114.1,22.3],[114.1,22.4],[114.0,22.4],[113.9,22.4],[114.0,22.4],[114.0,22.5],[114.1,22.5],[114.2,22.6]]]]}},{"type":"Feature","properties":{"iso3":"FJI","name":"Fiji","ilo169":"ratified","colonial":"none recorded","debt_pct_gni":71.4,"conquests_suffered":1},"geometry":{"type":"MultiPolygon","coordinates":[[[[180.0,-16.1],[180.0,-16.2],[179.9,-16.2],[179.9,-16.3],[179.8,-16.3],[179.8,-16.4],[179.7,-16.5],[179.6,-16.5],[179.6,-16.6],[179.5,-16.7],[179.5,-16.8],[179.5,-16.7],[179.5,-16.8],[179.6,-16.8],[179.6,-16.7],[179.7,-16.7],[179.7,-16.6],[179.8,-16.6],[179.8,-16.5],[179.9,-16.5],[180.0,-16.5],[179.9,-16.5],[179.9,-16.6],[179.8,-16.7],[179.9,-16.7],[180.0,-16.7],[179.9,-16.8],[179.9,-16.7],[179.9,-16.8],[179.9,-16.7],[179.8,-16.7],[179.7,-16.7],[179.7,-16.8],[179.7,-16.7],[179.6,-16.7],[179.6,-16.8],[179.5,-16.8],[179.4,-16.8],[179.3,-16.8],[179.4,-16.8],[179.3,-16.7],[179.4,-16.7],[179.3,-16.7],[179.2,-16.7],[179.1,-16.8],[179.0,-16.8],[179.0,-16.9],[179.1,-16.9],[179.0,-16.9],[178.9,-16.9],[178.9,-16.8],[178.9,-16.9],[178.8,-16.9],[178.8,-17.0],[178.7,-17.0],[178.7,-16.9],[178.6,-16.9],[178.6,-16.8],[178.5,-16.8],[178.5,-16.7],[178.6,-16.7],[178.6,-16.6],[178.6,-16.7],[178.5,-16.6],[178.6,-16.6],[178.7,-16.6],[178.7,-16.7],[178.7,-16.6],[178.8,-16.6],[178.8,-16.5],[178.9,-16.6],[178.9,-16.5],[178.9,-16.6],[178.9,-16.5],[179.0,-16.5],[179.1,-16.5],[179.1,-16.4],[179.2,-16.4],[179.3,-16.4],[179.4,-16.4],[179.4,-16.3],[179.4,-16.4],[179.4,-16.3],[179.5,-16.3],[179.5,-16.2],[179.5,-16.3],[179.6,-16.3],[179.6,-16.2],[179.6,-16.3],[179.6,-16.2],[179.6,-16.3],[179.6,-16.2],[179.7,-16.2],[179.8,-16.2],[179.9,-16.2],[180.0,-16.1]]],[[[178.7,-18.0],[178.7,-18.1],[178.6,-18.1],[178.5,-18.1],[178.6,-18.1],[178.5,-18.1],[178.4,-18.1],[178.3,-18.1],[178.3,-18.2],[178.2,-18.2],[178.1,-18.3],[178.1,-18.2],[178.0,-18.3],[177.9,-18.3],[177.8,-18.2],[177.7,-18.2],[177.6,-18.2],[177.5,-18.2],[177.4,-18.1],[177.3,-18.1],[177.3,-18.0],[177.3,-17.9],[177.3,-17.8],[177.4,-17.8],[177.4,-17.7],[177.4,-17.8],[177.4,-17.7],[177.4,-17.6],[177.5,-17.6],[177.5,-17.5],[177.5,-17.6],[177.5,-17.5],[177.6,-17.5],[177.6,-17.4],[177.7,-17.4],[177.6,-17.5],[177.7,-17.5],[177.7,-17.4],[177.8,-17.4],[177.9,-17.4],[178.0,-17.4],[178.1,-17.4],[178.1,-17.3],[178.1,-17.4],[178.2,-17.3],[178.3,-17.3],[178.3,-17.4],[178.2,-17.4],[178.3,-17.4],[178.3,-17.5],[178.2,-17.5],[178.3,-17.5],[178.3,-17.4],[178.4,-17.5],[178.5,-17.6],[178.6,-17.6],[178.6,-17.7],[178.6,-17.8],[178.6,-17.9],[178.6,-18.0],[178.7,-18.0]]],[[[178.4,-19.0],[178.5,-19.0],[178.4,-19.0],[178.3,-19.0],[178.2,-19.0],[178.2,-19.1],[178.2,-19.2],[178.2,-19.1],[178.1,-19.1],[178.1,-19.2],[178.1,-19.1],[178.0,-19.1],[178.0,-19.2],[178.0,-19.1],[178.1,-19.1],[178.1,-19.0],[178.2,-19.0],[178.3,-19.0],[178.3,-18.9],[178.4,-18.9],[178.4,-19.0]]]]}},{"type":"Feature","properties":{"iso3":"MDG","name":"Madagascar","ilo169":"not ratified","colonial":"none recorded","land_deal_ha":574596.0,"debt_pct_gni":39.2,"conquests_made":1,"conquests_suffered":2},"geometry":{"type":"MultiPolygon","coordinates":[[[[44.3,-20.4],[44.3,-20.3],[44.3,-20.2],[44.4,-20.1],[44.5,-20.0],[44.5,-19.9],[44.4,-19.8],[44.4,-19.7],[44.4,-19.6],[44.4,-19.5],[44.5,-19.5],[44.5,-19.4],[44.4,-19.4],[44.4,-19.3],[44.3,-19.2],[44.3,-19.1],[44.2,-19.1],[44.2,-19.0],[44.2,-18.9],[44.3,-18.9],[44.3,-18.8],[44.2,-18.7],[44.2,-18.6],[44.1,-18.5],[44.0,-18.4],[44.0,-18.2],[44.0,-18.0],[44.0,-17.9],[44.0,-17.8],[44.0,-17.7],[43.9,-17.6],[43.9,-17.5],[44.0,-17.4],[44.0,-17.3],[44.1,-17.2],[44.1,-17.1],[44.2,-17.1],[44.2,-17.0],[44.3,-16.9],[44.3,-16.8],[44.4,-16.8],[44.4,-16.7],[44.4,-16.6],[44.4,-16.5],[44.4,-16.6],[44.5,-16.5],[44.4,-16.4],[44.4,-16.3],[44.4,-16.2],[44.5,-16.2],[44.8,-16.2],[44.9,-16.2],[45.0,-16.2],[45.0,-16.1],[45.1,-16.1],[45.1,-16.0],[45.2,-16.0],[45.2,-15.9],[45.3,-15.9],[45.3,-16.0],[45.3,-16.1],[45.4,-16.1],[45.4,-16.0],[45.5,-16.0],[45.6,-16.0],[45.6,-15.9],[45.6,-16.0],[45.6,-16.1],[45.6,-16.0],[45.6,-15.9],[45.6,-15.8],[45.7,-15.8],[45.8,-15.8],[45.9,-15.8],[46.0,-15.8],[46.0,-15.9],[46.1,-15.9],[46.1,-15.8],[46.0,-15.8],[46.1,-15.8],[46.0,-15.8],[46.1,-15.7],[46.2,-15.7],[46.2,-15.8],[46.2,-15.9],[46.3,-15.9],[46.3,-16.0],[46.3,-15.9],[46.4,-16.0],[46.4,-15.9],[46.5,-16.0],[46.5,-15.9],[46.4,-15.9],[46.4,-15.8],[46.3,-15.8],[46.4,-15.8],[46.4,-15.7],[46.3,-15.7],[46.3,-15.6],[46.4,-15.6],[46.5,-15.5],[46.6,-15.5],[46.6,-15.4],[46.7,-15.4],[46.6,-15.4],[46.7,-15.4],[46.8,-15.3],[46.9,-15.2],[47.0,-15.2],[47.0,-15.3],[47.1,-15.3],[47.0,-15.4],[47.0,-15.5],[47.0,-15.6],[47.0,-15.5],[47.1,-15.5],[47.1,-15.4],[47.2,-15.5],[47.2,-15.4],[47.2,-15.3],[47.1,-15.3],[47.1,-15.2],[47.1,-15.1],[47.2,-15.1],[47.2,-15.0],[47.3,-14.9],[47.4,-14.9],[47.4,-14.8],[47.3,-14.9],[47.3,-14.8],[47.4,-14.7],[47.5,-14.7],[47.5,-14.8],[47.4,-14.9],[47.4,-15.0],[47.4,-15.1],[47.5,-15.1],[47.5,-15.0],[47.6,-15.0],[47.6,-14.9],[47.6,-14.8],[47.7,-14.8],[47.7,-14.7],[47.7,-14.6],[47.8,-14.6],[47.9,-14.6],[47.9,-14.7],[47.9,-14.6],[48.0,-14.6],[48.0,-14.7],[48.0,-14.8],[48.0,-14.7],[48.0,-14.6],[47.9,-14.6],[47.8,-14.6],[47.8,-14.5],[47.8,-14.6],[47.7,-14.6],[47.7,-14.5],[47.7,-14.4],[47.7,-14.3],[47.8,-14.3],[47.8,-14.2],[47.9,-14.2],[48.0,-14.2],[47.9,-14.1],[48.0,-14.1],[48.0,-14.2],[48.0,-14.3],[48.0,-14.2],[48.1,-14.1],[48.0,-14.1],[48.0,-14.0],[47.9,-14.0],[48.0,-14.0],[48.0,-13.9],[47.9,-13.9],[47.9,-13.8],[47.9,-13.7],[47.9,-13.6],[48.0,-13.6],[48.0,-13.5],[48.0,-13.6],[48.0,-13.5],[48.1,-13.5],[48.0,-13.5],[48.1,-13.5],[48.1,-13.6],[48.2,-13.6],[48.2,-13.7],[48.2,-13.8],[48.3,-13.8],[48.3,-13.7],[48.3,-13.6],[48.4,-13.6],[48.3,-13.6],[48.3,-13.5],[48.4,-13.5],[48.4,-13.6],[48.4,-13.5],[48.5,-13.5],[48.5,-13.4],[48.6,-13.4],[48.7,-13.4],[48.8,-13.4],[48.8,-13.3],[48.8,-13.2],[48.8,-13.1],[48.9,-13.1],[48.9,-13.0],[48.9,-12.9],[49.0,-12.8],[48.9,-12.8],[48.9,-12.7],[48.9,-12.6],[48.8,-12.6],[48.8,-12.5],[48.8,-12.4],[48.8,-12.5],[48.7,-12.4],[48.8,-12.4],[48.9,-12.4],[48.9,-12.5],[49.0,-12.5],[49.0,-12.4],[49.0,-12.3],[49.1,-12.3],[49.1,-12.2],[49.1,-12.3],[49.2,-12.3],[49.2,-12.2],[49.2,-12.1],[49.1,-12.1],[49.2,-12.1],[49.2,-12.0],[49.3,-11.9],[49.3,-12.0],[49.3,-12.1],[49.4,-12.1],[49.3,-12.1],[49.4,-12.1],[49.4,-12.2],[49.3,-12.2],[49.3,-12.1],[49.2,-12.2],[49.3,-12.2],[49.3,-12.3],[49.4,-12.3],[49.4,-12.2],[49.4,-12.3],[49.5,-12.4],[49.5,-12.3],[49.5,-12.4],[49.6,-12.4],[49.6,-12.5],[49.6,-12.6],[49.6,-12.7],[49.6,-12.6],[49.6,-12.7],[49.7,-12.7],[49.7,-12.8],[49.7,-12.7],[49.7,-12.8],[49.8,-12.8],[49.8,-12.9],[49.9,-12.9],[49.9,-13.0],[49.9,-13.1],[49.9,-13.2],[50.0,-13.3],[50.0,-13.4],[50.0,-13.3],[50.0,-13.4],[50.0,-13.5],[50.1,-13.5],[50.1,-13.6],[50.1,-13.7],[50.1,-13.8],[50.2,-14.0],[50.2,-14.1],[50.2,-14.2],[50.2,-14.3],[50.2,-14.4],[50.2,-14.5],[50.2,-14.6],[50.2,-14.7],[50.2,-14.8],[50.3,-14.8],[50.3,-14.9],[50.4,-15.0],[50.4,-15.1],[50.4,-15.2],[50.5,-15.2],[50.5,-15.3],[50.5,-15.4],[50.5,-15.5],[50.4,-15.6],[50.3,-15.8],[50.3,-15.9],[50.2,-16.0],[50.1,-15.9],[50.0,-15.9],[50.0,-15.8],[50.0,-15.7],[50.0,-15.6],[49.9,-15.6],[49.9,-15.5],[49.9,-15.4],[49.8,-15.4],[49.7,-15.4],[49.7,-15.5],[49.6,-15.5],[49.6,-15.6],[49.7,-15.6],[49.7,-15.7],[49.6,-15.7],[49.7,-15.7],[49.7,-15.8],[49.7,-15.9],[49.7,-16.0],[49.7,-16.1],[49.8,-16.2],[49.8,-16.3],[49.8,-16.4],[49.9,-16.4],[49.9,-16.5],[49.8,-16.6],[49.8,-16.7],[49.7,-16.7],[49.7,-16.8],[49.8,-16.8],[49.8,-16.9],[49.7,-16.9],[49.6,-16.9],[49.5,-17.0],[49.5,-17.2],[49.4,-17.3],[49.4,-17.4],[49.5,-17.4],[49.5,-17.7],[49.5,-17.8],[49.5,-17.9],[49.4,-18.1],[49.4,-18.2],[49.4,-18.4],[49.3,-18.5],[49.2,-18.7],[49.2,-18.8],[49.1,-19.0],[49.1,-19.1],[49.0,-19.4],[48.9,-19.7],[48.8,-19.8],[48.8,-19.9],[48.8,-20.0],[48.7,-20.2],[48.6,-20.3],[48.6,-20.4],[48.6,-20.6],[48.5,-20.9],[48.4,-21.0],[48.5,-21.0],[48.4,-21.0],[48.4,-21.1],[48.4,-21.2],[48.4,-21.3],[48.4,-21.4],[48.3,-21.4],[48.2,-21.8],[48.1,-22.1],[47.9,-22.3],[47.9,-22.4],[47.9,-22.5],[47.9,-22.7],[47.8,-22.8],[47.8,-22.9],[47.8,-23.0],[47.8,-23.1],[47.7,-23.3],[47.6,-23.6],[47.6,-23.9],[47.5,-24.0],[47.4,-24.0],[47.5,-24.0],[47.5,-24.1],[47.4,-24.1],[47.4,-24.3],[47.3,-24.3],[47.3,-24.5],[47.2,-24.7],[47.2,-24.8],[47.1,-24.8],[47.1,-24.9],[47.1,-25.0],[47.0,-25.0],[47.0,-25.1],[46.9,-25.0],[46.9,-25.1],[46.8,-25.1],[46.8,-25.2],[46.8,-25.1],[46.7,-25.1],[46.7,-25.2],[46.6,-25.2],[46.5,-25.2],[46.4,-25.2],[46.2,-25.2],[46.0,-25.3],[45.9,-25.3],[45.8,-25.4],[45.7,-25.5],[45.6,-25.5],[45.6,-25.6],[45.5,-25.6],[45.2,-25.6],[45.1,-25.6],[45.1,-25.5],[45.0,-25.5],[44.9,-25.4],[44.8,-25.3],[44.7,-25.3],[44.6,-25.3],[44.5,-25.3],[44.4,-25.3],[44.4,-25.2],[44.3,-25.2],[44.4,-25.2],[44.3,-25.2],[44.3,-25.1],[44.2,-25.1],[44.1,-25.1],[44.1,-25.0],[44.0,-25.0],[44.0,-24.9],[43.9,-24.8],[43.9,-24.7],[43.9,-24.6],[43.9,-24.5],[43.8,-24.5],[43.7,-24.4],[43.7,-24.3],[43.7,-24.2],[43.7,-24.0],[43.7,-23.9],[43.7,-23.8],[43.6,-23.8],[43.6,-23.7],[43.6,-23.6],[43.7,-23.6],[43.7,-23.5],[43.8,-23.5],[43.7,-23.4],[43.6,-23.4],[43.6,-23.3],[43.6,-23.2],[43.6,-23.1],[43.6,-23.0],[43.5,-23.0],[43.4,-22.9],[43.4,-22.8],[43.3,-22.8],[43.3,-22.7],[43.3,-22.6],[43.3,-22.5],[43.3,-22.4],[43.2,-22.3],[43.2,-22.2],[43.3,-22.2],[43.2,-22.1],[43.2,-22.0],[43.3,-22.0],[43.3,-21.9],[43.3,-21.8],[43.4,-21.7],[43.5,-21.7],[43.5,-21.4],[43.5,-21.3],[43.6,-21.3],[43.7,-21.3],[43.8,-21.3],[43.8,-21.2],[43.9,-21.1],[43.9,-20.9],[44.0,-20.8],[44.0,-20.7],[44.1,-20.6],[44.1,-20.5],[44.2,-20.5],[44.2,-20.4],[44.3,-20.4]]],[[[50.0,-16.8],[50.0,-16.7],[50.0,-16.8],[50.0,-16.9],[49.9,-17.0],[49.8,-17.1],[49.8,-17.0],[49.9,-17.0],[49.9,-16.9],[50.0,-16.8]]]]}},{"type":"Feature","properties":{"iso3":"PHL","name":"Philippines","ilo169":"not ratified","colonial":"none recorded","land_deal_ha":266668.5,"debt_pct_gni":26.3},"geometry":{"type":"MultiPolygon","coordinates":[[[[122.3,18.4],[122.3,18.3],[122.3,18.2],[122.2,18.2],[122.2,18.1],[122.2,18.0],[122.1,17.8],[122.1,17.7],[122.2,17.7],[122.2,17.6],[122.2,17.5],[122.2,17.4],[122.3,17.4],[122.3,17.3],[122.4,17.4],[122.4,17.3],[122.4,17.2],[122.4,17.1],[122.5,17.1],[122.5,17.0],[122.5,16.9],[122.4,16.9],[122.4,16.8],[122.4,16.7],[122.3,16.6],[122.3,16.5],[122.2,16.5],[122.2,16.4],[122.2,16.3],[122.2,16.2],[122.1,16.2],[122.1,16.1],[122.0,16.1],[122.0,16.0],[122.0,16.1],[122.1,16.1],[122.1,16.2],[122.1,16.3],[122.1,16.2],[122.0,16.2],[122.0,16.1],[121.9,16.1],[121.8,16.1],[121.7,16.0],[121.6,16.0],[121.6,15.9],[121.6,15.8],[121.6,15.7],[121.6,15.6],[121.5,15.6],[121.5,15.5],[121.5,15.4],[121.4,15.4],[121.4,15.3],[121.4,15.2],[121.5,15.2],[121.5,15.1],[121.5,15.0],[121.6,15.0],[121.6,14.9],[121.6,14.8],[121.7,14.7],[121.6,14.7],[121.6,14.6],[121.6,14.5],[121.7,14.5],[121.7,14.4],[121.7,14.3],[121.8,14.3],[121.8,14.2],[121.7,14.2],[121.8,14.1],[121.9,14.0],[122.1,13.9],[122.2,13.9],[122.2,14.0],[122.3,14.0],[122.3,14.1],[122.2,14.1],[122.2,14.2],[122.2,14.1],[122.2,14.2],[122.3,14.3],[122.3,14.2],[122.3,14.1],[122.3,14.2],[122.4,14.2],[122.3,14.2],[122.4,14.2],[122.4,14.3],[122.5,14.3],[122.6,14.3],[122.7,14.3],[122.7,14.4],[122.7,14.3],[122.8,14.3],[122.9,14.3],[122.9,14.2],[123.0,14.2],[123.0,14.1],[123.0,14.0],[123.1,14.0],[123.1,13.9],[123.0,13.8],[123.1,13.8],[123.1,13.7],[123.2,13.7],[123.3,13.7],[123.3,13.8],[123.3,13.9],[123.3,14.0],[123.3,13.9],[123.2,14.0],[123.3,14.0],[123.2,14.0],[123.3,14.0],[123.3,14.1],[123.4,14.1],[123.4,14.0],[123.3,14.0],[123.4,14.0],[123.4,13.9],[123.4,14.0],[123.5,14.0],[123.5,13.9],[123.6,13.9],[123.7,13.9],[123.8,13.9],[123.8,13.8],[123.9,13.8],[124.0,13.8],[124.0,13.7],[123.9,13.7],[123.8,13.7],[123.7,13.7],[123.6,13.7],[123.5,13.6],[123.6,13.6],[123.6,13.5],[123.7,13.5],[123.7,13.4],[123.7,13.3],[123.8,13.3],[123.8,13.2],[123.8,13.3],[123.8,13.2],[123.9,13.2],[123.8,13.2],[123.7,13.2],[123.8,13.1],[123.7,13.1],[123.8,13.1],[123.7,13.1],[123.8,13.1],[123.9,13.1],[124.0,13.1],[124.1,13.0],[124.1,13.1],[124.2,13.1],[124.2,13.0],[124.1,13.0],[124.1,12.9],[124.1,12.8],[124.1,12.7],[124.1,12.6],[124.1,12.5],[124.0,12.5],[124.0,12.6],[123.9,12.6],[123.9,12.7],[123.8,12.7],[123.8,12.8],[123.9,12.9],[123.9,12.8],[123.9,12.9],[124.0,12.9],[124.0,13.0],[123.9,13.0],[123.9,12.9],[123.8,12.9],[123.7,12.9],[123.7,12.8],[123.7,12.9],[123.6,12.9],[123.5,12.9],[123.5,13.0],[123.4,13.0],[123.3,13.0],[123.3,13.1],[123.3,13.2],[123.3,13.3],[123.2,13.3],[123.2,13.4],[123.1,13.5],[123.0,13.5],[122.9,13.5],[122.9,13.6],[122.8,13.6],[122.8,13.7],[122.9,13.7],[122.8,13.7],[122.8,13.8],[122.7,13.8],[122.6,13.8],[122.7,13.8],[122.7,13.9],[122.6,13.9],[122.5,14.0],[122.5,13.9],[122.4,13.9],[122.4,14.0],[122.4,13.9],[122.5,13.9],[122.5,13.8],[122.5,13.7],[122.5,13.6],[122.6,13.6],[122.6,13.5],[122.6,13.6],[122.6,13.5],[122.7,13.4],[122.7,13.3],[122.7,13.2],[122.6,13.2],[122.5,13.2],[122.5,13.3],[122.5,13.4],[122.4,13.5],[122.3,13.6],[122.2,13.6],[122.2,13.7],[122.1,13.8],[122.0,13.8],[121.9,13.8],[121.9,13.9],[121.8,13.9],[121.7,14.0],[121.7,13.9],[121.6,13.9],[121.5,13.9],[121.5,13.8],[121.4,13.8],[121.4,13.7],[121.5,13.7],[121.4,13.7],[121.3,13.6],[121.2,13.6],[121.1,13.6],[121.0,13.6],[121.0,13.7],[121.1,13.7],[121.0,13.8],[120.9,13.7],[120.9,13.8],[120.9,13.9],[120.8,13.9],[120.7,13.9],[120.7,13.8],[120.6,13.8],[120.6,13.9],[120.6,14.0],[120.6,14.1],[120.6,14.2],[120.6,14.3],[120.7,14.3],[120.8,14.3],[120.8,14.4],[120.9,14.5],[121.0,14.5],[121.0,14.6],[120.9,14.7],[120.8,14.7],[120.8,14.8],[120.7,14.8],[120.6,14.8],[120.6,14.9],[120.6,14.8],[120.6,14.9],[120.6,14.8],[120.5,14.8],[120.5,14.7],[120.6,14.7],[120.6,14.6],[120.6,14.5],[120.6,14.4],[120.5,14.4],[120.4,14.5],[120.4,14.6],[120.3,14.6],[120.3,14.7],[120.2,14.7],[120.3,14.7],[120.3,14.8],[120.2,14.8],[120.3,14.8],[120.3,14.9],[120.2,14.9],[120.2,14.8],[120.1,14.8],[120.1,14.9],[120.0,14.9],[120.1,15.0],[120.1,15.1],[120.0,15.2],[120.0,15.3],[120.0,15.4],[119.9,15.4],[119.9,15.5],[120.0,15.5],[119.9,15.5],[119.9,15.6],[119.9,15.7],[119.9,15.8],[119.9,15.9],[119.8,16.0],[119.8,15.9],[119.8,16.1],[119.8,16.2],[119.8,16.3],[119.8,16.4],[119.9,16.4],[119.9,16.3],[119.9,16.2],[120.0,16.2],[120.1,16.2],[120.1,16.1],[120.1,16.0],[120.2,16.0],[120.3,16.1],[120.3,16.0],[120.3,16.1],[120.4,16.1],[120.3,16.1],[120.4,16.1],[120.4,16.2],[120.4,16.3],[120.3,16.3],[120.3,16.5],[120.3,16.6],[120.3,16.7],[120.3,16.8],[120.4,16.9],[120.4,17.0],[120.4,17.2],[120.4,17.3],[120.4,17.4],[120.4,17.5],[120.3,17.5],[120.3,17.6],[120.4,17.7],[120.4,17.8],[120.4,17.9],[120.5,17.9],[120.5,18.0],[120.5,18.1],[120.5,18.2],[120.6,18.3],[120.6,18.4],[120.6,18.5],[120.7,18.5],[120.8,18.6],[120.9,18.6],[121.0,18.6],[121.1,18.6],[121.2,18.6],[121.3,18.6],[121.4,18.5],[121.5,18.4],[121.6,18.4],[121.6,18.3],[121.6,18.4],[121.7,18.4],[121.9,18.3],[122.0,18.3],[122.1,18.4],[122.1,18.5],[122.2,18.5],[122.3,18.4]]],[[[126.6,7.3],[126.6,7.2],[126.5,7.1],[126.5,7.0],[126.4,7.0],[126.3,7.0],[126.3,6.9],[126.3,6.8],[126.3,6.9],[126.2,6.9],[126.2,6.8],[126.3,6.8],[126.3,6.7],[126.2,6.7],[126.2,6.6],[126.2,6.5],[126.2,6.4],[126.2,6.3],[126.2,6.4],[126.1,6.4],[126.1,6.5],[126.1,6.6],[126.1,6.7],[126.1,6.8],[126.0,6.9],[126.0,7.0],[125.9,7.1],[125.9,7.2],[125.9,7.3],[125.8,7.3],[125.9,7.3],[125.8,7.4],[125.7,7.3],[125.7,7.2],[125.7,7.1],[125.6,7.1],[125.6,7.0],[125.5,7.0],[125.5,6.9],[125.4,6.8],[125.4,6.7],[125.4,6.6],[125.5,6.6],[125.5,6.5],[125.6,6.5],[125.6,6.4],[125.6,6.3],[125.7,6.3],[125.7,6.1],[125.7,6.0],[125.6,5.9],[125.5,5.7],[125.4,5.6],[125.3,5.6],[125.3,5.7],[125.2,5.7],[125.2,5.8],[125.2,5.9],[125.3,5.9],[125.3,6.0],[125.3,6.1],[125.2,6.1],[125.1,6.1],[125.1,6.0],[125.1,5.9],[125.0,5.9],[124.9,5.9],[124.8,5.9],[124.7,5.9],[124.6,6.0],[124.4,6.1],[124.2,6.2],[124.2,6.3],[124.1,6.4],[124.0,6.5],[124.1,6.5],[124.1,6.6],[124.1,6.7],[124.0,6.7],[124.0,6.8],[124.0,6.9],[124.0,7.0],[124.0,7.1],[124.1,7.1],[124.1,7.2],[124.2,7.2],[124.2,7.3],[124.2,7.4],[124.1,7.5],[124.1,7.6],[124.0,7.6],[124.0,7.7],[123.9,7.7],[123.8,7.7],[123.7,7.8],[123.6,7.8],[123.5,7.8],[123.4,7.8],[123.5,7.7],[123.5,7.6],[123.4,7.6],[123.4,7.5],[123.5,7.5],[123.5,7.4],[123.4,7.4],[123.3,7.4],[123.3,7.5],[123.2,7.5],[123.1,7.5],[123.1,7.6],[123.2,7.6],[123.2,7.7],[123.1,7.7],[123.1,7.6],[123.0,7.6],[123.0,7.5],[122.9,7.5],[122.8,7.5],[122.8,7.6],[122.8,7.7],[122.8,7.8],[122.7,7.8],[122.6,7.8],[122.5,7.7],[122.4,7.6],[122.5,7.6],[122.5,7.5],[122.4,7.5],[122.5,7.5],[122.4,7.5],[122.3,7.5],[122.4,7.4],[122.3,7.3],[122.3,7.2],[122.2,7.1],[122.2,7.0],[122.2,6.9],[122.1,6.9],[122.0,6.9],[122.0,7.0],[121.9,7.0],[121.9,7.1],[121.9,7.2],[122.0,7.3],[122.1,7.3],[122.0,7.3],[122.0,7.4],[122.0,7.5],[122.1,7.5],[122.1,7.6],[122.1,7.7],[122.1,7.8],[122.2,7.9],[122.2,8.0],[122.3,8.0],[122.4,8.0],[122.4,8.1],[122.5,8.1],[122.6,8.1],[122.7,8.1],[122.7,8.2],[122.7,8.1],[122.8,8.1],[122.9,8.1],[122.9,8.2],[123.0,8.2],[123.0,8.3],[123.0,8.4],[123.0,8.5],[123.1,8.5],[123.2,8.5],[123.3,8.5],[123.3,8.6],[123.4,8.6],[123.4,8.7],[123.5,8.7],[123.5,8.6],[123.6,8.6],[123.6,8.7],[123.7,8.6],[123.8,8.6],[123.8,8.5],[123.9,8.4],[123.9,8.2],[123.8,8.1],[123.7,8.0],[123.9,8.1],[123.9,8.2],[124.0,8.2],[124.2,8.2],[124.3,8.3],[124.3,8.4],[124.3,8.5],[124.4,8.6],[124.5,8.6],[124.6,8.5],[124.7,8.5],[124.6,8.5],[124.6,8.4],[124.7,8.5],[124.8,8.5],[124.7,8.5],[124.8,8.6],[124.8,8.7],[124.7,8.7],[124.8,8.7],[124.8,8.8],[124.8,8.9],[124.8,9.0],[124.9,9.0],[125.0,8.9],[125.1,8.9],[125.1,8.8],[125.2,8.9],[125.2,9.0],[125.2,9.1],[125.3,9.0],[125.4,9.0],[125.5,9.0],[125.5,9.1],[125.5,9.2],[125.5,9.3],[125.5,9.4],[125.5,9.5],[125.4,9.5],[125.4,9.7],[125.5,9.8],[125.6,9.8],[125.6,9.7],[125.6,9.6],[125.7,9.6],[125.8,9.6],[125.8,9.5],[125.9,9.5],[126.0,9.5],[126.0,9.4],[125.9,9.4],[126.0,9.4],[126.0,9.3],[126.1,9.2],[126.1,9.3],[126.2,9.3],[126.2,9.2],[126.2,9.1],[126.2,9.0],[126.3,9.0],[126.3,8.9],[126.3,8.8],[126.2,8.7],[126.3,8.7],[126.2,8.7],[126.1,8.7],[126.1,8.6],[126.1,8.5],[126.2,8.5],[126.2,8.6],[126.2,8.5],[126.3,8.5],[126.3,8.6],[126.3,8.5],[126.4,8.5],[126.4,8.4],[126.3,8.4],[126.3,8.3],[126.4,8.3],[126.3,8.2],[126.4,8.2],[126.5,8.2],[126.5,8.1],[126.4,8.1],[126.4,8.0],[126.5,8.0],[126.4,8.0],[126.4,7.9],[126.4,7.8],[126.5,7.8],[126.5,7.7],[126.6,7.7],[126.6,7.6],[126.6,7.5],[126.6,7.4],[126.6,7.3]]],[[[119.7,10.6],[119.7,10.5],[119.6,10.4],[119.5,10.4],[119.4,10.4],[119.4,10.3],[119.3,10.3],[119.3,10.2],[119.2,10.2],[119.2,10.1],[119.2,10.0],[119.1,10.0],[119.0,10.0],[118.9,10.0],[118.8,10.0],[118.8,9.9],[118.8,9.8],[118.8,9.7],[118.7,9.7],[118.7,9.8],[118.7,9.7],[118.8,9.7],[118.7,9.7],[118.7,9.6],[118.6,9.4],[118.5,9.4],[118.5,9.3],[118.4,9.3],[118.4,9.2],[118.3,9.2],[118.2,9.2],[118.2,9.1],[118.1,9.1],[118.1,9.0],[118.0,8.9],[117.9,8.8],[117.8,8.8],[117.8,8.7],[117.7,8.7],[117.6,8.7],[117.6,8.6],[117.5,8.5],[117.4,8.5],[117.3,8.5],[117.3,8.4],[117.2,8.4],[117.2,8.3],[117.2,8.4],[117.2,8.5],[117.2,8.6],[117.3,8.6],[117.3,8.7],[117.4,8.7],[117.3,8.7],[117.4,8.7],[117.4,8.8],[117.5,8.8],[117.5,8.9],[117.6,9.0],[117.7,9.1],[117.8,9.1],[117.8,9.2],[117.9,9.2],[117.9,9.3],[118.0,9.3],[118.0,9.2],[118.0,9.3],[118.1,9.3],[118.1,9.4],[118.2,9.4],[118.2,9.5],[118.3,9.5],[118.3,9.6],[118.4,9.7],[118.5,9.7],[118.5,9.8],[118.6,9.9],[118.7,10.0],[118.8,10.1],[118.8,10.0],[118.8,10.1],[118.8,10.2],[118.9,10.2],[119.0,10.2],[119.0,10.3],[118.9,10.3],[119.0,10.3],[119.0,10.4],[119.0,10.3],[119.0,10.4],[119.1,10.4],[119.1,10.5],[119.1,10.4],[119.2,10.4],[119.2,10.5],[119.3,10.5],[119.2,10.5],[119.3,10.6],[119.3,10.5],[119.3,10.6],[119.3,10.7],[119.3,10.8],[119.2,10.8],[119.2,10.9],[119.3,10.9],[119.2,10.9],[119.2,11.0],[119.2,10.9],[119.3,10.9],[119.3,10.8],[119.4,10.8],[119.4,10.7],[119.5,10.7],[119.5,10.8],[119.4,10.8],[119.5,10.8],[119.4,10.8],[119.4,10.9],[119.3,10.9],[119.4,10.9],[119.3,10.9],[119.3,11.0],[119.4,11.0],[119.3,11.1],[119.4,11.1],[119.4,11.0],[119.4,11.1],[119.4,11.2],[119.4,11.3],[119.5,11.3],[119.5,11.4],[119.5,11.3],[119.6,11.3],[119.6,11.2],[119.5,11.2],[119.5,11.1],[119.6,11.1],[119.6,11.0],[119.5,11.0],[119.5,10.9],[119.5,10.8],[119.6,10.8],[119.6,10.7],[119.7,10.7],[119.6,10.7],[119.6,10.6],[119.7,10.6]]],[[[125.7,11.1],[125.8,11.1],[125.8,11.0],[125.7,11.0],[125.7,11.1],[125.6,11.1],[125.6,11.2],[125.6,11.1],[125.5,11.1],[125.4,11.1],[125.3,11.1],[125.2,11.1],[125.2,11.2],[125.2,11.3],[125.1,11.3],[125.0,11.3],[125.0,11.4],[125.0,11.5],[124.9,11.5],[124.8,11.5],[124.9,11.5],[124.9,11.6],[125.0,11.6],[125.0,11.7],[125.1,11.7],[125.0,11.8],[124.9,11.7],[124.9,11.8],[124.8,11.8],[124.8,11.9],[124.7,11.9],[124.7,12.0],[124.6,12.0],[124.6,12.1],[124.5,12.1],[124.4,12.2],[124.3,12.4],[124.3,12.5],[124.3,12.6],[124.4,12.5],[124.4,12.6],[124.4,12.5],[124.5,12.5],[124.6,12.5],[124.7,12.5],[124.9,12.5],[124.9,12.6],[125.0,12.6],[125.0,12.5],[125.1,12.5],[125.1,12.6],[125.2,12.6],[125.2,12.5],[125.3,12.5],[125.3,12.4],[125.3,12.3],[125.4,12.3],[125.3,12.3],[125.4,12.3],[125.5,12.3],[125.5,12.2],[125.5,12.1],[125.5,12.0],[125.4,11.9],[125.5,11.9],[125.5,11.8],[125.4,11.8],[125.5,11.8],[125.5,11.7],[125.5,11.6],[125.5,11.5],[125.6,11.4],[125.6,11.3],[125.6,11.2],[125.7,11.2],[125.7,11.1]]],[[[123.2,11.5],[123.2,11.4],[123.1,11.4],[123.1,11.3],[123.1,11.2],[123.0,11.2],[123.0,11.1],[123.0,11.0],[123.0,11.1],[122.9,11.1],[122.9,11.0],[122.8,11.0],[122.8,10.9],[122.8,10.8],[122.7,10.8],[122.6,10.8],[122.6,10.7],[122.5,10.7],[122.4,10.7],[122.3,10.7],[122.3,10.6],[122.2,10.6],[122.1,10.6],[122.0,10.5],[122.0,10.4],[121.9,10.4],[121.9,10.5],[122.0,10.6],[122.0,10.7],[121.9,10.8],[122.0,10.8],[122.0,10.9],[122.0,11.0],[122.1,11.1],[122.1,11.2],[122.1,11.3],[122.0,11.3],[122.1,11.3],[122.1,11.4],[122.1,11.5],[122.1,11.7],[122.0,11.7],[122.0,11.8],[121.9,11.8],[121.9,11.9],[122.0,11.9],[122.1,11.9],[122.1,11.8],[122.2,11.8],[122.3,11.8],[122.3,11.7],[122.4,11.7],[122.5,11.7],[122.5,11.6],[122.6,11.6],[122.6,11.5],[122.7,11.5],[122.6,11.5],[122.7,11.6],[122.7,11.5],[122.7,11.6],[122.8,11.6],[122.9,11.6],[122.9,11.5],[122.9,11.4],[122.9,11.5],[123.0,11.5],[123.1,11.5],[123.1,11.6],[123.2,11.6],[123.2,11.5],[123.1,11.5],[123.2,11.5]]],[[[125.3,10.3],[125.2,10.3],[125.1,10.3],[125.1,10.2],[125.2,10.2],[125.1,10.2],[125.1,10.3],[125.0,10.3],[125.0,10.4],[125.0,10.3],[125.0,10.2],[125.0,10.1],[125.0,10.0],[125.0,10.1],[124.9,10.1],[124.8,10.1],[124.8,10.2],[124.8,10.3],[124.8,10.4],[124.7,10.4],[124.7,10.5],[124.8,10.5],[124.8,10.6],[124.8,10.7],[124.8,10.8],[124.7,10.9],[124.7,11.0],[124.6,11.0],[124.5,11.0],[124.6,11.0],[124.6,10.9],[124.5,10.9],[124.4,10.9],[124.4,11.0],[124.4,11.1],[124.4,11.2],[124.4,11.3],[124.3,11.3],[124.4,11.4],[124.3,11.4],[124.3,11.5],[124.3,11.6],[124.4,11.5],[124.4,11.4],[124.5,11.4],[124.6,11.3],[124.7,11.3],[124.8,11.4],[124.9,11.4],[125.0,11.4],[125.0,11.3],[125.0,11.2],[125.0,11.1],[125.1,11.0],[125.0,10.8],[125.0,10.7],[125.1,10.7],[125.2,10.6],[125.2,10.5],[125.2,10.4],[125.3,10.4],[125.3,10.3]]]]}},{"type":"Feature","properties":{"iso3":"CUW","name":"Curaçao","ilo169":"not ratified","colonial":"A dependency of another state"},"geometry":{"type":"Polygon","coordinates":[[[-68.8,12.1],[-68.7,12.1],[-68.7,12.0],[-68.8,12.0],[-68.8,12.1],[-68.9,12.1],[-69.0,12.1],[-69.0,12.2],[-69.1,12.2],[-69.1,12.3],[-69.2,12.3],[-69.2,12.4],[-69.1,12.4],[-69.1,12.3],[-69.0,12.3],[-69.0,12.2],[-68.8,12.2],[-68.8,12.1]]]}},{"type":"Feature","properties":{"iso3":"ABW","name":"Aruba","ilo169":"not ratified","colonial":"none recorded"},"geometry":{"type":"Polygon","coordinates":[[[-70.0,12.6],[-69.9,12.5],[-69.9,12.4],[-70.0,12.5],[-70.1,12.5],[-70.1,12.6],[-70.0,12.6],[-70.1,12.6],[-70.0,12.6]]]}},{"type":"Feature","properties":{"iso3":"TCA","name":"Turks and Caicos Islands","ilo169":"not ratified","colonial":"A Non-Self-Governing Territory (UN list)"},"geometry":{"type":"MultiPolygon","coordinates":[[[[-72.3,21.8],[-72.3,21.9],[-72.2,21.8],[-72.1,21.8],[-72.2,21.8],[-72.3,21.8],[-72.3,21.7],[-72.3,21.8]]],[[[-72.0,21.9],[-72.0,22.0],[-71.9,22.0],[-71.9,21.9],[-71.9,21.8],[-71.9,21.9],[-72.0,21.9],[-71.9,21.9],[-72.0,21.9]]],[[[-71.8,21.8],[-71.9,21.9],[-71.8,21.9],[-71.8,21.8],[-71.7,21.8],[-71.6,21.8],[-71.7,21.8],[-71.6,21.7],[-71.7,21.7],[-71.7,21.8],[-71.8,21.8]]]]}},{"type":"Feature","properties":{"iso3":"JPN","name":"Japan","ilo169":"not ratified","colonial":"none recorded","conquests_made":6},"geometry":{"type":"MultiPolygon","coordinates":[[[[133.4,34.4],[133.3,34.3],[133.3,34.4],[133.2,34.4],[133.2,34.3],[133.1,34.3],[133.1,34.4],[133.1,34.3],[133.1,34.4],[133.2,34.4],[133.1,34.4],[133.1,34.3],[133.0,34.3],[132.9,34.3],[132.8,34.3],[132.8,34.2],[132.7,34.2],[132.6,34.2],[132.5,34.2],[132.6,34.2],[132.5,34.2],[132.5,34.3],[132.5,34.4],[132.5,34.3],[132.4,34.4],[132.3,34.3],[132.2,34.2],[132.2,34.1],[132.2,34.0],[132.2,33.9],[132.1,33.9],[132.2,33.9],[132.2,33.8],[132.1,33.8],[132.0,33.8],[132.1,33.8],[132.1,33.9],[132.0,33.9],[131.9,34.0],[131.8,34.0],[131.7,34.1],[131.7,34.0],[131.6,34.0],[131.5,34.0],[131.4,34.0],[131.3,34.0],[131.3,33.9],[131.2,33.9],[131.2,34.0],[131.2,33.9],[131.2,34.0],[131.1,34.0],[131.0,34.0],[130.9,33.9],[130.9,34.0],[130.9,33.9],[130.9,34.0],[130.9,34.1],[130.9,34.2],[130.9,34.3],[130.9,34.4],[130.9,34.3],[130.9,34.4],[131.0,34.4],[130.9,34.4],[131.0,34.4],[131.1,34.4],[131.2,34.4],[131.3,34.4],[131.2,34.4],[131.3,34.4],[131.4,34.4],[131.4,34.5],[131.5,34.5],[131.5,34.6],[131.6,34.6],[131.6,34.7],[131.7,34.7],[131.8,34.7],[131.9,34.7],[131.9,34.8],[132.0,34.8],[132.0,34.9],[132.1,34.9],[132.1,35.0],[132.2,35.0],[132.3,35.0],[132.3,35.1],[132.4,35.1],[132.4,35.2],[132.5,35.2],[132.5,35.3],[132.6,35.3],[132.7,35.3],[132.7,35.4],[132.6,35.4],[132.7,35.4],[132.7,35.5],[132.8,35.5],[132.7,35.5],[132.8,35.5],[132.9,35.5],[133.0,35.5],[133.0,35.6],[133.1,35.6],[133.2,35.6],[133.3,35.6],[133.3,35.5],[133.4,35.5],[133.5,35.5],[133.6,35.5],[133.7,35.5],[133.9,35.5],[134.0,35.5],[134.2,35.5],[134.3,35.6],[134.4,35.6],[134.5,35.6],[134.5,35.7],[134.6,35.7],[134.7,35.7],[134.8,35.7],[134.8,35.6],[134.9,35.7],[134.9,35.6],[134.9,35.7],[135.0,35.7],[135.1,35.7],[135.1,35.8],[135.2,35.8],[135.3,35.8],[135.3,35.7],[135.2,35.6],[135.2,35.5],[135.2,35.6],[135.3,35.6],[135.2,35.6],[135.2,35.5],[135.3,35.5],[135.3,35.4],[135.3,35.5],[135.4,35.5],[135.3,35.5],[135.4,35.6],[135.5,35.6],[135.5,35.5],[135.6,35.5],[135.7,35.5],[135.6,35.5],[135.7,35.5],[135.7,35.6],[135.8,35.5],[135.8,35.6],[135.9,35.6],[135.8,35.6],[135.9,35.6],[136.0,35.6],[136.0,35.7],[136.0,35.8],[136.0,35.7],[136.1,35.7],[136.1,35.8],[136.0,35.8],[136.0,35.9],[136.0,36.0],[136.0,36.1],[136.1,36.2],[136.1,36.3],[136.2,36.3],[136.3,36.3],[136.3,36.4],[136.4,36.4],[136.6,36.7],[136.7,36.7],[136.8,36.9],[136.8,37.0],[136.7,37.0],[136.7,37.1],[136.7,37.2],[136.7,37.3],[136.7,37.4],[136.8,37.4],[136.9,37.4],[137.0,37.4],[137.1,37.5],[137.3,37.5],[137.4,37.5],[137.3,37.5],[137.4,37.5],[137.4,37.4],[137.3,37.4],[137.2,37.4],[137.3,37.4],[137.3,37.3],[137.2,37.3],[137.1,37.3],[137.1,37.2],[137.0,37.2],[136.9,37.2],[137.0,37.2],[136.9,37.2],[136.9,37.1],[137.0,37.1],[137.0,37.0],[137.0,37.1],[137.1,37.1],[137.0,37.0],[137.1,37.0],[137.0,36.9],[137.0,36.8],[137.1,36.8],[137.2,36.8],[137.3,36.8],[137.4,36.8],[137.4,36.9],[137.5,37.0],[137.6,37.0],[137.7,37.0],[137.8,37.0],[137.9,37.1],[138.0,37.1],[138.1,37.1],[138.1,37.2],[138.2,37.2],[138.3,37.2],[138.4,37.3],[138.6,37.4],[138.6,37.5],[138.7,37.5],[138.7,37.6],[138.8,37.6],[138.8,37.8],[138.9,37.8],[138.9,37.9],[139.1,37.9],[139.1,38.0],[139.2,38.0],[139.3,38.0],[139.4,38.1],[139.4,38.2],[139.5,38.4],[139.5,38.5],[139.6,38.6],[139.6,38.7],[139.7,38.7],[139.7,38.8],[139.8,38.8],[139.8,38.9],[139.9,39.0],[139.9,39.1],[139.9,39.2],[139.9,39.3],[140.0,39.3],[140.0,39.4],[140.0,39.5],[140.1,39.7],[140.0,39.8],[140.0,39.9],[139.9,39.9],[139.8,39.9],[139.7,39.9],[139.7,40.0],[139.8,40.0],[139.9,40.0],[140.0,40.1],[140.0,40.2],[140.0,40.3],[140.0,40.4],[139.9,40.4],[139.9,40.5],[139.9,40.6],[139.9,40.7],[140.0,40.7],[140.0,40.8],[140.1,40.8],[140.1,40.7],[140.2,40.8],[140.3,40.8],[140.3,40.9],[140.3,41.0],[140.4,41.0],[140.3,41.0],[140.3,41.1],[140.3,41.0],[140.3,41.1],[140.2,41.1],[140.3,41.1],[140.3,41.2],[140.3,41.3],[140.4,41.3],[140.4,41.2],[140.5,41.2],[140.6,41.2],[140.6,41.1],[140.6,41.0],[140.7,41.0],[140.7,40.9],[140.8,40.8],[140.8,40.9],[140.9,40.9],[140.8,40.9],[140.8,41.0],[140.9,41.0],[141.0,41.0],[141.0,40.9],[141.1,40.9],[141.2,40.9],[141.2,41.0],[141.2,41.1],[141.3,41.1],[141.3,41.2],[141.2,41.2],[141.2,41.3],[141.1,41.3],[141.1,41.2],[141.2,41.3],[141.2,41.2],[141.1,41.2],[141.0,41.2],[140.9,41.2],[140.8,41.1],[140.8,41.2],[140.8,41.3],[140.8,41.4],[140.9,41.4],[140.9,41.5],[141.0,41.5],[141.1,41.5],[141.1,41.4],[141.2,41.4],[141.3,41.4],[141.4,41.4],[141.5,41.4],[141.4,41.4],[141.4,41.3],[141.4,41.2],[141.4,41.1],[141.4,41.0],[141.4,40.9],[141.4,40.8],[141.4,40.7],[141.5,40.6],[141.5,40.5],[141.6,40.5],[141.7,40.5],[141.7,40.4],[141.8,40.4],[141.8,40.3],[141.8,40.2],[141.9,40.2],[141.9,40.1],[141.8,40.1],[141.9,40.1],[141.9,40.0],[142.0,40.0],[142.0,39.9],[141.9,39.9],[142.0,39.9],[142.0,39.8],[142.0,39.7],[142.0,39.6],[142.1,39.6],[142.1,39.5],[142.0,39.5],[142.0,39.4],[142.0,39.5],[142.1,39.5],[142.0,39.5],[142.0,39.4],[141.9,39.4],[142.0,39.4],[141.9,39.3],[142.0,39.3],[142.0,39.4],[142.0,39.3],[141.9,39.3],[141.9,39.2],[141.8,39.2],[141.9,39.1],[141.8,39.1],[141.9,39.1],[141.8,39.1],[141.8,39.0],[141.9,39.0],[141.8,39.0],[141.7,39.0],[141.7,38.9],[141.7,39.0],[141.6,39.0],[141.6,38.9],[141.7,38.9],[141.6,38.9],[141.6,38.8],[141.5,38.8],[141.5,38.7],[141.6,38.7],[141.5,38.7],[141.5,38.6],[141.5,38.5],[141.5,38.4],[141.5,38.3],[141.4,38.3],[141.4,38.4],[141.3,38.4],[141.2,38.4],[141.2,38.3],[141.1,38.3],[141.1,38.4],[141.1,38.3],[141.0,38.3],[141.1,38.3],[141.0,38.2],[140.9,38.0],[140.9,37.9],[141.0,37.8],[141.0,37.7],[141.0,37.6],[141.0,37.4],[141.0,37.3],[141.0,37.2],[141.0,37.1],[141.0,37.0],[140.9,36.9],[140.8,36.9],[140.8,36.8],[140.7,36.8],[140.7,36.6],[140.6,36.5],[140.6,36.4],[140.6,36.3],[140.6,36.2],[140.6,36.1],[140.6,36.0],[140.8,35.8],[140.8,35.7],[140.9,35.7],[140.8,35.7],[140.7,35.7],[140.6,35.7],[140.5,35.6],[140.4,35.5],[140.4,35.4],[140.4,35.3],[140.4,35.2],[140.3,35.2],[140.3,35.1],[140.2,35.1],[140.1,35.1],[140.0,35.0],[140.0,34.9],[139.9,34.9],[139.8,34.9],[139.8,35.0],[139.9,35.0],[139.8,35.0],[139.8,35.1],[139.8,35.2],[139.9,35.2],[139.8,35.3],[139.8,35.4],[139.9,35.4],[140.0,35.5],[140.1,35.5],[140.1,35.6],[140.0,35.6],[140.0,35.7],[139.9,35.7],[139.9,35.6],[139.8,35.6],[139.8,35.7],[139.8,35.6],[139.8,35.5],[139.7,35.5],[139.6,35.5],[139.7,35.4],[139.6,35.4],[139.7,35.4],[139.7,35.3],[139.6,35.3],[139.7,35.3],[139.6,35.3],[139.7,35.3],[139.7,35.2],[139.7,35.1],[139.6,35.1],[139.6,35.2],[139.6,35.3],[139.5,35.3],[139.4,35.3],[139.3,35.3],[139.2,35.3],[139.1,35.2],[139.2,35.1],[139.1,35.2],[139.1,35.1],[139.1,35.0],[139.1,34.9],[139.1,34.8],[139.0,34.8],[139.0,34.7],[139.0,34.6],[139.0,34.7],[138.9,34.7],[138.9,34.6],[138.8,34.6],[138.8,34.7],[138.7,34.7],[138.8,34.7],[138.8,34.8],[138.7,34.8],[138.8,34.8],[138.8,34.9],[138.8,35.0],[138.9,35.0],[138.9,35.1],[138.8,35.1],[138.7,35.1],[138.6,35.1],[138.5,35.1],[138.5,35.0],[138.4,34.9],[138.3,34.9],[138.3,34.8],[138.2,34.7],[138.2,34.6],[138.0,34.7],[137.9,34.7],[137.8,34.6],[137.7,34.7],[137.6,34.7],[137.5,34.7],[137.4,34.7],[137.3,34.6],[137.1,34.6],[137.0,34.6],[137.1,34.6],[137.1,34.7],[137.1,34.6],[137.2,34.7],[137.3,34.7],[137.3,34.8],[137.2,34.8],[137.1,34.8],[137.0,34.8],[137.0,34.9],[136.9,34.9],[136.9,34.8],[136.9,34.7],[137.0,34.7],[136.9,34.7],[136.8,34.8],[136.9,34.8],[136.9,34.9],[136.8,34.9],[136.8,35.0],[136.9,35.0],[136.9,35.1],[136.8,35.0],[136.8,35.1],[136.8,35.0],[136.7,35.0],[136.6,35.0],[136.6,34.9],[136.7,34.9],[136.6,34.9],[136.6,34.8],[136.5,34.8],[136.5,34.7],[136.5,34.6],[136.6,34.6],[136.7,34.6],[136.8,34.5],[136.9,34.5],[136.9,34.4],[136.9,34.3],[136.9,34.2],[136.8,34.2],[136.8,34.3],[136.9,34.3],[136.8,34.3],[136.7,34.3],[136.6,34.3],[136.7,34.3],[136.6,34.3],[136.5,34.3],[136.5,34.2],[136.4,34.2],[136.3,34.2],[136.3,34.1],[136.2,34.1],[136.3,34.1],[136.3,34.0],[136.2,34.0],[136.2,33.9],[136.1,33.9],[136.1,33.8],[136.0,33.7],[136.0,33.6],[135.9,33.6],[136.0,33.6],[135.9,33.6],[135.9,33.5],[135.8,33.5],[135.8,33.4],[135.8,33.5],[135.7,33.5],[135.6,33.5],[135.5,33.5],[135.4,33.6],[135.4,33.7],[135.3,33.7],[135.4,33.7],[135.3,33.7],[135.3,33.8],[135.2,33.8],[135.2,33.9],[135.1,33.9],[135.1,34.0],[135.2,34.0],[135.1,34.1],[135.2,34.1],[135.2,34.2],[135.1,34.2],[135.1,34.3],[135.2,34.3],[135.3,34.4],[135.4,34.5],[135.4,34.6],[135.4,34.7],[135.3,34.7],[135.2,34.7],[135.1,34.6],[135.0,34.6],[134.9,34.7],[134.8,34.7],[134.8,34.8],[134.7,34.8],[134.6,34.8],[134.5,34.8],[134.4,34.7],[134.3,34.7],[134.2,34.7],[134.3,34.7],[134.2,34.7],[134.2,34.6],[134.1,34.6],[134.0,34.6],[133.9,34.6],[134.0,34.6],[134.0,34.5],[133.9,34.5],[133.8,34.5],[133.8,34.4],[133.8,34.5],[133.7,34.5],[133.6,34.5],[133.5,34.5],[133.5,34.4],[133.5,34.5],[133.4,34.5],[133.4,34.4]]],[[[131.7,32.5],[131.7,32.4],[131.6,32.4],[131.6,32.3],[131.6,32.2],[131.5,32.1],[131.5,32.0],[131.5,31.9],[131.4,31.9],[131.4,31.8],[131.5,31.8],[131.5,31.7],[131.5,31.6],[131.4,31.6],[131.4,31.5],[131.4,31.4],[131.3,31.4],[131.2,31.4],[131.2,31.5],[131.1,31.5],[131.1,31.4],[131.0,31.4],[131.1,31.3],[131.1,31.2],[131.0,31.2],[131.0,31.1],[130.9,31.1],[130.8,31.1],[130.7,31.0],[130.7,31.1],[130.8,31.2],[130.8,31.3],[130.8,31.4],[130.7,31.4],[130.7,31.5],[130.6,31.6],[130.7,31.6],[130.8,31.6],[130.8,31.7],[130.7,31.7],[130.6,31.7],[130.6,31.6],[130.5,31.5],[130.5,31.4],[130.6,31.4],[130.6,31.3],[130.7,31.3],[130.7,31.2],[130.6,31.2],[130.5,31.2],[130.3,31.3],[130.2,31.2],[130.2,31.3],[130.2,31.4],[130.1,31.4],[130.2,31.4],[130.3,31.4],[130.3,31.5],[130.3,31.6],[130.3,31.7],[130.2,31.7],[130.2,31.8],[130.2,31.9],[130.2,32.0],[130.2,32.1],[130.3,32.1],[130.3,32.2],[130.4,32.2],[130.4,32.3],[130.5,32.3],[130.5,32.4],[130.6,32.4],[130.6,32.5],[130.6,32.6],[130.7,32.6],[130.6,32.6],[130.5,32.6],[130.4,32.6],[130.5,32.6],[130.5,32.7],[130.6,32.7],[130.6,32.8],[130.5,32.9],[130.4,32.9],[130.4,33.0],[130.4,33.1],[130.3,33.1],[130.3,33.2],[130.2,33.2],[130.2,33.1],[130.1,33.1],[130.2,33.1],[130.2,33.0],[130.2,32.9],[130.1,32.9],[130.2,32.8],[130.2,32.9],[130.3,32.9],[130.4,32.8],[130.4,32.7],[130.3,32.7],[130.3,32.6],[130.2,32.6],[130.1,32.6],[130.1,32.7],[130.2,32.7],[130.2,32.8],[130.1,32.8],[130.0,32.8],[130.0,32.7],[130.0,32.8],[129.9,32.8],[130.0,32.7],[129.9,32.7],[129.9,32.6],[129.8,32.6],[129.7,32.6],[129.8,32.6],[129.8,32.7],[129.9,32.7],[129.8,32.7],[129.8,32.8],[129.7,32.8],[129.7,32.9],[129.6,32.9],[129.6,33.0],[129.7,33.0],[129.6,33.0],[129.7,33.0],[129.7,33.1],[129.7,33.0],[129.7,33.1],[129.8,33.1],[129.8,33.0],[129.7,33.0],[129.8,33.0],[129.8,32.9],[129.8,32.8],[129.9,32.8],[129.9,32.9],[130.0,32.8],[130.0,32.9],[129.9,32.9],[129.9,33.0],[129.9,33.1],[129.8,33.0],[129.8,33.1],[129.7,33.1],[129.8,33.1],[129.7,33.1],[129.7,33.2],[129.7,33.1],[129.7,33.2],[129.6,33.2],[129.6,33.3],[129.6,33.4],[129.7,33.4],[129.8,33.3],[129.9,33.3],[129.8,33.3],[129.9,33.4],[129.8,33.4],[129.8,33.5],[129.8,33.4],[129.9,33.4],[129.9,33.5],[129.8,33.5],[129.9,33.5],[129.9,33.6],[129.9,33.5],[130.0,33.5],[129.9,33.5],[130.0,33.5],[130.0,33.4],[130.0,33.5],[130.1,33.5],[130.2,33.5],[130.1,33.5],[130.1,33.6],[130.2,33.6],[130.2,33.7],[130.2,33.6],[130.3,33.6],[130.4,33.6],[130.4,33.7],[130.4,33.6],[130.3,33.6],[130.3,33.7],[130.4,33.7],[130.5,33.7],[130.5,33.8],[130.4,33.8],[130.5,33.8],[130.5,33.9],[130.5,33.8],[130.5,33.9],[130.6,33.9],[130.7,33.9],[130.8,33.9],[130.9,33.9],[131.0,34.0],[131.0,33.9],[131.0,33.8],[131.0,33.7],[131.1,33.7],[131.1,33.6],[131.2,33.6],[131.3,33.6],[131.4,33.6],[131.5,33.6],[131.5,33.7],[131.6,33.7],[131.7,33.7],[131.7,33.6],[131.7,33.5],[131.7,33.4],[131.6,33.4],[131.6,33.3],[131.5,33.4],[131.5,33.3],[131.6,33.3],[131.7,33.3],[131.8,33.3],[131.8,33.2],[131.9,33.3],[131.9,33.2],[131.8,33.2],[131.8,33.1],[131.9,33.1],[132.0,33.1],[132.0,33.0],[131.9,33.0],[132.0,32.9],[132.0,33.0],[132.0,32.9],[132.0,33.0],[132.1,32.9],[132.0,32.9],[132.0,32.8],[131.9,32.8],[131.9,32.7],[131.8,32.7],[131.8,32.6],[131.7,32.6],[131.7,32.5]]],[[[145.8,43.4],[145.8,43.3],[145.7,43.3],[145.6,43.3],[145.6,43.2],[145.5,43.2],[145.4,43.2],[145.3,43.2],[145.3,43.1],[145.2,43.1],[145.1,43.1],[145.2,43.1],[145.1,43.1],[145.1,43.0],[145.0,43.0],[144.9,43.0],[144.8,43.0],[144.7,43.0],[144.8,43.0],[144.8,42.9],[144.7,42.9],[144.6,42.9],[144.5,42.9],[144.4,43.0],[144.3,43.0],[144.2,43.0],[144.0,42.9],[143.9,42.8],[143.8,42.8],[143.6,42.7],[143.6,42.6],[143.4,42.5],[143.3,42.3],[143.3,42.2],[143.3,42.1],[143.3,42.0],[143.3,41.9],[143.2,41.9],[143.2,42.0],[143.1,42.0],[143.0,42.1],[142.8,42.2],[142.5,42.3],[142.3,42.4],[142.2,42.4],[142.2,42.5],[142.1,42.5],[142.0,42.5],[141.9,42.6],[141.8,42.6],[141.7,42.6],[141.6,42.6],[141.5,42.6],[141.4,42.6],[141.3,42.5],[141.2,42.5],[141.2,42.4],[141.1,42.4],[141.0,42.3],[140.9,42.3],[141.0,42.3],[140.9,42.4],[140.7,42.6],[140.6,42.6],[140.5,42.6],[140.4,42.5],[140.3,42.4],[140.3,42.3],[140.3,42.2],[140.4,42.2],[140.5,42.2],[140.5,42.1],[140.6,42.1],[140.7,42.1],[140.8,42.1],[140.8,42.0],[140.9,42.0],[141.0,41.9],[141.1,41.9],[141.2,41.8],[141.1,41.8],[141.0,41.7],[140.9,41.8],[140.8,41.8],[140.7,41.7],[140.7,41.8],[140.6,41.8],[140.6,41.7],[140.5,41.7],[140.4,41.6],[140.4,41.5],[140.3,41.5],[140.2,41.5],[140.2,41.4],[140.1,41.4],[140.0,41.4],[140.0,41.5],[140.0,41.6],[140.0,41.7],[140.1,41.8],[140.1,41.9],[140.2,41.9],[140.1,41.9],[140.1,42.0],[140.1,42.1],[140.0,42.1],[139.9,42.1],[139.9,42.2],[139.8,42.2],[139.8,42.3],[139.8,42.4],[139.8,42.5],[139.8,42.6],[139.9,42.7],[140.0,42.7],[140.1,42.7],[140.1,42.8],[140.2,42.8],[140.3,42.8],[140.4,42.9],[140.5,43.0],[140.5,43.1],[140.4,43.1],[140.4,43.2],[140.3,43.2],[140.3,43.3],[140.4,43.3],[140.5,43.3],[140.5,43.4],[140.5,43.3],[140.6,43.3],[140.7,43.3],[140.7,43.2],[140.8,43.2],[140.9,43.2],[141.0,43.2],[141.1,43.2],[141.2,43.1],[141.2,43.2],[141.3,43.2],[141.4,43.3],[141.4,43.4],[141.4,43.5],[141.4,43.6],[141.3,43.7],[141.4,43.8],[141.5,43.8],[141.6,43.9],[141.7,44.0],[141.7,44.1],[141.7,44.3],[141.7,44.4],[141.8,44.6],[141.8,44.8],[141.8,44.9],[141.7,45.0],[141.6,45.2],[141.6,45.3],[141.7,45.4],[141.6,45.4],[141.7,45.5],[141.7,45.4],[141.8,45.4],[141.9,45.4],[141.9,45.5],[142.0,45.5],[142.1,45.4],[142.2,45.3],[142.5,45.0],[142.6,44.9],[142.7,44.9],[142.7,44.8],[142.9,44.6],[143.0,44.6],[143.1,44.5],[143.2,44.4],[143.3,44.4],[143.4,44.4],[143.4,44.3],[143.6,44.3],[143.8,44.2],[143.7,44.2],[143.7,44.1],[143.8,44.1],[143.9,44.1],[144.0,44.1],[144.1,44.1],[144.2,44.1],[144.1,44.1],[144.1,44.0],[144.2,44.0],[144.2,44.1],[144.3,44.1],[144.3,44.0],[144.4,44.0],[144.4,43.9],[144.6,43.9],[144.7,43.9],[144.8,43.9],[144.9,44.0],[145.0,44.1],[145.1,44.2],[145.2,44.2],[145.3,44.3],[145.4,44.3],[145.4,44.2],[145.3,44.2],[145.3,44.1],[145.2,44.0],[145.1,44.0],[145.1,43.9],[145.1,43.8],[145.1,43.7],[145.2,43.6],[145.2,43.5],[145.3,43.5],[145.3,43.4],[145.3,43.3],[145.4,43.3],[145.3,43.3],[145.4,43.3],[145.5,43.3],[145.5,43.2],[145.5,43.3],[145.6,43.3],[145.6,43.4],[145.7,43.4],[145.8,43.4]]],[[[134.7,33.8],[134.8,33.8],[134.7,33.8],[134.6,33.8],[134.6,33.7],[134.5,33.7],[134.4,33.7],[134.4,33.6],[134.3,33.6],[134.3,33.5],[134.2,33.5],[134.2,33.4],[134.2,33.3],[134.2,33.2],[134.2,33.3],[134.1,33.3],[134.0,33.4],[133.9,33.5],[133.8,33.5],[133.7,33.5],[133.6,33.5],[133.5,33.5],[133.5,33.4],[133.4,33.4],[133.3,33.4],[133.3,33.3],[133.3,33.2],[133.2,33.2],[133.2,33.1],[133.1,33.1],[133.1,33.0],[133.0,33.0],[133.0,32.9],[133.0,32.8],[133.0,32.7],[133.0,32.8],[132.9,32.8],[132.8,32.8],[132.8,32.7],[132.8,32.8],[132.7,32.8],[132.6,32.8],[132.7,32.9],[132.6,32.9],[132.5,32.9],[132.5,33.0],[132.4,33.0],[132.4,33.1],[132.4,33.0],[132.4,33.1],[132.5,33.1],[132.4,33.1],[132.5,33.1],[132.4,33.1],[132.4,33.2],[132.5,33.2],[132.4,33.2],[132.5,33.2],[132.5,33.3],[132.4,33.3],[132.4,33.4],[132.4,33.5],[132.3,33.5],[132.3,33.4],[132.2,33.4],[132.1,33.4],[132.0,33.3],[132.0,33.4],[132.1,33.4],[132.2,33.4],[132.2,33.5],[132.3,33.5],[132.4,33.5],[132.4,33.6],[132.5,33.6],[132.6,33.7],[132.7,33.7],[132.7,33.8],[132.7,33.9],[132.8,33.9],[132.8,34.0],[132.9,34.1],[133.0,34.1],[133.1,34.0],[133.1,33.9],[133.2,33.9],[133.2,34.0],[133.3,34.0],[133.4,34.0],[133.5,34.0],[133.6,34.0],[133.6,34.1],[133.6,34.2],[133.6,34.3],[133.6,34.2],[133.7,34.2],[133.7,34.3],[133.8,34.3],[133.9,34.3],[133.9,34.4],[134.0,34.4],[134.0,34.3],[134.0,34.4],[134.1,34.3],[134.1,34.4],[134.2,34.4],[134.2,34.3],[134.2,34.4],[134.2,34.3],[134.3,34.3],[134.4,34.2],[134.4,34.3],[134.4,34.2],[134.5,34.2],[134.6,34.2],[134.6,34.3],[134.6,34.2],[134.6,34.1],[134.6,34.0],[134.7,34.0],[134.7,33.9],[134.6,33.9],[134.7,33.8]]],[[[128.3,26.8],[128.3,26.7],[128.2,26.6],[128.1,26.6],[128.1,26.5],[128.1,26.6],[128.0,26.5],[127.9,26.5],[127.9,26.4],[127.8,26.4],[127.9,26.4],[127.9,26.3],[127.8,26.3],[127.8,26.2],[127.8,26.1],[127.7,26.1],[127.6,26.2],[127.7,26.2],[127.7,26.3],[127.7,26.4],[127.8,26.4],[127.8,26.5],[127.9,26.5],[128.0,26.6],[127.9,26.6],[127.9,26.7],[128.0,26.7],[128.0,26.6],[128.1,26.6],[128.1,26.7],[128.2,26.7],[128.2,26.8],[128.3,26.9],[128.3,26.8]]],[[[129.7,28.5],[129.7,28.4],[129.6,28.4],[129.6,28.3],[129.5,28.3],[129.4,28.3],[129.5,28.3],[129.4,28.3],[129.4,28.2],[129.5,28.2],[129.4,28.2],[129.4,28.1],[129.3,28.1],[129.3,28.2],[129.2,28.2],[129.1,28.2],[129.1,28.3],[129.2,28.3],[129.3,28.3],[129.2,28.3],[129.3,28.3],[129.3,28.4],[129.4,28.4],[129.5,28.4],[129.6,28.5],[129.6,28.4],[129.7,28.5]]]]}},{"type":"Feature","properties":{"iso3":"SPM","name":"Saint Pierre and Miquelon","ilo169":"not ratified","colonial":"A dependency of another state"},"geometry":{"type":"MultiPolygon","coordinates":[[[[-56.3,46.9],[-56.2,46.9],[-56.2,46.8],[-56.3,46.8],[-56.4,46.8],[-56.4,46.9],[-56.3,46.9],[-56.3,47.0],[-56.4,47.0],[-56.4,47.1],[-56.3,47.1],[-56.4,47.1],[-56.3,47.1],[-56.3,47.0],[-56.4,47.0],[-56.3,47.0],[-56.3,46.9]]],[[[-56.2,46.8],[-56.1,46.8],[-56.2,46.8],[-56.1,46.8],[-56.2,46.8]]]]}},{"type":"Feature","properties":{"iso3":"ISL","name":"Iceland","ilo169":"not ratified","colonial":"none recorded"},"geometry":{"type":"MultiPolygon","coordinates":[[[[-14.6,66.4],[-14.8,66.3],[-14.9,66.3],[-15.0,66.3],[-15.0,66.2],[-14.9,66.2],[-15.0,66.2],[-15.1,66.1],[-15.2,66.1],[-15.1,66.1],[-15.1,66.0],[-15.0,66.0],[-14.9,66.0],[-14.8,66.1],[-14.7,66.1],[-14.7,66.0],[-14.6,66.0],[-14.6,65.9],[-14.7,65.9],[-14.8,65.8],[-14.9,65.8],[-14.8,65.8],[-14.8,65.7],[-14.7,65.8],[-14.5,65.8],[-14.4,65.8],[-14.3,65.8],[-14.4,65.7],[-14.3,65.7],[-14.4,65.7],[-14.4,65.6],[-14.5,65.6],[-14.5,65.5],[-14.6,65.5],[-14.5,65.5],[-14.5,65.6],[-14.4,65.6],[-14.3,65.7],[-14.2,65.6],[-14.2,65.7],[-14.0,65.6],[-13.9,65.6],[-13.8,65.6],[-13.8,65.5],[-13.7,65.6],[-13.7,65.5],[-13.6,65.5],[-13.7,65.5],[-13.6,65.5],[-13.6,65.4],[-13.7,65.4],[-13.8,65.4],[-13.7,65.3],[-13.8,65.3],[-13.9,65.3],[-14.0,65.3],[-13.8,65.3],[-13.7,65.3],[-13.6,65.3],[-13.6,65.2],[-13.7,65.2],[-13.8,65.2],[-13.9,65.2],[-14.0,65.2],[-13.9,65.2],[-13.7,65.2],[-13.6,65.2],[-13.7,65.2],[-13.7,65.1],[-13.6,65.1],[-13.6,65.2],[-13.5,65.2],[-13.5,65.1],[-13.5,65.0],[-13.6,65.0],[-13.7,65.0],[-13.8,65.0],[-13.9,65.0],[-13.9,65.1],[-14.0,65.1],[-14.0,65.0],[-14.2,65.0],[-13.9,65.0],[-13.8,65.0],[-13.7,64.9],[-13.8,64.9],[-13.9,64.9],[-14.0,64.9],[-14.1,64.9],[-14.0,64.9],[-13.9,64.9],[-13.8,64.9],[-13.8,64.8],[-13.9,64.8],[-14.0,64.8],[-13.9,64.8],[-13.8,64.8],[-13.9,64.8],[-14.0,64.8],[-14.0,64.7],[-14.3,64.7],[-14.4,64.8],[-14.5,64.8],[-14.4,64.7],[-14.3,64.7],[-14.4,64.7],[-14.5,64.7],[-14.5,64.6],[-14.4,64.6],[-14.6,64.6],[-14.5,64.6],[-14.5,64.5],[-14.5,64.6],[-14.4,64.6],[-14.3,64.6],[-14.4,64.6],[-14.5,64.5],[-14.5,64.4],[-14.6,64.4],[-14.7,64.4],[-14.6,64.4],[-14.7,64.4],[-14.8,64.4],[-14.9,64.3],[-15.0,64.3],[-14.9,64.3],[-15.0,64.3],[-15.1,64.3],[-15.2,64.3],[-15.3,64.3],[-15.3,64.4],[-15.4,64.4],[-15.5,64.4],[-15.4,64.4],[-15.4,64.3],[-15.5,64.3],[-15.4,64.3],[-15.5,64.3],[-15.5,64.2],[-15.6,64.2],[-15.7,64.2],[-15.8,64.2],[-15.7,64.2],[-16.0,64.1],[-16.1,64.1],[-16.2,64.1],[-16.2,64.0],[-16.3,64.0],[-16.4,64.0],[-16.3,64.0],[-16.4,64.0],[-16.4,63.9],[-16.5,63.9],[-16.6,63.9],[-16.7,63.9],[-16.8,63.9],[-16.7,63.8],[-16.8,63.8],[-16.9,63.9],[-16.9,63.8],[-16.9,63.9],[-16.9,63.8],[-17.0,63.8],[-16.9,63.8],[-16.9,63.9],[-17.0,63.9],[-17.0,63.8],[-17.1,63.8],[-17.2,63.8],[-17.3,63.8],[-17.5,63.8],[-17.6,63.8],[-17.5,63.8],[-17.6,63.8],[-17.6,63.7],[-17.7,63.7],[-17.6,63.7],[-17.6,63.8],[-17.7,63.8],[-17.7,63.7],[-17.8,63.7],[-17.8,63.8],[-17.8,63.7],[-17.9,63.7],[-18.0,63.7],[-17.9,63.7],[-17.8,63.7],[-17.8,63.6],[-17.9,63.6],[-18.0,63.6],[-17.9,63.6],[-17.9,63.5],[-18.0,63.5],[-18.1,63.5],[-18.2,63.5],[-18.1,63.5],[-18.2,63.5],[-18.3,63.5],[-18.2,63.5],[-18.4,63.4],[-18.5,63.4],[-18.7,63.4],[-18.8,63.4],[-19.0,63.4],[-19.1,63.4],[-19.2,63.4],[-19.3,63.4],[-19.4,63.5],[-19.6,63.5],[-19.7,63.5],[-19.8,63.5],[-19.9,63.5],[-19.8,63.5],[-20.0,63.5],[-20.1,63.6],[-20.1,63.5],[-20.1,63.6],[-20.1,63.5],[-20.2,63.5],[-20.3,63.6],[-20.4,63.6],[-20.3,63.6],[-20.4,63.6],[-20.4,63.7],[-20.5,63.7],[-20.4,63.7],[-20.4,63.6],[-20.5,63.7],[-20.6,63.7],[-20.5,63.7],[-20.6,63.7],[-20.5,63.8],[-20.4,63.8],[-20.3,63.7],[-20.4,63.8],[-20.5,63.8],[-20.6,63.8],[-20.6,63.7],[-20.7,63.7],[-20.8,63.8],[-20.7,63.8],[-20.6,63.8],[-20.7,63.8],[-20.7,63.9],[-20.7,63.8],[-20.8,63.8],[-20.9,63.8],[-21.1,63.8],[-21.1,63.9],[-21.2,63.9],[-21.1,63.9],[-21.0,63.9],[-21.1,63.9],[-21.2,64.0],[-21.2,63.9],[-21.3,63.9],[-21.2,63.9],[-21.3,63.9],[-21.4,63.9],[-21.4,63.8],[-21.7,63.8],[-21.7,63.9],[-21.8,63.9],[-22.0,63.8],[-22.1,63.8],[-22.3,63.9],[-22.4,63.9],[-22.4,63.8],[-22.5,63.8],[-22.6,63.8],[-22.7,63.8],[-22.7,63.9],[-22.6,63.9],[-22.6,64.0],[-22.7,64.0],[-22.7,64.1],[-22.6,64.1],[-22.6,64.0],[-22.5,64.0],[-22.6,64.0],[-22.5,64.0],[-22.4,64.0],[-22.3,64.0],[-22.2,64.0],[-22.1,64.0],[-22.0,64.1],[-21.9,64.1],[-22.0,64.1],[-22.0,64.2],[-21.9,64.2],[-21.9,64.1],[-21.8,64.1],[-21.8,64.2],[-21.7,64.2],[-21.8,64.2],[-21.7,64.2],[-21.8,64.2],[-21.9,64.2],[-21.9,64.3],[-21.8,64.3],[-21.7,64.3],[-21.7,64.4],[-21.7,64.3],[-21.7,64.4],[-21.6,64.4],[-21.5,64.4],[-21.4,64.4],[-21.5,64.4],[-21.4,64.4],[-21.5,64.4],[-21.4,64.4],[-21.6,64.4],[-21.7,64.4],[-21.8,64.4],[-21.8,64.3],[-21.9,64.3],[-22.0,64.3],[-22.1,64.3],[-22.0,64.3],[-22.0,64.4],[-21.9,64.4],[-22.0,64.4],[-22.0,64.5],[-21.9,64.5],[-21.8,64.5],[-21.8,64.6],[-21.7,64.6],[-21.6,64.6],[-21.7,64.6],[-21.6,64.6],[-21.5,64.6],[-21.6,64.6],[-21.7,64.6],[-21.6,64.6],[-21.5,64.6],[-21.5,64.7],[-21.6,64.7],[-21.7,64.6],[-21.7,64.7],[-21.7,64.6],[-21.8,64.6],[-21.9,64.6],[-22.0,64.5],[-22.0,64.6],[-22.1,64.5],[-22.2,64.5],[-22.3,64.5],[-22.2,64.5],[-22.2,64.6],[-22.3,64.6],[-22.2,64.6],[-22.3,64.6],[-22.4,64.6],[-22.3,64.6],[-22.4,64.6],[-22.4,64.7],[-22.4,64.6],[-22.3,64.7],[-22.4,64.7],[-22.3,64.7],[-22.2,64.7],[-22.3,64.7],[-22.4,64.7],[-22.3,64.7],[-22.3,64.8],[-22.4,64.8],[-22.5,64.8],[-22.6,64.8],[-22.7,64.8],[-22.6,64.8],[-22.7,64.8],[-22.8,64.8],[-22.7,64.8],[-22.8,64.8],[-22.9,64.8],[-23.1,64.8],[-23.2,64.8],[-23.3,64.8],[-23.4,64.8],[-23.5,64.8],[-23.6,64.8],[-23.5,64.8],[-23.6,64.8],[-23.7,64.7],[-23.8,64.7],[-23.9,64.7],[-23.9,64.8],[-24.0,64.8],[-24.1,64.9],[-24.0,64.9],[-23.8,64.9],[-23.7,64.9],[-23.6,64.9],[-23.5,64.9],[-23.5,65.0],[-23.4,64.9],[-23.4,65.0],[-23.3,65.0],[-23.3,64.9],[-23.3,65.0],[-23.3,64.9],[-23.2,64.9],[-23.2,65.0],[-23.1,65.0],[-23.2,65.0],[-23.1,64.9],[-23.1,65.0],[-23.0,65.0],[-22.9,65.0],[-22.8,65.0],[-22.9,65.0],[-22.8,65.0],[-22.8,65.1],[-22.7,65.1],[-22.7,65.0],[-22.8,65.0],[-22.7,65.0],[-22.6,65.0],[-22.5,65.1],[-22.4,65.1],[-22.2,65.0],[-22.1,65.0],[-22.0,65.0],[-21.9,65.0],[-21.8,65.0],[-21.8,65.1],[-21.7,65.2],[-21.8,65.2],[-22.0,65.1],[-22.3,65.1],[-22.4,65.2],[-22.5,65.2],[-22.6,65.2],[-22.5,65.2],[-22.6,65.2],[-22.5,65.2],[-22.4,65.2],[-22.4,65.3],[-22.3,65.3],[-22.2,65.3],[-22.1,65.3],[-22.1,65.4],[-22.0,65.4],[-21.9,65.4],[-21.8,65.4],[-21.7,65.4],[-21.7,65.5],[-21.8,65.4],[-21.9,65.4],[-22.0,65.4],[-22.0,65.5],[-21.9,65.5],[-22.0,65.5],[-22.1,65.5],[-22.2,65.5],[-22.2,65.4],[-22.3,65.4],[-22.3,65.5],[-22.4,65.5],[-22.3,65.5],[-22.2,65.5],[-22.2,65.6],[-22.1,65.6],[-22.2,65.5],[-22.3,65.5],[-22.3,65.6],[-22.4,65.5],[-22.5,65.5],[-22.5,65.6],[-22.6,65.6],[-22.5,65.6],[-22.6,65.5],[-22.6,65.6],[-22.6,65.5],[-22.7,65.5],[-22.7,65.6],[-22.8,65.6],[-22.7,65.6],[-22.7,65.5],[-22.8,65.5],[-22.9,65.5],[-22.9,65.6],[-22.8,65.6],[-22.9,65.6],[-23.0,65.6],[-23.0,65.5],[-23.1,65.5],[-23.2,65.6],[-23.2,65.5],[-23.3,65.5],[-23.4,65.5],[-23.5,65.5],[-23.6,65.5],[-23.7,65.5],[-23.7,65.4],[-23.9,65.4],[-24.0,65.4],[-24.0,65.5],[-24.0,65.4],[-24.0,65.5],[-24.2,65.5],[-24.5,65.5],[-24.4,65.6],[-24.3,65.6],[-24.2,65.6],[-24.1,65.6],[-24.0,65.6],[-24.0,65.5],[-23.9,65.5],[-23.8,65.5],[-23.9,65.5],[-23.9,65.6],[-24.0,65.6],[-24.1,65.6],[-24.1,65.7],[-23.9,65.6],[-23.8,65.6],[-23.9,65.6],[-23.9,65.7],[-24.0,65.7],[-24.1,65.7],[-24.1,65.8],[-24.0,65.8],[-23.6,65.7],[-23.6,65.6],[-23.5,65.6],[-23.4,65.6],[-23.4,65.7],[-23.3,65.7],[-23.4,65.7],[-23.5,65.7],[-23.4,65.7],[-23.3,65.7],[-23.2,65.7],[-23.2,65.8],[-23.3,65.8],[-23.2,65.8],[-23.3,65.8],[-23.6,65.8],[-23.7,65.8],[-23.8,65.8],[-23.9,65.9],[-23.8,65.9],[-23.7,65.9],[-23.6,65.9],[-23.5,65.9],[-23.4,65.9],[-23.3,65.8],[-23.2,65.8],[-23.3,65.9],[-23.4,65.9],[-23.5,65.9],[-23.6,65.9],[-23.7,65.9],[-23.7,66.0],[-23.8,66.0],[-23.8,66.1],[-23.7,66.1],[-23.5,66.0],[-23.4,66.0],[-23.5,66.0],[-23.5,66.1],[-23.6,66.1],[-23.7,66.1],[-23.6,66.1],[-23.5,66.1],[-23.4,66.1],[-23.5,66.1],[-23.6,66.1],[-23.6,66.2],[-23.5,66.2],[-23.3,66.2],[-23.2,66.2],[-23.2,66.1],[-23.1,66.1],[-23.0,66.1],[-23.0,66.0],[-23.1,66.0],[-23.0,66.0],[-22.9,66.0],[-22.8,66.0],[-22.9,66.0],[-22.9,65.9],[-22.9,66.0],[-22.8,66.0],[-22.8,65.9],[-22.8,66.0],[-22.8,66.1],[-22.7,66.1],[-22.7,66.0],[-22.6,66.0],[-22.6,65.9],[-22.7,65.8],[-22.6,65.8],[-22.6,65.9],[-22.5,65.9],[-22.5,66.0],[-22.5,65.9],[-22.4,65.9],[-22.5,65.9],[-22.4,65.9],[-22.5,65.9],[-22.5,65.8],[-22.4,65.8],[-22.4,65.9],[-22.4,66.0],[-22.5,66.0],[-22.5,66.1],[-22.4,66.1],[-22.5,66.1],[-22.6,66.1],[-22.9,66.2],[-23.0,66.2],[-22.9,66.2],[-22.8,66.3],[-22.6,66.2],[-22.5,66.2],[-22.6,66.2],[-22.5,66.2],[-22.5,66.3],[-22.4,66.3],[-22.5,66.3],[-22.6,66.3],[-22.5,66.3],[-22.6,66.3],[-22.7,66.3],[-22.7,66.4],[-22.6,66.4],[-22.7,66.4],[-22.8,66.3],[-22.8,66.4],[-22.9,66.4],[-22.9,66.3],[-23.1,66.3],[-23.2,66.3],[-23.2,66.4],[-23.1,66.4],[-23.0,66.4],[-23.1,66.4],[-23.0,66.4],[-22.9,66.4],[-23.0,66.5],[-22.9,66.5],[-22.8,66.5],[-22.8,66.4],[-22.7,66.4],[-22.6,66.4],[-22.6,66.5],[-22.5,66.5],[-22.5,66.4],[-22.4,66.4],[-22.4,66.5],[-22.5,66.5],[-22.4,66.5],[-22.4,66.4],[-22.3,66.4],[-22.2,66.4],[-22.3,66.3],[-22.2,66.3],[-22.1,66.3],[-22.0,66.3],[-21.9,66.2],[-22.0,66.2],[-21.9,66.2],[-21.8,66.2],[-21.7,66.2],[-21.8,66.2],[-21.7,66.2],[-21.7,66.1],[-21.6,66.1],[-21.6,66.0],[-21.7,66.0],[-21.6,66.0],[-21.6,66.1],[-21.5,66.1],[-21.6,66.1],[-21.6,66.0],[-21.5,66.0],[-21.4,66.0],[-21.3,66.0],[-21.5,66.0],[-21.6,66.0],[-21.6,65.9],[-21.5,66.0],[-21.4,66.0],[-21.4,65.9],[-21.3,65.9],[-21.3,65.8],[-21.4,65.8],[-21.5,65.8],[-21.4,65.8],[-21.3,65.7],[-21.4,65.7],[-21.6,65.7],[-21.7,65.7],[-21.7,65.8],[-21.8,65.8],[-21.7,65.8],[-21.7,65.7],[-21.6,65.7],[-21.6,65.6],[-21.4,65.6],[-21.5,65.6],[-21.4,65.6],[-21.3,65.6],[-21.3,65.5],[-21.4,65.5],[-21.5,65.5],[-21.5,65.4],[-21.4,65.5],[-21.3,65.5],[-21.2,65.4],[-21.2,65.3],[-21.1,65.2],[-21.1,65.3],[-21.1,65.4],[-21.1,65.5],[-21.0,65.4],[-20.9,65.3],[-20.9,65.4],[-21.0,65.4],[-21.0,65.5],[-21.0,65.6],[-20.9,65.6],[-20.8,65.6],[-20.7,65.7],[-20.6,65.7],[-20.6,65.6],[-20.6,65.5],[-20.6,65.6],[-20.6,65.5],[-20.5,65.5],[-20.4,65.5],[-20.4,65.6],[-20.5,65.6],[-20.4,65.6],[-20.4,65.5],[-20.4,65.6],[-20.3,65.6],[-20.3,65.7],[-20.3,65.8],[-20.3,65.9],[-20.4,65.9],[-20.4,66.0],[-20.4,66.1],[-20.3,66.1],[-20.2,66.1],[-20.1,66.1],[-20.0,66.1],[-20.0,66.0],[-19.9,66.0],[-19.9,65.9],[-19.8,65.9],[-19.7,65.9],[-19.7,65.8],[-19.6,65.8],[-19.6,65.7],[-19.6,65.8],[-19.5,65.8],[-19.5,65.7],[-19.4,65.7],[-19.5,65.7],[-19.4,65.7],[-19.4,65.8],[-19.4,65.9],[-19.5,65.9],[-19.5,66.0],[-19.4,66.0],[-19.5,66.1],[-19.4,66.1],[-19.2,66.1],[-19.1,66.1],[-19.1,66.2],[-19.0,66.2],[-18.9,66.2],[-18.8,66.2],[-18.8,66.1],[-18.7,66.2],[-18.6,66.1],[-18.7,66.1],[-18.6,66.1],[-18.5,66.1],[-18.5,66.0],[-18.4,66.0],[-18.3,66.0],[-18.3,65.9],[-18.2,65.9],[-18.2,65.8],[-18.2,65.7],[-18.1,65.7],[-18.1,65.6],[-18.1,65.7],[-18.1,65.8],[-18.1,65.9],[-18.2,65.9],[-18.2,66.0],[-18.3,66.0],[-18.3,66.1],[-18.3,66.2],[-18.2,66.2],[-18.1,66.2],[-18.1,66.1],[-18.0,66.2],[-17.9,66.2],[-17.9,66.1],[-17.8,66.1],[-17.7,66.1],[-17.7,66.0],[-17.6,66.0],[-17.6,65.9],[-17.5,65.9],[-17.6,65.9],[-17.6,66.0],[-17.5,66.0],[-17.6,66.0],[-17.5,66.0],[-17.4,66.0],[-17.4,66.1],[-17.3,66.1],[-17.3,66.2],[-17.2,66.2],[-17.1,66.2],[-17.0,66.2],[-16.9,66.1],[-16.8,66.1],[-16.7,66.1],[-16.8,66.1],[-16.7,66.1],[-16.6,66.1],[-16.7,66.1],[-16.7,66.2],[-16.6,66.2],[-16.5,66.2],[-16.6,66.2],[-16.5,66.2],[-16.5,66.1],[-16.4,66.1],[-16.4,66.2],[-16.5,66.2],[-16.4,66.2],[-16.4,66.3],[-16.5,66.3],[-16.5,66.4],[-16.5,66.5],[-16.6,66.5],[-16.5,66.5],[-16.4,66.5],[-16.3,66.5],[-16.2,66.5],[-16.1,66.5],[-16.0,66.5],[-15.9,66.5],[-15.9,66.4],[-15.8,66.4],[-15.7,66.4],[-15.7,66.3],[-15.8,66.3],[-15.7,66.3],[-15.7,66.2],[-15.6,66.2],[-15.5,66.2],[-15.4,66.2],[-15.4,66.1],[-15.4,66.2],[-15.3,66.2],[-15.3,66.3],[-15.2,66.3],[-15.1,66.3],[-15.0,66.3],[-15.0,66.4],[-14.9,66.4],[-14.8,66.4],[-14.6,66.4]]]]}},{"type":"Feature","properties":{"iso3":"ATF","name":"French Southern and Antarctic Lands","ilo169":"not ratified","colonial":"A dependency of another state"},"geometry":{"type":"MultiPolygon","coordinates":[[[[70.5,-49.2],[70.6,-49.2],[70.6,-49.3],[70.5,-49.3],[70.5,-49.4],[70.4,-49.3],[70.3,-49.4],[70.4,-49.4],[70.5,-49.4],[70.4,-49.4],[70.3,-49.4],[70.2,-49.4],[70.1,-49.3],[70.1,-49.4],[70.0,-49.4],[69.9,-49.3],[69.8,-49.3],[69.9,-49.4],[69.8,-49.4],[69.8,-49.5],[69.8,-49.4],[69.7,-49.4],[69.8,-49.5],[69.9,-49.6],[70.0,-49.6],[70.1,-49.6],[70.0,-49.5],[70.1,-49.5],[70.2,-49.5],[70.3,-49.5],[70.3,-49.6],[70.2,-49.6],[70.3,-49.7],[70.2,-49.7],[70.1,-49.7],[70.0,-49.7],[69.9,-49.7],[69.8,-49.6],[69.8,-49.5],[69.7,-49.5],[69.6,-49.5],[69.7,-49.5],[69.7,-49.6],[69.7,-49.7],[69.6,-49.7],[69.6,-49.6],[69.5,-49.6],[69.4,-49.6],[69.3,-49.6],[69.3,-49.5],[69.2,-49.5],[69.2,-49.6],[69.1,-49.5],[69.2,-49.5],[69.2,-49.6],[69.1,-49.6],[69.1,-49.5],[69.1,-49.6],[69.1,-49.7],[69.0,-49.7],[68.9,-49.7],[68.8,-49.7],[68.8,-49.6],[68.8,-49.5],[68.9,-49.5],[68.9,-49.4],[68.8,-49.4],[68.9,-49.3],[68.8,-49.3],[68.8,-49.2],[68.9,-49.2],[68.9,-49.1],[68.8,-49.1],[68.7,-49.1],[68.8,-49.0],[68.8,-49.1],[68.8,-49.0],[68.9,-49.0],[68.9,-48.9],[68.8,-48.9],[68.8,-48.8],[68.9,-48.8],[68.9,-48.7],[69.0,-48.7],[69.1,-48.7],[69.0,-48.8],[68.9,-48.9],[69.0,-48.9],[69.0,-48.8],[69.0,-48.9],[69.1,-48.8],[69.2,-48.8],[69.1,-48.8],[69.2,-48.8],[69.1,-48.9],[69.1,-49.0],[69.0,-49.0],[69.0,-49.1],[69.1,-49.1],[69.1,-49.0],[69.2,-49.0],[69.2,-49.1],[69.4,-49.1],[69.4,-49.0],[69.5,-49.0],[69.4,-49.1],[69.5,-49.1],[69.5,-49.0],[69.6,-49.0],[69.7,-49.1],[69.6,-49.1],[69.5,-49.1],[69.4,-49.1],[69.3,-49.2],[69.4,-49.2],[69.4,-49.1],[69.5,-49.2],[69.4,-49.2],[69.5,-49.2],[69.5,-49.3],[69.4,-49.3],[69.5,-49.3],[69.6,-49.3],[69.7,-49.3],[69.7,-49.2],[69.7,-49.3],[69.6,-49.3],[69.7,-49.3],[69.8,-49.3],[69.9,-49.2],[70.0,-49.2],[70.0,-49.1],[70.1,-49.1],[70.2,-49.1],[70.1,-49.1],[70.1,-49.2],[70.2,-49.2],[70.2,-49.1],[70.3,-49.1],[70.4,-49.1],[70.5,-49.1],[70.5,-49.2]]]]}},{"type":"Feature","properties":{"iso3":"SYC","name":"Seychelles","ilo169":"not ratified","colonial":"none recorded"},"geometry":{"type":"MultiPolygon","coordinates":[[[[55.4,-4.7],[55.4,-4.6],[55.5,-4.6],[55.5,-4.7],[55.5,-4.8],[55.5,-4.7],[55.4,-4.7]]],[[[46.5,-9.4],[46.4,-9.4],[46.3,-9.4],[46.2,-9.5],[46.2,-9.4],[46.3,-9.4],[46.4,-9.4],[46.5,-9.4],[46.4,-9.4],[46.4,-9.3],[46.5,-9.4]]],[[[55.7,-4.3],[55.8,-4.3],[55.8,-4.4],[55.7,-4.4],[55.7,-4.3]]],[[[46.3,-9.4],[46.3,-9.3],[46.4,-9.3],[46.4,-9.4],[46.3,-9.4],[46.3,-9.3],[46.3,-9.4],[46.3,-9.3],[46.3,-9.4]]]]}},{"type":"Feature","properties":{"iso3":"KIR","name":"Kiribati","ilo169":"not ratified","colonial":"none recorded"},"geometry":{"type":"MultiPolygon","coordinates":[[[[-157.2,1.8],[-157.2,1.7],[-157.3,1.7],[-157.3,1.8],[-157.4,1.8],[-157.5,1.8],[-157.5,1.9],[-157.6,1.9],[-157.5,1.9],[-157.5,1.8],[-157.4,1.8],[-157.4,1.9],[-157.5,1.9],[-157.4,1.9],[-157.4,2.0],[-157.5,2.0],[-157.4,2.0],[-157.3,2.0],[-157.3,1.9],[-157.3,1.8],[-157.2,1.8]]]]}},{"type":"Feature","properties":{"iso3":"MHL","name":"Marshall Islands","ilo169":"not ratified","colonial":"none recorded"},"geometry":{"type":"MultiPolygon","coordinates":[[[[171.4,7.1],[171.3,7.1],[171.2,7.1],[171.1,7.1],[171.0,7.2],[171.1,7.2],[171.1,7.1],[171.2,7.1],[171.3,7.1],[171.4,7.1]]]]}},{"type":"Feature","properties":{"iso3":"GRD","name":"Grenada","ilo169":"not ratified","colonial":"none recorded","debt_pct_gni":68.6},"geometry":{"type":"MultiPolygon","coordinates":[[[[-61.6,12.2],[-61.6,12.1],[-61.6,12.0],[-61.7,12.0],[-61.8,12.0],[-61.7,12.0],[-61.7,12.1],[-61.8,12.1],[-61.7,12.1],[-61.7,12.2],[-61.6,12.2]]],[[[-61.4,12.5],[-61.5,12.5],[-61.5,12.4],[-61.5,12.5],[-61.4,12.5]]]]}},{"type":"Feature","properties":{"iso3":"VCT","name":"Saint Vincent and the Grenadines","ilo169":"not ratified","colonial":"none recorded","debt_pct_gni":70.3},"geometry":{"type":"MultiPolygon","coordinates":[[[[-61.2,13.1],[-61.3,13.2],[-61.3,13.3],[-61.2,13.3],[-61.2,13.4],[-61.1,13.4],[-61.1,13.3],[-61.1,13.2],[-61.2,13.1]]],[[[-61.2,13.0],[-61.3,13.0],[-61.2,13.0],[-61.2,13.1],[-61.2,13.0]]]]}},{"type":"Feature","properties":{"iso3":"LCA","name":"Saint Lucia","ilo169":"not ratified","colonial":"none recorded","debt_pct_gni":51.3},"geometry":{"type":"Polygon","coordinates":[[[-60.9,14.0],[-60.9,13.9],[-60.9,13.8],[-60.9,13.7],[-61.0,13.7],[-61.0,13.8],[-61.1,13.8],[-61.1,13.9],[-61.0,14.0],[-61.0,14.1],[-60.9,14.1],[-60.9,14.0]]]}},{"type":"Feature","properties":{"iso3":"DMA","name":"Dominica","ilo169":"ratified","colonial":"none recorded","debt_pct_gni":82.4},"geometry":{"type":"Polygon","coordinates":[[[-61.4,15.2],[-61.4,15.3],[-61.4,15.4],[-61.4,15.5],[-61.5,15.5],[-61.5,15.6],[-61.4,15.6],[-61.3,15.6],[-61.3,15.5],[-61.3,15.4],[-61.2,15.4],[-61.3,15.4],[-61.3,15.3],[-61.3,15.2],[-61.4,15.2]]]}},{"type":"Feature","properties":{"iso3":"MSR","name":"Montserrat","ilo169":"not ratified","colonial":"A Non-Self-Governing Territory (UN list)"},"geometry":{"type":"Polygon","coordinates":[[[-62.1,16.7],[-62.2,16.7],[-62.1,16.7],[-62.2,16.7],[-62.2,16.8],[-62.1,16.7]]]}},{"type":"Feature","properties":{"iso3":"ATG","name":"Antigua and Barbuda","ilo169":"not ratified","colonial":"none recorded"},"geometry":{"type":"MultiPolygon","coordinates":[[[[-61.9,17.0],[-61.9,17.1],[-61.8,17.1],[-61.9,17.1],[-61.8,17.1],[-61.8,17.2],[-61.8,17.1],[-61.7,17.1],[-61.7,17.0],[-61.8,17.0],[-61.9,17.0]]],[[[-61.8,17.6],[-61.9,17.6],[-61.9,17.7],[-61.8,17.7],[-61.8,17.6],[-61.8,17.7],[-61.9,17.7],[-61.8,17.7],[-61.7,17.7],[-61.7,17.6],[-61.8,17.6],[-61.8,17.5],[-61.8,17.6]]]]}},{"type":"Feature","properties":{"iso3":"KNA","name":"Saint Kitts and Nevis","ilo169":"not ratified","colonial":"none recorded"},"geometry":{"type":"MultiPolygon","coordinates":[[[[-62.7,17.3],[-62.6,17.3],[-62.6,17.2],[-62.7,17.2],[-62.7,17.3],[-62.8,17.3],[-62.9,17.4],[-62.8,17.4],[-62.7,17.4],[-62.7,17.3]]],[[[-62.6,17.2],[-62.5,17.2],[-62.5,17.1],[-62.6,17.1],[-62.6,17.2]]]]}},{"type":"Feature","properties":{"iso3":"AIA","name":"Anguilla","ilo169":"not ratified","colonial":"A Non-Self-Governing Territory (UN list)"},"geometry":{"type":"MultiPolygon","coordinates":[[[[-63.0,18.3],[-63.0,18.2],[-63.1,18.2],[-63.2,18.2],[-63.1,18.2],[-63.1,18.3],[-63.0,18.3]]]]}},{"type":"Feature","properties":{"iso3":"VGB","name":"British Virgin Islands","ilo169":"not ratified","colonial":"A Non-Self-Governing Territory (UN list)"},"geometry":{"type":"MultiPolygon","coordinates":[[[[-64.6,18.4],[-64.7,18.4],[-64.6,18.5],[-64.6,18.4],[-64.6,18.5],[-64.6,18.4],[-64.6,18.5],[-64.5,18.4],[-64.6,18.4]]],[[[-64.4,18.5],[-64.4,18.4],[-64.4,18.5],[-64.3,18.5],[-64.4,18.5]]]]}},{"type":"Feature","properties":{"iso3":"CYM","name":"Cayman Islands","ilo169":"not ratified","colonial":"A Non-Self-Governing Territory (UN list)"},"geometry":{"type":"MultiPolygon","coordinates":[[[[-81.1,19.4],[-81.1,19.3],[-81.2,19.3],[-81.3,19.3],[-81.4,19.3],[-81.4,19.4],[-81.4,19.3],[-81.3,19.3],[-81.3,19.4],[-81.2,19.4],[-81.2,19.3],[-81.2,19.4],[-81.1,19.4]]],[[[-79.9,19.7],[-79.8,19.7],[-79.8,19.8],[-79.7,19.8],[-79.7,19.7],[-79.8,19.7],[-79.9,19.7]]]]}},{"type":"Feature","properties":{"iso3":"BMU","name":"Bermuda","ilo169":"not ratified","colonial":"A Non-Self-Governing Territory (UN list)"},"geometry":{"type":"MultiPolygon","coordinates":[[[[-64.7,32.4],[-64.6,32.4],[-64.7,32.4],[-64.7,32.3],[-64.8,32.3],[-64.8,32.2],[-64.9,32.2],[-64.9,32.3],[-64.8,32.3],[-64.9,32.3],[-64.8,32.3],[-64.7,32.3],[-64.7,32.4]]]]}},{"type":"Feature","properties":{"iso3":"HMD","name":"Heard Island and McDonald Islands","ilo169":"not ratified","colonial":"A dependency of another state"},"geometry":{"type":"Polygon","coordinates":[[[73.7,-53.1],[73.8,-53.1],[73.7,-53.1],[73.6,-53.2],[73.5,-53.2],[73.4,-53.2],[73.4,-53.1],[73.4,-53.0],[73.3,-53.0],[73.2,-53.0],[73.3,-53.0],[73.4,-53.0],[73.5,-53.0],[73.6,-53.0],[73.6,-53.1],[73.7,-53.1]]]}},{"type":"Feature","properties":{"iso3":"SHN","name":"Saint Helena","ilo169":"not ratified","colonial":"A Non-Self-Governing Territory (UN list)"},"geometry":{"type":"MultiPolygon","coordinates":[[[[-5.7,-15.9],[-5.7,-16.0],[-5.8,-16.0],[-5.8,-15.9],[-5.7,-15.9]]],[[[-14.4,-7.9],[-14.3,-7.9],[-14.3,-8.0],[-14.4,-8.0],[-14.4,-7.9]]],[[[-9.9,-40.3],[-9.9,-40.4],[-10.0,-40.4],[-10.0,-40.3],[-9.9,-40.3]]]]}},{"type":"Feature","properties":{"iso3":"MUS","name":"Mauritius","ilo169":"not ratified","colonial":"none recorded","debt_pct_gni":123.2},"geometry":{"type":"MultiPolygon","coordinates":[[[[57.8,-20.2],[57.8,-20.3],[57.7,-20.4],[57.7,-20.5],[57.6,-20.5],[57.5,-20.5],[57.4,-20.5],[57.3,-20.5],[57.3,-20.4],[57.4,-20.4],[57.4,-20.3],[57.4,-20.2],[57.5,-20.2],[57.5,-20.1],[57.5,-20.0],[57.6,-20.0],[57.7,-20.0],[57.7,-20.1],[57.8,-20.2]]]]}},{"type":"Feature","properties":{"iso3":"COM","name":"Comoros","ilo169":"not ratified","colonial":"none recorded","debt_pct_gni":24.8},"geometry":{"type":"MultiPolygon","coordinates":[[[[43.5,-11.8],[43.5,-11.9],[43.4,-11.9],[43.3,-11.9],[43.3,-11.8],[43.2,-11.8],[43.2,-11.7],[43.2,-11.6],[43.3,-11.5],[43.2,-11.4],[43.3,-11.4],[43.4,-11.4],[43.4,-11.6],[43.4,-11.7],[43.4,-11.8],[43.5,-11.8]]]]}},{"type":"Feature","properties":{"iso3":"STP","name":"São Tomé and Principe","ilo169":"not ratified","colonial":"none recorded","land_deal_ha":4917.0,"debt_pct_gni":42.7},"geometry":{"type":"MultiPolygon","coordinates":[[[[6.7,0.4],[6.7,0.3],[6.8,0.3],[6.7,0.2],[6.7,0.1],[6.6,0.1],[6.6,0.0],[6.5,0.0],[6.5,0.1],[6.5,0.2],[6.5,0.3],[6.5,0.4],[6.6,0.4],[6.7,0.4]]]]}},{"type":"Feature","properties":{"iso3":"CPV","name":"Cabo Verde","ilo169":"not ratified","colonial":"none recorded","debt_pct_gni":86.9},"geometry":{"type":"MultiPolygon","coordinates":[[[[-23.5,15.0],[-23.4,15.0],[-23.5,15.0],[-23.5,14.9],[-23.6,14.9],[-23.7,14.9],[-23.7,15.0],[-23.8,15.0],[-23.8,15.1],[-23.8,15.2],[-23.8,15.3],[-23.7,15.3],[-23.6,15.2],[-23.7,15.2],[-23.6,15.2],[-23.5,15.1],[-23.5,15.0]]],[[[-25.0,17.0],[-25.1,17.0],[-25.2,16.9],[-25.3,16.9],[-25.3,17.0],[-25.4,17.0],[-25.4,17.1],[-25.3,17.1],[-25.2,17.1],[-25.2,17.2],[-25.1,17.2],[-25.0,17.2],[-25.0,17.1],[-25.0,17.0]]],[[[-24.1,16.6],[-24.0,16.6],[-24.1,16.6],[-24.2,16.6],[-24.3,16.6],[-24.3,16.5],[-24.4,16.5],[-24.4,16.6],[-24.4,16.7],[-24.3,16.7],[-24.3,16.6],[-24.2,16.6],[-24.1,16.6]]]]}},{"type":"Feature","properties":{"iso3":"MLT","name":"Malta","ilo169":"not ratified","colonial":"none recorded"},"geometry":{"type":"MultiPolygon","coordinates":[[[[14.5,35.9],[14.6,35.9],[14.6,35.8],[14.5,35.8],[14.4,35.8],[14.4,35.9],[14.3,35.9],[14.3,36.0],[14.4,36.0],[14.3,36.0],[14.4,36.0],[14.5,35.9]]],[[[14.3,36.1],[14.3,36.0],[14.2,36.0],[14.2,36.1],[14.3,36.1]]]]}},{"type":"Feature","properties":{"iso3":"JEY","name":"Jersey","ilo169":"not ratified","colonial":"A dependency of another state"},"geometry":{"type":"Polygon","coordinates":[[[-2.1,49.3],[-2.0,49.2],[-2.1,49.2],[-2.2,49.2],[-2.2,49.3],[-2.1,49.3]]]}},{"type":"Feature","properties":{"iso3":"GGY","name":"Guernsey","ilo169":"not ratified","colonial":"A dependency of another state"},"geometry":{"type":"MultiPolygon","coordinates":[[[[-2.6,49.5],[-2.5,49.5],[-2.5,49.4],[-2.6,49.4],[-2.7,49.4],[-2.7,49.5],[-2.6,49.5]]]]}},{"type":"Feature","properties":{"iso3":"IMN","name":"Isle of Man","ilo169":"not ratified","colonial":"none recorded"},"geometry":{"type":"Polygon","coordinates":[[[-4.6,54.1],[-4.7,54.1],[-4.8,54.1],[-4.7,54.1],[-4.7,54.2],[-4.6,54.2],[-4.6,54.3],[-4.5,54.4],[-4.4,54.4],[-4.4,54.3],[-4.3,54.3],[-4.4,54.3],[-4.4,54.2],[-4.5,54.2],[-4.5,54.1],[-4.6,54.1]]]}},{"type":"Feature","properties":{"iso3":"ALA","name":"Aland","ilo169":"not ratified","colonial":"none recorded"},"geometry":{"type":"MultiPolygon","coordinates":[[[[20.2,60.2],[20.1,60.2],[20.2,60.2],[20.1,60.2],[20.0,60.2],[20.0,60.3],[20.1,60.3],[20.0,60.3],[20.0,60.2],[19.9,60.2],[20.0,60.2],[19.9,60.2],[20.0,60.2],[20.0,60.1],[20.1,60.1],[20.0,60.1],[19.9,60.1],[20.0,60.1],[19.9,60.0],[19.9,60.1],[19.8,60.1],[19.7,60.1],[19.7,60.2],[19.6,60.3],[19.7,60.3],[19.7,60.2],[19.7,60.3],[19.8,60.3],[19.7,60.3],[19.8,60.3],[19.8,60.2],[19.9,60.2],[19.9,60.3],[19.8,60.3],[19.8,60.4],[19.9,60.4],[20.0,60.4],[20.0,60.3],[20.0,60.4],[20.1,60.3],[20.1,60.4],[20.1,60.3],[20.2,60.3],[20.3,60.3],[20.2,60.2]]]]}},{"type":"Feature","properties":{"iso3":"FRO","name":"Faroe Islands","ilo169":"not ratified","colonial":"none recorded"},"geometry":{"type":"MultiPolygon","coordinates":[[[[-7.1,62.3],[-7.0,62.3],[-6.9,62.3],[-6.9,62.2],[-6.9,62.3],[-6.8,62.3],[-6.7,62.3],[-6.8,62.2],[-6.7,62.2],[-6.6,62.2],[-6.7,62.2],[-6.6,62.2],[-6.6,62.1],[-6.7,62.2],[-6.7,62.1],[-6.6,62.1],[-6.7,62.1],[-6.6,62.1],[-6.7,62.1],[-6.7,62.2],[-6.8,62.2],[-6.7,62.1],[-6.8,62.1],[-6.9,62.2],[-7.0,62.2],[-7.1,62.3]]],[[[-7.2,62.2],[-7.2,62.3],[-7.1,62.3],[-7.0,62.3],[-7.0,62.2],[-6.9,62.2],[-6.9,62.1],[-6.8,62.1],[-6.9,62.1],[-6.8,62.1],[-6.8,62.0],[-6.7,62.0],[-6.7,61.9],[-6.8,62.0],[-6.9,62.0],[-7.0,62.0],[-7.0,62.1],[-7.1,62.1],[-7.1,62.2],[-7.2,62.2]]],[[[-6.7,61.4],[-6.8,61.5],[-6.9,61.5],[-6.9,61.6],[-7.0,61.6],[-6.9,61.6],[-6.8,61.6],[-6.7,61.6],[-6.7,61.5],[-6.8,61.6],[-6.8,61.5],[-6.7,61.5],[-6.8,61.5],[-6.8,61.4],[-6.7,61.5],[-6.7,61.4],[-6.6,61.4],[-6.7,61.4]]],[[[-7.4,62.1],[-7.4,62.2],[-7.4,62.1],[-7.3,62.1],[-7.3,62.2],[-7.2,62.2],[-7.2,62.1],[-7.1,62.1],[-7.0,62.1],[-7.1,62.1],[-7.1,62.0],[-7.1,62.1],[-7.2,62.0],[-7.1,62.0],[-7.2,62.0],[-7.2,62.1],[-7.2,62.0],[-7.3,62.0],[-7.3,62.1],[-7.4,62.1],[-7.3,62.1],[-7.4,62.1]]]]}},{"type":"Feature","properties":{"iso3":"IOT","name":"British Indian Ocean Territory","ilo169":"not ratified","colonial":"A dependency of another state"},"geometry":{"type":"MultiPolygon","coordinates":[[[[72.5,-7.4],[72.4,-7.4],[72.4,-7.3],[72.4,-7.4],[72.5,-7.4]]],[[[72.5,-7.3],[72.5,-7.4],[72.5,-7.3],[72.4,-7.2],[72.5,-7.2],[72.5,-7.3]]]]}},{"type":"Feature","properties":{"iso3":"SGP","name":"Singapore","ilo169":"not ratified","colonial":"none recorded"},"geometry":{"type":"Polygon","coordinates":[[[104.0,1.4],[104.0,1.3],[103.9,1.3],[103.8,1.3],[103.7,1.3],[103.6,1.3],[103.7,1.4],[103.8,1.4],[103.9,1.4],[104.0,1.4]]]}},{"type":"Feature","properties":{"iso3":"NFK","name":"Norfolk Island","ilo169":"not ratified","colonial":"A dependency of another state"},"geometry":{"type":"Polygon","coordinates":[[[168.0,-29.0],[168.0,-29.1],[167.9,-29.1],[167.9,-29.0],[168.0,-29.0]]]}},{"type":"Feature","properties":{"iso3":"COK","name":"Cook Islands","ilo169":"not ratified","colonial":"none recorded"},"geometry":{"type":"MultiPolygon","coordinates":[[[[-159.8,-21.2],[-159.7,-21.2],[-159.7,-21.3],[-159.8,-21.3],[-159.8,-21.2]]],[[[-158.9,-19.3],[-159.0,-19.3],[-159.0,-19.2],[-158.9,-19.2],[-158.9,-19.3]]]]}},{"type":"Feature","properties":{"iso3":"TON","name":"Tonga","ilo169":"not ratified","colonial":"none recorded","conquests_suffered":1},"geometry":{"type":"MultiPolygon","coordinates":[[[[-175.1,-21.1],[-175.1,-21.2],[-175.1,-21.3],[-175.2,-21.3],[-175.2,-21.2],[-175.3,-21.2],[-175.4,-21.1],[-175.3,-21.1],[-175.2,-21.1],[-175.2,-21.2],[-175.1,-21.2],[-175.1,-21.1]]],[[[-174.0,-18.6],[-173.9,-18.6],[-174.0,-18.6],[-173.9,-18.6],[-174.0,-18.7],[-174.0,-18.6],[-174.0,-18.7],[-174.1,-18.7],[-174.1,-18.6],[-174.0,-18.6]]],[[[-174.9,-21.3],[-174.9,-21.4],[-174.9,-21.5],[-174.9,-21.4],[-175.0,-21.4],[-175.0,-21.3],[-174.9,-21.3]]]]}},{"type":"Feature","properties":{"iso3":"WSM","name":"Samoa","ilo169":"not ratified","colonial":"none recorded","debt_pct_gni":37.6},"geometry":{"type":"MultiPolygon","coordinates":[[[[-172.2,-13.6],[-172.2,-13.7],[-172.2,-13.8],[-172.3,-13.8],[-172.4,-13.8],[-172.5,-13.8],[-172.6,-13.8],[-172.6,-13.7],[-172.7,-13.6],[-172.8,-13.6],[-172.8,-13.5],[-172.7,-13.5],[-172.6,-13.5],[-172.5,-13.5],[-172.4,-13.5],[-172.3,-13.5],[-172.2,-13.6]]],[[[-171.6,-13.9],[-171.5,-13.9],[-171.5,-14.0],[-171.4,-14.0],[-171.4,-14.1],[-171.5,-14.1],[-171.5,-14.0],[-171.6,-14.0],[-171.7,-14.0],[-171.7,-14.1],[-171.8,-14.1],[-171.8,-14.0],[-171.9,-14.0],[-172.0,-14.0],[-172.0,-13.9],[-172.1,-13.9],[-172.0,-13.8],[-171.9,-13.8],[-171.8,-13.8],[-171.7,-13.9],[-171.6,-13.9]]]]}},{"type":"Feature","properties":{"iso3":"SLB","name":"Solomon Islands","ilo169":"not ratified","colonial":"none recorded","land_deal_ha":9083.6,"debt_pct_gni":33.8},"geometry":{"type":"MultiPolygon","coordinates":[[[[159.9,-8.5],[159.9,-8.6],[159.8,-8.5],[159.7,-8.5],[159.7,-8.4],[159.6,-8.4],[159.5,-8.3],[159.4,-8.3],[159.3,-8.3],[159.3,-8.2],[159.2,-8.2],[159.1,-8.1],[159.0,-8.1],[159.0,-8.0],[158.9,-8.0],[158.8,-8.0],[158.8,-7.9],[158.7,-7.9],[158.7,-7.8],[158.6,-7.8],[158.6,-7.7],[158.5,-7.6],[158.4,-7.6],[158.4,-7.5],[158.5,-7.5],[158.6,-7.6],[158.7,-7.6],[158.8,-7.6],[158.8,-7.7],[158.9,-7.7],[158.9,-7.8],[159.0,-7.8],[159.1,-7.9],[159.2,-7.9],[159.3,-8.0],[159.4,-8.0],[159.5,-8.1],[159.6,-8.1],[159.6,-8.2],[159.8,-8.3],[159.8,-8.4],[159.8,-8.5],[159.9,-8.5]]],[[[162.4,-10.8],[162.3,-10.8],[162.2,-10.8],[162.1,-10.8],[162.0,-10.8],[161.9,-10.8],[161.9,-10.7],[161.8,-10.7],[161.7,-10.7],[161.7,-10.6],[161.6,-10.6],[161.5,-10.6],[161.5,-10.5],[161.5,-10.4],[161.5,-10.3],[161.4,-10.3],[161.3,-10.3],[161.3,-10.2],[161.4,-10.2],[161.5,-10.3],[161.6,-10.3],[161.7,-10.4],[161.8,-10.4],[161.9,-10.4],[162.0,-10.4],[162.0,-10.5],[162.1,-10.5],[162.1,-10.4],[162.1,-10.5],[162.2,-10.5],[162.2,-10.6],[162.2,-10.7],[162.3,-10.7],[162.3,-10.8],[162.4,-10.8]]],[[[161.4,-9.6],[161.3,-9.6],[161.3,-9.5],[161.2,-9.5],[161.2,-9.4],[161.1,-9.3],[161.0,-9.3],[161.0,-9.2],[160.9,-9.2],[160.8,-9.0],[160.8,-8.9],[160.7,-8.9],[160.7,-8.8],[160.7,-8.7],[160.7,-8.6],[160.7,-8.5],[160.7,-8.4],[160.6,-8.4],[160.6,-8.3],[160.7,-8.3],[160.7,-8.4],[160.7,-8.3],[160.8,-8.3],[160.8,-8.4],[160.9,-8.5],[161.0,-8.6],[161.0,-8.7],[160.9,-8.7],[161.0,-8.7],[160.9,-8.8],[161.0,-8.8],[161.0,-8.9],[161.0,-8.8],[161.1,-8.9],[161.2,-8.9],[161.2,-9.0],[161.1,-9.0],[161.2,-9.0],[161.2,-9.1],[161.2,-9.2],[161.3,-9.2],[161.2,-9.2],[161.3,-9.2],[161.3,-9.3],[161.2,-9.3],[161.3,-9.3],[161.3,-9.4],[161.3,-9.5],[161.4,-9.5],[161.4,-9.6]]],[[[160.8,-9.8],[160.8,-9.9],[160.7,-9.9],[160.6,-9.9],[160.5,-9.9],[160.4,-9.9],[160.4,-9.8],[160.3,-9.8],[160.2,-9.8],[160.1,-9.8],[160.0,-9.8],[159.9,-9.8],[159.8,-9.8],[159.8,-9.7],[159.7,-9.7],[159.7,-9.6],[159.6,-9.6],[159.6,-9.5],[159.6,-9.4],[159.6,-9.3],[159.7,-9.2],[159.7,-9.3],[159.8,-9.3],[159.9,-9.4],[160.0,-9.4],[160.1,-9.4],[160.2,-9.4],[160.3,-9.4],[160.4,-9.4],[160.4,-9.5],[160.5,-9.5],[160.6,-9.6],[160.7,-9.6],[160.7,-9.7],[160.8,-9.7],[160.8,-9.8]]],[[[157.8,-8.6],[157.8,-8.5],[157.7,-8.5],[157.6,-8.5],[157.6,-8.4],[157.6,-8.3],[157.6,-8.4],[157.6,-8.3],[157.5,-8.3],[157.4,-8.3],[157.3,-8.3],[157.2,-8.3],[157.2,-8.2],[157.3,-8.2],[157.3,-8.1],[157.4,-8.1],[157.4,-8.0],[157.5,-8.0],[157.6,-8.0],[157.6,-8.1],[157.6,-8.2],[157.7,-8.2],[157.8,-8.2],[157.8,-8.3],[157.8,-8.4],[157.9,-8.4],[157.9,-8.5],[157.9,-8.6],[157.8,-8.6]]],[[[157.5,-7.3],[157.5,-7.4],[157.4,-7.4],[157.3,-7.4],[157.3,-7.3],[157.3,-7.4],[157.2,-7.3],[157.1,-7.3],[157.0,-7.3],[157.0,-7.2],[156.9,-7.2],[156.8,-7.1],[156.8,-7.0],[156.7,-7.0],[156.7,-6.9],[156.6,-6.9],[156.5,-6.8],[156.5,-6.7],[156.4,-6.7],[156.4,-6.6],[156.5,-6.6],[156.6,-6.6],[156.6,-6.7],[156.7,-6.7],[156.8,-6.8],[156.9,-6.8],[157.0,-6.9],[157.1,-6.9],[157.1,-7.0],[157.1,-7.1],[157.2,-7.1],[157.2,-7.2],[157.3,-7.2],[157.3,-7.3],[157.4,-7.3],[157.5,-7.3]]]]}},{"type":"Feature","properties":{"iso3":"MDV","name":"Maldives","ilo169":"not ratified","colonial":"none recorded","debt_pct_gni":75.6,"conquests_suffered":1},"geometry":{"type":"MultiPolygon","coordinates":[[[[73.5,4.2],[73.6,4.2],[73.5,4.2],[73.4,4.2],[73.5,4.2]]]]}},{"type":"Feature","properties":{"iso3":"FSM","name":"Federated States of Micronesia","ilo169":"not ratified","colonial":"none recorded"},"geometry":{"type":"MultiPolygon","coordinates":[[[[158.3,6.9],[158.3,6.8],[158.2,6.8],[158.2,6.9],[158.1,6.9],[158.1,7.0],[158.2,7.0],[158.3,7.0],[158.3,6.9]]],[[[138.2,9.6],[138.2,9.5],[138.1,9.5],[138.1,9.4],[138.1,9.5],[138.1,9.6],[138.2,9.5],[138.2,9.6]]]]}},{"type":"Feature","properties":{"iso3":"SGS","name":"South Georgia and the Islands","ilo169":"not ratified","colonial":"A dependency of another state"},"geometry":{"type":"MultiPolygon","coordinates":[[[[-35.9,-54.7],[-35.8,-54.8],[-35.9,-54.8],[-36.0,-54.8],[-36.1,-54.8],[-36.0,-54.8],[-35.9,-54.8],[-35.9,-54.9],[-36.0,-54.9],[-36.0,-54.8],[-36.0,-54.9],[-36.1,-54.9],[-36.1,-54.8],[-36.2,-54.8],[-36.3,-54.8],[-36.3,-54.7],[-36.4,-54.6],[-36.5,-54.6],[-36.5,-54.5],[-36.6,-54.5],[-36.7,-54.5],[-36.8,-54.4],[-36.9,-54.4],[-36.9,-54.3],[-37.0,-54.3],[-37.1,-54.3],[-37.2,-54.3],[-37.2,-54.2],[-37.2,-54.3],[-37.3,-54.3],[-37.4,-54.3],[-37.4,-54.2],[-37.3,-54.2],[-37.4,-54.2],[-37.3,-54.2],[-37.2,-54.1],[-37.3,-54.1],[-37.4,-54.1],[-37.5,-54.1],[-37.6,-54.1],[-37.6,-54.2],[-37.5,-54.2],[-37.6,-54.2],[-37.7,-54.2],[-37.7,-54.1],[-37.6,-54.1],[-37.6,-54.0],[-37.7,-54.0],[-37.8,-54.0],[-37.9,-54.0],[-38.0,-54.0],[-38.0,-54.1],[-38.0,-54.0],[-37.9,-54.0],[-37.8,-54.0],[-37.7,-54.0],[-37.5,-54.0],[-37.4,-54.0],[-37.5,-54.0],[-37.4,-54.0],[-37.4,-54.1],[-37.4,-54.0],[-37.3,-54.0],[-37.2,-54.1],[-37.2,-54.0],[-37.1,-54.0],[-37.1,-54.1],[-37.0,-54.1],[-36.9,-54.1],[-36.8,-54.1],[-36.7,-54.1],[-36.6,-54.1],[-36.7,-54.1],[-36.7,-54.2],[-36.6,-54.2],[-36.5,-54.2],[-36.6,-54.2],[-36.7,-54.2],[-36.7,-54.3],[-36.6,-54.3],[-36.5,-54.2],[-36.5,-54.3],[-36.4,-54.3],[-36.4,-54.4],[-36.3,-54.4],[-36.3,-54.3],[-36.4,-54.3],[-36.4,-54.2],[-36.3,-54.3],[-36.2,-54.3],[-36.2,-54.4],[-36.3,-54.4],[-36.2,-54.4],[-36.1,-54.4],[-36.1,-54.5],[-36.1,-54.4],[-36.1,-54.5],[-36.0,-54.5],[-36.1,-54.5],[-36.1,-54.6],[-36.0,-54.6],[-35.9,-54.6],[-35.9,-54.5],[-35.9,-54.6],[-35.9,-54.7]]]]}},{"type":"Feature","properties":{"iso3":"FLK","name":"Falkland Islands","ilo169":"not ratified","colonial":"A Non-Self-Governing Territory (UN list)"},"geometry":{"type":"MultiPolygon","coordinates":[[[[-57.8,-51.7],[-57.7,-51.7],[-57.8,-51.7],[-57.9,-51.7],[-58.0,-51.7],[-58.0,-51.8],[-58.1,-51.8],[-58.2,-51.8],[-58.3,-51.8],[-58.2,-51.8],[-58.1,-51.8],[-58.2,-51.8],[-58.3,-51.8],[-58.4,-51.8],[-58.3,-51.8],[-58.2,-51.8],[-58.3,-51.8],[-58.4,-51.9],[-58.5,-51.9],[-58.6,-51.9],[-58.8,-51.9],[-58.9,-51.9],[-58.9,-51.8],[-59.0,-51.8],[-59.0,-51.9],[-58.9,-51.9],[-58.8,-51.9],[-58.8,-52.0],[-58.7,-51.9],[-58.7,-52.0],[-58.6,-52.0],[-58.7,-52.0],[-58.7,-52.1],[-58.6,-52.1],[-58.7,-52.1],[-58.7,-52.0],[-58.8,-52.0],[-58.9,-52.0],[-58.9,-52.1],[-59.0,-52.1],[-59.0,-52.0],[-59.1,-52.0],[-59.2,-52.0],[-59.3,-52.0],[-59.2,-52.0],[-59.2,-52.1],[-59.1,-52.1],[-59.2,-52.1],[-59.1,-52.2],[-59.1,-52.1],[-59.0,-52.1],[-59.0,-52.2],[-59.1,-52.2],[-59.0,-52.2],[-59.1,-52.2],[-59.2,-52.2],[-59.3,-52.2],[-59.3,-52.1],[-59.4,-52.1],[-59.4,-52.2],[-59.4,-52.1],[-59.5,-52.1],[-59.4,-52.2],[-59.3,-52.3],[-59.4,-52.3],[-59.3,-52.3],[-59.4,-52.3],[-59.5,-52.3],[-59.5,-52.2],[-59.6,-52.2],[-59.7,-52.2],[-59.7,-52.1],[-59.6,-52.1],[-59.6,-52.0],[-59.5,-52.0],[-59.6,-52.0],[-59.6,-51.9],[-59.5,-51.9],[-59.5,-51.8],[-59.4,-51.8],[-59.3,-51.8],[-59.3,-51.7],[-59.2,-51.7],[-59.1,-51.7],[-59.0,-51.7],[-59.0,-51.8],[-59.0,-51.7],[-59.0,-51.6],[-59.1,-51.6],[-59.2,-51.6],[-59.1,-51.5],[-59.1,-51.6],[-59.0,-51.6],[-59.0,-51.5],[-59.1,-51.5],[-59.1,-51.4],[-59.0,-51.4],[-58.9,-51.4],[-58.9,-51.3],[-59.0,-51.2],[-58.9,-51.3],[-58.8,-51.3],[-58.7,-51.3],[-58.6,-51.3],[-58.5,-51.3],[-58.4,-51.3],[-58.3,-51.4],[-58.4,-51.4],[-58.4,-51.5],[-58.4,-51.4],[-58.5,-51.4],[-58.5,-51.5],[-58.4,-51.5],[-58.4,-51.6],[-58.3,-51.6],[-58.3,-51.5],[-58.3,-51.6],[-58.2,-51.6],[-58.2,-51.7],[-58.2,-51.6],[-58.2,-51.5],[-58.3,-51.5],[-58.4,-51.5],[-58.3,-51.5],[-58.3,-51.4],[-58.2,-51.4],[-58.0,-51.4],[-57.9,-51.4],[-57.8,-51.5],[-57.9,-51.5],[-58.0,-51.5],[-58.1,-51.5],[-58.1,-51.6],[-58.0,-51.6],[-57.9,-51.6],[-57.8,-51.6],[-57.8,-51.7],[-57.9,-51.7],[-57.8,-51.7]]],[[[-59.6,-51.7],[-59.7,-51.8],[-59.8,-51.9],[-59.9,-51.9],[-59.9,-52.0],[-60.0,-52.0],[-60.1,-52.0],[-60.1,-51.9],[-60.1,-52.0],[-60.2,-52.0],[-60.3,-52.0],[-60.3,-52.1],[-60.4,-52.2],[-60.4,-52.1],[-60.4,-52.2],[-60.5,-52.2],[-60.5,-52.1],[-60.6,-52.1],[-60.5,-52.1],[-60.5,-52.2],[-60.6,-52.2],[-60.7,-52.2],[-60.6,-52.2],[-60.7,-52.2],[-60.7,-52.1],[-60.8,-52.1],[-60.7,-52.2],[-60.8,-52.2],[-60.9,-52.1],[-61.0,-52.1],[-61.0,-52.0],[-60.9,-52.0],[-60.9,-52.1],[-60.9,-52.0],[-60.8,-52.0],[-60.7,-52.0],[-60.8,-52.0],[-60.7,-52.0],[-60.6,-52.0],[-60.5,-52.0],[-60.4,-52.0],[-60.4,-51.9],[-60.5,-51.9],[-60.6,-51.9],[-60.5,-51.9],[-60.4,-51.9],[-60.5,-51.9],[-60.4,-51.8],[-60.5,-51.8],[-60.4,-51.8],[-60.3,-51.9],[-60.3,-51.8],[-60.3,-51.7],[-60.3,-51.8],[-60.2,-51.8],[-60.2,-51.7],[-60.3,-51.7],[-60.4,-51.7],[-60.4,-51.8],[-60.5,-51.8],[-60.6,-51.8],[-60.6,-51.7],[-60.5,-51.7],[-60.4,-51.7],[-60.3,-51.7],[-60.2,-51.7],[-60.1,-51.7],[-60.2,-51.7],[-60.2,-51.6],[-60.3,-51.6],[-60.5,-51.5],[-60.4,-51.5],[-60.5,-51.4],[-60.6,-51.4],[-60.6,-51.3],[-60.6,-51.4],[-60.5,-51.4],[-60.4,-51.4],[-60.3,-51.5],[-60.2,-51.5],[-60.0,-51.5],[-60.0,-51.4],[-60.1,-51.4],[-60.0,-51.4],[-59.9,-51.4],[-59.8,-51.4],[-59.7,-51.4],[-59.6,-51.4],[-59.5,-51.4],[-59.6,-51.4],[-59.5,-51.5],[-59.4,-51.4],[-59.4,-51.3],[-59.4,-51.4],[-59.3,-51.4],[-59.2,-51.4],[-59.3,-51.4],[-59.2,-51.4],[-59.3,-51.5],[-59.4,-51.5],[-59.4,-51.6],[-59.5,-51.6],[-59.6,-51.7],[-59.5,-51.7],[-59.6,-51.7]]],[[[-59.7,-51.3],[-59.8,-51.3],[-59.8,-51.2],[-59.7,-51.2],[-59.7,-51.3],[-59.6,-51.3],[-59.5,-51.3],[-59.4,-51.3],[-59.5,-51.3],[-59.6,-51.3],[-59.7,-51.3]]]]}},{"type":"Feature","properties":{"iso3":"VUT","name":"Vanuatu","ilo169":"not ratified","colonial":"none recorded","debt_pct_gni":39.2},"geometry":{"type":"MultiPolygon","coordinates":[[[[167.8,-16.4],[167.8,-16.5],[167.7,-16.5],[167.6,-16.5],[167.6,-16.6],[167.5,-16.6],[167.4,-16.5],[167.5,-16.5],[167.4,-16.5],[167.4,-16.4],[167.4,-16.3],[167.4,-16.2],[167.3,-16.1],[167.2,-16.2],[167.2,-16.1],[167.1,-16.1],[167.1,-16.0],[167.2,-16.0],[167.2,-15.9],[167.3,-15.9],[167.4,-16.0],[167.4,-16.1],[167.5,-16.1],[167.5,-16.2],[167.6,-16.2],[167.6,-16.3],[167.7,-16.3],[167.8,-16.3],[167.8,-16.4],[167.8,-16.5],[167.8,-16.4]]],[[[167.1,-15.5],[167.1,-15.6],[167.0,-15.6],[166.9,-15.6],[166.8,-15.6],[166.8,-15.7],[166.8,-15.6],[166.7,-15.5],[166.6,-15.4],[166.6,-15.3],[166.7,-15.3],[166.6,-15.2],[166.6,-15.1],[166.6,-15.0],[166.5,-14.9],[166.5,-14.8],[166.5,-14.7],[166.6,-14.7],[166.6,-14.6],[166.6,-14.7],[166.7,-14.7],[166.7,-14.8],[166.7,-14.9],[166.8,-14.9],[166.8,-15.0],[166.8,-15.2],[166.9,-15.2],[166.9,-15.1],[167.0,-15.1],[167.0,-15.0],[167.0,-14.9],[167.1,-14.9],[167.1,-15.0],[167.0,-15.0],[167.1,-15.0],[167.1,-15.1],[167.2,-15.2],[167.1,-15.2],[167.2,-15.3],[167.2,-15.4],[167.2,-15.5],[167.1,-15.5]]],[[[168.5,-17.7],[168.6,-17.7],[168.6,-17.8],[168.5,-17.8],[168.4,-17.8],[168.3,-17.8],[168.2,-17.8],[168.3,-17.8],[168.3,-17.7],[168.2,-17.7],[168.2,-17.6],[168.3,-17.6],[168.3,-17.5],[168.3,-17.6],[168.4,-17.5],[168.5,-17.5],[168.5,-17.6],[168.5,-17.7]]],[[[168.2,-16.8],[168.1,-16.8],[168.1,-16.7],[168.1,-16.6],[168.2,-16.6],[168.1,-16.6],[168.2,-16.6],[168.2,-16.7],[168.3,-16.7],[168.4,-16.7],[168.4,-16.8],[168.5,-16.8],[168.4,-16.8],[168.3,-16.8],[168.2,-16.8]]],[[[169.3,-18.9],[169.3,-19.0],[169.2,-18.9],[169.1,-18.9],[169.0,-18.9],[169.0,-18.8],[169.0,-18.7],[169.0,-18.6],[169.1,-18.6],[169.2,-18.6],[169.2,-18.7],[169.3,-18.7],[169.3,-18.8],[169.2,-18.8],[169.3,-18.8],[169.3,-18.9]]],[[[169.4,-19.5],[169.5,-19.5],[169.5,-19.6],[169.4,-19.6],[169.4,-19.7],[169.4,-19.6],[169.3,-19.6],[169.3,-19.5],[169.2,-19.5],[169.2,-19.4],[169.2,-19.3],[169.3,-19.3],[169.4,-19.3],[169.3,-19.4],[169.4,-19.5]]]]}},{"type":"Feature","properties":{"iso3":"NIU","name":"Niue","ilo169":"not ratified","colonial":"none recorded"},"geometry":{"type":"Polygon","coordinates":[[[-169.9,-19.0],[-169.8,-19.0],[-169.8,-19.1],[-169.9,-19.1],[-170.0,-19.1],[-169.9,-19.1],[-169.9,-19.0]]]}},{"type":"Feature","properties":{"iso3":"PLW","name":"Palau","ilo169":"not ratified","colonial":"none recorded"},"geometry":{"type":"MultiPolygon","coordinates":[[[[134.6,7.7],[134.7,7.7],[134.7,7.6],[134.6,7.6],[134.6,7.5],[134.6,7.4],[134.5,7.4],[134.5,7.5],[134.5,7.6],[134.6,7.6],[134.6,7.7]]],[[[134.5,7.3],[134.4,7.3],[134.5,7.3],[134.4,7.3],[134.4,7.2],[134.3,7.2],[134.3,7.3],[134.4,7.3],[134.4,7.2],[134.4,7.3],[134.5,7.3]]],[[[134.5,7.4],[134.5,7.3],[134.4,7.3],[134.4,7.4],[134.5,7.4]]]]}},{"type":"Feature","properties":{"iso3":"MNP","name":"Northern Mariana Islands","ilo169":"not ratified","colonial":"A dependency of another state"},"geometry":{"type":"MultiPolygon","coordinates":[[[[145.8,15.3],[145.8,15.2],[145.7,15.1],[145.8,15.1],[145.7,15.1],[145.7,15.2],[145.8,15.3]]],[[[145.2,14.2],[145.3,14.2],[145.2,14.2],[145.2,14.1],[145.1,14.1],[145.2,14.2]]],[[[145.6,15.1],[145.7,15.1],[145.7,15.0],[145.6,15.0],[145.7,15.0],[145.6,14.9],[145.6,15.0],[145.6,15.1]]],[[[145.8,18.2],[145.8,18.1],[145.7,18.1],[145.8,18.1],[145.8,18.2]]],[[[145.3,20.0],[145.2,20.0],[145.2,20.1],[145.2,20.0],[145.3,20.0]]],[[[145.7,16.4],[145.7,16.3],[145.6,16.3],[145.6,16.4],[145.7,16.4]]]]}},{"type":"Feature","properties":{"iso3":"BHR","name":"Bahrain","ilo169":"not ratified","colonial":"none recorded","conquests_suffered":1},"geometry":{"type":"MultiPolygon","coordinates":[[[[50.6,26.2],[50.6,26.1],[50.6,26.0],[50.6,25.9],[50.6,25.8],[50.5,25.9],[50.5,26.0],[50.5,26.1],[50.4,26.2],[50.5,26.2],[50.6,26.2]]]]}},{"type":"Feature","properties":{"iso3":"MAC","name":"Macao S.A.R","ilo169":"not ratified","colonial":"A dependency of another state"},"geometry":{"type":"MultiPolygon","coordinates":[[[[113.6,22.2],[113.6,22.1],[113.5,22.1],[113.5,22.2],[113.6,22.2]]],[[[113.5,22.2],[113.6,22.2],[113.5,22.2],[113.6,22.2],[113.5,22.2]]]]}}]}