{"type":"FeatureCollection","details":true,"features":[{"type":"Feature","geometry":{"type":"LineString","coordinates":[[7.592,47.548],[4.313009132799999,46.1622339584],[1.0251651711999994,44.863129753600006],[-2.271531884800001,43.6506873856],[-5.577082035200001,42.524906854399994],[-8.891485280000001,41.48578816000001],[-12.214741619200002,40.5333313024],[-15.546851052800001,39.6675362816],[-18.887813580800003,38.888403097600005],[-22.2376292032,38.1959317504],[-25.59629792,37.59012224000001],[-28.963819731199997,37.070974566400004],[-32.34019463679999,36.6384887296],[-35.7254226368,36.292664729600006],[-39.1195037312,36.0335025664],[-42.52243792,35.86100224],[-45.9342252032,35.7751637504],[-49.35486558080001,35.77598709760001],[-52.78435905280001,35.863472281600004],[-56.22270561920002,36.0376193024],[-59.66990528000002,36.29842816],[-63.12595803520002,36.6458988544],[-66.59086388480003,37.0800313856],[-70.06462282880003,37.600825753600006],[-73.54723486720002,38.20828195840001],[-77.03870000000002,38.9024]]},"properties":{}},{"type":"Feature","geometry":{"type":"LineString","coordinates":[[7.592,47.548],[4.313009132799999,46.1622339584],[1.0251651711999994,44.863129753600006],[-2.271531884800001,43.6506873856],[-5.577082035200001,42.524906854399994],[-8.891485280000001,41.48578816000001],[-12.214741619200002,40.5333313024],[-15.546851052800001,39.6675362816],[-18.887813580800003,38.888403097600005],[-22.2376292032,38.1959317504],[-25.59629792,37.59012224000001],[-28.963819731199997,37.070974566400004],[-32.34019463679999,36.6384887296],[-35.7254226368,36.292664729600006],[-39.1195037312,36.0335025664],[-42.52243792,35.86100224],[-45.9342252032,35.7751637504],[-49.35486558080001,35.77598709760001],[-52.78435905280001,35.863472281600004],[-56.22270561920002,36.0376193024],[-59.66990528000002,36.29842816],[-63.12595803520002,36.6458988544],[-66.59086388480003,37.0800313856],[-70.06462282880003,37.600825753600006],[-73.54723486720002,38.20828195840001],[-77.03870000000002,38.9024]]},"properties":{"_map_colour":"#A0525B","_k":"1"}},{"type":"Feature","geometry":{"type":"LineString","coordinates":[[-77.04,38.902],[-77.03995291520002,38.9020319744],[-77.03990542080001,38.9020626176],[-77.0398575168,38.9020919296],[-77.0398092032,38.90211991039999],[-77.03976048000001,38.90214656000001],[-77.03971134720001,38.9021718784],[-77.03966180480002,38.9021958656],[-77.0396118528,38.902218521600005],[-77.0395614912,38.9022398464],[-77.03951072000001,38.902259840000006],[-77.03945953920001,38.9022785024],[-77.0394079488,38.90229583359999],[-77.0393559488,38.9023118336],[-77.0393035392,38.9023265024],[-77.03925072,38.90233984],[-77.0391974912,38.9023518464],[-77.03914385280001,38.902362521600004],[-77.0390898048,38.9023718656],[-77.03903534720001,38.902379878400005],[-77.03898048,38.902386560000004],[-77.03892520320001,38.9023919104],[-77.0388695168,38.902395929600004],[-77.03881342080001,38.9023986176],[-77.0387569152,38.9023999744],[-77.0387,38.9024]]},"properties":{}},{"type":"Feature","geometry":{"type":"LineString","coordinates":[[-77.04,38.902],[-77.03995291520002,38.9020319744],[-77.03990542080001,38.9020626176],[-77.0398575168,38.9020919296],[-77.0398092032,38.90211991039999],[-77.03976048000001,38.90214656000001],[-77.03971134720001,38.9021718784],[-77.03966180480002,38.9021958656],[-77.0396118528,38.902218521600005],[-77.0395614912,38.9022398464],[-77.03951072000001,38.902259840000006],[-77.03945953920001,38.9022785024],[-77.0394079488,38.90229583359999],[-77.0393559488,38.9023118336],[-77.0393035392,38.9023265024],[-77.03925072,38.90233984],[-77.0391974912,38.9023518464],[-77.03914385280001,38.902362521600004],[-77.0390898048,38.9023718656],[-77.03903534720001,38.902379878400005],[-77.03898048,38.902386560000004],[-77.03892520320001,38.9023919104],[-77.0388695168,38.902395929600004],[-77.03881342080001,38.9023986176],[-77.0387569152,38.9023999744],[-77.0387,38.9024]]},"properties":{"_map_colour":"#A0525B","_k":"3"}},{"type":"Feature","geometry":{"type":"LineString","coordinates":[[-73.9662,40.769],[-74.06603488,40.656690585599996],[-74.16777952000001,40.5475236224],[-74.27143391999999,40.4414991104],[-74.37699807999998,40.33861704959999],[-74.48447200000001,40.23887744],[-74.59385568,40.1422802816],[-74.70514912,40.0488255744],[-74.81835232,39.958513318399994],[-74.93346528,39.871343513599996],[-75.050488,39.78731616],[-75.16942047999999,39.7064312576],[-75.29026271999999,39.62868880639999],[-75.41301471999999,39.5540888064],[-75.53767648,39.4826312576],[-75.66424799999999,39.41431616],[-75.79272928,39.3491435136],[-75.92312032000001,39.2871133184],[-76.05542111999999,39.2282255744],[-76.18963167999999,39.1724802816],[-76.325752,39.11987744],[-76.46378208,39.0704170496],[-76.60372192,39.0240991104],[-76.74557152,38.9809236224],[-76.88933087999999,38.9408905856],[-77.035,38.904]]},"properties":{}},{"type":"Feature","geometry":{"type":"LineString","coordinates":[[-73.9662,40.769],[-74.06603488,40.656690585599996],[-74.16777952000001,40.5475236224],[-74.27143391999999,40.4414991104],[-74.37699807999998,40.33861704959999],[-74.48447200000001,40.23887744],[-74.59385568,40.1422802816],[-74.70514912,40.0488255744],[-74.81835232,39.958513318399994],[-74.93346528,39.871343513599996],[-75.050488,39.78731616],[-75.16942047999999,39.7064312576],[-75.29026271999999,39.62868880639999],[-75.41301471999999,39.5540888064],[-75.53767648,39.4826312576],[-75.66424799999999,39.41431616],[-75.79272928,39.3491435136],[-75.92312032000001,39.2871133184],[-76.05542111999999,39.2282255744],[-76.18963167999999,39.1724802816],[-76.325752,39.11987744],[-76.46378208,39.0704170496],[-76.60372192,39.0240991104],[-76.74557152,38.9809236224],[-76.88933087999999,38.9408905856],[-77.035,38.904]]},"properties":{"_map_colour":"#A0525B","_k":"5"}},{"type":"Feature","geometry":{"type":"LineString","coordinates":[[-77.032,38.9035],[-77.03212614399999,38.903483136],[-77.03225177600001,38.903469343999994],[-77.03237689599999,38.903458624],[-77.03250150399998,38.903450975999995],[-77.03262560000002,38.90344640000001],[-77.03274918400001,38.903444895999996],[-77.032872256,38.903446464],[-77.03299481599998,38.903451104],[-77.033116864,38.903458816],[-77.0332384,38.9034696],[-77.033359424,38.903483456],[-77.03347993599999,38.903500384],[-77.033599936,38.903520384000004],[-77.033719424,38.903543456],[-77.03383840000001,38.9035696],[-77.033956864,38.903598816],[-77.034074816,38.903631104],[-77.03419225599998,38.903666464],[-77.034309184,38.90370489600001],[-77.03442559999999,38.9037464],[-77.034541504,38.903790976],[-77.034656896,38.903838624],[-77.034771776,38.903889344],[-77.03488614399998,38.903943136],[-77.035,38.904]]},"properties":{}},{"type":"Feature","geometry":{"type":"LineString","coordinates":[[-77.032,38.9035],[-77.03212614399999,38.903483136],[-77.03225177600001,38.903469343999994],[-77.03237689599999,38.903458624],[-77.03250150399998,38.903450975999995],[-77.03262560000002,38.90344640000001],[-77.03274918400001,38.903444895999996],[-77.032872256,38.903446464],[-77.03299481599998,38.903451104],[-77.033116864,38.903458816],[-77.0332384,38.9034696],[-77.033359424,38.903483456],[-77.03347993599999,38.903500384],[-77.033599936,38.903520384000004],[-77.033719424,38.903543456],[-77.03383840000001,38.9035696],[-77.033956864,38.903598816],[-77.034074816,38.903631104],[-77.03419225599998,38.903666464],[-77.034309184,38.90370489600001],[-77.03442559999999,38.9037464],[-77.034541504,38.903790976],[-77.034656896,38.903838624],[-77.034771776,38.903889344],[-77.03488614399998,38.903943136],[-77.035,38.904]]},"properties":{"_map_colour":"#A0525B","_k":"7"}},{"type":"Feature","geometry":{"type":"LineString","coordinates":[[-77.0364,38.9036],[-78.86970057599999,38.3213461056],[-80.70344710399999,37.786161702399994],[-82.537639584,37.2980467904],[-84.372278016,36.8570013696],[-86.20736240000002,36.46302544000001],[-88.04289273600001,36.1161190016],[-89.878869024,35.8162820544],[-91.715291264,35.5635145984],[-93.552159456,35.357816633599995],[-95.38947360000002,35.199188160000006],[-97.22723369599998,35.0876291776],[-99.06543974399999,35.0231396864],[-100.904091744,35.0057196864],[-102.743189696,35.0353691776],[-104.58273360000001,35.11208816],[-106.422723456,35.2358766336],[-108.26315926400001,35.4067345984],[-110.104041024,35.624662054400005],[-111.945368736,35.88965900160001],[-113.78714240000001,36.201725440000004],[-115.62936201600002,36.560861369600005],[-117.47202758400002,36.967066790400004],[-119.31513910400001,37.4203417024],[-121.15869657600003,37.920686105600005],[-123.00270000000002,38.4681]]},"properties":{}},{"type":"Feature","geometry":{"type":"LineString","coordinates":[[-77.0364,38.9036],[-78.86970057599999,38.3213461056],[-80.70344710399999,37.786161702399994],[-82.537639584,37.2980467904],[-84.372278016,36.8570013696],[-86.20736240000002,36.46302544000001],[-88.04289273600001,36.1161190016],[-89.878869024,35.8162820544],[-91.715291264,35.5635145984],[-93.552159456,35.357816633599995],[-95.38947360000002,35.199188160000006],[-97.22723369599998,35.0876291776],[-99.06543974399999,35.0231396864],[-100.904091744,35.0057196864],[-102.743189696,35.0353691776],[-104.58273360000001,35.11208816],[-106.422723456,35.2358766336],[-108.26315926400001,35.4067345984],[-110.104041024,35.624662054400005],[-111.945368736,35.88965900160001],[-113.78714240000001,36.201725440000004],[-115.62936201600002,36.560861369600005],[-117.47202758400002,36.967066790400004],[-119.31513910400001,37.4203417024],[-121.15869657600003,37.920686105600005],[-123.00270000000002,38.4681]]},"properties":{"_map_colour":"#A0525B","_k":"9"}},{"type":"Feature","geometry":{"type":"LineString","coordinates":[[-106.8317,39.1953],[-105.6362525056,39.5497898496],[-104.4411033024,39.8737678784],[-103.24625239039999,40.1672340864],[-102.05169976959998,40.43018847359999],[-100.85744544000002,40.66263104000001],[-99.6634894016,40.8645617856],[-98.4698316544,41.0359807104],[-97.27647219839999,41.1768878144],[-96.08341103359999,41.287283097599996],[-94.89064816,41.36716656000001],[-93.69818357759998,41.416538201600005],[-92.50601728639998,41.435398022399994],[-91.31414928639998,41.4237460224],[-90.12257957759999,41.381582201600004],[-88.93130815999999,41.30890656],[-87.74033503359999,41.205719097599996],[-86.54966019839999,41.07201981440001],[-85.35928365439999,40.907808710400005],[-84.16920540159998,40.7130857856],[-82.97942543999999,40.48785104],[-81.78994376959999,40.2321044736],[-80.60076039039998,39.945846086399996],[-79.41187530239999,39.6290758784],[-78.22328850559998,39.2817938496],[-77.03499999999998,38.903999999999996]]},"properties":{}},{"type":"Feature","geometry":{"type":"LineString","coordinates":[[-106.8317,39.1953],[-105.6362525056,39.5497898496],[-104.4411033024,39.8737678784],[-103.24625239039999,40.1672340864],[-102.05169976959998,40.43018847359999],[-100.85744544000002,40.66263104000001],[-99.6634894016,40.8645617856],[-98.4698316544,41.0359807104],[-97.27647219839999,41.1768878144],[-96.08341103359999,41.287283097599996],[-94.89064816,41.36716656000001],[-93.69818357759998,41.416538201600005],[-92.50601728639998,41.435398022399994],[-91.31414928639998,41.4237460224],[-90.12257957759999,41.381582201600004],[-88.93130815999999,41.30890656],[-87.74033503359999,41.205719097599996],[-86.54966019839999,41.07201981440001],[-85.35928365439999,40.907808710400005],[-84.16920540159998,40.7130857856],[-82.97942543999999,40.48785104],[-81.78994376959999,40.2321044736],[-80.60076039039998,39.945846086399996],[-79.41187530239999,39.6290758784],[-78.22328850559998,39.2817938496],[-77.03499999999998,38.903999999999996]]},"properties":{"_map_colour":"#A0525B","_k":"11"}},{"type":"Feature","geometry":{"type":"LineString","coordinates":[[4.38,50.84],[8.99105792,51.781997363200006],[13.59101568,52.6093616128],[18.17987328,53.3220927488],[22.757630719999998,53.9201907712],[27.324288000000003,54.40365568000002],[31.879845120000002,54.77248747520001],[36.424302080000004,55.026686156800004],[40.95765888,55.166251724800006],[45.47991552,55.19118417920001],[49.991072,55.10148352000001],[54.49112832,54.897149747200004],[58.98008447999999,54.5781828608],[63.45794048,54.14458286080001],[67.92469632,53.5963497472],[72.380352,52.93348352],[76.82490752000001,52.155984179200004],[81.25836288000002,51.2638517248],[85.68071808,50.2570861568],[90.09197312000002,49.1356874752],[94.49212800000002,47.899655679999995],[98.88118272000003,46.548990771199996],[103.25913728000003,45.08369274879999],[107.62599168000004,43.50376161279999],[111.98174592000004,41.809197363199985],[116.32640000000004,39.999999999999986]]},"properties":{}},{"type":"Feature","geometry":{"type":"LineString","coordinates":[[4.38,50.84],[8.99105792,51.781997363200006],[13.59101568,52.6093616128],[18.17987328,53.3220927488],[22.757630719999998,53.9201907712],[27.324288000000003,54.40365568000002],[31.879845120000002,54.77248747520001],[36.424302080000004,55.026686156800004],[40.95765888,55.166251724800006],[45.47991552,55.19118417920001],[49.991072,55.10148352000001],[54.49112832,54.897149747200004],[58.98008447999999,54.5781828608],[63.45794048,54.14458286080001],[67.92469632,53.5963497472],[72.380352,52.93348352],[76.82490752000001,52.155984179200004],[81.25836288000002,51.2638517248],[85.68071808,50.2570861568],[90.09197312000002,49.1356874752],[94.49212800000002,47.899655679999995],[98.88118272000003,46.548990771199996],[103.25913728000003,45.08369274879999],[107.62599168000004,43.50376161279999],[111.98174592000004,41.809197363199985],[116.32640000000004,39.999999999999986]]},"properties":{"_map_colour":"#A0525B","_k":"13"}},{"type":"Feature","geometry":{"type":"LineString","coordinates":[[-77.0364,38.9036],[-77.03622277119999,38.90365006719999],[-77.0360456448,38.9036956288],[-77.0358686208,38.903736684799995],[-77.0356916992,38.90377323519999],[-77.03551488000002,38.90380528],[-77.03533816320001,38.9038328192],[-77.03516154879999,38.90385585279999],[-77.03498503679998,38.90387438079999],[-77.0348086272,38.90388840319999],[-77.03463232000001,38.90389792],[-77.0344561152,38.903902931199994],[-77.03428001279998,38.90390343679999],[-77.0341040128,38.903899436799996],[-77.0339281152,38.903890931199996],[-77.03375231999999,38.90387792],[-77.0335766272,38.9038604032],[-77.0334010368,38.903838380799996],[-77.03322554879999,38.9038118528],[-77.0330501632,38.9037808192],[-77.03287488,38.903745279999995],[-77.03269969920001,38.9037052352],[-77.03252462079999,38.9036606848],[-77.0323496448,38.9036116288],[-77.03217477119999,38.903558067199995],[-77.032,38.9035]]},"properties":{}},{"type":"Feature","geometry":{"type":"LineString","coordinates":[[-77.0364,38.9036],[-77.03622277119999,38.90365006719999],[-77.0360456448,38.9036956288],[-77.0358686208,38.903736684799995],[-77.0356916992,38.90377323519999],[-77.03551488000002,38.90380528],[-77.03533816320001,38.9038328192],[-77.03516154879999,38.90385585279999],[-77.03498503679998,38.90387438079999],[-77.0348086272,38.90388840319999],[-77.03463232000001,38.90389792],[-77.0344561152,38.903902931199994],[-77.03428001279998,38.90390343679999],[-77.0341040128,38.903899436799996],[-77.0339281152,38.903890931199996],[-77.03375231999999,38.90387792],[-77.0335766272,38.9038604032],[-77.0334010368,38.903838380799996],[-77.03322554879999,38.9038118528],[-77.0330501632,38.9037808192],[-77.03287488,38.903745279999995],[-77.03269969920001,38.9037052352],[-77.03252462079999,38.9036606848],[-77.0323496448,38.9036116288],[-77.03217477119999,38.903558067199995],[-77.032,38.9035]]},"properties":{"_map_colour":"#A0525B","_k":"15"}},{"type":"Feature","geometry":{"type":"LineString","coordinates":[[-106.8317,39.1953],[-105.5364176256,39.662099264000005],[-104.23952378239998,40.09524425600001],[-102.94101847040001,40.494734976],[-101.6409016896,40.860571424],[-100.33917344000001,41.19275360000001],[-99.0358337216,41.491281504],[-97.7308825344,41.756155136000004],[-96.4243198784,41.987374495999994],[-95.1161457536,42.184939584000006],[-93.80636016000001,42.34885040000001],[-92.49496309759999,42.47910694400001],[-91.18195456640001,42.57570921599999],[-89.86733456639999,42.638657216],[-88.55110309759999,42.667950944],[-87.23326016,42.663590400000004],[-85.9138057536,42.625575584],[-84.5927398784,42.553906495999996],[-83.2700625344,42.448583135999996],[-81.9457737216,42.309605504000004],[-80.61987343999999,42.1369736],[-79.2923616896,41.930687424],[-77.9632384704,41.690746976],[-76.6325037824,41.417152256],[-75.3001576256,41.109903263999996],[-73.96619999999999,40.769]]},"properties":{}},{"type":"Feature","geometry":{"type":"LineString","coordinates":[[-106.8317,39.1953],[-105.5364176256,39.662099264000005],[-104.23952378239998,40.09524425600001],[-102.94101847040001,40.494734976],[-101.6409016896,40.860571424],[-100.33917344000001,41.19275360000001],[-99.0358337216,41.491281504],[-97.7308825344,41.756155136000004],[-96.4243198784,41.987374495999994],[-95.1161457536,42.184939584000006],[-93.80636016000001,42.34885040000001],[-92.49496309759999,42.47910694400001],[-91.18195456640001,42.57570921599999],[-89.86733456639999,42.638657216],[-88.55110309759999,42.667950944],[-87.23326016,42.663590400000004],[-85.9138057536,42.625575584],[-84.5927398784,42.553906495999996],[-83.2700625344,42.448583135999996],[-81.9457737216,42.309605504000004],[-80.61987343999999,42.1369736],[-79.2923616896,41.930687424],[-77.9632384704,41.690746976],[-76.6325037824,41.417152256],[-75.3001576256,41.109903263999996],[-73.96619999999999,40.769]]},"properties":{"_map_colour":"#A0525B","_k":"17"}},{"type":"Feature","geometry":{"type":"LineString","coordinates":[[-77.043,38.9095],[-77.042612416,38.909378304],[-77.04223046400001,38.909248416],[-77.041854144,38.909110336000005],[-77.04148345599998,38.908964063999996],[-77.04111840000002,38.908809600000005],[-77.040758976,38.908646944000004],[-77.04040518400001,38.908476096],[-77.04005702399999,38.908297055999995],[-77.03971449599999,38.908109824],[-77.03937760000001,38.90791440000001],[-77.039046336,38.907710784],[-77.038720704,38.907498976],[-77.038400704,38.90727897600001],[-77.038086336,38.907050784],[-77.0377776,38.9068144],[-77.037474496,38.906569824],[-77.037177024,38.906317056000006],[-77.036885184,38.906056096],[-77.03659897600001,38.905786944000006],[-77.0363184,38.9055096],[-77.036043456,38.90522406400001],[-77.035774144,38.90493033600001],[-77.035510464,38.904628416],[-77.03525241599999,38.90431830400001],[-77.035,38.904]]},"properties":{}},{"type":"Feature","geometry":{"type":"LineString","coordinates":[[-77.043,38.9095],[-77.042612416,38.909378304],[-77.04223046400001,38.909248416],[-77.041854144,38.909110336000005],[-77.04148345599998,38.908964063999996],[-77.04111840000002,38.908809600000005],[-77.040758976,38.908646944000004],[-77.04040518400001,38.908476096],[-77.04005702399999,38.908297055999995],[-77.03971449599999,38.908109824],[-77.03937760000001,38.90791440000001],[-77.039046336,38.907710784],[-77.038720704,38.907498976],[-77.038400704,38.90727897600001],[-77.038086336,38.907050784],[-77.0377776,38.9068144],[-77.037474496,38.906569824],[-77.037177024,38.906317056000006],[-77.036885184,38.906056096],[-77.03659897600001,38.905786944000006],[-77.0363184,38.9055096],[-77.036043456,38.90522406400001],[-77.035774144,38.90493033600001],[-77.035510464,38.904628416],[-77.03525241599999,38.90431830400001],[-77.035,38.904]]},"properties":{"_map_colour":"#A0525B","_k":"19"}},{"type":"Feature","geometry":{"type":"LineString","coordinates":[[4.38,50.84],[4.3193414912,50.728239040000005],[4.2565045248,50.61870016],[4.1914891008,50.51138336000001],[4.1242952191999995,50.40628864],[4.05492288,50.30341600000001],[3.9833720832000004,50.202765440000015],[3.9096428287999996,50.104336960000005],[3.8337351167999993,50.00813056],[3.7556489472,49.91414624000001],[3.675384320000001,49.822384000000014],[3.5929412352,49.73284384],[3.5083196928,49.64552576],[3.4215196928000005,49.560429760000005],[3.3325412352000003,49.47755584],[3.24138432,49.396904000000006],[3.1480489472000004,49.31847424],[3.0525351168,49.242266560000004],[2.9548428287999995,49.168280960000004],[2.8549720832,49.09651744000001],[2.75292288,49.026976000000005],[2.6486952191999995,48.959656640000006],[2.5422891007999997,48.89455936],[2.4337045247999995,48.83168416],[2.322941491199999,48.77103104],[2.209999999999999,48.7126]]},"properties":{}},{"type":"Feature","geometry":{"type":"LineString","coordinates":[[4.38,50.84],[4.3193414912,50.728239040000005],[4.2565045248,50.61870016],[4.1914891008,50.51138336000001],[4.1242952191999995,50.40628864],[4.05492288,50.30341600000001],[3.9833720832000004,50.202765440000015],[3.9096428287999996,50.104336960000005],[3.8337351167999993,50.00813056],[3.7556489472,49.91414624000001],[3.675384320000001,49.822384000000014],[3.5929412352,49.73284384],[3.5083196928,49.64552576],[3.4215196928000005,49.560429760000005],[3.3325412352000003,49.47755584],[3.24138432,49.396904000000006],[3.1480489472000004,49.31847424],[3.0525351168,49.242266560000004],[2.9548428287999995,49.168280960000004],[2.8549720832,49.09651744000001],[2.75292288,49.026976000000005],[2.6486952191999995,48.959656640000006],[2.5422891007999997,48.89455936],[2.4337045247999995,48.83168416],[2.322941491199999,48.77103104],[2.209999999999999,48.7126]]},"properties":{"_map_colour":"#A0525B","_k":"21"}},{"type":"Feature","geometry":{"type":"LineString","coordinates":[[-77.032,38.9035],[-76.93229126399999,39.01579255039999],[-76.830672256,39.1249457216],[-76.727142976,39.2309595136],[-76.62170342399999,39.33383392639999],[-76.5143536,39.43356896000001],[-76.405093504,39.5301646144],[-76.29392313599999,39.6236208896],[-76.18084249599998,39.713937785599995],[-76.06585158399999,39.8011153024],[-75.94895040000002,39.88515344],[-75.830138944,39.9660521984],[-75.70941721599999,40.043811577599996],[-75.58678521600001,40.1184315776],[-75.462242944,40.189912198399995],[-75.3357904,40.25825344],[-75.207427584,40.3234553024],[-75.07715449599999,40.3855177856],[-74.94497113599999,40.4444408896],[-74.810877504,40.5002246144],[-74.6748736,40.55286896],[-74.536959424,40.6023739264],[-74.397134976,40.6487395136],[-74.255400256,40.6919657216],[-74.11175526400001,40.7320525504],[-73.9662,40.769]]},"properties":{}},{"type":"Feature","geometry":{"type":"LineString","coordinates":[[-77.032,38.9035],[-76.93229126399999,39.01579255039999],[-76.830672256,39.1249457216],[-76.727142976,39.2309595136],[-76.62170342399999,39.33383392639999],[-76.5143536,39.43356896000001],[-76.405093504,39.5301646144],[-76.29392313599999,39.6236208896],[-76.18084249599998,39.713937785599995],[-76.06585158399999,39.8011153024],[-75.94895040000002,39.88515344],[-75.830138944,39.9660521984],[-75.70941721599999,40.043811577599996],[-75.58678521600001,40.1184315776],[-75.462242944,40.189912198399995],[-75.3357904,40.25825344],[-75.207427584,40.3234553024],[-75.07715449599999,40.3855177856],[-74.94497113599999,40.4444408896],[-74.810877504,40.5002246144],[-74.6748736,40.55286896],[-74.536959424,40.6023739264],[-74.397134976,40.6487395136],[-74.255400256,40.6919657216],[-74.11175526400001,40.7320525504],[-73.9662,40.769]]},"properties":{"_map_colour":"#A0525B","_k":"23"}},{"type":"Feature","geometry":{"type":"LineString","coordinates":[[7.592,47.548],[4.312962047999999,46.162201984],[1.0250705919999996,44.863067136],[-2.271674368000001,43.650595456],[-5.577272832,42.524786944],[-8.891724800000002,41.485641600000015],[-12.215030272000002,40.533159424000004],[-15.547189248000002,39.667340416],[-18.888201728,38.888184576],[-22.238067712000003,38.195691904],[-25.5967872,37.58986240000001],[-28.964360191999994,37.070696063999996],[-32.340786687999994,36.638192896],[-35.726066688,36.292352896000004],[-39.120200192,36.033176064],[-42.5231872,35.8606624],[-45.93502771200001,35.774811904],[-49.355721728000006,35.775624576],[-52.785269248000006,35.863100416],[-56.223670272000014,36.037239424000006],[-59.670924800000016,36.298041600000005],[-63.127032832000026,36.645506944000005],[-66.59199436800003,37.079635456000005],[-70.06580940800002,37.60042713600001],[-73.54847795200003,38.207881984000004],[-77.04000000000002,38.902]]},"properties":{}},{"type":"Feature","geometry":{"type":"LineString","coordinates":[[7.592,47.548],[4.312962047999999,46.162201984],[1.0250705919999996,44.863067136],[-2.271674368000001,43.650595456],[-5.577272832,42.524786944],[-8.891724800000002,41.485641600000015],[-12.215030272000002,40.533159424000004],[-15.547189248000002,39.667340416],[-18.888201728,38.888184576],[-22.238067712000003,38.195691904],[-25.5967872,37.58986240000001],[-28.964360191999994,37.070696063999996],[-32.340786687999994,36.638192896],[-35.726066688,36.292352896000004],[-39.120200192,36.033176064],[-42.5231872,35.8606624],[-45.93502771200001,35.774811904],[-49.355721728000006,35.775624576],[-52.785269248000006,35.863100416],[-56.223670272000014,36.037239424000006],[-59.670924800000016,36.298041600000005],[-63.127032832000026,36.645506944000005],[-66.59199436800003,37.079635456000005],[-70.06580940800002,37.60042713600001],[-73.54847795200003,38.207881984000004],[-77.04000000000002,38.902]]},"properties":{"_map_colour":"#A0525B","_k":"25"}},{"type":"Feature","geometry":{"type":"LineString","coordinates":[[-77.023,38.883],[-69.30274969599999,41.303557427200005],[-61.58135558400001,43.526125068800006],[-53.85881766399999,45.55070292480001],[-46.13513593599999,47.3772909952],[-38.4103104,49.00588928000001],[-30.68434105599999,50.43649777920001],[-22.957227903999986,51.66911649280001],[-15.228970943999988,52.703745420800004],[-7.4995701759999935,53.54038456320001],[0.23097439999999736,54.17903392000001],[7.962662783999999,54.6196934912],[15.695494975999996,54.8623632768],[23.42947097599999,54.90704327680001],[31.164590783999998,54.75373349120001],[38.9008544,54.40243392000001],[46.63826182400001,53.853144563200004],[54.37681305600002,53.10586542080001],[62.11650809600002,52.1605964928],[69.85734694400003,51.017337779200005],[77.59932960000003,49.67608928],[85.34245606400005,48.1368509952],[93.08672633600005,46.39962292479999],[100.83214041600006,44.46440506879999],[108.57869830400006,42.33119742719998],[116.32640000000005,39.999999999999986]]},"properties":{}},{"type":"Feature","geometry":{"type":"LineString","coordinates":[[-77.023,38.883],[-69.30274969599999,41.303557427200005],[-61.58135558400001,43.526125068800006],[-53.85881766399999,45.55070292480001],[-46.13513593599999,47.3772909952],[-38.4103104,49.00588928000001],[-30.68434105599999,50.43649777920001],[-22.957227903999986,51.66911649280001],[-15.228970943999988,52.703745420800004],[-7.4995701759999935,53.54038456320001],[0.23097439999999736,54.17903392000001],[7.962662783999999,54.6196934912],[15.695494975999996,54.8623632768],[23.42947097599999,54.90704327680001],[31.164590783999998,54.75373349120001],[38.9008544,54.40243392000001],[46.63826182400001,53.853144563200004],[54.37681305600002,53.10586542080001],[62.11650809600002,52.1605964928],[69.85734694400003,51.017337779200005],[77.59932960000003,49.67608928],[85.34245606400005,48.1368509952],[93.08672633600005,46.39962292479999],[100.83214041600006,44.46440506879999],[108.57869830400006,42.33119742719998],[116.32640000000005,39.999999999999986]]},"properties":{"_map_colour":"#A0525B","_k":"27"}},{"type":"Feature","geometry":{"type":"LineString","coordinates":[[-71.1213,42.3722],[-71.3152307584,42.1608044544],[-71.51271295360002,41.955464537599994],[-71.71374658559999,41.75618024960001],[-71.91833165439999,41.56295159039999],[-72.12646816000002,41.37577856000001],[-72.3381561024,41.1946611584],[-72.5533954816,41.019599385599996],[-72.7721862976,40.850593241599995],[-72.99452855039999,40.6876427264],[-73.22042224,40.53074784000001],[-73.44986736639999,40.379908582400006],[-73.68286392959999,40.23512495359999],[-73.9194119296,40.096396953600006],[-74.1595113664,39.963724582400005],[-74.40316224,39.83710784],[-74.65036455039998,39.716546726400004],[-74.9011182976,39.602041241600006],[-75.1554234816,39.4935913856],[-75.4132801024,39.391197158400004],[-75.67468815999999,39.29485856],[-75.9396476544,39.204575590400005],[-76.2081585856,39.1203482496],[-76.4802209536,39.0421765376],[-76.75583475839998,38.970060454400006],[-77.035,38.904]]},"properties":{}},{"type":"Feature","geometry":{"type":"LineString","coordinates":[[-71.1213,42.3722],[-71.3152307584,42.1608044544],[-71.51271295360002,41.955464537599994],[-71.71374658559999,41.75618024960001],[-71.91833165439999,41.56295159039999],[-72.12646816000002,41.37577856000001],[-72.3381561024,41.1946611584],[-72.5533954816,41.019599385599996],[-72.7721862976,40.850593241599995],[-72.99452855039999,40.6876427264],[-73.22042224,40.53074784000001],[-73.44986736639999,40.379908582400006],[-73.68286392959999,40.23512495359999],[-73.9194119296,40.096396953600006],[-74.1595113664,39.963724582400005],[-74.40316224,39.83710784],[-74.65036455039998,39.716546726400004],[-74.9011182976,39.602041241600006],[-75.1554234816,39.4935913856],[-75.4132801024,39.391197158400004],[-75.67468815999999,39.29485856],[-75.9396476544,39.204575590400005],[-76.2081585856,39.1203482496],[-76.4802209536,39.0421765376],[-76.75583475839998,38.970060454400006],[-77.035,38.904]]},"properties":{"_map_colour":"#A0525B","_k":"29"}},{"type":"Feature","geometry":{"type":"LineString","coordinates":[[-77.0364,38.9036],[-76.901632928,39.050322790399996],[-76.764402112,39.1928386816],[-76.624707552,39.33114767359999],[-76.48254924799998,39.46524976639999],[-76.33792720000002,39.595144960000006],[-76.19084140800001,39.7208332544],[-76.041291872,39.8423146496],[-75.889278592,39.9595891456],[-75.734801568,40.0726567424],[-75.5778608,40.18151744],[-75.418456288,40.2861712384],[-75.256588032,40.386618137599996],[-75.092256032,40.482858137600005],[-74.92546028800001,40.5748912384],[-74.7562008,40.66271744],[-74.584477568,40.746336742400004],[-74.410290592,40.8257491456],[-74.233639872,40.900954649599996],[-74.054525408,40.971953254400006],[-73.8729472,41.03874496],[-73.688905248,41.101329766400006],[-73.502399552,41.1597076736],[-73.31343011199999,41.2138786816],[-73.121996928,41.263842790400005],[-72.9281,41.3096]]},"properties":{}},{"type":"Feature","geometry":{"type":"LineString","coordinates":[[-77.0364,38.9036],[-76.901632928,39.050322790399996],[-76.764402112,39.1928386816],[-76.624707552,39.33114767359999],[-76.48254924799998,39.46524976639999],[-76.33792720000002,39.595144960000006],[-76.19084140800001,39.7208332544],[-76.041291872,39.8423146496],[-75.889278592,39.9595891456],[-75.734801568,40.0726567424],[-75.5778608,40.18151744],[-75.418456288,40.2861712384],[-75.256588032,40.386618137599996],[-75.092256032,40.482858137600005],[-74.92546028800001,40.5748912384],[-74.7562008,40.66271744],[-74.584477568,40.746336742400004],[-74.410290592,40.8257491456],[-74.233639872,40.900954649599996],[-74.054525408,40.971953254400006],[-73.8729472,41.03874496],[-73.688905248,41.101329766400006],[-73.502399552,41.1597076736],[-73.31343011199999,41.2138786816],[-73.121996928,41.263842790400005],[-72.9281,41.3096]]},"properties":{"_map_colour":"#A0525B","_k":"31"}},{"type":"Feature","geometry":{"type":"LineString","coordinates":[[-77.0364,38.9036],[-77.0363489152,38.903633203199995],[-77.0362974208,38.903664972799994],[-77.0362455168,38.903695308799996],[-77.03619320319999,38.90372421119999],[-77.03614048000001,38.903751680000006],[-77.03608734720001,38.9037777152],[-77.0360338048,38.9038023168],[-77.03597985279998,38.9038254848],[-77.03592549119999,38.9038472192],[-77.03587072,38.903867520000006],[-77.03581553919999,38.903886387200004],[-77.03575994879998,38.9039038208],[-77.03570394879999,38.903919820800006],[-77.0356475392,38.9039343872],[-77.03559071999999,38.90394752],[-77.0355334912,38.903959219200004],[-77.0354758528,38.90396948480001],[-77.03541780479999,38.90397831680001],[-77.0353593472,38.90398571520001],[-77.03530047999999,38.903991680000004],[-77.0352412032,38.90399621120001],[-77.0351815168,38.9039993088],[-77.0351214208,38.904000972800006],[-77.03506091519999,38.9040012032],[-77.035,38.904]]},"properties":{}},{"type":"Feature","geometry":{"type":"LineString","coordinates":[[-77.0364,38.9036],[-77.0363489152,38.903633203199995],[-77.0362974208,38.903664972799994],[-77.0362455168,38.903695308799996],[-77.03619320319999,38.90372421119999],[-77.03614048000001,38.903751680000006],[-77.03608734720001,38.9037777152],[-77.0360338048,38.9038023168],[-77.03597985279998,38.9038254848],[-77.03592549119999,38.9038472192],[-77.03587072,38.903867520000006],[-77.03581553919999,38.903886387200004],[-77.03575994879998,38.9039038208],[-77.03570394879999,38.903919820800006],[-77.0356475392,38.9039343872],[-77.03559071999999,38.90394752],[-77.0355334912,38.903959219200004],[-77.0354758528,38.90396948480001],[-77.03541780479999,38.90397831680001],[-77.0353593472,38.90398571520001],[-77.03530047999999,38.903991680000004],[-77.0352412032,38.90399621120001],[-77.0351815168,38.9039993088],[-77.0351214208,38.904000972800006],[-77.03506091519999,38.9040012032],[-77.035,38.904]]},"properties":{"_map_colour":"#A0525B","_k":"33"}},{"type":"Feature","geometry":{"type":"LineString","coordinates":[[-77.0364,38.9036],[-69.31536056319999,41.323498086399994],[-61.5931984128,43.5453926656],[-53.8699135488,45.569283737599996],[-46.145505971199995,47.395171302399994],[-38.41997568000001,49.02305536000001],[-30.693322675199997,50.4529359104],[-22.96554695679999,51.6848129536],[-15.236648524799994,52.7186864896],[-7.506627379199999,53.55455651839999],[0.22451647999999125,54.19242304],[7.956783052799995,54.6322860544],[15.690172339199995,54.87414556159999],[23.424684339199988,54.9180015616],[31.160319052799995,54.7638540544],[38.89707648,54.41170304],[46.63495662080001,53.8615485184],[54.37395947520002,53.1133904896],[62.114085043200014,52.1672289536],[69.85533332480003,51.0230639104],[77.59770432000003,49.680895359999994],[85.34119802880005,48.1407233024],[93.08581445120005,46.40254773759999],[100.83155358720006,44.46636866559999],[108.57841543680006,42.33218608639998],[116.32640000000005,39.999999999999986]]},"properties":{}},{"type":"Feature","geometry":{"type":"LineString","coordinates":[[-77.0364,38.9036],[-69.31536056319999,41.323498086399994],[-61.5931984128,43.5453926656],[-53.8699135488,45.569283737599996],[-46.145505971199995,47.395171302399994],[-38.41997568000001,49.02305536000001],[-30.693322675199997,50.4529359104],[-22.96554695679999,51.6848129536],[-15.236648524799994,52.7186864896],[-7.506627379199999,53.55455651839999],[0.22451647999999125,54.19242304],[7.956783052799995,54.6322860544],[15.690172339199995,54.87414556159999],[23.424684339199988,54.9180015616],[31.160319052799995,54.7638540544],[38.89707648,54.41170304],[46.63495662080001,53.8615485184],[54.37395947520002,53.1133904896],[62.114085043200014,52.1672289536],[69.85533332480003,51.0230639104],[77.59770432000003,49.680895359999994],[85.34119802880005,48.1407233024],[93.08581445120005,46.40254773759999],[100.83155358720006,44.46636866559999],[108.57841543680006,42.33218608639998],[116.32640000000005,39.999999999999986]]},"properties":{"_map_colour":"#A0525B","_k":"35"}},{"type":"Feature","geometry":{"type":"LineString","coordinates":[[-106.8317,39.1953],[-105.63664008960001,39.549911545600004],[-104.4418728384,39.8740194624],[-103.24739824640001,40.167623750400004],[-102.05321631359999,40.430724409599996],[-100.85932704000003,40.66332144000001],[-99.66573042560002,40.8654148416],[-98.47242647040001,41.037004614400004],[-97.27941517439999,41.178090758399996],[-96.0866965376,41.288673273600004],[-94.89427056000001,41.368752160000014],[-93.7021372416,41.4183274176],[-92.5102965824,41.437399046399996],[-91.31874858240002,41.425967046400004],[-90.1274932416,41.3840314176],[-88.93653056000002,41.311592160000004],[-87.74586053760001,41.2086492736],[-86.55548317440001,41.075202758399996],[-85.36539847040001,40.9112526144],[-84.17560642560001,40.7167988416],[-82.98610704000001,40.49184144],[-81.7969003136,40.2363804096],[-80.6079862464,39.9504157504],[-79.4193648384,39.6339474624],[-78.2310360896,39.2869755456],[-77.04299999999999,38.909499999999994]]},"properties":{}},{"type":"Feature","geometry":{"type":"LineString","coordinates":[[-106.8317,39.1953],[-105.63664008960001,39.549911545600004],[-104.4418728384,39.8740194624],[-103.24739824640001,40.167623750400004],[-102.05321631359999,40.430724409599996],[-100.85932704000003,40.66332144000001],[-99.66573042560002,40.8654148416],[-98.47242647040001,41.037004614400004],[-97.27941517439999,41.178090758399996],[-96.0866965376,41.288673273600004],[-94.89427056000001,41.368752160000014],[-93.7021372416,41.4183274176],[-92.5102965824,41.437399046399996],[-91.31874858240002,41.425967046400004],[-90.1274932416,41.3840314176],[-88.93653056000002,41.311592160000004],[-87.74586053760001,41.2086492736],[-86.55548317440001,41.075202758399996],[-85.36539847040001,40.9112526144],[-84.17560642560001,40.7167988416],[-82.98610704000001,40.49184144],[-81.7969003136,40.2363804096],[-80.6079862464,39.9504157504],[-79.4193648384,39.6339474624],[-78.2310360896,39.2869755456],[-77.04299999999999,38.909499999999994]]},"properties":{"_map_colour":"#A0525B","_k":"37"}},{"type":"Feature","geometry":{"type":"LineString","coordinates":[[-106.8317,39.1953],[-102.762994144,40.99515017600001],[-98.68142377599999,42.686889504],[-94.58698889600001,44.270517984],[-90.47968950399999,45.74603561599999],[-86.35952560000003,47.11344240000001],[-82.22649718400001,48.372738336000005],[-78.080604256,49.523923423999996],[-73.921846816,50.56699766399999],[-69.750224864,51.501961056],[-65.5657384,52.328813600000004],[-61.368387424000005,53.047555296],[-57.158171936,53.65818614399999],[-52.935091936000006,54.160706143999995],[-48.699147424,54.555115296],[-44.4503384,54.841413599999996],[-40.188664864,55.019601056],[-35.91412681599999,55.089677664],[-31.626724255999992,55.05164342399999],[-27.326457183999988,54.905498336],[-23.013325599999988,54.651242399999994],[-18.687329503999983,54.288875616],[-14.348468895999977,53.81839798399999],[-9.996743775999972,53.23980950399999],[-5.632154143999967,52.55311017599999],[-1.2546999999999757,51.75829999999999]]},"properties":{}},{"type":"Feature","geometry":{"type":"LineString","coordinates":[[-106.8317,39.1953],[-102.762994144,40.99515017600001],[-98.68142377599999,42.686889504],[-94.58698889600001,44.270517984],[-90.47968950399999,45.74603561599999],[-86.35952560000003,47.11344240000001],[-82.22649718400001,48.372738336000005],[-78.080604256,49.523923423999996],[-73.921846816,50.56699766399999],[-69.750224864,51.501961056],[-65.5657384,52.328813600000004],[-61.368387424000005,53.047555296],[-57.158171936,53.65818614399999],[-52.935091936000006,54.160706143999995],[-48.699147424,54.555115296],[-44.4503384,54.841413599999996],[-40.188664864,55.019601056],[-35.91412681599999,55.089677664],[-31.626724255999992,55.05164342399999],[-27.326457183999988,54.905498336],[-23.013325599999988,54.651242399999994],[-18.687329503999983,54.288875616],[-14.348468895999977,53.81839798399999],[-9.996743775999972,53.23980950399999],[-5.632154143999967,52.55311017599999],[-1.2546999999999757,51.75829999999999]]},"properties":{"_map_colour":"#A0525B","_k":"39"}},{"type":"Feature","geometry":{"type":"LineString","coordinates":[[4.497,52.1601],[1.4984458368,50.7403001984],[-1.5117728128000003,49.400846713600004],[-4.533655948800001,48.1417395456],[-7.5672035712,46.96297869439999],[-10.612415680000002,45.86456416000001],[-13.669292275200002,44.8464959424],[-16.737833356800003,43.9087740416],[-19.8180389248,43.051398457599994],[-22.909908979199997,42.274369190399995],[-26.013443520000003,41.577686240000006],[-29.1286425472,40.961349606400006],[-32.255506060799995,40.425359289599996],[-35.394034060799996,39.9697152896],[-38.5442265472,39.5944176064],[-41.70608352,39.29946624],[-44.8796049792,39.0848611904],[-48.06479092480001,38.9506024576],[-51.26164135680001,38.896690041599996],[-54.47015627520001,38.9231239424],[-57.69033568000001,39.02990416],[-60.92217957120002,39.2170306944],[-64.16568794880003,39.484503545600006],[-67.42086081280002,39.83232271360001],[-70.68769816320003,40.2604881984],[-73.96620000000001,40.769000000000005]]},"properties":{}},{"type":"Feature","geometry":{"type":"LineString","coordinates":[[4.497,52.1601],[1.4984458368,50.7403001984],[-1.5117728128000003,49.400846713600004],[-4.533655948800001,48.1417395456],[-7.5672035712,46.96297869439999],[-10.612415680000002,45.86456416000001],[-13.669292275200002,44.8464959424],[-16.737833356800003,43.9087740416],[-19.8180389248,43.051398457599994],[-22.909908979199997,42.274369190399995],[-26.013443520000003,41.577686240000006],[-29.1286425472,40.961349606400006],[-32.255506060799995,40.425359289599996],[-35.394034060799996,39.9697152896],[-38.5442265472,39.5944176064],[-41.70608352,39.29946624],[-44.8796049792,39.0848611904],[-48.06479092480001,38.9506024576],[-51.26164135680001,38.896690041599996],[-54.47015627520001,38.9231239424],[-57.69033568000001,39.02990416],[-60.92217957120002,39.2170306944],[-64.16568794880003,39.484503545600006],[-67.42086081280002,39.83232271360001],[-70.68769816320003,40.2604881984],[-73.96620000000001,40.769000000000005]]},"properties":{"_map_colour":"#A0525B","_k":"41"}},{"type":"Feature","geometry":{"type":"LineString","coordinates":[[-77.04,38.902],[-76.939989696,39.014450854399996],[-76.838067584,39.1237541376],[-76.734233664,39.22990984959999],[-76.628487936,39.33291799039999],[-76.52083040000001,39.43277856000001],[-76.411261056,39.5294915584],[-76.299779904,39.6230569856],[-76.186386944,39.7134748416],[-76.07108217599999,39.800745126399995],[-75.95386560000001,39.884867840000005],[-75.83473721600001,39.9658429824],[-75.713697024,40.043670553599995],[-75.590745024,40.118350553599996],[-75.46588121600001,40.18988298239999],[-75.3391056,40.25826784],[-75.210418176,40.32350512639999],[-75.07981894400001,40.385594841599996],[-74.94730790400001,40.444536985599996],[-74.812885056,40.5003315584],[-74.6765504,40.55297856],[-74.538303936,40.6024779904],[-74.39814566400001,40.648829849600006],[-74.256075584,40.692034137600004],[-74.112093696,40.7320908544],[-73.9662,40.769]]},"properties":{}},{"type":"Feature","geometry":{"type":"LineString","coordinates":[[-77.04,38.902],[-76.939989696,39.014450854399996],[-76.838067584,39.1237541376],[-76.734233664,39.22990984959999],[-76.628487936,39.33291799039999],[-76.52083040000001,39.43277856000001],[-76.411261056,39.5294915584],[-76.299779904,39.6230569856],[-76.186386944,39.7134748416],[-76.07108217599999,39.800745126399995],[-75.95386560000001,39.884867840000005],[-75.83473721600001,39.9658429824],[-75.713697024,40.043670553599995],[-75.590745024,40.118350553599996],[-75.46588121600001,40.18988298239999],[-75.3391056,40.25826784],[-75.210418176,40.32350512639999],[-75.07981894400001,40.385594841599996],[-74.94730790400001,40.444536985599996],[-74.812885056,40.5003315584],[-74.6765504,40.55297856],[-74.538303936,40.6024779904],[-74.39814566400001,40.648829849600006],[-74.256075584,40.692034137600004],[-74.112093696,40.7320908544],[-73.9662,40.769]]},"properties":{"_map_colour":"#A0525B","_k":"43"}},{"type":"Feature","geometry":{"type":"LineString","coordinates":[[-77.04,38.902],[-73.9866341248,40.2757553536],[-70.92307473920002,41.5682130944],[-67.8493218432,42.7793732224],[-64.7653754368,43.9092357376],[-61.67123552000002,44.95780064000001],[-58.56690209280001,45.925067929600004],[-55.45237515520001,46.811037606400006],[-52.3276547072,47.6157096704],[-49.1927407488,48.3390841216],[-46.04763328000002,48.98116096000001],[-42.89233230080001,49.5419401856],[-39.72683781120001,50.0214217984],[-36.55114981120001,50.419605798400006],[-33.365268300800004,50.7364921856],[-30.169193280000005,50.97208096],[-26.962924748800003,51.1263721216],[-23.746462707200003,51.199365670400006],[-20.519807155199995,51.1910616064],[-17.282958092799994,51.10145992960001],[-14.03591551999999,50.930560639999996],[-10.778679436799987,50.6783637376],[-7.511249843199982,50.34486922240001],[-4.233626739199979,49.9300770944],[-0.9458101247999764,49.433987353599996],[2.352200000000018,48.85659999999999]]},"properties":{}},{"type":"Feature","geometry":{"type":"LineString","coordinates":[[-77.04,38.902],[-73.9866341248,40.2757553536],[-70.92307473920002,41.5682130944],[-67.8493218432,42.7793732224],[-64.7653754368,43.9092357376],[-61.67123552000002,44.95780064000001],[-58.56690209280001,45.925067929600004],[-55.45237515520001,46.811037606400006],[-52.3276547072,47.6157096704],[-49.1927407488,48.3390841216],[-46.04763328000002,48.98116096000001],[-42.89233230080001,49.5419401856],[-39.72683781120001,50.0214217984],[-36.55114981120001,50.419605798400006],[-33.365268300800004,50.7364921856],[-30.169193280000005,50.97208096],[-26.962924748800003,51.1263721216],[-23.746462707200003,51.199365670400006],[-20.519807155199995,51.1910616064],[-17.282958092799994,51.10145992960001],[-14.03591551999999,50.930560639999996],[-10.778679436799987,50.6783637376],[-7.511249843199982,50.34486922240001],[-4.233626739199979,49.9300770944],[-0.9458101247999764,49.433987353599996],[2.352200000000018,48.85659999999999]]},"properties":{"_map_colour":"#A0525B","_k":"45"}},{"type":"Feature","geometry":{"type":"LineString","coordinates":[[-77.043,38.9095],[-76.942777536,39.0216877184],[-76.84065094400002,39.1307247936],[-76.736620224,39.2366112256],[-76.630685376,39.33934701439999],[-76.52284640000002,39.438932160000014],[-76.413103296,39.5353666624],[-76.301456064,39.6286505216],[-76.18790470400002,39.7187837376],[-76.07244921600001,39.805766310399996],[-75.95508960000002,39.88959824000001],[-75.835825856,39.970279526400006],[-75.71465798400001,40.0478101696],[-75.591585984,40.1221901696],[-75.46660985600002,40.19341952640001],[-75.3397296,40.26149824],[-75.21094521600001,40.326426310399995],[-75.080256704,40.38820373760001],[-74.94766406400001,40.4468305216],[-74.81316729600002,40.5023066624],[-74.6767664,40.55463216],[-74.53846137600001,40.6038070144],[-74.398252224,40.6498312256],[-74.256138944,40.6927047936],[-74.112121536,40.7324277184],[-73.9662,40.769]]},"properties":{}},{"type":"Feature","geometry":{"type":"LineString","coordinates":[[-77.043,38.9095],[-76.942777536,39.0216877184],[-76.84065094400002,39.1307247936],[-76.736620224,39.2366112256],[-76.630685376,39.33934701439999],[-76.52284640000002,39.438932160000014],[-76.413103296,39.5353666624],[-76.301456064,39.6286505216],[-76.18790470400002,39.7187837376],[-76.07244921600001,39.805766310399996],[-75.95508960000002,39.88959824000001],[-75.835825856,39.970279526400006],[-75.71465798400001,40.0478101696],[-75.591585984,40.1221901696],[-75.46660985600002,40.19341952640001],[-75.3397296,40.26149824],[-75.21094521600001,40.326426310399995],[-75.080256704,40.38820373760001],[-74.94766406400001,40.4468305216],[-74.81316729600002,40.5023066624],[-74.6767664,40.55463216],[-74.53846137600001,40.6038070144],[-74.398252224,40.6498312256],[-74.256138944,40.6927047936],[-74.112121536,40.7324277184],[-73.9662,40.769]]},"properties":{"_map_colour":"#A0525B","_k":"47"}},{"type":"Feature","geometry":{"type":"LineString","coordinates":[[-77.0387,38.9024],[-76.8446409024,39.113905011199996],[-76.64702872960001,39.31935060480001],[-76.44586348160001,39.518736780800005],[-76.2411451584,39.71206353919999],[-76.03287376000002,39.89933088000001],[-75.82104928640001,40.0805388032],[-75.6056717376,40.2556873088],[-75.38674111360001,40.4247763968],[-75.1642574144,40.5878060672],[-74.93822064000001,40.74477632],[-74.7086307904,40.895687155199994],[-74.4754878656,41.040538572799996],[-74.2387918656,41.1793305728],[-73.99854279040001,41.3120631552],[-73.75474064000001,41.43873632],[-73.5073854144,41.5593500672],[-73.25647711360001,41.6739043968],[-73.0020157376,41.782399308799995],[-72.74400128640002,41.8848348032],[-72.48243376,41.98121088],[-72.2173131584,42.0715275392],[-71.94863948160001,42.1557847808],[-71.6764127296,42.2339826048],[-71.4006329024,42.3061210112],[-71.1213,42.3722]]},"properties":{}},{"type":"Feature","geometry":{"type":"LineString","coordinates":[[-77.0387,38.9024],[-76.8446409024,39.113905011199996],[-76.64702872960001,39.31935060480001],[-76.44586348160001,39.518736780800005],[-76.2411451584,39.71206353919999],[-76.03287376000002,39.89933088000001],[-75.82104928640001,40.0805388032],[-75.6056717376,40.2556873088],[-75.38674111360001,40.4247763968],[-75.1642574144,40.5878060672],[-74.93822064000001,40.74477632],[-74.7086307904,40.895687155199994],[-74.4754878656,41.040538572799996],[-74.2387918656,41.1793305728],[-73.99854279040001,41.3120631552],[-73.75474064000001,41.43873632],[-73.5073854144,41.5593500672],[-73.25647711360001,41.6739043968],[-73.0020157376,41.782399308799995],[-72.74400128640002,41.8848348032],[-72.48243376,41.98121088],[-72.2173131584,42.0715275392],[-71.94863948160001,42.1557847808],[-71.6764127296,42.2339826048],[-71.4006329024,42.3061210112],[-71.1213,42.3722]]},"properties":{"_map_colour":"#A0525B","_k":"49"}},{"type":"Feature","geometry":{"type":"LineString","coordinates":[[-77.0387,38.9024],[-73.98538120959999,40.276123379199994],[-70.9218693184,41.568550476800006],[-67.8481643264,42.7796812928],[-64.7642662336,43.909515827199996],[-61.67017504000002,44.95805408000001],[-58.56589074560001,45.9252960512],[-55.4514133504,46.8112417408],[-52.3267428544,47.615891148799996],[-49.1918792576,48.3392442752],[-46.04682256000002,48.981301120000005],[-42.89157276160001,49.542061683200004],[-39.72612986240001,50.0215259648],[-36.55049386240002,50.419693964800004],[-33.364664761600004,50.7365656832],[-30.168642560000002,50.97214112],[-26.962427257599998,51.1264202752],[-23.7460188544,51.1994031488],[-20.519417350399994,51.1910897408],[-17.282622745599994,51.10148005120001],[-14.03563503999999,50.93057408],[-10.778454233599987,50.6783718272],[-7.511080326399982,50.3448732928],[-4.233513318399979,49.93007847679999],[-0.9457532095999763,49.4339873792],[2.352200000000018,48.85659999999999]]},"properties":{}},{"type":"Feature","geometry":{"type":"LineString","coordinates":[[-77.0387,38.9024],[-73.98538120959999,40.276123379199994],[-70.9218693184,41.568550476800006],[-67.8481643264,42.7796812928],[-64.7642662336,43.909515827199996],[-61.67017504000002,44.95805408000001],[-58.56589074560001,45.9252960512],[-55.4514133504,46.8112417408],[-52.3267428544,47.615891148799996],[-49.1918792576,48.3392442752],[-46.04682256000002,48.981301120000005],[-42.89157276160001,49.542061683200004],[-39.72612986240001,50.0215259648],[-36.55049386240002,50.419693964800004],[-33.364664761600004,50.7365656832],[-30.168642560000002,50.97214112],[-26.962427257599998,51.1264202752],[-23.7460188544,51.1994031488],[-20.519417350399994,51.1910897408],[-17.282622745599994,51.10148005120001],[-14.03563503999999,50.93057408],[-10.778454233599987,50.6783718272],[-7.511080326399982,50.3448732928],[-4.233513318399979,49.93007847679999],[-0.9457532095999763,49.4339873792],[2.352200000000018,48.85659999999999]]},"properties":{"_map_colour":"#A0525B","_k":"51"}},{"type":"Feature","geometry":{"type":"LineString","coordinates":[[-77.0387,38.9024],[-73.7994677952,40.218051155199994],[-70.5527369408,41.44847438080001],[-67.2985074368,42.5936696768],[-64.03677928319999,43.65363704319999],[-60.76755248000001,44.628376480000014],[-57.490827027200005,45.517887987200005],[-54.2066029248,46.3221715648],[-50.9148801728,47.041227212799996],[-47.6156587712,47.6750549312],[-44.30893872000002,48.223654720000006],[-40.99472001920001,48.687026579199994],[-37.6730026688,49.065170508799994],[-34.34378666880001,49.35808650880001],[-31.00707201920001,49.565774579199996],[-27.662858720000003,49.68823472],[-24.3111467712,49.725466931199996],[-20.9519361728,49.6774712128],[-17.585226924799993,49.5442475648],[-14.211019027199992,49.325795987199996],[-10.82931247999999,49.022116479999994],[-7.440107283199985,48.6332090432],[-4.0434034367999825,48.1590736768],[-0.6392009407999781,47.59971038079999],[2.772500204800025,46.95511915519999],[6.191700000000019,46.2253]]},"properties":{}},{"type":"Feature","geometry":{"type":"LineString","coordinates":[[-77.0387,38.9024],[-73.7994677952,40.218051155199994],[-70.5527369408,41.44847438080001],[-67.2985074368,42.5936696768],[-64.03677928319999,43.65363704319999],[-60.76755248000001,44.628376480000014],[-57.490827027200005,45.517887987200005],[-54.2066029248,46.3221715648],[-50.9148801728,47.041227212799996],[-47.6156587712,47.6750549312],[-44.30893872000002,48.223654720000006],[-40.99472001920001,48.687026579199994],[-37.6730026688,49.065170508799994],[-34.34378666880001,49.35808650880001],[-31.00707201920001,49.565774579199996],[-27.662858720000003,49.68823472],[-24.3111467712,49.725466931199996],[-20.9519361728,49.6774712128],[-17.585226924799993,49.5442475648],[-14.211019027199992,49.325795987199996],[-10.82931247999999,49.022116479999994],[-7.440107283199985,48.6332090432],[-4.0434034367999825,48.1590736768],[-0.6392009407999781,47.59971038079999],[2.772500204800025,46.95511915519999],[6.191700000000019,46.2253]]},"properties":{"_map_colour":"#A0525B","_k":"53"}},{"type":"Feature","geometry":{"type":"LineString","coordinates":[[7.753,48.582],[7.531864192,48.526805568],[7.311026368000001,48.477180672],[7.0904865280000005,48.433125311999994],[6.870244671999999,48.394639488],[6.650300800000001,48.36172320000001],[6.4306549120000005,48.334376448],[6.211307008,48.312599232],[5.992257087999999,48.29639155199999],[5.773505152000001,48.285753408],[5.555051200000001,48.2806848],[5.336895232000001,48.281185728],[5.119037248000001,48.287256191999994],[4.901477248000001,48.298896192],[4.6842152320000014,48.316105728],[4.467251200000001,48.3388848],[4.250585152,48.367233408],[4.034217088,48.401151551999995],[3.8181470080000004,48.440639231999995],[3.602374912,48.485696448],[3.3869007999999994,48.5363232],[3.171724671999999,48.592519488],[2.956846527999999,48.654285312],[2.742266367999999,48.721620672],[2.5279841919999986,48.794525568],[2.3139999999999987,48.873]]},"properties":{}},{"type":"Feature","geometry":{"type":"LineString","coordinates":[[7.753,48.582],[7.531864192,48.526805568],[7.311026368000001,48.477180672],[7.0904865280000005,48.433125311999994],[6.870244671999999,48.394639488],[6.650300800000001,48.36172320000001],[6.4306549120000005,48.334376448],[6.211307008,48.312599232],[5.992257087999999,48.29639155199999],[5.773505152000001,48.285753408],[5.555051200000001,48.2806848],[5.336895232000001,48.281185728],[5.119037248000001,48.287256191999994],[4.901477248000001,48.298896192],[4.6842152320000014,48.316105728],[4.467251200000001,48.3388848],[4.250585152,48.367233408],[4.034217088,48.401151551999995],[3.8181470080000004,48.440639231999995],[3.602374912,48.485696448],[3.3869007999999994,48.5363232],[3.171724671999999,48.592519488],[2.956846527999999,48.654285312],[2.742266367999999,48.721620672],[2.5279841919999986,48.794525568],[2.3139999999999987,48.873]]},"properties":{"_map_colour":"#A0525B","_k":"55"}},{"type":"Feature","geometry":{"type":"LineString","coordinates":[[-77.035,38.904],[-69.31401164799999,41.323864883199995],[-61.59190099199999,43.54572769280001],[-53.86866803199999,45.5695884288],[-46.144312767999985,47.3954470912],[-38.418835200000004,49.02330368000002],[-30.69223532799999,50.453158195200004],[-22.964513151999988,51.68501063680001],[-15.235668671999987,52.718861004800004],[-7.505701887999999,53.5547092992],[0.22538719999999657,54.19255552000001],[7.957598592,54.632399667200005],[15.690932287999997,54.87424174079999],[23.425388287999994,54.9180817408],[31.160966591999998,54.7639196672],[38.8976672,54.41175552],[46.635490112000014,53.8615892992],[54.37443532800002,53.1134210048],[62.114502848000015,52.1672506368],[69.85569267200003,51.0230781952],[77.59800480000004,49.68090368],[85.34143923200006,48.14072709119999],[93.08599596800005,46.40254842879999],[100.83167500800006,44.46636769279999],[108.57847635200005,42.33218488319998],[116.32640000000005,39.999999999999986]]},"properties":{}},{"type":"Feature","geometry":{"type":"LineString","coordinates":[[-77.035,38.904],[-69.31401164799999,41.323864883199995],[-61.59190099199999,43.54572769280001],[-53.86866803199999,45.5695884288],[-46.144312767999985,47.3954470912],[-38.418835200000004,49.02330368000002],[-30.69223532799999,50.453158195200004],[-22.964513151999988,51.68501063680001],[-15.235668671999987,52.718861004800004],[-7.505701887999999,53.5547092992],[0.22538719999999657,54.19255552000001],[7.957598592,54.632399667200005],[15.690932287999997,54.87424174079999],[23.425388287999994,54.9180817408],[31.160966591999998,54.7639196672],[38.8976672,54.41175552],[46.635490112000014,53.8615892992],[54.37443532800002,53.1134210048],[62.114502848000015,52.1672506368],[69.85569267200003,51.0230781952],[77.59800480000004,49.68090368],[85.34143923200006,48.14072709119999],[93.08599596800005,46.40254842879999],[100.83167500800006,44.46636769279999],[108.57847635200005,42.33218488319998],[116.32640000000005,39.999999999999986]]},"properties":{"_map_colour":"#A0525B","_k":"57"}},{"type":"Feature","geometry":{"type":"LineString","coordinates":[[-77.0364,38.9036],[-77.03561086719999,38.90294065919999],[-77.0348428288,38.902267596799994],[-77.03409588479998,38.9015808128],[-77.03337003519998,38.9008803072],[-77.03266528000002,38.900166080000005],[-77.0319816192,38.8994381312],[-77.03131905279999,38.8986964608],[-77.03067758079999,38.897941068799994],[-77.03005720319999,38.897171955199994],[-77.02945792,38.89638912],[-77.02887973119999,38.8955925632],[-77.02832263679998,38.894782284799994],[-77.02778663679999,38.8939582848],[-77.02727173119999,38.8931205632],[-77.02677792,38.89226912],[-77.0263052032,38.8914039552],[-77.0258535808,38.8905250688],[-77.0254230528,38.8896324608],[-77.0250136192,38.8887261312],[-77.02462528,38.887806080000004],[-77.0242580352,38.8868723072],[-77.0239118848,38.8859248128],[-77.02358682879999,38.8849635968],[-77.0232828672,38.8839886592],[-77.023,38.883]]},"properties":{}},{"type":"Feature","geometry":{"type":"LineString","coordinates":[[-77.0364,38.9036],[-77.03561086719999,38.90294065919999],[-77.0348428288,38.902267596799994],[-77.03409588479998,38.9015808128],[-77.03337003519998,38.9008803072],[-77.03266528000002,38.900166080000005],[-77.0319816192,38.8994381312],[-77.03131905279999,38.8986964608],[-77.03067758079999,38.897941068799994],[-77.03005720319999,38.897171955199994],[-77.02945792,38.89638912],[-77.02887973119999,38.8955925632],[-77.02832263679998,38.894782284799994],[-77.02778663679999,38.8939582848],[-77.02727173119999,38.8931205632],[-77.02677792,38.89226912],[-77.0263052032,38.8914039552],[-77.0258535808,38.8905250688],[-77.0254230528,38.8896324608],[-77.0250136192,38.8887261312],[-77.02462528,38.887806080000004],[-77.0242580352,38.8868723072],[-77.0239118848,38.8859248128],[-77.02358682879999,38.8849635968],[-77.0232828672,38.8839886592],[-77.023,38.883]]},"properties":{"_map_colour":"#A0525B","_k":"59"}},{"type":"Feature","geometry":{"type":"LineString","coordinates":[[-106.8317,39.1953],[-102.58306205439999,40.9234037632],[-98.3245309376,42.539703212800006],[-94.0561066496,44.0441983488],[-89.7777891904,45.436889171199994],[-85.48957856000001,46.71777568000001],[-81.19147475839999,47.8868578752],[-76.8834777856,48.9441357568],[-72.5655876416,49.88960932479999],[-68.23780432640001,50.723278579200006],[-63.90012784000001,51.44514352000001],[-59.552558182400006,52.0552041472],[-55.1950953536,52.55346046079999],[-50.82773935360001,52.9399124608],[-46.4504901824,53.214560147200004],[-42.06334784,53.37740352],[-37.6663123264,53.428442579199995],[-33.259383641599996,53.3676773248],[-28.84256178559999,53.1951077568],[-24.415846758399987,52.91073387520001],[-19.979238559999988,52.51455568],[-15.532737190399981,52.0065731712],[-11.076342649599976,51.3867863488],[-6.610054937599971,50.655195212799995],[-2.1338740543999677,49.81179976319999],[2.3522000000000247,48.85659999999999]]},"properties":{}},{"type":"Feature","geometry":{"type":"LineString","coordinates":[[-106.8317,39.1953],[-102.58306205439999,40.9234037632],[-98.3245309376,42.539703212800006],[-94.0561066496,44.0441983488],[-89.7777891904,45.436889171199994],[-85.48957856000001,46.71777568000001],[-81.19147475839999,47.8868578752],[-76.8834777856,48.9441357568],[-72.5655876416,49.88960932479999],[-68.23780432640001,50.723278579200006],[-63.90012784000001,51.44514352000001],[-59.552558182400006,52.0552041472],[-55.1950953536,52.55346046079999],[-50.82773935360001,52.9399124608],[-46.4504901824,53.214560147200004],[-42.06334784,53.37740352],[-37.6663123264,53.428442579199995],[-33.259383641599996,53.3676773248],[-28.84256178559999,53.1951077568],[-24.415846758399987,52.91073387520001],[-19.979238559999988,52.51455568],[-15.532737190399981,52.0065731712],[-11.076342649599976,51.3867863488],[-6.610054937599971,50.655195212799995],[-2.1338740543999677,49.81179976319999],[2.3522000000000247,48.85659999999999]]},"properties":{"_map_colour":"#A0525B","_k":"61"}},{"type":"Feature","geometry":{"type":"LineString","coordinates":[[-77.032,38.9035],[-73.922195712,40.381350656],[-70.80016844800001,41.775835424],[-67.665918208,43.086954304],[-64.51944499199999,44.314707296],[-61.36074880000002,45.459094400000005],[-58.189829632,46.520115616000005],[-55.006687488,47.497770943999996],[-51.811322367999985,48.392060384],[-48.603734272000004,49.202983936],[-45.38392320000001,49.93054160000001],[-42.151889152,50.574733376],[-38.907632128,51.135559264],[-35.651152128000014,51.61301926400001],[-32.38244915200001,52.00711337600001],[-29.101523200000003,52.31784160000001],[-25.808374272,52.54520393600001],[-22.503002367999997,52.689200384],[-19.185407487999996,52.749830944],[-15.855589631999992,52.72709561600001],[-12.513548799999988,52.6209944],[-9.159284991999986,52.431527296000006],[-5.792798207999983,52.158694304],[-2.414088447999978,51.80249542400001],[0.9768442880000245,51.362930656],[4.3800000000000185,50.839999999999996]]},"properties":{}},{"type":"Feature","geometry":{"type":"LineString","coordinates":[[-77.032,38.9035],[-73.922195712,40.381350656],[-70.80016844800001,41.775835424],[-67.665918208,43.086954304],[-64.51944499199999,44.314707296],[-61.36074880000002,45.459094400000005],[-58.189829632,46.520115616000005],[-55.006687488,47.497770943999996],[-51.811322367999985,48.392060384],[-48.603734272000004,49.202983936],[-45.38392320000001,49.93054160000001],[-42.151889152,50.574733376],[-38.907632128,51.135559264],[-35.651152128000014,51.61301926400001],[-32.38244915200001,52.00711337600001],[-29.101523200000003,52.31784160000001],[-25.808374272,52.54520393600001],[-22.503002367999997,52.689200384],[-19.185407487999996,52.749830944],[-15.855589631999992,52.72709561600001],[-12.513548799999988,52.6209944],[-9.159284991999986,52.431527296000006],[-5.792798207999983,52.158694304],[-2.414088447999978,51.80249542400001],[0.9768442880000245,51.362930656],[4.3800000000000185,50.839999999999996]]},"properties":{"_map_colour":"#A0525B","_k":"63"}},{"type":"Feature","geometry":{"type":"LineString","coordinates":[[-77.032,38.9035],[-76.8381953856,39.1148786816],[-76.64083882240001,39.3202048064],[-76.4399303104,39.5194783744],[-76.23546984959998,39.71269938559999],[-76.02745744,39.899867840000006],[-75.81589308160001,40.0809837376],[-75.60077677439999,40.2560470784],[-75.38210851839997,40.425057862399996],[-75.1598883136,40.5880160896],[-74.93411616,40.74492176],[-74.7047920576,40.8957748736],[-74.4719160064,41.0405754304],[-74.2354880064,41.1793234304],[-73.9955080576,41.312018873599996],[-73.75197616,41.438661759999995],[-73.50489231360001,41.5592520896],[-73.2542565184,41.6737898624],[-73.0000687744,41.7822750784],[-72.7423290816,41.8847077376],[-72.48103744000001,41.98108784],[-72.2161938496,42.071415385600005],[-71.9477983104,42.155690374399995],[-71.67585082240001,42.2339128064],[-71.4003513856,42.306082681599996],[-71.1213,42.3722]]},"properties":{}},{"type":"Feature","geometry":{"type":"LineString","coordinates":[[-77.032,38.9035],[-76.8381953856,39.1148786816],[-76.64083882240001,39.3202048064],[-76.4399303104,39.5194783744],[-76.23546984959998,39.71269938559999],[-76.02745744,39.899867840000006],[-75.81589308160001,40.0809837376],[-75.60077677439999,40.2560470784],[-75.38210851839997,40.425057862399996],[-75.1598883136,40.5880160896],[-74.93411616,40.74492176],[-74.7047920576,40.8957748736],[-74.4719160064,41.0405754304],[-74.2354880064,41.1793234304],[-73.9955080576,41.312018873599996],[-73.75197616,41.438661759999995],[-73.50489231360001,41.5592520896],[-73.2542565184,41.6737898624],[-73.0000687744,41.7822750784],[-72.7423290816,41.8847077376],[-72.48103744000001,41.98108784],[-72.2161938496,42.071415385600005],[-71.9477983104,42.155690374399995],[-71.67585082240001,42.2339128064],[-71.4003513856,42.306082681599996],[-71.1213,42.3722]]},"properties":{"_map_colour":"#A0525B","_k":"65"}},{"type":"Feature","geometry":{"type":"LineString","coordinates":[[-77.032,38.9035],[-77.03248512639999,38.903582976],[-77.0329648256,38.903676704],[-77.0334390976,38.903781184],[-77.03390794239999,38.903896416],[-77.03437136000001,38.9040224],[-77.0348293504,38.904159136000004],[-77.0352819136,38.90430662399999],[-77.03572904959998,38.90446486399999],[-77.03617075839999,38.904633856],[-77.03660704,38.904813600000004],[-77.0370378944,38.905004096],[-77.0374633216,38.905205343999995],[-77.0378833216,38.905417344],[-77.0382978944,38.905640096],[-77.03870703999999,38.9058736],[-77.0391107584,38.906117855999995],[-77.03950904960001,38.906372864],[-77.0399019136,38.906638623999996],[-77.0402893504,38.906915135999995],[-77.04067136,38.9072024],[-77.04104794240001,38.907500416000005],[-77.0414190976,38.907809184],[-77.0417848256,38.908128704],[-77.0421451264,38.908458976],[-77.0425,38.9088]]},"properties":{}},{"type":"Feature","geometry":{"type":"LineString","coordinates":[[-77.032,38.9035],[-77.03248512639999,38.903582976],[-77.0329648256,38.903676704],[-77.0334390976,38.903781184],[-77.03390794239999,38.903896416],[-77.03437136000001,38.9040224],[-77.0348293504,38.904159136000004],[-77.0352819136,38.90430662399999],[-77.03572904959998,38.90446486399999],[-77.03617075839999,38.904633856],[-77.03660704,38.904813600000004],[-77.0370378944,38.905004096],[-77.0374633216,38.905205343999995],[-77.0378833216,38.905417344],[-77.0382978944,38.905640096],[-77.03870703999999,38.9058736],[-77.0391107584,38.906117855999995],[-77.03950904960001,38.906372864],[-77.0399019136,38.906638623999996],[-77.0402893504,38.906915135999995],[-77.04067136,38.9072024],[-77.04104794240001,38.907500416000005],[-77.0414190976,38.907809184],[-77.0417848256,38.908128704],[-77.0421451264,38.908458976],[-77.0425,38.9088]]},"properties":{"_map_colour":"#A0525B","_k":"67"}},{"type":"Feature","geometry":{"type":"LineString","coordinates":[[-77.032,38.9035],[-69.311137792,41.3233480192],[-61.589152768000005,43.5451970368],[-53.866044927999994,45.5690470528],[-46.14181427199999,47.394898067199996],[-38.4164608,49.022750080000016],[-30.68998451199999,50.452603091200004],[-22.96238540799999,51.6844571008],[-15.233663487999985,52.71831210879999],[-7.5038187519999955,53.5541681152],[0.22714879999999482,54.192025120000004],[7.959239168,54.6318831232],[15.692452351999995,54.87374212479999],[23.42678835199999,54.917602124800005],[31.162247167999997,54.7634631232],[38.898828800000004,54.41132512],[46.636533248000006,53.8611881152],[54.37536051200002,53.1130521088],[62.115310592000014,52.1669171008],[69.85638348800003,51.0227830912],[77.59857920000003,49.68065007999999],[85.34189772800005,48.14051806719999],[93.08633907200004,46.402387052799995],[100.83190323200006,44.46625703679999],[108.57859020800007,42.33212801919998],[116.32640000000005,39.999999999999986]]},"properties":{}},{"type":"Feature","geometry":{"type":"LineString","coordinates":[[-77.032,38.9035],[-69.311137792,41.3233480192],[-61.589152768000005,43.5451970368],[-53.866044927999994,45.5690470528],[-46.14181427199999,47.394898067199996],[-38.4164608,49.022750080000016],[-30.68998451199999,50.452603091200004],[-22.96238540799999,51.6844571008],[-15.233663487999985,52.71831210879999],[-7.5038187519999955,53.5541681152],[0.22714879999999482,54.192025120000004],[7.959239168,54.6318831232],[15.692452351999995,54.87374212479999],[23.42678835199999,54.917602124800005],[31.162247167999997,54.7634631232],[38.898828800000004,54.41132512],[46.636533248000006,53.8611881152],[54.37536051200002,53.1130521088],[62.115310592000014,52.1669171008],[69.85638348800003,51.0227830912],[77.59857920000003,49.68065007999999],[85.34189772800005,48.14051806719999],[93.08633907200004,46.402387052799995],[100.83190323200006,44.46625703679999],[108.57859020800007,42.33212801919998],[116.32640000000005,39.999999999999986]]},"properties":{"_map_colour":"#A0525B","_k":"69"}},{"type":"Feature","geometry":{"type":"LineString","coordinates":[[4.497,52.1601],[1.3989892608000003,50.6277568],[-1.712603916800001,49.17889520000001],[-4.837779532800001,47.8135152],[-7.976537587200003,46.53161679999999],[-11.128878080000003,45.33320000000001],[-14.2948010112,44.2182648],[-17.4743063808,43.1868112],[-20.667394188800003,42.238839199999994],[-23.8740644352,41.3743488],[-27.09431712,40.593340000000005],[-30.3281522432,39.8958128],[-33.5755698048,39.2817672],[-36.83656980479999,38.7512032],[-40.111152243199996,38.3041208],[-43.399317120000006,37.94051999999999],[-46.7010644352,37.6604008],[-50.016394188800014,37.4637632],[-53.34530638080001,37.3506072],[-56.68780101120002,37.3209328],[-60.04387808000001,37.37474],[-63.41353758720002,37.5120288],[-66.79677953280003,37.7327992],[-70.19360391680003,38.0370512],[-73.60401073920002,38.424784800000005],[-77.02800000000002,38.896]]},"properties":{}},{"type":"Feature","geometry":{"type":"LineString","coordinates":[[4.497,52.1601],[1.3989892608000003,50.6277568],[-1.712603916800001,49.17889520000001],[-4.837779532800001,47.8135152],[-7.976537587200003,46.53161679999999],[-11.128878080000003,45.33320000000001],[-14.2948010112,44.2182648],[-17.4743063808,43.1868112],[-20.667394188800003,42.238839199999994],[-23.8740644352,41.3743488],[-27.09431712,40.593340000000005],[-30.3281522432,39.8958128],[-33.5755698048,39.2817672],[-36.83656980479999,38.7512032],[-40.111152243199996,38.3041208],[-43.399317120000006,37.94051999999999],[-46.7010644352,37.6604008],[-50.016394188800014,37.4637632],[-53.34530638080001,37.3506072],[-56.68780101120002,37.3209328],[-60.04387808000001,37.37474],[-63.41353758720002,37.5120288],[-66.79677953280003,37.7327992],[-70.19360391680003,38.0370512],[-73.60401073920002,38.424784800000005],[-77.02800000000002,38.896]]},"properties":{"_map_colour":"#A0525B","_k":"71"}},{"type":"Feature","geometry":{"type":"LineString","coordinates":[[4.497,52.1601],[1.3986601088000006,50.627830784000004],[-1.713258124799999,49.179050336],[-4.838754700799999,47.813758656000005],[-7.9778296191999996,46.531955743999994],[-11.13048288,45.33364160000001],[-14.296714483199999,44.218816224],[-17.476524428799998,43.187479616],[-20.6699127168,42.239631775999996],[-23.876879347199996,41.375272704000004],[-27.097424319999995,40.59440240000001],[-30.331547635199993,39.897020864000005],[-33.579249292799986,39.283128096],[-36.840529292799985,38.75272409600001],[-40.115387635199994,38.305808864],[-43.40382432,37.9423824],[-46.7058393472,37.662444704],[-50.02143271680001,37.465995776],[-53.3506044288,37.353035616],[-56.69335448320001,37.323564224],[-60.049682880000006,37.3775816],[-63.41958961920001,37.515087744000006],[-66.80307470080001,37.736082656],[-70.20013812480002,38.040566336000005],[-73.61077989120001,38.428538784000004],[-77.03500000000001,38.9]]},"properties":{}},{"type":"Feature","geometry":{"type":"LineString","coordinates":[[4.497,52.1601],[1.3986601088000006,50.627830784000004],[-1.713258124799999,49.179050336],[-4.838754700799999,47.813758656000005],[-7.9778296191999996,46.531955743999994],[-11.13048288,45.33364160000001],[-14.296714483199999,44.218816224],[-17.476524428799998,43.187479616],[-20.6699127168,42.239631775999996],[-23.876879347199996,41.375272704000004],[-27.097424319999995,40.59440240000001],[-30.331547635199993,39.897020864000005],[-33.579249292799986,39.283128096],[-36.840529292799985,38.75272409600001],[-40.115387635199994,38.305808864],[-43.40382432,37.9423824],[-46.7058393472,37.662444704],[-50.02143271680001,37.465995776],[-53.3506044288,37.353035616],[-56.69335448320001,37.323564224],[-60.049682880000006,37.3775816],[-63.41958961920001,37.515087744000006],[-66.80307470080001,37.736082656],[-70.20013812480002,38.040566336000005],[-73.61077989120001,38.428538784000004],[-77.03500000000001,38.9]]},"properties":{"_map_colour":"#A0525B","_k":"73"}},{"type":"Feature","geometry":{"type":"LineString","coordinates":[[4.497,52.1601],[4.320498912,52.0774689728],[4.143333247999999,51.999560531200004],[3.9655030079999998,51.9263746752],[3.787008191999999,51.85791140479999],[3.6078488000000006,51.79417072000001],[3.428024832,51.7351526208],[3.2475362879999996,51.680857107200005],[3.0663831679999993,51.631284179199994],[2.884565472,51.5864338368],[2.7020832,51.54630608000001],[2.5189363520000003,51.5109009088],[2.3351249279999995,51.48021832319999],[2.1506489280000003,51.4542583232],[1.9655083519999998,51.433020908799996],[1.7797032,51.41650608],[1.5932334719999999,51.4047138368],[1.4060991679999995,51.3976441792],[1.2183002879999993,51.395297107199994],[1.0298368319999993,51.3976726208],[0.8407087999999991,51.40477072],[0.6509161919999991,51.4165914048],[0.46045900799999884,51.433134675199994],[0.2693372479999987,51.4544005312],[0.07755091199999857,51.48038897279999],[-0.11490000000000107,51.5111]]},"properties":{}},{"type":"Feature","geometry":{"type":"LineString","coordinates":[[4.497,52.1601],[4.320498912,52.0774689728],[4.143333247999999,51.999560531200004],[3.9655030079999998,51.9263746752],[3.787008191999999,51.85791140479999],[3.6078488000000006,51.79417072000001],[3.428024832,51.7351526208],[3.2475362879999996,51.680857107200005],[3.0663831679999993,51.631284179199994],[2.884565472,51.5864338368],[2.7020832,51.54630608000001],[2.5189363520000003,51.5109009088],[2.3351249279999995,51.48021832319999],[2.1506489280000003,51.4542583232],[1.9655083519999998,51.433020908799996],[1.7797032,51.41650608],[1.5932334719999999,51.4047138368],[1.4060991679999995,51.3976441792],[1.2183002879999993,51.395297107199994],[1.0298368319999993,51.3976726208],[0.8407087999999991,51.40477072],[0.6509161919999991,51.4165914048],[0.46045900799999884,51.433134675199994],[0.2693372479999987,51.4544005312],[0.07755091199999857,51.48038897279999],[-0.11490000000000107,51.5111]]},"properties":{"_map_colour":"#A0525B","_k":"75"}},{"type":"Feature","geometry":{"type":"LineString","coordinates":[[4.497,52.1601],[1.3986109568000002,50.627990784],[-1.7133523328,49.179370336],[-4.8388898688,47.814238656],[-7.978001651200001,46.532595743999984],[-11.130687680000001,45.334441600000005],[-14.2969479552,44.219776224],[-17.4767824768,43.188599616],[-20.6701912448,42.240911776],[-23.877174259199997,41.376712704],[-27.097731519999996,40.59600240000001],[-30.331863027199994,39.898780864],[-33.57956878079999,39.285048096],[-36.84084878079999,38.75480409600001],[-40.1157030272,38.308048864],[-43.40413151999999,37.9447824],[-46.7061342592,37.665004704],[-50.02171124480001,37.468715776],[-53.3508624768,37.355915616000004],[-56.69358795520001,37.32660422400001],[-60.04988768000001,37.380781600000006],[-63.41976165120001,37.51844774400001],[-66.80320986880001,37.739602656],[-70.20023233280003,38.04424633600001],[-73.61082904320001,38.43237878400001],[-77.03500000000001,38.904]]},"properties":{}},{"type":"Feature","geometry":{"type":"LineString","coordinates":[[4.497,52.1601],[1.3986109568000002,50.627990784],[-1.7133523328,49.179370336],[-4.8388898688,47.814238656],[-7.978001651200001,46.532595743999984],[-11.130687680000001,45.334441600000005],[-14.2969479552,44.219776224],[-17.4767824768,43.188599616],[-20.6701912448,42.240911776],[-23.877174259199997,41.376712704],[-27.097731519999996,40.59600240000001],[-30.331863027199994,39.898780864],[-33.57956878079999,39.285048096],[-36.84084878079999,38.75480409600001],[-40.1157030272,38.308048864],[-43.40413151999999,37.9447824],[-46.7061342592,37.665004704],[-50.02171124480001,37.468715776],[-53.3508624768,37.355915616000004],[-56.69358795520001,37.32660422400001],[-60.04988768000001,37.380781600000006],[-63.41976165120001,37.51844774400001],[-66.80320986880001,37.739602656],[-70.20023233280003,38.04424633600001],[-73.61082904320001,38.43237878400001],[-77.03500000000001,38.904]]},"properties":{"_map_colour":"#A0525B","_k":"77"}},{"type":"Feature","geometry":{"type":"LineString","coordinates":[[4.497,52.1601],[4.6377148224,51.943532473599994],[4.7723524096,51.725229574400004],[4.9009127616,51.5051913024],[5.023395878399999,51.2834176576],[5.139801760000001,51.05990864000001],[5.250130406400001,50.8346642496],[5.3543818176,50.6076844864],[5.452555993600001,50.3789693504],[5.544652934400001,50.1485188416],[5.630672640000001,49.91633296000001],[5.7106151104,49.6824117056],[5.7844803456,49.446755078399995],[5.852268345600001,49.2093630784],[5.913979110400001,48.970235705600004],[5.96961264,48.729372960000006],[6.019168934400001,48.486774841599996],[6.062647993600001,48.2424413504],[6.1000498176,47.996372486400006],[6.131374406400001,47.7485682496],[6.15662176,47.49902864],[6.175791878400001,47.2477536576],[6.188884761600001,46.994743302399996],[6.1959004096,46.73999757439999],[6.1968388224,46.48351647359999],[6.1917,46.2253]]},"properties":{}},{"type":"Feature","geometry":{"type":"LineString","coordinates":[[4.497,52.1601],[4.6377148224,51.943532473599994],[4.7723524096,51.725229574400004],[4.9009127616,51.5051913024],[5.023395878399999,51.2834176576],[5.139801760000001,51.05990864000001],[5.250130406400001,50.8346642496],[5.3543818176,50.6076844864],[5.452555993600001,50.3789693504],[5.544652934400001,50.1485188416],[5.630672640000001,49.91633296000001],[5.7106151104,49.6824117056],[5.7844803456,49.446755078399995],[5.852268345600001,49.2093630784],[5.913979110400001,48.970235705600004],[5.96961264,48.729372960000006],[6.019168934400001,48.486774841599996],[6.062647993600001,48.2424413504],[6.1000498176,47.996372486400006],[6.131374406400001,47.7485682496],[6.15662176,47.49902864],[6.175791878400001,47.2477536576],[6.188884761600001,46.994743302399996],[6.1959004096,46.73999757439999],[6.1968388224,46.48351647359999],[6.1917,46.2253]]},"properties":{"_map_colour":"#A0525B","_k":"79"}},{"type":"Feature","geometry":{"type":"LineString","coordinates":[[7.592,47.548],[7.364952128,47.53598995200001],[7.139254912,47.529377408],[6.914908351999999,47.528162368000004],[6.691912447999998,47.532344832],[6.470267200000001,47.54192480000001],[6.249972608000001,47.556902271999995],[6.031028672,47.577277247999994],[5.813435392,47.603049727999995],[5.597192768,47.634219712000004],[5.3823008,47.67078720000001],[5.168759488,47.712752191999996],[4.956568832,47.76011468799999],[4.745728832000001,47.812874688],[4.536239488,47.871032191999994],[4.3281008000000005,47.934587199999996],[4.121312768,48.003539712],[3.9158753920000002,48.077889727999995],[3.711788672,48.157637248],[3.5090526079999997,48.242782272],[3.3076671999999996,48.3333248],[3.1076324479999995,48.429264832],[2.9089483519999995,48.530602368000004],[2.711614911999999,48.63733740799999],[2.5156321279999982,48.74946995199999],[2.320999999999999,48.867]]},"properties":{}},{"type":"Feature","geometry":{"type":"LineString","coordinates":[[7.592,47.548],[7.364952128,47.53598995200001],[7.139254912,47.529377408],[6.914908351999999,47.528162368000004],[6.691912447999998,47.532344832],[6.470267200000001,47.54192480000001],[6.249972608000001,47.556902271999995],[6.031028672,47.577277247999994],[5.813435392,47.603049727999995],[5.597192768,47.634219712000004],[5.3823008,47.67078720000001],[5.168759488,47.712752191999996],[4.956568832,47.76011468799999],[4.745728832000001,47.812874688],[4.536239488,47.871032191999994],[4.3281008000000005,47.934587199999996],[4.121312768,48.003539712],[3.9158753920000002,48.077889727999995],[3.711788672,48.157637248],[3.5090526079999997,48.242782272],[3.3076671999999996,48.3333248],[3.1076324479999995,48.429264832],[2.9089483519999995,48.530602368000004],[2.711614911999999,48.63733740799999],[2.5156321279999982,48.74946995199999],[2.320999999999999,48.867]]},"properties":{"_map_colour":"#A0525B","_k":"81"}},{"type":"Feature","geometry":{"type":"LineString","coordinates":[[7.592,47.548],[7.366327923199998,47.5359573376],[7.141995852799999,47.529280230400005],[6.9190037887999996,47.5279686784],[6.697351731199999,47.5320226816],[6.477039680000002,47.541442240000016],[6.258067635200001,47.5562273536],[6.040435596799999,47.5763780224],[5.824143564799999,47.60189424639999],[5.609191539199999,47.6327760256],[5.39557952,47.669023360000004],[5.1833075072,47.7106362496],[4.972375500799998,47.7576146944],[4.7627835008,47.8099586944],[4.5545315072,47.8676682496],[4.34761952,47.93074336],[4.1420475392,47.9991840256],[3.9378155647999997,48.0729902464],[3.734923596799999,48.1521620224],[3.5333716352,48.2366993536],[3.333159679999999,48.32660224],[3.134287731199999,48.4218706816],[2.9367557887999984,48.522504678400004],[2.7405638527999985,48.6285042304],[2.545711923199998,48.7398693376],[2.3521999999999985,48.8566]]},"properties":{}},{"type":"Feature","geometry":{"type":"LineString","coordinates":[[7.592,47.548],[7.366327923199998,47.5359573376],[7.141995852799999,47.529280230400005],[6.9190037887999996,47.5279686784],[6.697351731199999,47.5320226816],[6.477039680000002,47.541442240000016],[6.258067635200001,47.5562273536],[6.040435596799999,47.5763780224],[5.824143564799999,47.60189424639999],[5.609191539199999,47.6327760256],[5.39557952,47.669023360000004],[5.1833075072,47.7106362496],[4.972375500799998,47.7576146944],[4.7627835008,47.8099586944],[4.5545315072,47.8676682496],[4.34761952,47.93074336],[4.1420475392,47.9991840256],[3.9378155647999997,48.0729902464],[3.734923596799999,48.1521620224],[3.5333716352,48.2366993536],[3.333159679999999,48.32660224],[3.134287731199999,48.4218706816],[2.9367557887999984,48.522504678400004],[2.7405638527999985,48.6285042304],[2.545711923199998,48.7398693376],[2.3521999999999985,48.8566]]},"properties":{"_map_colour":"#A0525B","_k":"83"}},{"type":"Feature","geometry":{"type":"LineString","coordinates":[[7.592,47.548],[7.552241337599999,47.4778851136],[7.511128230400001,47.40920413440001],[7.4686606784,47.3419570624],[7.424838681599998,47.276143897599994],[7.379662240000001,47.21176464000001],[7.333131353600002,47.148819289600006],[7.285246022399999,47.0873078464],[7.236006246400001,47.0272303104],[7.185412025600001,46.9685866816],[7.13346336,46.911376960000005],[7.0801602496,46.85560114559999],[7.0255026944,46.80125923839999],[6.9694906944,46.748351238400005],[6.912124249600001,46.6968771456],[6.853403360000001,46.64683696],[6.7933280256,46.5982306816],[6.7318982464,46.5510583104],[6.6691140224000005,46.5053198464],[6.6049753536,46.4610152896],[6.53948224,46.418144639999994],[6.472634681600001,46.3767078976],[6.4044326784,46.3367050624],[6.334876230399999,46.298136134399996],[6.263965337599999,46.26100111359999],[6.191699999999999,46.2253]]},"properties":{}},{"type":"Feature","geometry":{"type":"LineString","coordinates":[[7.592,47.548],[7.552241337599999,47.4778851136],[7.511128230400001,47.40920413440001],[7.4686606784,47.3419570624],[7.424838681599998,47.276143897599994],[7.379662240000001,47.21176464000001],[7.333131353600002,47.148819289600006],[7.285246022399999,47.0873078464],[7.236006246400001,47.0272303104],[7.185412025600001,46.9685866816],[7.13346336,46.911376960000005],[7.0801602496,46.85560114559999],[7.0255026944,46.80125923839999],[6.9694906944,46.748351238400005],[6.912124249600001,46.6968771456],[6.853403360000001,46.64683696],[6.7933280256,46.5982306816],[6.7318982464,46.5510583104],[6.6691140224000005,46.5053198464],[6.6049753536,46.4610152896],[6.53948224,46.418144639999994],[6.472634681600001,46.3767078976],[6.4044326784,46.3367050624],[6.334876230399999,46.298136134399996],[6.263965337599999,46.26100111359999],[6.191699999999999,46.2253]]},"properties":{"_map_colour":"#A0525B","_k":"85"}},{"type":"Feature","geometry":{"type":"LineString","coordinates":[[-77.04,38.902],[-77.039824576,38.90214144],[-77.03964710400001,38.90227776],[-77.039467584,38.90240896],[-77.03928601599999,38.90253504],[-77.03910240000002,38.90265600000001],[-77.038916736,38.90277184],[-77.038729024,38.90288256],[-77.038539264,38.90298816000001],[-77.038347456,38.90308864],[-77.0381536,38.90318400000001],[-77.03795769599999,38.90327424],[-77.03775974399998,38.903359359999996],[-77.03755974399999,38.90343936000001],[-77.037357696,38.90351424000001],[-77.03715360000001,38.903584],[-77.03694745600001,38.90364864],[-77.036739264,38.90370816000001],[-77.03652902399999,38.903762560000004],[-77.036316736,38.90381184],[-77.03610239999999,38.903856000000005],[-77.035886016,38.90389504000001],[-77.035667584,38.90392896],[-77.035447104,38.903957760000004],[-77.03522457599999,38.90398144],[-77.035,38.904]]},"properties":{}},{"type":"Feature","geometry":{"type":"LineString","coordinates":[[-77.04,38.902],[-77.039824576,38.90214144],[-77.03964710400001,38.90227776],[-77.039467584,38.90240896],[-77.03928601599999,38.90253504],[-77.03910240000002,38.90265600000001],[-77.038916736,38.90277184],[-77.038729024,38.90288256],[-77.038539264,38.90298816000001],[-77.038347456,38.90308864],[-77.0381536,38.90318400000001],[-77.03795769599999,38.90327424],[-77.03775974399998,38.903359359999996],[-77.03755974399999,38.90343936000001],[-77.037357696,38.90351424000001],[-77.03715360000001,38.903584],[-77.03694745600001,38.90364864],[-77.036739264,38.90370816000001],[-77.03652902399999,38.903762560000004],[-77.036316736,38.90381184],[-77.03610239999999,38.903856000000005],[-77.035886016,38.90389504000001],[-77.035667584,38.90392896],[-77.035447104,38.903957760000004],[-77.03522457599999,38.90398144],[-77.035,38.904]]},"properties":{"_map_colour":"#A0525B","_k":"87"}},{"type":"Feature","geometry":{"type":"LineString","coordinates":[[-77.043,38.9095],[-77.0429713984,38.909478144000005],[-77.04294351360001,38.909455776],[-77.0429163456,38.909432896],[-77.0428898944,38.909409503999996],[-77.04286416000002,38.9093856],[-77.0428391424,38.909361184000005],[-77.0428148416,38.909336255999996],[-77.0427912576,38.909310815999994],[-77.04276839040001,38.90928486399999],[-77.04274624000001,38.909258400000006],[-77.0427248064,38.909231424],[-77.0427040896,38.90920393599999],[-77.04268408960002,38.909175936000004],[-77.04266480640001,38.909147424],[-77.04264624000001,38.9091184],[-77.04262839040001,38.909088864],[-77.04261125760002,38.909058816],[-77.04259484159999,38.909028256],[-77.0425791424,38.908997184],[-77.04256416000001,38.9089656],[-77.04254989440001,38.908933504000004],[-77.04253634560001,38.908900896],[-77.0425235136,38.908867776],[-77.04251139840001,38.908834144],[-77.0425,38.9088]]},"properties":{}},{"type":"Feature","geometry":{"type":"LineString","coordinates":[[-77.043,38.9095],[-77.0429713984,38.909478144000005],[-77.04294351360001,38.909455776],[-77.0429163456,38.909432896],[-77.0428898944,38.909409503999996],[-77.04286416000002,38.9093856],[-77.0428391424,38.909361184000005],[-77.0428148416,38.909336255999996],[-77.0427912576,38.909310815999994],[-77.04276839040001,38.90928486399999],[-77.04274624000001,38.909258400000006],[-77.0427248064,38.909231424],[-77.0427040896,38.90920393599999],[-77.04268408960002,38.909175936000004],[-77.04266480640001,38.909147424],[-77.04264624000001,38.9091184],[-77.04262839040001,38.909088864],[-77.04261125760002,38.909058816],[-77.04259484159999,38.909028256],[-77.0425791424,38.908997184],[-77.04256416000001,38.9089656],[-77.04254989440001,38.908933504000004],[-77.04253634560001,38.908900896],[-77.0425235136,38.908867776],[-77.04251139840001,38.908834144],[-77.0425,38.9088]]},"properties":{"_map_colour":"#A0525B","_k":"89"}},{"type":"Feature","geometry":{"type":"LineString","coordinates":[[-77.043,38.9095],[-69.321624064,41.3292431872],[-61.59913145600001,43.5509761088],[-53.875522176000004,45.5746987648],[-46.150796224,47.4004111552],[-38.42495360000001,49.028113280000014],[-30.697994304,50.457805139200005],[-22.969918336,51.689486732800006],[-15.240725695999997,52.7231580608],[-7.510416384000004,53.5588191232],[0.22100959999998793,54.196469920000006],[7.953552255999993,54.636110451200004],[15.68721158399999,54.87774071679999],[23.421987583999986,54.9213607168],[31.15788025599999,54.7669704512],[38.8948896,54.414569920000005],[46.63301561600001,53.864159123200004],[54.37225830400002,53.1157380608],[62.11261766400001,52.1693067328],[69.85409369600004,51.0248651392],[77.59668640000004,49.68241327999999],[85.34039577600005,48.1419511552],[93.08522182400004,46.40347876479999],[100.83116454400006,44.46699610879999],[108.57822393600006,42.332503187199976],[116.32640000000005,39.999999999999986]]},"properties":{}},{"type":"Feature","geometry":{"type":"LineString","coordinates":[[-77.043,38.9095],[-69.321624064,41.3292431872],[-61.59913145600001,43.5509761088],[-53.875522176000004,45.5746987648],[-46.150796224,47.4004111552],[-38.42495360000001,49.028113280000014],[-30.697994304,50.457805139200005],[-22.969918336,51.689486732800006],[-15.240725695999997,52.7231580608],[-7.510416384000004,53.5588191232],[0.22100959999998793,54.196469920000006],[7.953552255999993,54.636110451200004],[15.68721158399999,54.87774071679999],[23.421987583999986,54.9213607168],[31.15788025599999,54.7669704512],[38.8948896,54.414569920000005],[46.63301561600001,53.864159123200004],[54.37225830400002,53.1157380608],[62.11261766400001,52.1693067328],[69.85409369600004,51.0248651392],[77.59668640000004,49.68241327999999],[85.34039577600005,48.1419511552],[93.08522182400004,46.40347876479999],[100.83116454400006,44.46699610879999],[108.57822393600006,42.332503187199976],[116.32640000000005,39.999999999999986]]},"properties":{"_map_colour":"#A0525B","_k":"91"}},{"type":"Feature","geometry":{"type":"LineString","coordinates":[[-77.023,38.883],[-77.023738048,38.883692544000006],[-77.02445459200001,38.884397376],[-77.02514963199998,38.885114496],[-77.02582316799999,38.885843904],[-77.02647520000001,38.88658560000001],[-77.02710572800001,38.887339584],[-77.027714752,38.888105856],[-77.02830227199999,38.888884416],[-77.02886828799998,38.889675264000005],[-77.0294128,38.890478400000006],[-77.02993580799999,38.891293824],[-77.03043731199999,38.892121536000005],[-77.030917312,38.89296153600001],[-77.03137580799999,38.893813824000006],[-77.0318128,38.894678400000004],[-77.032228288,38.89555526400001],[-77.032622272,38.89644441600001],[-77.032994752,38.897345856],[-77.033345728,38.898259584],[-77.03367519999999,38.8991856],[-77.03398316799999,38.900123904000004],[-77.03426963199999,38.90107449600001],[-77.034534592,38.902037376],[-77.03477804799999,38.903012544000006],[-77.035,38.904]]},"properties":{}},{"type":"Feature","geometry":{"type":"LineString","coordinates":[[-77.023,38.883],[-77.023738048,38.883692544000006],[-77.02445459200001,38.884397376],[-77.02514963199998,38.885114496],[-77.02582316799999,38.885843904],[-77.02647520000001,38.88658560000001],[-77.02710572800001,38.887339584],[-77.027714752,38.888105856],[-77.02830227199999,38.888884416],[-77.02886828799998,38.889675264000005],[-77.0294128,38.890478400000006],[-77.02993580799999,38.891293824],[-77.03043731199999,38.892121536000005],[-77.030917312,38.89296153600001],[-77.03137580799999,38.893813824000006],[-77.0318128,38.894678400000004],[-77.032228288,38.89555526400001],[-77.032622272,38.89644441600001],[-77.032994752,38.897345856],[-77.033345728,38.898259584],[-77.03367519999999,38.8991856],[-77.03398316799999,38.900123904000004],[-77.03426963199999,38.90107449600001],[-77.034534592,38.902037376],[-77.03477804799999,38.903012544000006],[-77.035,38.904]]},"properties":{"_map_colour":"#A0525B","_k":"93"}},{"type":"Feature","geometry":{"type":"LineString","coordinates":[[-73.9662,40.769],[-74.0661632192,40.65658112],[-74.16803783680001,40.547308480000005],[-74.2718238528,40.44118208],[-74.3775212672,40.33820191999999],[-74.48513008000002,40.23836800000001],[-74.59465029120001,40.14168032],[-74.70608190080002,40.04813888],[-74.8194249088,39.95774368],[-74.93467931520001,39.87049472],[-75.05184512000002,39.786392000000006],[-75.1709223232,39.70543552],[-75.29191092479999,39.62762528],[-75.41481092480001,39.552961280000005],[-75.5396223232,39.48144352],[-75.66634512,39.413072],[-75.79497931520001,39.34784672],[-75.92552490880001,39.285767680000006],[-76.0579819008,39.22683488],[-76.19235029120001,39.171048320000004],[-76.32863008000001,39.118408],[-76.4668212672,39.06891392],[-76.60692385280001,39.022566080000004],[-76.74893783680001,38.97936448],[-76.8928632192,38.93930912],[-77.0387,38.9024]]},"properties":{}},{"type":"Feature","geometry":{"type":"LineString","coordinates":[[-73.9662,40.769],[-74.0661632192,40.65658112],[-74.16803783680001,40.547308480000005],[-74.2718238528,40.44118208],[-74.3775212672,40.33820191999999],[-74.48513008000002,40.23836800000001],[-74.59465029120001,40.14168032],[-74.70608190080002,40.04813888],[-74.8194249088,39.95774368],[-74.93467931520001,39.87049472],[-75.05184512000002,39.786392000000006],[-75.1709223232,39.70543552],[-75.29191092479999,39.62762528],[-75.41481092480001,39.552961280000005],[-75.5396223232,39.48144352],[-75.66634512,39.413072],[-75.79497931520001,39.34784672],[-75.92552490880001,39.285767680000006],[-76.0579819008,39.22683488],[-76.19235029120001,39.171048320000004],[-76.32863008000001,39.118408],[-76.4668212672,39.06891392],[-76.60692385280001,39.022566080000004],[-76.74893783680001,38.97936448],[-76.8928632192,38.93930912],[-77.0387,38.9024]]},"properties":{"_map_colour":"#A0525B","_k":"95"}},{"type":"Feature","geometry":{"type":"LineString","coordinates":[[-73.9662,40.769],[-73.8721041216,40.868086131199995],[-73.77636656640001,40.964259084800005],[-73.6789873344,41.0575188608],[-73.57996642559999,41.14786545919999],[-73.47930384000001,41.23529888000001],[-73.3769995776,41.319819123200006],[-73.2730536384,41.4014261888],[-73.16746602239999,41.48012007679999],[-73.0602367296,41.5559007872],[-72.95136576000002,41.628768320000006],[-72.8408531136,41.6987226752],[-72.72869879039999,41.76576385279999],[-72.61490279040001,41.8298918528],[-72.4994651136,41.8911066752],[-72.38238576,41.94940832],[-72.26366472960001,42.0047967872],[-72.14330202240001,42.057272076800004],[-72.0212976384,42.1068341888],[-71.89765157760002,42.153483123200004],[-71.77236384000001,42.19721888],[-71.6454344256,42.2380414592],[-71.5168633344,42.2759508608],[-71.38665056640001,42.3109470848],[-71.25479612160001,42.343030131199995],[-71.1213,42.3722]]},"properties":{}},{"type":"Feature","geometry":{"type":"LineString","coordinates":[[-73.9662,40.769],[-73.8721041216,40.868086131199995],[-73.77636656640001,40.964259084800005],[-73.6789873344,41.0575188608],[-73.57996642559999,41.14786545919999],[-73.47930384000001,41.23529888000001],[-73.3769995776,41.319819123200006],[-73.2730536384,41.4014261888],[-73.16746602239999,41.48012007679999],[-73.0602367296,41.5559007872],[-72.95136576000002,41.628768320000006],[-72.8408531136,41.6987226752],[-72.72869879039999,41.76576385279999],[-72.61490279040001,41.8298918528],[-72.4994651136,41.8911066752],[-72.38238576,41.94940832],[-72.26366472960001,42.0047967872],[-72.14330202240001,42.057272076800004],[-72.0212976384,42.1068341888],[-71.89765157760002,42.153483123200004],[-71.77236384000001,42.19721888],[-71.6454344256,42.2380414592],[-71.5168633344,42.2759508608],[-71.38665056640001,42.3109470848],[-71.25479612160001,42.343030131199995],[-71.1213,42.3722]]},"properties":{"_map_colour":"#A0525B","_k":"97"}},{"type":"Feature","geometry":{"type":"LineString","coordinates":[[-73.9662,40.769],[-66.345046528,43.076555468799995],[-58.724680512000006,45.189251315199996],[-51.105101952,47.1070875392],[-43.48631084799999,48.83006414079999],[-35.86830720000001,50.358181120000005],[-28.251091008,51.6914384768],[-20.634662271999993,52.8298362112],[-13.019020991999996,53.7733743232],[-5.4041671680000025,54.5220528128],[2.2098991999999917,55.075871680000006],[9.823178111999995,55.434830924799996],[17.435669567999994,55.598930547199984],[25.04737356799999,55.5681705472],[32.658290111999996,55.3425509248],[40.2684192,54.92207168],[47.87776083200001,54.3067328128],[55.48631500800002,53.4965343232],[63.09408172800001,52.4914762112],[70.70106099200002,51.2915584768],[78.30725280000003,49.89678112],[85.91265715200005,48.30714414079999],[93.51727404800005,46.522647539199994],[101.12110348800006,44.54329131519999],[108.72414547200006,42.36907546879998],[116.32640000000005,39.999999999999986]]},"properties":{}},{"type":"Feature","geometry":{"type":"LineString","coordinates":[[-73.9662,40.769],[-66.345046528,43.076555468799995],[-58.724680512000006,45.189251315199996],[-51.105101952,47.1070875392],[-43.48631084799999,48.83006414079999],[-35.86830720000001,50.358181120000005],[-28.251091008,51.6914384768],[-20.634662271999993,52.8298362112],[-13.019020991999996,53.7733743232],[-5.4041671680000025,54.5220528128],[2.2098991999999917,55.075871680000006],[9.823178111999995,55.434830924799996],[17.435669567999994,55.598930547199984],[25.04737356799999,55.5681705472],[32.658290111999996,55.3425509248],[40.2684192,54.92207168],[47.87776083200001,54.3067328128],[55.48631500800002,53.4965343232],[63.09408172800001,52.4914762112],[70.70106099200002,51.2915584768],[78.30725280000003,49.89678112],[85.91265715200005,48.30714414079999],[93.51727404800005,46.522647539199994],[101.12110348800006,44.54329131519999],[108.72414547200006,42.36907546879998],[116.32640000000005,39.999999999999986]]},"properties":{"_map_colour":"#A0525B","_k":"99"}},{"type":"Feature","geometry":{"type":"LineString","coordinates":[[-0.1358,51.5074],[-0.19192904320000004,51.50630570879999],[-0.24768033280000007,51.5065322752],[-0.3030538688000001,51.508079699199996],[-0.35804965120000015,51.51094798079999],[-0.41266768000000026,51.515137120000006],[-0.4669079552000002,51.5206471168],[-0.5207704768000002,51.5274779712],[-0.5742552448000002,51.53562968319999],[-0.6273622592000002,51.5451022528],[-0.6800915200000003,51.555895680000006],[-0.7324430272000002,51.5680099648],[-0.7844167808000001,51.5814451072],[-0.8360127808000002,51.5962011072],[-0.8872310272000001,51.6122779648],[-0.9380715200000002,51.62967567999999],[-0.9885342592000003,51.6483942528],[-1.0386192448000002,51.6684336832],[-1.0883264768000003,51.689793971200004],[-1.1376559552000003,51.71247511680001],[-1.1866076800000003,51.73647712],[-1.2351816512000005,51.761799980800006],[-1.2833778688000004,51.7884436992],[-1.3311963328000003,51.8164082752],[-1.3786370432000004,51.8456937088],[-1.4257000000000002,51.8763]]},"properties":{}},{"type":"Feature","geometry":{"type":"LineString","coordinates":[[-0.1358,51.5074],[-0.19192904320000004,51.50630570879999],[-0.24768033280000007,51.5065322752],[-0.3030538688000001,51.508079699199996],[-0.35804965120000015,51.51094798079999],[-0.41266768000000026,51.515137120000006],[-0.4669079552000002,51.5206471168],[-0.5207704768000002,51.5274779712],[-0.5742552448000002,51.53562968319999],[-0.6273622592000002,51.5451022528],[-0.6800915200000003,51.555895680000006],[-0.7324430272000002,51.5680099648],[-0.7844167808000001,51.5814451072],[-0.8360127808000002,51.5962011072],[-0.8872310272000001,51.6122779648],[-0.9380715200000002,51.62967567999999],[-0.9885342592000003,51.6483942528],[-1.0386192448000002,51.6684336832],[-1.0883264768000003,51.689793971200004],[-1.1376559552000003,51.71247511680001],[-1.1866076800000003,51.73647712],[-1.2351816512000005,51.761799980800006],[-1.2833778688000004,51.7884436992],[-1.3311963328000003,51.8164082752],[-1.3786370432000004,51.8456937088],[-1.4257000000000002,51.8763]]},"properties":{"_map_colour":"#A0525B","_k":"101"}},{"type":"Feature","geometry":{"type":"LineString","coordinates":[[-77.0345,38.904],[-77.03451999999999,38.903993856],[-77.03454,38.903988224],[-77.03455999999998,38.903983104000005],[-77.03457999999998,38.903978496],[-77.03460000000001,38.90397440000001],[-77.03462,38.903970816000005],[-77.03464,38.903967744000006],[-77.03466,38.903965184],[-77.03468,38.903963136],[-77.0347,38.90396160000001],[-77.03472,38.903960576],[-77.03474,38.903960064],[-77.03476,38.90396006400001],[-77.03478,38.903960576],[-77.03479999999999,38.9039616],[-77.03482,38.903963136],[-77.03484,38.90396518400001],[-77.03486,38.903967744],[-77.03488,38.90397081600001],[-77.0349,38.9039744],[-77.03492,38.90397849600001],[-77.03494,38.903983104000005],[-77.03496,38.903988224],[-77.03497999999999,38.90399385600001],[-77.035,38.904]]},"properties":{}},{"type":"Feature","geometry":{"type":"LineString","coordinates":[[-77.0345,38.904],[-77.03451999999999,38.903993856],[-77.03454,38.903988224],[-77.03455999999998,38.903983104000005],[-77.03457999999998,38.903978496],[-77.03460000000001,38.90397440000001],[-77.03462,38.903970816000005],[-77.03464,38.903967744000006],[-77.03466,38.903965184],[-77.03468,38.903963136],[-77.0347,38.90396160000001],[-77.03472,38.903960576],[-77.03474,38.903960064],[-77.03476,38.90396006400001],[-77.03478,38.903960576],[-77.03479999999999,38.9039616],[-77.03482,38.903963136],[-77.03484,38.90396518400001],[-77.03486,38.903967744],[-77.03488,38.90397081600001],[-77.0349,38.9039744],[-77.03492,38.90397849600001],[-77.03494,38.903983104000005],[-77.03496,38.903988224],[-77.03497999999999,38.90399385600001],[-77.035,38.904]]},"properties":{"_map_colour":"#A0525B","_k":"103"}},{"type":"Feature","geometry":{"type":"LineString","coordinates":[[4.38,50.84],[4.3232600192,50.7357463936],[4.2644890368,50.6335692544],[4.203687052799999,50.533468582400005],[4.1408540672,50.43544437760001],[4.07599008,50.339496640000014],[4.009095091200001,50.245625369600006],[3.9401691008,50.1538305664],[3.8692121087999998,50.0641122304],[3.7962241152000002,49.9764703616],[3.7212051200000005,49.89090496000001],[3.6441551232000005,49.807416025600006],[3.5650741248,49.726003558399995],[3.4839621248000006,49.64666755840001],[3.4008191232000007,49.5694080256],[3.31564512,49.494224960000004],[3.2284401151999997,49.4211183616],[3.1392041088000004,49.350088230400004],[3.0479371007999996,49.2811345664],[2.9546390912,49.214257369600006],[2.85931008,49.14945664],[2.7619500672,49.0867323776],[2.6625590528,49.0260845824],[2.561137036799999,48.9675132544],[2.457684019199999,48.9110183936],[2.352199999999999,48.8566]]},"properties":{}},{"type":"Feature","geometry":{"type":"LineString","coordinates":[[4.38,50.84],[4.3232600192,50.7357463936],[4.2644890368,50.6335692544],[4.203687052799999,50.533468582400005],[4.1408540672,50.43544437760001],[4.07599008,50.339496640000014],[4.009095091200001,50.245625369600006],[3.9401691008,50.1538305664],[3.8692121087999998,50.0641122304],[3.7962241152000002,49.9764703616],[3.7212051200000005,49.89090496000001],[3.6441551232000005,49.807416025600006],[3.5650741248,49.726003558399995],[3.4839621248000006,49.64666755840001],[3.4008191232000007,49.5694080256],[3.31564512,49.494224960000004],[3.2284401151999997,49.4211183616],[3.1392041088000004,49.350088230400004],[3.0479371007999996,49.2811345664],[2.9546390912,49.214257369600006],[2.85931008,49.14945664],[2.7619500672,49.0867323776],[2.6625590528,49.0260845824],[2.561137036799999,48.9675132544],[2.457684019199999,48.9110183936],[2.352199999999999,48.8566]]},"properties":{"_map_colour":"#A0525B","_k":"105"}},{"type":"Feature","geometry":{"type":"LineString","coordinates":[[-77.0387,38.9024],[-73.9867570048,40.2761559936],[-70.9246102592,41.5686476544],[-67.8522597632,42.779874982399996],[-64.76970551679999,43.90983797759999],[-61.67694752000001,44.95853664000001],[-58.573985772800015,45.925970969599994],[-55.4608202752,46.812140966399994],[-52.337451027200004,47.61704663039999],[-49.203878028800005,48.3406879616],[-46.060101280000005,48.98306496],[-42.9061207808,49.5441776256],[-39.7419365312,50.02402595839999],[-36.56754853120002,50.422609958399995],[-33.38295678080001,50.7399296256],[-30.188161280000003,50.97598495999999],[-26.9831620288,51.130775961599994],[-23.7679590272,51.204302630399994],[-20.542552275199995,51.1965649664],[-17.30694177279999,51.1075629696],[-14.061127519999989,50.93729664],[-10.805109516799986,50.6857659776],[-7.538887763199983,50.352970982399995],[-4.262462259199978,49.938911654399995],[-0.9758330047999757,49.44358799359999],[2.3210000000000184,48.86699999999999]]},"properties":{}},{"type":"Feature","geometry":{"type":"LineString","coordinates":[[-77.0387,38.9024],[-73.9867570048,40.2761559936],[-70.9246102592,41.5686476544],[-67.8522597632,42.779874982399996],[-64.76970551679999,43.90983797759999],[-61.67694752000001,44.95853664000001],[-58.573985772800015,45.925970969599994],[-55.4608202752,46.812140966399994],[-52.337451027200004,47.61704663039999],[-49.203878028800005,48.3406879616],[-46.060101280000005,48.98306496],[-42.9061207808,49.5441776256],[-39.7419365312,50.02402595839999],[-36.56754853120002,50.422609958399995],[-33.38295678080001,50.7399296256],[-30.188161280000003,50.97598495999999],[-26.9831620288,51.130775961599994],[-23.7679590272,51.204302630399994],[-20.542552275199995,51.1965649664],[-17.30694177279999,51.1075629696],[-14.061127519999989,50.93729664],[-10.805109516799986,50.6857659776],[-7.538887763199983,50.352970982399995],[-4.262462259199978,49.938911654399995],[-0.9758330047999757,49.44358799359999],[2.3210000000000184,48.86699999999999]]},"properties":{"_map_colour":"#A0525B","_k":"107"}},{"type":"Feature","geometry":{"type":"LineString","coordinates":[[-77.0387,38.9024],[-77.03893064319999,38.9026093056],[-77.0391547328,38.90282250240001],[-77.03937226880001,38.9030395904],[-77.0395832512,38.9032605696],[-77.03978768000002,38.903485440000004],[-77.0399855552,38.9037142016],[-77.0401768768,38.9039468544],[-77.04036164479999,38.904183398399994],[-77.04053985920001,38.9044238336],[-77.04071152,38.90466816000001],[-77.04087662720002,38.904916377599996],[-77.04103518080001,38.905168486399994],[-77.04118718080001,38.9054244864],[-77.0413326272,38.9056843776],[-77.04147152,38.90594816],[-77.04160385920001,38.9062158336],[-77.0417296448,38.9064873984],[-77.0418488768,38.9067628544],[-77.0419615552,38.90704220160001],[-77.04206768,38.90732544],[-77.04216725120001,38.907612569600005],[-77.0422602688,38.9079035904],[-77.0423467328,38.908198502400005],[-77.0424266432,38.9084973056],[-77.0425,38.9088]]},"properties":{}},{"type":"Feature","geometry":{"type":"LineString","coordinates":[[-77.0387,38.9024],[-77.03893064319999,38.9026093056],[-77.0391547328,38.90282250240001],[-77.03937226880001,38.9030395904],[-77.0395832512,38.9032605696],[-77.03978768000002,38.903485440000004],[-77.0399855552,38.9037142016],[-77.0401768768,38.9039468544],[-77.04036164479999,38.904183398399994],[-77.04053985920001,38.9044238336],[-77.04071152,38.90466816000001],[-77.04087662720002,38.904916377599996],[-77.04103518080001,38.905168486399994],[-77.04118718080001,38.9054244864],[-77.0413326272,38.9056843776],[-77.04147152,38.90594816],[-77.04160385920001,38.9062158336],[-77.0417296448,38.9064873984],[-77.0418488768,38.9067628544],[-77.0419615552,38.90704220160001],[-77.04206768,38.90732544],[-77.04216725120001,38.907612569600005],[-77.0422602688,38.9079035904],[-77.0423467328,38.908198502400005],[-77.0424266432,38.9084973056],[-77.0425,38.9088]]},"properties":{"_map_colour":"#A0525B","_k":"109"}},{"type":"Feature","geometry":{"type":"LineString","coordinates":[[-77.035,38.9],[-73.98185870079999,40.273773913599996],[-70.9185218432,41.5662553344],[-67.84498942719999,42.777444262399996],[-64.76126145279999,43.90734069759999],[-61.66733792000001,44.955944640000006],[-58.5632188288,45.923256089599995],[-55.44890417919999,46.809275046399996],[-52.32439397119999,47.61400151039999],[-49.1896882048,48.3374354816],[-46.044786880000004,48.97957696],[-42.8896899968,49.54042594559999],[-39.7243975552,50.019982438399985],[-36.54890955520001,50.418246438400004],[-33.3632259968,50.7352179456],[-30.16734688,50.970896960000005],[-26.961272204799993,51.12528348159999],[-23.74500197119999,51.19837751039999],[-20.51853617919999,51.1901790464],[-17.281874828799992,51.100688089600006],[-14.035017919999987,50.92990464],[-10.777965452799984,50.6778286976],[-7.510717427199982,50.3444602624],[-4.233273843199978,49.929799334399995],[-0.9456347007999759,49.433845913599995],[2.352200000000018,48.85659999999999]]},"properties":{}},{"type":"Feature","geometry":{"type":"LineString","coordinates":[[-77.035,38.9],[-73.98185870079999,40.273773913599996],[-70.9185218432,41.5662553344],[-67.84498942719999,42.777444262399996],[-64.76126145279999,43.90734069759999],[-61.66733792000001,44.955944640000006],[-58.5632188288,45.923256089599995],[-55.44890417919999,46.809275046399996],[-52.32439397119999,47.61400151039999],[-49.1896882048,48.3374354816],[-46.044786880000004,48.97957696],[-42.8896899968,49.54042594559999],[-39.7243975552,50.019982438399985],[-36.54890955520001,50.418246438400004],[-33.3632259968,50.7352179456],[-30.16734688,50.970896960000005],[-26.961272204799993,51.12528348159999],[-23.74500197119999,51.19837751039999],[-20.51853617919999,51.1901790464],[-17.281874828799992,51.100688089600006],[-14.035017919999987,50.92990464],[-10.777965452799984,50.6778286976],[-7.510717427199982,50.3444602624],[-4.233273843199978,49.929799334399995],[-0.9456347007999759,49.433845913599995],[2.352200000000018,48.85659999999999]]},"properties":{"_map_colour":"#A0525B","_k":"111"}},{"type":"Feature","geometry":{"type":"LineString","coordinates":[[-0.1149,51.5111],[4.659554828799999,50.78030949119999],[9.3826047552,49.9430845248],[14.0542497792,48.999425100799996],[18.674489900799998,47.94933121919999],[23.243325120000005,46.79280288],[27.7607554368,45.5298400832],[32.226780851200004,44.16044282880001],[36.641401363199996,42.6846111168],[41.004616972799994,41.1023449472],[45.31642768,39.41364432000001],[49.57683348479999,37.618509235199994],[53.78583438719999,35.7169396928],[57.943430387199996,33.708935692800004],[62.04962148479999,31.594497235200006],[66.10440768,29.37362432],[70.10778897280001,27.0463169472],[74.05976536320001,24.6125751168],[77.96033685120001,22.072398828799997],[81.80950343680001,19.425788083199993],[85.60726512000001,16.67274287999999],[89.35362190080002,13.813263219199987],[93.04857377920001,10.847349100799985],[96.69212075520002,7.77500052479998],[100.28426282880002,4.596217491199976],[103.82500000000002,1.3109999999999815]]},"properties":{}},{"type":"Feature","geometry":{"type":"LineString","coordinates":[[-0.1149,51.5111],[4.659554828799999,50.78030949119999],[9.3826047552,49.9430845248],[14.0542497792,48.999425100799996],[18.674489900799998,47.94933121919999],[23.243325120000005,46.79280288],[27.7607554368,45.5298400832],[32.226780851200004,44.16044282880001],[36.641401363199996,42.6846111168],[41.004616972799994,41.1023449472],[45.31642768,39.41364432000001],[49.57683348479999,37.618509235199994],[53.78583438719999,35.7169396928],[57.943430387199996,33.708935692800004],[62.04962148479999,31.594497235200006],[66.10440768,29.37362432],[70.10778897280001,27.0463169472],[74.05976536320001,24.6125751168],[77.96033685120001,22.072398828799997],[81.80950343680001,19.425788083199993],[85.60726512000001,16.67274287999999],[89.35362190080002,13.813263219199987],[93.04857377920001,10.847349100799985],[96.69212075520002,7.77500052479998],[100.28426282880002,4.596217491199976],[103.82500000000002,1.3109999999999815]]},"properties":{"_map_colour":"#A0525B","_k":"113"}},{"type":"Feature","geometry":{"type":"LineString","coordinates":[[7.753,48.582],[7.53221792,48.526651584],[7.311727680000001,48.476865536000005],[7.0915292800000005,48.432641856],[6.8716227199999995,48.393980543999994],[6.652008000000001,48.36088160000001],[6.43268512,48.333345023999996],[6.213654080000001,48.311370816],[5.99491488,48.294958976],[5.776467520000001,48.284109504],[5.558312000000002,48.27882240000001],[5.340448320000001,48.27909766399999],[5.12287648,48.284935295999986],[4.905596480000002,48.296335296],[4.68860832,48.313297664],[4.4719120000000006,48.3358224],[4.25550752,48.363909504],[4.03939488,48.397558976],[3.82357408,48.43677081599999],[3.60804512,48.481545024],[3.3928079999999996,48.5318816],[3.1778627199999994,48.587780544],[2.963209279999999,48.649241856],[2.748847679999999,48.716265535999995],[2.5347779199999985,48.78885158399999],[2.320999999999999,48.867]]},"properties":{}},{"type":"Feature","geometry":{"type":"LineString","coordinates":[[7.753,48.582],[7.53221792,48.526651584],[7.311727680000001,48.476865536000005],[7.0915292800000005,48.432641856],[6.8716227199999995,48.393980543999994],[6.652008000000001,48.36088160000001],[6.43268512,48.333345023999996],[6.213654080000001,48.311370816],[5.99491488,48.294958976],[5.776467520000001,48.284109504],[5.558312000000002,48.27882240000001],[5.340448320000001,48.27909766399999],[5.12287648,48.284935295999986],[4.905596480000002,48.296335296],[4.68860832,48.313297664],[4.4719120000000006,48.3358224],[4.25550752,48.363909504],[4.03939488,48.397558976],[3.82357408,48.43677081599999],[3.60804512,48.481545024],[3.3928079999999996,48.5318816],[3.1778627199999994,48.587780544],[2.963209279999999,48.649241856],[2.748847679999999,48.716265535999995],[2.5347779199999985,48.78885158399999],[2.320999999999999,48.867]]},"properties":{"_map_colour":"#A0525B","_k":"115"}},{"type":"Feature","geometry":{"type":"LineString","coordinates":[[2.321,48.867],[2.3206462720000003,48.86715398399999],[2.3202986880000003,48.867315136],[2.3199572479999997,48.867483455999995],[2.3196219519999994,48.86765894399999],[2.319292800000001,48.867841600000006],[2.318969792,48.868031424],[2.318652928,48.868228416],[2.318342208,48.86843257599999],[2.318037632,48.868643904],[2.3177392,48.868862400000005],[2.317446912,48.869088063999996],[2.317160768,48.86932089599999],[2.316880768,48.869560895999996],[2.3166069119999997,48.869808064],[2.3163392,48.870062399999995],[2.316077632,48.870323904],[2.315822208,48.87059257599999],[2.315572928,48.87086841599999],[2.315329792,48.871151424000004],[2.3150928,48.8714416],[2.3148619520000002,48.871738944],[2.314637248,48.872043456],[2.314418688,48.872355135999996],[2.314206272,48.872673983999995],[2.314,48.873]]},"properties":{}},{"type":"Feature","geometry":{"type":"LineString","coordinates":[[2.321,48.867],[2.3206462720000003,48.86715398399999],[2.3202986880000003,48.867315136],[2.3199572479999997,48.867483455999995],[2.3196219519999994,48.86765894399999],[2.319292800000001,48.867841600000006],[2.318969792,48.868031424],[2.318652928,48.868228416],[2.318342208,48.86843257599999],[2.318037632,48.868643904],[2.3177392,48.868862400000005],[2.317446912,48.869088063999996],[2.317160768,48.86932089599999],[2.316880768,48.869560895999996],[2.3166069119999997,48.869808064],[2.3163392,48.870062399999995],[2.316077632,48.870323904],[2.315822208,48.87059257599999],[2.315572928,48.87086841599999],[2.315329792,48.871151424000004],[2.3150928,48.8714416],[2.3148619520000002,48.871738944],[2.314637248,48.872043456],[2.314418688,48.872355135999996],[2.314206272,48.872673983999995],[2.314,48.873]]},"properties":{"_map_colour":"#A0525B","_k":"117"}},{"type":"Feature","geometry":{"type":"LineString","coordinates":[[11.5735,48.1403],[11.1958461056,48.055640665599995],[10.818925702400001,47.98042394240001],[10.4427387904,47.9146498304],[10.067285369599999,47.858318329599996],[9.692565440000001,47.81142944000002],[9.3185790016,47.77398316160001],[8.9453260544,47.745979494400004],[8.572806598399998,47.7274184384],[8.201020633599999,47.718299993600006],[7.829968160000001,47.71862416000001],[7.459649177599999,47.7283909376],[7.090063686399999,47.7476003264],[6.7212116864,47.776252326400005],[6.353093177600001,47.81434693760001],[5.98570816,47.86188416],[5.6190566336,47.9188639936],[5.2531385984,47.9852864384],[4.887954054399999,48.06115149440001],[4.523503001599999,48.146459161600006],[4.1597854399999985,48.241209440000006],[3.796801369599998,48.345402329600006],[3.4345507903999977,48.45903783040001],[3.0730337023999974,48.5821159424],[2.712250105599997,48.714636665600004],[2.3521999999999976,48.8566]]},"properties":{}},{"type":"Feature","geometry":{"type":"LineString","coordinates":[[11.5735,48.1403],[11.1958461056,48.055640665599995],[10.818925702400001,47.98042394240001],[10.4427387904,47.9146498304],[10.067285369599999,47.858318329599996],[9.692565440000001,47.81142944000002],[9.3185790016,47.77398316160001],[8.9453260544,47.745979494400004],[8.572806598399998,47.7274184384],[8.201020633599999,47.718299993600006],[7.829968160000001,47.71862416000001],[7.459649177599999,47.7283909376],[7.090063686399999,47.7476003264],[6.7212116864,47.776252326400005],[6.353093177600001,47.81434693760001],[5.98570816,47.86188416],[5.6190566336,47.9188639936],[5.2531385984,47.9852864384],[4.887954054399999,48.06115149440001],[4.523503001599999,48.146459161600006],[4.1597854399999985,48.241209440000006],[3.796801369599998,48.345402329600006],[3.4345507903999977,48.45903783040001],[3.0730337023999974,48.5821159424],[2.712250105599997,48.714636665600004],[2.3521999999999976,48.8566]]},"properties":{"_map_colour":"#A0525B","_k":"119"}},{"type":"Feature","geometry":{"type":"LineString","coordinates":[[-77.035,38.904],[-73.79589613439998,40.21954168959999],[-70.5492952576,41.44985923840001],[-67.29519736959999,42.594952646399996],[-64.03360247039998,43.6548219136],[-60.76451056000001,44.62946704000001],[-57.487921638399996,45.5188880256],[-54.20383570559999,46.3230848704],[-50.91225276159999,47.0420575744],[-47.6131728064,47.6758061376],[-44.30659584000001,48.224330560000006],[-40.9925218624,48.6876308416],[-37.6709508736,49.065706982399995],[-34.34188287360001,49.358558982400005],[-31.005317862400005,49.5661868416],[-27.66125584,49.688590559999994],[-24.309696806399998,49.725770137599994],[-20.950640761599995,49.6777255744],[-17.584087705599995,49.5444568704],[-14.210037638399989,49.3259640256],[-10.828490559999986,49.022247039999996],[-7.439446470399983,48.6333059136],[-4.04290536959998,48.1591406464],[-0.6388672575999772,47.59975123839999],[2.7726678656000256,46.95513768959999],[6.191700000000019,46.2253]]},"properties":{}},{"type":"Feature","geometry":{"type":"LineString","coordinates":[[-77.035,38.904],[-73.79589613439998,40.21954168959999],[-70.5492952576,41.44985923840001],[-67.29519736959999,42.594952646399996],[-64.03360247039998,43.6548219136],[-60.76451056000001,44.62946704000001],[-57.487921638399996,45.5188880256],[-54.20383570559999,46.3230848704],[-50.91225276159999,47.0420575744],[-47.6131728064,47.6758061376],[-44.30659584000001,48.224330560000006],[-40.9925218624,48.6876308416],[-37.6709508736,49.065706982399995],[-34.34188287360001,49.358558982400005],[-31.005317862400005,49.5661868416],[-27.66125584,49.688590559999994],[-24.309696806399998,49.725770137599994],[-20.950640761599995,49.6777255744],[-17.584087705599995,49.5444568704],[-14.210037638399989,49.3259640256],[-10.828490559999986,49.022247039999996],[-7.439446470399983,48.6333059136],[-4.04290536959998,48.1591406464],[-0.6388672575999772,47.59975123839999],[2.7726678656000256,46.95513768959999],[6.191700000000019,46.2253]]},"properties":{"_map_colour":"#A0525B","_k":"121"}},{"type":"Feature","geometry":{"type":"LineString","coordinates":[[116.3264,40],[111.8445155136,38.89567680639999],[107.3690057344,37.9041315456],[102.8998706624,37.0253642176],[98.43711029759999,36.25937482239999],[93.98072464000003,35.60616336000001],[89.5307136896,35.0657298304],[85.0870774464,34.6380742336],[80.6498159104,34.32319656959999],[76.21892908160001,34.1210968384],[71.79441696000002,34.03177504000001],[67.3762795456,34.0552311744],[62.964516838399994,34.19146524159999],[58.559128838400014,34.4404772416],[54.16011554560001,34.8022671744],[49.767476959999996,35.27683504],[45.3812130816,35.864180838399996],[41.00132391039999,36.5643045696],[36.62780944639999,37.3772062336],[32.260669689599986,38.3028858304],[27.89990463999998,39.34134336],[23.54551429759998,40.492578822400006],[19.197498662399976,41.75659221760001],[14.85585773439997,43.133383545600005],[10.520591513599967,44.6229528064],[6.191699999999976,46.225300000000004]]},"properties":{}},{"type":"Feature","geometry":{"type":"LineString","coordinates":[[116.3264,40],[111.8445155136,38.89567680639999],[107.3690057344,37.9041315456],[102.8998706624,37.0253642176],[98.43711029759999,36.25937482239999],[93.98072464000003,35.60616336000001],[89.5307136896,35.0657298304],[85.0870774464,34.6380742336],[80.6498159104,34.32319656959999],[76.21892908160001,34.1210968384],[71.79441696000002,34.03177504000001],[67.3762795456,34.0552311744],[62.964516838399994,34.19146524159999],[58.559128838400014,34.4404772416],[54.16011554560001,34.8022671744],[49.767476959999996,35.27683504],[45.3812130816,35.864180838399996],[41.00132391039999,36.5643045696],[36.62780944639999,37.3772062336],[32.260669689599986,38.3028858304],[27.89990463999998,39.34134336],[23.54551429759998,40.492578822400006],[19.197498662399976,41.75659221760001],[14.85585773439997,43.133383545600005],[10.520591513599967,44.6229528064],[6.191699999999976,46.225300000000004]]},"properties":{"_map_colour":"#A0525B","_k":"123"}},{"type":"Feature","geometry":{"type":"LineString","coordinates":[[-77.0364,38.9036],[-78.2317964096,38.549143353599995],[-79.4268941184,38.225197094399995],[-80.62169312639999,37.9317612224],[-81.81619343359999,37.66883573759999],[-83.01039504000002,37.43642064000001],[-84.2042979456,37.2345159296],[-85.3979021504,37.063121606399996],[-86.59120765440001,36.922237670399994],[-87.7842144576,36.811864121599996],[-88.97692256,36.73200096],[-90.1693319616,36.6826481856],[-91.36144266239998,36.66380579839999],[-92.55325466240001,36.6754737984],[-93.7447679616,36.7176521856],[-94.93598256000001,36.790340959999995],[-96.12689845759999,36.8935401216],[-97.31751565440001,37.027249670399996],[-98.5078341504,37.191469606400005],[-99.6978539456,37.386199929600004],[-100.88757504,37.61144064],[-102.07699743360001,37.8671917376],[-103.26612112640001,38.1534532224],[-104.45494611840002,38.47022509440001],[-105.64347240960001,38.81750735360001],[-106.8317,39.1953]]},"properties":{}},{"type":"Feature","geometry":{"type":"LineString","coordinates":[[-77.0364,38.9036],[-78.2317964096,38.549143353599995],[-79.4268941184,38.225197094399995],[-80.62169312639999,37.9317612224],[-81.81619343359999,37.66883573759999],[-83.01039504000002,37.43642064000001],[-84.2042979456,37.2345159296],[-85.3979021504,37.063121606399996],[-86.59120765440001,36.922237670399994],[-87.7842144576,36.811864121599996],[-88.97692256,36.73200096],[-90.1693319616,36.6826481856],[-91.36144266239998,36.66380579839999],[-92.55325466240001,36.6754737984],[-93.7447679616,36.7176521856],[-94.93598256000001,36.790340959999995],[-96.12689845759999,36.8935401216],[-97.31751565440001,37.027249670399996],[-98.5078341504,37.191469606400005],[-99.6978539456,37.386199929600004],[-100.88757504,37.61144064],[-102.07699743360001,37.8671917376],[-103.26612112640001,38.1534532224],[-104.45494611840002,38.47022509440001],[-105.64347240960001,38.81750735360001],[-106.8317,39.1953]]},"properties":{"_map_colour":"#A0525B","_k":"125"}},{"type":"Feature","geometry":{"type":"LineString","coordinates":[[-77.0364,38.9036],[-77.0367364992,38.903754899199996],[-77.0370669568,38.90391655679999],[-77.0373913728,38.9040849728],[-77.0377097472,38.90426014719999],[-77.03802208000002,38.90444208],[-77.03832837120001,38.9046307712],[-77.03862862080001,38.9048262208],[-77.0389228288,38.90502842879999],[-77.03921099520001,38.9052373952],[-77.03949312000002,38.905453120000004],[-77.03976920320001,38.905675603199995],[-77.0400392448,38.90590484479999],[-77.04030324480001,38.9061408448],[-77.04056120320001,38.9063836032],[-77.04081312000001,38.906633119999995],[-77.04105899520002,38.9068893952],[-77.04129882880001,38.9071524288],[-77.04153262080001,38.9074222208],[-77.04176037120001,38.9076987712],[-77.04198208000001,38.90798208],[-77.0421977472,38.9082721472],[-77.04240737280001,38.9085689728],[-77.0426109568,38.908872556800006],[-77.0428084992,38.909182899200005],[-77.043,38.9095]]},"properties":{}},{"type":"Feature","geometry":{"type":"LineString","coordinates":[[-77.0364,38.9036],[-77.0367364992,38.903754899199996],[-77.0370669568,38.90391655679999],[-77.0373913728,38.9040849728],[-77.0377097472,38.90426014719999],[-77.03802208000002,38.90444208],[-77.03832837120001,38.9046307712],[-77.03862862080001,38.9048262208],[-77.0389228288,38.90502842879999],[-77.03921099520001,38.9052373952],[-77.03949312000002,38.905453120000004],[-77.03976920320001,38.905675603199995],[-77.0400392448,38.90590484479999],[-77.04030324480001,38.9061408448],[-77.04056120320001,38.9063836032],[-77.04081312000001,38.906633119999995],[-77.04105899520002,38.9068893952],[-77.04129882880001,38.9071524288],[-77.04153262080001,38.9074222208],[-77.04176037120001,38.9076987712],[-77.04198208000001,38.90798208],[-77.0421977472,38.9082721472],[-77.04240737280001,38.9085689728],[-77.0426109568,38.908872556800006],[-77.0428084992,38.909182899200005],[-77.043,38.9095]]},"properties":{"_map_colour":"#A0525B","_k":"127"}},{"type":"Feature","geometry":{"type":"LineString","coordinates":[[-77.0364,38.9036],[-76.936975232,39.01519246719999],[-76.83565452799999,39.12365722879999],[-76.73243788799999,39.228994284799995],[-76.627325312,39.3312036352],[-76.52031680000002,39.43028528],[-76.411412352,39.526239219199994],[-76.300611968,39.6190654528],[-76.18791564799997,39.70876398079999],[-76.07332339199999,39.79533480319999],[-75.9568352,39.87877792],[-75.838451072,39.959093331199995],[-75.71817100799998,40.03628103679999],[-75.59599500799999,40.110341036799994],[-75.471923072,40.181273331199996],[-75.34595519999999,40.24907792],[-75.21809139199999,40.3137548032],[-75.088331648,40.3753039808],[-74.95667596799998,40.43372545279999],[-74.82312435200001,40.4890192192],[-74.68767679999999,40.54118528],[-74.55033331199999,40.590223635200005],[-74.411093888,40.6361342848],[-74.269958528,40.6789172288],[-74.126927232,40.7185724672],[-73.982,40.7551]]},"properties":{}},{"type":"Feature","geometry":{"type":"LineString","coordinates":[[-77.0364,38.9036],[-76.936975232,39.01519246719999],[-76.83565452799999,39.12365722879999],[-76.73243788799999,39.228994284799995],[-76.627325312,39.3312036352],[-76.52031680000002,39.43028528],[-76.411412352,39.526239219199994],[-76.300611968,39.6190654528],[-76.18791564799997,39.70876398079999],[-76.07332339199999,39.79533480319999],[-75.9568352,39.87877792],[-75.838451072,39.959093331199995],[-75.71817100799998,40.03628103679999],[-75.59599500799999,40.110341036799994],[-75.471923072,40.181273331199996],[-75.34595519999999,40.24907792],[-75.21809139199999,40.3137548032],[-75.088331648,40.3753039808],[-74.95667596799998,40.43372545279999],[-74.82312435200001,40.4890192192],[-74.68767679999999,40.54118528],[-74.55033331199999,40.590223635200005],[-74.411093888,40.6361342848],[-74.269958528,40.6789172288],[-74.126927232,40.7185724672],[-73.982,40.7551]]},"properties":{"_map_colour":"#A0525B","_k":"129"}},{"type":"Feature","geometry":{"type":"LineString","coordinates":[[-77.0364,38.9036],[-76.93651403519999,39.01594261759999],[-76.83471790079999,39.1251413504],[-76.7310115968,39.23119619839999],[-76.6253951232,39.33410716159999],[-76.51786848000002,39.43387424],[-76.4084316672,39.53049743359999],[-76.29708468479998,39.62397674239999],[-76.1838275328,39.71431216639999],[-76.0686602112,39.80150370559999],[-75.95158272,39.88555136],[-75.8325950592,39.96645512959999],[-75.71169722879999,40.044215014399995],[-75.5888892288,40.118831014399994],[-75.4641710592,40.1903031296],[-75.33754272,40.258631359999995],[-75.2090042112,40.32381570559999],[-75.0785555328,40.385856166399996],[-74.9461966848,40.4447527424],[-74.8119276672,40.5005054336],[-74.67574848,40.55311424],[-74.5376591232,40.6025791616],[-74.3976595968,40.6489001984],[-74.2557499008,40.6920773504],[-74.1119300352,40.73211061759999],[-73.9662,40.769]]},"properties":{}},{"type":"Feature","geometry":{"type":"LineString","coordinates":[[-77.0364,38.9036],[-76.93651403519999,39.01594261759999],[-76.83471790079999,39.1251413504],[-76.7310115968,39.23119619839999],[-76.6253951232,39.33410716159999],[-76.51786848000002,39.43387424],[-76.4084316672,39.53049743359999],[-76.29708468479998,39.62397674239999],[-76.1838275328,39.71431216639999],[-76.0686602112,39.80150370559999],[-75.95158272,39.88555136],[-75.8325950592,39.96645512959999],[-75.71169722879999,40.044215014399995],[-75.5888892288,40.118831014399994],[-75.4641710592,40.1903031296],[-75.33754272,40.258631359999995],[-75.2090042112,40.32381570559999],[-75.0785555328,40.385856166399996],[-74.9461966848,40.4447527424],[-74.8119276672,40.5005054336],[-74.67574848,40.55311424],[-74.5376591232,40.6025791616],[-74.3976595968,40.6489001984],[-74.2557499008,40.6920773504],[-74.1119300352,40.73211061759999],[-73.9662,40.769]]},"properties":{"_map_colour":"#A0525B","_k":"131"}},{"type":"Feature","geometry":{"type":"LineString","coordinates":[[-77.0364,38.9036],[-77.03597061119999,38.90339921919999],[-77.03554900479999,38.9031898368],[-77.0351351808,38.90297185279999],[-77.0347291392,38.90274526719999],[-77.03433088000001,38.902510080000006],[-77.0339404032,38.90226629119999],[-77.0335577088,38.90201390079999],[-77.03318279679999,38.90175290879999],[-77.0328156672,38.90148331519999],[-77.03245632000001,38.90120512],[-77.0321047552,38.900918323199996],[-77.0317609728,38.90062292479999],[-77.03142497280001,38.9003189248],[-77.03109675520001,38.900006323199996],[-77.03077632,38.89968512],[-77.0304636672,38.8993553152],[-77.03015879680001,38.89901690879999],[-77.02986170880001,38.898669900799995],[-77.0295724032,38.8983142912],[-77.02929088,38.89795008],[-77.02901713920001,38.8975772672],[-77.02875118080001,38.8971958528],[-77.02849300480001,38.8968058368],[-77.0282426112,38.8964072192],[-77.028,38.896]]},"properties":{}},{"type":"Feature","geometry":{"type":"LineString","coordinates":[[-77.0364,38.9036],[-77.03597061119999,38.90339921919999],[-77.03554900479999,38.9031898368],[-77.0351351808,38.90297185279999],[-77.0347291392,38.90274526719999],[-77.03433088000001,38.902510080000006],[-77.0339404032,38.90226629119999],[-77.0335577088,38.90201390079999],[-77.03318279679999,38.90175290879999],[-77.0328156672,38.90148331519999],[-77.03245632000001,38.90120512],[-77.0321047552,38.900918323199996],[-77.0317609728,38.90062292479999],[-77.03142497280001,38.9003189248],[-77.03109675520001,38.900006323199996],[-77.03077632,38.89968512],[-77.0304636672,38.8993553152],[-77.03015879680001,38.89901690879999],[-77.02986170880001,38.898669900799995],[-77.0295724032,38.8983142912],[-77.02929088,38.89795008],[-77.02901713920001,38.8975772672],[-77.02875118080001,38.8971958528],[-77.02849300480001,38.8968058368],[-77.0282426112,38.8964072192],[-77.028,38.896]]},"properties":{"_map_colour":"#A0525B","_k":"133"}},{"type":"Feature","geometry":{"type":"LineString","coordinates":[[-77.0364,38.9036],[-73.6055045696,40.36190645119999],[-70.1651507584,41.7294763648],[-66.71533856639999,43.0063097408],[-63.25606799359999,44.19240657919999],[-59.787339040000006,45.28776688000001],[-56.3091517056,46.2923906432],[-52.8215059904,47.2062778688],[-49.32440189439999,48.0294285568],[-45.817839417600005,48.761842707199996],[-42.301818560000015,49.403520320000005],[-38.776339321600005,49.9544613952],[-35.241401702400005,50.41466593279999],[-31.697005702400006,50.7841339328],[-28.1431513216,51.0628653952],[-24.57983856,51.25086032],[-21.0070674176,51.3481187072],[-17.424837894399992,51.35464055680001],[-13.833149990399995,51.270425868800004],[-10.232003705599992,51.095474643200006],[-6.621399039999988,50.82978688],[-3.0013359935999837,50.4733625792],[0.6281854336000201,50.0262017408],[4.267165241600022,49.4883043648],[7.915603430400027,48.859670451199996],[11.57350000000002,48.140299999999996]]},"properties":{}},{"type":"Feature","geometry":{"type":"LineString","coordinates":[[-77.0364,38.9036],[-73.6055045696,40.36190645119999],[-70.1651507584,41.7294763648],[-66.71533856639999,43.0063097408],[-63.25606799359999,44.19240657919999],[-59.787339040000006,45.28776688000001],[-56.3091517056,46.2923906432],[-52.8215059904,47.2062778688],[-49.32440189439999,48.0294285568],[-45.817839417600005,48.761842707199996],[-42.301818560000015,49.403520320000005],[-38.776339321600005,49.9544613952],[-35.241401702400005,50.41466593279999],[-31.697005702400006,50.7841339328],[-28.1431513216,51.0628653952],[-24.57983856,51.25086032],[-21.0070674176,51.3481187072],[-17.424837894399992,51.35464055680001],[-13.833149990399995,51.270425868800004],[-10.232003705599992,51.095474643200006],[-6.621399039999988,50.82978688],[-3.0013359935999837,50.4733625792],[0.6281854336000201,50.0262017408],[4.267165241600022,49.4883043648],[7.915603430400027,48.859670451199996],[11.57350000000002,48.140299999999996]]},"properties":{"_map_colour":"#A0525B","_k":"135"}},{"type":"Feature","geometry":{"type":"LineString","coordinates":[[-77.0364,38.9036],[-74.1630905536,40.3489935296],[-71.27661789439999,41.7167865984],[-68.3769820224,43.0069792064],[-65.4641829376,44.21957135359999],[-62.53822064000001,45.35456304000001],[-59.5990951296,46.4119542656],[-56.646806406399996,47.391745030399996],[-53.681354470399995,48.2939353344],[-50.702739321600006,49.118525177600006],[-47.710960960000016,49.86551456000001],[-44.70601938560001,50.5349034816],[-41.687914598400006,51.126691942399994],[-38.65664659840001,51.640879942400005],[-35.6122153856,52.0774674816],[-32.55462096,52.43645456],[-29.4838633216,52.71784117760001],[-26.3999424704,52.9216273344],[-23.302858406399995,53.0478130304],[-20.192611129599996,53.0963982656],[-17.06920063999999,53.067383039999996],[-13.932626937599988,52.9607673536],[-10.782890022399984,52.7765512064],[-7.619989894399979,52.5147345984],[-4.443926553599976,52.175317529599994],[-1.2546999999999824,51.75829999999999]]},"properties":{}},{"type":"Feature","geometry":{"type":"LineString","coordinates":[[-77.0364,38.9036],[-74.1630905536,40.3489935296],[-71.27661789439999,41.7167865984],[-68.3769820224,43.0069792064],[-65.4641829376,44.21957135359999],[-62.53822064000001,45.35456304000001],[-59.5990951296,46.4119542656],[-56.646806406399996,47.391745030399996],[-53.681354470399995,48.2939353344],[-50.702739321600006,49.118525177600006],[-47.710960960000016,49.86551456000001],[-44.70601938560001,50.5349034816],[-41.687914598400006,51.126691942399994],[-38.65664659840001,51.640879942400005],[-35.6122153856,52.0774674816],[-32.55462096,52.43645456],[-29.4838633216,52.71784117760001],[-26.3999424704,52.9216273344],[-23.302858406399995,53.0478130304],[-20.192611129599996,53.0963982656],[-17.06920063999999,53.067383039999996],[-13.932626937599988,52.9607673536],[-10.782890022399984,52.7765512064],[-7.619989894399979,52.5147345984],[-4.443926553599976,52.175317529599994],[-1.2546999999999824,51.75829999999999]]},"properties":{"_map_colour":"#A0525B","_k":"137"}},{"type":"Feature","geometry":{"type":"LineString","coordinates":[[-77.0364,38.9036],[-73.7972450496,40.21917489279999],[-70.5505926784,41.4495242112],[-67.2964428864,42.594647955199996],[-64.0347956736,43.65454612479999],[-60.765651040000016,44.62921872000001],[-57.4890089856,45.518665740799996],[-54.2048695104,46.322887187199996],[-50.913232614399995,47.04188305919999],[-47.6140982976,47.6756533568],[-44.307466560000016,48.22419808],[-40.99333740160001,48.68751722879999],[-37.6717108224,49.06561080319999],[-34.3425868224,49.3584788032],[-31.005965401600008,49.5661212288],[-27.661846560000004,49.68853808],[-24.3102302976,49.725729356799995],[-20.9511166144,49.6776950592],[-17.584505510399996,49.544435187199994],[-14.210396985599992,49.3259497408],[-10.82879103999999,49.02223871999999],[-7.439687673599985,48.6333021248],[-4.043086886399982,48.1591399552],[-0.6389886783999774,47.59975221119999],[2.7726069504000255,46.95513889279999],[6.191700000000019,46.2253]]},"properties":{}},{"type":"Feature","geometry":{"type":"LineString","coordinates":[[-77.0364,38.9036],[-73.7972450496,40.21917489279999],[-70.5505926784,41.4495242112],[-67.2964428864,42.594647955199996],[-64.0347956736,43.65454612479999],[-60.765651040000016,44.62921872000001],[-57.4890089856,45.518665740799996],[-54.2048695104,46.322887187199996],[-50.913232614399995,47.04188305919999],[-47.6140982976,47.6756533568],[-44.307466560000016,48.22419808],[-40.99333740160001,48.68751722879999],[-37.6717108224,49.06561080319999],[-34.3425868224,49.3584788032],[-31.005965401600008,49.5661212288],[-27.661846560000004,49.68853808],[-24.3102302976,49.725729356799995],[-20.9511166144,49.6776950592],[-17.584505510399996,49.544435187199994],[-14.210396985599992,49.3259497408],[-10.82879103999999,49.02223871999999],[-7.439687673599985,48.6333021248],[-4.043086886399982,48.1591399552],[-0.6389886783999774,47.59975221119999],[2.7726069504000255,46.95513889279999],[6.191700000000019,46.2253]]},"properties":{"_map_colour":"#A0525B","_k":"139"}},{"type":"Feature","geometry":{"type":"LineString","coordinates":[[9.079,45.842],[8.818083187200001,46.03842038399999],[8.5636361088,46.23953273600001],[8.3156587648,46.445337056],[8.0741511552,46.65583334399999],[7.839113280000002,46.871021600000006],[7.610545139200001,47.090901824],[7.3884467328,47.315474016],[7.172818060799999,47.544738175999996],[6.9636591232,47.778694304],[6.760969920000001,48.017342400000004],[6.5647504512,48.260682464],[6.375000716799999,48.508714495999996],[6.191720716800001,48.761438496],[6.0149104512,49.018854464],[5.8445699200000005,49.28096239999999],[5.6806991232,49.547762304],[5.5232980608,49.819254176],[5.3723667328,50.095438016],[5.2279051392,50.37631382400001],[5.089913279999999,50.6618816],[4.958391155199999,50.952141344000005],[4.8333387648,51.247093056000004],[4.7147561088,51.546736736],[4.602643187199998,51.851072384000005],[4.496999999999999,52.1601]]},"properties":{}},{"type":"Feature","geometry":{"type":"LineString","coordinates":[[9.079,45.842],[8.818083187200001,46.03842038399999],[8.5636361088,46.23953273600001],[8.3156587648,46.445337056],[8.0741511552,46.65583334399999],[7.839113280000002,46.871021600000006],[7.610545139200001,47.090901824],[7.3884467328,47.315474016],[7.172818060799999,47.544738175999996],[6.9636591232,47.778694304],[6.760969920000001,48.017342400000004],[6.5647504512,48.260682464],[6.375000716799999,48.508714495999996],[6.191720716800001,48.761438496],[6.0149104512,49.018854464],[5.8445699200000005,49.28096239999999],[5.6806991232,49.547762304],[5.5232980608,49.819254176],[5.3723667328,50.095438016],[5.2279051392,50.37631382400001],[5.089913279999999,50.6618816],[4.958391155199999,50.952141344000005],[4.8333387648,51.247093056000004],[4.7147561088,51.546736736],[4.602643187199998,51.851072384000005],[4.496999999999999,52.1601]]},"properties":{"_map_colour":"#A0525B","_k":"141"}},{"type":"Feature","geometry":{"type":"LineString","coordinates":[[9.19,45.464],[9.364441254399999,45.361692896],[9.535235737599999,45.25604038400001],[9.7023834496,45.147042464],[9.8658843904,45.03469913599999],[10.02573856,44.91901040000001],[10.1819459584,44.799976256],[10.3345065856,44.677596704],[10.4834204416,44.551871744],[10.628687526399998,44.422801376],[10.77030784,44.29038560000001],[10.908281382399998,44.154624416],[11.0426081536,44.01551782399999],[11.1732881536,43.873065824],[11.3003213824,43.727268416],[11.423707839999999,43.57812560000001],[11.5434475264,43.425637376],[11.6595404416,43.269803744],[11.7719865856,43.110624704],[11.8807859584,42.948100256000004],[11.985938560000001,42.7822304],[12.087444390400002,42.613015136],[12.185303449600001,42.440454464000005],[12.2795157376,42.264548384],[12.3700812544,42.085296896],[12.457,41.9027]]},"properties":{}},{"type":"Feature","geometry":{"type":"LineString","coordinates":[[9.19,45.464],[9.364441254399999,45.361692896],[9.535235737599999,45.25604038400001],[9.7023834496,45.147042464],[9.8658843904,45.03469913599999],[10.02573856,44.91901040000001],[10.1819459584,44.799976256],[10.3345065856,44.677596704],[10.4834204416,44.551871744],[10.628687526399998,44.422801376],[10.77030784,44.29038560000001],[10.908281382399998,44.154624416],[11.0426081536,44.01551782399999],[11.1732881536,43.873065824],[11.3003213824,43.727268416],[11.423707839999999,43.57812560000001],[11.5434475264,43.425637376],[11.6595404416,43.269803744],[11.7719865856,43.110624704],[11.8807859584,42.948100256000004],[11.985938560000001,42.7822304],[12.087444390400002,42.613015136],[12.185303449600001,42.440454464000005],[12.2795157376,42.264548384],[12.3700812544,42.085296896],[12.457,41.9027]]},"properties":{"_map_colour":"#A0525B","_k":"143"}},{"type":"Feature","geometry":{"type":"LineString","coordinates":[[9.19,45.464],[9.322464582399999,45.4163860672],[9.4528634496,45.36601562880001],[9.581196601599999,45.3128886848],[9.7074640384,45.25700523519999],[9.831665760000002,45.198365280000004],[9.9538017664,45.13696881919999],[10.0738720576,45.07281585279999],[10.1918766336,45.00590638079999],[10.3078154944,44.936240403199996],[10.421688640000001,44.86381792],[10.533496070399998,44.7886389312],[10.643237785599998,44.71070343679999],[10.750913785599998,44.6300114368],[10.856524070399999,44.54656293119999],[10.96006864,44.46035792],[11.0615474944,44.371396403199995],[11.1609606336,44.27967838079999],[11.2583080576,44.185203852799994],[11.3535897664,44.087972819200004],[11.44680576,43.98798528],[11.5379560384,43.8852412352],[11.627040601600001,43.779740684800004],[11.7140594496,43.6714836288],[11.7990125824,43.5604700672],[11.8819,43.4467]]},"properties":{}},{"type":"Feature","geometry":{"type":"LineString","coordinates":[[9.19,45.464],[9.322464582399999,45.4163860672],[9.4528634496,45.36601562880001],[9.581196601599999,45.3128886848],[9.7074640384,45.25700523519999],[9.831665760000002,45.198365280000004],[9.9538017664,45.13696881919999],[10.0738720576,45.07281585279999],[10.1918766336,45.00590638079999],[10.3078154944,44.936240403199996],[10.421688640000001,44.86381792],[10.533496070399998,44.7886389312],[10.643237785599998,44.71070343679999],[10.750913785599998,44.6300114368],[10.856524070399999,44.54656293119999],[10.96006864,44.46035792],[11.0615474944,44.371396403199995],[11.1609606336,44.27967838079999],[11.2583080576,44.185203852799994],[11.3535897664,44.087972819200004],[11.44680576,43.98798528],[11.5379560384,43.8852412352],[11.627040601600001,43.779740684800004],[11.7140594496,43.6714836288],[11.7990125824,43.5604700672],[11.8819,43.4467]]},"properties":{"_map_colour":"#A0525B","_k":"145"}},{"type":"Feature","geometry":{"type":"LineString","coordinates":[[-106.8317,39.1953],[-105.63612636159999,39.549806713600006],[-104.4408515264,39.87379853440001],[-103.2458754944,40.167275462400006],[-102.0511982656,40.4302374976],[-100.85681984000003,40.66268464000001],[-99.6627402176,40.86461688960001],[-98.4689593984,41.03603424640001],[-97.27547738239997,41.1769367104],[-96.0822941696,41.28732428160001],[-94.88940976,41.36719696000001],[-93.69682415359999,41.4165547456],[-92.50453735039999,41.4353976384],[-91.31254935039999,41.4237256384],[-90.1208601536,41.381538745600004],[-88.92946975999999,41.30883696],[-87.7383781696,41.205620281600005],[-86.5475853824,41.0718887104],[-85.35709139839999,40.9076422464],[-84.1668962176,40.71288088960001],[-82.97699983999999,40.48760464],[-81.7874022656,40.2318134976],[-80.5981034944,39.9455074624],[-79.40910352639999,39.6286865344],[-78.22040236159998,39.2813507136],[-77.03199999999998,38.903499999999994]]},"properties":{}},{"type":"Feature","geometry":{"type":"LineString","coordinates":[[-106.8317,39.1953],[-105.63612636159999,39.549806713600006],[-104.4408515264,39.87379853440001],[-103.2458754944,40.167275462400006],[-102.0511982656,40.4302374976],[-100.85681984000003,40.66268464000001],[-99.6627402176,40.86461688960001],[-98.4689593984,41.03603424640001],[-97.27547738239997,41.1769367104],[-96.0822941696,41.28732428160001],[-94.88940976,41.36719696000001],[-93.69682415359999,41.4165547456],[-92.50453735039999,41.4353976384],[-91.31254935039999,41.4237256384],[-90.1208601536,41.381538745600004],[-88.92946975999999,41.30883696],[-87.7383781696,41.205620281600005],[-86.5475853824,41.0718887104],[-85.35709139839999,40.9076422464],[-84.1668962176,40.71288088960001],[-82.97699983999999,40.48760464],[-81.7874022656,40.2318134976],[-80.5981034944,39.9455074624],[-79.40910352639999,39.6286865344],[-78.22040236159998,39.2813507136],[-77.03199999999998,38.903499999999994]]},"properties":{"_map_colour":"#A0525B","_k":"147"}},{"type":"Feature","geometry":{"type":"LineString","coordinates":[[-106.8317,39.1953],[-102.5378634624,41.0818990656],[-98.2307509696,42.854497542400004],[-93.9103625216,44.51309543040001],[-89.57669811839999,46.05769272959999],[-85.22975776000001,47.48828944000001],[-80.86954144639999,48.8048855616],[-76.4960491776,50.0074810944],[-72.10928095359999,51.09607603839999],[-67.70923677440001,52.070670393600004],[-63.29591664,52.931264160000005],[-58.8693205504,53.677857337599995],[-54.4294485056,54.31044992639999],[-49.97630050560001,54.829041926399995],[-45.50987655040001,55.2336333376],[-41.03017663999999,55.52422416],[-36.5372007744,55.7008143936],[-32.03094895359999,55.7634040384],[-27.511421177599992,55.7119930944],[-22.978617446399987,55.54658156160001],[-18.432537759999985,55.26716944],[-13.873182118399981,54.873756729600004],[-9.300550521599975,54.36634343039999],[-4.71464296959997,53.744929542399994],[-0.11545946239996674,53.00951506559999],[4.497000000000026,52.16009999999999]]},"properties":{}},{"type":"Feature","geometry":{"type":"LineString","coordinates":[[-106.8317,39.1953],[-102.5378634624,41.0818990656],[-98.2307509696,42.854497542400004],[-93.9103625216,44.51309543040001],[-89.57669811839999,46.05769272959999],[-85.22975776000001,47.48828944000001],[-80.86954144639999,48.8048855616],[-76.4960491776,50.0074810944],[-72.10928095359999,51.09607603839999],[-67.70923677440001,52.070670393600004],[-63.29591664,52.931264160000005],[-58.8693205504,53.677857337599995],[-54.4294485056,54.31044992639999],[-49.97630050560001,54.829041926399995],[-45.50987655040001,55.2336333376],[-41.03017663999999,55.52422416],[-36.5372007744,55.7008143936],[-32.03094895359999,55.7634040384],[-27.511421177599992,55.7119930944],[-22.978617446399987,55.54658156160001],[-18.432537759999985,55.26716944],[-13.873182118399981,54.873756729600004],[-9.300550521599975,54.36634343039999],[-4.71464296959997,53.744929542399994],[-0.11545946239996674,53.00951506559999],[4.497000000000026,52.16009999999999]]},"properties":{"_map_colour":"#A0525B","_k":"149"}},{"type":"Feature","geometry":{"type":"LineString","coordinates":[[-106.8317,39.1953],[-105.6355144576,39.5490973056],[-104.4396487104,39.8723705024],[-103.24410275839999,40.1651195904],[-102.04887660159999,40.4273445696],[-100.85397024000001,40.659045440000014],[-99.65938367359999,40.86022220160001],[-98.4651169024,41.030874854400004],[-97.27116992639998,41.171003398399996],[-96.07754274559998,41.2806078336],[-94.88423535999999,41.35968816000001],[-93.6912477696,41.4082443776],[-92.49857997439999,41.4262764864],[-91.30623197439999,41.413784486400004],[-90.11420376959998,41.37076837760001],[-88.92249535999998,41.29722816000001],[-87.73110674559999,41.1931638336],[-86.54003792639999,41.05857539840001],[-85.34928890239999,40.893462854400006],[-84.15885967359999,40.69782620160001],[-82.96875023999999,40.47166544000001],[-81.77896060159999,40.2149805696],[-80.58949075839999,39.927771590400006],[-79.40034071039999,39.6100385024],[-78.21151045759999,39.2617813056],[-77.02299999999998,38.882999999999996]]},"properties":{}},{"type":"Feature","geometry":{"type":"LineString","coordinates":[[-106.8317,39.1953],[-105.6355144576,39.5490973056],[-104.4396487104,39.8723705024],[-103.24410275839999,40.1651195904],[-102.04887660159999,40.4273445696],[-100.85397024000001,40.659045440000014],[-99.65938367359999,40.86022220160001],[-98.4651169024,41.030874854400004],[-97.27116992639998,41.171003398399996],[-96.07754274559998,41.2806078336],[-94.88423535999999,41.35968816000001],[-93.6912477696,41.4082443776],[-92.49857997439999,41.4262764864],[-91.30623197439999,41.413784486400004],[-90.11420376959998,41.37076837760001],[-88.92249535999998,41.29722816000001],[-87.73110674559999,41.1931638336],[-86.54003792639999,41.05857539840001],[-85.34928890239999,40.893462854400006],[-84.15885967359999,40.69782620160001],[-82.96875023999999,40.47166544000001],[-81.77896060159999,40.2149805696],[-80.58949075839999,39.927771590400006],[-79.40034071039999,39.6100385024],[-78.21151045759999,39.2617813056],[-77.02299999999998,38.882999999999996]]},"properties":{"_map_colour":"#A0525B","_k":"151"}},{"type":"Feature","geometry":{"type":"LineString","coordinates":[[-106.8317,39.1953],[-105.63623250559999,39.54979599360001],[-104.4410633024,39.8737796544],[-103.2461923904,40.167250982400006],[-102.05161976959998,40.43020997759999],[-100.85734544000002,40.66265664000001],[-99.6633694016,40.8645909696],[-98.4696916544,41.0360129664],[-97.27631219839998,41.1769226304],[-96.0832310336,41.287319961600005],[-94.89044816,41.36720496000001],[-93.69796357759999,41.416577625600006],[-92.50577728639999,41.4354379584],[-91.3138892864,41.4237859584],[-90.1222995776,41.381621625600005],[-88.93100816,41.308944960000005],[-87.74001503359999,41.205755961600005],[-86.5493201984,41.072054630400004],[-85.3589236544,40.9078409664],[-84.1688254016,40.7131149696],[-82.97902543999999,40.48787664],[-81.7895237696,40.232125977600006],[-80.60032039039999,39.9458629824],[-79.41141530239999,39.6290876544],[-78.22280850559999,39.2817999936],[-77.03449999999998,38.903999999999996]]},"properties":{}},{"type":"Feature","geometry":{"type":"LineString","coordinates":[[-106.8317,39.1953],[-105.63623250559999,39.54979599360001],[-104.4410633024,39.8737796544],[-103.2461923904,40.167250982400006],[-102.05161976959998,40.43020997759999],[-100.85734544000002,40.66265664000001],[-99.6633694016,40.8645909696],[-98.4696916544,41.0360129664],[-97.27631219839998,41.1769226304],[-96.0832310336,41.287319961600005],[-94.89044816,41.36720496000001],[-93.69796357759999,41.416577625600006],[-92.50577728639999,41.4354379584],[-91.3138892864,41.4237859584],[-90.1222995776,41.381621625600005],[-88.93100816,41.308944960000005],[-87.74001503359999,41.205755961600005],[-86.5493201984,41.072054630400004],[-85.3589236544,40.9078409664],[-84.1688254016,40.7131149696],[-82.97902543999999,40.48787664],[-81.7895237696,40.232125977600006],[-80.60032039039999,39.9458629824],[-79.41141530239999,39.6290876544],[-78.22280850559999,39.2817999936],[-77.03449999999998,38.903999999999996]]},"properties":{"_map_colour":"#A0525B","_k":"153"}},{"type":"Feature","geometry":{"type":"LineString","coordinates":[[-106.8317,39.1953],[-102.5263220736,41.02765736960001],[-98.20901997440001,42.7461339584],[-93.8797937024,44.3507297664],[-89.53864325759999,45.8414447936],[-85.18556864000001,47.21827904000001],[-80.82056984959999,48.481232505600005],[-76.4436468864,49.6303051904],[-72.0547997504,50.665497094399996],[-67.6540284416,51.58680821760001],[-63.24133296000001,52.39423856000001],[-58.8167133056,53.0877881216],[-54.3801694784,53.6674569024],[-49.93170147840001,54.13324490240001],[-45.47130930560001,54.4851521216],[-40.99899296,54.72317856000001],[-36.514752441599995,54.847324217600004],[-32.018587750399995,54.85758909440001],[-27.510498886399994,54.7539731904],[-22.990485849599988,54.53647650560001],[-18.458548639999986,54.20509904],[-13.914687257599981,53.759840793600006],[-9.358901702399976,53.2007017664],[-4.791191974399969,52.5276819584],[-0.21155807359996626,51.7407813696],[4.380000000000026,50.839999999999996]]},"properties":{}},{"type":"Feature","geometry":{"type":"LineString","coordinates":[[-106.8317,39.1953],[-102.5263220736,41.02765736960001],[-98.20901997440001,42.7461339584],[-93.8797937024,44.3507297664],[-89.53864325759999,45.8414447936],[-85.18556864000001,47.21827904000001],[-80.82056984959999,48.481232505600005],[-76.4436468864,49.6303051904],[-72.0547997504,50.665497094399996],[-67.6540284416,51.58680821760001],[-63.24133296000001,52.39423856000001],[-58.8167133056,53.0877881216],[-54.3801694784,53.6674569024],[-49.93170147840001,54.13324490240001],[-45.47130930560001,54.4851521216],[-40.99899296,54.72317856000001],[-36.514752441599995,54.847324217600004],[-32.018587750399995,54.85758909440001],[-27.510498886399994,54.7539731904],[-22.990485849599988,54.53647650560001],[-18.458548639999986,54.20509904],[-13.914687257599981,53.759840793600006],[-9.358901702399976,53.2007017664],[-4.791191974399969,52.5276819584],[-0.21155807359996626,51.7407813696],[4.380000000000026,50.839999999999996]]},"properties":{"_map_colour":"#A0525B","_k":"155"}},{"type":"Feature","geometry":{"type":"LineString","coordinates":[[-106.8317,39.1953],[-105.4423217472,39.7611853952],[-104.0496903488,40.29050334080001],[-102.6538058048,40.78325383680001],[-101.25466811519999,41.2394368832],[-99.85227728000002,41.65905248000001],[-98.4466332992,42.04210062720001],[-97.0377361728,42.3885813248],[-95.62558590079999,42.698494572799994],[-94.2101824832,42.9718403712],[-92.79152592000001,43.208618720000004],[-91.3696162112,43.4088296192],[-89.9444533568,43.572473068799994],[-88.51603735680001,43.6995490688],[-87.0843682112,43.7900576192],[-85.64944592,43.843998719999995],[-84.2112704832,43.8613723712],[-82.7698419008,43.8421785728],[-81.3251601728,43.7864173248],[-79.8772252992,43.6940886272],[-78.42603728,43.56519248],[-76.9715961152,43.3997288832],[-75.5139018048,43.1976978368],[-74.0529543488,42.959099340799995],[-72.5887537472,42.68393339519999],[-71.12129999999999,42.3722]]},"properties":{}},{"type":"Feature","geometry":{"type":"LineString","coordinates":[[-106.8317,39.1953],[-105.4423217472,39.7611853952],[-104.0496903488,40.29050334080001],[-102.6538058048,40.78325383680001],[-101.25466811519999,41.2394368832],[-99.85227728000002,41.65905248000001],[-98.4466332992,42.04210062720001],[-97.0377361728,42.3885813248],[-95.62558590079999,42.698494572799994],[-94.2101824832,42.9718403712],[-92.79152592000001,43.208618720000004],[-91.3696162112,43.4088296192],[-89.9444533568,43.572473068799994],[-88.51603735680001,43.6995490688],[-87.0843682112,43.7900576192],[-85.64944592,43.843998719999995],[-84.2112704832,43.8613723712],[-82.7698419008,43.8421785728],[-81.3251601728,43.7864173248],[-79.8772252992,43.6940886272],[-78.42603728,43.56519248],[-76.9715961152,43.3997288832],[-75.5139018048,43.1976978368],[-74.0529543488,42.959099340799995],[-72.5887537472,42.68393339519999],[-71.12129999999999,42.3722]]},"properties":{"_map_colour":"#A0525B","_k":"157"}},{"type":"Feature","geometry":{"type":"LineString","coordinates":[[-106.8317,39.1953],[-102.20540816,41.0080630976],[-97.56995664,42.6995792704],[-92.92534544,44.2698485184],[-88.27157455999999,45.718870841599994],[-83.60864400000001,47.046646240000015],[-78.93655376,48.2531747136],[-74.25530384,49.33845626240001],[-69.56489423999999,50.302490886399994],[-64.86532496,51.1452785856],[-60.15659600000001,51.86681936],[-55.43870736,52.4671132096],[-50.71165904000001,52.946160134399996],[-45.97545104,53.3039601344],[-41.23008336,53.5405132096],[-36.475556,53.65581936],[-31.711868959999997,53.6498785856],[-26.939022239999986,53.5226908864],[-22.157015839999993,53.2742562624],[-17.36584975999999,52.904574713600006],[-12.565523999999982,52.41364624],[-7.756038559999977,51.80147084159999],[-2.9373934399999744,51.0680485184],[1.89041136000003,50.2133792704],[6.727375840000036,49.23746309759999],[11.573500000000026,48.140299999999996]]},"properties":{}},{"type":"Feature","geometry":{"type":"LineString","coordinates":[[-106.8317,39.1953],[-102.20540816,41.0080630976],[-97.56995664,42.6995792704],[-92.92534544,44.2698485184],[-88.27157455999999,45.718870841599994],[-83.60864400000001,47.046646240000015],[-78.93655376,48.2531747136],[-74.25530384,49.33845626240001],[-69.56489423999999,50.302490886399994],[-64.86532496,51.1452785856],[-60.15659600000001,51.86681936],[-55.43870736,52.4671132096],[-50.71165904000001,52.946160134399996],[-45.97545104,53.3039601344],[-41.23008336,53.5405132096],[-36.475556,53.65581936],[-31.711868959999997,53.6498785856],[-26.939022239999986,53.5226908864],[-22.157015839999993,53.2742562624],[-17.36584975999999,52.904574713600006],[-12.565523999999982,52.41364624],[-7.756038559999977,51.80147084159999],[-2.9373934399999744,51.0680485184],[1.89041136000003,50.2133792704],[6.727375840000036,49.23746309759999],[11.573500000000026,48.140299999999996]]},"properties":{"_map_colour":"#A0525B","_k":"159"}},{"type":"Feature","geometry":{"type":"LineString","coordinates":[[-106.8317,39.1953],[-107.1878288896,39.282958553600004],[-107.5393480384,39.378317894400006],[-107.8862574464,39.4813780224],[-108.22855711359998,39.5921389376],[-108.56624704000001,39.71060064000001],[-108.89932722559999,39.8367631296],[-109.2277976704,39.9706264064],[-109.55165837439999,40.112190470399995],[-109.8709093376,40.2614553216],[-110.18555056000001,40.418420960000006],[-110.49558204159999,40.5830873856],[-110.80100378239997,40.75545459839999],[-111.1018157824,40.9355225984],[-111.39801804160001,41.123291385600005],[-111.68961055999999,41.318760960000006],[-111.97659333760001,41.52193132160001],[-112.25896637439999,41.7328024704],[-112.53672967039999,41.95137440640001],[-112.8098832256,42.177647129600004],[-113.07842704000001,42.41162064],[-113.34236111359999,42.6532949376],[-113.6016854464,42.9026700224],[-113.85640003840001,43.159745894400004],[-114.10650488959999,43.4245225536],[-114.35200000000002,43.697]]},"properties":{}},{"type":"Feature","geometry":{"type":"LineString","coordinates":[[-106.8317,39.1953],[-107.1878288896,39.282958553600004],[-107.5393480384,39.378317894400006],[-107.8862574464,39.4813780224],[-108.22855711359998,39.5921389376],[-108.56624704000001,39.71060064000001],[-108.89932722559999,39.8367631296],[-109.2277976704,39.9706264064],[-109.55165837439999,40.112190470399995],[-109.8709093376,40.2614553216],[-110.18555056000001,40.418420960000006],[-110.49558204159999,40.5830873856],[-110.80100378239997,40.75545459839999],[-111.1018157824,40.9355225984],[-111.39801804160001,41.123291385600005],[-111.68961055999999,41.318760960000006],[-111.97659333760001,41.52193132160001],[-112.25896637439999,41.7328024704],[-112.53672967039999,41.95137440640001],[-112.8098832256,42.177647129600004],[-113.07842704000001,42.41162064],[-113.34236111359999,42.6532949376],[-113.6016854464,42.9026700224],[-113.85640003840001,43.159745894400004],[-114.10650488959999,43.4245225536],[-114.35200000000002,43.697]]},"properties":{"_map_colour":"#A0525B","_k":"161"}},{"type":"Feature","geometry":{"type":"LineString","coordinates":[[-106.8317,39.1953],[-97.91526415359999,41.9696547328],[-88.99800429439999,44.515495571200006],[-80.0799204224,46.8328225152],[-71.16101253759999,48.9216355648],[-62.24128064000001,50.78193472000001],[-53.3207247296,52.4137199808],[-44.399344806399995,53.8169913472],[-35.47714087039999,54.9917488192],[-26.554112921599994,55.9379923968],[-17.630260960000008,56.655722080000004],[-8.705584985599998,57.1449378688],[0.21991500159999333,57.405639763199986],[9.146239001599987,57.4378277632],[18.073387014399998,57.2415018688],[27.00135904,56.81666207999999],[35.930155078400006,56.1633083968],[44.859775129600024,55.28144081919999],[53.79021919360002,54.1710593472],[62.72148727040003,52.8321639808],[71.65357936000004,51.264754719999985],[80.58649546240005,49.46883156479999],[89.52023557760006,47.44439451519999],[98.45479970560007,45.19144357119998],[107.39018784640007,42.709978732799975],[116.32640000000006,39.99999999999998]]},"properties":{}},{"type":"Feature","geometry":{"type":"LineString","coordinates":[[-106.8317,39.1953],[-97.91526415359999,41.9696547328],[-88.99800429439999,44.515495571200006],[-80.0799204224,46.8328225152],[-71.16101253759999,48.9216355648],[-62.24128064000001,50.78193472000001],[-53.3207247296,52.4137199808],[-44.399344806399995,53.8169913472],[-35.47714087039999,54.9917488192],[-26.554112921599994,55.9379923968],[-17.630260960000008,56.655722080000004],[-8.705584985599998,57.1449378688],[0.21991500159999333,57.405639763199986],[9.146239001599987,57.4378277632],[18.073387014399998,57.2415018688],[27.00135904,56.81666207999999],[35.930155078400006,56.1633083968],[44.859775129600024,55.28144081919999],[53.79021919360002,54.1710593472],[62.72148727040003,52.8321639808],[71.65357936000004,51.264754719999985],[80.58649546240005,49.46883156479999],[89.52023557760006,47.44439451519999],[98.45479970560007,45.19144357119998],[107.39018784640007,42.709978732799975],[116.32640000000006,39.99999999999998]]},"properties":{"_map_colour":"#A0525B","_k":"163"}},{"type":"Feature","geometry":{"type":"LineString","coordinates":[[-106.8317,39.1953],[-102.39714864,40.8653315392],[-97.95539855999999,42.4196271168],[-93.50644976,43.8581867328],[-89.05030224,45.181010387200004],[-84.58695600000001,46.38809808000001],[-80.11641104,47.479449811200006],[-75.63866736,48.4550655808],[-71.15372495999999,49.3149453888],[-66.66158383999999,50.059089235200005],[-62.16224400000001,50.68749712000001],[-57.65570544,51.20016904319999],[-53.14196816,51.59710500479999],[-48.621032160000006,51.878305004800005],[-44.09289744000001,52.0437690432],[-39.557564000000006,52.093497119999995],[-35.01503184,52.027489235199994],[-30.465300959999993,51.8457453888],[-25.908371359999993,51.5482655808],[-21.344243039999988,51.135049811200005],[-16.772915999999988,50.606098079999995],[-12.19439023999998,49.9614103872],[-7.608665759999974,49.2009867328],[-3.0157425599999694,48.324827116799995],[1.5843793600000344,47.33293153919998],[6.191700000000026,46.22529999999999]]},"properties":{}},{"type":"Feature","geometry":{"type":"LineString","coordinates":[[-106.8317,39.1953],[-102.39714864,40.8653315392],[-97.95539855999999,42.4196271168],[-93.50644976,43.8581867328],[-89.05030224,45.181010387200004],[-84.58695600000001,46.38809808000001],[-80.11641104,47.479449811200006],[-75.63866736,48.4550655808],[-71.15372495999999,49.3149453888],[-66.66158383999999,50.059089235200005],[-62.16224400000001,50.68749712000001],[-57.65570544,51.20016904319999],[-53.14196816,51.59710500479999],[-48.621032160000006,51.878305004800005],[-44.09289744000001,52.0437690432],[-39.557564000000006,52.093497119999995],[-35.01503184,52.027489235199994],[-30.465300959999993,51.8457453888],[-25.908371359999993,51.5482655808],[-21.344243039999988,51.135049811200005],[-16.772915999999988,50.606098079999995],[-12.19439023999998,49.9614103872],[-7.608665759999974,49.2009867328],[-3.0157425599999694,48.324827116799995],[1.5843793600000344,47.33293153919998],[6.191700000000026,46.22529999999999]]},"properties":{"_map_colour":"#A0525B","_k":"165"}},{"type":"Feature","geometry":{"type":"LineString","coordinates":[[-77.032,38.9035],[-73.9337371008,40.435592352],[-70.8218994432,41.884199008],[-67.69648702719999,43.24931996800001],[-64.55749985279999,44.530955232],[-61.40493792000001,45.729104800000016],[-58.2388012288,46.843768672],[-55.059089779199994,47.874946848],[-51.86580357119999,48.822639328],[-48.658942604799996,49.686846112000005],[-45.438506880000006,50.46756720000001],[-42.2044963968,51.164802592],[-38.9569111552,51.778552288],[-35.69575115520001,52.308816288],[-32.421016396800006,52.755594592],[-29.132706880000004,53.1188872],[-25.8308226048,53.398694112],[-22.515363571199995,53.595015328],[-19.186329779199994,53.707850848],[-15.843721228799993,53.737200672],[-12.48753791999999,53.683064800000004],[-9.117779852799984,53.545443232000004],[-5.73444702719998,53.324335968],[-2.3375394431999776,53.019743008],[1.072942899200025,52.631664351999994],[4.4970000000000185,52.16009999999999]]},"properties":{}},{"type":"Feature","geometry":{"type":"LineString","coordinates":[[-77.032,38.9035],[-73.9337371008,40.435592352],[-70.8218994432,41.884199008],[-67.69648702719999,43.24931996800001],[-64.55749985279999,44.530955232],[-61.40493792000001,45.729104800000016],[-58.2388012288,46.843768672],[-55.059089779199994,47.874946848],[-51.86580357119999,48.822639328],[-48.658942604799996,49.686846112000005],[-45.438506880000006,50.46756720000001],[-42.2044963968,51.164802592],[-38.9569111552,51.778552288],[-35.69575115520001,52.308816288],[-32.421016396800006,52.755594592],[-29.132706880000004,53.1188872],[-25.8308226048,53.398694112],[-22.515363571199995,53.595015328],[-19.186329779199994,53.707850848],[-15.843721228799993,53.737200672],[-12.48753791999999,53.683064800000004],[-9.117779852799984,53.545443232000004],[-5.73444702719998,53.324335968],[-2.3375394431999776,53.019743008],[1.072942899200025,52.631664351999994],[4.4970000000000185,52.16009999999999]]},"properties":{"_map_colour":"#A0525B","_k":"167"}},{"type":"Feature","geometry":{"type":"LineString","coordinates":[[-77.032,38.9035],[-77.03230156800001,38.903341696],[-77.032604672,38.903191584],[-77.03290931199999,38.903049664],[-77.03321548799998,38.902915936],[-77.0335232,38.90279040000001],[-77.033832448,38.902673056000005],[-77.03414323199999,38.902563904],[-77.03445555199998,38.902462944],[-77.034769408,38.902370176000005],[-77.03508480000002,38.902285600000006],[-77.035401728,38.902209215999996],[-77.03572019199999,38.902141023999995],[-77.036040192,38.902081024],[-77.036361728,38.902029216],[-77.03668479999999,38.901985599999996],[-77.03700940799999,38.901950176],[-77.037335552,38.90192294399999],[-77.037663232,38.901903903999994],[-77.03799244800001,38.901893056000006],[-77.03832320000001,38.9018904],[-77.038655488,38.901895936],[-77.03898931200001,38.901909664],[-77.03932467199999,38.901931584],[-77.03966156800001,38.901961696],[-77.04,38.902]]},"properties":{}},{"type":"Feature","geometry":{"type":"LineString","coordinates":[[-77.032,38.9035],[-77.03230156800001,38.903341696],[-77.032604672,38.903191584],[-77.03290931199999,38.903049664],[-77.03321548799998,38.902915936],[-77.0335232,38.90279040000001],[-77.033832448,38.902673056000005],[-77.03414323199999,38.902563904],[-77.03445555199998,38.902462944],[-77.034769408,38.902370176000005],[-77.03508480000002,38.902285600000006],[-77.035401728,38.902209215999996],[-77.03572019199999,38.902141023999995],[-77.036040192,38.902081024],[-77.036361728,38.902029216],[-77.03668479999999,38.901985599999996],[-77.03700940799999,38.901950176],[-77.037335552,38.90192294399999],[-77.037663232,38.901903903999994],[-77.03799244800001,38.901893056000006],[-77.03832320000001,38.9018904],[-77.038655488,38.901895936],[-77.03898931200001,38.901909664],[-77.03932467199999,38.901931584],[-77.03966156800001,38.901961696],[-77.04,38.902]]},"properties":{"_map_colour":"#A0525B","_k":"169"}},{"type":"Feature","geometry":{"type":"LineString","coordinates":[[-77.032,38.9035],[-77.032513728,38.903604832],[-77.03302131200002,38.903720928],[-77.033522752,38.903848288000006],[-77.034018048,38.90398691199999],[-77.03450720000002,38.9041368],[-77.03499020800001,38.904297952],[-77.035467072,38.904470368],[-77.03593779199998,38.90465404799999],[-77.03640236800001,38.904848992],[-77.03686080000001,38.90505520000001],[-77.03731308799999,38.905272671999995],[-77.03775923199998,38.90550140799999],[-77.038199232,38.905741408000004],[-77.03863308800001,38.905992671999996],[-77.03906080000002,38.9062552],[-77.039482368,38.906528992],[-77.039897792,38.906814048],[-77.04030707199999,38.907110368],[-77.04071020800001,38.907417952],[-77.04110720000001,38.907736799999995],[-77.04149804800001,38.908066912],[-77.041882752,38.908408288000004],[-77.042261312,38.90876092800001],[-77.042633728,38.909124832],[-77.043,38.9095]]},"properties":{}},{"type":"Feature","geometry":{"type":"LineString","coordinates":[[-77.032,38.9035],[-77.032513728,38.903604832],[-77.03302131200002,38.903720928],[-77.033522752,38.903848288000006],[-77.034018048,38.90398691199999],[-77.03450720000002,38.9041368],[-77.03499020800001,38.904297952],[-77.035467072,38.904470368],[-77.03593779199998,38.90465404799999],[-77.03640236800001,38.904848992],[-77.03686080000001,38.90505520000001],[-77.03731308799999,38.905272671999995],[-77.03775923199998,38.90550140799999],[-77.038199232,38.905741408000004],[-77.03863308800001,38.905992671999996],[-77.03906080000002,38.9062552],[-77.039482368,38.906528992],[-77.039897792,38.906814048],[-77.04030707199999,38.907110368],[-77.04071020800001,38.907417952],[-77.04110720000001,38.907736799999995],[-77.04149804800001,38.908066912],[-77.041882752,38.908408288000004],[-77.042261312,38.90876092800001],[-77.042633728,38.909124832],[-77.043,38.9095]]},"properties":{"_map_colour":"#A0525B","_k":"171"}},{"type":"Feature","geometry":{"type":"LineString","coordinates":[[-77.032,38.9035],[-77.032106144,38.90348928],[-77.032211776,38.903481119999995],[-77.03231689599998,38.90347552],[-77.03242150399998,38.90347248],[-77.03252560000001,38.90347200000001],[-77.03262918399999,38.90347408],[-77.032732256,38.90347872],[-77.03283481599999,38.90348592],[-77.03293686399999,38.90349568],[-77.03303840000001,38.90350800000001],[-77.03313942399998,38.903522880000004],[-77.03323993599997,38.90354032],[-77.033339936,38.903560320000004],[-77.033439424,38.90358288],[-77.0335384,38.903608000000006],[-77.03363686399999,38.90363568],[-77.03373481599999,38.90366592000001],[-77.033832256,38.90369872],[-77.033929184,38.90373408000001],[-77.0340256,38.903772000000004],[-77.034121504,38.903812480000006],[-77.034216896,38.90385552],[-77.034311776,38.90390112],[-77.03440614399999,38.903949280000006],[-77.0345,38.904]]},"properties":{}},{"type":"Feature","geometry":{"type":"LineString","coordinates":[[-77.032,38.9035],[-77.032106144,38.90348928],[-77.032211776,38.903481119999995],[-77.03231689599998,38.90347552],[-77.03242150399998,38.90347248],[-77.03252560000001,38.90347200000001],[-77.03262918399999,38.90347408],[-77.032732256,38.90347872],[-77.03283481599999,38.90348592],[-77.03293686399999,38.90349568],[-77.03303840000001,38.90350800000001],[-77.03313942399998,38.903522880000004],[-77.03323993599997,38.90354032],[-77.033339936,38.903560320000004],[-77.033439424,38.90358288],[-77.0335384,38.903608000000006],[-77.03363686399999,38.90363568],[-77.03373481599999,38.90366592000001],[-77.033832256,38.90369872],[-77.033929184,38.90373408000001],[-77.0340256,38.903772000000004],[-77.034121504,38.903812480000006],[-77.034216896,38.90385552],[-77.034311776,38.90390112],[-77.03440614399999,38.903949280000006],[-77.0345,38.904]]},"properties":{"_map_colour":"#A0525B","_k":"173"}},{"type":"Feature","geometry":{"type":"LineString","coordinates":[[-77.032,38.9035],[-77.03174784,38.903249152],[-77.03150336,38.902994208],[-77.03126655999999,38.902735168],[-77.03103743999999,38.90247203199999],[-77.03081600000002,38.90220480000001],[-77.03060224,38.901933471999996],[-77.03039616,38.901658047999994],[-77.03019775999998,38.901378527999995],[-77.03000703999999,38.901094912],[-77.029824,38.9008072],[-77.02964864,38.900515391999996],[-77.02948095999999,38.90021948799999],[-77.02932096,38.899919487999995],[-77.02916864000001,38.899615391999994],[-77.029024,38.899307199999996],[-77.02888704,38.898994912],[-77.02875776,38.898678528],[-77.02863615999999,38.898358048],[-77.02852224000002,38.898033472],[-77.028416,38.8977048],[-77.02831744000001,38.897372032],[-77.02822656000001,38.897035168],[-77.02814336000002,38.896694208],[-77.02806784,38.896349152],[-77.028,38.896]]},"properties":{}},{"type":"Feature","geometry":{"type":"LineString","coordinates":[[-77.032,38.9035],[-77.03174784,38.903249152],[-77.03150336,38.902994208],[-77.03126655999999,38.902735168],[-77.03103743999999,38.90247203199999],[-77.03081600000002,38.90220480000001],[-77.03060224,38.901933471999996],[-77.03039616,38.901658047999994],[-77.03019775999998,38.901378527999995],[-77.03000703999999,38.901094912],[-77.029824,38.9008072],[-77.02964864,38.900515391999996],[-77.02948095999999,38.90021948799999],[-77.02932096,38.899919487999995],[-77.02916864000001,38.899615391999994],[-77.029024,38.899307199999996],[-77.02888704,38.898994912],[-77.02875776,38.898678528],[-77.02863615999999,38.898358048],[-77.02852224000002,38.898033472],[-77.028416,38.8977048],[-77.02831744000001,38.897372032],[-77.02822656000001,38.897035168],[-77.02814336000002,38.896694208],[-77.02806784,38.896349152],[-77.028,38.896]]},"properties":{"_map_colour":"#A0525B","_k":"175"}},{"type":"Feature","geometry":{"type":"LineString","coordinates":[[-77.032,38.9035],[-77.03207699199999,38.903323136000004],[-77.03215756800002,38.903149344],[-77.03224172799999,38.902978624000006],[-77.03232947199999,38.902810976],[-77.03242080000001,38.9026464],[-77.032515712,38.902484896],[-77.032614208,38.902326464],[-77.03271628799999,38.902171104],[-77.03282195199999,38.902018816],[-77.03293120000001,38.901869600000005],[-77.03304403199999,38.901723456],[-77.03316044799999,38.90158038399999],[-77.033280448,38.901440384],[-77.03340403199999,38.901303456],[-77.0335312,38.901169599999996],[-77.03366195199999,38.901038815999996],[-77.033796288,38.900911104],[-77.03393420799999,38.90078646399999],[-77.034075712,38.900664896],[-77.0342208,38.900546399999996],[-77.034369472,38.900430976],[-77.03452172799999,38.90031862399999],[-77.03467756799999,38.900209344000004],[-77.034836992,38.900103136],[-77.035,38.9]]},"properties":{}},{"type":"Feature","geometry":{"type":"LineString","coordinates":[[-77.032,38.9035],[-77.03207699199999,38.903323136000004],[-77.03215756800002,38.903149344],[-77.03224172799999,38.902978624000006],[-77.03232947199999,38.902810976],[-77.03242080000001,38.9026464],[-77.032515712,38.902484896],[-77.032614208,38.902326464],[-77.03271628799999,38.902171104],[-77.03282195199999,38.902018816],[-77.03293120000001,38.901869600000005],[-77.03304403199999,38.901723456],[-77.03316044799999,38.90158038399999],[-77.033280448,38.901440384],[-77.03340403199999,38.901303456],[-77.0335312,38.901169599999996],[-77.03366195199999,38.901038815999996],[-77.033796288,38.900911104],[-77.03393420799999,38.90078646399999],[-77.034075712,38.900664896],[-77.0342208,38.900546399999996],[-77.034369472,38.900430976],[-77.03452172799999,38.90031862399999],[-77.03467756799999,38.900209344000004],[-77.034836992,38.900103136],[-77.035,38.9]]},"properties":{"_map_colour":"#A0525B","_k":"177"}},{"type":"Feature","geometry":{"type":"LineString","coordinates":[[-77.032,38.9035],[-73.6012817984,40.361756383999996],[-70.16110511360002,41.729280736],[-66.71146994559999,43.006073056000005],[-63.252376294399994,44.19213334399999],[-59.78382416000001,45.28746160000001],[-56.3058135424,46.292057824000004],[-52.8183444416,47.205922016],[-49.321416857599985,48.02905417599999],[-45.8150307904,48.761454304000004],[-42.29918624000001,49.4031224],[-38.77388320640001,49.954058464],[-35.239121689600005,50.41426249599999],[-31.69490168960001,50.78373449600001],[-28.141223206400007,51.062474464000005],[-24.57808624,51.2504824],[-21.0054907904,51.347758304],[-17.423436857599995,51.354302176000004],[-13.831924441599995,51.270114016],[-10.23095354239999,51.095193824000006],[-6.620524159999988,50.8295416],[-3.0006362943999836,50.473157344],[0.6287100544000204,50.026041056],[4.267514886400022,49.488192736],[7.915778201600027,48.859612383999995],[11.57350000000002,48.140299999999996]]},"properties":{}},{"type":"Feature","geometry":{"type":"LineString","coordinates":[[-77.032,38.9035],[-73.6012817984,40.361756383999996],[-70.16110511360002,41.729280736],[-66.71146994559999,43.006073056000005],[-63.252376294399994,44.19213334399999],[-59.78382416000001,45.28746160000001],[-56.3058135424,46.292057824000004],[-52.8183444416,47.205922016],[-49.321416857599985,48.02905417599999],[-45.8150307904,48.761454304000004],[-42.29918624000001,49.4031224],[-38.77388320640001,49.954058464],[-35.239121689600005,50.41426249599999],[-31.69490168960001,50.78373449600001],[-28.141223206400007,51.062474464000005],[-24.57808624,51.2504824],[-21.0054907904,51.347758304],[-17.423436857599995,51.354302176000004],[-13.831924441599995,51.270114016],[-10.23095354239999,51.095193824000006],[-6.620524159999988,50.8295416],[-3.0006362943999836,50.473157344],[0.6287100544000204,50.026041056],[4.267514886400022,49.488192736],[7.915778201600027,48.859612383999995],[11.57350000000002,48.140299999999996]]},"properties":{"_map_colour":"#A0525B","_k":"179"}},{"type":"Feature","geometry":{"type":"LineString","coordinates":[[-77.032,38.9035],[-74.15886778240001,40.348843462400005],[-71.2725722496,41.7165909696],[-68.3731134016,43.0067425216],[-65.4604912384,44.2192981184],[-62.53470576000001,45.35425776000001],[-59.595756966399996,46.411621446400005],[-56.64364485759999,47.3913891776],[-53.67836943359999,48.2935609536],[-50.699930694399995,49.1181367744],[-47.70832864000001,49.86511664000001],[-44.7035632704,50.5345005504],[-41.6856345856,51.126288505599994],[-38.654542585600005,51.6404805056],[-35.6102872704,52.0770765504],[-32.55286864,52.43607664],[-29.4822866944,52.7174807744],[-26.398541433599995,52.9212889536],[-23.301632857599994,53.0475011776],[-20.19156096639999,53.0961174464],[-17.06832575999999,53.067137759999994],[-13.931927238399986,52.9605621184],[-10.782365401599982,52.7763905216],[-7.619640249599978,52.5146229696],[-4.443751782399976,52.1752594624],[-1.2546999999999824,51.75829999999999]]},"properties":{}},{"type":"Feature","geometry":{"type":"LineString","coordinates":[[-77.032,38.9035],[-74.15886778240001,40.348843462400005],[-71.2725722496,41.7165909696],[-68.3731134016,43.0067425216],[-65.4604912384,44.2192981184],[-62.53470576000001,45.35425776000001],[-59.595756966399996,46.411621446400005],[-56.64364485759999,47.3913891776],[-53.67836943359999,48.2935609536],[-50.699930694399995,49.1181367744],[-47.70832864000001,49.86511664000001],[-44.7035632704,50.5345005504],[-41.6856345856,51.126288505599994],[-38.654542585600005,51.6404805056],[-35.6102872704,52.0770765504],[-32.55286864,52.43607664],[-29.4822866944,52.7174807744],[-26.398541433599995,52.9212889536],[-23.301632857599994,53.0475011776],[-20.19156096639999,53.0961174464],[-17.06832575999999,53.067137759999994],[-13.931927238399986,52.9605621184],[-10.782365401599982,52.7763905216],[-7.619640249599978,52.5146229696],[-4.443751782399976,52.1752594624],[-1.2546999999999824,51.75829999999999]]},"properties":{"_map_colour":"#A0525B","_k":"181"}},{"type":"Feature","geometry":{"type":"LineString","coordinates":[[-77.032,38.9035],[-73.9789356928,40.277097049599995],[-70.9156794112,41.5694046784],[-67.84223115519998,42.7804228864],[-64.75859092479999,43.9101516736],[-61.66475872000001,44.95859104000001],[-58.5607345408,45.925740985599994],[-55.446518387199994,46.811601510399996],[-52.32211025919998,47.61617261439999],[-49.187510156799995,48.3394542976],[-46.042718080000014,48.98144656],[-42.8877340288,49.5421494016],[-39.7225580032,50.02156282239999],[-36.54719000320001,50.4196868224],[-33.3616300288,50.7365214016],[-30.16587808,50.97206656],[-26.959934156799992,51.1263222976],[-23.74379825919999,51.1992886144],[-20.517470387199992,51.19096551039999],[-17.28095054079999,51.1013529856],[-14.034238719999989,50.930451039999994],[-10.777334924799984,50.678259673599996],[-7.510239155199981,50.3447788864],[-4.232951411199979,49.93000867839999],[-0.9454716927999756,49.433949049599995],[2.352200000000018,48.85659999999999]]},"properties":{}},{"type":"Feature","geometry":{"type":"LineString","coordinates":[[-77.032,38.9035],[-73.9789356928,40.277097049599995],[-70.9156794112,41.5694046784],[-67.84223115519998,42.7804228864],[-64.75859092479999,43.9101516736],[-61.66475872000001,44.95859104000001],[-58.5607345408,45.925740985599994],[-55.446518387199994,46.811601510399996],[-52.32211025919998,47.61617261439999],[-49.187510156799995,48.3394542976],[-46.042718080000014,48.98144656],[-42.8877340288,49.5421494016],[-39.7225580032,50.02156282239999],[-36.54719000320001,50.4196868224],[-33.3616300288,50.7365214016],[-30.16587808,50.97206656],[-26.959934156799992,51.1263222976],[-23.74379825919999,51.1992886144],[-20.517470387199992,51.19096551039999],[-17.28095054079999,51.1013529856],[-14.034238719999989,50.930451039999994],[-10.777334924799984,50.678259673599996],[-7.510239155199981,50.3447788864],[-4.232951411199979,49.93000867839999],[-0.9454716927999756,49.433949049599995],[2.352200000000018,48.85659999999999]]},"properties":{"_map_colour":"#A0525B","_k":"183"}},{"type":"Feature","geometry":{"type":"LineString","coordinates":[[9.2611,45.9857],[8.9946649728,46.1741347392],[8.734552531200002,46.3674479168],[8.480762675200001,46.565639532800006],[8.233295404799998,46.76870958719999],[7.992150720000002,46.976658080000014],[7.757328620800001,47.189485011200006],[7.5288291072,47.407190380799996],[7.306652179199999,47.62977418879999],[7.090797836800001,47.85723643520001],[6.881266080000002,48.08957712000001],[6.678056908800001,48.3267962432],[6.481170323200001,48.5688938048],[6.290606323200001,48.8158698048],[6.106364908800001,49.067724243200004],[5.928446080000001,49.324457120000005],[5.756849836800001,49.586068435200005],[5.5915761792000005,49.8525581888],[5.4326251072,50.1239263808],[5.2799966208,50.4001730112],[5.13369072,50.681298080000005],[4.9937074048,50.967301587200005],[4.8600466751999996,51.258183532800004],[4.732708531199999,51.5539439168],[4.6116929727999985,51.854582739200005],[4.496999999999999,52.1601]]},"properties":{}},{"type":"Feature","geometry":{"type":"LineString","coordinates":[[9.2611,45.9857],[8.9946649728,46.1741347392],[8.734552531200002,46.3674479168],[8.480762675200001,46.565639532800006],[8.233295404799998,46.76870958719999],[7.992150720000002,46.976658080000014],[7.757328620800001,47.189485011200006],[7.5288291072,47.407190380799996],[7.306652179199999,47.62977418879999],[7.090797836800001,47.85723643520001],[6.881266080000002,48.08957712000001],[6.678056908800001,48.3267962432],[6.481170323200001,48.5688938048],[6.290606323200001,48.8158698048],[6.106364908800001,49.067724243200004],[5.928446080000001,49.324457120000005],[5.756849836800001,49.586068435200005],[5.5915761792000005,49.8525581888],[5.4326251072,50.1239263808],[5.2799966208,50.4001730112],[5.13369072,50.681298080000005],[4.9937074048,50.967301587200005],[4.8600466751999996,51.258183532800004],[4.732708531199999,51.5539439168],[4.6116929727999985,51.854582739200005],[4.496999999999999,52.1601]]},"properties":{"_map_colour":"#A0525B","_k":"185"}},{"type":"Feature","geometry":{"type":"LineString","coordinates":[[9.2611,45.9857],[5.9956496128,44.7535847872],[2.724843091200001,43.6067105088],[-0.5513195647999996,42.5450771648],[-3.8328383552,41.568684755199996],[-7.119713280000002,40.67753328000001],[-10.411944339200002,39.8716227392],[-13.7095315328,39.1509531328],[-17.0124748608,38.515524460799995],[-20.3207743232,37.9653367232],[-23.63442992,37.50038992],[-26.953441651199995,37.1206840512],[-30.27780951679999,36.8262191168],[-33.60753351679999,36.6169951168],[-36.9426136512,36.4930120512],[-40.283049919999996,36.45426992],[-43.628842323200004,36.5007687232],[-46.97999086080001,36.6325084608],[-50.3364955328,36.8494891328],[-53.69835633920002,37.151710739200006],[-57.06557328000001,37.53917328],[-60.43814635520001,38.01187675520001],[-63.81607556480002,38.569821164800004],[-67.19936090880003,39.21300650880001],[-70.58800238720002,39.9414327872],[-73.98200000000001,40.755100000000006]]},"properties":{}},{"type":"Feature","geometry":{"type":"LineString","coordinates":[[9.2611,45.9857],[5.9956496128,44.7535847872],[2.724843091200001,43.6067105088],[-0.5513195647999996,42.5450771648],[-3.8328383552,41.568684755199996],[-7.119713280000002,40.67753328000001],[-10.411944339200002,39.8716227392],[-13.7095315328,39.1509531328],[-17.0124748608,38.515524460799995],[-20.3207743232,37.9653367232],[-23.63442992,37.50038992],[-26.953441651199995,37.1206840512],[-30.27780951679999,36.8262191168],[-33.60753351679999,36.6169951168],[-36.9426136512,36.4930120512],[-40.283049919999996,36.45426992],[-43.628842323200004,36.5007687232],[-46.97999086080001,36.6325084608],[-50.3364955328,36.8494891328],[-53.69835633920002,37.151710739200006],[-57.06557328000001,37.53917328],[-60.43814635520001,38.01187675520001],[-63.81607556480002,38.569821164800004],[-67.19936090880003,39.21300650880001],[-70.58800238720002,39.9414327872],[-73.98200000000001,40.755100000000006]]},"properties":{"_map_colour":"#A0525B","_k":"187"}},{"type":"Feature","geometry":{"type":"LineString","coordinates":[[9.2611,45.9857],[5.9961108096,44.7543349376],[2.7257797184000014,43.6081946304],[-0.5498932735999993,42.547279078399995],[-3.8309081664000004,41.57158828159999],[-7.11726496,40.681122240000015],[-10.4089636544,39.8758809536],[-13.7060042496,39.1558644224],[-17.0083867456,38.52107264639999],[-20.316111142399997,37.9715056256],[-23.62917744,37.50716336000001],[-26.947585638399993,37.1280458496],[-30.271335737599994,36.834153094399994],[-33.60042773759999,36.6254850944],[-36.934861638399994,36.502041849600005],[-40.27463744,36.46382336],[-43.6197551424,36.510829625599996],[-46.9702147456,36.6430606464],[-50.32601624960001,36.860516422399996],[-53.68715965440001,37.1631969536],[-57.053644960000014,37.55110224],[-60.42547216640002,38.0242322816],[-63.802641273600024,38.5825870784],[-67.18515228160003,39.2261666304],[-70.57300519040002,39.9549709376],[-73.96620000000001,40.769000000000005]]},"properties":{}},{"type":"Feature","geometry":{"type":"LineString","coordinates":[[9.2611,45.9857],[5.9961108096,44.7543349376],[2.7257797184000014,43.6081946304],[-0.5498932735999993,42.547279078399995],[-3.8309081664000004,41.57158828159999],[-7.11726496,40.681122240000015],[-10.4089636544,39.8758809536],[-13.7060042496,39.1558644224],[-17.0083867456,38.52107264639999],[-20.316111142399997,37.9715056256],[-23.62917744,37.50716336000001],[-26.947585638399993,37.1280458496],[-30.271335737599994,36.834153094399994],[-33.60042773759999,36.6254850944],[-36.934861638399994,36.502041849600005],[-40.27463744,36.46382336],[-43.6197551424,36.510829625599996],[-46.9702147456,36.6430606464],[-50.32601624960001,36.860516422399996],[-53.68715965440001,37.1631969536],[-57.053644960000014,37.55110224],[-60.42547216640002,38.0242322816],[-63.802641273600024,38.5825870784],[-67.18515228160003,39.2261666304],[-70.57300519040002,39.9549709376],[-73.96620000000001,40.769000000000005]]},"properties":{"_map_colour":"#A0525B","_k":"189"}},{"type":"Feature","geometry":{"type":"LineString","coordinates":[[9.2611,45.9857],[9.440682675200001,45.8621393664],[9.616084460800002,45.7352657856],[9.787305356800001,45.605079257599996],[9.9543453632,45.47157978239999],[10.117204480000002,45.334767360000015],[10.275882707200001,45.1946419904],[10.4303800448,45.0512036736],[10.5806964928,44.90445240959999],[10.7268320512,44.7543881984],[10.868786720000001,44.60101104],[11.006560499199999,44.4443209344],[11.140153388799998,44.284317881599996],[11.2695653888,44.1210018816],[11.3947964992,43.9543729344],[11.51584672,43.78443104],[11.6327160512,43.6111761984],[11.7454044928,43.4346084096],[11.8539120448,43.254727673599994],[11.9582387072,43.0715339904],[12.05838448,42.885027359999995],[12.1543493632,42.6952077824],[12.246133356800001,42.5020752576],[12.333736460799999,42.3056297856],[12.4171586752,42.105871366399995],[12.4964,41.9028]]},"properties":{}},{"type":"Feature","geometry":{"type":"LineString","coordinates":[[9.2611,45.9857],[9.440682675200001,45.8621393664],[9.616084460800002,45.7352657856],[9.787305356800001,45.605079257599996],[9.9543453632,45.47157978239999],[10.117204480000002,45.334767360000015],[10.275882707200001,45.1946419904],[10.4303800448,45.0512036736],[10.5806964928,44.90445240959999],[10.7268320512,44.7543881984],[10.868786720000001,44.60101104],[11.006560499199999,44.4443209344],[11.140153388799998,44.284317881599996],[11.2695653888,44.1210018816],[11.3947964992,43.9543729344],[11.51584672,43.78443104],[11.6327160512,43.6111761984],[11.7454044928,43.4346084096],[11.8539120448,43.254727673599994],[11.9582387072,43.0715339904],[12.05838448,42.885027359999995],[12.1543493632,42.6952077824],[12.246133356800001,42.5020752576],[12.333736460799999,42.3056297856],[12.4171586752,42.105871366399995],[12.4964,41.9028]]},"properties":{"_map_colour":"#A0525B","_k":"191"}},{"type":"Feature","geometry":{"type":"LineString","coordinates":[[9.2611,45.9857],[5.896275929600002,44.6420255232],[2.524200198400001,43.386718252799994],[-0.8551271935999996,42.2197781888],[-4.2417062464000015,41.14120533119999],[-7.635536960000001,40.15099968000001],[-11.036619334400001,39.2491612352],[-14.4449533696,38.4356899968],[-17.8605390656,37.7105859648],[-21.283376422399996,37.07384913920001],[-24.71346544,36.525479520000005],[-28.15080611839999,36.0654771072],[-31.59539845759999,35.693841900799995],[-35.04724245759999,35.4105739008],[-38.506338118399995,35.215673107200004],[-41.97268544,35.10913952],[-45.4462844224,35.0909731392],[-48.927135065600005,35.16117396480001],[-52.4152373696,35.319741996800005],[-55.91059133440001,35.566677235200004],[-59.41319696000001,35.901979680000004],[-62.923054246400014,36.32564933120001],[-66.44016319360001,36.83768618880001],[-69.96452380160002,37.43809025280001],[-73.49613607040001,38.12686152320001],[-77.03500000000001,38.904]]},"properties":{}},{"type":"Feature","geometry":{"type":"LineString","coordinates":[[9.2611,45.9857],[5.896275929600002,44.6420255232],[2.524200198400001,43.386718252799994],[-0.8551271935999996,42.2197781888],[-4.2417062464000015,41.14120533119999],[-7.635536960000001,40.15099968000001],[-11.036619334400001,39.2491612352],[-14.4449533696,38.4356899968],[-17.8605390656,37.7105859648],[-21.283376422399996,37.07384913920001],[-24.71346544,36.525479520000005],[-28.15080611839999,36.0654771072],[-31.59539845759999,35.693841900799995],[-35.04724245759999,35.4105739008],[-38.506338118399995,35.215673107200004],[-41.97268544,35.10913952],[-45.4462844224,35.0909731392],[-48.927135065600005,35.16117396480001],[-52.4152373696,35.319741996800005],[-55.91059133440001,35.566677235200004],[-59.41319696000001,35.901979680000004],[-62.923054246400014,36.32564933120001],[-66.44016319360001,36.83768618880001],[-69.96452380160002,37.43809025280001],[-73.49613607040001,38.12686152320001],[-77.03500000000001,38.904]]},"properties":{"_map_colour":"#A0525B","_k":"193"}},{"type":"Feature","geometry":{"type":"LineString","coordinates":[[4.497,52.1601],[4.6774734848,52.01364736],[4.8532241792,51.86402544],[5.024252083199999,51.71123424],[5.1905571967999995,51.55527375999999],[5.352139520000001,51.39614400000001],[5.5089990528,51.23384496],[5.6611357952,51.06837664],[5.808549747199999,50.89973904],[5.951240908799999,50.727932159999995],[6.0892092799999995,50.55295600000001],[6.222454860799999,50.37481056],[6.350977651199999,50.19349584],[6.4747776512,50.00901184],[6.5938548608,49.82135855999999],[6.708209279999998,49.630536],[6.817840908799999,49.43654416],[6.9227497472,49.23938304],[7.022935795199999,49.039052639999994],[7.118399052799999,48.83555296],[7.209139520000001,48.628884],[7.2951571968,48.41904576],[7.3764520832,48.20603824],[7.4530241792,47.98986144],[7.5248734848,47.77051536],[7.5920000000000005,47.548]]},"properties":{}},{"type":"Feature","geometry":{"type":"LineString","coordinates":[[4.497,52.1601],[4.6774734848,52.01364736],[4.8532241792,51.86402544],[5.024252083199999,51.71123424],[5.1905571967999995,51.55527375999999],[5.352139520000001,51.39614400000001],[5.5089990528,51.23384496],[5.6611357952,51.06837664],[5.808549747199999,50.89973904],[5.951240908799999,50.727932159999995],[6.0892092799999995,50.55295600000001],[6.222454860799999,50.37481056],[6.350977651199999,50.19349584],[6.4747776512,50.00901184],[6.5938548608,49.82135855999999],[6.708209279999998,49.630536],[6.817840908799999,49.43654416],[6.9227497472,49.23938304],[7.022935795199999,49.039052639999994],[7.118399052799999,48.83555296],[7.209139520000001,48.628884],[7.2951571968,48.41904576],[7.3764520832,48.20603824],[7.4530241792,47.98986144],[7.5248734848,47.77051536],[7.5920000000000005,47.548]]},"properties":{"_map_colour":"#A0525B","_k":"195"}},{"type":"Feature","geometry":{"type":"LineString","coordinates":[[4.497,52.1601],[-0.4347407039999993,50.0457036864],[-5.380502015999999,48.0618670656],[-10.340283936,46.2085901376],[-15.314086464,44.48587290239999],[-20.301909600000002,42.89371536000001],[-25.303753344000004,41.4321175104],[-30.319617696,40.1010793536],[-35.349502656,38.90060088959999],[-40.393408224,37.83068211839999],[-45.4513344,36.89132304],[-50.523281184,36.0825236544],[-55.609248575999985,35.404283961599994],[-60.709236575999995,34.856603961599994],[-65.823245184,34.43948365439999],[-70.9512744,34.15292304],[-76.093324224,33.99692211839999],[-81.24939465600002,33.971480889599995],[-86.41948569600001,34.0765993536],[-91.60359734400002,34.3122775104],[-96.80172960000002,34.67851536],[-102.01388246400003,35.1753129024],[-107.24005593600003,35.8026701376],[-112.48025001600003,36.560587065600004],[-117.73446470400005,37.4490636864],[-123.00270000000003,38.4681]]},"properties":{}},{"type":"Feature","geometry":{"type":"LineString","coordinates":[[4.497,52.1601],[-0.4347407039999993,50.0457036864],[-5.380502015999999,48.0618670656],[-10.340283936,46.2085901376],[-15.314086464,44.48587290239999],[-20.301909600000002,42.89371536000001],[-25.303753344000004,41.4321175104],[-30.319617696,40.1010793536],[-35.349502656,38.90060088959999],[-40.393408224,37.83068211839999],[-45.4513344,36.89132304],[-50.523281184,36.0825236544],[-55.609248575999985,35.404283961599994],[-60.709236575999995,34.856603961599994],[-65.823245184,34.43948365439999],[-70.9512744,34.15292304],[-76.093324224,33.99692211839999],[-81.24939465600002,33.971480889599995],[-86.41948569600001,34.0765993536],[-91.60359734400002,34.3122775104],[-96.80172960000002,34.67851536],[-102.01388246400003,35.1753129024],[-107.24005593600003,35.8026701376],[-112.48025001600003,36.560587065600004],[-117.73446470400005,37.4490636864],[-123.00270000000003,38.4681]]},"properties":{"_map_colour":"#A0525B","_k":"197"}},{"type":"Feature","geometry":{"type":"LineString","coordinates":[[4.497,52.1601],[1.3984355328000004,50.627849344],[-1.7137052288000008,49.179092576],[-4.839422284800001,47.813829696],[-7.978715635200002,46.532060703999996],[-11.131585280000003,45.333785600000006],[-14.298031219200002,44.219004384],[-17.4780534528,43.187717056],[-20.6716519808,42.239923616],[-23.8788268032,41.37562406399999],[-27.09957792,40.5948184],[-30.3339053312,39.897506624],[-33.581809036799996,39.283688735999995],[-36.8432890368,38.753364736],[-40.1183453312,38.306534624],[-43.40697792,37.9431984],[-46.709186803200005,37.663356064],[-50.02497198080001,37.467007616],[-53.354333452800006,37.354153056],[-56.69727121920002,37.324792384000006],[-60.053785280000014,37.3789256],[-63.42387563520003,37.516552704000006],[-66.80754228480002,37.737673696],[-70.20478522880002,38.042288576000004],[-73.61560446720003,38.430397344000006],[-77.04000000000002,38.902]]},"properties":{}},{"type":"Feature","geometry":{"type":"LineString","coordinates":[[4.497,52.1601],[1.3984355328000004,50.627849344],[-1.7137052288000008,49.179092576],[-4.839422284800001,47.813829696],[-7.978715635200002,46.532060703999996],[-11.131585280000003,45.333785600000006],[-14.298031219200002,44.219004384],[-17.4780534528,43.187717056],[-20.6716519808,42.239923616],[-23.8788268032,41.37562406399999],[-27.09957792,40.5948184],[-30.3339053312,39.897506624],[-33.581809036799996,39.283688735999995],[-36.8432890368,38.753364736],[-40.1183453312,38.306534624],[-43.40697792,37.9431984],[-46.709186803200005,37.663356064],[-50.02497198080001,37.467007616],[-53.354333452800006,37.354153056],[-56.69727121920002,37.324792384000006],[-60.053785280000014,37.3789256],[-63.42387563520003,37.516552704000006],[-66.80754228480002,37.737673696],[-70.20478522880002,38.042288576000004],[-73.61560446720003,38.430397344000006],[-77.04000000000002,38.902]]},"properties":{"_map_colour":"#A0525B","_k":"199"}},{"type":"Feature","geometry":{"type":"LineString","coordinates":[[4.497,52.1601],[1.4979846400000008,50.739550048],[-1.5127094399999992,49.399362591999996],[-4.5350822399999995,48.139537632],[-7.56913376,46.96007516799999],[-10.614864,45.860975200000006],[-13.67227296,44.842237728],[-16.74136064,43.903862752],[-19.822127039999998,43.045850271999996],[-22.91457216,42.268200288],[-26.018696,41.5709128],[-29.13449855999999,40.953987808],[-32.261979839999995,40.41742531199999],[-35.40113983999999,39.961225311999996],[-38.551978559999995,39.58538780799999],[-41.714496,39.289912799999996],[-44.88869216,39.074800288],[-48.074567040000005,38.940050272],[-51.272120640000004,38.885662752],[-54.48135296000001,38.911637728],[-57.702264000000014,39.0179752],[-60.93485376000001,39.204675168],[-64.17912224000003,39.471737632],[-67.43506944000002,39.819162592000005],[-70.70269536000002,40.246950048],[-73.98200000000001,40.755100000000006]]},"properties":{}},{"type":"Feature","geometry":{"type":"LineString","coordinates":[[4.497,52.1601],[1.4979846400000008,50.739550048],[-1.5127094399999992,49.399362591999996],[-4.5350822399999995,48.139537632],[-7.56913376,46.96007516799999],[-10.614864,45.860975200000006],[-13.67227296,44.842237728],[-16.74136064,43.903862752],[-19.822127039999998,43.045850271999996],[-22.91457216,42.268200288],[-26.018696,41.5709128],[-29.13449855999999,40.953987808],[-32.261979839999995,40.41742531199999],[-35.40113983999999,39.961225311999996],[-38.551978559999995,39.58538780799999],[-41.714496,39.289912799999996],[-44.88869216,39.074800288],[-48.074567040000005,38.940050272],[-51.272120640000004,38.885662752],[-54.48135296000001,38.911637728],[-57.702264000000014,39.0179752],[-60.93485376000001,39.204675168],[-64.17912224000003,39.471737632],[-67.43506944000002,39.819162592000005],[-70.70269536000002,40.246950048],[-73.98200000000001,40.755100000000006]]},"properties":{"_map_colour":"#A0525B","_k":"201"}},{"type":"Feature","geometry":{"type":"LineString","coordinates":[[4.497,52.1601],[4.9430177024,51.8481046272],[5.378531929599999,51.5279178688],[5.8035426816,51.1995397248],[6.218049958399999,50.86297019519999],[6.622053760000002,50.518209280000015],[7.0155540864,50.1652569792],[7.3985509376,49.8041132928],[7.771044313599999,49.43477822079999],[8.1330342144,49.05725176320001],[8.484520640000001,48.67153392],[8.8255035904,48.277624691199996],[9.1559830656,47.8755240768],[9.4759590656,47.4652320768],[9.7854315904,47.0467486912],[10.08440064,46.620073919999996],[10.3728662144,46.1852077632],[10.650828313600002,45.7421502208],[10.9182869376,45.290901292799994],[11.1752420864,44.8314609792],[11.421693760000002,44.36382928],[11.657641958400001,43.8880061952],[11.883086681600002,43.4039917248],[12.0980279296,42.911785868799996],[12.302465702400001,42.41138862719999],[12.4964,41.9028]]},"properties":{}},{"type":"Feature","geometry":{"type":"LineString","coordinates":[[4.497,52.1601],[4.9430177024,51.8481046272],[5.378531929599999,51.5279178688],[5.8035426816,51.1995397248],[6.218049958399999,50.86297019519999],[6.622053760000002,50.518209280000015],[7.0155540864,50.1652569792],[7.3985509376,49.8041132928],[7.771044313599999,49.43477822079999],[8.1330342144,49.05725176320001],[8.484520640000001,48.67153392],[8.8255035904,48.277624691199996],[9.1559830656,47.8755240768],[9.4759590656,47.4652320768],[9.7854315904,47.0467486912],[10.08440064,46.620073919999996],[10.3728662144,46.1852077632],[10.650828313600002,45.7421502208],[10.9182869376,45.290901292799994],[11.1752420864,44.8314609792],[11.421693760000002,44.36382928],[11.657641958400001,43.8880061952],[11.883086681600002,43.4039917248],[12.0980279296,42.911785868799996],[12.302465702400001,42.41138862719999],[12.4964,41.9028]]},"properties":{"_map_colour":"#A0525B","_k":"203"}},{"type":"Feature","geometry":{"type":"LineString","coordinates":[[4.497,52.1601],[4.5085413888,52.105858304],[4.518730995199999,52.051736416000004],[4.527568819199999,51.997734336],[4.535054860799999,51.94385206399999],[4.54118912,51.89008960000001],[4.545971596799999,51.836446944],[4.549402291199999,51.782924096],[4.551481203199999,51.729521055999996],[4.552208332799999,51.676237824],[4.55158368,51.62307440000001],[4.5496072448,51.570030784000004],[4.546279027199999,51.517106975999994],[4.541599027199999,51.464302976000006],[4.535567244799999,51.411618784000005],[4.52818368,51.359054400000005],[4.5194483328,51.306609824000006],[4.509361203199999,51.254285056],[4.497922291199999,51.202080096],[4.4851315968,51.149994944],[4.47098912,51.098029600000004],[4.4554948608,51.046184064],[4.438648819199999,50.994458336],[4.4204509951999995,50.94285241600001],[4.4009013887999995,50.891366304],[4.38,50.84]]},"properties":{}},{"type":"Feature","geometry":{"type":"LineString","coordinates":[[4.497,52.1601],[4.5085413888,52.105858304],[4.518730995199999,52.051736416000004],[4.527568819199999,51.997734336],[4.535054860799999,51.94385206399999],[4.54118912,51.89008960000001],[4.545971596799999,51.836446944],[4.549402291199999,51.782924096],[4.551481203199999,51.729521055999996],[4.552208332799999,51.676237824],[4.55158368,51.62307440000001],[4.5496072448,51.570030784000004],[4.546279027199999,51.517106975999994],[4.541599027199999,51.464302976000006],[4.535567244799999,51.411618784000005],[4.52818368,51.359054400000005],[4.5194483328,51.306609824000006],[4.509361203199999,51.254285056],[4.497922291199999,51.202080096],[4.4851315968,51.149994944],[4.47098912,51.098029600000004],[4.4554948608,51.046184064],[4.438648819199999,50.994458336],[4.4204509951999995,50.94285241600001],[4.4009013887999995,50.891366304],[4.38,50.84]]},"properties":{"_map_colour":"#A0525B","_k":"205"}},{"type":"Feature","geometry":{"type":"LineString","coordinates":[[4.497,52.1601],[1.5925417152000003,50.839386329599996],[-1.3219393792000007,49.5961057984],[-4.2464432832000005,48.4302584064],[-7.180969996800002,47.34184415359999],[-10.125519520000003,46.330863040000004],[-13.080091852800003,45.397315065600004],[-16.044686995200003,44.5412002304],[-19.019304947200002,43.762518534399995],[-22.0039457088,43.0612699776],[-24.99860928,42.437454560000006],[-28.0032956608,41.8910722816],[-31.018004851199997,41.42212314239999],[-34.0427368512,41.0306071424],[-37.0774916608,40.716524281599995],[-40.12226928,40.47987455999999],[-43.177069708800005,40.32065797759999],[-46.24189294720001,40.2388745344],[-49.316738995200005,40.2345242304],[-52.40160785280002,40.307607065599996],[-55.496499520000015,40.45812304],[-58.60141399680002,40.6860721536],[-61.71635128320003,40.9914544064],[-64.84131137920002,41.3742697984],[-67.97629428480003,41.8345183296],[-71.12130000000002,42.37220000000001]]},"properties":{}},{"type":"Feature","geometry":{"type":"LineString","coordinates":[[4.497,52.1601],[1.5925417152000003,50.839386329599996],[-1.3219393792000007,49.5961057984],[-4.2464432832000005,48.4302584064],[-7.180969996800002,47.34184415359999],[-10.125519520000003,46.330863040000004],[-13.080091852800003,45.397315065600004],[-16.044686995200003,44.5412002304],[-19.019304947200002,43.762518534399995],[-22.0039457088,43.0612699776],[-24.99860928,42.437454560000006],[-28.0032956608,41.8910722816],[-31.018004851199997,41.42212314239999],[-34.0427368512,41.0306071424],[-37.0774916608,40.716524281599995],[-40.12226928,40.47987455999999],[-43.177069708800005,40.32065797759999],[-46.24189294720001,40.2388745344],[-49.316738995200005,40.2345242304],[-52.40160785280002,40.307607065599996],[-55.496499520000015,40.45812304],[-58.60141399680002,40.6860721536],[-61.71635128320003,40.9914544064],[-64.84131137920002,41.3742697984],[-67.97629428480003,41.8345183296],[-71.12130000000002,42.37220000000001]]},"properties":{"_map_colour":"#A0525B","_k":"207"}},{"type":"Feature","geometry":{"type":"LineString","coordinates":[[4.497,52.1601],[4.4504256128,52.001637312],[4.4004790912,51.845402848000006],[4.3471604352,51.691396608],[4.290469644799999,51.53961859199999],[4.23040672,51.390068800000016],[4.166971660800001,51.242747232],[4.1001644672,51.097653887999996],[4.0299851392,50.95478876799999],[3.9564336768000006,50.814151872],[3.879510080000001,50.6757432],[3.7992143488000005,50.539562751999995],[3.7155464832,50.405610528],[3.6285064832000007,50.273886528],[3.5380943488,50.144390752],[3.44431008,50.0171232],[3.3471536768000005,49.892083872],[3.2466251392000003,49.769272768],[3.1427244672,49.64868988799999],[3.0354516608,49.530335232],[2.9248067200000003,49.4142088],[2.8107896448,49.300310591999995],[2.6934004351999996,49.188640608],[2.5726390911999992,49.079198848],[2.448505612799999,48.971985311999994],[2.3209999999999993,48.867]]},"properties":{}},{"type":"Feature","geometry":{"type":"LineString","coordinates":[[4.497,52.1601],[4.4504256128,52.001637312],[4.4004790912,51.845402848000006],[4.3471604352,51.691396608],[4.290469644799999,51.53961859199999],[4.23040672,51.390068800000016],[4.166971660800001,51.242747232],[4.1001644672,51.097653887999996],[4.0299851392,50.95478876799999],[3.9564336768000006,50.814151872],[3.879510080000001,50.6757432],[3.7992143488000005,50.539562751999995],[3.7155464832,50.405610528],[3.6285064832000007,50.273886528],[3.5380943488,50.144390752],[3.44431008,50.0171232],[3.3471536768000005,49.892083872],[3.2466251392000003,49.769272768],[3.1427244672,49.64868988799999],[3.0354516608,49.530335232],[2.9248067200000003,49.4142088],[2.8107896448,49.300310591999995],[2.6934004351999996,49.188640608],[2.5726390911999992,49.079198848],[2.448505612799999,48.971985311999994],[2.3209999999999993,48.867]]},"properties":{"_map_colour":"#A0525B","_k":"209"}},{"type":"Feature","geometry":{"type":"LineString","coordinates":[[4.497,52.1601],[4.4500718848,52.001791296],[4.399777779200001,51.845717984000004],[4.3461176832,51.691880063999996],[4.2890915968,51.54027753599999],[4.228699520000001,51.39091040000001],[4.164941452800001,51.243778655999996],[4.0978173952,51.098882304],[4.0273273472,50.95622134399999],[3.9534713088,50.815795775999995],[3.8762492800000006,50.6776056],[3.7956612608,50.54165081599999],[3.7117072512,50.40793142399999],[3.624387251200001,50.276447424],[3.5337012608000005,50.14719881599999],[3.4396492800000007,50.0201856],[3.3422313088,49.895407776],[3.2414473472000003,49.772865343999996],[3.1372973952,49.652558303999996],[3.0297814528,49.534486656],[2.9188995199999996,49.418650400000004],[2.8046515968,49.305049536],[2.6870376831999994,49.193684063999996],[2.5660577791999994,49.084553983999996],[2.4417118847999992,48.97765929599999],[2.313999999999999,48.873]]},"properties":{}},{"type":"Feature","geometry":{"type":"LineString","coordinates":[[4.497,52.1601],[4.4500718848,52.001791296],[4.399777779200001,51.845717984000004],[4.3461176832,51.691880063999996],[4.2890915968,51.54027753599999],[4.228699520000001,51.39091040000001],[4.164941452800001,51.243778655999996],[4.0978173952,51.098882304],[4.0273273472,50.95622134399999],[3.9534713088,50.815795775999995],[3.8762492800000006,50.6776056],[3.7956612608,50.54165081599999],[3.7117072512,50.40793142399999],[3.624387251200001,50.276447424],[3.5337012608000005,50.14719881599999],[3.4396492800000007,50.0201856],[3.3422313088,49.895407776],[3.2414473472000003,49.772865343999996],[3.1372973952,49.652558303999996],[3.0297814528,49.534486656],[2.9188995199999996,49.418650400000004],[2.8046515968,49.305049536],[2.6870376831999994,49.193684063999996],[2.5660577791999994,49.084553983999996],[2.4417118847999992,48.97765929599999],[2.313999999999999,48.873]]},"properties":{"_map_colour":"#A0525B","_k":"211"}},{"type":"Feature","geometry":{"type":"LineString","coordinates":[[4.497,52.1601],[4.8294553024,52.086264031999995],[5.1577943296,52.005181728000004],[5.4820170816,51.916853088],[5.802123558399999,51.821278111999995],[6.11811376,51.71845680000001],[6.4299876864,51.608389152],[6.7377453376,51.491075168],[7.041386713599999,51.366514847999994],[7.340911814399999,51.23470819200001],[7.636320639999999,51.0956552],[7.927613190399999,50.949355872],[8.214789465599997,50.795810208],[8.497849465599998,50.635018208000005],[8.7767931904,50.466979872],[9.05162064,50.2916952],[9.322331814399998,50.109164192],[9.5889267136,49.919386848],[9.8514053376,49.722363168],[10.109767686400001,49.518093152000006],[10.36401376,49.3065768],[10.614143558400002,49.087814112000004],[10.8601570816,48.861805088],[11.1020543296,48.628549728],[11.339835302400001,48.388048032],[11.573500000000001,48.1403]]},"properties":{}},{"type":"Feature","geometry":{"type":"LineString","coordinates":[[4.497,52.1601],[4.8294553024,52.086264031999995],[5.1577943296,52.005181728000004],[5.4820170816,51.916853088],[5.802123558399999,51.821278111999995],[6.11811376,51.71845680000001],[6.4299876864,51.608389152],[6.7377453376,51.491075168],[7.041386713599999,51.366514847999994],[7.340911814399999,51.23470819200001],[7.636320639999999,51.0956552],[7.927613190399999,50.949355872],[8.214789465599997,50.795810208],[8.497849465599998,50.635018208000005],[8.7767931904,50.466979872],[9.05162064,50.2916952],[9.322331814399998,50.109164192],[9.5889267136,49.919386848],[9.8514053376,49.722363168],[10.109767686400001,49.518093152000006],[10.36401376,49.3065768],[10.614143558400002,49.087814112000004],[10.8601570816,48.861805088],[11.1020543296,48.628549728],[11.339835302400001,48.388048032],[11.573500000000001,48.1403]]},"properties":{"_map_colour":"#A0525B","_k":"213"}},{"type":"Feature","geometry":{"type":"LineString","coordinates":[[4.497,52.1601],[4.2718693184,52.073351110400004],[4.0463271936,51.9924919616],[3.8203736256,51.9175225536],[3.5940086143999994,51.84844288639999],[3.367232160000001,51.78525296000001],[3.1400442624,51.7279527744],[2.9124449216,51.6765423296],[2.6844341376,51.63102162559999],[2.4560119104000004,51.5913906624],[2.2271782400000006,51.557649440000006],[1.9979331264000002,51.529797958399996],[1.7682765696000002,51.507836217599994],[1.5382085696000005,51.4917642176],[1.3077291264000004,51.4815819584],[1.0768382400000003,51.47728944],[0.8455359104000001,51.4788866624],[0.6138221375999999,51.4863736256],[0.3816969215999998,51.4997503296],[0.14916026239999958,51.5190167744],[-0.08378784000000072,51.54417296],[-0.3171473856000009,51.575218886399995],[-0.5509183744000011,51.6121545536],[-0.7851008064000013,51.6549799616],[-1.0196946816000017,51.7036951104],[-1.2547000000000013,51.7583]]},"properties":{}},{"type":"Feature","geometry":{"type":"LineString","coordinates":[[4.497,52.1601],[4.2718693184,52.073351110400004],[4.0463271936,51.9924919616],[3.8203736256,51.9175225536],[3.5940086143999994,51.84844288639999],[3.367232160000001,51.78525296000001],[3.1400442624,51.7279527744],[2.9124449216,51.6765423296],[2.6844341376,51.63102162559999],[2.4560119104000004,51.5913906624],[2.2271782400000006,51.557649440000006],[1.9979331264000002,51.529797958399996],[1.7682765696000002,51.507836217599994],[1.5382085696000005,51.4917642176],[1.3077291264000004,51.4815819584],[1.0768382400000003,51.47728944],[0.8455359104000001,51.4788866624],[0.6138221375999999,51.4863736256],[0.3816969215999998,51.4997503296],[0.14916026239999958,51.5190167744],[-0.08378784000000072,51.54417296],[-0.3171473856000009,51.575218886399995],[-0.5509183744000011,51.6121545536],[-0.7851008064000013,51.6549799616],[-1.0196946816000017,51.7036951104],[-1.2547000000000013,51.7583]]},"properties":{"_map_colour":"#A0525B","_k":"215"}},{"type":"Feature","geometry":{"type":"LineString","coordinates":[[4.497,52.1601],[4.450888128,52.0012147008],[4.401390912,51.8445498432],[4.348508352,51.690105427199995],[4.292240447999999,51.537881452799994],[4.2325872,51.38787792000001],[4.169548608,51.240094828800004],[4.103124672,51.0945321792],[4.033315391999999,50.9511899712],[3.960120768,50.810068204800004],[3.8835408,50.67116688000001],[3.803575488,50.5344859968],[3.720224831999999,50.4000255552],[3.633488832,50.26778555520001],[3.5433674879999995,50.137765996800006],[3.4498607999999997,50.00996687999999],[3.3529687679999998,49.884388204800004],[3.252691391999999,49.7610299712],[3.1490286719999996,49.6398921792],[3.0419806079999994,49.52097482880001],[2.9315471999999994,49.404277920000006],[2.8177284479999996,49.2898014528],[2.700524351999999,49.1775454272],[2.579934911999999,49.0675098432],[2.4559601279999987,48.9596947008],[2.328599999999999,48.8541]]},"properties":{}},{"type":"Feature","geometry":{"type":"LineString","coordinates":[[4.497,52.1601],[4.450888128,52.0012147008],[4.401390912,51.8445498432],[4.348508352,51.690105427199995],[4.292240447999999,51.537881452799994],[4.2325872,51.38787792000001],[4.169548608,51.240094828800004],[4.103124672,51.0945321792],[4.033315391999999,50.9511899712],[3.960120768,50.810068204800004],[3.8835408,50.67116688000001],[3.803575488,50.5344859968],[3.720224831999999,50.4000255552],[3.633488832,50.26778555520001],[3.5433674879999995,50.137765996800006],[3.4498607999999997,50.00996687999999],[3.3529687679999998,49.884388204800004],[3.252691391999999,49.7610299712],[3.1490286719999996,49.6398921792],[3.0419806079999994,49.52097482880001],[2.9315471999999994,49.404277920000006],[2.8177284479999996,49.2898014528],[2.700524351999999,49.1775454272],[2.579934911999999,49.0675098432],[2.4559601279999987,48.9596947008],[2.328599999999999,48.8541]]},"properties":{"_map_colour":"#A0525B","_k":"217"}},{"type":"Feature","geometry":{"type":"LineString","coordinates":[[4.497,52.1601],[4.451801408,52.001604697599994],[4.403220031999999,51.8453056704],[4.351255871999999,51.6912029184],[4.295908927999999,51.53929644159999],[4.237179200000001,51.38958624000001],[4.175066688,51.2420723136],[4.109571391999999,51.0967546624],[4.040693311999999,50.9536332864],[3.968432448,50.8127081856],[3.8927888,50.67397936000001],[3.8137623679999995,50.5374468096],[3.731353151999999,50.40311053439999],[3.645561152,50.27097053440001],[3.556386368,50.14102680960001],[3.4638288,50.01327936],[3.3678884479999995,49.8877281856],[3.268565312,49.7643732864],[3.1658593919999998,49.6432146624],[3.0597706879999995,49.5242523136],[2.9502991999999995,49.40748624],[2.8374449279999996,49.2929164416],[2.721207871999999,49.1805429184],[2.601588031999999,49.070365670399994],[2.4785854079999985,48.9623846976],[2.352199999999999,48.8566]]},"properties":{}},{"type":"Feature","geometry":{"type":"LineString","coordinates":[[4.497,52.1601],[4.451801408,52.001604697599994],[4.403220031999999,51.8453056704],[4.351255871999999,51.6912029184],[4.295908927999999,51.53929644159999],[4.237179200000001,51.38958624000001],[4.175066688,51.2420723136],[4.109571391999999,51.0967546624],[4.040693311999999,50.9536332864],[3.968432448,50.8127081856],[3.8927888,50.67397936000001],[3.8137623679999995,50.5374468096],[3.731353151999999,50.40311053439999],[3.645561152,50.27097053440001],[3.556386368,50.14102680960001],[3.4638288,50.01327936],[3.3678884479999995,49.8877281856],[3.268565312,49.7643732864],[3.1658593919999998,49.6432146624],[3.0597706879999995,49.5242523136],[2.9502991999999995,49.40748624],[2.8374449279999996,49.2929164416],[2.721207871999999,49.1805429184],[2.601588031999999,49.070365670399994],[2.4785854079999985,48.9623846976],[2.352199999999999,48.8566]]},"properties":{"_map_colour":"#A0525B","_k":"219"}},{"type":"Feature","geometry":{"type":"LineString","coordinates":[[4.497,52.1601],[9.1195993088,53.047855667200004],[13.729746675200001,53.8210980288],[18.3274420992,54.4798270848],[22.9126855808,55.02404283519999],[27.485477120000006,55.453745280000014],[32.045816716800005,55.76893441920001],[36.593704371200005,55.9696102528],[41.1291400832,56.0557727808],[45.6521238528,56.0274220032],[50.16265568,55.884557920000006],[54.6607355648,55.6271805312],[59.14636350719999,55.25528983679999],[63.619539507199995,54.7688858368],[68.08026356479999,54.1679685312],[72.52853568,53.45253792],[76.9643558528,52.6225940032],[81.38772408320001,51.6781367808],[85.79864037120001,50.6191662528],[90.19710471680003,49.4456824192],[94.58311712000003,48.157685279999995],[98.95667758080003,46.755174835199995],[103.31778609920003,45.238151084799995],[107.66644267520003,43.606614028799996],[112.00264730880004,41.86056366719998],[116.32640000000004,39.999999999999986]]},"properties":{}},{"type":"Feature","geometry":{"type":"LineString","coordinates":[[4.497,52.1601],[9.1195993088,53.047855667200004],[13.729746675200001,53.8210980288],[18.3274420992,54.4798270848],[22.9126855808,55.02404283519999],[27.485477120000006,55.453745280000014],[32.045816716800005,55.76893441920001],[36.593704371200005,55.9696102528],[41.1291400832,56.0557727808],[45.6521238528,56.0274220032],[50.16265568,55.884557920000006],[54.6607355648,55.6271805312],[59.14636350719999,55.25528983679999],[63.619539507199995,54.7688858368],[68.08026356479999,54.1679685312],[72.52853568,53.45253792],[76.9643558528,52.6225940032],[81.38772408320001,51.6781367808],[85.79864037120001,50.6191662528],[90.19710471680003,49.4456824192],[94.58311712000003,48.157685279999995],[98.95667758080003,46.755174835199995],[103.31778609920003,45.238151084799995],[107.66644267520003,43.606614028799996],[112.00264730880004,41.86056366719998],[116.32640000000004,39.999999999999986]]},"properties":{"_map_colour":"#A0525B","_k":"221"}},{"type":"Feature","geometry":{"type":"LineString","coordinates":[[7.592,47.548],[4.3127784895999985,46.162443264000004],[1.0247104383999992,44.863552256000006],[-2.2722041536000006,43.651326976],[-5.577965286400001,42.525767424],[-8.892572960000003,41.48687360000001],[-12.2160271744,40.534645504000004],[-15.548327929600003,39.669083136],[-18.889475225600002,38.890186496],[-22.239469062399998,38.197955584],[-25.59830944,37.592390400000006],[-28.965996358399998,37.073490944],[-32.342529817599996,36.64125721599999],[-35.72790981759999,36.29568921600001],[-39.1221363584,36.036786944],[-42.52520944,35.8645504],[-45.937129062400004,35.778979584],[-49.35789522560001,35.780074496],[-52.787507929600004,35.867835136],[-56.22596717440001,36.042261504],[-59.67327296000002,36.3033536],[-63.12942528640002,36.65111142400001],[-66.59442415360003,37.085534976000005],[-70.06826956160002,37.606624256],[-73.55096151040003,38.214379264],[-77.04250000000002,38.9088]]},"properties":{}},{"type":"Feature","geometry":{"type":"LineString","coordinates":[[7.592,47.548],[4.3127784895999985,46.162443264000004],[1.0247104383999992,44.863552256000006],[-2.2722041536000006,43.651326976],[-5.577965286400001,42.525767424],[-8.892572960000003,41.48687360000001],[-12.2160271744,40.534645504000004],[-15.548327929600003,39.669083136],[-18.889475225600002,38.890186496],[-22.239469062399998,38.197955584],[-25.59830944,37.592390400000006],[-28.965996358399998,37.073490944],[-32.342529817599996,36.64125721599999],[-35.72790981759999,36.29568921600001],[-39.1221363584,36.036786944],[-42.52520944,35.8645504],[-45.937129062400004,35.778979584],[-49.35789522560001,35.780074496],[-52.787507929600004,35.867835136],[-56.22596717440001,36.042261504],[-59.67327296000002,36.3033536],[-63.12942528640002,36.65111142400001],[-66.59442415360003,37.085534976000005],[-70.06826956160002,37.606624256],[-73.55096151040003,38.214379264],[-77.04250000000002,38.9088]]},"properties":{"_map_colour":"#A0525B","_k":"223"}},{"type":"Feature","geometry":{"type":"LineString","coordinates":[[7.592,47.548],[13.0202126784,48.69586039040001],[18.436268633599997,49.708493081600004],[23.8401678656,50.585898073600006],[29.2319103744,51.3280753664],[34.61149616,51.93502496000001],[39.97892522240001,52.406746854400005],[45.3341975616,52.74324104960001],[50.6773131776,52.9445075456],[56.0082720704,53.0105463424],[61.32707424,52.941357440000004],[66.6337196864,52.736940838399995],[71.92820840959999,52.3972965376],[77.21054040959999,51.92242453760001],[82.48071568639999,51.3123248384],[87.73873423999999,50.56699744],[92.9845960704,49.6864423424],[98.21830117760001,48.6706595456],[103.4398495616,47.5196490496],[108.64924122240002,46.2334108544],[113.84647616000002,44.81194495999999],[119.03155437440003,43.255251366399996],[124.20447586560002,41.56333007359999],[129.36524063360002,39.73618108159999],[134.51384867840002,37.77380439039998],[139.65030000000002,35.67619999999999]]},"properties":{}},{"type":"Feature","geometry":{"type":"LineString","coordinates":[[7.592,47.548],[13.0202126784,48.69586039040001],[18.436268633599997,49.708493081600004],[23.8401678656,50.585898073600006],[29.2319103744,51.3280753664],[34.61149616,51.93502496000001],[39.97892522240001,52.406746854400005],[45.3341975616,52.74324104960001],[50.6773131776,52.9445075456],[56.0082720704,53.0105463424],[61.32707424,52.941357440000004],[66.6337196864,52.736940838399995],[71.92820840959999,52.3972965376],[77.21054040959999,51.92242453760001],[82.48071568639999,51.3123248384],[87.73873423999999,50.56699744],[92.9845960704,49.6864423424],[98.21830117760001,48.6706595456],[103.4398495616,47.5196490496],[108.64924122240002,46.2334108544],[113.84647616000002,44.81194495999999],[119.03155437440003,43.255251366399996],[124.20447586560002,41.56333007359999],[129.36524063360002,39.73618108159999],[134.51384867840002,37.77380439039998],[139.65030000000002,35.67619999999999]]},"properties":{"_map_colour":"#A0525B","_k":"225"}},{"type":"Feature","geometry":{"type":"LineString","coordinates":[[-122.4116,37.7883],[-122.4435973824,37.808228563200004],[-122.4748986496,37.8287624128],[-122.5055038016,37.8499015488],[-122.53541283839999,37.871645971199996],[-122.56462576000001,37.89399568000001],[-122.59314256640002,37.916950675200006],[-122.62096325760001,37.940510956800004],[-122.6480878336,37.9646765248],[-122.67451629440001,37.989447379199994],[-122.70024864000001,38.01482352000001],[-122.7252848704,38.0408049472],[-122.7496249856,38.0673916608],[-122.77326898560001,38.094583660800005],[-122.7962168704,38.1223809472],[-122.81846863999999,38.150783520000005],[-122.8400242944,38.1797913792],[-122.86088383360001,38.2094045248],[-122.88104725760002,38.239622956800005],[-122.9005145664,38.270446675200006],[-122.91928576000001,38.30187568],[-122.93736083840001,38.3339099712],[-122.9547398016,38.3665495488],[-122.9714226496,38.3997944128],[-122.9874093824,38.4336445632],[-123.0027,38.4681]]},"properties":{}},{"type":"Feature","geometry":{"type":"LineString","coordinates":[[-122.4116,37.7883],[-122.4435973824,37.808228563200004],[-122.4748986496,37.8287624128],[-122.5055038016,37.8499015488],[-122.53541283839999,37.871645971199996],[-122.56462576000001,37.89399568000001],[-122.59314256640002,37.916950675200006],[-122.62096325760001,37.940510956800004],[-122.6480878336,37.9646765248],[-122.67451629440001,37.989447379199994],[-122.70024864000001,38.01482352000001],[-122.7252848704,38.0408049472],[-122.7496249856,38.0673916608],[-122.77326898560001,38.094583660800005],[-122.7962168704,38.1223809472],[-122.81846863999999,38.150783520000005],[-122.8400242944,38.1797913792],[-122.86088383360001,38.2094045248],[-122.88104725760002,38.239622956800005],[-122.9005145664,38.270446675200006],[-122.91928576000001,38.30187568],[-122.93736083840001,38.3339099712],[-122.9547398016,38.3665495488],[-122.9714226496,38.3997944128],[-122.9874093824,38.4336445632],[-123.0027,38.4681]]},"properties":{"_map_colour":"#A0525B","_k":"227"}},{"type":"Feature","geometry":{"type":"LineString","coordinates":[[-123.0027,38.4681],[-121.069974656,39.161946361599995],[-119.134907424,39.8055955264],[-117.19749830399999,40.399047494399994],[-115.25774729599999,40.94230226559999],[-113.31565440000003,41.435359840000004],[-111.371219616,41.878220217599996],[-109.42444294399999,42.270883398399995],[-107.475324384,42.61334938239999],[-105.523863936,42.905618169600004],[-103.57006160000002,43.14768976],[-101.613917376,43.339564153599994],[-99.65543126399999,43.48124135039999],[-97.69460326400002,43.572721350399995],[-95.73143337600001,43.61400415359999],[-93.76592160000001,43.60508976],[-91.798067936,43.5459781696],[-89.827872384,43.4366693824],[-87.85533494399999,43.27716339839999],[-85.880455616,43.0674602176],[-83.9032344,42.807559839999996],[-81.923671296,42.4974622656],[-79.941766304,42.137167494399996],[-77.95751942399998,41.726675526399994],[-75.97093065599998,41.26598636159999],[-73.98199999999999,40.7551]]},"properties":{}},{"type":"Feature","geometry":{"type":"LineString","coordinates":[[-123.0027,38.4681],[-121.069974656,39.161946361599995],[-119.134907424,39.8055955264],[-117.19749830399999,40.399047494399994],[-115.25774729599999,40.94230226559999],[-113.31565440000003,41.435359840000004],[-111.371219616,41.878220217599996],[-109.42444294399999,42.270883398399995],[-107.475324384,42.61334938239999],[-105.523863936,42.905618169600004],[-103.57006160000002,43.14768976],[-101.613917376,43.339564153599994],[-99.65543126399999,43.48124135039999],[-97.69460326400002,43.572721350399995],[-95.73143337600001,43.61400415359999],[-93.76592160000001,43.60508976],[-91.798067936,43.5459781696],[-89.827872384,43.4366693824],[-87.85533494399999,43.27716339839999],[-85.880455616,43.0674602176],[-83.9032344,42.807559839999996],[-81.923671296,42.4974622656],[-79.941766304,42.137167494399996],[-77.95751942399998,41.726675526399994],[-75.97093065599998,41.26598636159999],[-73.98199999999999,40.7551]]},"properties":{"_map_colour":"#A0525B","_k":"229"}},{"type":"Feature","geometry":{"type":"LineString","coordinates":[[-123.0027,38.4681],[-121.034632352,39.197076684799995],[-119.06365500800001,39.87477697920001],[-117.089767968,40.5012008832],[-115.11297123199998,41.07634839679999],[-113.13326480000002,41.60021952],[-111.15064867199999,42.0728142528],[-109.165122848,42.4941325952],[-107.17668732799999,42.864174547199994],[-105.185342112,43.1829401088],[-103.19108720000003,43.45042928],[-101.193922592,43.6666420608],[-99.193848288,43.831578451199995],[-97.19086428800001,43.9452384512],[-95.184970592,44.0076220608],[-93.1761672,44.01872928],[-91.164454112,43.9785601088],[-89.149831328,43.8871145472],[-87.132298848,43.7443925952],[-85.111856672,43.550394252800004],[-83.0885048,43.305119520000005],[-81.06224323199999,43.0085683968],[-79.033071968,42.660740883200006],[-77.00099100799999,42.2616369792],[-74.96600035199998,41.8112566848],[-72.92809999999999,41.3096]]},"properties":{}},{"type":"Feature","geometry":{"type":"LineString","coordinates":[[-123.0027,38.4681],[-121.034632352,39.197076684799995],[-119.06365500800001,39.87477697920001],[-117.089767968,40.5012008832],[-115.11297123199998,41.07634839679999],[-113.13326480000002,41.60021952],[-111.15064867199999,42.0728142528],[-109.165122848,42.4941325952],[-107.17668732799999,42.864174547199994],[-105.185342112,43.1829401088],[-103.19108720000003,43.45042928],[-101.193922592,43.6666420608],[-99.193848288,43.831578451199995],[-97.19086428800001,43.9452384512],[-95.184970592,44.0076220608],[-93.1761672,44.01872928],[-91.164454112,43.9785601088],[-89.149831328,43.8871145472],[-87.132298848,43.7443925952],[-85.111856672,43.550394252800004],[-83.0885048,43.305119520000005],[-81.06224323199999,43.0085683968],[-79.033071968,42.660740883200006],[-77.00099100799999,42.2616369792],[-74.96600035199998,41.8112566848],[-72.92809999999999,41.3096]]},"properties":{"_map_colour":"#A0525B","_k":"231"}},{"type":"Feature","geometry":{"type":"LineString","coordinates":[[-77.04,38.902],[-77.039446272,38.901907456],[-77.038898688,38.901802624000005],[-77.038357248,38.90168550399999],[-77.037821952,38.90155609599999],[-77.03729280000002,38.90141440000001],[-77.036769792,38.901260416],[-77.036252928,38.901094144],[-77.03574220799999,38.900915583999996],[-77.03523763199999,38.900724736],[-77.0347392,38.900521600000005],[-77.034246912,38.900306176],[-77.033760768,38.900078463999996],[-77.033280768,38.899838464],[-77.032806912,38.899586176],[-77.0323392,38.8993216],[-77.031877632,38.899044736],[-77.03142220800001,38.898755584],[-77.03097292800001,38.898454144],[-77.03052979200001,38.898140416000004],[-77.0300928,38.8978144],[-77.029661952,38.897476096000005],[-77.02923724800002,38.897125504],[-77.02881868800002,38.896762624],[-77.028406272,38.896387456],[-77.028,38.896]]},"properties":{}},{"type":"Feature","geometry":{"type":"LineString","coordinates":[[-77.04,38.902],[-77.039446272,38.901907456],[-77.038898688,38.901802624000005],[-77.038357248,38.90168550399999],[-77.037821952,38.90155609599999],[-77.03729280000002,38.90141440000001],[-77.036769792,38.901260416],[-77.036252928,38.901094144],[-77.03574220799999,38.900915583999996],[-77.03523763199999,38.900724736],[-77.0347392,38.900521600000005],[-77.034246912,38.900306176],[-77.033760768,38.900078463999996],[-77.033280768,38.899838464],[-77.032806912,38.899586176],[-77.0323392,38.8993216],[-77.031877632,38.899044736],[-77.03142220800001,38.898755584],[-77.03097292800001,38.898454144],[-77.03052979200001,38.898140416000004],[-77.0300928,38.8978144],[-77.029661952,38.897476096000005],[-77.02923724800002,38.897125504],[-77.02881868800002,38.896762624],[-77.028406272,38.896387456],[-77.028,38.896]]},"properties":{"_map_colour":"#A0525B","_k":"233"}},{"type":"Feature","geometry":{"type":"LineString","coordinates":[[-77.04,38.902],[-73.98800992000001,40.275787968],[-70.92581568,41.568310272],[-67.85341728,42.779566912],[-64.77081471999999,43.909557887999995],[-61.67800800000001,44.95828320000002],[-58.574997120000006,45.925742848000006],[-55.46178208,46.811936832],[-52.33836288,47.616865151999995],[-49.204739520000004,48.340527808000004],[-46.06091200000001,48.982924800000006],[-42.906880320000006,49.544056127999994],[-39.74264448,50.023921791999996],[-36.56820448000001,50.422521792000005],[-33.38356032000001,50.739856128],[-30.188712000000002,50.9759248],[-26.98365952,51.130727808],[-23.76840288,51.204265152000005],[-20.542942079999996,51.196536832],[-17.307277119999995,51.10754284800001],[-14.06140799999999,50.937283199999996],[-10.805334719999987,50.685757888],[-7.539057279999983,50.352966912],[-4.262575679999979,49.938910271999994],[-0.9758899199999758,49.44358796799999],[2.3210000000000184,48.86699999999999]]},"properties":{}},{"type":"Feature","geometry":{"type":"LineString","coordinates":[[-77.04,38.902],[-73.98800992000001,40.275787968],[-70.92581568,41.568310272],[-67.85341728,42.779566912],[-64.77081471999999,43.909557887999995],[-61.67800800000001,44.95828320000002],[-58.574997120000006,45.925742848000006],[-55.46178208,46.811936832],[-52.33836288,47.616865151999995],[-49.204739520000004,48.340527808000004],[-46.06091200000001,48.982924800000006],[-42.906880320000006,49.544056127999994],[-39.74264448,50.023921791999996],[-36.56820448000001,50.422521792000005],[-33.38356032000001,50.739856128],[-30.188712000000002,50.9759248],[-26.98365952,51.130727808],[-23.76840288,51.204265152000005],[-20.542942079999996,51.196536832],[-17.307277119999995,51.10754284800001],[-14.06140799999999,50.937283199999996],[-10.805334719999987,50.685757888],[-7.539057279999983,50.352966912],[-4.262575679999979,49.938910271999994],[-0.9758899199999758,49.44358796799999],[2.3210000000000184,48.86699999999999]]},"properties":{"_map_colour":"#A0525B","_k":"235"}},{"type":"Feature","geometry":{"type":"LineString","coordinates":[[-77.04,38.902],[-68.33274936960002,41.4356584064],[-59.62880195840001,43.7474259456],[-50.928157766400005,45.8373026176],[-42.2308167936,47.705288422399995],[-33.53677904000001,49.351383360000014],[-24.84604450560001,50.77558743040001],[-16.158613190400004,51.97790063360001],[-7.474485094400002,52.958322969600005],[1.20633978239999,53.716854438400006],[9.883861439999977,54.25349504000001],[18.55807987839998,54.5682447744],[27.228995097599977,54.6611036416],[35.896607097599976,54.53207164160001],[44.560915878399975,54.181148774400015],[53.22192143999998,53.60833504],[61.879623782399996,52.81363043840001],[70.5340229056,51.797034969600006],[79.1851188096,50.5585486336],[87.83291149440002,49.0981714304],[96.47740096000003,47.41590336],[105.11858720640004,45.5117444224],[113.75647023360004,43.385694617599995],[122.39105004160005,41.03775394559999],[131.02232663040004,38.46792240639998],[139.65030000000004,35.67619999999999]]},"properties":{}},{"type":"Feature","geometry":{"type":"LineString","coordinates":[[-77.04,38.902],[-68.33274936960002,41.4356584064],[-59.62880195840001,43.7474259456],[-50.928157766400005,45.8373026176],[-42.2308167936,47.705288422399995],[-33.53677904000001,49.351383360000014],[-24.84604450560001,50.77558743040001],[-16.158613190400004,51.97790063360001],[-7.474485094400002,52.958322969600005],[1.20633978239999,53.716854438400006],[9.883861439999977,54.25349504000001],[18.55807987839998,54.5682447744],[27.228995097599977,54.6611036416],[35.896607097599976,54.53207164160001],[44.560915878399975,54.181148774400015],[53.22192143999998,53.60833504],[61.879623782399996,52.81363043840001],[70.5340229056,51.797034969600006],[79.1851188096,50.5585486336],[87.83291149440002,49.0981714304],[96.47740096000003,47.41590336],[105.11858720640004,45.5117444224],[113.75647023360004,43.385694617599995],[122.39105004160005,41.03775394559999],[131.02232663040004,38.46792240639998],[139.65030000000004,35.67619999999999]]},"properties":{"_map_colour":"#A0525B","_k":"237"}},{"type":"Feature","geometry":{"type":"LineString","coordinates":[[-77.043,38.9095],[-76.84868165760001,39.1207738496],[-76.65081751040002,39.3259838784],[-76.44940755840001,39.525130086400004],[-76.2444518016,39.71821247359999],[-76.03595024000002,39.905231040000004],[-75.82390287360002,40.0861857856],[-75.6083097024,40.2610767104],[-75.38917072640001,40.42990381439999],[-75.1664859456,40.5926670976],[-74.94025536000002,40.74936656],[-74.7104789696,40.9000022016],[-74.4771567744,41.04457402239999],[-74.24028877440001,41.1830820224],[-73.99987496960001,41.315526201599994],[-73.75591536000002,41.44190656],[-73.50840994560002,41.5622230976],[-73.25735872640001,41.6764758144],[-73.00276170240001,41.784664710399994],[-72.74461887360002,41.8867897856],[-72.48293024,41.98285104],[-72.21769580160002,42.0728484736],[-71.9489155584,42.1567820864],[-71.6765895104,42.2346518784],[-71.40071765760001,42.306457849599994],[-71.1213,42.3722]]},"properties":{}},{"type":"Feature","geometry":{"type":"LineString","coordinates":[[-77.043,38.9095],[-76.84868165760001,39.1207738496],[-76.65081751040002,39.3259838784],[-76.44940755840001,39.525130086400004],[-76.2444518016,39.71821247359999],[-76.03595024000002,39.905231040000004],[-75.82390287360002,40.0861857856],[-75.6083097024,40.2610767104],[-75.38917072640001,40.42990381439999],[-75.1664859456,40.5926670976],[-74.94025536000002,40.74936656],[-74.7104789696,40.9000022016],[-74.4771567744,41.04457402239999],[-74.24028877440001,41.1830820224],[-73.99987496960001,41.315526201599994],[-73.75591536000002,41.44190656],[-73.50840994560002,41.5622230976],[-73.25735872640001,41.6764758144],[-73.00276170240001,41.784664710399994],[-72.74461887360002,41.8867897856],[-72.48293024,41.98285104],[-72.21769580160002,42.0728484736],[-71.9489155584,42.1567820864],[-71.6765895104,42.2346518784],[-71.40071765760001,42.306457849599994],[-71.1213,42.3722]]},"properties":{"_map_colour":"#A0525B","_k":"239"}},{"type":"Feature","geometry":{"type":"LineString","coordinates":[[-77.043,38.9095],[-73.6117680704,40.367651552],[-70.17108380160002,41.735059808],[-66.7209471936,43.011724768],[-63.26135824639999,44.19764643199999],[-59.79231696000001,45.29282480000001],[-56.31382333440001,46.297259872000005],[-52.82587736960001,47.210951648000005],[-49.3284790656,48.033900128],[-45.82162842240001,48.766105312],[-42.30532544000002,49.4075672],[-38.77957011840001,49.958285792],[-35.24436245760001,50.418261088],[-31.69970245760001,50.787493088000005],[-28.14559011840001,51.065981792],[-24.582025440000006,51.25372720000001],[-21.009008422400004,51.350729312],[-17.426539065599997,51.356988128000005],[-13.834617369599997,51.272503648000004],[-10.233243334399992,51.09727587200001],[-6.62241695999999,50.8313048],[-3.0021382463999853,50.474590432],[0.6275928064000187,50.027132768],[4.266776198400021,49.488931808000004],[7.915411929600026,48.85998755199999],[11.57350000000002,48.140299999999996]]},"properties":{}},{"type":"Feature","geometry":{"type":"LineString","coordinates":[[-77.043,38.9095],[-73.6117680704,40.367651552],[-70.17108380160002,41.735059808],[-66.7209471936,43.011724768],[-63.26135824639999,44.19764643199999],[-59.79231696000001,45.29282480000001],[-56.31382333440001,46.297259872000005],[-52.82587736960001,47.210951648000005],[-49.3284790656,48.033900128],[-45.82162842240001,48.766105312],[-42.30532544000002,49.4075672],[-38.77957011840001,49.958285792],[-35.24436245760001,50.418261088],[-31.69970245760001,50.787493088000005],[-28.14559011840001,51.065981792],[-24.582025440000006,51.25372720000001],[-21.009008422400004,51.350729312],[-17.426539065599997,51.356988128000005],[-13.834617369599997,51.272503648000004],[-10.233243334399992,51.09727587200001],[-6.62241695999999,50.8313048],[-3.0021382463999853,50.474590432],[0.6275928064000187,50.027132768],[4.266776198400021,49.488931808000004],[7.915411929600026,48.85998755199999],[11.57350000000002,48.140299999999996]]},"properties":{"_map_colour":"#A0525B","_k":"241"}},{"type":"Feature","geometry":{"type":"LineString","coordinates":[[-77.043,38.9095],[-73.8035085504,40.2249199936],[-70.55652572160001,41.4551076544],[-67.30205151359999,42.6000629824],[-64.0400859264,43.659785977599995],[-60.77062896000002,44.63427664000001],[-57.493680614400006,45.5235349696],[-54.209240889600004,46.3275609664],[-50.9173097856,47.046354630399996],[-47.6178873024,47.6799159616],[-44.31097344000002,48.228244960000005],[-40.996568198400006,48.69134162559999],[-37.6746715776,49.06920595839999],[-34.34528357760001,49.3618379584],[-31.008404198400008,49.569237625599996],[-27.66403344,49.69140496],[-24.312171302399996,49.7283399616],[-20.952817785599997,49.6800426304],[-17.585972889599994,49.5465129664],[-14.211636614399989,49.327750969600004],[-10.829808959999989,49.023756639999995],[-7.440489926399985,48.634529977599996],[-4.043679513599981,48.1600709824],[-0.6393777215999785,47.600379654399994],[2.7724154496000253,46.95545599359998],[6.191700000000019,46.2253]]},"properties":{}},{"type":"Feature","geometry":{"type":"LineString","coordinates":[[-77.043,38.9095],[-73.8035085504,40.2249199936],[-70.55652572160001,41.4551076544],[-67.30205151359999,42.6000629824],[-64.0400859264,43.659785977599995],[-60.77062896000002,44.63427664000001],[-57.493680614400006,45.5235349696],[-54.209240889600004,46.3275609664],[-50.9173097856,47.046354630399996],[-47.6178873024,47.6799159616],[-44.31097344000002,48.228244960000005],[-40.996568198400006,48.69134162559999],[-37.6746715776,49.06920595839999],[-34.34528357760001,49.3618379584],[-31.008404198400008,49.569237625599996],[-27.66403344,49.69140496],[-24.312171302399996,49.7283399616],[-20.952817785599997,49.6800426304],[-17.585972889599994,49.5465129664],[-14.211636614399989,49.327750969600004],[-10.829808959999989,49.023756639999995],[-7.440489926399985,48.634529977599996],[-4.043679513599981,48.1600709824],[-0.6393777215999785,47.600379654399994],[2.7724154496000253,46.95545599359998],[6.191700000000019,46.2253]]},"properties":{"_map_colour":"#A0525B","_k":"243"}},{"type":"Feature","geometry":{"type":"LineString","coordinates":[[-77.023,38.883],[-76.923903168,38.9960019584],[-76.822875072,39.10587375360001],[-76.719915712,39.212615385599996],[-76.615025088,39.3162268544],[-76.50820320000001,39.41670816000001],[-76.399450048,39.5140593024],[-76.28876563199998,39.6082802816],[-76.17614995199999,39.6993710976],[-76.06160300799999,39.7873317504],[-75.9451248,39.87216224000001],[-75.82671532799999,39.953862566400005],[-75.70637459199999,40.0324327296],[-75.584102592,40.107872729600004],[-75.459899328,40.1801825664],[-75.3337648,40.24936224],[-75.205699008,40.3154117504],[-75.075701952,40.3783310976],[-74.94377363199999,40.4381202816],[-74.809914048,40.494779302400005],[-74.6741232,40.54830816],[-74.536401088,40.5987068544],[-74.396747712,40.6459753856],[-74.25516307199999,40.6901137536],[-74.111647168,40.731121958399996],[-73.9662,40.769]]},"properties":{}},{"type":"Feature","geometry":{"type":"LineString","coordinates":[[-77.023,38.883],[-76.923903168,38.9960019584],[-76.822875072,39.10587375360001],[-76.719915712,39.212615385599996],[-76.615025088,39.3162268544],[-76.50820320000001,39.41670816000001],[-76.399450048,39.5140593024],[-76.28876563199998,39.6082802816],[-76.17614995199999,39.6993710976],[-76.06160300799999,39.7873317504],[-75.9451248,39.87216224000001],[-75.82671532799999,39.953862566400005],[-75.70637459199999,40.0324327296],[-75.584102592,40.107872729600004],[-75.459899328,40.1801825664],[-75.3337648,40.24936224],[-75.205699008,40.3154117504],[-75.075701952,40.3783310976],[-74.94377363199999,40.4381202816],[-74.809914048,40.494779302400005],[-74.6741232,40.54830816],[-74.536401088,40.5987068544],[-74.396747712,40.6459753856],[-74.25516307199999,40.6901137536],[-74.111647168,40.731121958399996],[-73.9662,40.769]]},"properties":{"_map_colour":"#A0525B","_k":"245"}},{"type":"Feature","geometry":{"type":"LineString","coordinates":[[-77.023,38.883],[-77.0238663872,38.8835830784],[-77.02471290880001,38.88418223360001],[-77.02553956479998,38.8847974656],[-77.02634635519999,38.8854287744],[-77.02713328,38.886076160000016],[-77.0279003392,38.8867396224],[-77.0286475328,38.8874191616],[-77.02937486079999,38.8881147776],[-77.03008232319999,38.888826470400005],[-77.03076992000001,38.88955424000001],[-77.0314376512,38.8902980864],[-77.03208551679998,38.8910580096],[-77.03271351679999,38.891834009600004],[-77.0333216512,38.8926260864],[-77.03390992,38.89343424],[-77.0344783232,38.894258470400004],[-77.0350268608,38.8950987776],[-77.0355555328,38.8959551616],[-77.03606433920001,38.896827622400004],[-77.03655328,38.89771616],[-77.03702235520001,38.8986207744],[-77.0374715648,38.8995414656],[-77.03790090880001,38.9004782336],[-77.0383103872,38.9014310784],[-77.0387,38.9024]]},"properties":{}},{"type":"Feature","geometry":{"type":"LineString","coordinates":[[-77.023,38.883],[-77.0238663872,38.8835830784],[-77.02471290880001,38.88418223360001],[-77.02553956479998,38.8847974656],[-77.02634635519999,38.8854287744],[-77.02713328,38.886076160000016],[-77.0279003392,38.8867396224],[-77.0286475328,38.8874191616],[-77.02937486079999,38.8881147776],[-77.03008232319999,38.888826470400005],[-77.03076992000001,38.88955424000001],[-77.0314376512,38.8902980864],[-77.03208551679998,38.8910580096],[-77.03271351679999,38.891834009600004],[-77.0333216512,38.8926260864],[-77.03390992,38.89343424],[-77.0344783232,38.894258470400004],[-77.0350268608,38.8950987776],[-77.0355555328,38.8959551616],[-77.03606433920001,38.896827622400004],[-77.03655328,38.89771616],[-77.03702235520001,38.8986207744],[-77.0374715648,38.8995414656],[-77.03790090880001,38.9004782336],[-77.0383103872,38.9014310784],[-77.0387,38.9024]]},"properties":{"_map_colour":"#A0525B","_k":"247"}},{"type":"Feature","geometry":{"type":"LineString","coordinates":[[-77.023,38.883],[-73.7846341824,40.1992342336],[-70.53874984960001,41.43025661440001],[-67.28534700159999,42.5760671424],[-64.02442563839999,43.636665817600004],[-60.75598576000001,44.612052640000016],[-57.480027366399995,45.502227609600006],[-54.1965504576,46.3071907264],[-50.90555503359999,47.0269419904],[-47.607041094399996,47.6614814016],[-44.30100864000001,48.21080896000001],[-40.9874576704,48.6749246656],[-37.666388185600006,49.05382851839999],[-34.3378001856,49.3475205184],[-31.0016936704,49.556000665599996],[-27.65806864,49.67926896],[-24.3069250944,49.7173254016],[-20.948263033599996,49.6701699904],[-17.582082457599995,49.5378027264],[-14.208383366399989,49.3202236096],[-10.827165759999987,49.017432639999996],[-7.438429638399984,48.6294298176],[-4.042175001599981,48.1562151424],[-0.6384018495999779,47.597788614399995],[2.7728898176000256,46.95415023359999],[6.191700000000019,46.2253]]},"properties":{}},{"type":"Feature","geometry":{"type":"LineString","coordinates":[[-77.023,38.883],[-73.7846341824,40.1992342336],[-70.53874984960001,41.43025661440001],[-67.28534700159999,42.5760671424],[-64.02442563839999,43.636665817600004],[-60.75598576000001,44.612052640000016],[-57.480027366399995,45.502227609600006],[-54.1965504576,46.3071907264],[-50.90555503359999,47.0269419904],[-47.607041094399996,47.6614814016],[-44.30100864000001,48.21080896000001],[-40.9874576704,48.6749246656],[-37.666388185600006,49.05382851839999],[-34.3378001856,49.3475205184],[-31.0016936704,49.556000665599996],[-27.65806864,49.67926896],[-24.3069250944,49.7173254016],[-20.948263033599996,49.6701699904],[-17.582082457599995,49.5378027264],[-14.208383366399989,49.3202236096],[-10.827165759999987,49.017432639999996],[-7.438429638399984,48.6294298176],[-4.042175001599981,48.1562151424],[-0.6384018495999779,47.597788614399995],[2.7728898176000256,46.95415023359999],[6.191700000000019,46.2253]]},"properties":{"_map_colour":"#A0525B","_k":"249"}},{"type":"Feature","geometry":{"type":"LineString","coordinates":[[-73.982,40.7551],[-73.9815388032,40.75585015039999],[-73.9810633728,40.7565841216],[-73.9805737088,40.757301913599996],[-73.9800698112,40.758003526399996],[-73.97955168,40.75868896000001],[-73.97901931519999,40.759358214399995],[-73.97847271679998,40.7600112896],[-73.9779118848,40.7606481856],[-73.97733681919999,40.7612689024],[-73.97674752,40.76187344000001],[-73.97614398719999,40.762461798400004],[-73.97552622079999,40.76303397759999],[-73.9748942208,40.763589977600006],[-73.97424798719999,40.7641297984],[-73.97358752,40.76465344],[-73.97291281919999,40.7651609024],[-73.9722238848,40.765652185600004],[-73.9715207168,40.76612728959999],[-73.9708033152,40.7665862144],[-73.97007167999999,40.76702896],[-73.96932581120001,40.7674555264],[-73.9685657088,40.767865913600005],[-73.9677913728,40.7682601216],[-73.9670028032,40.768638150399994],[-73.9662,40.769]]},"properties":{}},{"type":"Feature","geometry":{"type":"LineString","coordinates":[[-73.982,40.7551],[-73.9815388032,40.75585015039999],[-73.9810633728,40.7565841216],[-73.9805737088,40.757301913599996],[-73.9800698112,40.758003526399996],[-73.97955168,40.75868896000001],[-73.97901931519999,40.759358214399995],[-73.97847271679998,40.7600112896],[-73.9779118848,40.7606481856],[-73.97733681919999,40.7612689024],[-73.97674752,40.76187344000001],[-73.97614398719999,40.762461798400004],[-73.97552622079999,40.76303397759999],[-73.9748942208,40.763589977600006],[-73.97424798719999,40.7641297984],[-73.97358752,40.76465344],[-73.97291281919999,40.7651609024],[-73.9722238848,40.765652185600004],[-73.9715207168,40.76612728959999],[-73.9708033152,40.7665862144],[-73.97007167999999,40.76702896],[-73.96932581120001,40.7674555264],[-73.9685657088,40.767865913600005],[-73.9677913728,40.7682601216],[-73.9670028032,40.768638150399994],[-73.9662,40.769]]},"properties":{"_map_colour":"#A0525B","_k":"251"}},{"type":"Feature","geometry":{"type":"LineString","coordinates":[[-73.982,40.7551],[-70.5369669376,41.863654579199995],[-67.0907586304,42.8836552768],[-63.64337507839999,43.8151020928],[-60.19481628159999,44.65799502719999],[-56.74508224000001,45.41233408000001],[-53.294172953600004,46.0781192512],[-49.842088422399996,46.6553505408],[-46.388828646399986,47.144027948799994],[-42.9343936256,47.5441514752],[-39.47878336000001,47.855721120000005],[-36.0219978496,48.078736883199994],[-32.5640370944,48.21319876479999],[-29.104901094400006,48.259106764799995],[-25.644589849600003,48.2164608832],[-22.18310336,48.08526112],[-18.7204416256,47.8655074752],[-15.256604646399996,47.5571999488],[-11.791592422399992,47.1603385408],[-8.325404953599989,46.6749232512],[-4.858042239999987,46.100954079999994],[-1.389504281599983,45.4384310272],[2.08020892160002,44.6873540928],[5.551097369600022,43.8477232768],[9.023161062400025,42.91953857919999],[12.496400000000019,41.9028]]},"properties":{}},{"type":"Feature","geometry":{"type":"LineString","coordinates":[[-73.982,40.7551],[-70.5369669376,41.863654579199995],[-67.0907586304,42.8836552768],[-63.64337507839999,43.8151020928],[-60.19481628159999,44.65799502719999],[-56.74508224000001,45.41233408000001],[-53.294172953600004,46.0781192512],[-49.842088422399996,46.6553505408],[-46.388828646399986,47.144027948799994],[-42.9343936256,47.5441514752],[-39.47878336000001,47.855721120000005],[-36.0219978496,48.078736883199994],[-32.5640370944,48.21319876479999],[-29.104901094400006,48.259106764799995],[-25.644589849600003,48.2164608832],[-22.18310336,48.08526112],[-18.7204416256,47.8655074752],[-15.256604646399996,47.5571999488],[-11.791592422399992,47.1603385408],[-8.325404953599989,46.6749232512],[-4.858042239999987,46.100954079999994],[-1.389504281599983,45.4384310272],[2.08020892160002,44.6873540928],[5.551097369600022,43.8477232768],[9.023161062400025,42.91953857919999],[12.496400000000019,41.9028]]},"properties":{"_map_colour":"#A0525B","_k":"253"}},{"type":"Feature","geometry":{"type":"LineString","coordinates":[[-73.982,40.7551],[-74.0813736832,40.643540736],[-74.1826428928,40.535107743999994],[-74.28580762879999,40.429801024],[-74.39086789119999,40.327620575999994],[-74.49782368000001,40.2285664],[-74.60667499520001,40.13263849599999],[-74.7174218368,40.039836863999994],[-74.83006420479998,39.95016150399999],[-74.94460209919998,39.863612415999995],[-75.06103552,39.78018960000001],[-75.17936446719999,39.699893056],[-75.29958894079999,39.62272278399999],[-75.4217089408,39.548678784],[-75.5457244672,39.477761056],[-75.67163552,39.4099696],[-75.7994420992,39.345304416],[-75.9291442048,39.283765504],[-76.06074183679999,39.225352864],[-76.19423499519999,39.170066496000004],[-76.32962368,39.117906399999995],[-76.4669078912,39.068872576000004],[-76.6060876288,39.022965024],[-76.74716289279999,38.980183744],[-76.89013368319999,38.940528736000005],[-77.035,38.904]]},"properties":{}},{"type":"Feature","geometry":{"type":"LineString","coordinates":[[-73.982,40.7551],[-74.0813736832,40.643540736],[-74.1826428928,40.535107743999994],[-74.28580762879999,40.429801024],[-74.39086789119999,40.327620575999994],[-74.49782368000001,40.2285664],[-74.60667499520001,40.13263849599999],[-74.7174218368,40.039836863999994],[-74.83006420479998,39.95016150399999],[-74.94460209919998,39.863612415999995],[-75.06103552,39.78018960000001],[-75.17936446719999,39.699893056],[-75.29958894079999,39.62272278399999],[-75.4217089408,39.548678784],[-75.5457244672,39.477761056],[-75.67163552,39.4099696],[-75.7994420992,39.345304416],[-75.9291442048,39.283765504],[-76.06074183679999,39.225352864],[-76.19423499519999,39.170066496000004],[-76.32962368,39.117906399999995],[-76.4669078912,39.068872576000004],[-76.6060876288,39.022965024],[-76.74716289279999,38.980183744],[-76.89013368319999,38.940528736000005],[-77.035,38.904]]},"properties":{"_map_colour":"#A0525B","_k":"255"}},{"type":"Feature","geometry":{"type":"LineString","coordinates":[[-73.9662,40.769],[-74.06601488000001,40.6566967296],[-74.16773952,40.5475353984],[-74.27137391999999,40.4415160064],[-74.37691807999998,40.33863855359999],[-74.48437200000001,40.238903040000004],[-74.59373568,40.1423094656],[-74.70500912,40.0488578304],[-74.81819232,39.958548134400004],[-74.93328528,39.8713803776],[-75.05028800000001,39.78735456000001],[-75.16920048,39.7064706816],[-75.29002272,39.6287287424],[-75.41275472,39.5541287424],[-75.53739648,39.482670681600005],[-75.663948,39.41435456000001],[-75.79240928,39.34918037760001],[-75.92278032,39.287148134400006],[-76.05506112,39.2282578304],[-76.18925168,39.1725094656],[-76.32535200000001,39.119903040000004],[-76.46336208,39.070438553600006],[-76.60328192,39.02411600640001],[-76.74511152,38.9809353984],[-76.88885087999999,38.940896729600006],[-77.0345,38.904]]},"properties":{}},{"type":"Feature","geometry":{"type":"LineString","coordinates":[[-73.9662,40.769],[-74.06601488000001,40.6566967296],[-74.16773952,40.5475353984],[-74.27137391999999,40.4415160064],[-74.37691807999998,40.33863855359999],[-74.48437200000001,40.238903040000004],[-74.59373568,40.1423094656],[-74.70500912,40.0488578304],[-74.81819232,39.958548134400004],[-74.93328528,39.8713803776],[-75.05028800000001,39.78735456000001],[-75.16920048,39.7064706816],[-75.29002272,39.6287287424],[-75.41275472,39.5541287424],[-75.53739648,39.482670681600005],[-75.663948,39.41435456000001],[-75.79240928,39.34918037760001],[-75.92278032,39.287148134400006],[-76.05506112,39.2282578304],[-76.18925168,39.1725094656],[-76.32535200000001,39.119903040000004],[-76.46336208,39.070438553600006],[-76.60328192,39.02411600640001],[-76.74511152,38.9809353984],[-76.88885087999999,38.940896729600006],[-77.0345,38.904]]},"properties":{"_map_colour":"#A0525B","_k":"257"}},{"type":"Feature","geometry":{"type":"LineString","coordinates":[[-73.9662,40.769],[-70.5216281344,41.8768044288],[-67.07589525760001,42.8960711552],[-63.6290013696,43.8268001792],[-60.18094647039999,44.66899150079999],[-56.73173056000001,45.42264512000001],[-53.2813536384,46.087761036799996],[-49.8298157056,46.6643392512],[-46.37711676159999,47.15237976319999],[-42.923256806400005,47.5518825728],[-39.46823584000001,47.86284768],[-36.0120538624,48.085275084799996],[-32.5547108736,48.21916478719999],[-29.096206873600003,48.264516787199994],[-25.636541862400005,48.2213310848],[-22.175715840000002,48.08960768],[-18.7137288064,47.8693465728],[-15.250580761599998,47.56054776319999],[-11.786271705599995,47.163211251199996],[-8.32080163839999,46.6773370368],[-4.854170559999988,46.102925119999995],[-1.3863784703999844,45.439975500799996],[2.0825746304000194,44.6884881792],[5.552688742400022,43.848463155199994],[9.023963865600026,42.91990042879999],[12.496400000000019,41.9028]]},"properties":{}},{"type":"Feature","geometry":{"type":"LineString","coordinates":[[-73.9662,40.769],[-70.5216281344,41.8768044288],[-67.07589525760001,42.8960711552],[-63.6290013696,43.8268001792],[-60.18094647039999,44.66899150079999],[-56.73173056000001,45.42264512000001],[-53.2813536384,46.087761036799996],[-49.8298157056,46.6643392512],[-46.37711676159999,47.15237976319999],[-42.923256806400005,47.5518825728],[-39.46823584000001,47.86284768],[-36.0120538624,48.085275084799996],[-32.5547108736,48.21916478719999],[-29.096206873600003,48.264516787199994],[-25.636541862400005,48.2213310848],[-22.175715840000002,48.08960768],[-18.7137288064,47.8693465728],[-15.250580761599998,47.56054776319999],[-11.786271705599995,47.163211251199996],[-8.32080163839999,46.6773370368],[-4.854170559999988,46.102925119999995],[-1.3863784703999844,45.439975500799996],[2.0825746304000194,44.6884881792],[5.552688742400022,43.848463155199994],[9.023963865600026,42.91990042879999],[12.496400000000019,41.9028]]},"properties":{"_map_colour":"#A0525B","_k":"259"}},{"type":"Feature","geometry":{"type":"LineString","coordinates":[[-73.9662,40.769],[-70.956104448,42.1345581056],[-67.93569619200001,43.4198897024],[-64.904975232,44.624994790399995],[-61.86394156799999,45.749873369599996],[-58.81259520000001,46.79452544000001],[-55.750936128,47.7589510016],[-52.678964351999994,48.643150054399996],[-49.596679871999996,49.44712259839999],[-46.504082688000004,50.1708686336],[-43.40117280000001,50.81438816000001],[-40.287950208000005,51.3776811776],[-37.164414912,51.860747686399996],[-34.030566912000005,52.26358768640001],[-30.886406208000004,52.58620117760001],[-27.731932800000003,52.82858816000001],[-24.567146687999998,52.990748633600006],[-21.392047871999996,53.07268259840001],[-18.206636351999993,53.0743900544],[-15.010912127999992,52.99587100160001],[-11.804875199999989,52.83712544000001],[-8.588525567999985,52.598153369600006],[-5.361863231999983,52.27895479040001],[-2.124888191999979,51.879529702400006],[1.1223995520000236,51.3998781056],[4.380000000000018,50.839999999999996]]},"properties":{}},{"type":"Feature","geometry":{"type":"LineString","coordinates":[[-73.9662,40.769],[-70.956104448,42.1345581056],[-67.93569619200001,43.4198897024],[-64.904975232,44.624994790399995],[-61.86394156799999,45.749873369599996],[-58.81259520000001,46.79452544000001],[-55.750936128,47.7589510016],[-52.678964351999994,48.643150054399996],[-49.596679871999996,49.44712259839999],[-46.504082688000004,50.1708686336],[-43.40117280000001,50.81438816000001],[-40.287950208000005,51.3776811776],[-37.164414912,51.860747686399996],[-34.030566912000005,52.26358768640001],[-30.886406208000004,52.58620117760001],[-27.731932800000003,52.82858816000001],[-24.567146687999998,52.990748633600006],[-21.392047871999996,53.07268259840001],[-18.206636351999993,53.0743900544],[-15.010912127999992,52.99587100160001],[-11.804875199999989,52.83712544000001],[-8.588525567999985,52.598153369600006],[-5.361863231999983,52.27895479040001],[-2.124888191999979,51.879529702400006],[1.1223995520000236,51.3998781056],[4.380000000000018,50.839999999999996]]},"properties":{"_map_colour":"#A0525B","_k":"261"}},{"type":"Feature","geometry":{"type":"LineString","coordinates":[[-73.9662,40.769],[-74.065656576,40.6564566016],[-74.167031104,40.5470484864],[-74.270323584,40.44077565439999],[-74.37553401599999,40.33763810559999],[-74.48266240000001,40.23763584000001],[-74.591708736,40.1407688576],[-74.702673024,40.047037158399995],[-74.815555264,39.9564407424],[-74.930355456,39.8689796096],[-75.0470736,39.784653760000005],[-75.165709696,39.7034631936],[-75.286263744,39.62540791039999],[-75.40873574400001,39.550487910399994],[-75.533125696,39.4787031936],[-75.6594336,39.41005376],[-75.787659456,39.3445396096],[-75.91780326400001,39.282160742399995],[-76.049865024,39.222917158399994],[-76.18384473600001,39.1668088576],[-76.31974240000001,39.11383584],[-76.45755801600001,39.0639981056],[-76.597291584,39.0172956544],[-76.73894310400001,38.9737284864],[-76.88251257600001,38.9332966016],[-77.028,38.896]]},"properties":{}},{"type":"Feature","geometry":{"type":"LineString","coordinates":[[-73.9662,40.769],[-74.065656576,40.6564566016],[-74.167031104,40.5470484864],[-74.270323584,40.44077565439999],[-74.37553401599999,40.33763810559999],[-74.48266240000001,40.23763584000001],[-74.591708736,40.1407688576],[-74.702673024,40.047037158399995],[-74.815555264,39.9564407424],[-74.930355456,39.8689796096],[-75.0470736,39.784653760000005],[-75.165709696,39.7034631936],[-75.286263744,39.62540791039999],[-75.40873574400001,39.550487910399994],[-75.533125696,39.4787031936],[-75.6594336,39.41005376],[-75.787659456,39.3445396096],[-75.91780326400001,39.282160742399995],[-76.049865024,39.222917158399994],[-76.18384473600001,39.1668088576],[-76.31974240000001,39.11383584],[-76.45755801600001,39.0639981056],[-76.597291584,39.0172956544],[-76.73894310400001,38.9737284864],[-76.88251257600001,38.9332966016],[-77.028,38.896]]},"properties":{"_map_colour":"#A0525B","_k":"263"}},{"type":"Feature","geometry":{"type":"LineString","coordinates":[[-73.9662,40.769],[-74.0663938624,40.6567904256],[-74.1684925696,40.547730982400005],[-74.27249612160001,40.441821670399996],[-74.37840451839999,40.339062489599996],[-74.48621776000002,40.23945344],[-74.5959358464,40.1429945216],[-74.7075587776,40.04968573439999],[-74.8210865536,39.959527078399994],[-74.9365191744,39.872518553599996],[-75.05385664000002,39.788660160000006],[-75.1730989504,39.7079518976],[-75.2942461056,39.63039376639999],[-75.4172981056,39.5559857664],[-75.54225495040001,39.484727897599996],[-75.66911664,39.41662016],[-75.7978831744,39.3516625536],[-75.92855455360001,39.289855078399995],[-76.0611307776,39.2311977344],[-76.19561184640001,39.1756905216],[-76.33199776000001,39.123333439999996],[-76.47028851840001,39.074126489600005],[-76.61048412160001,39.0280696704],[-76.7525845696,38.9851629824],[-76.8965898624,38.9454064256],[-77.0425,38.9088]]},"properties":{}},{"type":"Feature","geometry":{"type":"LineString","coordinates":[[-73.9662,40.769],[-74.0663938624,40.6567904256],[-74.1684925696,40.547730982400005],[-74.27249612160001,40.441821670399996],[-74.37840451839999,40.339062489599996],[-74.48621776000002,40.23945344],[-74.5959358464,40.1429945216],[-74.7075587776,40.04968573439999],[-74.8210865536,39.959527078399994],[-74.9365191744,39.872518553599996],[-75.05385664000002,39.788660160000006],[-75.1730989504,39.7079518976],[-75.2942461056,39.63039376639999],[-75.4172981056,39.5559857664],[-75.54225495040001,39.484727897599996],[-75.66911664,39.41662016],[-75.7978831744,39.3516625536],[-75.92855455360001,39.289855078399995],[-76.0611307776,39.2311977344],[-76.19561184640001,39.1756905216],[-76.33199776000001,39.123333439999996],[-76.47028851840001,39.074126489600005],[-76.61048412160001,39.0280696704],[-76.7525845696,38.9851629824],[-76.8965898624,38.9454064256],[-77.0425,38.9088]]},"properties":{"_map_colour":"#A0525B","_k":"265"}},{"type":"Feature","geometry":{"type":"LineString","coordinates":[[-73.9662,40.769],[-71.19277651840001,42.102050912],[-68.4080999936,43.360645248],[-65.6121704256,44.544783008],[-62.804987814399986,45.65446419199999],[-59.98655216000001,46.689688800000006],[-57.1568634624,47.650456832],[-54.31592172159999,48.536768288],[-51.4637269376,49.348623167999996],[-48.600279110399995,50.086021472],[-45.72557824000001,50.748963200000006],[-42.839624326400006,51.337448351999996],[-39.9424173696,51.85147692799999],[-37.0339573696,52.291048928],[-34.114244326400005,52.656164352],[-31.18327824,52.9468232],[-28.2410591104,53.163025472],[-25.287586937599997,53.304771168],[-22.322861721599995,53.372060288],[-19.346883462399994,53.364892831999995],[-16.35965215999999,53.2832688],[-13.361167814399987,53.127188192],[-10.351430425599984,52.896651008],[-7.330439993599979,52.591657248],[-4.298196518399977,52.212206912],[-1.254699999999983,51.75829999999999]]},"properties":{}},{"type":"Feature","geometry":{"type":"LineString","coordinates":[[-73.9662,40.769],[-71.19277651840001,42.102050912],[-68.4080999936,43.360645248],[-65.6121704256,44.544783008],[-62.804987814399986,45.65446419199999],[-59.98655216000001,46.689688800000006],[-57.1568634624,47.650456832],[-54.31592172159999,48.536768288],[-51.4637269376,49.348623167999996],[-48.600279110399995,50.086021472],[-45.72557824000001,50.748963200000006],[-42.839624326400006,51.337448351999996],[-39.9424173696,51.85147692799999],[-37.0339573696,52.291048928],[-34.114244326400005,52.656164352],[-31.18327824,52.9468232],[-28.2410591104,53.163025472],[-25.287586937599997,53.304771168],[-22.322861721599995,53.372060288],[-19.346883462399994,53.364892831999995],[-16.35965215999999,53.2832688],[-13.361167814399987,53.127188192],[-10.351430425599984,52.896651008],[-7.330439993599979,52.591657248],[-4.298196518399977,52.212206912],[-1.254699999999983,51.75829999999999]]},"properties":{"_map_colour":"#A0525B","_k":"267"}},{"type":"Feature","geometry":{"type":"LineString","coordinates":[[-73.9662,40.769],[-70.8269310144,41.97223227519999],[-67.68207477760001,43.0933828608],[-64.5316312896,44.132451756799995],[-61.37560055039999,45.089438963199996],[-58.21398256000001,45.96434448000001],[-55.0467773184,46.7571683072],[-51.8739848256,47.4679104448],[-48.69560508159999,48.09657089279999],[-45.511638086400005,48.64314965119999],[-42.32208384000001,49.107646720000005],[-39.12694234240001,49.49006209919999],[-35.9262135936,49.79039578879999],[-32.7198975936,50.0086477888],[-29.507994342400004,50.144818099199995],[-26.290503840000003,50.19890672],[-23.067426086399998,50.170913651199996],[-19.838761081599998,50.06083889279999],[-16.604508825599993,49.8686824448],[-13.36466931839999,49.59444430719999],[-10.119242559999988,49.238124479999996],[-6.868228550399986,48.7997229632],[-3.6116272895999817,48.279239756799996],[-0.3494387775999783,47.67667486079999],[2.9183369856000243,46.992028275199985],[6.191700000000018,46.22529999999999]]},"properties":{}},{"type":"Feature","geometry":{"type":"LineString","coordinates":[[-73.9662,40.769],[-70.8269310144,41.97223227519999],[-67.68207477760001,43.0933828608],[-64.5316312896,44.132451756799995],[-61.37560055039999,45.089438963199996],[-58.21398256000001,45.96434448000001],[-55.0467773184,46.7571683072],[-51.8739848256,47.4679104448],[-48.69560508159999,48.09657089279999],[-45.511638086400005,48.64314965119999],[-42.32208384000001,49.107646720000005],[-39.12694234240001,49.49006209919999],[-35.9262135936,49.79039578879999],[-32.7198975936,50.0086477888],[-29.507994342400004,50.144818099199995],[-26.290503840000003,50.19890672],[-23.067426086399998,50.170913651199996],[-19.838761081599998,50.06083889279999],[-16.604508825599993,49.8686824448],[-13.36466931839999,49.59444430719999],[-10.119242559999988,49.238124479999996],[-6.868228550399986,48.7997229632],[-3.6116272895999817,48.279239756799996],[-0.3494387775999783,47.67667486079999],[2.9183369856000243,46.992028275199985],[6.191700000000018,46.22529999999999]]},"properties":{"_map_colour":"#A0525B","_k":"269"}},{"type":"Feature","geometry":{"type":"LineString","coordinates":[[-0.1358,51.5074],[0.05303301119999991,51.53619415039999],[0.2411826047999998,51.5603641216],[0.4286487807999998,51.57990991359999],[0.6154315391999997,51.59483152639999],[0.8015308799999998,51.60512896],[0.9869468031999997,51.6108022144],[1.1716793087999995,51.6118512896],[1.3557283967999996,51.60827618559999],[1.5390940671999993,51.6000769024],[1.7217763199999994,51.587253440000005],[1.9037751551999993,51.5698057984],[2.085090572799999,51.54773397759999],[2.2657225727999992,51.5210379776],[2.4456711551999994,51.4897177984],[2.6249363199999998,51.453773440000006],[2.8035180671999997,51.4132049024],[2.9814163968,51.3680121856],[3.1586313087999995,51.3181952896],[3.3351628032000002,51.2637542144],[3.51101088,51.20468896],[3.6861755392000006,51.1409995264],[3.8606567808000007,51.072685913600004],[4.0344546048000005,50.99974812160001],[4.2075690112,50.9221861504],[4.380000000000001,50.84]]},"properties":{}},{"type":"Feature","geometry":{"type":"LineString","coordinates":[[-0.1358,51.5074],[0.05303301119999991,51.53619415039999],[0.2411826047999998,51.5603641216],[0.4286487807999998,51.57990991359999],[0.6154315391999997,51.59483152639999],[0.8015308799999998,51.60512896],[0.9869468031999997,51.6108022144],[1.1716793087999995,51.6118512896],[1.3557283967999996,51.60827618559999],[1.5390940671999993,51.6000769024],[1.7217763199999994,51.587253440000005],[1.9037751551999993,51.5698057984],[2.085090572799999,51.54773397759999],[2.2657225727999992,51.5210379776],[2.4456711551999994,51.4897177984],[2.6249363199999998,51.453773440000006],[2.8035180671999997,51.4132049024],[2.9814163968,51.3680121856],[3.1586313087999995,51.3181952896],[3.3351628032000002,51.2637542144],[3.51101088,51.20468896],[3.6861755392000006,51.1409995264],[3.8606567808000007,51.072685913600004],[4.0344546048000005,50.99974812160001],[4.2075690112,50.9221861504],[4.380000000000001,50.84]]},"properties":{"_map_colour":"#A0525B","_k":"271"}},{"type":"Feature","geometry":{"type":"LineString","coordinates":[[-0.1358,51.5074],[0.16726993919999994,51.56445885439999],[0.46949671679999994,51.6140181376],[0.7708803328,51.656077849599995],[1.0714207872,51.69063799039999],[1.37111808,51.71769856],[1.6699722112000002,51.73725955839999],[1.9679831808000001,51.749320985599994],[2.2651509888,51.75388284159999],[2.5614756352,51.75094512639999],[2.8569571199999997,51.74050784],[3.1515954431999997,51.72257098239999],[3.445390604799999,51.69713455359999],[3.7383426047999992,51.664198553599995],[4.0304514432,51.623762982399995],[4.32171712,51.57582783999999],[4.6121396352,51.520393126399995],[4.901718988800001,51.4574588416],[5.1904551808,51.38702498559999],[5.478348211200001,51.3090915584],[5.7653980800000015,51.22365856],[6.051604787200001,51.130725990399995],[6.3369683328000015,51.0302938496],[6.621488716800002,50.9223621376],[6.9051659392000015,50.806930854399994],[7.1880000000000015,50.684]]},"properties":{}},{"type":"Feature","geometry":{"type":"LineString","coordinates":[[-0.1358,51.5074],[0.16726993919999994,51.56445885439999],[0.46949671679999994,51.6140181376],[0.7708803328,51.656077849599995],[1.0714207872,51.69063799039999],[1.37111808,51.71769856],[1.6699722112000002,51.73725955839999],[1.9679831808000001,51.749320985599994],[2.2651509888,51.75388284159999],[2.5614756352,51.75094512639999],[2.8569571199999997,51.74050784],[3.1515954431999997,51.72257098239999],[3.445390604799999,51.69713455359999],[3.7383426047999992,51.664198553599995],[4.0304514432,51.623762982399995],[4.32171712,51.57582783999999],[4.6121396352,51.520393126399995],[4.901718988800001,51.4574588416],[5.1904551808,51.38702498559999],[5.478348211200001,51.3090915584],[5.7653980800000015,51.22365856],[6.051604787200001,51.130725990399995],[6.3369683328000015,51.0302938496],[6.621488716800002,50.9223621376],[6.9051659392000015,50.806930854399994],[7.1880000000000015,50.684]]},"properties":{"_map_colour":"#A0525B","_k":"273"}},{"type":"Feature","geometry":{"type":"LineString","coordinates":[[-77.0345,38.904],[-74.16126163839999,40.3493541824],[-71.27486047359999,41.71710984960001],[-68.37529650559999,43.007267001600006],[-65.46256973439999,44.219825638399996],[-62.53668016,45.354785760000006],[-59.5976277824,46.412147366400006],[-56.64541260159999,47.3919104576],[-53.68003461759999,48.294075033599995],[-50.7014938304,49.118641094400004],[-47.70979024000001,49.865608640000005],[-44.70492384640001,50.534977670399996],[-41.6868946496,51.12674818559999],[-38.6557026496,51.6409201856],[-35.6113478464,52.0774936704],[-32.55383024,52.43646864],[-29.4831498304,52.717845094400005],[-26.399306617599997,52.9216230336],[-23.302300601599992,53.0478024576],[-20.19213178239999,53.096383366400005],[-17.068800159999988,53.06736576],[-13.932305734399986,52.960749638399996],[-10.782648505599983,52.776535001599996],[-7.619828473599978,52.514721849599994],[-4.443845638399976,52.1753101824],[-1.2546999999999824,51.75829999999999]]},"properties":{}},{"type":"Feature","geometry":{"type":"LineString","coordinates":[[-77.0345,38.904],[-74.16126163839999,40.3493541824],[-71.27486047359999,41.71710984960001],[-68.37529650559999,43.007267001600006],[-65.46256973439999,44.219825638399996],[-62.53668016,45.354785760000006],[-59.5976277824,46.412147366400006],[-56.64541260159999,47.3919104576],[-53.68003461759999,48.294075033599995],[-50.7014938304,49.118641094400004],[-47.70979024000001,49.865608640000005],[-44.70492384640001,50.534977670399996],[-41.6868946496,51.12674818559999],[-38.6557026496,51.6409201856],[-35.6113478464,52.0774936704],[-32.55383024,52.43646864],[-29.4831498304,52.717845094400005],[-26.399306617599997,52.9216230336],[-23.302300601599992,53.0478024576],[-20.19213178239999,53.096383366400005],[-17.068800159999988,53.06736576],[-13.932305734399986,52.960749638399996],[-10.782648505599983,52.776535001599996],[-7.619828473599978,52.514721849599994],[-4.443845638399976,52.1753101824],[-1.2546999999999824,51.75829999999999]]},"properties":{"_map_colour":"#A0525B","_k":"275"}},{"type":"Feature","geometry":{"type":"LineString","coordinates":[[12.4964,41.9028],[8.9519932544,40.682686156799996],[5.4045157376,39.554252467199994],[1.8539674495999998,38.5174989312],[-1.6996516096000032,37.57242554879999],[-5.256341440000002,36.719032320000004],[-8.816102041600004,35.9573192448],[-12.378933414400002,35.2872863232],[-15.944835558400003,34.7089335552],[-19.5138084736,34.222260940800005],[-23.085852159999998,33.82726848000001],[-26.660966617599996,33.523956172800006],[-30.23915184639999,33.312324019200005],[-33.820407846399995,33.19237201920001],[-37.4047346176,33.164100172800005],[-40.99213216,33.227508480000004],[-44.5826004736,33.3825969408],[-48.17613955840001,33.62936555520001],[-51.7727494144,33.9678143232],[-55.37243004160001,34.397943244800004],[-58.97518144000001,34.91975232000001],[-62.58100360960002,35.53324154880001],[-66.18989655040002,36.23841093120001],[-69.80186026240003,37.03526046720001],[-73.41689474560002,37.92379015680001],[-77.03500000000001,38.904]]},"properties":{}},{"type":"Feature","geometry":{"type":"LineString","coordinates":[[12.4964,41.9028],[8.9519932544,40.682686156799996],[5.4045157376,39.554252467199994],[1.8539674495999998,38.5174989312],[-1.6996516096000032,37.57242554879999],[-5.256341440000002,36.719032320000004],[-8.816102041600004,35.9573192448],[-12.378933414400002,35.2872863232],[-15.944835558400003,34.7089335552],[-19.5138084736,34.222260940800005],[-23.085852159999998,33.82726848000001],[-26.660966617599996,33.523956172800006],[-30.23915184639999,33.312324019200005],[-33.820407846399995,33.19237201920001],[-37.4047346176,33.164100172800005],[-40.99213216,33.227508480000004],[-44.5826004736,33.3825969408],[-48.17613955840001,33.62936555520001],[-51.7727494144,33.9678143232],[-55.37243004160001,34.397943244800004],[-58.97518144000001,34.91975232000001],[-62.58100360960002,35.53324154880001],[-66.18989655040002,36.23841093120001],[-69.80186026240003,37.03526046720001],[-73.41689474560002,37.92379015680001],[-77.03500000000001,38.904]]},"properties":{"_map_colour":"#A0525B","_k":"277"}},{"type":"Feature","geometry":{"type":"LineString","coordinates":[[9.8248,46.7976],[9.6865084224,46.7300644672],[9.547630809600001,46.6662492288],[9.4081671616,46.6061542848],[9.2681174784,46.5497796352],[9.127481760000002,46.497125280000006],[8.9862600064,46.448191219200005],[8.844452217599999,46.402977452799995],[8.7020583936,46.36148398079999],[8.5590785344,46.3237108032],[8.415512640000001,46.28965792],[8.2713607104,46.25932533119999],[8.1266227456,46.23271303679999],[7.981298745600001,46.2098210368],[7.8353887104,46.19064933119999],[7.688892640000001,46.17519792],[7.541810534400001,46.163466803199995],[7.3941423936,46.1554559808],[7.245888217599999,46.1511654528],[7.0970480064000006,46.1505952192],[6.94762176,46.153745279999995],[6.7976094784,46.1606156352],[6.6470111616,46.1712062848],[6.495826809599999,46.185517228799995],[6.344056422399999,46.203548467199994],[6.191699999999999,46.2253]]},"properties":{}},{"type":"Feature","geometry":{"type":"LineString","coordinates":[[9.8248,46.7976],[9.6865084224,46.7300644672],[9.547630809600001,46.6662492288],[9.4081671616,46.6061542848],[9.2681174784,46.5497796352],[9.127481760000002,46.497125280000006],[8.9862600064,46.448191219200005],[8.844452217599999,46.402977452799995],[8.7020583936,46.36148398079999],[8.5590785344,46.3237108032],[8.415512640000001,46.28965792],[8.2713607104,46.25932533119999],[8.1266227456,46.23271303679999],[7.981298745600001,46.2098210368],[7.8353887104,46.19064933119999],[7.688892640000001,46.17519792],[7.541810534400001,46.163466803199995],[7.3941423936,46.1554559808],[7.245888217599999,46.1511654528],[7.0970480064000006,46.1505952192],[6.94762176,46.153745279999995],[6.7976094784,46.1606156352],[6.6470111616,46.1712062848],[6.495826809599999,46.185517228799995],[6.344056422399999,46.203548467199994],[6.191699999999999,46.2253]]},"properties":{"_map_colour":"#A0525B","_k":"279"}},{"type":"Feature","geometry":{"type":"LineString","coordinates":[[4.38,50.84],[1.4640003264000003,49.573528025600005],[-1.4606703743999998,48.3843693824],[-4.3940121024,47.2725240704],[-7.336024857600002,46.2379920896],[-10.286708640000002,45.28077344000001],[-13.246063449600001,44.400868121600006],[-16.2140892864,43.5982761344],[-19.1907861504,42.872997478399995],[-22.1761540416,42.225032153600004],[-25.17019296,41.65438016],[-28.172902905599997,41.161041497599996],[-31.184283878399995,40.7450161664],[-34.2043358784,40.406304166400005],[-37.2330589056,40.1449054976],[-40.27045296,39.96082016],[-43.316518041600006,39.8540481536],[-46.371254150400006,39.8245894784],[-49.4346612864,39.8724441344],[-52.50673944960002,39.9976121216],[-55.58748864000002,40.20009344],[-58.676908857600026,40.479888089599996],[-61.77500010240002,40.836996070400005],[-64.88176237440003,41.2714173824],[-67.99719567360003,41.7831520256],[-71.12130000000002,42.37220000000001]]},"properties":{}},{"type":"Feature","geometry":{"type":"LineString","coordinates":[[4.38,50.84],[1.4640003264000003,49.573528025600005],[-1.4606703743999998,48.3843693824],[-4.3940121024,47.2725240704],[-7.336024857600002,46.2379920896],[-10.286708640000002,45.28077344000001],[-13.246063449600001,44.400868121600006],[-16.2140892864,43.5982761344],[-19.1907861504,42.872997478399995],[-22.1761540416,42.225032153600004],[-25.17019296,41.65438016],[-28.172902905599997,41.161041497599996],[-31.184283878399995,40.7450161664],[-34.2043358784,40.406304166400005],[-37.2330589056,40.1449054976],[-40.27045296,39.96082016],[-43.316518041600006,39.8540481536],[-46.371254150400006,39.8245894784],[-49.4346612864,39.8724441344],[-52.50673944960002,39.9976121216],[-55.58748864000002,40.20009344],[-58.676908857600026,40.479888089599996],[-61.77500010240002,40.836996070400005],[-64.88176237440003,41.2714173824],[-67.99719567360003,41.7831520256],[-71.12130000000002,42.37220000000001]]},"properties":{"_map_colour":"#A0525B","_k":"281"}},{"type":"Feature","geometry":{"type":"LineString","coordinates":[[4.38,50.84],[4.542666304,50.79112742400001],[4.703020416000001,50.73880089600001],[4.861062336,50.683020416],[5.016792064,50.623785984],[5.170209600000001,50.56109760000001],[5.321314944000001,50.494955264],[5.470108096000001,50.425358976],[5.616589055999999,50.35230873599999],[5.760757824000001,50.275804543999996],[5.902614400000001,50.1958464],[6.042158784,50.112434304],[6.179390975999999,50.02556825599999],[6.314310976000001,49.935248256],[6.446918783999999,49.841474303999995],[6.5772144,49.744246399999994],[6.705197824,49.643564544],[6.830869056000001,49.539428736000005],[6.9542280960000005,49.431838975999995],[7.075274944,49.320795264],[7.194009600000001,49.2062976],[7.310432064000001,49.088345984],[7.424542336000002,48.966940416],[7.536340416000002,48.842080896],[7.645826304000001,48.713767424],[7.753000000000001,48.582]]},"properties":{}},{"type":"Feature","geometry":{"type":"LineString","coordinates":[[4.38,50.84],[4.542666304,50.79112742400001],[4.703020416000001,50.73880089600001],[4.861062336,50.683020416],[5.016792064,50.623785984],[5.170209600000001,50.56109760000001],[5.321314944000001,50.494955264],[5.470108096000001,50.425358976],[5.616589055999999,50.35230873599999],[5.760757824000001,50.275804543999996],[5.902614400000001,50.1958464],[6.042158784,50.112434304],[6.179390975999999,50.02556825599999],[6.314310976000001,49.935248256],[6.446918783999999,49.841474303999995],[6.5772144,49.744246399999994],[6.705197824,49.643564544],[6.830869056000001,49.539428736000005],[6.9542280960000005,49.431838975999995],[7.075274944,49.320795264],[7.194009600000001,49.2062976],[7.310432064000001,49.088345984],[7.424542336000002,48.966940416],[7.536340416000002,48.842080896],[7.645826304000001,48.713767424],[7.753000000000001,48.582]]},"properties":{"_map_colour":"#A0525B","_k":"283"}},{"type":"Feature","geometry":{"type":"LineString","coordinates":[[4.38,50.84],[4.321884224000001,50.73577900800001],[4.261748096000001,50.633666432000005],[4.199591616,50.533662272],[4.135414784,50.435766527999995],[4.069217600000001,50.339979200000016],[4.001000064000001,50.246300288],[3.930762176,50.154729792],[3.858503936,50.065267712],[3.784225344,49.977914048],[3.707926400000001,49.89266880000001],[3.6296071040000006,49.809531968],[3.5492674560000004,49.72850355199999],[3.4669074560000013,49.649583552],[3.3825271040000007,49.572771968],[3.2961264000000003,49.4980688],[3.2077053440000007,49.425474048],[3.1172639360000005,49.354987711999996],[3.0248021760000006,49.28660979199999],[2.9303200640000004,49.220340288],[2.8338176000000006,49.1561792],[2.735294784,49.094126528],[2.634751616,49.034182271999995],[2.5321880959999996,48.976346432],[2.427604223999999,48.920619007999996],[2.3209999999999993,48.867]]},"properties":{}},{"type":"Feature","geometry":{"type":"LineString","coordinates":[[4.38,50.84],[4.321884224000001,50.73577900800001],[4.261748096000001,50.633666432000005],[4.199591616,50.533662272],[4.135414784,50.435766527999995],[4.069217600000001,50.339979200000016],[4.001000064000001,50.246300288],[3.930762176,50.154729792],[3.858503936,50.065267712],[3.784225344,49.977914048],[3.707926400000001,49.89266880000001],[3.6296071040000006,49.809531968],[3.5492674560000004,49.72850355199999],[3.4669074560000013,49.649583552],[3.3825271040000007,49.572771968],[3.2961264000000003,49.4980688],[3.2077053440000007,49.425474048],[3.1172639360000005,49.354987711999996],[3.0248021760000006,49.28660979199999],[2.9303200640000004,49.220340288],[2.8338176000000006,49.1561792],[2.735294784,49.094126528],[2.634751616,49.034182271999995],[2.5321880959999996,48.976346432],[2.427604223999999,48.920619007999996],[2.3209999999999993,48.867]]},"properties":{"_map_colour":"#A0525B","_k":"285"}},{"type":"Feature","geometry":{"type":"LineString","coordinates":[[4.38,50.84],[4.321530496,50.735932992],[4.261046784,50.633981568],[4.198548864,50.534145728],[4.134036736,50.436425472],[4.067510400000001,50.34082080000002],[3.9989698560000004,50.247331712000005],[3.9284151040000004,50.155958208],[3.8558461439999996,50.06670028799999],[3.7812629760000003,49.979557952],[3.704665600000001,49.89453120000001],[3.6260540160000003,49.811620032],[3.545428224,49.73082444799999],[3.4627882240000005,49.652144448],[3.3781340160000006,49.575580032],[3.2914656000000004,49.5011312],[3.2027829760000004,49.428797952],[3.112086144,49.358580288],[3.019375104,49.290478207999996],[2.9246498560000003,49.224491712],[2.8279104,49.160620800000004],[2.729156736,49.098865472],[2.6283888639999997,49.039225728],[2.525606784,48.981701568],[2.420810495999999,48.92629299199999],[2.313999999999999,48.873]]},"properties":{}},{"type":"Feature","geometry":{"type":"LineString","coordinates":[[4.38,50.84],[4.321530496,50.735932992],[4.261046784,50.633981568],[4.198548864,50.534145728],[4.134036736,50.436425472],[4.067510400000001,50.34082080000002],[3.9989698560000004,50.247331712000005],[3.9284151040000004,50.155958208],[3.8558461439999996,50.06670028799999],[3.7812629760000003,49.979557952],[3.704665600000001,49.89453120000001],[3.6260540160000003,49.811620032],[3.545428224,49.73082444799999],[3.4627882240000005,49.652144448],[3.3781340160000006,49.575580032],[3.2914656000000004,49.5011312],[3.2027829760000004,49.428797952],[3.112086144,49.358580288],[3.019375104,49.290478207999996],[2.9246498560000003,49.224491712],[2.8279104,49.160620800000004],[2.729156736,49.098865472],[2.6283888639999997,49.039225728],[2.525606784,48.981701568],[2.420810495999999,48.92629299199999],[2.313999999999999,48.873]]},"properties":{"_map_colour":"#A0525B","_k":"287"}},{"type":"Feature","geometry":{"type":"LineString","coordinates":[[4.38,50.84],[4.5091734336,50.6776741696],[4.6336214144,50.5134931584],[4.7533439424,50.3474569664],[4.8683410176,50.1795655936],[4.978612640000001,50.00981904000002],[5.084158809600001,49.838217305600004],[5.184979526399999,49.6647603904],[5.2810747904,49.4894482944],[5.372444601600001,49.31228101760001],[5.459088960000001,49.13325856000001],[5.5410078656,48.952380921599996],[5.6182013184,48.7696481024],[5.6906693184,48.58506010240001],[5.7584118656,48.39861692160001],[5.82142896,48.210318560000005],[5.879720601600001,48.02016501760001],[5.9332867904,47.8281562944],[5.9821275264,47.634292390400006],[6.026242809600001,47.4385733056],[6.0656326400000005,47.24099904],[6.100297017600001,47.0415695936],[6.130235942400001,46.840284966400006],[6.1554494144,46.637145158399996],[6.175937433600001,46.43215016959999],[6.1917,46.2253]]},"properties":{}},{"type":"Feature","geometry":{"type":"LineString","coordinates":[[4.38,50.84],[4.5091734336,50.6776741696],[4.6336214144,50.5134931584],[4.7533439424,50.3474569664],[4.8683410176,50.1795655936],[4.978612640000001,50.00981904000002],[5.084158809600001,49.838217305600004],[5.184979526399999,49.6647603904],[5.2810747904,49.4894482944],[5.372444601600001,49.31228101760001],[5.459088960000001,49.13325856000001],[5.5410078656,48.952380921599996],[5.6182013184,48.7696481024],[5.6906693184,48.58506010240001],[5.7584118656,48.39861692160001],[5.82142896,48.210318560000005],[5.879720601600001,48.02016501760001],[5.9332867904,47.8281562944],[5.9821275264,47.634292390400006],[6.026242809600001,47.4385733056],[6.0656326400000005,47.24099904],[6.100297017600001,47.0415695936],[6.130235942400001,46.840284966400006],[6.1554494144,46.637145158399996],[6.175937433600001,46.43215016959999],[6.1917,46.2253]]},"properties":{"_map_colour":"#A0525B","_k":"289"}},{"type":"Feature","geometry":{"type":"LineString","coordinates":[[-77.0387,38.9024],[-77.0385225088,38.902349465600004],[-77.03834747520001,38.9022951424],[-77.0381748992,38.9022370304],[-77.03800478079998,38.902175129599996],[-77.03783712000002,38.902109440000004],[-77.03767191680001,38.9020399616],[-77.03750917120001,38.9019666944],[-77.0373488832,38.9018896384],[-77.0371910528,38.901808793600004],[-77.03703568000002,38.90172416000001],[-77.0368827648,38.9016357376],[-77.0367323072,38.9015435264],[-77.0365843072,38.901447526400005],[-77.03643876480001,38.901347737600005],[-77.03629568,38.901244160000005],[-77.0361550528,38.9011367936],[-77.0360168832,38.9010256384],[-77.0358811712,38.9009106944],[-77.0357479168,38.90079196160001],[-77.03561712,38.90066944],[-77.0354887808,38.9005431296],[-77.0353628992,38.9004130304],[-77.0352394752,38.9002791424],[-77.0351185088,38.9001414656],[-77.035,38.9]]},"properties":{}},{"type":"Feature","geometry":{"type":"LineString","coordinates":[[-77.0387,38.9024],[-77.0385225088,38.902349465600004],[-77.03834747520001,38.9022951424],[-77.0381748992,38.9022370304],[-77.03800478079998,38.902175129599996],[-77.03783712000002,38.902109440000004],[-77.03767191680001,38.9020399616],[-77.03750917120001,38.9019666944],[-77.0373488832,38.9018896384],[-77.0371910528,38.901808793600004],[-77.03703568000002,38.90172416000001],[-77.0368827648,38.9016357376],[-77.0367323072,38.9015435264],[-77.0365843072,38.901447526400005],[-77.03643876480001,38.901347737600005],[-77.03629568,38.901244160000005],[-77.0361550528,38.9011367936],[-77.0360168832,38.9010256384],[-77.0358811712,38.9009106944],[-77.0357479168,38.90079196160001],[-77.03561712,38.90066944],[-77.0354887808,38.9005431296],[-77.0353628992,38.9004130304],[-77.0352394752,38.9002791424],[-77.0351185088,38.9001414656],[-77.035,38.9]]},"properties":{"_map_colour":"#A0525B","_k":"291"}},{"type":"Feature","geometry":{"type":"LineString","coordinates":[[-77.0387,38.9024],[-77.0385716608,38.9025094656],[-77.0384416832,38.9026151424],[-77.0383100672,38.9027170304],[-77.03817681279999,38.90281512959999],[-77.03804192000001,38.90290944000001],[-77.03790538880001,38.902999961599996],[-77.0377672192,38.903086694399995],[-77.03762741119999,38.9031696384],[-77.0374859648,38.9032487936],[-77.03734288000001,38.903324160000004],[-77.0371981568,38.9033957376],[-77.0370517952,38.903463526399996],[-77.0369037952,38.903527526400005],[-77.0367541568,38.9035877376],[-77.03660288,38.90364416],[-77.0364499648,38.903696793600005],[-77.0362954112,38.90374563840001],[-77.0361392192,38.9037906944],[-77.0359813888,38.903831961600005],[-77.03582191999999,38.90386944],[-77.0356608128,38.9039031296],[-77.0354980672,38.903933030400005],[-77.0353336832,38.903959142400005],[-77.03516766079998,38.903981465600005],[-77.035,38.904]]},"properties":{}},{"type":"Feature","geometry":{"type":"LineString","coordinates":[[-77.0387,38.9024],[-77.0385716608,38.9025094656],[-77.0384416832,38.9026151424],[-77.0383100672,38.9027170304],[-77.03817681279999,38.90281512959999],[-77.03804192000001,38.90290944000001],[-77.03790538880001,38.902999961599996],[-77.0377672192,38.903086694399995],[-77.03762741119999,38.9031696384],[-77.0374859648,38.9032487936],[-77.03734288000001,38.903324160000004],[-77.0371981568,38.9033957376],[-77.0370517952,38.903463526399996],[-77.0369037952,38.903527526400005],[-77.0367541568,38.9035877376],[-77.03660288,38.90364416],[-77.0364499648,38.903696793600005],[-77.0362954112,38.90374563840001],[-77.0361392192,38.9037906944],[-77.0359813888,38.903831961600005],[-77.03582191999999,38.90386944],[-77.0356608128,38.9039031296],[-77.0354980672,38.903933030400005],[-77.0353336832,38.903959142400005],[-77.03516766079998,38.903981465600005],[-77.035,38.904]]},"properties":{"_map_colour":"#A0525B","_k":"293"}},{"type":"Feature","geometry":{"type":"LineString","coordinates":[[-77.0387,38.9024],[-68.33149645440001,41.436026432000006],[-59.6275965376,43.747763328000005],[-50.927000249600006,45.837610688],[-42.2297075904,47.705568512],[-33.53571856000001,49.35163680000001],[-24.84503315840001,50.775815552000005],[-16.157651385599998,51.978104768],[-7.473573241600004,52.958504448],[1.2072012735999884,53.717014592],[9.884672159999981,54.253635200000005],[18.558839417599984,54.568366272],[27.229703046399976,54.66120780799999],[35.89726304639998,54.53215980800001],[44.561519417599975,54.181222272],[53.22247215999998,53.608395200000004],[61.8801212736,52.813678592],[70.5344667584,51.79707244800001],[79.1855086144,50.558576767999995],[87.83324684160002,49.098191552],[96.47768144000003,47.41591679999999],[105.11881240960004,45.511752511999994],[113.75663975040004,43.38569868799999],[122.39116346240004,41.03775532799999],[131.02238354560006,38.46792243199998],[139.65030000000004,35.67619999999999]]},"properties":{}},{"type":"Feature","geometry":{"type":"LineString","coordinates":[[-77.0387,38.9024],[-68.33149645440001,41.436026432000006],[-59.6275965376,43.747763328000005],[-50.927000249600006,45.837610688],[-42.2297075904,47.705568512],[-33.53571856000001,49.35163680000001],[-24.84503315840001,50.775815552000005],[-16.157651385599998,51.978104768],[-7.473573241600004,52.958504448],[1.2072012735999884,53.717014592],[9.884672159999981,54.253635200000005],[18.558839417599984,54.568366272],[27.229703046399976,54.66120780799999],[35.89726304639998,54.53215980800001],[44.561519417599975,54.181222272],[53.22247215999998,53.608395200000004],[61.8801212736,52.813678592],[70.5344667584,51.79707244800001],[79.1855086144,50.558576767999995],[87.83324684160002,49.098191552],[96.47768144000003,47.41591679999999],[105.11881240960004,45.511752511999994],[113.75663975040004,43.38569868799999],[122.39116346240004,41.03775532799999],[131.02238354560006,38.46792243199998],[139.65030000000004,35.67619999999999]]},"properties":{"_map_colour":"#A0525B","_k":"295"}},{"type":"Feature","geometry":{"type":"LineString","coordinates":[[-77.0387,38.9024],[-69.3175833088,41.322374348800004],[-61.59534267520001,43.544342835200005],[-53.8719780992,45.5683054592],[-46.14748958079999,47.3942622208],[-38.42187712000001,49.02221312000001],[-30.695140716800008,50.4521581568],[-22.967280371199998,51.6840973312],[-15.238296083199996,52.718030643199995],[-7.508187852800001,53.553958092799995],[0.22304431999998542,54.19187968000001],[7.9554004351999925,54.6317954048],[15.688880492799989,54.873705267199995],[23.423484492799986,54.91760926720001],[31.15921243519999,54.7635074048],[38.89606432,54.41139968],[46.634040147200004,53.8612860928],[54.373139916800014,53.1131666432],[62.113363628800016,52.1670413312],[69.85471128320003,51.0229101568],[77.59718288000003,49.68077312],[85.34077841920005,48.14063022079999],[93.08549790080005,46.40248145919999],[100.83134132480006,44.46632683519999],[108.57830869120006,42.33216634879998],[116.32640000000005,39.999999999999986]]},"properties":{}},{"type":"Feature","geometry":{"type":"LineString","coordinates":[[-77.0387,38.9024],[-69.3175833088,41.322374348800004],[-61.59534267520001,43.544342835200005],[-53.8719780992,45.5683054592],[-46.14748958079999,47.3942622208],[-38.42187712000001,49.02221312000001],[-30.695140716800008,50.4521581568],[-22.967280371199998,51.6840973312],[-15.238296083199996,52.718030643199995],[-7.508187852800001,53.553958092799995],[0.22304431999998542,54.19187968000001],[7.9554004351999925,54.6317954048],[15.688880492799989,54.873705267199995],[23.423484492799986,54.91760926720001],[31.15921243519999,54.7635074048],[38.89606432,54.41139968],[46.634040147200004,53.8612860928],[54.373139916800014,53.1131666432],[62.113363628800016,52.1670413312],[69.85471128320003,51.0229101568],[77.59718288000003,49.68077312],[85.34077841920005,48.14063022079999],[93.08549790080005,46.40248145919999],[100.83134132480006,44.46632683519999],[108.57830869120006,42.33216634879998],[116.32640000000005,39.999999999999986]]},"properties":{"_map_colour":"#A0525B","_k":"297"}},{"type":"Feature","geometry":{"type":"LineString","coordinates":[[12.455,41.887],[12.4129104064,41.942345747199994],[12.3724179456,41.99827834880001],[12.3335226176,42.0547978048],[12.2962244224,42.11190411519999],[12.260523360000004,42.169597280000005],[12.2264194304,42.2278772992],[12.1939126336,42.2867441728],[12.163002969599999,42.3461979008],[12.1336904384,42.4062384832],[12.105975040000002,42.466865920000004],[12.0798567744,42.5280802112],[12.0553356416,42.58988135679999],[12.0324116416,42.6522693568],[12.0110847744,42.7152442112],[11.99135504,42.778805919999996],[11.9732224384,42.842954483199996],[11.9566869696,42.907689900799994],[11.9417486336,42.9730121728],[11.9284074304,43.0389212992],[11.916663360000001,43.10541728],[11.906516422400001,43.1725001152],[11.8979666176,43.240169804800004],[11.8910139456,43.3084263488],[11.8856584064,43.3772697472],[11.8819,43.4467]]},"properties":{}},{"type":"Feature","geometry":{"type":"LineString","coordinates":[[12.455,41.887],[12.4129104064,41.942345747199994],[12.3724179456,41.99827834880001],[12.3335226176,42.0547978048],[12.2962244224,42.11190411519999],[12.260523360000004,42.169597280000005],[12.2264194304,42.2278772992],[12.1939126336,42.2867441728],[12.163002969599999,42.3461979008],[12.1336904384,42.4062384832],[12.105975040000002,42.466865920000004],[12.0798567744,42.5280802112],[12.0553356416,42.58988135679999],[12.0324116416,42.6522693568],[12.0110847744,42.7152442112],[11.99135504,42.778805919999996],[11.9732224384,42.842954483199996],[11.9566869696,42.907689900799994],[11.9417486336,42.9730121728],[11.9284074304,43.0389212992],[11.916663360000001,43.10541728],[11.906516422400001,43.1725001152],[11.8979666176,43.240169804800004],[11.8910139456,43.3084263488],[11.8856584064,43.3772697472],[11.8819,43.4467]]},"properties":{"_map_colour":"#A0525B","_k":"299"}},{"type":"Feature","geometry":{"type":"LineString","coordinates":[[-77.035,38.9],[-73.60420480639999,40.358433248],[-70.1639475456,41.726131392],[-66.7142282176,43.003094432],[-63.25504682239999,44.18932236799999],[-59.78640336000001,45.28481520000001],[-56.3082978304,46.289572928000005],[-52.820730233599996,47.203595552],[-49.32370056959999,48.02688307199999],[-45.817208838400006,48.759435488],[-42.30125504000001,49.4012528],[-38.7758391744,49.952335008000006],[-35.2409612416,50.412682112],[-31.696621241600006,50.782294112],[-28.142819174400003,51.061171008],[-24.57955504,51.249312800000006],[-21.0068288384,51.346719488],[-17.424640569599994,51.353391072],[-13.832990233599993,51.26932755200001],[-10.23187783039999,51.094528928],[-6.621303359999988,50.8289952],[-3.001266822399984,50.472726368],[0.6282317824000199,50.025722432],[4.267192454400023,49.487983392000004],[7.9156151936000265,48.859509247999995],[11.57350000000002,48.140299999999996]]},"properties":{}},{"type":"Feature","geometry":{"type":"LineString","coordinates":[[-77.035,38.9],[-73.60420480639999,40.358433248],[-70.1639475456,41.726131392],[-66.7142282176,43.003094432],[-63.25504682239999,44.18932236799999],[-59.78640336000001,45.28481520000001],[-56.3082978304,46.289572928000005],[-52.820730233599996,47.203595552],[-49.32370056959999,48.02688307199999],[-45.817208838400006,48.759435488],[-42.30125504000001,49.4012528],[-38.7758391744,49.952335008000006],[-35.2409612416,50.412682112],[-31.696621241600006,50.782294112],[-28.142819174400003,51.061171008],[-24.57955504,51.249312800000006],[-21.0068288384,51.346719488],[-17.424640569599994,51.353391072],[-13.832990233599993,51.26932755200001],[-10.23187783039999,51.094528928],[-6.621303359999988,50.8289952],[-3.001266822399984,50.472726368],[0.6282317824000199,50.025722432],[4.267192454400023,49.487983392000004],[7.9156151936000265,48.859509247999995],[11.57350000000002,48.140299999999996]]},"properties":{"_map_colour":"#A0525B","_k":"301"}},{"type":"Feature","geometry":{"type":"LineString","coordinates":[[-77.035,38.9],[-69.3140608,41.3200248832],[-61.59199519999999,43.5420476928],[-53.868803199999995,45.5660684288],[-46.14448479999999,47.3920870912],[-38.41904,49.02010368000001],[-30.692468799999997,50.450118195200005],[-22.964771199999994,51.682130636800004],[-15.23594719999999,52.716141004799994],[-7.5059968,53.552149299199996],[0.22507999999999484,54.19015552000001],[7.957283199999999,54.630159667200004],[15.690612799999997,54.872161740799996],[23.42506879999999,54.91616174080001],[31.160651199999997,54.76215966720001],[38.89736,54.41015552],[46.63519520000001,53.8601492992],[54.37415680000002,53.1121410048],[62.114244800000016,52.166130636800006],[69.85545920000003,51.02211819520001],[77.59780000000003,49.68010368],[85.34126720000005,48.1400870912],[93.08586080000005,46.40206842879999],[100.83158080000005,44.46604769279999],[108.57842720000006,42.33202488319998],[116.32640000000005,39.999999999999986]]},"properties":{}},{"type":"Feature","geometry":{"type":"LineString","coordinates":[[-77.035,38.9],[-69.3140608,41.3200248832],[-61.59199519999999,43.5420476928],[-53.868803199999995,45.5660684288],[-46.14448479999999,47.3920870912],[-38.41904,49.02010368000001],[-30.692468799999997,50.450118195200005],[-22.964771199999994,51.682130636800004],[-15.23594719999999,52.716141004799994],[-7.5059968,53.552149299199996],[0.22507999999999484,54.19015552000001],[7.957283199999999,54.630159667200004],[15.690612799999997,54.872161740799996],[23.42506879999999,54.91616174080001],[31.160651199999997,54.76215966720001],[38.89736,54.41015552],[46.63519520000001,53.8601492992],[54.37415680000002,53.1121410048],[62.114244800000016,52.166130636800006],[69.85545920000003,51.02211819520001],[77.59780000000003,49.68010368],[85.34126720000005,48.1400870912],[93.08586080000005,46.40206842879999],[100.83158080000005,44.46604769279999],[108.57842720000006,42.33202488319998],[116.32640000000005,39.999999999999986]]},"properties":{"_map_colour":"#A0525B","_k":"303"}},{"type":"Feature","geometry":{"type":"LineString","coordinates":[[-0.1149,51.5111],[-3.0371469376,50.061721651199996],[-5.972298630400001,48.6911171648],[-8.920355078400002,47.3992865408],[-11.881316281600002,46.1862297792],[-14.855182240000005,45.05194688],[-17.841952953600003,43.9964378432],[-20.841628422400007,43.0197026688],[-23.854208646400004,42.121741356799994],[-26.879693625600005,41.3025539072],[-29.918083360000004,40.562140320000005],[-32.969377849599994,39.9005005952],[-36.033577094399995,39.317634732799995],[-39.1106810944,38.8135427328],[-42.200689849599996,38.3882245952],[-45.30360336,38.04168032],[-48.41942162560001,37.7739099072],[-51.54814464640001,37.5849133568],[-54.689772422400004,37.474690668799994],[-57.844304953600016,37.4432418432],[-61.01174224000002,37.49056688],[-64.19208428160002,37.616665779200005],[-67.38533107840003,37.8215385408],[-70.59148263040002,38.105185164800005],[-73.81053893760003,38.4676056512],[-77.04250000000002,38.9088]]},"properties":{}},{"type":"Feature","geometry":{"type":"LineString","coordinates":[[-0.1149,51.5111],[-3.0371469376,50.061721651199996],[-5.972298630400001,48.6911171648],[-8.920355078400002,47.3992865408],[-11.881316281600002,46.1862297792],[-14.855182240000005,45.05194688],[-17.841952953600003,43.9964378432],[-20.841628422400007,43.0197026688],[-23.854208646400004,42.121741356799994],[-26.879693625600005,41.3025539072],[-29.918083360000004,40.562140320000005],[-32.969377849599994,39.9005005952],[-36.033577094399995,39.317634732799995],[-39.1106810944,38.8135427328],[-42.200689849599996,38.3882245952],[-45.30360336,38.04168032],[-48.41942162560001,37.7739099072],[-51.54814464640001,37.5849133568],[-54.689772422400004,37.474690668799994],[-57.844304953600016,37.4432418432],[-61.01174224000002,37.49056688],[-64.19208428160002,37.616665779200005],[-67.38533107840003,37.8215385408],[-70.59148263040002,38.105185164800005],[-73.81053893760003,38.4676056512],[-77.04250000000002,38.9088]]},"properties":{"_map_colour":"#A0525B","_k":"305"}},{"type":"Feature","geometry":{"type":"LineString","coordinates":[[-0.1149,51.5111],[5.670287251199999,52.5951387776],[11.439259564799999,53.536057990399996],[17.1920169408,54.3338576384],[22.9285593792,54.98853772159999],[28.648886880000003,55.50009824000001],[34.3529994432,55.8685391936],[40.0408970688,56.093860582400005],[45.7125797568,56.17606240639999],[51.368047507200004,56.1151446656],[57.00730031999999,55.91110736],[62.63033819519999,55.563950489599996],[68.23716113279998,55.073674054399994],[73.82776913279999,54.440278054400004],[79.40216219519999,53.6637624896],[84.96034032,52.74412736],[90.5023035072,51.6813726656],[96.0280517568,50.47549840639999],[101.5375850688,49.126504582399996],[107.03090344320002,47.634391193599996],[112.50800688000001,45.99915823999999],[117.96889537920002,44.220805721599994],[123.41356894080002,42.29933363839999],[128.84202756480002,40.23474199039998],[134.25427125120004,38.02703077759998],[139.65030000000002,35.67619999999999]]},"properties":{}},{"type":"Feature","geometry":{"type":"LineString","coordinates":[[-0.1149,51.5111],[5.670287251199999,52.5951387776],[11.439259564799999,53.536057990399996],[17.1920169408,54.3338576384],[22.9285593792,54.98853772159999],[28.648886880000003,55.50009824000001],[34.3529994432,55.8685391936],[40.0408970688,56.093860582400005],[45.7125797568,56.17606240639999],[51.368047507200004,56.1151446656],[57.00730031999999,55.91110736],[62.63033819519999,55.563950489599996],[68.23716113279998,55.073674054399994],[73.82776913279999,54.440278054400004],[79.40216219519999,53.6637624896],[84.96034032,52.74412736],[90.5023035072,51.6813726656],[96.0280517568,50.47549840639999],[101.5375850688,49.126504582399996],[107.03090344320002,47.634391193599996],[112.50800688000001,45.99915823999999],[117.96889537920002,44.220805721599994],[123.41356894080002,42.29933363839999],[128.84202756480002,40.23474199039998],[134.25427125120004,38.02703077759998],[139.65030000000002,35.67619999999999]]},"properties":{"_map_colour":"#A0525B","_k":"307"}},{"type":"Feature","geometry":{"type":"LineString","coordinates":[[-0.1149,51.5111],[0.2023159104,51.377163500799995],[0.5141191616,51.2367690432],[0.8205097536,51.0899166272],[1.1214876864,50.93660625279999],[1.4170529600000004,50.77683792000001],[1.7072055744,50.6106116288],[1.9919455296000002,50.4379273792],[2.2712728256,50.258785171199996],[2.5451874624000004,50.0731850048],[2.81368944,49.881126880000004],[3.0767787583999997,49.68261079679999],[3.334455417599999,49.477636755199995],[3.5867194176,49.2662047552],[3.8335707583999996,49.0483147968],[4.0750094400000005,48.82396688],[4.3110354624000005,48.593161004799995],[4.5416488256,48.3558971712],[4.7668495296,48.112175379199996],[4.986637574400001,47.8619956288],[5.201012960000001,47.605357919999996],[5.409975686400001,47.3422622528],[5.613525753600002,47.0727086272],[5.811663161600001,46.7966970432],[6.004387910400001,46.51422750079999],[6.191700000000001,46.2253]]},"properties":{}},{"type":"Feature","geometry":{"type":"LineString","coordinates":[[-0.1149,51.5111],[0.2023159104,51.377163500799995],[0.5141191616,51.2367690432],[0.8205097536,51.0899166272],[1.1214876864,50.93660625279999],[1.4170529600000004,50.77683792000001],[1.7072055744,50.6106116288],[1.9919455296000002,50.4379273792],[2.2712728256,50.258785171199996],[2.5451874624000004,50.0731850048],[2.81368944,49.881126880000004],[3.0767787583999997,49.68261079679999],[3.334455417599999,49.477636755199995],[3.5867194176,49.2662047552],[3.8335707583999996,49.0483147968],[4.0750094400000005,48.82396688],[4.3110354624000005,48.593161004799995],[4.5416488256,48.3558971712],[4.7668495296,48.112175379199996],[4.986637574400001,47.8619956288],[5.201012960000001,47.605357919999996],[5.409975686400001,47.3422622528],[5.613525753600002,47.0727086272],[5.811663161600001,46.7966970432],[6.004387910400001,46.51422750079999],[6.191700000000001,46.2253]]},"properties":{"_map_colour":"#A0525B","_k":"309"}},{"type":"Feature","geometry":{"type":"LineString","coordinates":[[2.321,48.867],[2.3223757952000006,48.86696738559999],[2.3237409408,48.8669028224],[2.3250954368,48.866806310399994],[2.3264392831999996,48.866677849599995],[2.32777248,48.86651744000001],[2.3290950271999997,48.8663250816],[2.3304069247999997,48.866100774399996],[2.3317081727999995,48.865844518399996],[2.3329987711999998,48.8655563136],[2.33427872,48.86523616000001],[2.3355480191999995,48.864884057599994],[2.3368066687999995,48.86450000639999],[2.3380546688,48.864084006400006],[2.3392920191999997,48.863636057600004],[2.3405187199999995,48.86315616],[2.3417347711999996,48.8626443136],[2.3429401727999997,48.8621005184],[2.3441349247999996,48.861524774399996],[2.3453190272,48.86091708160001],[2.3464924799999998,48.860277440000004],[2.3476552832,48.8596058496],[2.3488074367999996,48.858902310400005],[2.3499489407999996,48.8581668224],[2.3510797951999995,48.857399385600004],[2.3522,48.8566]]},"properties":{}},{"type":"Feature","geometry":{"type":"LineString","coordinates":[[2.321,48.867],[2.3223757952000006,48.86696738559999],[2.3237409408,48.8669028224],[2.3250954368,48.866806310399994],[2.3264392831999996,48.866677849599995],[2.32777248,48.86651744000001],[2.3290950271999997,48.8663250816],[2.3304069247999997,48.866100774399996],[2.3317081727999995,48.865844518399996],[2.3329987711999998,48.8655563136],[2.33427872,48.86523616000001],[2.3355480191999995,48.864884057599994],[2.3368066687999995,48.86450000639999],[2.3380546688,48.864084006400006],[2.3392920191999997,48.863636057600004],[2.3405187199999995,48.86315616],[2.3417347711999996,48.8626443136],[2.3429401727999997,48.8621005184],[2.3441349247999996,48.861524774399996],[2.3453190272,48.86091708160001],[2.3464924799999998,48.860277440000004],[2.3476552832,48.8596058496],[2.3488074367999996,48.858902310400005],[2.3499489407999996,48.8581668224],[2.3510797951999995,48.857399385600004],[2.3522,48.8566]]},"properties":{"_map_colour":"#A0525B","_k":"311"}},{"type":"Feature","geometry":{"type":"LineString","coordinates":[[2.314,48.873],[2.3118109952,48.865306047999994],[2.3094577408,48.857718592000005],[2.3069402367999996,48.850237631999995],[2.3042584831999995,48.84286316799999],[2.30141248,48.83559520000001],[2.2984022271999995,48.828433728],[2.2952277247999997,48.821378752],[2.2918889727999994,48.814430271999996],[2.2883859712,48.80758828799999],[2.28471872,48.8008528],[2.2808872192,48.794223808],[2.2768914687999997,48.787701311999996],[2.2727314688,48.781285311999994],[2.2684072191999998,48.774975808],[2.26391872,48.7687728],[2.2592659711999996,48.762676288],[2.2544489727999997,48.756686271999996],[2.2494677247999997,48.750802752],[2.2443222272,48.745025728],[2.23901248,48.739355200000006],[2.2335384832000003,48.733791167999996],[2.2279002368,48.728333632],[2.2220977407999998,48.722982592],[2.2161309952,48.717738048],[2.21,48.7126]]},"properties":{}},{"type":"Feature","geometry":{"type":"LineString","coordinates":[[2.314,48.873],[2.3118109952,48.865306047999994],[2.3094577408,48.857718592000005],[2.3069402367999996,48.850237631999995],[2.3042584831999995,48.84286316799999],[2.30141248,48.83559520000001],[2.2984022271999995,48.828433728],[2.2952277247999997,48.821378752],[2.2918889727999994,48.814430271999996],[2.2883859712,48.80758828799999],[2.28471872,48.8008528],[2.2808872192,48.794223808],[2.2768914687999997,48.787701311999996],[2.2727314688,48.781285311999994],[2.2684072191999998,48.774975808],[2.26391872,48.7687728],[2.2592659711999996,48.762676288],[2.2544489727999997,48.756686271999996],[2.2494677247999997,48.750802752],[2.2443222272,48.745025728],[2.23901248,48.739355200000006],[2.2335384832000003,48.733791167999996],[2.2279002368,48.728333632],[2.2220977407999998,48.722982592],[2.2161309952,48.717738048],[2.21,48.7126]]},"properties":{"_map_colour":"#A0525B","_k":"313"}},{"type":"Feature","geometry":{"type":"LineString","coordinates":[[2.314,48.873],[2.3148162432,48.872423404799996],[2.3156131328000003,48.8718318592],[2.3163906688,48.8712253632],[2.3171488511999994,48.87060391679999],[2.31788768,48.86996752000001],[2.3186071551999996,48.8693161728],[2.3193072768,48.8686498752],[2.319988044799999,48.86796862719999],[2.3206494591999998,48.8672724288],[2.3212915199999995,48.866561280000006],[2.3219142271999997,48.865835180800005],[2.322517580799999,48.865094131199996],[2.3231015807999995,48.8643381312],[2.3236662271999995,48.863567180800004],[2.3242115199999995,48.86278128],[2.3247374591999996,48.8619804288],[2.3252440447999994,48.861164627200004],[2.3257312767999996,48.8603338752],[2.3261991551999994,48.859488172800006],[2.3266476799999998,48.858627520000006],[2.3270768511999993,48.8577519168],[2.3274866687999998,48.856861363200004],[2.3278771328,48.8559558592],[2.3282482431999996,48.8550354048],[2.3286,48.8541]]},"properties":{}},{"type":"Feature","geometry":{"type":"LineString","coordinates":[[2.314,48.873],[2.3148162432,48.872423404799996],[2.3156131328000003,48.8718318592],[2.3163906688,48.8712253632],[2.3171488511999994,48.87060391679999],[2.31788768,48.86996752000001],[2.3186071551999996,48.8693161728],[2.3193072768,48.8686498752],[2.319988044799999,48.86796862719999],[2.3206494591999998,48.8672724288],[2.3212915199999995,48.866561280000006],[2.3219142271999997,48.865835180800005],[2.322517580799999,48.865094131199996],[2.3231015807999995,48.8643381312],[2.3236662271999995,48.863567180800004],[2.3242115199999995,48.86278128],[2.3247374591999996,48.8619804288],[2.3252440447999994,48.861164627200004],[2.3257312767999996,48.8603338752],[2.3261991551999994,48.859488172800006],[2.3266476799999998,48.858627520000006],[2.3270768511999993,48.8577519168],[2.3274866687999998,48.856861363200004],[2.3278771328,48.8559558592],[2.3282482431999996,48.8550354048],[2.3286,48.8541]]},"properties":{"_map_colour":"#A0525B","_k":"315"}},{"type":"Feature","geometry":{"type":"LineString","coordinates":[[2.314,48.873],[2.3157295232,48.87281340159999],[2.3174422528000003,48.8725876864],[2.3191381888,48.8723228544],[2.3208173311999993,48.87201890559999],[2.3224796800000003,48.87167584000001],[2.3241252351999995,48.8712936576],[2.3257539968,48.8708723584],[2.3273659648,48.8704119424],[2.3289611391999996,48.8699124096],[2.33053952,48.86937376000001],[2.3321011071999997,48.8687959936],[2.3336459007999997,48.86817911039999],[2.3351739008,48.86752311040001],[2.3366851071999997,48.8668279936],[2.3381795199999997,48.86609376],[2.3396571391999994,48.8653204096],[2.3411179647999996,48.8645079424],[2.3425619967999998,48.86365635840001],[2.3439892352,48.86276565760001],[2.34539968,48.86183584],[2.3467933311999998,48.860866905600005],[2.3481701887999997,48.8598588544],[2.3495302527999997,48.858811686399996],[2.3508735231999998,48.8577254016],[2.3522,48.8566]]},"properties":{}},{"type":"Feature","geometry":{"type":"LineString","coordinates":[[2.314,48.873],[2.3157295232,48.87281340159999],[2.3174422528000003,48.8725876864],[2.3191381888,48.8723228544],[2.3208173311999993,48.87201890559999],[2.3224796800000003,48.87167584000001],[2.3241252351999995,48.8712936576],[2.3257539968,48.8708723584],[2.3273659648,48.8704119424],[2.3289611391999996,48.8699124096],[2.33053952,48.86937376000001],[2.3321011071999997,48.8687959936],[2.3336459007999997,48.86817911039999],[2.3351739008,48.86752311040001],[2.3366851071999997,48.8668279936],[2.3381795199999997,48.86609376],[2.3396571391999994,48.8653204096],[2.3411179647999996,48.8645079424],[2.3425619967999998,48.86365635840001],[2.3439892352,48.86276565760001],[2.34539968,48.86183584],[2.3467933311999998,48.860866905600005],[2.3481701887999997,48.8598588544],[2.3495302527999997,48.858811686399996],[2.3508735231999998,48.8577254016],[2.3522,48.8566]]},"properties":{"_map_colour":"#A0525B","_k":"317"}},{"type":"Feature","geometry":{"type":"LineString","coordinates":[[11.5735,48.1403],[11.015914016,48.127387078400005],[10.462032864000001,48.12761023360001],[9.911856543999999,48.1409694656],[9.365385055999997,48.16746477439999],[8.822618400000001,48.20709616000001],[8.283556575999999,48.259863622400005],[7.748199583999999,48.3257671616],[7.216547423999999,48.404806777599994],[6.688600096,48.4969824704],[6.1643576000000015,48.602294240000006],[5.643819936000001,48.720742086399994],[5.126987104,48.8523260096],[4.613859104000001,48.997046009600005],[4.104435936000002,49.15490208640001],[3.598717600000001,49.32589424],[3.0967040960000003,49.5100224704],[2.5983954239999996,49.707286777600004],[2.103791583999999,49.9176871616],[1.6128925759999988,50.141223622400005],[1.1256983999999983,50.37789616],[0.6422090559999981,50.6277047744],[0.16242454399999762,50.8906494656],[-0.31365513600000283,51.1667302336],[-0.7860299840000033,51.4559470784],[-1.2547000000000026,51.7583]]},"properties":{}},{"type":"Feature","geometry":{"type":"LineString","coordinates":[[11.5735,48.1403],[11.015914016,48.127387078400005],[10.462032864000001,48.12761023360001],[9.911856543999999,48.1409694656],[9.365385055999997,48.16746477439999],[8.822618400000001,48.20709616000001],[8.283556575999999,48.259863622400005],[7.748199583999999,48.3257671616],[7.216547423999999,48.404806777599994],[6.688600096,48.4969824704],[6.1643576000000015,48.602294240000006],[5.643819936000001,48.720742086399994],[5.126987104,48.8523260096],[4.613859104000001,48.997046009600005],[4.104435936000002,49.15490208640001],[3.598717600000001,49.32589424],[3.0967040960000003,49.5100224704],[2.5983954239999996,49.707286777600004],[2.103791583999999,49.9176871616],[1.6128925759999988,50.141223622400005],[1.1256983999999983,50.37789616],[0.6422090559999981,50.6277047744],[0.16242454399999762,50.8906494656],[-0.31365513600000283,51.1667302336],[-0.7860299840000033,51.4559470784],[-1.2547000000000026,51.7583]]},"properties":{"_map_colour":"#A0525B","_k":"319"}},{"type":"Feature","geometry":{"type":"LineString","coordinates":[[11.5735,48.1403],[8.277371641599998,46.8287163392],[4.9742486464,45.60366231680001],[1.664131014399998,44.4651379328],[-1.652981254400002,43.41314318719999],[-4.977088160000003,42.44767808000001],[-8.308189702400004,41.56874261120001],[-11.646285881600003,40.77633678080001],[-14.991376697600003,40.0704605888],[-18.3434621504,39.45111403520001],[-21.70254224,38.91829712000001],[-25.0686169664,38.4720098432],[-28.441686329599996,38.1122522048],[-31.821750329599997,37.83902420480001],[-35.2088089664,37.6523258432],[-38.60286224,37.552157120000004],[-42.0039101504,37.5385180352],[-45.41195269760001,37.6114085888],[-48.82698988160001,37.7708287808],[-52.249021702400015,38.01677861120001],[-55.67804816000002,38.349258080000006],[-59.114069254400015,38.76826718720001],[-62.55708498560003,39.27380593280001],[-66.00709535360002,39.8658743168],[-69.46410035840003,40.54447233920001],[-72.92810000000001,41.30960000000001]]},"properties":{}},{"type":"Feature","geometry":{"type":"LineString","coordinates":[[11.5735,48.1403],[8.277371641599998,46.8287163392],[4.9742486464,45.60366231680001],[1.664131014399998,44.4651379328],[-1.652981254400002,43.41314318719999],[-4.977088160000003,42.44767808000001],[-8.308189702400004,41.56874261120001],[-11.646285881600003,40.77633678080001],[-14.991376697600003,40.0704605888],[-18.3434621504,39.45111403520001],[-21.70254224,38.91829712000001],[-25.0686169664,38.4720098432],[-28.441686329599996,38.1122522048],[-31.821750329599997,37.83902420480001],[-35.2088089664,37.6523258432],[-38.60286224,37.552157120000004],[-42.0039101504,37.5385180352],[-45.41195269760001,37.6114085888],[-48.82698988160001,37.7708287808],[-52.249021702400015,38.01677861120001],[-55.67804816000002,38.349258080000006],[-59.114069254400015,38.76826718720001],[-62.55708498560003,39.27380593280001],[-66.00709535360002,39.8658743168],[-69.46410035840003,40.54447233920001],[-72.92810000000001,41.30960000000001]]},"properties":{"_map_colour":"#A0525B","_k":"321"}},{"type":"Feature","geometry":{"type":"LineString","coordinates":[[11.5735,48.1403],[8.1426556544,46.682026752],[4.7023533376,45.314488608000005],[1.2525930495999988,44.037685568],[-2.2066252096000016,42.85161763199999],[-5.675301440000001,41.75628480000001],[-9.153435641600002,40.751687072],[-12.641027814400001,39.837824448],[-16.138077958400004,39.014696928],[-19.644586073599996,38.282304512],[-23.160552159999998,37.64064720000001],[-26.685976217599993,37.089724992],[-30.22085824639999,36.629537888],[-33.76519824639999,36.260085888000006],[-37.318996217599995,35.981368992],[-40.88225215999999,35.793387200000005],[-44.454966073600005,35.696140512],[-48.03713795840001,35.689628928000005],[-51.6287678144,35.773852448],[-55.22985564160001,35.948811072000005],[-58.84040144000001,36.2145048],[-62.46040520960002,36.570933632000006],[-66.08986695040002,37.01809756800001],[-69.72878666240003,37.55599660800001],[-73.37716434560002,38.18463075200001],[-77.03500000000001,38.904]]},"properties":{}},{"type":"Feature","geometry":{"type":"LineString","coordinates":[[11.5735,48.1403],[8.1426556544,46.682026752],[4.7023533376,45.314488608000005],[1.2525930495999988,44.037685568],[-2.2066252096000016,42.85161763199999],[-5.675301440000001,41.75628480000001],[-9.153435641600002,40.751687072],[-12.641027814400001,39.837824448],[-16.138077958400004,39.014696928],[-19.644586073599996,38.282304512],[-23.160552159999998,37.64064720000001],[-26.685976217599993,37.089724992],[-30.22085824639999,36.629537888],[-33.76519824639999,36.260085888000006],[-37.318996217599995,35.981368992],[-40.88225215999999,35.793387200000005],[-44.454966073600005,35.696140512],[-48.03713795840001,35.689628928000005],[-51.6287678144,35.773852448],[-55.22985564160001,35.948811072000005],[-58.84040144000001,36.2145048],[-62.46040520960002,36.570933632000006],[-66.08986695040002,37.01809756800001],[-69.72878666240003,37.55599660800001],[-73.37716434560002,38.18463075200001],[-77.03500000000001,38.904]]},"properties":{"_map_colour":"#A0525B","_k":"323"}},{"type":"Feature","geometry":{"type":"LineString","coordinates":[[11.5735,48.1403],[11.38175952,47.997568441599995],[11.188058080000001,47.86034784640001],[10.99239568,47.72863821439999],[10.79477232,47.60243954559999],[10.595188000000004,47.481751840000015],[10.39364272,47.3665750976],[10.19013648,47.2569093184],[9.98466928,47.1527545024],[9.77724112,47.0541106496],[9.567852000000002,46.960977760000006],[9.35650192,46.8733558336],[9.14319088,46.79124487039999],[8.927918880000002,46.7146448704],[8.710685920000001,46.643555833600004],[8.491492000000001,46.577977759999996],[8.27033712,46.5179106496],[8.04722128,46.4633545024],[7.82214448,46.4143093184],[7.59510672,46.3707750976],[7.366108,46.33275184],[7.13514832,46.3002395456],[6.902227679999999,46.2732382144],[6.667346079999998,46.251747846399994],[6.4305035199999985,46.235768441599994],[6.191699999999998,46.2253]]},"properties":{}},{"type":"Feature","geometry":{"type":"LineString","coordinates":[[11.5735,48.1403],[11.38175952,47.997568441599995],[11.188058080000001,47.86034784640001],[10.99239568,47.72863821439999],[10.79477232,47.60243954559999],[10.595188000000004,47.481751840000015],[10.39364272,47.3665750976],[10.19013648,47.2569093184],[9.98466928,47.1527545024],[9.77724112,47.0541106496],[9.567852000000002,46.960977760000006],[9.35650192,46.8733558336],[9.14319088,46.79124487039999],[8.927918880000002,46.7146448704],[8.710685920000001,46.643555833600004],[8.491492000000001,46.577977759999996],[8.27033712,46.5179106496],[8.04722128,46.4633545024],[7.82214448,46.4143093184],[7.59510672,46.3707750976],[7.366108,46.33275184],[7.13514832,46.3002395456],[6.902227679999999,46.2732382144],[6.667346079999998,46.251747846399994],[6.4305035199999985,46.235768441599994],[6.191699999999998,46.2253]]},"properties":{"_map_colour":"#A0525B","_k":"325"}},{"type":"Feature","geometry":{"type":"LineString","coordinates":[[77.244,28.633],[74.18573381760001,28.4636013376],[71.1454821504,28.3669602304],[68.1232449984,28.343076678399996],[65.11902236159999,28.391950681599997],[62.13281424000001,28.513582240000005],[59.1646206336,28.7079713536],[56.21444154239999,28.975118022399997],[53.28227696639999,29.315022246399998],[50.3681269056,29.7276840256],[47.471991360000004,30.213103360000005],[44.5938703296,30.7712802496],[41.7337638144,31.402214694399994],[38.891671814400006,32.1059066944],[36.067594329600006,32.882356249599994],[33.26153136,33.731563359999996],[30.473482905599994,34.6535280256],[27.703448966399996,35.648250246399996],[24.951429542399993,36.715730022399995],[22.217424633599993,37.85596735360001],[19.501434239999988,39.068962240000005],[16.803458361599986,40.35471468160001],[14.123496998399986,41.71322467840001],[11.461550150399983,43.144492230400004],[8.81761781759998,44.648517337600005],[6.191699999999986,46.225300000000004]]},"properties":{}},{"type":"Feature","geometry":{"type":"LineString","coordinates":[[77.244,28.633],[74.18573381760001,28.4636013376],[71.1454821504,28.3669602304],[68.1232449984,28.343076678399996],[65.11902236159999,28.391950681599997],[62.13281424000001,28.513582240000005],[59.1646206336,28.7079713536],[56.21444154239999,28.975118022399997],[53.28227696639999,29.315022246399998],[50.3681269056,29.7276840256],[47.471991360000004,30.213103360000005],[44.5938703296,30.7712802496],[41.7337638144,31.402214694399994],[38.891671814400006,32.1059066944],[36.067594329600006,32.882356249599994],[33.26153136,33.731563359999996],[30.473482905599994,34.6535280256],[27.703448966399996,35.648250246399996],[24.951429542399993,36.715730022399995],[22.217424633599993,37.85596735360001],[19.501434239999988,39.068962240000005],[16.803458361599986,40.35471468160001],[14.123496998399986,41.71322467840001],[11.461550150399983,43.144492230400004],[8.81761781759998,44.648517337600005],[6.191699999999986,46.225300000000004]]},"properties":{"_map_colour":"#A0525B","_k":"327"}},{"type":"Feature","geometry":{"type":"LineString","coordinates":[[-77.0425,38.9088],[-74.16888265600001,40.3540604864],[-71.282107424,41.7217142656],[-68.382174304,43.0117613376],[-65.469083296,44.224201702399995],[-62.54283440000001,45.35903536000001],[-59.603427616000005,46.41626231040001],[-56.650862943999996,47.395882553599996],[-53.685140384,48.297896089599995],[-50.706259936,49.122302918399996],[-47.71422160000001,49.86910304],[-44.70902537600001,50.5382964544],[-41.690671264,51.12988316159999],[-38.65915926400001,51.6438631616],[-35.614489376,52.0802364544],[-32.556661600000005,52.439003039999996],[-29.485675935999996,52.72016291839999],[-26.401532383999996,52.923716089600006],[-23.304230943999993,53.0496625536],[-20.193771615999992,53.098002310400005],[-17.070154399999993,53.06873535999999],[-13.933379295999988,52.9618617024],[-10.783446303999982,52.7773813376],[-7.620355423999979,52.5152942656],[-4.444106655999976,52.1756004864],[-1.2546999999999824,51.75829999999999]]},"properties":{}},{"type":"Feature","geometry":{"type":"LineString","coordinates":[[-77.0425,38.9088],[-74.16888265600001,40.3540604864],[-71.282107424,41.7217142656],[-68.382174304,43.0117613376],[-65.469083296,44.224201702399995],[-62.54283440000001,45.35903536000001],[-59.603427616000005,46.41626231040001],[-56.650862943999996,47.395882553599996],[-53.685140384,48.297896089599995],[-50.706259936,49.122302918399996],[-47.71422160000001,49.86910304],[-44.70902537600001,50.5382964544],[-41.690671264,51.12988316159999],[-38.65915926400001,51.6438631616],[-35.614489376,52.0802364544],[-32.556661600000005,52.439003039999996],[-29.485675935999996,52.72016291839999],[-26.401532383999996,52.923716089600006],[-23.304230943999993,53.0496625536],[-20.193771615999992,53.098002310400005],[-17.070154399999993,53.06873535999999],[-13.933379295999988,52.9618617024],[-10.783446303999982,52.7773813376],[-7.620355423999979,52.5152942656],[-4.444106655999976,52.1756004864],[-1.2546999999999824,51.75829999999999]]},"properties":{"_map_colour":"#A0525B","_k":"329"}},{"type":"Feature","geometry":{"type":"LineString","coordinates":[[-77.0425,38.9088],[-77.0421410176,38.90870016],[-77.04178695040001,38.90859264],[-77.0414377984,38.90847744],[-77.04109356159998,38.90835455999999],[-77.04075424000001,38.908224000000004],[-77.04041983360001,38.90808576],[-77.0400903424,38.907939840000004],[-77.0397657664,38.90778624],[-77.0394461056,38.90762496000001],[-77.03913136000001,38.90745600000001],[-77.0388215296,38.907279360000004],[-77.0385166144,38.90709504],[-77.0382166144,38.90690304],[-77.0379215296,38.90670336000001],[-77.03763136,38.906496000000004],[-77.0373461056,38.906280960000004],[-77.03706576639999,38.90605824000001],[-77.0367903424,38.90582784],[-77.03651983360001,38.90558976000001],[-77.03625423999999,38.90534400000001],[-77.0359935616,38.905090560000005],[-77.03573779839999,38.90482944],[-77.0354869504,38.90456064],[-77.03524101759999,38.90428416],[-77.035,38.904]]},"properties":{}},{"type":"Feature","geometry":{"type":"LineString","coordinates":[[-77.0425,38.9088],[-77.0421410176,38.90870016],[-77.04178695040001,38.90859264],[-77.0414377984,38.90847744],[-77.04109356159998,38.90835455999999],[-77.04075424000001,38.908224000000004],[-77.04041983360001,38.90808576],[-77.0400903424,38.907939840000004],[-77.0397657664,38.90778624],[-77.0394461056,38.90762496000001],[-77.03913136000001,38.90745600000001],[-77.0388215296,38.907279360000004],[-77.0385166144,38.90709504],[-77.0382166144,38.90690304],[-77.0379215296,38.90670336000001],[-77.03763136,38.906496000000004],[-77.0373461056,38.906280960000004],[-77.03706576639999,38.90605824000001],[-77.0367903424,38.90582784],[-77.03651983360001,38.90558976000001],[-77.03625423999999,38.90534400000001],[-77.0359935616,38.905090560000005],[-77.03573779839999,38.90482944],[-77.0354869504,38.90456064],[-77.03524101759999,38.90428416],[-77.035,38.904]]},"properties":{"_map_colour":"#A0525B","_k":"331"}},{"type":"Feature","geometry":{"type":"LineString","coordinates":[[-77.0425,38.9088],[-68.33506581120001,41.4422171264],[-59.63094180480001,43.7537408256],[-50.9301279808,45.8433710976],[-42.2326243392,47.71110794239999],[-33.53843088000001,49.356951360000004],[-24.847547603200002,50.7809013504],[-16.159974508799998,51.9829579136],[-7.4757115968,52.9631210496],[1.2052411327999906,53.7213907584],[9.882883679999981,54.257767040000004],[18.557216044799983,54.572249894399995],[27.22823822719998,54.66483932159999],[35.895950227199975,54.5355353216],[44.56035204479998,54.1843378944],[53.221443679999986,53.61124704],[61.879225132799995,52.8162627584],[70.5336964032,51.799385049600005],[79.1848574912,50.560613913599994],[87.83270839680003,49.099949350399996],[96.47724912000002,47.417391359999996],[105.11847966080003,45.512939942399996],[113.75640001920004,43.386595097599994],[122.39101019520005,41.03835682559998],[131.02231018880005,38.46822512639998],[139.65030000000004,35.67619999999999]]},"properties":{}},{"type":"Feature","geometry":{"type":"LineString","coordinates":[[-77.0425,38.9088],[-68.33506581120001,41.4422171264],[-59.63094180480001,43.7537408256],[-50.9301279808,45.8433710976],[-42.2326243392,47.71110794239999],[-33.53843088000001,49.356951360000004],[-24.847547603200002,50.7809013504],[-16.159974508799998,51.9829579136],[-7.4757115968,52.9631210496],[1.2052411327999906,53.7213907584],[9.882883679999981,54.257767040000004],[18.557216044799983,54.572249894399995],[27.22823822719998,54.66483932159999],[35.895950227199975,54.5355353216],[44.56035204479998,54.1843378944],[53.221443679999986,53.61124704],[61.879225132799995,52.8162627584],[70.5336964032,51.799385049600005],[79.1848574912,50.560613913599994],[87.83270839680003,49.099949350399996],[96.47724912000002,47.417391359999996],[105.11847966080003,45.512939942399996],[113.75640001920004,43.386595097599994],[122.39101019520005,41.03835682559998],[131.02231018880005,38.46822512639998],[139.65030000000004,35.67619999999999]]},"properties":{"_map_colour":"#A0525B","_k":"333"}},{"type":"Feature","geometry":{"type":"LineString","coordinates":[[-77.0425,38.9088],[-69.3211526656,41.3285650432],[-61.59868794240001,43.5503203328],[-53.8751058304,45.5740658688],[-46.150406329599996,47.399801651199994],[-38.424589440000005,49.027527680000006],[-30.6976551616,50.4572439552],[-22.969603494399998,51.6889504768],[-15.240434438399996,52.7226472448],[-7.510147993600002,53.558334259199995],[0.22125583999999066,54.196011520000006],[7.9537770623999915,54.6356790272],[15.687415673599991,54.87733678079999],[23.422171673599983,54.9209847808],[31.158045062399992,54.7666230272],[38.89503584,54.41425152],[46.6331440064,53.8638702592],[54.37236956160002,53.1154792448],[62.112712505600015,52.169078476799996],[69.85417283840003,51.0246679552],[77.59675056000003,49.68224767999999],[85.34044567040004,48.14181765119999],[93.08525816960005,46.40337786879999],[100.83118805760006,44.46692833279999],[108.57823533440006,42.33246904319998],[116.32640000000005,39.999999999999986]]},"properties":{}},{"type":"Feature","geometry":{"type":"LineString","coordinates":[[-77.0425,38.9088],[-69.3211526656,41.3285650432],[-61.59868794240001,43.5503203328],[-53.8751058304,45.5740658688],[-46.150406329599996,47.399801651199994],[-38.424589440000005,49.027527680000006],[-30.6976551616,50.4572439552],[-22.969603494399998,51.6889504768],[-15.240434438399996,52.7226472448],[-7.510147993600002,53.558334259199995],[0.22125583999999066,54.196011520000006],[7.9537770623999915,54.6356790272],[15.687415673599991,54.87733678079999],[23.422171673599983,54.9209847808],[31.158045062399992,54.7666230272],[38.89503584,54.41425152],[46.6331440064,53.8638702592],[54.37236956160002,53.1154792448],[62.112712505600015,52.169078476799996],[69.85417283840003,51.0246679552],[77.59675056000003,49.68224767999999],[85.34044567040004,48.14181765119999],[93.08525816960005,46.40337786879999],[100.83118805760006,44.46692833279999],[108.57823533440006,42.33246904319998],[116.32640000000005,39.999999999999986]]},"properties":{"_map_colour":"#A0525B","_k":"335"}},{"type":"Feature","geometry":{"type":"LineString","coordinates":[[-0.12,51.51],[4.6546453119999995,50.77931615999999],[9.377886847999997,49.94219264],[14.049724607999998,48.998629439999995],[18.670158591999996,47.94862655999999],[23.239188800000004,46.792184000000006],[27.756815232,45.52930176],[32.223037888,44.15997984],[36.637856768,42.68421823999999],[41.001271872,41.10201696],[45.3132832,39.413376000000014],[49.573890752,37.61829536],[53.78309452799999,35.71677504],[57.94089452799999,33.708815040000005],[62.047290751999995,31.59441536],[66.1022832,29.373576],[70.105871872,27.04629696],[74.058056768,24.612578239999994],[77.958837888,22.072419839999995],[81.80821523200001,19.42582175999999],[85.60618880000001,16.67278399999999],[89.35275859200001,13.813306559999987],[93.04792460800002,10.847389439999983],[96.69168684800002,7.775032639999979],[100.28404531200002,4.596236159999975],[103.82500000000002,1.3109999999999815]]},"properties":{}},{"type":"Feature","geometry":{"type":"LineString","coordinates":[[-0.12,51.51],[4.6546453119999995,50.77931615999999],[9.377886847999997,49.94219264],[14.049724607999998,48.998629439999995],[18.670158591999996,47.94862655999999],[23.239188800000004,46.792184000000006],[27.756815232,45.52930176],[32.223037888,44.15997984],[36.637856768,42.68421823999999],[41.001271872,41.10201696],[45.3132832,39.413376000000014],[49.573890752,37.61829536],[53.78309452799999,35.71677504],[57.94089452799999,33.708815040000005],[62.047290751999995,31.59441536],[66.1022832,29.373576],[70.105871872,27.04629696],[74.058056768,24.612578239999994],[77.958837888,22.072419839999995],[81.80821523200001,19.42582175999999],[85.60618880000001,16.67278399999999],[89.35275859200001,13.813306559999987],[93.04792460800002,10.847389439999983],[96.69168684800002,7.775032639999979],[100.28404531200002,4.596236159999975],[103.82500000000002,1.3109999999999815]]},"properties":{"_map_colour":"#A0525B","_k":"337"}},{"type":"Feature","geometry":{"type":"LineString","coordinates":[[-1.2547,51.7583],[-4.127958361599999,50.31293967359999],[-7.0143795264,48.9451783744],[-9.913963494399999,47.6550161024],[-12.8267102656,46.44245285759999],[-15.752619840000001,45.30748864000001],[-18.6916922176,44.2501234496],[-21.6439273984,43.27035728639999],[-24.6093253824,42.3681901504],[-27.587886169599997,41.5436220416],[-30.57960976,40.79665296000001],[-33.58449615359999,40.1272829056],[-36.60254535039999,39.5355118784],[-39.63375735039999,39.021339878400006],[-42.67813215359999,38.584766905600006],[-45.73566975999999,38.22579296],[-48.8063701696,37.9444180416],[-51.890233382400005,37.74064215040001],[-54.9872593984,37.614465286400005],[-58.09744821760001,37.565887449600005],[-61.220799840000005,37.59490864],[-64.35731426560001,37.7015288576],[-67.50699149440001,37.8857481024],[-70.66983152640002,38.14756637440001],[-73.84583436160001,38.48698367360001],[-77.03500000000001,38.904]]},"properties":{}},{"type":"Feature","geometry":{"type":"LineString","coordinates":[[-1.2547,51.7583],[-4.127958361599999,50.31293967359999],[-7.0143795264,48.9451783744],[-9.913963494399999,47.6550161024],[-12.8267102656,46.44245285759999],[-15.752619840000001,45.30748864000001],[-18.6916922176,44.2501234496],[-21.6439273984,43.27035728639999],[-24.6093253824,42.3681901504],[-27.587886169599997,41.5436220416],[-30.57960976,40.79665296000001],[-33.58449615359999,40.1272829056],[-36.60254535039999,39.5355118784],[-39.63375735039999,39.021339878400006],[-42.67813215359999,38.584766905600006],[-45.73566975999999,38.22579296],[-48.8063701696,37.9444180416],[-51.890233382400005,37.74064215040001],[-54.9872593984,37.614465286400005],[-58.09744821760001,37.565887449600005],[-61.220799840000005,37.59490864],[-64.35731426560001,37.7015288576],[-67.50699149440001,37.8857481024],[-70.66983152640002,38.14756637440001],[-73.84583436160001,38.48698367360001],[-77.03500000000001,38.904]]},"properties":{"_map_colour":"#A0525B","_k":"339"}},{"type":"Feature","geometry":{"type":"LineString","coordinates":[[-1.2547,51.7583],[3.5930299904000003,52.73280455679999],[8.428719481600002,53.586906067200005],[13.252368473600002,54.3206045312],[18.063976966400002,54.93389994879999],[22.863544960000006,55.42679232000001],[27.651072454400005,55.799281644800004],[32.426559449600006,56.0513679232],[37.1900059456,56.183051155200005],[41.9414119424,56.1943313408],[46.68077744,56.085208480000006],[51.40810243839999,55.8556825728],[56.12338693759999,55.50575361919999],[60.8266309376,55.0354216192],[65.5178344384,54.4446865728],[70.19699744,53.73354848],[74.86411994240001,52.9020073408],[79.51920194560002,51.9500631552],[84.16224344960001,50.8777159232],[88.79324445440002,49.6849656448],[93.41220496000003,48.37181232],[98.01912496640003,46.9382559488],[102.61400447360003,45.38429653119999],[107.19684348160004,43.709934067199995],[111.76764199040004,41.91516855679998],[116.32640000000004,39.999999999999986]]},"properties":{}},{"type":"Feature","geometry":{"type":"LineString","coordinates":[[-1.2547,51.7583],[3.5930299904000003,52.73280455679999],[8.428719481600002,53.586906067200005],[13.252368473600002,54.3206045312],[18.063976966400002,54.93389994879999],[22.863544960000006,55.42679232000001],[27.651072454400005,55.799281644800004],[32.426559449600006,56.0513679232],[37.1900059456,56.183051155200005],[41.9414119424,56.1943313408],[46.68077744,56.085208480000006],[51.40810243839999,55.8556825728],[56.12338693759999,55.50575361919999],[60.8266309376,55.0354216192],[65.5178344384,54.4446865728],[70.19699744,53.73354848],[74.86411994240001,52.9020073408],[79.51920194560002,51.9500631552],[84.16224344960001,50.8777159232],[88.79324445440002,49.6849656448],[93.41220496000003,48.37181232],[98.01912496640003,46.9382559488],[102.61400447360003,45.38429653119999],[107.19684348160004,43.709934067199995],[111.76764199040004,41.91516855679998],[116.32640000000004,39.999999999999986]]},"properties":{"_map_colour":"#A0525B","_k":"341"}},{"type":"Feature","geometry":{"type":"LineString","coordinates":[[139.762,35.7128],[139.7579817408,35.7099634304],[139.7539260032,35.7072412416],[139.74983278719998,35.7046334336],[139.7457020928,35.70214000639999],[139.74153392000002,35.699760960000006],[139.73732826879998,35.697496294400004],[139.73308513919997,35.6953460096],[139.72880453119996,35.6933101056],[139.7244864448,35.6913885824],[139.72013088,35.689581440000005],[139.71573783679997,35.6878886784],[139.71130731519997,35.686310297599995],[139.7068393152,35.684846297600004],[139.7023338368,35.683496678400004],[139.69779087999999,35.682261440000005],[139.69321044479997,35.681140582400005],[139.6885925312,35.680134105600004],[139.6839371392,35.6792420096],[139.6792442688,35.6784642944],[139.67451391999998,35.67780096],[139.66974609279998,35.6772520064],[139.66494078719998,35.67681743360001],[139.66009800319998,35.6764972416],[139.6552177408,35.6762914304],[139.6503,35.6762]]},"properties":{}},{"type":"Feature","geometry":{"type":"LineString","coordinates":[[139.762,35.7128],[139.7579817408,35.7099634304],[139.7539260032,35.7072412416],[139.74983278719998,35.7046334336],[139.7457020928,35.70214000639999],[139.74153392000002,35.699760960000006],[139.73732826879998,35.697496294400004],[139.73308513919997,35.6953460096],[139.72880453119996,35.6933101056],[139.7244864448,35.6913885824],[139.72013088,35.689581440000005],[139.71573783679997,35.6878886784],[139.71130731519997,35.686310297599995],[139.7068393152,35.684846297600004],[139.7023338368,35.683496678400004],[139.69779087999999,35.682261440000005],[139.69321044479997,35.681140582400005],[139.6885925312,35.680134105600004],[139.6839371392,35.6792420096],[139.6792442688,35.6784642944],[139.67451391999998,35.67780096],[139.66974609279998,35.6772520064],[139.66494078719998,35.67681743360001],[139.66009800319998,35.6764972416],[139.6552177408,35.6762914304],[139.6503,35.6762]]},"properties":{"_map_colour":"#A0525B","_k":"343"}},{"type":"Feature","geometry":{"type":"LineString","coordinates":[[2.3522,48.8566],[7.019997900799999,49.9028509696],[11.6787266432,50.8323923584],[16.3283862272,51.645224166400006],[20.968976652800002,52.34134639359999],[25.600497920000002,52.920759040000014],[30.222950028800003,53.3834621056],[34.8363329792,53.7294555904],[39.4406467712,53.95873949439999],[44.035891404800005,54.0713138176],[48.622066880000006,54.06717856000001],[53.1991731968,53.9463337216],[57.76721035519999,53.70877930239999],[62.3261783552,53.3545153024],[66.8760771968,52.8835417216],[71.41690688,52.29585856],[75.9486674048,51.591465817599996],[80.47135877120002,50.7703634944],[84.9849809792,49.8325515904],[89.48953402880002,48.7780301056],[93.98501792000002,47.60679904],[98.47143265280003,46.318858393599996],[102.94877822720004,44.914208166399995],[107.41705464320003,43.392848358399995],[111.87626190080003,41.75477896959998],[116.32640000000004,39.999999999999986]]},"properties":{}},{"type":"Feature","geometry":{"type":"LineString","coordinates":[[2.3522,48.8566],[7.019997900799999,49.9028509696],[11.6787266432,50.8323923584],[16.3283862272,51.645224166400006],[20.968976652800002,52.34134639359999],[25.600497920000002,52.920759040000014],[30.222950028800003,53.3834621056],[34.8363329792,53.7294555904],[39.4406467712,53.95873949439999],[44.035891404800005,54.0713138176],[48.622066880000006,54.06717856000001],[53.1991731968,53.9463337216],[57.76721035519999,53.70877930239999],[62.3261783552,53.3545153024],[66.8760771968,52.8835417216],[71.41690688,52.29585856],[75.9486674048,51.591465817599996],[80.47135877120002,50.7703634944],[84.9849809792,49.8325515904],[89.48953402880002,48.7780301056],[93.98501792000002,47.60679904],[98.47143265280003,46.318858393599996],[102.94877822720004,44.914208166399995],[107.41705464320003,43.392848358399995],[111.87626190080003,41.75477896959998],[116.32640000000004,39.999999999999986]]},"properties":{"_map_colour":"#A0525B","_k":"345"}},{"type":"Feature","geometry":{"type":"LineString","coordinates":[[139.6503,35.6762],[134.18232865919998,34.4582247232],[128.72515959679998,33.376911052800004],[123.27879281279999,32.4322589888],[117.84322830719998,31.624268531199995],[112.41846608000002,30.952939680000007],[107.00450613119999,30.418272435200002],[101.6013484608,30.0202667968],[96.20899306879998,29.758922764799998],[90.8274399552,29.634240339200005],[85.45668912000001,29.646219520000002],[80.09674056319999,29.7948603072],[74.74759428479999,30.080162700799995],[69.40925028480001,30.502126700799998],[64.0817085632,31.0607523072],[58.764969119999996,31.75603952],[53.4590319552,32.587988339199995],[48.16389706879999,33.5565987648],[42.87956446079998,34.6618707968],[37.60603413119998,35.9038044352],[32.34330607999998,37.282399680000005],[27.091380307199973,38.797656531200005],[21.85025681279997,40.44957498880001],[16.619935596799962,42.23815505280001],[11.40041665919996,44.16339672320001],[6.191699999999971,46.22530000000001]]},"properties":{}},{"type":"Feature","geometry":{"type":"LineString","coordinates":[[139.6503,35.6762],[134.18232865919998,34.4582247232],[128.72515959679998,33.376911052800004],[123.27879281279999,32.4322589888],[117.84322830719998,31.624268531199995],[112.41846608000002,30.952939680000007],[107.00450613119999,30.418272435200002],[101.6013484608,30.0202667968],[96.20899306879998,29.758922764799998],[90.8274399552,29.634240339200005],[85.45668912000001,29.646219520000002],[80.09674056319999,29.7948603072],[74.74759428479999,30.080162700799995],[69.40925028480001,30.502126700799998],[64.0817085632,31.0607523072],[58.764969119999996,31.75603952],[53.4590319552,32.587988339199995],[48.16389706879999,33.5565987648],[42.87956446079998,34.6618707968],[37.60603413119998,35.9038044352],[32.34330607999998,37.282399680000005],[27.091380307199973,38.797656531200005],[21.85025681279997,40.44957498880001],[16.619935596799962,42.23815505280001],[11.40041665919996,44.16339672320001],[6.191699999999971,46.22530000000001]]},"properties":{"_map_colour":"#A0525B","_k":"347"}}]}