{"type":"FeatureCollection","details":true,"features":[{"type":"Feature","geometry":{"type":"Point","coordinates":[-99.15068807156243,39.52967493310974]},"properties":{"from":"USA","to":"USA","n":10928,"internal":true,"kind":"sexual exploitation","labour":1583,"sexual":9386,"minor":2041,"_k":"0"}},{"type":"Feature","geometry":{"type":"Point","coordinates":[31.25062821784535,49.15969486561811]},"properties":{"from":"UKR","to":"UKR","n":7796,"internal":true,"kind":"labour exploitation","labour":1002,"sexual":193,"minor":306,"_k":"1"}},{"type":"Feature","geometry":{"type":"LineString","coordinates":[[-102.50809751599304,23.941580696597782],[-99.15068807156243,39.52967493310974]]},"properties":{"from":"MEX","to":"USA","n":6877,"internal":false,"kind":"labour exploitation","labour":5269,"sexual":904,"minor":245,"_k":"2"}},{"type":"Feature","geometry":{"type":"Point","coordinates":[28.45629251700725,47.2012755102054]},"properties":{"from":"MDA","to":"MDA","n":5675,"internal":true,"kind":"sexual exploitation","labour":54,"sexual":135,"minor":2094,"_k":"3"}},{"type":"Feature","geometry":{"type":"LineString","coordinates":[[31.25062821784535,49.15969486561811],[99.0698642121238,61.66316880121902]]},"properties":{"from":"UKR","to":"RUS","n":4071,"internal":false,"kind":"labour exploitation","labour":3336,"sexual":416,"minor":43,"_k":"4"}},{"type":"Feature","geometry":{"type":"LineString","coordinates":[[8.088479508743816,9.594095136385867],[18.01465069186637,27.027402407469932]]},"properties":{"from":"NGA","to":"LBY","n":2492,"internal":false,"kind":"labour exploitation","labour":896,"sexual":529,"minor":257,"_k":"5"}},{"type":"Feature","geometry":{"type":"Point","coordinates":[121.42730496453794,15.945390070922295]},"properties":{"from":"PHL","to":"PHL","n":2020,"internal":true,"kind":"labour exploitation","labour":769,"sexual":182,"minor":31,"_k":"6"}},{"type":"Feature","geometry":{"type":"LineString","coordinates":[[8.088479508743816,9.594095136385867],[-3.5451743486347445,17.342714243290896]]},"properties":{"from":"NGA","to":"MLI","n":1229,"internal":false,"kind":"sexual exploitation","labour":50,"sexual":693,"minor":58,"_k":"7"}},{"type":"Feature","geometry":{"type":"LineString","coordinates":[[121.42730496453794,15.945390070922295],[-99.15068807156243,39.52967493310974]]},"properties":{"from":"PHL","to":"USA","n":1226,"internal":false,"kind":"labour exploitation","labour":534,"sexual":184,"minor":28,"_k":"8"}},{"type":"Feature","geometry":{"type":"LineString","coordinates":[[28.04028419182972,53.53018354055703],[99.0698642121238,61.66316880121902]]},"properties":{"from":"BLR","to":"RUS","n":1159,"internal":false,"kind":"labour exploitation","labour":791,"sexual":282,"minor":33,"_k":"9"}},{"type":"Feature","geometry":{"type":"LineString","coordinates":[[106.29262653488702,16.66312668463577],[103.81264367816092,36.619860071494145]]},"properties":{"from":"VNM","to":"CHN","n":1134,"internal":false,"kind":"sexual exploitation","labour":99,"sexual":162,"minor":164,"_k":"10"}},{"type":"Feature","geometry":{"type":"LineString","coordinates":[[31.25062821784535,49.15969486561811],[19.397113084377445,52.124826663422986]]},"properties":{"from":"UKR","to":"POL","n":1112,"internal":false,"kind":"labour exploitation","labour":676,"sexual":239,"minor":0,"_k":"11"}},{"type":"Feature","geometry":{"type":"LineString","coordinates":[[103.81264367816092,36.619860071494145],[-99.15068807156243,39.52967493310974]]},"properties":{"from":"CHN","to":"USA","n":1027,"internal":false,"kind":"sexual exploitation","labour":242,"sexual":822,"minor":19,"_k":"12"}},{"type":"Feature","geometry":{"type":"LineString","coordinates":[[96.4943751272419,21.205002472151694],[90.23205935882014,23.87796444071293]]},"properties":{"from":"MMR","to":"BGD","n":928,"internal":false,"kind":"labour exploitation","labour":670,"sexual":4,"minor":124,"_k":"13"}},{"type":"Feature","geometry":{"type":"LineString","coordinates":[[96.4943751272419,21.205002472151694],[114.02062133826777,-0.19466928769655426]]},"properties":{"from":"MMR","to":"IDN","n":898,"internal":false,"kind":"labour exploitation","labour":674,"sexual":0,"minor":0,"_k":"14"}},{"type":"Feature","geometry":{"type":"Point","coordinates":[104.90152976388326,12.723001884491634]},"properties":{"from":"KHM","to":"KHM","n":881,"internal":true,"kind":"sexual exploitation","labour":21,"sexual":678,"minor":298,"_k":"15"}},{"type":"Feature","geometry":{"type":"LineString","coordinates":[[-90.36942779291803,15.69158946412403],[-99.15068807156243,39.52967493310974]]},"properties":{"from":"GTM","to":"USA","n":819,"internal":false,"kind":"labour exploitation","labour":508,"sexual":175,"minor":250,"_k":"16"}},{"type":"Feature","geometry":{"type":"LineString","coordinates":[[29.867651515151508,-3.348030303030272],[44.53810637965998,24.123203283419123]]},"properties":{"from":"BDI","to":"SAU","n":749,"internal":false,"kind":"labour exploitation","labour":402,"sexual":10,"minor":16,"_k":"17"}},{"type":"Feature","geometry":{"type":"Point","coordinates":[90.23205935882014,23.87796444071293]},"properties":{"from":"BGD","to":"BGD","n":721,"internal":true,"kind":"labour exploitation","labour":437,"sexual":10,"minor":22,"_k":"18"}},{"type":"Feature","geometry":{"type":"LineString","coordinates":[[74.54052211635376,41.46228212874759],[99.0698642121238,61.66316880121902]]},"properties":{"from":"KGZ","to":"RUS","n":642,"internal":false,"kind":"labour exploitation","labour":518,"sexual":23,"minor":0,"_k":"19"}},{"type":"Feature","geometry":{"type":"LineString","coordinates":[[28.45629251700725,47.2012755102054],[31.25062821784535,49.15969486561811]]},"properties":{"from":"MDA","to":"UKR","n":642,"internal":false,"kind":"labour exploitation","labour":15,"sexual":6,"minor":104,"_k":"20"}},{"type":"Feature","geometry":{"type":"LineString","coordinates":[[-86.63354643935271,14.822820103001074],[-99.15068807156243,39.52967493310974]]},"properties":{"from":"HND","to":"USA","n":641,"internal":false,"kind":"labour exploitation","labour":355,"sexual":206,"minor":158,"_k":"21"}},{"type":"Feature","geometry":{"type":"Point","coordinates":[28.04028419182972,53.53018354055703]},"properties":{"from":"BLR","to":"BLR","n":632,"internal":true,"kind":"sexual exploitation","labour":57,"sexual":235,"minor":139,"_k":"22"}},{"type":"Feature","geometry":{"type":"Point","coordinates":[8.088479508743816,9.594095136385867]},"properties":{"from":"NGA","to":"NGA","n":614,"internal":true,"kind":"labour exploitation","labour":130,"sexual":83,"minor":88,"_k":"23"}},{"type":"Feature","geometry":{"type":"LineString","coordinates":[[45.71869717852055,4.765362111558975],[18.01465069186637,27.027402407469932]]},"properties":{"from":"SOM","to":"LBY","n":608,"internal":false,"kind":"labour exploitation","labour":6,"sexual":1,"minor":23,"_k":"24"}},{"type":"Feature","geometry":{"type":"LineString","coordinates":[[114.02062133826777,-0.19466928769655426],[114.70422446406062,3.59975830180747]]},"properties":{"from":"IDN","to":"MYS","n":586,"internal":false,"kind":"labour exploitation","labour":356,"sexual":41,"minor":31,"_k":"25"}},{"type":"Feature","geometry":{"type":"LineString","coordinates":[[-11.781139601139621,8.566581196581197],[35.89410774411856,33.92558922559957]]},"properties":{"from":"SLE","to":"LBN","n":560,"internal":false,"kind":"labour exploitation","labour":445,"sexual":4,"minor":1,"_k":"26"}},{"type":"Feature","geometry":{"type":"Point","coordinates":[114.02062133826777,-0.19466928769655426]},"properties":{"from":"IDN","to":"IDN","n":556,"internal":true,"kind":"labour exploitation","labour":253,"sexual":42,"minor":51,"_k":"27"}},{"type":"Feature","geometry":{"type":"Point","coordinates":[24.9832298892535,45.850663259096045]},"properties":{"from":"ROU","to":"ROU","n":434,"internal":true,"kind":"sexual exploitation","labour":84,"sexual":169,"minor":21,"_k":"28"}},{"type":"Feature","geometry":{"type":"Point","coordinates":[106.29262653488702,16.66312668463577]},"properties":{"from":"VNM","to":"VNM","n":418,"internal":true,"kind":"labour exploitation","labour":134,"sexual":94,"minor":165,"_k":"29"}},{"type":"Feature","geometry":{"type":"Point","coordinates":[-1.2240238704177318,7.961261722080135]},"properties":{"from":"GHA","to":"GHA","n":398,"internal":true,"kind":"labour exploitation","labour":322,"sexual":0,"minor":356,"_k":"30"}},{"type":"Feature","geometry":{"type":"LineString","coordinates":[[106.29262653488702,16.66312668463577],[-99.15068807156243,39.52967493310974]]},"properties":{"from":"VNM","to":"USA","n":393,"internal":false,"kind":"labour exploitation","labour":168,"sexual":79,"minor":53,"_k":"31"}},{"type":"Feature","geometry":{"type":"LineString","coordinates":[[104.90152976388326,12.723001884491634],[103.81264367816092,36.619860071494145]]},"properties":{"from":"KHM","to":"CHN","n":390,"internal":false,"kind":"labour exploitation","labour":24,"sexual":18,"minor":12,"_k":"32"}},{"type":"Feature","geometry":{"type":"LineString","coordinates":[[31.25062821784535,49.15969486561811],[35.435564029234044,38.98751827136936]]},"properties":{"from":"UKR","to":"TUR","n":384,"internal":false,"kind":"sexual exploitation","labour":156,"sexual":296,"minor":11,"_k":"33"}},{"type":"Feature","geometry":{"type":"Point","coordinates":[29.867651515151508,-3.348030303030272]},"properties":{"from":"BDI","to":"BDI","n":381,"internal":true,"kind":"labour exploitation","labour":96,"sexual":0,"minor":28,"_k":"34"}},{"type":"Feature","geometry":{"type":"LineString","coordinates":[[104.90152976388326,12.723001884491634],[114.02062133826777,-0.19466928769655426]]},"properties":{"from":"KHM","to":"IDN","n":343,"internal":false,"kind":"labour exploitation","labour":190,"sexual":2,"minor":3,"_k":"35"}},{"type":"Feature","geometry":{"type":"LineString","coordinates":[[-73.08064382475897,3.906445453235302],[-99.15068807156243,39.52967493310974]]},"properties":{"from":"COL","to":"USA","n":340,"internal":false,"kind":"sexual exploitation","labour":65,"sexual":153,"minor":28,"_k":"36"}},{"type":"Feature","geometry":{"type":"LineString","coordinates":[[29.93496098318132,15.981518572856197],[18.01465069186637,27.027402407469932]]},"properties":{"from":"SDN","to":"LBY","n":340,"internal":false,"kind":"labour exploitation","labour":32,"sexual":0,"minor":2,"_k":"37"}},{"type":"Feature","geometry":{"type":"LineString","coordinates":[[63.163427689140626,41.75163492880463],[67.28533620759436,48.15882317221261]]},"properties":{"from":"UZB","to":"KAZ","n":335,"internal":false,"kind":"labour exploitation","labour":187,"sexual":23,"minor":3,"_k":"38"}},{"type":"Feature","geometry":{"type":"LineString","coordinates":[[104.90152976388326,12.723001884491634],[100.99889647721353,15.131083844580518]]},"properties":{"from":"KHM","to":"THA","n":329,"internal":false,"kind":"labour exploitation","labour":15,"sexual":12,"minor":44,"_k":"39"}},{"type":"Feature","geometry":{"type":"LineString","coordinates":[[104.90152976388326,12.723001884491634],[114.70422446406062,3.59975830180747]]},"properties":{"from":"KHM","to":"MYS","n":326,"internal":false,"kind":"labour exploitation","labour":144,"sexual":5,"minor":6,"_k":"40"}},{"type":"Feature","geometry":{"type":"LineString","coordinates":[[114.02062133826777,-0.19466928769655426],[54.31670676289835,23.90518577920364]]},"properties":{"from":"IDN","to":"ARE","n":322,"internal":false,"kind":"labour exploitation","labour":203,"sexual":4,"minor":6,"_k":"41"}},{"type":"Feature","geometry":{"type":"LineString","coordinates":[[79.58201036306701,22.91399793698191],[-99.15068807156243,39.52967493310974]]},"properties":{"from":"IND","to":"USA","n":304,"internal":false,"kind":"labour exploitation","labour":202,"sexual":35,"minor":6,"_k":"42"}},{"type":"Feature","geometry":{"type":"LineString","coordinates":[[-88.87837301586958,13.742361111110638],[-99.15068807156243,39.52967493310974]]},"properties":{"from":"SLV","to":"USA","n":299,"internal":false,"kind":"labour exploitation","labour":119,"sexual":98,"minor":70,"_k":"43"}},{"type":"Feature","geometry":{"type":"Point","coordinates":[63.163427689140626,41.75163492880463]},"properties":{"from":"UZB","to":"UZB","n":288,"internal":true,"kind":"labour exploitation","labour":20,"sexual":6,"minor":5,"_k":"44"}},{"type":"Feature","geometry":{"type":"LineString","coordinates":[[90.23205935882014,23.87796444071293],[18.01465069186637,27.027402407469932]]},"properties":{"from":"BGD","to":"LBY","n":284,"internal":false,"kind":"labour exploitation","labour":28,"sexual":0,"minor":8,"_k":"45"}},{"type":"Feature","geometry":{"type":"LineString","coordinates":[[74.54052211635376,41.46228212874759],[67.28533620759436,48.15882317221261]]},"properties":{"from":"KGZ","to":"KAZ","n":273,"internal":false,"kind":"labour exploitation","labour":213,"sexual":13,"minor":3,"_k":"46"}},{"type":"Feature","geometry":{"type":"LineString","coordinates":[[37.83247567037743,0.5458132045088652],[35.89410774411856,33.92558922559957]]},"properties":{"from":"KEN","to":"LBN","n":264,"internal":false,"kind":"labour exploitation","labour":183,"sexual":1,"minor":0,"_k":"47"}},{"type":"Feature","geometry":{"type":"LineString","coordinates":[[28.45629251700725,47.2012755102054],[35.435564029234044,38.98751827136936]]},"properties":{"from":"MDA","to":"TUR","n":260,"internal":false,"kind":"sexual exploitation","labour":68,"sexual":120,"minor":17,"_k":"48"}},{"type":"Feature","geometry":{"type":"LineString","coordinates":[[-5.570416190838727,7.621919807131076],[9.548798947022076,34.111867939015156]]},"properties":{"from":"CIV","to":"TUN","n":259,"internal":false,"kind":"labour exploitation","labour":39,"sexual":0,"minor":11,"_k":"49"}},{"type":"Feature","geometry":{"type":"LineString","coordinates":[[121.42730496453794,15.945390070922295],[114.70422446406062,3.59975830180747]]},"properties":{"from":"PHL","to":"MYS","n":250,"internal":false,"kind":"labour exploitation","labour":55,"sexual":29,"minor":0,"_k":"50"}},{"type":"Feature","geometry":{"type":"LineString","coordinates":[[28.45629251700725,47.2012755102054],[20.78808712121224,44.222859848485236]]},"properties":{"from":"MDA","to":"SRB","n":246,"internal":false,"kind":"sexual exploitation","labour":27,"sexual":153,"minor":0,"_k":"51"}},{"type":"Feature","geometry":{"type":"Point","coordinates":[25.21336553945269,42.76359366613009]},"properties":{"from":"BGR","to":"BGR","n":245,"internal":true,"kind":"sexual exploitation","labour":1,"sexual":108,"minor":13,"_k":"52"}},{"type":"Feature","geometry":{"type":"Point","coordinates":[-72.665695067267,18.932436472347298]},"properties":{"from":"HTI","to":"HTI","n":243,"internal":true,"kind":"labour exploitation","labour":181,"sexual":0,"minor":213,"_k":"53"}},{"type":"Feature","geometry":{"type":"LineString","coordinates":[[-77.33386809268346,18.16559714794817],[-99.15068807156243,39.52967493310974]]},"properties":{"from":"JAM","to":"USA","n":239,"internal":false,"kind":"labour exploitation","labour":170,"sexual":15,"minor":0,"_k":"54"}},{"type":"Feature","geometry":{"type":"LineString","coordinates":[[121.42730496453794,15.945390070922295],[47.584232804235775,29.305608465610284]]},"properties":{"from":"PHL","to":"KWT","n":234,"internal":false,"kind":"labour exploitation","labour":137,"sexual":2,"minor":0,"_k":"55"}},{"type":"Feature","geometry":{"type":"LineString","coordinates":[[39.59780734834613,8.621718205653119],[35.89410774411856,33.92558922559957]]},"properties":{"from":"ETH","to":"LBN","n":230,"internal":false,"kind":"labour exploitation","labour":169,"sexual":0,"minor":0,"_k":"56"}},{"type":"Feature","geometry":{"type":"LineString","coordinates":[[39.59780734834613,8.621718205653119],[18.01465069186637,27.027402407469932]]},"properties":{"from":"ETH","to":"LBY","n":230,"internal":false,"kind":"labour exploitation","labour":20,"sexual":8,"minor":6,"_k":"57"}},{"type":"Feature","geometry":{"type":"Point","coordinates":[67.28533620759436,48.15882317221261]},"properties":{"from":"KAZ","to":"KAZ","n":222,"internal":true,"kind":"sexual exploitation","labour":49,"sexual":97,"minor":21,"_k":"58"}},{"type":"Feature","geometry":{"type":"LineString","coordinates":[[106.29262653488702,16.66312668463577],[96.4943751272419,21.205002472151694]]},"properties":{"from":"VNM","to":"MMR","n":219,"internal":false,"kind":"sexual exploitation","labour":68,"sexual":97,"minor":3,"_k":"59"}},{"type":"Feature","geometry":{"type":"LineString","coordinates":[[8.088479508743816,9.594095136385867],[-99.15068807156243,39.52967493310974]]},"properties":{"from":"NGA","to":"USA","n":214,"internal":false,"kind":"labour exploitation","labour":47,"sexual":32,"minor":37,"_k":"60"}},{"type":"Feature","geometry":{"type":"LineString","coordinates":[[100.99889647721353,15.131083844580518],[-99.15068807156243,39.52967493310974]]},"properties":{"from":"THA","to":"USA","n":187,"internal":false,"kind":"sexual exploitation","labour":32,"sexual":68,"minor":33,"_k":"61"}},{"type":"Feature","geometry":{"type":"LineString","coordinates":[[28.45629251700725,47.2012755102054],[99.0698642121238,61.66316880121902]]},"properties":{"from":"MDA","to":"RUS","n":183,"internal":false,"kind":"sexual exploitation","labour":27,"sexual":32,"minor":7,"_k":"62"}},{"type":"Feature","geometry":{"type":"LineString","coordinates":[[114.02062133826777,-0.19466928769655426],[44.53810637965998,24.123203283419123]]},"properties":{"from":"IDN","to":"SAU","n":178,"internal":false,"kind":"labour exploitation","labour":104,"sexual":4,"minor":0,"_k":"63"}},{"type":"Feature","geometry":{"type":"LineString","coordinates":[[99.0698642121238,61.66316880121902],[-99.15068807156243,39.52967493310974]]},"properties":{"from":"RUS","to":"USA","n":177,"internal":false,"kind":"sexual exploitation","labour":26,"sexual":104,"minor":22,"_k":"64"}},{"type":"Feature","geometry":{"type":"LineString","coordinates":[[121.42730496453794,15.945390070922295],[137.96621280888957,36.65896549240351]]},"properties":{"from":"PHL","to":"JPN","n":176,"internal":false,"kind":"sexual exploitation","labour":29,"sexual":31,"minor":0,"_k":"65"}},{"type":"Feature","geometry":{"type":"LineString","coordinates":[[106.29262653488702,16.66312668463577],[104.90152976388326,12.723001884491634]]},"properties":{"from":"VNM","to":"KHM","n":173,"internal":false,"kind":"labour exploitation","labour":64,"sexual":43,"minor":15,"_k":"66"}},{"type":"Feature","geometry":{"type":"LineString","coordinates":[[31.25062821784535,49.15969486561811],[-99.15068807156243,39.52967493310974]]},"properties":{"from":"UKR","to":"USA","n":163,"internal":false,"kind":"sexual exploitation","labour":0,"sexual":74,"minor":14,"_k":"67"}},{"type":"Feature","geometry":{"type":"Point","coordinates":[32.36679363467085,1.2750126968004065]},"properties":{"from":"UGA","to":"UGA","n":154,"internal":true,"kind":"sexual exploitation","labour":59,"sexual":85,"minor":57,"_k":"68"}},{"type":"Feature","geometry":{"type":"LineString","coordinates":[[29.867651515151508,-3.348030303030272],[56.08500217539864,20.567543041829605]]},"properties":{"from":"BDI","to":"OMN","n":149,"internal":false,"kind":"labour exploitation","labour":70,"sexual":3,"minor":0,"_k":"69"}},{"type":"Feature","geometry":{"type":"LineString","coordinates":[[63.163427689140626,41.75163492880463],[99.0698642121238,61.66316880121902]]},"properties":{"from":"UZB","to":"RUS","n":149,"internal":false,"kind":"labour exploitation","labour":80,"sexual":0,"minor":10,"_k":"70"}},{"type":"Feature","geometry":{"type":"Point","coordinates":[71.02002039429117,38.52857466576103]},"properties":{"from":"TJK","to":"TJK","n":148,"internal":true,"kind":"labour exploitation","labour":6,"sexual":0,"minor":4,"_k":"71"}},{"type":"Feature","geometry":{"type":"LineString","coordinates":[[127.86513146285003,36.459678842418775],[-99.15068807156243,39.52967493310974]]},"properties":{"from":"KOR","to":"USA","n":145,"internal":false,"kind":"sexual exploitation","labour":51,"sexual":74,"minor":9,"_k":"72"}},{"type":"Feature","geometry":{"type":"LineString","coordinates":[[8.088479508743816,9.594095136385867],[35.89410774411856,33.92558922559957]]},"properties":{"from":"NGA","to":"LBN","n":143,"internal":false,"kind":"labour exploitation","labour":72,"sexual":0,"minor":2,"_k":"73"}},{"type":"Feature","geometry":{"type":"LineString","coordinates":[[31.25062821784535,49.15969486561811],[12.159371652981111,43.51930263001275]]},"properties":{"from":"UKR","to":"ITA","n":140,"internal":false,"kind":"sexual exploitation","labour":50,"sexual":57,"minor":0,"_k":"74"}},{"type":"Feature","geometry":{"type":"LineString","coordinates":[[31.25062821784535,49.15969486561811],[15.314334181509967,49.73192536047586]]},"properties":{"from":"UKR","to":"CZE","n":137,"internal":false,"kind":"labour exploitation","labour":59,"sexual":56,"minor":1,"_k":"75"}},{"type":"Feature","geometry":{"type":"LineString","coordinates":[[114.02062133826777,-0.19466928769655426],[-99.15068807156243,39.52967493310974]]},"properties":{"from":"IDN","to":"USA","n":136,"internal":false,"kind":"labour exploitation","labour":29,"sexual":14,"minor":8,"_k":"76"}},{"type":"Feature","geometry":{"type":"LineString","coordinates":[[31.25062821784535,49.15969486561811],[28.45629251700725,47.2012755102054]]},"properties":{"from":"UKR","to":"MDA","n":136,"internal":false,"kind":"labour exploitation","labour":15,"sexual":6,"minor":19,"_k":"77"}},{"type":"Feature","geometry":{"type":"LineString","coordinates":[[-53.11193719339199,-10.836462514351837],[-99.15068807156243,39.52967493310974]]},"properties":{"from":"BRA","to":"USA","n":135,"internal":false,"kind":"sexual exploitation","labour":32,"sexual":66,"minor":12,"_k":"78"}},{"type":"Feature","geometry":{"type":"LineString","coordinates":[[59.37547869265088,39.112478318539196],[35.435564029234044,38.98751827136936]]},"properties":{"from":"TKM","to":"TUR","n":129,"internal":false,"kind":"labour exploitation","labour":82,"sexual":4,"minor":1,"_k":"79"}},{"type":"Feature","geometry":{"type":"Point","coordinates":[-102.50809751599304,23.941580696597782]},"properties":{"from":"MEX","to":"MEX","n":128,"internal":true,"kind":"labour exploitation","labour":19,"sexual":15,"minor":43,"_k":"80"}},{"type":"Feature","geometry":{"type":"LineString","coordinates":[[24.9832298892535,45.850663259096045],[17.784189497717012,44.16866438356195]]},"properties":{"from":"ROU","to":"BIH","n":127,"internal":false,"kind":"sexual exploitation","labour":7,"sexual":97,"minor":5,"_k":"81"}},{"type":"Feature","geometry":{"type":"LineString","coordinates":[[24.9832298892535,45.850663259096045],[21.6760589318601,41.593124616329305]]},"properties":{"from":"ROU","to":"MKD","n":127,"internal":false,"kind":"sexual exploitation","labour":5,"sexual":81,"minor":8,"_k":"82"}},{"type":"Feature","geometry":{"type":"LineString","coordinates":[[74.54052211635376,41.46228212874759],[35.435564029234044,38.98751827136936]]},"properties":{"from":"KGZ","to":"TUR","n":123,"internal":false,"kind":"sexual exploitation","labour":19,"sexual":60,"minor":2,"_k":"83"}},{"type":"Feature","geometry":{"type":"LineString","coordinates":[[24.9832298892535,45.850663259096045],[12.159371652981111,43.51930263001275]]},"properties":{"from":"ROU","to":"ITA","n":123,"internal":false,"kind":"sexual exploitation","labour":32,"sexual":88,"minor":3,"_k":"84"}},{"type":"Feature","geometry":{"type":"Point","coordinates":[37.83247567037743,0.5458132045088652]},"properties":{"from":"KEN","to":"KEN","n":123,"internal":true,"kind":"sexual exploitation","labour":11,"sexual":42,"minor":13,"_k":"85"}},{"type":"Feature","geometry":{"type":"Point","coordinates":[66.01106583572992,33.83569297965267]},"properties":{"from":"AFG","to":"AFG","n":120,"internal":true,"kind":"labour exploitation","labour":106,"sexual":1,"minor":109,"_k":"86"}},{"type":"Feature","geometry":{"type":"LineString","coordinates":[[24.9832298892535,45.850663259096045],[20.78808712121224,44.222859848485236]]},"properties":{"from":"ROU","to":"SRB","n":119,"internal":false,"kind":"sexual exploitation","labour":0,"sexual":89,"minor":10,"_k":"87"}},{"type":"Feature","geometry":{"type":"LineString","coordinates":[[24.9832298892535,45.850663259096045],[-99.15068807156243,39.52967493310974]]},"properties":{"from":"ROU","to":"USA","n":116,"internal":false,"kind":"sexual exploitation","labour":13,"sexual":52,"minor":9,"_k":"88"}},{"type":"Feature","geometry":{"type":"LineString","coordinates":[[28.04028419182972,53.53018354055703],[19.397113084377445,52.124826663422986]]},"properties":{"from":"BLR","to":"POL","n":113,"internal":false,"kind":"sexual exploitation","labour":28,"sexual":70,"minor":0,"_k":"89"}},{"type":"Feature","geometry":{"type":"LineString","coordinates":[[31.25062821784535,49.15969486561811],[54.31670676289835,23.90518577920364]]},"properties":{"from":"UKR","to":"ARE","n":113,"internal":false,"kind":"sexual exploitation","labour":1,"sexual":80,"minor":0,"_k":"90"}},{"type":"Feature","geometry":{"type":"LineString","coordinates":[[121.42730496453794,15.945390070922295],[44.53810637965998,24.123203283419123]]},"properties":{"from":"PHL","to":"SAU","n":112,"internal":false,"kind":"labour exploitation","labour":27,"sexual":2,"minor":0,"_k":"91"}},{"type":"Feature","geometry":{"type":"LineString","coordinates":[[90.23205935882014,23.87796444071293],[114.70422446406062,3.59975830180747]]},"properties":{"from":"BGD","to":"MYS","n":111,"internal":false,"kind":"labour exploitation","labour":65,"sexual":2,"minor":3,"_k":"92"}},{"type":"Feature","geometry":{"type":"LineString","coordinates":[[8.088479508743816,9.594095136385867],[9.385737466057346,17.42154116166629]]},"properties":{"from":"NGA","to":"NER","n":110,"internal":false,"kind":"labour exploitation","labour":30,"sexual":1,"minor":10,"_k":"93"}},{"type":"Feature","geometry":{"type":"LineString","coordinates":[[106.29262653488702,16.66312668463577],[114.70422446406062,3.59975830180747]]},"properties":{"from":"VNM","to":"MYS","n":108,"internal":false,"kind":"sexual exploitation","labour":0,"sexual":61,"minor":1,"_k":"94"}},{"type":"Feature","geometry":{"type":"LineString","coordinates":[[114.02062133826777,-0.19466928769655426],[103.81264367816092,36.619860071494145]]},"properties":{"from":"IDN","to":"CHN","n":107,"internal":false,"kind":"labour exploitation","labour":42,"sexual":8,"minor":0,"_k":"95"}},{"type":"Feature","geometry":{"type":"LineString","coordinates":[[28.04028419182972,53.53018354055703],[35.435564029234044,38.98751827136936]]},"properties":{"from":"BLR","to":"TUR","n":107,"internal":false,"kind":"sexual exploitation","labour":6,"sexual":66,"minor":7,"_k":"96"}},{"type":"Feature","geometry":{"type":"LineString","coordinates":[[28.04028419182972,53.53018354055703],[54.31670676289835,23.90518577920364]]},"properties":{"from":"BLR","to":"ARE","n":100,"internal":false,"kind":"sexual exploitation","labour":26,"sexual":65,"minor":1,"_k":"97"}},{"type":"Feature","geometry":{"type":"LineString","coordinates":[[8.088479508743816,9.594095136385867],[-1.2240238704177318,7.961261722080135]]},"properties":{"from":"NGA","to":"GHA","n":98,"internal":false,"kind":"sexual exploitation","labour":0,"sexual":8,"minor":13,"_k":"98"}},{"type":"Feature","geometry":{"type":"LineString","coordinates":[[121.42730496453794,15.945390070922295],[35.89410774411856,33.92558922559957]]},"properties":{"from":"PHL","to":"LBN","n":97,"internal":false,"kind":"labour exploitation","labour":55,"sexual":3,"minor":0,"_k":"99"}},{"type":"Feature","geometry":{"type":"LineString","coordinates":[[63.163427689140626,41.75163492880463],[35.435564029234044,38.98751827136936]]},"properties":{"from":"UZB","to":"TUR","n":97,"internal":false,"kind":"sexual exploitation","labour":8,"sexual":37,"minor":3,"_k":"100"}},{"type":"Feature","geometry":{"type":"LineString","coordinates":[[29.867651515151508,-3.348030303030272],[34.797471428881245,-6.275978574371658]]},"properties":{"from":"BDI","to":"TZA","n":96,"internal":false,"kind":"labour exploitation","labour":27,"sexual":4,"minor":17,"_k":"101"}},{"type":"Feature","geometry":{"type":"LineString","coordinates":[[37.83247567037743,0.5458132045088652],[44.53810637965998,24.123203283419123]]},"properties":{"from":"KEN","to":"SAU","n":93,"internal":false,"kind":"sexual exploitation","labour":46,"sexual":48,"minor":0,"_k":"102"}},{"type":"Feature","geometry":{"type":"LineString","coordinates":[[-1.2240238704177318,7.961261722080135],[-99.15068807156243,39.52967493310974]]},"properties":{"from":"GHA","to":"USA","n":91,"internal":false,"kind":"labour exploitation","labour":29,"sexual":25,"minor":0,"_k":"103"}},{"type":"Feature","geometry":{"type":"Point","coordinates":[-73.08064382475897,3.906445453235302]},"properties":{"from":"COL","to":"COL","n":90,"internal":true,"kind":"sexual exploitation","labour":1,"sexual":42,"minor":6,"_k":"104"}},{"type":"Feature","geometry":{"type":"LineString","coordinates":[[8.088479508743816,9.594095136385867],[99.0698642121238,61.66316880121902]]},"properties":{"from":"NGA","to":"RUS","n":90,"internal":false,"kind":"sexual exploitation","labour":12,"sexual":42,"minor":0,"_k":"105"}},{"type":"Feature","geometry":{"type":"LineString","coordinates":[[-66.1847903388119,7.11499049535947],[-99.15068807156243,39.52967493310974]]},"properties":{"from":"VEN","to":"USA","n":90,"internal":false,"kind":"sexual exploitation","labour":24,"sexual":48,"minor":4,"_k":"106"}},{"type":"Feature","geometry":{"type":"LineString","coordinates":[[8.088479508743816,9.594095136385867],[-5.570416190838727,7.621919807131076]]},"properties":{"from":"NGA","to":"CIV","n":89,"internal":false,"kind":"sexual exploitation","labour":0,"sexual":23,"minor":4,"_k":"107"}},{"type":"Feature","geometry":{"type":"LineString","coordinates":[[90.23205935882014,23.87796444071293],[-99.15068807156243,39.52967493310974]]},"properties":{"from":"BGD","to":"USA","n":88,"internal":false,"kind":"sexual exploitation","labour":7,"sexual":11,"minor":2,"_k":"108"}},{"type":"Feature","geometry":{"type":"LineString","coordinates":[[114.02062133826777,-0.19466928769655426],[51.19086294416262,25.324534686971038]]},"properties":{"from":"IDN","to":"QAT","n":87,"internal":false,"kind":"labour exploitation","labour":64,"sexual":0,"minor":0,"_k":"109"}},{"type":"Feature","geometry":{"type":"LineString","coordinates":[[90.23205935882014,23.87796444071293],[44.53810637965998,24.123203283419123]]},"properties":{"from":"BGD","to":"SAU","n":86,"internal":false,"kind":"labour exploitation","labour":42,"sexual":6,"minor":0,"_k":"110"}},{"type":"Feature","geometry":{"type":"LineString","coordinates":[[28.45629251700725,47.2012755102054],[54.31670676289835,23.90518577920364]]},"properties":{"from":"MDA","to":"ARE","n":86,"internal":false,"kind":"sexual exploitation","labour":3,"sexual":13,"minor":22,"_k":"111"}},{"type":"Feature","geometry":{"type":"LineString","coordinates":[[121.42730496453794,15.945390070922295],[43.749838187702075,33.03551977267332]]},"properties":{"from":"PHL","to":"IRQ","n":85,"internal":false,"kind":"sexual exploitation","labour":0,"sexual":1,"minor":1,"_k":"112"}},{"type":"Feature","geometry":{"type":"LineString","coordinates":[[25.21336553945269,42.76359366613009],[10.373256621004517,51.09626301369856]]},"properties":{"from":"BGR","to":"DEU","n":84,"internal":false,"kind":"sexual exploitation","labour":2,"sexual":30,"minor":0,"_k":"113"}},{"type":"Feature","geometry":{"type":"LineString","coordinates":[[114.02062133826777,-0.19466928769655426],[56.08500217539864,20.567543041829605]]},"properties":{"from":"IDN","to":"OMN","n":79,"internal":false,"kind":"labour exploitation","labour":46,"sexual":3,"minor":0,"_k":"114"}},{"type":"Feature","geometry":{"type":"LineString","coordinates":[[-10.942001987083952,10.436719655572134],[29.866659293666544,26.491557914915564]]},"properties":{"from":"GIN","to":"EGY","n":77,"internal":false,"kind":"sexual exploitation","labour":0,"sexual":1,"minor":1,"_k":"115"}},{"type":"Feature","geometry":{"type":"LineString","coordinates":[[121.42730496453794,15.945390070922295],[51.19086294416262,25.324534686971038]]},"properties":{"from":"PHL","to":"QAT","n":77,"internal":false,"kind":"labour exploitation","labour":29,"sexual":0,"minor":0,"_k":"116"}},{"type":"Feature","geometry":{"type":"LineString","coordinates":[[39.59780734834613,8.621718205653119],[29.866659293666544,26.491557914915564]]},"properties":{"from":"ETH","to":"EGY","n":76,"internal":false,"kind":"sexual exploitation","labour":2,"sexual":9,"minor":6,"_k":"117"}},{"type":"Feature","geometry":{"type":"LineString","coordinates":[[-70.48172302737008,18.896296296294825],[-99.15068807156243,39.52967493310974]]},"properties":{"from":"DOM","to":"USA","n":76,"internal":false,"kind":"sexual exploitation","labour":11,"sexual":36,"minor":7,"_k":"118"}},{"type":"Feature","geometry":{"type":"LineString","coordinates":[[-64.6843651095079,-16.708133036731713],[-65.15022561757499,-35.175010887711316]]},"properties":{"from":"BOL","to":"ARG","n":76,"internal":false,"kind":"labour exploitation","labour":37,"sexual":0,"minor":21,"_k":"119"}},{"type":"Feature","geometry":{"type":"LineString","coordinates":[[99.0698642121238,61.66316880121902],[35.435564029234044,38.98751827136936]]},"properties":{"from":"RUS","to":"TUR","n":75,"internal":false,"kind":"sexual exploitation","labour":33,"sexual":37,"minor":1,"_k":"120"}},{"type":"Feature","geometry":{"type":"LineString","coordinates":[[31.25062821784535,49.15969486561811],[20.78808712121224,44.222859848485236]]},"properties":{"from":"UKR","to":"SRB","n":75,"internal":false,"kind":"sexual exploitation","labour":10,"sexual":37,"minor":0,"_k":"121"}},{"type":"Feature","geometry":{"type":"LineString","coordinates":[[31.25062821784535,49.15969486561811],[10.373256621004517,51.09626301369856]]},"properties":{"from":"UKR","to":"DEU","n":74,"internal":false,"kind":"sexual exploitation","labour":4,"sexual":12,"minor":0,"_k":"122"}},{"type":"Feature","geometry":{"type":"LineString","coordinates":[[90.23205935882014,23.87796444071293],[35.89410774411856,33.92558922559957]]},"properties":{"from":"BGD","to":"LBN","n":73,"internal":false,"kind":"labour exploitation","labour":41,"sexual":0,"minor":0,"_k":"123"}},{"type":"Feature","geometry":{"type":"LineString","coordinates":[[29.867651515151508,-3.348030303030272],[37.83247567037743,0.5458132045088652]]},"properties":{"from":"BDI","to":"KEN","n":73,"internal":false,"kind":"labour exploitation","labour":11,"sexual":0,"minor":5,"_k":"124"}},{"type":"Feature","geometry":{"type":"LineString","coordinates":[[100.99889647721353,15.131083844580518],[25.16763318375323,-29.011178230353238]]},"properties":{"from":"THA","to":"ZAF","n":72,"internal":false,"kind":"sexual exploitation","labour":15,"sexual":38,"minor":6,"_k":"125"}},{"type":"Feature","geometry":{"type":"LineString","coordinates":[[39.59780734834613,8.621718205653119],[-99.15068807156243,39.52967493310974]]},"properties":{"from":"ETH","to":"USA","n":70,"internal":false,"kind":"labour exploitation","labour":16,"sexual":0,"minor":0,"_k":"126"}},{"type":"Feature","geometry":{"type":"LineString","coordinates":[[63.163427689140626,41.75163492880463],[31.25062821784535,49.15969486561811]]},"properties":{"from":"UZB","to":"UKR","n":69,"internal":false,"kind":"sexual exploitation","labour":4,"sexual":5,"minor":10,"_k":"127"}},{"type":"Feature","geometry":{"type":"LineString","coordinates":[[121.42730496453794,15.945390070922295],[31.25062821784535,49.15969486561811]]},"properties":{"from":"PHL","to":"UKR","n":67,"internal":false,"kind":"mixed","labour":0,"sexual":0,"minor":0,"_k":"128"}},{"type":"Feature","geometry":{"type":"LineString","coordinates":[[8.088479508743816,9.594095136385867],[-8.39442734733289,29.842976104272296]]},"properties":{"from":"NGA","to":"MAR","n":66,"internal":false,"kind":"labour exploitation","labour":18,"sexual":0,"minor":7,"_k":"129"}},{"type":"Feature","geometry":{"type":"LineString","coordinates":[[24.9832298892535,45.850663259096045],[10.373256621004517,51.09626301369856]]},"properties":{"from":"ROU","to":"DEU","n":65,"internal":false,"kind":"labour exploitation","labour":11,"sexual":0,"minor":2,"_k":"130"}},{"type":"Feature","geometry":{"type":"LineString","coordinates":[[23.638625091078172,-2.880533389516553],[32.36679363467085,1.2750126968004065]]},"properties":{"from":"COD","to":"UGA","n":65,"internal":false,"kind":"sexual exploitation","labour":1,"sexual":2,"minor":29,"_k":"131"}},{"type":"Feature","geometry":{"type":"Point","coordinates":[-11.781139601139621,8.566581196581197]},"properties":{"from":"SLE","to":"SLE","n":64,"internal":true,"kind":"labour exploitation","labour":8,"sexual":0,"minor":23,"_k":"132"}},{"type":"Feature","geometry":{"type":"LineString","coordinates":[[80.70386384544673,7.614351425942975],[36.77003387128845,31.240426379756627]]},"properties":{"from":"LKA","to":"JOR","n":62,"internal":false,"kind":"labour exploitation","labour":54,"sexual":1,"minor":0,"_k":"133"}},{"type":"Feature","geometry":{"type":"LineString","coordinates":[[-66.1847903388119,7.11499049535947],[-73.08064382475897,3.906445453235302]]},"properties":{"from":"VEN","to":"COL","n":62,"internal":false,"kind":"sexual exploitation","labour":1,"sexual":30,"minor":2,"_k":"134"}},{"type":"Feature","geometry":{"type":"LineString","coordinates":[[24.9832298892535,45.850663259096045],[20.06313725490263,41.14498599439933]]},"properties":{"from":"ROU","to":"ALB","n":62,"internal":false,"kind":"sexual exploitation","labour":0,"sexual":35,"minor":6,"_k":"135"}},{"type":"Feature","geometry":{"type":"LineString","coordinates":[[28.04028419182972,53.53018354055703],[10.373256621004517,51.09626301369856]]},"properties":{"from":"BLR","to":"DEU","n":62,"internal":false,"kind":"sexual exploitation","labour":1,"sexual":9,"minor":0,"_k":"136"}},{"type":"Feature","geometry":{"type":"LineString","coordinates":[[38.84792172084777,15.35206210577388],[29.866659293666544,26.491557914915564]]},"properties":{"from":"ERI","to":"EGY","n":61,"internal":false,"kind":"sexual exploitation","labour":0,"sexual":11,"minor":3,"_k":"137"}},{"type":"Feature","geometry":{"type":"LineString","coordinates":[[103.73965899403798,18.494330775789493],[100.99889647721353,15.131083844580518]]},"properties":{"from":"LAO","to":"THA","n":61,"internal":false,"kind":"labour exploitation","labour":12,"sexual":0,"minor":49,"_k":"138"}},{"type":"Feature","geometry":{"type":"LineString","coordinates":[[31.25062821784535,49.15969486561811],[17.784189497717012,44.16866438356195]]},"properties":{"from":"UKR","to":"BIH","n":60,"internal":false,"kind":"sexual exploitation","labour":2,"sexual":29,"minor":3,"_k":"139"}},{"type":"Feature","geometry":{"type":"LineString","coordinates":[[37.83247567037743,0.5458132045088652],[18.01465069186637,27.027402407469932]]},"properties":{"from":"KEN","to":"LBY","n":58,"internal":false,"kind":"labour exploitation","labour":21,"sexual":12,"minor":0,"_k":"140"}},{"type":"Feature","geometry":{"type":"LineString","coordinates":[[121.42730496453794,15.945390070922295],[114.17878787874693,22.42121212120512]]},"properties":{"from":"PHL","to":"HKG","n":58,"internal":false,"kind":"labour exploitation","labour":15,"sexual":1,"minor":1,"_k":"141"}},{"type":"Feature","geometry":{"type":"Point","coordinates":[20.06313725490263,41.14498599439933]},"properties":{"from":"ALB","to":"ALB","n":58,"internal":true,"kind":"sexual exploitation","labour":1,"sexual":24,"minor":6,"_k":"142"}},{"type":"Feature","geometry":{"type":"LineString","coordinates":[[114.02062133826777,-0.19466928769655426],[28.45629251700725,47.2012755102054]]},"properties":{"from":"IDN","to":"MDA","n":58,"internal":false,"kind":"mixed","labour":0,"sexual":0,"minor":1,"_k":"143"}},{"type":"Feature","geometry":{"type":"LineString","coordinates":[[32.36679363467085,1.2750126968004065],[100.99889647721353,15.131083844580518]]},"properties":{"from":"UGA","to":"THA","n":57,"internal":false,"kind":"sexual exploitation","labour":0,"sexual":29,"minor":0,"_k":"144"}},{"type":"Feature","geometry":{"type":"LineString","coordinates":[[100.99889647721353,15.131083844580518],[114.02062133826777,-0.19466928769655426]]},"properties":{"from":"THA","to":"IDN","n":57,"internal":false,"kind":"labour exploitation","labour":21,"sexual":0,"minor":12,"_k":"145"}},{"type":"Feature","geometry":{"type":"LineString","coordinates":[[28.45629251700725,47.2012755102054],[-99.15068807156243,39.52967493310974]]},"properties":{"from":"MDA","to":"USA","n":56,"internal":false,"kind":"labour exploitation","labour":6,"sexual":0,"minor":3,"_k":"146"}},{"type":"Feature","geometry":{"type":"LineString","coordinates":[[31.25062821784535,49.15969486561811],[67.28533620759436,48.15882317221261]]},"properties":{"from":"UKR","to":"KAZ","n":55,"internal":false,"kind":"labour exploitation","labour":21,"sexual":1,"minor":3,"_k":"147"}},{"type":"Feature","geometry":{"type":"Point","coordinates":[-5.570416190838727,7.621919807131076]},"properties":{"from":"CIV","to":"CIV","n":55,"internal":true,"kind":"sexual exploitation","labour":0,"sexual":2,"minor":5,"_k":"148"}},{"type":"Feature","geometry":{"type":"LineString","coordinates":[[63.163427689140626,41.75163492880463],[-99.15068807156243,39.52967493310974]]},"properties":{"from":"UZB","to":"USA","n":55,"internal":false,"kind":"sexual exploitation","labour":0,"sexual":4,"minor":5,"_k":"149"}},{"type":"Feature","geometry":{"type":"LineString","coordinates":[[90.23205935882014,23.87796444071293],[56.08500217539864,20.567543041829605]]},"properties":{"from":"BGD","to":"OMN","n":52,"internal":false,"kind":"labour exploitation","labour":27,"sexual":0,"minor":0,"_k":"150"}},{"type":"Feature","geometry":{"type":"LineString","coordinates":[[31.25062821784535,49.15969486561811],[21.6760589318601,41.593124616329305]]},"properties":{"from":"UKR","to":"MKD","n":52,"internal":false,"kind":"sexual exploitation","labour":2,"sexual":36,"minor":0,"_k":"151"}},{"type":"Feature","geometry":{"type":"LineString","coordinates":[[37.83247567037743,0.5458132045088652],[-99.15068807156243,39.52967493310974]]},"properties":{"from":"KEN","to":"USA","n":50,"internal":false,"kind":"labour exploitation","labour":7,"sexual":0,"minor":4,"_k":"152"}},{"type":"Feature","geometry":{"type":"LineString","coordinates":[[25.21336553945269,42.76359366613009],[16.73978625888801,62.82975884519814]]},"properties":{"from":"BGR","to":"SWE","n":50,"internal":false,"kind":"sexual exploitation","labour":6,"sexual":7,"minor":5,"_k":"153"}},{"type":"Feature","geometry":{"type":"LineString","coordinates":[[37.83247567037743,0.5458132045088652],[43.749838187702075,33.03551977267332]]},"properties":{"from":"KEN","to":"IRQ","n":50,"internal":false,"kind":"labour exploitation","labour":4,"sexual":0,"minor":0,"_k":"154"}},{"type":"Feature","geometry":{"type":"LineString","coordinates":[[106.29262653488702,16.66312668463577],[100.99889647721353,15.131083844580518]]},"properties":{"from":"VNM","to":"THA","n":50,"internal":false,"kind":"sexual exploitation","labour":2,"sexual":7,"minor":8,"_k":"155"}},{"type":"Feature","geometry":{"type":"LineString","coordinates":[[29.93496098318132,15.981518572856197],[39.59780734834613,8.621718205653119]]},"properties":{"from":"SDN","to":"ETH","n":50,"internal":false,"kind":"labour exploitation","labour":3,"sexual":0,"minor":7,"_k":"156"}},{"type":"Feature","geometry":{"type":"LineString","coordinates":[[106.29262653488702,16.66312668463577],[31.25062821784535,49.15969486561811]]},"properties":{"from":"VNM","to":"UKR","n":49,"internal":false,"kind":"mixed","labour":0,"sexual":0,"minor":1,"_k":"157"}},{"type":"Feature","geometry":{"type":"LineString","coordinates":[[99.0698642121238,61.66316880121902],[28.45629251700725,47.2012755102054]]},"properties":{"from":"RUS","to":"MDA","n":49,"internal":false,"kind":"sexual exploitation","labour":2,"sexual":4,"minor":1,"_k":"158"}},{"type":"Feature","geometry":{"type":"LineString","coordinates":[[90.23205935882014,23.87796444071293],[54.31670676289835,23.90518577920364]]},"properties":{"from":"BGD","to":"ARE","n":48,"internal":false,"kind":"labour exploitation","labour":30,"sexual":1,"minor":2,"_k":"159"}},{"type":"Feature","geometry":{"type":"LineString","coordinates":[[106.29262653488702,16.66312668463577],[99.0698642121238,61.66316880121902]]},"properties":{"from":"VNM","to":"RUS","n":48,"internal":false,"kind":"labour exploitation","labour":8,"sexual":3,"minor":4,"_k":"160"}},{"type":"Feature","geometry":{"type":"LineString","coordinates":[[20.06313725490263,41.14498599439933],[12.159371652981111,43.51930263001275]]},"properties":{"from":"ALB","to":"ITA","n":48,"internal":false,"kind":"sexual exploitation","labour":0,"sexual":37,"minor":1,"_k":"161"}},{"type":"Feature","geometry":{"type":"LineString","coordinates":[[104.90152976388326,12.723001884491634],[-99.15068807156243,39.52967493310974]]},"properties":{"from":"KHM","to":"USA","n":47,"internal":false,"kind":"labour exploitation","labour":14,"sexual":3,"minor":4,"_k":"162"}},{"type":"Feature","geometry":{"type":"LineString","coordinates":[[63.163427689140626,41.75163492880463],[100.99889647721353,15.131083844580518]]},"properties":{"from":"UZB","to":"THA","n":47,"internal":false,"kind":"sexual exploitation","labour":0,"sexual":1,"minor":6,"_k":"163"}},{"type":"Feature","geometry":{"type":"LineString","coordinates":[[9.385737466057346,17.42154116166629],[18.01465069186637,27.027402407469932]]},"properties":{"from":"NER","to":"LBY","n":46,"internal":false,"kind":"labour exploitation","labour":3,"sexual":0,"minor":0,"_k":"164"}},{"type":"Feature","geometry":{"type":"LineString","coordinates":[[71.02002039429117,38.52857466576103],[99.0698642121238,61.66316880121902]]},"properties":{"from":"TJK","to":"RUS","n":45,"internal":false,"kind":"labour exploitation","labour":13,"sexual":0,"minor":3,"_k":"165"}},{"type":"Feature","geometry":{"type":"LineString","coordinates":[[28.04028419182972,53.53018354055703],[31.25062821784535,49.15969486561811]]},"properties":{"from":"BLR","to":"UKR","n":45,"internal":false,"kind":"labour exploitation","labour":5,"sexual":0,"minor":0,"_k":"166"}},{"type":"Feature","geometry":{"type":"LineString","coordinates":[[-72.665695067267,18.932436472347298],[-99.15068807156243,39.52967493310974]]},"properties":{"from":"HTI","to":"USA","n":44,"internal":false,"kind":"labour exploitation","labour":24,"sexual":11,"minor":0,"_k":"167"}},{"type":"Feature","geometry":{"type":"LineString","coordinates":[[32.36679363467085,1.2750126968004065],[114.70422446406062,3.59975830180747]]},"properties":{"from":"UGA","to":"MYS","n":44,"internal":false,"kind":"sexual exploitation","labour":0,"sexual":15,"minor":0,"_k":"168"}},{"type":"Feature","geometry":{"type":"LineString","coordinates":[[39.59780734834613,8.621718205653119],[29.93496098318132,15.981518572856197]]},"properties":{"from":"ETH","to":"SDN","n":44,"internal":false,"kind":"labour exploitation","labour":6,"sexual":3,"minor":4,"_k":"169"}},{"type":"Feature","geometry":{"type":"LineString","coordinates":[[-1.759814528593513,12.270832413336304],[18.01465069186637,27.027402407469932]]},"properties":{"from":"BFA","to":"LBY","n":43,"internal":false,"kind":"mixed","labour":0,"sexual":0,"minor":4,"_k":"170"}},{"type":"Feature","geometry":{"type":"LineString","coordinates":[[8.088479508743816,9.594095136385867],[54.31670676289835,23.90518577920364]]},"properties":{"from":"NGA","to":"ARE","n":43,"internal":false,"kind":"sexual exploitation","labour":6,"sexual":11,"minor":3,"_k":"171"}},{"type":"Feature","geometry":{"type":"LineString","coordinates":[[-10.942001987083952,10.436719655572134],[9.548798947022076,34.111867939015156]]},"properties":{"from":"GIN","to":"TUN","n":43,"internal":false,"kind":"labour exploitation","labour":1,"sexual":0,"minor":0,"_k":"172"}},{"type":"Feature","geometry":{"type":"LineString","coordinates":[[114.02062133826777,-0.19466928769655426],[96.4943751272419,21.205002472151694]]},"properties":{"from":"IDN","to":"MMR","n":42,"internal":false,"kind":"labour exploitation","labour":22,"sexual":0,"minor":2,"_k":"173"}},{"type":"Feature","geometry":{"type":"LineString","coordinates":[[114.02062133826777,-0.19466928769655426],[121.42730496453794,15.945390070922295]]},"properties":{"from":"IDN","to":"PHL","n":42,"internal":false,"kind":"labour exploitation","labour":24,"sexual":0,"minor":0,"_k":"174"}},{"type":"Feature","geometry":{"type":"Point","coordinates":[99.0698642121238,61.66316880121902]},"properties":{"from":"RUS","to":"RUS","n":42,"internal":true,"kind":"sexual exploitation","labour":9,"sexual":12,"minor":1,"_k":"175"}},{"type":"Feature","geometry":{"type":"Point","coordinates":[20.78808712121224,44.222859848485236]},"properties":{"from":"SRB","to":"SRB","n":41,"internal":true,"kind":"mixed","labour":17,"sexual":17,"minor":12,"_k":"176"}},{"type":"Feature","geometry":{"type":"LineString","coordinates":[[121.42730496453794,15.945390070922295],[114.02062133826777,-0.19466928769655426]]},"properties":{"from":"PHL","to":"IDN","n":41,"internal":false,"kind":"labour exploitation","labour":3,"sexual":0,"minor":0,"_k":"177"}},{"type":"Feature","geometry":{"type":"LineString","coordinates":[[104.90152976388326,12.723001884491634],[28.45629251700725,47.2012755102054]]},"properties":{"from":"KHM","to":"MDA","n":41,"internal":false,"kind":"labour exploitation","labour":4,"sexual":0,"minor":0,"_k":"178"}},{"type":"Feature","geometry":{"type":"LineString","coordinates":[[28.04028419182972,53.53018354055703],[-14.469085365853688,14.363556910569123]]},"properties":{"from":"BLR","to":"SEN","n":41,"internal":false,"kind":"mixed","labour":0,"sexual":0,"minor":2,"_k":"179"}},{"type":"Feature","geometry":{"type":"LineString","coordinates":[[25.21336553945269,42.76359366613009],[19.397113084377445,52.124826663422986]]},"properties":{"from":"BGR","to":"POL","n":40,"internal":false,"kind":"sexual exploitation","labour":4,"sexual":22,"minor":0,"_k":"180"}},{"type":"Feature","geometry":{"type":"LineString","coordinates":[[-1.2240238704177318,7.961261722080135],[18.01465069186637,27.027402407469932]]},"properties":{"from":"GHA","to":"LBY","n":39,"internal":false,"kind":"labour exploitation","labour":3,"sexual":1,"minor":1,"_k":"181"}},{"type":"Feature","geometry":{"type":"LineString","coordinates":[[24.9832298892535,45.850663259096045],[22.562857999700014,39.462753036437284]]},"properties":{"from":"ROU","to":"GRC","n":39,"internal":false,"kind":"sexual exploitation","labour":6,"sexual":17,"minor":0,"_k":"182"}},{"type":"Feature","geometry":{"type":"LineString","coordinates":[[-15.33352601156058,13.459537572254273],[18.01465069186637,27.027402407469932]]},"properties":{"from":"GMB","to":"LBY","n":39,"internal":false,"kind":"labour exploitation","labour":2,"sexual":0,"minor":0,"_k":"183"}},{"type":"Feature","geometry":{"type":"LineString","coordinates":[[32.36679363467085,1.2750126968004065],[-99.15068807156243,39.52967493310974]]},"properties":{"from":"UGA","to":"USA","n":39,"internal":false,"kind":"sexual exploitation","labour":4,"sexual":12,"minor":7,"_k":"184"}},{"type":"Feature","geometry":{"type":"LineString","coordinates":[[-11.781139601139621,8.566581196581197],[18.01465069186637,27.027402407469932]]},"properties":{"from":"SLE","to":"LBY","n":39,"internal":false,"kind":"labour exploitation","labour":2,"sexual":0,"minor":9,"_k":"185"}},{"type":"Feature","geometry":{"type":"Point","coordinates":[100.99889647721353,15.131083844580518]},"properties":{"from":"THA","to":"THA","n":39,"internal":true,"kind":"mixed","labour":0,"sexual":0,"minor":11,"_k":"186"}},{"type":"Feature","geometry":{"type":"LineString","coordinates":[[31.25062821784535,49.15969486561811],[-1.2240238704177318,7.961261722080135]]},"properties":{"from":"UKR","to":"GHA","n":39,"internal":false,"kind":"mixed","labour":0,"sexual":0,"minor":9,"_k":"187"}},{"type":"Feature","geometry":{"type":"LineString","coordinates":[[-5.570416190838727,7.621919807131076],[-99.15068807156243,39.52967493310974]]},"properties":{"from":"CIV","to":"USA","n":39,"internal":false,"kind":"labour exploitation","labour":4,"sexual":0,"minor":0,"_k":"188"}},{"type":"Feature","geometry":{"type":"LineString","coordinates":[[83.91471382952646,28.2503070498651],[121.42730496453794,15.945390070922295]]},"properties":{"from":"NPL","to":"PHL","n":38,"internal":false,"kind":"labour exploitation","labour":22,"sexual":0,"minor":1,"_k":"189"}},{"type":"Feature","geometry":{"type":"LineString","coordinates":[[80.70386384544673,7.614351425942975],[114.70422446406062,3.59975830180747]]},"properties":{"from":"LKA","to":"MYS","n":38,"internal":false,"kind":"labour exploitation","labour":13,"sexual":0,"minor":0,"_k":"190"}},{"type":"Feature","geometry":{"type":"LineString","coordinates":[[114.02062133826777,-0.19466928769655426],[35.435564029234044,38.98751827136936]]},"properties":{"from":"IDN","to":"TUR","n":38,"internal":false,"kind":"labour exploitation","labour":10,"sexual":0,"minor":3,"_k":"191"}},{"type":"Feature","geometry":{"type":"LineString","coordinates":[[114.02062133826777,-0.19466928769655426],[25.16763318375323,-29.011178230353238]]},"properties":{"from":"IDN","to":"ZAF","n":38,"internal":false,"kind":"labour exploitation","labour":14,"sexual":3,"minor":3,"_k":"192"}},{"type":"Feature","geometry":{"type":"LineString","coordinates":[[31.25062821784535,49.15969486561811],[25.21336553945269,42.76359366613009]]},"properties":{"from":"UKR","to":"BGR","n":38,"internal":false,"kind":"sexual exploitation","labour":2,"sexual":15,"minor":0,"_k":"193"}},{"type":"Feature","geometry":{"type":"LineString","coordinates":[[96.4943751272419,21.205002472151694],[100.99889647721353,15.131083844580518]]},"properties":{"from":"MMR","to":"THA","n":37,"internal":false,"kind":"mixed","labour":0,"sexual":0,"minor":23,"_k":"194"}},{"type":"Feature","geometry":{"type":"LineString","coordinates":[[28.45629251700725,47.2012755102054],[-102.50809751599304,23.941580696597782]]},"properties":{"from":"MDA","to":"MEX","n":36,"internal":false,"kind":"sexual exploitation","labour":0,"sexual":12,"minor":0,"_k":"195"}},{"type":"Feature","geometry":{"type":"LineString","coordinates":[[25.21336553945269,42.76359366613009],[12.159371652981111,43.51930263001275]]},"properties":{"from":"BGR","to":"ITA","n":35,"internal":false,"kind":"sexual exploitation","labour":0,"sexual":18,"minor":0,"_k":"196"}},{"type":"Feature","geometry":{"type":"LineString","coordinates":[[28.45629251700725,47.2012755102054],[17.784189497717012,44.16866438356195]]},"properties":{"from":"MDA","to":"BIH","n":35,"internal":false,"kind":"sexual exploitation","labour":3,"sexual":12,"minor":0,"_k":"197"}},{"type":"Feature","geometry":{"type":"LineString","coordinates":[[96.4943751272419,21.205002472151694],[-99.15068807156243,39.52967493310974]]},"properties":{"from":"MMR","to":"USA","n":35,"internal":false,"kind":"labour exploitation","labour":10,"sexual":0,"minor":5,"_k":"198"}},{"type":"Feature","geometry":{"type":"LineString","coordinates":[[121.42730496453794,15.945390070922295],[25.16763318375323,-29.011178230353238]]},"properties":{"from":"PHL","to":"ZAF","n":35,"internal":false,"kind":"labour exploitation","labour":3,"sexual":2,"minor":3,"_k":"199"}},{"type":"Feature","geometry":{"type":"LineString","coordinates":[[24.9832298892535,45.850663259096045],[-3.564693191192332,40.390322990037404]]},"properties":{"from":"ROU","to":"ESP","n":35,"internal":false,"kind":"labour exploitation","labour":3,"sexual":2,"minor":0,"_k":"200"}},{"type":"Feature","geometry":{"type":"LineString","coordinates":[[28.45629251700725,47.2012755102054],[12.159371652981111,43.51930263001275]]},"properties":{"from":"MDA","to":"ITA","n":35,"internal":false,"kind":"sexual exploitation","labour":0,"sexual":5,"minor":7,"_k":"201"}},{"type":"Feature","geometry":{"type":"LineString","coordinates":[[28.45629251700725,47.2012755102054],[106.29262653488702,16.66312668463577]]},"properties":{"from":"MDA","to":"VNM","n":35,"internal":false,"kind":"sexual exploitation","labour":0,"sexual":7,"minor":4,"_k":"202"}},{"type":"Feature","geometry":{"type":"LineString","coordinates":[[8.088479508743816,9.594095136385867],[29.93496098318132,15.981518572856197]]},"properties":{"from":"NGA","to":"SDN","n":35,"internal":false,"kind":"mixed","labour":0,"sexual":0,"minor":5,"_k":"203"}},{"type":"Feature","geometry":{"type":"LineString","coordinates":[[63.163427689140626,41.75163492880463],[28.45629251700725,47.2012755102054]]},"properties":{"from":"UZB","to":"MDA","n":35,"internal":false,"kind":"sexual exploitation","labour":0,"sexual":1,"minor":5,"_k":"204"}},{"type":"Feature","geometry":{"type":"LineString","coordinates":[[114.02062133826777,-0.19466928769655426],[29.866659293666544,26.491557914915564]]},"properties":{"from":"IDN","to":"EGY","n":34,"internal":false,"kind":"labour exploitation","labour":16,"sexual":5,"minor":6,"_k":"205"}},{"type":"Feature","geometry":{"type":"LineString","coordinates":[[8.088479508743816,9.594095136385867],[12.159371652981111,43.51930263001275]]},"properties":{"from":"NGA","to":"ITA","n":34,"internal":false,"kind":"sexual exploitation","labour":2,"sexual":7,"minor":0,"_k":"206"}},{"type":"Feature","geometry":{"type":"Point","coordinates":[39.59780734834613,8.621718205653119]},"properties":{"from":"ETH","to":"ETH","n":34,"internal":true,"kind":"labour exploitation","labour":7,"sexual":0,"minor":13,"_k":"207"}},{"type":"Feature","geometry":{"type":"LineString","coordinates":[[96.4943751272419,21.205002472151694],[31.25062821784535,49.15969486561811]]},"properties":{"from":"MMR","to":"UKR","n":34,"internal":false,"kind":"labour exploitation","labour":5,"sexual":2,"minor":4,"_k":"208"}},{"type":"Feature","geometry":{"type":"LineString","coordinates":[[8.088479508743816,9.594095136385867],[9.548798947022076,34.111867939015156]]},"properties":{"from":"NGA","to":"TUN","n":34,"internal":false,"kind":"labour exploitation","labour":2,"sexual":0,"minor":3,"_k":"209"}},{"type":"Feature","geometry":{"type":"LineString","coordinates":[[83.91471382952646,28.2503070498651],[35.89410774411856,33.92558922559957]]},"properties":{"from":"NPL","to":"LBN","n":33,"internal":false,"kind":"labour exploitation","labour":17,"sexual":0,"minor":0,"_k":"210"}},{"type":"Feature","geometry":{"type":"LineString","coordinates":[[31.25062821784535,49.15969486561811],[28.04028419182972,53.53018354055703]]},"properties":{"from":"UKR","to":"BLR","n":33,"internal":false,"kind":"sexual exploitation","labour":5,"sexual":6,"minor":2,"_k":"211"}},{"type":"Feature","geometry":{"type":"LineString","coordinates":[[29.867651515151508,-3.348030303030272],[-99.15068807156243,39.52967493310974]]},"properties":{"from":"BDI","to":"USA","n":33,"internal":false,"kind":"labour exploitation","labour":1,"sexual":0,"minor":5,"_k":"212"}},{"type":"Feature","geometry":{"type":"LineString","coordinates":[[28.04028419182972,53.53018354055703],[-99.15068807156243,39.52967493310974]]},"properties":{"from":"BLR","to":"USA","n":33,"internal":false,"kind":"labour exploitation","labour":5,"sexual":0,"minor":0,"_k":"213"}},{"type":"Feature","geometry":{"type":"LineString","coordinates":[[-5.570416190838727,7.621919807131076],[-14.469085365853688,14.363556910569123]]},"properties":{"from":"CIV","to":"SEN","n":33,"internal":false,"kind":"mixed","labour":0,"sexual":0,"minor":12,"_k":"214"}},{"type":"Feature","geometry":{"type":"Point","coordinates":[-14.469085365853688,14.363556910569123]},"properties":{"from":"SEN","to":"SEN","n":33,"internal":true,"kind":"labour exploitation","labour":1,"sexual":0,"minor":16,"_k":"215"}},{"type":"Feature","geometry":{"type":"LineString","coordinates":[[25.21336553945269,42.76359366613009],[22.562857999700014,39.462753036437284]]},"properties":{"from":"BGR","to":"GRC","n":32,"internal":false,"kind":"sexual exploitation","labour":5,"sexual":16,"minor":1,"_k":"216"}},{"type":"Feature","geometry":{"type":"LineString","coordinates":[[-1.2240238704177318,7.961261722080135],[43.749838187702075,33.03551977267332]]},"properties":{"from":"GHA","to":"IRQ","n":32,"internal":false,"kind":"labour exploitation","labour":5,"sexual":0,"minor":0,"_k":"217"}},{"type":"Feature","geometry":{"type":"LineString","coordinates":[[114.02062133826777,-0.19466928769655426],[99.0698642121238,61.66316880121902]]},"properties":{"from":"IDN","to":"RUS","n":32,"internal":false,"kind":"labour exploitation","labour":5,"sexual":4,"minor":2,"_k":"218"}},{"type":"Feature","geometry":{"type":"LineString","coordinates":[[24.9832298892535,45.850663259096045],[9.36825590872045,56.22648736756337]]},"properties":{"from":"ROU","to":"DNK","n":32,"internal":false,"kind":"labour exploitation","labour":1,"sexual":0,"minor":4,"_k":"219"}},{"type":"Feature","geometry":{"type":"LineString","coordinates":[[90.23205935882014,23.87796444071293],[28.45629251700725,47.2012755102054]]},"properties":{"from":"BGD","to":"MDA","n":32,"internal":false,"kind":"labour exploitation","labour":1,"sexual":0,"minor":7,"_k":"220"}},{"type":"Feature","geometry":{"type":"LineString","coordinates":[[114.02062133826777,-0.19466928769655426],[104.90152976388326,12.723001884491634]]},"properties":{"from":"IDN","to":"KHM","n":31,"internal":false,"kind":"sexual exploitation","labour":0,"sexual":5,"minor":4,"_k":"221"}},{"type":"Feature","geometry":{"type":"LineString","coordinates":[[80.70386384544673,7.614351425942975],[-99.15068807156243,39.52967493310974]]},"properties":{"from":"LKA","to":"USA","n":31,"internal":false,"kind":"labour exploitation","labour":8,"sexual":0,"minor":1,"_k":"222"}},{"type":"Feature","geometry":{"type":"LineString","coordinates":[[28.04028419182972,53.53018354055703],[9.548798947022076,34.111867939015156]]},"properties":{"from":"BLR","to":"TUN","n":31,"internal":false,"kind":"labour exploitation","labour":1,"sexual":0,"minor":3,"_k":"223"}},{"type":"Feature","geometry":{"type":"LineString","coordinates":[[114.02062133826777,-0.19466928769655426],[36.77003387128845,31.240426379756627]]},"properties":{"from":"IDN","to":"JOR","n":30,"internal":false,"kind":"labour exploitation","labour":16,"sexual":0,"minor":2,"_k":"224"}},{"type":"Feature","geometry":{"type":"LineString","coordinates":[[28.04028419182972,53.53018354055703],[100.99889647721353,15.131083844580518]]},"properties":{"from":"BLR","to":"THA","n":30,"internal":false,"kind":"labour exploitation","labour":4,"sexual":0,"minor":0,"_k":"225"}},{"type":"Feature","geometry":{"type":"LineString","coordinates":[[121.42730496453794,15.945390070922295],[54.31670676289835,23.90518577920364]]},"properties":{"from":"PHL","to":"ARE","n":30,"internal":false,"kind":"labour exploitation","labour":7,"sexual":1,"minor":0,"_k":"226"}},{"type":"Feature","geometry":{"type":"LineString","coordinates":[[106.29262653488702,16.66312668463577],[28.45629251700725,47.2012755102054]]},"properties":{"from":"VNM","to":"MDA","n":30,"internal":false,"kind":"sexual exploitation","labour":0,"sexual":4,"minor":5,"_k":"227"}},{"type":"Feature","geometry":{"type":"LineString","coordinates":[[8.088479508743816,9.594095136385867],[114.70422446406062,3.59975830180747]]},"properties":{"from":"NGA","to":"MYS","n":30,"internal":false,"kind":"sexual exploitation","labour":0,"sexual":2,"minor":9,"_k":"228"}},{"type":"Feature","geometry":{"type":"LineString","coordinates":[[45.71869717852055,4.765362111558975],[-99.15068807156243,39.52967493310974]]},"properties":{"from":"SOM","to":"USA","n":30,"internal":false,"kind":"mixed","labour":0,"sexual":0,"minor":3,"_k":"229"}},{"type":"Feature","geometry":{"type":"LineString","coordinates":[[121.42730496453794,15.945390070922295],[36.77003387128845,31.240426379756627]]},"properties":{"from":"PHL","to":"JOR","n":29,"internal":false,"kind":"labour exploitation","labour":16,"sexual":4,"minor":2,"_k":"230"}},{"type":"Feature","geometry":{"type":"LineString","coordinates":[[96.4943751272419,21.205002472151694],[121.42730496453794,15.945390070922295]]},"properties":{"from":"MMR","to":"PHL","n":29,"internal":false,"kind":"labour exploitation","labour":13,"sexual":0,"minor":1,"_k":"231"}},{"type":"Feature","geometry":{"type":"LineString","coordinates":[[39.59780734834613,8.621718205653119],[44.53810637965998,24.123203283419123]]},"properties":{"from":"ETH","to":"SAU","n":29,"internal":false,"kind":"labour exploitation","labour":9,"sexual":5,"minor":1,"_k":"232"}},{"type":"Feature","geometry":{"type":"LineString","coordinates":[[29.867651515151508,-3.348030303030272],[18.01465069186637,27.027402407469932]]},"properties":{"from":"BDI","to":"LBY","n":29,"internal":false,"kind":"sexual exploitation","labour":0,"sexual":2,"minor":6,"_k":"233"}},{"type":"Feature","geometry":{"type":"LineString","coordinates":[[31.25062821784535,49.15969486561811],[-65.15022561757499,-35.175010887711316]]},"properties":{"from":"UKR","to":"ARG","n":29,"internal":false,"kind":"mixed","labour":0,"sexual":0,"minor":3,"_k":"234"}},{"type":"Feature","geometry":{"type":"LineString","coordinates":[[63.163427689140626,41.75163492880463],[106.29262653488702,16.66312668463577]]},"properties":{"from":"UZB","to":"VNM","n":29,"internal":false,"kind":"sexual exploitation","labour":0,"sexual":5,"minor":6,"_k":"235"}},{"type":"Feature","geometry":{"type":"LineString","coordinates":[[104.90152976388326,12.723001884491634],[31.25062821784535,49.15969486561811]]},"properties":{"from":"KHM","to":"UKR","n":29,"internal":false,"kind":"mixed","labour":0,"sexual":0,"minor":0,"_k":"236"}},{"type":"Feature","geometry":{"type":"LineString","coordinates":[[19.397411587659793,47.16835214446921],[-99.15068807156243,39.52967493310974]]},"properties":{"from":"HUN","to":"USA","n":28,"internal":false,"kind":"labour exploitation","labour":2,"sexual":0,"minor":0,"_k":"237"}},{"type":"Feature","geometry":{"type":"LineString","coordinates":[[25.21336553945269,42.76359366613009],[20.78808712121224,44.222859848485236]]},"properties":{"from":"BGR","to":"SRB","n":28,"internal":false,"kind":"sexual exploitation","labour":2,"sexual":5,"minor":0,"_k":"238"}},{"type":"Feature","geometry":{"type":"LineString","coordinates":[[12.737180841697482,5.695699066737103],[9.548798947022076,34.111867939015156]]},"properties":{"from":"CMR","to":"TUN","n":28,"internal":false,"kind":"mixed","labour":1,"sexual":1,"minor":0,"_k":"239"}},{"type":"Feature","geometry":{"type":"LineString","coordinates":[[-99.15068807156243,39.52967493310974],[-102.50809751599304,23.941580696597782]]},"properties":{"from":"USA","to":"MEX","n":28,"internal":false,"kind":"sexual exploitation","labour":4,"sexual":11,"minor":9,"_k":"240"}},{"type":"Feature","geometry":{"type":"LineString","coordinates":[[29.867651515151508,-3.348030303030272],[-1.2240238704177318,7.961261722080135]]},"properties":{"from":"BDI","to":"GHA","n":28,"internal":false,"kind":"labour exploitation","labour":4,"sexual":0,"minor":4,"_k":"241"}},{"type":"Feature","geometry":{"type":"LineString","coordinates":[[31.25062821784535,49.15969486561811],[114.02062133826777,-0.19466928769655426]]},"properties":{"from":"UKR","to":"IDN","n":28,"internal":false,"kind":"sexual exploitation","labour":0,"sexual":3,"minor":2,"_k":"242"}},{"type":"Feature","geometry":{"type":"LineString","coordinates":[[-73.08064382475897,3.906445453235302],[35.435564029234044,38.98751827136936]]},"properties":{"from":"COL","to":"TUR","n":27,"internal":false,"kind":"labour exploitation","labour":5,"sexual":0,"minor":2,"_k":"243"}},{"type":"Feature","geometry":{"type":"LineString","coordinates":[[114.02062133826777,-0.19466928769655426],[114.17878787874693,22.42121212120512]]},"properties":{"from":"IDN","to":"HKG","n":27,"internal":false,"kind":"labour exploitation","labour":17,"sexual":0,"minor":1,"_k":"244"}},{"type":"Feature","geometry":{"type":"LineString","coordinates":[[-5.570416190838727,7.621919807131076],[-8.39442734733289,29.842976104272296]]},"properties":{"from":"CIV","to":"MAR","n":27,"internal":false,"kind":"labour exploitation","labour":3,"sexual":0,"minor":4,"_k":"245"}},{"type":"Feature","geometry":{"type":"LineString","coordinates":[[-102.50809751599304,23.941580696597782],[18.01465069186637,27.027402407469932]]},"properties":{"from":"MEX","to":"LBY","n":27,"internal":false,"kind":"labour exploitation","labour":2,"sexual":1,"minor":0,"_k":"246"}},{"type":"Feature","geometry":{"type":"LineString","coordinates":[[31.25062821784535,49.15969486561811],[-102.50809751599304,23.941580696597782]]},"properties":{"from":"UKR","to":"MEX","n":27,"internal":false,"kind":"labour exploitation","labour":4,"sexual":3,"minor":9,"_k":"247"}},{"type":"Feature","geometry":{"type":"LineString","coordinates":[[9.385737466057346,17.42154116166629],[-14.469085365853688,14.363556910569123]]},"properties":{"from":"NER","to":"SEN","n":27,"internal":false,"kind":"labour exploitation","labour":6,"sexual":0,"minor":12,"_k":"248"}},{"type":"Feature","geometry":{"type":"LineString","coordinates":[[39.59780734834613,8.621718205653119],[28.45629251700725,47.2012755102054]]},"properties":{"from":"ETH","to":"MDA","n":27,"internal":false,"kind":"sexual exploitation","labour":0,"sexual":3,"minor":0,"_k":"249"}},{"type":"Feature","geometry":{"type":"LineString","coordinates":[[-11.781139601139621,8.566581196581197],[-14.469085365853688,14.363556910569123]]},"properties":{"from":"SLE","to":"SEN","n":27,"internal":false,"kind":"mixed","labour":0,"sexual":0,"minor":1,"_k":"250"}},{"type":"Feature","geometry":{"type":"LineString","coordinates":[[96.4943751272419,21.205002472151694],[-3.5451743486347445,17.342714243290896]]},"properties":{"from":"MMR","to":"MLI","n":26,"internal":false,"kind":"labour exploitation","labour":5,"sexual":0,"minor":0,"_k":"251"}},{"type":"Feature","geometry":{"type":"LineString","coordinates":[[100.99889647721353,15.131083844580518],[28.45629251700725,47.2012755102054]]},"properties":{"from":"THA","to":"MDA","n":26,"internal":false,"kind":"labour exploitation","labour":5,"sexual":0,"minor":0,"_k":"252"}},{"type":"Feature","geometry":{"type":"LineString","coordinates":[[90.23205935882014,23.87796444071293],[43.749838187702075,33.03551977267332]]},"properties":{"from":"BGD","to":"IRQ","n":26,"internal":false,"kind":"mixed","labour":0,"sexual":0,"minor":0,"_k":"253"}},{"type":"Feature","geometry":{"type":"LineString","coordinates":[[31.25062821784535,49.15969486561811],[103.81264367816092,36.619860071494145]]},"properties":{"from":"UKR","to":"CHN","n":26,"internal":false,"kind":"labour exploitation","labour":2,"sexual":0,"minor":0,"_k":"254"}},{"type":"Feature","geometry":{"type":"Point","coordinates":[9.385737466057346,17.42154116166629]},"properties":{"from":"NER","to":"NER","n":26,"internal":true,"kind":"mixed","labour":0,"sexual":0,"minor":1,"_k":"255"}},{"type":"Feature","geometry":{"type":"LineString","coordinates":[[29.93496098318132,15.981518572856197],[35.89410774411856,33.92558922559957]]},"properties":{"from":"SDN","to":"LBN","n":25,"internal":false,"kind":"labour exploitation","labour":1,"sexual":0,"minor":0,"_k":"256"}},{"type":"Feature","geometry":{"type":"LineString","coordinates":[[90.23205935882014,23.87796444071293],[71.02002039429117,38.52857466576103]]},"properties":{"from":"BGD","to":"TJK","n":25,"internal":false,"kind":"labour exploitation","labour":1,"sexual":0,"minor":1,"_k":"257"}},{"type":"Feature","geometry":{"type":"LineString","coordinates":[[63.163427689140626,41.75163492880463],[114.70422446406062,3.59975830180747]]},"properties":{"from":"UZB","to":"MYS","n":25,"internal":false,"kind":"labour exploitation","labour":2,"sexual":0,"minor":0,"_k":"258"}},{"type":"Feature","geometry":{"type":"LineString","coordinates":[[28.45629251700725,47.2012755102054],[8.088479508743816,9.594095136385867]]},"properties":{"from":"MDA","to":"NGA","n":25,"internal":false,"kind":"sexual exploitation","labour":2,"sexual":4,"minor":4,"_k":"259"}},{"type":"Feature","geometry":{"type":"LineString","coordinates":[[24.9832298892535,45.850663259096045],[16.73978625888801,62.82975884519814]]},"properties":{"from":"ROU","to":"SWE","n":25,"internal":false,"kind":"mixed","labour":0,"sexual":0,"minor":2,"_k":"260"}},{"type":"Feature","geometry":{"type":"LineString","coordinates":[[90.23205935882014,23.87796444071293],[31.25062821784535,49.15969486561811]]},"properties":{"from":"BGD","to":"UKR","n":24,"internal":false,"kind":"sexual exploitation","labour":0,"sexual":1,"minor":2,"_k":"261"}},{"type":"Feature","geometry":{"type":"LineString","coordinates":[[32.36679363467085,1.2750126968004065],[56.08500217539864,20.567543041829605]]},"properties":{"from":"UGA","to":"OMN","n":24,"internal":false,"kind":"labour exploitation","labour":9,"sexual":0,"minor":0,"_k":"262"}},{"type":"Feature","geometry":{"type":"LineString","coordinates":[[8.088479508743816,9.594095136385867],[29.866659293666544,26.491557914915564]]},"properties":{"from":"NGA","to":"EGY","n":24,"internal":false,"kind":"mixed","labour":0,"sexual":0,"minor":4,"_k":"263"}},{"type":"Feature","geometry":{"type":"LineString","coordinates":[[28.04028419182972,53.53018354055703],[15.314334181509967,49.73192536047586]]},"properties":{"from":"BLR","to":"CZE","n":24,"internal":false,"kind":"labour exploitation","labour":9,"sexual":4,"minor":1,"_k":"264"}},{"type":"Feature","geometry":{"type":"LineString","coordinates":[[-73.08064382475897,3.906445453235302],[103.81264367816092,36.619860071494145]]},"properties":{"from":"COL","to":"CHN","n":24,"internal":false,"kind":"mixed","labour":0,"sexual":0,"minor":0,"_k":"265"}},{"type":"Feature","geometry":{"type":"LineString","coordinates":[[32.36679363467085,1.2750126968004065],[37.83247567037743,0.5458132045088652]]},"properties":{"from":"UGA","to":"KEN","n":24,"internal":false,"kind":"sexual exploitation","labour":1,"sexual":5,"minor":7,"_k":"266"}},{"type":"Feature","geometry":{"type":"LineString","coordinates":[[114.02062133826777,-0.19466928769655426],[43.749838187702075,33.03551977267332]]},"properties":{"from":"IDN","to":"IRQ","n":24,"internal":false,"kind":"labour exploitation","labour":2,"sexual":1,"minor":0,"_k":"267"}},{"type":"Feature","geometry":{"type":"LineString","coordinates":[[28.45629251700725,47.2012755102054],[-3.564693191192332,40.390322990037404]]},"properties":{"from":"MDA","to":"ESP","n":24,"internal":false,"kind":"mixed","labour":0,"sexual":0,"minor":0,"_k":"268"}},{"type":"Feature","geometry":{"type":"LineString","coordinates":[[106.29262653488702,16.66312668463577],[35.435564029234044,38.98751827136936]]},"properties":{"from":"VNM","to":"TUR","n":24,"internal":false,"kind":"sexual exploitation","labour":0,"sexual":5,"minor":0,"_k":"269"}},{"type":"Feature","geometry":{"type":"LineString","coordinates":[[24.9832298892535,45.850663259096045],[100.99889647721353,15.131083844580518]]},"properties":{"from":"ROU","to":"THA","n":24,"internal":false,"kind":"sexual exploitation","labour":0,"sexual":1,"minor":4,"_k":"270"}},{"type":"Feature","geometry":{"type":"LineString","coordinates":[[96.4943751272419,21.205002472151694],[28.45629251700725,47.2012755102054]]},"properties":{"from":"MMR","to":"MDA","n":24,"internal":false,"kind":"mixed","labour":0,"sexual":0,"minor":5,"_k":"271"}},{"type":"Feature","geometry":{"type":"LineString","coordinates":[[24.9832298892535,45.850663259096045],[28.45629251700725,47.2012755102054]]},"properties":{"from":"ROU","to":"MDA","n":24,"internal":false,"kind":"mixed","labour":0,"sexual":0,"minor":5,"_k":"272"}},{"type":"Feature","geometry":{"type":"LineString","coordinates":[[29.93496098318132,15.981518572856197],[100.99889647721353,15.131083844580518]]},"properties":{"from":"SDN","to":"THA","n":23,"internal":false,"kind":"sexual exploitation","labour":0,"sexual":5,"minor":3,"_k":"273"}},{"type":"Feature","geometry":{"type":"LineString","coordinates":[[29.867651515151508,-3.348030303030272],[47.584232804235775,29.305608465610284]]},"properties":{"from":"BDI","to":"KWT","n":23,"internal":false,"kind":"labour exploitation","labour":3,"sexual":0,"minor":0,"_k":"274"}},{"type":"Feature","geometry":{"type":"LineString","coordinates":[[104.90152976388326,12.723001884491634],[10.373256621004517,51.09626301369856]]},"properties":{"from":"KHM","to":"DEU","n":23,"internal":false,"kind":"mixed","labour":0,"sexual":0,"minor":0,"_k":"275"}},{"type":"Feature","geometry":{"type":"LineString","coordinates":[[-10.942001987083952,10.436719655572134],[-99.15068807156243,39.52967493310974]]},"properties":{"from":"GIN","to":"USA","n":23,"internal":false,"kind":"sexual exploitation","labour":2,"sexual":11,"minor":0,"_k":"276"}},{"type":"Feature","geometry":{"type":"Point","coordinates":[79.58201036306701,22.91399793698191]},"properties":{"from":"IND","to":"IND","n":23,"internal":true,"kind":"sexual exploitation","labour":2,"sexual":9,"minor":0,"_k":"277"}},{"type":"Feature","geometry":{"type":"LineString","coordinates":[[103.73965899403798,18.494330775789493],[-99.15068807156243,39.52967493310974]]},"properties":{"from":"LAO","to":"USA","n":23,"internal":false,"kind":"labour exploitation","labour":5,"sexual":0,"minor":5,"_k":"278"}},{"type":"Feature","geometry":{"type":"LineString","coordinates":[[100.99889647721353,15.131083844580518],[137.96621280888957,36.65896549240351]]},"properties":{"from":"THA","to":"JPN","n":23,"internal":false,"kind":"sexual exploitation","labour":3,"sexual":10,"minor":0,"_k":"279"}},{"type":"Feature","geometry":{"type":"LineString","coordinates":[[25.21336553945269,42.76359366613009],[114.02062133826777,-0.19466928769655426]]},"properties":{"from":"BGR","to":"IDN","n":23,"internal":false,"kind":"labour exploitation","labour":5,"sexual":0,"minor":4,"_k":"280"}},{"type":"Feature","geometry":{"type":"LineString","coordinates":[[-10.942001987083952,10.436719655572134],[104.90152976388326,12.723001884491634]]},"properties":{"from":"GIN","to":"KHM","n":23,"internal":false,"kind":"sexual exploitation","labour":0,"sexual":2,"minor":0,"_k":"281"}},{"type":"Feature","geometry":{"type":"LineString","coordinates":[[-11.781139601139621,8.566581196581197],[43.749838187702075,33.03551977267332]]},"properties":{"from":"SLE","to":"IRQ","n":23,"internal":false,"kind":"mixed","labour":0,"sexual":0,"minor":0,"_k":"282"}},{"type":"Feature","geometry":{"type":"LineString","coordinates":[[-73.08064382475897,3.906445453235302],[-3.564693191192332,40.390322990037404]]},"properties":{"from":"COL","to":"ESP","n":23,"internal":false,"kind":"sexual exploitation","labour":0,"sexual":10,"minor":1,"_k":"283"}},{"type":"Feature","geometry":{"type":"LineString","coordinates":[[104.90152976388326,12.723001884491634],[25.16763318375323,-29.011178230353238]]},"properties":{"from":"KHM","to":"ZAF","n":23,"internal":false,"kind":"labour exploitation","labour":4,"sexual":0,"minor":9,"_k":"284"}},{"type":"Feature","geometry":{"type":"LineString","coordinates":[[-11.781139601139621,8.566581196581197],[47.584232804235775,29.305608465610284]]},"properties":{"from":"SLE","to":"KWT","n":23,"internal":false,"kind":"mixed","labour":0,"sexual":0,"minor":1,"_k":"285"}},{"type":"Feature","geometry":{"type":"LineString","coordinates":[[20.06313725490263,41.14498599439933],[-99.15068807156243,39.52967493310974]]},"properties":{"from":"ALB","to":"USA","n":23,"internal":false,"kind":"sexual exploitation","labour":3,"sexual":10,"minor":2,"_k":"286"}},{"type":"Feature","geometry":{"type":"LineString","coordinates":[[90.23205935882014,23.87796444071293],[104.90152976388326,12.723001884491634]]},"properties":{"from":"BGD","to":"KHM","n":23,"internal":false,"kind":"sexual exploitation","labour":0,"sexual":8,"minor":0,"_k":"287"}},{"type":"Feature","geometry":{"type":"LineString","coordinates":[[66.01106583572992,33.83569297965267],[35.435564029234044,38.98751827136936]]},"properties":{"from":"AFG","to":"TUR","n":23,"internal":false,"kind":"mixed","labour":0,"sexual":0,"minor":5,"_k":"288"}},{"type":"Feature","geometry":{"type":"LineString","coordinates":[[25.21336553945269,42.76359366613009],[-3.564693191192332,40.390322990037404]]},"properties":{"from":"BGR","to":"ESP","n":23,"internal":false,"kind":"sexual exploitation","labour":0,"sexual":5,"minor":0,"_k":"289"}},{"type":"Feature","geometry":{"type":"LineString","coordinates":[[80.70386384544673,7.614351425942975],[96.4943751272419,21.205002472151694]]},"properties":{"from":"LKA","to":"MMR","n":22,"internal":false,"kind":"labour exploitation","labour":14,"sexual":0,"minor":0,"_k":"290"}},{"type":"Feature","geometry":{"type":"LineString","coordinates":[[-1.2240238704177318,7.961261722080135],[35.89410774411856,33.92558922559957]]},"properties":{"from":"GHA","to":"LBN","n":22,"internal":false,"kind":"labour exploitation","labour":10,"sexual":2,"minor":4,"_k":"291"}},{"type":"Feature","geometry":{"type":"LineString","coordinates":[[-11.781139601139621,8.566581196581197],[-3.5451743486347445,17.342714243290896]]},"properties":{"from":"SLE","to":"MLI","n":22,"internal":false,"kind":"sexual exploitation","labour":0,"sexual":2,"minor":3,"_k":"292"}},{"type":"Feature","geometry":{"type":"LineString","coordinates":[[38.84792172084777,15.35206210577388],[18.01465069186637,27.027402407469932]]},"properties":{"from":"ERI","to":"LBY","n":22,"internal":false,"kind":"mixed","labour":0,"sexual":0,"minor":1,"_k":"293"}},{"type":"Feature","geometry":{"type":"LineString","coordinates":[[121.42730496453794,15.945390070922295],[99.0698642121238,61.66316880121902]]},"properties":{"from":"PHL","to":"RUS","n":22,"internal":false,"kind":"labour exploitation","labour":3,"sexual":1,"minor":0,"_k":"294"}},{"type":"Feature","geometry":{"type":"LineString","coordinates":[[-90.36942779291803,15.69158946412403],[-102.50809751599304,23.941580696597782]]},"properties":{"from":"GTM","to":"MEX","n":22,"internal":false,"kind":"labour exploitation","labour":10,"sexual":5,"minor":0,"_k":"295"}},{"type":"Feature","geometry":{"type":"LineString","coordinates":[[28.45629251700725,47.2012755102054],[20.06313725490263,41.14498599439933]]},"properties":{"from":"MDA","to":"ALB","n":22,"internal":false,"kind":"sexual exploitation","labour":1,"sexual":7,"minor":2,"_k":"296"}},{"type":"Feature","geometry":{"type":"LineString","coordinates":[[-102.50809751599304,23.941580696597782],[8.088479508743816,9.594095136385867]]},"properties":{"from":"MEX","to":"NGA","n":22,"internal":false,"kind":"sexual exploitation","labour":0,"sexual":3,"minor":3,"_k":"297"}},{"type":"Feature","geometry":{"type":"LineString","coordinates":[[-73.08064382475897,3.906445453235302],[28.45629251700725,47.2012755102054]]},"properties":{"from":"COL","to":"MDA","n":22,"internal":false,"kind":"mixed","labour":0,"sexual":0,"minor":9,"_k":"298"}},{"type":"Feature","geometry":{"type":"LineString","coordinates":[[-11.781139601139621,8.566581196581197],[56.08500217539864,20.567543041829605]]},"properties":{"from":"SLE","to":"OMN","n":22,"internal":false,"kind":"sexual exploitation","labour":1,"sexual":4,"minor":6,"_k":"299"}},{"type":"Feature","geometry":{"type":"LineString","coordinates":[[121.42730496453794,15.945390070922295],[71.02002039429117,38.52857466576103]]},"properties":{"from":"PHL","to":"TJK","n":22,"internal":false,"kind":"mixed","labour":0,"sexual":0,"minor":0,"_k":"300"}},{"type":"Feature","geometry":{"type":"LineString","coordinates":[[104.90152976388326,12.723001884491634],[37.83247567037743,0.5458132045088652]]},"properties":{"from":"KHM","to":"KEN","n":22,"internal":false,"kind":"mixed","labour":0,"sexual":0,"minor":6,"_k":"301"}},{"type":"Feature","geometry":{"type":"LineString","coordinates":[[25.21336553945269,42.76359366613009],[21.6760589318601,41.593124616329305]]},"properties":{"from":"BGR","to":"MKD","n":22,"internal":false,"kind":"sexual exploitation","labour":0,"sexual":5,"minor":7,"_k":"302"}},{"type":"Feature","geometry":{"type":"LineString","coordinates":[[9.385737466057346,17.42154116166629],[-99.15068807156243,39.52967493310974]]},"properties":{"from":"NER","to":"USA","n":22,"internal":false,"kind":"labour exploitation","labour":3,"sexual":0,"minor":2,"_k":"303"}},{"type":"Feature","geometry":{"type":"LineString","coordinates":[[104.90152976388326,12.723001884491634],[-14.469085365853688,14.363556910569123]]},"properties":{"from":"KHM","to":"SEN","n":22,"internal":false,"kind":"labour exploitation","labour":3,"sexual":0,"minor":7,"_k":"304"}},{"type":"Feature","geometry":{"type":"LineString","coordinates":[[121.42730496453794,15.945390070922295],[12.159371652981111,43.51930263001275]]},"properties":{"from":"PHL","to":"ITA","n":21,"internal":false,"kind":"labour exploitation","labour":3,"sexual":0,"minor":1,"_k":"305"}},{"type":"Feature","geometry":{"type":"LineString","coordinates":[[-90.36942779291803,15.69158946412403],[114.70422446406062,3.59975830180747]]},"properties":{"from":"GTM","to":"MYS","n":21,"internal":false,"kind":"labour exploitation","labour":6,"sexual":0,"minor":0,"_k":"306"}},{"type":"Feature","geometry":{"type":"LineString","coordinates":[[31.25062821784535,49.15969486561811],[-7.98068283917332,39.68341419586642]]},"properties":{"from":"UKR","to":"PRT","n":21,"internal":false,"kind":"labour exploitation","labour":9,"sexual":3,"minor":0,"_k":"307"}},{"type":"Feature","geometry":{"type":"LineString","coordinates":[[96.4943751272419,21.205002472151694],[67.28533620759436,48.15882317221261]]},"properties":{"from":"MMR","to":"KAZ","n":21,"internal":false,"kind":"labour exploitation","labour":4,"sexual":0,"minor":4,"_k":"308"}},{"type":"Feature","geometry":{"type":"LineString","coordinates":[[28.04028419182972,53.53018354055703],[103.81264367816092,36.619860071494145]]},"properties":{"from":"BLR","to":"CHN","n":21,"internal":false,"kind":"sexual exploitation","labour":0,"sexual":4,"minor":2,"_k":"309"}},{"type":"Feature","geometry":{"type":"LineString","coordinates":[[20.06313725490263,41.14498599439933],[31.25062821784535,49.15969486561811]]},"properties":{"from":"ALB","to":"UKR","n":21,"internal":false,"kind":"labour exploitation","labour":5,"sexual":3,"minor":1,"_k":"310"}},{"type":"Feature","geometry":{"type":"LineString","coordinates":[[28.04028419182972,53.53018354055703],[63.163427689140626,41.75163492880463]]},"properties":{"from":"BLR","to":"UZB","n":21,"internal":false,"kind":"sexual exploitation","labour":0,"sexual":5,"minor":2,"_k":"311"}},{"type":"Feature","geometry":{"type":"LineString","coordinates":[[39.59780734834613,8.621718205653119],[28.04028419182972,53.53018354055703]]},"properties":{"from":"ETH","to":"BLR","n":21,"internal":false,"kind":"labour exploitation","labour":2,"sexual":0,"minor":5,"_k":"312"}},{"type":"Feature","geometry":{"type":"LineString","coordinates":[[106.29262653488702,16.66312668463577],[-65.15022561757499,-35.175010887711316]]},"properties":{"from":"VNM","to":"ARG","n":21,"internal":false,"kind":"sexual exploitation","labour":0,"sexual":5,"minor":1,"_k":"313"}},{"type":"Feature","geometry":{"type":"LineString","coordinates":[[31.25062821784535,49.15969486561811],[100.99889647721353,15.131083844580518]]},"properties":{"from":"UKR","to":"THA","n":21,"internal":false,"kind":"mixed","labour":1,"sexual":1,"minor":0,"_k":"314"}},{"type":"Feature","geometry":{"type":"LineString","coordinates":[[37.83247567037743,0.5458132045088652],[9.36825590872045,56.22648736756337]]},"properties":{"from":"KEN","to":"DNK","n":21,"internal":false,"kind":"sexual exploitation","labour":2,"sexual":8,"minor":0,"_k":"315"}},{"type":"Feature","geometry":{"type":"LineString","coordinates":[[-11.781139601139621,8.566581196581197],[9.548798947022076,34.111867939015156]]},"properties":{"from":"SLE","to":"TUN","n":21,"internal":false,"kind":"mixed","labour":0,"sexual":0,"minor":1,"_k":"316"}},{"type":"Feature","geometry":{"type":"LineString","coordinates":[[121.42730496453794,15.945390070922295],[10.373256621004517,51.09626301369856]]},"properties":{"from":"PHL","to":"DEU","n":21,"internal":false,"kind":"sexual exploitation","labour":0,"sexual":5,"minor":0,"_k":"317"}},{"type":"Feature","geometry":{"type":"LineString","coordinates":[[24.9832298892535,45.850663259096045],[71.02002039429117,38.52857466576103]]},"properties":{"from":"ROU","to":"TJK","n":21,"internal":false,"kind":"mixed","labour":0,"sexual":0,"minor":0,"_k":"318"}},{"type":"Feature","geometry":{"type":"LineString","coordinates":[[24.9832298892535,45.850663259096045],[19.397113084377445,52.124826663422986]]},"properties":{"from":"ROU","to":"POL","n":20,"internal":false,"kind":"sexual exploitation","labour":0,"sexual":6,"minor":1,"_k":"319"}},{"type":"Feature","geometry":{"type":"LineString","coordinates":[[103.81264367816092,36.619860071494145],[114.70422446406062,3.59975830180747]]},"properties":{"from":"CHN","to":"MYS","n":20,"internal":false,"kind":"sexual exploitation","labour":4,"sexual":5,"minor":2,"_k":"320"}},{"type":"Feature","geometry":{"type":"LineString","coordinates":[[-73.08064382475897,3.906445453235302],[114.02062133826777,-0.19466928769655426]]},"properties":{"from":"COL","to":"IDN","n":20,"internal":false,"kind":"sexual exploitation","labour":1,"sexual":4,"minor":2,"_k":"321"}},{"type":"Feature","geometry":{"type":"LineString","coordinates":[[-73.08064382475897,3.906445453235302],[-65.15022561757499,-35.175010887711316]]},"properties":{"from":"COL","to":"ARG","n":20,"internal":false,"kind":"labour exploitation","labour":1,"sexual":0,"minor":0,"_k":"322"}},{"type":"Feature","geometry":{"type":"LineString","coordinates":[[114.02062133826777,-0.19466928769655426],[-14.469085365853688,14.363556910569123]]},"properties":{"from":"IDN","to":"SEN","n":20,"internal":false,"kind":"labour exploitation","labour":2,"sexual":0,"minor":4,"_k":"323"}},{"type":"Feature","geometry":{"type":"LineString","coordinates":[[67.28533620759436,48.15882317221261],[28.45629251700725,47.2012755102054]]},"properties":{"from":"KAZ","to":"MDA","n":20,"internal":false,"kind":"sexual exploitation","labour":0,"sexual":2,"minor":3,"_k":"324"}},{"type":"Feature","geometry":{"type":"LineString","coordinates":[[74.54052211635376,41.46228212874759],[31.25062821784535,49.15969486561811]]},"properties":{"from":"KGZ","to":"UKR","n":20,"internal":false,"kind":"labour exploitation","labour":1,"sexual":0,"minor":0,"_k":"325"}},{"type":"Feature","geometry":{"type":"LineString","coordinates":[[63.163427689140626,41.75163492880463],[47.584232804235775,29.305608465610284]]},"properties":{"from":"UZB","to":"KWT","n":20,"internal":false,"kind":"labour exploitation","labour":3,"sexual":0,"minor":0,"_k":"326"}},{"type":"Feature","geometry":{"type":"LineString","coordinates":[[-5.570416190838727,7.621919807131076],[44.53810637965998,24.123203283419123]]},"properties":{"from":"CIV","to":"SAU","n":20,"internal":false,"kind":"labour exploitation","labour":2,"sexual":1,"minor":0,"_k":"327"}},{"type":"Feature","geometry":{"type":"LineString","coordinates":[[28.04028419182972,53.53018354055703],[5.6503386809269225,52.28581105169354]]},"properties":{"from":"BLR","to":"NLD","n":20,"internal":false,"kind":"sexual exploitation","labour":0,"sexual":8,"minor":5,"_k":"328"}},{"type":"Feature","geometry":{"type":"LineString","coordinates":[[39.59780734834613,8.621718205653119],[43.749838187702075,33.03551977267332]]},"properties":{"from":"ETH","to":"IRQ","n":20,"internal":false,"kind":"mixed","labour":0,"sexual":0,"minor":0,"_k":"329"}},{"type":"Feature","geometry":{"type":"LineString","coordinates":[[28.04028419182972,53.53018354055703],[71.02002039429117,38.52857466576103]]},"properties":{"from":"BLR","to":"TJK","n":20,"internal":false,"kind":"labour exploitation","labour":1,"sexual":0,"minor":0,"_k":"330"}},{"type":"Feature","geometry":{"type":"LineString","coordinates":[[24.9832298892535,45.850663259096045],[-3.5451743486347445,17.342714243290896]]},"properties":{"from":"ROU","to":"MLI","n":20,"internal":false,"kind":"mixed","labour":0,"sexual":0,"minor":4,"_k":"331"}},{"type":"Feature","geometry":{"type":"LineString","coordinates":[[90.23205935882014,23.87796444071293],[51.19086294416262,25.324534686971038]]},"properties":{"from":"BGD","to":"QAT","n":19,"internal":false,"kind":"labour exploitation","labour":7,"sexual":0,"minor":0,"_k":"332"}},{"type":"Feature","geometry":{"type":"LineString","coordinates":[[24.9832298892535,45.850663259096045],[35.89410774411856,33.92558922559957]]},"properties":{"from":"ROU","to":"LBN","n":19,"internal":false,"kind":"mixed","labour":0,"sexual":0,"minor":0,"_k":"333"}},{"type":"Feature","geometry":{"type":"LineString","coordinates":[[37.83247567037743,0.5458132045088652],[56.08500217539864,20.567543041829605]]},"properties":{"from":"KEN","to":"OMN","n":19,"internal":false,"kind":"mixed","labour":0,"sexual":0,"minor":0,"_k":"334"}},{"type":"Feature","geometry":{"type":"LineString","coordinates":[[31.25062821784535,49.15969486561811],[35.89410774411856,33.92558922559957]]},"properties":{"from":"UKR","to":"LBN","n":19,"internal":false,"kind":"labour exploitation","labour":3,"sexual":0,"minor":1,"_k":"335"}},{"type":"Feature","geometry":{"type":"LineString","coordinates":[[-10.942001987083952,10.436719655572134],[18.01465069186637,27.027402407469932]]},"properties":{"from":"GIN","to":"LBY","n":19,"internal":false,"kind":"labour exploitation","labour":1,"sexual":0,"minor":3,"_k":"336"}},{"type":"Feature","geometry":{"type":"LineString","coordinates":[[121.42730496453794,15.945390070922295],[29.866659293666544,26.491557914915564]]},"properties":{"from":"PHL","to":"EGY","n":19,"internal":false,"kind":"mixed","labour":0,"sexual":0,"minor":0,"_k":"337"}},{"type":"Feature","geometry":{"type":"LineString","coordinates":[[31.25062821784535,49.15969486561811],[-73.08064382475897,3.906445453235302]]},"properties":{"from":"UKR","to":"COL","n":19,"internal":false,"kind":"sexual exploitation","labour":0,"sexual":2,"minor":2,"_k":"338"}},{"type":"Feature","geometry":{"type":"LineString","coordinates":[[83.91471382952646,28.2503070498651],[37.83247567037743,0.5458132045088652]]},"properties":{"from":"NPL","to":"KEN","n":19,"internal":false,"kind":"labour exploitation","labour":10,"sexual":2,"minor":0,"_k":"339"}},{"type":"Feature","geometry":{"type":"LineString","coordinates":[[-11.781139601139621,8.566581196581197],[29.866659293666544,26.491557914915564]]},"properties":{"from":"SLE","to":"EGY","n":19,"internal":false,"kind":"mixed","labour":0,"sexual":0,"minor":0,"_k":"340"}},{"type":"Feature","geometry":{"type":"LineString","coordinates":[[8.088479508743816,9.594095136385867],[9.36825590872045,56.22648736756337]]},"properties":{"from":"NGA","to":"DNK","n":19,"internal":false,"kind":"sexual exploitation","labour":0,"sexual":9,"minor":3,"_k":"341"}},{"type":"Feature","geometry":{"type":"LineString","coordinates":[[74.54052211635376,41.46228212874759],[29.866659293666544,26.491557914915564]]},"properties":{"from":"KGZ","to":"EGY","n":19,"internal":false,"kind":"labour exploitation","labour":3,"sexual":0,"minor":0,"_k":"342"}},{"type":"Feature","geometry":{"type":"LineString","coordinates":[[28.45629251700725,47.2012755102054],[67.28533620759436,48.15882317221261]]},"properties":{"from":"MDA","to":"KAZ","n":19,"internal":false,"kind":"mixed","labour":0,"sexual":0,"minor":6,"_k":"343"}},{"type":"Feature","geometry":{"type":"LineString","coordinates":[[31.25062821784535,49.15969486561811],[-3.564693191192332,40.390322990037404]]},"properties":{"from":"UKR","to":"ESP","n":19,"internal":false,"kind":"labour exploitation","labour":4,"sexual":0,"minor":0,"_k":"344"}},{"type":"Feature","geometry":{"type":"LineString","coordinates":[[28.45629251700725,47.2012755102054],[29.866659293666544,26.491557914915564]]},"properties":{"from":"MDA","to":"EGY","n":19,"internal":false,"kind":"mixed","labour":0,"sexual":0,"minor":8,"_k":"345"}},{"type":"Feature","geometry":{"type":"LineString","coordinates":[[28.04028419182972,53.53018354055703],[8.088479508743816,9.594095136385867]]},"properties":{"from":"BLR","to":"NGA","n":19,"internal":false,"kind":"labour exploitation","labour":3,"sexual":0,"minor":1,"_k":"346"}},{"type":"Feature","geometry":{"type":"LineString","coordinates":[[8.088479508743816,9.594095136385867],[-65.15022561757499,-35.175010887711316]]},"properties":{"from":"NGA","to":"ARG","n":19,"internal":false,"kind":"mixed","labour":0,"sexual":0,"minor":4,"_k":"347"}},{"type":"Feature","geometry":{"type":"LineString","coordinates":[[25.21336553945269,42.76359366613009],[29.867651515151508,-3.348030303030272]]},"properties":{"from":"BGR","to":"BDI","n":19,"internal":false,"kind":"mixed","labour":0,"sexual":0,"minor":0,"_k":"348"}},{"type":"Feature","geometry":{"type":"LineString","coordinates":[[59.37547869265088,39.112478318539196],[99.0698642121238,61.66316880121902]]},"properties":{"from":"TKM","to":"RUS","n":18,"internal":false,"kind":"mixed","labour":0,"sexual":0,"minor":0,"_k":"349"}},{"type":"Feature","geometry":{"type":"LineString","coordinates":[[90.23205935882014,23.87796444071293],[114.02062133826777,-0.19466928769655426]]},"properties":{"from":"BGD","to":"IDN","n":18,"internal":false,"kind":"mixed","labour":0,"sexual":0,"minor":0,"_k":"350"}},{"type":"Feature","geometry":{"type":"LineString","coordinates":[[-5.570416190838727,7.621919807131076],[114.70422446406062,3.59975830180747]]},"properties":{"from":"CIV","to":"MYS","n":18,"internal":false,"kind":"mixed","labour":0,"sexual":0,"minor":0,"_k":"351"}},{"type":"Feature","geometry":{"type":"LineString","coordinates":[[8.088479508743816,9.594095136385867],[100.99889647721353,15.131083844580518]]},"properties":{"from":"NGA","to":"THA","n":18,"internal":false,"kind":"labour exploitation","labour":3,"sexual":2,"minor":0,"_k":"352"}},{"type":"Feature","geometry":{"type":"LineString","coordinates":[[-15.33352601156058,13.459537572254273],[29.866659293666544,26.491557914915564]]},"properties":{"from":"GMB","to":"EGY","n":18,"internal":false,"kind":"labour exploitation","labour":7,"sexual":0,"minor":0,"_k":"353"}},{"type":"Feature","geometry":{"type":"LineString","coordinates":[[106.29262653488702,16.66312668463577],[63.163427689140626,41.75163492880463]]},"properties":{"from":"VNM","to":"UZB","n":18,"internal":false,"kind":"mixed","labour":0,"sexual":0,"minor":0,"_k":"354"}},{"type":"Feature","geometry":{"type":"LineString","coordinates":[[66.01106583572992,33.83569297965267],[-99.15068807156243,39.52967493310974]]},"properties":{"from":"AFG","to":"USA","n":18,"internal":false,"kind":"mixed","labour":0,"sexual":0,"minor":3,"_k":"355"}},{"type":"Feature","geometry":{"type":"LineString","coordinates":[[28.04028419182972,53.53018354055703],[20.78808712121224,44.222859848485236]]},"properties":{"from":"BLR","to":"SRB","n":18,"internal":false,"kind":"sexual exploitation","labour":0,"sexual":1,"minor":3,"_k":"356"}},{"type":"Feature","geometry":{"type":"LineString","coordinates":[[24.9832298892535,45.850663259096045],[29.866659293666544,26.491557914915564]]},"properties":{"from":"ROU","to":"EGY","n":18,"internal":false,"kind":"labour exploitation","labour":5,"sexual":0,"minor":3,"_k":"357"}},{"type":"Feature","geometry":{"type":"LineString","coordinates":[[20.06313725490263,41.14498599439933],[20.78808712121224,44.222859848485236]]},"properties":{"from":"ALB","to":"SRB","n":18,"internal":false,"kind":"mixed","labour":0,"sexual":0,"minor":0,"_k":"358"}},{"type":"Feature","geometry":{"type":"LineString","coordinates":[[-5.570416190838727,7.621919807131076],[47.584232804235775,29.305608465610284]]},"properties":{"from":"CIV","to":"KWT","n":18,"internal":false,"kind":"mixed","labour":0,"sexual":0,"minor":0,"_k":"359"}},{"type":"Feature","geometry":{"type":"LineString","coordinates":[[96.4943751272419,21.205002472151694],[35.435564029234044,38.98751827136936]]},"properties":{"from":"MMR","to":"TUR","n":18,"internal":false,"kind":"labour exploitation","labour":5,"sexual":1,"minor":2,"_k":"360"}},{"type":"Feature","geometry":{"type":"LineString","coordinates":[[29.93496098318132,15.981518572856197],[-102.50809751599304,23.941580696597782]]},"properties":{"from":"SDN","to":"MEX","n":18,"internal":false,"kind":"mixed","labour":0,"sexual":0,"minor":8,"_k":"361"}},{"type":"Feature","geometry":{"type":"LineString","coordinates":[[80.70386384544673,7.614351425942975],[47.584232804235775,29.305608465610284]]},"properties":{"from":"LKA","to":"KWT","n":18,"internal":false,"kind":"labour exploitation","labour":1,"sexual":0,"minor":0,"_k":"362"}},{"type":"Feature","geometry":{"type":"LineString","coordinates":[[45.71869717852055,4.765362111558975],[103.81264367816092,36.619860071494145]]},"properties":{"from":"SOM","to":"CHN","n":18,"internal":false,"kind":"mixed","labour":0,"sexual":0,"minor":1,"_k":"363"}},{"type":"Feature","geometry":{"type":"LineString","coordinates":[[63.163427689140626,41.75163492880463],[71.02002039429117,38.52857466576103]]},"properties":{"from":"UZB","to":"TJK","n":18,"internal":false,"kind":"labour exploitation","labour":1,"sexual":0,"minor":0,"_k":"364"}},{"type":"Feature","geometry":{"type":"LineString","coordinates":[[9.385737466057346,17.42154116166629],[28.45629251700725,47.2012755102054]]},"properties":{"from":"NER","to":"MDA","n":18,"internal":false,"kind":"mixed","labour":0,"sexual":0,"minor":3,"_k":"365"}},{"type":"Feature","geometry":{"type":"LineString","coordinates":[[28.04028419182972,53.53018354055703],[96.4943751272419,21.205002472151694]]},"properties":{"from":"BLR","to":"MMR","n":17,"internal":false,"kind":"sexual exploitation","labour":4,"sexual":5,"minor":0,"_k":"366"}},{"type":"Feature","geometry":{"type":"LineString","coordinates":[[100.99889647721353,15.131083844580518],[8.225583756345126,46.803756345177355]]},"properties":{"from":"THA","to":"CHE","n":17,"internal":false,"kind":"sexual exploitation","labour":1,"sexual":5,"minor":1,"_k":"367"}},{"type":"Feature","geometry":{"type":"LineString","coordinates":[[121.42730496453794,15.945390070922295],[-8.39442734733289,29.842976104272296]]},"properties":{"from":"PHL","to":"MAR","n":17,"internal":false,"kind":"labour exploitation","labour":5,"sexual":0,"minor":1,"_k":"368"}},{"type":"Feature","geometry":{"type":"LineString","coordinates":[[83.91471382952646,28.2503070498651],[114.70422446406062,3.59975830180747]]},"properties":{"from":"NPL","to":"MYS","n":17,"internal":false,"kind":"labour exploitation","labour":8,"sexual":0,"minor":0,"_k":"369"}},{"type":"Feature","geometry":{"type":"LineString","coordinates":[[28.04028419182972,53.53018354055703],[44.53810637965998,24.123203283419123]]},"properties":{"from":"BLR","to":"SAU","n":17,"internal":false,"kind":"sexual exploitation","labour":0,"sexual":2,"minor":0,"_k":"370"}},{"type":"Feature","geometry":{"type":"LineString","coordinates":[[8.088479508743816,9.594095136385867],[121.42730496453794,15.945390070922295]]},"properties":{"from":"NGA","to":"PHL","n":17,"internal":false,"kind":"labour exploitation","labour":4,"sexual":0,"minor":2,"_k":"371"}},{"type":"Feature","geometry":{"type":"LineString","coordinates":[[8.088479508743816,9.594095136385867],[67.28533620759436,48.15882317221261]]},"properties":{"from":"NGA","to":"KAZ","n":17,"internal":false,"kind":"mixed","labour":0,"sexual":0,"minor":3,"_k":"372"}},{"type":"Feature","geometry":{"type":"LineString","coordinates":[[-102.50809751599304,23.941580696597782],[114.70422446406062,3.59975830180747]]},"properties":{"from":"MEX","to":"MYS","n":17,"internal":false,"kind":"mixed","labour":3,"sexual":3,"minor":3,"_k":"373"}},{"type":"Feature","geometry":{"type":"LineString","coordinates":[[28.04028419182972,53.53018354055703],[32.36679363467085,1.2750126968004065]]},"properties":{"from":"BLR","to":"UGA","n":17,"internal":false,"kind":"labour exploitation","labour":3,"sexual":0,"minor":4,"_k":"374"}},{"type":"Feature","geometry":{"type":"LineString","coordinates":[[66.01106583572992,33.83569297965267],[31.25062821784535,49.15969486561811]]},"properties":{"from":"AFG","to":"UKR","n":17,"internal":false,"kind":"sexual exploitation","labour":0,"sexual":1,"minor":8,"_k":"375"}},{"type":"Feature","geometry":{"type":"LineString","coordinates":[[79.58201036306701,22.91399793698191],[114.70422446406062,3.59975830180747]]},"properties":{"from":"IND","to":"MYS","n":17,"internal":false,"kind":"mixed","labour":0,"sexual":0,"minor":1,"_k":"376"}},{"type":"Feature","geometry":{"type":"LineString","coordinates":[[67.28533620759436,48.15882317221261],[-99.15068807156243,39.52967493310974]]},"properties":{"from":"KAZ","to":"USA","n":17,"internal":false,"kind":"labour exploitation","labour":3,"sexual":0,"minor":0,"_k":"377"}},{"type":"Feature","geometry":{"type":"LineString","coordinates":[[121.42730496453794,15.945390070922295],[-3.564693191192332,40.390322990037404]]},"properties":{"from":"PHL","to":"ESP","n":17,"internal":false,"kind":"labour exploitation","labour":2,"sexual":0,"minor":0,"_k":"378"}},{"type":"Feature","geometry":{"type":"LineString","coordinates":[[-11.781139601139621,8.566581196581197],[-99.15068807156243,39.52967493310974]]},"properties":{"from":"SLE","to":"USA","n":17,"internal":false,"kind":"labour exploitation","labour":1,"sexual":0,"minor":6,"_k":"379"}},{"type":"Feature","geometry":{"type":"LineString","coordinates":[[28.45629251700725,47.2012755102054],[34.797471428881245,-6.275978574371658]]},"properties":{"from":"MDA","to":"TZA","n":17,"internal":false,"kind":"labour exploitation","labour":3,"sexual":2,"minor":2,"_k":"380"}},{"type":"Feature","geometry":{"type":"LineString","coordinates":[[25.21336553945269,42.76359366613009],[37.83247567037743,0.5458132045088652]]},"properties":{"from":"BGR","to":"KEN","n":17,"internal":false,"kind":"mixed","labour":3,"sexual":3,"minor":0,"_k":"381"}},{"type":"Feature","geometry":{"type":"LineString","coordinates":[[90.23205935882014,23.87796444071293],[-14.469085365853688,14.363556910569123]]},"properties":{"from":"BGD","to":"SEN","n":17,"internal":false,"kind":"labour exploitation","labour":3,"sexual":0,"minor":6,"_k":"382"}},{"type":"Feature","geometry":{"type":"LineString","coordinates":[[29.93496098318132,15.981518572856197],[29.866659293666544,26.491557914915564]]},"properties":{"from":"SDN","to":"EGY","n":17,"internal":false,"kind":"mixed","labour":0,"sexual":0,"minor":0,"_k":"383"}},{"type":"Feature","geometry":{"type":"LineString","coordinates":[[-73.08064382475897,3.906445453235302],[-102.50809751599304,23.941580696597782]]},"properties":{"from":"COL","to":"MEX","n":17,"internal":false,"kind":"sexual exploitation","labour":0,"sexual":2,"minor":0,"_k":"384"}},{"type":"Feature","geometry":{"type":"LineString","coordinates":[[114.02062133826777,-0.19466928769655426],[100.99889647721353,15.131083844580518]]},"properties":{"from":"IDN","to":"THA","n":17,"internal":false,"kind":"mixed","labour":0,"sexual":0,"minor":1,"_k":"385"}},{"type":"Feature","geometry":{"type":"LineString","coordinates":[[25.21336553945269,42.76359366613009],[35.435564029234044,38.98751827136936]]},"properties":{"from":"BGR","to":"TUR","n":17,"internal":false,"kind":"labour exploitation","labour":4,"sexual":0,"minor":3,"_k":"386"}},{"type":"Feature","geometry":{"type":"LineString","coordinates":[[63.163427689140626,41.75163492880463],[103.81264367816092,36.619860071494145]]},"properties":{"from":"UZB","to":"CHN","n":17,"internal":false,"kind":"mixed","labour":0,"sexual":0,"minor":1,"_k":"387"}},{"type":"Feature","geometry":{"type":"LineString","coordinates":[[29.93496098318132,15.981518572856197],[-3.564693191192332,40.390322990037404]]},"properties":{"from":"SDN","to":"ESP","n":17,"internal":false,"kind":"mixed","labour":0,"sexual":0,"minor":0,"_k":"388"}},{"type":"Feature","geometry":{"type":"LineString","coordinates":[[114.02062133826777,-0.19466928769655426],[63.163427689140626,41.75163492880463]]},"properties":{"from":"IDN","to":"UZB","n":17,"internal":false,"kind":"labour exploitation","labour":1,"sexual":0,"minor":1,"_k":"389"}},{"type":"Feature","geometry":{"type":"LineString","coordinates":[[-15.33352601156058,13.459537572254273],[35.89410774411856,33.92558922559957]]},"properties":{"from":"GMB","to":"LBN","n":16,"internal":false,"kind":"labour exploitation","labour":8,"sexual":0,"minor":0,"_k":"390"}},{"type":"Feature","geometry":{"type":"LineString","coordinates":[[19.397411587659793,47.16835214446921],[8.225583756345126,46.803756345177355]]},"properties":{"from":"HUN","to":"CHE","n":16,"internal":false,"kind":"sexual exploitation","labour":0,"sexual":5,"minor":0,"_k":"391"}},{"type":"Feature","geometry":{"type":"LineString","coordinates":[[29.867651515151508,-3.348030303030272],[8.088479508743816,9.594095136385867]]},"properties":{"from":"BDI","to":"NGA","n":16,"internal":false,"kind":"labour exploitation","labour":5,"sexual":0,"minor":0,"_k":"392"}},{"type":"Feature","geometry":{"type":"LineString","coordinates":[[121.42730496453794,15.945390070922295],[56.08500217539864,20.567543041829605]]},"properties":{"from":"PHL","to":"OMN","n":16,"internal":false,"kind":"mixed","labour":1,"sexual":1,"minor":2,"_k":"393"}},{"type":"Feature","geometry":{"type":"LineString","coordinates":[[63.163427689140626,41.75163492880463],[20.78808712121224,44.222859848485236]]},"properties":{"from":"UZB","to":"SRB","n":16,"internal":false,"kind":"sexual exploitation","labour":0,"sexual":5,"minor":6,"_k":"394"}},{"type":"Feature","geometry":{"type":"LineString","coordinates":[[20.78808712121224,44.222859848485236],[-99.15068807156243,39.52967493310974]]},"properties":{"from":"SRB","to":"USA","n":16,"internal":false,"kind":"mixed","labour":4,"sexual":4,"minor":4,"_k":"395"}},{"type":"Feature","geometry":{"type":"LineString","coordinates":[[8.088479508743816,9.594095136385867],[16.73978625888801,62.82975884519814]]},"properties":{"from":"NGA","to":"SWE","n":16,"internal":false,"kind":"sexual exploitation","labour":1,"sexual":3,"minor":4,"_k":"396"}},{"type":"Feature","geometry":{"type":"LineString","coordinates":[[104.90152976388326,12.723001884491634],[99.0698642121238,61.66316880121902]]},"properties":{"from":"KHM","to":"RUS","n":16,"internal":false,"kind":"sexual exploitation","labour":0,"sexual":3,"minor":1,"_k":"397"}},{"type":"Feature","geometry":{"type":"LineString","coordinates":[[24.9832298892535,45.850663259096045],[15.314334181509967,49.73192536047586]]},"properties":{"from":"ROU","to":"CZE","n":16,"internal":false,"kind":"labour exploitation","labour":6,"sexual":0,"minor":0,"_k":"398"}},{"type":"Feature","geometry":{"type":"LineString","coordinates":[[-102.50809751599304,23.941580696597782],[79.58201036306701,22.91399793698191]]},"properties":{"from":"MEX","to":"IND","n":16,"internal":false,"kind":"labour exploitation","labour":6,"sexual":0,"minor":0,"_k":"399"}},{"type":"Feature","geometry":{"type":"LineString","coordinates":[[29.93496098318132,15.981518572856197],[90.23205935882014,23.87796444071293]]},"properties":{"from":"SDN","to":"BGD","n":16,"internal":false,"kind":"labour exploitation","labour":2,"sexual":1,"minor":1,"_k":"400"}},{"type":"Feature","geometry":{"type":"LineString","coordinates":[[25.21336553945269,42.76359366613009],[15.314334181509967,49.73192536047586]]},"properties":{"from":"BGR","to":"CZE","n":16,"internal":false,"kind":"mixed","labour":0,"sexual":0,"minor":0,"_k":"401"}},{"type":"Feature","geometry":{"type":"LineString","coordinates":[[-64.6843651095079,-16.708133036731713],[28.04028419182972,53.53018354055703]]},"properties":{"from":"BOL","to":"BLR","n":16,"internal":false,"kind":"mixed","labour":1,"sexual":1,"minor":0,"_k":"402"}},{"type":"Feature","geometry":{"type":"LineString","coordinates":[[-102.50809751599304,23.941580696597782],[28.04028419182972,53.53018354055703]]},"properties":{"from":"MEX","to":"BLR","n":16,"internal":false,"kind":"labour exploitation","labour":5,"sexual":0,"minor":1,"_k":"403"}},{"type":"Feature","geometry":{"type":"LineString","coordinates":[[-90.36942779291803,15.69158946412403],[106.29262653488702,16.66312668463577]]},"properties":{"from":"GTM","to":"VNM","n":16,"internal":false,"kind":"sexual exploitation","labour":0,"sexual":7,"minor":7,"_k":"404"}},{"type":"Feature","geometry":{"type":"LineString","coordinates":[[-99.15068807156243,39.52967493310974],[-1.2240238704177318,7.961261722080135]]},"properties":{"from":"USA","to":"GHA","n":16,"internal":false,"kind":"labour exploitation","labour":3,"sexual":0,"minor":4,"_k":"405"}},{"type":"Feature","geometry":{"type":"LineString","coordinates":[[99.0698642121238,61.66316880121902],[32.36679363467085,1.2750126968004065]]},"properties":{"from":"RUS","to":"UGA","n":16,"internal":false,"kind":"sexual exploitation","labour":1,"sexual":5,"minor":0,"_k":"406"}},{"type":"Feature","geometry":{"type":"LineString","coordinates":[[114.02062133826777,-0.19466928769655426],[20.06313725490263,41.14498599439933]]},"properties":{"from":"IDN","to":"ALB","n":16,"internal":false,"kind":"mixed","labour":0,"sexual":0,"minor":2,"_k":"407"}},{"type":"Feature","geometry":{"type":"LineString","coordinates":[[25.21336553945269,42.76359366613009],[25.16763318375323,-29.011178230353238]]},"properties":{"from":"BGR","to":"ZAF","n":16,"internal":false,"kind":"labour exploitation","labour":2,"sexual":0,"minor":1,"_k":"408"}},{"type":"Feature","geometry":{"type":"LineString","coordinates":[[28.45629251700725,47.2012755102054],[114.02062133826777,-0.19466928769655426]]},"properties":{"from":"MDA","to":"IDN","n":16,"internal":false,"kind":"sexual exploitation","labour":0,"sexual":3,"minor":2,"_k":"409"}},{"type":"Feature","geometry":{"type":"LineString","coordinates":[[32.36679363467085,1.2750126968004065],[103.81264367816092,36.619860071494145]]},"properties":{"from":"UGA","to":"CHN","n":16,"internal":false,"kind":"sexual exploitation","labour":2,"sexual":4,"minor":1,"_k":"410"}},{"type":"Feature","geometry":{"type":"LineString","coordinates":[[24.9832298892535,45.850663259096045],[8.088479508743816,9.594095136385867]]},"properties":{"from":"ROU","to":"NGA","n":16,"internal":false,"kind":"sexual exploitation","labour":0,"sexual":5,"minor":1,"_k":"411"}},{"type":"Feature","geometry":{"type":"LineString","coordinates":[[-10.942001987083952,10.436719655572134],[-14.469085365853688,14.363556910569123]]},"properties":{"from":"GIN","to":"SEN","n":16,"internal":false,"kind":"mixed","labour":0,"sexual":0,"minor":4,"_k":"412"}},{"type":"Feature","geometry":{"type":"LineString","coordinates":[[-102.50809751599304,23.941580696597782],[28.45629251700725,47.2012755102054]]},"properties":{"from":"MEX","to":"MDA","n":16,"internal":false,"kind":"mixed","labour":1,"sexual":1,"minor":5,"_k":"413"}},{"type":"Feature","geometry":{"type":"LineString","coordinates":[[-99.15068807156243,39.52967493310974],[8.088479508743816,9.594095136385867]]},"properties":{"from":"USA","to":"NGA","n":15,"internal":false,"kind":"sexual exploitation","labour":2,"sexual":7,"minor":2,"_k":"414"}},{"type":"Feature","geometry":{"type":"LineString","coordinates":[[106.29262653488702,16.66312668463577],[-8.39442734733289,29.842976104272296]]},"properties":{"from":"VNM","to":"MAR","n":15,"internal":false,"kind":"labour exploitation","labour":4,"sexual":0,"minor":1,"_k":"415"}},{"type":"Feature","geometry":{"type":"LineString","coordinates":[[-102.50809751599304,23.941580696597782],[121.42730496453794,15.945390070922295]]},"properties":{"from":"MEX","to":"PHL","n":15,"internal":false,"kind":"labour exploitation","labour":6,"sexual":2,"minor":0,"_k":"416"}},{"type":"Feature","geometry":{"type":"LineString","coordinates":[[31.25062821784535,49.15969486561811],[22.562857999700014,39.462753036437284]]},"properties":{"from":"UKR","to":"GRC","n":15,"internal":false,"kind":"sexual exploitation","labour":1,"sexual":6,"minor":0,"_k":"417"}},{"type":"Feature","geometry":{"type":"LineString","coordinates":[[-73.08064382475897,3.906445453235302],[18.01465069186637,27.027402407469932]]},"properties":{"from":"COL","to":"LBY","n":15,"internal":false,"kind":"mixed","labour":0,"sexual":0,"minor":2,"_k":"418"}},{"type":"Feature","geometry":{"type":"LineString","coordinates":[[25.21336553945269,42.76359366613009],[24.9832298892535,45.850663259096045]]},"properties":{"from":"BGR","to":"ROU","n":15,"internal":false,"kind":"sexual exploitation","labour":0,"sexual":7,"minor":0,"_k":"419"}},{"type":"Feature","geometry":{"type":"LineString","coordinates":[[28.04028419182972,53.53018354055703],[-3.5451743486347445,17.342714243290896]]},"properties":{"from":"BLR","to":"MLI","n":15,"internal":false,"kind":"mixed","labour":0,"sexual":0,"minor":1,"_k":"420"}},{"type":"Feature","geometry":{"type":"LineString","coordinates":[[12.737180841697482,5.695699066737103],[18.01465069186637,27.027402407469932]]},"properties":{"from":"CMR","to":"LBY","n":15,"internal":false,"kind":"sexual exploitation","labour":1,"sexual":6,"minor":0,"_k":"421"}},{"type":"Feature","geometry":{"type":"LineString","coordinates":[[114.02062133826777,-0.19466928769655426],[137.96621280888957,36.65896549240351]]},"properties":{"from":"IDN","to":"JPN","n":15,"internal":false,"kind":"mixed","labour":0,"sexual":0,"minor":0,"_k":"422"}},{"type":"Feature","geometry":{"type":"LineString","coordinates":[[80.70386384544673,7.614351425942975],[8.088479508743816,9.594095136385867]]},"properties":{"from":"LKA","to":"NGA","n":15,"internal":false,"kind":"labour exploitation","labour":3,"sexual":0,"minor":1,"_k":"423"}},{"type":"Feature","geometry":{"type":"LineString","coordinates":[[-88.87837301586958,13.742361111110638],[-102.50809751599304,23.941580696597782]]},"properties":{"from":"SLV","to":"MEX","n":15,"internal":false,"kind":"sexual exploitation","labour":4,"sexual":8,"minor":0,"_k":"424"}},{"type":"Feature","geometry":{"type":"LineString","coordinates":[[31.25062821784535,49.15969486561811],[18.01465069186637,27.027402407469932]]},"properties":{"from":"UKR","to":"LBY","n":15,"internal":false,"kind":"labour exploitation","labour":5,"sexual":3,"minor":2,"_k":"425"}},{"type":"Feature","geometry":{"type":"LineString","coordinates":[[63.163427689140626,41.75163492880463],[24.9832298892535,45.850663259096045]]},"properties":{"from":"UZB","to":"ROU","n":15,"internal":false,"kind":"mixed","labour":0,"sexual":0,"minor":2,"_k":"426"}},{"type":"Feature","geometry":{"type":"LineString","coordinates":[[104.90152976388326,12.723001884491634],[44.53810637965998,24.123203283419123]]},"properties":{"from":"KHM","to":"SAU","n":15,"internal":false,"kind":"labour exploitation","labour":3,"sexual":0,"minor":2,"_k":"427"}},{"type":"Feature","geometry":{"type":"LineString","coordinates":[[24.9832298892535,45.850663259096045],[43.749838187702075,33.03551977267332]]},"properties":{"from":"ROU","to":"IRQ","n":15,"internal":false,"kind":"labour exploitation","labour":3,"sexual":0,"minor":0,"_k":"428"}},{"type":"Feature","geometry":{"type":"LineString","coordinates":[[63.163427689140626,41.75163492880463],[96.4943751272419,21.205002472151694]]},"properties":{"from":"UZB","to":"MMR","n":15,"internal":false,"kind":"sexual exploitation","labour":0,"sexual":1,"minor":0,"_k":"429"}},{"type":"Feature","geometry":{"type":"LineString","coordinates":[[28.45629251700725,47.2012755102054],[16.73978625888801,62.82975884519814]]},"properties":{"from":"MDA","to":"SWE","n":15,"internal":false,"kind":"mixed","labour":0,"sexual":0,"minor":5,"_k":"430"}},{"type":"Feature","geometry":{"type":"LineString","coordinates":[[90.23205935882014,23.87796444071293],[-102.50809751599304,23.941580696597782]]},"properties":{"from":"BGD","to":"MEX","n":15,"internal":false,"kind":"labour exploitation","labour":1,"sexual":0,"minor":0,"_k":"431"}},{"type":"Feature","geometry":{"type":"LineString","coordinates":[[-64.6843651095079,-16.708133036731713],[-14.469085365853688,14.363556910569123]]},"properties":{"from":"BOL","to":"SEN","n":15,"internal":false,"kind":"labour exploitation","labour":6,"sexual":0,"minor":6,"_k":"432"}},{"type":"Feature","geometry":{"type":"LineString","coordinates":[[28.04028419182972,53.53018354055703],[8.225583756345126,46.803756345177355]]},"properties":{"from":"BLR","to":"CHE","n":15,"internal":false,"kind":"mixed","labour":0,"sexual":0,"minor":2,"_k":"433"}},{"type":"Feature","geometry":{"type":"LineString","coordinates":[[71.02002039429117,38.52857466576103],[63.163427689140626,41.75163492880463]]},"properties":{"from":"TJK","to":"UZB","n":15,"internal":false,"kind":"labour exploitation","labour":1,"sexual":0,"minor":1,"_k":"434"}},{"type":"Feature","geometry":{"type":"LineString","coordinates":[[24.9832298892535,45.850663259096045],[5.6503386809269225,52.28581105169354]]},"properties":{"from":"ROU","to":"NLD","n":15,"internal":false,"kind":"mixed","labour":0,"sexual":0,"minor":5,"_k":"435"}},{"type":"Feature","geometry":{"type":"LineString","coordinates":[[28.45629251700725,47.2012755102054],[19.397113084377445,52.124826663422986]]},"properties":{"from":"MDA","to":"POL","n":15,"internal":false,"kind":"sexual exploitation","labour":1,"sexual":2,"minor":0,"_k":"436"}},{"type":"Feature","geometry":{"type":"LineString","coordinates":[[28.45629251700725,47.2012755102054],[44.53810637965998,24.123203283419123]]},"properties":{"from":"MDA","to":"SAU","n":15,"internal":false,"kind":"mixed","labour":0,"sexual":0,"minor":1,"_k":"437"}},{"type":"Feature","geometry":{"type":"LineString","coordinates":[[31.25062821784535,49.15969486561811],[104.90152976388326,12.723001884491634]]},"properties":{"from":"UKR","to":"KHM","n":15,"internal":false,"kind":"sexual exploitation","labour":0,"sexual":7,"minor":3,"_k":"438"}},{"type":"Feature","geometry":{"type":"LineString","coordinates":[[-5.570416190838727,7.621919807131076],[114.02062133826777,-0.19466928769655426]]},"properties":{"from":"CIV","to":"IDN","n":15,"internal":false,"kind":"mixed","labour":0,"sexual":0,"minor":1,"_k":"439"}},{"type":"Feature","geometry":{"type":"LineString","coordinates":[[31.25062821784535,49.15969486561811],[-3.5451743486347445,17.342714243290896]]},"properties":{"from":"UKR","to":"MLI","n":15,"internal":false,"kind":"mixed","labour":0,"sexual":0,"minor":8,"_k":"440"}},{"type":"Feature","geometry":{"type":"LineString","coordinates":[[9.385737466057346,17.42154116166629],[-5.570416190838727,7.621919807131076]]},"properties":{"from":"NER","to":"CIV","n":15,"internal":false,"kind":"labour exploitation","labour":1,"sexual":0,"minor":9,"_k":"441"}},{"type":"Feature","geometry":{"type":"LineString","coordinates":[[66.01106583572992,33.83569297965267],[-8.39442734733289,29.842976104272296]]},"properties":{"from":"AFG","to":"MAR","n":15,"internal":false,"kind":"labour exploitation","labour":3,"sexual":0,"minor":6,"_k":"442"}},{"type":"Feature","geometry":{"type":"LineString","coordinates":[[-102.50809751599304,23.941580696597782],[-3.564693191192332,40.390322990037404]]},"properties":{"from":"MEX","to":"ESP","n":15,"internal":false,"kind":"labour exploitation","labour":5,"sexual":1,"minor":0,"_k":"443"}},{"type":"Feature","geometry":{"type":"LineString","coordinates":[[31.25062821784535,49.15969486561811],[-11.781139601139621,8.566581196581197]]},"properties":{"from":"UKR","to":"SLE","n":15,"internal":false,"kind":"mixed","labour":0,"sexual":0,"minor":2,"_k":"444"}},{"type":"Feature","geometry":{"type":"LineString","coordinates":[[-64.6843651095079,-16.708133036731713],[-11.781139601139621,8.566581196581197]]},"properties":{"from":"BOL","to":"SLE","n":15,"internal":false,"kind":"mixed","labour":0,"sexual":0,"minor":3,"_k":"445"}},{"type":"Feature","geometry":{"type":"LineString","coordinates":[[66.01106583572992,33.83569297965267],[63.163427689140626,41.75163492880463]]},"properties":{"from":"AFG","to":"UZB","n":15,"internal":false,"kind":"mixed","labour":0,"sexual":0,"minor":0,"_k":"446"}},{"type":"Feature","geometry":{"type":"LineString","coordinates":[[114.02062133826777,-0.19466928769655426],[-102.50809751599304,23.941580696597782]]},"properties":{"from":"IDN","to":"MEX","n":15,"internal":false,"kind":"sexual exploitation","labour":0,"sexual":1,"minor":0,"_k":"447"}},{"type":"Feature","geometry":{"type":"LineString","coordinates":[[32.36679363467085,1.2750126968004065],[96.4943751272419,21.205002472151694]]},"properties":{"from":"UGA","to":"MMR","n":14,"internal":false,"kind":"labour exploitation","labour":5,"sexual":0,"minor":0,"_k":"448"}},{"type":"Feature","geometry":{"type":"LineString","coordinates":[[83.91471382952646,28.2503070498651],[90.23205935882014,23.87796444071293]]},"properties":{"from":"NPL","to":"BGD","n":14,"internal":false,"kind":"labour exploitation","labour":5,"sexual":0,"minor":0,"_k":"449"}},{"type":"Feature","geometry":{"type":"LineString","coordinates":[[96.4943751272419,21.205002472151694],[44.53810637965998,24.123203283419123]]},"properties":{"from":"MMR","to":"SAU","n":14,"internal":false,"kind":"labour exploitation","labour":2,"sexual":0,"minor":0,"_k":"450"}},{"type":"Feature","geometry":{"type":"LineString","coordinates":[[80.70386384544673,7.614351425942975],[28.04028419182972,53.53018354055703]]},"properties":{"from":"LKA","to":"BLR","n":14,"internal":false,"kind":"labour exploitation","labour":6,"sexual":0,"minor":0,"_k":"451"}},{"type":"Feature","geometry":{"type":"LineString","coordinates":[[74.54052211635376,41.46228212874759],[54.31670676289835,23.90518577920364]]},"properties":{"from":"KGZ","to":"ARE","n":14,"internal":false,"kind":"sexual exploitation","labour":1,"sexual":6,"minor":1,"_k":"452"}},{"type":"Feature","geometry":{"type":"LineString","coordinates":[[-73.08064382475897,3.906445453235302],[29.867651515151508,-3.348030303030272]]},"properties":{"from":"COL","to":"BDI","n":14,"internal":false,"kind":"mixed","labour":0,"sexual":0,"minor":3,"_k":"453"}},{"type":"Feature","geometry":{"type":"LineString","coordinates":[[71.02002039429117,38.52857466576103],[25.16763318375323,-29.011178230353238]]},"properties":{"from":"TJK","to":"ZAF","n":14,"internal":false,"kind":"mixed","labour":0,"sexual":0,"minor":0,"_k":"454"}},{"type":"Feature","geometry":{"type":"LineString","coordinates":[[25.21336553945269,42.76359366613009],[28.04028419182972,53.53018354055703]]},"properties":{"from":"BGR","to":"BLR","n":14,"internal":false,"kind":"mixed","labour":0,"sexual":0,"minor":2,"_k":"455"}},{"type":"Feature","geometry":{"type":"LineString","coordinates":[[-1.2240238704177318,7.961261722080135],[47.584232804235775,29.305608465610284]]},"properties":{"from":"GHA","to":"KWT","n":14,"internal":false,"kind":"labour exploitation","labour":2,"sexual":0,"minor":0,"_k":"456"}},{"type":"Feature","geometry":{"type":"LineString","coordinates":[[19.397411587659793,47.16835214446921],[10.373256621004517,51.09626301369856]]},"properties":{"from":"HUN","to":"DEU","n":14,"internal":false,"kind":"sexual exploitation","labour":1,"sexual":3,"minor":0,"_k":"457"}},{"type":"Feature","geometry":{"type":"LineString","coordinates":[[39.59780734834613,8.621718205653119],[37.83247567037743,0.5458132045088652]]},"properties":{"from":"ETH","to":"KEN","n":14,"internal":false,"kind":"mixed","labour":2,"sexual":2,"minor":6,"_k":"458"}},{"type":"Feature","geometry":{"type":"LineString","coordinates":[[83.91471382952646,28.2503070498651],[-99.15068807156243,39.52967493310974]]},"properties":{"from":"NPL","to":"USA","n":14,"internal":false,"kind":"sexual exploitation","labour":2,"sexual":4,"minor":3,"_k":"459"}},{"type":"Feature","geometry":{"type":"LineString","coordinates":[[121.42730496453794,15.945390070922295],[103.81264367816092,36.619860071494145]]},"properties":{"from":"PHL","to":"CHN","n":14,"internal":false,"kind":"labour exploitation","labour":1,"sexual":0,"minor":0,"_k":"460"}},{"type":"Feature","geometry":{"type":"LineString","coordinates":[[29.867651515151508,-3.348030303030272],[35.435564029234044,38.98751827136936]]},"properties":{"from":"BDI","to":"TUR","n":14,"internal":false,"kind":"labour exploitation","labour":2,"sexual":0,"minor":5,"_k":"461"}},{"type":"Feature","geometry":{"type":"LineString","coordinates":[[-90.36942779291803,15.69158946412403],[31.25062821784535,49.15969486561811]]},"properties":{"from":"GTM","to":"UKR","n":14,"internal":false,"kind":"mixed","labour":0,"sexual":0,"minor":6,"_k":"462"}},{"type":"Feature","geometry":{"type":"LineString","coordinates":[[28.04028419182972,53.53018354055703],[-3.564693191192332,40.390322990037404]]},"properties":{"from":"BLR","to":"ESP","n":14,"internal":false,"kind":"sexual exploitation","labour":1,"sexual":2,"minor":1,"_k":"463"}},{"type":"Feature","geometry":{"type":"LineString","coordinates":[[32.36679363467085,1.2750126968004065],[-2.5118598832360344,53.94003336113461]]},"properties":{"from":"UGA","to":"GBR","n":14,"internal":false,"kind":"labour exploitation","labour":3,"sexual":0,"minor":0,"_k":"464"}},{"type":"Feature","geometry":{"type":"LineString","coordinates":[[20.06313725490263,41.14498599439933],[-3.5451743486347445,17.342714243290896]]},"properties":{"from":"ALB","to":"MLI","n":14,"internal":false,"kind":"sexual exploitation","labour":0,"sexual":2,"minor":6,"_k":"465"}},{"type":"Feature","geometry":{"type":"LineString","coordinates":[[-1.759814528593513,12.270832413336304],[-14.469085365853688,14.363556910569123]]},"properties":{"from":"BFA","to":"SEN","n":14,"internal":false,"kind":"mixed","labour":0,"sexual":0,"minor":9,"_k":"466"}},{"type":"Feature","geometry":{"type":"LineString","coordinates":[[67.28533620759436,48.15882317221261],[32.36679363467085,1.2750126968004065]]},"properties":{"from":"KAZ","to":"UGA","n":14,"internal":false,"kind":"mixed","labour":0,"sexual":0,"minor":0,"_k":"467"}},{"type":"Feature","geometry":{"type":"LineString","coordinates":[[29.93496098318132,15.981518572856197],[-99.15068807156243,39.52967493310974]]},"properties":{"from":"SDN","to":"USA","n":14,"internal":false,"kind":"mixed","labour":0,"sexual":0,"minor":2,"_k":"468"}},{"type":"Feature","geometry":{"type":"LineString","coordinates":[[80.70386384544673,7.614351425942975],[-65.15022561757499,-35.175010887711316]]},"properties":{"from":"LKA","to":"ARG","n":14,"internal":false,"kind":"mixed","labour":0,"sexual":0,"minor":0,"_k":"469"}},{"type":"Feature","geometry":{"type":"LineString","coordinates":[[74.54052211635376,41.46228212874759],[21.6760589318601,41.593124616329305]]},"properties":{"from":"KGZ","to":"MKD","n":14,"internal":false,"kind":"mixed","labour":0,"sexual":0,"minor":0,"_k":"470"}},{"type":"Feature","geometry":{"type":"LineString","coordinates":[[96.4943751272419,21.205002472151694],[-1.2240238704177318,7.961261722080135]]},"properties":{"from":"MMR","to":"GHA","n":14,"internal":false,"kind":"mixed","labour":0,"sexual":0,"minor":4,"_k":"471"}},{"type":"Feature","geometry":{"type":"LineString","coordinates":[[67.28533620759436,48.15882317221261],[99.0698642121238,61.66316880121902]]},"properties":{"from":"KAZ","to":"RUS","n":13,"internal":false,"kind":"mixed","labour":2,"sexual":2,"minor":0,"_k":"472"}},{"type":"Feature","geometry":{"type":"LineString","coordinates":[[-86.63354643935271,14.822820103001074],[-102.50809751599304,23.941580696597782]]},"properties":{"from":"HND","to":"MEX","n":13,"internal":false,"kind":"labour exploitation","labour":6,"sexual":4,"minor":0,"_k":"473"}},{"type":"Feature","geometry":{"type":"LineString","coordinates":[[-64.6843651095079,-16.708133036731713],[31.25062821784535,49.15969486561811]]},"properties":{"from":"BOL","to":"UKR","n":13,"internal":false,"kind":"labour exploitation","labour":3,"sexual":0,"minor":5,"_k":"474"}},{"type":"Feature","geometry":{"type":"LineString","coordinates":[[100.99889647721353,15.131083844580518],[16.73978625888801,62.82975884519814]]},"properties":{"from":"THA","to":"SWE","n":13,"internal":false,"kind":"mixed","labour":0,"sexual":0,"minor":0,"_k":"475"}},{"type":"Feature","geometry":{"type":"LineString","coordinates":[[-70.48172302737008,18.896296296294825],[35.435564029234044,38.98751827136936]]},"properties":{"from":"DOM","to":"TUR","n":13,"internal":false,"kind":"labour exploitation","labour":2,"sexual":0,"minor":1,"_k":"476"}},{"type":"Feature","geometry":{"type":"LineString","coordinates":[[67.28533620759436,48.15882317221261],[19.397113084377445,52.124826663422986]]},"properties":{"from":"KAZ","to":"POL","n":13,"internal":false,"kind":"labour exploitation","labour":3,"sexual":0,"minor":0,"_k":"477"}},{"type":"Feature","geometry":{"type":"LineString","coordinates":[[99.0698642121238,61.66316880121902],[12.159371652981111,43.51930263001275]]},"properties":{"from":"RUS","to":"ITA","n":13,"internal":false,"kind":"mixed","labour":0,"sexual":0,"minor":0,"_k":"478"}},{"type":"Feature","geometry":{"type":"LineString","coordinates":[[29.867651515151508,-3.348030303030272],[63.163427689140626,41.75163492880463]]},"properties":{"from":"BDI","to":"UZB","n":13,"internal":false,"kind":"labour exploitation","labour":1,"sexual":0,"minor":1,"_k":"479"}},{"type":"Feature","geometry":{"type":"LineString","coordinates":[[-73.08064382475897,3.906445453235302],[114.70422446406062,3.59975830180747]]},"properties":{"from":"COL","to":"MYS","n":13,"internal":false,"kind":"labour exploitation","labour":1,"sexual":0,"minor":0,"_k":"480"}},{"type":"Feature","geometry":{"type":"LineString","coordinates":[[24.9832298892535,45.850663259096045],[29.867651515151508,-3.348030303030272]]},"properties":{"from":"ROU","to":"BDI","n":13,"internal":false,"kind":"labour exploitation","labour":2,"sexual":0,"minor":0,"_k":"481"}},{"type":"Feature","geometry":{"type":"LineString","coordinates":[[-1.2240238704177318,7.961261722080135],[99.0698642121238,61.66316880121902]]},"properties":{"from":"GHA","to":"RUS","n":13,"internal":false,"kind":"sexual exploitation","labour":1,"sexual":2,"minor":3,"_k":"482"}},{"type":"Feature","geometry":{"type":"LineString","coordinates":[[20.78808712121224,44.222859848485236],[-102.50809751599304,23.941580696597782]]},"properties":{"from":"SRB","to":"MEX","n":13,"internal":false,"kind":"sexual exploitation","labour":0,"sexual":4,"minor":0,"_k":"483"}},{"type":"Feature","geometry":{"type":"LineString","coordinates":[[-1.759814528593513,12.270832413336304],[90.23205935882014,23.87796444071293]]},"properties":{"from":"BFA","to":"BGD","n":13,"internal":false,"kind":"labour exploitation","labour":2,"sexual":0,"minor":0,"_k":"484"}},{"type":"Feature","geometry":{"type":"LineString","coordinates":[[74.54052211635376,41.46228212874759],[28.45629251700725,47.2012755102054]]},"properties":{"from":"KGZ","to":"MDA","n":13,"internal":false,"kind":"mixed","labour":2,"sexual":2,"minor":0,"_k":"485"}},{"type":"Feature","geometry":{"type":"LineString","coordinates":[[106.29262653488702,16.66312668463577],[-1.2240238704177318,7.961261722080135]]},"properties":{"from":"VNM","to":"GHA","n":13,"internal":false,"kind":"sexual exploitation","labour":1,"sexual":3,"minor":0,"_k":"486"}},{"type":"Feature","geometry":{"type":"LineString","coordinates":[[66.01106583572992,33.83569297965267],[-65.15022561757499,-35.175010887711316]]},"properties":{"from":"AFG","to":"ARG","n":13,"internal":false,"kind":"labour exploitation","labour":6,"sexual":0,"minor":9,"_k":"487"}},{"type":"Feature","geometry":{"type":"LineString","coordinates":[[104.90152976388326,12.723001884491634],[16.73978625888801,62.82975884519814]]},"properties":{"from":"KHM","to":"SWE","n":13,"internal":false,"kind":"sexual exploitation","labour":1,"sexual":2,"minor":6,"_k":"488"}},{"type":"Feature","geometry":{"type":"LineString","coordinates":[[100.99889647721353,15.131083844580518],[9.36825590872045,56.22648736756337]]},"properties":{"from":"THA","to":"DNK","n":13,"internal":false,"kind":"sexual exploitation","labour":0,"sexual":6,"minor":0,"_k":"489"}},{"type":"Feature","geometry":{"type":"LineString","coordinates":[[28.45629251700725,47.2012755102054],[25.16763318375323,-29.011178230353238]]},"properties":{"from":"MDA","to":"ZAF","n":13,"internal":false,"kind":"mixed","labour":0,"sexual":0,"minor":0,"_k":"490"}},{"type":"Feature","geometry":{"type":"LineString","coordinates":[[24.9832298892535,45.850663259096045],[-7.98068283917332,39.68341419586642]]},"properties":{"from":"ROU","to":"PRT","n":13,"internal":false,"kind":"labour exploitation","labour":2,"sexual":0,"minor":2,"_k":"491"}},{"type":"Feature","geometry":{"type":"LineString","coordinates":[[99.0698642121238,61.66316880121902],[67.28533620759436,48.15882317221261]]},"properties":{"from":"RUS","to":"KAZ","n":13,"internal":false,"kind":"sexual exploitation","labour":0,"sexual":2,"minor":2,"_k":"492"}},{"type":"Feature","geometry":{"type":"LineString","coordinates":[[63.163427689140626,41.75163492880463],[25.16763318375323,-29.011178230353238]]},"properties":{"from":"UZB","to":"ZAF","n":13,"internal":false,"kind":"mixed","labour":0,"sexual":0,"minor":1,"_k":"493"}},{"type":"Feature","geometry":{"type":"LineString","coordinates":[[-99.15068807156243,39.52967493310974],[35.435564029234044,38.98751827136936]]},"properties":{"from":"USA","to":"TUR","n":13,"internal":false,"kind":"mixed","labour":0,"sexual":0,"minor":2,"_k":"494"}},{"type":"Feature","geometry":{"type":"LineString","coordinates":[[96.4943751272419,21.205002472151694],[9.548798947022076,34.111867939015156]]},"properties":{"from":"MMR","to":"TUN","n":13,"internal":false,"kind":"mixed","labour":0,"sexual":0,"minor":0,"_k":"495"}},{"type":"Feature","geometry":{"type":"LineString","coordinates":[[31.25062821784535,49.15969486561811],[32.36679363467085,1.2750126968004065]]},"properties":{"from":"UKR","to":"UGA","n":13,"internal":false,"kind":"mixed","labour":0,"sexual":0,"minor":2,"_k":"496"}},{"type":"Feature","geometry":{"type":"LineString","coordinates":[[20.06313725490263,41.14498599439933],[54.31670676289835,23.90518577920364]]},"properties":{"from":"ALB","to":"ARE","n":13,"internal":false,"kind":"sexual exploitation","labour":0,"sexual":5,"minor":0,"_k":"497"}},{"type":"Feature","geometry":{"type":"LineString","coordinates":[[-1.2240238704177318,7.961261722080135],[25.16763318375323,-29.011178230353238]]},"properties":{"from":"GHA","to":"ZAF","n":13,"internal":false,"kind":"labour exploitation","labour":3,"sexual":0,"minor":3,"_k":"498"}},{"type":"Feature","geometry":{"type":"LineString","coordinates":[[104.90152976388326,12.723001884491634],[47.584232804235775,29.305608465610284]]},"properties":{"from":"KHM","to":"KWT","n":13,"internal":false,"kind":"labour exploitation","labour":3,"sexual":1,"minor":0,"_k":"499"}},{"type":"Feature","geometry":{"type":"LineString","coordinates":[[104.90152976388326,12.723001884491634],[106.29262653488702,16.66312668463577]]},"properties":{"from":"KHM","to":"VNM","n":13,"internal":false,"kind":"sexual exploitation","labour":0,"sexual":2,"minor":1,"_k":"500"}},{"type":"Feature","geometry":{"type":"LineString","coordinates":[[28.45629251700725,47.2012755102054],[-102.3524834237017,57.93914584726518]]},"properties":{"from":"MDA","to":"CAN","n":13,"internal":false,"kind":"sexual exploitation","labour":1,"sexual":10,"minor":7,"_k":"501"}},{"type":"Feature","geometry":{"type":"LineString","coordinates":[[8.088479508743816,9.594095136385867],[21.6760589318601,41.593124616329305]]},"properties":{"from":"NGA","to":"MKD","n":13,"internal":false,"kind":"mixed","labour":0,"sexual":0,"minor":3,"_k":"502"}},{"type":"Feature","geometry":{"type":"LineString","coordinates":[[-11.781139601139621,8.566581196581197],[100.99889647721353,15.131083844580518]]},"properties":{"from":"SLE","to":"THA","n":13,"internal":false,"kind":"mixed","labour":2,"sexual":2,"minor":2,"_k":"503"}},{"type":"Feature","geometry":{"type":"LineString","coordinates":[[-88.87837301586958,13.742361111110638],[9.548798947022076,34.111867939015156]]},"properties":{"from":"SLV","to":"TUN","n":13,"internal":false,"kind":"sexual exploitation","labour":0,"sexual":1,"minor":1,"_k":"504"}},{"type":"Feature","geometry":{"type":"LineString","coordinates":[[114.02062133826777,-0.19466928769655426],[39.59780734834613,8.621718205653119]]},"properties":{"from":"IDN","to":"ETH","n":13,"internal":false,"kind":"mixed","labour":0,"sexual":0,"minor":1,"_k":"505"}},{"type":"Feature","geometry":{"type":"LineString","coordinates":[[-1.2240238704177318,7.961261722080135],[-102.50809751599304,23.941580696597782]]},"properties":{"from":"GHA","to":"MEX","n":13,"internal":false,"kind":"mixed","labour":0,"sexual":0,"minor":0,"_k":"506"}},{"type":"Feature","geometry":{"type":"LineString","coordinates":[[-10.942001987083952,10.436719655572134],[24.9832298892535,45.850663259096045]]},"properties":{"from":"GIN","to":"ROU","n":13,"internal":false,"kind":"mixed","labour":0,"sexual":0,"minor":0,"_k":"507"}},{"type":"Feature","geometry":{"type":"LineString","coordinates":[[-1.2240238704177318,7.961261722080135],[31.25062821784535,49.15969486561811]]},"properties":{"from":"GHA","to":"UKR","n":13,"internal":false,"kind":"sexual exploitation","labour":0,"sexual":3,"minor":1,"_k":"508"}},{"type":"Feature","geometry":{"type":"LineString","coordinates":[[39.59780734834613,8.621718205653119],[36.77003387128845,31.240426379756627]]},"properties":{"from":"ETH","to":"JOR","n":12,"internal":false,"kind":"labour exploitation","labour":2,"sexual":0,"minor":1,"_k":"509"}},{"type":"Feature","geometry":{"type":"LineString","coordinates":[[37.83247567037743,0.5458132045088652],[29.866659293666544,26.491557914915564]]},"properties":{"from":"KEN","to":"EGY","n":12,"internal":false,"kind":"labour exploitation","labour":4,"sexual":0,"minor":0,"_k":"510"}},{"type":"Feature","geometry":{"type":"LineString","coordinates":[[-5.570416190838727,7.621919807131076],[43.749838187702075,33.03551977267332]]},"properties":{"from":"CIV","to":"IRQ","n":12,"internal":false,"kind":"labour exploitation","labour":3,"sexual":0,"minor":0,"_k":"511"}},{"type":"Feature","geometry":{"type":"LineString","coordinates":[[-10.942001987083952,10.436719655572134],[28.45629251700725,47.2012755102054]]},"properties":{"from":"GIN","to":"MDA","n":12,"internal":false,"kind":"mixed","labour":0,"sexual":0,"minor":5,"_k":"512"}},{"type":"Feature","geometry":{"type":"LineString","coordinates":[[-90.36942779291803,15.69158946412403],[28.45629251700725,47.2012755102054]]},"properties":{"from":"GTM","to":"MDA","n":12,"internal":false,"kind":"labour exploitation","labour":1,"sexual":0,"minor":0,"_k":"513"}},{"type":"Feature","geometry":{"type":"LineString","coordinates":[[-99.15068807156243,39.52967493310974],[31.25062821784535,49.15969486561811]]},"properties":{"from":"USA","to":"UKR","n":12,"internal":false,"kind":"labour exploitation","labour":1,"sexual":0,"minor":2,"_k":"514"}},{"type":"Feature","geometry":{"type":"LineString","coordinates":[[24.9832298892535,45.850663259096045],[-2.5118598832360344,53.94003336113461]]},"properties":{"from":"ROU","to":"GBR","n":12,"internal":false,"kind":"labour exploitation","labour":3,"sexual":2,"minor":0,"_k":"515"}},{"type":"Feature","geometry":{"type":"LineString","coordinates":[[63.163427689140626,41.75163492880463],[137.96621280888957,36.65896549240351]]},"properties":{"from":"UZB","to":"JPN","n":12,"internal":false,"kind":"sexual exploitation","labour":0,"sexual":2,"minor":2,"_k":"516"}},{"type":"Feature","geometry":{"type":"LineString","coordinates":[[31.25062821784535,49.15969486561811],[114.70422446406062,3.59975830180747]]},"properties":{"from":"UKR","to":"MYS","n":12,"internal":false,"kind":"labour exploitation","labour":1,"sexual":0,"minor":0,"_k":"517"}},{"type":"Feature","geometry":{"type":"LineString","coordinates":[[106.29262653488702,16.66312668463577],[43.749838187702075,33.03551977267332]]},"properties":{"from":"VNM","to":"IRQ","n":12,"internal":false,"kind":"labour exploitation","labour":2,"sexual":0,"minor":1,"_k":"518"}},{"type":"Feature","geometry":{"type":"LineString","coordinates":[[8.088479508743816,9.594095136385867],[34.797471428881245,-6.275978574371658]]},"properties":{"from":"NGA","to":"TZA","n":12,"internal":false,"kind":"mixed","labour":0,"sexual":0,"minor":1,"_k":"519"}},{"type":"Feature","geometry":{"type":"LineString","coordinates":[[45.71869717852055,4.765362111558975],[100.99889647721353,15.131083844580518]]},"properties":{"from":"SOM","to":"THA","n":12,"internal":false,"kind":"sexual exploitation","labour":1,"sexual":2,"minor":2,"_k":"520"}},{"type":"Feature","geometry":{"type":"LineString","coordinates":[[24.9832298892535,45.850663259096045],[25.21336553945269,42.76359366613009]]},"properties":{"from":"ROU","to":"BGR","n":12,"internal":false,"kind":"sexual exploitation","labour":0,"sexual":3,"minor":1,"_k":"521"}},{"type":"Feature","geometry":{"type":"LineString","coordinates":[[31.25062821784535,49.15969486561811],[29.866659293666544,26.491557914915564]]},"properties":{"from":"UKR","to":"EGY","n":12,"internal":false,"kind":"sexual exploitation","labour":0,"sexual":2,"minor":0,"_k":"522"}},{"type":"Feature","geometry":{"type":"LineString","coordinates":[[99.0698642121238,61.66316880121902],[31.25062821784535,49.15969486561811]]},"properties":{"from":"RUS","to":"UKR","n":12,"internal":false,"kind":"sexual exploitation","labour":0,"sexual":3,"minor":0,"_k":"523"}},{"type":"Feature","geometry":{"type":"LineString","coordinates":[[20.78808712121224,44.222859848485236],[17.784189497717012,44.16866438356195]]},"properties":{"from":"SRB","to":"BIH","n":12,"internal":false,"kind":"labour exploitation","labour":2,"sexual":0,"minor":0,"_k":"524"}},{"type":"Feature","geometry":{"type":"LineString","coordinates":[[25.21336553945269,42.76359366613009],[104.90152976388326,12.723001884491634]]},"properties":{"from":"BGR","to":"KHM","n":12,"internal":false,"kind":"sexual exploitation","labour":0,"sexual":3,"minor":0,"_k":"525"}},{"type":"Feature","geometry":{"type":"LineString","coordinates":[[74.54052211635376,41.46228212874759],[25.16763318375323,-29.011178230353238]]},"properties":{"from":"KGZ","to":"ZAF","n":12,"internal":false,"kind":"sexual exploitation","labour":0,"sexual":4,"minor":1,"_k":"526"}},{"type":"Feature","geometry":{"type":"LineString","coordinates":[[63.163427689140626,41.75163492880463],[28.04028419182972,53.53018354055703]]},"properties":{"from":"UZB","to":"BLR","n":12,"internal":false,"kind":"mixed","labour":0,"sexual":0,"minor":1,"_k":"527"}},{"type":"Feature","geometry":{"type":"LineString","coordinates":[[19.397411587659793,47.16835214446921],[-3.564693191192332,40.390322990037404]]},"properties":{"from":"HUN","to":"ESP","n":12,"internal":false,"kind":"labour exploitation","labour":3,"sexual":1,"minor":0,"_k":"528"}},{"type":"Feature","geometry":{"type":"LineString","coordinates":[[20.78808712121224,44.222859848485236],[35.435564029234044,38.98751827136936]]},"properties":{"from":"SRB","to":"TUR","n":12,"internal":false,"kind":"sexual exploitation","labour":0,"sexual":2,"minor":5,"_k":"529"}},{"type":"Feature","geometry":{"type":"LineString","coordinates":[[39.59780734834613,8.621718205653119],[-14.469085365853688,14.363556910569123]]},"properties":{"from":"ETH","to":"SEN","n":12,"internal":false,"kind":"mixed","labour":0,"sexual":0,"minor":3,"_k":"530"}},{"type":"Feature","geometry":{"type":"LineString","coordinates":[[-72.665695067267,18.932436472347298],[28.45629251700725,47.2012755102054]]},"properties":{"from":"HTI","to":"MDA","n":12,"internal":false,"kind":"labour exploitation","labour":3,"sexual":0,"minor":4,"_k":"531"}},{"type":"Feature","geometry":{"type":"LineString","coordinates":[[103.81264367816092,36.619860071494145],[19.397113084377445,52.124826663422986]]},"properties":{"from":"CHN","to":"POL","n":12,"internal":false,"kind":"labour exploitation","labour":4,"sexual":0,"minor":0,"_k":"532"}},{"type":"Feature","geometry":{"type":"LineString","coordinates":[[39.59780734834613,8.621718205653119],[10.373256621004517,51.09626301369856]]},"properties":{"from":"ETH","to":"DEU","n":12,"internal":false,"kind":"sexual exploitation","labour":0,"sexual":4,"minor":1,"_k":"533"}},{"type":"Feature","geometry":{"type":"LineString","coordinates":[[59.37547869265088,39.112478318539196],[54.31670676289835,23.90518577920364]]},"properties":{"from":"TKM","to":"ARE","n":12,"internal":false,"kind":"mixed","labour":0,"sexual":0,"minor":3,"_k":"534"}},{"type":"Feature","geometry":{"type":"LineString","coordinates":[[96.4943751272419,21.205002472151694],[37.83247567037743,0.5458132045088652]]},"properties":{"from":"MMR","to":"KEN","n":12,"internal":false,"kind":"mixed","labour":0,"sexual":0,"minor":1,"_k":"535"}},{"type":"Feature","geometry":{"type":"LineString","coordinates":[[104.90152976388326,12.723001884491634],[8.088479508743816,9.594095136385867]]},"properties":{"from":"KHM","to":"NGA","n":12,"internal":false,"kind":"sexual exploitation","labour":0,"sexual":1,"minor":0,"_k":"536"}},{"type":"Feature","geometry":{"type":"LineString","coordinates":[[-102.50809751599304,23.941580696597782],[35.89410774411856,33.92558922559957]]},"properties":{"from":"MEX","to":"LBN","n":12,"internal":false,"kind":"mixed","labour":0,"sexual":0,"minor":0,"_k":"537"}},{"type":"Feature","geometry":{"type":"LineString","coordinates":[[37.83247567037743,0.5458132045088652],[28.45629251700725,47.2012755102054]]},"properties":{"from":"KEN","to":"MDA","n":12,"internal":false,"kind":"sexual exploitation","labour":1,"sexual":5,"minor":1,"_k":"538"}},{"type":"Feature","geometry":{"type":"LineString","coordinates":[[12.737180841697482,5.695699066737103],[-73.08064382475897,3.906445453235302]]},"properties":{"from":"CMR","to":"COL","n":12,"internal":false,"kind":"sexual exploitation","labour":0,"sexual":6,"minor":0,"_k":"539"}},{"type":"Feature","geometry":{"type":"LineString","coordinates":[[25.21336553945269,42.76359366613009],[-99.15068807156243,39.52967493310974]]},"properties":{"from":"BGR","to":"USA","n":12,"internal":false,"kind":"mixed","labour":0,"sexual":0,"minor":0,"_k":"540"}},{"type":"Feature","geometry":{"type":"LineString","coordinates":[[66.01106583572992,33.83569297965267],[104.90152976388326,12.723001884491634]]},"properties":{"from":"AFG","to":"KHM","n":12,"internal":false,"kind":"labour exploitation","labour":1,"sexual":0,"minor":1,"_k":"541"}},{"type":"Feature","geometry":{"type":"LineString","coordinates":[[19.397411587659793,47.16835214446921],[103.81264367816092,36.619860071494145]]},"properties":{"from":"HUN","to":"CHN","n":12,"internal":false,"kind":"labour exploitation","labour":1,"sexual":0,"minor":0,"_k":"542"}},{"type":"Feature","geometry":{"type":"LineString","coordinates":[[96.4943751272419,21.205002472151694],[114.17878787874693,22.42121212120512]]},"properties":{"from":"MMR","to":"HKG","n":12,"internal":false,"kind":"mixed","labour":0,"sexual":0,"minor":0,"_k":"543"}},{"type":"Feature","geometry":{"type":"LineString","coordinates":[[71.02002039429117,38.52857466576103],[-99.15068807156243,39.52967493310974]]},"properties":{"from":"TJK","to":"USA","n":12,"internal":false,"kind":"labour exploitation","labour":3,"sexual":0,"minor":3,"_k":"544"}},{"type":"Feature","geometry":{"type":"LineString","coordinates":[[31.25062821784535,49.15969486561811],[-5.570416190838727,7.621919807131076]]},"properties":{"from":"UKR","to":"CIV","n":12,"internal":false,"kind":"mixed","labour":1,"sexual":1,"minor":3,"_k":"545"}},{"type":"Feature","geometry":{"type":"LineString","coordinates":[[114.02062133826777,-0.19466928769655426],[29.93496098318132,15.981518572856197]]},"properties":{"from":"IDN","to":"SDN","n":12,"internal":false,"kind":"mixed","labour":0,"sexual":0,"minor":1,"_k":"546"}},{"type":"Feature","geometry":{"type":"LineString","coordinates":[[29.93496098318132,15.981518572856197],[28.04028419182972,53.53018354055703]]},"properties":{"from":"SDN","to":"BLR","n":12,"internal":false,"kind":"mixed","labour":0,"sexual":0,"minor":6,"_k":"547"}},{"type":"Feature","geometry":{"type":"LineString","coordinates":[[66.01106583572992,33.83569297965267],[37.83247567037743,0.5458132045088652]]},"properties":{"from":"AFG","to":"KEN","n":12,"internal":false,"kind":"mixed","labour":1,"sexual":1,"minor":6,"_k":"548"}},{"type":"Feature","geometry":{"type":"LineString","coordinates":[[20.06313725490263,41.14498599439933],[28.45629251700725,47.2012755102054]]},"properties":{"from":"ALB","to":"MDA","n":12,"internal":false,"kind":"sexual exploitation","labour":0,"sexual":4,"minor":1,"_k":"549"}},{"type":"Feature","geometry":{"type":"LineString","coordinates":[[28.45629251700725,47.2012755102054],[29.867651515151508,-3.348030303030272]]},"properties":{"from":"MDA","to":"BDI","n":12,"internal":false,"kind":"mixed","labour":0,"sexual":0,"minor":3,"_k":"550"}},{"type":"Feature","geometry":{"type":"LineString","coordinates":[[100.99889647721353,15.131083844580518],[106.29262653488702,16.66312668463577]]},"properties":{"from":"THA","to":"VNM","n":12,"internal":false,"kind":"sexual exploitation","labour":0,"sexual":1,"minor":3,"_k":"551"}},{"type":"Feature","geometry":{"type":"LineString","coordinates":[[63.163427689140626,41.75163492880463],[-102.50809751599304,23.941580696597782]]},"properties":{"from":"UZB","to":"MEX","n":12,"internal":false,"kind":"sexual exploitation","labour":0,"sexual":2,"minor":0,"_k":"552"}},{"type":"Feature","geometry":{"type":"LineString","coordinates":[[-1.2240238704177318,7.961261722080135],[20.06313725490263,41.14498599439933]]},"properties":{"from":"GHA","to":"ALB","n":12,"internal":false,"kind":"mixed","labour":0,"sexual":0,"minor":3,"_k":"553"}},{"type":"Feature","geometry":{"type":"LineString","coordinates":[[24.9832298892535,45.850663259096045],[-5.570416190838727,7.621919807131076]]},"properties":{"from":"ROU","to":"CIV","n":12,"internal":false,"kind":"sexual exploitation","labour":0,"sexual":1,"minor":2,"_k":"554"}},{"type":"Feature","geometry":{"type":"LineString","coordinates":[[23.638625091078172,-2.880533389516553],[-73.08064382475897,3.906445453235302]]},"properties":{"from":"COD","to":"COL","n":12,"internal":false,"kind":"sexual exploitation","labour":0,"sexual":1,"minor":0,"_k":"555"}},{"type":"Feature","geometry":{"type":"LineString","coordinates":[[31.25062821784535,49.15969486561811],[121.42730496453794,15.945390070922295]]},"properties":{"from":"UKR","to":"PHL","n":12,"internal":false,"kind":"mixed","labour":0,"sexual":0,"minor":0,"_k":"556"}},{"type":"Feature","geometry":{"type":"LineString","coordinates":[[-72.665695067267,18.932436472347298],[51.19086294416262,25.324534686971038]]},"properties":{"from":"HTI","to":"QAT","n":12,"internal":false,"kind":"labour exploitation","labour":2,"sexual":1,"minor":4,"_k":"557"}},{"type":"Feature","geometry":{"type":"LineString","coordinates":[[23.638625091078172,-2.880533389516553],[29.93496098318132,15.981518572856197]]},"properties":{"from":"COD","to":"SDN","n":12,"internal":false,"kind":"mixed","labour":0,"sexual":0,"minor":0,"_k":"558"}},{"type":"Feature","geometry":{"type":"LineString","coordinates":[[29.867651515151508,-3.348030303030272],[-73.08064382475897,3.906445453235302]]},"properties":{"from":"BDI","to":"COL","n":11,"internal":false,"kind":"mixed","labour":1,"sexual":1,"minor":0,"_k":"559"}},{"type":"Feature","geometry":{"type":"LineString","coordinates":[[90.23205935882014,23.87796444071293],[100.99889647721353,15.131083844580518]]},"properties":{"from":"BGD","to":"THA","n":11,"internal":false,"kind":"labour exploitation","labour":1,"sexual":0,"minor":1,"_k":"560"}},{"type":"Feature","geometry":{"type":"Point","coordinates":[96.4943751272419,21.205002472151694]},"properties":{"from":"MMR","to":"MMR","n":11,"internal":true,"kind":"mixed","labour":0,"sexual":0,"minor":1,"_k":"561"}},{"type":"Feature","geometry":{"type":"LineString","coordinates":[[100.99889647721353,15.131083844580518],[-73.08064382475897,3.906445453235302]]},"properties":{"from":"THA","to":"COL","n":11,"internal":false,"kind":"sexual exploitation","labour":1,"sexual":7,"minor":0,"_k":"562"}},{"type":"Feature","geometry":{"type":"LineString","coordinates":[[-64.6843651095079,-16.708133036731713],[-99.15068807156243,39.52967493310974]]},"properties":{"from":"BOL","to":"USA","n":11,"internal":false,"kind":"labour exploitation","labour":2,"sexual":1,"minor":1,"_k":"563"}},{"type":"Feature","geometry":{"type":"LineString","coordinates":[[80.70386384544673,7.614351425942975],[43.749838187702075,33.03551977267332]]},"properties":{"from":"LKA","to":"IRQ","n":11,"internal":false,"kind":"mixed","labour":0,"sexual":0,"minor":0,"_k":"564"}},{"type":"Feature","geometry":{"type":"LineString","coordinates":[[90.23205935882014,23.87796444071293],[99.0698642121238,61.66316880121902]]},"properties":{"from":"BGD","to":"RUS","n":11,"internal":false,"kind":"labour exploitation","labour":3,"sexual":0,"minor":1,"_k":"565"}},{"type":"Feature","geometry":{"type":"LineString","coordinates":[[-90.36942779291803,15.69158946412403],[19.397113084377445,52.124826663422986]]},"properties":{"from":"GTM","to":"POL","n":11,"internal":false,"kind":"labour exploitation","labour":4,"sexual":0,"minor":1,"_k":"566"}},{"type":"Feature","geometry":{"type":"LineString","coordinates":[[12.737180841697482,5.695699066737103],[-99.15068807156243,39.52967493310974]]},"properties":{"from":"CMR","to":"USA","n":11,"internal":false,"kind":"labour exploitation","labour":1,"sexual":0,"minor":2,"_k":"567"}},{"type":"Feature","geometry":{"type":"LineString","coordinates":[[-90.36942779291803,15.69158946412403],[54.31670676289835,23.90518577920364]]},"properties":{"from":"GTM","to":"ARE","n":11,"internal":false,"kind":"sexual exploitation","labour":0,"sexual":4,"minor":4,"_k":"568"}},{"type":"Feature","geometry":{"type":"LineString","coordinates":[[-86.63354643935271,14.822820103001074],[-73.08064382475897,3.906445453235302]]},"properties":{"from":"HND","to":"COL","n":11,"internal":false,"kind":"mixed","labour":0,"sexual":0,"minor":0,"_k":"569"}},{"type":"Feature","geometry":{"type":"LineString","coordinates":[[29.867651515151508,-3.348030303030272],[32.36679363467085,1.2750126968004065]]},"properties":{"from":"BDI","to":"UGA","n":11,"internal":false,"kind":"labour exploitation","labour":1,"sexual":0,"minor":6,"_k":"570"}},{"type":"Feature","geometry":{"type":"LineString","coordinates":[[121.42730496453794,15.945390070922295],[19.397113084377445,52.124826663422986]]},"properties":{"from":"PHL","to":"POL","n":11,"internal":false,"kind":"mixed","labour":0,"sexual":0,"minor":0,"_k":"571"}},{"type":"Feature","geometry":{"type":"LineString","coordinates":[[-11.781139601139621,8.566581196581197],[9.385737466057346,17.42154116166629]]},"properties":{"from":"SLE","to":"NER","n":11,"internal":false,"kind":"sexual exploitation","labour":0,"sexual":2,"minor":0,"_k":"572"}},{"type":"Feature","geometry":{"type":"LineString","coordinates":[[71.02002039429117,38.52857466576103],[-1.2240238704177318,7.961261722080135]]},"properties":{"from":"TJK","to":"GHA","n":11,"internal":false,"kind":"sexual exploitation","labour":2,"sexual":4,"minor":0,"_k":"573"}},{"type":"Feature","geometry":{"type":"LineString","coordinates":[[32.36679363467085,1.2750126968004065],[36.77003387128845,31.240426379756627]]},"properties":{"from":"UGA","to":"JOR","n":11,"internal":false,"kind":"mixed","labour":0,"sexual":0,"minor":0,"_k":"574"}},{"type":"Feature","geometry":{"type":"LineString","coordinates":[[45.71869717852055,4.765362111558975],[32.36679363467085,1.2750126968004065]]},"properties":{"from":"SOM","to":"UGA","n":11,"internal":false,"kind":"mixed","labour":0,"sexual":0,"minor":1,"_k":"575"}},{"type":"Feature","geometry":{"type":"LineString","coordinates":[[59.37547869265088,39.112478318539196],[31.25062821784535,49.15969486561811]]},"properties":{"from":"TKM","to":"UKR","n":11,"internal":false,"kind":"labour exploitation","labour":1,"sexual":0,"minor":2,"_k":"576"}},{"type":"Feature","geometry":{"type":"LineString","coordinates":[[9.385737466057346,17.42154116166629],[114.70422446406062,3.59975830180747]]},"properties":{"from":"NER","to":"MYS","n":11,"internal":false,"kind":"mixed","labour":0,"sexual":0,"minor":0,"_k":"577"}},{"type":"Feature","geometry":{"type":"LineString","coordinates":[[8.088479508743816,9.594095136385867],[-72.665695067267,18.932436472347298]]},"properties":{"from":"NGA","to":"HTI","n":11,"internal":false,"kind":"mixed","labour":0,"sexual":0,"minor":1,"_k":"578"}},{"type":"Feature","geometry":{"type":"LineString","coordinates":[[106.29262653488702,16.66312668463577],[22.562857999700014,39.462753036437284]]},"properties":{"from":"VNM","to":"GRC","n":11,"internal":false,"kind":"sexual exploitation","labour":0,"sexual":1,"minor":0,"_k":"579"}},{"type":"Feature","geometry":{"type":"LineString","coordinates":[[106.29262653488702,16.66312668463577],[19.397113084377445,52.124826663422986]]},"properties":{"from":"VNM","to":"POL","n":11,"internal":false,"kind":"labour exploitation","labour":4,"sexual":2,"minor":0,"_k":"580"}},{"type":"Feature","geometry":{"type":"LineString","coordinates":[[-5.570416190838727,7.621919807131076],[-65.15022561757499,-35.175010887711316]]},"properties":{"from":"CIV","to":"ARG","n":11,"internal":false,"kind":"mixed","labour":0,"sexual":0,"minor":0,"_k":"581"}},{"type":"Feature","geometry":{"type":"LineString","coordinates":[[-73.08064382475897,3.906445453235302],[28.04028419182972,53.53018354055703]]},"properties":{"from":"COL","to":"BLR","n":11,"internal":false,"kind":"sexual exploitation","labour":0,"sexual":3,"minor":5,"_k":"582"}},{"type":"Feature","geometry":{"type":"LineString","coordinates":[[-73.08064382475897,3.906445453235302],[8.088479508743816,9.594095136385867]]},"properties":{"from":"COL","to":"NGA","n":11,"internal":false,"kind":"mixed","labour":0,"sexual":0,"minor":0,"_k":"583"}},{"type":"Feature","geometry":{"type":"LineString","coordinates":[[127.86513146285003,36.459678842418775],[35.435564029234044,38.98751827136936]]},"properties":{"from":"KOR","to":"TUR","n":11,"internal":false,"kind":"labour exploitation","labour":4,"sexual":1,"minor":1,"_k":"584"}},{"type":"Feature","geometry":{"type":"LineString","coordinates":[[121.42730496453794,15.945390070922295],[17.784189497717012,44.16866438356195]]},"properties":{"from":"PHL","to":"BIH","n":11,"internal":false,"kind":"labour exploitation","labour":1,"sexual":0,"minor":3,"_k":"585"}},{"type":"Feature","geometry":{"type":"LineString","coordinates":[[106.29262653488702,16.66312668463577],[44.53810637965998,24.123203283419123]]},"properties":{"from":"VNM","to":"SAU","n":11,"internal":false,"kind":"mixed","labour":0,"sexual":0,"minor":4,"_k":"586"}},{"type":"Feature","geometry":{"type":"LineString","coordinates":[[66.01106583572992,33.83569297965267],[44.53810637965998,24.123203283419123]]},"properties":{"from":"AFG","to":"SAU","n":11,"internal":false,"kind":"labour exploitation","labour":3,"sexual":0,"minor":3,"_k":"587"}},{"type":"Feature","geometry":{"type":"LineString","coordinates":[[121.42730496453794,15.945390070922295],[20.06313725490263,41.14498599439933]]},"properties":{"from":"PHL","to":"ALB","n":11,"internal":false,"kind":"mixed","labour":0,"sexual":0,"minor":0,"_k":"588"}},{"type":"Feature","geometry":{"type":"LineString","coordinates":[[96.4943751272419,21.205002472151694],[17.784189497717012,44.16866438356195]]},"properties":{"from":"MMR","to":"BIH","n":11,"internal":false,"kind":"labour exploitation","labour":1,"sexual":0,"minor":3,"_k":"589"}},{"type":"Feature","geometry":{"type":"LineString","coordinates":[[20.78808712121224,44.222859848485236],[-65.15022561757499,-35.175010887711316]]},"properties":{"from":"SRB","to":"ARG","n":11,"internal":false,"kind":"labour exploitation","labour":6,"sexual":0,"minor":0,"_k":"590"}},{"type":"Feature","geometry":{"type":"LineString","coordinates":[[96.4943751272419,21.205002472151694],[106.29262653488702,16.66312668463577]]},"properties":{"from":"MMR","to":"VNM","n":11,"internal":false,"kind":"labour exploitation","labour":2,"sexual":1,"minor":3,"_k":"591"}},{"type":"Feature","geometry":{"type":"LineString","coordinates":[[121.42730496453794,15.945390070922295],[-102.3524834237017,57.93914584726518]]},"properties":{"from":"PHL","to":"CAN","n":11,"internal":false,"kind":"mixed","labour":0,"sexual":0,"minor":1,"_k":"592"}},{"type":"Feature","geometry":{"type":"LineString","coordinates":[[99.0698642121238,61.66316880121902],[25.16763318375323,-29.011178230353238]]},"properties":{"from":"RUS","to":"ZAF","n":11,"internal":false,"kind":"sexual exploitation","labour":0,"sexual":1,"minor":0,"_k":"593"}},{"type":"Feature","geometry":{"type":"LineString","coordinates":[[29.93496098318132,15.981518572856197],[106.29262653488702,16.66312668463577]]},"properties":{"from":"SDN","to":"VNM","n":11,"internal":false,"kind":"mixed","labour":0,"sexual":0,"minor":2,"_k":"594"}},{"type":"Feature","geometry":{"type":"LineString","coordinates":[[8.088479508743816,9.594095136385867],[-2.5118598832360344,53.94003336113461]]},"properties":{"from":"NGA","to":"GBR","n":11,"internal":false,"kind":"sexual exploitation","labour":1,"sexual":5,"minor":1,"_k":"595"}},{"type":"Feature","geometry":{"type":"LineString","coordinates":[[25.21336553945269,42.76359366613009],[35.89410774411856,33.92558922559957]]},"properties":{"from":"BGR","to":"LBN","n":11,"internal":false,"kind":"labour exploitation","labour":3,"sexual":1,"minor":0,"_k":"596"}},{"type":"Feature","geometry":{"type":"LineString","coordinates":[[106.29262653488702,16.66312668463577],[56.08500217539864,20.567543041829605]]},"properties":{"from":"VNM","to":"OMN","n":11,"internal":false,"kind":"labour exploitation","labour":3,"sexual":0,"minor":0,"_k":"597"}},{"type":"Feature","geometry":{"type":"LineString","coordinates":[[63.163427689140626,41.75163492880463],[-65.15022561757499,-35.175010887711316]]},"properties":{"from":"UZB","to":"ARG","n":11,"internal":false,"kind":"sexual exploitation","labour":2,"sexual":3,"minor":0,"_k":"598"}},{"type":"Feature","geometry":{"type":"LineString","coordinates":[[25.21336553945269,42.76359366613009],[100.99889647721353,15.131083844580518]]},"properties":{"from":"BGR","to":"THA","n":11,"internal":false,"kind":"mixed","labour":0,"sexual":0,"minor":2,"_k":"599"}},{"type":"Feature","geometry":{"type":"LineString","coordinates":[[114.02062133826777,-0.19466928769655426],[106.29262653488702,16.66312668463577]]},"properties":{"from":"IDN","to":"VNM","n":11,"internal":false,"kind":"sexual exploitation","labour":0,"sexual":3,"minor":2,"_k":"600"}},{"type":"Feature","geometry":{"type":"LineString","coordinates":[[32.36679363467085,1.2750126968004065],[54.31670676289835,23.90518577920364]]},"properties":{"from":"UGA","to":"ARE","n":11,"internal":false,"kind":"labour exploitation","labour":1,"sexual":0,"minor":0,"_k":"601"}},{"type":"Feature","geometry":{"type":"LineString","coordinates":[[-73.08064382475897,3.906445453235302],[24.9832298892535,45.850663259096045]]},"properties":{"from":"COL","to":"ROU","n":11,"internal":false,"kind":"sexual exploitation","labour":1,"sexual":2,"minor":0,"_k":"602"}},{"type":"Feature","geometry":{"type":"LineString","coordinates":[[66.01106583572992,33.83569297965267],[28.04028419182972,53.53018354055703]]},"properties":{"from":"AFG","to":"BLR","n":11,"internal":false,"kind":"mixed","labour":0,"sexual":0,"minor":5,"_k":"603"}},{"type":"Feature","geometry":{"type":"LineString","coordinates":[[-1.2240238704177318,7.961261722080135],[-3.564693191192332,40.390322990037404]]},"properties":{"from":"GHA","to":"ESP","n":11,"internal":false,"kind":"mixed","labour":0,"sexual":0,"minor":1,"_k":"604"}},{"type":"Feature","geometry":{"type":"LineString","coordinates":[[23.638625091078172,-2.880533389516553],[9.548798947022076,34.111867939015156]]},"properties":{"from":"COD","to":"TUN","n":11,"internal":false,"kind":"mixed","labour":0,"sexual":0,"minor":1,"_k":"605"}},{"type":"Feature","geometry":{"type":"LineString","coordinates":[[66.01106583572992,33.83569297965267],[10.373256621004517,51.09626301369856]]},"properties":{"from":"AFG","to":"DEU","n":11,"internal":false,"kind":"mixed","labour":0,"sexual":0,"minor":0,"_k":"606"}},{"type":"Feature","geometry":{"type":"LineString","coordinates":[[29.867651515151508,-3.348030303030272],[-102.50809751599304,23.941580696597782]]},"properties":{"from":"BDI","to":"MEX","n":11,"internal":false,"kind":"mixed","labour":0,"sexual":0,"minor":0,"_k":"607"}},{"type":"Feature","geometry":{"type":"LineString","coordinates":[[25.21336553945269,42.76359366613009],[17.784189497717012,44.16866438356195]]},"properties":{"from":"BGR","to":"BIH","n":11,"internal":false,"kind":"labour exploitation","labour":1,"sexual":0,"minor":3,"_k":"608"}},{"type":"Feature","geometry":{"type":"LineString","coordinates":[[-73.08064382475897,3.906445453235302],[20.06313725490263,41.14498599439933]]},"properties":{"from":"COL","to":"ALB","n":11,"internal":false,"kind":"sexual exploitation","labour":1,"sexual":4,"minor":2,"_k":"609"}},{"type":"Feature","geometry":{"type":"LineString","coordinates":[[37.83247567037743,0.5458132045088652],[79.58201036306701,22.91399793698191]]},"properties":{"from":"KEN","to":"IND","n":11,"internal":false,"kind":"labour exploitation","labour":3,"sexual":0,"minor":0,"_k":"610"}},{"type":"Feature","geometry":{"type":"LineString","coordinates":[[121.42730496453794,15.945390070922295],[5.6503386809269225,52.28581105169354]]},"properties":{"from":"PHL","to":"NLD","n":11,"internal":false,"kind":"labour exploitation","labour":2,"sexual":0,"minor":2,"_k":"611"}},{"type":"Feature","geometry":{"type":"LineString","coordinates":[[29.93496098318132,15.981518572856197],[121.42730496453794,15.945390070922295]]},"properties":{"from":"SDN","to":"PHL","n":11,"internal":false,"kind":"sexual exploitation","labour":0,"sexual":2,"minor":0,"_k":"612"}},{"type":"Feature","geometry":{"type":"LineString","coordinates":[[66.01106583572992,33.83569297965267],[25.21336553945269,42.76359366613009]]},"properties":{"from":"AFG","to":"BGR","n":11,"internal":false,"kind":"sexual exploitation","labour":1,"sexual":2,"minor":2,"_k":"613"}},{"type":"Feature","geometry":{"type":"LineString","coordinates":[[39.59780734834613,8.621718205653119],[104.90152976388326,12.723001884491634]]},"properties":{"from":"ETH","to":"KHM","n":11,"internal":false,"kind":"mixed","labour":0,"sexual":0,"minor":5,"_k":"614"}},{"type":"Feature","geometry":{"type":"LineString","coordinates":[[12.737180841697482,5.695699066737103],[-14.469085365853688,14.363556910569123]]},"properties":{"from":"CMR","to":"SEN","n":11,"internal":false,"kind":"mixed","labour":0,"sexual":0,"minor":5,"_k":"615"}},{"type":"Feature","geometry":{"type":"LineString","coordinates":[[66.01106583572992,33.83569297965267],[114.70422446406062,3.59975830180747]]},"properties":{"from":"AFG","to":"MYS","n":11,"internal":false,"kind":"mixed","labour":0,"sexual":0,"minor":0,"_k":"616"}},{"type":"Feature","geometry":{"type":"LineString","coordinates":[[114.02062133826777,-0.19466928769655426],[32.36679363467085,1.2750126968004065]]},"properties":{"from":"IDN","to":"UGA","n":11,"internal":false,"kind":"sexual exploitation","labour":0,"sexual":1,"minor":1,"_k":"617"}},{"type":"Feature","geometry":{"type":"LineString","coordinates":[[28.45629251700725,47.2012755102054],[96.4943751272419,21.205002472151694]]},"properties":{"from":"MDA","to":"MMR","n":11,"internal":false,"kind":"mixed","labour":0,"sexual":0,"minor":3,"_k":"618"}},{"type":"Feature","geometry":{"type":"LineString","coordinates":[[37.83247567037743,0.5458132045088652],[36.77003387128845,31.240426379756627]]},"properties":{"from":"KEN","to":"JOR","n":10,"internal":false,"kind":"sexual exploitation","labour":0,"sexual":5,"minor":0,"_k":"619"}},{"type":"Feature","geometry":{"type":"LineString","coordinates":[[25.21336553945269,42.76359366613009],[99.0698642121238,61.66316880121902]]},"properties":{"from":"BGR","to":"RUS","n":10,"internal":false,"kind":"labour exploitation","labour":1,"sexual":0,"minor":0,"_k":"620"}},{"type":"Feature","geometry":{"type":"LineString","coordinates":[[12.737180841697482,5.695699066737103],[22.562857999700014,39.462753036437284]]},"properties":{"from":"CMR","to":"GRC","n":10,"internal":false,"kind":"sexual exploitation","labour":0,"sexual":3,"minor":1,"_k":"621"}},{"type":"Feature","geometry":{"type":"LineString","coordinates":[[37.83247567037743,0.5458132045088652],[35.435564029234044,38.98751827136936]]},"properties":{"from":"KEN","to":"TUR","n":10,"internal":false,"kind":"mixed","labour":0,"sexual":0,"minor":0,"_k":"622"}},{"type":"Feature","geometry":{"type":"LineString","coordinates":[[100.99889647721353,15.131083844580518],[24.9832298892535,45.850663259096045]]},"properties":{"from":"THA","to":"ROU","n":10,"internal":false,"kind":"labour exploitation","labour":2,"sexual":1,"minor":0,"_k":"623"}},{"type":"Feature","geometry":{"type":"LineString","coordinates":[[79.58201036306701,22.91399793698191],[44.53810637965998,24.123203283419123]]},"properties":{"from":"IND","to":"SAU","n":10,"internal":false,"kind":"labour exploitation","labour":3,"sexual":0,"minor":2,"_k":"624"}},{"type":"Feature","geometry":{"type":"LineString","coordinates":[[-14.469085365853688,14.363556910569123],[103.81264367816092,36.619860071494145]]},"properties":{"from":"SEN","to":"CHN","n":10,"internal":false,"kind":"labour exploitation","labour":1,"sexual":0,"minor":1,"_k":"625"}},{"type":"Feature","geometry":{"type":"LineString","coordinates":[[114.02062133826777,-0.19466928769655426],[79.58201036306701,22.91399793698191]]},"properties":{"from":"IDN","to":"IND","n":10,"internal":false,"kind":"mixed","labour":0,"sexual":0,"minor":0,"_k":"626"}},{"type":"Feature","geometry":{"type":"LineString","coordinates":[[29.93496098318132,15.981518572856197],[12.159371652981111,43.51930263001275]]},"properties":{"from":"SDN","to":"ITA","n":10,"internal":false,"kind":"mixed","labour":0,"sexual":0,"minor":0,"_k":"627"}},{"type":"Feature","geometry":{"type":"LineString","coordinates":[[71.02002039429117,38.52857466576103],[35.89410774411856,33.92558922559957]]},"properties":{"from":"TJK","to":"LBN","n":10,"internal":false,"kind":"labour exploitation","labour":1,"sexual":0,"minor":0,"_k":"628"}},{"type":"Feature","geometry":{"type":"LineString","coordinates":[[67.28533620759436,48.15882317221261],[54.31670676289835,23.90518577920364]]},"properties":{"from":"KAZ","to":"ARE","n":10,"internal":false,"kind":"sexual exploitation","labour":0,"sexual":4,"minor":0,"_k":"629"}},{"type":"Feature","geometry":{"type":"LineString","coordinates":[[71.02002039429117,38.52857466576103],[44.53810637965998,24.123203283419123]]},"properties":{"from":"TJK","to":"SAU","n":10,"internal":false,"kind":"sexual exploitation","labour":0,"sexual":1,"minor":1,"_k":"630"}},{"type":"Feature","geometry":{"type":"LineString","coordinates":[[8.088479508743816,9.594095136385867],[28.04028419182972,53.53018354055703]]},"properties":{"from":"NGA","to":"BLR","n":10,"internal":false,"kind":"sexual exploitation","labour":0,"sexual":1,"minor":2,"_k":"631"}},{"type":"Feature","geometry":{"type":"LineString","coordinates":[[24.9832298892535,45.850663259096045],[114.02062133826777,-0.19466928769655426]]},"properties":{"from":"ROU","to":"IDN","n":10,"internal":false,"kind":"sexual exploitation","labour":0,"sexual":1,"minor":0,"_k":"632"}},{"type":"Feature","geometry":{"type":"LineString","coordinates":[[45.71869717852055,4.765362111558975],[28.45629251700725,47.2012755102054]]},"properties":{"from":"SOM","to":"MDA","n":10,"internal":false,"kind":"labour exploitation","labour":1,"sexual":0,"minor":0,"_k":"633"}},{"type":"Feature","geometry":{"type":"LineString","coordinates":[[31.25062821784535,49.15969486561811],[-2.5118598832360344,53.94003336113461]]},"properties":{"from":"UKR","to":"GBR","n":10,"internal":false,"kind":"labour exploitation","labour":1,"sexual":0,"minor":0,"_k":"634"}},{"type":"Feature","geometry":{"type":"LineString","coordinates":[[96.4943751272419,21.205002472151694],[19.397113084377445,52.124826663422986]]},"properties":{"from":"MMR","to":"POL","n":10,"internal":false,"kind":"labour exploitation","labour":1,"sexual":0,"minor":0,"_k":"635"}},{"type":"Feature","geometry":{"type":"LineString","coordinates":[[114.02062133826777,-0.19466928769655426],[35.89410774411856,33.92558922559957]]},"properties":{"from":"IDN","to":"LBN","n":10,"internal":false,"kind":"labour exploitation","labour":1,"sexual":0,"minor":0,"_k":"636"}},{"type":"Feature","geometry":{"type":"LineString","coordinates":[[-1.2240238704177318,7.961261722080135],[114.17878787874693,22.42121212120512]]},"properties":{"from":"GHA","to":"HKG","n":10,"internal":false,"kind":"labour exploitation","labour":1,"sexual":0,"minor":0,"_k":"637"}},{"type":"Feature","geometry":{"type":"LineString","coordinates":[[96.4943751272419,21.205002472151694],[114.70422446406062,3.59975830180747]]},"properties":{"from":"MMR","to":"MYS","n":10,"internal":false,"kind":"mixed","labour":0,"sexual":0,"minor":0,"_k":"638"}},{"type":"Feature","geometry":{"type":"LineString","coordinates":[[-73.08064382475897,3.906445453235302],[104.90152976388326,12.723001884491634]]},"properties":{"from":"COL","to":"KHM","n":10,"internal":false,"kind":"mixed","labour":0,"sexual":0,"minor":3,"_k":"639"}},{"type":"Feature","geometry":{"type":"LineString","coordinates":[[-1.2240238704177318,7.961261722080135],[8.088479508743816,9.594095136385867]]},"properties":{"from":"GHA","to":"NGA","n":10,"internal":false,"kind":"mixed","labour":2,"sexual":2,"minor":2,"_k":"640"}},{"type":"Feature","geometry":{"type":"LineString","coordinates":[[-72.665695067267,18.932436472347298],[8.088479508743816,9.594095136385867]]},"properties":{"from":"HTI","to":"NGA","n":10,"internal":false,"kind":"labour exploitation","labour":1,"sexual":0,"minor":4,"_k":"641"}},{"type":"Feature","geometry":{"type":"LineString","coordinates":[[37.83247567037743,0.5458132045088652],[-1.2240238704177318,7.961261722080135]]},"properties":{"from":"KEN","to":"GHA","n":10,"internal":false,"kind":"sexual exploitation","labour":0,"sexual":4,"minor":0,"_k":"642"}},{"type":"Feature","geometry":{"type":"LineString","coordinates":[[121.42730496453794,15.945390070922295],[9.36825590872045,56.22648736756337]]},"properties":{"from":"PHL","to":"DNK","n":10,"internal":false,"kind":"sexual exploitation","labour":0,"sexual":1,"minor":0,"_k":"643"}},{"type":"Feature","geometry":{"type":"LineString","coordinates":[[99.0698642121238,61.66316880121902],[20.78808712121224,44.222859848485236]]},"properties":{"from":"RUS","to":"SRB","n":10,"internal":false,"kind":"sexual exploitation","labour":0,"sexual":6,"minor":0,"_k":"644"}},{"type":"Feature","geometry":{"type":"LineString","coordinates":[[99.0698642121238,61.66316880121902],[19.397113084377445,52.124826663422986]]},"properties":{"from":"RUS","to":"POL","n":10,"internal":false,"kind":"mixed","labour":0,"sexual":0,"minor":0,"_k":"645"}},{"type":"Feature","geometry":{"type":"LineString","coordinates":[[106.29262653488702,16.66312668463577],[35.89410774411856,33.92558922559957]]},"properties":{"from":"VNM","to":"LBN","n":10,"internal":false,"kind":"labour exploitation","labour":1,"sexual":0,"minor":0,"_k":"646"}},{"type":"Feature","geometry":{"type":"LineString","coordinates":[[114.02062133826777,-0.19466928769655426],[28.04028419182972,53.53018354055703]]},"properties":{"from":"IDN","to":"BLR","n":10,"internal":false,"kind":"labour exploitation","labour":2,"sexual":0,"minor":0,"_k":"647"}},{"type":"Feature","geometry":{"type":"LineString","coordinates":[[59.37547869265088,39.112478318539196],[-99.15068807156243,39.52967493310974]]},"properties":{"from":"TKM","to":"USA","n":10,"internal":false,"kind":"sexual exploitation","labour":0,"sexual":2,"minor":2,"_k":"648"}},{"type":"Feature","geometry":{"type":"LineString","coordinates":[[104.90152976388326,12.723001884491634],[36.77003387128845,31.240426379756627]]},"properties":{"from":"KHM","to":"JOR","n":10,"internal":false,"kind":"sexual exploitation","labour":1,"sexual":2,"minor":3,"_k":"649"}},{"type":"Feature","geometry":{"type":"LineString","coordinates":[[-1.2240238704177318,7.961261722080135],[103.81264367816092,36.619860071494145]]},"properties":{"from":"GHA","to":"CHN","n":10,"internal":false,"kind":"sexual exploitation","labour":1,"sexual":2,"minor":2,"_k":"650"}},{"type":"Feature","geometry":{"type":"LineString","coordinates":[[103.81264367816092,36.619860071494145],[-102.50809751599304,23.941580696597782]]},"properties":{"from":"CHN","to":"MEX","n":10,"internal":false,"kind":"mixed","labour":0,"sexual":0,"minor":0,"_k":"651"}},{"type":"Feature","geometry":{"type":"LineString","coordinates":[[28.45629251700725,47.2012755102054],[28.04028419182972,53.53018354055703]]},"properties":{"from":"MDA","to":"BLR","n":10,"internal":false,"kind":"mixed","labour":0,"sexual":0,"minor":0,"_k":"652"}},{"type":"Feature","geometry":{"type":"LineString","coordinates":[[29.93496098318132,15.981518572856197],[-8.39442734733289,29.842976104272296]]},"properties":{"from":"SDN","to":"MAR","n":10,"internal":false,"kind":"mixed","labour":0,"sexual":0,"minor":0,"_k":"653"}},{"type":"Feature","geometry":{"type":"LineString","coordinates":[[-5.570416190838727,7.621919807131076],[35.89410774411856,33.92558922559957]]},"properties":{"from":"CIV","to":"LBN","n":10,"internal":false,"kind":"sexual exploitation","labour":0,"sexual":1,"minor":0,"_k":"654"}},{"type":"Feature","geometry":{"type":"LineString","coordinates":[[29.867651515151508,-3.348030303030272],[104.90152976388326,12.723001884491634]]},"properties":{"from":"BDI","to":"KHM","n":10,"internal":false,"kind":"sexual exploitation","labour":0,"sexual":2,"minor":3,"_k":"655"}},{"type":"Feature","geometry":{"type":"LineString","coordinates":[[-14.469085365853688,14.363556910569123],[-99.15068807156243,39.52967493310974]]},"properties":{"from":"SEN","to":"USA","n":10,"internal":false,"kind":"mixed","labour":0,"sexual":0,"minor":0,"_k":"656"}},{"type":"Feature","geometry":{"type":"LineString","coordinates":[[-1.2240238704177318,7.961261722080135],[-14.469085365853688,14.363556910569123]]},"properties":{"from":"GHA","to":"SEN","n":10,"internal":false,"kind":"mixed","labour":0,"sexual":0,"minor":0,"_k":"657"}},{"type":"Feature","geometry":{"type":"LineString","coordinates":[[-5.570416190838727,7.621919807131076],[19.397113084377445,52.124826663422986]]},"properties":{"from":"CIV","to":"POL","n":10,"internal":false,"kind":"mixed","labour":0,"sexual":0,"minor":0,"_k":"658"}},{"type":"Feature","geometry":{"type":"LineString","coordinates":[[12.737180841697482,5.695699066737103],[16.73978625888801,62.82975884519814]]},"properties":{"from":"CMR","to":"SWE","n":10,"internal":false,"kind":"mixed","labour":0,"sexual":0,"minor":2,"_k":"659"}},{"type":"Feature","geometry":{"type":"LineString","coordinates":[[-1.2240238704177318,7.961261722080135],[16.73978625888801,62.82975884519814]]},"properties":{"from":"GHA","to":"SWE","n":10,"internal":false,"kind":"mixed","labour":1,"sexual":1,"minor":1,"_k":"660"}},{"type":"Feature","geometry":{"type":"LineString","coordinates":[[28.45629251700725,47.2012755102054],[104.90152976388326,12.723001884491634]]},"properties":{"from":"MDA","to":"KHM","n":10,"internal":false,"kind":"mixed","labour":0,"sexual":0,"minor":0,"_k":"661"}},{"type":"Feature","geometry":{"type":"LineString","coordinates":[[8.088479508743816,9.594095136385867],[137.96621280888957,36.65896549240351]]},"properties":{"from":"NGA","to":"JPN","n":10,"internal":false,"kind":"mixed","labour":0,"sexual":0,"minor":4,"_k":"662"}},{"type":"Feature","geometry":{"type":"LineString","coordinates":[[-14.469085365853688,14.363556910569123],[-3.564693191192332,40.390322990037404]]},"properties":{"from":"SEN","to":"ESP","n":10,"internal":false,"kind":"sexual exploitation","labour":0,"sexual":1,"minor":1,"_k":"663"}},{"type":"Feature","geometry":{"type":"LineString","coordinates":[[-11.781139601139621,8.566581196581197],[32.36679363467085,1.2750126968004065]]},"properties":{"from":"SLE","to":"UGA","n":10,"internal":false,"kind":"mixed","labour":2,"sexual":2,"minor":3,"_k":"664"}},{"type":"Feature","geometry":{"type":"LineString","coordinates":[[71.02002039429117,38.52857466576103],[100.99889647721353,15.131083844580518]]},"properties":{"from":"TJK","to":"THA","n":10,"internal":false,"kind":"sexual exploitation","labour":2,"sexual":4,"minor":0,"_k":"665"}},{"type":"Feature","geometry":{"type":"LineString","coordinates":[[32.36679363467085,1.2750126968004065],[34.797471428881245,-6.275978574371658]]},"properties":{"from":"UGA","to":"TZA","n":10,"internal":false,"kind":"labour exploitation","labour":1,"sexual":0,"minor":0,"_k":"666"}},{"type":"Feature","geometry":{"type":"LineString","coordinates":[[32.36679363467085,1.2750126968004065],[106.29262653488702,16.66312668463577]]},"properties":{"from":"UGA","to":"VNM","n":10,"internal":false,"kind":"labour exploitation","labour":2,"sexual":1,"minor":0,"_k":"667"}},{"type":"Feature","geometry":{"type":"LineString","coordinates":[[106.29262653488702,16.66312668463577],[5.6503386809269225,52.28581105169354]]},"properties":{"from":"VNM","to":"NLD","n":10,"internal":false,"kind":"sexual exploitation","labour":1,"sexual":5,"minor":0,"_k":"668"}},{"type":"Feature","geometry":{"type":"LineString","coordinates":[[74.54052211635376,41.46228212874759],[25.21336553945269,42.76359366613009]]},"properties":{"from":"KGZ","to":"BGR","n":10,"internal":false,"kind":"mixed","labour":0,"sexual":0,"minor":1,"_k":"669"}},{"type":"Feature","geometry":{"type":"LineString","coordinates":[[74.54052211635376,41.46228212874759],[15.314334181509967,49.73192536047586]]},"properties":{"from":"KGZ","to":"CZE","n":10,"internal":false,"kind":"mixed","labour":0,"sexual":0,"minor":2,"_k":"670"}},{"type":"Feature","geometry":{"type":"LineString","coordinates":[[28.45629251700725,47.2012755102054],[-73.08064382475897,3.906445453235302]]},"properties":{"from":"MDA","to":"COL","n":10,"internal":false,"kind":"mixed","labour":0,"sexual":0,"minor":5,"_k":"671"}},{"type":"Feature","geometry":{"type":"LineString","coordinates":[[83.91471382952646,28.2503070498651],[9.548798947022076,34.111867939015156]]},"properties":{"from":"NPL","to":"TUN","n":10,"internal":false,"kind":"mixed","labour":0,"sexual":0,"minor":1,"_k":"672"}},{"type":"Feature","geometry":{"type":"LineString","coordinates":[[121.42730496453794,15.945390070922295],[-72.665695067267,18.932436472347298]]},"properties":{"from":"PHL","to":"HTI","n":10,"internal":false,"kind":"mixed","labour":0,"sexual":0,"minor":1,"_k":"673"}},{"type":"Feature","geometry":{"type":"LineString","coordinates":[[32.36679363467085,1.2750126968004065],[-5.570416190838727,7.621919807131076]]},"properties":{"from":"UGA","to":"CIV","n":10,"internal":false,"kind":"sexual exploitation","labour":0,"sexual":1,"minor":4,"_k":"674"}},{"type":"Feature","geometry":{"type":"LineString","coordinates":[[104.90152976388326,12.723001884491634],[24.9832298892535,45.850663259096045]]},"properties":{"from":"KHM","to":"ROU","n":10,"internal":false,"kind":"mixed","labour":0,"sexual":0,"minor":0,"_k":"675"}},{"type":"Feature","geometry":{"type":"LineString","coordinates":[[20.78808712121224,44.222859848485236],[29.866659293666544,26.491557914915564]]},"properties":{"from":"SRB","to":"EGY","n":10,"internal":false,"kind":"sexual exploitation","labour":0,"sexual":2,"minor":2,"_k":"676"}},{"type":"Feature","geometry":{"type":"LineString","coordinates":[[100.99889647721353,15.131083844580518],[29.93496098318132,15.981518572856197]]},"properties":{"from":"THA","to":"SDN","n":10,"internal":false,"kind":"labour exploitation","labour":1,"sexual":0,"minor":2,"_k":"677"}},{"type":"Feature","geometry":{"type":"LineString","coordinates":[[59.37547869265088,39.112478318539196],[29.867651515151508,-3.348030303030272]]},"properties":{"from":"TKM","to":"BDI","n":10,"internal":false,"kind":"mixed","labour":0,"sexual":0,"minor":1,"_k":"678"}},{"type":"Feature","geometry":{"type":"LineString","coordinates":[[31.25062821784535,49.15969486561811],[-102.3524834237017,57.93914584726518]]},"properties":{"from":"UKR","to":"CAN","n":10,"internal":false,"kind":"mixed","labour":0,"sexual":0,"minor":0,"_k":"679"}},{"type":"Feature","geometry":{"type":"LineString","coordinates":[[-66.1847903388119,7.11499049535947],[-3.5451743486347445,17.342714243290896]]},"properties":{"from":"VEN","to":"MLI","n":10,"internal":false,"kind":"sexual exploitation","labour":1,"sexual":3,"minor":0,"_k":"680"}},{"type":"Feature","geometry":{"type":"LineString","coordinates":[[-1.2240238704177318,7.961261722080135],[-73.08064382475897,3.906445453235302]]},"properties":{"from":"GHA","to":"COL","n":10,"internal":false,"kind":"mixed","labour":0,"sexual":0,"minor":0,"_k":"681"}},{"type":"Feature","geometry":{"type":"LineString","coordinates":[[104.90152976388326,12.723001884491634],[-102.50809751599304,23.941580696597782]]},"properties":{"from":"KHM","to":"MEX","n":10,"internal":false,"kind":"mixed","labour":0,"sexual":0,"minor":0,"_k":"682"}},{"type":"Feature","geometry":{"type":"LineString","coordinates":[[71.02002039429117,38.52857466576103],[-8.39442734733289,29.842976104272296]]},"properties":{"from":"TJK","to":"MAR","n":10,"internal":false,"kind":"sexual exploitation","labour":0,"sexual":4,"minor":0,"_k":"683"}},{"type":"Feature","geometry":{"type":"LineString","coordinates":[[-53.11193719339199,-10.836462514351837],[20.06313725490263,41.14498599439933]]},"properties":{"from":"BRA","to":"ALB","n":10,"internal":false,"kind":"labour exploitation","labour":2,"sexual":0,"minor":0,"_k":"684"}},{"type":"Feature","geometry":{"type":"LineString","coordinates":[[99.0698642121238,61.66316880121902],[-5.570416190838727,7.621919807131076]]},"properties":{"from":"RUS","to":"CIV","n":10,"internal":false,"kind":"sexual exploitation","labour":0,"sexual":2,"minor":3,"_k":"685"}},{"type":"Feature","geometry":{"type":"LineString","coordinates":[[83.91471382952646,28.2503070498651],[28.04028419182972,53.53018354055703]]},"properties":{"from":"NPL","to":"BLR","n":10,"internal":false,"kind":"labour exploitation","labour":5,"sexual":0,"minor":0,"_k":"686"}},{"type":"Feature","geometry":{"type":"LineString","coordinates":[[28.45629251700725,47.2012755102054],[100.99889647721353,15.131083844580518]]},"properties":{"from":"MDA","to":"THA","n":10,"internal":false,"kind":"mixed","labour":0,"sexual":0,"minor":0,"_k":"687"}},{"type":"Feature","geometry":{"type":"LineString","coordinates":[[31.25062821784535,49.15969486561811],[43.749838187702075,33.03551977267332]]},"properties":{"from":"UKR","to":"IRQ","n":10,"internal":false,"kind":"mixed","labour":0,"sexual":0,"minor":0,"_k":"688"}},{"type":"Feature","geometry":{"type":"LineString","coordinates":[[39.59780734834613,8.621718205653119],[34.797471428881245,-6.275978574371658]]},"properties":{"from":"ETH","to":"TZA","n":10,"internal":false,"kind":"labour exploitation","labour":2,"sexual":0,"minor":0,"_k":"689"}},{"type":"Feature","geometry":{"type":"LineString","coordinates":[[99.0698642121238,61.66316880121902],[-102.3524834237017,57.93914584726518]]},"properties":{"from":"RUS","to":"CAN","n":10,"internal":false,"kind":"mixed","labour":0,"sexual":0,"minor":1,"_k":"690"}},{"type":"Feature","geometry":{"type":"LineString","coordinates":[[-5.570416190838727,7.621919807131076],[63.163427689140626,41.75163492880463]]},"properties":{"from":"CIV","to":"UZB","n":10,"internal":false,"kind":"mixed","labour":0,"sexual":0,"minor":0,"_k":"691"}},{"type":"Feature","geometry":{"type":"LineString","coordinates":[[29.93496098318132,15.981518572856197],[9.385737466057346,17.42154116166629]]},"properties":{"from":"SDN","to":"NER","n":10,"internal":false,"kind":"labour exploitation","labour":1,"sexual":0,"minor":0,"_k":"692"}},{"type":"Feature","geometry":{"type":"LineString","coordinates":[[20.78808712121224,44.222859848485236],[-14.469085365853688,14.363556910569123]]},"properties":{"from":"SRB","to":"SEN","n":10,"internal":false,"kind":"mixed","labour":0,"sexual":0,"minor":0,"_k":"693"}},{"type":"Feature","geometry":{"type":"LineString","coordinates":[[-10.942001987083952,10.436719655572134],[9.385737466057346,17.42154116166629]]},"properties":{"from":"GIN","to":"NER","n":10,"internal":false,"kind":"mixed","labour":0,"sexual":0,"minor":0,"_k":"694"}},{"type":"Feature","geometry":{"type":"LineString","coordinates":[[-5.570416190838727,7.621919807131076],[18.01465069186637,27.027402407469932]]},"properties":{"from":"CIV","to":"LBY","n":9,"internal":false,"kind":"sexual exploitation","labour":0,"sexual":1,"minor":1,"_k":"695"}},{"type":"Feature","geometry":{"type":"LineString","coordinates":[[-102.50809751599304,23.941580696597782],[100.99889647721353,15.131083844580518]]},"properties":{"from":"MEX","to":"THA","n":9,"internal":false,"kind":"sexual exploitation","labour":0,"sexual":4,"minor":1,"_k":"696"}},{"type":"Feature","geometry":{"type":"LineString","coordinates":[[-73.08064382475897,3.906445453235302],[-5.570416190838727,7.621919807131076]]},"properties":{"from":"COL","to":"CIV","n":9,"internal":false,"kind":"mixed","labour":0,"sexual":0,"minor":3,"_k":"697"}},{"type":"Feature","geometry":{"type":"LineString","coordinates":[[79.58201036306701,22.91399793698191],[18.01465069186637,27.027402407469932]]},"properties":{"from":"IND","to":"LBY","n":9,"internal":false,"kind":"labour exploitation","labour":3,"sexual":2,"minor":0,"_k":"698"}},{"type":"Feature","geometry":{"type":"LineString","coordinates":[[80.70386384544673,7.614351425942975],[18.01465069186637,27.027402407469932]]},"properties":{"from":"LKA","to":"LBY","n":9,"internal":false,"kind":"labour exploitation","labour":2,"sexual":0,"minor":2,"_k":"699"}},{"type":"Feature","geometry":{"type":"LineString","coordinates":[[-88.87837301586958,13.742361111110638],[19.397113084377445,52.124826663422986]]},"properties":{"from":"SLV","to":"POL","n":9,"internal":false,"kind":"sexual exploitation","labour":0,"sexual":1,"minor":1,"_k":"700"}},{"type":"Feature","geometry":{"type":"LineString","coordinates":[[-90.36942779291803,15.69158946412403],[18.01465069186637,27.027402407469932]]},"properties":{"from":"GTM","to":"LBY","n":9,"internal":false,"kind":"sexual exploitation","labour":0,"sexual":2,"minor":0,"_k":"701"}},{"type":"Feature","geometry":{"type":"LineString","coordinates":[[90.23205935882014,23.87796444071293],[79.58201036306701,22.91399793698191]]},"properties":{"from":"BGD","to":"IND","n":9,"internal":false,"kind":"mixed","labour":0,"sexual":0,"minor":0,"_k":"702"}},{"type":"Feature","geometry":{"type":"LineString","coordinates":[[-5.570416190838727,7.621919807131076],[67.28533620759436,48.15882317221261]]},"properties":{"from":"CIV","to":"KAZ","n":9,"internal":false,"kind":"mixed","labour":0,"sexual":0,"minor":3,"_k":"703"}},{"type":"Feature","geometry":{"type":"LineString","coordinates":[[-70.48172302737008,18.896296296294825],[28.45629251700725,47.2012755102054]]},"properties":{"from":"DOM","to":"MDA","n":9,"internal":false,"kind":"sexual exploitation","labour":0,"sexual":1,"minor":0,"_k":"704"}},{"type":"Feature","geometry":{"type":"LineString","coordinates":[[-10.942001987083952,10.436719655572134],[25.16763318375323,-29.011178230353238]]},"properties":{"from":"GIN","to":"ZAF","n":9,"internal":false,"kind":"sexual exploitation","labour":0,"sexual":2,"minor":1,"_k":"705"}},{"type":"Feature","geometry":{"type":"LineString","coordinates":[[99.0698642121238,61.66316880121902],[28.04028419182972,53.53018354055703]]},"properties":{"from":"RUS","to":"BLR","n":9,"internal":false,"kind":"sexual exploitation","labour":0,"sexual":3,"minor":2,"_k":"706"}},{"type":"Feature","geometry":{"type":"LineString","coordinates":[[-99.15068807156243,39.52967493310974],[103.81264367816092,36.619860071494145]]},"properties":{"from":"USA","to":"CHN","n":9,"internal":false,"kind":"sexual exploitation","labour":1,"sexual":4,"minor":0,"_k":"707"}},{"type":"Feature","geometry":{"type":"LineString","coordinates":[[-1.759814528593513,12.270832413336304],[34.797471428881245,-6.275978574371658]]},"properties":{"from":"BFA","to":"TZA","n":9,"internal":false,"kind":"labour exploitation","labour":2,"sexual":1,"minor":3,"_k":"708"}},{"type":"Feature","geometry":{"type":"LineString","coordinates":[[-72.665695067267,18.932436472347298],[90.23205935882014,23.87796444071293]]},"properties":{"from":"HTI","to":"BGD","n":9,"internal":false,"kind":"mixed","labour":3,"sexual":3,"minor":4,"_k":"709"}},{"type":"Feature","geometry":{"type":"LineString","coordinates":[[-102.50809751599304,23.941580696597782],[67.28533620759436,48.15882317221261]]},"properties":{"from":"MEX","to":"KAZ","n":9,"internal":false,"kind":"sexual exploitation","labour":0,"sexual":1,"minor":1,"_k":"710"}},{"type":"Feature","geometry":{"type":"LineString","coordinates":[[83.91471382952646,28.2503070498651],[114.02062133826777,-0.19466928769655426]]},"properties":{"from":"NPL","to":"IDN","n":9,"internal":false,"kind":"labour exploitation","labour":3,"sexual":2,"minor":0,"_k":"711"}},{"type":"Feature","geometry":{"type":"LineString","coordinates":[[8.088479508743816,9.594095136385867],[25.16763318375323,-29.011178230353238]]},"properties":{"from":"NGA","to":"ZAF","n":9,"internal":false,"kind":"mixed","labour":0,"sexual":0,"minor":3,"_k":"712"}},{"type":"Feature","geometry":{"type":"LineString","coordinates":[[-90.36942779291803,15.69158946412403],[35.89410774411856,33.92558922559957]]},"properties":{"from":"GTM","to":"LBN","n":9,"internal":false,"kind":"sexual exploitation","labour":0,"sexual":2,"minor":1,"_k":"713"}},{"type":"Feature","geometry":{"type":"LineString","coordinates":[[67.28533620759436,48.15882317221261],[25.16763318375323,-29.011178230353238]]},"properties":{"from":"KAZ","to":"ZAF","n":9,"internal":false,"kind":"sexual exploitation","labour":0,"sexual":3,"minor":0,"_k":"714"}},{"type":"Feature","geometry":{"type":"LineString","coordinates":[[74.54052211635376,41.46228212874759],[114.70422446406062,3.59975830180747]]},"properties":{"from":"KGZ","to":"MYS","n":9,"internal":false,"kind":"sexual exploitation","labour":0,"sexual":2,"minor":0,"_k":"715"}},{"type":"Feature","geometry":{"type":"LineString","coordinates":[[74.54052211635376,41.46228212874759],[56.08500217539864,20.567543041829605]]},"properties":{"from":"KGZ","to":"OMN","n":9,"internal":false,"kind":"labour exploitation","labour":2,"sexual":0,"minor":1,"_k":"716"}},{"type":"Feature","geometry":{"type":"LineString","coordinates":[[-1.2240238704177318,7.961261722080135],[-8.39442734733289,29.842976104272296]]},"properties":{"from":"GHA","to":"MAR","n":9,"internal":false,"kind":"mixed","labour":1,"sexual":1,"minor":2,"_k":"717"}},{"type":"Feature","geometry":{"type":"LineString","coordinates":[[-72.665695067267,18.932436472347298],[19.397113084377445,52.124826663422986]]},"properties":{"from":"HTI","to":"POL","n":9,"internal":false,"kind":"mixed","labour":0,"sexual":0,"minor":1,"_k":"718"}},{"type":"Feature","geometry":{"type":"LineString","coordinates":[[-11.781139601139621,8.566581196581197],[114.17878787874693,22.42121212120512]]},"properties":{"from":"SLE","to":"HKG","n":9,"internal":false,"kind":"labour exploitation","labour":2,"sexual":1,"minor":1,"_k":"719"}},{"type":"Feature","geometry":{"type":"LineString","coordinates":[[-1.2240238704177318,7.961261722080135],[121.42730496453794,15.945390070922295]]},"properties":{"from":"GHA","to":"PHL","n":9,"internal":false,"kind":"sexual exploitation","labour":1,"sexual":3,"minor":2,"_k":"720"}},{"type":"Feature","geometry":{"type":"LineString","coordinates":[[74.54052211635376,41.46228212874759],[16.73978625888801,62.82975884519814]]},"properties":{"from":"KGZ","to":"SWE","n":9,"internal":false,"kind":"mixed","labour":0,"sexual":0,"minor":4,"_k":"721"}},{"type":"Feature","geometry":{"type":"LineString","coordinates":[[104.90152976388326,12.723001884491634],[114.17878787874693,22.42121212120512]]},"properties":{"from":"KHM","to":"HKG","n":9,"internal":false,"kind":"sexual exploitation","labour":0,"sexual":4,"minor":0,"_k":"722"}},{"type":"Feature","geometry":{"type":"LineString","coordinates":[[104.90152976388326,12.723001884491634],[137.96621280888957,36.65896549240351]]},"properties":{"from":"KHM","to":"JPN","n":9,"internal":false,"kind":"labour exploitation","labour":2,"sexual":0,"minor":0,"_k":"723"}},{"type":"Feature","geometry":{"type":"LineString","coordinates":[[45.71869717852055,4.765362111558975],[25.16763318375323,-29.011178230353238]]},"properties":{"from":"SOM","to":"ZAF","n":9,"internal":false,"kind":"sexual exploitation","labour":0,"sexual":1,"minor":1,"_k":"724"}},{"type":"Feature","geometry":{"type":"LineString","coordinates":[[32.36679363467085,1.2750126968004065],[-102.50809751599304,23.941580696597782]]},"properties":{"from":"UGA","to":"MEX","n":9,"internal":false,"kind":"labour exploitation","labour":1,"sexual":0,"minor":0,"_k":"725"}},{"type":"Feature","geometry":{"type":"LineString","coordinates":[[103.73965899403798,18.494330775789493],[-65.15022561757499,-35.175010887711316]]},"properties":{"from":"LAO","to":"ARG","n":9,"internal":false,"kind":"sexual exploitation","labour":1,"sexual":3,"minor":2,"_k":"726"}},{"type":"Feature","geometry":{"type":"LineString","coordinates":[[-1.2240238704177318,7.961261722080135],[54.31670676289835,23.90518577920364]]},"properties":{"from":"GHA","to":"ARE","n":9,"internal":false,"kind":"mixed","labour":0,"sexual":0,"minor":0,"_k":"727"}},{"type":"Feature","geometry":{"type":"LineString","coordinates":[[-99.15068807156243,39.52967493310974],[8.225583756345126,46.803756345177355]]},"properties":{"from":"USA","to":"CHE","n":9,"internal":false,"kind":"labour exploitation","labour":1,"sexual":0,"minor":1,"_k":"728"}},{"type":"Feature","geometry":{"type":"LineString","coordinates":[[90.23205935882014,23.87796444071293],[28.04028419182972,53.53018354055703]]},"properties":{"from":"BGD","to":"BLR","n":9,"internal":false,"kind":"sexual exploitation","labour":0,"sexual":2,"minor":0,"_k":"729"}},{"type":"Feature","geometry":{"type":"LineString","coordinates":[[24.9832298892535,45.850663259096045],[8.225583756345126,46.803756345177355]]},"properties":{"from":"ROU","to":"CHE","n":9,"internal":false,"kind":"mixed","labour":0,"sexual":0,"minor":1,"_k":"730"}},{"type":"Feature","geometry":{"type":"LineString","coordinates":[[-73.08064382475897,3.906445453235302],[137.96621280888957,36.65896549240351]]},"properties":{"from":"COL","to":"JPN","n":9,"internal":false,"kind":"labour exploitation","labour":3,"sexual":1,"minor":0,"_k":"731"}},{"type":"Feature","geometry":{"type":"LineString","coordinates":[[100.99889647721353,15.131083844580518],[12.159371652981111,43.51930263001275]]},"properties":{"from":"THA","to":"ITA","n":9,"internal":false,"kind":"labour exploitation","labour":1,"sexual":0,"minor":0,"_k":"732"}},{"type":"Feature","geometry":{"type":"LineString","coordinates":[[-73.08064382475897,3.906445453235302],[-1.2240238704177318,7.961261722080135]]},"properties":{"from":"COL","to":"GHA","n":9,"internal":false,"kind":"sexual exploitation","labour":0,"sexual":2,"minor":1,"_k":"733"}},{"type":"Feature","geometry":{"type":"LineString","coordinates":[[39.59780734834613,8.621718205653119],[16.73978625888801,62.82975884519814]]},"properties":{"from":"ETH","to":"SWE","n":9,"internal":false,"kind":"sexual exploitation","labour":1,"sexual":2,"minor":1,"_k":"734"}},{"type":"Feature","geometry":{"type":"LineString","coordinates":[[38.84792172084777,15.35206210577388],[114.70422446406062,3.59975830180747]]},"properties":{"from":"ERI","to":"MYS","n":9,"internal":false,"kind":"labour exploitation","labour":2,"sexual":0,"minor":0,"_k":"735"}},{"type":"Feature","geometry":{"type":"LineString","coordinates":[[104.90152976388326,12.723001884491634],[5.6503386809269225,52.28581105169354]]},"properties":{"from":"KHM","to":"NLD","n":9,"internal":false,"kind":"sexual exploitation","labour":0,"sexual":4,"minor":1,"_k":"736"}},{"type":"Feature","geometry":{"type":"LineString","coordinates":[[-5.570416190838727,7.621919807131076],[71.02002039429117,38.52857466576103]]},"properties":{"from":"CIV","to":"TJK","n":9,"internal":false,"kind":"labour exploitation","labour":5,"sexual":0,"minor":4,"_k":"737"}},{"type":"Feature","geometry":{"type":"LineString","coordinates":[[83.91471382952646,28.2503070498651],[28.45629251700725,47.2012755102054]]},"properties":{"from":"NPL","to":"MDA","n":9,"internal":false,"kind":"sexual exploitation","labour":1,"sexual":3,"minor":1,"_k":"738"}},{"type":"Feature","geometry":{"type":"LineString","coordinates":[[8.088479508743816,9.594095136385867],[36.77003387128845,31.240426379756627]]},"properties":{"from":"NGA","to":"JOR","n":9,"internal":false,"kind":"mixed","labour":0,"sexual":0,"minor":0,"_k":"739"}},{"type":"Feature","geometry":{"type":"LineString","coordinates":[[23.638625091078172,-2.880533389516553],[43.749838187702075,33.03551977267332]]},"properties":{"from":"COD","to":"IRQ","n":9,"internal":false,"kind":"mixed","labour":0,"sexual":0,"minor":0,"_k":"740"}},{"type":"Feature","geometry":{"type":"LineString","coordinates":[[106.29262653488702,16.66312668463577],[-11.781139601139621,8.566581196581197]]},"properties":{"from":"VNM","to":"SLE","n":9,"internal":false,"kind":"mixed","labour":0,"sexual":0,"minor":0,"_k":"741"}},{"type":"Feature","geometry":{"type":"LineString","coordinates":[[104.90152976388326,12.723001884491634],[-102.3524834237017,57.93914584726518]]},"properties":{"from":"KHM","to":"CAN","n":9,"internal":false,"kind":"sexual exploitation","labour":0,"sexual":1,"minor":1,"_k":"742"}},{"type":"Feature","geometry":{"type":"LineString","coordinates":[[100.99889647721353,15.131083844580518],[-5.570416190838727,7.621919807131076]]},"properties":{"from":"THA","to":"CIV","n":9,"internal":false,"kind":"labour exploitation","labour":1,"sexual":0,"minor":3,"_k":"743"}},{"type":"Feature","geometry":{"type":"LineString","coordinates":[[79.58201036306701,22.91399793698191],[-3.5451743486347445,17.342714243290896]]},"properties":{"from":"IND","to":"MLI","n":9,"internal":false,"kind":"sexual exploitation","labour":0,"sexual":6,"minor":0,"_k":"744"}},{"type":"Feature","geometry":{"type":"LineString","coordinates":[[-70.48172302737008,18.896296296294825],[47.584232804235775,29.305608465610284]]},"properties":{"from":"DOM","to":"KWT","n":9,"internal":false,"kind":"labour exploitation","labour":2,"sexual":1,"minor":1,"_k":"745"}},{"type":"Feature","geometry":{"type":"LineString","coordinates":[[-90.36942779291803,15.69158946412403],[-5.570416190838727,7.621919807131076]]},"properties":{"from":"GTM","to":"CIV","n":9,"internal":false,"kind":"mixed","labour":0,"sexual":0,"minor":1,"_k":"746"}},{"type":"Feature","geometry":{"type":"LineString","coordinates":[[99.0698642121238,61.66316880121902],[24.9832298892535,45.850663259096045]]},"properties":{"from":"RUS","to":"ROU","n":9,"internal":false,"kind":"sexual exploitation","labour":0,"sexual":2,"minor":0,"_k":"747"}},{"type":"Feature","geometry":{"type":"LineString","coordinates":[[80.70386384544673,7.614351425942975],[29.866659293666544,26.491557914915564]]},"properties":{"from":"LKA","to":"EGY","n":9,"internal":false,"kind":"mixed","labour":0,"sexual":0,"minor":0,"_k":"748"}},{"type":"Feature","geometry":{"type":"LineString","coordinates":[[45.71869717852055,4.765362111558975],[-102.50809751599304,23.941580696597782]]},"properties":{"from":"SOM","to":"MEX","n":9,"internal":false,"kind":"mixed","labour":0,"sexual":0,"minor":0,"_k":"749"}},{"type":"Feature","geometry":{"type":"LineString","coordinates":[[66.01106583572992,33.83569297965267],[8.088479508743816,9.594095136385867]]},"properties":{"from":"AFG","to":"NGA","n":9,"internal":false,"kind":"sexual exploitation","labour":0,"sexual":4,"minor":0,"_k":"750"}},{"type":"Feature","geometry":{"type":"LineString","coordinates":[[66.01106583572992,33.83569297965267],[32.36679363467085,1.2750126968004065]]},"properties":{"from":"AFG","to":"UGA","n":9,"internal":false,"kind":"mixed","labour":0,"sexual":0,"minor":0,"_k":"751"}},{"type":"Feature","geometry":{"type":"LineString","coordinates":[[-64.6843651095079,-16.708133036731713],[10.373256621004517,51.09626301369856]]},"properties":{"from":"BOL","to":"DEU","n":9,"internal":false,"kind":"mixed","labour":1,"sexual":1,"minor":1,"_k":"752"}},{"type":"Feature","geometry":{"type":"LineString","coordinates":[[-64.6843651095079,-16.708133036731713],[47.584232804235775,29.305608465610284]]},"properties":{"from":"BOL","to":"KWT","n":9,"internal":false,"kind":"mixed","labour":0,"sexual":0,"minor":0,"_k":"753"}},{"type":"Feature","geometry":{"type":"LineString","coordinates":[[-90.36942779291803,15.69158946412403],[121.42730496453794,15.945390070922295]]},"properties":{"from":"GTM","to":"PHL","n":9,"internal":false,"kind":"sexual exploitation","labour":1,"sexual":2,"minor":0,"_k":"754"}},{"type":"Feature","geometry":{"type":"LineString","coordinates":[[24.9832298892535,45.850663259096045],[-102.3524834237017,57.93914584726518]]},"properties":{"from":"ROU","to":"CAN","n":9,"internal":false,"kind":"mixed","labour":0,"sexual":0,"minor":1,"_k":"755"}},{"type":"Feature","geometry":{"type":"LineString","coordinates":[[-14.469085365853688,14.363556910569123],[54.31670676289835,23.90518577920364]]},"properties":{"from":"SEN","to":"ARE","n":9,"internal":false,"kind":"sexual exploitation","labour":1,"sexual":3,"minor":0,"_k":"756"}},{"type":"Feature","geometry":{"type":"LineString","coordinates":[[-11.781139601139621,8.566581196581197],[-5.570416190838727,7.621919807131076]]},"properties":{"from":"SLE","to":"CIV","n":9,"internal":false,"kind":"labour exploitation","labour":1,"sexual":0,"minor":2,"_k":"757"}},{"type":"Feature","geometry":{"type":"LineString","coordinates":[[-11.781139601139621,8.566581196581197],[104.90152976388326,12.723001884491634]]},"properties":{"from":"SLE","to":"KHM","n":9,"internal":false,"kind":"sexual exploitation","labour":0,"sexual":1,"minor":2,"_k":"758"}},{"type":"Feature","geometry":{"type":"LineString","coordinates":[[45.71869717852055,4.765362111558975],[-2.5118598832360344,53.94003336113461]]},"properties":{"from":"SOM","to":"GBR","n":9,"internal":false,"kind":"sexual exploitation","labour":0,"sexual":1,"minor":1,"_k":"759"}},{"type":"Feature","geometry":{"type":"LineString","coordinates":[[32.36679363467085,1.2750126968004065],[25.21336553945269,42.76359366613009]]},"properties":{"from":"UGA","to":"BGR","n":9,"internal":false,"kind":"labour exploitation","labour":2,"sexual":0,"minor":0,"_k":"760"}},{"type":"Feature","geometry":{"type":"LineString","coordinates":[[-1.2240238704177318,7.961261722080135],[29.866659293666544,26.491557914915564]]},"properties":{"from":"GHA","to":"EGY","n":9,"internal":false,"kind":"sexual exploitation","labour":0,"sexual":3,"minor":2,"_k":"761"}},{"type":"Feature","geometry":{"type":"LineString","coordinates":[[-14.469085365853688,14.363556910569123],[106.29262653488702,16.66312668463577]]},"properties":{"from":"SEN","to":"VNM","n":9,"internal":false,"kind":"labour exploitation","labour":4,"sexual":0,"minor":6,"_k":"762"}},{"type":"Feature","geometry":{"type":"LineString","coordinates":[[-11.781139601139621,8.566581196581197],[34.797471428881245,-6.275978574371658]]},"properties":{"from":"SLE","to":"TZA","n":9,"internal":false,"kind":"labour exploitation","labour":1,"sexual":0,"minor":3,"_k":"763"}},{"type":"Feature","geometry":{"type":"LineString","coordinates":[[20.06313725490263,41.14498599439933],[63.163427689140626,41.75163492880463]]},"properties":{"from":"ALB","to":"UZB","n":9,"internal":false,"kind":"sexual exploitation","labour":0,"sexual":1,"minor":1,"_k":"764"}},{"type":"Feature","geometry":{"type":"LineString","coordinates":[[25.21336553945269,42.76359366613009],[79.58201036306701,22.91399793698191]]},"properties":{"from":"BGR","to":"IND","n":9,"internal":false,"kind":"sexual exploitation","labour":0,"sexual":1,"minor":0,"_k":"765"}},{"type":"Feature","geometry":{"type":"LineString","coordinates":[[79.58201036306701,22.91399793698191],[103.81264367816092,36.619860071494145]]},"properties":{"from":"IND","to":"CHN","n":9,"internal":false,"kind":"labour exploitation","labour":4,"sexual":1,"minor":0,"_k":"766"}},{"type":"Feature","geometry":{"type":"LineString","coordinates":[[20.78808712121224,44.222859848485236],[16.73978625888801,62.82975884519814]]},"properties":{"from":"SRB","to":"SWE","n":9,"internal":false,"kind":"sexual exploitation","labour":0,"sexual":1,"minor":0,"_k":"767"}},{"type":"Feature","geometry":{"type":"LineString","coordinates":[[-99.15068807156243,39.52967493310974],[32.36679363467085,1.2750126968004065]]},"properties":{"from":"USA","to":"UGA","n":9,"internal":false,"kind":"sexual exploitation","labour":0,"sexual":2,"minor":2,"_k":"768"}},{"type":"Feature","geometry":{"type":"LineString","coordinates":[[20.06313725490263,41.14498599439933],[25.21336553945269,42.76359366613009]]},"properties":{"from":"ALB","to":"BGR","n":9,"internal":false,"kind":"mixed","labour":0,"sexual":0,"minor":0,"_k":"769"}},{"type":"Feature","geometry":{"type":"LineString","coordinates":[[59.37547869265088,39.112478318539196],[63.163427689140626,41.75163492880463]]},"properties":{"from":"TKM","to":"UZB","n":9,"internal":false,"kind":"mixed","labour":0,"sexual":0,"minor":0,"_k":"770"}},{"type":"Feature","geometry":{"type":"LineString","coordinates":[[32.36679363467085,1.2750126968004065],[21.6760589318601,41.593124616329305]]},"properties":{"from":"UGA","to":"MKD","n":9,"internal":false,"kind":"mixed","labour":0,"sexual":0,"minor":0,"_k":"771"}},{"type":"Feature","geometry":{"type":"LineString","coordinates":[[38.84792172084777,15.35206210577388],[17.784189497717012,44.16866438356195]]},"properties":{"from":"ERI","to":"BIH","n":9,"internal":false,"kind":"mixed","labour":0,"sexual":0,"minor":0,"_k":"772"}},{"type":"Feature","geometry":{"type":"LineString","coordinates":[[28.45629251700725,47.2012755102054],[39.59780734834613,8.621718205653119]]},"properties":{"from":"MDA","to":"ETH","n":9,"internal":false,"kind":"mixed","labour":0,"sexual":0,"minor":0,"_k":"773"}},{"type":"Feature","geometry":{"type":"LineString","coordinates":[[-66.1847903388119,7.11499049535947],[8.225583756345126,46.803756345177355]]},"properties":{"from":"VEN","to":"CHE","n":9,"internal":false,"kind":"labour exploitation","labour":1,"sexual":0,"minor":2,"_k":"774"}},{"type":"Feature","geometry":{"type":"LineString","coordinates":[[12.737180841697482,5.695699066737103],[15.314334181509967,49.73192536047586]]},"properties":{"from":"CMR","to":"CZE","n":9,"internal":false,"kind":"sexual exploitation","labour":0,"sexual":4,"minor":0,"_k":"775"}},{"type":"Feature","geometry":{"type":"LineString","coordinates":[[71.02002039429117,38.52857466576103],[90.23205935882014,23.87796444071293]]},"properties":{"from":"TJK","to":"BGD","n":9,"internal":false,"kind":"labour exploitation","labour":1,"sexual":0,"minor":1,"_k":"776"}},{"type":"Feature","geometry":{"type":"LineString","coordinates":[[37.83247567037743,0.5458132045088652],[16.73978625888801,62.82975884519814]]},"properties":{"from":"KEN","to":"SWE","n":9,"internal":false,"kind":"labour exploitation","labour":2,"sexual":0,"minor":3,"_k":"777"}},{"type":"Feature","geometry":{"type":"LineString","coordinates":[[29.867651515151508,-3.348030303030272],[114.02062133826777,-0.19466928769655426]]},"properties":{"from":"BDI","to":"IDN","n":9,"internal":false,"kind":"mixed","labour":0,"sexual":0,"minor":0,"_k":"778"}},{"type":"Feature","geometry":{"type":"LineString","coordinates":[[-73.08064382475897,3.906445453235302],[-14.469085365853688,14.363556910569123]]},"properties":{"from":"COL","to":"SEN","n":9,"internal":false,"kind":"mixed","labour":0,"sexual":0,"minor":4,"_k":"779"}},{"type":"Feature","geometry":{"type":"LineString","coordinates":[[45.71869717852055,4.765362111558975],[-3.564693191192332,40.390322990037404]]},"properties":{"from":"SOM","to":"ESP","n":9,"internal":false,"kind":"sexual exploitation","labour":0,"sexual":3,"minor":0,"_k":"780"}},{"type":"Feature","geometry":{"type":"LineString","coordinates":[[-73.08064382475897,3.906445453235302],[17.784189497717012,44.16866438356195]]},"properties":{"from":"COL","to":"BIH","n":9,"internal":false,"kind":"sexual exploitation","labour":0,"sexual":2,"minor":0,"_k":"781"}},{"type":"Feature","geometry":{"type":"LineString","coordinates":[[79.58201036306701,22.91399793698191],[16.73978625888801,62.82975884519814]]},"properties":{"from":"IND","to":"SWE","n":9,"internal":false,"kind":"mixed","labour":0,"sexual":0,"minor":0,"_k":"782"}},{"type":"Feature","geometry":{"type":"LineString","coordinates":[[104.90152976388326,12.723001884491634],[-5.570416190838727,7.621919807131076]]},"properties":{"from":"KHM","to":"CIV","n":9,"internal":false,"kind":"sexual exploitation","labour":0,"sexual":3,"minor":0,"_k":"783"}},{"type":"Feature","geometry":{"type":"LineString","coordinates":[[-102.50809751599304,23.941580696597782],[19.397113084377445,52.124826663422986]]},"properties":{"from":"MEX","to":"POL","n":9,"internal":false,"kind":"mixed","labour":0,"sexual":0,"minor":3,"_k":"784"}},{"type":"Feature","geometry":{"type":"LineString","coordinates":[[8.088479508743816,9.594095136385867],[104.90152976388326,12.723001884491634]]},"properties":{"from":"NGA","to":"KHM","n":9,"internal":false,"kind":"sexual exploitation","labour":0,"sexual":1,"minor":2,"_k":"785"}},{"type":"Feature","geometry":{"type":"LineString","coordinates":[[39.59780734834613,8.621718205653119],[96.4943751272419,21.205002472151694]]},"properties":{"from":"ETH","to":"MMR","n":8,"internal":false,"kind":"labour exploitation","labour":3,"sexual":0,"minor":0,"_k":"786"}},{"type":"Feature","geometry":{"type":"LineString","coordinates":[[59.37547869265088,39.112478318539196],[18.01465069186637,27.027402407469932]]},"properties":{"from":"TKM","to":"LBY","n":8,"internal":false,"kind":"mixed","labour":0,"sexual":0,"minor":0,"_k":"787"}},{"type":"Feature","geometry":{"type":"LineString","coordinates":[[-1.2240238704177318,7.961261722080135],[44.53810637965998,24.123203283419123]]},"properties":{"from":"GHA","to":"SAU","n":8,"internal":false,"kind":"labour exploitation","labour":4,"sexual":0,"minor":1,"_k":"788"}},{"type":"Feature","geometry":{"type":"LineString","coordinates":[[83.91471382952646,28.2503070498651],[99.0698642121238,61.66316880121902]]},"properties":{"from":"NPL","to":"RUS","n":8,"internal":false,"kind":"sexual exploitation","labour":0,"sexual":2,"minor":1,"_k":"789"}},{"type":"Feature","geometry":{"type":"LineString","coordinates":[[-86.63354643935271,14.822820103001074],[-3.5451743486347445,17.342714243290896]]},"properties":{"from":"HND","to":"MLI","n":8,"internal":false,"kind":"sexual exploitation","labour":0,"sexual":5,"minor":2,"_k":"790"}},{"type":"Feature","geometry":{"type":"LineString","coordinates":[[66.01106583572992,33.83569297965267],[-1.2240238704177318,7.961261722080135]]},"properties":{"from":"AFG","to":"GHA","n":8,"internal":false,"kind":"labour exploitation","labour":2,"sexual":0,"minor":3,"_k":"791"}},{"type":"Feature","geometry":{"type":"LineString","coordinates":[[29.867651515151508,-3.348030303030272],[9.385737466057346,17.42154116166629]]},"properties":{"from":"BDI","to":"NER","n":8,"internal":false,"kind":"sexual exploitation","labour":0,"sexual":1,"minor":1,"_k":"792"}},{"type":"Feature","geometry":{"type":"LineString","coordinates":[[-53.11193719339199,-10.836462514351837],[-7.98068283917332,39.68341419586642]]},"properties":{"from":"BRA","to":"PRT","n":8,"internal":false,"kind":"mixed","labour":0,"sexual":0,"minor":0,"_k":"793"}},{"type":"Feature","geometry":{"type":"LineString","coordinates":[[39.59780734834613,8.621718205653119],[-73.08064382475897,3.906445453235302]]},"properties":{"from":"ETH","to":"COL","n":8,"internal":false,"kind":"labour exploitation","labour":1,"sexual":0,"minor":1,"_k":"794"}},{"type":"Feature","geometry":{"type":"LineString","coordinates":[[80.70386384544673,7.614351425942975],[-14.469085365853688,14.363556910569123]]},"properties":{"from":"LKA","to":"SEN","n":8,"internal":false,"kind":"labour exploitation","labour":2,"sexual":0,"minor":0,"_k":"795"}},{"type":"Feature","geometry":{"type":"LineString","coordinates":[[-72.665695067267,18.932436472347298],[29.866659293666544,26.491557914915564]]},"properties":{"from":"HTI","to":"EGY","n":8,"internal":false,"kind":"labour exploitation","labour":4,"sexual":0,"minor":2,"_k":"796"}},{"type":"Feature","geometry":{"type":"LineString","coordinates":[[104.90152976388326,12.723001884491634],[-2.5118598832360344,53.94003336113461]]},"properties":{"from":"KHM","to":"GBR","n":8,"internal":false,"kind":"labour exploitation","labour":2,"sexual":0,"minor":0,"_k":"797"}},{"type":"Feature","geometry":{"type":"LineString","coordinates":[[63.163427689140626,41.75163492880463],[54.31670676289835,23.90518577920364]]},"properties":{"from":"UZB","to":"ARE","n":8,"internal":false,"kind":"mixed","labour":1,"sexual":1,"minor":4,"_k":"798"}},{"type":"Feature","geometry":{"type":"LineString","coordinates":[[71.02002039429117,38.52857466576103],[103.81264367816092,36.619860071494145]]},"properties":{"from":"TJK","to":"CHN","n":8,"internal":false,"kind":"sexual exploitation","labour":0,"sexual":4,"minor":0,"_k":"799"}},{"type":"Feature","geometry":{"type":"LineString","coordinates":[[67.28533620759436,48.15882317221261],[29.866659293666544,26.491557914915564]]},"properties":{"from":"KAZ","to":"EGY","n":8,"internal":false,"kind":"sexual exploitation","labour":0,"sexual":1,"minor":0,"_k":"800"}},{"type":"Feature","geometry":{"type":"LineString","coordinates":[[71.02002039429117,38.52857466576103],[67.28533620759436,48.15882317221261]]},"properties":{"from":"TJK","to":"KAZ","n":8,"internal":false,"kind":"mixed","labour":0,"sexual":0,"minor":0,"_k":"801"}},{"type":"Feature","geometry":{"type":"LineString","coordinates":[[103.81264367816092,36.619860071494145],[25.16763318375323,-29.011178230353238]]},"properties":{"from":"CHN","to":"ZAF","n":8,"internal":false,"kind":"labour exploitation","labour":1,"sexual":0,"minor":0,"_k":"802"}},{"type":"Feature","geometry":{"type":"LineString","coordinates":[[-10.942001987083952,10.436719655572134],[31.25062821784535,49.15969486561811]]},"properties":{"from":"GIN","to":"UKR","n":8,"internal":false,"kind":"mixed","labour":0,"sexual":0,"minor":2,"_k":"803"}},{"type":"Feature","geometry":{"type":"LineString","coordinates":[[96.4943751272419,21.205002472151694],[25.16763318375323,-29.011178230353238]]},"properties":{"from":"MMR","to":"ZAF","n":8,"internal":false,"kind":"labour exploitation","labour":2,"sexual":0,"minor":0,"_k":"804"}},{"type":"Feature","geometry":{"type":"LineString","coordinates":[[-102.50809751599304,23.941580696597782],[29.867651515151508,-3.348030303030272]]},"properties":{"from":"MEX","to":"BDI","n":8,"internal":false,"kind":"mixed","labour":0,"sexual":0,"minor":0,"_k":"805"}},{"type":"Feature","geometry":{"type":"LineString","coordinates":[[37.83247567037743,0.5458132045088652],[12.159371652981111,43.51930263001275]]},"properties":{"from":"KEN","to":"ITA","n":8,"internal":false,"kind":"sexual exploitation","labour":1,"sexual":3,"minor":0,"_k":"806"}},{"type":"Feature","geometry":{"type":"LineString","coordinates":[[-99.15068807156243,39.52967493310974],[63.163427689140626,41.75163492880463]]},"properties":{"from":"USA","to":"UZB","n":8,"internal":false,"kind":"mixed","labour":1,"sexual":1,"minor":0,"_k":"807"}},{"type":"Feature","geometry":{"type":"LineString","coordinates":[[-99.15068807156243,39.52967493310974],[114.17878787874693,22.42121212120512]]},"properties":{"from":"USA","to":"HKG","n":8,"internal":false,"kind":"mixed","labour":2,"sexual":2,"minor":1,"_k":"808"}},{"type":"Feature","geometry":{"type":"LineString","coordinates":[[-99.15068807156243,39.52967493310974],[15.314334181509967,49.73192536047586]]},"properties":{"from":"USA","to":"CZE","n":8,"internal":false,"kind":"sexual exploitation","labour":0,"sexual":2,"minor":0,"_k":"809"}},{"type":"Feature","geometry":{"type":"LineString","coordinates":[[29.867651515151508,-3.348030303030272],[137.96621280888957,36.65896549240351]]},"properties":{"from":"BDI","to":"JPN","n":8,"internal":false,"kind":"labour exploitation","labour":2,"sexual":0,"minor":1,"_k":"810"}},{"type":"Feature","geometry":{"type":"LineString","coordinates":[[74.54052211635376,41.46228212874759],[43.749838187702075,33.03551977267332]]},"properties":{"from":"KGZ","to":"IRQ","n":8,"internal":false,"kind":"labour exploitation","labour":3,"sexual":0,"minor":0,"_k":"811"}},{"type":"Feature","geometry":{"type":"LineString","coordinates":[[28.45629251700725,47.2012755102054],[-2.5118598832360344,53.94003336113461]]},"properties":{"from":"MDA","to":"GBR","n":8,"internal":false,"kind":"sexual exploitation","labour":1,"sexual":3,"minor":0,"_k":"812"}},{"type":"Feature","geometry":{"type":"LineString","coordinates":[[100.99889647721353,15.131083844580518],[5.6503386809269225,52.28581105169354]]},"properties":{"from":"THA","to":"NLD","n":8,"internal":false,"kind":"sexual exploitation","labour":0,"sexual":3,"minor":0,"_k":"813"}},{"type":"Feature","geometry":{"type":"LineString","coordinates":[[-1.2240238704177318,7.961261722080135],[-3.5451743486347445,17.342714243290896]]},"properties":{"from":"GHA","to":"MLI","n":8,"internal":false,"kind":"sexual exploitation","labour":1,"sexual":3,"minor":2,"_k":"814"}},{"type":"Feature","geometry":{"type":"LineString","coordinates":[[-99.15068807156243,39.52967493310974],[-73.08064382475897,3.906445453235302]]},"properties":{"from":"USA","to":"COL","n":8,"internal":false,"kind":"mixed","labour":0,"sexual":0,"minor":0,"_k":"815"}},{"type":"Feature","geometry":{"type":"LineString","coordinates":[[-11.781139601139621,8.566581196581197],[114.02062133826777,-0.19466928769655426]]},"properties":{"from":"SLE","to":"IDN","n":8,"internal":false,"kind":"labour exploitation","labour":2,"sexual":1,"minor":2,"_k":"816"}},{"type":"Feature","geometry":{"type":"LineString","coordinates":[[-53.11193719339199,-10.836462514351837],[25.21336553945269,42.76359366613009]]},"properties":{"from":"BRA","to":"BGR","n":8,"internal":false,"kind":"mixed","labour":0,"sexual":0,"minor":0,"_k":"817"}},{"type":"Feature","geometry":{"type":"LineString","coordinates":[[63.163427689140626,41.75163492880463],[-7.98068283917332,39.68341419586642]]},"properties":{"from":"UZB","to":"PRT","n":8,"internal":false,"kind":"mixed","labour":0,"sexual":0,"minor":2,"_k":"818"}},{"type":"Feature","geometry":{"type":"LineString","coordinates":[[20.78808712121224,44.222859848485236],[25.16763318375323,-29.011178230353238]]},"properties":{"from":"SRB","to":"ZAF","n":8,"internal":false,"kind":"mixed","labour":0,"sexual":0,"minor":0,"_k":"819"}},{"type":"Feature","geometry":{"type":"LineString","coordinates":[[9.385737466057346,17.42154116166629],[67.28533620759436,48.15882317221261]]},"properties":{"from":"NER","to":"KAZ","n":8,"internal":false,"kind":"mixed","labour":0,"sexual":0,"minor":1,"_k":"820"}},{"type":"Feature","geometry":{"type":"LineString","coordinates":[[28.04028419182972,53.53018354055703],[37.83247567037743,0.5458132045088652]]},"properties":{"from":"BLR","to":"KEN","n":8,"internal":false,"kind":"sexual exploitation","labour":0,"sexual":4,"minor":0,"_k":"821"}},{"type":"Feature","geometry":{"type":"LineString","coordinates":[[-5.570416190838727,7.621919807131076],[8.225583756345126,46.803756345177355]]},"properties":{"from":"CIV","to":"CHE","n":8,"internal":false,"kind":"mixed","labour":1,"sexual":1,"minor":1,"_k":"822"}},{"type":"Feature","geometry":{"type":"LineString","coordinates":[[114.02062133826777,-0.19466928769655426],[-65.15022561757499,-35.175010887711316]]},"properties":{"from":"IDN","to":"ARG","n":8,"internal":false,"kind":"mixed","labour":0,"sexual":0,"minor":0,"_k":"823"}},{"type":"Feature","geometry":{"type":"LineString","coordinates":[[-14.469085365853688,14.363556910569123],[29.866659293666544,26.491557914915564]]},"properties":{"from":"SEN","to":"EGY","n":8,"internal":false,"kind":"sexual exploitation","labour":0,"sexual":1,"minor":0,"_k":"824"}},{"type":"Feature","geometry":{"type":"LineString","coordinates":[[37.83247567037743,0.5458132045088652],[5.6503386809269225,52.28581105169354]]},"properties":{"from":"KEN","to":"NLD","n":8,"internal":false,"kind":"sexual exploitation","labour":0,"sexual":3,"minor":2,"_k":"825"}},{"type":"Feature","geometry":{"type":"LineString","coordinates":[[-102.50809751599304,23.941580696597782],[47.584232804235775,29.305608465610284]]},"properties":{"from":"MEX","to":"KWT","n":8,"internal":false,"kind":"mixed","labour":0,"sexual":0,"minor":0,"_k":"826"}},{"type":"Feature","geometry":{"type":"LineString","coordinates":[[29.93496098318132,15.981518572856197],[47.584232804235775,29.305608465610284]]},"properties":{"from":"SDN","to":"KWT","n":8,"internal":false,"kind":"mixed","labour":0,"sexual":0,"minor":0,"_k":"827"}},{"type":"Feature","geometry":{"type":"LineString","coordinates":[[25.21336553945269,42.76359366613009],[67.28533620759436,48.15882317221261]]},"properties":{"from":"BGR","to":"KAZ","n":8,"internal":false,"kind":"mixed","labour":0,"sexual":0,"minor":0,"_k":"828"}},{"type":"Feature","geometry":{"type":"LineString","coordinates":[[20.06313725490263,41.14498599439933],[37.83247567037743,0.5458132045088652]]},"properties":{"from":"ALB","to":"KEN","n":8,"internal":false,"kind":"mixed","labour":0,"sexual":0,"minor":6,"_k":"829"}},{"type":"Feature","geometry":{"type":"LineString","coordinates":[[-11.781139601139621,8.566581196581197],[16.73978625888801,62.82975884519814]]},"properties":{"from":"SLE","to":"SWE","n":8,"internal":false,"kind":"mixed","labour":0,"sexual":0,"minor":0,"_k":"830"}},{"type":"Feature","geometry":{"type":"LineString","coordinates":[[90.23205935882014,23.87796444071293],[29.866659293666544,26.491557914915564]]},"properties":{"from":"BGD","to":"EGY","n":8,"internal":false,"kind":"labour exploitation","labour":3,"sexual":0,"minor":2,"_k":"831"}},{"type":"Feature","geometry":{"type":"LineString","coordinates":[[-53.11193719339199,-10.836462514351837],[63.163427689140626,41.75163492880463]]},"properties":{"from":"BRA","to":"UZB","n":8,"internal":false,"kind":"labour exploitation","labour":1,"sexual":0,"minor":0,"_k":"832"}},{"type":"Feature","geometry":{"type":"LineString","coordinates":[[74.54052211635376,41.46228212874759],[35.89410774411856,33.92558922559957]]},"properties":{"from":"KGZ","to":"LBN","n":8,"internal":false,"kind":"labour exploitation","labour":2,"sexual":1,"minor":0,"_k":"833"}},{"type":"Feature","geometry":{"type":"LineString","coordinates":[[-14.469085365853688,14.363556910569123],[114.70422446406062,3.59975830180747]]},"properties":{"from":"SEN","to":"MYS","n":8,"internal":false,"kind":"labour exploitation","labour":2,"sexual":0,"minor":0,"_k":"834"}},{"type":"Feature","geometry":{"type":"LineString","coordinates":[[-1.759814528593513,12.270832413336304],[29.867651515151508,-3.348030303030272]]},"properties":{"from":"BFA","to":"BDI","n":8,"internal":false,"kind":"labour exploitation","labour":1,"sexual":0,"minor":0,"_k":"835"}},{"type":"Feature","geometry":{"type":"LineString","coordinates":[[12.737180841697482,5.695699066737103],[103.81264367816092,36.619860071494145]]},"properties":{"from":"CMR","to":"CHN","n":8,"internal":false,"kind":"sexual exploitation","labour":0,"sexual":2,"minor":0,"_k":"836"}},{"type":"Feature","geometry":{"type":"LineString","coordinates":[[29.93496098318132,15.981518572856197],[25.16763318375323,-29.011178230353238]]},"properties":{"from":"SDN","to":"ZAF","n":8,"internal":false,"kind":"mixed","labour":0,"sexual":0,"minor":0,"_k":"837"}},{"type":"Feature","geometry":{"type":"LineString","coordinates":[[66.01106583572992,33.83569297965267],[114.02062133826777,-0.19466928769655426]]},"properties":{"from":"AFG","to":"IDN","n":8,"internal":false,"kind":"labour exploitation","labour":1,"sexual":0,"minor":0,"_k":"838"}},{"type":"Feature","geometry":{"type":"LineString","coordinates":[[39.59780734834613,8.621718205653119],[32.36679363467085,1.2750126968004065]]},"properties":{"from":"ETH","to":"UGA","n":8,"internal":false,"kind":"mixed","labour":0,"sexual":0,"minor":0,"_k":"839"}},{"type":"Feature","geometry":{"type":"LineString","coordinates":[[39.59780734834613,8.621718205653119],[25.21336553945269,42.76359366613009]]},"properties":{"from":"ETH","to":"BGR","n":8,"internal":false,"kind":"labour exploitation","labour":1,"sexual":0,"minor":0,"_k":"840"}},{"type":"Feature","geometry":{"type":"LineString","coordinates":[[39.59780734834613,8.621718205653119],[-3.564693191192332,40.390322990037404]]},"properties":{"from":"ETH","to":"ESP","n":8,"internal":false,"kind":"labour exploitation","labour":1,"sexual":0,"minor":0,"_k":"841"}},{"type":"Feature","geometry":{"type":"LineString","coordinates":[[-1.2240238704177318,7.961261722080135],[10.373256621004517,51.09626301369856]]},"properties":{"from":"GHA","to":"DEU","n":8,"internal":false,"kind":"mixed","labour":0,"sexual":0,"minor":3,"_k":"842"}},{"type":"Feature","geometry":{"type":"LineString","coordinates":[[19.397411587659793,47.16835214446921],[106.29262653488702,16.66312668463577]]},"properties":{"from":"HUN","to":"VNM","n":8,"internal":false,"kind":"sexual exploitation","labour":0,"sexual":6,"minor":0,"_k":"843"}},{"type":"Feature","geometry":{"type":"LineString","coordinates":[[79.58201036306701,22.91399793698191],[114.17878787874693,22.42121212120512]]},"properties":{"from":"IND","to":"HKG","n":8,"internal":false,"kind":"mixed","labour":0,"sexual":0,"minor":0,"_k":"844"}},{"type":"Feature","geometry":{"type":"LineString","coordinates":[[104.90152976388326,12.723001884491634],[9.385737466057346,17.42154116166629]]},"properties":{"from":"KHM","to":"NER","n":8,"internal":false,"kind":"mixed","labour":0,"sexual":0,"minor":0,"_k":"845"}},{"type":"Feature","geometry":{"type":"LineString","coordinates":[[9.385737466057346,17.42154116166629],[-3.5451743486347445,17.342714243290896]]},"properties":{"from":"NER","to":"MLI","n":8,"internal":false,"kind":"mixed","labour":0,"sexual":0,"minor":0,"_k":"846"}},{"type":"Feature","geometry":{"type":"LineString","coordinates":[[121.42730496453794,15.945390070922295],[37.83247567037743,0.5458132045088652]]},"properties":{"from":"PHL","to":"KEN","n":8,"internal":false,"kind":"sexual exploitation","labour":1,"sexual":2,"minor":1,"_k":"847"}},{"type":"Feature","geometry":{"type":"LineString","coordinates":[[-11.781139601139621,8.566581196581197],[17.784189497717012,44.16866438356195]]},"properties":{"from":"SLE","to":"BIH","n":8,"internal":false,"kind":"sexual exploitation","labour":0,"sexual":1,"minor":2,"_k":"848"}},{"type":"Feature","geometry":{"type":"LineString","coordinates":[[-88.87837301586958,13.742361111110638],[-2.5118598832360344,53.94003336113461]]},"properties":{"from":"SLV","to":"GBR","n":8,"internal":false,"kind":"labour exploitation","labour":2,"sexual":0,"minor":0,"_k":"849"}},{"type":"Feature","geometry":{"type":"LineString","coordinates":[[63.163427689140626,41.75163492880463],[90.23205935882014,23.87796444071293]]},"properties":{"from":"UZB","to":"BGD","n":8,"internal":false,"kind":"sexual exploitation","labour":2,"sexual":3,"minor":0,"_k":"850"}},{"type":"Feature","geometry":{"type":"LineString","coordinates":[[23.638625091078172,-2.880533389516553],[-72.665695067267,18.932436472347298]]},"properties":{"from":"COD","to":"HTI","n":8,"internal":false,"kind":"labour exploitation","labour":1,"sexual":0,"minor":4,"_k":"851"}},{"type":"Feature","geometry":{"type":"LineString","coordinates":[[-88.87837301586958,13.742361111110638],[21.6760589318601,41.593124616329305]]},"properties":{"from":"SLV","to":"MKD","n":8,"internal":false,"kind":"mixed","labour":0,"sexual":0,"minor":3,"_k":"852"}},{"type":"Feature","geometry":{"type":"LineString","coordinates":[[66.01106583572992,33.83569297965267],[-3.564693191192332,40.390322990037404]]},"properties":{"from":"AFG","to":"ESP","n":8,"internal":false,"kind":"sexual exploitation","labour":1,"sexual":4,"minor":1,"_k":"853"}},{"type":"Feature","geometry":{"type":"LineString","coordinates":[[90.23205935882014,23.87796444071293],[8.088479508743816,9.594095136385867]]},"properties":{"from":"BGD","to":"NGA","n":8,"internal":false,"kind":"mixed","labour":0,"sexual":0,"minor":0,"_k":"854"}},{"type":"Feature","geometry":{"type":"LineString","coordinates":[[67.28533620759436,48.15882317221261],[-102.50809751599304,23.941580696597782]]},"properties":{"from":"KAZ","to":"MEX","n":8,"internal":false,"kind":"mixed","labour":0,"sexual":0,"minor":0,"_k":"855"}},{"type":"Feature","geometry":{"type":"LineString","coordinates":[[-11.781139601139621,8.566581196581197],[-73.08064382475897,3.906445453235302]]},"properties":{"from":"SLE","to":"COL","n":8,"internal":false,"kind":"sexual exploitation","labour":1,"sexual":2,"minor":0,"_k":"856"}},{"type":"Feature","geometry":{"type":"LineString","coordinates":[[-66.1847903388119,7.11499049535947],[-7.98068283917332,39.68341419586642]]},"properties":{"from":"VEN","to":"PRT","n":8,"internal":false,"kind":"labour exploitation","labour":2,"sexual":0,"minor":0,"_k":"857"}},{"type":"Feature","geometry":{"type":"LineString","coordinates":[[-64.6843651095079,-16.708133036731713],[-73.08064382475897,3.906445453235302]]},"properties":{"from":"BOL","to":"COL","n":8,"internal":false,"kind":"mixed","labour":0,"sexual":0,"minor":0,"_k":"858"}},{"type":"Feature","geometry":{"type":"LineString","coordinates":[[67.28533620759436,48.15882317221261],[28.04028419182972,53.53018354055703]]},"properties":{"from":"KAZ","to":"BLR","n":8,"internal":false,"kind":"sexual exploitation","labour":0,"sexual":1,"minor":0,"_k":"859"}},{"type":"Feature","geometry":{"type":"LineString","coordinates":[[80.70386384544673,7.614351425942975],[51.19086294416262,25.324534686971038]]},"properties":{"from":"LKA","to":"QAT","n":8,"internal":false,"kind":"mixed","labour":0,"sexual":0,"minor":0,"_k":"860"}},{"type":"Feature","geometry":{"type":"LineString","coordinates":[[-1.2240238704177318,7.961261722080135],[37.83247567037743,0.5458132045088652]]},"properties":{"from":"GHA","to":"KEN","n":8,"internal":false,"kind":"mixed","labour":0,"sexual":0,"minor":0,"_k":"861"}},{"type":"Feature","geometry":{"type":"LineString","coordinates":[[71.02002039429117,38.52857466576103],[-65.15022561757499,-35.175010887711316]]},"properties":{"from":"TJK","to":"ARG","n":8,"internal":false,"kind":"mixed","labour":0,"sexual":0,"minor":0,"_k":"862"}},{"type":"Feature","geometry":{"type":"LineString","coordinates":[[-5.570416190838727,7.621919807131076],[25.21336553945269,42.76359366613009]]},"properties":{"from":"CIV","to":"BGR","n":8,"internal":false,"kind":"labour exploitation","labour":1,"sexual":0,"minor":3,"_k":"863"}},{"type":"Feature","geometry":{"type":"LineString","coordinates":[[-1.2240238704177318,7.961261722080135],[71.02002039429117,38.52857466576103]]},"properties":{"from":"GHA","to":"TJK","n":8,"internal":false,"kind":"mixed","labour":0,"sexual":0,"minor":0,"_k":"864"}},{"type":"Feature","geometry":{"type":"LineString","coordinates":[[38.84792172084777,15.35206210577388],[-14.469085365853688,14.363556910569123]]},"properties":{"from":"ERI","to":"SEN","n":8,"internal":false,"kind":"mixed","labour":0,"sexual":0,"minor":0,"_k":"865"}},{"type":"Feature","geometry":{"type":"LineString","coordinates":[[-102.50809751599304,23.941580696597782],[-73.08064382475897,3.906445453235302]]},"properties":{"from":"MEX","to":"COL","n":8,"internal":false,"kind":"mixed","labour":0,"sexual":0,"minor":2,"_k":"866"}},{"type":"Feature","geometry":{"type":"LineString","coordinates":[[9.385737466057346,17.42154116166629],[104.90152976388326,12.723001884491634]]},"properties":{"from":"NER","to":"KHM","n":8,"internal":false,"kind":"labour exploitation","labour":1,"sexual":0,"minor":1,"_k":"867"}},{"type":"Feature","geometry":{"type":"LineString","coordinates":[[-73.08064382475897,3.906445453235302],[36.77003387128845,31.240426379756627]]},"properties":{"from":"COL","to":"JOR","n":8,"internal":false,"kind":"mixed","labour":0,"sexual":0,"minor":0,"_k":"868"}},{"type":"Feature","geometry":{"type":"LineString","coordinates":[[104.90152976388326,12.723001884491634],[29.867651515151508,-3.348030303030272]]},"properties":{"from":"KHM","to":"BDI","n":8,"internal":false,"kind":"mixed","labour":0,"sexual":0,"minor":0,"_k":"869"}},{"type":"Feature","geometry":{"type":"LineString","coordinates":[[106.29262653488702,16.66312668463577],[-14.469085365853688,14.363556910569123]]},"properties":{"from":"VNM","to":"SEN","n":8,"internal":false,"kind":"mixed","labour":0,"sexual":0,"minor":0,"_k":"870"}},{"type":"Feature","geometry":{"type":"LineString","coordinates":[[-14.469085365853688,14.363556910569123],[104.90152976388326,12.723001884491634]]},"properties":{"from":"SEN","to":"KHM","n":8,"internal":false,"kind":"sexual exploitation","labour":1,"sexual":3,"minor":0,"_k":"871"}},{"type":"Feature","geometry":{"type":"LineString","coordinates":[[23.638625091078172,-2.880533389516553],[18.01465069186637,27.027402407469932]]},"properties":{"from":"COD","to":"LBY","n":8,"internal":false,"kind":"mixed","labour":0,"sexual":0,"minor":0,"_k":"872"}},{"type":"Feature","geometry":{"type":"LineString","coordinates":[[-72.665695067267,18.932436472347298],[-14.469085365853688,14.363556910569123]]},"properties":{"from":"HTI","to":"SEN","n":8,"internal":false,"kind":"mixed","labour":0,"sexual":0,"minor":8,"_k":"873"}},{"type":"Feature","geometry":{"type":"LineString","coordinates":[[8.088479508743816,9.594095136385867],[71.02002039429117,38.52857466576103]]},"properties":{"from":"NGA","to":"TJK","n":8,"internal":false,"kind":"mixed","labour":0,"sexual":0,"minor":0,"_k":"874"}},{"type":"Feature","geometry":{"type":"LineString","coordinates":[[28.45629251700725,47.2012755102054],[56.08500217539864,20.567543041829605]]},"properties":{"from":"MDA","to":"OMN","n":8,"internal":false,"kind":"sexual exploitation","labour":0,"sexual":3,"minor":2,"_k":"875"}},{"type":"Feature","geometry":{"type":"LineString","coordinates":[[23.638625091078172,-2.880533389516553],[8.088479508743816,9.594095136385867]]},"properties":{"from":"COD","to":"NGA","n":8,"internal":false,"kind":"sexual exploitation","labour":0,"sexual":1,"minor":0,"_k":"876"}},{"type":"Feature","geometry":{"type":"LineString","coordinates":[[-77.33386809268346,18.16559714794817],[25.21336553945269,42.76359366613009]]},"properties":{"from":"JAM","to":"BGR","n":8,"internal":false,"kind":"mixed","labour":0,"sexual":0,"minor":0,"_k":"877"}},{"type":"Feature","geometry":{"type":"LineString","coordinates":[[99.0698642121238,61.66316880121902],[10.373256621004517,51.09626301369856]]},"properties":{"from":"RUS","to":"DEU","n":8,"internal":false,"kind":"mixed","labour":0,"sexual":0,"minor":1,"_k":"878"}},{"type":"Feature","geometry":{"type":"LineString","coordinates":[[-90.36942779291803,15.69158946412403],[103.81264367816092,36.619860071494145]]},"properties":{"from":"GTM","to":"CHN","n":7,"internal":false,"kind":"mixed","labour":0,"sexual":0,"minor":1,"_k":"879"}},{"type":"Feature","geometry":{"type":"LineString","coordinates":[[121.42730496453794,15.945390070922295],[8.088479508743816,9.594095136385867]]},"properties":{"from":"PHL","to":"NGA","n":7,"internal":false,"kind":"labour exploitation","labour":1,"sexual":0,"minor":1,"_k":"880"}},{"type":"Feature","geometry":{"type":"LineString","coordinates":[[-53.11193719339199,-10.836462514351837],[12.159371652981111,43.51930263001275]]},"properties":{"from":"BRA","to":"ITA","n":7,"internal":false,"kind":"mixed","labour":1,"sexual":1,"minor":0,"_k":"881"}},{"type":"Feature","geometry":{"type":"LineString","coordinates":[[-72.665695067267,18.932436472347298],[18.01465069186637,27.027402407469932]]},"properties":{"from":"HTI","to":"LBY","n":7,"internal":false,"kind":"labour exploitation","labour":1,"sexual":0,"minor":0,"_k":"882"}},{"type":"Feature","geometry":{"type":"LineString","coordinates":[[79.58201036306701,22.91399793698191],[8.088479508743816,9.594095136385867]]},"properties":{"from":"IND","to":"NGA","n":7,"internal":false,"kind":"mixed","labour":0,"sexual":0,"minor":2,"_k":"883"}},{"type":"Feature","geometry":{"type":"LineString","coordinates":[[-77.33386809268346,18.16559714794817],[56.08500217539864,20.567543041829605]]},"properties":{"from":"JAM","to":"OMN","n":7,"internal":false,"kind":"labour exploitation","labour":1,"sexual":0,"minor":0,"_k":"884"}},{"type":"Feature","geometry":{"type":"LineString","coordinates":[[74.54052211635376,41.46228212874759],[8.225583756345126,46.803756345177355]]},"properties":{"from":"KGZ","to":"CHE","n":7,"internal":false,"kind":"labour exploitation","labour":3,"sexual":2,"minor":0,"_k":"885"}},{"type":"Feature","geometry":{"type":"LineString","coordinates":[[96.4943751272419,21.205002472151694],[29.867651515151508,-3.348030303030272]]},"properties":{"from":"MMR","to":"BDI","n":7,"internal":false,"kind":"mixed","labour":0,"sexual":0,"minor":0,"_k":"886"}},{"type":"Feature","geometry":{"type":"LineString","coordinates":[[99.0698642121238,61.66316880121902],[-11.781139601139621,8.566581196581197]]},"properties":{"from":"RUS","to":"SLE","n":7,"internal":false,"kind":"labour exploitation","labour":1,"sexual":0,"minor":2,"_k":"887"}},{"type":"Feature","geometry":{"type":"LineString","coordinates":[[100.99889647721353,15.131083844580518],[9.385737466057346,17.42154116166629]]},"properties":{"from":"THA","to":"NER","n":7,"internal":false,"kind":"labour exploitation","labour":3,"sexual":1,"minor":0,"_k":"888"}},{"type":"Feature","geometry":{"type":"LineString","coordinates":[[19.397411587659793,47.16835214446921],[104.90152976388326,12.723001884491634]]},"properties":{"from":"HUN","to":"KHM","n":7,"internal":false,"kind":"sexual exploitation","labour":0,"sexual":4,"minor":0,"_k":"889"}},{"type":"Feature","geometry":{"type":"LineString","coordinates":[[-77.33386809268346,18.16559714794817],[8.088479508743816,9.594095136385867]]},"properties":{"from":"JAM","to":"NGA","n":7,"internal":false,"kind":"mixed","labour":1,"sexual":1,"minor":2,"_k":"890"}},{"type":"Feature","geometry":{"type":"LineString","coordinates":[[-102.50809751599304,23.941580696597782],[-102.3524834237017,57.93914584726518]]},"properties":{"from":"MEX","to":"CAN","n":7,"internal":false,"kind":"labour exploitation","labour":3,"sexual":0,"minor":1,"_k":"891"}},{"type":"Feature","geometry":{"type":"LineString","coordinates":[[8.088479508743816,9.594095136385867],[19.397113084377445,52.124826663422986]]},"properties":{"from":"NGA","to":"POL","n":7,"internal":false,"kind":"mixed","labour":0,"sexual":0,"minor":0,"_k":"892"}},{"type":"Feature","geometry":{"type":"LineString","coordinates":[[-90.36942779291803,15.69158946412403],[51.19086294416262,25.324534686971038]]},"properties":{"from":"GTM","to":"QAT","n":7,"internal":false,"kind":"sexual exploitation","labour":0,"sexual":2,"minor":0,"_k":"893"}},{"type":"Feature","geometry":{"type":"LineString","coordinates":[[-70.48172302737008,18.896296296294825],[103.81264367816092,36.619860071494145]]},"properties":{"from":"DOM","to":"CHN","n":7,"internal":false,"kind":"mixed","labour":1,"sexual":1,"minor":0,"_k":"894"}},{"type":"Feature","geometry":{"type":"LineString","coordinates":[[121.42730496453794,15.945390070922295],[96.4943751272419,21.205002472151694]]},"properties":{"from":"PHL","to":"MMR","n":7,"internal":false,"kind":"labour exploitation","labour":3,"sexual":0,"minor":0,"_k":"895"}},{"type":"Feature","geometry":{"type":"LineString","coordinates":[[100.99889647721353,15.131083844580518],[19.397113084377445,52.124826663422986]]},"properties":{"from":"THA","to":"POL","n":7,"internal":false,"kind":"labour exploitation","labour":3,"sexual":1,"minor":0,"_k":"896"}},{"type":"Feature","geometry":{"type":"LineString","coordinates":[[-88.87837301586958,13.742361111110638],[114.70422446406062,3.59975830180747]]},"properties":{"from":"SLV","to":"MYS","n":7,"internal":false,"kind":"sexual exploitation","labour":0,"sexual":2,"minor":0,"_k":"897"}},{"type":"Feature","geometry":{"type":"LineString","coordinates":[[8.088479508743816,9.594095136385867],[-3.564693191192332,40.390322990037404]]},"properties":{"from":"NGA","to":"ESP","n":7,"internal":false,"kind":"mixed","labour":0,"sexual":0,"minor":0,"_k":"898"}},{"type":"Feature","geometry":{"type":"LineString","coordinates":[[-15.33352601156058,13.459537572254273],[121.42730496453794,15.945390070922295]]},"properties":{"from":"GMB","to":"PHL","n":7,"internal":false,"kind":"labour exploitation","labour":3,"sexual":0,"minor":0,"_k":"899"}},{"type":"Feature","geometry":{"type":"LineString","coordinates":[[39.59780734834613,8.621718205653119],[79.58201036306701,22.91399793698191]]},"properties":{"from":"ETH","to":"IND","n":7,"internal":false,"kind":"sexual exploitation","labour":0,"sexual":1,"minor":3,"_k":"900"}},{"type":"Feature","geometry":{"type":"LineString","coordinates":[[-99.15068807156243,39.52967493310974],[44.53810637965998,24.123203283419123]]},"properties":{"from":"USA","to":"SAU","n":7,"internal":false,"kind":"labour exploitation","labour":2,"sexual":0,"minor":3,"_k":"901"}},{"type":"Feature","geometry":{"type":"LineString","coordinates":[[-86.63354643935271,14.822820103001074],[67.28533620759436,48.15882317221261]]},"properties":{"from":"HND","to":"KAZ","n":7,"internal":false,"kind":"sexual exploitation","labour":0,"sexual":3,"minor":1,"_k":"902"}},{"type":"Feature","geometry":{"type":"LineString","coordinates":[[-5.570416190838727,7.621919807131076],[-2.5118598832360344,53.94003336113461]]},"properties":{"from":"CIV","to":"GBR","n":7,"internal":false,"kind":"sexual exploitation","labour":0,"sexual":3,"minor":1,"_k":"903"}},{"type":"Feature","geometry":{"type":"LineString","coordinates":[[114.02062133826777,-0.19466928769655426],[22.562857999700014,39.462753036437284]]},"properties":{"from":"IDN","to":"GRC","n":7,"internal":false,"kind":"mixed","labour":0,"sexual":0,"minor":2,"_k":"904"}},{"type":"Feature","geometry":{"type":"LineString","coordinates":[[28.04028419182972,53.53018354055703],[17.784189497717012,44.16866438356195]]},"properties":{"from":"BLR","to":"BIH","n":7,"internal":false,"kind":"sexual exploitation","labour":0,"sexual":1,"minor":0,"_k":"905"}},{"type":"Feature","geometry":{"type":"LineString","coordinates":[[-64.6843651095079,-16.708133036731713],[37.83247567037743,0.5458132045088652]]},"properties":{"from":"BOL","to":"KEN","n":7,"internal":false,"kind":"sexual exploitation","labour":0,"sexual":1,"minor":3,"_k":"906"}},{"type":"Feature","geometry":{"type":"LineString","coordinates":[[-53.11193719339199,-10.836462514351837],[29.866659293666544,26.491557914915564]]},"properties":{"from":"BRA","to":"EGY","n":7,"internal":false,"kind":"mixed","labour":0,"sexual":0,"minor":0,"_k":"907"}},{"type":"Feature","geometry":{"type":"LineString","coordinates":[[38.84792172084777,15.35206210577388],[29.93496098318132,15.981518572856197]]},"properties":{"from":"ERI","to":"SDN","n":7,"internal":false,"kind":"mixed","labour":0,"sexual":0,"minor":0,"_k":"908"}},{"type":"Feature","geometry":{"type":"LineString","coordinates":[[-72.665695067267,18.932436472347298],[-102.50809751599304,23.941580696597782]]},"properties":{"from":"HTI","to":"MEX","n":7,"internal":false,"kind":"sexual exploitation","labour":0,"sexual":2,"minor":0,"_k":"909"}},{"type":"Feature","geometry":{"type":"LineString","coordinates":[[-66.1847903388119,7.11499049535947],[29.866659293666544,26.491557914915564]]},"properties":{"from":"VEN","to":"EGY","n":7,"internal":false,"kind":"labour exploitation","labour":2,"sexual":0,"minor":1,"_k":"910"}},{"type":"Feature","geometry":{"type":"LineString","coordinates":[[23.638625091078172,-2.880533389516553],[-1.2240238704177318,7.961261722080135]]},"properties":{"from":"COD","to":"GHA","n":7,"internal":false,"kind":"labour exploitation","labour":1,"sexual":0,"minor":2,"_k":"911"}},{"type":"Feature","geometry":{"type":"LineString","coordinates":[[29.93496098318132,15.981518572856197],[-14.469085365853688,14.363556910569123]]},"properties":{"from":"SDN","to":"SEN","n":7,"internal":false,"kind":"mixed","labour":0,"sexual":0,"minor":1,"_k":"912"}},{"type":"Feature","geometry":{"type":"LineString","coordinates":[[39.59780734834613,8.621718205653119],[54.31670676289835,23.90518577920364]]},"properties":{"from":"ETH","to":"ARE","n":7,"internal":false,"kind":"mixed","labour":0,"sexual":0,"minor":3,"_k":"913"}},{"type":"Feature","geometry":{"type":"LineString","coordinates":[[-90.36942779291803,15.69158946412403],[99.0698642121238,61.66316880121902]]},"properties":{"from":"GTM","to":"RUS","n":7,"internal":false,"kind":"mixed","labour":0,"sexual":0,"minor":2,"_k":"914"}},{"type":"Feature","geometry":{"type":"LineString","coordinates":[[29.867651515151508,-3.348030303030272],[99.0698642121238,61.66316880121902]]},"properties":{"from":"BDI","to":"RUS","n":7,"internal":false,"kind":"mixed","labour":1,"sexual":1,"minor":1,"_k":"915"}},{"type":"Feature","geometry":{"type":"LineString","coordinates":[[25.21336553945269,42.76359366613009],[8.225583756345126,46.803756345177355]]},"properties":{"from":"BGR","to":"CHE","n":7,"internal":false,"kind":"mixed","labour":0,"sexual":0,"minor":1,"_k":"916"}},{"type":"Feature","geometry":{"type":"LineString","coordinates":[[-64.6843651095079,-16.708133036731713],[99.0698642121238,61.66316880121902]]},"properties":{"from":"BOL","to":"RUS","n":7,"internal":false,"kind":"sexual exploitation","labour":0,"sexual":2,"minor":0,"_k":"917"}},{"type":"Feature","geometry":{"type":"LineString","coordinates":[[-73.08064382475897,3.906445453235302],[-8.39442734733289,29.842976104272296]]},"properties":{"from":"COL","to":"MAR","n":7,"internal":false,"kind":"mixed","labour":0,"sexual":0,"minor":1,"_k":"918"}},{"type":"Feature","geometry":{"type":"LineString","coordinates":[[96.4943751272419,21.205002472151694],[99.0698642121238,61.66316880121902]]},"properties":{"from":"MMR","to":"RUS","n":7,"internal":false,"kind":"sexual exploitation","labour":0,"sexual":1,"minor":1,"_k":"919"}},{"type":"Feature","geometry":{"type":"LineString","coordinates":[[-90.36942779291803,15.69158946412403],[10.373256621004517,51.09626301369856]]},"properties":{"from":"GTM","to":"DEU","n":7,"internal":false,"kind":"sexual exploitation","labour":0,"sexual":2,"minor":1,"_k":"920"}},{"type":"Feature","geometry":{"type":"LineString","coordinates":[[96.4943751272419,21.205002472151694],[79.58201036306701,22.91399793698191]]},"properties":{"from":"MMR","to":"IND","n":7,"internal":false,"kind":"sexual exploitation","labour":0,"sexual":1,"minor":1,"_k":"921"}},{"type":"Feature","geometry":{"type":"LineString","coordinates":[[66.01106583572992,33.83569297965267],[-72.665695067267,18.932436472347298]]},"properties":{"from":"AFG","to":"HTI","n":7,"internal":false,"kind":"mixed","labour":0,"sexual":0,"minor":6,"_k":"922"}},{"type":"Feature","geometry":{"type":"LineString","coordinates":[[23.638625091078172,-2.880533389516553],[31.25062821784535,49.15969486561811]]},"properties":{"from":"COD","to":"UKR","n":7,"internal":false,"kind":"mixed","labour":0,"sexual":0,"minor":0,"_k":"923"}},{"type":"Feature","geometry":{"type":"LineString","coordinates":[[19.397411587659793,47.16835214446921],[15.314334181509967,49.73192536047586]]},"properties":{"from":"HUN","to":"CZE","n":7,"internal":false,"kind":"sexual exploitation","labour":0,"sexual":2,"minor":0,"_k":"924"}},{"type":"Feature","geometry":{"type":"LineString","coordinates":[[-15.33352601156058,13.459537572254273],[-99.15068807156243,39.52967493310974]]},"properties":{"from":"GMB","to":"USA","n":7,"internal":false,"kind":"mixed","labour":0,"sexual":0,"minor":0,"_k":"925"}},{"type":"Feature","geometry":{"type":"LineString","coordinates":[[37.83247567037743,0.5458132045088652],[71.02002039429117,38.52857466576103]]},"properties":{"from":"KEN","to":"TJK","n":7,"internal":false,"kind":"mixed","labour":0,"sexual":0,"minor":0,"_k":"926"}},{"type":"Feature","geometry":{"type":"LineString","coordinates":[[96.4943751272419,21.205002472151694],[-2.5118598832360344,53.94003336113461]]},"properties":{"from":"MMR","to":"GBR","n":7,"internal":false,"kind":"mixed","labour":0,"sexual":0,"minor":0,"_k":"927"}},{"type":"Feature","geometry":{"type":"LineString","coordinates":[[37.83247567037743,0.5458132045088652],[114.02062133826777,-0.19466928769655426]]},"properties":{"from":"KEN","to":"IDN","n":7,"internal":false,"kind":"mixed","labour":1,"sexual":1,"minor":0,"_k":"928"}},{"type":"Feature","geometry":{"type":"LineString","coordinates":[[106.29262653488702,16.66312668463577],[12.159371652981111,43.51930263001275]]},"properties":{"from":"VNM","to":"ITA","n":7,"internal":false,"kind":"mixed","labour":0,"sexual":0,"minor":2,"_k":"929"}},{"type":"Feature","geometry":{"type":"LineString","coordinates":[[100.99889647721353,15.131083844580518],[-11.781139601139621,8.566581196581197]]},"properties":{"from":"THA","to":"SLE","n":7,"internal":false,"kind":"mixed","labour":0,"sexual":0,"minor":3,"_k":"930"}},{"type":"Feature","geometry":{"type":"LineString","coordinates":[[-77.33386809268346,18.16559714794817],[32.36679363467085,1.2750126968004065]]},"properties":{"from":"JAM","to":"UGA","n":7,"internal":false,"kind":"labour exploitation","labour":1,"sexual":0,"minor":0,"_k":"931"}},{"type":"Feature","geometry":{"type":"LineString","coordinates":[[-102.50809751599304,23.941580696597782],[16.73978625888801,62.82975884519814]]},"properties":{"from":"MEX","to":"SWE","n":7,"internal":false,"kind":"sexual exploitation","labour":0,"sexual":1,"minor":1,"_k":"932"}},{"type":"Feature","geometry":{"type":"LineString","coordinates":[[-86.63354643935271,14.822820103001074],[90.23205935882014,23.87796444071293]]},"properties":{"from":"HND","to":"BGD","n":7,"internal":false,"kind":"labour exploitation","labour":4,"sexual":0,"minor":0,"_k":"933"}},{"type":"Feature","geometry":{"type":"LineString","coordinates":[[-90.36942779291803,15.69158946412403],[-102.3524834237017,57.93914584726518]]},"properties":{"from":"GTM","to":"CAN","n":7,"internal":false,"kind":"sexual exploitation","labour":1,"sexual":5,"minor":0,"_k":"934"}},{"type":"Feature","geometry":{"type":"LineString","coordinates":[[90.23205935882014,23.87796444071293],[25.16763318375323,-29.011178230353238]]},"properties":{"from":"BGD","to":"ZAF","n":7,"internal":false,"kind":"mixed","labour":0,"sexual":0,"minor":0,"_k":"935"}},{"type":"Feature","geometry":{"type":"LineString","coordinates":[[80.70386384544673,7.614351425942975],[-1.2240238704177318,7.961261722080135]]},"properties":{"from":"LKA","to":"GHA","n":7,"internal":false,"kind":"mixed","labour":0,"sexual":0,"minor":0,"_k":"936"}},{"type":"Feature","geometry":{"type":"LineString","coordinates":[[39.59780734834613,8.621718205653119],[-7.98068283917332,39.68341419586642]]},"properties":{"from":"ETH","to":"PRT","n":7,"internal":false,"kind":"labour exploitation","labour":1,"sexual":0,"minor":0,"_k":"937"}},{"type":"Feature","geometry":{"type":"LineString","coordinates":[[114.02062133826777,-0.19466928769655426],[16.73978625888801,62.82975884519814]]},"properties":{"from":"IDN","to":"SWE","n":7,"internal":false,"kind":"labour exploitation","labour":4,"sexual":0,"minor":0,"_k":"938"}},{"type":"Feature","geometry":{"type":"LineString","coordinates":[[-73.08064382475897,3.906445453235302],[63.163427689140626,41.75163492880463]]},"properties":{"from":"COL","to":"UZB","n":7,"internal":false,"kind":"sexual exploitation","labour":0,"sexual":1,"minor":0,"_k":"939"}},{"type":"Feature","geometry":{"type":"LineString","coordinates":[[8.088479508743816,9.594095136385867],[-14.469085365853688,14.363556910569123]]},"properties":{"from":"NGA","to":"SEN","n":7,"internal":false,"kind":"labour exploitation","labour":1,"sexual":0,"minor":3,"_k":"940"}},{"type":"Feature","geometry":{"type":"LineString","coordinates":[[-15.33352601156058,13.459537572254273],[-8.39442734733289,29.842976104272296]]},"properties":{"from":"GMB","to":"MAR","n":7,"internal":false,"kind":"mixed","labour":0,"sexual":0,"minor":0,"_k":"941"}},{"type":"Feature","geometry":{"type":"LineString","coordinates":[[80.70386384544673,7.614351425942975],[-8.39442734733289,29.842976104272296]]},"properties":{"from":"LKA","to":"MAR","n":7,"internal":false,"kind":"labour exploitation","labour":4,"sexual":1,"minor":0,"_k":"942"}},{"type":"Feature","geometry":{"type":"LineString","coordinates":[[83.91471382952646,28.2503070498651],[35.435564029234044,38.98751827136936]]},"properties":{"from":"NPL","to":"TUR","n":7,"internal":false,"kind":"labour exploitation","labour":1,"sexual":0,"minor":0,"_k":"943"}},{"type":"Feature","geometry":{"type":"LineString","coordinates":[[66.01106583572992,33.83569297965267],[20.06313725490263,41.14498599439933]]},"properties":{"from":"AFG","to":"ALB","n":7,"internal":false,"kind":"sexual exploitation","labour":0,"sexual":2,"minor":4,"_k":"944"}},{"type":"Feature","geometry":{"type":"LineString","coordinates":[[66.01106583572992,33.83569297965267],[15.314334181509967,49.73192536047586]]},"properties":{"from":"AFG","to":"CZE","n":7,"internal":false,"kind":"mixed","labour":0,"sexual":0,"minor":0,"_k":"945"}},{"type":"Feature","geometry":{"type":"LineString","coordinates":[[66.01106583572992,33.83569297965267],[71.02002039429117,38.52857466576103]]},"properties":{"from":"AFG","to":"TJK","n":7,"internal":false,"kind":"mixed","labour":0,"sexual":0,"minor":0,"_k":"946"}},{"type":"Feature","geometry":{"type":"LineString","coordinates":[[29.867651515151508,-3.348030303030272],[-5.570416190838727,7.621919807131076]]},"properties":{"from":"BDI","to":"CIV","n":7,"internal":false,"kind":"mixed","labour":0,"sexual":0,"minor":1,"_k":"947"}},{"type":"Feature","geometry":{"type":"LineString","coordinates":[[25.21336553945269,42.76359366613009],[-7.98068283917332,39.68341419586642]]},"properties":{"from":"BGR","to":"PRT","n":7,"internal":false,"kind":"labour exploitation","labour":1,"sexual":0,"minor":2,"_k":"948"}},{"type":"Feature","geometry":{"type":"LineString","coordinates":[[23.638625091078172,-2.880533389516553],[96.4943751272419,21.205002472151694]]},"properties":{"from":"COD","to":"MMR","n":7,"internal":false,"kind":"mixed","labour":0,"sexual":0,"minor":2,"_k":"949"}},{"type":"Feature","geometry":{"type":"LineString","coordinates":[[23.638625091078172,-2.880533389516553],[44.53810637965998,24.123203283419123]]},"properties":{"from":"COD","to":"SAU","n":7,"internal":false,"kind":"mixed","labour":1,"sexual":1,"minor":1,"_k":"950"}},{"type":"Feature","geometry":{"type":"LineString","coordinates":[[-73.08064382475897,3.906445453235302],[67.28533620759436,48.15882317221261]]},"properties":{"from":"COL","to":"KAZ","n":7,"internal":false,"kind":"mixed","labour":0,"sexual":0,"minor":0,"_k":"951"}},{"type":"Feature","geometry":{"type":"LineString","coordinates":[[-1.2240238704177318,7.961261722080135],[-5.570416190838727,7.621919807131076]]},"properties":{"from":"GHA","to":"CIV","n":7,"internal":false,"kind":"labour exploitation","labour":3,"sexual":0,"minor":3,"_k":"952"}},{"type":"Feature","geometry":{"type":"LineString","coordinates":[[19.397411587659793,47.16835214446921],[29.866659293666544,26.491557914915564]]},"properties":{"from":"HUN","to":"EGY","n":7,"internal":false,"kind":"labour exploitation","labour":1,"sexual":0,"minor":0,"_k":"953"}},{"type":"Feature","geometry":{"type":"LineString","coordinates":[[79.58201036306701,22.91399793698191],[21.6760589318601,41.593124616329305]]},"properties":{"from":"IND","to":"MKD","n":7,"internal":false,"kind":"labour exploitation","labour":3,"sexual":0,"minor":0,"_k":"954"}},{"type":"Feature","geometry":{"type":"LineString","coordinates":[[79.58201036306701,22.91399793698191],[29.93496098318132,15.981518572856197]]},"properties":{"from":"IND","to":"SDN","n":7,"internal":false,"kind":"sexual exploitation","labour":0,"sexual":2,"minor":0,"_k":"955"}},{"type":"Feature","geometry":{"type":"LineString","coordinates":[[67.28533620759436,48.15882317221261],[104.90152976388326,12.723001884491634]]},"properties":{"from":"KAZ","to":"KHM","n":7,"internal":false,"kind":"labour exploitation","labour":1,"sexual":0,"minor":0,"_k":"956"}},{"type":"Feature","geometry":{"type":"LineString","coordinates":[[37.83247567037743,0.5458132045088652],[104.90152976388326,12.723001884491634]]},"properties":{"from":"KEN","to":"KHM","n":7,"internal":false,"kind":"sexual exploitation","labour":0,"sexual":2,"minor":0,"_k":"957"}},{"type":"Feature","geometry":{"type":"LineString","coordinates":[[127.86513146285003,36.459678842418775],[-2.5118598832360344,53.94003336113461]]},"properties":{"from":"KOR","to":"GBR","n":7,"internal":false,"kind":"sexual exploitation","labour":0,"sexual":3,"minor":1,"_k":"958"}},{"type":"Feature","geometry":{"type":"LineString","coordinates":[[121.42730496453794,15.945390070922295],[39.59780734834613,8.621718205653119]]},"properties":{"from":"PHL","to":"ETH","n":7,"internal":false,"kind":"mixed","labour":0,"sexual":0,"minor":1,"_k":"959"}},{"type":"Feature","geometry":{"type":"LineString","coordinates":[[-14.469085365853688,14.363556910569123],[67.28533620759436,48.15882317221261]]},"properties":{"from":"SEN","to":"KAZ","n":7,"internal":false,"kind":"mixed","labour":0,"sexual":0,"minor":0,"_k":"960"}},{"type":"Feature","geometry":{"type":"LineString","coordinates":[[-14.469085365853688,14.363556910569123],[35.435564029234044,38.98751827136936]]},"properties":{"from":"SEN","to":"TUR","n":7,"internal":false,"kind":"mixed","labour":1,"sexual":1,"minor":0,"_k":"961"}},{"type":"Feature","geometry":{"type":"LineString","coordinates":[[-11.781139601139621,8.566581196581197],[39.59780734834613,8.621718205653119]]},"properties":{"from":"SLE","to":"ETH","n":7,"internal":false,"kind":"mixed","labour":0,"sexual":0,"minor":0,"_k":"962"}},{"type":"Feature","geometry":{"type":"LineString","coordinates":[[71.02002039429117,38.52857466576103],[66.01106583572992,33.83569297965267]]},"properties":{"from":"TJK","to":"AFG","n":7,"internal":false,"kind":"mixed","labour":1,"sexual":1,"minor":0,"_k":"963"}},{"type":"Feature","geometry":{"type":"LineString","coordinates":[[59.37547869265088,39.112478318539196],[-7.98068283917332,39.68341419586642]]},"properties":{"from":"TKM","to":"PRT","n":7,"internal":false,"kind":"sexual exploitation","labour":0,"sexual":1,"minor":1,"_k":"964"}},{"type":"Feature","geometry":{"type":"LineString","coordinates":[[25.21336553945269,42.76359366613009],[-102.3524834237017,57.93914584726518]]},"properties":{"from":"BGR","to":"CAN","n":7,"internal":false,"kind":"labour exploitation","labour":2,"sexual":0,"minor":1,"_k":"965"}},{"type":"Feature","geometry":{"type":"LineString","coordinates":[[20.78808712121224,44.222859848485236],[9.385737466057346,17.42154116166629]]},"properties":{"from":"SRB","to":"NER","n":7,"internal":false,"kind":"mixed","labour":0,"sexual":0,"minor":1,"_k":"966"}},{"type":"Feature","geometry":{"type":"LineString","coordinates":[[29.867651515151508,-3.348030303030272],[114.70422446406062,3.59975830180747]]},"properties":{"from":"BDI","to":"MYS","n":7,"internal":false,"kind":"mixed","labour":0,"sexual":0,"minor":0,"_k":"967"}},{"type":"Feature","geometry":{"type":"LineString","coordinates":[[74.54052211635376,41.46228212874759],[100.99889647721353,15.131083844580518]]},"properties":{"from":"KGZ","to":"THA","n":7,"internal":false,"kind":"mixed","labour":0,"sexual":0,"minor":0,"_k":"968"}},{"type":"Feature","geometry":{"type":"LineString","coordinates":[[23.638625091078172,-2.880533389516553],[34.797471428881245,-6.275978574371658]]},"properties":{"from":"COD","to":"TZA","n":7,"internal":false,"kind":"mixed","labour":0,"sexual":0,"minor":0,"_k":"969"}},{"type":"Feature","geometry":{"type":"LineString","coordinates":[[-10.942001987083952,10.436719655572134],[10.373256621004517,51.09626301369856]]},"properties":{"from":"GIN","to":"DEU","n":7,"internal":false,"kind":"mixed","labour":0,"sexual":0,"minor":1,"_k":"970"}},{"type":"Feature","geometry":{"type":"LineString","coordinates":[[114.02062133826777,-0.19466928769655426],[37.83247567037743,0.5458132045088652]]},"properties":{"from":"IDN","to":"KEN","n":7,"internal":false,"kind":"mixed","labour":0,"sexual":0,"minor":0,"_k":"971"}},{"type":"Feature","geometry":{"type":"LineString","coordinates":[[100.99889647721353,15.131083844580518],[43.749838187702075,33.03551977267332]]},"properties":{"from":"THA","to":"IRQ","n":7,"internal":false,"kind":"mixed","labour":0,"sexual":0,"minor":0,"_k":"972"}},{"type":"Feature","geometry":{"type":"LineString","coordinates":[[71.02002039429117,38.52857466576103],[32.36679363467085,1.2750126968004065]]},"properties":{"from":"TJK","to":"UGA","n":7,"internal":false,"kind":"labour exploitation","labour":1,"sexual":0,"minor":1,"_k":"973"}},{"type":"Feature","geometry":{"type":"LineString","coordinates":[[-15.33352601156058,13.459537572254273],[114.02062133826777,-0.19466928769655426]]},"properties":{"from":"GMB","to":"IDN","n":7,"internal":false,"kind":"mixed","labour":0,"sexual":0,"minor":0,"_k":"974"}},{"type":"Feature","geometry":{"type":"LineString","coordinates":[[66.01106583572992,33.83569297965267],[9.385737466057346,17.42154116166629]]},"properties":{"from":"AFG","to":"NER","n":7,"internal":false,"kind":"mixed","labour":0,"sexual":0,"minor":3,"_k":"975"}},{"type":"Feature","geometry":{"type":"LineString","coordinates":[[29.867651515151508,-3.348030303030272],[103.81264367816092,36.619860071494145]]},"properties":{"from":"BDI","to":"CHN","n":7,"internal":false,"kind":"labour exploitation","labour":1,"sexual":0,"minor":4,"_k":"976"}},{"type":"Feature","geometry":{"type":"LineString","coordinates":[[67.28533620759436,48.15882317221261],[137.96621280888957,36.65896549240351]]},"properties":{"from":"KAZ","to":"JPN","n":7,"internal":false,"kind":"labour exploitation","labour":3,"sexual":0,"minor":0,"_k":"977"}},{"type":"Feature","geometry":{"type":"LineString","coordinates":[[74.54052211635376,41.46228212874759],[-11.781139601139621,8.566581196581197]]},"properties":{"from":"KGZ","to":"SLE","n":7,"internal":false,"kind":"sexual exploitation","labour":0,"sexual":1,"minor":0,"_k":"978"}},{"type":"Feature","geometry":{"type":"LineString","coordinates":[[96.4943751272419,21.205002472151694],[-14.469085365853688,14.363556910569123]]},"properties":{"from":"MMR","to":"SEN","n":7,"internal":false,"kind":"labour exploitation","labour":2,"sexual":0,"minor":0,"_k":"979"}},{"type":"Feature","geometry":{"type":"LineString","coordinates":[[45.71869717852055,4.765362111558975],[20.06313725490263,41.14498599439933]]},"properties":{"from":"SOM","to":"ALB","n":7,"internal":false,"kind":"sexual exploitation","labour":0,"sexual":1,"minor":0,"_k":"980"}},{"type":"Feature","geometry":{"type":"LineString","coordinates":[[71.02002039429117,38.52857466576103],[-72.665695067267,18.932436472347298]]},"properties":{"from":"TJK","to":"HTI","n":7,"internal":false,"kind":"mixed","labour":0,"sexual":0,"minor":2,"_k":"981"}},{"type":"Feature","geometry":{"type":"LineString","coordinates":[[-1.2240238704177318,7.961261722080135],[28.04028419182972,53.53018354055703]]},"properties":{"from":"GHA","to":"BLR","n":7,"internal":false,"kind":"mixed","labour":0,"sexual":0,"minor":1,"_k":"982"}},{"type":"Feature","geometry":{"type":"LineString","coordinates":[[9.385737466057346,17.42154116166629],[-102.50809751599304,23.941580696597782]]},"properties":{"from":"NER","to":"MEX","n":7,"internal":false,"kind":"mixed","labour":0,"sexual":0,"minor":3,"_k":"983"}},{"type":"Feature","geometry":{"type":"LineString","coordinates":[[79.58201036306701,22.91399793698191],[5.6503386809269225,52.28581105169354]]},"properties":{"from":"IND","to":"NLD","n":7,"internal":false,"kind":"mixed","labour":0,"sexual":0,"minor":0,"_k":"984"}},{"type":"Feature","geometry":{"type":"LineString","coordinates":[[74.54052211635376,41.46228212874759],[5.6503386809269225,52.28581105169354]]},"properties":{"from":"KGZ","to":"NLD","n":7,"internal":false,"kind":"sexual exploitation","labour":0,"sexual":1,"minor":0,"_k":"985"}},{"type":"Feature","geometry":{"type":"LineString","coordinates":[[23.638625091078172,-2.880533389516553],[103.81264367816092,36.619860071494145]]},"properties":{"from":"COD","to":"CHN","n":7,"internal":false,"kind":"mixed","labour":0,"sexual":0,"minor":0,"_k":"986"}},{"type":"Feature","geometry":{"type":"LineString","coordinates":[[20.06313725490263,41.14498599439933],[-102.3524834237017,57.93914584726518]]},"properties":{"from":"ALB","to":"CAN","n":7,"internal":false,"kind":"mixed","labour":0,"sexual":0,"minor":0,"_k":"987"}},{"type":"Feature","geometry":{"type":"LineString","coordinates":[[103.73965899403798,18.494330775789493],[-102.50809751599304,23.941580696597782]]},"properties":{"from":"LAO","to":"MEX","n":7,"internal":false,"kind":"mixed","labour":1,"sexual":1,"minor":1,"_k":"988"}},{"type":"Feature","geometry":{"type":"LineString","coordinates":[[9.385737466057346,17.42154116166629],[34.797471428881245,-6.275978574371658]]},"properties":{"from":"NER","to":"TZA","n":7,"internal":false,"kind":"labour exploitation","labour":1,"sexual":0,"minor":2,"_k":"989"}},{"type":"Feature","geometry":{"type":"LineString","coordinates":[[-11.781139601139621,8.566581196581197],[54.31670676289835,23.90518577920364]]},"properties":{"from":"SLE","to":"ARE","n":7,"internal":false,"kind":"sexual exploitation","labour":0,"sexual":2,"minor":0,"_k":"990"}},{"type":"Feature","geometry":{"type":"LineString","coordinates":[[-72.665695067267,18.932436472347298],[114.70422446406062,3.59975830180747]]},"properties":{"from":"HTI","to":"MYS","n":7,"internal":false,"kind":"mixed","labour":0,"sexual":0,"minor":0,"_k":"991"}},{"type":"Feature","geometry":{"type":"LineString","coordinates":[[19.397411587659793,47.16835214446921],[16.73978625888801,62.82975884519814]]},"properties":{"from":"HUN","to":"SWE","n":7,"internal":false,"kind":"mixed","labour":0,"sexual":0,"minor":0,"_k":"992"}},{"type":"Feature","geometry":{"type":"LineString","coordinates":[[45.71869717852055,4.765362111558975],[114.70422446406062,3.59975830180747]]},"properties":{"from":"SOM","to":"MYS","n":7,"internal":false,"kind":"mixed","labour":0,"sexual":0,"minor":0,"_k":"993"}},{"type":"Feature","geometry":{"type":"LineString","coordinates":[[103.81264367816092,36.619860071494145],[32.36679363467085,1.2750126968004065]]},"properties":{"from":"CHN","to":"UGA","n":7,"internal":false,"kind":"mixed","labour":0,"sexual":0,"minor":0,"_k":"994"}},{"type":"Feature","geometry":{"type":"LineString","coordinates":[[90.23205935882014,23.87796444071293],[137.96621280888957,36.65896549240351]]},"properties":{"from":"BGD","to":"JPN","n":7,"internal":false,"kind":"mixed","labour":0,"sexual":0,"minor":0,"_k":"995"}},{"type":"Feature","geometry":{"type":"LineString","coordinates":[[96.4943751272419,21.205002472151694],[35.89410774411856,33.92558922559957]]},"properties":{"from":"MMR","to":"LBN","n":7,"internal":false,"kind":"sexual exploitation","labour":0,"sexual":2,"minor":0,"_k":"996"}},{"type":"Feature","geometry":{"type":"LineString","coordinates":[[9.385737466057346,17.42154116166629],[114.17878787874693,22.42121212120512]]},"properties":{"from":"NER","to":"HKG","n":7,"internal":false,"kind":"mixed","labour":0,"sexual":0,"minor":2,"_k":"997"}},{"type":"Feature","geometry":{"type":"LineString","coordinates":[[103.81264367816092,36.619860071494145],[114.02062133826777,-0.19466928769655426]]},"properties":{"from":"CHN","to":"IDN","n":7,"internal":false,"kind":"mixed","labour":0,"sexual":0,"minor":0,"_k":"998"}},{"type":"Feature","geometry":{"type":"LineString","coordinates":[[28.45629251700725,47.2012755102054],[9.548798947022076,34.111867939015156]]},"properties":{"from":"MDA","to":"TUN","n":7,"internal":false,"kind":"mixed","labour":0,"sexual":0,"minor":0,"_k":"999"}},{"type":"Feature","geometry":{"type":"LineString","coordinates":[[-5.570416190838727,7.621919807131076],[20.78808712121224,44.222859848485236]]},"properties":{"from":"CIV","to":"SRB","n":7,"internal":false,"kind":"mixed","labour":0,"sexual":0,"minor":1,"_k":"1000"}},{"type":"Feature","geometry":{"type":"LineString","coordinates":[[80.70386384544673,7.614351425942975],[114.17878787874693,22.42121212120512]]},"properties":{"from":"LKA","to":"HKG","n":6,"internal":false,"kind":"labour exploitation","labour":2,"sexual":0,"minor":0,"_k":"1001"}},{"type":"Feature","geometry":{"type":"LineString","coordinates":[[114.02062133826777,-0.19466928769655426],[8.225583756345126,46.803756345177355]]},"properties":{"from":"IDN","to":"CHE","n":6,"internal":false,"kind":"sexual exploitation","labour":1,"sexual":4,"minor":0,"_k":"1002"}},{"type":"Feature","geometry":{"type":"LineString","coordinates":[[20.06313725490263,41.14498599439933],[-8.39442734733289,29.842976104272296]]},"properties":{"from":"ALB","to":"MAR","n":6,"internal":false,"kind":"sexual exploitation","labour":0,"sexual":3,"minor":0,"_k":"1003"}},{"type":"Feature","geometry":{"type":"LineString","coordinates":[[28.04028419182972,53.53018354055703],[114.17878787874693,22.42121212120512]]},"properties":{"from":"BLR","to":"HKG","n":6,"internal":false,"kind":"mixed","labour":0,"sexual":0,"minor":0,"_k":"1004"}},{"type":"Feature","geometry":{"type":"LineString","coordinates":[[38.84792172084777,15.35206210577388],[51.19086294416262,25.324534686971038]]},"properties":{"from":"ERI","to":"QAT","n":6,"internal":false,"kind":"mixed","labour":0,"sexual":0,"minor":0,"_k":"1005"}},{"type":"Feature","geometry":{"type":"LineString","coordinates":[[39.59780734834613,8.621718205653119],[100.99889647721353,15.131083844580518]]},"properties":{"from":"ETH","to":"THA","n":6,"internal":false,"kind":"mixed","labour":0,"sexual":0,"minor":0,"_k":"1006"}},{"type":"Feature","geometry":{"type":"LineString","coordinates":[[-10.942001987083952,10.436719655572134],[-5.570416190838727,7.621919807131076]]},"properties":{"from":"GIN","to":"CIV","n":6,"internal":false,"kind":"mixed","labour":0,"sexual":0,"minor":2,"_k":"1007"}},{"type":"Feature","geometry":{"type":"LineString","coordinates":[[19.397411587659793,47.16835214446921],[-8.39442734733289,29.842976104272296]]},"properties":{"from":"HUN","to":"MAR","n":6,"internal":false,"kind":"mixed","labour":0,"sexual":0,"minor":0,"_k":"1008"}},{"type":"Feature","geometry":{"type":"LineString","coordinates":[[114.02062133826777,-0.19466928769655426],[24.9832298892535,45.850663259096045]]},"properties":{"from":"IDN","to":"ROU","n":6,"internal":false,"kind":"sexual exploitation","labour":0,"sexual":2,"minor":0,"_k":"1009"}},{"type":"Feature","geometry":{"type":"LineString","coordinates":[[79.58201036306701,22.91399793698191],[28.04028419182972,53.53018354055703]]},"properties":{"from":"IND","to":"BLR","n":6,"internal":false,"kind":"sexual exploitation","labour":0,"sexual":1,"minor":0,"_k":"1010"}},{"type":"Feature","geometry":{"type":"LineString","coordinates":[[8.088479508743816,9.594095136385867],[103.81264367816092,36.619860071494145]]},"properties":{"from":"NGA","to":"CHN","n":6,"internal":false,"kind":"mixed","labour":0,"sexual":0,"minor":1,"_k":"1011"}},{"type":"Feature","geometry":{"type":"LineString","coordinates":[[20.06313725490263,41.14498599439933],[22.562857999700014,39.462753036437284]]},"properties":{"from":"ALB","to":"GRC","n":6,"internal":false,"kind":"labour exploitation","labour":1,"sexual":0,"minor":1,"_k":"1012"}},{"type":"Feature","geometry":{"type":"LineString","coordinates":[[96.4943751272419,21.205002472151694],[137.96621280888957,36.65896549240351]]},"properties":{"from":"MMR","to":"JPN","n":6,"internal":false,"kind":"labour exploitation","labour":2,"sexual":0,"minor":1,"_k":"1013"}},{"type":"Feature","geometry":{"type":"LineString","coordinates":[[-99.15068807156243,39.52967493310974],[137.96621280888957,36.65896549240351]]},"properties":{"from":"USA","to":"JPN","n":6,"internal":false,"kind":"labour exploitation","labour":1,"sexual":0,"minor":1,"_k":"1014"}},{"type":"Feature","geometry":{"type":"LineString","coordinates":[[39.59780734834613,8.621718205653119],[8.225583756345126,46.803756345177355]]},"properties":{"from":"ETH","to":"CHE","n":6,"internal":false,"kind":"sexual exploitation","labour":0,"sexual":4,"minor":3,"_k":"1015"}},{"type":"Feature","geometry":{"type":"LineString","coordinates":[[-88.87837301586958,13.742361111110638],[-7.98068283917332,39.68341419586642]]},"properties":{"from":"SLV","to":"PRT","n":6,"internal":false,"kind":"mixed","labour":0,"sexual":0,"minor":1,"_k":"1016"}},{"type":"Feature","geometry":{"type":"LineString","coordinates":[[20.78808712121224,44.222859848485236],[21.6760589318601,41.593124616329305]]},"properties":{"from":"SRB","to":"MKD","n":6,"internal":false,"kind":"sexual exploitation","labour":0,"sexual":3,"minor":0,"_k":"1017"}},{"type":"Feature","geometry":{"type":"LineString","coordinates":[[100.99889647721353,15.131083844580518],[121.42730496453794,15.945390070922295]]},"properties":{"from":"THA","to":"PHL","n":6,"internal":false,"kind":"mixed","labour":0,"sexual":0,"minor":0,"_k":"1018"}},{"type":"Feature","geometry":{"type":"LineString","coordinates":[[63.163427689140626,41.75163492880463],[-5.570416190838727,7.621919807131076]]},"properties":{"from":"UZB","to":"CIV","n":6,"internal":false,"kind":"sexual exploitation","labour":1,"sexual":3,"minor":1,"_k":"1019"}},{"type":"Feature","geometry":{"type":"LineString","coordinates":[[99.0698642121238,61.66316880121902],[56.08500217539864,20.567543041829605]]},"properties":{"from":"RUS","to":"OMN","n":6,"internal":false,"kind":"mixed","labour":0,"sexual":0,"minor":1,"_k":"1020"}},{"type":"Feature","geometry":{"type":"LineString","coordinates":[[-1.759814528593513,12.270832413336304],[103.81264367816092,36.619860071494145]]},"properties":{"from":"BFA","to":"CHN","n":6,"internal":false,"kind":"labour exploitation","labour":3,"sexual":1,"minor":0,"_k":"1021"}},{"type":"Feature","geometry":{"type":"LineString","coordinates":[[39.59780734834613,8.621718205653119],[66.01106583572992,33.83569297965267]]},"properties":{"from":"ETH","to":"AFG","n":6,"internal":false,"kind":"mixed","labour":0,"sexual":0,"minor":1,"_k":"1022"}},{"type":"Feature","geometry":{"type":"LineString","coordinates":[[-1.2240238704177318,7.961261722080135],[114.70422446406062,3.59975830180747]]},"properties":{"from":"GHA","to":"MYS","n":6,"internal":false,"kind":"sexual exploitation","labour":0,"sexual":2,"minor":0,"_k":"1023"}},{"type":"Feature","geometry":{"type":"LineString","coordinates":[[114.02062133826777,-0.19466928769655426],[19.397113084377445,52.124826663422986]]},"properties":{"from":"IDN","to":"POL","n":6,"internal":false,"kind":"labour exploitation","labour":4,"sexual":0,"minor":0,"_k":"1024"}},{"type":"Feature","geometry":{"type":"LineString","coordinates":[[100.99889647721353,15.131083844580518],[63.163427689140626,41.75163492880463]]},"properties":{"from":"THA","to":"UZB","n":6,"internal":false,"kind":"sexual exploitation","labour":0,"sexual":2,"minor":0,"_k":"1025"}},{"type":"Feature","geometry":{"type":"LineString","coordinates":[[-64.6843651095079,-16.708133036731713],[44.53810637965998,24.123203283419123]]},"properties":{"from":"BOL","to":"SAU","n":6,"internal":false,"kind":"mixed","labour":0,"sexual":0,"minor":1,"_k":"1026"}},{"type":"Feature","geometry":{"type":"LineString","coordinates":[[37.83247567037743,0.5458132045088652],[51.19086294416262,25.324534686971038]]},"properties":{"from":"KEN","to":"QAT","n":6,"internal":false,"kind":"mixed","labour":0,"sexual":0,"minor":0,"_k":"1027"}},{"type":"Feature","geometry":{"type":"LineString","coordinates":[[12.737180841697482,5.695699066737103],[35.89410774411856,33.92558922559957]]},"properties":{"from":"CMR","to":"LBN","n":6,"internal":false,"kind":"mixed","labour":0,"sexual":0,"minor":0,"_k":"1028"}},{"type":"Feature","geometry":{"type":"LineString","coordinates":[[38.84792172084777,15.35206210577388],[9.385737466057346,17.42154116166629]]},"properties":{"from":"ERI","to":"NER","n":6,"internal":false,"kind":"mixed","labour":0,"sexual":0,"minor":0,"_k":"1029"}},{"type":"Feature","geometry":{"type":"LineString","coordinates":[[-64.6843651095079,-16.708133036731713],[16.73978625888801,62.82975884519814]]},"properties":{"from":"BOL","to":"SWE","n":6,"internal":false,"kind":"mixed","labour":0,"sexual":0,"minor":3,"_k":"1030"}},{"type":"Feature","geometry":{"type":"LineString","coordinates":[[28.04028419182972,53.53018354055703],[67.28533620759436,48.15882317221261]]},"properties":{"from":"BLR","to":"KAZ","n":6,"internal":false,"kind":"sexual exploitation","labour":0,"sexual":2,"minor":1,"_k":"1031"}},{"type":"Feature","geometry":{"type":"LineString","coordinates":[[32.36679363467085,1.2750126968004065],[99.0698642121238,61.66316880121902]]},"properties":{"from":"UGA","to":"RUS","n":6,"internal":false,"kind":"mixed","labour":0,"sexual":0,"minor":2,"_k":"1032"}},{"type":"Feature","geometry":{"type":"LineString","coordinates":[[9.385737466057346,17.42154116166629],[25.16763318375323,-29.011178230353238]]},"properties":{"from":"NER","to":"ZAF","n":6,"internal":false,"kind":"labour exploitation","labour":3,"sexual":0,"minor":2,"_k":"1033"}},{"type":"Feature","geometry":{"type":"LineString","coordinates":[[103.81264367816092,36.619860071494145],[25.21336553945269,42.76359366613009]]},"properties":{"from":"CHN","to":"BGR","n":6,"internal":false,"kind":"sexual exploitation","labour":0,"sexual":1,"minor":0,"_k":"1034"}},{"type":"Feature","geometry":{"type":"LineString","coordinates":[[-102.50809751599304,23.941580696597782],[35.435564029234044,38.98751827136936]]},"properties":{"from":"MEX","to":"TUR","n":6,"internal":false,"kind":"mixed","labour":0,"sexual":0,"minor":2,"_k":"1035"}},{"type":"Feature","geometry":{"type":"LineString","coordinates":[[20.06313725490263,41.14498599439933],[35.89410774411856,33.92558922559957]]},"properties":{"from":"ALB","to":"LBN","n":6,"internal":false,"kind":"labour exploitation","labour":1,"sexual":0,"minor":1,"_k":"1036"}},{"type":"Feature","geometry":{"type":"LineString","coordinates":[[-73.08064382475897,3.906445453235302],[66.01106583572992,33.83569297965267]]},"properties":{"from":"COL","to":"AFG","n":6,"internal":false,"kind":"labour exploitation","labour":1,"sexual":0,"minor":1,"_k":"1037"}},{"type":"Feature","geometry":{"type":"LineString","coordinates":[[-90.36942779291803,15.69158946412403],[43.749838187702075,33.03551977267332]]},"properties":{"from":"GTM","to":"IRQ","n":6,"internal":false,"kind":"labour exploitation","labour":1,"sexual":0,"minor":0,"_k":"1038"}},{"type":"Feature","geometry":{"type":"LineString","coordinates":[[19.397411587659793,47.16835214446921],[19.397113084377445,52.124826663422986]]},"properties":{"from":"HUN","to":"POL","n":6,"internal":false,"kind":"sexual exploitation","labour":0,"sexual":1,"minor":0,"_k":"1039"}},{"type":"Feature","geometry":{"type":"LineString","coordinates":[[37.83247567037743,0.5458132045088652],[96.4943751272419,21.205002472151694]]},"properties":{"from":"KEN","to":"MMR","n":6,"internal":false,"kind":"sexual exploitation","labour":0,"sexual":1,"minor":0,"_k":"1040"}},{"type":"Feature","geometry":{"type":"LineString","coordinates":[[127.86513146285003,36.459678842418775],[24.9832298892535,45.850663259096045]]},"properties":{"from":"KOR","to":"ROU","n":6,"internal":false,"kind":"mixed","labour":0,"sexual":0,"minor":0,"_k":"1041"}},{"type":"Feature","geometry":{"type":"LineString","coordinates":[[31.25062821784535,49.15969486561811],[-8.39442734733289,29.842976104272296]]},"properties":{"from":"UKR","to":"MAR","n":6,"internal":false,"kind":"sexual exploitation","labour":0,"sexual":1,"minor":1,"_k":"1042"}},{"type":"Feature","geometry":{"type":"LineString","coordinates":[[-11.781139601139621,8.566581196581197],[8.088479508743816,9.594095136385867]]},"properties":{"from":"SLE","to":"NGA","n":6,"internal":false,"kind":"mixed","labour":0,"sexual":0,"minor":2,"_k":"1043"}},{"type":"Feature","geometry":{"type":"LineString","coordinates":[[-99.15068807156243,39.52967493310974],[90.23205935882014,23.87796444071293]]},"properties":{"from":"USA","to":"BGD","n":6,"internal":false,"kind":"labour exploitation","labour":1,"sexual":0,"minor":3,"_k":"1044"}},{"type":"Feature","geometry":{"type":"LineString","coordinates":[[20.06313725490263,41.14498599439933],[-11.781139601139621,8.566581196581197]]},"properties":{"from":"ALB","to":"SLE","n":6,"internal":false,"kind":"sexual exploitation","labour":1,"sexual":2,"minor":2,"_k":"1045"}},{"type":"Feature","geometry":{"type":"LineString","coordinates":[[28.04028419182972,53.53018354055703],[35.89410774411856,33.92558922559957]]},"properties":{"from":"BLR","to":"LBN","n":6,"internal":false,"kind":"labour exploitation","labour":4,"sexual":0,"minor":0,"_k":"1046"}},{"type":"Feature","geometry":{"type":"LineString","coordinates":[[99.0698642121238,61.66316880121902],[-1.2240238704177318,7.961261722080135]]},"properties":{"from":"RUS","to":"GHA","n":6,"internal":false,"kind":"mixed","labour":0,"sexual":0,"minor":2,"_k":"1047"}},{"type":"Feature","geometry":{"type":"LineString","coordinates":[[74.54052211635376,41.46228212874759],[47.584232804235775,29.305608465610284]]},"properties":{"from":"KGZ","to":"KWT","n":6,"internal":false,"kind":"sexual exploitation","labour":0,"sexual":1,"minor":0,"_k":"1048"}},{"type":"Feature","geometry":{"type":"LineString","coordinates":[[-70.48172302737008,18.896296296294825],[90.23205935882014,23.87796444071293]]},"properties":{"from":"DOM","to":"BGD","n":6,"internal":false,"kind":"sexual exploitation","labour":0,"sexual":1,"minor":1,"_k":"1049"}},{"type":"Feature","geometry":{"type":"LineString","coordinates":[[31.25062821784535,49.15969486561811],[9.36825590872045,56.22648736756337]]},"properties":{"from":"UKR","to":"DNK","n":6,"internal":false,"kind":"mixed","labour":0,"sexual":0,"minor":0,"_k":"1050"}},{"type":"Feature","geometry":{"type":"LineString","coordinates":[[39.59780734834613,8.621718205653119],[35.435564029234044,38.98751827136936]]},"properties":{"from":"ETH","to":"TUR","n":6,"internal":false,"kind":"mixed","labour":2,"sexual":2,"minor":0,"_k":"1051"}},{"type":"Feature","geometry":{"type":"LineString","coordinates":[[-64.6843651095079,-16.708133036731713],[39.59780734834613,8.621718205653119]]},"properties":{"from":"BOL","to":"ETH","n":6,"internal":false,"kind":"mixed","labour":0,"sexual":0,"minor":1,"_k":"1052"}},{"type":"Feature","geometry":{"type":"LineString","coordinates":[[31.25062821784535,49.15969486561811],[29.867651515151508,-3.348030303030272]]},"properties":{"from":"UKR","to":"BDI","n":6,"internal":false,"kind":"mixed","labour":0,"sexual":0,"minor":0,"_k":"1053"}},{"type":"Feature","geometry":{"type":"LineString","coordinates":[[-53.11193719339199,-10.836462514351837],[-65.15022561757499,-35.175010887711316]]},"properties":{"from":"BRA","to":"ARG","n":6,"internal":false,"kind":"mixed","labour":0,"sexual":0,"minor":0,"_k":"1054"}},{"type":"Feature","geometry":{"type":"LineString","coordinates":[[-14.469085365853688,14.363556910569123],[56.08500217539864,20.567543041829605]]},"properties":{"from":"SEN","to":"OMN","n":6,"internal":false,"kind":"sexual exploitation","labour":0,"sexual":1,"minor":0,"_k":"1055"}},{"type":"Feature","geometry":{"type":"LineString","coordinates":[[103.73965899403798,18.494330775789493],[35.435564029234044,38.98751827136936]]},"properties":{"from":"LAO","to":"TUR","n":6,"internal":false,"kind":"labour exploitation","labour":1,"sexual":0,"minor":1,"_k":"1056"}},{"type":"Feature","geometry":{"type":"LineString","coordinates":[[80.70386384544673,7.614351425942975],[29.93496098318132,15.981518572856197]]},"properties":{"from":"LKA","to":"SDN","n":6,"internal":false,"kind":"sexual exploitation","labour":0,"sexual":1,"minor":0,"_k":"1057"}},{"type":"Feature","geometry":{"type":"LineString","coordinates":[[96.4943751272419,21.205002472151694],[103.81264367816092,36.619860071494145]]},"properties":{"from":"MMR","to":"CHN","n":6,"internal":false,"kind":"mixed","labour":0,"sexual":0,"minor":2,"_k":"1058"}},{"type":"Feature","geometry":{"type":"LineString","coordinates":[[-99.15068807156243,39.52967493310974],[47.584232804235775,29.305608465610284]]},"properties":{"from":"USA","to":"KWT","n":6,"internal":false,"kind":"mixed","labour":1,"sexual":1,"minor":1,"_k":"1059"}},{"type":"Feature","geometry":{"type":"LineString","coordinates":[[103.73965899403798,18.494330775789493],[114.02062133826777,-0.19466928769655426]]},"properties":{"from":"LAO","to":"IDN","n":6,"internal":false,"kind":"mixed","labour":2,"sexual":2,"minor":1,"_k":"1060"}},{"type":"Feature","geometry":{"type":"LineString","coordinates":[[103.81264367816092,36.619860071494145],[67.28533620759436,48.15882317221261]]},"properties":{"from":"CHN","to":"KAZ","n":6,"internal":false,"kind":"labour exploitation","labour":1,"sexual":0,"minor":0,"_k":"1061"}},{"type":"Feature","geometry":{"type":"LineString","coordinates":[[-14.469085365853688,14.363556910569123],[28.04028419182972,53.53018354055703]]},"properties":{"from":"SEN","to":"BLR","n":6,"internal":false,"kind":"mixed","labour":0,"sexual":0,"minor":0,"_k":"1062"}},{"type":"Feature","geometry":{"type":"LineString","coordinates":[[-5.570416190838727,7.621919807131076],[25.16763318375323,-29.011178230353238]]},"properties":{"from":"CIV","to":"ZAF","n":6,"internal":false,"kind":"mixed","labour":0,"sexual":0,"minor":5,"_k":"1063"}},{"type":"Feature","geometry":{"type":"Point","coordinates":[103.81264367816092,36.619860071494145]},"properties":{"from":"CHN","to":"CHN","n":6,"internal":true,"kind":"sexual exploitation","labour":0,"sexual":1,"minor":0,"_k":"1064"}},{"type":"Feature","geometry":{"type":"LineString","coordinates":[[-99.15068807156243,39.52967493310974],[19.397113084377445,52.124826663422986]]},"properties":{"from":"USA","to":"POL","n":6,"internal":false,"kind":"mixed","labour":0,"sexual":0,"minor":2,"_k":"1065"}},{"type":"Feature","geometry":{"type":"LineString","coordinates":[[67.28533620759436,48.15882317221261],[44.53810637965998,24.123203283419123]]},"properties":{"from":"KAZ","to":"SAU","n":6,"internal":false,"kind":"labour exploitation","labour":3,"sexual":0,"minor":0,"_k":"1066"}},{"type":"Feature","geometry":{"type":"LineString","coordinates":[[-90.36942779291803,15.69158946412403],[37.83247567037743,0.5458132045088652]]},"properties":{"from":"GTM","to":"KEN","n":6,"internal":false,"kind":"sexual exploitation","labour":0,"sexual":2,"minor":1,"_k":"1067"}},{"type":"Feature","geometry":{"type":"LineString","coordinates":[[67.28533620759436,48.15882317221261],[22.562857999700014,39.462753036437284]]},"properties":{"from":"KAZ","to":"GRC","n":6,"internal":false,"kind":"mixed","labour":0,"sexual":0,"minor":2,"_k":"1068"}},{"type":"Feature","geometry":{"type":"LineString","coordinates":[[104.90152976388326,12.723001884491634],[22.562857999700014,39.462753036437284]]},"properties":{"from":"KHM","to":"GRC","n":6,"internal":false,"kind":"mixed","labour":0,"sexual":0,"minor":2,"_k":"1069"}},{"type":"Feature","geometry":{"type":"LineString","coordinates":[[106.29262653488702,16.66312668463577],[16.73978625888801,62.82975884519814]]},"properties":{"from":"VNM","to":"SWE","n":6,"internal":false,"kind":"sexual exploitation","labour":0,"sexual":1,"minor":0,"_k":"1070"}},{"type":"Feature","geometry":{"type":"LineString","coordinates":[[24.9832298892535,45.850663259096045],[56.08500217539864,20.567543041829605]]},"properties":{"from":"ROU","to":"OMN","n":6,"internal":false,"kind":"sexual exploitation","labour":0,"sexual":1,"minor":0,"_k":"1071"}},{"type":"Feature","geometry":{"type":"LineString","coordinates":[[29.93496098318132,15.981518572856197],[8.088479508743816,9.594095136385867]]},"properties":{"from":"SDN","to":"NGA","n":6,"internal":false,"kind":"mixed","labour":1,"sexual":1,"minor":0,"_k":"1072"}},{"type":"Feature","geometry":{"type":"LineString","coordinates":[[-99.15068807156243,39.52967493310974],[-8.39442734733289,29.842976104272296]]},"properties":{"from":"USA","to":"MAR","n":6,"internal":false,"kind":"sexual exploitation","labour":0,"sexual":2,"minor":0,"_k":"1073"}},{"type":"Feature","geometry":{"type":"LineString","coordinates":[[-5.570416190838727,7.621919807131076],[17.784189497717012,44.16866438356195]]},"properties":{"from":"CIV","to":"BIH","n":6,"internal":false,"kind":"mixed","labour":0,"sexual":0,"minor":0,"_k":"1074"}},{"type":"Feature","geometry":{"type":"LineString","coordinates":[[20.06313725490263,41.14498599439933],[-102.50809751599304,23.941580696597782]]},"properties":{"from":"ALB","to":"MEX","n":6,"internal":false,"kind":"labour exploitation","labour":4,"sexual":0,"minor":0,"_k":"1075"}},{"type":"Feature","geometry":{"type":"LineString","coordinates":[[80.70386384544673,7.614351425942975],[16.73978625888801,62.82975884519814]]},"properties":{"from":"LKA","to":"SWE","n":6,"internal":false,"kind":"labour exploitation","labour":1,"sexual":0,"minor":0,"_k":"1076"}},{"type":"Feature","geometry":{"type":"LineString","coordinates":[[-102.50809751599304,23.941580696597782],[-7.98068283917332,39.68341419586642]]},"properties":{"from":"MEX","to":"PRT","n":6,"internal":false,"kind":"mixed","labour":0,"sexual":0,"minor":2,"_k":"1077"}},{"type":"Feature","geometry":{"type":"LineString","coordinates":[[79.58201036306701,22.91399793698191],[63.163427689140626,41.75163492880463]]},"properties":{"from":"IND","to":"UZB","n":6,"internal":false,"kind":"labour exploitation","labour":2,"sexual":0,"minor":0,"_k":"1078"}},{"type":"Feature","geometry":{"type":"LineString","coordinates":[[12.737180841697482,5.695699066737103],[35.435564029234044,38.98751827136936]]},"properties":{"from":"CMR","to":"TUR","n":6,"internal":false,"kind":"mixed","labour":0,"sexual":0,"minor":0,"_k":"1079"}},{"type":"Feature","geometry":{"type":"LineString","coordinates":[[-53.11193719339199,-10.836462514351837],[8.088479508743816,9.594095136385867]]},"properties":{"from":"BRA","to":"NGA","n":6,"internal":false,"kind":"mixed","labour":0,"sexual":0,"minor":0,"_k":"1080"}},{"type":"Feature","geometry":{"type":"LineString","coordinates":[[-99.15068807156243,39.52967493310974],[9.548798947022076,34.111867939015156]]},"properties":{"from":"USA","to":"TUN","n":6,"internal":false,"kind":"mixed","labour":0,"sexual":0,"minor":3,"_k":"1081"}},{"type":"Feature","geometry":{"type":"LineString","coordinates":[[23.638625091078172,-2.880533389516553],[100.99889647721353,15.131083844580518]]},"properties":{"from":"COD","to":"THA","n":6,"internal":false,"kind":"sexual exploitation","labour":0,"sexual":3,"minor":1,"_k":"1082"}},{"type":"Feature","geometry":{"type":"LineString","coordinates":[[-66.1847903388119,7.11499049535947],[18.01465069186637,27.027402407469932]]},"properties":{"from":"VEN","to":"LBY","n":6,"internal":false,"kind":"mixed","labour":0,"sexual":0,"minor":0,"_k":"1083"}},{"type":"Feature","geometry":{"type":"LineString","coordinates":[[-73.08064382475897,3.906445453235302],[56.08500217539864,20.567543041829605]]},"properties":{"from":"COL","to":"OMN","n":6,"internal":false,"kind":"labour exploitation","labour":1,"sexual":0,"minor":0,"_k":"1084"}},{"type":"Feature","geometry":{"type":"LineString","coordinates":[[37.83247567037743,0.5458132045088652],[-102.50809751599304,23.941580696597782]]},"properties":{"from":"KEN","to":"MEX","n":6,"internal":false,"kind":"sexual exploitation","labour":0,"sexual":1,"minor":1,"_k":"1085"}},{"type":"Feature","geometry":{"type":"LineString","coordinates":[[45.71869717852055,4.765362111558975],[79.58201036306701,22.91399793698191]]},"properties":{"from":"SOM","to":"IND","n":6,"internal":false,"kind":"mixed","labour":0,"sexual":0,"minor":0,"_k":"1086"}},{"type":"Feature","geometry":{"type":"LineString","coordinates":[[29.93496098318132,15.981518572856197],[-5.570416190838727,7.621919807131076]]},"properties":{"from":"SDN","to":"CIV","n":6,"internal":false,"kind":"mixed","labour":0,"sexual":0,"minor":0,"_k":"1087"}},{"type":"Feature","geometry":{"type":"LineString","coordinates":[[66.01106583572992,33.83569297965267],[29.866659293666544,26.491557914915564]]},"properties":{"from":"AFG","to":"EGY","n":6,"internal":false,"kind":"sexual exploitation","labour":0,"sexual":1,"minor":1,"_k":"1088"}},{"type":"Feature","geometry":{"type":"LineString","coordinates":[[66.01106583572992,33.83569297965267],[39.59780734834613,8.621718205653119]]},"properties":{"from":"AFG","to":"ETH","n":6,"internal":false,"kind":"labour exploitation","labour":2,"sexual":0,"minor":2,"_k":"1089"}},{"type":"Feature","geometry":{"type":"LineString","coordinates":[[20.06313725490263,41.14498599439933],[-72.665695067267,18.932436472347298]]},"properties":{"from":"ALB","to":"HTI","n":6,"internal":false,"kind":"mixed","labour":0,"sexual":0,"minor":4,"_k":"1090"}},{"type":"Feature","geometry":{"type":"LineString","coordinates":[[90.23205935882014,23.87796444071293],[106.29262653488702,16.66312668463577]]},"properties":{"from":"BGD","to":"VNM","n":6,"internal":false,"kind":"mixed","labour":0,"sexual":0,"minor":0,"_k":"1091"}},{"type":"Feature","geometry":{"type":"LineString","coordinates":[[23.638625091078172,-2.880533389516553],[114.02062133826777,-0.19466928769655426]]},"properties":{"from":"COD","to":"IDN","n":6,"internal":false,"kind":"labour exploitation","labour":2,"sexual":0,"minor":1,"_k":"1092"}},{"type":"Feature","geometry":{"type":"LineString","coordinates":[[39.59780734834613,8.621718205653119],[-3.5451743486347445,17.342714243290896]]},"properties":{"from":"ETH","to":"MLI","n":6,"internal":false,"kind":"sexual exploitation","labour":0,"sexual":1,"minor":0,"_k":"1093"}},{"type":"Feature","geometry":{"type":"LineString","coordinates":[[-1.2240238704177318,7.961261722080135],[17.784189497717012,44.16866438356195]]},"properties":{"from":"GHA","to":"BIH","n":6,"internal":false,"kind":"labour exploitation","labour":1,"sexual":0,"minor":0,"_k":"1094"}},{"type":"Feature","geometry":{"type":"LineString","coordinates":[[-10.942001987083952,10.436719655572134],[79.58201036306701,22.91399793698191]]},"properties":{"from":"GIN","to":"IND","n":6,"internal":false,"kind":"labour exploitation","labour":1,"sexual":0,"minor":0,"_k":"1095"}},{"type":"Feature","geometry":{"type":"LineString","coordinates":[[-86.63354643935271,14.822820103001074],[20.78808712121224,44.222859848485236]]},"properties":{"from":"HND","to":"SRB","n":6,"internal":false,"kind":"labour exploitation","labour":1,"sexual":0,"minor":2,"_k":"1096"}},{"type":"Feature","geometry":{"type":"LineString","coordinates":[[-72.665695067267,18.932436472347298],[-5.570416190838727,7.621919807131076]]},"properties":{"from":"HTI","to":"CIV","n":6,"internal":false,"kind":"sexual exploitation","labour":0,"sexual":1,"minor":3,"_k":"1097"}},{"type":"Feature","geometry":{"type":"LineString","coordinates":[[-72.665695067267,18.932436472347298],[12.159371652981111,43.51930263001275]]},"properties":{"from":"HTI","to":"ITA","n":6,"internal":false,"kind":"mixed","labour":0,"sexual":0,"minor":2,"_k":"1098"}},{"type":"Feature","geometry":{"type":"LineString","coordinates":[[-72.665695067267,18.932436472347298],[20.78808712121224,44.222859848485236]]},"properties":{"from":"HTI","to":"SRB","n":6,"internal":false,"kind":"mixed","labour":1,"sexual":1,"minor":0,"_k":"1099"}},{"type":"Feature","geometry":{"type":"LineString","coordinates":[[19.397411587659793,47.16835214446921],[-102.50809751599304,23.941580696597782]]},"properties":{"from":"HUN","to":"MEX","n":6,"internal":false,"kind":"sexual exploitation","labour":0,"sexual":3,"minor":0,"_k":"1100"}},{"type":"Feature","geometry":{"type":"LineString","coordinates":[[19.397411587659793,47.16835214446921],[24.9832298892535,45.850663259096045]]},"properties":{"from":"HUN","to":"ROU","n":6,"internal":false,"kind":"labour exploitation","labour":2,"sexual":0,"minor":0,"_k":"1101"}},{"type":"Feature","geometry":{"type":"LineString","coordinates":[[114.02062133826777,-0.19466928769655426],[9.36825590872045,56.22648736756337]]},"properties":{"from":"IDN","to":"DNK","n":6,"internal":false,"kind":"sexual exploitation","labour":0,"sexual":1,"minor":0,"_k":"1102"}},{"type":"Feature","geometry":{"type":"LineString","coordinates":[[79.58201036306701,22.91399793698191],[19.397113084377445,52.124826663422986]]},"properties":{"from":"IND","to":"POL","n":6,"internal":false,"kind":"labour exploitation","labour":1,"sexual":0,"minor":0,"_k":"1103"}},{"type":"Feature","geometry":{"type":"LineString","coordinates":[[-77.33386809268346,18.16559714794817],[121.42730496453794,15.945390070922295]]},"properties":{"from":"JAM","to":"PHL","n":6,"internal":false,"kind":"sexual exploitation","labour":0,"sexual":4,"minor":0,"_k":"1104"}},{"type":"Feature","geometry":{"type":"LineString","coordinates":[[-77.33386809268346,18.16559714794817],[106.29262653488702,16.66312668463577]]},"properties":{"from":"JAM","to":"VNM","n":6,"internal":false,"kind":"mixed","labour":0,"sexual":0,"minor":3,"_k":"1105"}},{"type":"Feature","geometry":{"type":"LineString","coordinates":[[104.90152976388326,12.723001884491634],[29.866659293666544,26.491557914915564]]},"properties":{"from":"KHM","to":"EGY","n":6,"internal":false,"kind":"mixed","labour":0,"sexual":0,"minor":1,"_k":"1106"}},{"type":"Feature","geometry":{"type":"LineString","coordinates":[[9.385737466057346,17.42154116166629],[12.159371652981111,43.51930263001275]]},"properties":{"from":"NER","to":"ITA","n":6,"internal":false,"kind":"labour exploitation","labour":2,"sexual":0,"minor":0,"_k":"1107"}},{"type":"Feature","geometry":{"type":"LineString","coordinates":[[121.42730496453794,15.945390070922295],[15.314334181509967,49.73192536047586]]},"properties":{"from":"PHL","to":"CZE","n":6,"internal":false,"kind":"sexual exploitation","labour":0,"sexual":2,"minor":0,"_k":"1108"}},{"type":"Feature","geometry":{"type":"LineString","coordinates":[[121.42730496453794,15.945390070922295],[-14.469085365853688,14.363556910569123]]},"properties":{"from":"PHL","to":"SEN","n":6,"internal":false,"kind":"labour exploitation","labour":1,"sexual":0,"minor":0,"_k":"1109"}},{"type":"Feature","geometry":{"type":"LineString","coordinates":[[99.0698642121238,61.66316880121902],[39.59780734834613,8.621718205653119]]},"properties":{"from":"RUS","to":"ETH","n":6,"internal":false,"kind":"labour exploitation","labour":2,"sexual":0,"minor":1,"_k":"1110"}},{"type":"Feature","geometry":{"type":"LineString","coordinates":[[99.0698642121238,61.66316880121902],[9.548798947022076,34.111867939015156]]},"properties":{"from":"RUS","to":"TUN","n":6,"internal":false,"kind":"mixed","labour":1,"sexual":1,"minor":0,"_k":"1111"}},{"type":"Feature","geometry":{"type":"LineString","coordinates":[[-14.469085365853688,14.363556910569123],[9.36825590872045,56.22648736756337]]},"properties":{"from":"SEN","to":"DNK","n":6,"internal":false,"kind":"sexual exploitation","labour":0,"sexual":4,"minor":0,"_k":"1112"}},{"type":"Feature","geometry":{"type":"LineString","coordinates":[[-11.781139601139621,8.566581196581197],[-2.5118598832360344,53.94003336113461]]},"properties":{"from":"SLE","to":"GBR","n":6,"internal":false,"kind":"sexual exploitation","labour":0,"sexual":1,"minor":2,"_k":"1113"}},{"type":"Feature","geometry":{"type":"LineString","coordinates":[[45.71869717852055,4.765362111558975],[9.36825590872045,56.22648736756337]]},"properties":{"from":"SOM","to":"DNK","n":6,"internal":false,"kind":"labour exploitation","labour":1,"sexual":0,"minor":0,"_k":"1114"}},{"type":"Feature","geometry":{"type":"LineString","coordinates":[[32.36679363467085,1.2750126968004065],[28.04028419182972,53.53018354055703]]},"properties":{"from":"UGA","to":"BLR","n":6,"internal":false,"kind":"mixed","labour":0,"sexual":0,"minor":2,"_k":"1115"}},{"type":"Feature","geometry":{"type":"LineString","coordinates":[[32.36679363467085,1.2750126968004065],[29.866659293666544,26.491557914915564]]},"properties":{"from":"UGA","to":"EGY","n":6,"internal":false,"kind":"labour exploitation","labour":3,"sexual":0,"minor":0,"_k":"1116"}},{"type":"Feature","geometry":{"type":"LineString","coordinates":[[32.36679363467085,1.2750126968004065],[18.01465069186637,27.027402407469932]]},"properties":{"from":"UGA","to":"LBY","n":6,"internal":false,"kind":"labour exploitation","labour":3,"sexual":0,"minor":2,"_k":"1117"}},{"type":"Feature","geometry":{"type":"LineString","coordinates":[[63.163427689140626,41.75163492880463],[-11.781139601139621,8.566581196581197]]},"properties":{"from":"UZB","to":"SLE","n":6,"internal":false,"kind":"sexual exploitation","labour":0,"sexual":1,"minor":1,"_k":"1118"}},{"type":"Feature","geometry":{"type":"LineString","coordinates":[[23.638625091078172,-2.880533389516553],[25.16763318375323,-29.011178230353238]]},"properties":{"from":"COD","to":"ZAF","n":6,"internal":false,"kind":"sexual exploitation","labour":0,"sexual":1,"minor":1,"_k":"1119"}},{"type":"Feature","geometry":{"type":"LineString","coordinates":[[-1.2240238704177318,7.961261722080135],[36.77003387128845,31.240426379756627]]},"properties":{"from":"GHA","to":"JOR","n":6,"internal":false,"kind":"sexual exploitation","labour":0,"sexual":1,"minor":1,"_k":"1120"}},{"type":"Feature","geometry":{"type":"LineString","coordinates":[[104.90152976388326,12.723001884491634],[-65.15022561757499,-35.175010887711316]]},"properties":{"from":"KHM","to":"ARG","n":6,"internal":false,"kind":"sexual exploitation","labour":0,"sexual":3,"minor":1,"_k":"1121"}},{"type":"Feature","geometry":{"type":"LineString","coordinates":[[20.06313725490263,41.14498599439933],[21.6760589318601,41.593124616329305]]},"properties":{"from":"ALB","to":"MKD","n":6,"internal":false,"kind":"sexual exploitation","labour":0,"sexual":2,"minor":4,"_k":"1122"}},{"type":"Feature","geometry":{"type":"LineString","coordinates":[[-1.759814528593513,12.270832413336304],[-1.2240238704177318,7.961261722080135]]},"properties":{"from":"BFA","to":"GHA","n":6,"internal":false,"kind":"mixed","labour":0,"sexual":0,"minor":1,"_k":"1123"}},{"type":"Feature","geometry":{"type":"LineString","coordinates":[[-53.11193719339199,-10.836462514351837],[24.9832298892535,45.850663259096045]]},"properties":{"from":"BRA","to":"ROU","n":6,"internal":false,"kind":"mixed","labour":0,"sexual":0,"minor":1,"_k":"1124"}},{"type":"Feature","geometry":{"type":"LineString","coordinates":[[-86.63354643935271,14.822820103001074],[104.90152976388326,12.723001884491634]]},"properties":{"from":"HND","to":"KHM","n":6,"internal":false,"kind":"sexual exploitation","labour":0,"sexual":1,"minor":1,"_k":"1125"}},{"type":"Feature","geometry":{"type":"LineString","coordinates":[[114.02062133826777,-0.19466928769655426],[-5.570416190838727,7.621919807131076]]},"properties":{"from":"IDN","to":"CIV","n":6,"internal":false,"kind":"mixed","labour":0,"sexual":0,"minor":2,"_k":"1126"}},{"type":"Feature","geometry":{"type":"LineString","coordinates":[[121.42730496453794,15.945390070922295],[8.225583756345126,46.803756345177355]]},"properties":{"from":"PHL","to":"CHE","n":6,"internal":false,"kind":"mixed","labour":0,"sexual":0,"minor":3,"_k":"1127"}},{"type":"Feature","geometry":{"type":"LineString","coordinates":[[121.42730496453794,15.945390070922295],[-3.5451743486347445,17.342714243290896]]},"properties":{"from":"PHL","to":"MLI","n":6,"internal":false,"kind":"mixed","labour":0,"sexual":0,"minor":1,"_k":"1128"}},{"type":"Feature","geometry":{"type":"LineString","coordinates":[[66.01106583572992,33.83569297965267],[96.4943751272419,21.205002472151694]]},"properties":{"from":"AFG","to":"MMR","n":6,"internal":false,"kind":"mixed","labour":0,"sexual":0,"minor":0,"_k":"1129"}},{"type":"Feature","geometry":{"type":"LineString","coordinates":[[-5.570416190838727,7.621919807131076],[79.58201036306701,22.91399793698191]]},"properties":{"from":"CIV","to":"IND","n":6,"internal":false,"kind":"mixed","labour":0,"sexual":0,"minor":0,"_k":"1130"}},{"type":"Feature","geometry":{"type":"LineString","coordinates":[[38.84792172084777,15.35206210577388],[37.83247567037743,0.5458132045088652]]},"properties":{"from":"ERI","to":"KEN","n":6,"internal":false,"kind":"mixed","labour":0,"sexual":0,"minor":0,"_k":"1131"}},{"type":"Feature","geometry":{"type":"LineString","coordinates":[[100.99889647721353,15.131083844580518],[-14.469085365853688,14.363556910569123]]},"properties":{"from":"THA","to":"SEN","n":6,"internal":false,"kind":"mixed","labour":0,"sexual":0,"minor":3,"_k":"1132"}},{"type":"Feature","geometry":{"type":"LineString","coordinates":[[-99.15068807156243,39.52967493310974],[79.58201036306701,22.91399793698191]]},"properties":{"from":"USA","to":"IND","n":6,"internal":false,"kind":"mixed","labour":0,"sexual":0,"minor":0,"_k":"1133"}},{"type":"Feature","geometry":{"type":"LineString","coordinates":[[24.9832298892535,45.850663259096045],[-8.39442734733289,29.842976104272296]]},"properties":{"from":"ROU","to":"MAR","n":6,"internal":false,"kind":"mixed","labour":0,"sexual":0,"minor":0,"_k":"1134"}},{"type":"Feature","geometry":{"type":"LineString","coordinates":[[71.02002039429117,38.52857466576103],[5.6503386809269225,52.28581105169354]]},"properties":{"from":"TJK","to":"NLD","n":6,"internal":false,"kind":"labour exploitation","labour":2,"sexual":0,"minor":0,"_k":"1135"}},{"type":"Feature","geometry":{"type":"LineString","coordinates":[[23.638625091078172,-2.880533389516553],[24.9832298892535,45.850663259096045]]},"properties":{"from":"COD","to":"ROU","n":6,"internal":false,"kind":"sexual exploitation","labour":0,"sexual":1,"minor":0,"_k":"1136"}},{"type":"Feature","geometry":{"type":"LineString","coordinates":[[39.59780734834613,8.621718205653119],[106.29262653488702,16.66312668463577]]},"properties":{"from":"ETH","to":"VNM","n":6,"internal":false,"kind":"mixed","labour":0,"sexual":0,"minor":0,"_k":"1137"}},{"type":"Feature","geometry":{"type":"LineString","coordinates":[[37.83247567037743,0.5458132045088652],[20.06313725490263,41.14498599439933]]},"properties":{"from":"KEN","to":"ALB","n":6,"internal":false,"kind":"mixed","labour":0,"sexual":0,"minor":0,"_k":"1138"}},{"type":"Feature","geometry":{"type":"LineString","coordinates":[[-11.781139601139621,8.566581196581197],[71.02002039429117,38.52857466576103]]},"properties":{"from":"SLE","to":"TJK","n":6,"internal":false,"kind":"mixed","labour":0,"sexual":0,"minor":0,"_k":"1139"}},{"type":"Feature","geometry":{"type":"LineString","coordinates":[[59.37547869265088,39.112478318539196],[5.6503386809269225,52.28581105169354]]},"properties":{"from":"TKM","to":"NLD","n":6,"internal":false,"kind":"mixed","labour":0,"sexual":0,"minor":0,"_k":"1140"}},{"type":"Feature","geometry":{"type":"LineString","coordinates":[[80.70386384544673,7.614351425942975],[24.9832298892535,45.850663259096045]]},"properties":{"from":"LKA","to":"ROU","n":6,"internal":false,"kind":"sexual exploitation","labour":0,"sexual":5,"minor":0,"_k":"1141"}},{"type":"Feature","geometry":{"type":"LineString","coordinates":[[96.4943751272419,21.205002472151694],[20.78808712121224,44.222859848485236]]},"properties":{"from":"MMR","to":"SRB","n":6,"internal":false,"kind":"mixed","labour":0,"sexual":0,"minor":1,"_k":"1142"}},{"type":"Feature","geometry":{"type":"LineString","coordinates":[[12.737180841697482,5.695699066737103],[106.29262653488702,16.66312668463577]]},"properties":{"from":"CMR","to":"VNM","n":6,"internal":false,"kind":"mixed","labour":0,"sexual":0,"minor":2,"_k":"1143"}},{"type":"Feature","geometry":{"type":"LineString","coordinates":[[63.163427689140626,41.75163492880463],[17.784189497717012,44.16866438356195]]},"properties":{"from":"UZB","to":"BIH","n":6,"internal":false,"kind":"mixed","labour":0,"sexual":0,"minor":3,"_k":"1144"}},{"type":"Feature","geometry":{"type":"LineString","coordinates":[[-64.6843651095079,-16.708133036731713],[114.17878787874693,22.42121212120512]]},"properties":{"from":"BOL","to":"HKG","n":6,"internal":false,"kind":"mixed","labour":0,"sexual":0,"minor":0,"_k":"1145"}},{"type":"Feature","geometry":{"type":"LineString","coordinates":[[-1.2240238704177318,7.961261722080135],[25.21336553945269,42.76359366613009]]},"properties":{"from":"GHA","to":"BGR","n":6,"internal":false,"kind":"mixed","labour":0,"sexual":0,"minor":1,"_k":"1146"}},{"type":"Feature","geometry":{"type":"LineString","coordinates":[[-72.665695067267,18.932436472347298],[9.385737466057346,17.42154116166629]]},"properties":{"from":"HTI","to":"NER","n":6,"internal":false,"kind":"labour exploitation","labour":1,"sexual":0,"minor":0,"_k":"1147"}},{"type":"Feature","geometry":{"type":"LineString","coordinates":[[67.28533620759436,48.15882317221261],[63.163427689140626,41.75163492880463]]},"properties":{"from":"KAZ","to":"UZB","n":6,"internal":false,"kind":"mixed","labour":0,"sexual":0,"minor":0,"_k":"1148"}},{"type":"Feature","geometry":{"type":"LineString","coordinates":[[96.4943751272419,21.205002472151694],[-102.3524834237017,57.93914584726518]]},"properties":{"from":"MMR","to":"CAN","n":6,"internal":false,"kind":"mixed","labour":0,"sexual":0,"minor":0,"_k":"1149"}},{"type":"Feature","geometry":{"type":"LineString","coordinates":[[29.93496098318132,15.981518572856197],[29.867651515151508,-3.348030303030272]]},"properties":{"from":"SDN","to":"BDI","n":6,"internal":false,"kind":"mixed","labour":0,"sexual":0,"minor":0,"_k":"1150"}},{"type":"Feature","geometry":{"type":"LineString","coordinates":[[96.4943751272419,21.205002472151694],[22.562857999700014,39.462753036437284]]},"properties":{"from":"MMR","to":"GRC","n":6,"internal":false,"kind":"mixed","labour":0,"sexual":0,"minor":0,"_k":"1151"}},{"type":"Feature","geometry":{"type":"LineString","coordinates":[[-5.570416190838727,7.621919807131076],[9.36825590872045,56.22648736756337]]},"properties":{"from":"CIV","to":"DNK","n":6,"internal":false,"kind":"labour exploitation","labour":1,"sexual":0,"minor":0,"_k":"1152"}},{"type":"Feature","geometry":{"type":"LineString","coordinates":[[12.737180841697482,5.695699066737103],[17.784189497717012,44.16866438356195]]},"properties":{"from":"CMR","to":"BIH","n":6,"internal":false,"kind":"sexual exploitation","labour":0,"sexual":2,"minor":0,"_k":"1153"}},{"type":"Feature","geometry":{"type":"LineString","coordinates":[[-77.33386809268346,18.16559714794817],[21.6760589318601,41.593124616329305]]},"properties":{"from":"JAM","to":"MKD","n":6,"internal":false,"kind":"sexual exploitation","labour":0,"sexual":4,"minor":1,"_k":"1154"}},{"type":"Feature","geometry":{"type":"LineString","coordinates":[[80.70386384544673,7.614351425942975],[79.58201036306701,22.91399793698191]]},"properties":{"from":"LKA","to":"IND","n":6,"internal":false,"kind":"sexual exploitation","labour":0,"sexual":1,"minor":0,"_k":"1155"}},{"type":"Feature","geometry":{"type":"LineString","coordinates":[[8.088479508743816,9.594095136385867],[51.19086294416262,25.324534686971038]]},"properties":{"from":"NGA","to":"QAT","n":6,"internal":false,"kind":"mixed","labour":0,"sexual":0,"minor":0,"_k":"1156"}},{"type":"Feature","geometry":{"type":"LineString","coordinates":[[20.78808712121224,44.222859848485236],[137.96621280888957,36.65896549240351]]},"properties":{"from":"SRB","to":"JPN","n":6,"internal":false,"kind":"labour exploitation","labour":2,"sexual":0,"minor":0,"_k":"1157"}},{"type":"Feature","geometry":{"type":"LineString","coordinates":[[104.90152976388326,12.723001884491634],[34.797471428881245,-6.275978574371658]]},"properties":{"from":"KHM","to":"TZA","n":6,"internal":false,"kind":"sexual exploitation","labour":0,"sexual":2,"minor":0,"_k":"1158"}},{"type":"Feature","geometry":{"type":"LineString","coordinates":[[96.4943751272419,21.205002472151694],[34.797471428881245,-6.275978574371658]]},"properties":{"from":"MMR","to":"TZA","n":6,"internal":false,"kind":"mixed","labour":0,"sexual":0,"minor":0,"_k":"1159"}},{"type":"Feature","geometry":{"type":"LineString","coordinates":[[71.02002039429117,38.52857466576103],[25.21336553945269,42.76359366613009]]},"properties":{"from":"TJK","to":"BGR","n":6,"internal":false,"kind":"mixed","labour":0,"sexual":0,"minor":0,"_k":"1160"}},{"type":"Feature","geometry":{"type":"LineString","coordinates":[[-88.87837301586958,13.742361111110638],[20.78808712121224,44.222859848485236]]},"properties":{"from":"SLV","to":"SRB","n":6,"internal":false,"kind":"mixed","labour":0,"sexual":0,"minor":0,"_k":"1161"}},{"type":"Feature","geometry":{"type":"LineString","coordinates":[[100.99889647721353,15.131083844580518],[-3.564693191192332,40.390322990037404]]},"properties":{"from":"THA","to":"ESP","n":6,"internal":false,"kind":"mixed","labour":0,"sexual":0,"minor":1,"_k":"1162"}},{"type":"Feature","geometry":{"type":"LineString","coordinates":[[29.867651515151508,-3.348030303030272],[16.73978625888801,62.82975884519814]]},"properties":{"from":"BDI","to":"SWE","n":6,"internal":false,"kind":"mixed","labour":0,"sexual":0,"minor":1,"_k":"1163"}},{"type":"Feature","geometry":{"type":"LineString","coordinates":[[-11.781139601139621,8.566581196581197],[63.163427689140626,41.75163492880463]]},"properties":{"from":"SLE","to":"UZB","n":6,"internal":false,"kind":"mixed","labour":0,"sexual":0,"minor":0,"_k":"1164"}},{"type":"Feature","geometry":{"type":"LineString","coordinates":[[29.93496098318132,15.981518572856197],[10.373256621004517,51.09626301369856]]},"properties":{"from":"SDN","to":"DEU","n":6,"internal":false,"kind":"mixed","labour":0,"sexual":0,"minor":0,"_k":"1165"}},{"type":"Feature","geometry":{"type":"LineString","coordinates":[[-11.781139601139621,8.566581196581197],[31.25062821784535,49.15969486561811]]},"properties":{"from":"SLE","to":"UKR","n":6,"internal":false,"kind":"mixed","labour":0,"sexual":0,"minor":0,"_k":"1166"}},{"type":"Feature","geometry":{"type":"LineString","coordinates":[[74.54052211635376,41.46228212874759],[10.373256621004517,51.09626301369856]]},"properties":{"from":"KGZ","to":"DEU","n":6,"internal":false,"kind":"mixed","labour":0,"sexual":0,"minor":0,"_k":"1167"}},{"type":"Feature","geometry":{"type":"LineString","coordinates":[[66.01106583572992,33.83569297965267],[54.31670676289835,23.90518577920364]]},"properties":{"from":"AFG","to":"ARE","n":6,"internal":false,"kind":"labour exploitation","labour":2,"sexual":0,"minor":0,"_k":"1168"}},{"type":"Feature","geometry":{"type":"LineString","coordinates":[[31.25062821784535,49.15969486561811],[51.19086294416262,25.324534686971038]]},"properties":{"from":"UKR","to":"QAT","n":6,"internal":false,"kind":"mixed","labour":0,"sexual":0,"minor":0,"_k":"1169"}},{"type":"Feature","geometry":{"type":"LineString","coordinates":[[-5.570416190838727,7.621919807131076],[-3.5451743486347445,17.342714243290896]]},"properties":{"from":"CIV","to":"MLI","n":6,"internal":false,"kind":"mixed","labour":0,"sexual":0,"minor":1,"_k":"1170"}},{"type":"Feature","geometry":{"type":"LineString","coordinates":[[67.28533620759436,48.15882317221261],[39.59780734834613,8.621718205653119]]},"properties":{"from":"KAZ","to":"ETH","n":6,"internal":false,"kind":"labour exploitation","labour":1,"sexual":0,"minor":1,"_k":"1171"}},{"type":"Feature","geometry":{"type":"LineString","coordinates":[[-73.08064382475897,3.906445453235302],[-72.665695067267,18.932436472347298]]},"properties":{"from":"COL","to":"HTI","n":6,"internal":false,"kind":"mixed","labour":0,"sexual":0,"minor":0,"_k":"1172"}},{"type":"Feature","geometry":{"type":"LineString","coordinates":[[79.58201036306701,22.91399793698191],[121.42730496453794,15.945390070922295]]},"properties":{"from":"IND","to":"PHL","n":6,"internal":false,"kind":"sexual exploitation","labour":0,"sexual":1,"minor":0,"_k":"1173"}},{"type":"Feature","geometry":{"type":"LineString","coordinates":[[63.163427689140626,41.75163492880463],[-1.2240238704177318,7.961261722080135]]},"properties":{"from":"UZB","to":"GHA","n":6,"internal":false,"kind":"mixed","labour":0,"sexual":0,"minor":1,"_k":"1174"}},{"type":"Feature","geometry":{"type":"LineString","coordinates":[[71.02002039429117,38.52857466576103],[54.31670676289835,23.90518577920364]]},"properties":{"from":"TJK","to":"ARE","n":5,"internal":false,"kind":"sexual exploitation","labour":0,"sexual":1,"minor":0,"_k":"1175"}},{"type":"Feature","geometry":{"type":"LineString","coordinates":[[103.81264367816092,36.619860071494145],[16.73978625888801,62.82975884519814]]},"properties":{"from":"CHN","to":"SWE","n":5,"internal":false,"kind":"labour exploitation","labour":1,"sexual":0,"minor":0,"_k":"1176"}},{"type":"Feature","geometry":{"type":"LineString","coordinates":[[-1.2240238704177318,7.961261722080135],[104.90152976388326,12.723001884491634]]},"properties":{"from":"GHA","to":"KHM","n":5,"internal":false,"kind":"labour exploitation","labour":1,"sexual":0,"minor":1,"_k":"1177"}},{"type":"Feature","geometry":{"type":"LineString","coordinates":[[-1.759814528593513,12.270832413336304],[-5.570416190838727,7.621919807131076]]},"properties":{"from":"BFA","to":"CIV","n":5,"internal":false,"kind":"labour exploitation","labour":3,"sexual":0,"minor":0,"_k":"1178"}},{"type":"Feature","geometry":{"type":"LineString","coordinates":[[-1.759814528593513,12.270832413336304],[-7.98068283917332,39.68341419586642]]},"properties":{"from":"BFA","to":"PRT","n":5,"internal":false,"kind":"mixed","labour":0,"sexual":0,"minor":0,"_k":"1179"}},{"type":"Feature","geometry":{"type":"LineString","coordinates":[[-53.11193719339199,-10.836462514351837],[31.25062821784535,49.15969486561811]]},"properties":{"from":"BRA","to":"UKR","n":5,"internal":false,"kind":"sexual exploitation","labour":0,"sexual":2,"minor":0,"_k":"1180"}},{"type":"Feature","geometry":{"type":"LineString","coordinates":[[103.81264367816092,36.619860071494145],[100.99889647721353,15.131083844580518]]},"properties":{"from":"CHN","to":"THA","n":5,"internal":false,"kind":"sexual exploitation","labour":0,"sexual":1,"minor":0,"_k":"1181"}},{"type":"Feature","geometry":{"type":"LineString","coordinates":[[-70.48172302737008,18.896296296294825],[5.6503386809269225,52.28581105169354]]},"properties":{"from":"DOM","to":"NLD","n":5,"internal":false,"kind":"sexual exploitation","labour":0,"sexual":3,"minor":0,"_k":"1182"}},{"type":"Feature","geometry":{"type":"LineString","coordinates":[[38.84792172084777,15.35206210577388],[29.867651515151508,-3.348030303030272]]},"properties":{"from":"ERI","to":"BDI","n":5,"internal":false,"kind":"sexual exploitation","labour":0,"sexual":1,"minor":0,"_k":"1183"}},{"type":"Feature","geometry":{"type":"LineString","coordinates":[[39.59780734834613,8.621718205653119],[22.562857999700014,39.462753036437284]]},"properties":{"from":"ETH","to":"GRC","n":5,"internal":false,"kind":"sexual exploitation","labour":0,"sexual":1,"minor":0,"_k":"1184"}},{"type":"Feature","geometry":{"type":"LineString","coordinates":[[39.59780734834613,8.621718205653119],[99.0698642121238,61.66316880121902]]},"properties":{"from":"ETH","to":"RUS","n":5,"internal":false,"kind":"labour exploitation","labour":3,"sexual":0,"minor":0,"_k":"1185"}},{"type":"Feature","geometry":{"type":"LineString","coordinates":[[-90.36942779291803,15.69158946412403],[96.4943751272419,21.205002472151694]]},"properties":{"from":"GTM","to":"MMR","n":5,"internal":false,"kind":"mixed","labour":0,"sexual":0,"minor":0,"_k":"1186"}},{"type":"Feature","geometry":{"type":"LineString","coordinates":[[96.4943751272419,21.205002472151694],[8.225583756345126,46.803756345177355]]},"properties":{"from":"MMR","to":"CHE","n":5,"internal":false,"kind":"mixed","labour":0,"sexual":0,"minor":1,"_k":"1187"}},{"type":"Feature","geometry":{"type":"LineString","coordinates":[[24.9832298892535,45.850663259096045],[90.23205935882014,23.87796444071293]]},"properties":{"from":"ROU","to":"BGD","n":5,"internal":false,"kind":"labour exploitation","labour":3,"sexual":0,"minor":1,"_k":"1188"}},{"type":"Feature","geometry":{"type":"LineString","coordinates":[[99.0698642121238,61.66316880121902],[22.562857999700014,39.462753036437284]]},"properties":{"from":"RUS","to":"GRC","n":5,"internal":false,"kind":"mixed","labour":0,"sexual":0,"minor":0,"_k":"1189"}},{"type":"Feature","geometry":{"type":"LineString","coordinates":[[29.93496098318132,15.981518572856197],[114.17878787874693,22.42121212120512]]},"properties":{"from":"SDN","to":"HKG","n":5,"internal":false,"kind":"mixed","labour":0,"sexual":0,"minor":0,"_k":"1190"}},{"type":"Feature","geometry":{"type":"LineString","coordinates":[[32.36679363467085,1.2750126968004065],[-11.781139601139621,8.566581196581197]]},"properties":{"from":"UGA","to":"SLE","n":5,"internal":false,"kind":"labour exploitation","labour":1,"sexual":0,"minor":2,"_k":"1191"}},{"type":"Feature","geometry":{"type":"LineString","coordinates":[[-99.15068807156243,39.52967493310974],[9.36825590872045,56.22648736756337]]},"properties":{"from":"USA","to":"DNK","n":5,"internal":false,"kind":"mixed","labour":0,"sexual":0,"minor":2,"_k":"1192"}},{"type":"Feature","geometry":{"type":"LineString","coordinates":[[-99.15068807156243,39.52967493310974],[67.28533620759436,48.15882317221261]]},"properties":{"from":"USA","to":"KAZ","n":5,"internal":false,"kind":"mixed","labour":0,"sexual":0,"minor":2,"_k":"1193"}},{"type":"Feature","geometry":{"type":"LineString","coordinates":[[-1.2240238704177318,7.961261722080135],[-72.665695067267,18.932436472347298]]},"properties":{"from":"GHA","to":"HTI","n":5,"internal":false,"kind":"labour exploitation","labour":1,"sexual":0,"minor":5,"_k":"1194"}},{"type":"Feature","geometry":{"type":"LineString","coordinates":[[121.42730496453794,15.945390070922295],[28.04028419182972,53.53018354055703]]},"properties":{"from":"PHL","to":"BLR","n":5,"internal":false,"kind":"sexual exploitation","labour":0,"sexual":3,"minor":2,"_k":"1195"}},{"type":"Feature","geometry":{"type":"LineString","coordinates":[[37.83247567037743,0.5458132045088652],[121.42730496453794,15.945390070922295]]},"properties":{"from":"KEN","to":"PHL","n":5,"internal":false,"kind":"sexual exploitation","labour":0,"sexual":2,"minor":2,"_k":"1196"}},{"type":"Feature","geometry":{"type":"LineString","coordinates":[[24.9832298892535,45.850663259096045],[121.42730496453794,15.945390070922295]]},"properties":{"from":"ROU","to":"PHL","n":5,"internal":false,"kind":"sexual exploitation","labour":0,"sexual":2,"minor":0,"_k":"1197"}},{"type":"Feature","geometry":{"type":"LineString","coordinates":[[80.70386384544673,7.614351425942975],[35.435564029234044,38.98751827136936]]},"properties":{"from":"LKA","to":"TUR","n":5,"internal":false,"kind":"mixed","labour":2,"sexual":2,"minor":0,"_k":"1198"}},{"type":"Feature","geometry":{"type":"LineString","coordinates":[[103.81264367816092,36.619860071494145],[-65.15022561757499,-35.175010887711316]]},"properties":{"from":"CHN","to":"ARG","n":5,"internal":false,"kind":"sexual exploitation","labour":0,"sexual":1,"minor":0,"_k":"1199"}},{"type":"Feature","geometry":{"type":"LineString","coordinates":[[83.91471382952646,28.2503070498651],[-7.98068283917332,39.68341419586642]]},"properties":{"from":"NPL","to":"PRT","n":5,"internal":false,"kind":"labour exploitation","labour":2,"sexual":0,"minor":0,"_k":"1200"}},{"type":"Feature","geometry":{"type":"LineString","coordinates":[[38.84792172084777,15.35206210577388],[103.81264367816092,36.619860071494145]]},"properties":{"from":"ERI","to":"CHN","n":5,"internal":false,"kind":"mixed","labour":0,"sexual":0,"minor":2,"_k":"1201"}},{"type":"Feature","geometry":{"type":"LineString","coordinates":[[103.73965899403798,18.494330775789493],[54.31670676289835,23.90518577920364]]},"properties":{"from":"LAO","to":"ARE","n":5,"internal":false,"kind":"sexual exploitation","labour":0,"sexual":1,"minor":1,"_k":"1202"}},{"type":"Feature","geometry":{"type":"LineString","coordinates":[[66.01106583572992,33.83569297965267],[-102.3524834237017,57.93914584726518]]},"properties":{"from":"AFG","to":"CAN","n":5,"internal":false,"kind":"sexual exploitation","labour":0,"sexual":3,"minor":2,"_k":"1203"}},{"type":"Feature","geometry":{"type":"LineString","coordinates":[[28.04028419182972,53.53018354055703],[43.749838187702075,33.03551977267332]]},"properties":{"from":"BLR","to":"IRQ","n":5,"internal":false,"kind":"labour exploitation","labour":1,"sexual":0,"minor":0,"_k":"1204"}},{"type":"Feature","geometry":{"type":"LineString","coordinates":[[83.91471382952646,28.2503070498651],[15.314334181509967,49.73192536047586]]},"properties":{"from":"NPL","to":"CZE","n":5,"internal":false,"kind":"mixed","labour":1,"sexual":1,"minor":0,"_k":"1205"}},{"type":"Feature","geometry":{"type":"LineString","coordinates":[[-99.15068807156243,39.52967493310974],[66.01106583572992,33.83569297965267]]},"properties":{"from":"USA","to":"AFG","n":5,"internal":false,"kind":"mixed","labour":1,"sexual":1,"minor":1,"_k":"1206"}},{"type":"Feature","geometry":{"type":"LineString","coordinates":[[-86.63354643935271,14.822820103001074],[9.385737466057346,17.42154116166629]]},"properties":{"from":"HND","to":"NER","n":5,"internal":false,"kind":"labour exploitation","labour":1,"sexual":0,"minor":1,"_k":"1207"}},{"type":"Feature","geometry":{"type":"LineString","coordinates":[[-102.50809751599304,23.941580696597782],[66.01106583572992,33.83569297965267]]},"properties":{"from":"MEX","to":"AFG","n":5,"internal":false,"kind":"labour exploitation","labour":3,"sexual":0,"minor":3,"_k":"1208"}},{"type":"Feature","geometry":{"type":"LineString","coordinates":[[20.06313725490263,41.14498599439933],[114.70422446406062,3.59975830180747]]},"properties":{"from":"ALB","to":"MYS","n":5,"internal":false,"kind":"labour exploitation","labour":1,"sexual":0,"minor":2,"_k":"1209"}},{"type":"Feature","geometry":{"type":"LineString","coordinates":[[28.04028419182972,53.53018354055703],[-2.5118598832360344,53.94003336113461]]},"properties":{"from":"BLR","to":"GBR","n":5,"internal":false,"kind":"sexual exploitation","labour":1,"sexual":2,"minor":0,"_k":"1210"}},{"type":"Feature","geometry":{"type":"LineString","coordinates":[[103.73965899403798,18.494330775789493],[104.90152976388326,12.723001884491634]]},"properties":{"from":"LAO","to":"KHM","n":5,"internal":false,"kind":"labour exploitation","labour":1,"sexual":0,"minor":0,"_k":"1211"}},{"type":"Feature","geometry":{"type":"LineString","coordinates":[[100.99889647721353,15.131083844580518],[10.373256621004517,51.09626301369856]]},"properties":{"from":"THA","to":"DEU","n":5,"internal":false,"kind":"mixed","labour":0,"sexual":0,"minor":0,"_k":"1212"}},{"type":"Feature","geometry":{"type":"LineString","coordinates":[[83.91471382952646,28.2503070498651],[43.749838187702075,33.03551977267332]]},"properties":{"from":"NPL","to":"IRQ","n":5,"internal":false,"kind":"labour exploitation","labour":2,"sexual":0,"minor":0,"_k":"1213"}},{"type":"Feature","geometry":{"type":"LineString","coordinates":[[24.9832298892535,45.850663259096045],[96.4943751272419,21.205002472151694]]},"properties":{"from":"ROU","to":"MMR","n":5,"internal":false,"kind":"labour exploitation","labour":2,"sexual":0,"minor":0,"_k":"1214"}},{"type":"Feature","geometry":{"type":"LineString","coordinates":[[-5.570416190838727,7.621919807131076],[29.93496098318132,15.981518572856197]]},"properties":{"from":"CIV","to":"SDN","n":5,"internal":false,"kind":"mixed","labour":0,"sexual":0,"minor":0,"_k":"1215"}},{"type":"Feature","geometry":{"type":"LineString","coordinates":[[9.385737466057346,17.42154116166629],[16.73978625888801,62.82975884519814]]},"properties":{"from":"NER","to":"SWE","n":5,"internal":false,"kind":"labour exploitation","labour":1,"sexual":0,"minor":0,"_k":"1216"}},{"type":"Feature","geometry":{"type":"LineString","coordinates":[[79.58201036306701,22.91399793698191],[99.0698642121238,61.66316880121902]]},"properties":{"from":"IND","to":"RUS","n":5,"internal":false,"kind":"mixed","labour":0,"sexual":0,"minor":0,"_k":"1217"}},{"type":"Feature","geometry":{"type":"LineString","coordinates":[[-1.2240238704177318,7.961261722080135],[39.59780734834613,8.621718205653119]]},"properties":{"from":"GHA","to":"ETH","n":5,"internal":false,"kind":"mixed","labour":0,"sexual":0,"minor":2,"_k":"1218"}},{"type":"Feature","geometry":{"type":"LineString","coordinates":[[-102.50809751599304,23.941580696597782],[39.59780734834613,8.621718205653119]]},"properties":{"from":"MEX","to":"ETH","n":5,"internal":false,"kind":"mixed","labour":0,"sexual":0,"minor":1,"_k":"1219"}},{"type":"Feature","geometry":{"type":"LineString","coordinates":[[32.36679363467085,1.2750126968004065],[25.16763318375323,-29.011178230353238]]},"properties":{"from":"UGA","to":"ZAF","n":5,"internal":false,"kind":"labour exploitation","labour":2,"sexual":0,"minor":0,"_k":"1220"}},{"type":"Feature","geometry":{"type":"LineString","coordinates":[[25.21336553945269,42.76359366613009],[121.42730496453794,15.945390070922295]]},"properties":{"from":"BGR","to":"PHL","n":5,"internal":false,"kind":"sexual exploitation","labour":0,"sexual":1,"minor":0,"_k":"1221"}},{"type":"Feature","geometry":{"type":"LineString","coordinates":[[23.638625091078172,-2.880533389516553],[5.6503386809269225,52.28581105169354]]},"properties":{"from":"COD","to":"NLD","n":5,"internal":false,"kind":"labour exploitation","labour":1,"sexual":0,"minor":0,"_k":"1222"}},{"type":"Feature","geometry":{"type":"LineString","coordinates":[[106.29262653488702,16.66312668463577],[79.58201036306701,22.91399793698191]]},"properties":{"from":"VNM","to":"IND","n":5,"internal":false,"kind":"mixed","labour":0,"sexual":0,"minor":1,"_k":"1223"}},{"type":"Feature","geometry":{"type":"LineString","coordinates":[[71.02002039429117,38.52857466576103],[121.42730496453794,15.945390070922295]]},"properties":{"from":"TJK","to":"PHL","n":5,"internal":false,"kind":"mixed","labour":0,"sexual":0,"minor":0,"_k":"1224"}},{"type":"Feature","geometry":{"type":"LineString","coordinates":[[32.36679363467085,1.2750126968004065],[114.17878787874693,22.42121212120512]]},"properties":{"from":"UGA","to":"HKG","n":5,"internal":false,"kind":"labour exploitation","labour":1,"sexual":0,"minor":2,"_k":"1225"}},{"type":"Feature","geometry":{"type":"LineString","coordinates":[[-70.48172302737008,18.896296296294825],[-102.3524834237017,57.93914584726518]]},"properties":{"from":"DOM","to":"CAN","n":5,"internal":false,"kind":"labour exploitation","labour":3,"sexual":0,"minor":0,"_k":"1226"}},{"type":"Feature","geometry":{"type":"LineString","coordinates":[[-15.33352601156058,13.459537572254273],[24.9832298892535,45.850663259096045]]},"properties":{"from":"GMB","to":"ROU","n":5,"internal":false,"kind":"mixed","labour":0,"sexual":0,"minor":0,"_k":"1227"}},{"type":"Feature","geometry":{"type":"LineString","coordinates":[[19.397411587659793,47.16835214446921],[18.01465069186637,27.027402407469932]]},"properties":{"from":"HUN","to":"LBY","n":5,"internal":false,"kind":"mixed","labour":0,"sexual":0,"minor":0,"_k":"1228"}},{"type":"Feature","geometry":{"type":"LineString","coordinates":[[-1.2240238704177318,7.961261722080135],[8.225583756345126,46.803756345177355]]},"properties":{"from":"GHA","to":"CHE","n":5,"internal":false,"kind":"mixed","labour":0,"sexual":0,"minor":2,"_k":"1229"}},{"type":"Feature","geometry":{"type":"LineString","coordinates":[[37.83247567037743,0.5458132045088652],[-11.781139601139621,8.566581196581197]]},"properties":{"from":"KEN","to":"SLE","n":5,"internal":false,"kind":"sexual exploitation","labour":0,"sexual":2,"minor":1,"_k":"1230"}},{"type":"Feature","geometry":{"type":"LineString","coordinates":[[80.70386384544673,7.614351425942975],[90.23205935882014,23.87796444071293]]},"properties":{"from":"LKA","to":"BGD","n":5,"internal":false,"kind":"mixed","labour":0,"sexual":0,"minor":0,"_k":"1231"}},{"type":"Feature","geometry":{"type":"LineString","coordinates":[[-1.759814528593513,12.270832413336304],[9.548798947022076,34.111867939015156]]},"properties":{"from":"BFA","to":"TUN","n":5,"internal":false,"kind":"sexual exploitation","labour":0,"sexual":1,"minor":0,"_k":"1232"}},{"type":"Feature","geometry":{"type":"LineString","coordinates":[[29.867651515151508,-3.348030303030272],[20.78808712121224,44.222859848485236]]},"properties":{"from":"BDI","to":"SRB","n":5,"internal":false,"kind":"sexual exploitation","labour":0,"sexual":2,"minor":0,"_k":"1233"}},{"type":"Feature","geometry":{"type":"LineString","coordinates":[[-1.759814528593513,12.270832413336304],[67.28533620759436,48.15882317221261]]},"properties":{"from":"BFA","to":"KAZ","n":5,"internal":false,"kind":"sexual exploitation","labour":0,"sexual":1,"minor":1,"_k":"1234"}},{"type":"Feature","geometry":{"type":"LineString","coordinates":[[90.23205935882014,23.87796444071293],[24.9832298892535,45.850663259096045]]},"properties":{"from":"BGD","to":"ROU","n":5,"internal":false,"kind":"mixed","labour":0,"sexual":0,"minor":0,"_k":"1235"}},{"type":"Feature","geometry":{"type":"LineString","coordinates":[[25.21336553945269,42.76359366613009],[47.584232804235775,29.305608465610284]]},"properties":{"from":"BGR","to":"KWT","n":5,"internal":false,"kind":"mixed","labour":0,"sexual":0,"minor":0,"_k":"1236"}},{"type":"Feature","geometry":{"type":"LineString","coordinates":[[-64.6843651095079,-16.708133036731713],[-72.665695067267,18.932436472347298]]},"properties":{"from":"BOL","to":"HTI","n":5,"internal":false,"kind":"mixed","labour":0,"sexual":0,"minor":0,"_k":"1237"}},{"type":"Feature","geometry":{"type":"LineString","coordinates":[[-64.6843651095079,-16.708133036731713],[-102.50809751599304,23.941580696597782]]},"properties":{"from":"BOL","to":"MEX","n":5,"internal":false,"kind":"mixed","labour":1,"sexual":1,"minor":2,"_k":"1238"}},{"type":"Feature","geometry":{"type":"LineString","coordinates":[[-53.11193719339199,-10.836462514351837],[-8.39442734733289,29.842976104272296]]},"properties":{"from":"BRA","to":"MAR","n":5,"internal":false,"kind":"sexual exploitation","labour":0,"sexual":1,"minor":0,"_k":"1239"}},{"type":"Feature","geometry":{"type":"LineString","coordinates":[[103.81264367816092,36.619860071494145],[-5.570416190838727,7.621919807131076]]},"properties":{"from":"CHN","to":"CIV","n":5,"internal":false,"kind":"sexual exploitation","labour":0,"sexual":2,"minor":0,"_k":"1240"}},{"type":"Feature","geometry":{"type":"LineString","coordinates":[[-5.570416190838727,7.621919807131076],[20.06313725490263,41.14498599439933]]},"properties":{"from":"CIV","to":"ALB","n":5,"internal":false,"kind":"sexual exploitation","labour":0,"sexual":2,"minor":1,"_k":"1241"}},{"type":"Feature","geometry":{"type":"LineString","coordinates":[[-5.570416190838727,7.621919807131076],[-1.2240238704177318,7.961261722080135]]},"properties":{"from":"CIV","to":"GHA","n":5,"internal":false,"kind":"sexual exploitation","labour":0,"sexual":3,"minor":0,"_k":"1242"}},{"type":"Feature","geometry":{"type":"LineString","coordinates":[[12.737180841697482,5.695699066737103],[19.397113084377445,52.124826663422986]]},"properties":{"from":"CMR","to":"POL","n":5,"internal":false,"kind":"mixed","labour":1,"sexual":1,"minor":0,"_k":"1243"}},{"type":"Feature","geometry":{"type":"LineString","coordinates":[[-73.08064382475897,3.906445453235302],[99.0698642121238,61.66316880121902]]},"properties":{"from":"COL","to":"RUS","n":5,"internal":false,"kind":"mixed","labour":0,"sexual":0,"minor":0,"_k":"1244"}},{"type":"Feature","geometry":{"type":"LineString","coordinates":[[-70.48172302737008,18.896296296294825],[-3.5451743486347445,17.342714243290896]]},"properties":{"from":"DOM","to":"MLI","n":5,"internal":false,"kind":"sexual exploitation","labour":0,"sexual":1,"minor":0,"_k":"1245"}},{"type":"Feature","geometry":{"type":"LineString","coordinates":[[-70.48172302737008,18.896296296294825],[32.36679363467085,1.2750126968004065]]},"properties":{"from":"DOM","to":"UGA","n":5,"internal":false,"kind":"labour exploitation","labour":2,"sexual":1,"minor":0,"_k":"1246"}},{"type":"Feature","geometry":{"type":"LineString","coordinates":[[38.84792172084777,15.35206210577388],[8.225583756345126,46.803756345177355]]},"properties":{"from":"ERI","to":"CHE","n":5,"internal":false,"kind":"mixed","labour":1,"sexual":1,"minor":0,"_k":"1247"}},{"type":"Feature","geometry":{"type":"LineString","coordinates":[[39.59780734834613,8.621718205653119],[-72.665695067267,18.932436472347298]]},"properties":{"from":"ETH","to":"HTI","n":5,"internal":false,"kind":"mixed","labour":0,"sexual":0,"minor":1,"_k":"1248"}},{"type":"Feature","geometry":{"type":"LineString","coordinates":[[39.59780734834613,8.621718205653119],[5.6503386809269225,52.28581105169354]]},"properties":{"from":"ETH","to":"NLD","n":5,"internal":false,"kind":"labour exploitation","labour":3,"sexual":1,"minor":0,"_k":"1249"}},{"type":"Feature","geometry":{"type":"LineString","coordinates":[[-72.665695067267,18.932436472347298],[8.225583756345126,46.803756345177355]]},"properties":{"from":"HTI","to":"CHE","n":5,"internal":false,"kind":"sexual exploitation","labour":0,"sexual":1,"minor":0,"_k":"1250"}},{"type":"Feature","geometry":{"type":"LineString","coordinates":[[19.397411587659793,47.16835214446921],[28.45629251700725,47.2012755102054]]},"properties":{"from":"HUN","to":"MDA","n":5,"internal":false,"kind":"sexual exploitation","labour":0,"sexual":2,"minor":0,"_k":"1251"}},{"type":"Feature","geometry":{"type":"LineString","coordinates":[[67.28533620759436,48.15882317221261],[-102.3524834237017,57.93914584726518]]},"properties":{"from":"KAZ","to":"CAN","n":5,"internal":false,"kind":"mixed","labour":0,"sexual":0,"minor":1,"_k":"1252"}},{"type":"Feature","geometry":{"type":"LineString","coordinates":[[104.90152976388326,12.723001884491634],[-73.08064382475897,3.906445453235302]]},"properties":{"from":"KHM","to":"COL","n":5,"internal":false,"kind":"labour exploitation","labour":1,"sexual":0,"minor":0,"_k":"1253"}},{"type":"Feature","geometry":{"type":"LineString","coordinates":[[127.86513146285003,36.459678842418775],[22.562857999700014,39.462753036437284]]},"properties":{"from":"KOR","to":"GRC","n":5,"internal":false,"kind":"mixed","labour":0,"sexual":0,"minor":1,"_k":"1254"}},{"type":"Feature","geometry":{"type":"LineString","coordinates":[[-102.50809751599304,23.941580696597782],[17.784189497717012,44.16866438356195]]},"properties":{"from":"MEX","to":"BIH","n":5,"internal":false,"kind":"sexual exploitation","labour":0,"sexual":1,"minor":1,"_k":"1255"}},{"type":"Feature","geometry":{"type":"LineString","coordinates":[[99.0698642121238,61.66316880121902],[-65.15022561757499,-35.175010887711316]]},"properties":{"from":"RUS","to":"ARG","n":5,"internal":false,"kind":"mixed","labour":0,"sexual":0,"minor":2,"_k":"1256"}},{"type":"Feature","geometry":{"type":"LineString","coordinates":[[-14.469085365853688,14.363556910569123],[22.562857999700014,39.462753036437284]]},"properties":{"from":"SEN","to":"GRC","n":5,"internal":false,"kind":"mixed","labour":0,"sexual":0,"minor":0,"_k":"1257"}},{"type":"Feature","geometry":{"type":"LineString","coordinates":[[-11.781139601139621,8.566581196581197],[12.159371652981111,43.51930263001275]]},"properties":{"from":"SLE","to":"ITA","n":5,"internal":false,"kind":"sexual exploitation","labour":0,"sexual":3,"minor":0,"_k":"1258"}},{"type":"Feature","geometry":{"type":"LineString","coordinates":[[-88.87837301586958,13.742361111110638],[-1.2240238704177318,7.961261722080135]]},"properties":{"from":"SLV","to":"GHA","n":5,"internal":false,"kind":"sexual exploitation","labour":0,"sexual":2,"minor":1,"_k":"1259"}},{"type":"Feature","geometry":{"type":"LineString","coordinates":[[59.37547869265088,39.112478318539196],[29.93496098318132,15.981518572856197]]},"properties":{"from":"TKM","to":"SDN","n":5,"internal":false,"kind":"sexual exploitation","labour":0,"sexual":2,"minor":2,"_k":"1260"}},{"type":"Feature","geometry":{"type":"LineString","coordinates":[[32.36679363467085,1.2750126968004065],[114.02062133826777,-0.19466928769655426]]},"properties":{"from":"UGA","to":"IDN","n":5,"internal":false,"kind":"sexual exploitation","labour":0,"sexual":1,"minor":1,"_k":"1261"}},{"type":"Feature","geometry":{"type":"LineString","coordinates":[[-99.15068807156243,39.52967493310974],[-14.469085365853688,14.363556910569123]]},"properties":{"from":"USA","to":"SEN","n":5,"internal":false,"kind":"mixed","labour":0,"sexual":0,"minor":0,"_k":"1262"}},{"type":"Feature","geometry":{"type":"LineString","coordinates":[[63.163427689140626,41.75163492880463],[10.373256621004517,51.09626301369856]]},"properties":{"from":"UZB","to":"DEU","n":5,"internal":false,"kind":"mixed","labour":0,"sexual":0,"minor":0,"_k":"1263"}},{"type":"Feature","geometry":{"type":"LineString","coordinates":[[-66.1847903388119,7.11499049535947],[-14.469085365853688,14.363556910569123]]},"properties":{"from":"VEN","to":"SEN","n":5,"internal":false,"kind":"labour exploitation","labour":2,"sexual":0,"minor":1,"_k":"1264"}},{"type":"Feature","geometry":{"type":"LineString","coordinates":[[29.867651515151508,-3.348030303030272],[17.784189497717012,44.16866438356195]]},"properties":{"from":"BDI","to":"BIH","n":5,"internal":false,"kind":"labour exploitation","labour":1,"sexual":0,"minor":3,"_k":"1265"}},{"type":"Feature","geometry":{"type":"LineString","coordinates":[[-1.759814528593513,12.270832413336304],[100.99889647721353,15.131083844580518]]},"properties":{"from":"BFA","to":"THA","n":5,"internal":false,"kind":"mixed","labour":0,"sexual":0,"minor":2,"_k":"1266"}},{"type":"Feature","geometry":{"type":"LineString","coordinates":[[-77.33386809268346,18.16559714794817],[137.96621280888957,36.65896549240351]]},"properties":{"from":"JAM","to":"JPN","n":5,"internal":false,"kind":"sexual exploitation","labour":0,"sexual":1,"minor":1,"_k":"1267"}},{"type":"Feature","geometry":{"type":"LineString","coordinates":[[29.867651515151508,-3.348030303030272],[114.17878787874693,22.42121212120512]]},"properties":{"from":"BDI","to":"HKG","n":5,"internal":false,"kind":"mixed","labour":0,"sexual":0,"minor":2,"_k":"1268"}},{"type":"Feature","geometry":{"type":"LineString","coordinates":[[20.78808712121224,44.222859848485236],[67.28533620759436,48.15882317221261]]},"properties":{"from":"SRB","to":"KAZ","n":5,"internal":false,"kind":"labour exploitation","labour":2,"sexual":0,"minor":1,"_k":"1269"}},{"type":"Feature","geometry":{"type":"LineString","coordinates":[[-1.759814528593513,12.270832413336304],[39.59780734834613,8.621718205653119]]},"properties":{"from":"BFA","to":"ETH","n":5,"internal":false,"kind":"mixed","labour":0,"sexual":0,"minor":0,"_k":"1270"}},{"type":"Feature","geometry":{"type":"LineString","coordinates":[[-77.33386809268346,18.16559714794817],[-1.2240238704177318,7.961261722080135]]},"properties":{"from":"JAM","to":"GHA","n":5,"internal":false,"kind":"mixed","labour":0,"sexual":0,"minor":0,"_k":"1271"}},{"type":"Feature","geometry":{"type":"LineString","coordinates":[[-73.08064382475897,3.906445453235302],[25.16763318375323,-29.011178230353238]]},"properties":{"from":"COL","to":"ZAF","n":5,"internal":false,"kind":"labour exploitation","labour":1,"sexual":0,"minor":0,"_k":"1272"}},{"type":"Feature","geometry":{"type":"LineString","coordinates":[[-15.33352601156058,13.459537572254273],[-102.3524834237017,57.93914584726518]]},"properties":{"from":"GMB","to":"CAN","n":5,"internal":false,"kind":"mixed","labour":0,"sexual":0,"minor":0,"_k":"1273"}},{"type":"Feature","geometry":{"type":"LineString","coordinates":[[45.71869717852055,4.765362111558975],[-65.15022561757499,-35.175010887711316]]},"properties":{"from":"SOM","to":"ARG","n":5,"internal":false,"kind":"mixed","labour":0,"sexual":0,"minor":0,"_k":"1274"}},{"type":"Feature","geometry":{"type":"LineString","coordinates":[[20.06313725490263,41.14498599439933],[29.867651515151508,-3.348030303030272]]},"properties":{"from":"ALB","to":"BDI","n":5,"internal":false,"kind":"mixed","labour":0,"sexual":0,"minor":1,"_k":"1275"}},{"type":"Feature","geometry":{"type":"LineString","coordinates":[[-15.33352601156058,13.459537572254273],[90.23205935882014,23.87796444071293]]},"properties":{"from":"GMB","to":"BGD","n":5,"internal":false,"kind":"mixed","labour":0,"sexual":0,"minor":0,"_k":"1276"}},{"type":"Feature","geometry":{"type":"LineString","coordinates":[[-66.1847903388119,7.11499049535947],[9.548798947022076,34.111867939015156]]},"properties":{"from":"VEN","to":"TUN","n":5,"internal":false,"kind":"mixed","labour":0,"sexual":0,"minor":0,"_k":"1277"}},{"type":"Feature","geometry":{"type":"LineString","coordinates":[[-1.759814528593513,12.270832413336304],[29.866659293666544,26.491557914915564]]},"properties":{"from":"BFA","to":"EGY","n":5,"internal":false,"kind":"sexual exploitation","labour":0,"sexual":1,"minor":1,"_k":"1278"}},{"type":"Feature","geometry":{"type":"LineString","coordinates":[[-53.11193719339199,-10.836462514351837],[5.6503386809269225,52.28581105169354]]},"properties":{"from":"BRA","to":"NLD","n":5,"internal":false,"kind":"mixed","labour":0,"sexual":0,"minor":0,"_k":"1279"}},{"type":"Feature","geometry":{"type":"LineString","coordinates":[[-53.11193719339199,-10.836462514351837],[29.93496098318132,15.981518572856197]]},"properties":{"from":"BRA","to":"SDN","n":5,"internal":false,"kind":"mixed","labour":0,"sexual":0,"minor":0,"_k":"1280"}},{"type":"Feature","geometry":{"type":"LineString","coordinates":[[-53.11193719339199,-10.836462514351837],[9.548798947022076,34.111867939015156]]},"properties":{"from":"BRA","to":"TUN","n":5,"internal":false,"kind":"labour exploitation","labour":1,"sexual":0,"minor":0,"_k":"1281"}},{"type":"Feature","geometry":{"type":"LineString","coordinates":[[103.81264367816092,36.619860071494145],[10.373256621004517,51.09626301369856]]},"properties":{"from":"CHN","to":"DEU","n":5,"internal":false,"kind":"mixed","labour":0,"sexual":0,"minor":0,"_k":"1282"}},{"type":"Feature","geometry":{"type":"LineString","coordinates":[[38.84792172084777,15.35206210577388],[39.59780734834613,8.621718205653119]]},"properties":{"from":"ERI","to":"ETH","n":5,"internal":false,"kind":"mixed","labour":0,"sexual":0,"minor":2,"_k":"1283"}},{"type":"Feature","geometry":{"type":"LineString","coordinates":[[-90.36942779291803,15.69158946412403],[29.867651515151508,-3.348030303030272]]},"properties":{"from":"GTM","to":"BDI","n":5,"internal":false,"kind":"mixed","labour":0,"sexual":0,"minor":1,"_k":"1284"}},{"type":"Feature","geometry":{"type":"LineString","coordinates":[[67.28533620759436,48.15882317221261],[16.73978625888801,62.82975884519814]]},"properties":{"from":"KAZ","to":"SWE","n":5,"internal":false,"kind":"sexual exploitation","labour":0,"sexual":1,"minor":0,"_k":"1285"}},{"type":"Feature","geometry":{"type":"LineString","coordinates":[[96.4943751272419,21.205002472151694],[29.93496098318132,15.981518572856197]]},"properties":{"from":"MMR","to":"SDN","n":5,"internal":false,"kind":"mixed","labour":0,"sexual":0,"minor":2,"_k":"1286"}},{"type":"Feature","geometry":{"type":"LineString","coordinates":[[8.088479508743816,9.594095136385867],[20.06313725490263,41.14498599439933]]},"properties":{"from":"NGA","to":"ALB","n":5,"internal":false,"kind":"mixed","labour":0,"sexual":0,"minor":0,"_k":"1287"}},{"type":"Feature","geometry":{"type":"LineString","coordinates":[[-88.87837301586958,13.742361111110638],[32.36679363467085,1.2750126968004065]]},"properties":{"from":"SLV","to":"UGA","n":5,"internal":false,"kind":"mixed","labour":0,"sexual":0,"minor":1,"_k":"1288"}},{"type":"Feature","geometry":{"type":"LineString","coordinates":[[45.71869717852055,4.765362111558975],[9.385737466057346,17.42154116166629]]},"properties":{"from":"SOM","to":"NER","n":5,"internal":false,"kind":"mixed","labour":0,"sexual":0,"minor":0,"_k":"1289"}},{"type":"Feature","geometry":{"type":"LineString","coordinates":[[20.06313725490263,41.14498599439933],[56.08500217539864,20.567543041829605]]},"properties":{"from":"ALB","to":"OMN","n":5,"internal":false,"kind":"mixed","labour":0,"sexual":0,"minor":0,"_k":"1290"}},{"type":"Feature","geometry":{"type":"LineString","coordinates":[[-53.11193719339199,-10.836462514351837],[114.17878787874693,22.42121212120512]]},"properties":{"from":"BRA","to":"HKG","n":5,"internal":false,"kind":"mixed","labour":0,"sexual":0,"minor":0,"_k":"1291"}},{"type":"Feature","geometry":{"type":"LineString","coordinates":[[20.06313725490263,41.14498599439933],[-2.5118598832360344,53.94003336113461]]},"properties":{"from":"ALB","to":"GBR","n":5,"internal":false,"kind":"mixed","labour":0,"sexual":0,"minor":0,"_k":"1292"}},{"type":"Feature","geometry":{"type":"LineString","coordinates":[[45.71869717852055,4.765362111558975],[71.02002039429117,38.52857466576103]]},"properties":{"from":"SOM","to":"TJK","n":5,"internal":false,"kind":"mixed","labour":0,"sexual":0,"minor":0,"_k":"1293"}},{"type":"Feature","geometry":{"type":"LineString","coordinates":[[59.37547869265088,39.112478318539196],[21.6760589318601,41.593124616329305]]},"properties":{"from":"TKM","to":"MKD","n":5,"internal":false,"kind":"sexual exploitation","labour":0,"sexual":2,"minor":0,"_k":"1294"}},{"type":"Feature","geometry":{"type":"LineString","coordinates":[[9.385737466057346,17.42154116166629],[-8.39442734733289,29.842976104272296]]},"properties":{"from":"NER","to":"MAR","n":5,"internal":false,"kind":"mixed","labour":0,"sexual":0,"minor":0,"_k":"1295"}},{"type":"Feature","geometry":{"type":"LineString","coordinates":[[-14.469085365853688,14.363556910569123],[96.4943751272419,21.205002472151694]]},"properties":{"from":"SEN","to":"MMR","n":5,"internal":false,"kind":"mixed","labour":0,"sexual":0,"minor":0,"_k":"1296"}},{"type":"Feature","geometry":{"type":"LineString","coordinates":[[9.385737466057346,17.42154116166629],[20.78808712121224,44.222859848485236]]},"properties":{"from":"NER","to":"SRB","n":5,"internal":false,"kind":"mixed","labour":0,"sexual":0,"minor":1,"_k":"1297"}},{"type":"Feature","geometry":{"type":"LineString","coordinates":[[29.867651515151508,-3.348030303030272],[15.314334181509967,49.73192536047586]]},"properties":{"from":"BDI","to":"CZE","n":5,"internal":false,"kind":"mixed","labour":0,"sexual":0,"minor":0,"_k":"1298"}},{"type":"Feature","geometry":{"type":"LineString","coordinates":[[38.84792172084777,15.35206210577388],[15.314334181509967,49.73192536047586]]},"properties":{"from":"ERI","to":"CZE","n":5,"internal":false,"kind":"mixed","labour":1,"sexual":1,"minor":0,"_k":"1299"}},{"type":"Feature","geometry":{"type":"LineString","coordinates":[[83.91471382952646,28.2503070498651],[39.59780734834613,8.621718205653119]]},"properties":{"from":"NPL","to":"ETH","n":5,"internal":false,"kind":"labour exploitation","labour":1,"sexual":0,"minor":0,"_k":"1300"}},{"type":"Feature","geometry":{"type":"LineString","coordinates":[[-64.6843651095079,-16.708133036731713],[24.9832298892535,45.850663259096045]]},"properties":{"from":"BOL","to":"ROU","n":5,"internal":false,"kind":"sexual exploitation","labour":0,"sexual":1,"minor":0,"_k":"1301"}},{"type":"Feature","geometry":{"type":"LineString","coordinates":[[-1.2240238704177318,7.961261722080135],[9.36825590872045,56.22648736756337]]},"properties":{"from":"GHA","to":"DNK","n":5,"internal":false,"kind":"sexual exploitation","labour":0,"sexual":1,"minor":0,"_k":"1302"}},{"type":"Feature","geometry":{"type":"LineString","coordinates":[[-10.942001987083952,10.436719655572134],[16.73978625888801,62.82975884519814]]},"properties":{"from":"GIN","to":"SWE","n":5,"internal":false,"kind":"mixed","labour":0,"sexual":0,"minor":0,"_k":"1303"}},{"type":"Feature","geometry":{"type":"LineString","coordinates":[[8.088479508743816,9.594095136385867],[-11.781139601139621,8.566581196581197]]},"properties":{"from":"NGA","to":"SLE","n":5,"internal":false,"kind":"labour exploitation","labour":1,"sexual":0,"minor":0,"_k":"1304"}},{"type":"Feature","geometry":{"type":"LineString","coordinates":[[100.99889647721353,15.131083844580518],[-102.3524834237017,57.93914584726518]]},"properties":{"from":"THA","to":"CAN","n":5,"internal":false,"kind":"sexual exploitation","labour":0,"sexual":2,"minor":2,"_k":"1305"}},{"type":"Feature","geometry":{"type":"LineString","coordinates":[[71.02002039429117,38.52857466576103],[106.29262653488702,16.66312668463577]]},"properties":{"from":"TJK","to":"VNM","n":5,"internal":false,"kind":"mixed","labour":0,"sexual":0,"minor":1,"_k":"1306"}},{"type":"Feature","geometry":{"type":"LineString","coordinates":[[-90.36942779291803,15.69158946412403],[22.562857999700014,39.462753036437284]]},"properties":{"from":"GTM","to":"GRC","n":5,"internal":false,"kind":"mixed","labour":0,"sexual":0,"minor":0,"_k":"1307"}},{"type":"Feature","geometry":{"type":"LineString","coordinates":[[67.28533620759436,48.15882317221261],[35.89410774411856,33.92558922559957]]},"properties":{"from":"KAZ","to":"LBN","n":5,"internal":false,"kind":"mixed","labour":0,"sexual":0,"minor":0,"_k":"1308"}},{"type":"Feature","geometry":{"type":"LineString","coordinates":[[99.0698642121238,61.66316880121902],[51.19086294416262,25.324534686971038]]},"properties":{"from":"RUS","to":"QAT","n":5,"internal":false,"kind":"mixed","labour":0,"sexual":0,"minor":0,"_k":"1309"}},{"type":"Feature","geometry":{"type":"LineString","coordinates":[[-64.6843651095079,-16.708133036731713],[71.02002039429117,38.52857466576103]]},"properties":{"from":"BOL","to":"TJK","n":5,"internal":false,"kind":"mixed","labour":0,"sexual":0,"minor":0,"_k":"1310"}},{"type":"Feature","geometry":{"type":"LineString","coordinates":[[-66.1847903388119,7.11499049535947],[-1.2240238704177318,7.961261722080135]]},"properties":{"from":"VEN","to":"GHA","n":5,"internal":false,"kind":"labour exploitation","labour":2,"sexual":0,"minor":0,"_k":"1311"}},{"type":"Feature","geometry":{"type":"LineString","coordinates":[[66.01106583572992,33.83569297965267],[67.28533620759436,48.15882317221261]]},"properties":{"from":"AFG","to":"KAZ","n":5,"internal":false,"kind":"mixed","labour":0,"sexual":0,"minor":1,"_k":"1312"}},{"type":"Feature","geometry":{"type":"LineString","coordinates":[[66.01106583572992,33.83569297965267],[25.16763318375323,-29.011178230353238]]},"properties":{"from":"AFG","to":"ZAF","n":5,"internal":false,"kind":"mixed","labour":0,"sexual":0,"minor":0,"_k":"1313"}},{"type":"Feature","geometry":{"type":"LineString","coordinates":[[19.397411587659793,47.16835214446921],[-1.2240238704177318,7.961261722080135]]},"properties":{"from":"HUN","to":"GHA","n":5,"internal":false,"kind":"mixed","labour":0,"sexual":0,"minor":0,"_k":"1314"}},{"type":"Feature","geometry":{"type":"LineString","coordinates":[[-1.759814528593513,12.270832413336304],[66.01106583572992,33.83569297965267]]},"properties":{"from":"BFA","to":"AFG","n":5,"internal":false,"kind":"sexual exploitation","labour":0,"sexual":3,"minor":0,"_k":"1315"}},{"type":"Feature","geometry":{"type":"LineString","coordinates":[[-77.33386809268346,18.16559714794817],[10.373256621004517,51.09626301369856]]},"properties":{"from":"JAM","to":"DEU","n":5,"internal":false,"kind":"mixed","labour":0,"sexual":0,"minor":0,"_k":"1316"}},{"type":"Feature","geometry":{"type":"LineString","coordinates":[[-11.781139601139621,8.566581196581197],[-7.98068283917332,39.68341419586642]]},"properties":{"from":"SLE","to":"PRT","n":5,"internal":false,"kind":"mixed","labour":0,"sexual":0,"minor":0,"_k":"1317"}},{"type":"Feature","geometry":{"type":"LineString","coordinates":[[80.70386384544673,7.614351425942975],[37.83247567037743,0.5458132045088652]]},"properties":{"from":"LKA","to":"KEN","n":5,"internal":false,"kind":"mixed","labour":0,"sexual":0,"minor":0,"_k":"1318"}},{"type":"Feature","geometry":{"type":"LineString","coordinates":[[45.71869717852055,4.765362111558975],[137.96621280888957,36.65896549240351]]},"properties":{"from":"SOM","to":"JPN","n":5,"internal":false,"kind":"mixed","labour":0,"sexual":0,"minor":0,"_k":"1319"}},{"type":"Feature","geometry":{"type":"LineString","coordinates":[[38.84792172084777,15.35206210577388],[-2.5118598832360344,53.94003336113461]]},"properties":{"from":"ERI","to":"GBR","n":5,"internal":false,"kind":"sexual exploitation","labour":0,"sexual":2,"minor":0,"_k":"1320"}},{"type":"Feature","geometry":{"type":"LineString","coordinates":[[-102.50809751599304,23.941580696597782],[71.02002039429117,38.52857466576103]]},"properties":{"from":"MEX","to":"TJK","n":5,"internal":false,"kind":"mixed","labour":0,"sexual":0,"minor":0,"_k":"1321"}},{"type":"Feature","geometry":{"type":"LineString","coordinates":[[67.28533620759436,48.15882317221261],[9.36825590872045,56.22648736756337]]},"properties":{"from":"KAZ","to":"DNK","n":5,"internal":false,"kind":"mixed","labour":0,"sexual":0,"minor":0,"_k":"1322"}},{"type":"Feature","geometry":{"type":"LineString","coordinates":[[104.90152976388326,12.723001884491634],[-1.2240238704177318,7.961261722080135]]},"properties":{"from":"KHM","to":"GHA","n":5,"internal":false,"kind":"sexual exploitation","labour":0,"sexual":2,"minor":0,"_k":"1323"}},{"type":"Feature","geometry":{"type":"LineString","coordinates":[[59.37547869265088,39.112478318539196],[-5.570416190838727,7.621919807131076]]},"properties":{"from":"TKM","to":"CIV","n":5,"internal":false,"kind":"mixed","labour":0,"sexual":0,"minor":0,"_k":"1324"}},{"type":"Feature","geometry":{"type":"LineString","coordinates":[[99.0698642121238,61.66316880121902],[121.42730496453794,15.945390070922295]]},"properties":{"from":"RUS","to":"PHL","n":5,"internal":false,"kind":"mixed","labour":0,"sexual":0,"minor":1,"_k":"1325"}},{"type":"Feature","geometry":{"type":"LineString","coordinates":[[-66.1847903388119,7.11499049535947],[121.42730496453794,15.945390070922295]]},"properties":{"from":"VEN","to":"PHL","n":5,"internal":false,"kind":"mixed","labour":0,"sexual":0,"minor":0,"_k":"1326"}},{"type":"Feature","geometry":{"type":"LineString","coordinates":[[66.01106583572992,33.83569297965267],[24.9832298892535,45.850663259096045]]},"properties":{"from":"AFG","to":"ROU","n":5,"internal":false,"kind":"mixed","labour":0,"sexual":0,"minor":0,"_k":"1327"}},{"type":"Feature","geometry":{"type":"LineString","coordinates":[[19.397411587659793,47.16835214446921],[29.93496098318132,15.981518572856197]]},"properties":{"from":"HUN","to":"SDN","n":5,"internal":false,"kind":"mixed","labour":0,"sexual":0,"minor":0,"_k":"1328"}},{"type":"Feature","geometry":{"type":"LineString","coordinates":[[28.04028419182972,53.53018354055703],[29.867651515151508,-3.348030303030272]]},"properties":{"from":"BLR","to":"BDI","n":5,"internal":false,"kind":"mixed","labour":0,"sexual":0,"minor":0,"_k":"1329"}},{"type":"Feature","geometry":{"type":"LineString","coordinates":[[12.737180841697482,5.695699066737103],[56.08500217539864,20.567543041829605]]},"properties":{"from":"CMR","to":"OMN","n":5,"internal":false,"kind":"mixed","labour":0,"sexual":0,"minor":0,"_k":"1330"}},{"type":"Feature","geometry":{"type":"LineString","coordinates":[[37.83247567037743,0.5458132045088652],[29.867651515151508,-3.348030303030272]]},"properties":{"from":"KEN","to":"BDI","n":5,"internal":false,"kind":"mixed","labour":0,"sexual":0,"minor":0,"_k":"1331"}}]}