{"type":"FeatureCollection","features":[{"type":"Feature","geometry":{"type":"Point","coordinates":[139.77139,35.69972]},"properties":{"name":"Akihabara massacre","date":"2008-06-08","deaths":"7","injured":"10","perpetrator":"Tomohiro Katō","country":"Japan","group":"2000s","wikidata":"http://www.wikidata.org/entity/Q925737"}},{"type":"Feature","geometry":{"type":"Point","coordinates":[137.97167,36.24306]},"properties":{"name":"Matsumoto sarin attack","date":"1994-06-27","deaths":"8","injured":"600","perpetrator":null,"country":"Japan","group":"1990s","wikidata":"http://www.wikidata.org/entity/Q1057839"}},{"type":"Feature","geometry":{"type":"Point","coordinates":[139.692,35.6894]},"properties":{"name":"Tokyo subway sarin attack","date":"1995-03-20","deaths":"12","injured":"1050","perpetrator":"Ken'ichi Hirose","country":"Japan","group":"1990s","wikidata":"http://www.wikidata.org/entity/Q1146739"}},{"type":"Feature","geometry":{"type":"Point","coordinates":[131.24167,25.84583]},"properties":{"name":"Philippine Airlines Flight 434","date":"1994-12-11","deaths":"1","injured":"10","perpetrator":"Ramzi Yousef (born 1968)","country":"Japan","group":"1990s","wikidata":"http://www.wikidata.org/entity/Q1816505"}},{"type":"Feature","geometry":{"type":"Point","coordinates":[-75.6756,45.4347]},"properties":{"name":"1985 Turkish embassy attack in Ottawa","date":"1985-03-12","deaths":"1","injured":null,"perpetrator":null,"country":"Canada","group":"1980s","wikidata":"http://www.wikidata.org/entity/Q4071937"}},{"type":"Feature","geometry":{"type":"Point","coordinates":[-113.51944,53.57194]},"properties":{"name":"Edmonton aircraft bombing","date":"1965-01-28","deaths":"1","injured":null,"perpetrator":null,"country":"Canada","group":"1960s","wikidata":"http://www.wikidata.org/entity/Q5339110"}},{"type":"Feature","geometry":{"type":"Point","coordinates":[-71.30528,46.77806]},"properties":{"name":"2017 Quebec City mosque shooting","date":"2017-01-29","deaths":"6","injured":"19","perpetrator":null,"country":"Canada","group":"2010s","wikidata":"http://www.wikidata.org/entity/Q28549976"}},{"type":"Feature","geometry":{"type":"Point","coordinates":[10.24806,60.02361]},"properties":{"name":"Utøya massacre","date":"2011-07-22","deaths":"69","injured":"110","perpetrator":"Anders Behring Breivik","country":"Norway","group":"2010s","wikidata":"http://www.wikidata.org/entity/Q3377611"}},{"type":"Feature","geometry":{"type":"Point","coordinates":[142.3563,43.77454]},"properties":{"name":"Bombing of the Fusetsu no Gunzo and Institute of Northern Cultures","date":"1972-10-23","deaths":null,"injured":null,"perpetrator":null,"country":"Japan","group":"1970s","wikidata":"http://www.wikidata.org/entity/Q4940738"}},{"type":"Feature","geometry":{"type":"Point","coordinates":[139.66056,35.61278]},"properties":{"name":"Yoshio Kodama residence light aircraft breach incident","date":"1976-03-23","deaths":null,"injured":"1","perpetrator":"Mitsuyasu Maeno","country":"Japan","group":"1970s","wikidata":"http://www.wikidata.org/entity/Q28110728"}},{"type":"Feature","geometry":{"type":"Point","coordinates":[-3.69333,42.3564]},"properties":{"name":"2009 Burgos bombing","date":"2009-07-29","deaths":"0","injured":"65","perpetrator":null,"country":"Spain","group":"2000s","wikidata":"http://www.wikidata.org/entity/Q3825411"}},{"type":"Feature","geometry":{"type":"Point","coordinates":[-2.17521,43.28663]},"properties":{"name":"1980 Zarautz attack","date":"1980-11-03","deaths":"5","injured":"5","perpetrator":"Euskadi Ta Askatasuna","country":"Spain","group":"1980s","wikidata":"http://www.wikidata.org/entity/Q4579483"}},{"type":"Feature","geometry":{"type":"Point","coordinates":[-3.54889,40.44889]},"properties":{"name":"1985 El Descanso bombing","date":"1985-04-12","deaths":"18","injured":"82","perpetrator":null,"country":"Spain","group":"1980s","wikidata":"http://www.wikidata.org/entity/Q4582287"}},{"type":"Feature","geometry":{"type":"Point","coordinates":[-5.92806,54.6019]},"properties":{"name":"1972 Donegall Street bombing","date":"1972-03-20","deaths":"6","injured":"146","perpetrator":null,"country":"Northern Ireland","group":"1970s","wikidata":"http://www.wikidata.org/entity/Q4575011"}},{"type":"Feature","geometry":{"type":"Point","coordinates":[-5.94812,54.604]},"properties":{"name":"Bayardo Bar attack","date":"1975-08-13","deaths":"5","injured":"50","perpetrator":null,"country":"Northern Ireland","group":"1970s","wikidata":"http://www.wikidata.org/entity/Q4874351"}},{"type":"Feature","geometry":{"type":"Point","coordinates":[2.17281,41.39658]},"properties":{"name":"Scala case","date":"1978-01-15","deaths":"4","injured":null,"perpetrator":null,"country":"Spain","group":"1970s","wikidata":"http://www.wikidata.org/entity/Q3393360"}},{"type":"Feature","geometry":{"type":"Point","coordinates":[-3.59472,40.4917]},"properties":{"name":"2006 Madrid–Barajas Airport bombing","date":"2006-12-30","deaths":"2","injured":"20","perpetrator":"Euskadi Ta Askatasuna","country":"Spain","group":"2000s","wikidata":"http://www.wikidata.org/entity/Q3504543"}},{"type":"Feature","geometry":{"type":"Point","coordinates":[-3.01581,43.32797]},"properties":{"name":"2008 Getxo bombing","date":"2008-05-19","deaths":"0","injured":"0","perpetrator":null,"country":"Spain","group":"2000s","wikidata":"http://www.wikidata.org/entity/Q4611122"}},{"type":"Feature","geometry":{"type":"Point","coordinates":[-3.6855,40.43427]},"properties":{"name":"Assassination of Luis Carrero Blanco","date":"1973-12-20","deaths":"3","injured":null,"perpetrator":null,"country":"Spain","group":"1970s","wikidata":"http://www.wikidata.org/entity/Q4992248"}},{"type":"Feature","geometry":{"type":"Point","coordinates":[-0.4831,38.3453]},"properties":{"name":"2003 Alicante and Benidorm bombings","date":"2003-07-22","deaths":"0","injured":"14","perpetrator":null,"country":"Spain","group":"2000s","wikidata":"http://www.wikidata.org/entity/Q27891517"}},{"type":"Feature","geometry":{"type":"Point","coordinates":[-0.86556,41.6614]},"properties":{"name":"1987 Zaragoza Guardia Civil Barracks bombing","date":"1987-12-11","deaths":"11","injured":"88","perpetrator":"Argala Command","country":"Spain","group":"1980s","wikidata":"http://www.wikidata.org/entity/Q80213"}},{"type":"Feature","geometry":{"type":"Point","coordinates":[-3.68944,40.40667]},"properties":{"name":"2004 Madrid train bombings","date":"2004-03-11","deaths":"193","injured":"2057","perpetrator":null,"country":"Spain","group":"2000s","wikidata":"http://www.wikidata.org/entity/Q213531"}},{"type":"Feature","geometry":{"type":"Point","coordinates":[1.9571,41.267]},"properties":{"name":"Castelldefels train accident","date":"2010-06-23","deaths":"12","injured":null,"perpetrator":null,"country":"Spain","group":"2010s","wikidata":"http://www.wikidata.org/entity/Q1312163"}},{"type":"Feature","geometry":{"type":"Point","coordinates":[2.25389,41.925]},"properties":{"name":"1991 Vic bombing","date":"1991-05-29","deaths":"10","injured":"44","perpetrator":"Euskadi Ta Askatasuna","country":"Spain","group":"1990s","wikidata":"http://www.wikidata.org/entity/Q1442421"}},{"type":"Feature","geometry":{"type":"Point","coordinates":[-86.815,33.51667]},"properties":{"name":"16th Street Baptist Church bombing","date":"1963-09-15","deaths":"4","injured":"22","perpetrator":"Thomas Edwin Blanton, Jr.","country":"United States","group":"1960s","wikidata":"http://www.wikidata.org/entity/Q3875690"}},{"type":"Feature","geometry":{"type":"Point","coordinates":[-73.999,40.707]},"properties":{"name":"Brooklyn Bridge shooting","date":"1994-03-01","deaths":"1","injured":"3","perpetrator":null,"country":"United States","group":"1990s","wikidata":"http://www.wikidata.org/entity/Q3965948"}},{"type":"Feature","geometry":{"type":"Point","coordinates":[-73.9595,40.7828]},"properties":{"name":"1973 New York City bomb plot","date":"1973-03-04","deaths":"0","injured":"0","perpetrator":"Khalid Duhham Al-Jawary","country":"United States","group":"1970s","wikidata":"http://www.wikidata.org/entity/Q4575645"}},{"type":"Feature","geometry":{"type":"Point","coordinates":[-77.009,38.89]},"properties":{"name":"1983 United States Senate bombing","date":"1983-11-07","deaths":"0","injured":"0","perpetrator":"May 19th Communist Organization","country":"United States","group":"1980s","wikidata":"http://www.wikidata.org/entity/Q4581262"}},{"type":"Feature","geometry":{"type":"Point","coordinates":[-73.8967,40.895]},"properties":{"name":"1989 firebombing of the Riverdale Press","date":null,"deaths":null,"injured":null,"perpetrator":null,"country":"United States","group":"date not recorded","wikidata":"http://www.wikidata.org/entity/Q4585520"}},{"type":"Feature","geometry":{"type":"Point","coordinates":[-97.4453,35.2069]},"properties":{"name":"2005 University of Oklahoma bombing","date":"2005-10-01","deaths":null,"injured":null,"perpetrator":null,"country":"United States","group":"2000s","wikidata":"http://www.wikidata.org/entity/Q4605020"}},{"type":"Feature","geometry":{"type":"Point","coordinates":[-79.9397,40.4846]},"properties":{"name":"2009 Pittsburgh police shootings","date":"2009-04-04","deaths":null,"injured":null,"perpetrator":null,"country":"United States","group":"2000s","wikidata":"http://www.wikidata.org/entity/Q4614611"}},{"type":"Feature","geometry":{"type":"Point","coordinates":[-121.645,38.0514]},"properties":{"name":"Antioch Bombing Target","date":null,"deaths":null,"injured":null,"perpetrator":null,"country":"United States","group":"date not recorded","wikidata":"http://www.wikidata.org/entity/Q4775006"}},{"type":"Feature","geometry":{"type":"Point","coordinates":[-93.05785,40.54706]},"properties":{"name":"Continental Airlines Flight 11","date":"1962-05-22","deaths":"45","injured":null,"perpetrator":null,"country":"United States","group":"1960s","wikidata":"http://www.wikidata.org/entity/Q5165236"}},{"type":"Feature","geometry":{"type":"Point","coordinates":[-83.0145,40.0]},"properties":{"name":"2016 Ohio State University attack","date":"2016-11-26","deaths":"1","injured":"13","perpetrator":null,"country":"United States","group":"2010s","wikidata":"http://www.wikidata.org/entity/Q27925273"}},{"type":"Feature","geometry":{"type":"Point","coordinates":[-121.4849,38.5801]},"properties":{"name":"1917 Sacramento Governor's Mansion bombing","date":"1917-12-17","deaths":"0","injured":"0","perpetrator":null,"country":"United States","group":"1910s","wikidata":"http://www.wikidata.org/entity/Q29075802"}},{"type":"Feature","geometry":{"type":"Point","coordinates":[-83.7389,42.9736]},"properties":{"name":"2017 Bishop International Airport incident","date":"2017-06-21","deaths":null,"injured":null,"perpetrator":null,"country":"United States","group":"2010s","wikidata":"http://www.wikidata.org/entity/Q30448847"}},{"type":"Feature","geometry":{"type":"Point","coordinates":[-89.40542,43.07428]},"properties":{"name":"Sterling Hall bombing","date":"1970-08-24","deaths":"1","injured":"3","perpetrator":null,"country":"United States","group":"1970s","wikidata":"http://www.wikidata.org/entity/Q1879847"}},{"type":"Feature","geometry":{"type":"Point","coordinates":[-73.9858,40.7581]},"properties":{"name":"2010 Times Square car bombing attempt","date":"2010-05-01","deaths":"0","injured":"0","perpetrator":null,"country":"United States","group":"2010s","wikidata":"http://www.wikidata.org/entity/Q1973105"}},{"type":"Feature","geometry":{"type":"Point","coordinates":[-77.0503,38.9119]},"properties":{"name":"Letelier assassination","date":"1976-09-21","deaths":"2","injured":"1","perpetrator":"Dirección de Inteligencia Nacional","country":"United States","group":"1970s","wikidata":"http://www.wikidata.org/entity/Q2866961"}},{"type":"Feature","geometry":{"type":"Point","coordinates":[-121.18278,45.60111]},"properties":{"name":"1984 Rajneeshee bioterror attack","date":"1984-10-10","deaths":"0","injured":null,"perpetrator":null,"country":"United States","group":"1980s","wikidata":"http://www.wikidata.org/entity/Q2869905"}},{"type":"Feature","geometry":{"type":"Point","coordinates":[-97.51694,35.47289]},"properties":{"name":"Oklahoma City bombing","date":"1995-04-19","deaths":"168","injured":"680","perpetrator":"Timothy McVeigh","country":"United States","group":"1990s","wikidata":"http://www.wikidata.org/entity/Q217528"}},{"type":"Feature","geometry":{"type":"Point","coordinates":[-77.05806,38.87111]},"properties":{"name":"American Airlines Flight 77","date":"2001-09-11","deaths":"189","injured":"106","perpetrator":null,"country":"United States","group":"2000s","wikidata":"http://www.wikidata.org/entity/Q463237"}},{"type":"Feature","geometry":{"type":"Point","coordinates":[-84.39255,33.76152]},"properties":{"name":"Centennial Olympic Park bombing","date":"1996-07-27","deaths":"2","injured":"111","perpetrator":null,"country":"United States","group":"1990s","wikidata":"http://www.wikidata.org/entity/Q600068"}},{"type":"Feature","geometry":{"type":"Point","coordinates":[-78.90475,40.05061]},"properties":{"name":"United Airlines Flight 93","date":"2001-09-11","deaths":"44","injured":"0","perpetrator":null,"country":"United States","group":"2000s","wikidata":"http://www.wikidata.org/entity/Q638603"}},{"type":"Feature","geometry":{"type":"Point","coordinates":[-77.1467,38.9517]},"properties":{"name":"Project FUBELT","date":"1970-01-01","deaths":null,"injured":null,"perpetrator":null,"country":"United States","group":"1970s","wikidata":"http://www.wikidata.org/entity/Q1060322"}},{"type":"Feature","geometry":{"type":"Point","coordinates":[-83.356,42.208]},"properties":{"name":"Northwest Airlines Flight 253","date":"2009-12-25","deaths":null,"injured":"3","perpetrator":null,"country":"United States","group":"2000s","wikidata":"http://www.wikidata.org/entity/Q1427012"}},{"type":"Feature","geometry":{"type":"Point","coordinates":[4.38095,50.87179]},"properties":{"name":"2016 Brussels stabbing","date":"2016-10-05","deaths":"0","injured":"4","perpetrator":null,"country":"Belgium","group":"2010s","wikidata":"http://www.wikidata.org/entity/Q27135770"}},{"type":"Feature","geometry":{"type":"Point","coordinates":[4.35686,50.84548]},"properties":{"name":"2017 Brussels attack","date":"2017-06-20","deaths":"1","injured":"0","perpetrator":"Oussama Zariouh","country":"Belgium","group":"2010s","wikidata":"http://www.wikidata.org/entity/Q30351579"}},{"type":"Feature","geometry":{"type":"Point","coordinates":[11.17342,44.1391]},"properties":{"name":"Train 904 bombing","date":"1984-12-23","deaths":"16","injured":"267","perpetrator":null,"country":"Italy","group":"1980s","wikidata":"http://www.wikidata.org/entity/Q2869959"}},{"type":"Feature","geometry":{"type":"Point","coordinates":[11.25507,43.76856]},"properties":{"name":"Via dei Georgofili bombing","date":"1993-05-27","deaths":"5","injured":"48","perpetrator":"Gaspare Spatuzza","country":"Italy","group":"1990s","wikidata":"http://www.wikidata.org/entity/Q2869971"}},{"type":"Feature","geometry":{"type":"Point","coordinates":[40.2306,37.9144]},"properties":{"name":"2008 Diyarbakır bombing","date":"2008-01-03","deaths":"5","injured":"110","perpetrator":null,"country":"Turkey","group":"2000s","wikidata":"http://www.wikidata.org/entity/Q4610887"}},{"type":"Feature","geometry":{"type":"Point","coordinates":[37.3786,37.0781]},"properties":{"name":"2012 Gaziantep bombing","date":"2012-08-20","deaths":null,"injured":null,"perpetrator":null,"country":"Turkey","group":"2010s","wikidata":"http://www.wikidata.org/entity/Q4625656"}},{"type":"Feature","geometry":{"type":"Point","coordinates":[18.06219,59.33272]},"properties":{"name":"2017 Stockholm attack","date":"2017-04-07","deaths":"5","injured":"15","perpetrator":null,"country":"Sweden","group":"2010s","wikidata":"http://www.wikidata.org/entity/Q29213121"}},{"type":"Feature","geometry":{"type":"Point","coordinates":[4.41875,51.21512]},"properties":{"name":"1981 Antwerp bombing","date":"1981-10-20","deaths":"3","injured":"106","perpetrator":null,"country":"Belgium","group":"1980s","wikidata":"http://www.wikidata.org/entity/Q4579715"}},{"type":"Feature","geometry":{"type":"Point","coordinates":[28.82,40.978]},"properties":{"name":"2016 Istanbul airport attack","date":"2016-06-28","deaths":"41","injured":"239","perpetrator":null,"country":"Turkey","group":"2010s","wikidata":"http://www.wikidata.org/entity/Q25007917"}},{"type":"Feature","geometry":{"type":"Point","coordinates":[37.39833,37.03959]},"properties":{"name":"August 2016 Gaziantep bombing","date":"2016-08-20","deaths":"56","injured":"66","perpetrator":null,"country":"Turkey","group":"2010s","wikidata":"http://www.wikidata.org/entity/Q26436398"}},{"type":"Feature","geometry":{"type":"Point","coordinates":[42.19583,37.325]},"properties":{"name":"2016 Cizre bombing","date":"2016-08-26","deaths":"13","injured":"78","perpetrator":null,"country":"Turkey","group":"2010s","wikidata":"http://www.wikidata.org/entity/Q26832647"}},{"type":"Feature","geometry":{"type":"Point","coordinates":[28.83149,40.99563]},"properties":{"name":"October 2016 Istanbul bombing","date":"2016-10-06","deaths":"0","injured":null,"perpetrator":null,"country":"Turkey","group":"2010s","wikidata":"http://www.wikidata.org/entity/Q27628600"}},{"type":"Feature","geometry":{"type":"Point","coordinates":[40.23667,37.91083]},"properties":{"name":"November 2016 Diyarbakır attack","date":"2016-11-04","deaths":"11","injured":"100","perpetrator":null,"country":"Turkey","group":"2010s","wikidata":"http://www.wikidata.org/entity/Q27699258"}},{"type":"Feature","geometry":{"type":"Point","coordinates":[28.99444,41.04194]},"properties":{"name":"December 2016 Istanbul bombings","date":"2016-12-10","deaths":"45","injured":"155","perpetrator":null,"country":"Turkey","group":"2010s","wikidata":"http://www.wikidata.org/entity/Q27988528"}},{"type":"Feature","geometry":{"type":"Point","coordinates":[35.51579,38.70222]},"properties":{"name":"2016 Kayseri bombing","date":"2016-12-17","deaths":"14","injured":"56","perpetrator":null,"country":"Turkey","group":"2010s","wikidata":"http://www.wikidata.org/entity/Q28026098"}},{"type":"Feature","geometry":{"type":"Point","coordinates":[29.03262,41.04992]},"properties":{"name":"2017 Istanbul nightclub attack","date":"2017-01-01","deaths":"39","injured":"70","perpetrator":null,"country":"Turkey","group":"2010s","wikidata":"http://www.wikidata.org/entity/Q28094271"}},{"type":"Feature","geometry":{"type":"Point","coordinates":[23.72944,37.89833]},"properties":{"name":"El Al Flight 253 attack","date":"1968-12-26","deaths":"1","injured":"1","perpetrator":null,"country":"Greece","group":"1960s","wikidata":"http://www.wikidata.org/entity/Q2895966"}},{"type":"Feature","geometry":{"type":"Point","coordinates":[12.47451,41.90315]},"properties":{"name":"1979 Piazza Nicosia attack","date":"1979-05-03","deaths":"2","injured":null,"perpetrator":"Antonio Savasta","country":"Italy","group":"1970s","wikidata":"http://www.wikidata.org/entity/Q3629073"}},{"type":"Feature","geometry":{"type":"Point","coordinates":[12.478,41.892]},"properties":{"name":"1982 Great Synagogue of Rome attack","date":"1982-10-09","deaths":"1","injured":null,"perpetrator":null,"country":"Italy","group":"1980s","wikidata":"http://www.wikidata.org/entity/Q3629110"}},{"type":"Feature","geometry":{"type":"Point","coordinates":[9.22764,45.48931]},"properties":{"name":"Murder of Fausto Tinelli and Lorenzo Iannucci","date":"1978-03-18","deaths":"2","injured":"0","perpetrator":null,"country":"Italy","group":"1970s","wikidata":"http://www.wikidata.org/entity/Q3882201"}},{"type":"Feature","geometry":{"type":"Point","coordinates":[9.2067,45.4739]},"properties":{"name":"Diana massacre","date":"1921-03-23","deaths":"21","injured":"80","perpetrator":null,"country":"Italy","group":"1920s","wikidata":"http://www.wikidata.org/entity/Q3975689"}},{"type":"Feature","geometry":{"type":"Point","coordinates":[9.19217,45.473]},"properties":{"name":"Milan police headquarters bombing","date":"1973-05-17","deaths":"4","injured":"52","perpetrator":"Gianfranco Bertoli","country":"Italy","group":"1970s","wikidata":"http://www.wikidata.org/entity/Q3975700"}},{"type":"Feature","geometry":{"type":"Point","coordinates":[13.24472,38.18278]},"properties":{"name":"Capaci massacre","date":"1992-05-23","deaths":"5","injured":"23","perpetrator":null,"country":"Italy","group":"1990s","wikidata":"http://www.wikidata.org/entity/Q3975713"}},{"type":"Feature","geometry":{"type":"Point","coordinates":[12.2389,41.8003]},"properties":{"name":"1973 Rome airport attack and hijacking","date":"1973-12-17","deaths":"34","injured":null,"perpetrator":null,"country":"Italy","group":"1970s","wikidata":"http://www.wikidata.org/entity/Q3975725"}},{"type":"Feature","geometry":{"type":"Point","coordinates":[10.22053,45.53969]},"properties":{"name":"Piazza della Loggia bombing","date":"1974-05-28","deaths":"8","injured":"104","perpetrator":null,"country":"Italy","group":"1970s","wikidata":"http://www.wikidata.org/entity/Q3975758"}},{"type":"Feature","geometry":{"type":"Point","coordinates":[13.3547,38.1431]},"properties":{"name":"massacre of Via D'Amelio","date":"1992-07-19","deaths":"6","injured":null,"perpetrator":null,"country":"Italy","group":"1990s","wikidata":"http://www.wikidata.org/entity/Q3975763"}},{"type":"Feature","geometry":{"type":"Point","coordinates":[34.8833,29.5]},"properties":{"name":"2004 Sinai bombings","date":"2004-10-07","deaths":"34","injured":"171","perpetrator":null,"country":"Egypt","group":"2000s","wikidata":"http://www.wikidata.org/entity/Q4603285"}},{"type":"Feature","geometry":{"type":"Point","coordinates":[5.57278,50.645]},"properties":{"name":"2011 Liège attack","date":"2011-12-13","deaths":"6","injured":"125","perpetrator":null,"country":"Belgium","group":"2010s","wikidata":"http://www.wikidata.org/entity/Q473893"}},{"type":"Feature","geometry":{"type":"Point","coordinates":[32.995,40.12806]},"properties":{"name":"Esenboğa International Airport attack","date":"1982-08-07","deaths":"9","injured":"72","perpetrator":null,"country":"Turkey","group":"1980s","wikidata":"http://www.wikidata.org/entity/Q2042386"}},{"type":"Feature","geometry":{"type":"Point","coordinates":[38.3154,38.3482]},"properties":{"name":"Zirve Publishing House massacre","date":"2007-04-18","deaths":"3","injured":null,"perpetrator":null,"country":"Turkey","group":"2000s","wikidata":"http://www.wikidata.org/entity/Q2847674"}},{"type":"Feature","geometry":{"type":"Point","coordinates":[32.8561,39.9415]},"properties":{"name":"2007 Ankara bombing","date":"2007-05-22","deaths":"9","injured":"121","perpetrator":null,"country":"Turkey","group":"2000s","wikidata":"http://www.wikidata.org/entity/Q3400786"}},{"type":"Feature","geometry":{"type":"Point","coordinates":[28.9846,41.0369]},"properties":{"name":"2010 Istanbul bomb blast","date":"2010-10-31","deaths":"1","injured":"32","perpetrator":null,"country":"Turkey","group":"2010s","wikidata":"http://www.wikidata.org/entity/Q3408926"}},{"type":"Feature","geometry":{"type":"Point","coordinates":[40.66139,13.60639]},"properties":{"name":"2012 Afar region tourist attack","date":"2012-01-17","deaths":"5","injured":"3","perpetrator":null,"country":"Ethiopia","group":"2010s","wikidata":"http://www.wikidata.org/entity/Q4624624"}},{"type":"Feature","geometry":{"type":"Point","coordinates":[34.6025,8.225]},"properties":{"name":"2012 Gambella bus attack","date":"2012-03-12","deaths":null,"injured":null,"perpetrator":null,"country":"Ethiopia","group":"2010s","wikidata":"http://www.wikidata.org/entity/Q4625650"}},{"type":"Feature","geometry":{"type":"Point","coordinates":[-6.34442,54.15]},"properties":{"name":"Attack on Cloghoge checkpoint","date":"1992-05-01","deaths":null,"injured":null,"perpetrator":null,"country":"United Kingdom","group":"1990s","wikidata":"http://www.wikidata.org/entity/Q4817989"}},{"type":"Feature","geometry":{"type":"Point","coordinates":[-7.16722,54.50361]},"properties":{"name":"Ballygawley bus bombing","date":"1988-08-20","deaths":"8","injured":"28","perpetrator":null,"country":"United Kingdom","group":"1980s","wikidata":"http://www.wikidata.org/entity/Q4852130"}},{"type":"Feature","geometry":{"type":"Point","coordinates":[-5.9201,54.6083]},"properties":{"name":"Benny's Bar bombing","date":"1972-10-31","deaths":"2","injured":"12","perpetrator":null,"country":"United Kingdom","group":"1970s","wikidata":"http://www.wikidata.org/entity/Q4889921"}},{"type":"Feature","geometry":{"type":"Point","coordinates":[-7.15472,54.9114]},"properties":{"name":"Claudy bombing","date":"1972-07-31","deaths":"9","injured":"30","perpetrator":null,"country":"United Kingdom","group":"1970s","wikidata":"http://www.wikidata.org/entity/Q5129487"}},{"type":"Feature","geometry":{"type":"Point","coordinates":[1.4,51.21361]},"properties":{"name":"Deal barracks bombing","date":"1989-09-22","deaths":"11","injured":"21","perpetrator":null,"country":"United Kingdom","group":"1980s","wikidata":"http://www.wikidata.org/entity/Q5245855"}},{"type":"Feature","geometry":{"type":"Point","coordinates":[-7.01,55.041]},"properties":{"name":"Droppin Well bombing","date":"1982-12-06","deaths":"17","injured":"30","perpetrator":null,"country":"United Kingdom","group":"1980s","wikidata":"http://www.wikidata.org/entity/Q5308485"}},{"type":"Feature","geometry":{"type":"Point","coordinates":[-6.56986,54.0519]},"properties":{"name":"Drummuckavall Ambush","date":"1975-11-22","deaths":null,"injured":null,"perpetrator":null,"country":"United Kingdom","group":"1970s","wikidata":"http://www.wikidata.org/entity/Q5309260"}},{"type":"Feature","geometry":{"type":"Point","coordinates":[24.85333,60.26014]},"properties":{"name":"Myyrmanni bombing","date":"2002-10-11","deaths":"7","injured":"166","perpetrator":null,"country":"Finland","group":"2000s","wikidata":"http://www.wikidata.org/entity/Q891877"}},{"type":"Feature","geometry":{"type":"Point","coordinates":[11.18924,44.21639]},"properties":{"name":"Italicus Express bombing 1974","date":"1974-08-04","deaths":"12","injured":"48","perpetrator":"Ordine Nuovo","country":"Italy","group":"1970s","wikidata":"http://www.wikidata.org/entity/Q194631"}},{"type":"Feature","geometry":{"type":"Point","coordinates":[12.55836,38.05822]},"properties":{"name":"Pizzolungo bombing","date":"1985-04-02","deaths":"3","injured":"5","perpetrator":null,"country":"Italy","group":"1980s","wikidata":"http://www.wikidata.org/entity/Q509555"}},{"type":"Feature","geometry":{"type":"Point","coordinates":[11.34292,44.50597]},"properties":{"name":"Bologna massacre","date":"1980-08-02","deaths":"85","injured":"200","perpetrator":"Paolo Bellini","country":"Italy","group":"1980s","wikidata":"http://www.wikidata.org/entity/Q569287"}},{"type":"Feature","geometry":{"type":"Point","coordinates":[12.489,41.90273]},"properties":{"name":"Via Rasella attack","date":"1944-03-23","deaths":"35","injured":"64","perpetrator":null,"country":"Italy","group":"1940s","wikidata":"http://www.wikidata.org/entity/Q733211"}},{"type":"Feature","geometry":{"type":"Point","coordinates":[9.1941,45.4633]},"properties":{"name":"Piazza Fontana bombing","date":"1969-12-12","deaths":"17","injured":"88","perpetrator":"Carlo Digilio","country":"Italy","group":"1960s","wikidata":"http://www.wikidata.org/entity/Q891865"}},{"type":"Feature","geometry":{"type":"Point","coordinates":[17.92933,40.62438]},"properties":{"name":"2012 Brindisi school bombing","date":"2012-05-19","deaths":"1","injured":"5","perpetrator":null,"country":"Italy","group":"2010s","wikidata":"http://www.wikidata.org/entity/Q981711"}},{"type":"Feature","geometry":{"type":"Point","coordinates":[11.35478,46.49811]},"properties":{"name":"Night of Fire","date":"1961-06-11","deaths":"1","injured":null,"perpetrator":"South Tyrolean Liberation Committee","country":"Italy","group":"1960s","wikidata":"http://www.wikidata.org/entity/Q1409619"}},{"type":"Feature","geometry":{"type":"Point","coordinates":[5.94611,52.2278]},"properties":{"name":"2009 attack on the Dutch royal family","date":"2009-04-30","deaths":"8","injured":"10","perpetrator":null,"country":"Netherlands","group":"2000s","wikidata":"http://www.wikidata.org/entity/Q2009193"}},{"type":"Feature","geometry":{"type":"Point","coordinates":[4.9,52.367]},"properties":{"name":"assassination of Theo van Gogh","date":"2004-11-02","deaths":"1","injured":null,"perpetrator":"Mohammed Bouyeri","country":"Netherlands","group":"2000s","wikidata":"http://www.wikidata.org/entity/Q2856363"}},{"type":"Feature","geometry":{"type":"Point","coordinates":[31.26278,30.04694]},"properties":{"name":"2009 Khan el-Khalili bombing","date":"2009-02-22","deaths":"1","injured":"23","perpetrator":null,"country":"Egypt","group":"2000s","wikidata":"http://www.wikidata.org/entity/Q2691739"}},{"type":"Feature","geometry":{"type":"Point","coordinates":[34.28333,31.21667]},"properties":{"name":"August 2012 southern Israel cross-border attack","date":"2012-08-05","deaths":"16","injured":"7","perpetrator":null,"country":"Egypt","group":"2010s","wikidata":"http://www.wikidata.org/entity/Q2869908"}},{"type":"Feature","geometry":{"type":"Point","coordinates":[31.915,30.85972]},"properties":{"name":"Bahr El-Baqar primary school bombing","date":"1970-04-08","deaths":"46","injured":null,"perpetrator":"Israeli Air Force","country":"Egypt","group":"1970s","wikidata":"http://www.wikidata.org/entity/Q3064186"}},{"type":"Feature","geometry":{"type":"Point","coordinates":[16.3744,48.2117]},"properties":{"name":"1981 Vienna synagogue attack","date":"1981-08-29","deaths":null,"injured":null,"perpetrator":null,"country":"Austria","group":"1980s","wikidata":"http://www.wikidata.org/entity/Q4580044"}},{"type":"Feature","geometry":{"type":"Point","coordinates":[31.27569,30.07222]},"properties":{"name":"Botroseya Church bombing","date":"2016-12-11","deaths":"27","injured":"47","perpetrator":null,"country":"Egypt","group":"2010s","wikidata":"http://www.wikidata.org/entity/Q27990640"}},{"type":"Feature","geometry":{"type":"Point","coordinates":[29.8996,31.19836]},"properties":{"name":"Palm Sunday church bombings","date":"2017-04-09","deaths":"47","injured":"126","perpetrator":null,"country":"Egypt","group":"2010s","wikidata":"http://www.wikidata.org/entity/Q29297504"}},{"type":"Feature","geometry":{"type":"Point","coordinates":[30.6205,28.7395]},"properties":{"name":"2017 Minya bus attack","date":"2017-05-26","deaths":"29","injured":"22","perpetrator":null,"country":"Egypt","group":"2010s","wikidata":"http://www.wikidata.org/entity/Q30060577"}},{"type":"Feature","geometry":{"type":"Point","coordinates":[6.79694,50.65994]},"properties":{"name":"Euskirchen court shooting","date":"1994-03-09","deaths":"7","injured":"8","perpetrator":"Erwin Mikolajczyk","country":"Germany","group":"1990s","wikidata":"http://www.wikidata.org/entity/Q5414272"}},{"type":"Feature","geometry":{"type":"Point","coordinates":[-101.19181,19.7028]},"properties":{"name":"2008 Morelia grenade attacks","date":"2008-09-15","deaths":"12","injured":"132","perpetrator":null,"country":"Mexico","group":"2000s","wikidata":"http://www.wikidata.org/entity/Q1803283"}},{"type":"Feature","geometry":{"type":"Point","coordinates":[7.2475,43.69111]},"properties":{"name":"2016 Nice attack","date":"2016-07-14","deaths":"87","injured":"434","perpetrator":"Mohamed Lahouaiej-Bouhlel","country":"France","group":"2010s","wikidata":"http://www.wikidata.org/entity/Q25893254"}},{"type":"Feature","geometry":{"type":"Point","coordinates":[1.10821,49.3803]},"properties":{"name":"2016 Saint-Étienne-du-Rouvray church attack","date":"2016-07-26","deaths":"3","injured":"1","perpetrator":null,"country":"France","group":"2010s","wikidata":"http://www.wikidata.org/entity/Q26085646"}},{"type":"Feature","geometry":{"type":"Point","coordinates":[2.3469,48.85276]},"properties":{"name":"Notre Dame Cathedral bombing attempt","date":"2016-09-04","deaths":"0","injured":"0","perpetrator":"Rachid Kassim","country":"France","group":"2010s","wikidata":"http://www.wikidata.org/entity/Q27629590"}},{"type":"Feature","geometry":{"type":"Point","coordinates":[4.7914,45.7882]},"properties":{"name":"2002 Lyon car attack","date":"2002-03-30","deaths":"0","injured":"0","perpetrator":null,"country":"France","group":"2000s","wikidata":"http://www.wikidata.org/entity/Q28154442"}},{"type":"Feature","geometry":{"type":"Point","coordinates":[2.3376,48.86039]},"properties":{"name":"2017 Paris machete attack","date":"2017-02-03","deaths":"0","injured":"2","perpetrator":null,"country":"France","group":"2010s","wikidata":"http://www.wikidata.org/entity/Q28631966"}},{"type":"Feature","geometry":{"type":"Point","coordinates":[7.27014,43.69725]},"properties":{"name":"2015 Nice stabbing attack","date":"2015-02-03","deaths":null,"injured":null,"perpetrator":null,"country":"France","group":"2010s","wikidata":"http://www.wikidata.org/entity/Q29075497"}},{"type":"Feature","geometry":{"type":"Point","coordinates":[2.34821,48.85368]},"properties":{"name":"2017 Notre Dame attack","date":"2017-06-06","deaths":"0","injured":"2","perpetrator":null,"country":"France","group":"2010s","wikidata":"http://www.wikidata.org/entity/Q30146851"}},{"type":"Feature","geometry":{"type":"Point","coordinates":[32.85612,39.9082]},"properties":{"name":"2013 United States embassy bombing in Ankara","date":"2013-01-01","deaths":"2","injured":"3","perpetrator":null,"country":"Turkey","group":"2010s","wikidata":"http://www.wikidata.org/entity/Q4025854"}},{"type":"Feature","geometry":{"type":"Point","coordinates":[28.97602,41.01224]},"properties":{"name":"1999 Istanbul bombings","date":"1999-03-14","deaths":"13","injured":null,"perpetrator":null,"country":"Turkey","group":"1990s","wikidata":"http://www.wikidata.org/entity/Q4455422"}},{"type":"Feature","geometry":{"type":"Point","coordinates":[2.3254,48.8455]},"properties":{"name":"Rue de Rennes bombing","date":"1986-09-17","deaths":"5","injured":"60","perpetrator":null,"country":"France","group":"1980s","wikidata":"http://www.wikidata.org/entity/Q2869974"}},{"type":"Feature","geometry":{"type":"Point","coordinates":[2.2888,48.8692]},"properties":{"name":"1980 Paris synagogue bombing","date":"1980-10-03","deaths":"4","injured":"46","perpetrator":null,"country":"France","group":"1980s","wikidata":"http://www.wikidata.org/entity/Q2869972"}},{"type":"Feature","geometry":{"type":"Point","coordinates":[2.3794,48.7233]},"properties":{"name":"Orly Airport attack","date":"1983-07-15","deaths":"8","injured":"55","perpetrator":null,"country":"France","group":"1980s","wikidata":"http://www.wikidata.org/entity/Q2869976"}},{"type":"Feature","geometry":{"type":"Point","coordinates":[2.33703,48.83987]},"properties":{"name":"1996 Paris Métro bombing","date":"1996-12-03","deaths":"4","injured":"91","perpetrator":null,"country":"France","group":"1990s","wikidata":"http://www.wikidata.org/entity/Q2869991"}},{"type":"Feature","geometry":{"type":"Point","coordinates":[2.12072,48.8034]},"properties":{"name":"1978 Palace of Versailles bombing","date":"1978-06-25","deaths":"0","injured":"0","perpetrator":null,"country":"France","group":"1970s","wikidata":"http://www.wikidata.org/entity/Q2869995"}},{"type":"Feature","geometry":{"type":"Point","coordinates":[2.34418,48.8536]},"properties":{"name":"1995 Paris RER bombing","date":"1995-07-25","deaths":"8","injured":"117","perpetrator":null,"country":"France","group":"1990s","wikidata":"http://www.wikidata.org/entity/Q2869997"}},{"type":"Feature","geometry":{"type":"Point","coordinates":[2.35979,48.8569]},"properties":{"name":"Goldenberg restaurant attack","date":"1982-08-09","deaths":"6","injured":"22","perpetrator":null,"country":"France","group":"1980s","wikidata":"http://www.wikidata.org/entity/Q3091167"}},{"type":"Feature","geometry":{"type":"Point","coordinates":[2.3449,48.8537]},"properties":{"name":"1995 Paris Metro bombings","date":"1995-10-17","deaths":"8","injured":"200","perpetrator":null,"country":"France","group":"1990s","wikidata":"http://www.wikidata.org/entity/Q3553264"}},{"type":"Feature","geometry":{"type":"Point","coordinates":[15.97306,45.81639]},"properties":{"name":"Bombing of Banski dvori","date":"1991-10-07","deaths":null,"injured":null,"perpetrator":null,"country":"Croatia","group":"1990s","wikidata":"http://www.wikidata.org/entity/Q4940688"}},{"type":"Feature","geometry":{"type":"Point","coordinates":[8.23963,47.53641]},"properties":{"name":"Swissair Flight 330","date":"1970-02-21","deaths":"47","injured":"0","perpetrator":null,"country":"Switzerland","group":"1970s","wikidata":"http://www.wikidata.org/entity/Q673726"}},{"type":"Feature","geometry":{"type":"Point","coordinates":[49.8505,40.38581]},"properties":{"name":"attack on Abu Bakr Mosque of Baku","date":"2008-08-17","deaths":"2","injured":"18","perpetrator":null,"country":"Azerbaijan","group":"2000s","wikidata":"http://www.wikidata.org/entity/Q4817986"}},{"type":"Feature","geometry":{"type":"Point","coordinates":[-6.2307,54.7216]},"properties":{"name":"2009 Massereene Barracks shooting","date":"2009-03-07","deaths":null,"injured":null,"perpetrator":null,"country":"United Kingdom","group":"2000s","wikidata":"http://www.wikidata.org/entity/Q3771812"}},{"type":"Feature","geometry":{"type":"Point","coordinates":[-0.0822,51.5156]},"properties":{"name":"1993 Bishopsgate bombing","date":"1993-04-24","deaths":"1","injured":"44","perpetrator":null,"country":"United Kingdom","group":"1990s","wikidata":"http://www.wikidata.org/entity/Q4352718"}},{"type":"Feature","geometry":{"type":"Point","coordinates":[-0.7701,51.2549]},"properties":{"name":"1972 Aldershot bombing","date":"1972-02-22","deaths":"7","injured":"18","perpetrator":null,"country":"United Kingdom","group":"1970s","wikidata":"http://www.wikidata.org/entity/Q4574920"}},{"type":"Feature","geometry":{"type":"Point","coordinates":[-6.33162,54.185]},"properties":{"name":"1985 Newry mortar attack","date":"1985-02-28","deaths":"9","injured":"37","perpetrator":null,"country":"United Kingdom","group":"1980s","wikidata":"http://www.wikidata.org/entity/Q4582441"}},{"type":"Feature","geometry":{"type":"Point","coordinates":[-6.04674,54.5101]},"properties":{"name":"1988 Lisburn van bombing","date":"1988-06-15","deaths":"6","injured":"11","perpetrator":null,"country":"United Kingdom","group":"1980s","wikidata":"http://www.wikidata.org/entity/Q4584513"}},{"type":"Feature","geometry":{"type":"Point","coordinates":[-0.1891,51.5029]},"properties":{"name":"1994 London Israeli Embassy attack","date":"1994-07-26","deaths":"0","injured":"20","perpetrator":null,"country":"United Kingdom","group":"1990s","wikidata":"http://www.wikidata.org/entity/Q4589550"}},{"type":"Feature","geometry":{"type":"Point","coordinates":[-0.01799,51.5004]},"properties":{"name":"1996 Docklands bombing","date":"1996-02-09","deaths":"2","injured":"39","perpetrator":null,"country":"United Kingdom","group":"1990s","wikidata":"http://www.wikidata.org/entity/Q4591331"}},{"type":"Feature","geometry":{"type":"Point","coordinates":[-2.24333,53.48361]},"properties":{"name":"1996 Manchester bombing","date":"1996-01-01","deaths":"0","injured":"212","perpetrator":null,"country":"United Kingdom","group":"1990s","wikidata":"http://www.wikidata.org/entity/Q4591514"}},{"type":"Feature","geometry":{"type":"Point","coordinates":[-0.2248,51.5113]},"properties":{"name":"2001 BBC bombing","date":"2001-03-04","deaths":"0","injured":"1","perpetrator":null,"country":"United Kingdom","group":"2000s","wikidata":"http://www.wikidata.org/entity/Q4598493"}},{"type":"Feature","geometry":{"type":"Point","coordinates":[-0.3021,51.514]},"properties":{"name":"2001 Ealing bombing","date":"2001-08-03","deaths":"0","injured":"7","perpetrator":null,"country":"United Kingdom","group":"2000s","wikidata":"http://www.wikidata.org/entity/Q4598634"}},{"type":"Feature","geometry":{"type":"Point","coordinates":[16.5,48.03333]},"properties":{"name":"Anschlag von Ebergassing","date":"1995-04-11","deaths":"2","injured":null,"perpetrator":null,"country":"Austria","group":"1990s","wikidata":"http://www.wikidata.org/entity/Q569283"}},{"type":"Feature","geometry":{"type":"Point","coordinates":[28.87167,41.01092]},"properties":{"name":"2008 Istanbul bombings","date":"2008-07-27","deaths":"17","injured":null,"perpetrator":null,"country":"Turkey","group":"2000s","wikidata":"http://www.wikidata.org/entity/Q1653835"}},{"type":"Feature","geometry":{"type":"Point","coordinates":[57.22333,50.28306]},"properties":{"name":"2011 Aktobe bombing","date":"2011-05-17","deaths":"1","injured":"2","perpetrator":null,"country":"Kazakhstan","group":"2010s","wikidata":"http://www.wikidata.org/entity/Q4620270"}},{"type":"Feature","geometry":{"type":"Point","coordinates":[3.66806,36.72333]},"properties":{"name":"2008 Issers bombing","date":"2008-08-19","deaths":"48","injured":"45","perpetrator":null,"country":"Algeria","group":"2000s","wikidata":"http://www.wikidata.org/entity/Q4611310"}},{"type":"Feature","geometry":{"type":"Point","coordinates":[-9.21562,38.7073]},"properties":{"name":"1983 Turkish embassy attack in Lisbon","date":"1983-07-27","deaths":null,"injured":null,"perpetrator":null,"country":"Portugal","group":"1980s","wikidata":"http://www.wikidata.org/entity/Q349875"}},{"type":"Feature","geometry":{"type":"Point","coordinates":[-82.363,23.1369]},"properties":{"name":"El Encanto fire","date":"1961-04-13","deaths":"1","injured":"18","perpetrator":null,"country":"Cuba","group":"1960s","wikidata":"http://www.wikidata.org/entity/Q5351227"}},{"type":"Feature","geometry":{"type":"Point","coordinates":[34.2824,27.8598]},"properties":{"name":"2005 Sharm el-Sheikh attacks","date":"2005-07-23","deaths":"88","injured":null,"perpetrator":null,"country":"Egypt","group":"2000s","wikidata":"http://www.wikidata.org/entity/Q327576"}},{"type":"Feature","geometry":{"type":"Point","coordinates":[-77.0282,-12.1233]},"properties":{"name":"Tarata bombing","date":"1992-07-16","deaths":"25","injured":"200","perpetrator":null,"country":"Peru","group":"1990s","wikidata":"http://www.wikidata.org/entity/Q5200724"}},{"type":"Feature","geometry":{"type":"Point","coordinates":[-100.35493,25.67416]},"properties":{"name":"2011 Monterrey casino attack","date":"2011-08-25","deaths":"52","injured":"10","perpetrator":null,"country":"Mexico","group":"2010s","wikidata":"http://www.wikidata.org/entity/Q897803"}},{"type":"Feature","geometry":{"type":"Point","coordinates":[130.84041,-12.46042]},"properties":{"name":"2010 Darwin shopping mall bombing","date":"2010-02-03","deaths":"0","injured":"19","perpetrator":null,"country":"Australia","group":"2010s","wikidata":"http://www.wikidata.org/entity/Q4617046"}},{"type":"Feature","geometry":{"type":"Point","coordinates":[74.88,32.66]},"properties":{"name":"2002 Kaluchak massacre","date":"2002-05-14","deaths":"31","injured":"47","perpetrator":null,"country":"India","group":"2000s","wikidata":"http://www.wikidata.org/entity/Q4600194"}},{"type":"Feature","geometry":{"type":"Point","coordinates":[72.9183,19.0864]},"properties":{"name":"2002 Mumbai bus bombing","date":"2002-12-02","deaths":"2","injured":"50","perpetrator":null,"country":"India","group":"2000s","wikidata":"http://www.wikidata.org/entity/Q4600294"}},{"type":"Feature","geometry":{"type":"Point","coordinates":[88.34934,22.55129]},"properties":{"name":"2002 attack on American cultural centre in Kolkata","date":"2002-01-22","deaths":"5","injured":"20","perpetrator":null,"country":"India","group":"2000s","wikidata":"http://www.wikidata.org/entity/Q4600674"}},{"type":"Feature","geometry":{"type":"Point","coordinates":[72.84151,19.10046]},"properties":{"name":"January 2003 Mumbai bombing","date":"2003-01-27","deaths":"1","injured":"28","perpetrator":null,"country":"India","group":"2000s","wikidata":"http://www.wikidata.org/entity/Q4601611"}},{"type":"Feature","geometry":{"type":"Point","coordinates":[72.9142,19.0952]},"properties":{"name":"2003 Mumbai bus bombing","date":"2003-07-28","deaths":"4","injured":null,"perpetrator":null,"country":"India","group":"2000s","wikidata":"http://www.wikidata.org/entity/Q4601612"}},{"type":"Feature","geometry":{"type":"Point","coordinates":[74.79,34.09]},"properties":{"name":"2006 Srinagar bombings","date":"2006-07-11","deaths":"8","injured":"43","perpetrator":null,"country":"India","group":"2000s","wikidata":"http://www.wikidata.org/entity/Q4606951"}},{"type":"Feature","geometry":{"type":"Point","coordinates":[77.5996,12.9788]},"properties":{"name":"2010 Bangalore stadium bombing","date":"2010-04-17","deaths":null,"injured":null,"perpetrator":null,"country":"India","group":"2010s","wikidata":"http://www.wikidata.org/entity/Q4616719"}},{"type":"Feature","geometry":{"type":"Point","coordinates":[81.3498,18.8895]},"properties":{"name":"2010 Dantewada bus bombing","date":"2010-05-17","deaths":"31","injured":null,"perpetrator":null,"country":"India","group":"2010s","wikidata":"http://www.wikidata.org/entity/Q4617047"}},{"type":"Feature","geometry":{"type":"Point","coordinates":[78.008,27.20934]},"properties":{"name":"2011 Agra bombing","date":"2011-09-17","deaths":null,"injured":null,"perpetrator":null,"country":"India","group":"2010s","wikidata":"http://www.wikidata.org/entity/Q4620267"}},{"type":"Feature","geometry":{"type":"Point","coordinates":[72.67417,23.22917]},"properties":{"name":"Akshardham Temple attack","date":"2002-09-24","deaths":null,"injured":null,"perpetrator":null,"country":"India","group":"2000s","wikidata":"http://www.wikidata.org/entity/Q4701801"}},{"type":"Feature","geometry":{"type":"Point","coordinates":[78.47343,17.36011]},"properties":{"name":"2013 Hyderabad blasts","date":"2013-02-21","deaths":null,"injured":null,"perpetrator":null,"country":"India","group":"2010s","wikidata":"http://www.wikidata.org/entity/Q5161033"}},{"type":"Feature","geometry":{"type":"Point","coordinates":[-7.29889,54.60028]},"properties":{"name":"Omagh bombing","date":"1998-08-15","deaths":"29","injured":"220","perpetrator":null,"country":"United Kingdom","group":"1990s","wikidata":"http://www.wikidata.org/entity/Q2358366"}},{"type":"Feature","geometry":{"type":"Point","coordinates":[-2.59333,53.38861]},"properties":{"name":"Warrington bombings","date":"1993-01-01","deaths":"2","injured":"56","perpetrator":null,"country":"United Kingdom","group":"1990s","wikidata":"http://www.wikidata.org/entity/Q2870012"}},{"type":"Feature","geometry":{"type":"Point","coordinates":[-0.07583,51.52833]},"properties":{"name":"21 July 2005 London bombings","date":"2005-07-21","deaths":"0","injured":"1","perpetrator":null,"country":"United Kingdom","group":"2000s","wikidata":"http://www.wikidata.org/entity/Q2870041"}},{"type":"Feature","geometry":{"type":"Point","coordinates":[-3.35845,55.11548]},"properties":{"name":"Pan Am Flight 103","date":"1988-12-21","deaths":"11","injured":null,"perpetrator":null,"country":"United Kingdom","group":"1980s","wikidata":"http://www.wikidata.org/entity/Q211087"}},{"type":"Feature","geometry":{"type":"Point","coordinates":[-0.1625,51.49972]},"properties":{"name":"Harrods bombing","date":"1983-12-17","deaths":"6","injured":"90","perpetrator":null,"country":"United Kingdom","group":"1980s","wikidata":"http://www.wikidata.org/entity/Q891853"}},{"type":"Feature","geometry":{"type":"Point","coordinates":[-0.14722,50.82139]},"properties":{"name":"Brighton hotel bombing","date":"1984-10-12","deaths":"5","injured":"32","perpetrator":null,"country":"United Kingdom","group":"1980s","wikidata":"http://www.wikidata.org/entity/Q891856"}},{"type":"Feature","geometry":{"type":"Point","coordinates":[-0.15744,51.52652]},"properties":{"name":"Hyde Park and Regent's Park bombings","date":"1982-07-20","deaths":"7","injured":null,"perpetrator":null,"country":"United Kingdom","group":"1980s","wikidata":"http://www.wikidata.org/entity/Q891869"}},{"type":"Feature","geometry":{"type":"Point","coordinates":[-1.9025,52.48]},"properties":{"name":"Birmingham pub bombings","date":"1974-11-21","deaths":"21","injured":"182","perpetrator":null,"country":"United Kingdom","group":"1970s","wikidata":"http://www.wikidata.org/entity/Q891878"}},{"type":"Feature","geometry":{"type":"Point","coordinates":[-0.57175,51.23705]},"properties":{"name":"Guildford pub bombings","date":"1974-10-05","deaths":"5","injured":"65","perpetrator":null,"country":"United Kingdom","group":"1970s","wikidata":"http://www.wikidata.org/entity/Q891879"}},{"type":"Feature","geometry":{"type":"Point","coordinates":[-5.99225,54.56124]},"properties":{"name":"Dunmurry train explosion","date":"1980-01-17","deaths":"3","injured":null,"perpetrator":null,"country":"United Kingdom","group":"1980s","wikidata":"http://www.wikidata.org/entity/Q1193034"}},{"type":"Feature","geometry":{"type":"Point","coordinates":[-4.43189,55.86427]},"properties":{"name":"Glasgow Airport attack","date":"2007-06-30","deaths":"1","injured":"5","perpetrator":"Kafeel Ahmed","country":"United Kingdom","group":"2000s","wikidata":"http://www.wikidata.org/entity/Q1477456"}},{"type":"Feature","geometry":{"type":"Point","coordinates":[-0.12806,51.50361]},"properties":{"name":"Downing Street mortar attack","date":"1991-02-07","deaths":"0","injured":"4","perpetrator":null,"country":"United Kingdom","group":"1990s","wikidata":"http://www.wikidata.org/entity/Q1542423"}},{"type":"Feature","geometry":{"type":"Point","coordinates":[-1.86667,50.71667]},"properties":{"name":"1993 Bournemouth bombing","date":"1993-08-13","deaths":null,"injured":null,"perpetrator":null,"country":"United Kingdom","group":"1990s","wikidata":"http://www.wikidata.org/entity/Q27628141"}},{"type":"Feature","geometry":{"type":"Point","coordinates":[-0.1427,51.5067]},"properties":{"name":"Green Park Tube Station Bombing","date":"1975-10-09","deaths":"1","injured":null,"perpetrator":null,"country":"United Kingdom","group":"1970s","wikidata":"http://www.wikidata.org/entity/Q28403291"}},{"type":"Feature","geometry":{"type":"Point","coordinates":[-0.12194,51.50083]},"properties":{"name":"2017 Westminster attack","date":"2017-03-22","deaths":"6","injured":"49","perpetrator":null,"country":"United Kingdom","group":"2010s","wikidata":"http://www.wikidata.org/entity/Q29001838"}},{"type":"Feature","geometry":{"type":"Point","coordinates":[-2.243,53.4881]},"properties":{"name":"Manchester Arena bombing","date":"2017-05-22","deaths":"23","injured":"120","perpetrator":"Salman Abedi","country":"United Kingdom","group":"2010s","wikidata":"http://www.wikidata.org/entity/Q30015850"}},{"type":"Feature","geometry":{"type":"Point","coordinates":[-0.08778,51.50806]},"properties":{"name":"June 2017 London attack","date":"2017-06-03","deaths":"11","injured":"48","perpetrator":null,"country":"United Kingdom","group":"2010s","wikidata":"http://www.wikidata.org/entity/Q30119692"}},{"type":"Feature","geometry":{"type":"Point","coordinates":[-0.1071,51.5634]},"properties":{"name":"Finsbury Park incident","date":"2017-06-19","deaths":"1","injured":"10","perpetrator":null,"country":"United Kingdom","group":"2010s","wikidata":"http://www.wikidata.org/entity/Q30335791"}},{"type":"Feature","geometry":{"type":"Point","coordinates":[75.98333,39.45]},"properties":{"name":"2011 Kashgar attacks","date":"2011-07-31","deaths":null,"injured":null,"perpetrator":null,"country":"People's Republic of China","group":"2010s","wikidata":"http://www.wikidata.org/entity/Q2984379"}},{"type":"Feature","geometry":{"type":"Point","coordinates":[37.63619,55.7925]},"properties":{"name":"August 2004 Moscow Metro bombing","date":"2004-08-31","deaths":"10","injured":"51","perpetrator":null,"country":"Russia","group":"2000s","wikidata":"http://www.wikidata.org/entity/Q1994988"}},{"type":"Feature","geometry":{"type":"Point","coordinates":[45.67515,43.32738]},"properties":{"name":"2002 Grozny truck bombing","date":"2002-12-27","deaths":"83","injured":"210","perpetrator":null,"country":"Russia","group":"2000s","wikidata":"http://www.wikidata.org/entity/Q2093724"}},{"type":"Feature","geometry":{"type":"Point","coordinates":[46.7167,53.85]},"properties":{"name":"2010 Kizlyar bombings","date":"2010-03-31","deaths":"12","injured":"18","perpetrator":null,"country":"Russia","group":"2010s","wikidata":"http://www.wikidata.org/entity/Q2124166"}},{"type":"Feature","geometry":{"type":"Point","coordinates":[45.6701,43.3102]},"properties":{"name":"2010 Chechen Parliament attack","date":"2010-10-19","deaths":"7","injured":"17","perpetrator":null,"country":"Russia","group":"2010s","wikidata":"http://www.wikidata.org/entity/Q2234699"}},{"type":"Feature","geometry":{"type":"Point","coordinates":[37.61421,55.75661]},"properties":{"name":"2003 Red Square bombing","date":"2003-12-09","deaths":"6","injured":"14","perpetrator":null,"country":"Russia","group":"2000s","wikidata":"http://www.wikidata.org/entity/Q2576785"}},{"type":"Feature","geometry":{"type":"Point","coordinates":[44.65,43.016]},"properties":{"name":"1999 Vladikavkaz bombing","date":"1999-03-19","deaths":"52","injured":"300","perpetrator":null,"country":"Russia","group":"1990s","wikidata":"http://www.wikidata.org/entity/Q3397706"}},{"type":"Feature","geometry":{"type":"Point","coordinates":[45.127,43.676]},"properties":{"name":"2003 Znamenskoye suicide bombing","date":"2003-05-12","deaths":"59","injured":"200","perpetrator":null,"country":"Russia","group":"2000s","wikidata":"http://www.wikidata.org/entity/Q3398733"}},{"type":"Feature","geometry":{"type":"Point","coordinates":[87.58333,43.8]},"properties":{"name":"1997 Ürümqi bus bombings","date":"1997-02-25","deaths":"9","injured":"28","perpetrator":null,"country":"People's Republic of China","group":"1990s","wikidata":"http://www.wikidata.org/entity/Q4456268"}},{"type":"Feature","geometry":{"type":"Point","coordinates":[80.01667,37.1]},"properties":{"name":"2011 Hotan attack","date":"2011-07-18","deaths":"18","injured":"4","perpetrator":null,"country":"People's Republic of China","group":"2010s","wikidata":"http://www.wikidata.org/entity/Q4456269"}},{"type":"Feature","geometry":{"type":"Point","coordinates":[49.41598,53.51086]},"properties":{"name":"Tolyatti bus bombing","date":"2007-10-31","deaths":"8","injured":"56","perpetrator":null,"country":"Russia","group":"2000s","wikidata":"http://www.wikidata.org/entity/Q4110388"}},{"type":"Feature","geometry":{"type":"Point","coordinates":[47.6276,42.8959]},"properties":{"name":"1996 Kaspiysk bombing","date":"1996-11-16","deaths":"69","injured":"39","perpetrator":null,"country":"Russia","group":"1990s","wikidata":"http://www.wikidata.org/entity/Q4110400"}},{"type":"Feature","geometry":{"type":"Point","coordinates":[37.61538,55.7562]},"properties":{"name":"Взрыв на Манежной площади (1999)","date":"1999-08-31","deaths":"1","injured":null,"perpetrator":null,"country":"Russia","group":"1990s","wikidata":"http://www.wikidata.org/entity/Q4110407"}},{"type":"Feature","geometry":{"type":"Point","coordinates":[37.7525,55.8]},"properties":{"name":"2006 Moscow market bombing","date":"2006-08-21","deaths":"13","injured":"47","perpetrator":null,"country":"Russia","group":"2000s","wikidata":"http://www.wikidata.org/entity/Q4110410"}},{"type":"Feature","geometry":{"type":"Point","coordinates":[42.23169,47.52446]},"properties":{"name":"Volgodonsk bombing","date":"1999-09-16","deaths":"19","injured":"89","perpetrator":null,"country":"Russia","group":"1990s","wikidata":"http://www.wikidata.org/entity/Q4456246"}},{"type":"Feature","geometry":{"type":"Point","coordinates":[47.55,42.7]},"properties":{"name":"Террористический акт в Карабудахкенте (6 марта 2012 года)","date":"2012-03-06","deaths":null,"injured":null,"perpetrator":null,"country":"Russia","group":"2010s","wikidata":"http://www.wikidata.org/entity/Q4456247"}},{"type":"Feature","geometry":{"type":"Point","coordinates":[37.62611,55.6675]},"properties":{"name":"Kashirskoye Highway bombing","date":"1999-09-13","deaths":"124","injured":"7","perpetrator":null,"country":"Russia","group":"1990s","wikidata":"http://www.wikidata.org/entity/Q4456275"}},{"type":"Feature","geometry":{"type":"Point","coordinates":[44.65,43.016]},"properties":{"name":"2008 Vladikavkaz bombing","date":"2008-11-06","deaths":"12","injured":"41","perpetrator":null,"country":"Russia","group":"2000s","wikidata":"http://www.wikidata.org/entity/Q4456278"}},{"type":"Feature","geometry":{"type":"Point","coordinates":[30.32043,59.92709]},"properties":{"name":"2017 Saint Petersburg Metro attack","date":"2017-04-03","deaths":"15","injured":"51","perpetrator":null,"country":"Russia","group":"2010s","wikidata":"http://www.wikidata.org/entity/Q29113584"}},{"type":"Feature","geometry":{"type":"Point","coordinates":[37.89828,55.82672]},"properties":{"name":"2016 Shchelkovo Highway police station attack","date":"2016-08-17","deaths":"1","injured":"1","perpetrator":null,"country":"Russia","group":"2010s","wikidata":"http://www.wikidata.org/entity/Q30642265"}},{"type":"Feature","geometry":{"type":"Point","coordinates":[9.97061,49.75611]},"properties":{"name":"2016 Würzburg train attack","date":"2016-07-18","deaths":"1","injured":"5","perpetrator":null,"country":"Germany","group":"2010s","wikidata":"http://www.wikidata.org/entity/Q25931014"}},{"type":"Feature","geometry":{"type":"Point","coordinates":[10.58306,49.3]},"properties":{"name":"2016 Ansbach bombing","date":"2016-07-24","deaths":"1","injured":"15","perpetrator":null,"country":"Germany","group":"2010s","wikidata":"http://www.wikidata.org/entity/Q26036708"}},{"type":"Feature","geometry":{"type":"Point","coordinates":[13.33444,52.50528]},"properties":{"name":"2016 Berlin attack","date":"2016-12-19","deaths":"13","injured":"48","perpetrator":null,"country":"Germany","group":"2010s","wikidata":"http://www.wikidata.org/entity/Q28036573"}},{"type":"Feature","geometry":{"type":"Point","coordinates":[7.50611,51.44972]},"properties":{"name":"2017 attack on Borussia Dortmund team bus","date":"2017-04-11","deaths":"0","injured":"2","perpetrator":null,"country":"Germany","group":"2010s","wikidata":"http://www.wikidata.org/entity/Q29354759"}},{"type":"Feature","geometry":{"type":"Point","coordinates":[11.718,48.136]},"properties":{"name":"1970 Munich bus attack","date":"1970-02-10","deaths":"1","injured":"13","perpetrator":null,"country":"Germany","group":"1970s","wikidata":"http://www.wikidata.org/entity/Q30527711"}},{"type":"Feature","geometry":{"type":"Point","coordinates":[114.76794,31.92422]},"properties":{"name":"Chenpeng Village Primary School stabbing","date":"2012-12-14","deaths":"0","injured":"24","perpetrator":null,"country":"People's Republic of China","group":"2010s","wikidata":"http://www.wikidata.org/entity/Q1033972"}},{"type":"Feature","geometry":{"type":"Point","coordinates":[44.54091,43.18417]},"properties":{"name":"Beslan school siege","date":"2004-09-01","deaths":"334","injured":"727","perpetrator":"Riyad-us Saliheen Brigade of Martyrs","country":"Russia","group":"2000s","wikidata":"http://www.wikidata.org/entity/Q193733"}},{"type":"Feature","geometry":{"type":"Point","coordinates":[37.90611,55.40861]},"properties":{"name":"Domodedovo International Airport bombing","date":"2011-01-24","deaths":"37","injured":"173","perpetrator":null,"country":"Russia","group":"2010s","wikidata":"http://www.wikidata.org/entity/Q207513"}},{"type":"Feature","geometry":{"type":"Point","coordinates":[37.6273,55.7593]},"properties":{"name":"2010 Moscow Metro bombings","date":"2010-03-29","deaths":"40","injured":"102","perpetrator":"Caucasus Emirate","country":"Russia","group":"2010s","wikidata":"http://www.wikidata.org/entity/Q269893"}},{"type":"Feature","geometry":{"type":"Point","coordinates":[33.67361,58.12583]},"properties":{"name":"2009 Nevsky Express bombing","date":"2009-11-27","deaths":"28","injured":null,"perpetrator":null,"country":"Russia","group":"2000s","wikidata":"http://www.wikidata.org/entity/Q1081409"}},{"type":"Feature","geometry":{"type":"Point","coordinates":[44.38333,33.33333]},"properties":{"name":"Jordanian embassy bombing in Baghdad","date":"2003-08-07","deaths":"17","injured":"40","perpetrator":null,"country":"Iraq","group":"2000s","wikidata":"http://www.wikidata.org/entity/Q4601499"}},{"type":"Feature","geometry":{"type":"Point","coordinates":[44.433,32.483]},"properties":{"name":"2005 Al Hillah bombing","date":"2005-02-28","deaths":"127","injured":null,"perpetrator":null,"country":"Iraq","group":"2000s","wikidata":"http://www.wikidata.org/entity/Q4603927"}},{"type":"Feature","geometry":{"type":"Point","coordinates":[44.433,32.483]},"properties":{"name":"2007 Al Hillah bombings","date":"2007-01-01","deaths":"200","injured":null,"perpetrator":null,"country":"Iraq","group":"2000s","wikidata":"http://www.wikidata.org/entity/Q4607860"}},{"type":"Feature","geometry":{"type":"Point","coordinates":[44.3638,33.3151]},"properties":{"name":"2007 Iraqi Parliament bombing","date":"2007-01-01","deaths":"2","injured":"23","perpetrator":null,"country":"Iraq","group":"2000s","wikidata":"http://www.wikidata.org/entity/Q4608686"}},{"type":"Feature","geometry":{"type":"Point","coordinates":[45.0833,33.7]},"properties":{"name":"2008 Balad Ruz bombing","date":"2008-09-15","deaths":"22","injured":"32","perpetrator":null,"country":"Iraq","group":"2000s","wikidata":"http://www.wikidata.org/entity/Q4610578"}},{"type":"Feature","geometry":{"type":"Point","coordinates":[44.2331,33.85]},"properties":{"name":"2008 Dujail bombing","date":"2008-09-12","deaths":"31","injured":"60","perpetrator":null,"country":"Iraq","group":"2000s","wikidata":"http://www.wikidata.org/entity/Q4610900"}},{"type":"Feature","geometry":{"type":"Point","coordinates":[44.3308,35.3033]},"properties":{"name":"2009 Taza bombing","date":"2009-06-20","deaths":"73","injured":"254","perpetrator":null,"country":"Iraq","group":"2000s","wikidata":"http://www.wikidata.org/entity/Q4614896"}},{"type":"Feature","geometry":{"type":"Point","coordinates":[44.3833,33.3333]},"properties":{"name":"23 November 2006 Sadr City bombings","date":"2006-11-23","deaths":"205","injured":"257","perpetrator":null,"country":"Iraq","group":"2000s","wikidata":"http://www.wikidata.org/entity/Q4631578"}},{"type":"Feature","geometry":{"type":"Point","coordinates":[44.3922,33.3157]},"properties":{"name":"25 October 2009 Baghdad bombings","date":"2009-10-25","deaths":"155","injured":null,"perpetrator":null,"country":"Iraq","group":"2000s","wikidata":"http://www.wikidata.org/entity/Q4632180"}},{"type":"Feature","geometry":{"type":"Point","coordinates":[44.3922,33.3157]},"properties":{"name":"3 February 2007 Baghdad market bombing","date":"2007-02-03","deaths":"135","injured":"339","perpetrator":null,"country":"Iraq","group":"2000s","wikidata":"http://www.wikidata.org/entity/Q4636492"}},{"type":"Feature","geometry":{"type":"Point","coordinates":[44.43583,33.34417]},"properties":{"name":"April 2009 Baghdad bombings","date":"2009-04-06","deaths":"34","injured":"124","perpetrator":null,"country":"Iraq","group":"2000s","wikidata":"http://www.wikidata.org/entity/Q4781934"}},{"type":"Feature","geometry":{"type":"Point","coordinates":[7.00859,50.96583]},"properties":{"name":"2004 Cologne bombing","date":"2004-06-09","deaths":"0","injured":"22","perpetrator":null,"country":"Germany","group":"2000s","wikidata":"http://www.wikidata.org/entity/Q1963521"}},{"type":"Feature","geometry":{"type":"Point","coordinates":[15.98257,45.81346]},"properties":{"name":"assassination of Ivo Pukanić","date":"2008-10-23","deaths":"2","injured":"2","perpetrator":null,"country":"Croatia","group":"2000s","wikidata":"http://www.wikidata.org/entity/Q1944931"}},{"type":"Feature","geometry":{"type":"Point","coordinates":[106.85094,-6.22932]},"properties":{"name":"2017 Jakarta Bombings","date":"2017-05-24","deaths":null,"injured":"10","perpetrator":null,"country":"Indonesia","group":"2010s","wikidata":"http://www.wikidata.org/entity/Q30041275"}},{"type":"Feature","geometry":{"type":"Point","coordinates":[13.33667,52.47306]},"properties":{"name":"1986 West Berlin discotheque bombing","date":"1986-04-05","deaths":"3","injured":"231","perpetrator":null,"country":"Germany","group":"1980s","wikidata":"http://www.wikidata.org/entity/Q536935"}},{"type":"Feature","geometry":{"type":"Point","coordinates":[7.0899,51.1841]},"properties":{"name":"Solingen arson attack of 1993","date":"1993-05-29","deaths":"5","injured":"14","perpetrator":null,"country":"Germany","group":"1990s","wikidata":"http://www.wikidata.org/entity/Q694586"}},{"type":"Feature","geometry":{"type":"Point","coordinates":[11.57604,48.13069]},"properties":{"name":"arson attack on a residential home of the Jewish community in Munich","date":"1970-02-13","deaths":"7","injured":null,"perpetrator":null,"country":"Germany","group":"1970s","wikidata":"http://www.wikidata.org/entity/Q897799"}},{"type":"Feature","geometry":{"type":"Point","coordinates":[10.68472,53.62694]},"properties":{"name":"1992 Mölln arson attack","date":"1992-11-22","deaths":"3","injured":"9","perpetrator":null,"country":"Germany","group":"1990s","wikidata":"http://www.wikidata.org/entity/Q1405944"}},{"type":"Feature","geometry":{"type":"Point","coordinates":[6.79762,51.22968]},"properties":{"name":"Sprengstoffanschlag in Düsseldorf","date":"2000-07-27","deaths":null,"injured":"10","perpetrator":null,"country":"Germany","group":"2000s","wikidata":"http://www.wikidata.org/entity/Q1510296"}},{"type":"Feature","geometry":{"type":"Point","coordinates":[106.827,-6.22576]},"properties":{"name":"2009 Jakarta bombings","date":"2009-07-17","deaths":"7","injured":"53","perpetrator":null,"country":"Indonesia","group":"2000s","wikidata":"http://www.wikidata.org/entity/Q2072278"}},{"type":"Feature","geometry":{"type":"Point","coordinates":[74.03333,34.08333]},"properties":{"name":"2016 Uri attack","date":"2016-09-18","deaths":"23","injured":null,"perpetrator":null,"country":"India","group":"2010s","wikidata":"http://www.wikidata.org/entity/Q26929436"}},{"type":"Feature","geometry":{"type":"Point","coordinates":[75.889,19.848]},"properties":{"name":"2004 Jalna Mosque bomb attack","date":null,"deaths":null,"injured":null,"perpetrator":null,"country":"India","group":"date not recorded","wikidata":"http://www.wikidata.org/entity/Q28169706"}},{"type":"Feature","geometry":{"type":"Point","coordinates":[51.42306,35.69611]},"properties":{"name":"2017 Tehran attacks","date":"2017-06-07","deaths":"6","injured":"43","perpetrator":null,"country":"Iran","group":"2010s","wikidata":"http://www.wikidata.org/entity/Q30147595"}},{"type":"Feature","geometry":{"type":"Point","coordinates":[28.19056,-25.74639]},"properties":{"name":"Church Street bombing","date":"1983-05-20","deaths":"19","injured":"217","perpetrator":null,"country":"South Africa","group":"1980s","wikidata":"http://www.wikidata.org/entity/Q2869958"}},{"type":"Feature","geometry":{"type":"Point","coordinates":[24.11056,56.94583]},"properties":{"name":"1998 Riga bombing","date":null,"deaths":null,"injured":null,"perpetrator":null,"country":"Latvia","group":"date not recorded","wikidata":"http://www.wikidata.org/entity/Q4593929"}},{"type":"Feature","geometry":{"type":"Point","coordinates":[2.71556,36.29556]},"properties":{"name":"Assassination of the monks of Tibhirine","date":"1996-03-01","deaths":"7","injured":null,"perpetrator":null,"country":"Algeria","group":"1990s","wikidata":"http://www.wikidata.org/entity/Q2637132"}},{"type":"Feature","geometry":{"type":"Point","coordinates":[3.06,36.77611]},"properties":{"name":"11 April 2007 Algiers bombings","date":"2007-04-11","deaths":"33","injured":"56","perpetrator":null,"country":"Algeria","group":"2000s","wikidata":"http://www.wikidata.org/entity/Q2870018"}},{"type":"Feature","geometry":{"type":"Point","coordinates":[3.06,36.77611]},"properties":{"name":"December 11, 2007 Algiers bombings","date":"2007-12-11","deaths":"41","injured":"170","perpetrator":null,"country":"Algeria","group":"2000s","wikidata":"http://www.wikidata.org/entity/Q3178361"}},{"type":"Feature","geometry":{"type":"Point","coordinates":[9.11472,27.92694]},"properties":{"name":"In Aménas hostage crisis","date":"2013-01-16","deaths":"67","injured":null,"perpetrator":null,"country":"Algeria","group":"2010s","wikidata":"http://www.wikidata.org/entity/Q3211577"}},{"type":"Feature","geometry":{"type":"Point","coordinates":[44.41989,33.29847]},"properties":{"name":"July 2016 Baghdad bombings","date":"2016-07-02","deaths":"125","injured":"150","perpetrator":null,"country":"Iraq","group":"2010s","wikidata":"http://www.wikidata.org/entity/Q25300887"}},{"type":"Feature","geometry":{"type":"Point","coordinates":[44.4071,33.2884]},"properties":{"name":"Al-Faqma ice cream parlor bombing","date":"2017-05-30","deaths":"26","injured":null,"perpetrator":null,"country":"Iraq","group":"2010s","wikidata":"http://www.wikidata.org/entity/Q30323880"}},{"type":"Feature","geometry":{"type":"Point","coordinates":[14.416,45.316]},"properties":{"name":"1995 Rijeka bombing","date":"1995-10-20","deaths":null,"injured":"29","perpetrator":null,"country":"Croatia","group":"1990s","wikidata":"http://www.wikidata.org/entity/Q4590602"}},{"type":"Feature","geometry":{"type":"Point","coordinates":[46.3158,40.5869]},"properties":{"name":"1990 Tbilisi–Agdam bus bombing","date":"1990-01-01","deaths":null,"injured":null,"perpetrator":null,"country":"Azerbaijan","group":"1990s","wikidata":"http://www.wikidata.org/entity/Q4110389"}},{"type":"Feature","geometry":{"type":"Point","coordinates":[27.56194,53.90194]},"properties":{"name":"2011 Minsk Metro bombing","date":"2011-04-11","deaths":"15","injured":"204","perpetrator":null,"country":"Belarus","group":"2010s","wikidata":"http://www.wikidata.org/entity/Q383549"}},{"type":"Feature","geometry":{"type":"Point","coordinates":[35.25007,31.79436]},"properties":{"name":"Q25692460","date":"2016-05-25","deaths":"0","injured":"2","perpetrator":null,"country":"Israel","group":"2010s","wikidata":"http://www.wikidata.org/entity/Q25692460"}},{"type":"Feature","geometry":{"type":"Point","coordinates":[35.23142,31.75448]},"properties":{"name":"January 2017 Jerusalem vehicular attack","date":"2017-01-08","deaths":"4","injured":"13","perpetrator":null,"country":"Israel","group":"2010s","wikidata":"http://www.wikidata.org/entity/Q28149391"}},{"type":"Feature","geometry":{"type":"Point","coordinates":[35.22472,31.77889]},"properties":{"name":"2017 Jerusalem Light Rail stabbing","date":"2017-04-14","deaths":"1","injured":"2","perpetrator":null,"country":"Israel","group":"2010s","wikidata":"http://www.wikidata.org/entity/Q29413297"}},{"type":"Feature","geometry":{"type":"Point","coordinates":[35.23056,31.78167]},"properties":{"name":"June 2017 Jerusalem attack","date":"2017-06-16","deaths":"4","injured":"4","perpetrator":null,"country":"Israel","group":"2010s","wikidata":"http://www.wikidata.org/entity/Q30319823"}},{"type":"Feature","geometry":{"type":"Point","coordinates":[35.21809,31.77574]},"properties":{"name":"1969 PFLP bombings in Jerusalem","date":"1969-01-01","deaths":"2","injured":"9","perpetrator":"Popular Front for the Liberation of Palestine","country":"Israel","group":"1960s","wikidata":"http://www.wikidata.org/entity/Q30324469"}},{"type":"Feature","geometry":{"type":"Point","coordinates":[34.89656,31.99453]},"properties":{"name":"Q30527635","date":"1976-05-25","deaths":"2","injured":"7","perpetrator":"Popular Front for the Liberation of Palestine","country":"Israel","group":"1970s","wikidata":"http://www.wikidata.org/entity/Q30527635"}},{"type":"Feature","geometry":{"type":"Point","coordinates":[106.83056,-6.19972]},"properties":{"name":"2000 Philippine consulate bombing","date":"2000-08-01","deaths":"2","injured":"21","perpetrator":null,"country":"Indonesia","group":"2000s","wikidata":"http://www.wikidata.org/entity/Q4597766"}},{"type":"Feature","geometry":{"type":"Point","coordinates":[23.32167,42.69667]},"properties":{"name":"St Nedelya Church assault","date":"1925-04-16","deaths":"213","injured":"500","perpetrator":null,"country":"Bulgaria","group":"1920s","wikidata":"http://www.wikidata.org/entity/Q891868"}},{"type":"Feature","geometry":{"type":"Point","coordinates":[115.17417,-8.71722]},"properties":{"name":"2002 Bali bombings","date":"2002-10-12","deaths":"204","injured":"209","perpetrator":"Al-Qaeda","country":"Indonesia","group":"2000s","wikidata":"http://www.wikidata.org/entity/Q86584"}},{"type":"Feature","geometry":{"type":"Point","coordinates":[115.13833,-8.36917]},"properties":{"name":"2005 Bali bombings","date":"2005-10-01","deaths":"20","injured":"100","perpetrator":null,"country":"Indonesia","group":"2000s","wikidata":"http://www.wikidata.org/entity/Q569255"}},{"type":"Feature","geometry":{"type":"Point","coordinates":[44.50917,40.19]},"properties":{"name":"1999 Armenian parliament shooting","date":"1999-10-27","deaths":"8","injured":"30","perpetrator":null,"country":"Armenia","group":"1990s","wikidata":"http://www.wikidata.org/entity/Q1975720"}},{"type":"Feature","geometry":{"type":"Point","coordinates":[69.2797,41.3111]},"properties":{"name":"1999 Tashkent bombings","date":"1999-02-16","deaths":"16","injured":null,"perpetrator":null,"country":"Uzbekistan","group":"1990s","wikidata":"http://www.wikidata.org/entity/Q4456265"}},{"type":"Feature","geometry":{"type":"Point","coordinates":[144.96616,-37.80829]},"properties":{"name":"Russell Street bombing","date":"1986-03-27","deaths":"1","injured":"22","perpetrator":null,"country":"Australia","group":"1980s","wikidata":"http://www.wikidata.org/entity/Q2869966"}},{"type":"Feature","geometry":{"type":"Point","coordinates":[144.98827,-37.83826]},"properties":{"name":"Melbourne Turkish consulate bombing","date":"1986-11-23","deaths":"1","injured":null,"perpetrator":null,"country":"Australia","group":"1980s","wikidata":"http://www.wikidata.org/entity/Q4110399"}},{"type":"Feature","geometry":{"type":"Point","coordinates":[149.129,-35.2777]},"properties":{"name":"1993 Jolimont Centre siege","date":"1993-11-29","deaths":null,"injured":"1","perpetrator":null,"country":"Australia","group":"1990s","wikidata":"http://www.wikidata.org/entity/Q4588587"}},{"type":"Feature","geometry":{"type":"Point","coordinates":[34.7786,32.0603]},"properties":{"name":"2002 Tel Aviv outdoor mall bombing","date":"2002-01-25","deaths":"0","injured":null,"perpetrator":null,"country":"Israel","group":"2000s","wikidata":"http://www.wikidata.org/entity/Q4600535"}},{"type":"Feature","geometry":{"type":"Point","coordinates":[34.54484,31.5582]},"properties":{"name":"2004 Erez Crossing bombing","date":"2004-01-14","deaths":"4","injured":"10","perpetrator":null,"country":"Israel","group":"2000s","wikidata":"http://www.wikidata.org/entity/Q4602721"}},{"type":"Feature","geometry":{"type":"Point","coordinates":[34.76639,32.05389]},"properties":{"name":"2011 Tel Aviv nightclub attack","date":"2011-08-29","deaths":"0","injured":null,"perpetrator":null,"country":"Israel","group":"2010s","wikidata":"http://www.wikidata.org/entity/Q4622578"}},{"type":"Feature","geometry":{"type":"Point","coordinates":[35.28802,32.61205]},"properties":{"name":"Afula Bus suicide bombing","date":"1994-04-06","deaths":"8","injured":"55","perpetrator":null,"country":"Israel","group":"1990s","wikidata":"http://www.wikidata.org/entity/Q4690854"}},{"type":"Feature","geometry":{"type":"Point","coordinates":[35.2942,32.6036]},"properties":{"name":"Afula mall bombing","date":"2003-05-19","deaths":"3","injured":"70","perpetrator":null,"country":"Israel","group":"2000s","wikidata":"http://www.wikidata.org/entity/Q4690852"}},{"type":"Feature","geometry":{"type":"Point","coordinates":[34.9255,32.43823]},"properties":{"name":"Hadera attack","date":"2002-01-17","deaths":"6","injured":"33","perpetrator":null,"country":"Israel","group":"2000s","wikidata":"http://www.wikidata.org/entity/Q4868469"}},{"type":"Feature","geometry":{"type":"Point","coordinates":[34.84602,32.09218]},"properties":{"name":"Geha Interchange bus stop bombing","date":"2003-12-25","deaths":"4","injured":"16","perpetrator":null,"country":"Israel","group":"2000s","wikidata":"http://www.wikidata.org/entity/Q5530056"}},{"type":"Feature","geometry":{"type":"Point","coordinates":[106.83111,-6.21817]},"properties":{"name":"2004 Australian Embassy bombing in Jakarta","date":"2004-09-09","deaths":"9","injured":null,"perpetrator":null,"country":"Australia","group":"2000s","wikidata":"http://www.wikidata.org/entity/Q1759144"}},{"type":"Feature","geometry":{"type":"Point","coordinates":[93.95,24.82]},"properties":{"name":"2008 Imphal bombing","date":"2008-10-21","deaths":"17","injured":"40","perpetrator":null,"country":"India","group":"2000s","wikidata":"http://www.wikidata.org/entity/Q2034457"}},{"type":"Feature","geometry":{"type":"Point","coordinates":[77.2,28.6]},"properties":{"name":"13 September 2008 Delhi bombings","date":"2008-09-13","deaths":null,"injured":null,"perpetrator":null,"country":"India","group":"2000s","wikidata":"http://www.wikidata.org/entity/Q2478732"}},{"type":"Feature","geometry":{"type":"Point","coordinates":[77.2081,28.6172]},"properties":{"name":"2001 Indian Parliament attack","date":"2001-12-13","deaths":"14","injured":"18","perpetrator":null,"country":"India","group":"2000s","wikidata":"http://www.wikidata.org/entity/Q3351820"}},{"type":"Feature","geometry":{"type":"Point","coordinates":[79.94544,12.96017]},"properties":{"name":"assassination of Rajiv Gandhi","date":"1991-05-21","deaths":"16","injured":"43","perpetrator":"Thenmozhi Rajaratnam","country":"India","group":"1990s","wikidata":"http://www.wikidata.org/entity/Q3423445"}},{"type":"Feature","geometry":{"type":"Point","coordinates":[77.2362,28.609]},"properties":{"name":"2011 Delhi bombing","date":"2011-09-07","deaths":"15","injured":"79","perpetrator":null,"country":"India","group":"2010s","wikidata":"http://www.wikidata.org/entity/Q3520319"}},{"type":"Feature","geometry":{"type":"Point","coordinates":[91.16,23.5]},"properties":{"name":"2008 Agartala bombings","date":"2008-10-01","deaths":null,"injured":null,"perpetrator":null,"country":"India","group":"2000s","wikidata":"http://www.wikidata.org/entity/Q3537560"}},{"type":"Feature","geometry":{"type":"Point","coordinates":[73.88733,18.53978]},"properties":{"name":"2010 Pune bombing","date":"2010-02-13","deaths":"18","injured":null,"perpetrator":null,"country":"India","group":"2010s","wikidata":"http://www.wikidata.org/entity/Q3595843"}},{"type":"Feature","geometry":{"type":"Point","coordinates":[78.47343,17.36011]},"properties":{"name":"August 2007 Hyderabad bombings","date":"2007-08-25","deaths":"42","injured":"54","perpetrator":null,"country":"India","group":"2000s","wikidata":"http://www.wikidata.org/entity/Q3764785"}},{"type":"Feature","geometry":{"type":"Point","coordinates":[0.203,13.007]},"properties":{"name":"1993 Chennai bombing","date":"1993-08-08","deaths":"11","injured":null,"perpetrator":null,"country":"India","group":"1990s","wikidata":"http://www.wikidata.org/entity/Q4588401"}},{"type":"Feature","geometry":{"type":"Point","coordinates":[74.863,32.735]},"properties":{"name":"2001 Jammu and Kashmir legislative assembly attack","date":"2001-10-01","deaths":"38","injured":null,"perpetrator":null,"country":"India","group":"2000s","wikidata":"http://www.wikidata.org/entity/Q4598814"}},{"type":"Feature","geometry":{"type":"Point","coordinates":[-58.39944,-34.60181]},"properties":{"name":"AMIA bombing","date":"1994-07-18","deaths":"85","injured":null,"perpetrator":null,"country":"Argentina","group":"1990s","wikidata":"http://www.wikidata.org/entity/Q322936"}},{"type":"Feature","geometry":{"type":"Point","coordinates":[-58.38019,-34.59156]},"properties":{"name":"1992 attack on Israeli embassy in Buenos Aires","date":"1992-03-17","deaths":"29","injured":"242","perpetrator":null,"country":"Argentina","group":"1990s","wikidata":"http://www.wikidata.org/entity/Q569278"}},{"type":"Feature","geometry":{"type":"Point","coordinates":[49.10997,14.53439]},"properties":{"name":"June 2016 Mukalla attacks","date":"2016-06-28","deaths":"43","injured":"37","perpetrator":"Islamic State – Yemen Province","country":"Yemen","group":"2010s","wikidata":"http://www.wikidata.org/entity/Q24901172"}},{"type":"Feature","geometry":{"type":"Point","coordinates":[45.02652,12.77355]},"properties":{"name":"August 2016 Aden bombing","date":"2016-08-29","deaths":"71","injured":"98","perpetrator":null,"country":"Yemen","group":"2010s","wikidata":"http://www.wikidata.org/entity/Q26714923"}},{"type":"Feature","geometry":{"type":"Point","coordinates":[44.20083,15.28944]},"properties":{"name":"2016 Sana'a funeral air raid","date":"2016-10-08","deaths":"82","injured":"200","perpetrator":null,"country":"Yemen","group":"2010s","wikidata":"http://www.wikidata.org/entity/Q27149688"}},{"type":"Feature","geometry":{"type":"Point","coordinates":[174.77167,-36.84222]},"properties":{"name":"sinking of the Rainbow Warrior","date":"1985-07-10","deaths":"1","injured":null,"perpetrator":null,"country":"New Zealand","group":"1980s","wikidata":"http://www.wikidata.org/entity/Q460731"}},{"type":"Feature","geometry":{"type":"Point","coordinates":[52.47704,29.62087]},"properties":{"name":"2008 Shiraz explosion","date":"2008-04-12","deaths":"14","injured":"202","perpetrator":null,"country":"Iran","group":"2000s","wikidata":"http://www.wikidata.org/entity/Q4110409"}},{"type":"Feature","geometry":{"type":"Point","coordinates":[60.62361,25.28361]},"properties":{"name":"2010 Chabahar suicide bombing","date":"2010-12-14","deaths":"33","injured":"95","perpetrator":null,"country":"Iran","group":"2010s","wikidata":"http://www.wikidata.org/entity/Q4456273"}},{"type":"Feature","geometry":{"type":"Point","coordinates":[72.83333,18.92194]},"properties":{"name":"26/11 Mumbai attacks","date":"2008-11-26","deaths":"241","injured":"308","perpetrator":null,"country":"India","group":"2000s","wikidata":"http://www.wikidata.org/entity/Q76421"}},{"type":"Feature","geometry":{"type":"Point","coordinates":[75.8235,26.926]},"properties":{"name":"Jaipur bombings","date":null,"deaths":"80","injured":null,"perpetrator":null,"country":"India","group":"date not recorded","wikidata":"http://www.wikidata.org/entity/Q153582"}},{"type":"Feature","geometry":{"type":"Point","coordinates":[76.98319,29.30961]},"properties":{"name":"2007 Samjhauta Express bombings","date":"2007-02-18","deaths":"68","injured":"50","perpetrator":null,"country":"India","group":"2000s","wikidata":"http://www.wikidata.org/entity/Q945668"}},{"type":"Feature","geometry":{"type":"Point","coordinates":[67.02,30.36]},"properties":{"name":"2016 Quetta police station attack","date":"2016-10-24","deaths":"62","injured":null,"perpetrator":null,"country":"Pakistan","group":"2010s","wikidata":"http://www.wikidata.org/entity/Q27554442"}},{"type":"Feature","geometry":{"type":"Point","coordinates":[74.324,31.559]},"properties":{"name":"2017 Lahore suicide bombing","date":"2017-02-13","deaths":"18","injured":null,"perpetrator":null,"country":"Pakistan","group":"2010s","wikidata":"http://www.wikidata.org/entity/Q28771629"}},{"type":"Feature","geometry":{"type":"Point","coordinates":[43.764,16.935]},"properties":{"name":"2008 Bin Salman Mosque bombing","date":"2008-05-02","deaths":"15","injured":"55","perpetrator":"Houthis","country":"Yemen","group":"2000s","wikidata":"http://www.wikidata.org/entity/Q4610615"}},{"type":"Feature","geometry":{"type":"Point","coordinates":[-74.0507,4.66015]},"properties":{"name":"2003 El Nogal Club bombing","date":"2003-02-07","deaths":"36","injured":"198","perpetrator":null,"country":"Colombia","group":"2000s","wikidata":"http://www.wikidata.org/entity/Q2531086"}},{"type":"Feature","geometry":{"type":"Point","coordinates":[-74.2625,4.55833]},"properties":{"name":"Avianca Flight 203","date":"1989-11-27","deaths":"107","injured":"0","perpetrator":null,"country":"Colombia","group":"1980s","wikidata":"http://www.wikidata.org/entity/Q2697152"}},{"type":"Feature","geometry":{"type":"Point","coordinates":[44.46722,33.33361]},"properties":{"name":"Canal Hotel bombing","date":"2003-08-19","deaths":"23","injured":null,"perpetrator":null,"country":"Iraq","group":"2000s","wikidata":"http://www.wikidata.org/entity/Q4116108"}},{"type":"Feature","geometry":{"type":"Point","coordinates":[44.3922,33.3157]},"properties":{"name":"10 May 2010 Iraq attacks","date":"2010-05-10","deaths":"114","injured":null,"perpetrator":null,"country":"Iraq","group":"2010s","wikidata":"http://www.wikidata.org/entity/Q4546887"}},{"type":"Feature","geometry":{"type":"Point","coordinates":[44.3833,33.3333]},"properties":{"name":"18 April 2007 Baghdad bombings","date":"2007-04-18","deaths":"198","injured":"251","perpetrator":null,"country":"Iraq","group":"2000s","wikidata":"http://www.wikidata.org/entity/Q4557502"}},{"type":"Feature","geometry":{"type":"Point","coordinates":[37.06942,36.16852]},"properties":{"name":"2017 Aleppo suicide car bombing","date":"2017-04-15","deaths":"126","injured":"55","perpetrator":null,"country":"Syria","group":"2010s","wikidata":"http://www.wikidata.org/entity/Q29413569"}},{"type":"Feature","geometry":{"type":"Point","coordinates":[44.42583,33.30694]},"properties":{"name":"2010 Baghdad church attack","date":"2010-10-31","deaths":"68","injured":"78","perpetrator":null,"country":"Iraq","group":"2010s","wikidata":"http://www.wikidata.org/entity/Q569232"}},{"type":"Feature","geometry":{"type":"Point","coordinates":[41.7978,36.2311]},"properties":{"name":"2007 Yazidi communities bombings","date":"2007-08-14","deaths":"796","injured":"1500","perpetrator":null,"country":"Iraq","group":"2000s","wikidata":"http://www.wikidata.org/entity/Q569292"}},{"type":"Feature","geometry":{"type":"Point","coordinates":[44.38333,35.45]},"properties":{"name":"2009 Kirkuk bombing","date":"2009-06-30","deaths":"40","injured":"136","perpetrator":null,"country":"Iraq","group":"2000s","wikidata":"http://www.wikidata.org/entity/Q951474"}},{"type":"Feature","geometry":{"type":"Point","coordinates":[44.3833,33.3333]},"properties":{"name":"1 February 2008 Baghdad bombings","date":"2008-02-01","deaths":"99","injured":"196","perpetrator":null,"country":"Iraq","group":"2000s","wikidata":"http://www.wikidata.org/entity/Q1390740"}},{"type":"Feature","geometry":{"type":"Point","coordinates":[48.336,29.453]},"properties":{"name":"Faylaka Island attack","date":"2002-10-08","deaths":null,"injured":null,"perpetrator":null,"country":"Kuwait","group":"2000s","wikidata":"http://www.wikidata.org/entity/Q5439089"}},{"type":"Feature","geometry":{"type":"Point","coordinates":[5.85,34.433]},"properties":{"name":"2008 Tripoli, Lebanon bombing","date":"2008-09-29","deaths":"7","injured":"30","perpetrator":null,"country":"Lebanon","group":"2000s","wikidata":"http://www.wikidata.org/entity/Q4612093"}},{"type":"Feature","geometry":{"type":"Point","coordinates":[61.76028,26.08694]},"properties":{"name":"2009 Pishin bombing","date":"2009-10-18","deaths":"43","injured":"150","perpetrator":null,"country":"Iran","group":"2000s","wikidata":"http://www.wikidata.org/entity/Q2511749"}},{"type":"Feature","geometry":{"type":"Point","coordinates":[69.207,34.555]},"properties":{"name":"May 2017 Kabul attack","date":"2017-05-31","deaths":"100","injured":"463","perpetrator":null,"country":"Afghanistan","group":"2010s","wikidata":"http://www.wikidata.org/entity/Q30096291"}},{"type":"Feature","geometry":{"type":"Point","coordinates":[101.23142,6.86205]},"properties":{"name":"2017 Pattani bombing","date":"2017-05-09","deaths":"0","injured":"50","perpetrator":null,"country":"Thailand","group":"2010s","wikidata":"http://www.wikidata.org/entity/Q29991365"}},{"type":"Feature","geometry":{"type":"Point","coordinates":[84.34,27.43]},"properties":{"name":"Badarmude bus explosion","date":"2005-06-06","deaths":"38","injured":null,"perpetrator":null,"country":"Nepal","group":"2000s","wikidata":"http://www.wikidata.org/entity/Q4840621"}},{"type":"Feature","geometry":{"type":"Point","coordinates":[34.79153,32.07791]},"properties":{"name":"2012 Tel Aviv bus bombing","date":"2012-11-21","deaths":null,"injured":"28","perpetrator":null,"country":"Israel","group":"2010s","wikidata":"http://www.wikidata.org/entity/Q3727894"}},{"type":"Feature","geometry":{"type":"Point","coordinates":[35.2175,31.7814]},"properties":{"name":"Ben Yehuda Street bombings","date":null,"deaths":"58","injured":null,"perpetrator":null,"country":"Israel","group":"date not recorded","wikidata":"http://www.wikidata.org/entity/Q4110417"}},{"type":"Feature","geometry":{"type":"Point","coordinates":[35.20639,31.78833]},"properties":{"name":"2008 Jerusalem bulldozer attack","date":"2008-07-02","deaths":"3","injured":"36","perpetrator":null,"country":"Israel","group":"2000s","wikidata":"http://www.wikidata.org/entity/Q4117128"}},{"type":"Feature","geometry":{"type":"Point","coordinates":[35.10056,31.65861]},"properties":{"name":"Bat Ayin axe attack","date":"2009-04-02","deaths":"1","injured":"1","perpetrator":null,"country":"Israel","group":"2000s","wikidata":"http://www.wikidata.org/entity/Q4117156"}},{"type":"Feature","geometry":{"type":"Point","coordinates":[35.4958,32.4917]},"properties":{"name":"1974 Beit She'an attack","date":"1974-11-19","deaths":"4","injured":"17","perpetrator":null,"country":"Israel","group":"1970s","wikidata":"http://www.wikidata.org/entity/Q4300209"}},{"type":"Feature","geometry":{"type":"Point","coordinates":[34.52778,31.47]},"properties":{"name":"Shaar HaNegev school bus attack","date":"2011-04-07","deaths":"1","injured":"1","perpetrator":null,"country":"Israel","group":"2010s","wikidata":"http://www.wikidata.org/entity/Q4330024"}},{"type":"Feature","geometry":{"type":"Point","coordinates":[35.09,33.0044]},"properties":{"name":"1974 Nahariya attack","date":"1974-06-25","deaths":"7","injured":"6","perpetrator":null,"country":"Israel","group":"1970s","wikidata":"http://www.wikidata.org/entity/Q4576162"}},{"type":"Feature","geometry":{"type":"Point","coordinates":[35.14922,32.16544]},"properties":{"name":"2001 Immanuel bus attack","date":"2001-12-12","deaths":"10","injured":"30","perpetrator":null,"country":"Israel","group":"2000s","wikidata":"http://www.wikidata.org/entity/Q4598799"}},{"type":"Feature","geometry":{"type":"Point","coordinates":[35.5033,32.4969]},"properties":{"name":"2002 Beit She'an attack","date":"2002-11-28","deaths":"6","injured":"30","perpetrator":null,"country":"Israel","group":"2000s","wikidata":"http://www.wikidata.org/entity/Q4599767"}},{"type":"Feature","geometry":{"type":"Point","coordinates":[35.21802,31.78308]},"properties":{"name":"2002 Jaffa Street bombing","date":"2002-01-27","deaths":"1","injured":"100","perpetrator":"Wafa Idris","country":"Israel","group":"2000s","wikidata":"http://www.wikidata.org/entity/Q4600185"}},{"type":"Feature","geometry":{"type":"Point","coordinates":[43.87361,34.19889]},"properties":{"name":"2006 al-Askari mosque bombing","date":"2006-02-22","deaths":"0","injured":"0","perpetrator":null,"country":"Iraq","group":"2000s","wikidata":"http://www.wikidata.org/entity/Q2918175"}},{"type":"Feature","geometry":{"type":"Point","coordinates":[34.80439,32.14048]},"properties":{"name":"Pi Glilot bombing attempt","date":"2002-05-23","deaths":"0","injured":"0","perpetrator":null,"country":"Israel","group":"2000s","wikidata":"http://www.wikidata.org/entity/Q2089656"}},{"type":"Feature","geometry":{"type":"Point","coordinates":[34.76583,32.0725]},"properties":{"name":"Savoy Hotel Attack","date":"1975-03-06","deaths":"18","injured":null,"perpetrator":null,"country":"Israel","group":"1970s","wikidata":"http://www.wikidata.org/entity/Q2468376"}},{"type":"Feature","geometry":{"type":"Point","coordinates":[34.73942,32.02106]},"properties":{"name":"murder of Helena Rapp","date":"1992-05-24","deaths":"1","injured":null,"perpetrator":null,"country":"Israel","group":"1990s","wikidata":"http://www.wikidata.org/entity/Q2902237"}},{"type":"Feature","geometry":{"type":"Point","coordinates":[35.0914,33.0142]},"properties":{"name":"1979 Nahariya attack","date":"1979-04-22","deaths":"6","injured":null,"perpetrator":null,"country":"Israel","group":"1970s","wikidata":"http://www.wikidata.org/entity/Q2906502"}},{"type":"Feature","geometry":{"type":"Point","coordinates":[35.60167,33.22306]},"properties":{"name":"Night of the Gliders","date":"1987-11-25","deaths":null,"injured":"8","perpetrator":null,"country":"Israel","group":"1980s","wikidata":"http://www.wikidata.org/entity/Q2911491"}},{"type":"Feature","geometry":{"type":"Point","coordinates":[90.41669,23.80251]},"properties":{"name":"2016 Gulshan, Dhaka attack","date":"2016-07-01","deaths":"28","injured":"50","perpetrator":"Mohammad Saifullah Ozaki","country":"Bangladesh","group":"2010s","wikidata":"http://www.wikidata.org/entity/Q25250323"}},{"type":"Feature","geometry":{"type":"Point","coordinates":[91.8661,24.9023]},"properties":{"name":"2004 Shah Jalal bombing","date":"2004-05-21","deaths":null,"injured":"70","perpetrator":null,"country":"Bangladesh","group":"2000s","wikidata":"http://www.wikidata.org/entity/Q27628095"}},{"type":"Feature","geometry":{"type":"Point","coordinates":[72.4258,35.2227]},"properties":{"name":"2008 Swat Valley bombing","date":"2008-08-23","deaths":"20","injured":null,"perpetrator":null,"country":"Pakistan","group":"2000s","wikidata":"http://www.wikidata.org/entity/Q4612005"}},{"type":"Feature","geometry":{"type":"Point","coordinates":[73.03089,33.65825]},"properties":{"name":"2009 International Islamic University bombing","date":"2009-10-20","deaths":"6","injured":"29","perpetrator":null,"country":"Pakistan","group":"2000s","wikidata":"http://www.wikidata.org/entity/Q4614045"}},{"type":"Feature","geometry":{"type":"Point","coordinates":[74.2916,31.5201]},"properties":{"name":"December 2009 Lahore attacks","date":null,"deaths":null,"injured":null,"perpetrator":null,"country":"Pakistan","group":"date not recorded","wikidata":"http://www.wikidata.org/entity/Q5248994"}},{"type":"Feature","geometry":{"type":"Point","coordinates":[34.77833,32.05944]},"properties":{"name":"Tel Aviv central bus station massacre","date":"2003-01-05","deaths":"23","injured":"100","perpetrator":null,"country":"Israel","group":"2000s","wikidata":"http://www.wikidata.org/entity/Q81321"}},{"type":"Feature","geometry":{"type":"Point","coordinates":[34.80318,32.14787]},"properties":{"name":"Coastal Road massacre","date":"1978-03-11","deaths":"35","injured":"71","perpetrator":"Fatah","country":"Israel","group":"1970s","wikidata":"http://www.wikidata.org/entity/Q301448"}},{"type":"Feature","geometry":{"type":"Point","coordinates":[35.42343,33.06206]},"properties":{"name":"Avivim school bus massacre","date":"1970-05-22","deaths":"13","injured":"19","perpetrator":null,"country":"Israel","group":"1970s","wikidata":"http://www.wikidata.org/entity/Q791186"}},{"type":"Feature","geometry":{"type":"Point","coordinates":[34.89417,31.995]},"properties":{"name":"Lod Airport massacre","date":"1972-05-30","deaths":"28","injured":"81","perpetrator":"Tsuyoshi Okudaira","country":"Israel","group":"1970s","wikidata":"http://www.wikidata.org/entity/Q1154073"}},{"type":"Feature","geometry":{"type":"Point","coordinates":[35.09444,31.80081]},"properties":{"name":"Tel Aviv-Jerusalem bus 405 suicide attack","date":"1989-07-06","deaths":"16","injured":"27","perpetrator":null,"country":"Israel","group":"1980s","wikidata":"http://www.wikidata.org/entity/Q1649932"}},{"type":"Feature","geometry":{"type":"Point","coordinates":[-0.05,16.26667]},"properties":{"name":"2017 Gao bombing","date":"2017-01-18","deaths":"77","injured":"120","perpetrator":null,"country":"Mali","group":"2010s","wikidata":"http://www.wikidata.org/entity/Q28380858"}},{"type":"Feature","geometry":{"type":"Point","coordinates":[-7.86481,12.61489]},"properties":{"name":"June 2017 Bamako attack","date":"2017-06-18","deaths":"5","injured":null,"perpetrator":null,"country":"Mali","group":"2010s","wikidata":"http://www.wikidata.org/entity/Q30339279"}},{"type":"Feature","geometry":{"type":"Point","coordinates":[14.31667,10.58333]},"properties":{"name":"attentat de Maroua","date":"2015-07-25","deaths":"19","injured":null,"perpetrator":null,"country":"Cameroon","group":"2010s","wikidata":"http://www.wikidata.org/entity/Q25403994"}},{"type":"Feature","geometry":{"type":"Point","coordinates":[79.858,6.874]},"properties":{"name":"2008 Dehiwala train bombing","date":"2008-05-26","deaths":"9","injured":"67","perpetrator":null,"country":"Sri Lanka","group":"2000s","wikidata":"http://www.wikidata.org/entity/Q4610875"}},{"type":"Feature","geometry":{"type":"Point","coordinates":[79.8499,6.9338]},"properties":{"name":"2008 Fort Railway Station bombing","date":"2008-02-03","deaths":"12","injured":"92","perpetrator":null,"country":"Sri Lanka","group":"2000s","wikidata":"http://www.wikidata.org/entity/Q4611092"}},{"type":"Feature","geometry":{"type":"Point","coordinates":[80.48333,8.75]},"properties":{"name":"2008 Sri Lanka Vavuniya bombing","date":"2008-06-16","deaths":"12","injured":"40","perpetrator":null,"country":"Sri Lanka","group":"2000s","wikidata":"http://www.wikidata.org/entity/Q4611961"}},{"type":"Feature","geometry":{"type":"Point","coordinates":[79.84389,6.9325]},"properties":{"name":"Central Bank bombing","date":"1996-01-31","deaths":"91","injured":null,"perpetrator":null,"country":"Sri Lanka","group":"1990s","wikidata":"http://www.wikidata.org/entity/Q5060415"}},{"type":"Feature","geometry":{"type":"Point","coordinates":[79.8548,6.9347]},"properties":{"name":"Central Bus Station Bombing","date":"1987-04-21","deaths":"113","injured":null,"perpetrator":null,"country":"Sri Lanka","group":"1980s","wikidata":"http://www.wikidata.org/entity/Q5060488"}},{"type":"Feature","geometry":{"type":"Point","coordinates":[35.01803,31.55299]},"properties":{"name":"2002 Adora terrorist attack","date":"2002-04-27","deaths":"4","injured":"7","perpetrator":null,"country":"West Bank","group":"2000s","wikidata":"http://www.wikidata.org/entity/Q30323861"}},{"type":"Feature","geometry":{"type":"Point","coordinates":[73.0633,33.6073]},"properties":{"name":"assassination of Benazir Bhutto","date":"2007-12-27","deaths":"24","injured":"43","perpetrator":null,"country":"Pakistan","group":"2000s","wikidata":"http://www.wikidata.org/entity/Q1784968"}},{"type":"Feature","geometry":{"type":"Point","coordinates":[73.0676,33.7322]},"properties":{"name":"2008 Danish embassy bombing in Islamabad","date":"2008-06-02","deaths":"8","injured":"24","perpetrator":null,"country":"Pakistan","group":"2000s","wikidata":"http://www.wikidata.org/entity/Q2418567"}},{"type":"Feature","geometry":{"type":"Point","coordinates":[71.5756,34.0087]},"properties":{"name":"28 October 2009 Peshawar bombing","date":"2009-10-28","deaths":"137","injured":null,"perpetrator":null,"country":"Pakistan","group":"2000s","wikidata":"http://www.wikidata.org/entity/Q2509895"}},{"type":"Feature","geometry":{"type":"Point","coordinates":[71.55528,34.21528]},"properties":{"name":"2011 Charsadda bombing","date":"2011-05-13","deaths":"98","injured":"140","perpetrator":null,"country":"Pakistan","group":"2010s","wikidata":"http://www.wikidata.org/entity/Q2624745"}},{"type":"Feature","geometry":{"type":"Point","coordinates":[67.01,24.86]},"properties":{"name":"2002 Karachi bus bombing","date":"2002-05-08","deaths":"15","injured":"40","perpetrator":null,"country":"Pakistan","group":"2000s","wikidata":"http://www.wikidata.org/entity/Q2869989"}},{"type":"Feature","geometry":{"type":"Point","coordinates":[45.35,2.03333]},"properties":{"name":"February 2017 Mogadishu bombing","date":"2017-02-19","deaths":"39","injured":"50","perpetrator":null,"country":"Somalia","group":"2010s","wikidata":"http://www.wikidata.org/entity/Q29570070"}},{"type":"Feature","geometry":{"type":"Point","coordinates":[35.93278,31.94972]},"properties":{"name":"2005 Amman bombings","date":"2005-11-09","deaths":"65","injured":"115","perpetrator":"Al-Qaeda in Iraq","country":"Jordan","group":"2000s","wikidata":"http://www.wikidata.org/entity/Q2474047"}},{"type":"Feature","geometry":{"type":"Point","coordinates":[45.0054,12.8022]},"properties":{"name":"USS Cole bombing","date":"2000-10-12","deaths":null,"injured":"39","perpetrator":null,"country":"Yemen","group":"2000s","wikidata":"http://www.wikidata.org/entity/Q612086"}},{"type":"Feature","geometry":{"type":"Point","coordinates":[90.41213,23.72611]},"properties":{"name":"2004 Dhaka grenade attack","date":"2004-08-21","deaths":"24","injured":null,"perpetrator":"Islamism","country":"Bangladesh","group":"2000s","wikidata":"http://www.wikidata.org/entity/Q4602700"}},{"type":"Feature","geometry":{"type":"Point","coordinates":[35.49472,33.82917]},"properties":{"name":"1983 Beirut barracks bombing","date":"1983-10-23","deaths":"307","injured":"150","perpetrator":null,"country":"Lebanon","group":"1980s","wikidata":"http://www.wikidata.org/entity/Q518303"}},{"type":"Feature","geometry":{"type":"Point","coordinates":[35.485,33.90139]},"properties":{"name":"1983 United States embassy bombing","date":"1983-04-18","deaths":"63","injured":"100","perpetrator":"Islamic Jihad Organization","country":"Lebanon","group":"1980s","wikidata":"http://www.wikidata.org/entity/Q548057"}},{"type":"Feature","geometry":{"type":"Point","coordinates":[35.4945,33.90196]},"properties":{"name":"assassination of Rafic Hariri","date":"2005-02-14","deaths":"22","injured":null,"perpetrator":null,"country":"Lebanon","group":"2000s","wikidata":"http://www.wikidata.org/entity/Q757965"}},{"type":"Feature","geometry":{"type":"Point","coordinates":[139.53111,35.35361]},"properties":{"name":"橫須賀線電車爆破事件","date":"1968-06-16","deaths":"1","injured":"14","perpetrator":null,"country":"Japan","group":"1960s","wikidata":"http://www.wikidata.org/entity/Q11543549"}},{"type":"Feature","geometry":{"type":"Point","coordinates":[139.75566,35.68285]},"properties":{"name":"第1次坂下門亂入事件","date":"1971-09-25","deaths":null,"injured":null,"perpetrator":null,"country":"Japan","group":"1970s","wikidata":"http://www.wikidata.org/entity/Q11600460"}},{"type":"Feature","geometry":{"type":"Point","coordinates":[139.74142,35.6785]},"properties":{"name":"arson attack on the headquarters of the Liberal Democratic Party","date":"1984-09-19","deaths":null,"injured":null,"perpetrator":null,"country":"Japan","group":"1980s","wikidata":"http://www.wikidata.org/entity/Q11612961"}},{"type":"Feature","geometry":{"type":"Point","coordinates":[139.74261,35.67308]},"properties":{"name":"2015 Tokyo Drone Incident","date":"2015-04-22","deaths":"0","injured":"0","perpetrator":null,"country":"Japan","group":"2010s","wikidata":"http://www.wikidata.org/entity/Q20040629"}},{"type":"Feature","geometry":{"type":"Point","coordinates":[121.0947,14.6925]},"properties":{"name":"Batasang Pambansa bombing","date":"2007-11-13","deaths":"6","injured":"12","perpetrator":null,"country":"Philippines","group":"2000s","wikidata":"http://www.wikidata.org/entity/Q4868644"}},{"type":"Feature","geometry":{"type":"Point","coordinates":[9.155,45.474]},"properties":{"name":"Victor Emmanuel III of Italy assassination attempt","date":"1928-04-12","deaths":"14","injured":"40","perpetrator":null,"country":"Kingdom of Italy","group":"1920s","wikidata":"http://www.wikidata.org/entity/Q24935237"}},{"type":"Feature","geometry":{"type":"Point","coordinates":[7.49805,9.0282]},"properties":{"name":"2011 Abuja police headquarters bombing","date":"2011-06-16","deaths":"2","injured":null,"perpetrator":null,"country":"Nigeria","group":"2010s","wikidata":"http://www.wikidata.org/entity/Q4620253"}},{"type":"Feature","geometry":{"type":"Point","coordinates":[11.96111,11.74444]},"properties":{"name":"2011 Damaturu attacks","date":"2011-11-04","deaths":"100","injured":"500","perpetrator":"Boko Haram","country":"Nigeria","group":"2010s","wikidata":"http://www.wikidata.org/entity/Q4620875"}},{"type":"Feature","geometry":{"type":"Point","coordinates":[7.449,9.002]},"properties":{"name":"December 2010 Abuja attack","date":"2010-12-31","deaths":"4","injured":"26","perpetrator":"Boko Haram","country":"Nigeria","group":"2010s","wikidata":"http://www.wikidata.org/entity/Q5249000"}},{"type":"Feature","geometry":{"type":"Point","coordinates":[45.3429,15.4026]},"properties":{"name":"2007 Marib bombing","date":"2007-07-02","deaths":"10","injured":"5","perpetrator":null,"country":"Yemen","group":"2000s","wikidata":"http://www.wikidata.org/entity/Q4568586"}},{"type":"Feature","geometry":{"type":"Point","coordinates":[50.1925,26.32134]},"properties":{"name":"2004 Khobar massacre","date":"2004-05-30","deaths":"22","injured":"25","perpetrator":null,"country":"Saudi Arabia","group":"2000s","wikidata":"http://www.wikidata.org/entity/Q4118103"}},{"type":"Feature","geometry":{"type":"Point","coordinates":[50.20623,26.26109]},"properties":{"name":"Khobar Towers bombing","date":"1996-06-25","deaths":"19","injured":"498","perpetrator":"Hezbollah Al-Hejaz","country":"Saudi Arabia","group":"1990s","wikidata":"http://www.wikidata.org/entity/Q2869983"}},{"type":"Feature","geometry":{"type":"Point","coordinates":[10.74612,59.91521]},"properties":{"name":"Regjeringskvartalet bombing","date":"2011-07-22","deaths":"8","injured":"30","perpetrator":"Anders Behring Breivik","country":"Norway","group":"2010s","wikidata":"http://www.wikidata.org/entity/Q11961850"}},{"type":"Feature","geometry":{"type":"Point","coordinates":[7.9925,58.14778]},"properties":{"name":"Bombenanschlag am Fædrelandsvennen","date":"1972-02-27","deaths":null,"injured":null,"perpetrator":null,"country":"Norway","group":"1970s","wikidata":"http://www.wikidata.org/entity/Q11961852"}},{"type":"Feature","geometry":{"type":"Point","coordinates":[7.96089,61.27428]},"properties":{"name":"2013 Valdresekspressen hijacking","date":"2013-11-04","deaths":"3","injured":"1","perpetrator":null,"country":"Norway","group":"2010s","wikidata":"http://www.wikidata.org/entity/Q15131462"}},{"type":"Feature","geometry":{"type":"Point","coordinates":[96.14766,16.80254]},"properties":{"name":"Rangoon bombing","date":"1983-10-09","deaths":"21","injured":"46","perpetrator":null,"country":"Myanmar","group":"1980s","wikidata":"http://www.wikidata.org/entity/Q494418"}},{"type":"Feature","geometry":{"type":"Point","coordinates":[73.0871,33.7328]},"properties":{"name":"Islamabad Marriott Hotel bombing","date":"2008-09-20","deaths":"54","injured":"266","perpetrator":null,"country":"Pakistan","group":"2000s","wikidata":"http://www.wikidata.org/entity/Q891864"}},{"type":"Feature","geometry":{"type":"Point","coordinates":[74.446,31.5919]},"properties":{"name":"2009 Lahore police academy attacks","date":"2009-03-30","deaths":"14","injured":"95","perpetrator":null,"country":"Pakistan","group":"2000s","wikidata":"http://www.wikidata.org/entity/Q1037873"}},{"type":"Feature","geometry":{"type":"Point","coordinates":[70.96722,32.43111]},"properties":{"name":"2010 Lakki Marwat suicide bombing","date":"2010-01-01","deaths":"105","injured":"100","perpetrator":null,"country":"Pakistan","group":"2010s","wikidata":"http://www.wikidata.org/entity/Q1062375"}},{"type":"Feature","geometry":{"type":"Point","coordinates":[80.0167,7.0333]},"properties":{"name":"2008 Weliveriya bombing","date":"2008-04-06","deaths":"15","injured":"90","perpetrator":"Liberation Tigers of Tamil Eelam","country":"Sri Lanka","group":"2000s","wikidata":"http://www.wikidata.org/entity/Q4272272"}},{"type":"Feature","geometry":{"type":"Point","coordinates":[79.9186,6.88717]},"properties":{"name":"1987 grenade attack in the Sri Lankan Parliament","date":"1987-01-01","deaths":null,"injured":null,"perpetrator":null,"country":"Sri Lanka","group":"1980s","wikidata":"http://www.wikidata.org/entity/Q4584059"}},{"type":"Feature","geometry":{"type":"Point","coordinates":[80.64089,7.29375]},"properties":{"name":"1998 Temple of the Tooth attack","date":"1998-01-25","deaths":"17","injured":"25","perpetrator":null,"country":"Sri Lanka","group":"1990s","wikidata":"http://www.wikidata.org/entity/Q4594025"}},{"type":"Feature","geometry":{"type":"Point","coordinates":[36.27861,33.51417]},"properties":{"name":"18 July 2012 Damascus bombing","date":"2012-07-18","deaths":"4","injured":"4","perpetrator":null,"country":"Syria","group":"2010s","wikidata":"http://www.wikidata.org/entity/Q2869985"}},{"type":"Feature","geometry":{"type":"Point","coordinates":[35.03139,31.57167]},"properties":{"name":"2007 Nahal Telem attack","date":"2007-12-28","deaths":"3","injured":null,"perpetrator":null,"country":"Palestinian National Authority","group":"2000s","wikidata":"http://www.wikidata.org/entity/Q4608980"}},{"type":"Feature","geometry":{"type":"Point","coordinates":[54.95,24.85]},"properties":{"name":"Gulf Air Flight 771","date":"1983-09-23","deaths":"112","injured":"0","perpetrator":null,"country":"United Arab Emirates","group":"1980s","wikidata":"http://www.wikidata.org/entity/Q2335758"}},{"type":"Feature","geometry":{"type":"Point","coordinates":[35.15077,31.90105]},"properties":{"name":"Ein 'Arik checkpoint attack","date":"2002-02-19","deaths":"6","injured":"1","perpetrator":null,"country":"Occupied Palestinian territory","group":"2000s","wikidata":"http://www.wikidata.org/entity/Q5349573"}},{"type":"Feature","geometry":{"type":"Point","coordinates":[3.15307,42.2617]},"properties":{"name":"2001 Roses bombing","date":"2001-03-17","deaths":"1","injured":null,"perpetrator":null,"country":"Spain","group":"2000s","wikidata":"http://www.wikidata.org/entity/Q11907094"}},{"type":"Feature","geometry":{"type":"Point","coordinates":[-2.6818,42.59002]},"properties":{"name":"2003 Herrera attack","date":"2003-09-14","deaths":"1","injured":"2","perpetrator":null,"country":"Spain","group":"2000s","wikidata":"http://www.wikidata.org/entity/Q12252570"}},{"type":"Feature","geometry":{"type":"Point","coordinates":[-3.01214,43.3228]},"properties":{"name":"October 1978 Getxo attack","date":"1978-10-22","deaths":"3","injured":"1","perpetrator":"Euskadi Ta Askatasuna","country":"Spain","group":"1970s","wikidata":"http://www.wikidata.org/entity/Q16209950"}},{"type":"Feature","geometry":{"type":"Point","coordinates":[2.18168,41.38289]},"properties":{"name":"1896 Barcelona Corpus Christi procession bombing","date":"1896-06-07","deaths":"12","injured":"70","perpetrator":null,"country":"Spain","group":"1890s","wikidata":"http://www.wikidata.org/entity/Q16336122"}},{"type":"Feature","geometry":{"type":"Point","coordinates":[-3.68081,40.44053]},"properties":{"name":"1993 Madrid bombings","date":"1993-06-21","deaths":"7","injured":"29","perpetrator":"Euskadi Ta Askatasuna","country":"Spain","group":"1990s","wikidata":"http://www.wikidata.org/entity/Q16534051"}},{"type":"Feature","geometry":{"type":"Point","coordinates":[2.10259,41.55982]},"properties":{"name":"Sabadell bombing","date":"1990-12-08","deaths":"6","injured":"10","perpetrator":"Euskadi Ta Askatasuna","country":"Spain","group":"1990s","wikidata":"http://www.wikidata.org/entity/Q16821614"}},{"type":"Feature","geometry":{"type":"Point","coordinates":[-3.71167,40.41389]},"properties":{"name":"1992 Madrid bombing","date":"1992-02-06","deaths":"5","injured":"7","perpetrator":"Euskadi Ta Askatasuna","country":"Spain","group":"1990s","wikidata":"http://www.wikidata.org/entity/Q16931844"}},{"type":"Feature","geometry":{"type":"Point","coordinates":[1.18583,41.10028]},"properties":{"name":"Enpetrol attack","date":"1987-06-12","deaths":null,"injured":null,"perpetrator":null,"country":"Spain","group":"1980s","wikidata":"http://www.wikidata.org/entity/Q20102980"}},{"type":"Feature","geometry":{"type":"Point","coordinates":[120.98348,14.59815]},"properties":{"name":"Plaza Miranda bombing","date":"1971-08-21","deaths":"9","injured":"95","perpetrator":null,"country":"Philippines","group":"1970s","wikidata":"http://www.wikidata.org/entity/Q4354181"}},{"type":"Feature","geometry":{"type":"Point","coordinates":[7.5,9.05]},"properties":{"name":"2011 Abuja United Nations bombing","date":"2011-08-26","deaths":"23","injured":"73","perpetrator":null,"country":"Nigeria","group":"2010s","wikidata":"http://www.wikidata.org/entity/Q4110427"}},{"type":"Feature","geometry":{"type":"Point","coordinates":[10.85917,33.81389]},"properties":{"name":"Ghriba synagogue bombing","date":"2002-04-11","deaths":"19","injured":"30","perpetrator":"Niser bin Muhammad Nasr Nawar","country":"Tunisia","group":"2000s","wikidata":"http://www.wikidata.org/entity/Q2869975"}},{"type":"Feature","geometry":{"type":"Point","coordinates":[99.97559,8.05923]},"properties":{"name":"South Thailand insurgency","date":"2004-10-25","deaths":"7152","injured":null,"perpetrator":null,"country":"Thailand","group":"2000s","wikidata":"http://www.wikidata.org/entity/Q1094356"}},{"type":"Feature","geometry":{"type":"Point","coordinates":[45.35,2.03333]},"properties":{"name":"May 2010 Mogadishu bombings","date":"2010-05-01","deaths":"45","injured":"100","perpetrator":null,"country":"Somalia","group":"2010s","wikidata":"http://www.wikidata.org/entity/Q3402999"}},{"type":"Feature","geometry":{"type":"Point","coordinates":[37.62258,55.75723]},"properties":{"name":"1977 Moscow bombings","date":"1977-01-08","deaths":"7","injured":"37","perpetrator":null,"country":"Soviet Union","group":"1970s","wikidata":"http://www.wikidata.org/entity/Q1975512"}},{"type":"Feature","geometry":{"type":"Point","coordinates":[45.35,2.033]},"properties":{"name":"2009 African Union base bombings in Mogadishu","date":"2009-02-22","deaths":"32","injured":"55","perpetrator":null,"country":"Somalia","group":"2000s","wikidata":"http://www.wikidata.org/entity/Q4071946"}},{"type":"Feature","geometry":{"type":"Point","coordinates":[45.2,4.73333]},"properties":{"name":"2009 Beledweyne bombing","date":"2009-06-18","deaths":"35","injured":"307","perpetrator":"Al-Shabaab","country":"Somalia","group":"2000s","wikidata":"http://www.wikidata.org/entity/Q4456244"}},{"type":"Feature","geometry":{"type":"Point","coordinates":[127.023,37.50975]},"properties":{"name":"Nonhyeon-dong massacre","date":"2008-10-20","deaths":null,"injured":null,"perpetrator":null,"country":"South Korea","group":"2000s","wikidata":"http://www.wikidata.org/entity/Q623767"}},{"type":"Feature","geometry":{"type":"Point","coordinates":[35.22262,31.77437]},"properties":{"name":"King David Hotel bombing","date":"1946-07-22","deaths":"91","injured":"45","perpetrator":null,"country":"Mandatory Palestine","group":"1940s","wikidata":"http://www.wikidata.org/entity/Q1814446"}},{"type":"Feature","geometry":{"type":"Point","coordinates":[35.0519,32.7934]},"properties":{"name":"Haifa Oil Refinery massacre","date":"1947-12-30","deaths":"39","injured":"49","perpetrator":null,"country":"Mandatory Palestine","group":"1940s","wikidata":"http://www.wikidata.org/entity/Q2033909"}},{"type":"Feature","geometry":{"type":"Point","coordinates":[35.2081,31.7625]},"properties":{"name":"Semiramis Hotel bombing","date":"1948-01-05","deaths":"26","injured":null,"perpetrator":null,"country":"Mandatory Palestine","group":"1940s","wikidata":"http://www.wikidata.org/entity/Q2086153"}},{"type":"Feature","geometry":{"type":"Point","coordinates":[69.265,34.946]},"properties":{"name":"2007 Bagram Airfield bombing","date":"2007-02-27","deaths":"23","injured":null,"perpetrator":null,"country":"Afghanistan","group":"2000s","wikidata":"http://www.wikidata.org/entity/Q626522"}},{"type":"Feature","geometry":{"type":"Point","coordinates":[35.33011,32.08514]},"properties":{"name":"2011 Al-Nurayn Mosque attack","date":null,"deaths":null,"injured":null,"perpetrator":null,"country":"Palestine","group":"date not recorded","wikidata":"http://www.wikidata.org/entity/Q2378441"}},{"type":"Feature","geometry":{"type":"Point","coordinates":[35.5678,33.2156]},"properties":{"name":"Kiryat Shmona massacre","date":"1974-04-11","deaths":"21","injured":null,"perpetrator":"Popular Front for the Liberation of Palestine – General Command","country":"Palestine","group":"1970s","wikidata":"http://www.wikidata.org/entity/Q2705622"}},{"type":"Feature","geometry":{"type":"Point","coordinates":[37.69556,55.74222]},"properties":{"name":"Взрыв свитского поезда под Москвой (1879)","date":"1879-12-01","deaths":null,"injured":null,"perpetrator":null,"country":"Russian Empire","group":"1870s","wikidata":"http://www.wikidata.org/entity/Q4110419"}},{"type":"Feature","geometry":{"type":"Point","coordinates":[35.14692,32.15992]},"properties":{"name":"2002 Immanuel bus attack","date":"2002-07-16","deaths":"8","injured":"20","perpetrator":null,"country":"West Bank","group":"2000s","wikidata":"http://www.wikidata.org/entity/Q4600161"}},{"type":"Feature","geometry":{"type":"Point","coordinates":[29.64765,46.83805]},"properties":{"name":"2006 Tiraspol bombings","date":"2006-07-06","deaths":"10","injured":null,"perpetrator":null,"country":"Transnistria","group":"2000s","wikidata":"http://www.wikidata.org/entity/Q4110432"}},{"type":"Feature","geometry":{"type":"Point","coordinates":[12.28,-5.72]},"properties":{"name":"Togo national football team attack","date":"2010-01-08","deaths":"3","injured":"9","perpetrator":null,"country":"Angola","group":"2010s","wikidata":"http://www.wikidata.org/entity/Q472278"}},{"type":"Feature","geometry":{"type":"Point","coordinates":[-3.70417,40.4161]},"properties":{"name":"Cafetería Rolando bombing","date":"1974-09-13","deaths":"13","injured":"71","perpetrator":"Euskadi Ta Askatasuna","country":"Francoist Spain","group":"1970s","wikidata":"http://www.wikidata.org/entity/Q4543417"}},{"type":"Feature","geometry":{"type":"Point","coordinates":[7.21333,9.10444]},"properties":{"name":"December 2011 Nigeria bombings","date":"2011-12-25","deaths":"43","injured":"73","perpetrator":null,"country":"Nigeria","group":"2010s","wikidata":"http://www.wikidata.org/entity/Q569308"}},{"type":"Feature","geometry":{"type":"Point","coordinates":[7.43333,10.5167]},"properties":{"name":"April 2012 Kaduna bombings","date":"2012-04-08","deaths":"39","injured":null,"perpetrator":null,"country":"Nigeria","group":"2010s","wikidata":"http://www.wikidata.org/entity/Q1390522"}},{"type":"Feature","geometry":{"type":"Point","coordinates":[37.60637,55.76078]},"properties":{"name":"Explosion in Leontief Lane","date":"1919-09-25","deaths":"12","injured":"55","perpetrator":null,"country":"Russian Socialist Federative Soviet Republic","group":"1910s","wikidata":"http://www.wikidata.org/entity/Q4110390"}},{"type":"Feature","geometry":{"type":"Point","coordinates":[8.58345,50.02983]},"properties":{"name":"1985 Rhein-Main Air Base bombing","date":"1985-08-08","deaths":"2","injured":"23","perpetrator":null,"country":"West Germany","group":"1980s","wikidata":"http://www.wikidata.org/entity/Q2313673"}},{"type":"Feature","geometry":{"type":"Point","coordinates":[8.56342,49.89397]},"properties":{"name":"Weiterstadt prison bombing","date":"1993-03-27","deaths":"0","injured":"0","perpetrator":null,"country":"West Germany","group":"1990s","wikidata":"http://www.wikidata.org/entity/Q2313676"}},{"type":"Feature","geometry":{"type":"Point","coordinates":[32.58111,0.31361]},"properties":{"name":"July 2010 Kampala attacks","date":"2010-07-11","deaths":"74","injured":"71","perpetrator":"Al-Shabaab","country":"Uganda","group":"2010s","wikidata":"http://www.wikidata.org/entity/Q1709493"}},{"type":"Feature","geometry":{"type":"Point","coordinates":[-119.859,34.412]},"properties":{"name":"2014 Isla Vista killings","date":"2014-05-23","deaths":"7","injured":"14","perpetrator":"Elliot Rodger","country":"United States","group":"2010s","wikidata":"http://www.wikidata.org/entity/Q16938335"}},{"type":"Feature","geometry":{"type":"Point","coordinates":[-96.64,32.96]},"properties":{"name":"Curtis Culwell Center attack","date":"2015-05-03","deaths":"2","injured":"1","perpetrator":null,"country":"United States","group":"2010s","wikidata":"http://www.wikidata.org/entity/Q19858399"}},{"type":"Feature","geometry":{"type":"Point","coordinates":[-96.7945,32.768]},"properties":{"name":"2015 attack on Dallas police","date":"2015-06-13","deaths":"1","injured":"0","perpetrator":null,"country":"United States","group":"2010s","wikidata":"http://www.wikidata.org/entity/Q20087305"}},{"type":"Feature","geometry":{"type":"Point","coordinates":[-7.60664,33.57846]},"properties":{"name":"2003 Casablanca bombing","date":"2003-05-16","deaths":"45","injured":"100","perpetrator":null,"country":"Morocco","group":"2000s","wikidata":"http://www.wikidata.org/entity/Q569394"}},{"type":"Feature","geometry":{"type":"Point","coordinates":[-7.98903,31.62653]},"properties":{"name":"2011 Marrakech bombing","date":"2011-04-28","deaths":"17","injured":"25","perpetrator":"al-Qaeda in the Islamic Maghreb","country":"Morocco","group":"2010s","wikidata":"http://www.wikidata.org/entity/Q1586661"}},{"type":"Feature","geometry":{"type":"Point","coordinates":[45.35,2.03333]},"properties":{"name":"2011 Mogadishu bombing","date":"2011-10-04","deaths":"100","injured":null,"perpetrator":null,"country":"Somalia","group":"2010s","wikidata":"http://www.wikidata.org/entity/Q770498"}},{"type":"Feature","geometry":{"type":"Point","coordinates":[-0.10716,51.52448]},"properties":{"name":"Clerkenwell explosion","date":null,"deaths":"12","injured":"120","perpetrator":null,"country":"United Kingdom of Great Britain and Ireland","group":"date not recorded","wikidata":"http://www.wikidata.org/entity/Q891870"}},{"type":"Feature","geometry":{"type":"Point","coordinates":[18.42886,43.85792]},"properties":{"name":"assassination of Archduke Franz Ferdinand","date":"1914-06-28","deaths":"2","injured":"20","perpetrator":"Gavrilo Princip","country":"Austria–Hungary","group":"1910s","wikidata":"http://www.wikidata.org/entity/Q192050"}},{"type":"Feature","geometry":{"type":"Point","coordinates":[14.33697,50.8113]},"properties":{"name":"JAT Flight 367","date":"1972-01-26","deaths":"27","injured":"1","perpetrator":null,"country":"Czechoslovakia","group":"1970s","wikidata":"http://www.wikidata.org/entity/Q1262739"}},{"type":"Feature","geometry":{"type":"Point","coordinates":[11.54919,48.17969]},"properties":{"name":"Munich massacre","date":"1972-09-01","deaths":"5","injured":null,"perpetrator":null,"country":"West Germany","group":"1970s","wikidata":"http://www.wikidata.org/entity/Q229007"}},{"type":"Feature","geometry":{"type":"Point","coordinates":[11.55,48.13583]},"properties":{"name":"Oktoberfest terror attack","date":"1980-09-26","deaths":"13","injured":"211","perpetrator":"Gundolf Köhler","country":"West Germany","group":"1980s","wikidata":"http://www.wikidata.org/entity/Q464048"}},{"type":"Feature","geometry":{"type":"Point","coordinates":[12.59092,55.67125]},"properties":{"name":"1992 Copenhagen bombing","date":"1992-03-16","deaths":"1","injured":null,"perpetrator":null,"country":"Denmark","group":"1990s","wikidata":"http://www.wikidata.org/entity/Q12338329"}},{"type":"Feature","geometry":{"type":"Point","coordinates":[12.5616,55.6756]},"properties":{"name":"1985 Copenhagen bombings by Hezbollah","date":"1985-07-22","deaths":"1","injured":"29","perpetrator":null,"country":"Denmark","group":"1980s","wikidata":"http://www.wikidata.org/entity/Q12338932"}},{"type":"Feature","geometry":{"type":"Point","coordinates":[14.25139,40.84361]},"properties":{"name":"1943 Naples post-office bombing","date":"1943-01-01","deaths":null,"injured":null,"perpetrator":null,"country":"Italy","group":"1940s","wikidata":"http://www.wikidata.org/entity/Q15265167"}},{"type":"Feature","geometry":{"type":"Point","coordinates":[12.44139,41.93791]},"properties":{"name":"ambush of via Fani","date":"1978-03-16","deaths":"5","injured":"http://www.wikidata.org/.well-known/genid/5ae7631d9c065ec2ff66e1c59670836c","perpetrator":"Mario Moretti","country":"Italy","group":"1970s","wikidata":"http://www.wikidata.org/entity/Q16162733"}},{"type":"Feature","geometry":{"type":"Point","coordinates":[11.49139,46.99694]},"properties":{"name":"Malga Sasso barracks bombing","date":"1966-09-09","deaths":null,"injured":null,"perpetrator":null,"country":"Italy","group":"1960s","wikidata":"http://www.wikidata.org/entity/Q16610818"}},{"type":"Feature","geometry":{"type":"Point","coordinates":[123.40333,41.80889]},"properties":{"name":"Huanggutun Incident","date":"1928-06-04","deaths":"20","injured":"53","perpetrator":"Daisaku Kōmoto","country":"Republic of China","group":"1920s","wikidata":"http://www.wikidata.org/entity/Q699461"}},{"type":"Feature","geometry":{"type":"Point","coordinates":[24.87616,54.76257]},"properties":{"name":"Bražuolė bridge bombing","date":"1994-11-06","deaths":"0","injured":null,"perpetrator":null,"country":"Lithuania","group":"1990s","wikidata":"http://www.wikidata.org/entity/Q12651335"}},{"type":"Feature","geometry":{"type":"Point","coordinates":[12.47694,41.89528]},"properties":{"name":"assassination of Julius Caesar","date":"-0043-03-1","deaths":"1","injured":null,"perpetrator":null,"country":"Ancient Rome","group":"-50s","wikidata":"http://www.wikidata.org/entity/Q1025466"}},{"type":"Feature","geometry":{"type":"Point","coordinates":[36.5672,36.2692]},"properties":{"name":"2013 Reyhanlı bombings","date":"2013-05-11","deaths":"52","injured":"140","perpetrator":"Syrian intelligence services","country":"Turkey","group":"2010s","wikidata":"http://www.wikidata.org/entity/Q13107359"}},{"type":"Feature","geometry":{"type":"Point","coordinates":[28.97242,41.02669]},"properties":{"name":"Neve Shalom Synagogue massacre","date":"1986-09-06","deaths":"23","injured":"10","perpetrator":null,"country":"Turkey","group":"1980s","wikidata":"http://www.wikidata.org/entity/Q20502634"}},{"type":"Feature","geometry":{"type":"Point","coordinates":[34.89652,29.49315]},"properties":{"name":"2014 Taba bus bombing","date":"2014-02-16","deaths":"4","injured":"17","perpetrator":null,"country":"Egypt","group":"2010s","wikidata":"http://www.wikidata.org/entity/Q15732416"}},{"type":"Feature","geometry":{"type":"Point","coordinates":[36.80328,-1.2568]},"properties":{"name":"Westgate shopping mall shooting","date":"2013-09-01","deaths":"67","injured":"175","perpetrator":null,"country":"Kenya","group":"2010s","wikidata":"http://www.wikidata.org/entity/Q14941568"}},{"type":"Feature","geometry":{"type":"Point","coordinates":[39.66139,-0.45139]},"properties":{"name":"Garissa University College attack","date":"2015-04-02","deaths":"148","injured":"79","perpetrator":null,"country":"Kenya","group":"2010s","wikidata":"http://www.wikidata.org/entity/Q19750438"}},{"type":"Feature","geometry":{"type":"Point","coordinates":[4.83577,45.76255]},"properties":{"name":"assassination of Sadi Carnot","date":"1894-06-24","deaths":"1","injured":null,"perpetrator":"Sante Geronimo Caserio","country":"France","group":"1890s","wikidata":"http://www.wikidata.org/entity/Q18213987"}},{"type":"Feature","geometry":{"type":"Point","coordinates":[-1.68003,48.1114]},"properties":{"name":"attack of 7 August 1932 in Rennes","date":"1932-08-07","deaths":null,"injured":"0","perpetrator":null,"country":"France","group":"1930s","wikidata":"http://www.wikidata.org/entity/Q18288822"}},{"type":"Feature","geometry":{"type":"Point","coordinates":[2.37028,48.85917]},"properties":{"name":"Charlie Hebdo shooting","date":"2015-01-07","deaths":"12","injured":"11","perpetrator":"Saïd Kouachi","country":"France","group":"2010s","wikidata":"http://www.wikidata.org/entity/Q18718876"}},{"type":"Feature","geometry":{"type":"Point","coordinates":[4.56404,48.7293]},"properties":{"name":"1961 Vitry-Le-François train bombing","date":"1961-06-18","deaths":"24","injured":"132","perpetrator":null,"country":"France","group":"1960s","wikidata":"http://www.wikidata.org/entity/Q18720652"}},{"type":"Feature","geometry":{"type":"Point","coordinates":[2.4155,48.84711]},"properties":{"name":"Porte de Vincennes siege","date":"2015-01-09","deaths":"5","injured":"9","perpetrator":"Amedy Coulibaly","country":"France","group":"2010s","wikidata":"http://www.wikidata.org/entity/Q18748071"}},{"type":"Feature","geometry":{"type":"Point","coordinates":[5.125,45.6428]},"properties":{"name":"Saint-Quentin-Fallavier attack","date":"2015-06-26","deaths":"1","injured":"2","perpetrator":"Yassine Salhi","country":"France","group":"2010s","wikidata":"http://www.wikidata.org/entity/Q20280018"}},{"type":"Feature","geometry":{"type":"Point","coordinates":[-6.3351,54.1797]},"properties":{"name":"Newry car bombing","date":"2010-02-22","deaths":"0","injured":"0","perpetrator":null,"country":"United Kingdom","group":"2010s","wikidata":"http://www.wikidata.org/entity/Q15262188"}},{"type":"Feature","geometry":{"type":"Point","coordinates":[-0.12442,51.48733]},"properties":{"name":"2000 MI6 attack","date":null,"deaths":null,"injured":null,"perpetrator":null,"country":"United Kingdom","group":"date not recorded","wikidata":"http://www.wikidata.org/entity/Q16969997"}},{"type":"Feature","geometry":{"type":"Point","coordinates":[102.72083,25.0175]},"properties":{"name":"2014 Kunming attack","date":"2014-03-01","deaths":"31","injured":"143","perpetrator":null,"country":"People's Republic of China","group":"2010s","wikidata":"http://www.wikidata.org/entity/Q15856657"}},{"type":"Feature","geometry":{"type":"Point","coordinates":[113.31017,23.0942]},"properties":{"name":"7·15广州公交纵火事件","date":"2014-07-15","deaths":"2","injured":"32","perpetrator":null,"country":"People's Republic of China","group":"2010s","wikidata":"http://www.wikidata.org/entity/Q17499977"}},{"type":"Feature","geometry":{"type":"Point","coordinates":[44.4699,48.534]},"properties":{"name":"October 2013 Volgograd bus bombing","date":"2013-10-21","deaths":"8","injured":"36","perpetrator":null,"country":"Russia","group":"2010s","wikidata":"http://www.wikidata.org/entity/Q15088781"}},{"type":"Feature","geometry":{"type":"Point","coordinates":[44.5135,48.7125]},"properties":{"name":"December 2013 Volgograd bombings","date":"2013-12-30","deaths":"34","injured":"85","perpetrator":null,"country":"Russia","group":"2010s","wikidata":"http://www.wikidata.org/entity/Q15456623"}},{"type":"Feature","geometry":{"type":"Point","coordinates":[42.79,43.98]},"properties":{"name":"Взрыв в поезде «Кисловодск—Минеральные Воды»","date":"2003-09-03","deaths":"7","injured":"80","perpetrator":null,"country":"Russia","group":"2000s","wikidata":"http://www.wikidata.org/entity/Q16630131"}},{"type":"Feature","geometry":{"type":"Point","coordinates":[17.8022,43.3478]},"properties":{"name":"1997 Mostar car bombing","date":"1997-09-18","deaths":null,"injured":"29","perpetrator":null,"country":"Bosnia and Herzegovina","group":"1990s","wikidata":"http://www.wikidata.org/entity/Q19839228"}},{"type":"Feature","geometry":{"type":"Point","coordinates":[19.1023,44.37971]},"properties":{"name":"2015 Zvornik police station shooting","date":"2015-04-27","deaths":null,"injured":"2","perpetrator":null,"country":"Bosnia and Herzegovina","group":"2010s","wikidata":"http://www.wikidata.org/entity/Q19841945"}},{"type":"Feature","geometry":{"type":"Point","coordinates":[100.36224,-0.9548]},"properties":{"name":"Q12476869","date":null,"deaths":null,"injured":null,"perpetrator":null,"country":"Indonesia","group":"date not recorded","wikidata":"http://www.wikidata.org/entity/Q12476869"}},{"type":"Feature","geometry":{"type":"Point","coordinates":[106.7784,-6.1779]},"properties":{"name":"2013 Ekayana Monastery bombing","date":"2013-08-04","deaths":"0","injured":"3","perpetrator":null,"country":"Indonesia","group":"2010s","wikidata":"http://www.wikidata.org/entity/Q18711518"}},{"type":"Feature","geometry":{"type":"Point","coordinates":[-70.5846,-33.4143]},"properties":{"name":"2014 Santiago subway bombing","date":"2014-01-01","deaths":"0","injured":"14","perpetrator":null,"country":"Chile","group":"2010s","wikidata":"http://www.wikidata.org/entity/Q18161088"}},{"type":"Feature","geometry":{"type":"Point","coordinates":[145.262,-37.9759]},"properties":{"name":"2014 Endeavour Hills stabbings","date":"2014-09-23","deaths":"1","injured":"2","perpetrator":null,"country":"Australia","group":"2010s","wikidata":"http://www.wikidata.org/entity/Q18160918"}},{"type":"Feature","geometry":{"type":"Point","coordinates":[81.86,18.85]},"properties":{"name":"2013 Naxal attack in Darbha valley","date":"2013-05-25","deaths":"28","injured":"32","perpetrator":null,"country":"India","group":"2010s","wikidata":"http://www.wikidata.org/entity/Q13402557"}},{"type":"Feature","geometry":{"type":"Point","coordinates":[85.16752,25.60799]},"properties":{"name":"2013 Patna bombings","date":"2013-10-27","deaths":"6","injured":"85","perpetrator":null,"country":"India","group":"2010s","wikidata":"http://www.wikidata.org/entity/Q15105641"}},{"type":"Feature","geometry":{"type":"Point","coordinates":[42.4606,36.3742]},"properties":{"name":"2009 Tal Afar bombing","date":"2009-07-09","deaths":"34","injured":null,"perpetrator":null,"country":"Iraq","group":"2000s","wikidata":"http://www.wikidata.org/entity/Q12504626"}},{"type":"Feature","geometry":{"type":"Point","coordinates":[44.41025,33.32931]},"properties":{"name":"22 January 2007 Baghdad bombings","date":"2007-01-22","deaths":"88","injured":"160","perpetrator":null,"country":"Iraq","group":"2000s","wikidata":"http://www.wikidata.org/entity/Q14954807"}},{"type":"Feature","geometry":{"type":"Point","coordinates":[44.39694,33.24972]},"properties":{"name":"2013 Iraq Christmas Day bombings","date":"2013-12-25","deaths":"38","injured":"70","perpetrator":null,"country":"Iraq","group":"2010s","wikidata":"http://www.wikidata.org/entity/Q16820945"}},{"type":"Feature","geometry":{"type":"Point","coordinates":[35.12332,32.56858]},"properties":{"name":"Night of the Pitchforks","date":"1992-02-14","deaths":null,"injured":null,"perpetrator":null,"country":"Israel","group":"1990s","wikidata":"http://www.wikidata.org/entity/Q12408684"}},{"type":"Feature","geometry":{"type":"Point","coordinates":[35.12007,32.5144]},"properties":{"name":"Q12410552","date":"2001-03-01","deaths":"1","injured":"9","perpetrator":null,"country":"Israel","group":"2000s","wikidata":"http://www.wikidata.org/entity/Q12410552"}},{"type":"Feature","geometry":{"type":"Point","coordinates":[35.10701,31.52374]},"properties":{"name":"murder of Shalhevet Pass","date":"2001-03-26","deaths":"1","injured":"1","perpetrator":null,"country":"Israel","group":"2000s","wikidata":"http://www.wikidata.org/entity/Q12411459"}},{"type":"Feature","geometry":{"type":"Point","coordinates":[35.225,31.77889]},"properties":{"name":"Jerusalem BMW attack","date":"2008-09-22","deaths":null,"injured":"19","perpetrator":null,"country":"Israel","group":"2000s","wikidata":"http://www.wikidata.org/entity/Q15229522"}},{"type":"Feature","geometry":{"type":"Point","coordinates":[35.21314,31.78386]},"properties":{"name":"1968 Mahane Yehuda Market Bombing","date":"1968-11-22","deaths":"12","injured":"5","perpetrator":null,"country":"Israel","group":"1960s","wikidata":"http://www.wikidata.org/entity/Q16129631"}},{"type":"Feature","geometry":{"type":"Point","coordinates":[34.75453,32.02195]},"properties":{"name":"2013 Bat Yam bus bombing","date":"2013-01-01","deaths":"0","injured":"0","perpetrator":null,"country":"Israel","group":"2010s","wikidata":"http://www.wikidata.org/entity/Q16147139"}},{"type":"Feature","geometry":{"type":"Point","coordinates":[34.84181,32.16706]},"properties":{"name":"2002 Herzliya shawarma restaurant bombing","date":"2002-06-11","deaths":"2","injured":"15","perpetrator":null,"country":"Israel","group":"2000s","wikidata":"http://www.wikidata.org/entity/Q16820825"}},{"type":"Feature","geometry":{"type":"Point","coordinates":[35.21683,31.78198]},"properties":{"name":"King George Street bombing","date":"2002-03-21","deaths":"3","injured":null,"perpetrator":null,"country":"Israel","group":"2000s","wikidata":"http://www.wikidata.org/entity/Q16821023"}},{"type":"Feature","geometry":{"type":"Point","coordinates":[35.22542,31.78973]},"properties":{"name":"2014 Jerusalem tractor attack","date":"2014-08-04","deaths":"2","injured":"5","perpetrator":null,"country":"Israel","group":"2010s","wikidata":"http://www.wikidata.org/entity/Q17485722"}},{"type":"Feature","geometry":{"type":"Point","coordinates":[35.23258,31.79912]},"properties":{"name":"2014 Jerusalem Light Rail vehicular attack","date":"2014-10-22","deaths":"2","injured":"7","perpetrator":null,"country":"Israel","group":"2010s","wikidata":"http://www.wikidata.org/entity/Q18347724"}},{"type":"Feature","geometry":{"type":"Point","coordinates":[35.22632,31.79327]},"properties":{"name":"November 2014 Jerusalem vehicular attack","date":"2014-11-05","deaths":"4","injured":"13","perpetrator":null,"country":"Israel","group":"2010s","wikidata":"http://www.wikidata.org/entity/Q18508768"}},{"type":"Feature","geometry":{"type":"Point","coordinates":[35.17528,31.78589]},"properties":{"name":"2014 Jerusalem synagogue attack","date":"2014-11-18","deaths":"6","injured":"7","perpetrator":null,"country":"Israel","group":"2010s","wikidata":"http://www.wikidata.org/entity/Q18551886"}},{"type":"Feature","geometry":{"type":"Point","coordinates":[34.78458,32.05417]},"properties":{"name":"Killing of Sergeant Almog Shiloni","date":"2014-11-10","deaths":null,"injured":null,"perpetrator":null,"country":"Israel","group":"2010s","wikidata":"http://www.wikidata.org/entity/Q18711595"}},{"type":"Feature","geometry":{"type":"Point","coordinates":[35.1829,31.76836]},"properties":{"name":"Q20502144","date":"1978-06-02","deaths":"6","injured":"19","perpetrator":null,"country":"Israel","group":"1970s","wikidata":"http://www.wikidata.org/entity/Q20502144"}},{"type":"Feature","geometry":{"type":"Point","coordinates":[44.2131,15.3491]},"properties":{"name":"2013 Sana'a attack","date":"2013-12-05","deaths":"56","injured":"200","perpetrator":"Al-Qaeda in the Arabian Peninsula","country":"Yemen","group":"2010s","wikidata":"http://www.wikidata.org/entity/Q15281242"}},{"type":"Feature","geometry":{"type":"Point","coordinates":[44.1785,15.3422]},"properties":{"name":"2015 Sana'a mosque bombings","date":"2015-03-20","deaths":"137","injured":"351","perpetrator":null,"country":"Yemen","group":"2010s","wikidata":"http://www.wikidata.org/entity/Q19637227"}},{"type":"Feature","geometry":{"type":"Point","coordinates":[47.97647,29.3766]},"properties":{"name":"Kuwait mosque bombing","date":"2015-06-26","deaths":"27","injured":"227","perpetrator":null,"country":"Kuwait","group":"2010s","wikidata":"http://www.wikidata.org/entity/Q20281004"}},{"type":"Feature","geometry":{"type":"Point","coordinates":[35.48944,33.85611]},"properties":{"name":"2013 Iranian embassy bombing","date":"2013-11-19","deaths":"23","injured":"160","perpetrator":null,"country":"Lebanon","group":"2010s","wikidata":"http://www.wikidata.org/entity/Q15211039"}},{"type":"Feature","geometry":{"type":"Point","coordinates":[35.52133,33.84847]},"properties":{"name":"August 2013 Beirut bombing","date":"2013-08-15","deaths":"27","injured":"226","perpetrator":null,"country":"Lebanon","group":"2010s","wikidata":"http://www.wikidata.org/entity/Q15727158"}},{"type":"Feature","geometry":{"type":"Point","coordinates":[35.85,34.43333]},"properties":{"name":"2015 Jabal Mohsen suicide attacks","date":"2015-01-10","deaths":"9","injured":null,"perpetrator":null,"country":"Lebanon","group":"2010s","wikidata":"http://www.wikidata.org/entity/Q18758265"}},{"type":"Feature","geometry":{"type":"Point","coordinates":[67.7292,30.3807]},"properties":{"name":"2013 Quaid-e-Azam Residency attack","date":"2013-06-15","deaths":null,"injured":null,"perpetrator":null,"country":"Pakistan","group":"2010s","wikidata":"http://www.wikidata.org/entity/Q13471645"}},{"type":"Feature","geometry":{"type":"Point","coordinates":[71.57119,34.00533]},"properties":{"name":"Peshawar church bombing","date":"2013-09-22","deaths":"127","injured":"250","perpetrator":null,"country":"Pakistan","group":"2010s","wikidata":"http://www.wikidata.org/entity/Q14941833"}},{"type":"Feature","geometry":{"type":"Point","coordinates":[67.01655,24.86258]},"properties":{"name":"1987 Karachi car bombing","date":"1987-07-14","deaths":"72","injured":"250","perpetrator":null,"country":"Pakistan","group":"1980s","wikidata":"http://www.wikidata.org/entity/Q20050638"}},{"type":"Feature","geometry":{"type":"Point","coordinates":[37.13472,36.19944]},"properties":{"name":"September 2012 Aleppo bombing","date":"2012-09-09","deaths":"32","injured":"64","perpetrator":null,"country":"Syria","group":"2010s","wikidata":"http://www.wikidata.org/entity/Q15276207"}},{"type":"Feature","geometry":{"type":"Point","coordinates":[36.29833,33.51222]},"properties":{"name":"February 2013 Damascus bombings","date":"2013-02-21","deaths":"83","injured":null,"perpetrator":null,"country":"Syria","group":"2010s","wikidata":"http://www.wikidata.org/entity/Q16820635"}},{"type":"Feature","geometry":{"type":"Point","coordinates":[121.47694,25.035]},"properties":{"name":"Taipei Metro massacre","date":"2014-05-21","deaths":"4","injured":"24","perpetrator":"Cheng Chieh","country":"Taiwan","group":"2010s","wikidata":"http://www.wikidata.org/entity/Q16915197"}},{"type":"Feature","geometry":{"type":"Point","coordinates":[69.1667,34.5333]},"properties":{"name":"2013 Afghan presidential palace attack","date":"2013-06-25","deaths":"11","injured":null,"perpetrator":null,"country":"Afghanistan","group":"2010s","wikidata":"http://www.wikidata.org/entity/Q14759285"}},{"type":"Feature","geometry":{"type":"Point","coordinates":[124.953,7.90691]},"properties":{"name":"2014 Bukidnon bus bombing","date":"2014-12-09","deaths":"11","injured":"43","perpetrator":null,"country":"Philippines","group":"2010s","wikidata":"http://www.wikidata.org/entity/Q18711635"}},{"type":"Feature","geometry":{"type":"Point","coordinates":[22.15,32.46]},"properties":{"name":"Al Qubbah bombings","date":"2015-02-20","deaths":"40","injured":null,"perpetrator":null,"country":"Libya","group":"2010s","wikidata":"http://www.wikidata.org/entity/Q19370692"}},{"type":"Feature","geometry":{"type":"Point","coordinates":[13.1708,32.8969]},"properties":{"name":"2015 Corinthia Hotel attack","date":"2015-01-27","deaths":"10","injured":"5","perpetrator":"Islamic State","country":"Libya","group":"2010s","wikidata":"http://www.wikidata.org/entity/Q19429008"}},{"type":"Feature","geometry":{"type":"Point","coordinates":[-6.0,32.0]},"properties":{"name":"Ali Aarrass affair","date":"2011-01-01","deaths":null,"injured":null,"perpetrator":null,"country":"Morocco","group":"2010s","wikidata":"http://www.wikidata.org/entity/Q16147936"}},{"type":"Feature","geometry":{"type":"Point","coordinates":[11.18111,11.68917]},"properties":{"name":"Yobe State school shooting","date":"2013-07-06","deaths":"42","injured":"6","perpetrator":"Boko Haram","country":"Nigeria","group":"2010s","wikidata":"http://www.wikidata.org/entity/Q13634281"}},{"type":"Feature","geometry":{"type":"Point","coordinates":[7.5,9.05]},"properties":{"name":"April 2014 Abuja bombing","date":"2014-04-14","deaths":"75","injured":"124","perpetrator":null,"country":"Nigeria","group":"2010s","wikidata":"http://www.wikidata.org/entity/Q16334391"}},{"type":"Feature","geometry":{"type":"Point","coordinates":[7.5,9.05]},"properties":{"name":"May 2014 Abuja bombing","date":"2014-05-01","deaths":"19","injured":"80","perpetrator":null,"country":"Nigeria","group":"2010s","wikidata":"http://www.wikidata.org/entity/Q16760597"}},{"type":"Feature","geometry":{"type":"Point","coordinates":[8.51667,12.0]},"properties":{"name":"2013 Kano Bus bombing","date":"2013-03-18","deaths":"41","injured":"65","perpetrator":null,"country":"Nigeria","group":"2010s","wikidata":"http://www.wikidata.org/entity/Q16821013"}},{"type":"Feature","geometry":{"type":"Point","coordinates":[8.88333,9.93333]},"properties":{"name":"May 2014 Nigeria bombings","date":"2014-05-20","deaths":"118","injured":"56","perpetrator":null,"country":"Nigeria","group":"2010s","wikidata":"http://www.wikidata.org/entity/Q16914854"}},{"type":"Feature","geometry":{"type":"Point","coordinates":[13.26667,10.26667]},"properties":{"name":"2014 Mubi bombing","date":"2014-06-01","deaths":"40","injured":"19","perpetrator":null,"country":"Nigeria","group":"2010s","wikidata":"http://www.wikidata.org/entity/Q17126001"}},{"type":"Feature","geometry":{"type":"Point","coordinates":[11.06972,11.71194]},"properties":{"name":"2014 Yobe State attacks","date":"2014-11-10","deaths":"47","injured":"79","perpetrator":null,"country":"Nigeria","group":"2010s","wikidata":"http://www.wikidata.org/entity/Q18532727"}},{"type":"Feature","geometry":{"type":"Point","coordinates":[13.15,11.83333]},"properties":{"name":"2015 Maiduguri suicide bombing","date":"2015-03-07","deaths":"58","injured":"139","perpetrator":null,"country":"Nigeria","group":"2010s","wikidata":"http://www.wikidata.org/entity/Q19481884"}},{"type":"Feature","geometry":{"type":"Point","coordinates":[71.75778,40.90083]},"properties":{"name":"Fergana massacre","date":"1989-06-03","deaths":"100","injured":null,"perpetrator":null,"country":"Soviet Union","group":"1980s","wikidata":"http://www.wikidata.org/entity/Q16711548"}},{"type":"Feature","geometry":{"type":"Point","coordinates":[15.0652,51.0209]},"properties":{"name":"Q15632934","date":"1938-09-21","deaths":"3","injured":null,"perpetrator":null,"country":"Czechoslovakia","group":"1930s","wikidata":"http://www.wikidata.org/entity/Q15632934"}},{"type":"Feature","geometry":{"type":"Point","coordinates":[31.04078,-17.83592]},"properties":{"name":"Woolworths bombing","date":"1977-08-06","deaths":"11","injured":"76","perpetrator":null,"country":"Rhodesia","group":"1970s","wikidata":"http://www.wikidata.org/entity/Q17058664"}},{"type":"Feature","geometry":{"type":"Point","coordinates":[35.23591,31.77624]},"properties":{"name":"Al-Aqsa Mosque fire","date":"1969-08-21","deaths":null,"injured":null,"perpetrator":"Denis Michael Rohan","country":"Palestine","group":"1960s","wikidata":"http://www.wikidata.org/entity/Q12406927"}},{"type":"Feature","geometry":{"type":"Point","coordinates":[35.12228,31.65472]},"properties":{"name":"2014 kidnapping of Israeli teens","date":"2014-06-12","deaths":"3","injured":null,"perpetrator":null,"country":"Occupied Palestinian territory","group":"2010s","wikidata":"http://www.wikidata.org/entity/Q17195247"}},{"type":"Feature","geometry":{"type":"Point","coordinates":[2.17361,41.38028]},"properties":{"name":"Liceu bombing","date":"1893-11-07","deaths":"22","injured":null,"perpetrator":"Santiago Salvador Franch","country":"Spain under the Restoration","group":"1890s","wikidata":"http://www.wikidata.org/entity/Q11909584"}},{"type":"Feature","geometry":{"type":"Point","coordinates":[-2.91422,43.25881]},"properties":{"name":"Begoña Bombing","date":"1942-08-16","deaths":"0","injured":"70","perpetrator":"Juan José Domínguez Muñoz","country":"Francoist Spain","group":"1940s","wikidata":"http://www.wikidata.org/entity/Q17364202"}},{"type":"Feature","geometry":{"type":"Point","coordinates":[2.13,41.36]},"properties":{"name":"attempted assassination of Arsenio Martínez Campos","date":"1893-09-24","deaths":null,"injured":"16","perpetrator":null,"country":"Spain under the Restoration","group":"1890s","wikidata":"http://www.wikidata.org/entity/Q17621945"}},{"type":"Feature","geometry":{"type":"Point","coordinates":[-79.6,43.7]},"properties":{"name":"Litton Industries bombing","date":"1982-10-14","deaths":"0","injured":"11","perpetrator":null,"country":"Canada","group":"1980s","wikidata":"http://www.wikidata.org/entity/Q6653219"}},{"type":"Feature","geometry":{"type":"Point","coordinates":[139.76278,35.67972]},"properties":{"name":"1974 Mitsubishi heavy industries explosion incident","date":"1974-08-30","deaths":"8","injured":"376","perpetrator":"Satoshi Kirishima","country":"Japan","group":"1970s","wikidata":"http://www.wikidata.org/entity/Q7362078"}},{"type":"Feature","geometry":{"type":"Point","coordinates":[140.375,35.7475]},"properties":{"name":"October 20 Narita Local Struggle","date":"1985-10-20","deaths":null,"injured":null,"perpetrator":null,"country":"Japan","group":"1980s","wikidata":"http://www.wikidata.org/entity/Q11185010"}},{"type":"Feature","geometry":{"type":"Point","coordinates":[140.38556,35.76528]},"properties":{"name":"Sanrizuka Struggle","date":"1966-01-01","deaths":null,"injured":null,"perpetrator":null,"country":"Japan","group":"1960s","wikidata":"http://www.wikidata.org/entity/Q11357636"}},{"type":"Feature","geometry":{"type":"Point","coordinates":[140.27694,35.74806]},"properties":{"name":"Keisei Skyliner arson fire","date":"1978-05-05","deaths":null,"injured":null,"perpetrator":"Japan Revolutionary Communist League, National Committee","country":"Japan","group":"1970s","wikidata":"http://www.wikidata.org/entity/Q11374358"}},{"type":"Feature","geometry":{"type":"Point","coordinates":[135.51752,34.68681]},"properties":{"name":"Q11441526","date":"1984-09-02","deaths":"0","injured":"0","perpetrator":null,"country":"Japan","group":"1980s","wikidata":"http://www.wikidata.org/entity/Q11441526"}},{"type":"Feature","geometry":{"type":"Point","coordinates":[135.08253,34.63369]},"properties":{"name":"山陽電鐵爆炸事件","date":"1967-06-18","deaths":null,"injured":null,"perpetrator":null,"country":"Japan","group":"1960s","wikidata":"http://www.wikidata.org/entity/Q11471202"}},{"type":"Feature","geometry":{"type":"Point","coordinates":[140.3865,35.76917]},"properties":{"name":"Extremists' Attack on Narita Airport Control Tower","date":"1978-03-26","deaths":"1","injured":null,"perpetrator":null,"country":"Japan","group":"1970s","wikidata":"http://www.wikidata.org/entity/Q11495715"}},{"type":"Feature","geometry":{"type":"Point","coordinates":[140.06285,35.8966]},"properties":{"name":"取手站無差別攻擊事件","date":"2010-12-17","deaths":null,"injured":null,"perpetrator":null,"country":"Japan","group":"2010s","wikidata":"http://www.wikidata.org/entity/Q5950758"}},{"type":"Feature","geometry":{"type":"Point","coordinates":[19.05129,47.49474]},"properties":{"name":"Bombenanschlag in der Aranykéz-Straße, Budapests 5. Bezirk","date":"1998-07-02","deaths":null,"injured":null,"perpetrator":null,"country":"Hungary","group":"1990s","wikidata":"http://www.wikidata.org/entity/Q6324080"}},{"type":"Feature","geometry":{"type":"Point","coordinates":[-3.45037,43.44001]},"properties":{"name":"2008 Santoña bombing","date":"2008-09-22","deaths":"1","injured":"1","perpetrator":null,"country":"Spain","group":"2000s","wikidata":"http://www.wikidata.org/entity/Q5710638"}},{"type":"Feature","geometry":{"type":"Point","coordinates":[-0.88584,41.65177]},"properties":{"name":"Hotel Corona de Aragón fire","date":"1979-07-12","deaths":"76","injured":"113","perpetrator":null,"country":"Spain","group":"1970s","wikidata":"http://www.wikidata.org/entity/Q5911418"}},{"type":"Feature","geometry":{"type":"Point","coordinates":[-3.69047,40.43181]},"properties":{"name":"1978 attack on the Turkish ambassador to Spain","date":null,"deaths":"3","injured":null,"perpetrator":null,"country":"Spain","group":"date not recorded","wikidata":"http://www.wikidata.org/entity/Q6042302"}},{"type":"Feature","geometry":{"type":"Point","coordinates":[-0.44556,38.41361]},"properties":{"name":"Mutxamel bombing","date":"1991-09-16","deaths":"3","injured":"30","perpetrator":"Euskadi Ta Askatasuna","country":"Spain","group":"1990s","wikidata":"http://www.wikidata.org/entity/Q6944249"}},{"type":"Feature","geometry":{"type":"Point","coordinates":[-3.67698,40.45882]},"properties":{"name":"Plaza República Dominicana bombing","date":"1986-07-14","deaths":"12","injured":"32","perpetrator":"Euskadi Ta Askatasuna","country":"Spain","group":"1980s","wikidata":"http://www.wikidata.org/entity/Q7203636"}},{"type":"Feature","geometry":{"type":"Point","coordinates":[-1.9037,43.2707]},"properties":{"name":"September 1982 Rentería attack","date":"1982-09-14","deaths":null,"injured":"1","perpetrator":"Euskadi Ta Askatasuna","country":"Spain","group":"1980s","wikidata":"http://www.wikidata.org/entity/Q7452124"}},{"type":"Feature","geometry":{"type":"Point","coordinates":[-119.9424,38.9603]},"properties":{"name":"Harvey's Resort Hotel bombing","date":"1980-08-01","deaths":"0","injured":"0","perpetrator":null,"country":"United States","group":"1980s","wikidata":"http://www.wikidata.org/entity/Q5676938"}},{"type":"Feature","geometry":{"type":"Point","coordinates":[-122.394,37.7942]},"properties":{"name":"Preparedness Day Bombing","date":"1916-06-22","deaths":"10","injured":"40","perpetrator":null,"country":"United States","group":"1910s","wikidata":"http://www.wikidata.org/entity/Q6139084"}},{"type":"Feature","geometry":{"type":"Point","coordinates":[-73.94793,40.79015]},"properties":{"name":"Lexington Avenue bombing","date":"1914-07-04","deaths":null,"injured":null,"perpetrator":null,"country":"United States","group":"1910s","wikidata":"http://www.wikidata.org/entity/Q6537782"}},{"type":"Feature","geometry":{"type":"Point","coordinates":[-118.245,34.05284]},"properties":{"name":"Los Angeles Times bombing","date":"1910-10-01","deaths":"21","injured":null,"perpetrator":null,"country":"United States","group":"1910s","wikidata":"http://www.wikidata.org/entity/Q6682364"}},{"type":"Feature","geometry":{"type":"Point","coordinates":[-73.94,40.67]},"properties":{"name":"Maksim Gelman stabbing spree","date":"2011-02-01","deaths":"4","injured":"5","perpetrator":null,"country":"United States","group":"2010s","wikidata":"http://www.wikidata.org/entity/Q6740173"}},{"type":"Feature","geometry":{"type":"Point","coordinates":[-73.9862,40.7569]},"properties":{"name":"2008 Times Square bombing","date":null,"deaths":"0","injured":"0","perpetrator":null,"country":"United States","group":"date not recorded","wikidata":"http://www.wikidata.org/entity/Q6756828"}},{"type":"Feature","geometry":{"type":"Point","coordinates":[-122.53083,37.99833]},"properties":{"name":"Marin County Civic Center attacks","date":"1970-08-07","deaths":null,"injured":null,"perpetrator":null,"country":"United States","group":"1970s","wikidata":"http://www.wikidata.org/entity/Q6763709"}},{"type":"Feature","geometry":{"type":"Point","coordinates":[-78.1805,34.0798]},"properties":{"name":"National Airlines Flight 2511","date":"1960-01-06","deaths":"34","injured":"0","perpetrator":null,"country":"United States","group":"1960s","wikidata":"http://www.wikidata.org/entity/Q6970261"}},{"type":"Feature","geometry":{"type":"Point","coordinates":[-95.4069,29.7278]},"properties":{"name":"Poe Elementary School bombing","date":"1959-09-15","deaths":"6","injured":"18","perpetrator":null,"country":"United States","group":"1950s","wikidata":"http://www.wikidata.org/entity/Q7207269"}},{"type":"Feature","geometry":{"type":"Point","coordinates":[-122.4553,37.7679]},"properties":{"name":"San Francisco Police Department Park Station bombing","date":"1970-02-16","deaths":null,"injured":null,"perpetrator":null,"country":"United States","group":"1970s","wikidata":"http://www.wikidata.org/entity/Q7414088"}},{"type":"Feature","geometry":{"type":"Point","coordinates":[-122.29,47.658]},"properties":{"name":"University of Washington firebombing incident","date":null,"deaths":null,"injured":null,"perpetrator":null,"country":"United States","group":"date not recorded","wikidata":"http://www.wikidata.org/entity/Q7896585"}},{"type":"Feature","geometry":{"type":"Point","coordinates":[-67.4275,45.564]},"properties":{"name":"Vanceboro international bridge bombing","date":"1915-02-02","deaths":"0","injured":"0","perpetrator":null,"country":"United States","group":"1910s","wikidata":"http://www.wikidata.org/entity/Q7914074"}},{"type":"Feature","geometry":{"type":"Point","coordinates":[-71.07894,42.34976]},"properties":{"name":"Boston Marathon bombings","date":"2013-04-15","deaths":"3","injured":"264","perpetrator":null,"country":"United States","group":"2010s","wikidata":"http://www.wikidata.org/entity/Q11086137"}},{"type":"Feature","geometry":{"type":"Point","coordinates":[12.56821,55.68374]},"properties":{"name":"Hotel Jørgensen explosion","date":"2010-09-10","deaths":"0","injured":"1","perpetrator":"Lors Doukaev","country":"Denmark","group":"2010s","wikidata":"http://www.wikidata.org/entity/Q5911638"}},{"type":"Feature","geometry":{"type":"Point","coordinates":[20.9739,50.0056]},"properties":{"name":"Tarnów rail station bomb attack","date":"1939-08-28","deaths":"20","injured":"35","perpetrator":null,"country":"Poland","group":"1930s","wikidata":"http://www.wikidata.org/entity/Q7686481"}},{"type":"Feature","geometry":{"type":"Point","coordinates":[25.285,54.6864]},"properties":{"name":"Vilnius school massacre","date":"1925-05-06","deaths":"5","injured":"10","perpetrator":null,"country":"Lithuania","group":"1920s","wikidata":"http://www.wikidata.org/entity/Q6112009"}},{"type":"Feature","geometry":{"type":"Point","coordinates":[2.33378,48.86151]},"properties":{"name":"Plot of the rue Saint-Nicaise","date":"1800-12-24","deaths":"22","injured":"100","perpetrator":"Jean-Baptiste Coster","country":"France","group":"1800s","wikidata":"http://www.wikidata.org/entity/Q10858956"}},{"type":"Feature","geometry":{"type":"Point","coordinates":[-6.50484,54.23737]},"properties":{"name":"Glenanne barracks bombing","date":"1991-05-31","deaths":"3","injured":"14","perpetrator":null,"country":"United Kingdom","group":"1990s","wikidata":"http://www.wikidata.org/entity/Q5568139"}},{"type":"Feature","geometry":{"type":"Point","coordinates":[-0.1504,51.5054]},"properties":{"name":"London Hilton bombing","date":"1975-09-05","deaths":"2","injured":null,"perpetrator":null,"country":"United Kingdom","group":"1970s","wikidata":"http://www.wikidata.org/entity/Q6670478"}},{"type":"Feature","geometry":{"type":"Point","coordinates":[-1.66861,53.74333]},"properties":{"name":"M62 coach bombing","date":"1974-02-04","deaths":"12","injured":null,"perpetrator":null,"country":"United Kingdom","group":"1970s","wikidata":"http://www.wikidata.org/entity/Q6713893"}},{"type":"Feature","geometry":{"type":"Point","coordinates":[-5.93047,54.60742]},"properties":{"name":"McGurk's Bar bombing","date":"1971-12-04","deaths":"15","injured":"17","perpetrator":null,"country":"United Kingdom","group":"1970s","wikidata":"http://www.wikidata.org/entity/Q6801530"}},{"type":"Feature","geometry":{"type":"Point","coordinates":[-6.958,54.662]},"properties":{"name":"Teebane bombing","date":"1992-01-17","deaths":"7","injured":null,"perpetrator":null,"country":"United Kingdom","group":"1990s","wikidata":"http://www.wikidata.org/entity/Q7694192"}},{"type":"Feature","geometry":{"type":"Point","coordinates":[-6.04804,54.5253]},"properties":{"name":"Thiepval barracks bombing","date":"1996-10-07","deaths":"1","injured":"31","perpetrator":"Provisional Irish Republican Army","country":"United Kingdom","group":"1990s","wikidata":"http://www.wikidata.org/entity/Q7784019"}},{"type":"Feature","geometry":{"type":"Point","coordinates":[7.98306,52.30028]},"properties":{"name":"Osnabrück mortar attack","date":"1996-06-28","deaths":"0","injured":"0","perpetrator":null,"country":"Germany","group":"1990s","wikidata":"http://www.wikidata.org/entity/Q7107272"}},{"type":"Feature","geometry":{"type":"Point","coordinates":[-70.55837,-33.40744]},"properties":{"name":"attack on Carol Urzúa","date":null,"deaths":null,"injured":null,"perpetrator":null,"country":"Chile","group":"date not recorded","wikidata":"http://www.wikidata.org/entity/Q5710602"}},{"type":"Feature","geometry":{"type":"Point","coordinates":[103.7664,1.2284]},"properties":{"name":"Laju incident","date":"1974-01-31","deaths":null,"injured":null,"perpetrator":"Yoshiaki Yamada","country":"Singapore","group":"1970s","wikidata":"http://www.wikidata.org/entity/Q6474504"}},{"type":"Feature","geometry":{"type":"Point","coordinates":[103.84604,1.2992]},"properties":{"name":"MacDonald House bombing","date":"1965-03-10","deaths":"3","injured":null,"perpetrator":"Harun Thohir","country":"Singapore","group":"1960s","wikidata":"http://www.wikidata.org/entity/Q6721825"}},{"type":"Feature","geometry":{"type":"Point","coordinates":[153.02508,-27.4646]},"properties":{"name":"1955 Wickham Terrace attack","date":"1955-12-01","deaths":"2","injured":"2","perpetrator":null,"country":"Australia","group":"1950s","wikidata":"http://www.wikidata.org/entity/Q6371973"}},{"type":"Feature","geometry":{"type":"Point","coordinates":[151.20722,-33.87194]},"properties":{"name":"Sydney Hilton bombing","date":"1978-02-13","deaths":"3","injured":null,"perpetrator":null,"country":"Australia","group":"1970s","wikidata":"http://www.wikidata.org/entity/Q7659970"}},{"type":"Feature","geometry":{"type":"Point","coordinates":[84.51168,24.83167]},"properties":{"name":"Rafiganj train disaster","date":"2002-09-10","deaths":"130","injured":null,"perpetrator":null,"country":"India","group":"2000s","wikidata":"http://www.wikidata.org/entity/Q7282664"}},{"type":"Feature","geometry":{"type":"Point","coordinates":[74.76583,34.07333]},"properties":{"name":"March 2013 Srinagar attack","date":"2013-03-13","deaths":null,"injured":"10","perpetrator":null,"country":"India","group":"2010s","wikidata":"http://www.wikidata.org/entity/Q10822645"}},{"type":"Feature","geometry":{"type":"Point","coordinates":[78.47343,17.36011]},"properties":{"name":"Mecca Masjid bombing","date":"2007-05-18","deaths":"16","injured":null,"perpetrator":null,"country":"India","group":"2000s","wikidata":"http://www.wikidata.org/entity/Q11049638"}},{"type":"Feature","geometry":{"type":"Point","coordinates":[-74.05861,4.65028]},"properties":{"name":"Attack on the building of Caracol Radio","date":"2010-08-12","deaths":null,"injured":null,"perpetrator":null,"country":"Colombia","group":"2010s","wikidata":"http://www.wikidata.org/entity/Q5710614"}},{"type":"Feature","geometry":{"type":"Point","coordinates":[-74.06167,4.66196]},"properties":{"name":"Attack against Fernando Londoño","date":"2012-05-15","deaths":null,"injured":null,"perpetrator":null,"country":"Colombia","group":"2010s","wikidata":"http://www.wikidata.org/entity/Q5710623"}},{"type":"Feature","geometry":{"type":"Point","coordinates":[44.3097,31.9958]},"properties":{"name":"Imam Ali Mosque bombing","date":"2003-08-29","deaths":"95","injured":null,"perpetrator":null,"country":"Iraq","group":"2000s","wikidata":"http://www.wikidata.org/entity/Q6003043"}},{"type":"Feature","geometry":{"type":"Point","coordinates":[35.24556,31.7925]},"properties":{"name":"Hebrew University bombing","date":"2002-07-31","deaths":"9","injured":"100","perpetrator":null,"country":"Israel","group":"2000s","wikidata":"http://www.wikidata.org/entity/Q5695892"}},{"type":"Feature","geometry":{"type":"Point","coordinates":[35.20549,31.78877]},"properties":{"name":"Jaffa Road bus bombings","date":"1996-02-25","deaths":"19","injured":null,"perpetrator":null,"country":"Israel","group":"1990s","wikidata":"http://www.wikidata.org/entity/Q6121909"}},{"type":"Feature","geometry":{"type":"Point","coordinates":[34.99389,32.465]},"properties":{"name":"Karkur junction suicide bombing","date":"2002-10-21","deaths":"14","injured":"50","perpetrator":null,"country":"Israel","group":"2000s","wikidata":"http://www.wikidata.org/entity/Q6371363"}},{"type":"Feature","geometry":{"type":"Point","coordinates":[34.47806,31.47528]},"properties":{"name":"Karni border crossing attack","date":"2005-01-13","deaths":"9","injured":"5","perpetrator":null,"country":"Israel","group":"2000s","wikidata":"http://www.wikidata.org/entity/Q6372947"}},{"type":"Feature","geometry":{"type":"Point","coordinates":[34.35528,31.40361]},"properties":{"name":"Kfar Darom bus attack","date":"1995-04-09","deaths":"8","injured":"30","perpetrator":null,"country":"Israel","group":"1990s","wikidata":"http://www.wikidata.org/entity/Q6398644"}},{"type":"Feature","geometry":{"type":"Point","coordinates":[35.59792,33.24672]},"properties":{"name":"Kfar Yuval hostage crisis","date":"1975-06-15","deaths":"3","injured":"3","perpetrator":null,"country":"Israel","group":"1970s","wikidata":"http://www.wikidata.org/entity/Q6398682"}},{"type":"Feature","geometry":{"type":"Point","coordinates":[35.175,31.76167]},"properties":{"name":"Kiryat HaYovel supermarket bombing","date":"2002-03-29","deaths":"2","injured":"28","perpetrator":null,"country":"Israel","group":"2000s","wikidata":"http://www.wikidata.org/entity/Q6416322"}},{"type":"Feature","geometry":{"type":"Point","coordinates":[35.19194,32.57278]},"properties":{"name":"Megiddo Junction bus bombing","date":"2002-06-05","deaths":"17","injured":"43","perpetrator":null,"country":"Israel","group":"2000s","wikidata":"http://www.wikidata.org/entity/Q6809100"}},{"type":"Feature","geometry":{"type":"Point","coordinates":[35.44361,32.98833]},"properties":{"name":"Meron Junction Bus 361 attack","date":"2002-08-04","deaths":"9","injured":"38","perpetrator":null,"country":"Israel","group":"2000s","wikidata":"http://www.wikidata.org/entity/Q6819949"}},{"type":"Feature","geometry":{"type":"Point","coordinates":[35.54833,33.24778]},"properties":{"name":"Misgav Am hostage crisis","date":"1980-04-01","deaths":"8","injured":null,"perpetrator":null,"country":"Israel","group":"1980s","wikidata":"http://www.wikidata.org/entity/Q6875424"}},{"type":"Feature","geometry":{"type":"Point","coordinates":[34.85961,32.3295]},"properties":{"name":"Netanya Market bombing","date":"2002-05-19","deaths":"3","injured":"56","perpetrator":null,"country":"Israel","group":"2000s","wikidata":"http://www.wikidata.org/entity/Q6998659"}},{"type":"Feature","geometry":{"type":"Point","coordinates":[34.77859,32.05949]},"properties":{"name":"Neve Shaanan Street bombing","date":"2002-07-17","deaths":"3","injured":"41","perpetrator":null,"country":"Israel","group":"2000s","wikidata":"http://www.wikidata.org/entity/Q7003776"}},{"type":"Feature","geometry":{"type":"Point","coordinates":[34.77475,32.06379]},"properties":{"name":"The Attack on the Soviet Legation in Tel Aviv","date":"1953-02-09","deaths":"0","injured":"4","perpetrator":null,"country":"Israel","group":"1950s","wikidata":"http://www.wikidata.org/entity/Q7067163"}},{"type":"Feature","geometry":{"type":"Point","coordinates":[34.98618,32.45873]},"properties":{"name":"Pardes Hanna bus bombing","date":"2001-11-29","deaths":"3","injured":"10","perpetrator":null,"country":"Israel","group":"2000s","wikidata":"http://www.wikidata.org/entity/Q7136542"}},{"type":"Feature","geometry":{"type":"Point","coordinates":[34.80325,32.08408]},"properties":{"name":"Ramat Gan bus bombing","date":"1995-07-24","deaths":"6","injured":"33","perpetrator":null,"country":"Israel","group":"1990s","wikidata":"http://www.wikidata.org/entity/Q7289095"}},{"type":"Feature","geometry":{"type":"Point","coordinates":[35.21697,31.7396]},"properties":{"name":"Ramat Rachel shooting attack","date":"1956-09-23","deaths":"5","injured":"16","perpetrator":null,"country":"Israel","group":"1950s","wikidata":"http://www.wikidata.org/entity/Q7289100"}},{"type":"Feature","geometry":{"type":"Point","coordinates":[34.5575,30.49444]},"properties":{"name":"September 2012 southern Israel cross-border attack","date":"2012-01-01","deaths":null,"injured":null,"perpetrator":null,"country":"Israel","group":"2010s","wikidata":"http://www.wikidata.org/entity/Q7452181"}},{"type":"Feature","geometry":{"type":"Point","coordinates":[34.76494,32.07303]},"properties":{"name":"Stage Club bombing","date":"2005-02-25","deaths":"5","injured":"50","perpetrator":"Palestinian Islamic Jihad","country":"Israel","group":"2000s","wikidata":"http://www.wikidata.org/entity/Q7596777"}},{"type":"Feature","geometry":{"type":"Point","coordinates":[35.15691,32.54201]},"properties":{"name":"Umm al-Fahm bus bombing","date":"2002-03-20","deaths":"7","injured":"30","perpetrator":null,"country":"Israel","group":"2000s","wikidata":"http://www.wikidata.org/entity/Q7881654"}},{"type":"Feature","geometry":{"type":"Point","coordinates":[35.07101,32.75327]},"properties":{"name":"Yagur Junction bombing","date":"2002-04-10","deaths":"9","injured":"19","perpetrator":null,"country":"Israel","group":"2000s","wikidata":"http://www.wikidata.org/entity/Q8046759"}},{"type":"Feature","geometry":{"type":"Point","coordinates":[35.21944,31.78194]},"properties":{"name":"Zion Square refrigerator bombing","date":"1975-07-04","deaths":"15","injured":"60","perpetrator":null,"country":"Israel","group":"1970s","wikidata":"http://www.wikidata.org/entity/Q8072558"}},{"type":"Feature","geometry":{"type":"Point","coordinates":[35.56667,32.64056]},"properties":{"name":"Island of Peace massacre","date":"1997-03-13","deaths":"7","injured":"6","perpetrator":"Ahmed Aldagamseh","country":"Jordan","group":"1990s","wikidata":"http://www.wikidata.org/entity/Q6083589"}},{"type":"Feature","geometry":{"type":"Point","coordinates":[-85.9666,11.5149]},"properties":{"name":"La Penca bombing","date":"1984-05-30","deaths":null,"injured":null,"perpetrator":null,"country":"Nicaragua","group":"1980s","wikidata":"http://www.wikidata.org/entity/Q6464356"}},{"type":"Feature","geometry":{"type":"Point","coordinates":[80.78722,9.31]},"properties":{"name":"Mullivaikkal Hospital bombings","date":"2009-05-12","deaths":"100","injured":null,"perpetrator":null,"country":"Sri Lanka","group":"2000s","wikidata":"http://www.wikidata.org/entity/Q6934283"}},{"type":"Feature","geometry":{"type":"Point","coordinates":[80.30861,9.70056]},"properties":{"name":"Nagerkovil school bombing","date":"1995-09-22","deaths":"71","injured":null,"perpetrator":null,"country":"Sri Lanka","group":"1990s","wikidata":"http://www.wikidata.org/entity/Q6958778"}},{"type":"Feature","geometry":{"type":"Point","coordinates":[79.98778,9.71111]},"properties":{"name":"Navaly church bombing","date":"1995-07-09","deaths":"147","injured":null,"perpetrator":null,"country":"Sri Lanka","group":"1990s","wikidata":"http://www.wikidata.org/entity/Q6982062"}},{"type":"Feature","geometry":{"type":"Point","coordinates":[79.83333,9.08333]},"properties":{"name":"Pesalai Church attack","date":"2006-06-17","deaths":null,"injured":null,"perpetrator":null,"country":"Sri Lanka","group":"2000s","wikidata":"http://www.wikidata.org/entity/Q7171322"}},{"type":"Feature","geometry":{"type":"Point","coordinates":[36.2833,33.4833]},"properties":{"name":"January 2012 al-Midan bombing","date":"2012-01-06","deaths":"26","injured":"63","perpetrator":null,"country":"Syria","group":"2010s","wikidata":"http://www.wikidata.org/entity/Q6155798"}},{"type":"Feature","geometry":{"type":"Point","coordinates":[100.517,13.75]},"properties":{"name":"2012 Bangkok bombings","date":"2012-02-14","deaths":"0","injured":"5","perpetrator":null,"country":"Thailand","group":"2010s","wikidata":"http://www.wikidata.org/entity/Q6901623"}},{"type":"Feature","geometry":{"type":"Point","coordinates":[65.58633,31.64676]},"properties":{"name":"Nadahan wedding bombing","date":"2010-06-09","deaths":"40","injured":"77","perpetrator":null,"country":"Afghanistan","group":"2010s","wikidata":"http://www.wikidata.org/entity/Q6957429"}},{"type":"Feature","geometry":{"type":"Point","coordinates":[35.50809,32.37076]},"properties":{"name":"Mehola Junction bombing","date":"1993-04-16","deaths":"1","injured":"9","perpetrator":null,"country":"Palestine","group":"1990s","wikidata":"http://www.wikidata.org/entity/Q6809705"}},{"type":"Feature","geometry":{"type":"Point","coordinates":[30.32861,59.94]},"properties":{"name":"assassination of Alexander II of Russia","date":"1881-03-13","deaths":"4","injured":"20","perpetrator":null,"country":"Russian Empire","group":"1880s","wikidata":"http://www.wikidata.org/entity/Q10858948"}},{"type":"Feature","geometry":{"type":"Point","coordinates":[21.2,42.9167]},"properties":{"name":"Podujevo bus bombing","date":"2001-02-16","deaths":"12","injured":null,"perpetrator":null,"country":"United Nations-administered Kosovo","group":"2000s","wikidata":"http://www.wikidata.org/entity/Q7207164"}},{"type":"Feature","geometry":{"type":"Point","coordinates":[-79.41278,43.76917]},"properties":{"name":"2018 Toronto van attack","date":"2018-04-23","deaths":"10","injured":"16","perpetrator":"Alek Minassian","country":"Canada","group":"2010s","wikidata":"http://www.wikidata.org/entity/Q52152274"}},{"type":"Feature","geometry":{"type":"Point","coordinates":[121.4789,31.2748]},"properties":{"name":"Hongkou Park Incident","date":"1932-04-29","deaths":null,"injured":null,"perpetrator":"Yoon Bong-Gil","country":"Republic of China","group":"1930s","wikidata":"http://www.wikidata.org/entity/Q6148931"}},{"type":"Feature","geometry":{"type":"Point","coordinates":[21.725,43.48083]},"properties":{"name":"Lužane bus bombing","date":"1999-05-01","deaths":"46","injured":null,"perpetrator":null,"country":"Federal Republic of Yugoslavia","group":"1990s","wikidata":"http://www.wikidata.org/entity/Q6706905"}},{"type":"Feature","geometry":{"type":"Point","coordinates":[130.925,33.95]},"properties":{"name":"Takezakichō incident","date":"2000-06-14","deaths":null,"injured":null,"perpetrator":"Kudo-kai","country":"Japan","group":"2000s","wikidata":"http://www.wikidata.org/entity/Q55229971"}},{"type":"Feature","geometry":{"type":"Point","coordinates":[1.06468,41.06604]},"properties":{"name":"2017 Cambrils attack","date":"2017-08-18","deaths":"1","injured":"5","perpetrator":null,"country":"Spain","group":"2010s","wikidata":"http://www.wikidata.org/entity/Q37058616"}},{"type":"Feature","geometry":{"type":"Point","coordinates":[2.17325,41.38119]},"properties":{"name":"2017 La Rambla attack","date":"2017-08-17","deaths":"1","injured":"152","perpetrator":null,"country":"Spain","group":"2010s","wikidata":"http://www.wikidata.org/entity/Q37735341"}},{"type":"Feature","geometry":{"type":"Point","coordinates":[2.1769,41.3825]},"properties":{"name":"Bar Iruña attack","date":"1987-12-26","deaths":"1","injured":"4","perpetrator":null,"country":"Spain","group":"1980s","wikidata":"http://www.wikidata.org/entity/Q55604868"}},{"type":"Feature","geometry":{"type":"Point","coordinates":[1.15333,41.14649]},"properties":{"name":"Reus Airport bombing","date":"1996-07-21","deaths":"0","injured":"35","perpetrator":null,"country":"Spain","group":"1990s","wikidata":"http://www.wikidata.org/entity/Q55631572"}},{"type":"Feature","geometry":{"type":"Point","coordinates":[-111.82684,40.59438]},"properties":{"name":"2017 Sandy attack","date":"2017-06-06","deaths":"3","injured":"2","perpetrator":null,"country":"United States","group":"2010s","wikidata":"http://www.wikidata.org/entity/Q30646305"}},{"type":"Feature","geometry":{"type":"Point","coordinates":[-78.47952,38.02949]},"properties":{"name":"Charlottesville car attack","date":"2017-01-01","deaths":"1","injured":"35","perpetrator":"James Alex Fields Jr.","country":"United States","group":"2010s","wikidata":"http://www.wikidata.org/entity/Q36230388"}},{"type":"Feature","geometry":{"type":"Point","coordinates":[-74.01276,40.71713]},"properties":{"name":"2017 Lower Manhattan attack","date":"2017-10-31","deaths":"8","injured":"15","perpetrator":null,"country":"United States","group":"2010s","wikidata":"http://www.wikidata.org/entity/Q42440670"}},{"type":"Feature","geometry":{"type":"Point","coordinates":[-73.98983,40.75634]},"properties":{"name":"2017 Port Authority Bus Terminal explosion","date":"2017-12-11","deaths":"0","injured":"4","perpetrator":null,"country":"United States","group":"2010s","wikidata":"http://www.wikidata.org/entity/Q45272383"}},{"type":"Feature","geometry":{"type":"Point","coordinates":[-118.40408,33.94626]},"properties":{"name":"1974 Los Angeles International Airport Bombing","date":"1974-08-06","deaths":"3","injured":"36","perpetrator":null,"country":"United States","group":"1970s","wikidata":"http://www.wikidata.org/entity/Q47004659"}},{"type":"Feature","geometry":{"type":"Point","coordinates":[-87.90847,43.04083]},"properties":{"name":"Milwaukee Police Department bombing","date":"1917-11-24","deaths":null,"injured":null,"perpetrator":null,"country":"United States","group":"1910s","wikidata":"http://www.wikidata.org/entity/Q47004660"}},{"type":"Feature","geometry":{"type":"Point","coordinates":[5.5675,50.63528]},"properties":{"name":"2018 Liège shooting","date":"2018-05-29","deaths":"4","injured":"2","perpetrator":null,"country":"Belgium","group":"2010s","wikidata":"http://www.wikidata.org/entity/Q54411616"}},{"type":"Feature","geometry":{"type":"Point","coordinates":[4.3525,50.84667]},"properties":{"name":"1979 Brussels bombing","date":"1979-08-29","deaths":"0","injured":"18","perpetrator":"Provisional Irish Republican Army","country":"Belgium","group":"1970s","wikidata":"http://www.wikidata.org/entity/Q54870155"}},{"type":"Feature","geometry":{"type":"Point","coordinates":[22.26639,60.45194]},"properties":{"name":"2017 Turku attack","date":"2017-08-18","deaths":"2","injured":"8","perpetrator":null,"country":"Finland","group":"2010s","wikidata":"http://www.wikidata.org/entity/Q37150759"}},{"type":"Feature","geometry":{"type":"Point","coordinates":[17.04033,51.10108]},"properties":{"name":"2016 Wrocław attack","date":null,"deaths":null,"injured":null,"perpetrator":null,"country":"Poland","group":"date not recorded","wikidata":"http://www.wikidata.org/entity/Q55394315"}},{"type":"Feature","geometry":{"type":"Point","coordinates":[13.4533,43.30025]},"properties":{"name":"Macerata shooting","date":"2018-02-03","deaths":"0","injured":"6","perpetrator":"Luca Traini","country":"Italy","group":"2010s","wikidata":"http://www.wikidata.org/entity/Q47691943"}},{"type":"Feature","geometry":{"type":"Point","coordinates":[12.48944,41.90778]},"properties":{"name":"Café de Paris bombing","date":"1985-09-16","deaths":"0","injured":"39","perpetrator":null,"country":"Italy","group":"1980s","wikidata":"http://www.wikidata.org/entity/Q48805720"}},{"type":"Feature","geometry":{"type":"Point","coordinates":[23.75476,37.87924]},"properties":{"name":"1985 Bobby's Bar bombing","date":"1985-02-02","deaths":null,"injured":null,"perpetrator":null,"country":"Greece","group":"1980s","wikidata":"http://www.wikidata.org/entity/Q55601213"}},{"type":"Feature","geometry":{"type":"Point","coordinates":[33.01433,31.01664]},"properties":{"name":"2017 Sinai mosque attack","date":"2017-11-24","deaths":"311","injured":"127","perpetrator":null,"country":"Egypt","group":"2010s","wikidata":"http://www.wikidata.org/entity/Q43544477"}},{"type":"Feature","geometry":{"type":"Point","coordinates":[31.32167,29.85028]},"properties":{"name":"Attack on Saint Menas church","date":"2017-12-29","deaths":"9","injured":"9","perpetrator":null,"country":"Egypt","group":"2010s","wikidata":"http://www.wikidata.org/entity/Q47004240"}},{"type":"Feature","geometry":{"type":"Point","coordinates":[2.3486,48.857]},"properties":{"name":"1986 Paris police station attack","date":"1986-07-09","deaths":"1","injured":"22","perpetrator":"Action Directe","country":"France","group":"1980s","wikidata":"http://www.wikidata.org/entity/Q32414688"}},{"type":"Feature","geometry":{"type":"Point","coordinates":[2.28722,48.895]},"properties":{"name":"2017 Levallois-Perret attack","date":"2017-08-09","deaths":null,"injured":"6","perpetrator":null,"country":"France","group":"2010s","wikidata":"http://www.wikidata.org/entity/Q35682968"}},{"type":"Feature","geometry":{"type":"Point","coordinates":[5.3836,43.2773]},"properties":{"name":"1973 Marseilles bombing","date":"1973-12-14","deaths":"3","injured":"20","perpetrator":null,"country":"France","group":"1970s","wikidata":"http://www.wikidata.org/entity/Q41096384"}},{"type":"Feature","geometry":{"type":"Point","coordinates":[5.37972,43.30361]},"properties":{"name":"Marseille stabbing","date":"2017-10-01","deaths":"3","injured":"0","perpetrator":"Ahmed Hanachi","country":"France","group":"2010s","wikidata":"http://www.wikidata.org/entity/Q41526731"}},{"type":"Feature","geometry":{"type":"Point","coordinates":[2.30472,48.86944]},"properties":{"name":"1982 Paris car bombing","date":"1982-04-22","deaths":"1","injured":"63","perpetrator":"Carlos the Jackal","country":"France","group":"1980s","wikidata":"http://www.wikidata.org/entity/Q52315167"}},{"type":"Feature","geometry":{"type":"Point","coordinates":[2.33596,48.8683]},"properties":{"name":"2018 Paris knife attack","date":"2018-05-12","deaths":"2","injured":"4","perpetrator":null,"country":"France","group":"2010s","wikidata":"http://www.wikidata.org/entity/Q53282087"}},{"type":"Feature","geometry":{"type":"Point","coordinates":[-0.119,51.5119]},"properties":{"name":"Aldwych bus bombing","date":"1996-02-18","deaths":"1","injured":"8","perpetrator":null,"country":"United Kingdom","group":"1990s","wikidata":"http://www.wikidata.org/entity/Q53231596"}},{"type":"Feature","geometry":{"type":"Point","coordinates":[-0.15018,51.48946]},"properties":{"name":"Chelsea Barracks bombing","date":null,"deaths":null,"injured":null,"perpetrator":null,"country":"United Kingdom","group":"date not recorded","wikidata":"http://www.wikidata.org/entity/Q55076493"}},{"type":"Feature","geometry":{"type":"Point","coordinates":[-0.08813,51.50746]},"properties":{"name":"1884 attack on London Bridge","date":"1884-12-13","deaths":null,"injured":null,"perpetrator":null,"country":"United Kingdom","group":"1880s","wikidata":"http://www.wikidata.org/entity/Q55076617"}},{"type":"Feature","geometry":{"type":"Point","coordinates":[-0.12609,51.49399]},"properties":{"name":"1973 Westminster bombing","date":"1973-12-18","deaths":"0","injured":"60","perpetrator":null,"country":"United Kingdom","group":"1970s","wikidata":"http://www.wikidata.org/entity/Q55099274"}},{"type":"Feature","geometry":{"type":"Point","coordinates":[-0.1268,51.5121]},"properties":{"name":"Sussex Arms pub bombing","date":"1992-10-12","deaths":"1","injured":"7","perpetrator":null,"country":"United Kingdom","group":"1990s","wikidata":"http://www.wikidata.org/entity/Q55099275"}},{"type":"Feature","geometry":{"type":"Point","coordinates":[-0.111,51.533]},"properties":{"name":"1982 bombing of the African National Congress headquarters in London","date":"1982-03-14","deaths":"0","injured":"1","perpetrator":null,"country":"United Kingdom","group":"1980s","wikidata":"http://www.wikidata.org/entity/Q55099279"}},{"type":"Feature","geometry":{"type":"Point","coordinates":[-0.0907,51.5104]},"properties":{"name":"Cannon Street train bombing","date":"1976-03-04","deaths":"0","injured":"8","perpetrator":null,"country":"United Kingdom","group":"1970s","wikidata":"http://www.wikidata.org/entity/Q55099308"}},{"type":"Feature","geometry":{"type":"Point","coordinates":[-0.13889,51.50583]},"properties":{"name":"Carlton Club bombing","date":"1990-06-26","deaths":"1","injured":"20","perpetrator":null,"country":"United Kingdom","group":"1990s","wikidata":"http://www.wikidata.org/entity/Q55099313"}},{"type":"Feature","geometry":{"type":"Point","coordinates":[-0.19804,51.54185]},"properties":{"name":"Biddy Mulligan's pub bombing","date":"1975-12-20","deaths":"0","injured":"5","perpetrator":null,"country":"United Kingdom","group":"1970s","wikidata":"http://www.wikidata.org/entity/Q55099367"}},{"type":"Feature","geometry":{"type":"Point","coordinates":[0.004,51.528]},"properties":{"name":"West Ham station attack","date":"1976-03-15","deaths":"1","injured":"9","perpetrator":null,"country":"United Kingdom","group":"1970s","wikidata":"http://www.wikidata.org/entity/Q55099388"}},{"type":"Feature","geometry":{"type":"Point","coordinates":[-0.07595,51.50823]},"properties":{"name":"1974 Tower of London bombing","date":"1974-07-17","deaths":"1","injured":"41","perpetrator":null,"country":"United Kingdom","group":"1970s","wikidata":"http://www.wikidata.org/entity/Q55099389"}},{"type":"Feature","geometry":{"type":"Point","coordinates":[-2.603,51.4544]},"properties":{"name":"1974 Bristol bombing","date":"1974-12-18","deaths":"0","injured":"20","perpetrator":"Provisional Irish Republican Army","country":"United Kingdom","group":"1970s","wikidata":"http://www.wikidata.org/entity/Q55099400"}},{"type":"Feature","geometry":{"type":"Point","coordinates":[73.38722,61.255]},"properties":{"name":"Резня в Сургуте","date":"2017-08-19","deaths":"1","injured":"7","perpetrator":null,"country":"Russia","group":"2010s","wikidata":"http://www.wikidata.org/entity/Q37800416"}},{"type":"Feature","geometry":{"type":"Point","coordinates":[10.04235,53.59444]},"properties":{"name":"2017 Hamburg attack","date":"2017-07-28","deaths":"1","injured":"6","perpetrator":null,"country":"Germany","group":"2010s","wikidata":"http://www.wikidata.org/entity/Q33695253"}},{"type":"Feature","geometry":{"type":"Point","coordinates":[8.56667,50.03333]},"properties":{"name":"1985 Frankfurt airport bombing","date":"1985-06-19","deaths":"3","injured":"74","perpetrator":"Abu Nidal Organization","country":"Germany","group":"1980s","wikidata":"http://www.wikidata.org/entity/Q55601225"}},{"type":"Feature","geometry":{"type":"Point","coordinates":[3.06358,36.75722]},"properties":{"name":"Le Soir d'Algérie bombing","date":"1996-02-11","deaths":"23","injured":null,"perpetrator":null,"country":"Algeria","group":"1990s","wikidata":"http://www.wikidata.org/entity/Q54114076"}},{"type":"Feature","geometry":{"type":"Point","coordinates":[144.965,-37.8182]},"properties":{"name":"December 2017 Melbourne car attack","date":"2017-12-21","deaths":"1","injured":"19","perpetrator":null,"country":"Australia","group":"2010s","wikidata":"http://www.wikidata.org/entity/Q46442472"}},{"type":"Feature","geometry":{"type":"Point","coordinates":[115.65639,-33.32306]},"properties":{"name":"Bunbury woodchip bombing","date":"1976-07-19","deaths":null,"injured":null,"perpetrator":null,"country":"Australia","group":"1970s","wikidata":"http://www.wikidata.org/entity/Q55606137"}},{"type":"Feature","geometry":{"type":"Point","coordinates":[46.26667,31.05]},"properties":{"name":"2017 Nasiriyah attacks","date":"2017-09-14","deaths":"88","injured":"93","perpetrator":null,"country":"Iraq","group":"2010s","wikidata":"http://www.wikidata.org/entity/Q39797610"}},{"type":"Feature","geometry":{"type":"Point","coordinates":[35.23694,31.78083]},"properties":{"name":"2017 Temple Mount shooting","date":"2017-07-14","deaths":"2","injured":"1","perpetrator":null,"country":"Israel","group":"2010s","wikidata":"http://www.wikidata.org/entity/Q33035595"}},{"type":"Feature","geometry":{"type":"Point","coordinates":[35.66028,33.16599]},"properties":{"name":"Kibbutz Shamir Terrorist Attack","date":"1974-06-13","deaths":"3","injured":"1","perpetrator":null,"country":"Israel","group":"1970s","wikidata":"http://www.wikidata.org/entity/Q33640097"}},{"type":"Feature","geometry":{"type":"Point","coordinates":[34.73333,31.88333]},"properties":{"name":"2017 Yavne attack","date":"2017-08-02","deaths":null,"injured":"1","perpetrator":null,"country":"Israel","group":"2010s","wikidata":"http://www.wikidata.org/entity/Q38251398"}},{"type":"Feature","geometry":{"type":"Point","coordinates":[34.80579,32.02121]},"properties":{"name":"2001 Azor attack","date":"2001-02-14","deaths":"8","injured":"21","perpetrator":null,"country":"Israel","group":"2000s","wikidata":"http://www.wikidata.org/entity/Q39058608"}},{"type":"Feature","geometry":{"type":"Point","coordinates":[34.80944,32.04524]},"properties":{"name":"2011 Tel Aviv truck attack","date":"2011-05-15","deaths":"1","injured":"17","perpetrator":null,"country":"Israel","group":"2010s","wikidata":"http://www.wikidata.org/entity/Q39059675"}},{"type":"Feature","geometry":{"type":"Point","coordinates":[35.13644,31.82884]},"properties":{"name":"2017 Har Adar shooting","date":"2017-09-26","deaths":"4","injured":"1","perpetrator":null,"country":"Israel","group":"2010s","wikidata":"http://www.wikidata.org/entity/Q41071849"}},{"type":"Feature","geometry":{"type":"Point","coordinates":[34.92082,32.43958]},"properties":{"name":"Hadera car suicide bombing","date":"2000-11-22","deaths":"2","injured":"61","perpetrator":null,"country":"Israel","group":"2000s","wikidata":"http://www.wikidata.org/entity/Q55648135"}},{"type":"Feature","geometry":{"type":"Point","coordinates":[35.0475,32.44]},"properties":{"name":"2002 Metzer attack","date":"2002-11-10","deaths":"5","injured":null,"perpetrator":null,"country":"Israel","group":"2000s","wikidata":"http://www.wikidata.org/entity/Q55648168"}},{"type":"Feature","geometry":{"type":"Point","coordinates":[34.91716,32.16784]},"properties":{"name":"Q55648204","date":"2003-04-24","deaths":"1","injured":"16","perpetrator":null,"country":"Israel","group":"2000s","wikidata":"http://www.wikidata.org/entity/Q55648204"}},{"type":"Feature","geometry":{"type":"Point","coordinates":[34.89521,32.17845]},"properties":{"name":"Q55648231","date":"2001-04-22","deaths":"1","injured":"40","perpetrator":null,"country":"Israel","group":"2000s","wikidata":"http://www.wikidata.org/entity/Q55648231"}},{"type":"Feature","geometry":{"type":"Point","coordinates":[71.5775,34.00583]},"properties":{"name":"2018 Peshawar suicide bombing","date":"2018-07-10","deaths":"21","injured":"75","perpetrator":null,"country":"Pakistan","group":"2010s","wikidata":"http://www.wikidata.org/entity/Q55497361"}},{"type":"Feature","geometry":{"type":"Point","coordinates":[69.16917,34.52694]},"properties":{"name":"2018 Kabul ambulance bombing","date":"2018-01-27","deaths":"102","injured":"196","perpetrator":null,"country":"Afghanistan","group":"2010s","wikidata":"http://www.wikidata.org/entity/Q47501091"}},{"type":"Feature","geometry":{"type":"Point","coordinates":[69.12694,34.51833]},"properties":{"name":"April 2018 Kabul suicide bombing","date":"2018-04-22","deaths":"69","injured":null,"perpetrator":null,"country":"Afghanistan","group":"2010s","wikidata":"http://www.wikidata.org/entity/Q52108280"}},{"type":"Feature","geometry":{"type":"Point","coordinates":[89.8035,22.9254]},"properties":{"name":"2001 Bagerhat bombing","date":"2001-09-23","deaths":null,"injured":null,"perpetrator":null,"country":"Bangladesh","group":"2000s","wikidata":"http://www.wikidata.org/entity/Q39047806"}},{"type":"Feature","geometry":{"type":"Point","coordinates":[-1.51806,12.36111]},"properties":{"name":"2017 Ouagadougou attack","date":"2017-08-13","deaths":"19","injured":"24","perpetrator":null,"country":"Burkina Faso","group":"2010s","wikidata":"http://www.wikidata.org/entity/Q36453969"}},{"type":"Feature","geometry":{"type":"Point","coordinates":[-1.51667,12.36667]},"properties":{"name":"2018 Ouagadougou attack","date":"2018-03-02","deaths":"8","injured":"85","perpetrator":null,"country":"Burkina Faso","group":"2010s","wikidata":"http://www.wikidata.org/entity/Q50312175"}},{"type":"Feature","geometry":{"type":"Point","coordinates":[-15.97614,18.10233]},"properties":{"name":"2008 attack on the Israeli embassy in Mauritania","date":"2008-02-01","deaths":"0","injured":"3","perpetrator":"al-Qaeda in the Islamic Maghreb","country":"Mauritania","group":"2000s","wikidata":"http://www.wikidata.org/entity/Q54953713"}},{"type":"Feature","geometry":{"type":"Point","coordinates":[13.26667,10.26667]},"properties":{"name":"2018 Mubi suicide bombings","date":"2018-05-01","deaths":"86","injured":"58","perpetrator":null,"country":"Nigeria","group":"2010s","wikidata":"http://www.wikidata.org/entity/Q54866667"}},{"type":"Feature","geometry":{"type":"Point","coordinates":[49.16667,11.28333]},"properties":{"name":"attentat du 23 mai 2017 à Bosasso","date":"2017-05-23","deaths":null,"injured":null,"perpetrator":null,"country":"Somalia","group":"2010s","wikidata":"http://www.wikidata.org/entity/Q30728945"}},{"type":"Feature","geometry":{"type":"Point","coordinates":[45.3425,2.04083]},"properties":{"name":"October 2017 Mogadishu bombings","date":"2017-10-14","deaths":"320","injured":"275","perpetrator":null,"country":"Somalia","group":"2010s","wikidata":"http://www.wikidata.org/entity/Q42033121"}},{"type":"Feature","geometry":{"type":"Point","coordinates":[45.32722,2.03592]},"properties":{"name":"2017 Dayah Hotel attack","date":null,"deaths":null,"injured":null,"perpetrator":null,"country":"Somalia","group":"date not recorded","wikidata":"http://www.wikidata.org/entity/Q54866536"}},{"type":"Feature","geometry":{"type":"Point","coordinates":[45.35467,2.03639]},"properties":{"name":"2013 Mogadishu Turkish embassy attack","date":"2013-07-27","deaths":"3","injured":"9","perpetrator":null,"country":"Somalia","group":"2010s","wikidata":"http://www.wikidata.org/entity/Q54866550"}},{"type":"Feature","geometry":{"type":"Point","coordinates":[34.81094,31.91284]},"properties":{"name":"British Army Train Terrorist Attack at Eretz Israel (1948)","date":"1948-02-29","deaths":"28","injured":"32","perpetrator":null,"country":"Mandatory Palestine","group":"1940s","wikidata":"http://www.wikidata.org/entity/Q33820031"}},{"type":"Feature","geometry":{"type":"Point","coordinates":[35.165,32.10694]},"properties":{"name":"2018 Ariel stabbing","date":"2018-02-05","deaths":"1","injured":"0","perpetrator":null,"country":"Palestine","group":"2010s","wikidata":"http://www.wikidata.org/entity/Q47839685"}},{"type":"Feature","geometry":{"type":"Point","coordinates":[2.33528,48.86278]},"properties":{"name":"1905 Rue de Rohan bombing","date":"1905-05-31","deaths":"0","injured":"17","perpetrator":null,"country":"French Third Republic","group":"1900s","wikidata":"http://www.wikidata.org/entity/Q36290151"}},{"type":"Feature","geometry":{"type":"Point","coordinates":[-73.55647,45.50342]},"properties":{"name":"Montreal Stock Exchange bombing","date":"1969-02-13","deaths":null,"injured":null,"perpetrator":null,"country":"Canada","group":"1960s","wikidata":"http://www.wikidata.org/entity/Q56064512"}},{"type":"Feature","geometry":{"type":"Point","coordinates":[-79.3867,43.6703]},"properties":{"name":"Toronto machete attack","date":"2020-02-24","deaths":"1","injured":null,"perpetrator":null,"country":"Canada","group":"2020s","wikidata":"http://www.wikidata.org/entity/Q94877487"}},{"type":"Feature","geometry":{"type":"Point","coordinates":[139.70472,35.67139]},"properties":{"name":"January 2019 Tokyo car attack","date":"2019-01-01","deaths":"0","injured":"8","perpetrator":null,"country":"Japan","group":"2010s","wikidata":"http://www.wikidata.org/entity/Q60310509"}},{"type":"Feature","geometry":{"type":"Point","coordinates":[139.56603,35.62217]},"properties":{"name":"Kawasaki stabbings","date":"2019-05-28","deaths":"3","injured":"18","perpetrator":"Ryūichi Iwasaki","country":"Japan","group":"2010s","wikidata":"http://www.wikidata.org/entity/Q64111851"}},{"type":"Feature","geometry":{"type":"Point","coordinates":[10.4595,59.92]},"properties":{"name":"Bærum mosque shooting","date":"2019-08-10","deaths":"1","injured":"2","perpetrator":"Philip Manshaus","country":"Norway","group":"2010s","wikidata":"http://www.wikidata.org/entity/Q66363708"}},{"type":"Feature","geometry":{"type":"Point","coordinates":[-0.98617,37.61144]},"properties":{"name":"1990 Cartagena bombing","date":"1990-09-11","deaths":"0","injured":"17","perpetrator":"Euskadi Ta Askatasuna","country":"Spain","group":"1990s","wikidata":"http://www.wikidata.org/entity/Q55821577"}},{"type":"Feature","geometry":{"type":"Point","coordinates":[-0.88126,41.65727]},"properties":{"name":"1987 Zaragoza military bus bombing","date":"1987-01-30","deaths":"2","injured":"40","perpetrator":"Euskadi Ta Askatasuna","country":"Spain","group":"1980s","wikidata":"http://www.wikidata.org/entity/Q56740333"}},{"type":"Feature","geometry":{"type":"Point","coordinates":[-2.91605,43.24332]},"properties":{"name":"Murder of Eduardo Puelles","date":"2009-06-19","deaths":"1","injured":null,"perpetrator":"Euskadi Ta Askatasuna","country":"Spain","group":"2000s","wikidata":"http://www.wikidata.org/entity/Q61717173"}},{"type":"Feature","geometry":{"type":"Point","coordinates":[-106.39098,31.78159]},"properties":{"name":"2019 El Paso shooting","date":"2019-08-03","deaths":"23","injured":"23","perpetrator":"Patrick Crusius","country":"United States","group":"2010s","wikidata":"http://www.wikidata.org/entity/Q66108236"}},{"type":"Feature","geometry":{"type":"Point","coordinates":[-74.08306,41.14306]},"properties":{"name":"2019 Monsey Hanukkah stabbing","date":"2019-12-28","deaths":"0","injured":"5","perpetrator":null,"country":"United States","group":"2010s","wikidata":"http://www.wikidata.org/entity/Q80273702"}},{"type":"Feature","geometry":{"type":"Point","coordinates":[-97.46784,32.7401]},"properties":{"name":"West Freeway Church of Christ shooting","date":"2019-12-29","deaths":"3","injured":"0","perpetrator":null,"country":"United States","group":"2010s","wikidata":"http://www.wikidata.org/entity/Q85815014"}},{"type":"Feature","geometry":{"type":"Point","coordinates":[21.7319,38.2462]},"properties":{"name":"1991 Patras bombing","date":"1991-04-19","deaths":"7","injured":"8","perpetrator":null,"country":"Greece","group":"1990s","wikidata":"http://www.wikidata.org/entity/Q56319463"}},{"type":"Feature","geometry":{"type":"Point","coordinates":[36.56722,36.26917]},"properties":{"name":"2019 Reyhanlı car bombing","date":null,"deaths":null,"injured":null,"perpetrator":null,"country":"Turkey","group":"date not recorded","wikidata":"http://www.wikidata.org/entity/Q65048414"}},{"type":"Feature","geometry":{"type":"Point","coordinates":[40.24,37.91]},"properties":{"name":"2019 Diyarbakır bombing","date":null,"deaths":null,"injured":null,"perpetrator":null,"country":"Turkey","group":"date not recorded","wikidata":"http://www.wikidata.org/entity/Q67440296"}},{"type":"Feature","geometry":{"type":"Point","coordinates":[4.90029,52.379]},"properties":{"name":"2018 Amsterdam stabbing attack","date":"2018-08-31","deaths":null,"injured":"1","perpetrator":null,"country":"Netherlands","group":"2010s","wikidata":"http://www.wikidata.org/entity/Q56434670"}},{"type":"Feature","geometry":{"type":"Point","coordinates":[4.83278,52.39222]},"properties":{"name":"attentat contre De Telegraaf","date":"2018-06-26","deaths":null,"injured":null,"perpetrator":null,"country":"Netherlands","group":"2010s","wikidata":"http://www.wikidata.org/entity/Q97162905"}},{"type":"Feature","geometry":{"type":"Point","coordinates":[4.37697,50.84383]},"properties":{"name":"2016 Brussels bombings","date":"2016-03-22","deaths":"32","injured":"330","perpetrator":"Ibrahim El Bakraoui","country":"Belgium","group":"2010s","wikidata":"http://www.wikidata.org/entity/Q23365300"}},{"type":"Feature","geometry":{"type":"Point","coordinates":[30.6205,28.7395]},"properties":{"name":"2018 Minya bus attack","date":"2018-11-02","deaths":"7","injured":null,"perpetrator":null,"country":"Egypt","group":"2010s","wikidata":"http://www.wikidata.org/entity/Q58101451"}},{"type":"Feature","geometry":{"type":"Point","coordinates":[31.23079,30.02378]},"properties":{"name":"2019 Cairo bombing","date":"2019-08-04","deaths":"20","injured":"47","perpetrator":null,"country":"Egypt","group":"2010s","wikidata":"http://www.wikidata.org/entity/Q66143162"}},{"type":"Feature","geometry":{"type":"Point","coordinates":[36.80352,-1.27017]},"properties":{"name":"2019 Nairobi attack","date":"2019-01-15","deaths":"21","injured":"30","perpetrator":null,"country":"Kenya","group":"2010s","wikidata":"http://www.wikidata.org/entity/Q60628970"}},{"type":"Feature","geometry":{"type":"Point","coordinates":[5.3947,43.2727]},"properties":{"name":"1983 Marseille exhibition bombing","date":"1983-09-30","deaths":null,"injured":null,"perpetrator":null,"country":"France","group":"1980s","wikidata":"http://www.wikidata.org/entity/Q56063739"}},{"type":"Feature","geometry":{"type":"Point","coordinates":[2.3075,48.8839]},"properties":{"name":"September 1982 Paris car bombing","date":"1982-09-17","deaths":null,"injured":null,"perpetrator":null,"country":"France","group":"1980s","wikidata":"http://www.wikidata.org/entity/Q56063813"}},{"type":"Feature","geometry":{"type":"Point","coordinates":[2.3379,48.8661]},"properties":{"name":"Grand Véfour restaurant bombing","date":null,"deaths":null,"injured":null,"perpetrator":null,"country":"France","group":"date not recorded","wikidata":"http://www.wikidata.org/entity/Q56063817"}},{"type":"Feature","geometry":{"type":"Point","coordinates":[2.35367,48.85692]},"properties":{"name":"Rivoli Beaubourg cinema bombing","date":"1985-03-29","deaths":"0","injured":"18","perpetrator":null,"country":"France","group":"1980s","wikidata":"http://www.wikidata.org/entity/Q56064522"}},{"type":"Feature","geometry":{"type":"Point","coordinates":[7.74889,48.58261]},"properties":{"name":"2018 Strasbourg attack","date":"2018-12-11","deaths":"5","injured":"11","perpetrator":"Chérif Chekatt","country":"France","group":"2010s","wikidata":"http://www.wikidata.org/entity/Q59647120"}},{"type":"Feature","geometry":{"type":"Point","coordinates":[4.83,45.75417]},"properties":{"name":"2019 Lyon bomb explosion","date":"2019-05-24","deaths":"0","injured":"14","perpetrator":null,"country":"France","group":"2010s","wikidata":"http://www.wikidata.org/entity/Q64062133"}},{"type":"Feature","geometry":{"type":"Point","coordinates":[3.05847,36.77597]},"properties":{"name":"Milk Bar Café bombing","date":"1956-09-30","deaths":"3","injured":"50","perpetrator":null,"country":"France","group":"1950s","wikidata":"http://www.wikidata.org/entity/Q76832368"}},{"type":"Feature","geometry":{"type":"Point","coordinates":[2.34889,48.79111]},"properties":{"name":"Villejuif stabbing","date":"2020-01-03","deaths":"2","injured":"2","perpetrator":null,"country":"France","group":"2020s","wikidata":"http://www.wikidata.org/entity/Q80815875"}},{"type":"Feature","geometry":{"type":"Point","coordinates":[5.05167,45.04639]},"properties":{"name":"2020 Romans-sur-Isère stabbing","date":"2020-04-04","deaths":"2","injured":"5","perpetrator":"Abdallah Ahmed-Osman","country":"France","group":"2020s","wikidata":"http://www.wikidata.org/entity/Q89463657"}},{"type":"Feature","geometry":{"type":"Point","coordinates":[2.25222,48.92361]},"properties":{"name":"Attack of the 27 April 2020 in Colombes","date":"2020-04-27","deaths":"0","injured":"2","perpetrator":"Youssef Tihlah","country":"France","group":"2020s","wikidata":"http://www.wikidata.org/entity/Q97187704"}},{"type":"Feature","geometry":{"type":"Point","coordinates":[-5.92297,54.5855]},"properties":{"name":"Red Lion Pub bombing","date":"1971-11-02","deaths":null,"injured":null,"perpetrator":null,"country":"United Kingdom","group":"1970s","wikidata":"http://www.wikidata.org/entity/Q55888062"}},{"type":"Feature","geometry":{"type":"Point","coordinates":[-0.15098,51.51237]},"properties":{"name":"1978 London bus attack","date":"1978-08-20","deaths":null,"injured":null,"perpetrator":null,"country":"United Kingdom","group":"1970s","wikidata":"http://www.wikidata.org/entity/Q56279845"}},{"type":"Feature","geometry":{"type":"Point","coordinates":[-7.63417,54.34417]},"properties":{"name":"Mortar attack on Enniskillen barracks","date":null,"deaths":null,"injured":null,"perpetrator":null,"country":"United Kingdom","group":"date not recorded","wikidata":"http://www.wikidata.org/entity/Q65118367"}},{"type":"Feature","geometry":{"type":"Point","coordinates":[-0.1493,51.4993]},"properties":{"name":"Talbot Arms pub bombing","date":"1974-11-30","deaths":"0","injured":"8","perpetrator":null,"country":"United Kingdom","group":"1970s","wikidata":"http://www.wikidata.org/entity/Q65119824"}},{"type":"Feature","geometry":{"type":"Point","coordinates":[-0.08756,51.50894]},"properties":{"name":"2019 London Bridge stabbing","date":"2019-11-29","deaths":"2","injured":"3","perpetrator":null,"country":"United Kingdom","group":"2010s","wikidata":"http://www.wikidata.org/entity/Q76824392"}},{"type":"Feature","geometry":{"type":"Point","coordinates":[-0.12936,51.43143]},"properties":{"name":"2020 Streatham stabbing","date":"2020-02-02","deaths":null,"injured":null,"perpetrator":"Sudesh Amman","country":"United Kingdom","group":"2020s","wikidata":"http://www.wikidata.org/entity/Q84258567"}},{"type":"Feature","geometry":{"type":"Point","coordinates":[-0.19639,51.56528]},"properties":{"name":"1993 Finchley Road bombings","date":"1993-10-02","deaths":null,"injured":null,"perpetrator":null,"country":"United Kingdom","group":"1990s","wikidata":"http://www.wikidata.org/entity/Q85726872"}},{"type":"Feature","geometry":{"type":"Point","coordinates":[0.0561,51.4874]},"properties":{"name":"Woolwich pub bombing","date":"1974-11-07","deaths":null,"injured":null,"perpetrator":null,"country":"United Kingdom","group":"1970s","wikidata":"http://www.wikidata.org/entity/Q96419676"}},{"type":"Feature","geometry":{"type":"Point","coordinates":[114.0355,22.4462]},"properties":{"name":"2019 Yuen Long attack","date":"2019-07-21","deaths":"0","injured":"45","perpetrator":"Tang Chi-hok","country":"People's Republic of China","group":"2010s","wikidata":"http://www.wikidata.org/entity/Q65767134"}},{"type":"Feature","geometry":{"type":"Point","coordinates":[114.28333,30.55278]},"properties":{"name":"1998 Wuhan bus bomb attack","date":"1998-02-14","deaths":"16","injured":"22","perpetrator":null,"country":"People's Republic of China","group":"1990s","wikidata":"http://www.wikidata.org/entity/Q68532830"}},{"type":"Feature","geometry":{"type":"Point","coordinates":[-43.34694,-21.76072]},"properties":{"name":"attempted assassination of Jair Bolsonaro","date":"2018-09-06","deaths":null,"injured":"1","perpetrator":"Adélio Bispo","country":"Brazil","group":"2010s","wikidata":"http://www.wikidata.org/entity/Q60999874"}},{"type":"Feature","geometry":{"type":"Point","coordinates":[39.72167,48.35361]},"properties":{"name":"Захват заложников в Суходольске","date":"1994-02-03","deaths":null,"injured":null,"perpetrator":null,"country":"Russia","group":"1990s","wikidata":"http://www.wikidata.org/entity/Q65158192"}},{"type":"Feature","geometry":{"type":"Point","coordinates":[13.38694,52.52028]},"properties":{"name":"Bombenanschlag auf die S-Bahn in Berlin im Februar 1943","date":"1943-02-24","deaths":null,"injured":null,"perpetrator":null,"country":"Germany","group":"1940s","wikidata":"http://www.wikidata.org/entity/Q56327430"}},{"type":"Feature","geometry":{"type":"Point","coordinates":[11.98032,51.49328]},"properties":{"name":"2019 Halle synagogue shooting","date":"2019-10-09","deaths":"2","injured":"2","perpetrator":"Stephan Balliet","country":"Germany","group":"2010s","wikidata":"http://www.wikidata.org/entity/Q70210494"}},{"type":"Feature","geometry":{"type":"Point","coordinates":[9.11776,51.40972]},"properties":{"name":"Volkmarsen ramming attack","date":"2020-02-24","deaths":"0","injured":"122","perpetrator":null,"country":"Germany","group":"2020s","wikidata":"http://www.wikidata.org/entity/Q86243453"}},{"type":"Feature","geometry":{"type":"Point","coordinates":[3.21694,36.69444]},"properties":{"name":"1992 Algiers bombings","date":"1992-08-26","deaths":"9","injured":"128","perpetrator":null,"country":"Algeria","group":"1990s","wikidata":"http://www.wikidata.org/entity/Q55692802"}},{"type":"Feature","geometry":{"type":"Point","coordinates":[2.8843,36.7698]},"properties":{"name":"attentat du Club des Pins","date":"1995-08-17","deaths":"2","injured":"7","perpetrator":null,"country":"Algeria","group":"1990s","wikidata":"http://www.wikidata.org/entity/Q62391759"}},{"type":"Feature","geometry":{"type":"Point","coordinates":[144.96657,-37.8132]},"properties":{"name":"2018 Melbourne stabbing attack","date":"2018-11-09","deaths":"2","injured":"2","perpetrator":null,"country":"Australia","group":"2010s","wikidata":"http://www.wikidata.org/entity/Q58380395"}},{"type":"Feature","geometry":{"type":"Point","coordinates":[-76.37199,-6.48862]},"properties":{"name":"Tarapoto massacre","date":"1989-05-31","deaths":"8","injured":null,"perpetrator":"Túpac Amaru Revolutionary Movement","country":"Peru","group":"1980s","wikidata":"http://www.wikidata.org/entity/Q64765769"}},{"type":"Feature","geometry":{"type":"Point","coordinates":[172.6118,-43.5329]},"properties":{"name":"Christchurch mosque shootings","date":"2019-03-15","deaths":"51","injured":"40","perpetrator":"Brenton Tarrant","country":"New Zealand","group":"2010s","wikidata":"http://www.wikidata.org/entity/Q62066211"}},{"type":"Feature","geometry":{"type":"Point","coordinates":[74.96444,33.96472]},"properties":{"name":"2019 Pulwama attack","date":"2019-02-14","deaths":"41","injured":"35","perpetrator":"Jaish-e-Mohammed","country":"India","group":"2010s","wikidata":"http://www.wikidata.org/entity/Q61732241"}},{"type":"Feature","geometry":{"type":"Point","coordinates":[84.23,20.47]},"properties":{"name":"2008 Kandhamal violence","date":"2008-08-25","deaths":null,"injured":null,"perpetrator":null,"country":"India","group":"2000s","wikidata":"http://www.wikidata.org/entity/Q96417401"}},{"type":"Feature","geometry":{"type":"Point","coordinates":[-74.13,4.59083]},"properties":{"name":"2019 Bogotá car bombing","date":"2019-01-17","deaths":"22","injured":"65","perpetrator":null,"country":"Colombia","group":"2010s","wikidata":"http://www.wikidata.org/entity/Q60668574"}},{"type":"Feature","geometry":{"type":"Point","coordinates":[48.64389,31.33556]},"properties":{"name":"2018 Ahvaz military parade attack","date":"2018-09-21","deaths":"29","injured":"53","perpetrator":null,"country":"Iran","group":"2010s","wikidata":"http://www.wikidata.org/entity/Q56691106"}},{"type":"Feature","geometry":{"type":"Point","coordinates":[44.3575,32.96861]},"properties":{"name":"2003 Latifiya ambush","date":"2003-11-29","deaths":"7","injured":"1","perpetrator":"Assembly of the Helpers of Sunnah","country":"Iraq","group":"2000s","wikidata":"http://www.wikidata.org/entity/Q57393172"}},{"type":"Feature","geometry":{"type":"Point","coordinates":[34.77389,32.07806]},"properties":{"name":"Q55648831","date":"1974-12-11","deaths":"2","injured":null,"perpetrator":null,"country":"Israel","group":"1970s","wikidata":"http://www.wikidata.org/entity/Q55648831"}},{"type":"Feature","geometry":{"type":"Point","coordinates":[35.17177,32.80606]},"properties":{"name":"Shfar'am bus attack","date":"2005-08-04","deaths":"4","injured":"12","perpetrator":"Eden Natan-Zada","country":"Israel","group":"2000s","wikidata":"http://www.wikidata.org/entity/Q55650910"}},{"type":"Feature","geometry":{"type":"Point","coordinates":[35.17711,31.74274]},"properties":{"name":"Murder of Ori Ansbacher","date":"2019-02-07","deaths":"1","injured":null,"perpetrator":null,"country":"Israel","group":"2010s","wikidata":"http://www.wikidata.org/entity/Q61702304"}},{"type":"Feature","geometry":{"type":"Point","coordinates":[35.21869,31.78172]},"properties":{"name":"Q62026498","date":"1997-09-04","deaths":"5","injured":null,"perpetrator":null,"country":"Israel","group":"1990s","wikidata":"http://www.wikidata.org/entity/Q62026498"}},{"type":"Feature","geometry":{"type":"Point","coordinates":[35.23167,31.75069]},"properties":{"name":"Q64777454","date":"2019-01-10","deaths":"2","injured":"0","perpetrator":"Wasim a-Sayed","country":"Israel","group":"2010s","wikidata":"http://www.wikidata.org/entity/Q64777454"}},{"type":"Feature","geometry":{"type":"Point","coordinates":[79.86667,6.93333]},"properties":{"name":"2019 Sri Lanka bombings","date":"2019-04-21","deaths":"269","injured":"500","perpetrator":"National Thowheeth Jama'ath","country":"Sri Lanka","group":"2010s","wikidata":"http://www.wikidata.org/entity/Q63245644"}},{"type":"Feature","geometry":{"type":"Point","coordinates":[37.95639,36.52667]},"properties":{"name":"2019 Manbij bombing","date":"2019-01-16","deaths":"19","injured":null,"perpetrator":null,"country":"Syria","group":"2010s","wikidata":"http://www.wikidata.org/entity/Q60679808"}},{"type":"Feature","geometry":{"type":"Point","coordinates":[36.8694,36.51194]},"properties":{"name":"2020 Afrin bombing","date":"2020-04-28","deaths":"53","injured":"50","perpetrator":null,"country":"Syria","group":"2020s","wikidata":"http://www.wikidata.org/entity/Q92408810"}},{"type":"Feature","geometry":{"type":"Point","coordinates":[68.86972,34.39722]},"properties":{"name":"Maidan Shar attack","date":"2019-01-21","deaths":"129","injured":"70","perpetrator":null,"country":"Afghanistan","group":"2010s","wikidata":"http://www.wikidata.org/entity/Q60774860"}},{"type":"Feature","geometry":{"type":"Point","coordinates":[69.11417,34.49722]},"properties":{"name":"August 2019 Kabul bombing","date":"2019-08-07","deaths":"14","injured":"145","perpetrator":null,"country":"Afghanistan","group":"2010s","wikidata":"http://www.wikidata.org/entity/Q66363332"}},{"type":"Feature","geometry":{"type":"Point","coordinates":[69.14522,34.50072]},"properties":{"name":"17 August 2019 Kabul bombing","date":"2019-08-17","deaths":"64","injured":"182","perpetrator":"Islamic State","country":"Afghanistan","group":"2010s","wikidata":"http://www.wikidata.org/entity/Q66554821"}},{"type":"Feature","geometry":{"type":"Point","coordinates":[69.1658,34.5328]},"properties":{"name":"Kabul University bombing","date":"2019-07-19","deaths":null,"injured":null,"perpetrator":null,"country":"Afghanistan","group":"2010s","wikidata":"http://www.wikidata.org/entity/Q67440373"}},{"type":"Feature","geometry":{"type":"Point","coordinates":[69.187,34.512]},"properties":{"name":"Kabul gurdwara attack","date":"2020-03-25","deaths":"25","injured":null,"perpetrator":null,"country":"Afghanistan","group":"2020s","wikidata":"http://www.wikidata.org/entity/Q88650751"}},{"type":"Feature","geometry":{"type":"Point","coordinates":[121.0009,6.0526]},"properties":{"name":"2019 Jolo Cathedral bombing","date":"2019-01-27","deaths":"20","injured":"102","perpetrator":"Ajang Ajang Group","country":"Philippines","group":"2010s","wikidata":"http://www.wikidata.org/entity/Q61042203"}},{"type":"Feature","geometry":{"type":"Point","coordinates":[125.64583,7.12528]},"properties":{"name":"Davao Airport bombing","date":"2003-03-04","deaths":null,"injured":null,"perpetrator":null,"country":"Philippines","group":"2000s","wikidata":"http://www.wikidata.org/entity/Q61098945"}},{"type":"Feature","geometry":{"type":"Point","coordinates":[0.8819,13.2323]},"properties":{"name":"Pansi attack","date":"2020-02-16","deaths":"24","injured":null,"perpetrator":null,"country":"Burkina Faso","group":"2020s","wikidata":"http://www.wikidata.org/entity/Q85792062"}},{"type":"Feature","geometry":{"type":"Point","coordinates":[2.99889,15.2325]},"properties":{"name":"2020 Tillabéri attack","date":"2020-01-09","deaths":null,"injured":null,"perpetrator":null,"country":"Niger","group":"2020s","wikidata":"http://www.wikidata.org/entity/Q81674042"}},{"type":"Feature","geometry":{"type":"Point","coordinates":[45.33333,2.03333]},"properties":{"name":"November 2018 Mogadishu attack","date":"2018-11-09","deaths":null,"injured":null,"perpetrator":null,"country":"Somalia","group":"2010s","wikidata":"http://www.wikidata.org/entity/Q58447665"}},{"type":"Feature","geometry":{"type":"Point","coordinates":[45.33333,2.03333]},"properties":{"name":"22 July 2019 Mogadishu bombing","date":"2019-07-22","deaths":null,"injured":null,"perpetrator":"Al-Shabaab","country":"Somalia","group":"2010s","wikidata":"http://www.wikidata.org/entity/Q66744611"}},{"type":"Feature","geometry":{"type":"Point","coordinates":[45.33333,2.03333]},"properties":{"name":"24 July 2019 Mogadishu bombing","date":"2019-07-24","deaths":null,"injured":null,"perpetrator":null,"country":"Somalia","group":"2010s","wikidata":"http://www.wikidata.org/entity/Q66744617"}},{"type":"Feature","geometry":{"type":"Point","coordinates":[45.28278,2.045]},"properties":{"name":"December 2019 Mogadishu bombing","date":"2019-12-28","deaths":"91","injured":"80","perpetrator":null,"country":"Somalia","group":"2010s","wikidata":"http://www.wikidata.org/entity/Q80101804"}},{"type":"Feature","geometry":{"type":"Point","coordinates":[14.42116,50.08771]},"properties":{"name":"1990 Bomb attack in Old Town Square","date":"1990-06-02","deaths":"0","injured":"18","perpetrator":null,"country":"Czechoslovakia","group":"1990s","wikidata":"http://www.wikidata.org/entity/Q61081608"}},{"type":"Feature","geometry":{"type":"Point","coordinates":[35.12281,32.10667]},"properties":{"name":"2018 Barkan Industrial Park shooting","date":"2018-10-07","deaths":"2","injured":"1","perpetrator":"Ashraf Naalwa","country":"West Bank","group":"2010s","wikidata":"http://www.wikidata.org/entity/Q57044490"}},{"type":"Feature","geometry":{"type":"Point","coordinates":[35.14351,32.11]},"properties":{"name":"2019 Samaria combined attack","date":"2019-03-17","deaths":"2","injured":"1","perpetrator":null,"country":"West Bank","group":"2010s","wikidata":"http://www.wikidata.org/entity/Q62168449"}},{"type":"Feature","geometry":{"type":"Point","coordinates":[35.25728,32.11542]},"properties":{"name":"Killing of Aisha al-Rabi","date":"2018-10-12","deaths":"1","injured":null,"perpetrator":null,"country":"Palestine","group":"2010s","wikidata":"http://www.wikidata.org/entity/Q60606850"}},{"type":"Feature","geometry":{"type":"Point","coordinates":[13.32491,52.50227]},"properties":{"name":"Bombing of French consulate in West Berlin","date":"1983-08-25","deaths":"1","injured":"23","perpetrator":null,"country":"West Germany","group":"1980s","wikidata":"http://www.wikidata.org/entity/Q63757502"}},{"type":"Feature","geometry":{"type":"Point","coordinates":[-73.56653,45.50008]},"properties":{"name":"1984 Montreal bombing","date":"1984-09-03","deaths":"3","injured":null,"perpetrator":"Thomas Bernard Brigham","country":"Canada","group":"1980s","wikidata":"http://www.wikidata.org/entity/Q21428273"}},{"type":"Feature","geometry":{"type":"Point","coordinates":[-70.6333,47.2]},"properties":{"name":"1949 Sault-au-Cochon air tragedy","date":"1949-09-09","deaths":null,"injured":null,"perpetrator":null,"country":"Canada","group":"1940s","wikidata":"http://www.wikidata.org/entity/Q23043241"}},{"type":"Feature","geometry":{"type":"Point","coordinates":[13.38694,52.52028]},"properties":{"name":"Bombenanschlag auf den Bahnhof Friedrichstraße in Berlin im April 1943","date":"1943-04-10","deaths":null,"injured":null,"perpetrator":null,"country":"German Reich","group":"1940s","wikidata":"http://www.wikidata.org/entity/Q56327421"}},{"type":"Feature","geometry":{"type":"Point","coordinates":[1.2528,41.1175]},"properties":{"name":"1990 Tarragona bombing","date":"1990-09-09","deaths":null,"injured":null,"perpetrator":null,"country":"Spain","group":"1990s","wikidata":"http://www.wikidata.org/entity/Q21192816"}},{"type":"Feature","geometry":{"type":"Point","coordinates":[-120.4235,37.366]},"properties":{"name":"University of California, Merced stabbing attack","date":"2015-11-04","deaths":"1","injured":"4","perpetrator":null,"country":"United States","group":"2010s","wikidata":"http://www.wikidata.org/entity/Q22025843"}},{"type":"Feature","geometry":{"type":"Point","coordinates":[-81.37681,28.51958]},"properties":{"name":"Orlando nightclub shooting","date":"2016-06-12","deaths":"50","injured":"53","perpetrator":"Omar Mateen","country":"United States","group":"2010s","wikidata":"http://www.wikidata.org/entity/Q24561572"}},{"type":"Feature","geometry":{"type":"Point","coordinates":[16.45469,59.60914]},"properties":{"name":"2015 Ikea stabbing attack","date":"2015-08-10","deaths":null,"injured":null,"perpetrator":null,"country":"Sweden","group":"2010s","wikidata":"http://www.wikidata.org/entity/Q22087810"}},{"type":"Feature","geometry":{"type":"Point","coordinates":[38.42694,36.97639]},"properties":{"name":"2015 Suruç bombing","date":"2015-07-20","deaths":"33","injured":"104","perpetrator":null,"country":"Turkey","group":"2010s","wikidata":"http://www.wikidata.org/entity/Q20685047"}},{"type":"Feature","geometry":{"type":"Point","coordinates":[40.21694,37.91333]},"properties":{"name":"2015 Diyarbakır rally bombings","date":"2015-06-05","deaths":"4","injured":null,"perpetrator":null,"country":"Turkey","group":"2010s","wikidata":"http://www.wikidata.org/entity/Q20732036"}},{"type":"Feature","geometry":{"type":"Point","coordinates":[32.8438,39.9364]},"properties":{"name":"2015 Ankara bombings","date":"2015-10-10","deaths":"95","injured":"400","perpetrator":null,"country":"Turkey","group":"2010s","wikidata":"http://www.wikidata.org/entity/Q21083277"}},{"type":"Feature","geometry":{"type":"Point","coordinates":[28.89333,41.10806]},"properties":{"name":"2012 Sultangazi attack","date":"2012-09-11","deaths":"2","injured":"7","perpetrator":null,"country":"Turkey","group":"2010s","wikidata":"http://www.wikidata.org/entity/Q21682476"}},{"type":"Feature","geometry":{"type":"Point","coordinates":[28.97741,41.00616]},"properties":{"name":"2016 Istanbul bombing","date":"2016-01-12","deaths":"11","injured":"14","perpetrator":null,"country":"Turkey","group":"2010s","wikidata":"http://www.wikidata.org/entity/Q22039066"}},{"type":"Feature","geometry":{"type":"Point","coordinates":[29.30917,40.89833]},"properties":{"name":"2015 Sabiha Gökçen Airport bombing","date":"2015-12-23","deaths":"1","injured":"1","perpetrator":null,"country":"Turkey","group":"2010s","wikidata":"http://www.wikidata.org/entity/Q22087833"}},{"type":"Feature","geometry":{"type":"Point","coordinates":[32.8438,39.9364]},"properties":{"name":"February 2016 Ankara bombing","date":"2016-02-17","deaths":"28","injured":"61","perpetrator":null,"country":"Turkey","group":"2010s","wikidata":"http://www.wikidata.org/entity/Q22812485"}},{"type":"Feature","geometry":{"type":"Point","coordinates":[40.65194,38.45494]},"properties":{"name":"2016 Diyarbakır bombing","date":"2016-02-18","deaths":"6","injured":null,"perpetrator":null,"country":"Turkey","group":"2010s","wikidata":"http://www.wikidata.org/entity/Q22829531"}},{"type":"Feature","geometry":{"type":"Point","coordinates":[32.8536,39.91996]},"properties":{"name":"March 2016 Ankara bombing","date":"2016-03-13","deaths":"37","injured":"125","perpetrator":null,"country":"Turkey","group":"2010s","wikidata":"http://www.wikidata.org/entity/Q23045905"}},{"type":"Feature","geometry":{"type":"Point","coordinates":[28.98111,41.035]},"properties":{"name":"2016 March Istanbul bombing","date":"2016-03-19","deaths":"5","injured":null,"perpetrator":null,"country":"Turkey","group":"2010s","wikidata":"http://www.wikidata.org/entity/Q23288674"}},{"type":"Feature","geometry":{"type":"Point","coordinates":[37.37397,37.06752]},"properties":{"name":"2016 Gaziantep bombing","date":"2016-05-01","deaths":"3","injured":null,"perpetrator":null,"country":"Turkey","group":"2010s","wikidata":"http://www.wikidata.org/entity/Q24039849"}},{"type":"Feature","geometry":{"type":"Point","coordinates":[28.95872,41.01245]},"properties":{"name":"June 2016 Istanbul bombing","date":"2016-06-07","deaths":"11","injured":"51","perpetrator":null,"country":"Turkey","group":"2010s","wikidata":"http://www.wikidata.org/entity/Q24391822"}},{"type":"Feature","geometry":{"type":"Point","coordinates":[34.178,30.1506]},"properties":{"name":"Metrojet Flight 9268","date":"2015-10-31","deaths":"7","injured":null,"perpetrator":null,"country":"Egypt","group":"2010s","wikidata":"http://www.wikidata.org/entity/Q21282782"}},{"type":"Feature","geometry":{"type":"Point","coordinates":[33.81167,27.25778]},"properties":{"name":"2016 Hurghada attack","date":"2016-01-08","deaths":"1","injured":"3","perpetrator":null,"country":"Egypt","group":"2010s","wikidata":"http://www.wikidata.org/entity/Q22082836"}},{"type":"Feature","geometry":{"type":"Point","coordinates":[3.00606,50.46864]},"properties":{"name":"2015 Thalys train attack","date":"2015-08-21","deaths":"0","injured":"3","perpetrator":null,"country":"France","group":"2010s","wikidata":"http://www.wikidata.org/entity/Q20857086"}},{"type":"Feature","geometry":{"type":"Point","coordinates":[2.37064,48.86303]},"properties":{"name":"November 2015 Paris attacks","date":"2015-11-13","deaths":"137","injured":"413","perpetrator":null,"country":"France","group":"2010s","wikidata":"http://www.wikidata.org/entity/Q21479779"}},{"type":"Feature","geometry":{"type":"Point","coordinates":[2.35181,48.88531]},"properties":{"name":"January 2016 Paris attack","date":"2016-01-07","deaths":"1","injured":"0","perpetrator":null,"country":"France","group":"2010s","wikidata":"http://www.wikidata.org/entity/Q21993631"}},{"type":"Feature","geometry":{"type":"Point","coordinates":[0.6622,47.352]},"properties":{"name":"2014 Tours police station stabbing","date":"2014-12-20","deaths":"1","injured":"3","perpetrator":null,"country":"France","group":"2010s","wikidata":"http://www.wikidata.org/entity/Q22935604"}},{"type":"Feature","geometry":{"type":"Point","coordinates":[2.35056,48.88361]},"properties":{"name":"Barbès attack","date":"1941-08-21","deaths":"1","injured":null,"perpetrator":null,"country":"France","group":"1940s","wikidata":"http://www.wikidata.org/entity/Q22999762"}},{"type":"Feature","geometry":{"type":"Point","coordinates":[1.68278,48.96806]},"properties":{"name":"2016 Magnanville stabbing","date":"2016-06-13","deaths":"3","injured":"0","perpetrator":"Mohamed Lamine Aberouz","country":"France","group":"2010s","wikidata":"http://www.wikidata.org/entity/Q24576744"}},{"type":"Feature","geometry":{"type":"Point","coordinates":[-0.1018,51.5158]},"properties":{"name":"1973 Old Bailey Bombing","date":"1973-03-08","deaths":"1","injured":"200","perpetrator":null,"country":"United Kingdom","group":"1970s","wikidata":"http://www.wikidata.org/entity/Q21592163"}},{"type":"Feature","geometry":{"type":"Point","coordinates":[-0.0983,51.2882]},"properties":{"name":"Caterham Arms pub bombing","date":"1975-08-27","deaths":null,"injured":null,"perpetrator":null,"country":"United Kingdom","group":"1970s","wikidata":"http://www.wikidata.org/entity/Q22083736"}},{"type":"Feature","geometry":{"type":"Point","coordinates":[-0.16807,51.4937]},"properties":{"name":"Walton's Restaurant bombing","date":"1975-11-18","deaths":null,"injured":null,"perpetrator":null,"country":"United Kingdom","group":"1970s","wikidata":"http://www.wikidata.org/entity/Q23808596"}},{"type":"Feature","geometry":{"type":"Point","coordinates":[-0.1508,51.5099]},"properties":{"name":"Scott's Oyster Bar bombing","date":"1975-11-12","deaths":null,"injured":null,"perpetrator":null,"country":"United Kingdom","group":"1970s","wikidata":"http://www.wikidata.org/entity/Q24196713"}},{"type":"Feature","geometry":{"type":"Point","coordinates":[-1.661,53.7315]},"properties":{"name":"murder of Jo Cox","date":"2016-06-16","deaths":"1","injured":"1","perpetrator":"Thomas Mair","country":"United Kingdom","group":"2010s","wikidata":"http://www.wikidata.org/entity/Q24661988"}},{"type":"Feature","geometry":{"type":"Point","coordinates":[7.00244,51.47022]},"properties":{"name":"Attentat du 16 avril 2016 à Essen","date":"2016-04-16","deaths":null,"injured":null,"perpetrator":null,"country":"Germany","group":"2010s","wikidata":"http://www.wikidata.org/entity/Q23899171"}},{"type":"Feature","geometry":{"type":"Point","coordinates":[106.82316,-6.18682]},"properties":{"name":"2016 Jakarta attacks","date":"2016-01-14","deaths":"8","injured":"24","perpetrator":null,"country":"Indonesia","group":"2010s","wikidata":"http://www.wikidata.org/entity/Q22067779"}},{"type":"Feature","geometry":{"type":"Point","coordinates":[106.80332,-6.23858]},"properties":{"name":"Q22075598","date":"2003-02-03","deaths":null,"injured":null,"perpetrator":null,"country":"Indonesia","group":"2000s","wikidata":"http://www.wikidata.org/entity/Q22075598"}},{"type":"Feature","geometry":{"type":"Point","coordinates":[15.07222,12.11639]},"properties":{"name":"2015 N'Djamena bombings","date":"2015-06-15","deaths":"59","injured":null,"perpetrator":null,"country":"Chad","group":"2010s","wikidata":"http://www.wikidata.org/entity/Q20637179"}},{"type":"Feature","geometry":{"type":"Point","coordinates":[14.31278,13.53833]},"properties":{"name":"2015 Chad suicide bombings","date":"2015-10-10","deaths":"36","injured":null,"perpetrator":null,"country":"Chad","group":"2010s","wikidata":"http://www.wikidata.org/entity/Q21124472"}},{"type":"Feature","geometry":{"type":"Point","coordinates":[75.63444,32.23361]},"properties":{"name":"2016 Pathankot attack","date":"2016-01-05","deaths":"13","injured":"20","perpetrator":null,"country":"India","group":"2010s","wikidata":"http://www.wikidata.org/entity/Q21931407"}},{"type":"Feature","geometry":{"type":"Point","coordinates":[44.53607,33.57181]},"properties":{"name":"2015 Khan Bani Saad bombing","date":"2015-07-17","deaths":"125","injured":"130","perpetrator":null,"country":"Iraq","group":"2010s","wikidata":"http://www.wikidata.org/entity/Q20679588"}},{"type":"Feature","geometry":{"type":"Point","coordinates":[44.45833,33.38889]},"properties":{"name":"2015 Baghdad truck bombing","date":"2015-08-13","deaths":"76","injured":"212","perpetrator":null,"country":"Iraq","group":"2010s","wikidata":"http://www.wikidata.org/entity/Q20817352"}},{"type":"Feature","geometry":{"type":"Point","coordinates":[44.43585,32.49309]},"properties":{"name":"Iskandariya suicide bombing","date":"2016-03-25","deaths":"41","injured":"105","perpetrator":null,"country":"Iraq","group":"2010s","wikidata":"http://www.wikidata.org/entity/Q23542317"}},{"type":"Feature","geometry":{"type":"Point","coordinates":[44.4333,33.3333]},"properties":{"name":"April 2016 Baghdad bombing","date":"2016-04-30","deaths":"38","injured":"86","perpetrator":null,"country":"Iraq","group":"2010s","wikidata":"http://www.wikidata.org/entity/Q23954764"}},{"type":"Feature","geometry":{"type":"Point","coordinates":[44.4333,33.3333]},"properties":{"name":"17 May 2016 Baghdad bombings","date":"2016-05-17","deaths":null,"injured":null,"perpetrator":null,"country":"Iraq","group":"2010s","wikidata":"http://www.wikidata.org/entity/Q24207163"}},{"type":"Feature","geometry":{"type":"Point","coordinates":[34.7981,31.25048]},"properties":{"name":"Beersheba bus bombings","date":"2004-08-31","deaths":"19","injured":"100","perpetrator":null,"country":"Israel","group":"2000s","wikidata":"http://www.wikidata.org/entity/Q21093452"}},{"type":"Feature","geometry":{"type":"Point","coordinates":[34.79667,31.2425]},"properties":{"name":"Beersheva bus station shooting","date":"2015-10-18","deaths":"3","injured":"11","perpetrator":null,"country":"Israel","group":"2010s","wikidata":"http://www.wikidata.org/entity/Q21154256"}},{"type":"Feature","geometry":{"type":"Point","coordinates":[35.22,31.75]},"properties":{"name":"Killing of Alexander Levlovich","date":"2015-09-13","deaths":"1","injured":"2","perpetrator":null,"country":"Israel","group":"2010s","wikidata":"http://www.wikidata.org/entity/Q21167967"}},{"type":"Feature","geometry":{"type":"Point","coordinates":[34.77187,32.04128]},"properties":{"name":"2015 Tel Aviv synagogue stabbing","date":"2015-11-19","deaths":"2","injured":"1","perpetrator":null,"country":"Israel","group":"2010s","wikidata":"http://www.wikidata.org/entity/Q22087801"}},{"type":"Feature","geometry":{"type":"Point","coordinates":[34.76596,32.07685]},"properties":{"name":"2016 Tel Aviv stabbings","date":"2016-03-08","deaths":"1","injured":"11","perpetrator":null,"country":"Israel","group":"2010s","wikidata":"http://www.wikidata.org/entity/Q23019045"}},{"type":"Feature","geometry":{"type":"Point","coordinates":[34.78622,32.07243]},"properties":{"name":"June 2016 Tel Aviv shooting","date":"2016-06-08","deaths":"4","injured":"21","perpetrator":null,"country":"Israel","group":"2010s","wikidata":"http://www.wikidata.org/entity/Q24454786"}},{"type":"Feature","geometry":{"type":"Point","coordinates":[35.50333,33.84833]},"properties":{"name":"2015 Beirut bombings","date":"2015-11-12","deaths":"43","injured":"240","perpetrator":null,"country":"Lebanon","group":"2010s","wikidata":"http://www.wikidata.org/entity/Q21470354"}},{"type":"Feature","geometry":{"type":"Point","coordinates":[72.37961,33.9225]},"properties":{"name":"2015 Attock Suicide Attack","date":"2015-08-16","deaths":"22","injured":null,"perpetrator":null,"country":"Pakistan","group":"2010s","wikidata":"http://www.wikidata.org/entity/Q20824991"}},{"type":"Feature","geometry":{"type":"Point","coordinates":[68.45139,28.27694]},"properties":{"name":"2015 Jacobabad bombing","date":"2015-10-23","deaths":"22","injured":null,"perpetrator":null,"country":"Pakistan","group":"2010s","wikidata":"http://www.wikidata.org/entity/Q21263964"}},{"type":"Feature","geometry":{"type":"Point","coordinates":[40.37139,36.65861]},"properties":{"name":"Tell Tamer bombings","date":"2015-12-11","deaths":"60","injured":null,"perpetrator":null,"country":"Syria","group":"2010s","wikidata":"http://www.wikidata.org/entity/Q21769904"}},{"type":"Feature","geometry":{"type":"Point","coordinates":[36.34083,33.44444]},"properties":{"name":"2016 Sayyidah Zaynab bombings","date":"2016-01-31","deaths":"71","injured":"40","perpetrator":"Islamic State","country":"Syria","group":"2010s","wikidata":"http://www.wikidata.org/entity/Q22343579"}},{"type":"Feature","geometry":{"type":"Point","coordinates":[36.71667,34.73333]},"properties":{"name":"February 2016 Homs bombings","date":"2016-02-21","deaths":"64","injured":null,"perpetrator":null,"country":"Syria","group":"2010s","wikidata":"http://www.wikidata.org/entity/Q22924593"}},{"type":"Feature","geometry":{"type":"Point","coordinates":[100.54024,13.74447]},"properties":{"name":"2015 Bangkok bombing","date":"2015-08-17","deaths":"20","injured":"125","perpetrator":null,"country":"Thailand","group":"2010s","wikidata":"http://www.wikidata.org/entity/Q20826727"}},{"type":"Feature","geometry":{"type":"Point","coordinates":[69.2075,34.5553]},"properties":{"name":"April 2016 Kabul attack","date":"2016-04-19","deaths":"71","injured":"367","perpetrator":null,"country":"Afghanistan","group":"2010s","wikidata":"http://www.wikidata.org/entity/Q23890868"}},{"type":"Feature","geometry":{"type":"Point","coordinates":[-8.0308,12.6352]},"properties":{"name":"2015 Bamako hotel attack","date":"2015-11-20","deaths":"20","injured":"9","perpetrator":"Al-Mourabitoun","country":"Mali","group":"2010s","wikidata":"http://www.wikidata.org/entity/Q21516923"}},{"type":"Feature","geometry":{"type":"Point","coordinates":[10.18463,36.81099]},"properties":{"name":"2015 Tunis bombing","date":"2015-11-24","deaths":"14","injured":"20","perpetrator":null,"country":"Tunisia","group":"2010s","wikidata":"http://www.wikidata.org/entity/Q21541716"}},{"type":"Feature","geometry":{"type":"Point","coordinates":[11.21611,33.13306]},"properties":{"name":"Battle of Ben Guerdane","date":"2016-03-07","deaths":null,"injured":null,"perpetrator":null,"country":"Tunisia","group":"2010s","wikidata":"http://www.wikidata.org/entity/Q23011813"}},{"type":"Feature","geometry":{"type":"Point","coordinates":[-1.51806,12.36111]},"properties":{"name":"2016 Ouagadougou attacks","date":"2016-01-16","deaths":"30","injured":"150","perpetrator":null,"country":"Burkina Faso","group":"2010s","wikidata":"http://www.wikidata.org/entity/Q22082207"}},{"type":"Feature","geometry":{"type":"Point","coordinates":[-3.73333,5.2]},"properties":{"name":"2016 Grand-Bassam shootings","date":"2016-03-13","deaths":"22","injured":"33","perpetrator":null,"country":"Ivory Coast","group":"2010s","wikidata":"http://www.wikidata.org/entity/Q23045756"}},{"type":"Feature","geometry":{"type":"Point","coordinates":[14.56667,32.46667]},"properties":{"name":"Zliten truck bombing","date":"2016-01-07","deaths":"60","injured":"200","perpetrator":"Islamic State in Libya","country":"Libya","group":"2010s","wikidata":"http://www.wikidata.org/entity/Q21993814"}},{"type":"Feature","geometry":{"type":"Point","coordinates":[-7.99306,31.62444]},"properties":{"name":"1994 Marrakesh attack","date":"1994-08-24","deaths":"2","injured":"1","perpetrator":null,"country":"Morocco","group":"1990s","wikidata":"http://www.wikidata.org/entity/Q21619023"}},{"type":"Feature","geometry":{"type":"Point","coordinates":[13.15,11.83333]},"properties":{"name":"September 2015 Borno State bombings","date":"2015-09-20","deaths":"117","injured":null,"perpetrator":null,"country":"Nigeria","group":"2010s","wikidata":"http://www.wikidata.org/entity/Q21007590"}},{"type":"Feature","geometry":{"type":"Point","coordinates":[13.92167,12.0375]},"properties":{"name":"Dikwa suicide bombings","date":"2016-02-09","deaths":"56","injured":null,"perpetrator":null,"country":"Nigeria","group":"2010s","wikidata":"http://www.wikidata.org/entity/Q22679448"}},{"type":"Feature","geometry":{"type":"Point","coordinates":[45.35,2.0333]},"properties":{"name":"June 2016 Mogadishu attacks","date":"2016-01-01","deaths":null,"injured":null,"perpetrator":null,"country":"Somalia","group":"2010s","wikidata":"http://www.wikidata.org/entity/Q24843178"}},{"type":"Feature","geometry":{"type":"Point","coordinates":[24.94803,60.16278]},"properties":{"name":"Kasarmikatu bomb attack","date":"1906-09-25","deaths":"0","injured":"1","perpetrator":null,"country":"Russian Empire","group":"1900s","wikidata":"http://www.wikidata.org/entity/Q23045136"}},{"type":"Feature","geometry":{"type":"Point","coordinates":[35.34983,32.04221]},"properties":{"name":"2015 Shuvat Rachel shooting","date":"2015-06-29","deaths":"1","injured":"3","perpetrator":null,"country":"Palestine","group":"2010s","wikidata":"http://www.wikidata.org/entity/Q20717774"}},{"type":"Feature","geometry":{"type":"Point","coordinates":[-81.33,42.99472]},"properties":{"name":"London, Ontario truck attack","date":"2021-06-06","deaths":"4","injured":"1","perpetrator":null,"country":"Canada","group":"2020s","wikidata":"http://www.wikidata.org/entity/Q107148984"}},{"type":"Feature","geometry":{"type":"Point","coordinates":[10.74056,59.91528]},"properties":{"name":"2022 Oslo shooting","date":"2022-06-25","deaths":"2","injured":"21","perpetrator":"Zaniar Matapour","country":"Norway","group":"2020s","wikidata":"http://www.wikidata.org/entity/Q112695273"}},{"type":"Feature","geometry":{"type":"Point","coordinates":[-1.64021,42.81241]},"properties":{"name":"1979 Cafetería Moicano attack","date":"1979-04-05","deaths":"1","injured":"0","perpetrator":"Euskadi Ta Askatasuna","country":"Spain","group":"1970s","wikidata":"http://www.wikidata.org/entity/Q111314232"}},{"type":"Feature","geometry":{"type":"Point","coordinates":[-86.77639,36.16389]},"properties":{"name":"2020 Nashville bombing","date":"2020-12-25","deaths":"1","injured":"3","perpetrator":"Anthony Quinn Warner","country":"United States","group":"2020s","wikidata":"http://www.wikidata.org/entity/Q104511862"}},{"type":"Feature","geometry":{"type":"Point","coordinates":[-77.0083,38.8916]},"properties":{"name":"April 2021 United States Capitol attack","date":"2021-04-02","deaths":"2","injured":"1","perpetrator":null,"country":"United States","group":"2020s","wikidata":"http://www.wikidata.org/entity/Q106330459"}},{"type":"Feature","geometry":{"type":"Point","coordinates":[-93.2976,44.94824]},"properties":{"name":"killing of Deona Knajdek","date":"2021-06-13","deaths":"1","injured":"4","perpetrator":null,"country":"United States","group":"2020s","wikidata":"http://www.wikidata.org/entity/Q107265586"}},{"type":"Feature","geometry":{"type":"Point","coordinates":[-80.1291,25.7952]},"properties":{"name":"1973 Miami Beach firebombing","date":"1973-02-02","deaths":null,"injured":null,"perpetrator":null,"country":"United States","group":"1970s","wikidata":"http://www.wikidata.org/entity/Q107570942"}},{"type":"Feature","geometry":{"type":"Point","coordinates":[-84.366,33.809]},"properties":{"name":"Otherside Lounge bombing","date":"1997-02-21","deaths":"0","injured":"5","perpetrator":"Eric Rudolph","country":"United States","group":"1990s","wikidata":"http://www.wikidata.org/entity/Q108027737"}},{"type":"Feature","geometry":{"type":"Point","coordinates":[-89.68722,35.0475]},"properties":{"name":"Collierville Kroger shooting","date":"2021-09-23","deaths":null,"injured":null,"perpetrator":"Uk Thang","country":"United States","group":"2020s","wikidata":"http://www.wikidata.org/entity/Q108829168"}},{"type":"Feature","geometry":{"type":"Point","coordinates":[-85.83114,33.65812]},"properties":{"name":"Anniston bus bombing","date":"1961-05-14","deaths":null,"injured":null,"perpetrator":null,"country":"United States","group":"1960s","wikidata":"http://www.wikidata.org/entity/Q109236516"}},{"type":"Feature","geometry":{"type":"Point","coordinates":[-88.22917,43.01222]},"properties":{"name":"2021 Waukesha Christmas Parade attack","date":"2021-11-21","deaths":"6","injured":"62","perpetrator":"Darrell Edward Brooks Jr.","country":"United States","group":"2020s","wikidata":"http://www.wikidata.org/entity/Q109666980"}},{"type":"Feature","geometry":{"type":"Point","coordinates":[-78.85278,42.90972]},"properties":{"name":"2022 Buffalo shooting","date":"2022-05-15","deaths":"10","injured":"3","perpetrator":"Payton Gendron","country":"United States","group":"2020s","wikidata":"http://www.wikidata.org/entity/Q112016492"}},{"type":"Feature","geometry":{"type":"Point","coordinates":[15.08239,57.42589]},"properties":{"name":"Vetlanda stabbing attack","date":"2021-03-03","deaths":null,"injured":null,"perpetrator":null,"country":"Sweden","group":"2020s","wikidata":"http://www.wikidata.org/entity/Q105753750"}},{"type":"Feature","geometry":{"type":"Point","coordinates":[16.37463,48.21198]},"properties":{"name":"2020 Vienna attacks","date":"2020-11-02","deaths":"4","injured":"23","perpetrator":null,"country":"Austria","group":"2020s","wikidata":"http://www.wikidata.org/entity/Q101095813"}},{"type":"Feature","geometry":{"type":"Point","coordinates":[16.20306,47.28778]},"properties":{"name":"Oberwart attack","date":"1995-02-05","deaths":"4","injured":null,"perpetrator":null,"country":"Austria","group":"1990s","wikidata":"http://www.wikidata.org/entity/Q108148283"}},{"type":"Feature","geometry":{"type":"Point","coordinates":[23.727,37.899]},"properties":{"name":"1973 Athens Hellinikon International Airport attack","date":"1973-08-05","deaths":null,"injured":null,"perpetrator":null,"country":"Greece","group":"1970s","wikidata":"http://www.wikidata.org/entity/Q108179361"}},{"type":"Feature","geometry":{"type":"Point","coordinates":[29.04382,41.00325]},"properties":{"name":"2004 Acıbadem bombing","date":null,"deaths":null,"injured":null,"perpetrator":null,"country":"Turkey","group":"date not recorded","wikidata":"http://www.wikidata.org/entity/Q97320404"}},{"type":"Feature","geometry":{"type":"Point","coordinates":[27.13925,38.42608]},"properties":{"name":"2021 Izmir Peoples' Democratic Party provincial organization attack","date":"2021-06-17","deaths":"1","injured":null,"perpetrator":null,"country":"Turkey","group":"2020s","wikidata":"http://www.wikidata.org/entity/Q107301898"}},{"type":"Feature","geometry":{"type":"Point","coordinates":[-100.8215,20.5427]},"properties":{"name":"Celaya massacre","date":null,"deaths":"11","injured":null,"perpetrator":null,"country":"Mexico","group":"date not recorded","wikidata":"http://www.wikidata.org/entity/Q112130822"}},{"type":"Feature","geometry":{"type":"Point","coordinates":[36.10079,9.06627]},"properties":{"name":"Gimbi massacre","date":null,"deaths":"450","injured":null,"perpetrator":null,"country":"Ethiopia","group":"date not recorded","wikidata":"http://www.wikidata.org/entity/Q112655264"}},{"type":"Feature","geometry":{"type":"Point","coordinates":[0.03417,48.43194]},"properties":{"name":"Condé-sur-Sarthe prison attack","date":"2019-03-05","deaths":null,"injured":null,"perpetrator":null,"country":"France","group":"2010s","wikidata":"http://www.wikidata.org/entity/Q97365458"}},{"type":"Feature","geometry":{"type":"Point","coordinates":[2.37,48.8556]},"properties":{"name":"2020 Paris stabbing attack","date":"2020-09-25","deaths":null,"injured":"2","perpetrator":null,"country":"France","group":"2020s","wikidata":"http://www.wikidata.org/entity/Q99633124"}},{"type":"Feature","geometry":{"type":"Point","coordinates":[2.11536,49.01391]},"properties":{"name":"murder of Samuel Paty","date":"2020-10-16","deaths":"1","injured":"0","perpetrator":"Abdullakh Anzorov","country":"France","group":"2020s","wikidata":"http://www.wikidata.org/entity/Q100437698"}},{"type":"Feature","geometry":{"type":"Point","coordinates":[7.26611,43.70333]},"properties":{"name":"2020 Nice attack","date":"2020-10-29","deaths":"3","injured":"0","perpetrator":"Brahim Issaoui","country":"France","group":"2020s","wikidata":"http://www.wikidata.org/entity/Q100989093"}},{"type":"Feature","geometry":{"type":"Point","coordinates":[1.82441,48.64874]},"properties":{"name":"Rambouillet knife attack","date":"2021-04-23","deaths":null,"injured":null,"perpetrator":null,"country":"France","group":"2020s","wikidata":"http://www.wikidata.org/entity/Q106611378"}},{"type":"Feature","geometry":{"type":"Point","coordinates":[6.02365,47.23748]},"properties":{"name":"Besançon courthouse attack","date":"1970-05-09","deaths":null,"injured":null,"perpetrator":null,"country":"France","group":"1970s","wikidata":"http://www.wikidata.org/entity/Q110880006"}},{"type":"Feature","geometry":{"type":"Point","coordinates":[0.65081,51.55983]},"properties":{"name":"murder of David Amess","date":"2021-10-15","deaths":"1","injured":null,"perpetrator":"Ali Harbi Ali","country":"United Kingdom","group":"2020s","wikidata":"http://www.wikidata.org/entity/Q108902202"}},{"type":"Feature","geometry":{"type":"Point","coordinates":[-2.95942,53.39894]},"properties":{"name":"Liverpool Women's Hospital bombing","date":"2021-11-14","deaths":"1","injured":"1","perpetrator":"Emad Al Swealmeen","country":"United Kingdom","group":"2020s","wikidata":"http://www.wikidata.org/entity/Q109584101"}},{"type":"Feature","geometry":{"type":"Point","coordinates":[-0.05681,51.48731]},"properties":{"name":"2022 Bermondsey stabbing","date":"2022-04-25","deaths":"4","injured":null,"perpetrator":null,"country":"United Kingdom","group":"2020s","wikidata":"http://www.wikidata.org/entity/Q111962179"}},{"type":"Feature","geometry":{"type":"Point","coordinates":[113.47529,23.01764]},"properties":{"name":"2021 Guangzhou bombing","date":"2021-03-22","deaths":"5","injured":"5","perpetrator":null,"country":"People's Republic of China","group":"2020s","wikidata":"http://www.wikidata.org/entity/Q106114650"}},{"type":"Feature","geometry":{"type":"Point","coordinates":[121.6336,38.9146]},"properties":{"name":"5·22大连轿车撞人案","date":"2021-05-22","deaths":"5","injured":"8","perpetrator":null,"country":"People's Republic of China","group":"2020s","wikidata":"http://www.wikidata.org/entity/Q109258779"}},{"type":"Feature","geometry":{"type":"Point","coordinates":[13.7375,51.05148]},"properties":{"name":"2020 Dresden knife attack","date":"2020-10-04","deaths":"1","injured":"1","perpetrator":null,"country":"Germany","group":"2020s","wikidata":"http://www.wikidata.org/entity/Q100725761"}},{"type":"Feature","geometry":{"type":"Point","coordinates":[13.33482,52.50434]},"properties":{"name":"2022 Berlin car attack","date":"2022-06-08","deaths":"1","injured":"32","perpetrator":null,"country":"Germany","group":"2020s","wikidata":"http://www.wikidata.org/entity/Q112276686"}},{"type":"Feature","geometry":{"type":"Point","coordinates":[29.93389,50.64389]},"properties":{"name":"Bombing of Borodianka","date":"2022-01-01","deaths":"80","injured":null,"perpetrator":"Russian Armed Forces","country":"Ukraine","group":"2020s","wikidata":"http://www.wikidata.org/entity/Q111487687"}},{"type":"Feature","geometry":{"type":"Point","coordinates":[36.36667,49.95]},"properties":{"name":"April 2022 Kharkiv cluster bombing","date":"2022-04-15","deaths":"9","injured":"35","perpetrator":null,"country":"Ukraine","group":"2020s","wikidata":"http://www.wikidata.org/entity/Q112758111"}},{"type":"Feature","geometry":{"type":"Point","coordinates":[28.49244,49.23921]},"properties":{"name":"missile attack on Vinnytsia","date":"2022-07-14","deaths":"28","injured":"117","perpetrator":null,"country":"Ukraine","group":"2020s","wikidata":"http://www.wikidata.org/entity/Q113076721"}},{"type":"Feature","geometry":{"type":"Point","coordinates":[37.71093,47.82846]},"properties":{"name":"Olenivka prison explosion","date":"2022-07-29","deaths":"53","injured":"75","perpetrator":null,"country":"Ukraine","group":"2020s","wikidata":"http://www.wikidata.org/entity/Q113332663"}},{"type":"Feature","geometry":{"type":"Point","coordinates":[15.97334,45.81655]},"properties":{"name":"2020 Zagreb shooting","date":"2020-10-12","deaths":"1","injured":"1","perpetrator":"Danijel Bezuk","country":"Croatia","group":"2020s","wikidata":"http://www.wikidata.org/entity/Q104863677"}},{"type":"Feature","geometry":{"type":"Point","coordinates":[107.59167,-6.90889]},"properties":{"name":"2017 Bandung bombing","date":"2017-02-27","deaths":null,"injured":null,"perpetrator":null,"country":"Indonesia","group":"2010s","wikidata":"http://www.wikidata.org/entity/Q109440974"}},{"type":"Feature","geometry":{"type":"Point","coordinates":[3.55727,36.72567]},"properties":{"name":"2008 Thénia bombing","date":null,"deaths":"2","injured":null,"perpetrator":null,"country":"Algeria","group":"date not recorded","wikidata":"http://www.wikidata.org/entity/Q105677247"}},{"type":"Feature","geometry":{"type":"Point","coordinates":[3.666,36.716]},"properties":{"name":"2008 Zemmouri bombing","date":"2008-01-01","deaths":"8","injured":null,"perpetrator":null,"country":"Algeria","group":"2000s","wikidata":"http://www.wikidata.org/entity/Q105702364"}},{"type":"Feature","geometry":{"type":"Point","coordinates":[3.59132,36.69083]},"properties":{"name":"2007 Souk El Had bombing","date":null,"deaths":"8","injured":null,"perpetrator":null,"country":"Algeria","group":"date not recorded","wikidata":"http://www.wikidata.org/entity/Q105710352"}},{"type":"Feature","geometry":{"type":"Point","coordinates":[3.4875,36.71967]},"properties":{"name":"2006 Tidjelabine bombing","date":null,"deaths":null,"injured":null,"perpetrator":null,"country":"Algeria","group":"date not recorded","wikidata":"http://www.wikidata.org/entity/Q105720889"}},{"type":"Feature","geometry":{"type":"Point","coordinates":[3.49986,36.72637]},"properties":{"name":"2005 Tidjelabine bombing","date":null,"deaths":"2","injured":null,"perpetrator":null,"country":"Algeria","group":"date not recorded","wikidata":"http://www.wikidata.org/entity/Q105720901"}},{"type":"Feature","geometry":{"type":"Point","coordinates":[3.49311,36.72096]},"properties":{"name":"2010 Tidjelabine bombing","date":null,"deaths":null,"injured":null,"perpetrator":null,"country":"Algeria","group":"date not recorded","wikidata":"http://www.wikidata.org/entity/Q105720977"}},{"type":"Feature","geometry":{"type":"Point","coordinates":[3.41215,36.70196]},"properties":{"name":"2006 Boudouaou bombing","date":null,"deaths":null,"injured":null,"perpetrator":null,"country":"Algeria","group":"date not recorded","wikidata":"http://www.wikidata.org/entity/Q105730154"}},{"type":"Feature","geometry":{"type":"Point","coordinates":[3.59146,36.63507]},"properties":{"name":"2010 Bordj Menaïel bombing","date":null,"deaths":"2","injured":null,"perpetrator":null,"country":"Algeria","group":"date not recorded","wikidata":"http://www.wikidata.org/entity/Q105752956"}},{"type":"Feature","geometry":{"type":"Point","coordinates":[3.83068,36.74797]},"properties":{"name":"2008 Naciria bombing","date":null,"deaths":"4","injured":null,"perpetrator":null,"country":"Algeria","group":"date not recorded","wikidata":"http://www.wikidata.org/entity/Q105753002"}},{"type":"Feature","geometry":{"type":"Point","coordinates":[3.85809,36.81804]},"properties":{"name":"2012 Baghlia bombing","date":null,"deaths":null,"injured":null,"perpetrator":null,"country":"Algeria","group":"date not recorded","wikidata":"http://www.wikidata.org/entity/Q105753011"}},{"type":"Feature","geometry":{"type":"Point","coordinates":[3.55727,36.72567]},"properties":{"name":"2012 Thénia bombing","date":null,"deaths":null,"injured":null,"perpetrator":null,"country":"Algeria","group":"date not recorded","wikidata":"http://www.wikidata.org/entity/Q105753019"}},{"type":"Feature","geometry":{"type":"Point","coordinates":[3.85809,36.81804]},"properties":{"name":"August 2010 Baghlia bombing","date":null,"deaths":"3","injured":null,"perpetrator":null,"country":"Algeria","group":"date not recorded","wikidata":"http://www.wikidata.org/entity/Q105753040"}},{"type":"Feature","geometry":{"type":"Point","coordinates":[-74.02583,-12.18889]},"properties":{"name":"San Miguel del Ene's terrorist attack","date":"2021-05-23","deaths":"14","injured":null,"perpetrator":null,"country":"Peru","group":"2020s","wikidata":"http://www.wikidata.org/entity/Q106963796"}},{"type":"Feature","geometry":{"type":"Point","coordinates":[-77.15,-12.06669]},"properties":{"name":"1989 Callao bombing","date":null,"deaths":null,"injured":null,"perpetrator":null,"country":"Peru","group":"date not recorded","wikidata":"http://www.wikidata.org/entity/Q108881529"}},{"type":"Feature","geometry":{"type":"Point","coordinates":[-77.04933,-12.08937]},"properties":{"name":"1987 North Korean embassy attack in Lima","date":null,"deaths":null,"injured":null,"perpetrator":null,"country":"Peru","group":"date not recorded","wikidata":"http://www.wikidata.org/entity/Q109269903"}},{"type":"Feature","geometry":{"type":"Point","coordinates":[-73.95386,-13.65305]},"properties":{"name":"Toma de Vilcashuamán","date":"1982-08-22","deaths":null,"injured":null,"perpetrator":null,"country":"Peru","group":"1980s","wikidata":"http://www.wikidata.org/entity/Q111709264"}},{"type":"Feature","geometry":{"type":"Point","coordinates":[170.50635,-45.87417]},"properties":{"name":"2021 Dunedin Countdown stabbing","date":"2021-05-10","deaths":null,"injured":null,"perpetrator":"Luke James Lambert","country":"New Zealand","group":"2020s","wikidata":"http://www.wikidata.org/entity/Q106797548"}},{"type":"Feature","geometry":{"type":"Point","coordinates":[174.68439,-36.9073]},"properties":{"name":"2021 Auckland supermarket stabbing","date":"2021-09-03","deaths":"1","injured":"6","perpetrator":null,"country":"New Zealand","group":"2020s","wikidata":"http://www.wikidata.org/entity/Q108392213"}},{"type":"Feature","geometry":{"type":"Point","coordinates":[-74.1115,4.64489]},"properties":{"name":"tador","date":null,"deaths":null,"injured":null,"perpetrator":null,"country":"Colombia","group":"date not recorded","wikidata":"http://www.wikidata.org/entity/Q109251440"}},{"type":"Feature","geometry":{"type":"Point","coordinates":[-91.73,15.67]},"properties":{"name":"2022 Huehuetenango attack","date":"2022-07-30","deaths":"0","injured":"1","perpetrator":null,"country":"Guatemala","group":"2020s","wikidata":"http://www.wikidata.org/entity/Q113365908"}},{"type":"Feature","geometry":{"type":"Point","coordinates":[48.68475,31.34427]},"properties":{"name":"bombing of Saman Bank in Ahvaz","date":"2006-01-24","deaths":"8","injured":"46","perpetrator":null,"country":"Iran","group":"2000s","wikidata":"http://www.wikidata.org/entity/Q111822793"}},{"type":"Feature","geometry":{"type":"Point","coordinates":[35.17169,31.76224]},"properties":{"name":"1991 Terrorist attack at Kiryat Hayovel","date":"1991-03-10","deaths":"4","injured":"1","perpetrator":null,"country":"Israel","group":"1990s","wikidata":"http://www.wikidata.org/entity/Q106357198"}},{"type":"Feature","geometry":{"type":"Point","coordinates":[34.81142,31.24522]},"properties":{"name":"2022 Beersheba attack","date":"2022-03-22","deaths":"4","injured":"2","perpetrator":"Mohammed Abu al-Kiyan","country":"Israel","group":"2020s","wikidata":"http://www.wikidata.org/entity/Q111334724"}},{"type":"Feature","geometry":{"type":"Point","coordinates":[34.91194,32.43806]},"properties":{"name":"2022 Hadera shooting","date":"2022-03-27","deaths":"2","injured":"5","perpetrator":null,"country":"Israel","group":"2020s","wikidata":"http://www.wikidata.org/entity/Q111383118"}},{"type":"Feature","geometry":{"type":"Point","coordinates":[34.83575,32.09397]},"properties":{"name":"2022 Bnei Brak shootings","date":"2022-03-29","deaths":"5","injured":"10","perpetrator":null,"country":"Israel","group":"2020s","wikidata":"http://www.wikidata.org/entity/Q111420818"}},{"type":"Feature","geometry":{"type":"Point","coordinates":[34.77435,32.08374]},"properties":{"name":"2022 Tel Aviv shooting","date":"2022-04-07","deaths":"3","injured":"6","perpetrator":null,"country":"Israel","group":"2020s","wikidata":"http://www.wikidata.org/entity/Q111524362"}},{"type":"Feature","geometry":{"type":"Point","coordinates":[35.24636,31.65617]},"properties":{"name":"Q111694257","date":"2002-02-25","deaths":"2","injured":"1","perpetrator":null,"country":"Israel","group":"2000s","wikidata":"http://www.wikidata.org/entity/Q111694257"}},{"type":"Feature","geometry":{"type":"Point","coordinates":[34.95678,32.05225]},"properties":{"name":"2022 El'ad attack","date":"2022-05-05","deaths":"4","injured":"4","perpetrator":null,"country":"Israel","group":"2020s","wikidata":"http://www.wikidata.org/entity/Q111845482"}},{"type":"Feature","geometry":{"type":"Point","coordinates":[34.35756,31.37804]},"properties":{"name":"Q111859996","date":"2002-02-18","deaths":"3","injured":"3","perpetrator":null,"country":"Israel","group":"2000s","wikidata":"http://www.wikidata.org/entity/Q111859996"}},{"type":"Feature","geometry":{"type":"Point","coordinates":[35.30761,32.17417]},"properties":{"name":"Q113161602","date":"2002-05-28","deaths":"3","injured":"2","perpetrator":null,"country":"Israel","group":"2000s","wikidata":"http://www.wikidata.org/entity/Q113161602"}},{"type":"Feature","geometry":{"type":"Point","coordinates":[45.03639,12.82556]},"properties":{"name":"2020 Aden Airport attack","date":"2020-12-30","deaths":"25","injured":"110","perpetrator":null,"country":"Yemen","group":"2020s","wikidata":"http://www.wikidata.org/entity/Q104585205"}},{"type":"Feature","geometry":{"type":"Point","coordinates":[45.03639,12.82556]},"properties":{"name":"2021 Aden bombings","date":"2021-10-01","deaths":"18","injured":null,"perpetrator":null,"country":"Yemen","group":"2020s","wikidata":"http://www.wikidata.org/entity/Q109339899"}},{"type":"Feature","geometry":{"type":"Point","coordinates":[71.51472,33.99389]},"properties":{"name":"2012 Peshawar Airport attack","date":"2012-01-01","deaths":null,"injured":null,"perpetrator":null,"country":"Pakistan","group":"2010s","wikidata":"http://www.wikidata.org/entity/Q108913515"}},{"type":"Feature","geometry":{"type":"Point","coordinates":[67.16083,24.90667]},"properties":{"name":"2014 Karachi Airport attack","date":"2014-01-01","deaths":null,"injured":null,"perpetrator":null,"country":"Pakistan","group":"2010s","wikidata":"http://www.wikidata.org/entity/Q108913786"}},{"type":"Feature","geometry":{"type":"Point","coordinates":[74.31319,31.57611]},"properties":{"name":"2022 Lahore explosion","date":"2022-01-20","deaths":"3","injured":"23","perpetrator":null,"country":"Pakistan","group":"2020s","wikidata":"http://www.wikidata.org/entity/Q110633441"}},{"type":"Feature","geometry":{"type":"Point","coordinates":[71.57028,34.00597]},"properties":{"name":"2022 Peshawar mosque bombing","date":"2022-03-04","deaths":"64","injured":"196","perpetrator":"Islamic State – Khorasan Province","country":"Pakistan","group":"2020s","wikidata":"http://www.wikidata.org/entity/Q111088408"}},{"type":"Feature","geometry":{"type":"Point","coordinates":[36.28905,33.51317]},"properties":{"name":"2021 Damascus bus bombing","date":"2021-10-20","deaths":"14","injured":"3","perpetrator":null,"country":"Syria","group":"2020s","wikidata":"http://www.wikidata.org/entity/Q108941434"}},{"type":"Feature","geometry":{"type":"Point","coordinates":[36.29838,33.5122]},"properties":{"name":"attentat de Damas du 20 octobre 2021","date":"2021-10-20","deaths":null,"injured":null,"perpetrator":null,"country":"Syria","group":"2020s","wikidata":"http://www.wikidata.org/entity/Q111207390"}},{"type":"Feature","geometry":{"type":"Point","coordinates":[69.13231,34.51741]},"properties":{"name":"2020 Kabul University attack","date":"2020-11-02","deaths":"35","injured":"50","perpetrator":"Islamic State – Khorasan Province","country":"Afghanistan","group":"2020s","wikidata":"http://www.wikidata.org/entity/Q101095363"}},{"type":"Feature","geometry":{"type":"Point","coordinates":[69.035,34.50306]},"properties":{"name":"May 2021 Kabul bombing","date":"2021-05-08","deaths":"90","injured":"240","perpetrator":"Islamic State – Khorasan Province","country":"Afghanistan","group":"2020s","wikidata":"http://www.wikidata.org/entity/Q106768320"}},{"type":"Feature","geometry":{"type":"Point","coordinates":[69.22028,34.55861]},"properties":{"name":"2021 Kabul airport attack","date":"2021-08-26","deaths":"182","injured":"150","perpetrator":"Islamic State Province of Syria","country":"Afghanistan","group":"2020s","wikidata":"http://www.wikidata.org/entity/Q108285843"}},{"type":"Feature","geometry":{"type":"Point","coordinates":[67.10972,36.71207]},"properties":{"name":"2022 Mazar-i-Sharif mosque bombing","date":"2022-04-21","deaths":"31","injured":"87","perpetrator":"Islamic State – Khorasan Province","country":"Afghanistan","group":"2020s","wikidata":"http://www.wikidata.org/entity/Q111675216"}},{"type":"Feature","geometry":{"type":"Point","coordinates":[-7.54347,12.88219]},"properties":{"name":"February 2019 Kulikoro attack","date":"2019-02-24","deaths":"3","injured":"3","perpetrator":"Jama'at Nasr al-Islam wal Muslimin","country":"Mali","group":"2010s","wikidata":"http://www.wikidata.org/entity/Q104584338"}},{"type":"Feature","geometry":{"type":"Point","coordinates":[121.00083,6.05306]},"properties":{"name":"2020 Jolo bombings","date":"2020-08-24","deaths":"14","injured":"75","perpetrator":"Abu Sayyaf","country":"Philippines","group":"2020s","wikidata":"http://www.wikidata.org/entity/Q98605615"}},{"type":"Feature","geometry":{"type":"Point","coordinates":[0.45778,13.37639]},"properties":{"name":"Solhan and Tadaryat massacre","date":"2021-06-04","deaths":"174","injured":null,"perpetrator":null,"country":"Burkina Faso","group":"2020s","wikidata":"http://www.wikidata.org/entity/Q107113646"}},{"type":"Feature","geometry":{"type":"Point","coordinates":[43.14683,11.5948]},"properties":{"name":"attentat du Bar du palmier en zinc","date":"1977-12-15","deaths":"6","injured":"31","perpetrator":null,"country":"Djibouti","group":"1970s","wikidata":"http://www.wikidata.org/entity/Q109017082"}},{"type":"Feature","geometry":{"type":"Point","coordinates":[2.57611,13.31056]},"properties":{"name":"Kouré shooting","date":"2020-08-09","deaths":"8","injured":null,"perpetrator":null,"country":"Niger","group":"2020s","wikidata":"http://www.wikidata.org/entity/Q98345910"}},{"type":"Feature","geometry":{"type":"Point","coordinates":[13.13333,13.66667]},"properties":{"name":"2020 Toumour attacks","date":"2020-12-12","deaths":"34","injured":null,"perpetrator":null,"country":"Niger","group":"2020s","wikidata":"http://www.wikidata.org/entity/Q104246104"}},{"type":"Feature","geometry":{"type":"Point","coordinates":[2.705,15.04083]},"properties":{"name":"March 2021 Darey-Daye massacre","date":"2021-03-15","deaths":"66","injured":null,"perpetrator":null,"country":"Niger","group":"2020s","wikidata":"http://www.wikidata.org/entity/Q109044509"}},{"type":"Feature","geometry":{"type":"Point","coordinates":[13.69644,13.96428]},"properties":{"name":"March 2020 Chad and Nigeria massacres","date":"2020-03-23","deaths":"168","injured":null,"perpetrator":null,"country":"Nigeria","group":"2020s","wikidata":"http://www.wikidata.org/entity/Q97365979"}},{"type":"Feature","geometry":{"type":"Point","coordinates":[5.1793,10.0089]},"properties":{"name":"2021 Nigeria mosque attack","date":"2021-10-25","deaths":"18","injured":"4","perpetrator":null,"country":"Nigeria","group":"2020s","wikidata":"http://www.wikidata.org/entity/Q109285821"}},{"type":"Feature","geometry":{"type":"Point","coordinates":[10.0,9.3]},"properties":{"name":"2022 Plateau State massacres","date":"2022-04-10","deaths":"150","injured":null,"perpetrator":"terrorist","country":"Nigeria","group":"2020s","wikidata":"http://www.wikidata.org/entity/Q111647170"}},{"type":"Feature","geometry":{"type":"Point","coordinates":[5.58361,7.19444]},"properties":{"name":"Owo church attack","date":"2022-06-05","deaths":"50","injured":"61","perpetrator":null,"country":"Nigeria","group":"2020s","wikidata":"http://www.wikidata.org/entity/Q112246920"}},{"type":"Feature","geometry":{"type":"Point","coordinates":[45.3352,2.0676]},"properties":{"name":"August 2020 Mogadishu bombing","date":"2020-08-08","deaths":"8","injured":"14","perpetrator":null,"country":"Somalia","group":"2020s","wikidata":"http://www.wikidata.org/entity/Q98151024"}},{"type":"Feature","geometry":{"type":"Point","coordinates":[45.3419,2.0392]},"properties":{"name":"2021 Mogadishu suicide car bombing","date":"2021-03-05","deaths":"21","injured":"30","perpetrator":null,"country":"Somalia","group":"2020s","wikidata":"http://www.wikidata.org/entity/Q105774630"}},{"type":"Feature","geometry":{"type":"Point","coordinates":[35.25731,32.1162]},"properties":{"name":"2021 Tapuah Junction shooting","date":"2021-05-02","deaths":"1","injured":"2","perpetrator":null,"country":"West Bank","group":"2020s","wikidata":"http://www.wikidata.org/entity/Q111252343"}},{"type":"Feature","geometry":{"type":"Point","coordinates":[35.22469,31.76689]},"properties":{"name":"Q111091345","date":"1946-10-30","deaths":"2","injured":null,"perpetrator":null,"country":"Mandatory Palestine","group":"1940s","wikidata":"http://www.wikidata.org/entity/Q111091345"}},{"type":"Feature","geometry":{"type":"Point","coordinates":[35.23583,31.77617]},"properties":{"name":"2022 Al-Aqsa Mosque storming","date":"2022-04-15","deaths":null,"injured":"152","perpetrator":null,"country":"Palestine","group":"2020s","wikidata":"http://www.wikidata.org/entity/Q111606488"}},{"type":"Feature","geometry":{"type":"Point","coordinates":[29.44,46.78]},"properties":{"name":"Gîsca school bombing","date":"1950-04-04","deaths":"24","injured":null,"perpetrator":null,"country":"Moldavian Soviet Socialist Republic","group":"1950s","wikidata":"http://www.wikidata.org/entity/Q97659635"}},{"type":"Feature","geometry":{"type":"Point","coordinates":[2.14646,41.37526]},"properties":{"name":"Hostafrancs attack","date":"1907-04-17","deaths":null,"injured":"1","perpetrator":null,"country":"Spain under the Restoration","group":"1900s","wikidata":"http://www.wikidata.org/entity/Q99203881"}},{"type":"Feature","geometry":{"type":"Point","coordinates":[68.87639,36.72806]},"properties":{"name":"2021 Kunduz mosque bombing","date":"2021-10-08","deaths":"55","injured":"143","perpetrator":null,"country":"Government of Islamic Emirate of Afghanistan","group":"2020s","wikidata":"http://www.wikidata.org/entity/Q108838079"}},{"type":"Feature","geometry":{"type":"Point","coordinates":[135.14483,34.18892]},"properties":{"name":"attempted assassination of Fumio Kishida","date":"2023-04-15","deaths":"0","injured":"1","perpetrator":"Ryūji Kimura","country":"Japan","group":"2020s","wikidata":"http://www.wikidata.org/entity/Q117714533"}},{"type":"Feature","geometry":{"type":"Point","coordinates":[-5.44778,36.12972]},"properties":{"name":"Algeciras church attacks","date":"2023-01-25","deaths":"1","injured":"1","perpetrator":"Yassine Kanjaa","country":"Spain","group":"2020s","wikidata":"http://www.wikidata.org/entity/Q116453532"}},{"type":"Feature","geometry":{"type":"Point","coordinates":[-79.4643,42.2084]},"properties":{"name":"stabbing of Salman Rushdie","date":"2022-08-12","deaths":null,"injured":"2","perpetrator":"Hadi Matar","country":"United States","group":"2020s","wikidata":"http://www.wikidata.org/entity/Q113503169"}},{"type":"Feature","geometry":{"type":"Point","coordinates":[-97.4319,25.9235]},"properties":{"name":"2023 Brownsville crash","date":"2023-05-07","deaths":"7","injured":"10","perpetrator":null,"country":"United States","group":"2020s","wikidata":"http://www.wikidata.org/entity/Q118206702"}},{"type":"Feature","geometry":{"type":"Point","coordinates":[-118.24,34.054]},"properties":{"name":"1971 L.A. federal building bombing","date":"1971-01-28","deaths":"1","injured":"0","perpetrator":null,"country":"United States","group":"1970s","wikidata":"http://www.wikidata.org/entity/Q118904239"}},{"type":"Feature","geometry":{"type":"Point","coordinates":[18.29139,57.63889]},"properties":{"name":"Q115041537","date":"2022-07-06","deaths":"1","injured":null,"perpetrator":null,"country":"Sweden","group":"2020s","wikidata":"http://www.wikidata.org/entity/Q115041537"}},{"type":"Feature","geometry":{"type":"Point","coordinates":[34.4425,36.68452]},"properties":{"name":"2022 Mersin attack","date":"2022-09-26","deaths":"3","injured":"4","perpetrator":null,"country":"Turkey","group":"2020s","wikidata":"http://www.wikidata.org/entity/Q114241005"}},{"type":"Feature","geometry":{"type":"Point","coordinates":[28.98139,41.035]},"properties":{"name":"2022 Istanbul bombing","date":"2022-11-13","deaths":"6","injured":"81","perpetrator":null,"country":"Turkey","group":"2020s","wikidata":"http://www.wikidata.org/entity/Q115193912"}},{"type":"Feature","geometry":{"type":"Point","coordinates":[37.99554,36.83271]},"properties":{"name":"2022 Gaziantep attack","date":"2022-11-21","deaths":"2","injured":"19","perpetrator":null,"country":"Turkey","group":"2020s","wikidata":"http://www.wikidata.org/entity/Q115327052"}},{"type":"Feature","geometry":{"type":"Point","coordinates":[42.14373,41.25661]},"properties":{"name":"2016 Artvin attacks","date":"2016-08-25","deaths":"1","injured":"2","perpetrator":null,"country":"Turkey","group":"2010s","wikidata":"http://www.wikidata.org/entity/Q117308810"}},{"type":"Feature","geometry":{"type":"Point","coordinates":[32.85167,39.91444]},"properties":{"name":"2023 Ankara bombing","date":"2023-10-01","deaths":"2","injured":"2","perpetrator":null,"country":"Turkey","group":"2020s","wikidata":"http://www.wikidata.org/entity/Q122902866"}},{"type":"Feature","geometry":{"type":"Point","coordinates":[0.67948,47.39579]},"properties":{"name":"2023 Tours bombing","date":"2023-05-23","deaths":"0","injured":"0","perpetrator":null,"country":"France","group":"2020s","wikidata":"http://www.wikidata.org/entity/Q118641606"}},{"type":"Feature","geometry":{"type":"Point","coordinates":[2.77611,50.28778]},"properties":{"name":"Arras school stabbing","date":"2023-10-13","deaths":"1","injured":"3","perpetrator":"Mohammed Mogouchkov","country":"France","group":"2020s","wikidata":"http://www.wikidata.org/entity/Q123029276"}},{"type":"Feature","geometry":{"type":"Point","coordinates":[2.28778,48.85556]},"properties":{"name":"Bir-Hakeim bridge attack","date":"2023-12-02","deaths":"1","injured":"2","perpetrator":"Armand Rajabpour-Miyandoab","country":"France","group":"2020s","wikidata":"http://www.wikidata.org/entity/Q123617636"}},{"type":"Feature","geometry":{"type":"Point","coordinates":[1.31198,51.1154]},"properties":{"name":"Dover firebomb attack","date":"2022-10-30","deaths":null,"injured":null,"perpetrator":null,"country":"United Kingdom","group":"2020s","wikidata":"http://www.wikidata.org/entity/Q114948203"}},{"type":"Feature","geometry":{"type":"Point","coordinates":[77.2232,38.3909]},"properties":{"name":"2014 Yarkant attacks","date":"2014-07-28","deaths":"96","injured":null,"perpetrator":null,"country":"People's Republic of China","group":"2010s","wikidata":"http://www.wikidata.org/entity/Q116180398"}},{"type":"Feature","geometry":{"type":"Point","coordinates":[113.32299,23.13562]},"properties":{"name":"2023 Guangzhou car attack","date":"2023-01-11","deaths":"6","injured":"29","perpetrator":null,"country":"People's Republic of China","group":"2020s","wikidata":"http://www.wikidata.org/entity/Q116183614"}},{"type":"Feature","geometry":{"type":"Point","coordinates":[36.5125,45.30111]},"properties":{"name":"2022 Crimean Bridge explosion","date":"2022-10-08","deaths":"5","injured":null,"perpetrator":"Security Service of Ukraine","country":"Russia","group":"2020s","wikidata":"http://www.wikidata.org/entity/Q114492886"}},{"type":"Feature","geometry":{"type":"Point","coordinates":[30.2868,59.9365]},"properties":{"name":"2023 Saint Petersburg bombing","date":"2023-04-02","deaths":"1","injured":"42","perpetrator":null,"country":"Russia","group":"2020s","wikidata":"http://www.wikidata.org/entity/Q117382594"}},{"type":"Feature","geometry":{"type":"Point","coordinates":[36.23861,48.12833]},"properties":{"name":"Chaplyne railway station attack","date":"2022-08-24","deaths":"25","injured":"31","perpetrator":"Russian Armed Forces","country":"Ukraine","group":"2020s","wikidata":"http://www.wikidata.org/entity/Q113612174"}},{"type":"Feature","geometry":{"type":"Point","coordinates":[30.21667,48.75]},"properties":{"name":"Missile strike on Uman","date":"2023-04-28","deaths":"23","injured":"18","perpetrator":null,"country":"Ukraine","group":"2020s","wikidata":"http://www.wikidata.org/entity/Q117980734"}},{"type":"Feature","geometry":{"type":"Point","coordinates":[29.47176,45.96471]},"properties":{"name":"missile attack on Pavlivka","date":"2023-07-21","deaths":null,"injured":null,"perpetrator":null,"country":"Ukraine","group":"2020s","wikidata":"http://www.wikidata.org/entity/Q120828278"}},{"type":"Feature","geometry":{"type":"Point","coordinates":[28.28888,45.41449]},"properties":{"name":"drone attack on the Port of Reni","date":"2023-07-24","deaths":null,"injured":"7","perpetrator":null,"country":"Ukraine","group":"2020s","wikidata":"http://www.wikidata.org/entity/Q120897601"}},{"type":"Feature","geometry":{"type":"Point","coordinates":[37.20833,49.67306]},"properties":{"name":"Hroza missile attack","date":"2023-10-05","deaths":"59","injured":"7","perpetrator":"Russian Armed Forces","country":"Ukraine","group":"2020s","wikidata":"http://www.wikidata.org/entity/Q122946287"}},{"type":"Feature","geometry":{"type":"Point","coordinates":[17.10142,48.14471]},"properties":{"name":"2022 Bratislava shooting","date":"2022-10-12","deaths":"2","injured":"1","perpetrator":"Juraj Krajčík","country":"Slovakia","group":"2020s","wikidata":"http://www.wikidata.org/entity/Q114639536"}},{"type":"Feature","geometry":{"type":"Point","coordinates":[107.6003,-6.9278]},"properties":{"name":"Astana Anyar bombing","date":"2022-12-07","deaths":"2","injured":"11","perpetrator":"Jamaah Ansharut Daulah","country":"Indonesia","group":"2020s","wikidata":"http://www.wikidata.org/entity/Q115623724"}},{"type":"Feature","geometry":{"type":"Point","coordinates":[45.86472,40.20306]},"properties":{"name":"Bombardment of Sotk","date":"2022-09-13","deaths":null,"injured":"1","perpetrator":"Azerbaijani Armed Forces","country":"Armenia","group":"2020s","wikidata":"http://www.wikidata.org/entity/Q114020817"}},{"type":"Feature","geometry":{"type":"Point","coordinates":[150.49192,-27.03071]},"properties":{"name":"Wieambilla police shootings","date":"2022-12-12","deaths":"6","injured":null,"perpetrator":null,"country":"Australia","group":"2020s","wikidata":"http://www.wikidata.org/entity/Q115687363"}},{"type":"Feature","geometry":{"type":"Point","coordinates":[-77.01882,-12.05115]},"properties":{"name":"Atentado contra los Húsares de Junín de 1989","date":"1989-06-03","deaths":"5","injured":"37","perpetrator":"Shining Path","country":"Peru","group":"1980s","wikidata":"http://www.wikidata.org/entity/Q117382051"}},{"type":"Feature","geometry":{"type":"Point","coordinates":[-77.00496,-12.00512]},"properties":{"name":"Atentado a la discoteca Xanders","date":null,"deaths":null,"injured":null,"perpetrator":null,"country":"Peru","group":"date not recorded","wikidata":"http://www.wikidata.org/entity/Q122685414"}},{"type":"Feature","geometry":{"type":"Point","coordinates":[84.98528,25.2125]},"properties":{"name":"2005 Jahanabad prison attack","date":"2005-11-13","deaths":null,"injured":null,"perpetrator":null,"country":"India","group":"2000s","wikidata":"http://www.wikidata.org/entity/Q117824781"}},{"type":"Feature","geometry":{"type":"Point","coordinates":[76.35944,10.05889]},"properties":{"name":"Kalamasseri bombing","date":"2023-10-29","deaths":"3","injured":null,"perpetrator":null,"country":"India","group":"2020s","wikidata":"http://www.wikidata.org/entity/Q123260086"}},{"type":"Feature","geometry":{"type":"Point","coordinates":[-68.12884,-16.50636]},"properties":{"name":"Assassination of Juan Carlos Vega Llona","date":"1988-12-06","deaths":"1","injured":null,"perpetrator":"Shining Path","country":"Bolivia","group":"1980s","wikidata":"http://www.wikidata.org/entity/Q117888463"}},{"type":"Feature","geometry":{"type":"Point","coordinates":[52.54329,29.60963]},"properties":{"name":"2022 Shah Cheragh attack","date":"2022-10-26","deaths":"15","injured":"40","perpetrator":null,"country":"Iran","group":"2020s","wikidata":"http://www.wikidata.org/entity/Q114868905"}},{"type":"Feature","geometry":{"type":"Point","coordinates":[51.49072,35.71028]},"properties":{"name":"Assassination of Rockwell International personnel in Tehran","date":"1976-08-28","deaths":"3","injured":"1","perpetrator":"People's Mojahedin Organization of Iran","country":"Iran","group":"1970s","wikidata":"http://www.wikidata.org/entity/Q115791837"}},{"type":"Feature","geometry":{"type":"Point","coordinates":[51.4492,35.7858]},"properties":{"name":"attempted assassination of Harold L. Price","date":"1972-05-31","deaths":"2","injured":"4","perpetrator":"People's Mojahedin Organization of Iran","country":"Iran","group":"1970s","wikidata":"http://www.wikidata.org/entity/Q115792087"}},{"type":"Feature","geometry":{"type":"Point","coordinates":[51.40486,35.7074]},"properties":{"name":"Bombing of U.S. Information Ofﬁce in Tehran","date":"1972-05-31","deaths":"0","injured":"0","perpetrator":"People's Mojahedin Organization of Iran","country":"Iran","group":"1970s","wikidata":"http://www.wikidata.org/entity/Q115792621"}},{"type":"Feature","geometry":{"type":"Point","coordinates":[51.40818,35.71732]},"properties":{"name":"Bombing of Kourosh Store","date":"1972-08-09","deaths":"0","injured":"1","perpetrator":"People's Mojahedin Organization of Iran","country":"Iran","group":"1970s","wikidata":"http://www.wikidata.org/entity/Q115793856"}},{"type":"Feature","geometry":{"type":"Point","coordinates":[51.42006,35.69246]},"properties":{"name":"Bombing of In Hafteh magazine office","date":"1972-05-02","deaths":"0","injured":"4","perpetrator":"People's Mojahedin Organization of Iran","country":"Iran","group":"1970s","wikidata":"http://www.wikidata.org/entity/Q115796559"}},{"type":"Feature","geometry":{"type":"Point","coordinates":[51.40001,35.7886]},"properties":{"name":"Bombing of Asian International Trade Fair 1972","date":"1972-05-17","deaths":"1","injured":"0","perpetrator":"People's Mojahedin Organization of Iran","country":"Iran","group":"1970s","wikidata":"http://www.wikidata.org/entity/Q115796880"}},{"type":"Feature","geometry":{"type":"Point","coordinates":[51.43633,35.66969]},"properties":{"name":"Bombing of Shah Square","date":"1972-05-24","deaths":"1","injured":"0","perpetrator":"People's Mojahedin Organization of Iran","country":"Iran","group":"1970s","wikidata":"http://www.wikidata.org/entity/Q115797248"}},{"type":"Feature","geometry":{"type":"Point","coordinates":[51.44087,35.72692]},"properties":{"name":"Assassination of Lewis L. Hawkins","date":"1973-06-02","deaths":"1","injured":"0","perpetrator":null,"country":"Iran","group":"1970s","wikidata":"http://www.wikidata.org/entity/Q115859302"}},{"type":"Feature","geometry":{"type":"Point","coordinates":[51.39247,35.70163]},"properties":{"name":"Bombing of Cinema Capri","date":"1972-08-03","deaths":"1","injured":"0","perpetrator":null,"country":"Iran","group":"1970s","wikidata":"http://www.wikidata.org/entity/Q115864395"}},{"type":"Feature","geometry":{"type":"Point","coordinates":[51.41969,35.69637]},"properties":{"name":"Bombing of British Council in Tehran","date":"1972-05-31","deaths":"0","injured":"0","perpetrator":null,"country":"Iran","group":"1970s","wikidata":"http://www.wikidata.org/entity/Q115875072"}},{"type":"Feature","geometry":{"type":"Point","coordinates":[51.41506,35.72914]},"properties":{"name":"Bombing of Iran–America Society","date":"1972-05-31","deaths":"0","injured":"0","perpetrator":null,"country":"Iran","group":"1970s","wikidata":"http://www.wikidata.org/entity/Q115876693"}},{"type":"Feature","geometry":{"type":"Point","coordinates":[51.42183,35.71343]},"properties":{"name":"Killing of Hasan Hosnan","date":"1975-07-03","deaths":"1","injured":"0","perpetrator":null,"country":"Iran","group":"1970s","wikidata":"http://www.wikidata.org/entity/Q115899578"}},{"type":"Feature","geometry":{"type":"Point","coordinates":[34.39944,31.37417]},"properties":{"name":"Kissufim massacre","date":"2023-10-07","deaths":"19","injured":null,"perpetrator":null,"country":"Israel","group":"2020s","wikidata":"http://www.wikidata.org/entity/Q123054618"}},{"type":"Feature","geometry":{"type":"Point","coordinates":[34.49722,31.4725]},"properties":{"name":"Nahal Oz attack","date":"2023-10-07","deaths":"15","injured":null,"perpetrator":null,"country":"Israel","group":"2020s","wikidata":"http://www.wikidata.org/entity/Q123059058"}},{"type":"Feature","geometry":{"type":"Point","coordinates":[34.51389,31.45]},"properties":{"name":"Alumim massacre","date":"2023-10-07","deaths":"16","injured":null,"perpetrator":null,"country":"Israel","group":"2020s","wikidata":"http://www.wikidata.org/entity/Q123113376"}},{"type":"Feature","geometry":{"type":"Point","coordinates":[34.60104,31.52681]},"properties":{"name":"massacre of pensioners in Sderot","date":"2023-10-07","deaths":"13","injured":null,"perpetrator":null,"country":"Israel","group":"2020s","wikidata":"http://www.wikidata.org/entity/Q123151340"}},{"type":"Feature","geometry":{"type":"Point","coordinates":[34.39444,31.33611]},"properties":{"name":"Nirim attack","date":"2023-10-07","deaths":"579","injured":null,"perpetrator":null,"country":"Israel","group":"2020s","wikidata":"http://www.wikidata.org/entity/Q123161314"}},{"type":"Feature","geometry":{"type":"Point","coordinates":[34.50472,31.61333]},"properties":{"name":"Zikim Beach massacre","date":"2023-10-07","deaths":"19","injured":null,"perpetrator":null,"country":"Israel","group":"2020s","wikidata":"http://www.wikidata.org/entity/Q123207869"}},{"type":"Feature","geometry":{"type":"Point","coordinates":[34.35833,31.23611]},"properties":{"name":"Nir Yitzhak massacre","date":"2023-10-07","deaths":"3","injured":null,"perpetrator":null,"country":"Israel","group":"2020s","wikidata":"http://www.wikidata.org/entity/Q123295649"}},{"type":"Feature","geometry":{"type":"Point","coordinates":[35.23389,31.78306]},"properties":{"name":"2023 Herod's Gate stabbing","date":"2023-11-06","deaths":"1","injured":"1","perpetrator":null,"country":"Israel","group":"2020s","wikidata":"http://www.wikidata.org/entity/Q123474992"}},{"type":"Feature","geometry":{"type":"Point","coordinates":[35.04278,31.8975]},"properties":{"name":"2023 Maccabim checkpoint attack","date":"2023-08-31","deaths":"1","injured":"5","perpetrator":null,"country":"Israel","group":"2020s","wikidata":"http://www.wikidata.org/entity/Q123475005"}},{"type":"Feature","geometry":{"type":"Point","coordinates":[35.54024,32.7862]},"properties":{"name":"Q123475012","date":"1979-05-14","deaths":"2","injured":"36","perpetrator":null,"country":"Israel","group":"1970s","wikidata":"http://www.wikidata.org/entity/Q123475012"}},{"type":"Feature","geometry":{"type":"Point","coordinates":[35.19647,31.79153]},"properties":{"name":"2023 Givat Shaul shooting","date":"2023-11-30","deaths":"6","injured":"16","perpetrator":null,"country":"Israel","group":"2020s","wikidata":"http://www.wikidata.org/entity/Q123586179"}},{"type":"Feature","geometry":{"type":"Point","coordinates":[34.64067,31.80136]},"properties":{"name":"Ashdod bus 9 bombing","date":"1984-03-07","deaths":"3","injured":"8","perpetrator":null,"country":"Israel","group":"1980s","wikidata":"http://www.wikidata.org/entity/Q115860693"}},{"type":"Feature","geometry":{"type":"Point","coordinates":[35.23451,31.80696]},"properties":{"name":"Q115913738","date":"2004-09-22","deaths":"2","injured":"33","perpetrator":null,"country":"Israel","group":"2000s","wikidata":"http://www.wikidata.org/entity/Q115913738"}},{"type":"Feature","geometry":{"type":"Point","coordinates":[35.20639,31.80806]},"properties":{"name":"murder of Ronen Kermani and Lior Tubul","date":"1990-08-04","deaths":"2","injured":null,"perpetrator":null,"country":"Israel","group":"1990s","wikidata":"http://www.wikidata.org/entity/Q115913742"}},{"type":"Feature","geometry":{"type":"Point","coordinates":[35.20736,31.25981]},"properties":{"name":"Q115913744","date":"2017-11-30","deaths":"1","injured":"0","perpetrator":null,"country":"Israel","group":"2010s","wikidata":"http://www.wikidata.org/entity/Q115913744"}},{"type":"Feature","geometry":{"type":"Point","coordinates":[34.77916,32.01686]},"properties":{"name":"Q115913752","date":"2022-09-20","deaths":"1","injured":null,"perpetrator":null,"country":"Israel","group":"2020s","wikidata":"http://www.wikidata.org/entity/Q115913752"}},{"type":"Feature","geometry":{"type":"Point","coordinates":[34.89811,32.10196]},"properties":{"name":"Murder of Shai Ohayon","date":"2020-08-26","deaths":"1","injured":"0","perpetrator":null,"country":"Israel","group":"2020s","wikidata":"http://www.wikidata.org/entity/Q116025559"}},{"type":"Feature","geometry":{"type":"Point","coordinates":[35.23861,31.83806]},"properties":{"name":"2023 Jerusalem synagogue shooting","date":"2023-01-27","deaths":"7","injured":"3","perpetrator":"Khairi Alqam","country":"Israel","group":"2020s","wikidata":"http://www.wikidata.org/entity/Q116455185"}},{"type":"Feature","geometry":{"type":"Point","coordinates":[35.18861,31.82528]},"properties":{"name":"2023 Ramot Junction attack","date":"2023-02-10","deaths":"3","injured":"4","perpetrator":null,"country":"Israel","group":"2020s","wikidata":"http://www.wikidata.org/entity/Q116748690"}},{"type":"Feature","geometry":{"type":"Point","coordinates":[35.49018,31.79975]},"properties":{"name":"Beit HaArava shooting","date":"2023-02-27","deaths":"1","injured":null,"perpetrator":null,"country":"Israel","group":"2020s","wikidata":"http://www.wikidata.org/entity/Q117019216"}},{"type":"Feature","geometry":{"type":"Point","coordinates":[35.19193,32.57273]},"properties":{"name":"Megiddo Junction attack","date":"2023-03-13","deaths":"0","injured":"1","perpetrator":null,"country":"Israel","group":"2020s","wikidata":"http://www.wikidata.org/entity/Q117359718"}},{"type":"Feature","geometry":{"type":"Point","coordinates":[34.76256,32.06621]},"properties":{"name":"2023 Tel Aviv car-ramming","date":"2023-04-07","deaths":"1","injured":"6","perpetrator":null,"country":"Israel","group":"2020s","wikidata":"http://www.wikidata.org/entity/Q117474621"}},{"type":"Feature","geometry":{"type":"Point","coordinates":[35.79167,32.84406]},"properties":{"name":"Q118342241","date":"1975-11-20","deaths":"3","injured":"2","perpetrator":null,"country":"Israel","group":"1970s","wikidata":"http://www.wikidata.org/entity/Q118342241"}},{"type":"Feature","geometry":{"type":"Point","coordinates":[35.21962,31.7601]},"properties":{"name":"Q118342246","date":"1990-10-21","deaths":"3","injured":"1","perpetrator":null,"country":"Israel","group":"1990s","wikidata":"http://www.wikidata.org/entity/Q118342246"}},{"type":"Feature","geometry":{"type":"Point","coordinates":[35.22769,31.77653]},"properties":{"name":"Q118342245","date":"2015-12-23","deaths":"2","injured":"1","perpetrator":null,"country":"Israel","group":"2010s","wikidata":"http://www.wikidata.org/entity/Q118342245"}},{"type":"Feature","geometry":{"type":"Point","coordinates":[34.77916,32.005]},"properties":{"name":"Q118342250","date":"2017-05-28","deaths":"1","injured":null,"perpetrator":null,"country":"Israel","group":"2010s","wikidata":"http://www.wikidata.org/entity/Q118342250"}},{"type":"Feature","geometry":{"type":"Point","coordinates":[35.21423,31.78357]},"properties":{"name":"Q118342248","date":"2000-11-02","deaths":"2","injured":"10","perpetrator":null,"country":"Israel","group":"2000s","wikidata":"http://www.wikidata.org/entity/Q118342248"}},{"type":"Feature","geometry":{"type":"Point","coordinates":[35.23542,31.80806]},"properties":{"name":"Q118342253","date":"2015-04-15","deaths":"1","injured":"1","perpetrator":null,"country":"Israel","group":"2010s","wikidata":"http://www.wikidata.org/entity/Q118342253"}},{"type":"Feature","geometry":{"type":"Point","coordinates":[34.82553,32.11475]},"properties":{"name":"July 2023 Tel Aviv attack","date":"2023-07-04","deaths":"1","injured":"9","perpetrator":null,"country":"Israel","group":"2020s","wikidata":"http://www.wikidata.org/entity/Q120330450"}},{"type":"Feature","geometry":{"type":"Point","coordinates":[35.20778,31.78056]},"properties":{"name":"Q120893748","date":"1988-06-02","deaths":"1","injured":"1","perpetrator":null,"country":"Israel","group":"1980s","wikidata":"http://www.wikidata.org/entity/Q120893748"}},{"type":"Feature","geometry":{"type":"Point","coordinates":[34.47168,31.39777]},"properties":{"name":"Re'im music festival massacre","date":"2023-10-07","deaths":"364","injured":"http://www.wikidata.org/.well-known/genid/b6013649470251509751b8ace3beb9b1","perpetrator":"Hamas","country":"Israel","group":"2020s","wikidata":"http://www.wikidata.org/entity/Q122975233"}},{"type":"Feature","geometry":{"type":"Point","coordinates":[34.51,31.36]},"properties":{"name":"October 7 attacks","date":"2023-10-01","deaths":"1200","injured":"3300","perpetrator":"Palestinian Islamic Jihad","country":"Israel","group":"2020s","wikidata":"http://www.wikidata.org/entity/Q122976243"}},{"type":"Feature","geometry":{"type":"Point","coordinates":[34.53944,31.57083]},"properties":{"name":"Netiv HaAsara massacre","date":"2023-10-07","deaths":"15","injured":null,"perpetrator":null,"country":"Israel","group":"2020s","wikidata":"http://www.wikidata.org/entity/Q122982818"}},{"type":"Feature","geometry":{"type":"Point","coordinates":[34.32667,31.23]},"properties":{"name":"Holit massacre","date":"2023-10-07","deaths":"13","injured":null,"perpetrator":null,"country":"Israel","group":"2020s","wikidata":"http://www.wikidata.org/entity/Q122984848"}},{"type":"Feature","geometry":{"type":"Point","coordinates":[34.48972,31.42389]},"properties":{"name":"Be'eri massacre","date":"2023-10-07","deaths":"108","injured":null,"perpetrator":null,"country":"Israel","group":"2020s","wikidata":"http://www.wikidata.org/entity/Q122987665"}},{"type":"Feature","geometry":{"type":"Point","coordinates":[34.53389,31.48361]},"properties":{"name":"Kfar Aza massacre","date":"2023-10-07","deaths":"52","injured":"6","perpetrator":"Hamas","country":"Israel","group":"2020s","wikidata":"http://www.wikidata.org/entity/Q123003698"}},{"type":"Feature","geometry":{"type":"Point","coordinates":[34.40222,31.31028]},"properties":{"name":"Nir Oz attack","date":"2023-10-07","deaths":"46","injured":null,"perpetrator":"Hamas","country":"Israel","group":"2020s","wikidata":"http://www.wikidata.org/entity/Q123025873"}},{"type":"Feature","geometry":{"type":"Point","coordinates":[34.4025,31.35028]},"properties":{"name":"Ein HaShlosha massacre","date":"2023-10-07","deaths":null,"injured":null,"perpetrator":null,"country":"Israel","group":"2020s","wikidata":"http://www.wikidata.org/entity/Q123027684"}},{"type":"Feature","geometry":{"type":"Point","coordinates":[34.6,31.48333]},"properties":{"name":"Yakhini massacre","date":"2023-10-07","deaths":"7","injured":null,"perpetrator":null,"country":"Israel","group":"2020s","wikidata":"http://www.wikidata.org/entity/Q123046480"}},{"type":"Feature","geometry":{"type":"Point","coordinates":[71.55944,34.01306]},"properties":{"name":"2023 Peshawar mosque bombing","date":"2023-01-30","deaths":"61","injured":"170","perpetrator":"Jamaat-ul-Ahrar","country":"Pakistan","group":"2020s","wikidata":"http://www.wikidata.org/entity/Q116485898"}},{"type":"Feature","geometry":{"type":"Point","coordinates":[66.85,29.8]},"properties":{"name":"2023 Mastung bombing","date":"2023-09-29","deaths":null,"injured":null,"perpetrator":null,"country":"Pakistan","group":"2020s","wikidata":"http://www.wikidata.org/entity/Q122870700"}},{"type":"Feature","geometry":{"type":"Point","coordinates":[70.74028,33.42639]},"properties":{"name":"Hangu mosque bombing","date":"2023-09-29","deaths":null,"injured":null,"perpetrator":null,"country":"Pakistan","group":"2020s","wikidata":"http://www.wikidata.org/entity/Q122872898"}},{"type":"Feature","geometry":{"type":"Point","coordinates":[71.57083,32.56306]},"properties":{"name":"Mianwali air base attack","date":null,"deaths":null,"injured":null,"perpetrator":"Tehreek-e-Jihad Pakistan","country":"Pakistan","group":"date not recorded","wikidata":"http://www.wikidata.org/entity/Q123398990"}},{"type":"Feature","geometry":{"type":"Point","coordinates":[69.22083,34.55972]},"properties":{"name":"2023 Kabul airport bombing","date":"2023-01-01","deaths":"10","injured":"8","perpetrator":null,"country":"Afghanistan","group":"2020s","wikidata":"http://www.wikidata.org/entity/Q115959142"}},{"type":"Feature","geometry":{"type":"Point","coordinates":[124.25689,7.99472]},"properties":{"name":"Mindanao State University bombing","date":"2023-12-03","deaths":"4","injured":"40","perpetrator":"Islamic State","country":"Philippines","group":"2020s","wikidata":"http://www.wikidata.org/entity/Q123684783"}},{"type":"Feature","geometry":{"type":"Point","coordinates":[43.14683,11.5948]},"properties":{"name":"attentat du Café de Paris","date":"1990-09-27","deaths":"1","injured":"17","perpetrator":null,"country":"Djibouti","group":"1990s","wikidata":"http://www.wikidata.org/entity/Q116055507"}},{"type":"Feature","geometry":{"type":"Point","coordinates":[3.12555,14.09132]},"properties":{"name":"2023 Tabatol attack","date":null,"deaths":null,"injured":null,"perpetrator":null,"country":"Niger","group":"date not recorded","wikidata":"http://www.wikidata.org/entity/Q122960869"}},{"type":"Feature","geometry":{"type":"Point","coordinates":[29.73583,0.02806]},"properties":{"name":"Mpondwe school massacre","date":"2023-06-16","deaths":"42","injured":"8","perpetrator":"Allied Democratic Forces","country":"Uganda","group":"2020s","wikidata":"http://www.wikidata.org/entity/Q119616154"}},{"type":"Feature","geometry":{"type":"Point","coordinates":[45.3099,2.031]},"properties":{"name":"2022 Mogadishu hotel attack","date":"2022-08-19","deaths":"20","injured":"40","perpetrator":null,"country":"Somalia","group":"2020s","wikidata":"http://www.wikidata.org/entity/Q113568279"}},{"type":"Feature","geometry":{"type":"Point","coordinates":[45.30583,2.0325]},"properties":{"name":"October 2022 Mogadishu bombings","date":"2022-10-29","deaths":"110","injured":"318","perpetrator":"Al-Shabaab","country":"Somalia","group":"2020s","wikidata":"http://www.wikidata.org/entity/Q114926903"}},{"type":"Feature","geometry":{"type":"Point","coordinates":[35.43575,32.1989]},"properties":{"name":"Q113505122","date":"2002-02-06","deaths":"3","injured":"2","perpetrator":null,"country":"Palestinian National Authority","group":"2000s","wikidata":"http://www.wikidata.org/entity/Q113505122"}},{"type":"Feature","geometry":{"type":"Point","coordinates":[35.11907,32.42344]},"properties":{"name":"عملية حرميش 2002","date":"2002-10-28","deaths":"3","injured":null,"perpetrator":null,"country":"Palestinian National Authority","group":"2000s","wikidata":"http://www.wikidata.org/entity/Q113505123"}},{"type":"Feature","geometry":{"type":"Point","coordinates":[35.11907,32.42344]},"properties":{"name":"2023 Hermesh shooting","date":"2023-05-30","deaths":"1","injured":null,"perpetrator":"Tulkarm Brigade","country":"Palestine","group":"2020s","wikidata":"http://www.wikidata.org/entity/Q120252222"}},{"type":"Feature","geometry":{"type":"Point","coordinates":[-123.091,49.231]},"properties":{"name":"2025 Vancouver car attack","date":"2025-04-26","deaths":"11","injured":null,"perpetrator":null,"country":"Canada","group":"2020s","wikidata":"http://www.wikidata.org/entity/Q134165503"}},{"type":"Feature","geometry":{"type":"Point","coordinates":[25.28333,54.68333]},"properties":{"name":"Q123476416","date":"1937-01-01","deaths":"0","injured":"1","perpetrator":null,"country":"Second Polish Republic","group":"1930s","wikidata":"http://www.wikidata.org/entity/Q123476416"}},{"type":"Feature","geometry":{"type":"Point","coordinates":[-0.30912,39.60271]},"properties":{"name":"1933 Barcelona-Seville train attack","date":"1933-12-09","deaths":"23","injured":"50","perpetrator":null,"country":"Spain","group":"1930s","wikidata":"http://www.wikidata.org/entity/Q131499967"}},{"type":"Feature","geometry":{"type":"Point","coordinates":[-87.7916,41.8721]},"properties":{"name":"2024 Chicago train shooting","date":null,"deaths":null,"injured":null,"perpetrator":null,"country":"United States","group":"date not recorded","wikidata":"http://www.wikidata.org/entity/Q130318490"}},{"type":"Feature","geometry":{"type":"Point","coordinates":[-90.06789,29.95611]},"properties":{"name":"2025 New Orleans truck attack","date":"2025-01-01","deaths":"15","injured":"35","perpetrator":"Shamsud-Din Bahar Jabbar","country":"United States","group":"2020s","wikidata":"http://www.wikidata.org/entity/Q131611708"}},{"type":"Feature","geometry":{"type":"Point","coordinates":[-115.17267,36.12917]},"properties":{"name":"Trump Hotel Tesla Cybertruck explosion","date":"2025-01-01","deaths":"1","injured":"7","perpetrator":"Matthew Livelsberger","country":"United States","group":"2020s","wikidata":"http://www.wikidata.org/entity/Q131617336"}},{"type":"Feature","geometry":{"type":"Point","coordinates":[-116.54583,33.83917]},"properties":{"name":"2025 Palm Springs fertility clinic bombing","date":"2025-05-17","deaths":"1","injured":"4","perpetrator":null,"country":"United States","group":"2020s","wikidata":"http://www.wikidata.org/entity/Q134493448"}},{"type":"Feature","geometry":{"type":"Point","coordinates":[-105.27806,40.01861]},"properties":{"name":"2025 Boulder fire attack","date":"2025-06-01","deaths":null,"injured":"12","perpetrator":null,"country":"United States","group":"2020s","wikidata":"http://www.wikidata.org/entity/Q134682300"}},{"type":"Feature","geometry":{"type":"Point","coordinates":[11.94789,57.69594]},"properties":{"name":"1932 Gothenburg bombing","date":"1932-02-15","deaths":"4","injured":"7","perpetrator":null,"country":"Sweden","group":"1930s","wikidata":"http://www.wikidata.org/entity/Q124795503"}},{"type":"Feature","geometry":{"type":"Point","coordinates":[9.21944,45.49639]},"properties":{"name":"Cinema Eros arson","date":"1983-05-14","deaths":"6","injured":null,"perpetrator":null,"country":"Italy","group":"1980s","wikidata":"http://www.wikidata.org/entity/Q131467755"}},{"type":"Feature","geometry":{"type":"Point","coordinates":[29.04193,41.1605]},"properties":{"name":"2024 Istanbul church shooting","date":"2024-01-28","deaths":"1","injured":null,"perpetrator":null,"country":"Turkey","group":"2020s","wikidata":"http://www.wikidata.org/entity/Q124369728"}},{"type":"Feature","geometry":{"type":"Point","coordinates":[29.27839,40.95556]},"properties":{"name":"2015 Sultanbeyli attacks","date":null,"deaths":null,"injured":null,"perpetrator":null,"country":"Turkey","group":"date not recorded","wikidata":"http://www.wikidata.org/entity/Q128429352"}},{"type":"Feature","geometry":{"type":"Point","coordinates":[32.58417,40.0825]},"properties":{"name":"Turkish Aerospace Industries headquarters attack","date":"2024-10-23","deaths":"7","injured":"22","perpetrator":"Kurdistan Workers' Party","country":"Turkey","group":"2020s","wikidata":"http://www.wikidata.org/entity/Q130621611"}},{"type":"Feature","geometry":{"type":"Point","coordinates":[28.9828,41.03593]},"properties":{"name":"Attack on Leman Magazine","date":"2025-06-30","deaths":null,"injured":null,"perpetrator":"Great Eastern Islamic Raiders' Front","country":"Turkey","group":"2020s","wikidata":"http://www.wikidata.org/entity/Q135179673"}},{"type":"Feature","geometry":{"type":"Point","coordinates":[38.7614,9.0101]},"properties":{"name":"2018 Ethiopian rally grenade attack","date":null,"deaths":"2","injured":null,"perpetrator":null,"country":"Ethiopia","group":"date not recorded","wikidata":"http://www.wikidata.org/entity/Q127612513"}},{"type":"Feature","geometry":{"type":"Point","coordinates":[2.28679,48.8566]},"properties":{"name":"assassinat d'İsmail Erez","date":null,"deaths":null,"injured":null,"perpetrator":null,"country":"France","group":"date not recorded","wikidata":"http://www.wikidata.org/entity/Q124790794"}},{"type":"Feature","geometry":{"type":"Point","coordinates":[2.33177,48.86527]},"properties":{"name":"Carmaux-Bons Enfants bombing","date":"1892-11-08","deaths":"5","injured":"0","perpetrator":"Émile Henry","country":"France","group":"1890s","wikidata":"http://www.wikidata.org/entity/Q131441044"}},{"type":"Feature","geometry":{"type":"Point","coordinates":[2.32556,48.87556]},"properties":{"name":"Terminus bombing","date":"1894-02-12","deaths":"1","injured":"17","perpetrator":"Émile Henry","country":"France","group":"1890s","wikidata":"http://www.wikidata.org/entity/Q131442245"}},{"type":"Feature","geometry":{"type":"Point","coordinates":[8.7943,41.9198]},"properties":{"name":"1981 Ajaccio airport bombing","date":null,"deaths":"1","injured":null,"perpetrator":null,"country":"France","group":"date not recorded","wikidata":"http://www.wikidata.org/entity/Q131850772"}},{"type":"Feature","geometry":{"type":"Point","coordinates":[2.36177,48.87015]},"properties":{"name":"Véry bombing","date":"1893-04-25","deaths":"2","injured":"1","perpetrator":"Jean-Pierre François","country":"France","group":"1890s","wikidata":"http://www.wikidata.org/entity/Q132722679"}},{"type":"Feature","geometry":{"type":"Point","coordinates":[2.33821,48.85275]},"properties":{"name":"Saint-Germain bombing","date":"1892-03-11","deaths":"0","injured":"1","perpetrator":null,"country":"France","group":"1890s","wikidata":"http://www.wikidata.org/entity/Q132802345"}},{"type":"Feature","geometry":{"type":"Point","coordinates":[2.35361,48.85528]},"properties":{"name":"Lobau bombing","date":"1892-03-15","deaths":null,"injured":null,"perpetrator":null,"country":"France","group":"1890s","wikidata":"http://www.wikidata.org/entity/Q133209569"}},{"type":"Feature","geometry":{"type":"Point","coordinates":[2.34529,48.85001]},"properties":{"name":"20 February bombings","date":"1894-02-20","deaths":null,"injured":null,"perpetrator":"Désiré Pauwels","country":"France","group":"1890s","wikidata":"http://www.wikidata.org/entity/Q133248037"}},{"type":"Feature","geometry":{"type":"Point","coordinates":[2.32423,48.86966]},"properties":{"name":"Madeleine bombing","date":"1894-03-15","deaths":null,"injured":null,"perpetrator":null,"country":"France","group":"1890s","wikidata":"http://www.wikidata.org/entity/Q133250764"}},{"type":"Feature","geometry":{"type":"Point","coordinates":[2.33347,48.86743]},"properties":{"name":"13 November 1893 stabbing","date":"1893-11-13","deaths":null,"injured":null,"perpetrator":null,"country":"France","group":"1890s","wikidata":"http://www.wikidata.org/entity/Q133285532"}},{"type":"Feature","geometry":{"type":"Point","coordinates":[2.31847,48.86203]},"properties":{"name":"National Assembly bombing","date":"1893-12-09","deaths":"0","injured":null,"perpetrator":"Auguste Vaillant","country":"France","group":"1890s","wikidata":"http://www.wikidata.org/entity/Q133444099"}},{"type":"Feature","geometry":{"type":"Point","coordinates":[2.33777,48.84942]},"properties":{"name":"Foyot bombing","date":"1894-04-04","deaths":null,"injured":"4","perpetrator":null,"country":"France","group":"1890s","wikidata":"http://www.wikidata.org/entity/Q133980714"}},{"type":"Feature","geometry":{"type":"Point","coordinates":[1.3108,47.1342]},"properties":{"name":"Nantes school stabbing","date":"2025-04-24","deaths":"1","injured":"3","perpetrator":"Justin P.","country":"France","group":"2020s","wikidata":"http://www.wikidata.org/entity/Q134119927"}},{"type":"Feature","geometry":{"type":"Point","coordinates":[2.33671,48.89368]},"properties":{"name":"Ordener attack","date":"1911-12-21","deaths":null,"injured":null,"perpetrator":null,"country":"France","group":"1910s","wikidata":"http://www.wikidata.org/entity/Q135139443"}},{"type":"Feature","geometry":{"type":"Point","coordinates":[2.09476,48.89794]},"properties":{"name":"Thiers statue bombing","date":"1881-06-16","deaths":"0","injured":"0","perpetrator":null,"country":"France","group":"1880s","wikidata":"http://www.wikidata.org/entity/Q135207474"}},{"type":"Feature","geometry":{"type":"Point","coordinates":[-2.98536,53.64236]},"properties":{"name":"2024 Southport stabbings","date":"2024-07-29","deaths":"3","injured":"11","perpetrator":"Axel Rudakubana","country":"United Kingdom","group":"2020s","wikidata":"http://www.wikidata.org/entity/Q128034940"}},{"type":"Feature","geometry":{"type":"Point","coordinates":[118.835,35.738]},"properties":{"name":"2024 Ju County attack","date":"2024-02-10","deaths":"21","injured":null,"perpetrator":null,"country":"People's Republic of China","group":"2020s","wikidata":"http://www.wikidata.org/entity/Q124536504"}},{"type":"Feature","geometry":{"type":"Point","coordinates":[126.525,43.842]},"properties":{"name":"2024 Jilin knife attack","date":"2024-06-10","deaths":null,"injured":null,"perpetrator":null,"country":"People's Republic of China","group":"2020s","wikidata":"http://www.wikidata.org/entity/Q126535443"}},{"type":"Feature","geometry":{"type":"Point","coordinates":[120.55385,31.29375]},"properties":{"name":"2024 Suzhou knife attack","date":"2024-06-24","deaths":"1","injured":"2","perpetrator":null,"country":"People's Republic of China","group":"2020s","wikidata":"http://www.wikidata.org/entity/Q126915407"}},{"type":"Feature","geometry":{"type":"Point","coordinates":[113.91207,22.50505]},"properties":{"name":"2024 Shenzhen knife attack","date":"2024-09-18","deaths":"1","injured":"0","perpetrator":"Zhong Changchun","country":"People's Republic of China","group":"2020s","wikidata":"http://www.wikidata.org/entity/Q130324165"}},{"type":"Feature","geometry":{"type":"Point","coordinates":[113.52806,22.27583]},"properties":{"name":"2024 Zhuhai car attack","date":"2024-11-11","deaths":"38","injured":"48","perpetrator":null,"country":"People's Republic of China","group":"2020s","wikidata":"http://www.wikidata.org/entity/Q131152711"}},{"type":"Feature","geometry":{"type":"Point","coordinates":[119.8287,31.341]},"properties":{"name":"2024 Wuxi stabbing attack","date":"2024-11-16","deaths":"8","injured":"17","perpetrator":"Xu Jiajin","country":"People's Republic of China","group":"2020s","wikidata":"http://www.wikidata.org/entity/Q131208723"}},{"type":"Feature","geometry":{"type":"Point","coordinates":[111.694,29.0028]},"properties":{"name":"2024 Changde car attack","date":"2024-11-19","deaths":"0","injured":"30","perpetrator":null,"country":"People's Republic of China","group":"2020s","wikidata":"http://www.wikidata.org/entity/Q131285776"}},{"type":"Feature","geometry":{"type":"Point","coordinates":[119.6374,29.0279]},"properties":{"name":"2025 Jinhua car attack","date":"2025-04-22","deaths":"6","injured":"2","perpetrator":null,"country":"People's Republic of China","group":"2020s","wikidata":"http://www.wikidata.org/entity/Q134465645"}},{"type":"Feature","geometry":{"type":"Point","coordinates":[-47.86139,-15.80083]},"properties":{"name":"2024 Brasília attack","date":"2024-11-13","deaths":"1","injured":null,"perpetrator":"Francisco Wanderley Luiz","country":"Brazil","group":"2020s","wikidata":"http://www.wikidata.org/entity/Q131174122"}},{"type":"Feature","geometry":{"type":"Point","coordinates":[37.39056,55.82583]},"properties":{"name":"Crocus City Hall attack","date":"2024-03-22","deaths":"144","injured":"360","perpetrator":"Dalerjon Mirzoev","country":"Russia","group":"2020s","wikidata":"http://www.wikidata.org/entity/Q125092492"}},{"type":"Feature","geometry":{"type":"Point","coordinates":[42.87639,48.60861]},"properties":{"name":"Surovikino penal colony hostage crisis","date":"2024-08-23","deaths":"12","injured":"8","perpetrator":null,"country":"Russia","group":"2020s","wikidata":"http://www.wikidata.org/entity/Q129643563"}},{"type":"Feature","geometry":{"type":"Point","coordinates":[8.4672,49.4898]},"properties":{"name":"2024 Mannheim stabbing","date":"2024-05-31","deaths":"1","injured":"7","perpetrator":"Sulaiman Ataee","country":"Germany","group":"2020s","wikidata":"http://www.wikidata.org/entity/Q126210591"}},{"type":"Feature","geometry":{"type":"Point","coordinates":[7.08472,51.17194]},"properties":{"name":"2024 Solingen stabbing","date":"2024-08-23","deaths":"3","injured":"8","perpetrator":"Issa al Hasan","country":"Germany","group":"2020s","wikidata":"http://www.wikidata.org/entity/Q129674841"}},{"type":"Feature","geometry":{"type":"Point","coordinates":[11.56753,48.14522]},"properties":{"name":"shooting in September 2024 in Munich","date":"2024-09-05","deaths":"1","injured":"0","perpetrator":"Emrah Ibrahimovic","country":"Germany","group":"2020s","wikidata":"http://www.wikidata.org/entity/Q130240352"}},{"type":"Feature","geometry":{"type":"Point","coordinates":[11.63889,52.13139]},"properties":{"name":"2024 Magdeburg car attack","date":"2024-12-20","deaths":"5","injured":"235","perpetrator":"Taleb Al Abdulmohsen","country":"Germany","group":"2020s","wikidata":"http://www.wikidata.org/entity/Q131520015"}},{"type":"Feature","geometry":{"type":"Point","coordinates":[11.558,48.14544]},"properties":{"name":"2025 Munich car attack","date":"2025-02-13","deaths":"2","injured":"37","perpetrator":"Farhad Noori","country":"Germany","group":"2020s","wikidata":"http://www.wikidata.org/entity/Q132291692"}},{"type":"Feature","geometry":{"type":"Point","coordinates":[8.4661,49.487]},"properties":{"name":"2025 Mannheim car attack","date":"2025-03-03","deaths":"2","injured":"12","perpetrator":null,"country":"Germany","group":"2020s","wikidata":"http://www.wikidata.org/entity/Q132890189"}},{"type":"Feature","geometry":{"type":"Point","coordinates":[8.52866,52.02755]},"properties":{"name":"2025 Bielefeld stabbing attack","date":"2025-05-18","deaths":"0","injured":"5","perpetrator":null,"country":"Germany","group":"2020s","wikidata":"http://www.wikidata.org/entity/Q134557270"}},{"type":"Feature","geometry":{"type":"Point","coordinates":[23.22106,48.47924]},"properties":{"name":"Keretsky grenade incident","date":"2023-12-15","deaths":"1","injured":"22","perpetrator":null,"country":"Ukraine","group":"2020s","wikidata":"http://www.wikidata.org/entity/Q123861004"}},{"type":"Feature","geometry":{"type":"Point","coordinates":[30.73683,46.37769]},"properties":{"name":"Missile attack on Odesa on March 15, 2024","date":"2024-03-15","deaths":"21","injured":"75","perpetrator":null,"country":"Ukraine","group":"2020s","wikidata":"http://www.wikidata.org/entity/Q124861682"}},{"type":"Feature","geometry":{"type":"Point","coordinates":[21.226,45.7543]},"properties":{"name":"Q126327004","date":"1938-11-26","deaths":"4","injured":"70","perpetrator":null,"country":"Romania","group":"1930s","wikidata":"http://www.wikidata.org/entity/Q126327004"}},{"type":"Feature","geometry":{"type":"Point","coordinates":[151.25111,-33.89139]},"properties":{"name":"2024 Westfield Bondi Junction stabbings","date":"2024-04-13","deaths":"7","injured":"12","perpetrator":"Joel Cauchi","country":"Australia","group":"2020s","wikidata":"http://www.wikidata.org/entity/Q125457538"}},{"type":"Feature","geometry":{"type":"Point","coordinates":[150.9062,-33.8728]},"properties":{"name":"2024 Wakeley church stabbing","date":"2024-04-15","deaths":"0","injured":"7","perpetrator":null,"country":"Australia","group":"2020s","wikidata":"http://www.wikidata.org/entity/Q125490458"}},{"type":"Feature","geometry":{"type":"Point","coordinates":[-76.95723,-12.07252]},"properties":{"name":"2025 La Molina vehicle-ramming attack","date":null,"deaths":null,"injured":"4","perpetrator":null,"country":"Peru","group":"date not recorded","wikidata":"http://www.wikidata.org/entity/Q135206971"}},{"type":"Feature","geometry":{"type":"Point","coordinates":[15.03806,12.10917]},"properties":{"name":"2025 N'Djamena attack","date":"2025-01-08","deaths":"20","injured":"9","perpetrator":null,"country":"Chad","group":"2020s","wikidata":"http://www.wikidata.org/entity/Q131725511"}},{"type":"Feature","geometry":{"type":"Point","coordinates":[77.71254,12.97074]},"properties":{"name":"2024 Bangalore Cafe bombing","date":"2024-03-01","deaths":null,"injured":null,"perpetrator":null,"country":"India","group":"2020s","wikidata":"http://www.wikidata.org/entity/Q124881659"}},{"type":"Feature","geometry":{"type":"Point","coordinates":[80.69,19.14]},"properties":{"name":"2025 Bijapur Naxal attack","date":"2025-01-06","deaths":null,"injured":null,"perpetrator":null,"country":"India","group":"2020s","wikidata":"http://www.wikidata.org/entity/Q131699204"}},{"type":"Feature","geometry":{"type":"Point","coordinates":[75.33361,34.00361]},"properties":{"name":"2025 Pahalgam attack","date":"2025-04-22","deaths":"26","injured":"17","perpetrator":"The Resistance Front","country":"India","group":"2020s","wikidata":"http://www.wikidata.org/entity/Q134044277"}},{"type":"Feature","geometry":{"type":"Point","coordinates":[-72.6147,19.1493]},"properties":{"name":"2024 Pont-Sondé attack","date":"2024-10-03","deaths":"70","injured":"50","perpetrator":null,"country":"Haiti","group":"2020s","wikidata":"http://www.wikidata.org/entity/Q130426904"}},{"type":"Feature","geometry":{"type":"Point","coordinates":[57.12083,30.27833]},"properties":{"name":"2024 Kerman bombings","date":"2024-01-03","deaths":"94","injured":"284","perpetrator":"Islamic State – Khorasan Province","country":"Iran","group":"2020s","wikidata":"http://www.wikidata.org/entity/Q124098799"}},{"type":"Feature","geometry":{"type":"Point","coordinates":[34.85505,32.18467]},"properties":{"name":"2024 Ra'anana attack","date":"2024-01-15","deaths":"1","injured":"18","perpetrator":null,"country":"Israel","group":"2020s","wikidata":"http://www.wikidata.org/entity/Q124290874"}},{"type":"Feature","geometry":{"type":"Point","coordinates":[34.78459,31.76068]},"properties":{"name":"2024 Kiryat Malakhi attack","date":"2024-02-16","deaths":"2","injured":"4","perpetrator":null,"country":"Israel","group":"2020s","wikidata":"http://www.wikidata.org/entity/Q124568074"}},{"type":"Feature","geometry":{"type":"Point","coordinates":[35.26056,31.78417]},"properties":{"name":"The shooting attack near Maale Adumim 2024","date":"2024-02-22","deaths":"1","injured":"11","perpetrator":null,"country":"Israel","group":"2020s","wikidata":"http://www.wikidata.org/entity/Q124632021"}},{"type":"Feature","geometry":{"type":"Point","coordinates":[34.76144,31.44837]},"properties":{"name":"The stabbing attack at Beit Kama intersection","date":"2024-03-14","deaths":"1","injured":"2","perpetrator":null,"country":"Israel","group":"2020s","wikidata":"http://www.wikidata.org/entity/Q124847915"}},{"type":"Feature","geometry":{"type":"Point","coordinates":[34.70449,31.79531]},"properties":{"name":"Q125322575","date":"2024-03-31","deaths":"1","injured":"2","perpetrator":null,"country":"Israel","group":"2020s","wikidata":"http://www.wikidata.org/entity/Q125322575"}},{"type":"Feature","geometry":{"type":"Point","coordinates":[35.3256,32.92841]},"properties":{"name":"Q127043181","date":"2024-07-03","deaths":"1","injured":"2","perpetrator":null,"country":"Israel","group":"2020s","wikidata":"http://www.wikidata.org/entity/Q127043181"}},{"type":"Feature","geometry":{"type":"Point","coordinates":[35.76892,33.26572]},"properties":{"name":"Majdal Shams attack","date":"2024-07-27","deaths":"12","injured":"29","perpetrator":"Hezbollah","country":"Israel","group":"2020s","wikidata":"http://www.wikidata.org/entity/Q127946456"}},{"type":"Feature","geometry":{"type":"Point","coordinates":[34.7643,32.0003]},"properties":{"name":"Q128527541","date":"2024-08-04","deaths":"2","injured":"2","perpetrator":null,"country":"Israel","group":"2020s","wikidata":"http://www.wikidata.org/entity/Q128527541"}},{"type":"Feature","geometry":{"type":"Point","coordinates":[34.64876,31.79671]},"properties":{"name":"Hamas attack on Ashdod and Ashkelon during the Abraham Accords Declaration, 15 September 2020","date":"2020-09-15","deaths":"0","injured":"5","perpetrator":"Hamas","country":"Israel","group":"2020s","wikidata":"http://www.wikidata.org/entity/Q129944748"}},{"type":"Feature","geometry":{"type":"Point","coordinates":[34.8566,31.95194]},"properties":{"name":"Q131730667","date":"2024-02-14","deaths":"1","injured":"3","perpetrator":null,"country":"Israel","group":"2020s","wikidata":"http://www.wikidata.org/entity/Q131730667"}},{"type":"Feature","geometry":{"type":"Point","coordinates":[35.21701,31.7913]},"properties":{"name":"Q131986196","date":"1978-02-14","deaths":"2","injured":"41","perpetrator":null,"country":"Israel","group":"1970s","wikidata":"http://www.wikidata.org/entity/Q131986196"}},{"type":"Feature","geometry":{"type":"Point","coordinates":[35.23264,31.77936]},"properties":{"name":"Q133137411","date":"2018-03-18","deaths":"1","injured":"0","perpetrator":null,"country":"Israel","group":"2010s","wikidata":"http://www.wikidata.org/entity/Q133137411"}},{"type":"Feature","geometry":{"type":"Point","coordinates":[34.99386,32.46507]},"properties":{"name":"2025 Karkur junction ramming attack","date":"2025-02-27","deaths":"1","injured":"13","perpetrator":null,"country":"Israel","group":"2020s","wikidata":"http://www.wikidata.org/entity/Q133281846"}},{"type":"Feature","geometry":{"type":"Point","coordinates":[35.50651,33.85326]},"properties":{"name":"2024 Haret Hreik airstrike","date":"2024-07-30","deaths":"4","injured":"80","perpetrator":"Israel Defense Forces","country":"Lebanon","group":"2020s","wikidata":"http://www.wikidata.org/entity/Q128135642"}},{"type":"Feature","geometry":{"type":"Point","coordinates":[92.89666,20.17007]},"properties":{"name":"Byian Phyu massacre","date":"2024-05-29","deaths":"76","injured":null,"perpetrator":null,"country":"Myanmar","group":"2020s","wikidata":"http://www.wikidata.org/entity/Q126689980"}},{"type":"Feature","geometry":{"type":"Point","coordinates":[95.2084,22.6505]},"properties":{"name":"2025 Depayin School bombing","date":"2025-05-12","deaths":"22","injured":null,"perpetrator":null,"country":"Myanmar","group":"2020s","wikidata":"http://www.wikidata.org/entity/Q134488561"}},{"type":"Feature","geometry":{"type":"Point","coordinates":[70.33167,31.73278]},"properties":{"name":"Daraban police station attack","date":null,"deaths":"24","injured":null,"perpetrator":"Tehreek-e-Jihad Pakistan","country":"Pakistan","group":"date not recorded","wikidata":"http://www.wikidata.org/entity/Q124008465"}},{"type":"Feature","geometry":{"type":"Point","coordinates":[73.19327,35.31727]},"properties":{"name":"2024 Shangla bombing","date":"2024-03-26","deaths":"7","injured":null,"perpetrator":null,"country":"Pakistan","group":"2020s","wikidata":"http://www.wikidata.org/entity/Q125158663"}},{"type":"Feature","geometry":{"type":"Point","coordinates":[73.12391,33.726]},"properties":{"name":"2002 Islamabad Protestant International Church bombing","date":"2002-03-17","deaths":null,"injured":null,"perpetrator":null,"country":"Pakistan","group":"2000s","wikidata":"http://www.wikidata.org/entity/Q127685357"}},{"type":"Feature","geometry":{"type":"Point","coordinates":[67.00083,30.19167]},"properties":{"name":"2024 Quetta railway station bombing","date":"2024-11-09","deaths":"27","injured":"62","perpetrator":"Balochistan Liberation Army","country":"Pakistan","group":"2020s","wikidata":"http://www.wikidata.org/entity/Q131108983"}},{"type":"Feature","geometry":{"type":"Point","coordinates":[67.57083,29.64639]},"properties":{"name":"2025 Jaffar Express hijacking","date":"2025-03-11","deaths":null,"injured":null,"perpetrator":"Balochistan Liberation Army","country":"Pakistan","group":"2020s","wikidata":"http://www.wikidata.org/entity/Q133258498"}},{"type":"Feature","geometry":{"type":"Point","coordinates":[35.69056,32.9925]},"properties":{"name":"Katzrin attack","date":"2024-08-21","deaths":null,"injured":null,"perpetrator":null,"country":"Syria","group":"2020s","wikidata":"http://www.wikidata.org/entity/Q129902631"}},{"type":"Feature","geometry":{"type":"Point","coordinates":[36.3199,33.5032]},"properties":{"name":"Mar Elias Church attack","date":"2025-06-22","deaths":"25","injured":"63","perpetrator":"Islamic State","country":"Syria","group":"2020s","wikidata":"http://www.wikidata.org/entity/Q135012367"}},{"type":"Feature","geometry":{"type":"Point","coordinates":[121.37259,24.93927]},"properties":{"name":"Sanxia Vehicular Ramming Attack","date":"2025-05-19","deaths":"4","injured":"11","perpetrator":null,"country":"Taiwan","group":"2020s","wikidata":"http://www.wikidata.org/entity/Q135097644"}},{"type":"Feature","geometry":{"type":"Point","coordinates":[103.48452,9.30722]},"properties":{"name":"massacre de l'île de Thotyu","date":"1975-05-10","deaths":"515","injured":null,"perpetrator":null,"country":"Vietnam","group":"1970s","wikidata":"http://www.wikidata.org/entity/Q124790626"}},{"type":"Feature","geometry":{"type":"Point","coordinates":[65.71583,31.62]},"properties":{"name":"2024 Kandahar New Kabul Bank bombing","date":"2024-03-21","deaths":"21","injured":null,"perpetrator":null,"country":"Afghanistan","group":"2020s","wikidata":"http://www.wikidata.org/entity/Q125131477"}},{"type":"Feature","geometry":{"type":"Point","coordinates":[-8.00278,12.63917]},"properties":{"name":"2024 Bamako attacks","date":"2024-09-17","deaths":"77","injured":"255","perpetrator":"Jama'at Nasr al-Islam wal Muslimin","country":"Mali","group":"2020s","wikidata":"http://www.wikidata.org/entity/Q130325301"}},{"type":"Feature","geometry":{"type":"Point","coordinates":[-1.05639,13.415]},"properties":{"name":"2024 Barsalogho massacre","date":"2024-08-24","deaths":"300","injured":"300","perpetrator":"Jama'at Nasr al-Islam wal Muslimin","country":"Burkina Faso","group":"2020s","wikidata":"http://www.wikidata.org/entity/Q129811621"}},{"type":"Feature","geometry":{"type":"Point","coordinates":[10.66667,6.63334]},"properties":{"name":"Nkambé attack","date":"2024-02-11","deaths":"1","injured":null,"perpetrator":null,"country":"Cameroon","group":"2020s","wikidata":"http://www.wikidata.org/entity/Q127388580"}},{"type":"Feature","geometry":{"type":"Point","coordinates":[10.26083,6.13083]},"properties":{"name":"Enlèvement de femmes à Kedjom Keku","date":null,"deaths":null,"injured":null,"perpetrator":null,"country":"Cameroon","group":"date not recorded","wikidata":"http://www.wikidata.org/entity/Q130192074"}},{"type":"Feature","geometry":{"type":"Point","coordinates":[0.90139,14.33528]},"properties":{"name":"Fambita mosque attack","date":"2025-03-21","deaths":"44","injured":null,"perpetrator":null,"country":"Niger","group":"2020s","wikidata":"http://www.wikidata.org/entity/Q133464925"}},{"type":"Feature","geometry":{"type":"Point","coordinates":[45.32,2.0489]},"properties":{"name":"2024 Mogadishu market bombing","date":null,"deaths":"10","injured":null,"perpetrator":null,"country":"Somalia","group":"date not recorded","wikidata":"http://www.wikidata.org/entity/Q125217034"}},{"type":"Feature","geometry":{"type":"Point","coordinates":[45.36361,2.04028]},"properties":{"name":"2024 Lido Beach attack","date":"2024-08-02","deaths":null,"injured":null,"perpetrator":null,"country":"Somalia","group":"2020s","wikidata":"http://www.wikidata.org/entity/Q128347872"}},{"type":"Feature","geometry":{"type":"Point","coordinates":[45.19731,4.73481]},"properties":{"name":"2025 Beledweyne hotel attack","date":null,"deaths":null,"injured":null,"perpetrator":null,"country":"Somalia","group":"date not recorded","wikidata":"http://www.wikidata.org/entity/Q133260535"}},{"type":"Feature","geometry":{"type":"Point","coordinates":[26.3925,50.725]},"properties":{"name":"Remel massacre","date":"1943-03-17","deaths":null,"injured":null,"perpetrator":null,"country":"Soviet Union","group":"1940s","wikidata":"http://www.wikidata.org/entity/Q125053810"}},{"type":"Feature","geometry":{"type":"Point","coordinates":[35.23678,32.16872]},"properties":{"name":"murder of Harel Bin-Nun and Shlomo Libman","date":"1998-08-04","deaths":"2","injured":null,"perpetrator":null,"country":"West Bank","group":"1990s","wikidata":"http://www.wikidata.org/entity/Q130240473"}},{"type":"Feature","geometry":{"type":"Point","coordinates":[35.16856,32.24676]},"properties":{"name":"Q131681484","date":"2024-08-18","deaths":"1","injured":null,"perpetrator":null,"country":"West Bank","group":"2020s","wikidata":"http://www.wikidata.org/entity/Q131681484"}},{"type":"Feature","geometry":{"type":"Point","coordinates":[35.28268,32.17984]},"properties":{"name":"Q131872628","date":"2024-05-29","deaths":"2","injured":null,"perpetrator":null,"country":"West Bank","group":"2020s","wikidata":"http://www.wikidata.org/entity/Q131872628"}},{"type":"Feature","geometry":{"type":"Point","coordinates":[35.2305,31.78164]},"properties":{"name":"Q130372960","date":"1947-12-29","deaths":"13","injured":"32","perpetrator":null,"country":"Mandatory Palestine","group":"1940s","wikidata":"http://www.wikidata.org/entity/Q130372960"}},{"type":"Feature","geometry":{"type":"Point","coordinates":[19.06083,47.49583]},"properties":{"name":"Q125092467","date":"1939-02-03","deaths":"0","injured":"23","perpetrator":null,"country":"Kingdom of Hungary","group":"1930s","wikidata":"http://www.wikidata.org/entity/Q125092467"}},{"type":"Feature","geometry":{"type":"Point","coordinates":[10.66915,59.94139]},"properties":{"name":"2026 U.S. Embassy bombing in Oslo, Norway","date":"2026-03-08","deaths":"0","injured":"0","perpetrator":null,"country":"Norway","group":"2020s","wikidata":"http://www.wikidata.org/entity/Q138648211"}},{"type":"Feature","geometry":{"type":"Point","coordinates":[2.53427,39.51488]},"properties":{"name":"2009 Palma Nova bombing","date":"2009-07-30","deaths":"2","injured":null,"perpetrator":"Euskadi Ta Askatasuna","country":"Spain","group":"2000s","wikidata":"http://www.wikidata.org/entity/Q58415"}},{"type":"Feature","geometry":{"type":"Point","coordinates":[2.18556,41.4281]},"properties":{"name":"1987 Hipercor bombing","date":"1987-06-19","deaths":"21","injured":"45","perpetrator":"Euskadi Ta Askatasuna","country":"Spain","group":"1980s","wikidata":"http://www.wikidata.org/entity/Q58412"}},{"type":"Feature","geometry":{"type":"Point","coordinates":[-2.55681,43.36406]},"properties":{"name":"1980 Ispaster attack","date":"1980-02-01","deaths":"8","injured":null,"perpetrator":"Euskadi Ta Askatasuna","country":"Spain","group":"1980s","wikidata":"http://www.wikidata.org/entity/Q58416"}},{"type":"Feature","geometry":{"type":"Point","coordinates":[-85.63313,44.72804]},"properties":{"name":"2025 Traverse City stabbing","date":"2025-07-26","deaths":null,"injured":"11","perpetrator":null,"country":"United States","group":"2020s","wikidata":"http://www.wikidata.org/entity/Q135476176"}},{"type":"Feature","geometry":{"type":"Point","coordinates":[-93.28583,44.90472]},"properties":{"name":"2025 Annunciation Catholic Church shooting","date":"2025-08-27","deaths":"3","injured":"20","perpetrator":"Robin M. Westman","country":"United States","group":"2020s","wikidata":"http://www.wikidata.org/entity/Q135983688"}},{"type":"Feature","geometry":{"type":"Point","coordinates":[-83.62083,42.90944]},"properties":{"name":"Grand Blanc Township church attack","date":"2025-09-28","deaths":"5","injured":"8","perpetrator":"Thomas Jacob Sanford","country":"United States","group":"2020s","wikidata":"http://www.wikidata.org/entity/Q136394520"}},{"type":"Feature","geometry":{"type":"Point","coordinates":[-115.13861,36.1675]},"properties":{"name":"Orbit Inn bombing","date":null,"deaths":null,"injured":null,"perpetrator":null,"country":"United States","group":"date not recorded","wikidata":"http://www.wikidata.org/entity/Q138542920"}},{"type":"Feature","geometry":{"type":"Point","coordinates":[-83.39577,42.55482]},"properties":{"name":"Temple Israel synagogue shooting","date":"2026-03-12","deaths":"1","injured":null,"perpetrator":"Ayman Mohamad Ghazali","country":"United States","group":"2020s","wikidata":"http://www.wikidata.org/entity/Q138654904"}},{"type":"Feature","geometry":{"type":"Point","coordinates":[-76.30527,36.88729]},"properties":{"name":"2026 Old Dominion University shooting","date":"2026-03-12","deaths":"2","injured":"2","perpetrator":null,"country":"United States","group":"2020s","wikidata":"http://www.wikidata.org/entity/Q138657831"}},{"type":"Feature","geometry":{"type":"Point","coordinates":[-74.01361,40.71167]},"properties":{"name":"1993 World Trade Center bombing","date":"1993-02-26","deaths":"6","injured":"1042","perpetrator":null,"country":"United States","group":"1990s","wikidata":"http://www.wikidata.org/entity/Q11240"}},{"type":"Feature","geometry":{"type":"Point","coordinates":[-74.01303,40.71236]},"properties":{"name":"American Airlines Flight 11","date":"2001-09-11","deaths":"92","injured":"0","perpetrator":null,"country":"United States","group":"2000s","wikidata":"http://www.wikidata.org/entity/Q11694"}},{"type":"Feature","geometry":{"type":"Point","coordinates":[-74.01314,40.71078]},"properties":{"name":"United Airlines Flight 175","date":"2001-09-11","deaths":"65","injured":null,"perpetrator":null,"country":"United States","group":"2000s","wikidata":"http://www.wikidata.org/entity/Q11705"}},{"type":"Feature","geometry":{"type":"Point","coordinates":[11.95383,57.69142]},"properties":{"name":"bombing at Övre Husargatan 2016","date":"2016-11-11","deaths":"0","injured":"0","perpetrator":null,"country":"Sweden","group":"2010s","wikidata":"http://www.wikidata.org/entity/Q140796813"}},{"type":"Feature","geometry":{"type":"Point","coordinates":[15.80366,60.0005]},"properties":{"name":"2026 Fagersta school stabbing","date":"2026-08-21","deaths":"1","injured":"3","perpetrator":null,"country":"Sweden","group":"2020s","wikidata":"http://www.wikidata.org/entity/Q141150763"}},{"type":"Feature","geometry":{"type":"Point","coordinates":[11.94883,57.69977]},"properties":{"name":"bombing at Hagakliniken 2016","date":"2020-11-11","deaths":null,"injured":"2","perpetrator":null,"country":"Sweden","group":"2020s","wikidata":"http://www.wikidata.org/entity/Q141457040"}},{"type":"Feature","geometry":{"type":"Point","coordinates":[10.93,44.644]},"properties":{"name":"2026 Modena car-ramming attack","date":"2026-05-16","deaths":null,"injured":"8","perpetrator":null,"country":"Italy","group":"2020s","wikidata":"http://www.wikidata.org/entity/Q139820764"}},{"type":"Feature","geometry":{"type":"Point","coordinates":[31.76593,31.47217]},"properties":{"name":"2026 Damietta drone strike","date":"2026-07-29","deaths":"0","injured":"0","perpetrator":null,"country":"Egypt","group":"2020s","wikidata":"http://www.wikidata.org/entity/Q140774835"}},{"type":"Feature","geometry":{"type":"Point","coordinates":[29.99192,31.2633]},"properties":{"name":"2011 Alexandria bombing","date":"2011-01-01","deaths":"23","injured":"97","perpetrator":null,"country":"Egypt","group":"2010s","wikidata":"http://www.wikidata.org/entity/Q44310"}},{"type":"Feature","geometry":{"type":"Point","coordinates":[32.60639,25.73833]},"properties":{"name":"Luxor massacre","date":"1997-11-17","deaths":"62","injured":"26","perpetrator":null,"country":"Egypt","group":"1990s","wikidata":"http://www.wikidata.org/entity/Q53600"}},{"type":"Feature","geometry":{"type":"Point","coordinates":[2.34139,48.86917]},"properties":{"name":"Paris Stock Exchange bombing","date":"1886-03-05","deaths":null,"injured":null,"perpetrator":"Charles Gallo","country":"France","group":"1880s","wikidata":"http://www.wikidata.org/entity/Q136346890"}},{"type":"Feature","geometry":{"type":"Point","coordinates":[2.33861,48.886]},"properties":{"name":"Berthe bombing","date":"1887-07-06","deaths":null,"injured":null,"perpetrator":null,"country":"France","group":"1880s","wikidata":"http://www.wikidata.org/entity/Q136416969"}},{"type":"Feature","geometry":{"type":"Point","coordinates":[-1.2597,45.9119]},"properties":{"name":"2025 Island of Oléron car ramming","date":"2025-11-05","deaths":"0","injured":"10","perpetrator":null,"country":"France","group":"2020s","wikidata":"http://www.wikidata.org/entity/Q136709283"}},{"type":"Feature","geometry":{"type":"Point","coordinates":[4.83453,45.75832]},"properties":{"name":"Assommoir bombing","date":"1882-10-23","deaths":"1","injured":"10","perpetrator":"Fanny Madignier","country":"France","group":"1880s","wikidata":"http://www.wikidata.org/entity/Q137734875"}},{"type":"Feature","geometry":{"type":"Point","coordinates":[-2.24861,53.52]},"properties":{"name":"2025 Manchester synagogue attack","date":"2025-10-02","deaths":"3","injured":"5","perpetrator":null,"country":"United Kingdom","group":"2020s","wikidata":"http://www.wikidata.org/entity/Q136418314"}},{"type":"Feature","geometry":{"type":"Point","coordinates":[-0.20779,51.57934]},"properties":{"name":"2026 Hatzola arson attack","date":"2026-03-23","deaths":null,"injured":null,"perpetrator":null,"country":"United Kingdom","group":"2020s","wikidata":"http://www.wikidata.org/entity/Q138779300"}},{"type":"Feature","geometry":{"type":"Point","coordinates":[115.93917,39.66556]},"properties":{"name":"2026 Beijing ramming attack","date":"2026-03-29","deaths":"8","injured":"12","perpetrator":null,"country":"People's Republic of China","group":"2020s","wikidata":"http://www.wikidata.org/entity/Q138841627"}},{"type":"Feature","geometry":{"type":"Point","coordinates":[123.3905,41.7801]},"properties":{"name":"沈阳和平区持刀伤人案","date":"2026-04-04","deaths":"7","injured":"10","perpetrator":null,"country":"People's Republic of China","group":"2020s","wikidata":"http://www.wikidata.org/entity/Q139007421"}},{"type":"Feature","geometry":{"type":"Point","coordinates":[113.38636,23.0648]},"properties":{"name":"2026年廣州大學城隨機傷人事件","date":"2026-09-14","deaths":"0","injured":"3","perpetrator":null,"country":"People's Republic of China","group":"2020s","wikidata":"http://www.wikidata.org/entity/Q141486013"}},{"type":"Feature","geometry":{"type":"Point","coordinates":[37.1608,55.72671]},"properties":{"name":"2025 Odintsovo school attack","date":"2025-12-16","deaths":"1","injured":"3","perpetrator":null,"country":"Russia","group":"2020s","wikidata":"http://www.wikidata.org/entity/Q137418668"}},{"type":"Feature","geometry":{"type":"Point","coordinates":[37.58056,55.75889]},"properties":{"name":"2026 Moscow bombing","date":"2026-08-01","deaths":"3","injured":"21","perpetrator":null,"country":"Russia","group":"2020s","wikidata":"http://www.wikidata.org/entity/Q140811550"}},{"type":"Feature","geometry":{"type":"Point","coordinates":[12.37986,51.33942]},"properties":{"name":"2026 Leipzig car incident","date":"2026-05-04","deaths":"2","injured":"6","perpetrator":null,"country":"Germany","group":"2020s","wikidata":"http://www.wikidata.org/entity/Q139663483"}},{"type":"Feature","geometry":{"type":"Point","coordinates":[13.37013,52.51249]},"properties":{"name":"2026 Berlin Pride van attack","date":"2026-07-25","deaths":"1","injured":"29","perpetrator":"Abdul Ballout","country":"Germany","group":"2020s","wikidata":"http://www.wikidata.org/entity/Q140697660"}},{"type":"Feature","geometry":{"type":"Point","coordinates":[30.5125,50.4007]},"properties":{"name":"2026 Kyiv shooting","date":"2026-04-18","deaths":"6","injured":"14","perpetrator":null,"country":"Ukraine","group":"2020s","wikidata":"http://www.wikidata.org/entity/Q139415676"}},{"type":"Feature","geometry":{"type":"Point","coordinates":[15.81861,50.025]},"properties":{"name":"arson attack in Pardubice 2026","date":"2026-03-20","deaths":"0","injured":"0","perpetrator":null,"country":"Czech Republic","group":"2020s","wikidata":"http://www.wikidata.org/entity/Q138767022"}},{"type":"Feature","geometry":{"type":"Point","coordinates":[7.43008,43.74611]},"properties":{"name":"2026 Monaco bombing","date":"2026-06-29","deaths":"0","injured":"3","perpetrator":null,"country":"Monaco","group":"2020s","wikidata":"http://www.wikidata.org/entity/Q140382720"}},{"type":"Feature","geometry":{"type":"Point","coordinates":[-70.60267,-33.41869]},"properties":{"name":"1986 Santiago subway bombing","date":"1986-06-16","deaths":"1","injured":"6","perpetrator":null,"country":"Chile","group":"1980s","wikidata":"http://www.wikidata.org/entity/Q140933591"}},{"type":"Feature","geometry":{"type":"Point","coordinates":[151.27825,-33.88931]},"properties":{"name":"2025 Bondi Beach shooting","date":"2025-12-14","deaths":"16","injured":"40","perpetrator":"Sajid Akram","country":"Australia","group":"2020s","wikidata":"http://www.wikidata.org/entity/Q137383251"}},{"type":"Feature","geometry":{"type":"Point","coordinates":[77.23594,28.65611]},"properties":{"name":"2025 Delhi car explosion","date":"2025-11-10","deaths":"13","injured":"30","perpetrator":"Jaish-e-Mohammed","country":"India","group":"2020s","wikidata":"http://www.wikidata.org/entity/Q136758468"}},{"type":"Feature","geometry":{"type":"Point","coordinates":[-76.49675,3.45251]},"properties":{"name":"August 2025 FARC dissidents clashes","date":null,"deaths":null,"injured":null,"perpetrator":null,"country":"Colombia","group":"date not recorded","wikidata":"http://www.wikidata.org/entity/Q135921796"}},{"type":"Feature","geometry":{"type":"Point","coordinates":[44.46012,33.39096]},"properties":{"name":"June 2009 Baghdad bombing","date":"2009-06-24","deaths":"72","injured":"130","perpetrator":null,"country":"Iraq","group":"2000s","wikidata":"http://www.wikidata.org/entity/Q44153"}},{"type":"Feature","geometry":{"type":"Point","coordinates":[60.86667,29.48333]},"properties":{"name":"2010 Zahedan bombings","date":"2010-07-15","deaths":"27","injured":null,"perpetrator":"Jundallah","country":null,"group":"2010s","wikidata":"http://www.wikidata.org/entity/Q255307"}},{"type":"Feature","geometry":{"type":"Point","coordinates":[-12.81667,51.06]},"properties":{"name":"Air India Flight 182","date":"1985-06-23","deaths":"329","injured":"0","perpetrator":null,"country":null,"group":"1980s","wikidata":"http://www.wikidata.org/entity/Q406588"}},{"type":"Feature","geometry":{"type":"Point","coordinates":[71.5,34.0]},"properties":{"name":"March 2011 Peshawar bombing","date":"2011-03-09","deaths":"37","injured":null,"perpetrator":null,"country":null,"group":"2010s","wikidata":"http://www.wikidata.org/entity/Q589437"}},{"type":"Feature","geometry":{"type":"Point","coordinates":[106.682,10.7694]},"properties":{"name":"1964 Brinks Hotel bombing","date":"1964-12-24","deaths":"2","injured":null,"perpetrator":null,"country":null,"group":"1960s","wikidata":"http://www.wikidata.org/entity/Q712907"}},{"type":"Feature","geometry":{"type":"Point","coordinates":[35.5105,33.8524]},"properties":{"name":"1985 Beirut car bombing","date":"1985-03-08","deaths":"83","injured":null,"perpetrator":null,"country":null,"group":"1980s","wikidata":"http://www.wikidata.org/entity/Q814848"}},{"type":"Feature","geometry":{"type":"Point","coordinates":[19.2197,47.44013]},"properties":{"name":"Ferihegy expressway attack","date":"1991-12-23","deaths":null,"injured":null,"perpetrator":null,"country":null,"group":"1990s","wikidata":"http://www.wikidata.org/entity/Q1000639"}},{"type":"Feature","geometry":{"type":"Point","coordinates":[120.633,14.3]},"properties":{"name":"2004 SuperFerry 14 bombing","date":"2004-02-27","deaths":"116","injured":null,"perpetrator":null,"country":null,"group":"2000s","wikidata":"http://www.wikidata.org/entity/Q1442715"}},{"type":"Feature","geometry":{"type":"Point","coordinates":[35.30823,32.17238]},"properties":{"name":"Itamar attack","date":"2011-03-11","deaths":"5","injured":null,"perpetrator":null,"country":null,"group":"2010s","wikidata":"http://www.wikidata.org/entity/Q1550200"}},{"type":"Feature","geometry":{"type":"Point","coordinates":[-5.953,54.604]},"properties":{"name":"Shankill Road bombing","date":"1993-10-23","deaths":"10","injured":"57","perpetrator":null,"country":null,"group":"1990s","wikidata":"http://www.wikidata.org/entity/Q1780548"}},{"type":"Feature","geometry":{"type":"Point","coordinates":[12.98833,55.62056]},"properties":{"name":"Amalthea bombing","date":"1908-07-12","deaths":null,"injured":null,"perpetrator":null,"country":null,"group":"1900s","wikidata":"http://www.wikidata.org/entity/Q1792699"}},{"type":"Feature","geometry":{"type":"Point","coordinates":[69.1777,34.52]},"properties":{"name":"2008 Kabul Serena Hotel attack","date":"2008-01-14","deaths":"6","injured":"6","perpetrator":null,"country":null,"group":"2000s","wikidata":"http://www.wikidata.org/entity/Q1797924"}},{"type":"Feature","geometry":{"type":"Point","coordinates":[10.6925,53.88139]},"properties":{"name":"Lübecker Brandanschlag","date":"1996-01-18","deaths":"10","injured":"55","perpetrator":null,"country":null,"group":"1990s","wikidata":"http://www.wikidata.org/entity/Q1880112"}},{"type":"Feature","geometry":{"type":"Point","coordinates":[44.7667,43.2167]},"properties":{"name":"2009 Nazran bombing","date":"2009-08-17","deaths":"25","injured":"164","perpetrator":null,"country":null,"group":"2000s","wikidata":"http://www.wikidata.org/entity/Q2060253"}},{"type":"Feature","geometry":{"type":"Point","coordinates":[80.25,41.16667]},"properties":{"name":"2010 Aksu bombing","date":"2010-08-19","deaths":"7","injured":"14","perpetrator":null,"country":null,"group":"2010s","wikidata":"http://www.wikidata.org/entity/Q2334294"}},{"type":"Feature","geometry":{"type":"Point","coordinates":[35.0333,48.4667]},"properties":{"name":"2012 Dnipropetrovsk explosions","date":"2012-04-27","deaths":null,"injured":null,"perpetrator":null,"country":null,"group":"2010s","wikidata":"http://www.wikidata.org/entity/Q2336262"}},{"type":"Feature","geometry":{"type":"Point","coordinates":[73.05,31.25]},"properties":{"name":"2011 Faisalabad bombing","date":"2011-03-08","deaths":"25","injured":"100","perpetrator":null,"country":null,"group":"2010s","wikidata":"http://www.wikidata.org/entity/Q2355977"}},{"type":"Feature","geometry":{"type":"Point","coordinates":[47.38,42.53]},"properties":{"name":"2002 Kaspiysk bombing","date":"2002-05-09","deaths":"43","injured":"120","perpetrator":null,"country":null,"group":"2000s","wikidata":"http://www.wikidata.org/entity/Q2497769"}},{"type":"Feature","geometry":{"type":"Point","coordinates":[-59.725,13.13]},"properties":{"name":"Cubana Flight 455","date":"1976-10-06","deaths":"73","injured":"0","perpetrator":null,"country":null,"group":"1970s","wikidata":"http://www.wikidata.org/entity/Q2608588"}},{"type":"Feature","geometry":{"type":"Point","coordinates":[-5.81778,54.54806]},"properties":{"name":"La Mon restaurant bombing","date":"1978-02-17","deaths":"12","injured":"30","perpetrator":null,"country":null,"group":"1970s","wikidata":"http://www.wikidata.org/entity/Q2869988"}},{"type":"Feature","geometry":{"type":"Point","coordinates":[-6.2603,53.3497]},"properties":{"name":"Dublin and Monaghan bombings","date":"1974-05-17","deaths":"34","injured":"300","perpetrator":null,"country":null,"group":"1970s","wikidata":"http://www.wikidata.org/entity/Q2870015"}},{"type":"Feature","geometry":{"type":"Point","coordinates":[39.666,-4.05]},"properties":{"name":"2002 Mombasa attacks","date":"2002-11-28","deaths":"0","injured":"80","perpetrator":null,"country":null,"group":"2000s","wikidata":"http://www.wikidata.org/entity/Q2896313"}},{"type":"Feature","geometry":{"type":"Point","coordinates":[67.0153,30.1381]},"properties":{"name":"January 2013 Pakistan bombings","date":"2013-01-10","deaths":"142","injured":null,"perpetrator":null,"country":null,"group":"2010s","wikidata":"http://www.wikidata.org/entity/Q2912473"}},{"type":"Feature","geometry":{"type":"Point","coordinates":[69.166,34.533]},"properties":{"name":"2008 Indian embassy bombing in Kabul","date":"2008-07-07","deaths":"58","injured":null,"perpetrator":null,"country":null,"group":"2000s","wikidata":"http://www.wikidata.org/entity/Q3533309"}},{"type":"Feature","geometry":{"type":"Point","coordinates":[71.5,34.6833]},"properties":{"name":"January 2010 Bajaur bombing","date":"2010-01-30","deaths":"16","injured":"25","perpetrator":null,"country":null,"group":"2010s","wikidata":"http://www.wikidata.org/entity/Q3544474"}},{"type":"Feature","geometry":{"type":"Point","coordinates":[-6.3159,54.2603]},"properties":{"name":"Miami Showband killings","date":"1975-07-31","deaths":"5","injured":null,"perpetrator":null,"country":null,"group":"1970s","wikidata":"http://www.wikidata.org/entity/Q3777641"}},{"type":"Feature","geometry":{"type":"Point","coordinates":[69.1647,34.5279]},"properties":{"name":"2009 Kabul Indian embassy attack","date":"2009-10-08","deaths":"17","injured":"83","perpetrator":null,"country":null,"group":"2000s","wikidata":"http://www.wikidata.org/entity/Q4071935"}},{"type":"Feature","geometry":{"type":"Point","coordinates":[43.60053,43.49121]},"properties":{"name":"Krasnodar bus bombing","date":"1971-06-14","deaths":"10","injured":"90","perpetrator":null,"country":null,"group":"1970s","wikidata":"http://www.wikidata.org/entity/Q4110386"}},{"type":"Feature","geometry":{"type":"Point","coordinates":[27.5381,53.9144]},"properties":{"name":"2008 Minsk bombing","date":"2008-07-04","deaths":"0","injured":"54","perpetrator":null,"country":null,"group":"2000s","wikidata":"http://www.wikidata.org/entity/Q4110397"}},{"type":"Feature","geometry":{"type":"Point","coordinates":[44.4358,33.3442]},"properties":{"name":"2009 Baghdad police recruitment centre bombing","date":"2009-01-01","deaths":"28","injured":"57","perpetrator":"Al-Qaeda in Iraq","country":null,"group":"2000s","wikidata":"http://www.wikidata.org/entity/Q4116708"}},{"type":"Feature","geometry":{"type":"Point","coordinates":[47.6833,29.35]},"properties":{"name":"2009 Kuwait wedding fire","date":"2009-08-15","deaths":"57","injured":"1000","perpetrator":null,"country":null,"group":"2000s","wikidata":"http://www.wikidata.org/entity/Q4118758"}},{"type":"Feature","geometry":{"type":"Point","coordinates":[19.3667,38.4167]},"properties":{"name":"TWA 841 (1974)","date":"1974-09-08","deaths":"89","injured":"0","perpetrator":null,"country":null,"group":"1970s","wikidata":"http://www.wikidata.org/entity/Q4355070"}},{"type":"Feature","geometry":{"type":"Point","coordinates":[67.00917,24.85583]},"properties":{"name":"2009 Karachi bombing","date":"2009-12-28","deaths":"43","injured":null,"perpetrator":null,"country":null,"group":"2000s","wikidata":"http://www.wikidata.org/entity/Q4456251"}},{"type":"Feature","geometry":{"type":"Point","coordinates":[71.50694,34.68361]},"properties":{"name":"December 2010 Bajaur bombing","date":"2010-12-25","deaths":"47","injured":null,"perpetrator":null,"country":null,"group":"2010s","wikidata":"http://www.wikidata.org/entity/Q4456257"}},{"type":"Feature","geometry":{"type":"Point","coordinates":[46.97667,42.96333]},"properties":{"name":"Террористический акт в Чиркее (28 августа 2012 года)","date":null,"deaths":null,"injured":null,"perpetrator":null,"country":null,"group":"date not recorded","wikidata":"http://www.wikidata.org/entity/Q4456270"}},{"type":"Feature","geometry":{"type":"Point","coordinates":[71.73,34.14]},"properties":{"name":"2008 Charsadda bombing","date":"2008-02-09","deaths":"27","injured":null,"perpetrator":null,"country":null,"group":"2000s","wikidata":"http://www.wikidata.org/entity/Q4456272"}},{"type":"Feature","geometry":{"type":"Point","coordinates":[36.32039,33.49069]},"properties":{"name":"10 May 2012 Damascus bombings","date":"2012-05-10","deaths":"55","injured":"372","perpetrator":null,"country":null,"group":"2010s","wikidata":"http://www.wikidata.org/entity/Q4546888"}},{"type":"Feature","geometry":{"type":"Point","coordinates":[66.39806,31.00806]},"properties":{"name":"Spin Boldak bombing","date":"2008-02-18","deaths":"38","injured":null,"perpetrator":null,"country":null,"group":"2000s","wikidata":"http://www.wikidata.org/entity/Q4568956"}},{"type":"Feature","geometry":{"type":"Point","coordinates":[-6.665,55.133]},"properties":{"name":"1973 Coleraine bombings","date":"1973-06-12","deaths":"6","injured":"33","perpetrator":null,"country":null,"group":"1970s","wikidata":"http://www.wikidata.org/entity/Q4575520"}},{"type":"Feature","geometry":{"type":"Point","coordinates":[0.05861,51.48722]},"properties":{"name":"1983 Royal Artillery Barracks bombing","date":"1983-11-10","deaths":"0","injured":"5","perpetrator":null,"country":null,"group":"1980s","wikidata":"http://www.wikidata.org/entity/Q4581181"}},{"type":"Feature","geometry":{"type":"Point","coordinates":[-0.45028,51.47]},"properties":{"name":"1984 London Heathrow Airport bombing","date":"1984-04-20","deaths":null,"injured":null,"perpetrator":null,"country":null,"group":"1980s","wikidata":"http://www.wikidata.org/entity/Q4581728"}},{"type":"Feature","geometry":{"type":"Point","coordinates":[35.11567,31.52438]},"properties":{"name":"2002 Hebron ambush","date":"2002-11-15","deaths":"12","injured":"14","perpetrator":null,"country":null,"group":"2000s","wikidata":"http://www.wikidata.org/entity/Q4600137"}},{"type":"Feature","geometry":{"type":"Point","coordinates":[69.166,34.533]},"properties":{"name":"2002 Kabul bombing","date":"2002-09-05","deaths":"30","injured":"167","perpetrator":null,"country":null,"group":"2000s","wikidata":"http://www.wikidata.org/entity/Q4600193"}},{"type":"Feature","geometry":{"type":"Point","coordinates":[37.43472,55.82361]},"properties":{"name":"2003 Tushino bombing","date":"2003-07-05","deaths":"15","injured":"60","perpetrator":null,"country":null,"group":"2000s","wikidata":"http://www.wikidata.org/entity/Q4601919"}},{"type":"Feature","geometry":{"type":"Point","coordinates":[43.116,36.366]},"properties":{"name":"2004 Forward Operating Base Marez bombing","date":"2004-12-21","deaths":"14","injured":null,"perpetrator":null,"country":null,"group":"2000s","wikidata":"http://www.wikidata.org/entity/Q4602814"}},{"type":"Feature","geometry":{"type":"Point","coordinates":[44.29,32.778]},"properties":{"name":"2005 Musayyib bombing","date":"2005-07-16","deaths":"100","injured":"150","perpetrator":null,"country":null,"group":"2000s","wikidata":"http://www.wikidata.org/entity/Q4604602"}},{"type":"Feature","geometry":{"type":"Point","coordinates":[80.71667,7.98333]},"properties":{"name":"2006 Digampathana bombing","date":"2006-10-16","deaths":"101","injured":null,"perpetrator":null,"country":null,"group":"2000s","wikidata":"http://www.wikidata.org/entity/Q4606054"}},{"type":"Feature","geometry":{"type":"Point","coordinates":[68.7,36.132]},"properties":{"name":"2007 Baghlan sugar factory bombing","date":"2007-11-06","deaths":"26","injured":null,"perpetrator":null,"country":null,"group":"2000s","wikidata":"http://www.wikidata.org/entity/Q4608029"}},{"type":"Feature","geometry":{"type":"Point","coordinates":[43.8736,34.1989]},"properties":{"name":"2007 al-Askari mosque bombing","date":"2007-06-13","deaths":"0","injured":"0","perpetrator":null,"country":null,"group":"2000s","wikidata":"http://www.wikidata.org/entity/Q4609700"}},{"type":"Feature","geometry":{"type":"Point","coordinates":[65.716,31.616]},"properties":{"name":"2008 Kandahar bombing","date":"2008-02-17","deaths":"100","injured":"100","perpetrator":null,"country":null,"group":"2000s","wikidata":"http://www.wikidata.org/entity/Q4611351"}},{"type":"Feature","geometry":{"type":"Point","coordinates":[73.166,33.666]},"properties":{"name":"2008 Orakzai bombing","date":"2008-10-10","deaths":"110","injured":null,"perpetrator":null,"country":null,"group":"2000s","wikidata":"http://www.wikidata.org/entity/Q4611719"}},{"type":"Feature","geometry":{"type":"Point","coordinates":[70.1,33.9]},"properties":{"name":"2008 Parachinar bombing","date":"2008-02-16","deaths":"47","injured":"150","perpetrator":null,"country":null,"group":"2000s","wikidata":"http://www.wikidata.org/entity/Q4611748"}},{"type":"Feature","geometry":{"type":"Point","coordinates":[60.86667,29.48333]},"properties":{"name":"2009 Zahedan bombing","date":"2009-05-28","deaths":"20","injured":"55","perpetrator":"Jundallah","country":null,"group":"2000s","wikidata":"http://www.wikidata.org/entity/Q4615332"}},{"type":"Feature","geometry":{"type":"Point","coordinates":[72.3731,34.9628]},"properties":{"name":"2010 Darra Adam Khel mosque bombing","date":"2010-11-05","deaths":"66","injured":null,"perpetrator":null,"country":null,"group":"2010s","wikidata":"http://www.wikidata.org/entity/Q4617045"}},{"type":"Feature","geometry":{"type":"Point","coordinates":[71.621,34.0238]},"properties":{"name":"2010 Peshawar bombing","date":"2010-04-19","deaths":"25","injured":null,"perpetrator":null,"country":null,"group":"2010s","wikidata":"http://www.wikidata.org/entity/Q4618174"}},{"type":"Feature","geometry":{"type":"Point","coordinates":[120.995,14.5636]},"properties":{"name":"2010 Philippine Bar exam bombing","date":"2010-09-26","deaths":null,"injured":null,"perpetrator":null,"country":null,"group":"2010s","wikidata":"http://www.wikidata.org/entity/Q4618178"}},{"type":"Feature","geometry":{"type":"Point","coordinates":[69.16611,34.53306]},"properties":{"name":"2011 Afghanistan Ashura bombings","date":"2011-12-06","deaths":"80","injured":null,"perpetrator":null,"country":null,"group":"2010s","wikidata":"http://www.wikidata.org/entity/Q4620262"}},{"type":"Feature","geometry":{"type":"Point","coordinates":[36.29833,33.51222]},"properties":{"name":"2012 Damascus bombings","date":"2011-12-23","deaths":"44","injured":"166","perpetrator":null,"country":null,"group":"2010s","wikidata":"http://www.wikidata.org/entity/Q4620883"}},{"type":"Feature","geometry":{"type":"Point","coordinates":[-5.9286,54.5986]},"properties":{"name":"Abercorn Restaurant bombing","date":"1972-03-04","deaths":"2","injured":"130","perpetrator":null,"country":null,"group":"1970s","wikidata":"http://www.wikidata.org/entity/Q4666810"}},{"type":"Feature","geometry":{"type":"Point","coordinates":[35.2906,32.6094]},"properties":{"name":"Afula axe attack","date":"1994-11-30","deaths":"1","injured":null,"perpetrator":null,"country":null,"group":"1990s","wikidata":"http://www.wikidata.org/entity/Q4690851"}},{"type":"Feature","geometry":{"type":"Point","coordinates":[-7.1825,54.2575]},"properties":{"name":"Attack on Derryard checkpoint","date":"1989-12-13","deaths":null,"injured":null,"perpetrator":null,"country":null,"group":"1980s","wikidata":"http://www.wikidata.org/entity/Q4817990"}},{"type":"Feature","geometry":{"type":"Point","coordinates":[34.8111,31.9133]},"properties":{"name":"Cairo–Haifa train bombings 1948","date":"1948-02-29","deaths":"28","injured":null,"perpetrator":null,"country":null,"group":"1940s","wikidata":"http://www.wikidata.org/entity/Q5017800"}},{"type":"Feature","geometry":{"type":"Point","coordinates":[-6.66806,54.54764]},"properties":{"name":"Clonoe ambush","date":"1992-02-16","deaths":null,"injured":null,"perpetrator":null,"country":null,"group":"1990s","wikidata":"http://www.wikidata.org/entity/Q5135056"}},{"type":"Feature","geometry":{"type":"Point","coordinates":[71.4,34.3211]},"properties":{"name":"December 2010 Mohmand Agency bombings","date":"2010-12-06","deaths":"43","injured":null,"perpetrator":null,"country":null,"group":"2010s","wikidata":"http://www.wikidata.org/entity/Q5249004"}},{"type":"Feature","geometry":{"type":"Point","coordinates":[67.01,24.86]},"properties":{"name":"February 2010 Karachi bombings","date":"2010-02-05","deaths":"25","injured":"50","perpetrator":null,"country":null,"group":"2010s","wikidata":"http://www.wikidata.org/entity/Q5439819"}},{"type":"Feature","geometry":{"type":"Point","coordinates":[-6.61111,54.4075]},"properties":{"name":"Loughgall Ambush","date":"1987-05-08","deaths":null,"injured":null,"perpetrator":null,"country":null,"group":"1980s","wikidata":"http://www.wikidata.org/entity/Q6686191"}},{"type":"Feature","geometry":{"type":"Point","coordinates":[47.4731,42.9878]},"properties":{"name":"Makhachkala Rus bombing","date":"2005-07-01","deaths":"11","injured":"25","perpetrator":null,"country":null,"group":"2000s","wikidata":"http://www.wikidata.org/entity/Q6739338"}},{"type":"Feature","geometry":{"type":"Point","coordinates":[71.509,33.921]},"properties":{"name":"May 2011 Peshawar bombing","date":"2011-05-10","deaths":"1","injured":null,"perpetrator":null,"country":null,"group":"2010s","wikidata":"http://www.wikidata.org/entity/Q6796358"}},{"type":"Feature","geometry":{"type":"Point","coordinates":[34.90315,32.06438]},"properties":{"name":"Fajja bus attacks","date":"1947-11-30","deaths":"5","injured":"9","perpetrator":null,"country":null,"group":"1940s","wikidata":"http://www.wikidata.org/entity/Q7035154"}},{"type":"Feature","geometry":{"type":"Point","coordinates":[-6.491,55.069]},"properties":{"name":"Quinn brothers' killings","date":"1998-07-12","deaths":null,"injured":null,"perpetrator":null,"country":null,"group":"1990s","wikidata":"http://www.wikidata.org/entity/Q7272294"}},{"type":"Feature","geometry":{"type":"Point","coordinates":[-5.89507,54.61872]},"properties":{"name":"RFA Fort Victoria bombing","date":"1990-09-06","deaths":null,"injured":null,"perpetrator":null,"country":null,"group":"1990s","wikidata":"http://www.wikidata.org/entity/Q7276477"}},{"type":"Feature","geometry":{"type":"Point","coordinates":[-7.63472,54.34444]},"properties":{"name":"Remembrance Day bombing","date":"1987-11-08","deaths":"12","injured":"63","perpetrator":null,"country":null,"group":"1980s","wikidata":"http://www.wikidata.org/entity/Q7311736"}},{"type":"Feature","geometry":{"type":"Point","coordinates":[35.16372,32.10797]},"properties":{"name":"Sonol gas station bombing","date":"2002-10-27","deaths":"3","injured":"18","perpetrator":null,"country":null,"group":"2000s","wikidata":"http://www.wikidata.org/entity/Q7562164"}},{"type":"Feature","geometry":{"type":"Point","coordinates":[-2.12853,52.57146]},"properties":{"name":"Wolverhampton machete attack","date":"1996-07-08","deaths":null,"injured":"7","perpetrator":null,"country":null,"group":"1990s","wikidata":"http://www.wikidata.org/entity/Q8030527"}},{"type":"Feature","geometry":{"type":"Point","coordinates":[-0.11028,51.60811]},"properties":{"name":"Wood Green ricin plot","date":null,"deaths":null,"injured":null,"perpetrator":null,"country":null,"group":"date not recorded","wikidata":"http://www.wikidata.org/entity/Q8032212"}},{"type":"Feature","geometry":{"type":"Point","coordinates":[35.02681,31.4384]},"properties":{"name":"Yeshivat Otniel shooting","date":"2002-12-27","deaths":"4","injured":"9","perpetrator":null,"country":null,"group":"2000s","wikidata":"http://www.wikidata.org/entity/Q8052891"}},{"type":"Feature","geometry":{"type":"Point","coordinates":[35.16205,32.20894]},"properties":{"name":"Kedumim bombing","date":"2006-03-30","deaths":null,"injured":null,"perpetrator":null,"country":null,"group":"2000s","wikidata":"http://www.wikidata.org/entity/Q10953465"}},{"type":"Feature","geometry":{"type":"Point","coordinates":[139.75449,35.66973]},"properties":{"name":"Bomb exploded at the Mitsui & Co., Ltd. headquarters on October 14, 1974","date":null,"deaths":null,"injured":null,"perpetrator":null,"country":null,"group":"date not recorded","wikidata":"http://www.wikidata.org/entity/Q11354292"}},{"type":"Feature","geometry":{"type":"Point","coordinates":[139.29356,35.64683]},"properties":{"name":"Q11391611","date":null,"deaths":null,"injured":null,"perpetrator":null,"country":null,"group":"date not recorded","wikidata":"http://www.wikidata.org/entity/Q11391611"}},{"type":"Feature","geometry":{"type":"Point","coordinates":[23.97865,41.02258]},"properties":{"name":"Q12272720","date":null,"deaths":null,"injured":null,"perpetrator":null,"country":null,"group":"date not recorded","wikidata":"http://www.wikidata.org/entity/Q12272720"}},{"type":"Feature","geometry":{"type":"Point","coordinates":[35.30823,32.17238]},"properties":{"name":"Itamar attack (2002)","date":"2002-06-20","deaths":"5","injured":"4","perpetrator":null,"country":null,"group":"2000s","wikidata":"http://www.wikidata.org/entity/Q12406884"}},{"type":"Feature","geometry":{"type":"Point","coordinates":[35.85,34.433]},"properties":{"name":"August 2013 Tripoli bombing","date":"2013-08-23","deaths":"47","injured":"800","perpetrator":null,"country":null,"group":"2010s","wikidata":"http://www.wikidata.org/entity/Q14759099"}},{"type":"Feature","geometry":{"type":"Point","coordinates":[37.1475,36.20694]},"properties":{"name":"October 2012 Aleppo bombings","date":"2012-10-03","deaths":"40","injured":"122","perpetrator":null,"country":null,"group":"2010s","wikidata":"http://www.wikidata.org/entity/Q15263406"}},{"type":"Feature","geometry":{"type":"Point","coordinates":[35.5017,33.9003]},"properties":{"name":"December 2013 Beirut bombing","date":"2013-12-27","deaths":null,"injured":null,"perpetrator":null,"country":null,"group":"2010s","wikidata":"http://www.wikidata.org/entity/Q15427214"}},{"type":"Feature","geometry":{"type":"Point","coordinates":[44.49801,48.73609]},"properties":{"name":"2013 Volgograd Trolleybus bombing","date":"2013-12-29","deaths":null,"injured":null,"perpetrator":null,"country":null,"group":"2010s","wikidata":"http://www.wikidata.org/entity/Q15472769"}},{"type":"Feature","geometry":{"type":"Point","coordinates":[3.91417,36.91333]},"properties":{"name":"attentat de Dellys","date":null,"deaths":null,"injured":null,"perpetrator":null,"country":null,"group":"date not recorded","wikidata":"http://www.wikidata.org/entity/Q15725969"}},{"type":"Feature","geometry":{"type":"Point","coordinates":[72.73111,33.79139]},"properties":{"name":"2013 Peshawar mosque attack","date":"2013-01-01","deaths":null,"injured":null,"perpetrator":null,"country":null,"group":"2010s","wikidata":"http://www.wikidata.org/entity/Q15983353"}},{"type":"Feature","geometry":{"type":"Point","coordinates":[35.48417,33.87528]},"properties":{"name":"1981 Iraqi embassy bombing","date":"1981-12-15","deaths":"61","injured":null,"perpetrator":null,"country":null,"group":"1980s","wikidata":"http://www.wikidata.org/entity/Q16057076"}},{"type":"Feature","geometry":{"type":"Point","coordinates":[87.58444,43.77861]},"properties":{"name":"2014 Ürümqi attack","date":"2014-04-30","deaths":"3","injured":"79","perpetrator":null,"country":null,"group":"2010s","wikidata":"http://www.wikidata.org/entity/Q16741311"}},{"type":"Feature","geometry":{"type":"Point","coordinates":[35.25722,32.11528]},"properties":{"name":"Tapuah Junction stabbing","date":"2013-04-30","deaths":null,"injured":null,"perpetrator":null,"country":null,"group":"2010s","wikidata":"http://www.wikidata.org/entity/Q16821772"}},{"type":"Feature","geometry":{"type":"Point","coordinates":[67.16083,24.90667]},"properties":{"name":"2014 Jinnah International Airport attack","date":"2014-06-08","deaths":"36","injured":null,"perpetrator":null,"country":null,"group":"2010s","wikidata":"http://www.wikidata.org/entity/Q17148921"}},{"type":"Feature","geometry":{"type":"Point","coordinates":[45.13472,33.93778]},"properties":{"name":"Baquba mosque attack","date":"2014-08-22","deaths":"73","injured":null,"perpetrator":null,"country":null,"group":"2010s","wikidata":"http://www.wikidata.org/entity/Q17587079"}},{"type":"Feature","geometry":{"type":"Point","coordinates":[7.44028,10.52306]},"properties":{"name":"attentats de Kaduna du 23 juillet 2014","date":"2014-01-01","deaths":null,"injured":null,"perpetrator":null,"country":null,"group":"2010s","wikidata":"http://www.wikidata.org/entity/Q17621616"}},{"type":"Feature","geometry":{"type":"Point","coordinates":[126.8,37.566]},"properties":{"name":"Gimpo International Airport bombing","date":"1986-09-14","deaths":"5","injured":"30","perpetrator":null,"country":null,"group":"1980s","wikidata":"http://www.wikidata.org/entity/Q18550355"}},{"type":"Feature","geometry":{"type":"Point","coordinates":[37.52931,47.61261]},"properties":{"name":"Volnovakha bus attack","date":"2015-01-13","deaths":"12","injured":"18","perpetrator":null,"country":null,"group":"2010s","wikidata":"http://www.wikidata.org/entity/Q18761226"}},{"type":"Feature","geometry":{"type":"Point","coordinates":[49.9917,26.5674]},"properties":{"name":"2015 Qatif mosque bombing","date":"2015-05-22","deaths":null,"injured":null,"perpetrator":null,"country":null,"group":"2010s","wikidata":"http://www.wikidata.org/entity/Q19962705"}},{"type":"Feature","geometry":{"type":"Point","coordinates":[27.58333,47.06667]},"properties":{"name":"Eugen Grigore case","date":"1974-07-01","deaths":"24","injured":null,"perpetrator":null,"country":null,"group":"1970s","wikidata":"http://www.wikidata.org/entity/Q20430257"}},{"type":"Feature","geometry":{"type":"Point","coordinates":[43.87417,34.19833]},"properties":{"name":"attentat du 1er juin 2015 à Samarra","date":"2015-06-01","deaths":null,"injured":null,"perpetrator":null,"country":null,"group":"2010s","wikidata":"http://www.wikidata.org/entity/Q20725737"}},{"type":"Feature","geometry":{"type":"Point","coordinates":[69.181,34.537]},"properties":{"name":"2014 Kabul restaurant bombing","date":null,"deaths":"21","injured":null,"perpetrator":null,"country":null,"group":"date not recorded","wikidata":"http://www.wikidata.org/entity/Q21151264"}},{"type":"Feature","geometry":{"type":"Point","coordinates":[33.76681,31.13392]},"properties":{"name":"November 2015 Sinai attack","date":"2015-11-24","deaths":"7","injured":null,"perpetrator":null,"country":null,"group":"2010s","wikidata":"http://www.wikidata.org/entity/Q21567762"}},{"type":"Feature","geometry":{"type":"Point","coordinates":[34.25117,31.32191]},"properties":{"name":"Atzmona Massacre","date":"2002-03-07","deaths":"5","injured":"23","perpetrator":null,"country":null,"group":"2000s","wikidata":"http://www.wikidata.org/entity/Q21655362"}},{"type":"Feature","geometry":{"type":"Point","coordinates":[46.67674,24.69613]},"properties":{"name":"Al Olaya bombing","date":"1995-01-01","deaths":"7","injured":null,"perpetrator":null,"country":null,"group":"1990s","wikidata":"http://www.wikidata.org/entity/Q22929119"}},{"type":"Feature","geometry":{"type":"Point","coordinates":[12.82417,11.1625]},"properties":{"name":"attentat de Sabon Gari","date":null,"deaths":"50","injured":"51","perpetrator":null,"country":null,"group":"date not recorded","wikidata":"http://www.wikidata.org/entity/Q23846632"}},{"type":"Feature","geometry":{"type":"Point","coordinates":[35.93333,35.36667]},"properties":{"name":"May 2016 Jableh and Tartous bombings","date":"2016-05-23","deaths":null,"injured":null,"perpetrator":null,"country":null,"group":"2010s","wikidata":"http://www.wikidata.org/entity/Q24232860"}},{"type":"Feature","geometry":{"type":"Point","coordinates":[36.71667,34.73333]},"properties":{"name":"attentat de Homs du 29 avril 2014","date":"2014-04-29","deaths":null,"injured":null,"perpetrator":null,"country":null,"group":"2010s","wikidata":"http://www.wikidata.org/entity/Q24263984"}},{"type":"Feature","geometry":{"type":"Point","coordinates":[36.35,33.48333]},"properties":{"name":"attentat de Jaramana du 28 novembre 2012","date":"2012-11-28","deaths":null,"injured":null,"perpetrator":null,"country":null,"group":"2010s","wikidata":"http://www.wikidata.org/entity/Q24264744"}},{"type":"Feature","geometry":{"type":"Point","coordinates":[36.29833,33.51222]},"properties":{"name":"attentat de Damas du 21 mars 2013","date":"2013-01-01","deaths":null,"injured":null,"perpetrator":null,"country":null,"group":"2010s","wikidata":"http://www.wikidata.org/entity/Q24265127"}},{"type":"Feature","geometry":{"type":"Point","coordinates":[57.1666,50.2833]},"properties":{"name":"2016 Aktobe shootings","date":"2016-06-05","deaths":"25","injured":"40","perpetrator":null,"country":null,"group":"2010s","wikidata":"http://www.wikidata.org/entity/Q24342277"}},{"type":"Feature","geometry":{"type":"Point","coordinates":[69.207,34.555]},"properties":{"name":"June 20, 2016 attacks in Kabul","date":"2016-06-20","deaths":"23","injured":"9","perpetrator":null,"country":null,"group":"2010s","wikidata":"http://www.wikidata.org/entity/Q24752718"}},{"type":"Feature","geometry":{"type":"Point","coordinates":[116.0856,34.7881]},"properties":{"name":"2015 Heze bombing","date":null,"deaths":null,"injured":null,"perpetrator":null,"country":null,"group":"date not recorded","wikidata":"http://www.wikidata.org/entity/Q24834097"}},{"type":"Feature","geometry":{"type":"Point","coordinates":[89.9688,23.2122]},"properties":{"name":"2001 Gopalganj Roman Catholic church bombing","date":"2001-06-03","deaths":"10","injured":"26","perpetrator":null,"country":null,"group":"2000s","wikidata":"http://www.wikidata.org/entity/Q25227207"}},{"type":"Feature","geometry":{"type":"Point","coordinates":[44.1333,34.0]},"properties":{"name":"Ali al-Hadi Mausoleum attack","date":"2016-07-07","deaths":"56","injured":null,"perpetrator":null,"country":null,"group":"2010s","wikidata":"http://www.wikidata.org/entity/Q25830844"}},{"type":"Feature","geometry":{"type":"Point","coordinates":[41.21667,37.05]},"properties":{"name":"July 2016 Qamishli bombings","date":"2016-01-01","deaths":null,"injured":null,"perpetrator":"Islamic State","country":null,"group":"2010s","wikidata":"http://www.wikidata.org/entity/Q26132879"}},{"type":"Feature","geometry":{"type":"Point","coordinates":[67.02,30.36]},"properties":{"name":"August 2016 Quetta attacks","date":"2016-08-08","deaths":"70","injured":"100","perpetrator":null,"country":null,"group":"2010s","wikidata":"http://www.wikidata.org/entity/Q26236680"}},{"type":"Feature","geometry":{"type":"Point","coordinates":[44.54028,37.40832]},"properties":{"name":"2016 Şemdinli bombing","date":"2016-10-09","deaths":"10","injured":null,"perpetrator":null,"country":null,"group":"2010s","wikidata":"http://www.wikidata.org/entity/Q27160748"}},{"type":"Feature","geometry":{"type":"Point","coordinates":[66.61667,27.8]},"properties":{"name":"2016 Khuzdar bombing","date":"2016-11-12","deaths":null,"injured":"102","perpetrator":null,"country":null,"group":"2010s","wikidata":"http://www.wikidata.org/entity/Q27837212"}},{"type":"Feature","geometry":{"type":"Point","coordinates":[69.265,34.94611]},"properties":{"name":"2016 Bagram Bombing","date":"2016-11-12","deaths":"6","injured":"17","perpetrator":null,"country":null,"group":"2010s","wikidata":"http://www.wikidata.org/entity/Q27848494"}},{"type":"Feature","geometry":{"type":"Point","coordinates":[-7.01,55.041]},"properties":{"name":"Newtownhamilton bombing","date":"1998-06-24","deaths":"0","injured":"6","perpetrator":null,"country":null,"group":"1990s","wikidata":"http://www.wikidata.org/entity/Q27940389"}},{"type":"Feature","geometry":{"type":"Point","coordinates":[-5.92288,54.58501]},"properties":{"name":"Rose & Crown Bar bombing","date":"1974-05-02","deaths":"6","injured":"18","perpetrator":null,"country":null,"group":"1970s","wikidata":"http://www.wikidata.org/entity/Q28123296"}},{"type":"Feature","geometry":{"type":"Point","coordinates":[-6.58253,54.13214]},"properties":{"name":"1970 RUC booby-trap bombing","date":"1970-08-11","deaths":"2","injured":"0","perpetrator":null,"country":null,"group":"1970s","wikidata":"http://www.wikidata.org/entity/Q28196069"}},{"type":"Feature","geometry":{"type":"Point","coordinates":[-7.21083,54.52833]},"properties":{"name":"1979 Bessbrook bombing","date":"1979-04-17","deaths":null,"injured":null,"perpetrator":null,"country":null,"group":"1970s","wikidata":"http://www.wikidata.org/entity/Q28232560"}},{"type":"Feature","geometry":{"type":"Point","coordinates":[-5.94812,54.60401]},"properties":{"name":"Mountainview Tavern bombing 1975","date":"1975-04-05","deaths":"5","injured":"60","perpetrator":null,"country":null,"group":"1970s","wikidata":"http://www.wikidata.org/entity/Q28232858"}},{"type":"Feature","geometry":{"type":"Point","coordinates":[-5.703,54.322]},"properties":{"name":"Downpatrick bombing 1990","date":"1990-04-09","deaths":null,"injured":null,"perpetrator":null,"country":null,"group":"1990s","wikidata":"http://www.wikidata.org/entity/Q28232969"}},{"type":"Feature","geometry":{"type":"Point","coordinates":[70.07734,33.89935]},"properties":{"name":"2017 Parachinar bombing","date":"2017-01-21","deaths":"25","injured":"87","perpetrator":null,"country":null,"group":"2010s","wikidata":"http://www.wikidata.org/entity/Q28465617"}},{"type":"Feature","geometry":{"type":"Point","coordinates":[13.9666,11.021]},"properties":{"name":"attentat de la mosquée de Kouyapé","date":null,"deaths":null,"injured":null,"perpetrator":null,"country":null,"group":"date not recorded","wikidata":"http://www.wikidata.org/entity/Q28499713"}},{"type":"Feature","geometry":{"type":"Point","coordinates":[-0.335,51.5725]},"properties":{"name":"Harrow School bombing","date":null,"deaths":null,"injured":null,"perpetrator":null,"country":null,"group":"date not recorded","wikidata":"http://www.wikidata.org/entity/Q28803240"}},{"type":"Feature","geometry":{"type":"Point","coordinates":[36.71667,34.73333]},"properties":{"name":"attentats de Homs du 25 février 2017","date":"2017-01-01","deaths":null,"injured":null,"perpetrator":null,"country":null,"group":"2010s","wikidata":"http://www.wikidata.org/entity/Q28839248"}},{"type":"Feature","geometry":{"type":"Point","coordinates":[36.30667,33.50639]},"properties":{"name":"March 2017 Damascus bombings","date":"2017-01-01","deaths":null,"injured":null,"perpetrator":null,"country":null,"group":"2010s","wikidata":"http://www.wikidata.org/entity/Q28934470"}},{"type":"Feature","geometry":{"type":"Point","coordinates":[1.4,51.21361]},"properties":{"name":"Inglis Barracks bombing","date":"1988-08-01","deaths":null,"injured":null,"perpetrator":null,"country":null,"group":"1980s","wikidata":"http://www.wikidata.org/entity/Q28963166"}},{"type":"Feature","geometry":{"type":"Point","coordinates":[70.90188,31.82851]},"properties":{"name":"2012 Dera Ismail Khan bombing","date":null,"deaths":"8","injured":null,"perpetrator":null,"country":null,"group":"date not recorded","wikidata":"http://www.wikidata.org/entity/Q29026840"}},{"type":"Feature","geometry":{"type":"Point","coordinates":[90.4108,23.8504]},"properties":{"name":"2017 Dhaka RAB Camp Sucide Bombing Attack","date":null,"deaths":null,"injured":null,"perpetrator":null,"country":null,"group":"date not recorded","wikidata":"http://www.wikidata.org/entity/Q29027051"}},{"type":"Feature","geometry":{"type":"Point","coordinates":[67.18945,29.40874]},"properties":{"name":"2017 Mastung suicide bombing","date":"2017-05-12","deaths":null,"injured":null,"perpetrator":null,"country":null,"group":"2010s","wikidata":"http://www.wikidata.org/entity/Q29981656"}},{"type":"Feature","geometry":{"type":"Point","coordinates":[62.19703,34.34311]},"properties":{"name":"2017 Herat bombing","date":null,"deaths":"7","injured":null,"perpetrator":null,"country":null,"group":"date not recorded","wikidata":"http://www.wikidata.org/entity/Q30323894"}},{"type":"Feature","geometry":{"type":"Point","coordinates":[35.10448,31.52604]},"properties":{"name":"1980 Hebron terrorist attack","date":"1980-05-02","deaths":"6","injured":"20","perpetrator":null,"country":null,"group":"1980s","wikidata":"http://www.wikidata.org/entity/Q30325185"}},{"type":"Feature","geometry":{"type":"Point","coordinates":[35.33494,32.23268]},"properties":{"name":"Q30526772","date":"2002-03-28","deaths":"4","injured":null,"perpetrator":null,"country":null,"group":"2000s","wikidata":"http://www.wikidata.org/entity/Q30526772"}},{"type":"Feature","geometry":{"type":"Point","coordinates":[70.9116,31.84324]},"properties":{"name":"2017 Dera Ismail Khan bombing","date":null,"deaths":null,"injured":null,"perpetrator":null,"country":null,"group":"date not recorded","wikidata":"http://www.wikidata.org/entity/Q30594238"}},{"type":"Feature","geometry":{"type":"Point","coordinates":[-7.45,54.1]},"properties":{"name":"Belturbet bombing","date":null,"deaths":null,"injured":null,"perpetrator":null,"country":null,"group":"date not recorded","wikidata":"http://www.wikidata.org/entity/Q30594392"}},{"type":"Feature","geometry":{"type":"Point","coordinates":[70.91298,31.83509]},"properties":{"name":"November 2008 Dera Ismail Khan bombing","date":null,"deaths":null,"injured":null,"perpetrator":null,"country":null,"group":"date not recorded","wikidata":"http://www.wikidata.org/entity/Q30594467"}},{"type":"Feature","geometry":{"type":"Point","coordinates":[70.91344,31.84416]},"properties":{"name":"2009 Dera Ismail Khan suicide bombing","date":null,"deaths":"32","injured":null,"perpetrator":null,"country":null,"group":"date not recorded","wikidata":"http://www.wikidata.org/entity/Q30594563"}},{"type":"Feature","geometry":{"type":"Point","coordinates":[70.91261,31.84416]},"properties":{"name":"January 2009 Dera Ismail Khan bombings","date":null,"deaths":"16","injured":null,"perpetrator":null,"country":null,"group":"date not recorded","wikidata":"http://www.wikidata.org/entity/Q30594890"}},{"type":"Feature","geometry":{"type":"Point","coordinates":[-1.4849,52.4069]},"properties":{"name":"1939 Coventry bombing","date":"1939-08-25","deaths":"5","injured":null,"perpetrator":null,"country":null,"group":"1930s","wikidata":"http://www.wikidata.org/entity/Q30623679"}},{"type":"Feature","geometry":{"type":"Point","coordinates":[70.7,31.5]},"properties":{"name":"January 2007 Dera Ismail Khan suicide bombing","date":null,"deaths":"2","injured":null,"perpetrator":null,"country":null,"group":"date not recorded","wikidata":"http://www.wikidata.org/entity/Q30624001"}},{"type":"Feature","geometry":{"type":"Point","coordinates":[35.12611,32.00583]},"properties":{"name":"2017 Halamish stabbing attack","date":"2017-07-21","deaths":"3","injured":"2","perpetrator":null,"country":null,"group":"2010s","wikidata":"http://www.wikidata.org/entity/Q33133040"}},{"type":"Feature","geometry":{"type":"Point","coordinates":[62.7731,34.502]},"properties":{"name":"2017 Herat mosque attack","date":"2017-08-01","deaths":"33","injured":null,"perpetrator":null,"country":null,"group":"2010s","wikidata":"http://www.wikidata.org/entity/Q37347188"}},{"type":"Feature","geometry":{"type":"Point","coordinates":[67.00447,30.20366]},"properties":{"name":"August 2017 Quetta suicide bombing","date":null,"deaths":null,"injured":null,"perpetrator":null,"country":null,"group":"date not recorded","wikidata":"http://www.wikidata.org/entity/Q38251577"}},{"type":"Feature","geometry":{"type":"Point","coordinates":[72.55893,34.40493]},"properties":{"name":"2017 Bajaur bombing","date":"2017-08-11","deaths":"3","injured":null,"perpetrator":null,"country":null,"group":"2010s","wikidata":"http://www.wikidata.org/entity/Q38251583"}},{"type":"Feature","geometry":{"type":"Point","coordinates":[71.89595,34.51549]},"properties":{"name":"2006 Dargai bombing","date":null,"deaths":"42","injured":null,"perpetrator":null,"country":null,"group":"date not recorded","wikidata":"http://www.wikidata.org/entity/Q38251615"}},{"type":"Feature","geometry":{"type":"Point","coordinates":[90.1017,24.2787]},"properties":{"name":"2003 Tangail shrine bombing","date":null,"deaths":null,"injured":null,"perpetrator":null,"country":null,"group":"date not recorded","wikidata":"http://www.wikidata.org/entity/Q39055017"}},{"type":"Feature","geometry":{"type":"Point","coordinates":[-0.15231,51.51405]},"properties":{"name":"Oxford Street bombing","date":null,"deaths":null,"injured":null,"perpetrator":null,"country":null,"group":"date not recorded","wikidata":"http://www.wikidata.org/entity/Q39057891"}},{"type":"Feature","geometry":{"type":"Point","coordinates":[-0.20111,51.47528]},"properties":{"name":"2017 Parsons Green bombing","date":"2017-09-15","deaths":"0","injured":"30","perpetrator":"Islamic State","country":null,"group":"2010s","wikidata":"http://www.wikidata.org/entity/Q39886299"}},{"type":"Feature","geometry":{"type":"Point","coordinates":[-7.01,55.041]},"properties":{"name":"Central Bar bombing 1975","date":null,"deaths":null,"injured":null,"perpetrator":null,"country":null,"group":"date not recorded","wikidata":"http://www.wikidata.org/entity/Q42915905"}},{"type":"Feature","geometry":{"type":"Point","coordinates":[71.79472,34.03361]},"properties":{"name":"2017 Peshawar Agriculture Directorate attack","date":"2017-01-01","deaths":"9","injured":null,"perpetrator":null,"country":null,"group":"2010s","wikidata":"http://www.wikidata.org/entity/Q44810806"}},{"type":"Feature","geometry":{"type":"Point","coordinates":[-121.84887,38.00008]},"properties":{"name":"stabbing of Suzanne Bombardier","date":"1980-06-22","deaths":"1","injured":null,"perpetrator":null,"country":null,"group":"1980s","wikidata":"http://www.wikidata.org/entity/Q45314635"}},{"type":"Feature","geometry":{"type":"Point","coordinates":[69.18583,34.84972]},"properties":{"name":"December 2017 Kabul suicide bombing","date":"2017-12-28","deaths":"50","injured":null,"perpetrator":null,"country":null,"group":"2010s","wikidata":"http://www.wikidata.org/entity/Q47001621"}},{"type":"Feature","geometry":{"type":"Point","coordinates":[90.7348,24.8831]},"properties":{"name":"2005 Netrokona bombing","date":"2005-12-08","deaths":"8","injured":"50","perpetrator":null,"country":null,"group":"2000s","wikidata":"http://www.wikidata.org/entity/Q47004662"}},{"type":"Feature","geometry":{"type":"Point","coordinates":[69.12528,34.53694]},"properties":{"name":"2018 Inter-Continental Hotel Kabul attack","date":"2018-01-21","deaths":"24","injured":"43","perpetrator":null,"country":null,"group":"2010s","wikidata":"http://www.wikidata.org/entity/Q47484079"}},{"type":"Feature","geometry":{"type":"Point","coordinates":[91.141,24.6886]},"properties":{"name":"2001 Sunamganj bombing","date":null,"deaths":null,"injured":null,"perpetrator":null,"country":null,"group":"date not recorded","wikidata":"http://www.wikidata.org/entity/Q48734511"}},{"type":"Feature","geometry":{"type":"Point","coordinates":[69.12694,34.51833]},"properties":{"name":"March 2018 Kabul suicide bombing","date":"2018-03-21","deaths":"33","injured":"58","perpetrator":null,"country":null,"group":"2010s","wikidata":"http://www.wikidata.org/entity/Q50824717"}},{"type":"Feature","geometry":{"type":"Point","coordinates":[7.62625,51.96411]},"properties":{"name":"2018 Münster attack","date":"2018-04-07","deaths":"4","injured":"30","perpetrator":null,"country":null,"group":"2010s","wikidata":"http://www.wikidata.org/entity/Q51583338"}},{"type":"Feature","geometry":{"type":"Point","coordinates":[-0.15175,51.50955]},"properties":{"name":"Trattoria Fiore bombing","date":null,"deaths":null,"injured":null,"perpetrator":null,"country":null,"group":"date not recorded","wikidata":"http://www.wikidata.org/entity/Q55076688"}},{"type":"Feature","geometry":{"type":"Point","coordinates":[-0.08083,51.51472]},"properties":{"name":"Baltic Exchange bombing","date":"1992-04-10","deaths":"3","injured":"91","perpetrator":null,"country":null,"group":"1990s","wikidata":"http://www.wikidata.org/entity/Q55099271"}},{"type":"Feature","geometry":{"type":"Point","coordinates":[-0.23071,51.48789]},"properties":{"name":"1996 Hammersmith Bridge bombing","date":"1996-04-24","deaths":"0","injured":"0","perpetrator":null,"country":null,"group":"1990s","wikidata":"http://www.wikidata.org/entity/Q55099277"}},{"type":"Feature","geometry":{"type":"Point","coordinates":[-0.16361,51.49972]},"properties":{"name":"1993 Harrods bombing","date":"1993-01-28","deaths":"0","injured":"4","perpetrator":null,"country":null,"group":"1990s","wikidata":"http://www.wikidata.org/entity/Q55099282"}},{"type":"Feature","geometry":{"type":"Point","coordinates":[-0.2287,51.5718]},"properties":{"name":"1992 Staples Corner bombing","date":"1992-04-11","deaths":"0","injured":"0","perpetrator":null,"country":null,"group":"1990s","wikidata":"http://www.wikidata.org/entity/Q55099285"}},{"type":"Feature","geometry":{"type":"Point","coordinates":[-0.08667,51.51444]},"properties":{"name":"London Stock Exchange bombing","date":"1990-07-20","deaths":"0","injured":"0","perpetrator":null,"country":null,"group":"1990s","wikidata":"http://www.wikidata.org/entity/Q55099312"}},{"type":"Feature","geometry":{"type":"Point","coordinates":[-0.20972,51.49639]},"properties":{"name":"1976 Olympia bombing","date":"1976-03-27","deaths":"1","injured":"85","perpetrator":null,"country":null,"group":"1970s","wikidata":"http://www.wikidata.org/entity/Q55099386"}},{"type":"Feature","geometry":{"type":"Point","coordinates":[83.1335,20.71018]},"properties":{"name":"Patnagarh bombing","date":null,"deaths":null,"injured":null,"perpetrator":null,"country":null,"group":"date not recorded","wikidata":"http://www.wikidata.org/entity/Q55390895"}},{"type":"Feature","geometry":{"type":"Point","coordinates":[28.528,-20.145]},"properties":{"name":"2018 Bulawayo bombing","date":"2018-01-01","deaths":"2","injured":"47","perpetrator":null,"country":null,"group":"2010s","wikidata":"http://www.wikidata.org/entity/Q55391980"}},{"type":"Feature","geometry":{"type":"Point","coordinates":[12.50128,41.90901]},"properties":{"name":"1946 British Embassy bombing","date":"1946-10-31","deaths":"0","injured":"2","perpetrator":null,"country":null,"group":"1940s","wikidata":"http://www.wikidata.org/entity/Q55600668"}},{"type":"Feature","geometry":{"type":"Point","coordinates":[-5.9422,54.6]},"properties":{"name":"Divis Flats bombing 1982","date":"1982-01-01","deaths":"3","injured":null,"perpetrator":null,"country":null,"group":"1980s","wikidata":"http://www.wikidata.org/entity/Q55609737"}},{"type":"Feature","geometry":{"type":"Point","coordinates":[36.8158,-1.27829]},"properties":{"name":"1980 Nairobi hotel bombing","date":"1980-12-31","deaths":null,"injured":null,"perpetrator":null,"country":null,"group":"1980s","wikidata":"http://www.wikidata.org/entity/Q55625400"}},{"type":"Feature","geometry":{"type":"Point","coordinates":[35.06148,32.18409]},"properties":{"name":"Spring 1987 West Bank unrest","date":"1987-04-11","deaths":"2","injured":null,"perpetrator":null,"country":null,"group":"1980s","wikidata":"http://www.wikidata.org/entity/Q55648268"}},{"type":"Feature","geometry":{"type":"Point","coordinates":[70.46104,31.93283]},"properties":{"name":"2018 Kulachi suicide bombing","date":null,"deaths":"3","injured":null,"perpetrator":null,"country":null,"group":"date not recorded","wikidata":"http://www.wikidata.org/entity/Q55886554"}},{"type":"Feature","geometry":{"type":"Point","coordinates":[1.4,51.21361]},"properties":{"name":"Clive Barracks bombing","date":"1989-02-20","deaths":"0","injured":null,"perpetrator":null,"country":null,"group":"1980s","wikidata":"http://www.wikidata.org/entity/Q55886577"}},{"type":"Feature","geometry":{"type":"Point","coordinates":[40.52011,64.53594]},"properties":{"name":"Arkhangelsk FSB office bombing","date":"2018-10-31","deaths":"1","injured":"3","perpetrator":null,"country":null,"group":"2010s","wikidata":"http://www.wikidata.org/entity/Q58106530"}},{"type":"Feature","geometry":{"type":"Point","coordinates":[70.95972,33.74556]},"properties":{"name":"2018 Orakzai bombing","date":null,"deaths":"33","injured":null,"perpetrator":null,"country":null,"group":"date not recorded","wikidata":"http://www.wikidata.org/entity/Q59138562"}},{"type":"Feature","geometry":{"type":"Point","coordinates":[67.03139,24.80583]},"properties":{"name":"2018 Karachi Chinese consulate attack","date":null,"deaths":null,"injured":null,"perpetrator":null,"country":null,"group":"date not recorded","wikidata":"http://www.wikidata.org/entity/Q59153406"}},{"type":"Feature","geometry":{"type":"Point","coordinates":[67.03311,24.87476]},"properties":{"name":"Nishtar Park bombing","date":null,"deaths":null,"injured":null,"perpetrator":null,"country":null,"group":"date not recorded","wikidata":"http://www.wikidata.org/entity/Q61076956"}},{"type":"Feature","geometry":{"type":"Point","coordinates":[35.2175,31.78139]},"properties":{"name":"Ben Yehuda Street bombing (1948)","date":"1948-02-22","deaths":"58","injured":"123","perpetrator":null,"country":null,"group":"1940s","wikidata":"http://www.wikidata.org/entity/Q61858918"}},{"type":"Feature","geometry":{"type":"Point","coordinates":[67.02,30.36]},"properties":{"name":"April 2019 Quetta attack","date":"2019-04-12","deaths":"20","injured":null,"perpetrator":null,"country":null,"group":"2010s","wikidata":"http://www.wikidata.org/entity/Q63124622"}},{"type":"Feature","geometry":{"type":"Point","coordinates":[10.17917,36.79944]},"properties":{"name":"2019 Tunis bombings","date":"2019-06-27","deaths":null,"injured":"8","perpetrator":null,"country":null,"group":"2010s","wikidata":"http://www.wikidata.org/entity/Q65051918"}},{"type":"Feature","geometry":{"type":"Point","coordinates":[-5.92297,54.5855]},"properties":{"name":"Crumlin Road Prison bombing","date":null,"deaths":null,"injured":null,"perpetrator":null,"country":null,"group":"date not recorded","wikidata":"http://www.wikidata.org/entity/Q65056206"}},{"type":"Feature","geometry":{"type":"Point","coordinates":[-5.25139,14.82528]},"properties":{"name":"Raid on Dioura","date":null,"deaths":null,"injured":null,"perpetrator":null,"country":null,"group":"date not recorded","wikidata":"http://www.wikidata.org/entity/Q65153727"}},{"type":"Feature","geometry":{"type":"Point","coordinates":[4.34756,43.83675]},"properties":{"name":"attentat de la maison Carro","date":null,"deaths":null,"injured":null,"perpetrator":null,"country":null,"group":"date not recorded","wikidata":"http://www.wikidata.org/entity/Q65154371"}},{"type":"Feature","geometry":{"type":"Point","coordinates":[-3.08333,14.58333]},"properties":{"name":"Diankabou attack","date":null,"deaths":"18","injured":null,"perpetrator":null,"country":null,"group":"date not recorded","wikidata":"http://www.wikidata.org/entity/Q65156348"}},{"type":"Feature","geometry":{"type":"Point","coordinates":[3.05542,36.77079]},"properties":{"name":"attentat de l'université d'Alger","date":"1962-06-07","deaths":null,"injured":null,"perpetrator":null,"country":null,"group":"1960s","wikidata":"http://www.wikidata.org/entity/Q65157567"}},{"type":"Feature","geometry":{"type":"Point","coordinates":[66.90694,32.10611]},"properties":{"name":"2019 Qalat bombing","date":null,"deaths":"39","injured":null,"perpetrator":null,"country":null,"group":"date not recorded","wikidata":"http://www.wikidata.org/entity/Q73119349"}},{"type":"Feature","geometry":{"type":"Point","coordinates":[37.44667,36.61167]},"properties":{"name":"2019 al-Rai bombing","date":null,"deaths":null,"injured":null,"perpetrator":null,"country":null,"group":"date not recorded","wikidata":"http://www.wikidata.org/entity/Q75186504"}},{"type":"Feature","geometry":{"type":"Point","coordinates":[71.56434,34.00609]},"properties":{"name":"2007 Peshawar hotel bombing","date":null,"deaths":null,"injured":null,"perpetrator":null,"country":null,"group":"date not recorded","wikidata":"http://www.wikidata.org/entity/Q81229461"}},{"type":"Feature","geometry":{"type":"Point","coordinates":[36.71417,34.71111]},"properties":{"name":"Homs school bombing","date":"2014-01-01","deaths":"54","injured":null,"perpetrator":null,"country":null,"group":"2010s","wikidata":"http://www.wikidata.org/entity/Q81231211"}},{"type":"Feature","geometry":{"type":"Point","coordinates":[70.46556,34.42861]},"properties":{"name":"Jalalabad prison attack","date":null,"deaths":null,"injured":null,"perpetrator":null,"country":null,"group":"date not recorded","wikidata":"http://www.wikidata.org/entity/Q98072564"}},{"type":"Feature","geometry":{"type":"Point","coordinates":[-5.97694,54.5675]},"properties":{"name":"Musgrave Park Hospital bombing","date":null,"deaths":null,"injured":null,"perpetrator":null,"country":null,"group":"date not recorded","wikidata":"http://www.wikidata.org/entity/Q104822498"}},{"type":"Feature","geometry":{"type":"Point","coordinates":[18.4194,-33.9065]},"properties":{"name":"Planet Hollywood bombing","date":null,"deaths":null,"injured":null,"perpetrator":null,"country":null,"group":"date not recorded","wikidata":"http://www.wikidata.org/entity/Q104869210"}},{"type":"Feature","geometry":{"type":"Point","coordinates":[34.34107,31.38493]},"properties":{"name":"Q104976853","date":"2005-07-23","deaths":"2","injured":"5","perpetrator":null,"country":null,"group":"2000s","wikidata":"http://www.wikidata.org/entity/Q104976853"}},{"type":"Feature","geometry":{"type":"Point","coordinates":[3.59146,36.63507]},"properties":{"name":"2010 Ammal bombing","date":null,"deaths":null,"injured":null,"perpetrator":null,"country":null,"group":"date not recorded","wikidata":"http://www.wikidata.org/entity/Q105710385"}},{"type":"Feature","geometry":{"type":"Point","coordinates":[74.54583,32.49778]},"properties":{"name":"Sialkot mosque bombing","date":null,"deaths":null,"injured":null,"perpetrator":null,"country":null,"group":"date not recorded","wikidata":"http://www.wikidata.org/entity/Q106696135"}},{"type":"Feature","geometry":{"type":"Point","coordinates":[1.8125,14.83]},"properties":{"name":"Kodyel attack","date":null,"deaths":"30","injured":null,"perpetrator":null,"country":null,"group":"date not recorded","wikidata":"http://www.wikidata.org/entity/Q106703487"}},{"type":"Feature","geometry":{"type":"Point","coordinates":[-77.05792,-12.1015]},"properties":{"name":"1986 Soviet embassy attack in Lima","date":null,"deaths":null,"injured":null,"perpetrator":null,"country":null,"group":"date not recorded","wikidata":"http://www.wikidata.org/entity/Q108881027"}},{"type":"Feature","geometry":{"type":"Point","coordinates":[69.19,34.51778]},"properties":{"name":"attentat de la mosquée Id Gah de Kaboul","date":null,"deaths":null,"injured":null,"perpetrator":null,"country":null,"group":"date not recorded","wikidata":"http://www.wikidata.org/entity/Q109255617"}},{"type":"Feature","geometry":{"type":"Point","coordinates":[-70.19258,-4.35939]},"properties":{"name":"Puerto Amelia ambush","date":null,"deaths":null,"injured":null,"perpetrator":null,"country":null,"group":"date not recorded","wikidata":"http://www.wikidata.org/entity/Q110691940"}},{"type":"Feature","geometry":{"type":"Point","coordinates":[-71.33611,42.42778]},"properties":{"name":"Baker Bridge train wreck","date":"1905-11-26","deaths":null,"injured":null,"perpetrator":null,"country":null,"group":"1900s","wikidata":"http://www.wikidata.org/entity/Q111181425"}},{"type":"Feature","geometry":{"type":"Point","coordinates":[34.41309,31.48226]},"properties":{"name":"Q111432996","date":"2002-03-29","deaths":"2","injured":null,"perpetrator":null,"country":null,"group":"2000s","wikidata":"http://www.wikidata.org/entity/Q111432996"}},{"type":"Feature","geometry":{"type":"Point","coordinates":[35.21936,31.78194]},"properties":{"name":"Zion Square ice cream shop bombing","date":"1975-11-13","deaths":"6","injured":"42","perpetrator":null,"country":null,"group":"1970s","wikidata":"http://www.wikidata.org/entity/Q111836736"}},{"type":"Feature","geometry":{"type":"Point","coordinates":[29.4509,-2.3876]},"properties":{"name":"Nyamagabe bus shooting","date":null,"deaths":null,"injured":null,"perpetrator":null,"country":null,"group":"date not recorded","wikidata":"http://www.wikidata.org/entity/Q112651637"}},{"type":"Feature","geometry":{"type":"Point","coordinates":[67.02,30.36]},"properties":{"name":"massacre d'Ashura à Quetta (2004)","date":null,"deaths":null,"injured":null,"perpetrator":null,"country":null,"group":"date not recorded","wikidata":"http://www.wikidata.org/entity/Q113839956"}},{"type":"Feature","geometry":{"type":"Point","coordinates":[35.13348,31.47074]},"properties":{"name":"Q115231209","date":"2002-07-26","deaths":"4","injured":"2","perpetrator":null,"country":null,"group":"2000s","wikidata":"http://www.wikidata.org/entity/Q115231209"}},{"type":"Feature","geometry":{"type":"Point","coordinates":[35.27344,31.84946]},"properties":{"name":"Q115474223","date":"2018-07-26","deaths":"1","injured":"2","perpetrator":null,"country":null,"group":"2010s","wikidata":"http://www.wikidata.org/entity/Q115474223"}},{"type":"Feature","geometry":{"type":"Point","coordinates":[35.125,31.53333]},"properties":{"name":"Q115764471","date":"2003-03-07","deaths":"2","injured":null,"perpetrator":null,"country":null,"group":"2000s","wikidata":"http://www.wikidata.org/entity/Q115764471"}},{"type":"Feature","geometry":{"type":"Point","coordinates":[35.35302,32.02269]},"properties":{"name":"Murder of Shalom Har Melech","date":"2003-08-29","deaths":"1","injured":"1","perpetrator":null,"country":null,"group":"2000s","wikidata":"http://www.wikidata.org/entity/Q115912617"}},{"type":"Feature","geometry":{"type":"Point","coordinates":[35.13216,31.64602]},"properties":{"name":"2005 Gush Etzion junction shooting","date":"2005-01-16","deaths":null,"injured":null,"perpetrator":null,"country":null,"group":"2000s","wikidata":"http://www.wikidata.org/entity/Q115913739"}},{"type":"Feature","geometry":{"type":"Point","coordinates":[35.10043,31.60882]},"properties":{"name":"Q115913745","date":"2002-06-08","deaths":"3","injured":"5","perpetrator":null,"country":null,"group":"2000s","wikidata":"http://www.wikidata.org/entity/Q115913745"}},{"type":"Feature","geometry":{"type":"Point","coordinates":[35.13682,32.19071]},"properties":{"name":"Q115913754","date":"2007-11-19","deaths":"1","injured":null,"perpetrator":null,"country":null,"group":"2000s","wikidata":"http://www.wikidata.org/entity/Q115913754"}},{"type":"Feature","geometry":{"type":"Point","coordinates":[9.27472,4.15886]},"properties":{"name":"Mount Cameroon Race of Hope attacks","date":null,"deaths":null,"injured":null,"perpetrator":null,"country":null,"group":"date not recorded","wikidata":"http://www.wikidata.org/entity/Q116897342"}},{"type":"Feature","geometry":{"type":"Point","coordinates":[35.285,32.2131]},"properties":{"name":"Q117359716","date":"2011-04-24","deaths":"1","injured":"5","perpetrator":null,"country":null,"group":"2010s","wikidata":"http://www.wikidata.org/entity/Q117359716"}},{"type":"Feature","geometry":{"type":"Point","coordinates":[35.24119,31.81017]},"properties":{"name":"Shuafat checkpoint shooting attack","date":"2023-02-13","deaths":"1","injured":null,"perpetrator":null,"country":null,"group":"2020s","wikidata":"http://www.wikidata.org/entity/Q117359717"}},{"type":"Feature","geometry":{"type":"Point","coordinates":[34.84389,-19.80389]},"properties":{"name":"Beira Fuel Depot Attack","date":null,"deaths":null,"injured":null,"perpetrator":null,"country":null,"group":"date not recorded","wikidata":"http://www.wikidata.org/entity/Q117468513"}},{"type":"Feature","geometry":{"type":"Point","coordinates":[-1.65569,13.90236]},"properties":{"name":"2022 Gaskinde attack","date":null,"deaths":"37","injured":null,"perpetrator":null,"country":null,"group":"date not recorded","wikidata":"http://www.wikidata.org/entity/Q117661612"}},{"type":"Feature","geometry":{"type":"Point","coordinates":[-4.7102,50.46357]},"properties":{"name":"2023 Bodmin mass stabbing","date":null,"deaths":null,"injured":null,"perpetrator":null,"country":null,"group":"date not recorded","wikidata":"http://www.wikidata.org/entity/Q118122351"}},{"type":"Feature","geometry":{"type":"Point","coordinates":[35.13216,31.64602]},"properties":{"name":"Q118342243","date":"2016-02-24","deaths":"1","injured":null,"perpetrator":null,"country":null,"group":"2010s","wikidata":"http://www.wikidata.org/entity/Q118342243"}},{"type":"Feature","geometry":{"type":"Point","coordinates":[35.13218,31.64613]},"properties":{"name":"Murder of Ari Fuld","date":"2018-09-16","deaths":"1","injured":null,"perpetrator":null,"country":null,"group":"2010s","wikidata":"http://www.wikidata.org/entity/Q118342251"}},{"type":"Feature","geometry":{"type":"Point","coordinates":[35.20333,31.94139]},"properties":{"name":"Q118342252","date":"1996-12-11","deaths":"2","injured":"5","perpetrator":null,"country":null,"group":"1990s","wikidata":"http://www.wikidata.org/entity/Q118342252"}},{"type":"Feature","geometry":{"type":"Point","coordinates":[35.3892,31.819]},"properties":{"name":"Mitzpe Yeriho bus bombing","date":"1978-11-19","deaths":"4","injured":"37","perpetrator":null,"country":null,"group":"1970s","wikidata":"http://www.wikidata.org/entity/Q119474535"}},{"type":"Feature","geometry":{"type":"Point","coordinates":[35.16021,32.21849]},"properties":{"name":"2023 Kedumim shooting","date":"2023-07-06","deaths":null,"injured":null,"perpetrator":null,"country":null,"group":"2020s","wikidata":"http://www.wikidata.org/entity/Q120442669"}},{"type":"Feature","geometry":{"type":"Point","coordinates":[-82.1378,38.8443]},"properties":{"name":"1976 Mason County jail bombing","date":null,"deaths":null,"injured":null,"perpetrator":null,"country":null,"group":"date not recorded","wikidata":"http://www.wikidata.org/entity/Q121238338"}},{"type":"Feature","geometry":{"type":"Point","coordinates":[34.77833,32.05972]},"properties":{"name":"1st Rosh Ha'ir restaurant bombing","date":null,"deaths":null,"injured":null,"perpetrator":null,"country":null,"group":"date not recorded","wikidata":"http://www.wikidata.org/entity/Q122754058"}},{"type":"Feature","geometry":{"type":"Point","coordinates":[-77.0506,-12.09385]},"properties":{"name":"1992 Bolivian embassy attack in Lima","date":null,"deaths":null,"injured":null,"perpetrator":null,"country":null,"group":"date not recorded","wikidata":"http://www.wikidata.org/entity/Q122802584"}},{"type":"Feature","geometry":{"type":"Point","coordinates":[-74.32333,-5.83514]},"properties":{"name":"Atentado del Colegio Secundario de Santa Fe","date":null,"deaths":null,"injured":null,"perpetrator":null,"country":null,"group":"date not recorded","wikidata":"http://www.wikidata.org/entity/Q123354028"}},{"type":"Feature","geometry":{"type":"Point","coordinates":[-97.7473,30.3083]},"properties":{"name":"Austin synagogue arson","date":"2021-10-31","deaths":null,"injured":null,"perpetrator":null,"country":null,"group":"2020s","wikidata":"http://www.wikidata.org/entity/Q123807562"}},{"type":"Feature","geometry":{"type":"Point","coordinates":[35.25341,32.00422]},"properties":{"name":"Wadi al-Haramiya shooting","date":"2024-01-07","deaths":"2","injured":null,"perpetrator":null,"country":null,"group":"2020s","wikidata":"http://www.wikidata.org/entity/Q124325501"}},{"type":"Feature","geometry":{"type":"Point","coordinates":[0.00942,51.46631]},"properties":{"name":"V2 rocket attack on Blackheath Village","date":"1945-03-08","deaths":"5","injured":"134","perpetrator":null,"country":null,"group":"1940s","wikidata":"http://www.wikidata.org/entity/Q124335219"}},{"type":"Feature","geometry":{"type":"Point","coordinates":[34.96261,31.59177]},"properties":{"name":"2024 Tarqumiya shooting","date":"2024-09-01","deaths":"3","injured":null,"perpetrator":null,"country":null,"group":"2020s","wikidata":"http://www.wikidata.org/entity/Q130213668"}},{"type":"Feature","geometry":{"type":"Point","coordinates":[35.24999,31.91193]},"properties":{"name":"Q130280963","date":"2024-09-11","deaths":"1","injured":null,"perpetrator":null,"country":null,"group":"2020s","wikidata":"http://www.wikidata.org/entity/Q130280963"}},{"type":"Feature","geometry":{"type":"Point","coordinates":[41.02808,43.00079]},"properties":{"name":"2024 Parliament of Abkhazia shooting","date":null,"deaths":"1","injured":null,"perpetrator":null,"country":null,"group":"date not recorded","wikidata":"http://www.wikidata.org/entity/Q131539989"}},{"type":"Feature","geometry":{"type":"Point","coordinates":[125.6637,7.12823]},"properties":{"name":"2003 Davao City ferry terminal bombing","date":null,"deaths":"17","injured":null,"perpetrator":null,"country":null,"group":"date not recorded","wikidata":"http://www.wikidata.org/entity/Q133456420"}},{"type":"Feature","geometry":{"type":"Point","coordinates":[-79.01411,-8.09942]},"properties":{"name":"Atentado de Trujillo de agosto de 2025","date":null,"deaths":null,"injured":null,"perpetrator":null,"country":null,"group":"date not recorded","wikidata":"http://www.wikidata.org/entity/Q136198201"}},{"type":"Feature","geometry":{"type":"Point","coordinates":[-79.02981,-8.09942]},"properties":{"name":"Atentado de Trujillo de septiembre de 2025","date":null,"deaths":null,"injured":null,"perpetrator":null,"country":null,"group":"date not recorded","wikidata":"http://www.wikidata.org/entity/Q136198668"}},{"type":"Feature","geometry":{"type":"Point","coordinates":[34.96256,32.44945]},"properties":{"name":"Q136682863","date":"1993-03-30","deaths":"2","injured":null,"perpetrator":null,"country":null,"group":"1990s","wikidata":"http://www.wikidata.org/entity/Q136682863"}},{"type":"Feature","geometry":{"type":"Point","coordinates":[-58.16246,6.81171]},"properties":{"name":"Freedom House bombing","date":null,"deaths":null,"injured":null,"perpetrator":null,"country":null,"group":"date not recorded","wikidata":"http://www.wikidata.org/entity/Q136697087"}},{"type":"Feature","geometry":{"type":"Point","coordinates":[35.16843,31.70532]},"properties":{"name":"Q136745592","date":"2024-12-11","deaths":"1","injured":"3","perpetrator":null,"country":null,"group":"2020s","wikidata":"http://www.wikidata.org/entity/Q136745592"}},{"type":"Feature","geometry":{"type":"Point","coordinates":[35.13268,31.64663]},"properties":{"name":"2025 Gush Etzion attack","date":"2025-11-18","deaths":"1","injured":null,"perpetrator":null,"country":null,"group":"2020s","wikidata":"http://www.wikidata.org/entity/Q136826704"}},{"type":"Feature","geometry":{"type":"Point","coordinates":[-99.1175,19.43028]},"properties":{"name":"2001 Mexican Chamber of Deputies bombing attempt","date":null,"deaths":"0","injured":null,"perpetrator":null,"country":null,"group":"date not recorded","wikidata":"http://www.wikidata.org/entity/Q137477427"}},{"type":"Feature","geometry":{"type":"Point","coordinates":[36.7275,34.7025]},"properties":{"name":"2025 Homs mosque bombing","date":"2025-01-01","deaths":null,"injured":null,"perpetrator":null,"country":null,"group":"2020s","wikidata":"http://www.wikidata.org/entity/Q137756536"}},{"type":"Feature","geometry":{"type":"Point","coordinates":[69.17357,34.53199]},"properties":{"name":"2026 Kabul restaurant bombing","date":null,"deaths":"8","injured":null,"perpetrator":null,"country":null,"group":"date not recorded","wikidata":"http://www.wikidata.org/entity/Q137856260"}},{"type":"Feature","geometry":{"type":"Point","coordinates":[-15.9725,18.08528]},"properties":{"name":"2011 Nouakchott bombing plot","date":null,"deaths":"4","injured":null,"perpetrator":null,"country":null,"group":"date not recorded","wikidata":"http://www.wikidata.org/entity/Q139073169"}},{"type":"Feature","geometry":{"type":"Point","coordinates":[30.6098,50.49506]},"properties":{"name":"2004 Kyiv market bombing","date":null,"deaths":null,"injured":null,"perpetrator":null,"country":null,"group":"date not recorded","wikidata":"http://www.wikidata.org/entity/Q140628622"}},{"type":"Feature","geometry":{"type":"Point","coordinates":[35.20417,31.80889]},"properties":{"name":"2025 Ramot Junction shooting","date":"2025-09-08","deaths":"6","injured":"16","perpetrator":null,"country":"Israel","group":"2020s","wikidata":"http://www.wikidata.org/entity/Q136158492"}},{"type":"Feature","geometry":{"type":"Point","coordinates":[35.21092,31.77052]},"properties":{"name":"Q136485419","date":"1993-01-03","deaths":"1","injured":null,"perpetrator":null,"country":"Israel","group":"1990s","wikidata":"http://www.wikidata.org/entity/Q136485419"}},{"type":"Feature","geometry":{"type":"Point","coordinates":[35.29222,32.60778]},"properties":{"name":"Q136486193","date":"2013-11-13","deaths":"1","injured":null,"perpetrator":null,"country":"Israel","group":"2010s","wikidata":"http://www.wikidata.org/entity/Q136486193"}},{"type":"Feature","geometry":{"type":"Point","coordinates":[34.54484,31.5582]},"properties":{"name":"12 April 2002 Erez Crossing terror attack","date":"2002-04-12","deaths":"2","injured":"9","perpetrator":null,"country":"Israel","group":"2000s","wikidata":"http://www.wikidata.org/entity/Q136512836"}},{"type":"Feature","geometry":{"type":"Point","coordinates":[34.54484,31.5582]},"properties":{"name":"20 April 2002 Erez Crossing terror attack","date":"2002-04-20","deaths":"1","injured":"0","perpetrator":null,"country":"Israel","group":"2000s","wikidata":"http://www.wikidata.org/entity/Q136512875"}},{"type":"Feature","geometry":{"type":"Point","coordinates":[35.4957,32.10812]},"properties":{"name":"Q136523569","date":"2009-03-15","deaths":"2","injured":"0","perpetrator":null,"country":"Israel","group":"2000s","wikidata":"http://www.wikidata.org/entity/Q136523569"}},{"type":"Feature","geometry":{"type":"Point","coordinates":[34.86073,32.09209]},"properties":{"name":"Q136543134","date":"2006-02-05","deaths":"1","injured":"5","perpetrator":null,"country":"Israel","group":"2000s","wikidata":"http://www.wikidata.org/entity/Q136543134"}},{"type":"Feature","geometry":{"type":"Point","coordinates":[35.1726,31.72701]},"properties":{"name":"The murder in Cremisan Monastery","date":"1984-10-22","deaths":"2","injured":null,"perpetrator":null,"country":"Israel","group":"1980s","wikidata":"http://www.wikidata.org/entity/Q136649192"}},{"type":"Feature","geometry":{"type":"Point","coordinates":[35.28935,32.62103]},"properties":{"name":"2025 northern Israel stabbing and ramming attack","date":"2025-12-26","deaths":"2","injured":"6","perpetrator":null,"country":"Israel","group":"2020s","wikidata":"http://www.wikidata.org/entity/Q137590990"}},{"type":"Feature","geometry":{"type":"Point","coordinates":[35.28722,32.61056]},"properties":{"name":"Q138575328","date":"2001-10-04","deaths":"3","injured":"18","perpetrator":null,"country":"Israel","group":"2000s","wikidata":"http://www.wikidata.org/entity/Q138575328"}},{"type":"Feature","geometry":{"type":"Point","coordinates":[35.04278,31.8975]},"properties":{"name":"Q139597115","date":"2001-08-25","deaths":"3","injured":"2","perpetrator":null,"country":"Israel","group":"2000s","wikidata":"http://www.wikidata.org/entity/Q139597115"}},{"type":"Feature","geometry":{"type":"Point","coordinates":[34.98242,32.22044]},"properties":{"name":"Q140089466","date":"2026-06-07","deaths":"1","injured":"5","perpetrator":null,"country":"Israel","group":"2020s","wikidata":"http://www.wikidata.org/entity/Q140089466"}},{"type":"Feature","geometry":{"type":"Point","coordinates":[35.66694,32.68297]},"properties":{"name":"1970 Hamat Gader attack","date":null,"deaths":"5","injured":null,"perpetrator":null,"country":"Israel","group":"date not recorded","wikidata":"http://www.wikidata.org/entity/Q141493472"}},{"type":"Feature","geometry":{"type":"Point","coordinates":[73.25668,34.07602]},"properties":{"name":"2026 Islamabad suicide bombing","date":"2026-02-06","deaths":"32","injured":"170","perpetrator":null,"country":"Pakistan","group":"2020s","wikidata":"http://www.wikidata.org/entity/Q138025426"}},{"type":"Feature","geometry":{"type":"Point","coordinates":[67.0025,30.2025]},"properties":{"name":"2026 Quetta train bombing","date":"2026-05-24","deaths":"47","injured":"98","perpetrator":null,"country":"Pakistan","group":"2020s","wikidata":"http://www.wikidata.org/entity/Q139915929"}},{"type":"Feature","geometry":{"type":"Point","coordinates":[71.43111,33.58944]},"properties":{"name":"2026 Kohat attack","date":"2026-09-18","deaths":"31","injured":"103","perpetrator":"Ittihad-ul-Mujahideen Pakistan","country":"Pakistan","group":"2020s","wikidata":"http://www.wikidata.org/entity/Q141501925"}},{"type":"Feature","geometry":{"type":"Point","coordinates":[72.4319,33.4806]},"properties":{"name":"2008 Wah bombing","date":"2008-08-21","deaths":"70","injured":null,"perpetrator":null,"country":"Pakistan","group":"2000s","wikidata":"http://www.wikidata.org/entity/Q23948"}},{"type":"Feature","geometry":{"type":"Point","coordinates":[36.7275,34.7025]},"properties":{"name":"2025 Homs mosque bombing","date":"2025-12-26","deaths":"8","injured":"18","perpetrator":"Supporters of the Sunnah Companies","country":"Syria","group":"2020s","wikidata":"http://www.wikidata.org/entity/Q137591945"}},{"type":"Feature","geometry":{"type":"Point","coordinates":[36.29161,33.51328]},"properties":{"name":"2026 Damascus bombings","date":"2026-07-07","deaths":null,"injured":null,"perpetrator":null,"country":"Syria","group":"2020s","wikidata":"http://www.wikidata.org/entity/Q140471131"}},{"type":"Feature","geometry":{"type":"Point","coordinates":[121.51722,25.04778]},"properties":{"name":"2025 Taipei knife attack","date":"2025-12-19","deaths":"4","injured":"11","perpetrator":"Chang Wen","country":"Taiwan","group":"2020s","wikidata":"http://www.wikidata.org/entity/Q137459348"}},{"type":"Feature","geometry":{"type":"Point","coordinates":[69.17361,34.53196]},"properties":{"name":"2026 Lanzhou Niu Rou Mian restaurant bombing","date":"2026-01-19","deaths":"7","injured":"20","perpetrator":"Islamic State – Khorasan Province","country":"Afghanistan","group":"2020s","wikidata":"http://www.wikidata.org/entity/Q137831959"}},{"type":"Feature","geometry":{"type":"Point","coordinates":[1.34404,9.35721]},"properties":{"name":"Soudou attack","date":"1992-05-05","deaths":"12","injured":null,"perpetrator":null,"country":"Togo","group":"1990s","wikidata":"http://www.wikidata.org/entity/Q140076821"}},{"type":"Feature","geometry":{"type":"Point","coordinates":[28.9665,0.2577]},"properties":{"name":"Byambwe massacre","date":"2025-11-14","deaths":null,"injured":null,"perpetrator":null,"country":"Democratic Republic of the Congo","group":"2020s","wikidata":"http://www.wikidata.org/entity/Q136959767"}},{"type":"Feature","geometry":{"type":"Point","coordinates":[9.4366,4.3407]},"properties":{"name":"Separatist IED attack in Malende","date":"2025-09-05","deaths":null,"injured":null,"perpetrator":null,"country":"Cameroon","group":"2020s","wikidata":"http://www.wikidata.org/entity/Q136207548"}},{"type":"Feature","geometry":{"type":"Point","coordinates":[-7.25,16.61667]},"properties":{"name":"2010 Néma suicide bombing","date":"2010-08-25","deaths":"1","injured":null,"perpetrator":null,"country":"Mauritania","group":"2010s","wikidata":"http://www.wikidata.org/entity/Q139040400"}},{"type":"Feature","geometry":{"type":"Point","coordinates":[4.20583,9.74]},"properties":{"name":"2026 Kwara State attacks","date":"2026-02-03","deaths":"200","injured":null,"perpetrator":null,"country":"Nigeria","group":"2020s","wikidata":"http://www.wikidata.org/entity/Q138034099"}},{"type":"Feature","geometry":{"type":"Point","coordinates":[35.14822,32.0141]},"properties":{"name":"2026 Halamish shooting attack","date":"2026-09-20","deaths":"1","injured":null,"perpetrator":null,"country":"West Bank","group":"2020s","wikidata":"http://www.wikidata.org/entity/Q141507517"}},{"type":"Feature","geometry":{"type":"Point","coordinates":[35.46299,31.74571]},"properties":{"name":"Q137523794","date":"1938-07-21","deaths":"4","injured":"2","perpetrator":null,"country":"Mandatory Palestine","group":"1930s","wikidata":"http://www.wikidata.org/entity/Q137523794"}},{"type":"Feature","geometry":{"type":"Point","coordinates":[2.17028,13.48167]},"properties":{"name":"Diori Hamani International Airport attack","date":"2026-01-29","deaths":"20","injured":null,"perpetrator":"Islamic State","country":"Niger State","group":"2020s","wikidata":"http://www.wikidata.org/entity/Q137944610"}},{"type":"Feature","geometry":{"type":"Point","coordinates":[13.38923,52.51731]},"properties":{"name":"Nobiling assassination attempt","date":"1878-06-02","deaths":null,"injured":"1","perpetrator":null,"country":"German Reich","group":"1870s","wikidata":"http://www.wikidata.org/entity/Q137945148"}}],"source":"Wikidata (CC0)"}