{"type":"FeatureCollection","features":[{"type":"Feature","geometry":{"type":"Point","coordinates":[15.43166,44.13583]},"properties":{"description":"Landmines (anti-personnel mines) beside the road! The road itself is secured and safe.","hazard":"minefield","landuse":"military","military":"danger_area","group":"marked as a minefield","osm":"https://www.openstreetmap.org/node/1037941660","position":null}},{"type":"Feature","geometry":{"type":"Point","coordinates":[16.94309,45.27132]},"properties":{"hazard":"minefield","military":"danger_area","group":"marked as a minefield","osm":"https://www.openstreetmap.org/node/1990156737","position":null}},{"type":"Feature","geometry":{"type":"Point","coordinates":[15.27007,44.88988]},"properties":{"description":"Danger! Land mines (anti-personnel mines) beside the road! The road itself is secured and safe.","hazard":"minefield","landuse":"military","military":"danger_area","group":"marked as a minefield","osm":"https://www.openstreetmap.org/node/2368261533","position":null}},{"type":"Feature","geometry":{"type":"Point","coordinates":[16.16915,43.92583]},"properties":{"description":"Minski sumnjivo područje","description:en":"Mine suspect area","hazard":"minefield","landuse":"military","military":"danger_area","group":"marked as a minefield","osm":"https://www.openstreetmap.org/node/2422202240","position":null}},{"type":"Feature","geometry":{"type":"Point","coordinates":[16.94061,45.27794]},"properties":{"hazard":"minefield","military":"danger_area","group":"marked as a minefield","osm":"https://www.openstreetmap.org/node/3023658093","position":null}},{"type":"Feature","geometry":{"type":"Point","coordinates":[39.10137,51.49749]},"properties":{"description":"Старая мина(2015)","hazard":"minefield","group":"marked as a minefield","osm":"https://www.openstreetmap.org/node/3613484036","position":null}},{"type":"Feature","geometry":{"type":"Point","coordinates":[-69.07927,-18.07268]},"properties":{"hazard":"minefield","landuse":"military","military":"danger_area","name":"Minefield (extend unknown, marked from chilean side)","name:de":"Minenfeld (Größe unbekannt, markiert von chilenischer Seite)","group":"marked as a minefield","osm":"https://www.openstreetmap.org/node/5317002806","position":null}},{"type":"Feature","geometry":{"type":"Point","coordinates":[15.31037,44.95421]},"properties":{"description":"Landmines (anti-personnel mines) beside the road! The road itself is secured and safe.","hazard":"minefield","landuse":"military","military":"danger_area","group":"marked as a minefield","osm":"https://www.openstreetmap.org/node/7817538670","position":null}},{"type":"Feature","geometry":{"type":"Point","coordinates":[15.41478,44.98025]},"properties":{"description":"Danger! Land mines (anti-personnel mines) beside the road! The road itself is secured and safe.","hazard":"minefield","military":"danger_area","group":"marked as a minefield","osm":"https://www.openstreetmap.org/node/7818067429","position":null}},{"type":"Feature","geometry":{"type":"Point","coordinates":[15.38738,44.97082]},"properties":{"description":"Danger! Land mines (anti-personnel mines) beside the road! The road itself is secured and safe.","hazard":"minefield","military":"danger_area","group":"marked as a minefield","osm":"https://www.openstreetmap.org/node/7818099622","position":null}},{"type":"Feature","geometry":{"type":"Point","coordinates":[15.40073,44.97665]},"properties":{"description":"Danger! Land mines (anti-personnel mines) beside the road! The road itself is secured and safe.","hazard":"minefield","military":"danger_area","group":"marked as a minefield","osm":"https://www.openstreetmap.org/node/7818117915","position":null}},{"type":"Feature","geometry":{"type":"Point","coordinates":[15.28974,44.93394]},"properties":{"description":"Landmines (anti-personnel mines) beside the road! The road itself is secured and safe.","hazard":"minefield","military":"danger_area","group":"marked as a minefield","osm":"https://www.openstreetmap.org/node/7818124015","position":null}},{"type":"Feature","geometry":{"type":"Point","coordinates":[15.32819,44.96438]},"properties":{"description":"Landmines (anti-personnel mines) beside the road!","hazard":"minefield","military":"danger_area","group":"marked as a minefield","osm":"https://www.openstreetmap.org/node/7818160669","position":null}},{"type":"Feature","geometry":{"type":"Point","coordinates":[15.30864,44.92266]},"properties":{"description":"Landmines (anti-personnel mines) beside the road! The road itself is secured and safe.","hazard":"minefield","military":"danger_area","group":"marked as a minefield","osm":"https://www.openstreetmap.org/node/7818185108","position":null}},{"type":"Feature","geometry":{"type":"Point","coordinates":[15.40123,44.96755]},"properties":{"description":"Landmines (anti-personnel mines) in the landscape!","hazard":"minefield","military":"danger_area","group":"marked as a minefield","osm":"https://www.openstreetmap.org/node/7819137252","position":null}},{"type":"Feature","geometry":{"type":"Point","coordinates":[15.38896,44.98233]},"properties":{"description":"Landmines (anti-personnel mines) in the landscape!","hazard":"minefield","military":"danger_area","group":"marked as a minefield","osm":"https://www.openstreetmap.org/node/7819169608","position":null}},{"type":"Feature","geometry":{"type":"Point","coordinates":[15.42585,45.00281]},"properties":{"description":"Danger! Land mines (anti-personnel mines) beside the road! The road itself is secured and safe.","hazard":"minefield","military":"danger_area","group":"marked as a minefield","osm":"https://www.openstreetmap.org/node/8264533060","position":null}},{"type":"Feature","geometry":{"type":"Point","coordinates":[18.94649,44.58967]},"properties":{"hazard":"minefield","landuse":"military","military":"danger_area","group":"marked as a minefield","osm":"https://www.openstreetmap.org/node/9960813543","position":null}},{"type":"Feature","geometry":{"type":"Point","coordinates":[15.48952,44.7635]},"properties":{"hazard":"minefield","group":"marked as a minefield","osm":"https://www.openstreetmap.org/node/10719717207","position":null}},{"type":"Feature","geometry":{"type":"Point","coordinates":[18.91064,44.54671]},"properties":{"hazard":"minefield","landuse":"military","military":"danger_area","group":"marked as a minefield","osm":"https://www.openstreetmap.org/node/10765233768","position":null}},{"type":"Feature","geometry":{"type":"Point","coordinates":[18.90949,44.54695]},"properties":{"hazard":"minefield","landuse":"military","military":"danger_area","group":"marked as a minefield","osm":"https://www.openstreetmap.org/node/10765233769","position":null}},{"type":"Feature","geometry":{"type":"Point","coordinates":[18.9084,44.54609]},"properties":{"hazard":"minefield","landuse":"military","military":"danger_area","group":"marked as a minefield","osm":"https://www.openstreetmap.org/node/10765233770","position":null}},{"type":"Feature","geometry":{"type":"Point","coordinates":[15.41371,45.20647]},"properties":{"hazard":"minefield","group":"marked as a minefield","osm":"https://www.openstreetmap.org/node/12066177756","position":null}},{"type":"Feature","geometry":{"type":"Point","coordinates":[10.79796,53.87662]},"properties":{"access":"no","hazard":"minefield","highway":"path","surface":"sand","group":"marked as a minefield","osm":"https://www.openstreetmap.org/way/39501670","position":"the middle of the area OpenStreetMap maps"}},{"type":"Feature","geometry":{"type":"Point","coordinates":[15.76368,44.84182]},"properties":{"boundary":"hazard","disused:aeroway":"aerodrome","disused:landuse":"military","disused:military":"airfield","hazard":"minefield","historic":"military","icao":"LYBI","int_name":"Željava Air Base","name":"Vojni aerodrom Željava","name:de":"Flugzeugkaverne Željava","name:en":"Željava Air Base","name:mk":"Воен аеродром Жељава","wikidata":"Q640410","wikimedia_commons":"Category:Željava Air Base","wikipedia":"hr:Aerodrom Željava","group":"cleared or no longer marked","osm":"https://www.openstreetmap.org/way/71379280","position":"the middle of the area OpenStreetMap maps"}},{"type":"Feature","geometry":{"type":"Point","coordinates":[41.42189,42.74324]},"properties":{"boundary":"hazard","check_date":"2024-07-11","hazard":"minefield","landuse":"military","military":"danger_area","group":"marked as a minefield","osm":"https://www.openstreetmap.org/way/83894292","position":"the middle of the area OpenStreetMap maps"}},{"type":"Feature","geometry":{"type":"Point","coordinates":[15.5269,44.35882]},"properties":{"bicycle":"no","hazard":"minefield","highway":"path","name":"Bunovac - Malovan","sac_scale":"mountain_hiking","surface":"ground","group":"marked as a minefield","osm":"https://www.openstreetmap.org/way/103542564","position":"the middle of the area OpenStreetMap maps"}},{"type":"Feature","geometry":{"type":"Point","coordinates":[12.1164,50.90402]},"properties":{"access":"no","boundary":"protected_area","hazard":"minefield","natural":"wood","group":"marked as a minefield","osm":"https://www.openstreetmap.org/way/161760329","position":"the middle of the area OpenStreetMap maps"}},{"type":"Feature","geometry":{"type":"Point","coordinates":[15.28927,45.23376]},"properties":{"hazard":"minefield","highway":"tertiary","oneway":"no","ref":"34134","group":"marked as a minefield","osm":"https://www.openstreetmap.org/way/173488639","position":"the middle of the area OpenStreetMap maps"}},{"type":"Feature","geometry":{"type":"Point","coordinates":[15.54032,44.35253]},"properties":{"hazard":"minefield","highway":"path","source":"Jadranko, PD Obruč, gps-planine","group":"marked as a minefield","osm":"https://www.openstreetmap.org/way/206905627","position":"the middle of the area OpenStreetMap maps"}},{"type":"Feature","geometry":{"type":"Point","coordinates":[15.49724,44.37954]},"properties":{"hazard":"minefield","highway":"path","name":"Bunovac - Vagan - Struge","source":"Jadranko, PD Obruč, gps-planine","trail_visibility":"horrible","group":"marked as a minefield","osm":"https://www.openstreetmap.org/way/206906958","position":"the middle of the area OpenStreetMap maps"}},{"type":"Feature","geometry":{"type":"Point","coordinates":[15.34952,44.51018]},"properties":{"hazard":"minefield","highway":"unclassified","oneway":"no","ref":"590860","surface":"paved","group":"marked as a minefield","osm":"https://www.openstreetmap.org/way/220920534","position":"the middle of the area OpenStreetMap maps"}},{"type":"Feature","geometry":{"type":"Point","coordinates":[15.40961,44.47127]},"properties":{"access":"no","disused":"yes","fixme":"Ne izgleda paved sa snimke","hazard":"minefield","highway":"tertiary","oneway":"no","ref":"590860","surface":"paved","group":"marked as a minefield","osm":"https://www.openstreetmap.org/way/220920809","position":"the middle of the area OpenStreetMap maps"}},{"type":"Feature","geometry":{"type":"Point","coordinates":[15.43854,44.47514]},"properties":{"hazard":"minefield","highway":"tertiary","ref":"591070","group":"marked as a minefield","osm":"https://www.openstreetmap.org/way/221048191","position":"the middle of the area OpenStreetMap maps"}},{"type":"Feature","geometry":{"type":"Point","coordinates":[15.38698,44.77332]},"properties":{"hazard":"minefield","highway":"tertiary","ref":"59036","surface":"asphalt","group":"marked as a minefield","osm":"https://www.openstreetmap.org/way/221048797","position":"the middle of the area OpenStreetMap maps"}},{"type":"Feature","geometry":{"type":"Point","coordinates":[15.3782,44.49104]},"properties":{"access":"no","hazard":"minefield","highway":"unclassified","oneway":"no","ref":"590860","surface":"paved","group":"marked as a minefield","osm":"https://www.openstreetmap.org/way/228368586","position":"the middle of the area OpenStreetMap maps"}},{"type":"Feature","geometry":{"type":"Point","coordinates":[-16.946,21.33604]},"properties":{"addr:city":"بئر كندوز","addr:city:ar":"بئر كندوز","addr:place":"الكركرات","addr:place:ar":"الكركرات","addr:street":"الطريق الإسباني القديم","addr:street:ar":"الطريق الإسباني القديم","hazard":"minefield","landuse":"military","military":"danger_area","name":"منطقة خطرة","name:ar":"منطقة خطرة","name:de":"Gefahrengebiet","group":"marked as a minefield","osm":"https://www.openstreetmap.org/way/243165559","position":"the middle of the area OpenStreetMap maps"}},{"type":"Feature","geometry":{"type":"Point","coordinates":[15.97266,20.94928]},"properties":{"hazard":"minefield","group":"marked as a minefield","osm":"https://www.openstreetmap.org/way/243224582","position":"the middle of the area OpenStreetMap maps"}},{"type":"Feature","geometry":{"type":"Point","coordinates":[16.89673,21.84922]},"properties":{"hazard":"minefield","group":"marked as a minefield","osm":"https://www.openstreetmap.org/way/243224583","position":"the middle of the area OpenStreetMap maps"}},{"type":"Feature","geometry":{"type":"Point","coordinates":[17.92779,20.8958]},"properties":{"hazard":"minefield","group":"marked as a minefield","osm":"https://www.openstreetmap.org/way/243224584","position":"the middle of the area OpenStreetMap maps"}},{"type":"Feature","geometry":{"type":"Point","coordinates":[16.71701,21.0029]},"properties":{"hazard":"minefield","group":"marked as a minefield","osm":"https://www.openstreetmap.org/way/243224585","position":"the middle of the area OpenStreetMap maps"}},{"type":"Feature","geometry":{"type":"Point","coordinates":[16.12909,20.45236]},"properties":{"hazard":"minefield","group":"marked as a minefield","osm":"https://www.openstreetmap.org/way/243224586","position":"the middle of the area OpenStreetMap maps"}},{"type":"Feature","geometry":{"type":"Point","coordinates":[15.4364,22.45309]},"properties":{"hazard":"minefield","group":"marked as a minefield","osm":"https://www.openstreetmap.org/way/243224587","position":"the middle of the area OpenStreetMap maps"}},{"type":"Feature","geometry":{"type":"Point","coordinates":[18.18051,21.77545]},"properties":{"hazard":"minefield","group":"marked as a minefield","osm":"https://www.openstreetmap.org/way/243224588","position":"the middle of the area OpenStreetMap maps"}},{"type":"Feature","geometry":{"type":"Point","coordinates":[18.40938,21.37432]},"properties":{"hazard":"minefield","group":"marked as a minefield","osm":"https://www.openstreetmap.org/way/243224589","position":"the middle of the area OpenStreetMap maps"}},{"type":"Feature","geometry":{"type":"Point","coordinates":[17.85041,22.12962]},"properties":{"hazard":"minefield","group":"marked as a minefield","osm":"https://www.openstreetmap.org/way/243224590","position":"the middle of the area OpenStreetMap maps"}},{"type":"Feature","geometry":{"type":"Point","coordinates":[15.51477,22.19044]},"properties":{"hazard":"minefield","group":"marked as a minefield","osm":"https://www.openstreetmap.org/way/243224591","position":"the middle of the area OpenStreetMap maps"}},{"type":"Feature","geometry":{"type":"Point","coordinates":[15.63055,21.45057]},"properties":{"hazard":"minefield","group":"marked as a minefield","osm":"https://www.openstreetmap.org/way/243224592","position":"the middle of the area OpenStreetMap maps"}},{"type":"Feature","geometry":{"type":"Point","coordinates":[17.63705,22.61333]},"properties":{"hazard":"minefield","group":"marked as a minefield","osm":"https://www.openstreetmap.org/way/243224593","position":"the middle of the area OpenStreetMap maps"}},{"type":"Feature","geometry":{"type":"Point","coordinates":[17.41887,22.31515]},"properties":{"hazard":"minefield","group":"marked as a minefield","osm":"https://www.openstreetmap.org/way/243224594","position":"the middle of the area OpenStreetMap maps"}},{"type":"Feature","geometry":{"type":"Point","coordinates":[15.92768,21.36861]},"properties":{"hazard":"minefield","group":"marked as a minefield","osm":"https://www.openstreetmap.org/way/243224595","position":"the middle of the area OpenStreetMap maps"}},{"type":"Feature","geometry":{"type":"Point","coordinates":[16.288,20.1855]},"properties":{"hazard":"minefield","group":"marked as a minefield","osm":"https://www.openstreetmap.org/way/243224596","position":"the middle of the area OpenStreetMap maps"}},{"type":"Feature","geometry":{"type":"Point","coordinates":[-14.92043,21.35993]},"properties":{"access":"no","hazard":"minefield","landuse":"military","group":"marked as a minefield","osm":"https://www.openstreetmap.org/way/251614594","position":"the middle of the area OpenStreetMap maps"}},{"type":"Feature","geometry":{"type":"Point","coordinates":[-14.89733,21.36504]},"properties":{"access":"no","hazard":"minefield","landuse":"military","group":"marked as a minefield","osm":"https://www.openstreetmap.org/way/251617969","position":"the middle of the area OpenStreetMap maps"}},{"type":"Feature","geometry":{"type":"Point","coordinates":[-14.8745,21.36686]},"properties":{"access":"no","hazard":"minefield","landuse":"military","group":"marked as a minefield","osm":"https://www.openstreetmap.org/way/251623206","position":"the middle of the area OpenStreetMap maps"}},{"type":"Feature","geometry":{"type":"Point","coordinates":[-14.85712,21.36351]},"properties":{"access":"no","hazard":"minefield","landuse":"military","group":"marked as a minefield","osm":"https://www.openstreetmap.org/way/251623486","position":"the middle of the area OpenStreetMap maps"}},{"type":"Feature","geometry":{"type":"Point","coordinates":[-14.83899,21.36364]},"properties":{"access":"no","hazard":"minefield","landuse":"military","group":"marked as a minefield","osm":"https://www.openstreetmap.org/way/251623655","position":"the middle of the area OpenStreetMap maps"}},{"type":"Feature","geometry":{"type":"Point","coordinates":[-14.82063,21.37072]},"properties":{"access":"no","hazard":"minefield","landuse":"military","group":"marked as a minefield","osm":"https://www.openstreetmap.org/way/251630548","position":"the middle of the area OpenStreetMap maps"}},{"type":"Feature","geometry":{"type":"Point","coordinates":[-14.80283,21.38538]},"properties":{"access":"no","hazard":"minefield","landuse":"military","group":"marked as a minefield","osm":"https://www.openstreetmap.org/way/251630644","position":"the middle of the area OpenStreetMap maps"}},{"type":"Feature","geometry":{"type":"Point","coordinates":[-14.78706,21.40132]},"properties":{"access":"no","hazard":"minefield","landuse":"military","group":"marked as a minefield","osm":"https://www.openstreetmap.org/way/251631802","position":"the middle of the area OpenStreetMap maps"}},{"type":"Feature","geometry":{"type":"Point","coordinates":[14.12727,-10.94817]},"properties":{"hazard":"minefield","landuse":"military","military":"danger_area","group":"marked as a minefield","osm":"https://www.openstreetmap.org/way/538593350","position":"the middle of the area OpenStreetMap maps"}},{"type":"Feature","geometry":{"type":"Point","coordinates":[17.73343,20.97507]},"properties":{"hazard":"minefield","group":"marked as a minefield","osm":"https://www.openstreetmap.org/way/559546353","position":"the middle of the area OpenStreetMap maps"}},{"type":"Feature","geometry":{"type":"Point","coordinates":[18.54605,21.40175]},"properties":{"hazard":"minefield","group":"marked as a minefield","osm":"https://www.openstreetmap.org/way/569406096","position":"the middle of the area OpenStreetMap maps"}},{"type":"Feature","geometry":{"type":"Point","coordinates":[16.86851,20.90942]},"properties":{"hazard":"minefield","group":"marked as a minefield","osm":"https://www.openstreetmap.org/way/572511971","position":"the middle of the area OpenStreetMap maps"}},{"type":"Feature","geometry":{"type":"Point","coordinates":[18.07303,43.53251]},"properties":{"hazard":"minefield","landuse":"military","military":"danger_area","group":"marked as a minefield","osm":"https://www.openstreetmap.org/way/593835480","position":"the middle of the area OpenStreetMap maps"}},{"type":"Feature","geometry":{"type":"Point","coordinates":[16.15839,44.92584]},"properties":{"hazard":"minefield","landuse":"military","military":"danger_area","group":"marked as a minefield","osm":"https://www.openstreetmap.org/way/627530079","position":"the middle of the area OpenStreetMap maps"}},{"type":"Feature","geometry":{"type":"Point","coordinates":[16.33504,44.3302]},"properties":{"hazard":"minefield","landuse":"military","military":"danger_area","group":"marked as a minefield","osm":"https://www.openstreetmap.org/way/627538334","position":"the middle of the area OpenStreetMap maps"}},{"type":"Feature","geometry":{"type":"Point","coordinates":[16.33228,44.32968]},"properties":{"hazard":"minefield","landuse":"military","military":"danger_area","group":"marked as a minefield","osm":"https://www.openstreetmap.org/way/627538335","position":"the middle of the area OpenStreetMap maps"}},{"type":"Feature","geometry":{"type":"Point","coordinates":[16.32901,44.32834]},"properties":{"hazard":"minefield","landuse":"military","military":"danger_area","group":"marked as a minefield","osm":"https://www.openstreetmap.org/way/627538336","position":"the middle of the area OpenStreetMap maps"}},{"type":"Feature","geometry":{"type":"Point","coordinates":[15.52575,44.36777]},"properties":{"hazard":"minefield","highway":"track","smoothness":"intermediate","source":"http://gps-planine.com","surface":"gravel","tracktype":"grade2","group":"marked as a minefield","osm":"https://www.openstreetmap.org/way/629536447","position":"the middle of the area OpenStreetMap maps"}},{"type":"Feature","geometry":{"type":"Point","coordinates":[17.30675,43.8015]},"properties":{"description":"Minski sumnjivo područje","description:en":"Mine suspect area","hazard":"minefield","military":"danger_area","source":"http://www.euforbih.org","group":"marked as a minefield","osm":"https://www.openstreetmap.org/way/717274368","position":"the middle of the area OpenStreetMap maps"}},{"type":"Feature","geometry":{"type":"Point","coordinates":[17.32791,43.7897]},"properties":{"description":"Minski sumnjivo područje","description:en":"Mine suspect area","hazard":"minefield","military":"danger_area","source":"http://www.euforbih.org","group":"marked as a minefield","osm":"https://www.openstreetmap.org/way/717274369","position":"the middle of the area OpenStreetMap maps"}},{"type":"Feature","geometry":{"type":"Point","coordinates":[17.13664,43.78137]},"properties":{"description":"Minski sumnjivo područje","description:en":"Mine suspect area","hazard":"minefield","landuse":"military","military":"danger_area","source":"http://www.euforbih.org","group":"marked as a minefield","osm":"https://www.openstreetmap.org/way/717274370","position":"the middle of the area OpenStreetMap maps"}},{"type":"Feature","geometry":{"type":"Point","coordinates":[17.1328,43.7816]},"properties":{"description":"Minski sumnjivo područje","description:en":"Mine suspect area","hazard":"minefield","landuse":"military","military":"danger_area","source":"http://www.euforbih.org","group":"marked as a minefield","osm":"https://www.openstreetmap.org/way/717274371","position":"the middle of the area OpenStreetMap maps"}},{"type":"Feature","geometry":{"type":"Point","coordinates":[17.13379,43.78323]},"properties":{"description":"Minski sumnjivo područje","description:en":"Mine suspect area","hazard":"minefield","military":"danger_area","source":"http://www.euforbih.org","group":"marked as a minefield","osm":"https://www.openstreetmap.org/way/717274372","position":"the middle of the area OpenStreetMap maps"}},{"type":"Feature","geometry":{"type":"Point","coordinates":[17.11221,43.81174]},"properties":{"description":"Minski sumnjivo područje","description:en":"Mine suspect area","hazard":"minefield","military":"danger_area","source":"http://www.euforbih.org","group":"marked as a minefield","osm":"https://www.openstreetmap.org/way/717274373","position":"the middle of the area OpenStreetMap maps"}},{"type":"Feature","geometry":{"type":"Point","coordinates":[17.14022,43.84756]},"properties":{"description":"Minski sumnjivo područje","description:en":"Mine suspect area","hazard":"minefield","military":"danger_area","source":"http://www.euforbih.org","group":"marked as a minefield","osm":"https://www.openstreetmap.org/way/717274374","position":"the middle of the area OpenStreetMap maps"}},{"type":"Feature","geometry":{"type":"Point","coordinates":[17.17547,43.87036]},"properties":{"description":"Minski sumnjivo područje","description:en":"Mine suspect area","hazard":"minefield","military":"danger_area","source":"http://www.euforbih.org","group":"marked as a minefield","osm":"https://www.openstreetmap.org/way/717274375","position":"the middle of the area OpenStreetMap maps"}},{"type":"Feature","geometry":{"type":"Point","coordinates":[17.22605,43.866]},"properties":{"description":"Minski sumnjivo područje","description:en":"Mine suspect area","hazard":"minefield","military":"danger_area","source":"http://www.euforbih.org","group":"marked as a minefield","osm":"https://www.openstreetmap.org/way/717274376","position":"the middle of the area OpenStreetMap maps"}},{"type":"Feature","geometry":{"type":"Point","coordinates":[17.23841,43.87582]},"properties":{"description":"Minski sumnjivo područje","description:en":"Mine suspect area","hazard":"minefield","military":"danger_area","source":"http://www.euforbih.org","group":"marked as a minefield","osm":"https://www.openstreetmap.org/way/717274377","position":"the middle of the area OpenStreetMap maps"}},{"type":"Feature","geometry":{"type":"Point","coordinates":[17.29081,43.87429]},"properties":{"description":"Minski sumnjivo područje","description:en":"Mine suspect area","hazard":"minefield","military":"danger_area","source":"http://www.euforbih.org","group":"marked as a minefield","osm":"https://www.openstreetmap.org/way/717274378","position":"the middle of the area OpenStreetMap maps"}},{"type":"Feature","geometry":{"type":"Point","coordinates":[17.25759,43.88815]},"properties":{"description":"Minski sumnjivo područje","description:en":"Mine suspect area","hazard":"minefield","military":"danger_area","source":"http://www.euforbih.org","group":"marked as a minefield","osm":"https://www.openstreetmap.org/way/717274379","position":"the middle of the area OpenStreetMap maps"}},{"type":"Feature","geometry":{"type":"Point","coordinates":[17.22156,43.88824]},"properties":{"description":"Minski sumnjivo područje","description:en":"Mine suspect area","hazard":"minefield","military":"danger_area","source":"http://www.euforbih.org","group":"marked as a minefield","osm":"https://www.openstreetmap.org/way/717274380","position":"the middle of the area OpenStreetMap maps"}},{"type":"Feature","geometry":{"type":"Point","coordinates":[17.19514,43.89501]},"properties":{"description":"Minski sumnjivo područje","description:en":"Mine suspect area","hazard":"minefield","military":"danger_area","source":"http://www.euforbih.org","group":"marked as a minefield","osm":"https://www.openstreetmap.org/way/717274381","position":"the middle of the area OpenStreetMap maps"}},{"type":"Feature","geometry":{"type":"Point","coordinates":[17.20465,43.8833]},"properties":{"description":"Minski sumnjivo područje","description:en":"Mine suspect area","hazard":"minefield","military":"danger_area","source":"http://www.euforbih.org","group":"marked as a minefield","osm":"https://www.openstreetmap.org/way/717274382","position":"the middle of the area OpenStreetMap maps"}},{"type":"Feature","geometry":{"type":"Point","coordinates":[17.18726,43.88366]},"properties":{"description":"Minski sumnjivo područje","description:en":"Mine suspect area","hazard":"minefield","military":"danger_area","source":"http://www.euforbih.org","group":"marked as a minefield","osm":"https://www.openstreetmap.org/way/717274383","position":"the middle of the area OpenStreetMap maps"}},{"type":"Feature","geometry":{"type":"Point","coordinates":[17.18758,43.8808]},"properties":{"description":"Minski sumnjivo područje","description:en":"Mine suspect area","hazard":"minefield","military":"danger_area","source":"http://www.euforbih.org","group":"marked as a minefield","osm":"https://www.openstreetmap.org/way/717274384","position":"the middle of the area OpenStreetMap maps"}},{"type":"Feature","geometry":{"type":"Point","coordinates":[17.17834,43.88067]},"properties":{"description":"Minski sumnjivo područje","description:en":"Mine suspect area","hazard":"minefield","military":"danger_area","source":"http://www.euforbih.org","group":"marked as a minefield","osm":"https://www.openstreetmap.org/way/717274385","position":"the middle of the area OpenStreetMap maps"}},{"type":"Feature","geometry":{"type":"Point","coordinates":[17.17432,43.88875]},"properties":{"description":"Minski sumnjivo područje","description:en":"Mine suspect area","hazard":"minefield","military":"danger_area","source":"http://www.euforbih.org","group":"marked as a minefield","osm":"https://www.openstreetmap.org/way/717274386","position":"the middle of the area OpenStreetMap maps"}},{"type":"Feature","geometry":{"type":"Point","coordinates":[17.25842,43.82009]},"properties":{"description":"Minski sumnjivo područje","description:en":"Mine suspect area","hazard":"minefield","military":"danger_area","source":"http://www.euforbih.org","group":"marked as a minefield","osm":"https://www.openstreetmap.org/way/717275970","position":"the middle of the area OpenStreetMap maps"}},{"type":"Feature","geometry":{"type":"Point","coordinates":[17.2567,43.83015]},"properties":{"description":"Minski sumnjivo područje","description:en":"Mine suspect area","hazard":"minefield","military":"danger_area","source":"http://www.euforbih.org","group":"marked as a minefield","osm":"https://www.openstreetmap.org/way/717275971","position":"the middle of the area OpenStreetMap maps"}},{"type":"Feature","geometry":{"type":"Point","coordinates":[17.24849,43.85862]},"properties":{"description":"Minski sumnjivo područje","description:en":"Mine suspect area","hazard":"minefield","military":"danger_area","source":"http://www.euforbih.org","group":"marked as a minefield","osm":"https://www.openstreetmap.org/way/717275972","position":"the middle of the area OpenStreetMap maps"}},{"type":"Feature","geometry":{"type":"Point","coordinates":[17.13573,43.98991]},"properties":{"description":"Minski sumnjivo područje","description:en":"Mine suspect area","hazard":"minefield","military":"danger_area","source":"http://www.euforbih.org","group":"marked as a minefield","osm":"https://www.openstreetmap.org/way/717276604","position":"the middle of the area OpenStreetMap maps"}},{"type":"Feature","geometry":{"type":"Point","coordinates":[17.17358,43.94944]},"properties":{"description":"Minski sumnjivo područje","description:en":"Mine suspect area","hazard":"minefield","military":"danger_area","source":"http://www.euforbih.org","group":"marked as a minefield","osm":"https://www.openstreetmap.org/way/717276605","position":"the middle of the area OpenStreetMap maps"}},{"type":"Feature","geometry":{"type":"Point","coordinates":[17.26645,43.81814]},"properties":{"description":"Minski sumnjivo područje","description:en":"Mine suspect area","hazard":"minefield","military":"danger_area","source":"http://www.euforbih.org","group":"marked as a minefield","osm":"https://www.openstreetmap.org/way/717276606","position":"the middle of the area OpenStreetMap maps"}},{"type":"Feature","geometry":{"type":"Point","coordinates":[17.05773,43.95401]},"properties":{"description":"Minski sumnjivo područje","description:en":"Mine suspect area","hazard":"minefield","military":"danger_area","source":"http://www.euforbih.org","group":"marked as a minefield","osm":"https://www.openstreetmap.org/way/717284446","position":"the middle of the area OpenStreetMap maps"}},{"type":"Feature","geometry":{"type":"Point","coordinates":[16.81779,43.98346]},"properties":{"description":"Minski sumnjivo područje","description:en":"Mine suspect area","hazard":"minefield","military":"danger_area","source":"http://www.euforbih.org","group":"marked as a minefield","osm":"https://www.openstreetmap.org/way/717284447","position":"the middle of the area OpenStreetMap maps"}},{"type":"Feature","geometry":{"type":"Point","coordinates":[16.86543,43.96938]},"properties":{"description":"Minski sumnjivo područje","description:en":"Mine suspect area","hazard":"minefield","military":"danger_area","source":"http://www.euforbih.org","group":"marked as a minefield","osm":"https://www.openstreetmap.org/way/717284448","position":"the middle of the area OpenStreetMap maps"}},{"type":"Feature","geometry":{"type":"Point","coordinates":[16.84045,43.98]},"properties":{"description":"Minski sumnjivo područje","description:en":"Mine suspect area","hazard":"minefield","military":"danger_area","source":"http://www.euforbih.org","group":"marked as a minefield","osm":"https://www.openstreetmap.org/way/717284449","position":"the middle of the area OpenStreetMap maps"}},{"type":"Feature","geometry":{"type":"Point","coordinates":[16.85138,43.98892]},"properties":{"description":"Minski sumnjivo područje","description:en":"Mine suspect area","hazard":"minefield","military":"danger_area","source":"http://www.euforbih.org","group":"marked as a minefield","osm":"https://www.openstreetmap.org/way/717284450","position":"the middle of the area OpenStreetMap maps"}},{"type":"Feature","geometry":{"type":"Point","coordinates":[16.97001,43.94165]},"properties":{"description":"Minski sumnjivo područje","description:en":"Mine suspect area","hazard":"minefield","military":"danger_area","source":"http://www.euforbih.org","group":"marked as a minefield","osm":"https://www.openstreetmap.org/way/717284451","position":"the middle of the area OpenStreetMap maps"}},{"type":"Feature","geometry":{"type":"Point","coordinates":[16.92873,43.93817]},"properties":{"description":"Minski sumnjivo područje","description:en":"Mine suspect area","hazard":"minefield","military":"danger_area","source":"http://www.euforbih.org","group":"marked as a minefield","osm":"https://www.openstreetmap.org/way/717284452","position":"the middle of the area OpenStreetMap maps"}},{"type":"Feature","geometry":{"type":"Point","coordinates":[16.94854,43.93729]},"properties":{"description":"Minski sumnjivo područje","description:en":"Mine suspect area","hazard":"minefield","military":"danger_area","source":"http://www.euforbih.org","group":"marked as a minefield","osm":"https://www.openstreetmap.org/way/717284453","position":"the middle of the area OpenStreetMap maps"}},{"type":"Feature","geometry":{"type":"Point","coordinates":[16.8238,43.95364]},"properties":{"description":"Minski sumnjivo područje","description:en":"Mine suspect area","hazard":"minefield","military":"danger_area","source":"http://www.euforbih.org","group":"marked as a minefield","osm":"https://www.openstreetmap.org/way/717284454","position":"the middle of the area OpenStreetMap maps"}},{"type":"Feature","geometry":{"type":"Point","coordinates":[17.02919,43.94719]},"properties":{"description":"Minski sumnjivo područje","description:en":"Mine suspect area","hazard":"minefield","military":"danger_area","source":"http://www.euforbih.org","group":"marked as a minefield","osm":"https://www.openstreetmap.org/way/717284455","position":"the middle of the area OpenStreetMap maps"}},{"type":"Feature","geometry":{"type":"Point","coordinates":[17.04741,43.93037]},"properties":{"description":"Minski sumnjivo područje","description:en":"Mine suspect area","hazard":"minefield","military":"danger_area","source":"http://www.euforbih.org","group":"marked as a minefield","osm":"https://www.openstreetmap.org/way/717284456","position":"the middle of the area OpenStreetMap maps"}},{"type":"Feature","geometry":{"type":"Point","coordinates":[17.05887,43.91947]},"properties":{"description":"Minski sumnjivo područje","description:en":"Mine suspect area","hazard":"minefield","military":"danger_area","source":"http://www.euforbih.org","group":"marked as a minefield","osm":"https://www.openstreetmap.org/way/717284457","position":"the middle of the area OpenStreetMap maps"}},{"type":"Feature","geometry":{"type":"Point","coordinates":[17.03748,43.90528]},"properties":{"description":"Minski sumnjivo područje","description:en":"Mine suspect area","hazard":"minefield","military":"danger_area","source":"http://www.euforbih.org","group":"marked as a minefield","osm":"https://www.openstreetmap.org/way/717284458","position":"the middle of the area OpenStreetMap maps"}},{"type":"Feature","geometry":{"type":"Point","coordinates":[17.00922,43.88679]},"properties":{"description":"Minski sumnjivo područje","description:en":"Mine suspect area","hazard":"minefield","military":"danger_area","source":"http://www.euforbih.org","group":"marked as a minefield","osm":"https://www.openstreetmap.org/way/717284459","position":"the middle of the area OpenStreetMap maps"}},{"type":"Feature","geometry":{"type":"Point","coordinates":[16.98943,43.88739]},"properties":{"description":"Minski sumnjivo područje","description:en":"Mine suspect area","hazard":"minefield","military":"danger_area","source":"http://www.euforbih.org","group":"marked as a minefield","osm":"https://www.openstreetmap.org/way/717284460","position":"the middle of the area OpenStreetMap maps"}},{"type":"Feature","geometry":{"type":"Point","coordinates":[16.82764,43.81493]},"properties":{"description":"Minski sumnjivo područje","description:en":"Mine suspect area","hazard":"minefield","military":"danger_area","source":"http://www.euforbih.org","group":"marked as a minefield","osm":"https://www.openstreetmap.org/way/717284461","position":"the middle of the area OpenStreetMap maps"}},{"type":"Feature","geometry":{"type":"Point","coordinates":[17.3443,43.93745]},"properties":{"description":"Minski sumnjivo područje","description:en":"Mine suspect area","hazard":"minefield","military":"danger_area","source":"http://www.euforbih.org","group":"marked as a minefield","osm":"https://www.openstreetmap.org/way/717284462","position":"the middle of the area OpenStreetMap maps"}},{"type":"Feature","geometry":{"type":"Point","coordinates":[17.33894,43.9664]},"properties":{"description":"Minski sumnjivo područje","description:en":"Mine suspect area","hazard":"minefield","military":"danger_area","source":"http://www.euforbih.org","group":"marked as a minefield","osm":"https://www.openstreetmap.org/way/717284463","position":"the middle of the area OpenStreetMap maps"}},{"type":"Feature","geometry":{"type":"Point","coordinates":[17.3487,43.98761]},"properties":{"description":"Minski sumnjivo područje","description:en":"Mine suspect area","hazard":"minefield","military":"danger_area","source":"http://www.euforbih.org","group":"marked as a minefield","osm":"https://www.openstreetmap.org/way/717284464","position":"the middle of the area OpenStreetMap maps"}},{"type":"Feature","geometry":{"type":"Point","coordinates":[17.19314,43.92285]},"properties":{"description":"Minski sumnjivo područje","description:en":"Mine suspect area","hazard":"minefield","military":"danger_area","source":"http://www.euforbih.org","group":"marked as a minefield","osm":"https://www.openstreetmap.org/way/717284465","position":"the middle of the area OpenStreetMap maps"}},{"type":"Feature","geometry":{"type":"Point","coordinates":[17.3947,43.8622]},"properties":{"description":"Minski sumnjivo područje","description:en":"Mine suspect area","hazard":"minefield","military":"danger_area","source":"http://www.euforbih.org","group":"marked as a minefield","osm":"https://www.openstreetmap.org/way/721111279","position":"the middle of the area OpenStreetMap maps"}},{"type":"Feature","geometry":{"type":"Point","coordinates":[17.38923,43.84253]},"properties":{"description":"Minski sumnjivo područje","description:en":"Mine suspect area","hazard":"minefield","military":"danger_area","source":"http://www.euforbih.org","group":"marked as a minefield","osm":"https://www.openstreetmap.org/way/721111280","position":"the middle of the area OpenStreetMap maps"}},{"type":"Feature","geometry":{"type":"Point","coordinates":[17.35988,43.85339]},"properties":{"description":"Minski sumnjivo područje","description:en":"Mine suspect area","hazard":"minefield","military":"danger_area","source":"http://www.euforbih.org","group":"marked as a minefield","osm":"https://www.openstreetmap.org/way/721111281","position":"the middle of the area OpenStreetMap maps"}},{"type":"Feature","geometry":{"type":"Point","coordinates":[17.03377,43.60513]},"properties":{"description":"Minski sumnjivo područje","description:en":"Mine suspect area","hazard":"minefield","military":"danger_area","source":"http://www.euforbih.org","group":"marked as a minefield","osm":"https://www.openstreetmap.org/way/721111282","position":"the middle of the area OpenStreetMap maps"}},{"type":"Feature","geometry":{"type":"Point","coordinates":[16.77563,43.96255]},"properties":{"description":"Minski sumnjivo područje","description:en":"Mine suspect area","hazard":"minefield","military":"danger_area","source":"http://www.euforbih.org","group":"marked as a minefield","osm":"https://www.openstreetmap.org/way/721111283","position":"the middle of the area OpenStreetMap maps"}},{"type":"Feature","geometry":{"type":"Point","coordinates":[16.76662,43.99644]},"properties":{"description":"Minski sumnjivo područje","description:en":"Mine suspect area","hazard":"minefield","military":"danger_area","source":"http://www.euforbih.org","group":"marked as a minefield","osm":"https://www.openstreetmap.org/way/721111284","position":"the middle of the area OpenStreetMap maps"}},{"type":"Feature","geometry":{"type":"Point","coordinates":[16.76415,43.98619]},"properties":{"description":"Minski sumnjivo područje","description:en":"Mine suspect area","hazard":"minefield","military":"danger_area","source":"http://www.euforbih.org","group":"marked as a minefield","osm":"https://www.openstreetmap.org/way/721111285","position":"the middle of the area OpenStreetMap maps"}},{"type":"Feature","geometry":{"type":"Point","coordinates":[16.774,43.9509]},"properties":{"description":"Minski sumnjivo područje","description:en":"Mine suspect area","hazard":"minefield","military":"danger_area","source":"http://www.euforbih.org","group":"marked as a minefield","osm":"https://www.openstreetmap.org/way/721111286","position":"the middle of the area OpenStreetMap maps"}},{"type":"Feature","geometry":{"type":"Point","coordinates":[16.7687,43.94794]},"properties":{"description":"Minski sumnjivo područje","description:en":"Mine suspect area","hazard":"minefield","military":"danger_area","source":"http://www.euforbih.org","group":"marked as a minefield","osm":"https://www.openstreetmap.org/way/721111287","position":"the middle of the area OpenStreetMap maps"}},{"type":"Feature","geometry":{"type":"Point","coordinates":[16.75567,43.96043]},"properties":{"description":"Minski sumnjivo područje","description:en":"Mine suspect area","hazard":"minefield","military":"danger_area","source":"http://www.euforbih.org","group":"marked as a minefield","osm":"https://www.openstreetmap.org/way/721111288","position":"the middle of the area OpenStreetMap maps"}},{"type":"Feature","geometry":{"type":"Point","coordinates":[16.74115,43.95469]},"properties":{"description":"Minski sumnjivo područje","description:en":"Mine suspect area","hazard":"minefield","military":"danger_area","source":"http://www.euforbih.org","group":"marked as a minefield","osm":"https://www.openstreetmap.org/way/721111289","position":"the middle of the area OpenStreetMap maps"}},{"type":"Feature","geometry":{"type":"Point","coordinates":[16.74909,43.9374]},"properties":{"description":"Minski sumnjivo područje","description:en":"Mine suspect area","hazard":"minefield","military":"danger_area","source":"http://www.euforbih.org","group":"marked as a minefield","osm":"https://www.openstreetmap.org/way/721111290","position":"the middle of the area OpenStreetMap maps"}},{"type":"Feature","geometry":{"type":"Point","coordinates":[16.60365,43.99601]},"properties":{"description":"Minski sumnjivo područje","description:en":"Mine suspect area","hazard":"minefield","landuse":"military","military":"danger_area","source":"http://www.euforbih.org","group":"marked as a minefield","osm":"https://www.openstreetmap.org/way/721111291","position":"the middle of the area OpenStreetMap maps"}},{"type":"Feature","geometry":{"type":"Point","coordinates":[16.60704,43.98588]},"properties":{"description":"Minski sumnjivo područje","description:en":"Mine suspect area","hazard":"minefield","landuse":"military","military":"danger_area","source":"http://www.euforbih.org","group":"marked as a minefield","osm":"https://www.openstreetmap.org/way/721111292","position":"the middle of the area OpenStreetMap maps"}},{"type":"Feature","geometry":{"type":"Point","coordinates":[16.59684,43.99021]},"properties":{"description":"Minski sumnjivo područje","description:en":"Mine suspect area","hazard":"minefield","landuse":"military","military":"danger_area","source":"http://www.euforbih.org","group":"marked as a minefield","osm":"https://www.openstreetmap.org/way/721111293","position":"the middle of the area OpenStreetMap maps"}},{"type":"Feature","geometry":{"type":"Point","coordinates":[16.57777,43.99572]},"properties":{"description":"Minski sumnjivo područje","description:en":"Mine suspect area","hazard":"minefield","military":"danger_area","source":"http://www.euforbih.org","group":"marked as a minefield","osm":"https://www.openstreetmap.org/way/721111294","position":"the middle of the area OpenStreetMap maps"}},{"type":"Feature","geometry":{"type":"Point","coordinates":[16.58494,43.99464]},"properties":{"description":"Minski sumnjivo područje","description:en":"Mine suspect area","hazard":"minefield","military":"danger_area","source":"http://www.euforbih.org","group":"marked as a minefield","osm":"https://www.openstreetmap.org/way/721111295","position":"the middle of the area OpenStreetMap maps"}},{"type":"Feature","geometry":{"type":"Point","coordinates":[16.58562,43.98801]},"properties":{"description":"Minski sumnjivo područje","description:en":"Mine suspect area","hazard":"minefield","military":"danger_area","source":"http://www.euforbih.org","group":"marked as a minefield","osm":"https://www.openstreetmap.org/way/721111296","position":"the middle of the area OpenStreetMap maps"}},{"type":"Feature","geometry":{"type":"Point","coordinates":[16.59172,43.9873]},"properties":{"description":"Minski sumnjivo područje","description:en":"Mine suspect area","hazard":"minefield","landuse":"military","military":"danger_area","source":"http://www.euforbih.org","group":"marked as a minefield","osm":"https://www.openstreetmap.org/way/721111297","position":"the middle of the area OpenStreetMap maps"}},{"type":"Feature","geometry":{"type":"Point","coordinates":[16.58176,43.98009]},"properties":{"description":"Minski sumnjivo područje","description:en":"Mine suspect area","hazard":"minefield","military":"danger_area","source":"http://www.euforbih.org","group":"marked as a minefield","osm":"https://www.openstreetmap.org/way/721111298","position":"the middle of the area OpenStreetMap maps"}},{"type":"Feature","geometry":{"type":"Point","coordinates":[16.7032,43.89314]},"properties":{"description":"Minski sumnjivo područje","description:en":"Mine suspect area","hazard":"minefield","military":"danger_area","source":"http://www.euforbih.org","group":"marked as a minefield","osm":"https://www.openstreetmap.org/way/721111299","position":"the middle of the area OpenStreetMap maps"}},{"type":"Feature","geometry":{"type":"Point","coordinates":[16.71126,43.88928]},"properties":{"description":"Minski sumnjivo područje","description:en":"Mine suspect area","hazard":"minefield","military":"danger_area","source":"http://www.euforbih.org","group":"marked as a minefield","osm":"https://www.openstreetmap.org/way/721111300","position":"the middle of the area OpenStreetMap maps"}},{"type":"Feature","geometry":{"type":"Point","coordinates":[16.69542,43.88272]},"properties":{"description":"Minski sumnjivo područje","description:en":"Mine suspect area","hazard":"minefield","military":"danger_area","source":"http://www.euforbih.org","group":"marked as a minefield","osm":"https://www.openstreetmap.org/way/721111301","position":"the middle of the area OpenStreetMap maps"}},{"type":"Feature","geometry":{"type":"Point","coordinates":[16.79026,43.89002]},"properties":{"description":"Minski sumnjivo područje","description:en":"Mine suspect area","hazard":"minefield","military":"danger_area","source":"http://www.euforbih.org","group":"marked as a minefield","osm":"https://www.openstreetmap.org/way/721111302","position":"the middle of the area OpenStreetMap maps"}},{"type":"Feature","geometry":{"type":"Point","coordinates":[16.78661,43.89102]},"properties":{"description":"Minski sumnjivo područje","description:en":"Mine suspect area","hazard":"minefield","military":"danger_area","source":"http://www.euforbih.org","group":"marked as a minefield","osm":"https://www.openstreetmap.org/way/721111303","position":"the middle of the area OpenStreetMap maps"}},{"type":"Feature","geometry":{"type":"Point","coordinates":[17.09605,43.99365]},"properties":{"description":"Minski sumnjivo područje","description:en":"Mine suspect area","hazard":"minefield","military":"danger_area","source":"http://www.euforbih.org","group":"marked as a minefield","osm":"https://www.openstreetmap.org/way/721111304","position":"the middle of the area OpenStreetMap maps"}},{"type":"Feature","geometry":{"type":"Point","coordinates":[17.09187,43.98594]},"properties":{"description":"Minski sumnjivo područje","description:en":"Mine suspect area","hazard":"minefield","military":"danger_area","source":"http://www.euforbih.org","group":"marked as a minefield","osm":"https://www.openstreetmap.org/way/721111305","position":"the middle of the area OpenStreetMap maps"}},{"type":"Feature","geometry":{"type":"Point","coordinates":[16.85101,43.93898]},"properties":{"description":"Minski sumnjivo područje","description:en":"Mine suspect area","hazard":"minefield","military":"danger_area","source":"http://www.euforbih.org","group":"marked as a minefield","osm":"https://www.openstreetmap.org/way/721111306","position":"the middle of the area OpenStreetMap maps"}},{"type":"Feature","geometry":{"type":"Point","coordinates":[16.85792,43.93326]},"properties":{"description":"Minski sumnjivo područje","description:en":"Mine suspect area","hazard":"minefield","military":"danger_area","source":"http://www.euforbih.org","group":"marked as a minefield","osm":"https://www.openstreetmap.org/way/721111307","position":"the middle of the area OpenStreetMap maps"}},{"type":"Feature","geometry":{"type":"Point","coordinates":[16.91633,43.95955]},"properties":{"description":"Minski sumnjivo područje","description:en":"Mine suspect area","hazard":"minefield","military":"danger_area","source":"http://www.euforbih.org","group":"marked as a minefield","osm":"https://www.openstreetmap.org/way/721111308","position":"the middle of the area OpenStreetMap maps"}},{"type":"Feature","geometry":{"type":"Point","coordinates":[17.00679,43.98639]},"properties":{"description":"Minski sumnjivo područje","description:en":"Mine suspect area","hazard":"minefield","military":"danger_area","source":"http://www.euforbih.org","group":"marked as a minefield","osm":"https://www.openstreetmap.org/way/721111309","position":"the middle of the area OpenStreetMap maps"}},{"type":"Feature","geometry":{"type":"Point","coordinates":[17.0814,43.9854]},"properties":{"description":"Minski sumnjivo područje","description:en":"Mine suspect area","hazard":"minefield","military":"danger_area","source":"http://www.euforbih.org","group":"marked as a minefield","osm":"https://www.openstreetmap.org/way/721111310","position":"the middle of the area OpenStreetMap maps"}},{"type":"Feature","geometry":{"type":"Point","coordinates":[17.08168,43.97443]},"properties":{"description":"Minski sumnjivo područje","description:en":"Mine suspect area","hazard":"minefield","military":"danger_area","source":"http://www.euforbih.org","group":"marked as a minefield","osm":"https://www.openstreetmap.org/way/721111311","position":"the middle of the area OpenStreetMap maps"}},{"type":"Feature","geometry":{"type":"Point","coordinates":[17.08202,43.95346]},"properties":{"description":"Minski sumnjivo područje","description:en":"Mine suspect area","hazard":"minefield","military":"danger_area","source":"http://www.euforbih.org","group":"marked as a minefield","osm":"https://www.openstreetmap.org/way/721111312","position":"the middle of the area OpenStreetMap maps"}},{"type":"Feature","geometry":{"type":"Point","coordinates":[18.13129,44.75826]},"properties":{"hazard":"minefield","landuse":"military","military":"danger_area","group":"marked as a minefield","osm":"https://www.openstreetmap.org/way/729850513","position":"the middle of the area OpenStreetMap maps"}},{"type":"Feature","geometry":{"type":"Point","coordinates":[15.25275,44.92105]},"properties":{"description":"Danger! Land mines (anti-personnel mines) beside the road! The road itself is secured and safe.","hazard":"minefield","military":"danger_area","group":"marked as a minefield","osm":"https://www.openstreetmap.org/way/888946811","position":"the middle of the area OpenStreetMap maps"}},{"type":"Feature","geometry":{"type":"Point","coordinates":[15.26519,44.92556]},"properties":{"description":"Danger! Land mines (anti-personnel mines) beside the road! The road itself is secured and safe.","hazard":"minefield","military":"danger_area","group":"marked as a minefield","osm":"https://www.openstreetmap.org/way/888946812","position":"the middle of the area OpenStreetMap maps"}},{"type":"Feature","geometry":{"type":"Point","coordinates":[15.26654,44.92462]},"properties":{"description":"Danger! Land mines (anti-personnel mines) beside the road! The road itself is secured and safe.","hazard":"minefield","military":"danger_area","group":"marked as a minefield","osm":"https://www.openstreetmap.org/way/888946813","position":"the middle of the area OpenStreetMap maps"}},{"type":"Feature","geometry":{"type":"Point","coordinates":[15.28746,44.9301]},"properties":{"description":"Danger! Land mines (anti-personnel mines) beside the road! The road itself is secured and safe.","hazard":"minefield","military":"danger_area","group":"marked as a minefield","osm":"https://www.openstreetmap.org/way/888946814","position":"the middle of the area OpenStreetMap maps"}},{"type":"Feature","geometry":{"type":"Point","coordinates":[15.2892,44.93119]},"properties":{"description":"Danger! Land mines (anti-personnel mines) beside the road! The road itself is secured and safe.","hazard":"minefield","military":"danger_area","group":"marked as a minefield","osm":"https://www.openstreetmap.org/way/888946815","position":"the middle of the area OpenStreetMap maps"}},{"type":"Feature","geometry":{"type":"Point","coordinates":[15.29109,44.93752]},"properties":{"description":"Danger! Land mines (anti-personnel mines) beside the road! The road itself is secured and safe.","hazard":"minefield","military":"danger_area","group":"marked as a minefield","osm":"https://www.openstreetmap.org/way/888946816","position":"the middle of the area OpenStreetMap maps"}},{"type":"Feature","geometry":{"type":"Point","coordinates":[15.29241,44.93713]},"properties":{"description":"Danger! Land mines (anti-personnel mines) beside the road! The road itself is secured and safe.","hazard":"minefield","military":"danger_area","group":"marked as a minefield","osm":"https://www.openstreetmap.org/way/888946817","position":"the middle of the area OpenStreetMap maps"}},{"type":"Feature","geometry":{"type":"Point","coordinates":[15.31129,44.93806]},"properties":{"description":"Danger! Land mines (anti-personnel mines) beside the road! The road itself is secured and safe.","hazard":"minefield","military":"danger_area","group":"marked as a minefield","osm":"https://www.openstreetmap.org/way/888946818","position":"the middle of the area OpenStreetMap maps"}},{"type":"Feature","geometry":{"type":"Point","coordinates":[15.39138,44.96989]},"properties":{"description":"Danger! Land mines (anti-personnel mines) beside the road! The road itself is secured and safe.","hazard":"minefield","military":"danger_area","group":"marked as a minefield","osm":"https://www.openstreetmap.org/way/888946820","position":"the middle of the area OpenStreetMap maps"}},{"type":"Feature","geometry":{"type":"Point","coordinates":[15.39202,44.97111]},"properties":{"description":"Danger! Land mines (anti-personnel mines) beside the road! The road itself is secured and safe.","hazard":"minefield","military":"danger_area","group":"marked as a minefield","osm":"https://www.openstreetmap.org/way/888946821","position":"the middle of the area OpenStreetMap maps"}},{"type":"Feature","geometry":{"type":"Point","coordinates":[15.39733,44.97298]},"properties":{"description":"Danger! Land mines (anti-personnel mines) beside the road! The road itself is secured and safe.","hazard":"minefield","military":"danger_area","group":"marked as a minefield","osm":"https://www.openstreetmap.org/way/888946822","position":"the middle of the area OpenStreetMap maps"}},{"type":"Feature","geometry":{"type":"Point","coordinates":[15.39561,44.97367]},"properties":{"description":"Danger! Land mines (anti-personnel mines) beside the road! The road itself is secured and safe.","hazard":"minefield","military":"danger_area","group":"marked as a minefield","osm":"https://www.openstreetmap.org/way/888946823","position":"the middle of the area OpenStreetMap maps"}},{"type":"Feature","geometry":{"type":"Point","coordinates":[15.39878,44.97464]},"properties":{"description":"Danger! Land mines (anti-personnel mines) beside the road! The road itself is secured and safe.","hazard":"minefield","military":"danger_area","group":"marked as a minefield","osm":"https://www.openstreetmap.org/way/888946824","position":"the middle of the area OpenStreetMap maps"}},{"type":"Feature","geometry":{"type":"Point","coordinates":[15.39818,44.97517]},"properties":{"description":"Danger! Land mines (anti-personnel mines) beside the road! The road itself is secured and safe.","hazard":"minefield","military":"danger_area","group":"marked as a minefield","osm":"https://www.openstreetmap.org/way/888946825","position":"the middle of the area OpenStreetMap maps"}},{"type":"Feature","geometry":{"type":"Point","coordinates":[15.42297,45.00257]},"properties":{"hazard":"minefield","landuse":"military","military":"danger_area","group":"marked as a minefield","osm":"https://www.openstreetmap.org/way/888946827","position":"the middle of the area OpenStreetMap maps"}},{"type":"Feature","geometry":{"type":"Point","coordinates":[15.40141,44.97894]},"properties":{"description":"Danger! Land mines (anti-personnel mines) beside the road! The road itself is secured and safe.","hazard":"minefield","military":"danger_area","group":"marked as a minefield","osm":"https://www.openstreetmap.org/way/888946828","position":"the middle of the area OpenStreetMap maps"}},{"type":"Feature","geometry":{"type":"Point","coordinates":[15.40078,44.9789]},"properties":{"description":"Danger! Land mines (anti-personnel mines) beside the road! The road itself is secured and safe.","hazard":"minefield","military":"danger_area","group":"marked as a minefield","osm":"https://www.openstreetmap.org/way/888946829","position":"the middle of the area OpenStreetMap maps"}},{"type":"Feature","geometry":{"type":"Point","coordinates":[15.26015,44.88645]},"properties":{"description":"Danger! Land mines (anti-personnel mines) beside the road! The road itself is secured and safe.","hazard":"minefield","landuse":"military","military":"danger_area","group":"marked as a minefield","osm":"https://www.openstreetmap.org/way/888953575","position":"the middle of the area OpenStreetMap maps"}},{"type":"Feature","geometry":{"type":"Point","coordinates":[16.31153,45.45019]},"properties":{"hazard":"minefield","landuse":"military","military":"danger_area","group":"marked as a minefield","osm":"https://www.openstreetmap.org/way/891344960","position":"the middle of the area OpenStreetMap maps"}},{"type":"Feature","geometry":{"type":"Point","coordinates":[15.14811,-15.65697]},"properties":{"boundary":"hazard","hazard":"minefield","name":"Campo Minado/Mine Field","group":"marked as a minefield","osm":"https://www.openstreetmap.org/way/918957899","position":"the middle of the area OpenStreetMap maps"}},{"type":"Feature","geometry":{"type":"Point","coordinates":[15.42435,44.46848]},"properties":{"access":"no","disused":"yes","fixme":"Ne izgleda paved sa snimke","hazard":"minefield","highway":"tertiary","oneway":"no","ref":"590860","surface":"paved","group":"marked as a minefield","osm":"https://www.openstreetmap.org/way/982789502","position":"the middle of the area OpenStreetMap maps"}},{"type":"Feature","geometry":{"type":"Point","coordinates":[15.41666,44.46909]},"properties":{"access":"no","bridge":"yes","disused":"yes","fixme":"Ne izgleda paved sa snimke","hazard":"minefield","highway":"tertiary","layer":"1","oneway":"no","ref":"590860","surface":"paved","group":"marked as a minefield","osm":"https://www.openstreetmap.org/way/982789503","position":"the middle of the area OpenStreetMap maps"}},{"type":"Feature","geometry":{"type":"Point","coordinates":[44.76058,41.68664]},"properties":{"boundary":"hazard","hazard":"minefield","landuse":"military","military":"danger_area","group":"marked as a minefield","osm":"https://www.openstreetmap.org/way/1038803052","position":"the middle of the area OpenStreetMap maps"}},{"type":"Feature","geometry":{"type":"Point","coordinates":[4.44033,52.86589]},"properties":{"description":"Oefengebied mijnbestrijdingsvaartuigen","hazard":"minefield","landuse":"military","military":"training_area","military_service":"navy","name":"Callantsoog","operator":"Ministerie van Defensie","ref":"NB 12","seamark:name":"Callantsoog","seamark:type":"military_area","source":"https://data.overheid.nl/dataset/17694-militaire-gebieden","group":"marked as a minefield","osm":"https://www.openstreetmap.org/way/1059958110","position":"the middle of the area OpenStreetMap maps"}},{"type":"Feature","geometry":{"type":"Point","coordinates":[3.72649,51.90751]},"properties":{"description":"Oefengebied mijnbestrijdingsvaartuigen","hazard":"minefield","landuse":"military","military":"training_area","military_service":"navy","name":"Goeree","operator":"Ministerie van Defensie","ref":"NB 9","seamark:name":"Goeree","seamark:type":"military_area","source":"https://data.overheid.nl/dataset/17694-militaire-gebieden","group":"marked as a minefield","osm":"https://www.openstreetmap.org/way/1059958111","position":"the middle of the area OpenStreetMap maps"}},{"type":"Feature","geometry":{"type":"Point","coordinates":[4.60698,53.09923]},"properties":{"description":"Oefengebied mijnbestrijdingsvaartuigen","hazard":"minefield","landuse":"military","military":"training_area","military_service":"navy","name":"Molengat","operator":"Ministerie van Defensie","ref":"NB 8","seamark:name":"Molengat","seamark:type":"military_area","source":"https://data.overheid.nl/dataset/17694-militaire-gebieden","group":"marked as a minefield","osm":"https://www.openstreetmap.org/way/1059958112","position":"the middle of the area OpenStreetMap maps"}},{"type":"Feature","geometry":{"type":"Point","coordinates":[3.75785,51.39501]},"properties":{"description":"Oefengebied mijnbestrijdingsvaartuigen","hazard":"minefield","landuse":"military","military":"training_area","military_service":"navy","name":"Everingen","operator":"Ministerie van Defensie","ref":"NB 7","seamark:name":"Everingen","seamark:type":"military_area","source":"https://data.overheid.nl/dataset/17694-militaire-gebieden","group":"marked as a minefield","osm":"https://www.openstreetmap.org/way/1059958113","position":"the middle of the area OpenStreetMap maps"}},{"type":"Feature","geometry":{"type":"Point","coordinates":[3.582,51.66584]},"properties":{"description":"Oefengebied mijnbestrijdingsvaartuigen","hazard":"minefield","landuse":"military","military":"training_area","military_service":"navy","name":"Westgat","operator":"Ministerie van Defensie","ref":"NB 6","seamark:name":"Westgat","seamark:type":"military_area","source":"https://data.overheid.nl/dataset/17694-militaire-gebieden","group":"marked as a minefield","osm":"https://www.openstreetmap.org/way/1059958114","position":"the middle of the area OpenStreetMap maps"}},{"type":"Feature","geometry":{"type":"Point","coordinates":[3.23829,51.8003]},"properties":{"description":"Oefengebied mijnbestrijdingsvaartuigen","hazard":"minefield","landuse":"military","military":"training_area","military_service":"navy","name":"Schouwenbank","operator":"Ministerie van Defensie","ref":"NB 4","seamark:name":"Schouwenbank","seamark:type":"military_area","source":"https://data.overheid.nl/dataset/17694-militaire-gebieden","group":"marked as a minefield","osm":"https://www.openstreetmap.org/way/1059958115","position":"the middle of the area OpenStreetMap maps"}},{"type":"Feature","geometry":{"type":"Point","coordinates":[126.66974,37.95624]},"properties":{"boundary":"hazard","hazard":"minefield","landuse":"military","military":"danger_area","name":"북한군 지뢰 매설지역","group":"marked as a minefield","osm":"https://www.openstreetmap.org/way/1132078025","position":"the middle of the area OpenStreetMap maps"}},{"type":"Feature","geometry":{"type":"Point","coordinates":[-70.27954,-18.31865]},"properties":{"barrier":"fence","boundary":"hazard","hazard":"minefield","landuse":"military","military":"danger_area","group":"marked as a minefield","osm":"https://www.openstreetmap.org/way/1167643382","position":"the middle of the area OpenStreetMap maps"}},{"type":"Feature","geometry":{"type":"Point","coordinates":[11.32631,43.33562]},"properties":{"hazard":"minefield","landuse":"military","military":"danger_area","group":"marked as a minefield","osm":"https://www.openstreetmap.org/way/1196366105","position":"the middle of the area OpenStreetMap maps"}},{"type":"Feature","geometry":{"type":"Point","coordinates":[18.38944,43.99659]},"properties":{"description":"Minski sumnjivo područje","description:en":"Mine suspect area","hazard":"minefield","military":"danger_area","source":"https://www.euforbih.org/images/infopoint/2782/2782-I.pdf","group":"marked as a minefield","osm":"https://www.openstreetmap.org/way/1289376238","position":"the middle of the area OpenStreetMap maps"}},{"type":"Feature","geometry":{"type":"Point","coordinates":[18.37174,43.99279]},"properties":{"description":"Minski sumnjivo područje","description:en":"Mine suspect area","hazard":"minefield","military":"danger_area","source":"https://www.euforbih.org/images/infopoint/2782/2782-I.pdf","group":"marked as a minefield","osm":"https://www.openstreetmap.org/way/1289376239","position":"the middle of the area OpenStreetMap maps"}},{"type":"Feature","geometry":{"type":"Point","coordinates":[18.3627,43.98442]},"properties":{"description":"Minski sumnjivo područje","description:en":"Mine suspect area","hazard":"minefield","military":"danger_area","source":"https://www.euforbih.org/images/infopoint/2782/2782-I.pdf","group":"marked as a minefield","osm":"https://www.openstreetmap.org/way/1289376240","position":"the middle of the area OpenStreetMap maps"}},{"type":"Feature","geometry":{"type":"Point","coordinates":[18.37812,43.98014]},"properties":{"description":"Minski sumnjivo područje","description:en":"Mine suspect area","hazard":"minefield","military":"danger_area","source":"https://www.euforbih.org/images/infopoint/2782/2782-I.pdf","group":"marked as a minefield","osm":"https://www.openstreetmap.org/way/1289376241","position":"the middle of the area OpenStreetMap maps"}},{"type":"Feature","geometry":{"type":"Point","coordinates":[18.39545,43.9904]},"properties":{"description":"Minski sumnjivo područje","description:en":"Mine suspect area","hazard":"minefield","military":"danger_area","source":"https://www.euforbih.org/images/infopoint/2782/2782-I.pdf","group":"marked as a minefield","osm":"https://www.openstreetmap.org/way/1289376242","position":"the middle of the area OpenStreetMap maps"}},{"type":"Feature","geometry":{"type":"Point","coordinates":[18.38242,43.7412]},"properties":{"description":"Minski sumnjivo područje","description:en":"Mine suspect area","hazard":"minefield","military":"danger_area","source":"https://www.euforbih.org/images/infopoint/2782/2782-I.pdf","group":"marked as a minefield","osm":"https://www.openstreetmap.org/way/1289376243","position":"the middle of the area OpenStreetMap maps"}},{"type":"Feature","geometry":{"type":"Point","coordinates":[18.30437,43.96626]},"properties":{"description":"Minski sumnjivo područje","description:en":"Mine suspect area","hazard":"minefield","military":"danger_area","source":"https://www.euforbih.org/images/infopoint/2782/2782-I.pdf","group":"marked as a minefield","osm":"https://www.openstreetmap.org/way/1289376244","position":"the middle of the area OpenStreetMap maps"}},{"type":"Feature","geometry":{"type":"Point","coordinates":[18.30041,43.96619]},"properties":{"description":"Minski sumnjivo područje","description:en":"Mine suspect area","hazard":"minefield","military":"danger_area","source":"https://www.euforbih.org/images/infopoint/2782/2782-I.pdf","group":"marked as a minefield","osm":"https://www.openstreetmap.org/way/1289376245","position":"the middle of the area OpenStreetMap maps"}},{"type":"Feature","geometry":{"type":"Point","coordinates":[18.32274,43.95781]},"properties":{"description":"Minski sumnjivo područje","description:en":"Mine suspect area","hazard":"minefield","landuse":"military","military":"danger_area","source":"https://www.euforbih.org/images/infopoint/2782/2782-I.pdf","group":"marked as a minefield","osm":"https://www.openstreetmap.org/way/1289376246","position":"the middle of the area OpenStreetMap maps"}},{"type":"Feature","geometry":{"type":"Point","coordinates":[18.33408,43.99116]},"properties":{"description":"Minski sumnjivo područje","description:en":"Mine suspect area","hazard":"minefield","military":"danger_area","source":"https://www.euforbih.org/images/infopoint/2782/2782-I.pdf","group":"marked as a minefield","osm":"https://www.openstreetmap.org/way/1289376247","position":"the middle of the area OpenStreetMap maps"}},{"type":"Feature","geometry":{"type":"Point","coordinates":[18.31592,43.97341]},"properties":{"description":"Minski sumnjivo područje","description:en":"Mine suspect area","hazard":"minefield","military":"danger_area","source":"https://www.euforbih.org/images/infopoint/2782/2782-I.pdf","group":"marked as a minefield","osm":"https://www.openstreetmap.org/way/1289376248","position":"the middle of the area OpenStreetMap maps"}},{"type":"Feature","geometry":{"type":"Point","coordinates":[18.46819,43.85061]},"properties":{"description":"Mine risk area","hazard":"minefield","military":"danger_area","source":"https://www.euforbih.org/images/infopoint/2782/2782-I.pdf","group":"marked as a minefield","osm":"https://www.openstreetmap.org/way/1289376249","position":"the middle of the area OpenStreetMap maps"}},{"type":"Feature","geometry":{"type":"Point","coordinates":[18.36573,43.7682]},"properties":{"description":"Minski sumnjivo područje","description:en":"Mine suspect area","hazard":"minefield","military":"danger_area","source":"https://www.euforbih.org/images/infopoint/2782/2782-I.pdf","group":"marked as a minefield","osm":"https://www.openstreetmap.org/way/1289376250","position":"the middle of the area OpenStreetMap maps"}},{"type":"Feature","geometry":{"type":"Point","coordinates":[18.36303,43.76545]},"properties":{"description":"Minski sumnjivo područje","description:en":"Mine suspect area","hazard":"minefield","military":"danger_area","source":"https://www.euforbih.org/images/infopoint/2782/2782-I.pdf","group":"marked as a minefield","osm":"https://www.openstreetmap.org/way/1289376251","position":"the middle of the area OpenStreetMap maps"}},{"type":"Feature","geometry":{"type":"Point","coordinates":[18.36814,43.76903]},"properties":{"description":"Minski sumnjivo područje","description:en":"Mine suspect area","hazard":"minefield","military":"danger_area","source":"https://www.euforbih.org/images/infopoint/2782/2782-I.pdf","group":"marked as a minefield","osm":"https://www.openstreetmap.org/way/1289376252","position":"the middle of the area OpenStreetMap maps"}},{"type":"Feature","geometry":{"type":"Point","coordinates":[18.37314,43.76585]},"properties":{"description":"Minski sumnjivo područje","description:en":"Mine suspect area","hazard":"minefield","military":"danger_area","source":"https://www.euforbih.org/images/infopoint/2782/2782-I.pdf","group":"marked as a minefield","osm":"https://www.openstreetmap.org/way/1289376253","position":"the middle of the area OpenStreetMap maps"}},{"type":"Feature","geometry":{"type":"Point","coordinates":[18.39969,43.77738]},"properties":{"description":"Mine risk area","hazard":"minefield","military":"danger_area","source":"https://www.euforbih.org/images/infopoint/2782/2782-I.pdf","group":"marked as a minefield","osm":"https://www.openstreetmap.org/way/1289376254","position":"the middle of the area OpenStreetMap maps"}},{"type":"Feature","geometry":{"type":"Point","coordinates":[18.39316,43.77731]},"properties":{"description":"Minski sumnjivo područje","description:en":"Mine suspect area","hazard":"minefield","military":"danger_area","source":"https://www.euforbih.org/images/infopoint/2782/2782-I.pdf","group":"marked as a minefield","osm":"https://www.openstreetmap.org/way/1289376255","position":"the middle of the area OpenStreetMap maps"}},{"type":"Feature","geometry":{"type":"Point","coordinates":[18.41359,43.7697]},"properties":{"description":"Minski sumnjivo područje","description:en":"Mine suspect area","hazard":"minefield","military":"danger_area","source":"https://www.euforbih.org/images/infopoint/2782/2782-I.pdf","group":"marked as a minefield","osm":"https://www.openstreetmap.org/way/1289376256","position":"the middle of the area OpenStreetMap maps"}},{"type":"Feature","geometry":{"type":"Point","coordinates":[18.38524,43.95853]},"properties":{"description":"Minski sumnjivo područje","description:en":"Mine suspect area","hazard":"minefield","military":"danger_area","source":"https://www.euforbih.org/images/infopoint/2782/2782-I.pdf","group":"marked as a minefield","osm":"https://www.openstreetmap.org/way/1289376257","position":"the middle of the area OpenStreetMap maps"}},{"type":"Feature","geometry":{"type":"Point","coordinates":[18.40223,43.95284]},"properties":{"description":"Minski sumnjivo područje","description:en":"Mine suspect area","hazard":"minefield","military":"danger_area","source":"https://www.euforbih.org/images/infopoint/2782/2782-I.pdf","group":"marked as a minefield","osm":"https://www.openstreetmap.org/way/1289376258","position":"the middle of the area OpenStreetMap maps"}},{"type":"Feature","geometry":{"type":"Point","coordinates":[18.42408,43.95965]},"properties":{"description":"Minski sumnjivo područje","description:en":"Mine suspect area","hazard":"minefield","military":"danger_area","source":"https://www.euforbih.org/images/infopoint/2782/2782-I.pdf","group":"marked as a minefield","osm":"https://www.openstreetmap.org/way/1289376259","position":"the middle of the area OpenStreetMap maps"}},{"type":"Feature","geometry":{"type":"Point","coordinates":[18.50334,43.99219]},"properties":{"description":"Minski sumnjivo područje","description:en":"Mine suspect area","hazard":"minefield","military":"danger_area","source":"https://www.euforbih.org/images/infopoint/2782/2782-I.pdf","group":"marked as a minefield","osm":"https://www.openstreetmap.org/way/1289376260","position":"the middle of the area OpenStreetMap maps"}},{"type":"Feature","geometry":{"type":"Point","coordinates":[18.50039,43.99363]},"properties":{"description":"Minski sumnjivo područje","description:en":"Mine suspect area","hazard":"minefield","military":"danger_area","source":"https://www.euforbih.org/images/infopoint/2782/2782-I.pdf","group":"marked as a minefield","osm":"https://www.openstreetmap.org/way/1289376261","position":"the middle of the area OpenStreetMap maps"}},{"type":"Feature","geometry":{"type":"Point","coordinates":[18.50275,43.99782]},"properties":{"description":"Minski sumnjivo područje","description:en":"Mine suspect area","hazard":"minefield","military":"danger_area","source":"https://www.euforbih.org/images/infopoint/2782/2782-I.pdf","group":"marked as a minefield","osm":"https://www.openstreetmap.org/way/1289376262","position":"the middle of the area OpenStreetMap maps"}},{"type":"Feature","geometry":{"type":"Point","coordinates":[18.419,43.75903]},"properties":{"description":"Minski sumnjivo područje","description:en":"Mine suspect area","hazard":"minefield","military":"danger_area","source":"https://www.euforbih.org/images/infopoint/2782/2782-I.pdf","group":"marked as a minefield","osm":"https://www.openstreetmap.org/way/1289376263","position":"the middle of the area OpenStreetMap maps"}},{"type":"Feature","geometry":{"type":"Point","coordinates":[18.41997,43.75904]},"properties":{"description":"Minski sumnjivo područje","description:en":"Mine suspect area","hazard":"minefield","military":"danger_area","source":"https://www.euforbih.org/images/infopoint/2782/2782-I.pdf","group":"marked as a minefield","osm":"https://www.openstreetmap.org/way/1289376264","position":"the middle of the area OpenStreetMap maps"}},{"type":"Feature","geometry":{"type":"Point","coordinates":[18.42492,43.75714]},"properties":{"description":"Minski sumnjivo područje","description:en":"Mine suspect area","hazard":"minefield","military":"danger_area","source":"https://www.euforbih.org/images/infopoint/2782/2782-I.pdf","group":"marked as a minefield","osm":"https://www.openstreetmap.org/way/1289376265","position":"the middle of the area OpenStreetMap maps"}},{"type":"Feature","geometry":{"type":"Point","coordinates":[18.46094,43.74827]},"properties":{"description":"Minski sumnjivo područje","description:en":"Mine suspect area","hazard":"minefield","military":"danger_area","source":"https://www.euforbih.org/images/infopoint/2782/2782-I.pdf","group":"marked as a minefield","osm":"https://www.openstreetmap.org/way/1289376266","position":"the middle of the area OpenStreetMap maps"}},{"type":"Feature","geometry":{"type":"Point","coordinates":[18.43809,43.75454]},"properties":{"description":"Minski sumnjivo područje","description:en":"Mine suspect area","hazard":"minefield","military":"danger_area","source":"https://www.euforbih.org/images/infopoint/2782/2782-I.pdf","group":"marked as a minefield","osm":"https://www.openstreetmap.org/way/1289376267","position":"the middle of the area OpenStreetMap maps"}},{"type":"Feature","geometry":{"type":"Point","coordinates":[18.43443,43.75878]},"properties":{"description":"Minski sumnjivo područje","description:en":"Mine suspect area","hazard":"minefield","military":"danger_area","source":"https://www.euforbih.org/images/infopoint/2782/2782-I.pdf","group":"marked as a minefield","osm":"https://www.openstreetmap.org/way/1289376268","position":"the middle of the area OpenStreetMap maps"}},{"type":"Feature","geometry":{"type":"Point","coordinates":[18.49916,43.75204]},"properties":{"description":"Minski sumnjivo područje","description:en":"Mine suspect area","hazard":"minefield","military":"danger_area","source":"https://www.euforbih.org/images/infopoint/2782/2782-I.pdf","group":"marked as a minefield","osm":"https://www.openstreetmap.org/way/1289376269","position":"the middle of the area OpenStreetMap maps"}},{"type":"Feature","geometry":{"type":"Point","coordinates":[18.36154,43.88136]},"properties":{"description":"Minski sumnjivo područje","description:en":"Mine suspect area","hazard":"minefield","military":"danger_area","source":"https://www.euforbih.org/images/infopoint/2782/2782-I.pdf","group":"marked as a minefield","osm":"https://www.openstreetmap.org/way/1289376270","position":"the middle of the area OpenStreetMap maps"}},{"type":"Feature","geometry":{"type":"Point","coordinates":[18.34626,43.77886]},"properties":{"description":"Minski sumnjivo područje","description:en":"Mine suspect area","hazard":"minefield","military":"danger_area","source":"https://www.euforbih.org/images/infopoint/2782/2782-I.pdf","group":"marked as a minefield","osm":"https://www.openstreetmap.org/way/1289376271","position":"the middle of the area OpenStreetMap maps"}},{"type":"Feature","geometry":{"type":"Point","coordinates":[18.3783,43.54538]},"properties":{"description":"Minski sumnjivo područje","description:en":"Mine suspect area","hazard":"minefield","military":"danger_area","source":"https://www.euforbih.org/images/infopoint/2782/2782-II.pdf","group":"marked as a minefield","osm":"https://www.openstreetmap.org/way/1289398711","position":"the middle of the area OpenStreetMap maps"}},{"type":"Feature","geometry":{"type":"Point","coordinates":[18.39944,43.55548]},"properties":{"description":"Minski sumnjivo područje","description:en":"Mine suspect area","hazard":"minefield","military":"danger_area","source":"https://www.euforbih.org/images/infopoint/2782/2782-II.pdf","group":"marked as a minefield","osm":"https://www.openstreetmap.org/way/1289398712","position":"the middle of the area OpenStreetMap maps"}},{"type":"Feature","geometry":{"type":"Point","coordinates":[18.4749,43.57133]},"properties":{"description":"Minski sumnjivo područje","description:en":"Mine suspect area","hazard":"minefield","military":"danger_area","source":"https://www.euforbih.org/images/infopoint/2782/2782-II.pdf","group":"marked as a minefield","osm":"https://www.openstreetmap.org/way/1289398713","position":"the middle of the area OpenStreetMap maps"}},{"type":"Feature","geometry":{"type":"Point","coordinates":[18.50362,43.60863]},"properties":{"description":"Minski sumnjivo područje","description:en":"Mine suspect area","hazard":"minefield","military":"danger_area","source":"https://www.euforbih.org/images/infopoint/2782/2782-II.pdf","group":"marked as a minefield","osm":"https://www.openstreetmap.org/way/1289398714","position":"the middle of the area OpenStreetMap maps"}},{"type":"Feature","geometry":{"type":"Point","coordinates":[18.48758,43.62167]},"properties":{"description":"Minski sumnjivo područje","description:en":"Mine suspect area","hazard":"minefield","military":"danger_area","source":"https://www.euforbih.org/images/infopoint/2782/2782-II.pdf","group":"marked as a minefield","osm":"https://www.openstreetmap.org/way/1289398715","position":"the middle of the area OpenStreetMap maps"}},{"type":"Feature","geometry":{"type":"Point","coordinates":[18.50175,43.63526]},"properties":{"description":"Minski sumnjivo područje","description:en":"Mine suspect area","hazard":"minefield","military":"danger_area","source":"https://www.euforbih.org/images/infopoint/2782/2782-II.pdf","group":"marked as a minefield","osm":"https://www.openstreetmap.org/way/1289398716","position":"the middle of the area OpenStreetMap maps"}},{"type":"Feature","geometry":{"type":"Point","coordinates":[18.30644,43.67192]},"properties":{"description":"Minski sumnjivo područje","description:en":"Mine suspect area","hazard":"minefield","military":"danger_area","source":"https://www.euforbih.org/images/infopoint/2782/2782-II.pdf","group":"marked as a minefield","osm":"https://www.openstreetmap.org/way/1289398717","position":"the middle of the area OpenStreetMap maps"}},{"type":"Feature","geometry":{"type":"Point","coordinates":[18.32514,43.70687]},"properties":{"description":"Minski sumnjivo područje","description:en":"Mine suspect area","hazard":"minefield","military":"danger_area","source":"https://www.euforbih.org/images/infopoint/2782/2782-II.pdf","group":"marked as a minefield","osm":"https://www.openstreetmap.org/way/1289398718","position":"the middle of the area OpenStreetMap maps"}},{"type":"Feature","geometry":{"type":"Point","coordinates":[18.48678,43.62535]},"properties":{"description":"Minski sumnjivo područje","description:en":"Mine suspect area","hazard":"minefield","military":"danger_area","source":"https://www.euforbih.org/images/infopoint/2782/2782-II.pdf","group":"marked as a minefield","osm":"https://www.openstreetmap.org/way/1289435023","position":"the middle of the area OpenStreetMap maps"}},{"type":"Feature","geometry":{"type":"Point","coordinates":[18.5924,43.5754]},"properties":{"description":"Minski sumnjivo područje","description:en":"Mine suspect area","hazard":"minefield","military":"danger_area","source":"https://www.euforbih.org/images/infopoint/2782/2782-II.pdf","group":"marked as a minefield","osm":"https://www.openstreetmap.org/way/1289435024","position":"the middle of the area OpenStreetMap maps"}},{"type":"Feature","geometry":{"type":"Point","coordinates":[18.56209,43.53246]},"properties":{"description":"Minski sumnjivo područje","description:en":"Mine suspect area","hazard":"minefield","military":"danger_area","source":"https://www.euforbih.org/images/infopoint/2782/2782-II.pdf","group":"marked as a minefield","osm":"https://www.openstreetmap.org/way/1289435025","position":"the middle of the area OpenStreetMap maps"}},{"type":"Feature","geometry":{"type":"Point","coordinates":[18.41229,43.61349]},"properties":{"description":"Minski sumnjivo područje","description:en":"Mine suspect area","hazard":"minefield","military":"danger_area","source":"https://www.euforbih.org/images/infopoint/2782/2782-II.pdf","group":"marked as a minefield","osm":"https://www.openstreetmap.org/way/1289435026","position":"the middle of the area OpenStreetMap maps"}},{"type":"Feature","geometry":{"type":"Point","coordinates":[18.3898,43.60251]},"properties":{"description":"Minski sumnjivo područje","description:en":"Mine suspect area","hazard":"minefield","military":"danger_area","source":"https://www.euforbih.org/images/infopoint/2782/2782-II.pdf","group":"marked as a minefield","osm":"https://www.openstreetmap.org/way/1289435027","position":"the middle of the area OpenStreetMap maps"}},{"type":"Feature","geometry":{"type":"Point","coordinates":[18.4121,43.58805]},"properties":{"description":"Minski sumnjivo područje","description:en":"Mine suspect area","hazard":"minefield","military":"danger_area","source":"https://www.euforbih.org/images/infopoint/2782/2782-II.pdf","group":"marked as a minefield","osm":"https://www.openstreetmap.org/way/1289435028","position":"the middle of the area OpenStreetMap maps"}},{"type":"Feature","geometry":{"type":"Point","coordinates":[18.40428,43.5671]},"properties":{"description":"Minski sumnjivo područje","description:en":"Mine suspect area","hazard":"minefield","military":"danger_area","source":"https://www.euforbih.org/images/infopoint/2782/2782-II.pdf","group":"marked as a minefield","osm":"https://www.openstreetmap.org/way/1289435029","position":"the middle of the area OpenStreetMap maps"}},{"type":"Feature","geometry":{"type":"Point","coordinates":[18.4121,43.56674]},"properties":{"description":"Minski sumnjivo područje","description:en":"Mine suspect area","hazard":"minefield","military":"danger_area","source":"https://www.euforbih.org/images/infopoint/2782/2782-II.pdf","group":"marked as a minefield","osm":"https://www.openstreetmap.org/way/1289435030","position":"the middle of the area OpenStreetMap maps"}},{"type":"Feature","geometry":{"type":"Point","coordinates":[18.3236,43.72374]},"properties":{"description":"Minski sumnjivo područje","description:en":"Mine suspect area","hazard":"minefield","military":"danger_area","source":"https://www.euforbih.org/images/infopoint/2782/2782-II.pdf","group":"marked as a minefield","osm":"https://www.openstreetmap.org/way/1289435031","position":"the middle of the area OpenStreetMap maps"}},{"type":"Feature","geometry":{"type":"Point","coordinates":[18.51737,43.72146]},"properties":{"description":"Minski sumnjivo područje","description:en":"Mine suspect area","hazard":"minefield","military":"danger_area","source":"https://www.euforbih.org/images/infopoint/2782/2782-II.pdf","group":"marked as a minefield","osm":"https://www.openstreetmap.org/way/1289435032","position":"the middle of the area OpenStreetMap maps"}},{"type":"Feature","geometry":{"type":"Point","coordinates":[18.52793,43.72196]},"properties":{"description":"Minski sumnjivo područje","description:en":"Mine suspect area","hazard":"minefield","military":"danger_area","source":"https://www.euforbih.org/images/infopoint/2782/2782-II.pdf","group":"marked as a minefield","osm":"https://www.openstreetmap.org/way/1289435033","position":"the middle of the area OpenStreetMap maps"}},{"type":"Feature","geometry":{"type":"Point","coordinates":[18.52578,43.73217]},"properties":{"description":"Minski sumnjivo područje","description:en":"Mine suspect area","hazard":"minefield","military":"danger_area","source":"https://www.euforbih.org/images/infopoint/2782/2782-II.pdf","group":"marked as a minefield","osm":"https://www.openstreetmap.org/way/1289435034","position":"the middle of the area OpenStreetMap maps"}},{"type":"Feature","geometry":{"type":"Point","coordinates":[18.36109,43.74292]},"properties":{"description":"Minski sumnjivo područje","description:en":"Mine suspect area","hazard":"minefield","military":"danger_area","source":"https://www.euforbih.org/images/infopoint/2782/2782-II.pdf","group":"marked as a minefield","osm":"https://www.openstreetmap.org/way/1289435035","position":"the middle of the area OpenStreetMap maps"}},{"type":"Feature","geometry":{"type":"Point","coordinates":[18.45037,43.61685]},"properties":{"description":"Minski sumnjivo područje","description:en":"Mine suspect area","hazard":"minefield","military":"danger_area","source":"https://www.euforbih.org/images/infopoint/2782/2782-II.pdf","group":"marked as a minefield","osm":"https://www.openstreetmap.org/way/1289435036","position":"the middle of the area OpenStreetMap maps"}},{"type":"Feature","geometry":{"type":"Point","coordinates":[18.43735,43.59312]},"properties":{"description":"Minski sumnjivo područje","description:en":"Mine suspect area","hazard":"minefield","military":"danger_area","source":"https://www.euforbih.org/images/infopoint/2782/2782-II.pdf","group":"marked as a minefield","osm":"https://www.openstreetmap.org/way/1289435037","position":"the middle of the area OpenStreetMap maps"}},{"type":"Feature","geometry":{"type":"Point","coordinates":[18.47777,43.59572]},"properties":{"description":"Minski sumnjivo područje","description:en":"Mine suspect area","hazard":"minefield","military":"danger_area","source":"https://www.euforbih.org/images/infopoint/2782/2782-II.pdf","group":"marked as a minefield","osm":"https://www.openstreetmap.org/way/1289435038","position":"the middle of the area OpenStreetMap maps"}},{"type":"Feature","geometry":{"type":"Point","coordinates":[18.48253,43.59413]},"properties":{"description":"Minski sumnjivo područje","description:en":"Mine suspect area","hazard":"minefield","military":"danger_area","source":"https://www.euforbih.org/images/infopoint/2782/2782-II.pdf","group":"marked as a minefield","osm":"https://www.openstreetmap.org/way/1289435039","position":"the middle of the area OpenStreetMap maps"}},{"type":"Feature","geometry":{"type":"Point","coordinates":[18.39251,43.59449]},"properties":{"description":"Minski sumnjivo područje","description:en":"Mine suspect area","hazard":"minefield","military":"danger_area","source":"https://www.euforbih.org/images/infopoint/2782/2782-II.pdf","group":"marked as a minefield","osm":"https://www.openstreetmap.org/way/1289435040","position":"the middle of the area OpenStreetMap maps"}},{"type":"Feature","geometry":{"type":"Point","coordinates":[18.40401,43.57717]},"properties":{"description":"Minski sumnjivo područje","description:en":"Mine suspect area","hazard":"minefield","military":"danger_area","source":"https://www.euforbih.org/images/infopoint/2782/2782-II.pdf","group":"marked as a minefield","osm":"https://www.openstreetmap.org/way/1289435041","position":"the middle of the area OpenStreetMap maps"}},{"type":"Feature","geometry":{"type":"Point","coordinates":[18.3711,43.52138]},"properties":{"description":"Minski sumnjivo područje","description:en":"Mine suspect area","hazard":"minefield","military":"danger_area","source":"https://www.euforbih.org/images/infopoint/2782/2782-II.pdf","group":"marked as a minefield","osm":"https://www.openstreetmap.org/way/1289435042","position":"the middle of the area OpenStreetMap maps"}},{"type":"Feature","geometry":{"type":"Point","coordinates":[18.57744,43.62362]},"properties":{"description":"Minski sumnjivo područje","description:en":"Mine suspect area","hazard":"minefield","military":"danger_area","source":"https://www.euforbih.org/images/infopoint/2782/2782-II.pdf","group":"marked as a minefield","osm":"https://www.openstreetmap.org/way/1289435043","position":"the middle of the area OpenStreetMap maps"}},{"type":"Feature","geometry":{"type":"Point","coordinates":[18.52621,43.62736]},"properties":{"description":"Minski sumnjivo područje","description:en":"Mine suspect area","hazard":"minefield","military":"danger_area","source":"https://www.euforbih.org/images/infopoint/2782/2782-II.pdf","group":"marked as a minefield","osm":"https://www.openstreetmap.org/way/1289435044","position":"the middle of the area OpenStreetMap maps"}},{"type":"Feature","geometry":{"type":"Point","coordinates":[18.34118,43.53638]},"properties":{"description":"Minski sumnjivo područje","description:en":"Mine suspect area","hazard":"minefield","military":"danger_area","source":"https://www.euforbih.org/images/infopoint/2782/2782-II.pdf","group":"marked as a minefield","osm":"https://www.openstreetmap.org/way/1289435045","position":"the middle of the area OpenStreetMap maps"}},{"type":"Feature","geometry":{"type":"Point","coordinates":[18.55375,43.61915]},"properties":{"description":"Minski sumnjivo područje","description:en":"Mine suspect area","hazard":"minefield","military":"danger_area","source":"https://www.euforbih.org/images/infopoint/2782/2782-II.pdf","group":"marked as a minefield","osm":"https://www.openstreetmap.org/way/1289435046","position":"the middle of the area OpenStreetMap maps"}},{"type":"Feature","geometry":{"type":"Point","coordinates":[18.58828,43.69327]},"properties":{"description":"Minski sumnjivo područje","description:en":"Mine suspect area","hazard":"minefield","military":"danger_area","source":"https://www.euforbih.org/images/infopoint/2782/2782-II.pdf","group":"marked as a minefield","osm":"https://www.openstreetmap.org/way/1289435047","position":"the middle of the area OpenStreetMap maps"}},{"type":"Feature","geometry":{"type":"Point","coordinates":[18.45451,43.74408]},"properties":{"description":"Minski sumnjivo područje","description:en":"Mine suspect area","hazard":"minefield","military":"danger_area","source":"https://www.euforbih.org/images/infopoint/2782/2782-II.pdf","group":"marked as a minefield","osm":"https://www.openstreetmap.org/way/1289435048","position":"the middle of the area OpenStreetMap maps"}},{"type":"Feature","geometry":{"type":"Point","coordinates":[18.4365,43.72867]},"properties":{"description":"Minski sumnjivo područje","description:en":"Mine suspect area","hazard":"minefield","military":"danger_area","source":"https://www.euforbih.org/images/infopoint/2782/2782-II.pdf","group":"marked as a minefield","osm":"https://www.openstreetmap.org/way/1289435049","position":"the middle of the area OpenStreetMap maps"}},{"type":"Feature","geometry":{"type":"Point","coordinates":[18.4336,43.72962]},"properties":{"description":"Minski sumnjivo područje","description:en":"Mine suspect area","hazard":"minefield","military":"danger_area","source":"https://www.euforbih.org/images/infopoint/2782/2782-II.pdf","group":"marked as a minefield","osm":"https://www.openstreetmap.org/way/1289435050","position":"the middle of the area OpenStreetMap maps"}},{"type":"Feature","geometry":{"type":"Point","coordinates":[18.43584,43.73113]},"properties":{"description":"Minski sumnjivo područje","description:en":"Mine suspect area","hazard":"minefield","military":"danger_area","source":"https://www.euforbih.org/images/infopoint/2782/2782-II.pdf","group":"marked as a minefield","osm":"https://www.openstreetmap.org/way/1289435051","position":"the middle of the area OpenStreetMap maps"}},{"type":"Feature","geometry":{"type":"Point","coordinates":[18.44638,43.73341]},"properties":{"description":"Minski sumnjivo područje","description:en":"Mine suspect area","hazard":"minefield","military":"danger_area","source":"https://www.euforbih.org/images/infopoint/2782/2782-II.pdf","group":"marked as a minefield","osm":"https://www.openstreetmap.org/way/1289435052","position":"the middle of the area OpenStreetMap maps"}},{"type":"Feature","geometry":{"type":"Point","coordinates":[18.39091,43.7287]},"properties":{"description":"Minski sumnjivo područje","description:en":"Mine suspect area","hazard":"minefield","military":"danger_area","source":"https://www.euforbih.org/images/infopoint/2782/2782-II.pdf","group":"marked as a minefield","osm":"https://www.openstreetmap.org/way/1289435053","position":"the middle of the area OpenStreetMap maps"}},{"type":"Feature","geometry":{"type":"Point","coordinates":[18.39136,43.73154]},"properties":{"description":"Mine risk area","hazard":"minefield","military":"danger_area","source":"https://www.euforbih.org/images/infopoint/2782/2782-II.pdf","group":"marked as a minefield","osm":"https://www.openstreetmap.org/way/1289435054","position":"the middle of the area OpenStreetMap maps"}},{"type":"Feature","geometry":{"type":"Point","coordinates":[18.38028,43.76115]},"properties":{"description":"Minski sumnjivo područje","description:en":"Mine suspect area","hazard":"minefield","military":"danger_area","source":"https://www.euforbih.org/images/infopoint/2782/2782-II.pdf","group":"marked as a minefield","osm":"https://www.openstreetmap.org/way/1289435055","position":"the middle of the area OpenStreetMap maps"}},{"type":"Feature","geometry":{"type":"Point","coordinates":[18.37994,43.76288]},"properties":{"description":"Minski sumnjivo područje","description:en":"Mine suspect area","hazard":"minefield","military":"danger_area","source":"https://www.euforbih.org/images/infopoint/2782/2782-II.pdf","group":"marked as a minefield","osm":"https://www.openstreetmap.org/way/1289435056","position":"the middle of the area OpenStreetMap maps"}},{"type":"Feature","geometry":{"type":"Point","coordinates":[18.36337,43.76222]},"properties":{"description":"Minski sumnjivo područje","description:en":"Mine suspect area","hazard":"minefield","military":"danger_area","source":"https://www.euforbih.org/images/infopoint/2782/2782-I.pdf","group":"marked as a minefield","osm":"https://www.openstreetmap.org/way/1289435057","position":"the middle of the area OpenStreetMap maps"}},{"type":"Feature","geometry":{"type":"Point","coordinates":[18.33067,43.62294]},"properties":{"description":"Minski sumnjivo područje","description:en":"Mine suspect area","hazard":"minefield","military":"danger_area","source":"https://www.euforbih.org/images/infopoint/2782/2782-II.pdf","group":"marked as a minefield","osm":"https://www.openstreetmap.org/way/1289435058","position":"the middle of the area OpenStreetMap maps"}},{"type":"Feature","geometry":{"type":"Point","coordinates":[18.32789,43.59239]},"properties":{"description":"Minski sumnjivo područje","description:en":"Mine suspect area","hazard":"minefield","military":"danger_area","source":"https://www.euforbih.org/images/infopoint/2782/2782-II.pdf","group":"marked as a minefield","osm":"https://www.openstreetmap.org/way/1289435059","position":"the middle of the area OpenStreetMap maps"}},{"type":"Feature","geometry":{"type":"Point","coordinates":[18.30406,43.568]},"properties":{"description":"Minski sumnjivo područje","description:en":"Mine suspect area","hazard":"minefield","military":"danger_area","source":"https://www.euforbih.org/images/infopoint/2782/2782-II.pdf","group":"marked as a minefield","osm":"https://www.openstreetmap.org/way/1289435060","position":"the middle of the area OpenStreetMap maps"}},{"type":"Feature","geometry":{"type":"Point","coordinates":[18.3131,43.54245]},"properties":{"description":"Minski sumnjivo područje","description:en":"Mine suspect area","hazard":"minefield","military":"danger_area","source":"https://www.euforbih.org/images/infopoint/2782/2782-II.pdf","group":"marked as a minefield","osm":"https://www.openstreetmap.org/way/1289435061","position":"the middle of the area OpenStreetMap maps"}},{"type":"Feature","geometry":{"type":"Point","coordinates":[18.36643,43.50799]},"properties":{"description":"Minski sumnjivo područje","description:en":"Mine suspect area","hazard":"minefield","military":"danger_area","source":"https://www.euforbih.org/images/infopoint/2782/2782-II.pdf","group":"marked as a minefield","osm":"https://www.openstreetmap.org/way/1289435062","position":"the middle of the area OpenStreetMap maps"}},{"type":"Feature","geometry":{"type":"Point","coordinates":[18.40223,43.60549]},"properties":{"description":"Minski sumnjivo područje","description:en":"Mine suspect area","hazard":"minefield","military":"danger_area","source":"https://www.euforbih.org/images/infopoint/2782/2782-II.pdf","group":"marked as a minefield","osm":"https://www.openstreetmap.org/way/1291124749","position":"the middle of the area OpenStreetMap maps"}},{"type":"Feature","geometry":{"type":"Point","coordinates":[18.35515,43.67721]},"properties":{"description":"Minski sumnjivo područje","description:en":"Mine suspect area","hazard":"minefield","military":"danger_area","source":"https://www.euforbih.org/images/infopoint/2782/2782-II.pdf","group":"marked as a minefield","osm":"https://www.openstreetmap.org/way/1291124750","position":"the middle of the area OpenStreetMap maps"}},{"type":"Feature","geometry":{"type":"Point","coordinates":[18.3591,43.6787]},"properties":{"description":"Minski sumnjivo područje","description:en":"Mine suspect area","hazard":"minefield","military":"danger_area","source":"https://www.euforbih.org/images/infopoint/2782/2782-II.pdf","group":"marked as a minefield","osm":"https://www.openstreetmap.org/way/1291124751","position":"the middle of the area OpenStreetMap maps"}},{"type":"Feature","geometry":{"type":"Point","coordinates":[18.36329,43.66941]},"properties":{"description":"Minski sumnjivo područje","description:en":"Mine suspect area","hazard":"minefield","military":"danger_area","source":"https://www.euforbih.org/images/infopoint/2782/2782-II.pdf","group":"marked as a minefield","osm":"https://www.openstreetmap.org/way/1291124752","position":"the middle of the area OpenStreetMap maps"}},{"type":"Feature","geometry":{"type":"Point","coordinates":[18.43356,43.577]},"properties":{"description":"Minski sumnjivo područje","description:en":"Mine suspect area","hazard":"minefield","military":"danger_area","source":"https://www.euforbih.org/images/infopoint/2782/2782-II.pdf","group":"marked as a minefield","osm":"https://www.openstreetmap.org/way/1291124753","position":"the middle of the area OpenStreetMap maps"}},{"type":"Feature","geometry":{"type":"Point","coordinates":[18.52541,43.594]},"properties":{"description":"Minski sumnjivo područje","description:en":"Mine suspect area","hazard":"minefield","military":"danger_area","source":"https://www.euforbih.org/images/infopoint/2782/2782-II.pdf","group":"marked as a minefield","osm":"https://www.openstreetmap.org/way/1291124754","position":"the middle of the area OpenStreetMap maps"}},{"type":"Feature","geometry":{"type":"Point","coordinates":[18.54322,43.5805]},"properties":{"description":"Minski sumnjivo područje","description:en":"Mine suspect area","hazard":"minefield","military":"danger_area","source":"https://www.euforbih.org/images/infopoint/2782/2782-II.pdf","group":"marked as a minefield","osm":"https://www.openstreetmap.org/way/1291124755","position":"the middle of the area OpenStreetMap maps"}},{"type":"Feature","geometry":{"type":"Point","coordinates":[18.3459,43.51586]},"properties":{"description":"Minski sumnjivo područje","description:en":"Mine suspect area","hazard":"minefield","military":"danger_area","source":"https://www.euforbih.org/images/infopoint/2782/2782-II.pdf","group":"marked as a minefield","osm":"https://www.openstreetmap.org/way/1291124756","position":"the middle of the area OpenStreetMap maps"}},{"type":"Feature","geometry":{"type":"Point","coordinates":[18.36401,43.50003]},"properties":{"description":"Minski sumnjivo područje","description:en":"Mine suspect area","hazard":"minefield","military":"danger_area","source":"https://www.euforbih.org/images/infopoint/2782/2782-II.pdf","group":"marked as a minefield","osm":"https://www.openstreetmap.org/way/1291124757","position":"the middle of the area OpenStreetMap maps"}},{"type":"Feature","geometry":{"type":"Point","coordinates":[18.59774,43.58156]},"properties":{"description":"Minski sumnjivo područje","description:en":"Mine suspect area","hazard":"minefield","military":"danger_area","source":"https://www.euforbih.org/images/infopoint/2782/2782-II.pdf","group":"marked as a minefield","osm":"https://www.openstreetmap.org/way/1291124758","position":"the middle of the area OpenStreetMap maps"}},{"type":"Feature","geometry":{"type":"Point","coordinates":[18.58473,43.58404]},"properties":{"description":"Minski sumnjivo područje","description:en":"Mine suspect area","hazard":"minefield","military":"danger_area","source":"https://www.euforbih.org/images/infopoint/2782/2782-II.pdf","group":"marked as a minefield","osm":"https://www.openstreetmap.org/way/1291124759","position":"the middle of the area OpenStreetMap maps"}},{"type":"Feature","geometry":{"type":"Point","coordinates":[18.5685,43.58266]},"properties":{"description":"Minski sumnjivo područje","description:en":"Mine suspect area","hazard":"minefield","military":"danger_area","source":"https://www.euforbih.org/images/infopoint/2782/2782-II.pdf","group":"marked as a minefield","osm":"https://www.openstreetmap.org/way/1291124760","position":"the middle of the area OpenStreetMap maps"}},{"type":"Feature","geometry":{"type":"Point","coordinates":[-70.34991,-18.33969]},"properties":{"boundary":"hazard","hazard":"minefield","landuse":"military","military":"danger_area","group":"marked as a minefield","osm":"https://www.openstreetmap.org/way/1302451115","position":"the middle of the area OpenStreetMap maps"}},{"type":"Feature","geometry":{"type":"Point","coordinates":[-70.31849,-18.32521]},"properties":{"boundary":"hazard","hazard":"minefield","landuse":"military","military":"danger_area","group":"marked as a minefield","osm":"https://www.openstreetmap.org/way/1302451117","position":"the middle of the area OpenStreetMap maps"}},{"type":"Feature","geometry":{"type":"Point","coordinates":[41.41697,42.74586]},"properties":{"boundary":"hazard","check_date":"2024-07-11","hazard":"minefield","landuse":"military","military":"danger_area","group":"marked as a minefield","osm":"https://www.openstreetmap.org/way/1307917013","position":"the middle of the area OpenStreetMap maps"}},{"type":"Feature","geometry":{"type":"Point","coordinates":[-162.84238,55.25921]},"properties":{"boundary":"hazard","hazard":"minefield","name":"World War II EOD UXO Disposal Site","website":"https://alaskapublic.org/2023/11/09/military-blows-up-large-artillery-shell-found-near-cold-bay/","group":"marked as a minefield","osm":"https://www.openstreetmap.org/way/1323091196","position":"the middle of the area OpenStreetMap maps"}},{"type":"Feature","geometry":{"type":"Point","coordinates":[41.57932,41.5882]},"properties":{"boundary":"hazard","hazard":"minefield","landuse":"military","military":"danger_area","group":"marked as a minefield","osm":"https://www.openstreetmap.org/way/1443524653","position":"the middle of the area OpenStreetMap maps"}},{"type":"Feature","geometry":{"type":"Point","coordinates":[18.54078,44.08737]},"properties":{"boundary":"hazard","hazard":"minefield","group":"marked as a minefield","osm":"https://www.openstreetmap.org/way/1446960363","position":"the middle of the area OpenStreetMap maps"}},{"type":"Feature","geometry":{"type":"Point","coordinates":[-70.06287,-52.54976]},"properties":{"boundary":"hazard","hazard":"minefield","landuse":"military","military":"danger_area","group":"marked as a minefield","osm":"https://www.openstreetmap.org/way/1539893558","position":"the middle of the area OpenStreetMap maps"}},{"type":"Feature","geometry":{"type":"Point","coordinates":[-70.06172,-52.55591]},"properties":{"boundary":"hazard","hazard":"minefield","landuse":"military","military":"danger_area","group":"marked as a minefield","osm":"https://www.openstreetmap.org/way/1539893559","position":"the middle of the area OpenStreetMap maps"}},{"type":"Feature","geometry":{"type":"Point","coordinates":[-70.06003,-52.5625]},"properties":{"boundary":"hazard","hazard":"minefield","landuse":"military","military":"danger_area","group":"marked as a minefield","osm":"https://www.openstreetmap.org/way/1539893560","position":"the middle of the area OpenStreetMap maps"}},{"type":"Feature","geometry":{"type":"Point","coordinates":[46.91554,29.75053]},"properties":{"boundary":"hazard","hazard":"minefield","name":"منطقة مخلفات حربية","surface":"war remnants","group":"marked as a minefield","osm":"https://www.openstreetmap.org/way/1540321223","position":"the middle of the area OpenStreetMap maps"}}],"source":"© OpenStreetMap contributors (ODbL)"}