region,country,source,segment,type,abatement,savings (kt),cost (USD/MBtu)
Asia Pacific,Japan,Onshore conventional gas,Upstream,Gas,Annual LDAR,0.04,-8.41
Asia Pacific,Japan,Onshore conventional oil,Upstream,Oil,Annual LDAR,0.01,-8.41
Africa,South Africa,Onshore conventional oil,Upstream,Oil,Annual LDAR,0.1,-8.11
Europe,Ukraine,Onshore conventional gas,Upstream,Gas,Annual LDAR,1,-8.11
Europe,Ukraine,Onshore conventional gas,Upstream,Gas,Continuous LDAR,18.07,-8.07
Africa,South Africa,Onshore conventional oil,Upstream,Oil,Continuous LDAR,1.84,-8.07
Asia Pacific,Japan,Onshore conventional oil,Upstream,Oil,Biannual LDAR,0.02,-8.04
Asia Pacific,Japan,Onshore conventional gas,Upstream,Gas,Biannual LDAR,0.12,-8.04
Europe,Other countries in Europe,Onshore conventional gas,Upstream,Gas,Annual LDAR,0.03,-8
Europe,Other countries in Europe,Onshore conventional oil,Upstream,Oil,Annual LDAR,0.15,-8
Asia Pacific,Japan,Offshore gas,Upstream,Gas,Replace with instrument air systems,0.02,-7.99
Africa,South Africa,Onshore conventional oil,Upstream,Oil,Biannual LDAR,0.31,-7.98
Europe,Ukraine,Onshore conventional gas,Upstream,Gas,Biannual LDAR,3.01,-7.98
Europe,Other EU7 countries,Onshore conventional gas,Upstream,Gas,Annual LDAR,0.01,-7.97
Europe,Other EU7 countries,Onshore conventional oil,Upstream,Oil,Annual LDAR,0.01,-7.97
Europe,Poland,Onshore conventional gas,Upstream,Gas,Annual LDAR,0.06,-7.91
Europe,Poland,Unconventional gas,Upstream,Gas,Annual LDAR,0.02,-7.91
Europe,Poland,Onshore conventional oil,Upstream,Oil,Annual LDAR,0.01,-7.91
Europe,Ukraine,Offshore gas,Upstream,Gas,Replace with instrument air systems,0.36,-7.87
Europe,Poland,Onshore conventional oil,Upstream,Oil,Replace pumps,0.25,-7.85
Europe,Estonia,Onshore conventional oil,Upstream,Oil,Annual LDAR,0.01,-7.82
Europe,Other countries in Europe,Onshore conventional oil,Upstream,Oil,Biannual LDAR,0.45,-7.81
Europe,Other countries in Europe,Onshore conventional gas,Upstream,Gas,Biannual LDAR,0.08,-7.81
Europe,Ukraine,Offshore gas,Upstream,Gas,Continuous LDAR,0.75,-7.8
Europe,Poland,Onshore conventional gas,Upstream,Gas,Replace pumps,0.37,-7.79
Europe,Poland,Unconventional gas,Upstream,Gas,Replace pumps,0.09,-7.79
Europe,Italy,Onshore conventional oil,Upstream,Oil,Replace pumps,0.89,-7.79
Europe,Other EU7 countries,Onshore conventional gas,Upstream,Gas,Replace pumps,0.06,-7.77
Europe,Other EU7 countries,Onshore conventional oil,Upstream,Oil,Biannual LDAR,0.03,-7.76
Europe,Other EU7 countries,Onshore conventional gas,Upstream,Gas,Biannual LDAR,0.03,-7.76
Europe,Other EU17 countries,Onshore conventional oil,Upstream,Oil,Replace pumps,0.84,-7.76
Europe,Ukraine,Offshore gas,Upstream,Gas,Annual LDAR,0.04,-7.76
Europe,Ukraine,Downstream gas,Downstream,Gas,Vapour recovery units,0.08,-7.75
Europe,Netherlands,Onshore conventional oil,Upstream,Oil,Replace pumps,0.01,-7.75
Europe,Germany,Onshore conventional oil,Upstream,Oil,Replace pumps,0.3,-7.75
Africa,South Africa,Onshore conventional oil,Upstream,Oil,Blowdown capture,0.03,-7.73
Asia Pacific,Japan,Onshore conventional gas,Upstream,Gas,Blowdown capture,1.75,-7.72
Europe,Italy,Onshore conventional oil,Upstream,Oil,Blowdown capture,0.01,-7.71
Europe,Poland,Unconventional gas,Upstream,Gas,Biannual LDAR,0.05,-7.68
Europe,Poland,Onshore conventional oil,Upstream,Oil,Biannual LDAR,0.03,-7.68
Europe,Poland,Onshore conventional gas,Upstream,Gas,Biannual LDAR,0.18,-7.68
Europe,Other EU17 countries,Onshore conventional oil,Upstream,Oil,Blowdown capture,0.01,-7.68
Africa,South Africa,Onshore conventional oil,Upstream,Oil,Quarterly LDAR,1.73,-7.67
Europe,Ukraine,Onshore conventional gas,Upstream,Gas,Quarterly LDAR,16.94,-7.67
Europe,Other EU7 countries,Offshore gas,Upstream,Gas,Replace with instrument air systems,0.03,-7.66
Europe,Other EU17 countries,Onshore conventional gas,Upstream,Gas,Replace pumps,0.14,-7.66
Europe,Other EU17 countries,Unconventional gas,Upstream,Gas,Replace pumps,0.03,-7.66
Europe,Italy,Onshore conventional gas,Upstream,Gas,Replace pumps,0.02,-7.66
Europe,Other countries in Europe,Downstream gas,Downstream,Gas,Vapour recovery units,0.04,-7.65
Europe,Other countries in Europe,Onshore conventional oil,Upstream,Oil,Continuous LDAR,2.72,-7.65
Europe,Other countries in Europe,Onshore conventional gas,Upstream,Gas,Continuous LDAR,0.47,-7.65
Europe,Other EU7 countries,Onshore conventional oil,Upstream,Oil,Replace pumps,0.3,-7.62
Europe,Romania,Onshore conventional gas,Upstream,Gas,Replace pumps,2.33,-7.62
Europe,Estonia,Onshore conventional oil,Upstream,Oil,Replace pumps,0.32,-7.62
Europe,France,Onshore conventional oil,Upstream,Oil,Replace pumps,0.31,-7.59
Europe,Germany,Unconventional gas,Upstream,Gas,Replace pumps,0.05,-7.59
Europe,Germany,Onshore conventional gas,Upstream,Gas,Replace pumps,0.24,-7.59
Europe,Poland,Offshore oil,Upstream,Oil,Replace with instrument air systems,0.07,-7.59
Europe,Other EU7 countries,Onshore conventional oil,Upstream,Oil,Continuous LDAR,0.19,-7.58
Europe,Other EU7 countries,Onshore conventional gas,Upstream,Gas,Continuous LDAR,0.18,-7.58
Europe,Other countries in Europe,Onshore conventional oil,Upstream,Oil,Blowdown capture,0.03,-7.58
Europe,Netherlands,Onshore conventional gas,Upstream,Gas,Replace pumps,0.03,-7.58
Europe,Poland,Downstream gas,Downstream,Gas,Vapour recovery units,0.01,-7.56
Europe,Other countries in Europe,Onshore conventional oil,Upstream,Oil,Blowdown capture,0.05,-7.54
Europe,Estonia,Onshore conventional oil,Upstream,Oil,Biannual LDAR,0.03,-7.54
Europe,Italy,Onshore conventional gas,Upstream,Gas,Annual LDAR,0.01,-7.52
Europe,Italy,Onshore conventional oil,Upstream,Oil,Annual LDAR,0.03,-7.52
Asia Pacific,Japan,Onshore conventional gas,Upstream,Gas,Replace pumps,0.24,-7.52
Europe,Other EU17 countries,Onshore conventional oil,Upstream,Oil,Annual LDAR,0.03,-7.5
Europe,Other EU17 countries,Unconventional gas,Upstream,Gas,Annual LDAR,0.01,-7.5
Europe,Other EU17 countries,Onshore conventional gas,Upstream,Gas,Annual LDAR,0.03,-7.5
Central and South America,Brazil,Onshore conventional gas,Upstream,Gas,Annual LDAR,0.15,-7.49
Central and South America,Brazil,Onshore conventional oil,Upstream,Oil,Annual LDAR,0.28,-7.49
Central and South America,Brazil,Onshore conventional oil,Upstream,Oil,Continuous LDAR,5.11,-7.46
Central and South America,Brazil,Onshore conventional gas,Upstream,Gas,Continuous LDAR,2.66,-7.46
Europe,Romania,Onshore conventional gas,Upstream,Gas,Annual LDAR,0.37,-7.44
Europe,Romania,Onshore conventional oil,Upstream,Oil,Annual LDAR,0.13,-7.44
Europe,Romania,Onshore conventional oil,Upstream,Oil,Replace pumps,3.81,-7.44
Asia Pacific,Bangladesh,Satellite - upstream,Upstream,Gas,Daily LDAR,28.88,-7.42
Asia Pacific,Pakistan,Satellite - upstream,Upstream,Gas,Daily LDAR,13.84,-7.4
Europe,Israel,Onshore conventional oil,Upstream,Oil,Annual LDAR,0.01,-7.39
Europe,Other countries in Europe,Onshore conventional oil,Upstream,Oil,Quarterly LDAR,2.55,-7.38
Europe,Other countries in Europe,Onshore conventional gas,Upstream,Gas,Quarterly LDAR,0.44,-7.38
Central and South America,Brazil,Onshore conventional gas,Upstream,Gas,Biannual LDAR,0.44,-7.35
Central and South America,Brazil,Onshore conventional oil,Upstream,Oil,Biannual LDAR,0.85,-7.35
Europe,Poland,Onshore conventional gas,Upstream,Gas,Continuous LDAR,1.06,-7.32
Europe,Poland,Onshore conventional oil,Upstream,Oil,Continuous LDAR,0.16,-7.32
Europe,Poland,Unconventional gas,Upstream,Gas,Continuous LDAR,0.33,-7.32
Europe,Other EU7 countries,Onshore conventional oil,Upstream,Oil,Quarterly LDAR,0.18,-7.29
Europe,Other EU7 countries,Onshore conventional gas,Upstream,Gas,Quarterly LDAR,0.16,-7.29
Europe,Germany,Unconventional gas,Upstream,Gas,Annual LDAR,0.01,-7.28
Europe,Germany,Onshore conventional gas,Upstream,Gas,Annual LDAR,0.04,-7.28
Europe,Germany,Onshore conventional oil,Upstream,Oil,Annual LDAR,0.01,-7.28
Europe,Romania,Onshore conventional oil,Upstream,Oil,Blowdown capture,0.04,-7.27
Europe,France,Onshore conventional oil,Upstream,Oil,Annual LDAR,0.01,-7.25
Asia Pacific,Japan,Onshore conventional gas,Upstream,Gas,Quarterly LDAR,0.69,-7.22
Asia Pacific,Japan,Onshore conventional oil,Upstream,Oil,Quarterly LDAR,0.09,-7.22
Central and South America,Brazil,Onshore conventional gas,Upstream,Gas,Replace with instrument air systems,0.01,-7.22
Central and South America,Brazil,Offshore gas,Upstream,Gas,Replace with instrument air systems,3.12,-7.22
Europe,Netherlands,Onshore conventional gas,Upstream,Gas,Annual LDAR,0.01,-7.21
Central and South America,Brazil,Offshore gas,Upstream,Gas,Continuous LDAR,6.55,-7.19
Central and South America,Brazil,Offshore oil,Upstream,Oil,Continuous LDAR,67.07,-7.19
Central and South America,Brazil,Offshore oil,Upstream,Oil,Replace with instrument air systems,50.56,-7.14
Europe,Other countries in Europe,Onshore conventional oil,Upstream,Oil,Annual LDAR,0.08,-7.14
Europe,Poland,Unconventional gas,Upstream,Gas,Quarterly LDAR,0.31,-7.14
Europe,Poland,Onshore conventional oil,Upstream,Oil,Quarterly LDAR,0.15,-7.14
Europe,Poland,Onshore conventional gas,Upstream,Gas,Quarterly LDAR,0.99,-7.14
Europe,Ukraine,Satellite - downstream,Downstream,Oil,Daily LDAR,1.76,-7.13
Central and South America,Brazil,Offshore oil,Upstream,Oil,Annual LDAR,3.73,-7.11
Central and South America,Brazil,Offshore gas,Upstream,Gas,Annual LDAR,0.36,-7.11
Asia Pacific,China,Onshore conventional gas,Upstream,Gas,Annual LDAR,2.04,-7.1
Asia Pacific,China,Unconventional gas,Upstream,Gas,Annual LDAR,5.04,-7.1
Asia Pacific,China,Onshore conventional oil,Upstream,Oil,Annual LDAR,4.01,-7.1
Asia Pacific,Japan,Onshore conventional oil,Upstream,Oil,Continuous LDAR,0.1,-7.09
Asia Pacific,Japan,Onshore conventional gas,Upstream,Gas,Continuous LDAR,0.73,-7.09
Asia Pacific,India,Onshore conventional gas,Upstream,Gas,Annual LDAR,0.42,-7.09
Asia Pacific,India,Unconventional gas,Upstream,Gas,Annual LDAR,0.23,-7.09
Asia Pacific,India,Onshore conventional oil,Upstream,Oil,Annual LDAR,1.01,-7.09
Europe,Romania,Downstream gas,Downstream,Gas,Vapour recovery units,0.02,-7.09
Europe,Italy,Onshore conventional oil,Upstream,Oil,Biannual LDAR,0.09,-7.08
Europe,Italy,Onshore conventional gas,Upstream,Gas,Biannual LDAR,0.02,-7.08
Asia Pacific,Brunei,Onshore conventional gas,Upstream,Gas,Annual LDAR,0.02,-7.06
Asia Pacific,Brunei,Onshore conventional oil,Upstream,Oil,Annual LDAR,0.01,-7.06
Asia Pacific,Thailand,Onshore conventional gas,Upstream,Gas,Annual LDAR,0.05,-7.06
Asia Pacific,Thailand,Onshore conventional oil,Upstream,Oil,Annual LDAR,0.08,-7.06
Europe,Other EU17 countries,Onshore conventional oil,Upstream,Oil,Biannual LDAR,0.09,-7.06
Europe,Other EU17 countries,Unconventional gas,Upstream,Gas,Biannual LDAR,0.02,-7.06
Europe,Other EU17 countries,Onshore conventional gas,Upstream,Gas,Biannual LDAR,0.1,-7.06
Asia Pacific,Other countries in Southeast Asia,Onshore conventional oil,Upstream,Oil,Annual LDAR,0.01,-7.06
Asia Pacific,Other countries in Southeast Asia,Onshore conventional gas,Upstream,Gas,Annual LDAR,0.01,-7.06
Asia Pacific,Malaysia,Onshore conventional oil,Upstream,Oil,Annual LDAR,0.04,-7.06
Europe,Ukraine,Offshore gas,Upstream,Gas,Biannual LDAR,0.13,-7.05
Europe,United Kingdom,Unconventional gas,Upstream,Gas,Replace pumps,0.01,-7.05
Europe,Italy,Offshore gas,Upstream,Gas,Replace with instrument air systems,0.06,-7.05
Europe,Italy,Offshore oil,Upstream,Oil,Replace with instrument air systems,0.04,-7.05
Europe,Other EU17 countries,Offshore gas,Upstream,Gas,Replace with instrument air systems,0.11,-7.03
Asia Pacific,Other countries in Southeast Asia,Onshore conventional oil,Upstream,Oil,Continuous LDAR,0.23,-7.02
Asia Pacific,Other countries in Southeast Asia,Onshore conventional gas,Upstream,Gas,Continuous LDAR,0.18,-7.02
Asia Pacific,Malaysia,Onshore conventional oil,Upstream,Oil,Continuous LDAR,0.76,-7.02
Asia Pacific,Thailand,Onshore conventional oil,Upstream,Oil,Continuous LDAR,1.42,-7.02
Asia Pacific,Thailand,Onshore conventional gas,Upstream,Gas,Continuous LDAR,0.86,-7.02
Asia Pacific,Brunei,Onshore conventional oil,Upstream,Oil,Continuous LDAR,0.16,-7.02
Asia Pacific,Brunei,Onshore conventional gas,Upstream,Gas,Continuous LDAR,0.27,-7.02
Central and South America,Brazil,Onshore conventional oil,Upstream,Oil,Quarterly LDAR,4.79,-7.02
Central and South America,Brazil,Onshore conventional gas,Upstream,Gas,Quarterly LDAR,2.49,-7.02
Asia Pacific,Viet Nam,Onshore conventional gas,Upstream,Gas,Continuous LDAR,0.01,-7.02
Europe,Other EU17 countries,Offshore oil,Upstream,Oil,Replace with instrument air systems,0.03,-7
Europe,Ukraine,Onshore conventional gas,Upstream,Gas,Blowdown capture,43.13,-6.99
Europe,Romania,Onshore conventional gas,Upstream,Gas,Biannual LDAR,1.1,-6.98
Europe,Romania,Onshore conventional oil,Upstream,Oil,Biannual LDAR,0.4,-6.98
Europe,Other countries in Europe,Onshore conventional gas,Upstream,Gas,Blowdown capture,0.82,-6.98
Europe,Estonia,Onshore conventional oil,Upstream,Oil,Continuous LDAR,0.2,-6.98
Europe,Poland,Onshore conventional gas,Upstream,Gas,Blowdown capture,2.52,-6.96
Europe,Poland,Unconventional gas,Upstream,Gas,Blowdown capture,0.63,-6.96
Europe,Romania,Offshore gas,Upstream,Gas,Replace with instrument air systems,0.71,-6.95
Asia Pacific,Australia,Satellite - upstream,Upstream,Gas,Daily LDAR,1.12,-6.95
Central and South America,Brazil,Onshore conventional oil,Upstream,Oil,Blowdown capture,0.09,-6.94
Asia Pacific,Brunei,Onshore conventional gas,Upstream,Gas,Biannual LDAR,0.05,-6.93
Asia Pacific,Brunei,Onshore conventional oil,Upstream,Oil,Biannual LDAR,0.03,-6.93
Asia Pacific,Thailand,Onshore conventional gas,Upstream,Gas,Biannual LDAR,0.14,-6.93
Asia Pacific,Thailand,Onshore conventional oil,Upstream,Oil,Biannual LDAR,0.24,-6.93
Europe,Other EU17 countries,Unconventional gas,Upstream,Gas,Blowdown capture,0.18,-6.93
Asia Pacific,Other countries in Southeast Asia,Onshore conventional gas,Upstream,Gas,Biannual LDAR,0.03,-6.93
Asia Pacific,Other countries in Southeast Asia,Onshore conventional oil,Upstream,Oil,Biannual LDAR,0.04,-6.93
Europe,Other EU17 countries,Onshore conventional gas,Upstream,Gas,Blowdown capture,1.01,-6.93
Asia Pacific,Malaysia,Onshore conventional oil,Upstream,Oil,Biannual LDAR,0.13,-6.93
Europe,Germany,Downstream gas,Downstream,Gas,Vapour recovery units,0.03,-6.92
Europe,Estonia,Onshore conventional oil,Upstream,Oil,Quarterly LDAR,0.19,-6.91
Europe,Italy,Onshore conventional gas,Upstream,Gas,Blowdown capture,0.16,-6.91
Europe,Netherlands,Onshore conventional gas,Upstream,Gas,Blowdown capture,0.19,-6.91
Europe,Other EU7 countries,Offshore gas,Upstream,Gas,Continuous LDAR,0.05,-6.91
Europe,United Kingdom,Onshore conventional oil,Upstream,Oil,Annual LDAR,0.01,-6.91
Europe,United Kingdom,Onshore conventional oil,Upstream,Oil,Replace pumps,0.28,-6.91
Asia Pacific,Pakistan,Unconventional gas,Upstream,Gas,Annual LDAR,0.04,-6.9
Asia Pacific,Pakistan,Onshore conventional gas,Upstream,Gas,Annual LDAR,0.89,-6.9
Asia Pacific,Pakistan,Onshore conventional oil,Upstream,Oil,Annual LDAR,0.23,-6.9
Europe,Israel,Onshore conventional oil,Upstream,Oil,Biannual LDAR,0.02,-6.9
Asia Pacific,Indonesia,Onshore conventional oil,Upstream,Oil,Annual LDAR,0.92,-6.9
Asia Pacific,Indonesia,Onshore conventional gas,Upstream,Gas,Annual LDAR,0.72,-6.9
Asia Pacific,Bangladesh,Onshore conventional oil,Upstream,Oil,Annual LDAR,0.01,-6.9
Asia Pacific,Bangladesh,Onshore conventional gas,Upstream,Gas,Annual LDAR,0.44,-6.9
Asia Pacific,China,Unconventional gas,Upstream,Gas,Biannual LDAR,15.11,-6.89
Asia Pacific,China,Onshore conventional gas,Upstream,Gas,Biannual LDAR,6.12,-6.89
Asia Pacific,China,Onshore conventional oil,Upstream,Oil,Biannual LDAR,12.03,-6.89
Europe,Germany,Onshore conventional gas,Upstream,Gas,Blowdown capture,1.65,-6.89
Europe,Germany,Unconventional gas,Upstream,Gas,Blowdown capture,0.33,-6.89
Europe,France,Unconventional gas,Upstream,Gas,Blowdown capture,0.03,-6.89
Europe,Romania,Offshore gas,Upstream,Gas,Replace compressor seal or rod,0.01,-6.89
Europe,Other EU7 countries,Onshore conventional gas,Upstream,Gas,Blowdown capture,0.42,-6.88
Asia Pacific,India,Onshore conventional oil,Upstream,Oil,Biannual LDAR,3.03,-6.88
Asia Pacific,India,Unconventional gas,Upstream,Gas,Biannual LDAR,0.7,-6.88
Asia Pacific,India,Onshore conventional gas,Upstream,Gas,Biannual LDAR,1.26,-6.88
Europe,Israel,Offshore gas,Upstream,Gas,Replace with instrument air systems,1.43,-6.87
Europe,Norway,Offshore gas,Upstream,Gas,Replace compressor seal or rod,0.37,-6.87
Europe,Romania,Onshore conventional gas,Upstream,Gas,Blowdown capture,15.74,-6.85
Asia Pacific,Philippines,Offshore gas,Upstream,Gas,Replace with instrument air systems,0.31,-6.81
Asia Pacific,Thailand,Offshore gas,Upstream,Gas,Replace with instrument air systems,8.31,-6.81
Asia Pacific,Malaysia,Offshore gas,Upstream,Gas,Replace with instrument air systems,15.91,-6.81
Asia Pacific,Other countries in Southeast Asia,Offshore gas,Upstream,Gas,Replace with instrument air systems,2.86,-6.81
Asia Pacific,Brunei,Offshore gas,Upstream,Gas,Replace with instrument air systems,1.02,-6.81
Asia Pacific,Viet Nam,Offshore gas,Upstream,Gas,Replace with instrument air systems,0.88,-6.81
Asia Pacific,China,Offshore gas,Upstream,Gas,Replace with instrument air systems,4.36,-6.8
Asia Pacific,Philippines,Offshore oil,Upstream,Oil,Replace with instrument air systems,0.21,-6.79
Asia Pacific,India,Offshore gas,Upstream,Gas,Replace with instrument air systems,12.15,-6.78
Asia Pacific,India,Onshore conventional gas,Upstream,Gas,Replace with instrument air systems,0.04,-6.78
Asia Pacific,India,Unconventional gas,Upstream,Gas,Replace with instrument air systems,0.02,-6.78
Europe,Israel,Offshore gas,Upstream,Gas,Replace compressor seal or rod,0.01,-6.77
Asia Pacific,Brunei,Offshore gas,Upstream,Gas,Continuous LDAR,2.13,-6.75
Asia Pacific,Brunei,Offshore oil,Upstream,Oil,Continuous LDAR,1.24,-6.75
Asia Pacific,Philippines,Offshore oil,Upstream,Oil,Continuous LDAR,0.27,-6.75
Asia Pacific,Philippines,Offshore gas,Upstream,Gas,Continuous LDAR,0.65,-6.75
Asia Pacific,Thailand,Offshore gas,Upstream,Gas,Continuous LDAR,17.42,-6.75
Asia Pacific,Thailand,Offshore oil,Upstream,Oil,Continuous LDAR,9.03,-6.75
Asia Pacific,Other countries in Southeast Asia,Offshore gas,Upstream,Gas,Continuous LDAR,6,-6.75
Asia Pacific,Malaysia,Offshore gas,Upstream,Gas,Continuous LDAR,33.35,-6.75
Asia Pacific,Malaysia,Offshore oil,Upstream,Oil,Continuous LDAR,15.91,-6.75
Asia Pacific,Viet Nam,Offshore gas,Upstream,Gas,Continuous LDAR,1.83,-6.75
Asia Pacific,Viet Nam,Offshore oil,Upstream,Oil,Continuous LDAR,5.59,-6.75
Asia Pacific,India,Onshore conventional oil,Upstream,Oil,Blowdown capture,0.32,-6.74
Europe,Germany,Onshore conventional oil,Upstream,Oil,Biannual LDAR,0.03,-6.73
Europe,Germany,Offshore oil,Upstream,Oil,Replace with instrument air systems,0.15,-6.73
Europe,Germany,Unconventional gas,Upstream,Gas,Biannual LDAR,0.03,-6.73
Europe,Germany,Onshore conventional gas,Upstream,Gas,Biannual LDAR,0.12,-6.73
Asia Pacific,Brunei,Offshore oil,Upstream,Oil,Replace with instrument air systems,0.93,-6.73
Europe,Other countries in Europe,Onshore conventional gas,Upstream,Gas,Blowdown capture,0.01,-6.73
Asia Pacific,India,Offshore oil,Upstream,Oil,Replace with instrument air systems,21.35,-6.72
Asia Pacific,Malaysia,Offshore oil,Upstream,Oil,Replace with instrument air systems,12,-6.71
Asia Pacific,Malaysia,Offshore oil,Upstream,Oil,Annual LDAR,0.88,-6.7
Asia Pacific,Malaysia,Offshore gas,Upstream,Gas,Annual LDAR,1.85,-6.7
Asia Pacific,Other countries in Southeast Asia,Offshore gas,Upstream,Gas,Annual LDAR,0.33,-6.7
Asia Pacific,Thailand,Offshore oil,Upstream,Oil,Annual LDAR,0.5,-6.7
Asia Pacific,Thailand,Offshore gas,Upstream,Gas,Annual LDAR,0.97,-6.7
Asia Pacific,Philippines,Offshore gas,Upstream,Gas,Annual LDAR,0.04,-6.7
Asia Pacific,Philippines,Offshore oil,Upstream,Oil,Annual LDAR,0.02,-6.7
Asia Pacific,Brunei,Offshore oil,Upstream,Oil,Annual LDAR,0.07,-6.7
Asia Pacific,Brunei,Offshore gas,Upstream,Gas,Annual LDAR,0.12,-6.7
Asia Pacific,Viet Nam,Offshore oil,Upstream,Oil,Annual LDAR,0.31,-6.7
Asia Pacific,Viet Nam,Offshore gas,Upstream,Gas,Annual LDAR,0.1,-6.7
Europe,France,Onshore conventional oil,Upstream,Oil,Biannual LDAR,0.03,-6.69
Asia Pacific,Indonesia,Onshore conventional gas,Upstream,Gas,Biannual LDAR,2.16,-6.68
Asia Pacific,Indonesia,Onshore conventional oil,Upstream,Oil,Biannual LDAR,2.77,-6.68
Asia Pacific,Bangladesh,Onshore conventional gas,Upstream,Gas,Biannual LDAR,1.31,-6.68
Asia Pacific,Bangladesh,Onshore conventional oil,Upstream,Oil,Biannual LDAR,0.02,-6.68
Europe,Romania,Offshore oil,Upstream,Oil,Replace with instrument air systems,0.28,-6.68
Asia Pacific,Pakistan,Onshore conventional oil,Upstream,Oil,Biannual LDAR,0.68,-6.68
Asia Pacific,Pakistan,Onshore conventional gas,Upstream,Gas,Biannual LDAR,2.68,-6.68
Asia Pacific,Pakistan,Unconventional gas,Upstream,Gas,Biannual LDAR,0.13,-6.68
Asia Pacific,Japan,Onshore conventional oil,Upstream,Oil,Replace pumps,0.14,-6.67
Middle East,Jordan,Satellite - upstream,Upstream,Gas,Daily LDAR,0.88,-6.66
Middle East,Bahrain,Satellite - upstream,Upstream,Gas,Daily LDAR,1.76,-6.66
Russia & Caspian,Azerbaijan,Satellite - upstream,Upstream,Gas,Daily LDAR,6.64,-6.66
Africa,Angola,Satellite - upstream,Upstream,Gas,Daily LDAR,10,-6.66
Asia Pacific,China,Unconventional gas,Upstream,Gas,Continuous LDAR,90.68,-6.66
Asia Pacific,China,Onshore conventional gas,Upstream,Gas,Continuous LDAR,36.73,-6.66
Asia Pacific,China,Onshore conventional oil,Upstream,Oil,Continuous LDAR,72.16,-6.66
Middle East,Oman,Satellite - upstream,Upstream,Gas,Daily LDAR,0.48,-6.66
Africa,Nigeria,Satellite - upstream,Upstream,Gas,Daily LDAR,10.88,-6.66
Middle East,United Arab Emirates,Satellite - upstream,Upstream,Gas,Daily LDAR,0.88,-6.66
Central and South America,Venezuela,Satellite - upstream,Upstream,Gas,Daily LDAR,18.16,-6.66
Russia & Caspian,Turkmenistan,Satellite - upstream,Upstream,Gas,Daily LDAR,1443.52,-6.65
Africa,Algeria,Satellite - upstream,Upstream,Gas,Daily LDAR,44.24,-6.65
Central and South America,Argentina,Satellite - upstream,Upstream,Gas,Daily LDAR,2.88,-6.65
Russia & Caspian,Kazakhstan,Satellite - upstream,Upstream,Gas,Daily LDAR,88.64,-6.65
Middle East,Kuwait,Satellite - upstream,Upstream,Gas,Daily LDAR,4.72,-6.65
Africa,Libya,Satellite - upstream,Upstream,Gas,Daily LDAR,10.88,-6.65
Asia Pacific,India,Unconventional gas,Upstream,Gas,Continuous LDAR,4.2,-6.65
Asia Pacific,India,Onshore conventional oil,Upstream,Oil,Continuous LDAR,18.16,-6.65
Asia Pacific,India,Onshore conventional gas,Upstream,Gas,Continuous LDAR,7.56,-6.65
Middle East,Iran,Satellite - upstream,Upstream,Gas,Daily LDAR,41.84,-6.64
Asia Pacific,Thailand,Offshore oil,Upstream,Oil,Replace with instrument air systems,6.81,-6.64
Russia & Caspian,Uzbekistan,Satellite - upstream,Upstream,Gas,Daily LDAR,69.28,-6.64
Middle East,Yemen,Satellite - upstream,Upstream,Gas,Daily LDAR,2.4,-6.63
Middle East,Syria,Satellite - upstream,Upstream,Gas,Daily LDAR,90.64,-6.63
Europe,Netherlands,Offshore gas,Upstream,Gas,Replace with instrument air systems,0.18,-6.63
Europe,Netherlands,Offshore oil,Upstream,Oil,Replace with instrument air systems,0.01,-6.63
Middle East,Iraq,Satellite - upstream,Upstream,Gas,Daily LDAR,27.04,-6.63
Europe,Netherlands,Onshore conventional gas,Upstream,Gas,Biannual LDAR,0.02,-6.62
Asia Pacific,New Zealand,Onshore conventional gas,Upstream,Gas,Annual LDAR,0.02,-6.62
Asia Pacific,Pakistan,Onshore conventional oil,Upstream,Oil,Blowdown capture,0.07,-6.62
Asia Pacific,Viet Nam,Offshore oil,Upstream,Oil,Replace with instrument air systems,4.22,-6.62
Asia Pacific,Viet Nam,Onshore conventional gas,Upstream,Gas,Quarterly LDAR,0.01,-6.61
Asia Pacific,Other countries in Southeast Asia,Onshore conventional gas,Upstream,Gas,Quarterly LDAR,0.17,-6.61
Asia Pacific,Other countries in Southeast Asia,Onshore conventional oil,Upstream,Oil,Quarterly LDAR,0.21,-6.61
Asia Pacific,Malaysia,Onshore conventional oil,Upstream,Oil,Quarterly LDAR,0.71,-6.61
Asia Pacific,Thailand,Onshore conventional gas,Upstream,Gas,Quarterly LDAR,0.81,-6.61
Asia Pacific,Thailand,Onshore conventional oil,Upstream,Oil,Quarterly LDAR,1.33,-6.61
Asia Pacific,Brunei,Onshore conventional gas,Upstream,Gas,Quarterly LDAR,0.26,-6.61
Asia Pacific,Brunei,Onshore conventional oil,Upstream,Oil,Quarterly LDAR,0.15,-6.61
Asia Pacific,China,Offshore gas,Upstream,Gas,Annual LDAR,0.51,-6.6
Asia Pacific,China,Offshore oil,Upstream,Oil,Annual LDAR,1.41,-6.6
Middle East,Saudi Arabia,Satellite - upstream,Upstream,Gas,Daily LDAR,0.48,-6.6
Asia Pacific,Pakistan,Onshore conventional gas,Upstream,Gas,Replace with instrument air systems,0.09,-6.58
Asia Pacific,Bangladesh,Onshore conventional gas,Upstream,Gas,Replace with instrument air systems,0.04,-6.58
Asia Pacific,Indonesia,Offshore gas,Upstream,Gas,Replace with instrument air systems,9.32,-6.58
Asia Pacific,Indonesia,Onshore conventional gas,Upstream,Gas,Replace with instrument air systems,0.07,-6.58
Asia Pacific,India,Offshore gas,Upstream,Gas,Annual LDAR,1.41,-6.58
Asia Pacific,India,Offshore oil,Upstream,Oil,Annual LDAR,1.57,-6.58
Asia Pacific,Viet Nam,Downstream gas,Downstream,Gas,Vapour recovery units,0.01,-6.58
Europe,Italy,Offshore gas,Upstream,Gas,Annual LDAR,0.01,-6.57
Europe,Other EU17 countries,Offshore gas,Upstream,Gas,Annual LDAR,0.01,-6.53
Europe,Other countries in Europe,Onshore conventional oil,Upstream,Oil,Biannual LDAR,0.25,-6.52
Europe,Other countries in Europe,Offshore gas,Upstream,Gas,Replace with instrument air systems,0.29,-6.52
Asia Pacific,Malaysia,Onshore conventional oil,Upstream,Oil,Blowdown capture,0.01,-6.52
Europe,Denmark,Offshore gas,Upstream,Gas,Replace with instrument air systems,0.14,-6.52
Asia Pacific,China,Offshore oil,Upstream,Oil,Replace with instrument air systems,19.16,-6.51
Europe,Denmark,Offshore oil,Upstream,Oil,Replace with instrument air systems,0.33,-6.5
Europe,Ukraine,Onshore conventional gas,Upstream,Gas,Vapour recovery units,14.01,-6.5
Europe,United Kingdom,Onshore conventional oil,Upstream,Oil,Biannual LDAR,0.03,-6.48
Europe,United Kingdom,Unconventional gas,Upstream,Gas,Biannual LDAR,0.01,-6.48
Asia Pacific,Pakistan,Unconventional gas,Upstream,Gas,Continuous LDAR,0.79,-6.46
Asia Pacific,Pakistan,Onshore conventional gas,Upstream,Gas,Continuous LDAR,16.09,-6.46
Asia Pacific,Pakistan,Onshore conventional oil,Upstream,Oil,Continuous LDAR,4.09,-6.46
Europe,Other EU7 countries,Offshore gas,Upstream,Gas,Biannual LDAR,0.01,-6.46
Asia Pacific,Indonesia,Onshore conventional gas,Upstream,Gas,Continuous LDAR,12.97,-6.46
Asia Pacific,Indonesia,Unconventional gas,Upstream,Gas,Continuous LDAR,0.01,-6.46
Asia Pacific,Indonesia,Onshore conventional oil,Upstream,Oil,Continuous LDAR,16.6,-6.46
Asia Pacific,Indonesia,Offshore oil,Upstream,Oil,Replace with instrument air systems,2.99,-6.46
Asia Pacific,Bangladesh,Onshore conventional oil,Upstream,Oil,Continuous LDAR,0.09,-6.46
Asia Pacific,Bangladesh,Onshore conventional gas,Upstream,Gas,Continuous LDAR,7.89,-6.46
Asia Pacific,Indonesia,Onshore conventional oil,Upstream,Oil,Blowdown capture,0.3,-6.45
Asia Pacific,Japan,Onshore conventional gas,Upstream,Gas,Vapour recovery units,0.57,-6.45
Europe,United Kingdom,Offshore gas,Upstream,Gas,Replace with instrument air systems,1.65,-6.44
Europe,Poland,Offshore gas,Upstream,Gas,Continuous LDAR,0.01,-6.43
Europe,Poland,Offshore oil,Upstream,Oil,Continuous LDAR,0.09,-6.43
Europe,Romania,Offshore oil,Upstream,Oil,Annual LDAR,0.02,-6.42
Europe,Romania,Offshore gas,Upstream,Gas,Annual LDAR,0.08,-6.42
Asia Pacific,China,Onshore conventional oil,Upstream,Oil,Quarterly LDAR,67.65,-6.42
Asia Pacific,China,Unconventional gas,Upstream,Gas,Quarterly LDAR,85.01,-6.42
Asia Pacific,China,Onshore conventional gas,Upstream,Gas,Quarterly LDAR,34.43,-6.42
Asia Pacific,China,Onshore conventional oil,Upstream,Oil,Blowdown capture,1.29,-6.41
Asia Pacific,Australia,Onshore conventional oil,Upstream,Oil,Blowdown capture,0.01,-6.41
Asia Pacific,Thailand,Onshore conventional oil,Upstream,Oil,Blowdown capture,0.03,-6.41
Asia Pacific,India,Onshore conventional oil,Upstream,Oil,Quarterly LDAR,17.03,-6.4
Asia Pacific,India,Unconventional gas,Upstream,Gas,Quarterly LDAR,3.94,-6.4
Asia Pacific,India,Onshore conventional gas,Upstream,Gas,Quarterly LDAR,7.09,-6.4
Europe,Other countries in Europe,Onshore conventional gas,Upstream,Gas,Vapour recovery units,0.25,-6.39
Europe,Ukraine,Downstream oil,Downstream,Oil,Biannual LDAR,0.29,-6.37
Europe,Ukraine,Downstream gas,Downstream,Gas,Biannual LDAR,9.9,-6.37
Africa,South Africa,Downstream oil,Downstream,Oil,Biannual LDAR,0.09,-6.37
Africa,South Africa,Downstream gas,Downstream,Gas,Biannual LDAR,0.37,-6.37
Asia Pacific,Indonesia,Offshore gas,Upstream,Gas,Annual LDAR,1.09,-6.37
Asia Pacific,Indonesia,Offshore oil,Upstream,Oil,Annual LDAR,0.22,-6.37
Europe,Other EU7 countries,Onshore conventional gas,Upstream,Gas,Vapour recovery units,0.14,-6.36
Central and South America,Brazil,Offshore gas,Upstream,Gas,Biannual LDAR,1.09,-6.35
Central and South America,Brazil,Offshore oil,Upstream,Oil,Biannual LDAR,11.18,-6.35
Russia & Caspian,Azerbaijan,Onshore conventional oil,Upstream,Oil,Annual LDAR,0.03,-6.31
Asia Pacific,Bangladesh,Downstream gas,Downstream,Gas,Vapour recovery units,0.03,-6.31
Europe,Israel,Offshore gas,Upstream,Gas,Annual LDAR,0.17,-6.31
Africa,South Africa,Downstream oil,Downstream,Oil,Annual LDAR,0.03,-6.31
Africa,South Africa,Downstream gas,Downstream,Gas,Annual LDAR,0.12,-6.31
Europe,Ukraine,Downstream gas,Downstream,Gas,Annual LDAR,3.3,-6.31
Europe,Ukraine,Downstream oil,Downstream,Oil,Annual LDAR,0.1,-6.31
Africa,Tanzania,Onshore conventional gas,Upstream,Gas,Annual LDAR,0.03,-6.3
Africa,South Sudan,Onshore conventional oil,Upstream,Oil,Annual LDAR,0.22,-6.3
Africa,Sudan,Onshore conventional oil,Upstream,Oil,Annual LDAR,0.08,-6.3
Africa,Senegal,Onshore conventional gas,Upstream,Gas,Annual LDAR,0.05,-6.3
Africa,Mozambique,Onshore conventional oil,Upstream,Oil,Annual LDAR,0.08,-6.3
Africa,Mozambique,Onshore conventional gas,Upstream,Gas,Annual LDAR,0.18,-6.3
Africa,Niger,Onshore conventional oil,Upstream,Oil,Annual LDAR,0.09,-6.3
Africa,Nigeria,Onshore conventional gas,Upstream,Gas,Annual LDAR,1.04,-6.3
Africa,Nigeria,Onshore conventional oil,Upstream,Oil,Annual LDAR,2.39,-6.3
Africa,Ghana,Onshore conventional oil,Upstream,Oil,Annual LDAR,0.05,-6.3
Africa,Gabon,Onshore conventional oil,Upstream,Oil,Annual LDAR,0.32,-6.3
Africa,Gabon,Onshore conventional gas,Upstream,Gas,Annual LDAR,0.01,-6.3
Africa,Botswana,Unconventional gas,Upstream,Gas,Annual LDAR,0.01,-6.3
Africa,Angola,Onshore conventional gas,Upstream,Gas,Annual LDAR,0.03,-6.3
Africa,Angola,Onshore conventional oil,Upstream,Oil,Annual LDAR,0.02,-6.3
Africa,Chad,Onshore conventional oil,Upstream,Oil,Annual LDAR,0.22,-6.3
Africa,Congo,Onshore conventional gas,Upstream,Gas,Annual LDAR,0.01,-6.3
Africa,Congo,Onshore conventional oil,Upstream,Oil,Annual LDAR,0.26,-6.3
Africa,Democratic Republic of Congo,Onshore conventional oil,Upstream,Oil,Annual LDAR,0.02,-6.3
Other,Other,Onshore conventional oil,Upstream,Oil,Annual LDAR,0.01,-6.29
Russia & Caspian,Turkmenistan,Onshore conventional oil,Upstream,Oil,Annual LDAR,1.54,-6.29
Russia & Caspian,Turkmenistan,Onshore conventional gas,Upstream,Gas,Annual LDAR,7.24,-6.29
Europe,United Kingdom,Onshore conventional gas,Upstream,Gas,Blowdown capture,0.02,-6.29
Europe,United Kingdom,Offshore gas,Upstream,Gas,Replace compressor seal or rod,0.01,-6.29
Europe,United Kingdom,Unconventional gas,Upstream,Gas,Blowdown capture,0.1,-6.29
Asia Pacific,Bangladesh,Satellite - downstream,Downstream,Oil,Daily LDAR,25.76,-6.28
Russia & Caspian,Kazakhstan,Onshore conventional gas,Upstream,Gas,Annual LDAR,0.48,-6.28
Russia & Caspian,Kazakhstan,Onshore conventional oil,Upstream,Oil,Annual LDAR,1.55,-6.28
Africa,Libya,Onshore conventional gas,Upstream,Gas,Annual LDAR,0.1,-6.26
Africa,Libya,Onshore conventional oil,Upstream,Oil,Annual LDAR,2.21,-6.26
Africa,Gabon,Onshore conventional gas,Upstream,Gas,Continuous LDAR,0.16,-6.26
Africa,Gabon,Onshore conventional oil,Upstream,Oil,Continuous LDAR,5.77,-6.26
Africa,Ghana,Onshore conventional oil,Upstream,Oil,Continuous LDAR,0.95,-6.26
Africa,Egypt,Onshore conventional gas,Upstream,Gas,Annual LDAR,0.19,-6.26
Africa,Egypt,Unconventional gas,Upstream,Gas,Annual LDAR,0.03,-6.26
Africa,Egypt,Onshore conventional oil,Upstream,Oil,Annual LDAR,0.64,-6.26
Africa,Botswana,Unconventional gas,Upstream,Gas,Continuous LDAR,0.18,-6.26
Russia & Caspian,Azerbaijan,Onshore conventional oil,Upstream,Oil,Continuous LDAR,0.62,-6.26
Africa,Angola,Onshore conventional oil,Upstream,Oil,Continuous LDAR,0.27,-6.26
Africa,Angola,Onshore conventional gas,Upstream,Gas,Continuous LDAR,0.5,-6.26
Africa,Algeria,Unconventional gas,Upstream,Gas,Annual LDAR,0.04,-6.26
Africa,Algeria,Onshore conventional gas,Upstream,Gas,Annual LDAR,1.96,-6.26
Africa,Algeria,Onshore conventional oil,Upstream,Oil,Annual LDAR,3.41,-6.26
Africa,Democratic Republic of Congo,Onshore conventional oil,Upstream,Oil,Continuous LDAR,0.42,-6.26
Africa,Congo,Onshore conventional oil,Upstream,Oil,Continuous LDAR,4.67,-6.26
Africa,Congo,Onshore conventional gas,Upstream,Gas,Continuous LDAR,0.14,-6.26
Central and South America,Colombia,Onshore conventional gas,Upstream,Gas,Continuous LDAR,8.97,-6.26
Central and South America,Colombia,Onshore conventional oil,Upstream,Oil,Continuous LDAR,45.8,-6.26
Africa,Chad,Onshore conventional oil,Upstream,Oil,Continuous LDAR,4.01,-6.26
Africa,Cameroon,Onshore conventional gas,Upstream,Gas,Continuous LDAR,0.02,-6.26
Europe,Ukraine,Onshore conventional gas,Upstream,Gas,Replace pumps,5.99,-6.26
Africa,Tanzania,Onshore conventional gas,Upstream,Gas,Continuous LDAR,0.52,-6.26
Africa,Tunisia,Onshore conventional gas,Upstream,Gas,Annual LDAR,0.03,-6.26
Africa,Tunisia,Onshore conventional oil,Upstream,Oil,Annual LDAR,0.04,-6.26
Africa,Senegal,Onshore conventional gas,Upstream,Gas,Continuous LDAR,0.86,-6.26
Africa,Sudan,Onshore conventional oil,Upstream,Oil,Continuous LDAR,1.38,-6.26
Africa,South Sudan,Onshore conventional oil,Upstream,Oil,Continuous LDAR,4,-6.26
Asia Pacific,Pakistan,Satellite - downstream,Downstream,Oil,Daily LDAR,43.68,-6.26
Africa,Nigeria,Onshore conventional gas,Upstream,Gas,Continuous LDAR,18.78,-6.26
Africa,Niger,Onshore conventional oil,Upstream,Oil,Continuous LDAR,1.61,-6.26
Asia Pacific,New Zealand,Onshore conventional oil,Upstream,Oil,Biannual LDAR,0.01,-6.26
Asia Pacific,New Zealand,Onshore conventional gas,Upstream,Gas,Biannual LDAR,0.06,-6.26
Africa,Nigeria,Onshore conventional oil,Upstream,Oil,Continuous LDAR,43,-6.26
Africa,Mozambique,Onshore conventional gas,Upstream,Gas,Continuous LDAR,3.18,-6.26
Africa,Mozambique,Onshore conventional oil,Upstream,Oil,Continuous LDAR,1.46,-6.26
Africa,Morocco,Onshore conventional gas,Upstream,Gas,Continuous LDAR,0.01,-6.25
Other,Other,Onshore conventional oil,Upstream,Oil,Annual LDAR,0.01,-6.25
Other,Other,Onshore conventional gas,Upstream,Gas,Annual LDAR,0.01,-6.25
Europe,Poland,Onshore conventional gas,Upstream,Gas,Vapour recovery units,0.82,-6.25
Africa,Tunisia,Onshore conventional oil,Upstream,Oil,Continuous LDAR,0.76,-6.25
Africa,Tunisia,Onshore conventional gas,Upstream,Gas,Continuous LDAR,0.52,-6.25
Africa,Algeria,Onshore conventional oil,Upstream,Oil,Continuous LDAR,61.35,-6.25
Africa,Algeria,Onshore conventional gas,Upstream,Gas,Continuous LDAR,35.21,-6.25
Africa,Algeria,Unconventional gas,Upstream,Gas,Continuous LDAR,0.69,-6.25
Central and South America,Brazil,Onshore conventional gas,Upstream,Gas,Blowdown capture,4.59,-6.25
Africa,Egypt,Onshore conventional oil,Upstream,Oil,Continuous LDAR,11.47,-6.25
Africa,Egypt,Unconventional gas,Upstream,Gas,Continuous LDAR,0.57,-6.25
Africa,Egypt,Onshore conventional gas,Upstream,Gas,Continuous LDAR,3.39,-6.25
Africa,Libya,Onshore conventional oil,Upstream,Oil,Continuous LDAR,39.83,-6.25
Africa,Libya,Onshore conventional gas,Upstream,Gas,Continuous LDAR,1.76,-6.25
Europe,Israel,Onshore conventional oil,Upstream,Oil,Replace pumps,0.19,-6.24
Central and South America,Ecuador,Onshore conventional gas,Upstream,Gas,Continuous LDAR,0.08,-6.24
Central and South America,Ecuador,Onshore conventional oil,Upstream,Oil,Continuous LDAR,18.3,-6.24
Central and South America,Bolivia,Onshore conventional oil,Upstream,Oil,Continuous LDAR,1.49,-6.24
Central and South America,Bolivia,Onshore conventional gas,Upstream,Gas,Continuous LDAR,3.3,-6.24
Asia Pacific,Australia,Onshore conventional oil,Upstream,Oil,Annual LDAR,0.02,-6.24
Central and South America,Argentina,Unconventional gas,Upstream,Gas,Continuous LDAR,28.7,-6.24
Central and South America,Argentina,Onshore conventional gas,Upstream,Gas,Continuous LDAR,4.29,-6.24
Central and South America,Argentina,Onshore conventional oil,Upstream,Oil,Continuous LDAR,10.49,-6.24
Asia Pacific,Australia,Unconventional gas,Upstream,Gas,Annual LDAR,0.62,-6.24
Central and South America,Argentina,Unconventional oil,Upstream,Oil,Continuous LDAR,32.88,-6.24
Asia Pacific,Australia,Onshore conventional gas,Upstream,Gas,Annual LDAR,0.03,-6.24
Central and South America,Cuba,Onshore conventional oil,Upstream,Oil,Continuous LDAR,0.26,-6.24
Central and South America,Cuba,Onshore conventional gas,Upstream,Gas,Continuous LDAR,0.36,-6.24
Central and South America,Trinidad and Tobago,Onshore conventional gas,Upstream,Gas,Continuous LDAR,0.45,-6.24
Central and South America,Trinidad and Tobago,Onshore conventional oil,Upstream,Oil,Continuous LDAR,0.83,-6.24
Europe,Poland,Offshore oil,Upstream,Oil,Biannual LDAR,0.01,-6.24
Other,Other,Onshore conventional gas,Upstream,Gas,Continuous LDAR,0.01,-6.24
Other,Other,Onshore conventional oil,Upstream,Oil,Continuous LDAR,0.63,-6.24
Central and South America,Peru,Onshore conventional gas,Upstream,Gas,Continuous LDAR,7.71,-6.24
Central and South America,Peru,Onshore conventional oil,Upstream,Oil,Continuous LDAR,2.69,-6.24
Central and South America,Venezuela,Onshore conventional oil,Upstream,Oil,Continuous LDAR,148.1,-6.24
Central and South America,Venezuela,Onshore conventional gas,Upstream,Gas,Continuous LDAR,16.83,-6.24
Central and South America,Venezuela,Onshore conventional gas,Upstream,Gas,Annual LDAR,0.93,-6.23
Central and South America,Venezuela,Onshore conventional oil,Upstream,Oil,Annual LDAR,8.23,-6.23
Central and South America,Peru,Onshore conventional oil,Upstream,Oil,Annual LDAR,0.15,-6.23
Central and South America,Peru,Onshore conventional gas,Upstream,Gas,Annual LDAR,0.43,-6.23
Other,Other,Onshore conventional oil,Upstream,Oil,Annual LDAR,0.03,-6.23
Central and South America,Trinidad and Tobago,Onshore conventional oil,Upstream,Oil,Annual LDAR,0.05,-6.23
Central and South America,Trinidad and Tobago,Onshore conventional gas,Upstream,Gas,Annual LDAR,0.03,-6.23
Central and South America,Cuba,Onshore conventional gas,Upstream,Gas,Annual LDAR,0.02,-6.23
Central and South America,Cuba,Onshore conventional oil,Upstream,Oil,Annual LDAR,0.01,-6.23
Central and South America,Argentina,Unconventional oil,Upstream,Oil,Annual LDAR,1.83,-6.23
Central and South America,Argentina,Onshore conventional oil,Upstream,Oil,Annual LDAR,0.58,-6.23
Central and South America,Argentina,Onshore conventional gas,Upstream,Gas,Annual LDAR,0.24,-6.23
Central and South America,Argentina,Unconventional gas,Upstream,Gas,Annual LDAR,1.59,-6.23
Central and South America,Bolivia,Onshore conventional gas,Upstream,Gas,Annual LDAR,0.18,-6.23
Central and South America,Bolivia,Onshore conventional oil,Upstream,Oil,Annual LDAR,0.08,-6.23
Central and South America,Ecuador,Onshore conventional oil,Upstream,Oil,Annual LDAR,1.02,-6.23
Russia & Caspian,Turkmenistan,Onshore conventional gas,Upstream,Gas,Continuous LDAR,130.35,-6.21
Russia & Caspian,Turkmenistan,Onshore conventional oil,Upstream,Oil,Continuous LDAR,27.63,-6.21
Europe,United Kingdom,Offshore oil,Upstream,Oil,Replace with instrument air systems,3.9,-6.21
Other,Other,Onshore conventional oil,Upstream,Oil,Continuous LDAR,0.22,-6.21
Other,Other,Onshore conventional gas,Upstream,Gas,Continuous LDAR,0.02,-6.21
Europe,Other countries in Europe,Onshore conventional gas,Upstream,Gas,Replace pumps,0.11,-6.21
Asia Pacific,New Zealand,Offshore gas,Upstream,Gas,Replace with instrument air systems,0.17,-6.21
Asia Pacific,Pakistan,Onshore conventional oil,Upstream,Oil,Quarterly LDAR,3.84,-6.2
Asia Pacific,Pakistan,Onshore conventional gas,Upstream,Gas,Quarterly LDAR,15.08,-6.2
Asia Pacific,Pakistan,Unconventional gas,Upstream,Gas,Quarterly LDAR,0.74,-6.2
Asia Pacific,Bangladesh,Onshore conventional oil,Upstream,Oil,Quarterly LDAR,0.09,-6.2
Asia Pacific,Bangladesh,Onshore conventional gas,Upstream,Gas,Quarterly LDAR,7.4,-6.2
Middle East,Bahrain,Onshore conventional oil,Upstream,Oil,Annual LDAR,0.31,-6.19
Middle East,Bahrain,Onshore conventional gas,Upstream,Gas,Annual LDAR,0.5,-6.19
Asia Pacific,Indonesia,Onshore conventional gas,Upstream,Gas,Quarterly LDAR,12.16,-6.19
Middle East,Iraq,Onshore conventional oil,Upstream,Oil,Annual LDAR,5.89,-6.19
Asia Pacific,Indonesia,Unconventional gas,Upstream,Gas,Quarterly LDAR,0.01,-6.19
Asia Pacific,Indonesia,Onshore conventional oil,Upstream,Oil,Quarterly LDAR,15.56,-6.19
Middle East,Iran,Onshore conventional gas,Upstream,Gas,Annual LDAR,0.91,-6.19
Middle East,Iran,Onshore conventional oil,Upstream,Oil,Annual LDAR,7.21,-6.19
Middle East,Iraq,Onshore conventional gas,Upstream,Gas,Annual LDAR,0.13,-6.19
Middle East,Kuwait,Onshore conventional oil,Upstream,Oil,Annual LDAR,2.56,-6.19
Middle East,Kuwait,Onshore conventional gas,Upstream,Gas,Annual LDAR,0.27,-6.19
Middle East,Jordan,Onshore conventional oil,Upstream,Oil,Annual LDAR,0.01,-6.19
Middle East,Oman,Onshore conventional gas,Upstream,Gas,Annual LDAR,0.56,-6.19
Middle East,Oman,Unconventional gas,Upstream,Gas,Annual LDAR,0.45,-6.19
Middle East,Oman,Onshore conventional oil,Upstream,Oil,Annual LDAR,1.39,-6.19
Middle East,United Arab Emirates,Onshore conventional oil,Upstream,Oil,Annual LDAR,1.43,-6.19
Middle East,United Arab Emirates,Onshore conventional gas,Upstream,Gas,Annual LDAR,0.4,-6.19
Middle East,Qatar,Onshore conventional gas,Upstream,Gas,Annual LDAR,0.04,-6.19
Middle East,Qatar,Onshore conventional oil,Upstream,Oil,Annual LDAR,0.37,-6.19
Middle East,Syria,Onshore conventional oil,Upstream,Oil,Annual LDAR,1.1,-6.19
Middle East,Syria,Onshore conventional gas,Upstream,Gas,Annual LDAR,0.45,-6.19
Middle East,Saudi Arabia,Onshore conventional oil,Upstream,Oil,Annual LDAR,3.75,-6.19
Middle East,Saudi Arabia,Unconventional gas,Upstream,Gas,Annual LDAR,0.14,-6.19
Middle East,Saudi Arabia,Onshore conventional gas,Upstream,Gas,Annual LDAR,0.42,-6.19
Middle East,Yemen,Onshore conventional oil,Upstream,Oil,Annual LDAR,0.47,-6.19
Russia & Caspian,Uzbekistan,Onshore conventional gas,Upstream,Gas,Annual LDAR,3.97,-6.19
Russia & Caspian,Uzbekistan,Onshore conventional oil,Upstream,Oil,Annual LDAR,0.53,-6.19
Africa,Senegal,Onshore conventional gas,Upstream,Gas,Biannual LDAR,0.14,-6.17
Africa,Sudan,Onshore conventional oil,Upstream,Oil,Biannual LDAR,0.23,-6.17
Africa,South Sudan,Onshore conventional oil,Upstream,Oil,Biannual LDAR,0.67,-6.17
Europe,Ukraine,Offshore gas,Upstream,Gas,Quarterly LDAR,0.7,-6.17
Africa,Tanzania,Onshore conventional gas,Upstream,Gas,Biannual LDAR,0.09,-6.17
Africa,Niger,Onshore conventional oil,Upstream,Oil,Biannual LDAR,0.27,-6.17
Africa,Nigeria,Onshore conventional oil,Upstream,Oil,Biannual LDAR,7.17,-6.17
Africa,Nigeria,Onshore conventional gas,Upstream,Gas,Biannual LDAR,3.13,-6.17
Africa,Mozambique,Onshore conventional gas,Upstream,Gas,Biannual LDAR,0.53,-6.17
Africa,Mozambique,Onshore conventional oil,Upstream,Oil,Biannual LDAR,0.24,-6.17
Africa,Ghana,Onshore conventional oil,Upstream,Oil,Biannual LDAR,0.16,-6.17
Africa,Gabon,Onshore conventional oil,Upstream,Oil,Biannual LDAR,0.96,-6.17
Africa,Gabon,Onshore conventional gas,Upstream,Gas,Biannual LDAR,0.03,-6.17
Russia & Caspian,Azerbaijan,Onshore conventional oil,Upstream,Oil,Biannual LDAR,0.1,-6.17
Africa,Botswana,Unconventional gas,Upstream,Gas,Biannual LDAR,0.03,-6.17
Africa,Angola,Onshore conventional gas,Upstream,Gas,Biannual LDAR,0.08,-6.17
Africa,Angola,Onshore conventional oil,Upstream,Oil,Biannual LDAR,0.05,-6.17
Africa,Democratic Republic of Congo,Onshore conventional oil,Upstream,Oil,Biannual LDAR,0.07,-6.17
Africa,Congo,Onshore conventional gas,Upstream,Gas,Biannual LDAR,0.02,-6.17
Africa,Congo,Onshore conventional oil,Upstream,Oil,Biannual LDAR,0.78,-6.17
Africa,Chad,Onshore conventional oil,Upstream,Oil,Biannual LDAR,0.67,-6.17
Russia & Caspian,Kazakhstan,Onshore conventional oil,Upstream,Oil,Continuous LDAR,27.82,-6.16
Russia & Caspian,Kazakhstan,Onshore conventional gas,Upstream,Gas,Continuous LDAR,8.62,-6.16
Other,Other,Onshore conventional gas,Upstream,Gas,Annual LDAR,0.24,-6.16
Other,Other,Onshore conventional oil,Upstream,Oil,Annual LDAR,0.07,-6.16
Other,Other,Onshore conventional oil,Upstream,Oil,Biannual LDAR,0.04,-6.15
Russia & Caspian,Turkmenistan,Onshore conventional oil,Upstream,Oil,Biannual LDAR,4.61,-6.15
Russia & Caspian,Turkmenistan,Onshore conventional gas,Upstream,Gas,Biannual LDAR,21.73,-6.15
Asia Pacific,Japan,Downstream oil,Downstream,Oil,Replace with electric motor,1.87,-6.15
Europe,Norway,Onshore conventional oil,Upstream,Oil,Biannual LDAR,0.01,-6.14
Asia Pacific,New Zealand,Offshore oil,Upstream,Oil,Replace with instrument air systems,0.11,-6.13
Russia & Caspian,Kazakhstan,Onshore conventional gas,Upstream,Gas,Biannual LDAR,1.44,-6.13
Russia & Caspian,Kazakhstan,Onshore conventional oil,Upstream,Oil,Biannual LDAR,4.64,-6.13
Africa,Libya,Onshore conventional oil,Upstream,Oil,Biannual LDAR,6.64,-6.11
Africa,Libya,Onshore conventional gas,Upstream,Gas,Biannual LDAR,0.29,-6.11
Europe,Italy,Onshore conventional gas,Upstream,Gas,Quarterly LDAR,0.09,-6.11
Europe,Italy,Onshore conventional oil,Upstream,Oil,Quarterly LDAR,0.53,-6.11
Africa,Egypt,Unconventional gas,Upstream,Gas,Biannual LDAR,0.1,-6.11
Africa,Egypt,Onshore conventional gas,Upstream,Gas,Biannual LDAR,0.57,-6.11
Africa,Egypt,Onshore conventional oil,Upstream,Oil,Biannual LDAR,1.91,-6.11
Africa,Algeria,Unconventional gas,Upstream,Gas,Biannual LDAR,0.11,-6.11
Africa,Algeria,Onshore conventional gas,Upstream,Gas,Biannual LDAR,5.87,-6.11
Africa,Algeria,Onshore conventional oil,Upstream,Oil,Biannual LDAR,10.22,-6.11
Africa,Tunisia,Onshore conventional gas,Upstream,Gas,Biannual LDAR,0.09,-6.11
Africa,Tunisia,Onshore conventional oil,Upstream,Oil,Biannual LDAR,0.13,-6.11
Other,Other,Onshore conventional oil,Upstream,Oil,Biannual LDAR,0.03,-6.1
Other,Other,Onshore conventional oil,Upstream,Oil,Continuous LDAR,0.19,-6.1
Other,Other,Onshore conventional gas,Upstream,Gas,Biannual LDAR,0.04,-6.1
Other,Other,Onshore conventional gas,Upstream,Gas,Continuous LDAR,0.24,-6.1
Europe,Germany,Offshore oil,Upstream,Oil,Annual LDAR,0.01,-6.1
Asia Pacific,Korea,Downstream oil,Downstream,Oil,Replace with electric motor,1.71,-6.1
Asia Pacific,China,Onshore conventional gas,Upstream,Gas,Blowdown capture,87.67,-6.09
Asia Pacific,China,Unconventional gas,Upstream,Gas,Blowdown capture,174.78,-6.09
Europe,Other countries in Europe,Downstream oil,Downstream,Oil,Biannual LDAR,0.25,-6.09
Europe,Other countries in Europe,Downstream gas,Downstream,Gas,Biannual LDAR,5.22,-6.09
Other,Other,Onshore conventional oil,Upstream,Oil,Biannual LDAR,0.1,-6.07
Central and South America,Peru,Onshore conventional gas,Upstream,Gas,Biannual LDAR,1.29,-6.07
Central and South America,Peru,Onshore conventional oil,Upstream,Oil,Biannual LDAR,0.45,-6.07
Europe,Other EU17 countries,Onshore conventional oil,Upstream,Oil,Quarterly LDAR,0.5,-6.07
Europe,Other EU17 countries,Unconventional gas,Upstream,Gas,Quarterly LDAR,0.12,-6.07
Europe,Other EU17 countries,Onshore conventional gas,Upstream,Gas,Quarterly LDAR,0.55,-6.07
Central and South America,Trinidad and Tobago,Onshore conventional gas,Upstream,Gas,Biannual LDAR,0.08,-6.07
Central and South America,Trinidad and Tobago,Onshore conventional oil,Upstream,Oil,Biannual LDAR,0.14,-6.07
Central and South America,Cuba,Onshore conventional oil,Upstream,Oil,Biannual LDAR,0.04,-6.07
Central and South America,Cuba,Onshore conventional gas,Upstream,Gas,Biannual LDAR,0.06,-6.07
Central and South America,Argentina,Unconventional gas,Upstream,Gas,Biannual LDAR,4.78,-6.07
Central and South America,Argentina,Onshore conventional gas,Upstream,Gas,Biannual LDAR,0.72,-6.07
Central and South America,Argentina,Onshore conventional oil,Upstream,Oil,Biannual LDAR,1.75,-6.07
Central and South America,Argentina,Unconventional oil,Upstream,Oil,Biannual LDAR,5.48,-6.07
Central and South America,Bolivia,Onshore conventional oil,Upstream,Oil,Biannual LDAR,0.25,-6.07
Central and South America,Bolivia,Onshore conventional gas,Upstream,Gas,Biannual LDAR,0.55,-6.07
Central and South America,Ecuador,Onshore conventional oil,Upstream,Oil,Biannual LDAR,3.05,-6.07
Central and South America,Ecuador,Onshore conventional gas,Upstream,Gas,Biannual LDAR,0.01,-6.07
Central and South America,Venezuela,Onshore conventional gas,Upstream,Gas,Biannual LDAR,2.8,-6.07
Central and South America,Venezuela,Onshore conventional oil,Upstream,Oil,Biannual LDAR,24.68,-6.07
Russia & Caspian,Azerbaijan,Offshore gas,Upstream,Gas,Replace with instrument air systems,4.53,-6.06
Europe,Other countries in Europe,Downstream gas,Downstream,Gas,Annual LDAR,1.74,-6.06
Europe,Other countries in Europe,Downstream oil,Downstream,Oil,Annual LDAR,0.08,-6.06
Europe,Other countries in Europe,Onshore conventional oil,Upstream,Oil,Replace pumps,2.19,-6.06
Other,Other,Offshore oil,Upstream,Oil,Replace with instrument air systems,0.02,-6.05
Africa,Nigeria,Onshore conventional gas,Upstream,Gas,Replace with instrument air systems,0.1,-6.05
Africa,Nigeria,Offshore gas,Upstream,Gas,Replace with instrument air systems,3.15,-6.05
Africa,Mozambique,Offshore oil,Upstream,Oil,Replace with instrument air systems,1.12,-6.05
Africa,Mozambique,Offshore gas,Upstream,Gas,Replace with instrument air systems,1.78,-6.05
Africa,Tanzania,Offshore gas,Upstream,Gas,Replace with instrument air systems,0.18,-6.05
Africa,Senegal,Offshore oil,Upstream,Oil,Replace with instrument air systems,1.73,-6.05
Africa,Angola,Offshore gas,Upstream,Gas,Replace with instrument air systems,0.02,-6.05
Africa,Cote d'Ivoire,Offshore gas,Upstream,Gas,Replace with instrument air systems,0.43,-6.05
Africa,Cote d'Ivoire,Offshore oil,Upstream,Oil,Replace with instrument air systems,0.48,-6.05
Africa,Congo,Offshore gas,Upstream,Gas,Replace with instrument air systems,0.11,-6.05
Africa,Cameroon,Offshore gas,Upstream,Gas,Replace with instrument air systems,0.52,-6.05
Africa,Equatorial Guinea,Offshore gas,Upstream,Gas,Replace with instrument air systems,2.65,-6.05
Africa,Ghana,Offshore gas,Upstream,Gas,Replace with instrument air systems,0.35,-6.05
Africa,Gabon,Offshore gas,Upstream,Gas,Replace with instrument air systems,0.04,-6.05
Asia Pacific,India,Onshore conventional gas,Upstream,Gas,Blowdown capture,13.05,-6.04
Asia Pacific,India,Unconventional gas,Upstream,Gas,Blowdown capture,6.25,-6.04
Central and South America,Colombia,Offshore gas,Upstream,Gas,Replace with instrument air systems,0.06,-6.04
Central and South America,Colombia,Onshore conventional gas,Upstream,Gas,Replace with instrument air systems,0.02,-6.04
Russia & Caspian,Turkmenistan,Offshore gas,Upstream,Gas,Replace with instrument air systems,3.92,-6.04
Russia & Caspian,Azerbaijan,Offshore oil,Upstream,Oil,Replace with instrument air systems,7.49,-6.02
Russia & Caspian,Kazakhstan,Offshore gas,Upstream,Gas,Replace with instrument air systems,0.55,-6.02
Russia & Caspian,Kazakhstan,Onshore conventional gas,Upstream,Gas,Replace with instrument air systems,0.05,-6.02
Europe,Other EU7 countries,Downstream gas,Downstream,Gas,Biannual LDAR,0.6,-6.01
Europe,Other EU7 countries,Downstream oil,Downstream,Oil,Biannual LDAR,0.04,-6.01
Russia & Caspian,Uzbekistan,Onshore conventional oil,Upstream,Oil,Biannual LDAR,1.6,-6.01
Russia & Caspian,Uzbekistan,Onshore conventional gas,Upstream,Gas,Biannual LDAR,11.9,-6.01
Middle East,Yemen,Onshore conventional oil,Upstream,Oil,Biannual LDAR,1.41,-6
Africa,Nigeria,Offshore oil,Upstream,Oil,Replace with instrument air systems,35.82,-6
Middle East,Oman,Onshore conventional gas,Upstream,Gas,Biannual LDAR,1.68,-6
Middle East,Oman,Onshore conventional oil,Upstream,Oil,Biannual LDAR,4.17,-6
Middle East,Oman,Unconventional gas,Upstream,Gas,Biannual LDAR,1.36,-6
Middle East,United Arab Emirates,Onshore conventional gas,Upstream,Gas,Biannual LDAR,1.2,-6
Middle East,United Arab Emirates,Onshore conventional oil,Upstream,Oil,Biannual LDAR,4.29,-6
Middle East,Syria,Onshore conventional gas,Upstream,Gas,Biannual LDAR,1.34,-6
Middle East,Syria,Onshore conventional oil,Upstream,Oil,Biannual LDAR,3.3,-6
Middle East,Saudi Arabia,Onshore conventional oil,Upstream,Oil,Biannual LDAR,11.25,-6
Middle East,Saudi Arabia,Unconventional gas,Upstream,Gas,Biannual LDAR,0.41,-6
Middle East,Saudi Arabia,Onshore conventional gas,Upstream,Gas,Biannual LDAR,1.26,-6
Middle East,Qatar,Onshore conventional oil,Upstream,Oil,Biannual LDAR,1.12,-6
Middle East,Qatar,Onshore conventional gas,Upstream,Gas,Biannual LDAR,0.13,-6
Russia & Caspian,Kazakhstan,Offshore oil,Upstream,Oil,Replace with instrument air systems,4.67,-6
Middle East,Jordan,Onshore conventional gas,Upstream,Gas,Biannual LDAR,0.01,-6
Middle East,Jordan,Onshore conventional oil,Upstream,Oil,Biannual LDAR,0.04,-6
Middle East,Kuwait,Onshore conventional gas,Upstream,Gas,Biannual LDAR,0.82,-6
Middle East,Kuwait,Onshore conventional oil,Upstream,Oil,Biannual LDAR,7.67,-6
Middle East,Iraq,Onshore conventional oil,Upstream,Oil,Biannual LDAR,17.66,-6
Middle East,Iraq,Onshore conventional gas,Upstream,Gas,Biannual LDAR,0.4,-6
Middle East,Iran,Onshore conventional oil,Upstream,Oil,Biannual LDAR,21.62,-6
Middle East,Iran,Onshore conventional gas,Upstream,Gas,Biannual LDAR,2.72,-6
Africa,Ghana,Offshore oil,Upstream,Oil,Replace with instrument air systems,2.37,-6
Middle East,Bahrain,Onshore conventional gas,Upstream,Gas,Biannual LDAR,1.5,-6
Middle East,Bahrain,Onshore conventional oil,Upstream,Oil,Biannual LDAR,0.93,-6
Russia & Caspian,Azerbaijan,Offshore oil,Upstream,Oil,Continuous LDAR,9.93,-5.99
Russia & Caspian,Azerbaijan,Offshore gas,Upstream,Gas,Continuous LDAR,9.5,-5.99
Africa,Angola,Offshore oil,Upstream,Oil,Continuous LDAR,12.65,-5.99
Africa,Angola,Offshore gas,Upstream,Gas,Continuous LDAR,0.04,-5.99
Central and South America,Colombia,Offshore gas,Upstream,Gas,Continuous LDAR,0.52,-5.99
Africa,Congo,Offshore gas,Upstream,Gas,Continuous LDAR,0.24,-5.99
Africa,Congo,Offshore oil,Upstream,Oil,Continuous LDAR,16.99,-5.99
Africa,Cote d'Ivoire,Offshore oil,Upstream,Oil,Continuous LDAR,0.64,-5.99
Africa,Cote d'Ivoire,Offshore gas,Upstream,Gas,Continuous LDAR,0.9,-5.99
Africa,Democratic Republic of Congo,Offshore oil,Upstream,Oil,Continuous LDAR,0.79,-5.99
Africa,Cameroon,Offshore gas,Upstream,Gas,Continuous LDAR,1.08,-5.99
Africa,Cameroon,Offshore oil,Upstream,Oil,Continuous LDAR,4.7,-5.99
Africa,Gabon,Offshore oil,Upstream,Oil,Continuous LDAR,6.94,-5.99
Africa,Ghana,Offshore oil,Upstream,Oil,Continuous LDAR,3.14,-5.99
Africa,Ghana,Offshore gas,Upstream,Gas,Continuous LDAR,0.74,-5.99
Africa,Equatorial Guinea,Offshore oil,Upstream,Oil,Continuous LDAR,3.74,-5.99
Africa,Equatorial Guinea,Offshore gas,Upstream,Gas,Continuous LDAR,5.55,-5.99
Africa,Gabon,Offshore gas,Upstream,Gas,Continuous LDAR,0.09,-5.99
Africa,Senegal,Offshore oil,Upstream,Oil,Continuous LDAR,2.3,-5.99
Africa,Tanzania,Offshore gas,Upstream,Gas,Continuous LDAR,0.37,-5.99
Africa,Nigeria,Offshore oil,Upstream,Oil,Continuous LDAR,47.51,-5.99
Africa,Nigeria,Offshore gas,Upstream,Gas,Continuous LDAR,6.61,-5.99
Africa,Mozambique,Offshore gas,Upstream,Gas,Continuous LDAR,3.72,-5.99
Africa,Mozambique,Offshore oil,Upstream,Oil,Continuous LDAR,1.49,-5.99
Other,Other,Offshore oil,Upstream,Oil,Continuous LDAR,0.03,-5.99
Other,Other,Offshore gas,Upstream,Gas,Replace with instrument air systems,0.09,-5.98
Asia Pacific,Other countries in Southeast Asia,Offshore gas,Upstream,Gas,Biannual LDAR,1,-5.98
Asia Pacific,Malaysia,Offshore oil,Upstream,Oil,Biannual LDAR,2.65,-5.98
Asia Pacific,Malaysia,Offshore gas,Upstream,Gas,Biannual LDAR,5.56,-5.98
Asia Pacific,Thailand,Offshore gas,Upstream,Gas,Biannual LDAR,2.9,-5.98
Asia Pacific,Thailand,Offshore oil,Upstream,Oil,Biannual LDAR,1.51,-5.98
Africa,Tunisia,Offshore gas,Upstream,Gas,Continuous LDAR,0.34,-5.98
Africa,Tunisia,Offshore oil,Upstream,Oil,Continuous LDAR,0.31,-5.98
Asia Pacific,Philippines,Offshore oil,Upstream,Oil,Biannual LDAR,0.05,-5.98
Asia Pacific,Philippines,Offshore gas,Upstream,Gas,Biannual LDAR,0.11,-5.98
Africa,Egypt,Offshore oil,Upstream,Oil,Continuous LDAR,6.72,-5.98
Africa,Egypt,Offshore gas,Upstream,Gas,Continuous LDAR,14.11,-5.98
Africa,Libya,Offshore oil,Upstream,Oil,Continuous LDAR,1.1,-5.98
Africa,Libya,Offshore gas,Upstream,Gas,Continuous LDAR,1.3,-5.98
Asia Pacific,Brunei,Offshore oil,Upstream,Oil,Biannual LDAR,0.21,-5.98
Asia Pacific,Brunei,Offshore gas,Upstream,Gas,Biannual LDAR,0.35,-5.98
Asia Pacific,Viet Nam,Offshore oil,Upstream,Oil,Biannual LDAR,0.93,-5.98
Asia Pacific,Viet Nam,Offshore gas,Upstream,Gas,Biannual LDAR,0.31,-5.98
Central and South America,Venezuela,Offshore oil,Upstream,Oil,Continuous LDAR,8.17,-5.97
Central and South America,Venezuela,Offshore gas,Upstream,Gas,Continuous LDAR,6.34,-5.97
Central and South America,Cuba,Offshore oil,Upstream,Oil,Continuous LDAR,0.46,-5.97
Africa,Algeria,Onshore conventional gas,Upstream,Gas,Replace with instrument air systems,0.19,-5.97
Central and South America,Argentina,Offshore gas,Upstream,Gas,Continuous LDAR,3.83,-5.97
Central and South America,Argentina,Offshore oil,Upstream,Oil,Continuous LDAR,0.94,-5.97
Africa,Libya,Offshore gas,Upstream,Gas,Replace with instrument air systems,0.62,-5.97
Africa,Libya,Onshore conventional gas,Upstream,Gas,Replace with instrument air systems,0.01,-5.97
Africa,Egypt,Offshore gas,Upstream,Gas,Replace with instrument air systems,6.73,-5.97
Africa,Egypt,Onshore conventional gas,Upstream,Gas,Replace with instrument air systems,0.02,-5.97
Central and South America,Ecuador,Offshore oil,Upstream,Oil,Continuous LDAR,0.19,-5.97
Central and South America,Ecuador,Offshore gas,Upstream,Gas,Continuous LDAR,0.19,-5.97
Central and South America,Guyana,Offshore oil,Upstream,Oil,Continuous LDAR,7.59,-5.97
Africa,Tunisia,Offshore gas,Upstream,Gas,Replace with instrument air systems,0.16,-5.97
Central and South America,Trinidad and Tobago,Offshore oil,Upstream,Oil,Continuous LDAR,1.12,-5.97
Central and South America,Trinidad and Tobago,Offshore gas,Upstream,Gas,Continuous LDAR,9.51,-5.97
Europe,Other EU7 countries,Downstream gas,Downstream,Gas,Annual LDAR,0.2,-5.97
Europe,Other EU7 countries,Downstream oil,Downstream,Oil,Annual LDAR,0.01,-5.97
Central and South America,Peru,Offshore oil,Upstream,Oil,Continuous LDAR,0.13,-5.97
Central and South America,Peru,Offshore gas,Upstream,Gas,Continuous LDAR,0.14,-5.97
Europe,United Kingdom,Offshore oil,Upstream,Oil,Annual LDAR,0.29,-5.96
Europe,United Kingdom,Offshore gas,Upstream,Gas,Annual LDAR,0.19,-5.96
Africa,Tanzania,Offshore gas,Upstream,Gas,Annual LDAR,0.02,-5.95
Africa,Senegal,Offshore oil,Upstream,Oil,Annual LDAR,0.13,-5.95
Other,Other,Onshore conventional gas,Upstream,Gas,Biannual LDAR,0.72,-5.95
Other,Other,Onshore conventional oil,Upstream,Oil,Biannual LDAR,0.2,-5.95
Africa,Mozambique,Offshore gas,Upstream,Gas,Annual LDAR,0.21,-5.95
Africa,Mozambique,Offshore oil,Upstream,Oil,Annual LDAR,0.08,-5.95
Europe,Netherlands,Offshore gas,Upstream,Gas,Annual LDAR,0.02,-5.95
Africa,Nigeria,Offshore gas,Upstream,Gas,Annual LDAR,0.37,-5.95
Africa,Nigeria,Offshore oil,Upstream,Oil,Annual LDAR,2.64,-5.95
Africa,Ghana,Offshore gas,Upstream,Gas,Annual LDAR,0.04,-5.95
Africa,Ghana,Offshore oil,Upstream,Oil,Annual LDAR,0.17,-5.95
Africa,Gabon,Offshore oil,Upstream,Oil,Annual LDAR,0.39,-5.95
Africa,Gabon,Offshore gas,Upstream,Gas,Annual LDAR,0.01,-5.95
Africa,Equatorial Guinea,Offshore gas,Upstream,Gas,Annual LDAR,0.31,-5.95
Africa,Equatorial Guinea,Offshore oil,Upstream,Oil,Annual LDAR,0.21,-5.95
Asia Pacific,Japan,Offshore gas,Upstream,Gas,Biannual LDAR,0.01,-5.95
Africa,Angola,Offshore oil,Upstream,Oil,Annual LDAR,0.7,-5.95
Russia & Caspian,Azerbaijan,Offshore oil,Upstream,Oil,Annual LDAR,0.55,-5.95
Russia & Caspian,Azerbaijan,Offshore gas,Upstream,Gas,Annual LDAR,0.53,-5.95
Africa,Cote d'Ivoire,Offshore gas,Upstream,Gas,Annual LDAR,0.05,-5.95
Africa,Cote d'Ivoire,Offshore oil,Upstream,Oil,Annual LDAR,0.04,-5.95
Africa,Democratic Republic of Congo,Offshore oil,Upstream,Oil,Annual LDAR,0.04,-5.95
Africa,Congo,Offshore oil,Upstream,Oil,Annual LDAR,0.94,-5.95
Africa,Congo,Offshore gas,Upstream,Gas,Annual LDAR,0.01,-5.95
Africa,Cameroon,Offshore oil,Upstream,Oil,Annual LDAR,0.26,-5.95
Africa,Cameroon,Offshore gas,Upstream,Gas,Annual LDAR,0.06,-5.95
Asia Pacific,China,Offshore gas,Upstream,Gas,Replace compressor seal or rod,0.03,-5.94
Africa,Cameroon,Offshore oil,Upstream,Oil,Replace with instrument air systems,3.55,-5.94
Asia Pacific,Korea,Downstream gas,Downstream,Gas,Annual LDAR,1.38,-5.94
Asia Pacific,Korea,Downstream oil,Downstream,Oil,Annual LDAR,0.08,-5.94
Asia Pacific,India,Offshore gas,Upstream,Gas,Continuous LDAR,25.47,-5.93
Asia Pacific,India,Offshore oil,Upstream,Oil,Continuous LDAR,28.32,-5.93
Asia Pacific,China,Offshore gas,Upstream,Gas,Continuous LDAR,9.14,-5.93
Asia Pacific,China,Offshore oil,Upstream,Oil,Continuous LDAR,25.41,-5.93
Russia & Caspian,Azerbaijan,Downstream gas,Downstream,Gas,Vapour recovery units,0.01,-5.93
Europe,Romania,Onshore conventional gas,Upstream,Gas,Quarterly LDAR,6.18,-5.93
Europe,Romania,Onshore conventional oil,Upstream,Oil,Quarterly LDAR,2.26,-5.93
Russia & Caspian,Turkmenistan,Offshore gas,Upstream,Gas,Annual LDAR,0.46,-5.93
Russia & Caspian,Turkmenistan,Offshore oil,Upstream,Oil,Annual LDAR,1.22,-5.93
Russia & Caspian,Turkmenistan,Downstream gas,Downstream,Gas,Vapour recovery units,0.16,-5.92
Africa,Tunisia,Offshore oil,Upstream,Oil,Replace with instrument air systems,0.24,-5.92
Middle East,Qatar,Onshore conventional oil,Upstream,Oil,Blowdown capture,0.12,-5.92
Middle East,Saudi Arabia,Onshore conventional oil,Upstream,Oil,Blowdown capture,1.21,-5.92
Middle East,Oman,Onshore conventional oil,Upstream,Oil,Blowdown capture,0.45,-5.92
Africa,Mozambique,Onshore conventional oil,Upstream,Oil,Blowdown capture,0.03,-5.92
Middle East,Bahrain,Onshore conventional oil,Upstream,Oil,Blowdown capture,0.1,-5.92
Africa,Botswana,Unconventional gas,Upstream,Gas,Replace pumps,0.01,-5.92
Middle East,Kuwait,Onshore conventional oil,Upstream,Oil,Blowdown capture,0.82,-5.92
Middle East,Iraq,Onshore conventional oil,Upstream,Oil,Blowdown capture,2.95,-5.92
Middle East,Iran,Onshore conventional oil,Upstream,Oil,Blowdown capture,2.32,-5.92
Africa,Libya,Offshore oil,Upstream,Oil,Replace with instrument air systems,0.83,-5.91
Russia & Caspian,Kazakhstan,Downstream gas,Downstream,Gas,Vapour recovery units,0.02,-5.91
Central and South America,Guyana,Offshore oil,Upstream,Oil,Replace with instrument air systems,5.72,-5.91
Central and South America,Ecuador,Offshore gas,Upstream,Gas,Replace with instrument air systems,0.09,-5.91
Central and South America,Bolivia,Onshore conventional gas,Upstream,Gas,Replace with instrument air systems,0.02,-5.91
Central and South America,Argentina,Onshore conventional gas,Upstream,Gas,Replace with instrument air systems,0.02,-5.91
Central and South America,Argentina,Offshore gas,Upstream,Gas,Replace with instrument air systems,1.83,-5.91
Central and South America,Argentina,Unconventional gas,Upstream,Gas,Replace with instrument air systems,0.11,-5.91
Asia Pacific,Brunei,Onshore conventional gas,Upstream,Gas,Blowdown capture,0.47,-5.91
Central and South America,Cuba,Offshore oil,Upstream,Oil,Replace with instrument air systems,0.34,-5.91
Central and South America,Peru,Offshore gas,Upstream,Gas,Replace with instrument air systems,0.07,-5.91
Central and South America,Peru,Onshore conventional gas,Upstream,Gas,Replace with instrument air systems,0.04,-5.91
Asia Pacific,Other countries in Southeast Asia,Onshore conventional gas,Upstream,Gas,Blowdown capture,0.44,-5.91
Central and South America,Trinidad and Tobago,Offshore gas,Upstream,Gas,Replace with instrument air systems,4.54,-5.91
Asia Pacific,Thailand,Onshore conventional gas,Upstream,Gas,Blowdown capture,1.49,-5.91
Central and South America,Venezuela,Offshore gas,Upstream,Gas,Replace with instrument air systems,3.02,-5.91
Central and South America,Venezuela,Onshore conventional gas,Upstream,Gas,Replace with instrument air systems,0.09,-5.91
Central and South America,Venezuela,Offshore oil,Upstream,Oil,Replace with instrument air systems,6.16,-5.91
Asia Pacific,Viet Nam,Onshore conventional gas,Upstream,Gas,Blowdown capture,0.02,-5.91
Middle East,Syria,Onshore conventional oil,Upstream,Oil,Blowdown capture,0.35,-5.9
Russia & Caspian,Turkmenistan,Offshore gas,Upstream,Gas,Continuous LDAR,8.21,-5.9
Russia & Caspian,Turkmenistan,Offshore oil,Upstream,Oil,Continuous LDAR,21.95,-5.9
Middle East,United Arab Emirates,Offshore gas,Upstream,Gas,Replace with instrument air systems,2.49,-5.9
Middle East,United Arab Emirates,Onshore conventional gas,Upstream,Gas,Replace with instrument air systems,0.04,-5.9
Middle East,Saudi Arabia,Unconventional gas,Upstream,Gas,Replace with instrument air systems,0.01,-5.9
Middle East,Saudi Arabia,Offshore oil,Upstream,Oil,Replace with instrument air systems,25.08,-5.9
Middle East,Saudi Arabia,Offshore gas,Upstream,Gas,Replace with instrument air systems,3.02,-5.9
Middle East,Saudi Arabia,Onshore conventional gas,Upstream,Gas,Replace with instrument air systems,0.04,-5.9
Middle East,Syria,Onshore conventional gas,Upstream,Gas,Replace with instrument air systems,0.04,-5.9
Middle East,Qatar,Offshore oil,Upstream,Oil,Replace with instrument air systems,16.97,-5.9
Middle East,Qatar,Offshore gas,Upstream,Gas,Replace with instrument air systems,26.9,-5.9
Middle East,Oman,Offshore oil,Upstream,Oil,Replace with instrument air systems,0.04,-5.9
Middle East,Oman,Onshore conventional gas,Upstream,Gas,Replace with instrument air systems,0.05,-5.9
Middle East,Oman,Unconventional gas,Upstream,Gas,Replace with instrument air systems,0.03,-5.9
Middle East,Oman,Offshore gas,Upstream,Gas,Replace with instrument air systems,0.01,-5.9
Central and South America,Argentina,Offshore oil,Upstream,Oil,Replace with instrument air systems,0.71,-5.9
Middle East,Bahrain,Onshore conventional gas,Upstream,Gas,Replace with instrument air systems,0.05,-5.9
Africa,Egypt,Offshore oil,Upstream,Oil,Replace with instrument air systems,5.07,-5.9
Africa,Gabon,Offshore oil,Upstream,Oil,Replace with instrument air systems,5.23,-5.9
Russia & Caspian,Kazakhstan,Offshore gas,Upstream,Gas,Annual LDAR,0.06,-5.9
Russia & Caspian,Kazakhstan,Offshore oil,Upstream,Oil,Annual LDAR,0.34,-5.9
Russia & Caspian,Kazakhstan,Onshore conventional oil,Upstream,Oil,Blowdown capture,0.5,-5.9
Asia Pacific,Japan,Downstream oil,Downstream,Oil,Annual LDAR,0.09,-5.9
Middle East,Kuwait,Offshore oil,Upstream,Oil,Replace with instrument air systems,1.75,-5.9
Middle East,Kuwait,Onshore conventional gas,Upstream,Gas,Replace with instrument air systems,0.03,-5.9
Asia Pacific,Korea,Downstream oil,Downstream,Oil,Biannual LDAR,0.24,-5.9
Asia Pacific,Korea,Downstream gas,Downstream,Gas,Biannual LDAR,4.14,-5.9
Middle East,Iran,Offshore gas,Upstream,Gas,Replace with instrument air systems,39.54,-5.9
Middle East,Iran,Onshore conventional gas,Upstream,Gas,Replace with instrument air systems,0.09,-5.9
Middle East,Iran,Offshore oil,Upstream,Oil,Replace with instrument air systems,45.21,-5.9
Middle East,Iraq,Onshore conventional gas,Upstream,Gas,Replace with instrument air systems,0.01,-5.9
Asia Pacific,Japan,Downstream gas,Downstream,Gas,Annual LDAR,1.84,-5.9
Central and South America,Trinidad and Tobago,Offshore oil,Upstream,Oil,Replace with instrument air systems,0.85,-5.89
Africa,Niger,Onshore conventional oil,Upstream,Oil,Blowdown capture,0.03,-5.88
Asia Pacific,New Zealand,Onshore conventional gas,Upstream,Gas,Blowdown capture,0.61,-5.88
Middle East,Yemen,Onshore conventional oil,Upstream,Oil,Blowdown capture,0.15,-5.88
Central and South America,Peru,Offshore oil,Upstream,Oil,Replace with instrument air systems,0.1,-5.87
Africa,Congo,Offshore oil,Upstream,Oil,Replace with instrument air systems,12.81,-5.87
Africa,Congo,Onshore conventional oil,Upstream,Oil,Quarterly LDAR,4.38,-5.86
Africa,Congo,Onshore conventional gas,Upstream,Gas,Quarterly LDAR,0.13,-5.86
Africa,Democratic Republic of Congo,Onshore conventional oil,Upstream,Oil,Quarterly LDAR,0.4,-5.86
Africa,Cameroon,Onshore conventional gas,Upstream,Gas,Quarterly LDAR,0.02,-5.86
Africa,Chad,Onshore conventional oil,Upstream,Oil,Quarterly LDAR,3.76,-5.86
Russia & Caspian,Azerbaijan,Onshore conventional oil,Upstream,Oil,Blowdown capture,0.01,-5.86
Russia & Caspian,Azerbaijan,Onshore conventional oil,Upstream,Oil,Quarterly LDAR,0.58,-5.86
Africa,Botswana,Unconventional gas,Upstream,Gas,Quarterly LDAR,0.17,-5.86
Asia Pacific,Australia,Unconventional gas,Upstream,Gas,Blowdown capture,16.7,-5.86
Asia Pacific,Australia,Onshore conventional gas,Upstream,Gas,Blowdown capture,0.98,-5.86
Africa,Angola,Onshore conventional gas,Upstream,Gas,Quarterly LDAR,0.47,-5.86
Africa,Angola,Onshore conventional oil,Upstream,Oil,Quarterly LDAR,0.26,-5.86
Asia Pacific,Japan,Downstream gas,Downstream,Gas,Biannual LDAR,5.53,-5.86
Asia Pacific,Japan,Downstream oil,Downstream,Oil,Biannual LDAR,0.27,-5.86
Africa,Gabon,Onshore conventional gas,Upstream,Gas,Quarterly LDAR,0.15,-5.86
Africa,Gabon,Onshore conventional oil,Upstream,Oil,Quarterly LDAR,5.41,-5.86
Africa,Ghana,Onshore conventional oil,Upstream,Oil,Quarterly LDAR,0.89,-5.86
Africa,Niger,Onshore conventional oil,Upstream,Oil,Quarterly LDAR,1.51,-5.86
Africa,Nigeria,Onshore conventional gas,Upstream,Gas,Quarterly LDAR,17.61,-5.86
Africa,Nigeria,Onshore conventional oil,Upstream,Oil,Quarterly LDAR,40.31,-5.86
Africa,Mozambique,Onshore conventional oil,Upstream,Oil,Quarterly LDAR,1.37,-5.86
Africa,Mozambique,Onshore conventional gas,Upstream,Gas,Quarterly LDAR,2.98,-5.86
Africa,Tanzania,Onshore conventional gas,Upstream,Gas,Quarterly LDAR,0.49,-5.86
Europe,Ukraine,Downstream oil,Downstream,Oil,Quarterly LDAR,0.89,-5.86
Europe,Ukraine,Downstream gas,Downstream,Gas,Quarterly LDAR,30.95,-5.86
Europe,Poland,Downstream oil,Downstream,Oil,Biannual LDAR,0.07,-5.86
Europe,Poland,Downstream gas,Downstream,Gas,Biannual LDAR,1.63,-5.86
Africa,Sudan,Onshore conventional oil,Upstream,Oil,Quarterly LDAR,1.29,-5.86
Africa,South Sudan,Onshore conventional oil,Upstream,Oil,Quarterly LDAR,3.75,-5.86
Africa,Senegal,Onshore conventional gas,Upstream,Gas,Quarterly LDAR,0.81,-5.86
Africa,South Africa,Downstream oil,Downstream,Oil,Quarterly LDAR,0.29,-5.85
Africa,South Africa,Downstream gas,Downstream,Gas,Quarterly LDAR,1.14,-5.85
Europe,Poland,Downstream gas,Downstream,Gas,Annual LDAR,0.54,-5.85
Europe,Poland,Downstream oil,Downstream,Oil,Annual LDAR,0.02,-5.85
Africa,Tunisia,Offshore gas,Upstream,Gas,Annual LDAR,0.02,-5.85
Africa,Tunisia,Offshore oil,Upstream,Oil,Annual LDAR,0.02,-5.85
Other,Other,Offshore gas,Upstream,Gas,Replace with instrument air systems,0.01,-5.85
Other,Other,Offshore gas,Upstream,Gas,Annual LDAR,0.01,-5.85
Africa,Egypt,Offshore oil,Upstream,Oil,Annual LDAR,0.37,-5.85
Africa,Egypt,Offshore gas,Upstream,Gas,Annual LDAR,0.78,-5.85
Africa,Libya,Offshore oil,Upstream,Oil,Annual LDAR,0.06,-5.85
Africa,Libya,Offshore gas,Upstream,Gas,Annual LDAR,0.07,-5.85
Europe,Italy,Onshore conventional oil,Upstream,Oil,Continuous LDAR,0.56,-5.85
Europe,Italy,Onshore conventional gas,Upstream,Gas,Continuous LDAR,0.09,-5.85
Central and South America,Colombia,Onshore conventional gas,Upstream,Gas,Quarterly LDAR,2.49,-5.85
Central and South America,Colombia,Onshore conventional oil,Upstream,Oil,Quarterly LDAR,12.72,-5.85
Russia & Caspian,Uzbekistan,Onshore conventional gas,Upstream,Gas,Continuous LDAR,71.37,-5.85
Russia & Caspian,Uzbekistan,Onshore conventional oil,Upstream,Oil,Continuous LDAR,9.57,-5.85
Middle East,Yemen,Onshore conventional oil,Upstream,Oil,Continuous LDAR,8.45,-5.84
Middle East,Yemen,Onshore conventional gas,Upstream,Gas,Continuous LDAR,0.03,-5.84
Africa,Chad,Onshore conventional oil,Upstream,Oil,Blowdown capture,0.07,-5.84
Middle East,Bahrain,Onshore conventional gas,Upstream,Gas,Continuous LDAR,8.98,-5.84
Middle East,Bahrain,Onshore conventional oil,Upstream,Oil,Continuous LDAR,5.59,-5.84
Middle East,Iraq,Onshore conventional oil,Upstream,Oil,Continuous LDAR,105.95,-5.84
Middle East,Iran,Onshore conventional gas,Upstream,Gas,Continuous LDAR,16.35,-5.84
Middle East,Iran,Onshore conventional oil,Upstream,Oil,Continuous LDAR,129.74,-5.84
Middle East,Iraq,Onshore conventional gas,Upstream,Gas,Continuous LDAR,2.4,-5.84
Middle East,Kuwait,Onshore conventional gas,Upstream,Gas,Continuous LDAR,4.9,-5.84
Middle East,Kuwait,Onshore conventional oil,Upstream,Oil,Continuous LDAR,45.99,-5.84
Middle East,Jordan,Onshore conventional gas,Upstream,Gas,Continuous LDAR,0.04,-5.84
Middle East,Jordan,Onshore conventional oil,Upstream,Oil,Continuous LDAR,0.27,-5.84
Middle East,Jordan,Unconventional gas,Upstream,Gas,Continuous LDAR,0.01,-5.84
Africa,Nigeria,Onshore conventional oil,Upstream,Oil,Blowdown capture,0.77,-5.84
Middle East,Oman,Onshore conventional gas,Upstream,Gas,Continuous LDAR,10.08,-5.84
Middle East,Oman,Unconventional gas,Upstream,Gas,Continuous LDAR,8.14,-5.84
Middle East,Oman,Onshore conventional oil,Upstream,Oil,Continuous LDAR,25.01,-5.84
Middle East,United Arab Emirates,Onshore conventional gas,Upstream,Gas,Continuous LDAR,7.19,-5.84
Middle East,United Arab Emirates,Onshore conventional oil,Upstream,Oil,Continuous LDAR,25.75,-5.84
Middle East,United Arab Emirates,Offshore oil,Upstream,Oil,Replace with instrument air systems,22.64,-5.84
Middle East,Qatar,Onshore conventional gas,Upstream,Gas,Continuous LDAR,0.8,-5.84
Middle East,Qatar,Onshore conventional oil,Upstream,Oil,Continuous LDAR,6.71,-5.84
Middle East,Syria,Onshore conventional oil,Upstream,Oil,Continuous LDAR,19.81,-5.84
Middle East,Syria,Onshore conventional gas,Upstream,Gas,Continuous LDAR,8.07,-5.84
Middle East,Saudi Arabia,Onshore conventional oil,Upstream,Oil,Continuous LDAR,67.52,-5.84
Middle East,Saudi Arabia,Unconventional gas,Upstream,Gas,Continuous LDAR,2.43,-5.84
Middle East,Saudi Arabia,Onshore conventional gas,Upstream,Gas,Continuous LDAR,7.57,-5.84
Middle East,United Arab Emirates,Onshore conventional oil,Upstream,Oil,Blowdown capture,0.46,-5.83
Russia & Caspian,Turkmenistan,Onshore conventional oil,Upstream,Oil,Quarterly LDAR,25.91,-5.83
Russia & Caspian,Turkmenistan,Onshore conventional gas,Upstream,Gas,Quarterly LDAR,122.2,-5.83
Other,Other,Onshore conventional gas,Upstream,Gas,Quarterly LDAR,0.02,-5.83
Other,Other,Onshore conventional oil,Upstream,Oil,Quarterly LDAR,0.21,-5.83
Africa,Ghana,Onshore conventional oil,Upstream,Oil,Blowdown capture,0.02,-5.83
Africa,Democratic Republic of Congo,Offshore oil,Upstream,Oil,Replace with instrument air systems,0.59,-5.83
Central and South America,Colombia,Onshore conventional oil,Upstream,Oil,Blowdown capture,0.39,-5.82
Asia Pacific,Bangladesh,Onshore conventional gas,Upstream,Gas,Blowdown capture,13.62,-5.82
Central and South America,Brazil,Offshore gas,Upstream,Gas,Replace compressor seal or rod,0.02,-5.82
Asia Pacific,Pakistan,Unconventional gas,Upstream,Gas,Blowdown capture,1.18,-5.82
Asia Pacific,Pakistan,Onshore conventional gas,Upstream,Gas,Blowdown capture,27.78,-5.82
Asia Pacific,New Zealand,Offshore oil,Upstream,Oil,Annual LDAR,0.01,-5.82
Asia Pacific,New Zealand,Offshore gas,Upstream,Gas,Annual LDAR,0.02,-5.82
Europe,Ukraine,Offshore gas,Upstream,Gas,Vapour recovery units,1.25,-5.82
Africa,Tunisia,Downstream gas,Downstream,Gas,Vapour recovery units,0.01,-5.82
Russia & Caspian,Uzbekistan,Downstream gas,Downstream,Gas,Vapour recovery units,0.17,-5.82
Europe,Other countries in Europe,Offshore gas,Upstream,Gas,Annual LDAR,0.03,-5.81
Asia Pacific,Indonesia,Onshore conventional gas,Upstream,Gas,Blowdown capture,22.39,-5.81
Asia Pacific,Indonesia,Unconventional gas,Upstream,Gas,Blowdown capture,0.01,-5.81
Europe,Israel,Onshore conventional oil,Upstream,Oil,Quarterly LDAR,0.12,-5.8
Russia & Caspian,Kazakhstan,Offshore oil,Upstream,Oil,Continuous LDAR,6.2,-5.8
Russia & Caspian,Kazakhstan,Offshore gas,Upstream,Gas,Continuous LDAR,1.14,-5.8
Central and South America,Brazil,Downstream gas,Downstream,Gas,Biannual LDAR,4.44,-5.8
Africa,Angola,Offshore oil,Upstream,Oil,Replace with instrument air systems,9.54,-5.8
Central and South America,Brazil,Downstream oil,Downstream,Oil,Biannual LDAR,0.54,-5.8
Africa,Sudan,Onshore conventional oil,Upstream,Oil,Blowdown capture,0.02,-5.8
Middle East,Saudi Arabia,Downstream gas,Downstream,Gas,Vapour recovery units,0.03,-5.79
Central and South America,Trinidad and Tobago,Offshore gas,Upstream,Gas,Annual LDAR,0.53,-5.79
Central and South America,Trinidad and Tobago,Offshore oil,Upstream,Oil,Annual LDAR,0.06,-5.79
Central and South America,Peru,Offshore oil,Upstream,Oil,Annual LDAR,0.01,-5.79
Central and South America,Peru,Offshore gas,Upstream,Gas,Annual LDAR,0.01,-5.79
Central and South America,Cuba,Offshore oil,Upstream,Oil,Annual LDAR,0.03,-5.79
Central and South America,Argentina,Offshore gas,Upstream,Gas,Annual LDAR,0.21,-5.79
Central and South America,Argentina,Offshore oil,Upstream,Oil,Annual LDAR,0.05,-5.79
Russia & Caspian,Kazakhstan,Onshore conventional gas,Upstream,Gas,Quarterly LDAR,8.08,-5.79
Russia & Caspian,Kazakhstan,Onshore conventional oil,Upstream,Oil,Quarterly LDAR,26.08,-5.79
Central and South America,Guyana,Offshore oil,Upstream,Oil,Annual LDAR,0.42,-5.79
Central and South America,Ecuador,Offshore oil,Upstream,Oil,Annual LDAR,0.01,-5.79
Central and South America,Ecuador,Offshore gas,Upstream,Gas,Annual LDAR,0.01,-5.79
Central and South America,Venezuela,Offshore gas,Upstream,Gas,Annual LDAR,0.35,-5.79
Central and South America,Venezuela,Offshore oil,Upstream,Oil,Annual LDAR,0.45,-5.79
Europe,Denmark,Offshore oil,Upstream,Oil,Annual LDAR,0.02,-5.78
Europe,Denmark,Offshore gas,Upstream,Gas,Annual LDAR,0.02,-5.78
Europe,Other EU17 countries,Onshore conventional gas,Upstream,Gas,Continuous LDAR,0.58,-5.78
Europe,Other EU17 countries,Onshore conventional oil,Upstream,Oil,Continuous LDAR,0.53,-5.78
Europe,Other EU17 countries,Unconventional gas,Upstream,Gas,Continuous LDAR,0.12,-5.78
Central and South America,Colombia,Downstream gas,Downstream,Gas,Vapour recovery units,0.03,-5.77
Central and South America,Venezuela,Downstream gas,Downstream,Gas,Vapour recovery units,0.04,-5.77
Africa,Algeria,Unconventional gas,Upstream,Gas,Quarterly LDAR,0.65,-5.76
Africa,Algeria,Onshore conventional gas,Upstream,Gas,Quarterly LDAR,33.01,-5.76
Africa,Algeria,Onshore conventional oil,Upstream,Oil,Quarterly LDAR,57.52,-5.76
Africa,Egypt,Onshore conventional gas,Upstream,Gas,Quarterly LDAR,3.18,-5.76
Africa,Egypt,Unconventional gas,Upstream,Gas,Quarterly LDAR,0.54,-5.76
Africa,Egypt,Onshore conventional oil,Upstream,Oil,Quarterly LDAR,10.76,-5.76
Africa,Libya,Onshore conventional gas,Upstream,Gas,Quarterly LDAR,1.65,-5.76
Africa,Libya,Onshore conventional oil,Upstream,Oil,Quarterly LDAR,37.34,-5.76
Africa,Morocco,Onshore conventional gas,Upstream,Gas,Quarterly LDAR,0.01,-5.76
Africa,Tunisia,Onshore conventional gas,Upstream,Gas,Quarterly LDAR,0.49,-5.76
Africa,Tunisia,Onshore conventional oil,Upstream,Oil,Quarterly LDAR,0.71,-5.76
Europe,Ukraine,Offshore gas,Upstream,Gas,Other,0.04,-5.76
Africa,South Sudan,Onshore conventional oil,Upstream,Oil,Blowdown capture,0.07,-5.76
Asia Pacific,Australia,Satellite - downstream,Downstream,Oil,Daily LDAR,0.16,-5.75
Central and South America,Brazil,Downstream gas,Downstream,Gas,Annual LDAR,1.48,-5.74
Central and South America,Brazil,Downstream oil,Downstream,Oil,Annual LDAR,0.18,-5.74
Asia Pacific,Indonesia,Offshore oil,Upstream,Oil,Continuous LDAR,3.97,-5.74
Central and South America,Ecuador,Offshore oil,Upstream,Oil,Replace with instrument air systems,0.14,-5.74
Asia Pacific,Indonesia,Offshore gas,Upstream,Gas,Continuous LDAR,19.53,-5.74
Middle East,Iran,Offshore gas,Upstream,Gas,Annual LDAR,4.6,-5.73
Middle East,Iran,Offshore oil,Upstream,Oil,Annual LDAR,3.33,-5.73
Middle East,Kuwait,Offshore oil,Upstream,Oil,Annual LDAR,0.13,-5.73
Central and South America,Bolivia,Downstream gas,Downstream,Gas,Vapour recovery units,0.01,-5.73
Middle East,Saudi Arabia,Offshore gas,Upstream,Gas,Annual LDAR,0.35,-5.73
Middle East,Saudi Arabia,Offshore oil,Upstream,Oil,Annual LDAR,1.85,-5.73
Middle East,Qatar,Offshore oil,Upstream,Oil,Annual LDAR,1.25,-5.73
Middle East,Qatar,Offshore gas,Upstream,Gas,Annual LDAR,3.13,-5.73
Middle East,United Arab Emirates,Offshore gas,Upstream,Gas,Annual LDAR,0.29,-5.73
Middle East,United Arab Emirates,Offshore oil,Upstream,Oil,Annual LDAR,1.67,-5.73
Other,Other,Onshore conventional oil,Upstream,Oil,Quarterly LDAR,0.18,-5.73
Other,Other,Onshore conventional gas,Upstream,Gas,Quarterly LDAR,0.22,-5.73
Asia Pacific,Malaysia,Offshore gas,Upstream,Gas,Replace compressor seal or rod,0.12,-5.72
Russia & Caspian,Turkmenistan,Offshore oil,Upstream,Oil,Replace with instrument air systems,16.55,-5.72
Africa,Tunisia,Onshore conventional oil,Upstream,Oil,Blowdown capture,0.01,-5.72
Europe,Poland,Offshore oil,Upstream,Oil,Vapour recovery units,0.25,-5.71
Other,Other,Onshore conventional gas,Upstream,Gas,Continuous LDAR,4.29,-5.71
Other,Other,Onshore conventional oil,Upstream,Oil,Continuous LDAR,1.19,-5.71
Africa,Algeria,Onshore conventional oil,Upstream,Oil,Blowdown capture,1.1,-5.71
Asia Pacific,Australia,Unconventional gas,Upstream,Gas,Biannual LDAR,1.87,-5.7
Asia Pacific,Australia,Unconventional gas,Upstream,Gas,Replace with instrument air systems,0.04,-5.7
Asia Pacific,Australia,Onshore conventional gas,Upstream,Gas,Biannual LDAR,0.09,-5.7
Asia Pacific,Australia,Offshore gas,Upstream,Gas,Replace with instrument air systems,6.35,-5.7
Central and South America,Bolivia,Onshore conventional oil,Upstream,Oil,Blowdown capture,0.03,-5.7
Asia Pacific,Australia,Onshore conventional oil,Upstream,Oil,Biannual LDAR,0.07,-5.7
Middle East,Iraq,Downstream gas,Downstream,Gas,Vapour recovery units,0.01,-5.7
Middle East,Iran,Downstream gas,Downstream,Gas,Vapour recovery units,0.18,-5.7
Africa,Libya,Onshore conventional oil,Upstream,Oil,Blowdown capture,0.71,-5.7
Middle East,Syria,Downstream gas,Downstream,Gas,Vapour recovery units,0.02,-5.7
Central and South America,Trinidad and Tobago,Onshore conventional gas,Upstream,Gas,Quarterly LDAR,0.43,-5.69
Central and South America,Trinidad and Tobago,Onshore conventional oil,Upstream,Oil,Quarterly LDAR,0.78,-5.69
Other,Other,Onshore conventional oil,Upstream,Oil,Quarterly LDAR,0.59,-5.69
Other,Other,Onshore conventional gas,Upstream,Gas,Quarterly LDAR,0.01,-5.69
Other,Other,Offshore gas,Upstream,Gas,Continuous LDAR,0.2,-5.69
Other,Other,Offshore oil,Upstream,Oil,Continuous LDAR,0.01,-5.69
Central and South America,Peru,Onshore conventional oil,Upstream,Oil,Quarterly LDAR,2.52,-5.69
Central and South America,Peru,Onshore conventional gas,Upstream,Gas,Quarterly LDAR,7.23,-5.69
Central and South America,Ecuador,Onshore conventional oil,Upstream,Oil,Quarterly LDAR,17.16,-5.69
Central and South America,Ecuador,Onshore conventional gas,Upstream,Gas,Quarterly LDAR,0.07,-5.69
Africa,Egypt,Onshore conventional oil,Upstream,Oil,Blowdown capture,0.21,-5.69
Central and South America,Bolivia,Onshore conventional oil,Upstream,Oil,Quarterly LDAR,1.4,-5.69
Central and South America,Bolivia,Onshore conventional gas,Upstream,Gas,Quarterly LDAR,3.09,-5.69
Central and South America,Argentina,Unconventional oil,Upstream,Oil,Quarterly LDAR,30.83,-5.69
Central and South America,Argentina,Onshore conventional oil,Upstream,Oil,Quarterly LDAR,9.83,-5.69
Central and South America,Argentina,Unconventional gas,Upstream,Gas,Quarterly LDAR,26.9,-5.69
Central and South America,Argentina,Onshore conventional gas,Upstream,Gas,Quarterly LDAR,4.03,-5.69
Central and South America,Cuba,Onshore conventional oil,Upstream,Oil,Quarterly LDAR,0.24,-5.69
Central and South America,Cuba,Onshore conventional gas,Upstream,Gas,Quarterly LDAR,0.34,-5.69
Central and South America,Venezuela,Onshore conventional gas,Upstream,Gas,Quarterly LDAR,15.78,-5.69
Central and South America,Venezuela,Onshore conventional oil,Upstream,Oil,Quarterly LDAR,138.84,-5.69
Central and South America,Venezuela,Onshore conventional oil,Upstream,Oil,Blowdown capture,2.65,-5.69
Central and South America,Argentina,Onshore conventional oil,Upstream,Oil,Blowdown capture,0.19,-5.68
Central and South America,Argentina,Unconventional oil,Upstream,Oil,Blowdown capture,0.58,-5.68
Africa,Gabon,Onshore conventional oil,Upstream,Oil,Blowdown capture,0.1,-5.68
Europe,Italy,Onshore conventional gas,Upstream,Gas,Vapour recovery units,0.05,-5.67
Asia Pacific,Australia,Offshore gas,Upstream,Gas,Replace compressor seal or rod,0.05,-5.67
Other,Other,Downstream gas,Downstream,Gas,Vapour recovery units,0.03,-5.67
Central and South America,Trinidad and Tobago,Onshore conventional oil,Upstream,Oil,Blowdown capture,0.01,-5.67
Europe,Other EU7 countries,Offshore gas,Upstream,Gas,Vapour recovery units,0.09,-5.66
Middle East,Bahrain,Downstream gas,Downstream,Gas,Vapour recovery units,0.01,-5.65
Europe,Estonia,Downstream gas,Downstream,Gas,Annual LDAR,0.01,-5.65
Europe,Estonia,Downstream gas,Downstream,Gas,Biannual LDAR,0.04,-5.64
Middle East,Jordan,Satellite - downstream,Downstream,Oil,Daily LDAR,2.72,-5.64
Russia & Caspian,Azerbaijan,Satellite - downstream,Downstream,Oil,Daily LDAR,6.64,-5.64
Middle East,Bahrain,Satellite - downstream,Downstream,Oil,Daily LDAR,7.04,-5.64
Africa,Congo,Onshore conventional oil,Upstream,Oil,Blowdown capture,0.08,-5.64
Europe,Other EU17 countries,Onshore conventional gas,Upstream,Gas,Vapour recovery units,0.31,-5.64
Other,Other,Offshore oil,Upstream,Oil,Replace with instrument air systems,0.01,-5.64
Middle East,Oman,Satellite - downstream,Downstream,Oil,Daily LDAR,0.48,-5.64
Africa,Nigeria,Satellite - downstream,Downstream,Oil,Daily LDAR,0.48,-5.64
Middle East,United Arab Emirates,Satellite - downstream,Downstream,Oil,Daily LDAR,3.36,-5.64
Central and South America,Venezuela,Satellite - downstream,Downstream,Oil,Daily LDAR,72.72,-5.64
Russia & Caspian,Turkmenistan,Satellite - downstream,Downstream,Oil,Daily LDAR,935.04,-5.63
Central and South America,Peru,Onshore conventional oil,Upstream,Oil,Blowdown capture,0.05,-5.63
Africa,Libya,Satellite - downstream,Downstream,Oil,Daily LDAR,10.88,-5.63
Central and South America,Argentina,Satellite - downstream,Downstream,Oil,Daily LDAR,7.68,-5.63
Africa,Algeria,Satellite - downstream,Downstream,Oil,Daily LDAR,15.2,-5.63
Russia & Caspian,Kazakhstan,Satellite - downstream,Downstream,Oil,Daily LDAR,88.72,-5.63
Middle East,Kuwait,Satellite - downstream,Downstream,Oil,Daily LDAR,0.56,-5.63
Middle East,Iran,Satellite - downstream,Downstream,Oil,Daily LDAR,167.6,-5.62
Russia & Caspian,Uzbekistan,Satellite - downstream,Downstream,Oil,Daily LDAR,30.8,-5.62
Middle East,Yemen,Satellite - downstream,Downstream,Oil,Daily LDAR,9.68,-5.61
Asia Pacific,Japan,Offshore gas,Upstream,Gas,Vapour recovery units,0.05,-5.61
Middle East,Iraq,Satellite - downstream,Downstream,Oil,Daily LDAR,3.04,-5.61
Europe,Romania,Onshore conventional gas,Upstream,Gas,Continuous LDAR,6.59,-5.61
Europe,Romania,Onshore conventional oil,Upstream,Oil,Continuous LDAR,2.41,-5.61
Middle East,Syria,Satellite - downstream,Downstream,Oil,Daily LDAR,22.64,-5.61
Russia & Caspian,Uzbekistan,Onshore conventional oil,Upstream,Oil,Blowdown capture,0.17,-5.6
Other,Other,Onshore conventional oil,Upstream,Oil,Blowdown capture,0.02,-5.59
Asia Pacific,India,Offshore gas,Upstream,Gas,Replace compressor seal or rod,0.09,-5.59
Africa,Democratic Republic of Congo,Onshore conventional oil,Upstream,Oil,Blowdown capture,0.01,-5.58
Asia Pacific,China,Offshore gas,Upstream,Gas,Biannual LDAR,1.52,-5.58
Asia Pacific,China,Offshore oil,Upstream,Oil,Biannual LDAR,4.23,-5.58
Middle East,Saudi Arabia,Satellite - downstream,Downstream,Oil,Daily LDAR,1.92,-5.58
Middle East,Saudi Arabia,Onshore conventional oil,Upstream,Oil,Quarterly LDAR,63.3,-5.57
Middle East,Saudi Arabia,Unconventional gas,Upstream,Gas,Quarterly LDAR,2.28,-5.57
Middle East,Saudi Arabia,Onshore conventional gas,Upstream,Gas,Quarterly LDAR,7.09,-5.57
Middle East,Syria,Onshore conventional gas,Upstream,Gas,Quarterly LDAR,7.56,-5.57
Middle East,Syria,Onshore conventional oil,Upstream,Oil,Quarterly LDAR,18.57,-5.57
Europe,Romania,Onshore conventional gas,Upstream,Gas,Vapour recovery units,5.11,-5.57
Middle East,Qatar,Onshore conventional oil,Upstream,Oil,Quarterly LDAR,6.29,-5.57
Middle East,Qatar,Onshore conventional gas,Upstream,Gas,Quarterly LDAR,0.75,-5.57
Middle East,United Arab Emirates,Onshore conventional gas,Upstream,Gas,Quarterly LDAR,6.74,-5.57
Middle East,United Arab Emirates,Onshore conventional oil,Upstream,Oil,Quarterly LDAR,24.14,-5.57
Europe,United Kingdom,Offshore oil,Upstream,Oil,Replace compressor seal or rod,0.01,-5.57
Middle East,Oman,Onshore conventional gas,Upstream,Gas,Quarterly LDAR,9.45,-5.57
Middle East,Oman,Onshore conventional oil,Upstream,Oil,Quarterly LDAR,23.44,-5.57
Middle East,Oman,Unconventional gas,Upstream,Gas,Quarterly LDAR,7.64,-5.57
Middle East,Bahrain,Onshore conventional oil,Upstream,Oil,Quarterly LDAR,5.24,-5.57
Middle East,Bahrain,Onshore conventional gas,Upstream,Gas,Quarterly LDAR,8.42,-5.57
Middle East,Iraq,Onshore conventional oil,Upstream,Oil,Quarterly LDAR,99.33,-5.57
Middle East,Iran,Onshore conventional oil,Upstream,Oil,Quarterly LDAR,121.63,-5.57
Middle East,Iraq,Onshore conventional gas,Upstream,Gas,Quarterly LDAR,2.25,-5.57
Middle East,Iran,Onshore conventional gas,Upstream,Gas,Quarterly LDAR,15.32,-5.57
Middle East,Kuwait,Onshore conventional oil,Upstream,Oil,Quarterly LDAR,43.12,-5.57
Middle East,Kuwait,Onshore conventional gas,Upstream,Gas,Quarterly LDAR,4.59,-5.57
Middle East,Jordan,Onshore conventional oil,Upstream,Oil,Quarterly LDAR,0.25,-5.57
Middle East,Jordan,Unconventional gas,Upstream,Gas,Quarterly LDAR,0.01,-5.57
Middle East,Jordan,Onshore conventional gas,Upstream,Gas,Quarterly LDAR,0.04,-5.57
Russia & Caspian,Uzbekistan,Onshore conventional oil,Upstream,Oil,Quarterly LDAR,8.97,-5.57
Russia & Caspian,Uzbekistan,Onshore conventional gas,Upstream,Gas,Quarterly LDAR,66.91,-5.57
Middle East,Yemen,Onshore conventional oil,Upstream,Oil,Quarterly LDAR,7.93,-5.57
Middle East,Yemen,Onshore conventional gas,Upstream,Gas,Quarterly LDAR,0.03,-5.57
Europe,Ukraine,Offshore gas,Upstream,Gas,Associated gas utilisation,1.97,-5.56
Europe,Poland,Offshore gas,Upstream,Gas,Vapour recovery units,0.01,-5.54
Asia Pacific,India,Offshore gas,Upstream,Gas,Biannual LDAR,4.24,-5.54
Asia Pacific,India,Offshore oil,Upstream,Oil,Biannual LDAR,4.72,-5.54
Asia Pacific,Australia,Offshore oil,Upstream,Oil,Replace with instrument air systems,1.22,-5.53
Central and South America,Brazil,Offshore oil,Upstream,Oil,Replace compressor seal or rod,0.13,-5.52
Asia Pacific,Thailand,Offshore gas,Upstream,Gas,Replace compressor seal or rod,0.06,-5.52
Europe,United Kingdom,Onshore conventional oil,Upstream,Oil,Quarterly LDAR,0.17,-5.5
Europe,United Kingdom,Onshore conventional gas,Upstream,Gas,Quarterly LDAR,0.01,-5.5
Europe,United Kingdom,Unconventional gas,Upstream,Gas,Quarterly LDAR,0.07,-5.5
Other,Other,Onshore conventional oil,Upstream,Oil,Blowdown capture,0.01,-5.5
Europe,Germany,Onshore conventional gas,Upstream,Gas,Quarterly LDAR,0.65,-5.5
Europe,Germany,Unconventional gas,Upstream,Gas,Quarterly LDAR,0.16,-5.5
Europe,Germany,Onshore conventional oil,Upstream,Oil,Quarterly LDAR,0.18,-5.5
Asia Pacific,Brunei,Offshore gas,Upstream,Gas,Replace compressor seal or rod,0.01,-5.49
Asia Pacific,Other countries in Southeast Asia,Offshore gas,Upstream,Gas,Replace compressor seal or rod,0.02,-5.49
Europe,Ukraine,Downstream oil,Downstream,Oil,Replace with electric motor,2.02,-5.49
Asia Pacific,Viet Nam,Offshore gas,Upstream,Gas,Replace compressor seal or rod,0.01,-5.49
Africa,South Africa,Downstream oil,Downstream,Oil,Replace with electric motor,0.65,-5.48
Europe,Israel,Onshore conventional oil,Upstream,Oil,Continuous LDAR,0.13,-5.48
Asia Pacific,Brunei,Downstream gas,Downstream,Gas,Biannual LDAR,0.23,-5.47
Asia Pacific,Philippines,Downstream gas,Downstream,Gas,Biannual LDAR,0.32,-5.47
Asia Pacific,Philippines,Downstream oil,Downstream,Oil,Biannual LDAR,0.08,-5.47
Asia Pacific,Thailand,Downstream gas,Downstream,Gas,Biannual LDAR,9.02,-5.47
Asia Pacific,Thailand,Downstream oil,Downstream,Oil,Biannual LDAR,0.44,-5.47
Asia Pacific,Other countries in Southeast Asia,Downstream oil,Downstream,Oil,Biannual LDAR,0.33,-5.47
Other,Other,Onshore conventional oil,Upstream,Oil,Quarterly LDAR,1.12,-5.47
Asia Pacific,Other countries in Southeast Asia,Downstream gas,Downstream,Gas,Biannual LDAR,2.13,-5.47
Other,Other,Onshore conventional gas,Upstream,Gas,Quarterly LDAR,4.03,-5.47
Asia Pacific,Malaysia,Downstream gas,Downstream,Gas,Biannual LDAR,7,-5.47
Asia Pacific,Malaysia,Downstream oil,Downstream,Oil,Biannual LDAR,0.18,-5.47
Asia Pacific,Viet Nam,Downstream gas,Downstream,Gas,Biannual LDAR,0.75,-5.47
Asia Pacific,Viet Nam,Downstream oil,Downstream,Oil,Biannual LDAR,0.09,-5.47
Europe,Other countries in Europe,Downstream oil,Downstream,Oil,Replace with electric motor,1.73,-5.46
Asia Pacific,New Zealand,Onshore conventional gas,Upstream,Gas,Quarterly LDAR,0.33,-5.45
Asia Pacific,New Zealand,Onshore conventional oil,Upstream,Oil,Quarterly LDAR,0.05,-5.45
Central and South America,Brazil,Onshore conventional gas,Upstream,Gas,Replace pumps,0.6,-5.45
Central and South America,Brazil,Onshore conventional gas,Upstream,Gas,Vapour recovery units,1.4,-5.44
Central and South America,Ecuador,Onshore conventional oil,Upstream,Oil,Blowdown capture,0.33,-5.44
Europe,Ukraine,Downstream oil,Downstream,Oil,Continuous LDAR,0.41,-5.44
Europe,Ukraine,Downstream gas,Downstream,Gas,Continuous LDAR,14.03,-5.44
Russia & Caspian,Turkmenistan,Onshore conventional oil,Upstream,Oil,Blowdown capture,0.49,-5.43
Africa,South Africa,Downstream oil,Downstream,Oil,Continuous LDAR,0.13,-5.43
Africa,South Africa,Downstream gas,Downstream,Gas,Continuous LDAR,0.52,-5.43
Europe,France,Onshore conventional oil,Upstream,Oil,Quarterly LDAR,0.18,-5.43
Europe,France,Unconventional gas,Upstream,Gas,Quarterly LDAR,0.01,-5.43
Europe,Poland,Downstream oil,Downstream,Oil,Replace with electric motor,0.52,-5.42
Asia Pacific,Philippines,Downstream oil,Downstream,Oil,Annual LDAR,0.03,-5.41
Asia Pacific,Philippines,Downstream gas,Downstream,Gas,Annual LDAR,0.11,-5.41
Asia Pacific,Thailand,Downstream oil,Downstream,Oil,Annual LDAR,0.15,-5.41
Asia Pacific,Thailand,Downstream gas,Downstream,Gas,Annual LDAR,3.01,-5.41
Asia Pacific,Malaysia,Downstream oil,Downstream,Oil,Annual LDAR,0.06,-5.41
Asia Pacific,Malaysia,Downstream gas,Downstream,Gas,Annual LDAR,2.33,-5.41
Asia Pacific,Other countries in Southeast Asia,Downstream gas,Downstream,Gas,Annual LDAR,0.71,-5.41
Asia Pacific,Other countries in Southeast Asia,Downstream oil,Downstream,Oil,Annual LDAR,0.11,-5.41
Central and South America,Brazil,Offshore gas,Upstream,Gas,Quarterly LDAR,6.14,-5.41
Asia Pacific,Brunei,Downstream gas,Downstream,Gas,Annual LDAR,0.08,-5.41
Central and South America,Brazil,Offshore oil,Upstream,Oil,Quarterly LDAR,62.88,-5.41
Asia Pacific,Viet Nam,Downstream oil,Downstream,Oil,Annual LDAR,0.03,-5.41
Asia Pacific,Viet Nam,Downstream gas,Downstream,Gas,Annual LDAR,0.25,-5.41
Europe,Estonia,Downstream oil,Downstream,Oil,Replace with electric motor,0.02,-5.4
Asia Pacific,Japan,Offshore gas,Upstream,Gas,Continuous LDAR,0.03,-5.39
Asia Pacific,Japan,Offshore oil,Upstream,Oil,Continuous LDAR,0.01,-5.39
Asia Pacific,Malaysia,Offshore oil,Upstream,Oil,Replace compressor seal or rod,0.03,-5.39
Africa,Equatorial Guinea,Offshore oil,Upstream,Oil,Replace with instrument air systems,2.82,-5.38
Asia Pacific,China,Onshore conventional gas,Upstream,Gas,Vapour recovery units,28.48,-5.37
Europe,Other countries in Europe,Downstream oil,Downstream,Oil,Quarterly LDAR,0.77,-5.37
Europe,Other countries in Europe,Downstream gas,Downstream,Gas,Quarterly LDAR,16.31,-5.37
Europe,Slovenia,Downstream oil,Downstream,Oil,Replace with electric motor,0.03,-5.36
Asia Pacific,India,Offshore oil,Upstream,Oil,Replace compressor seal or rod,0.06,-5.36
Europe,Poland,Unconventional gas,Upstream,Gas,Vapour recovery units,0.59,-5.35
Asia Pacific,New Zealand,Onshore conventional oil,Upstream,Oil,Continuous LDAR,0.06,-5.35
Asia Pacific,New Zealand,Onshore conventional gas,Upstream,Gas,Continuous LDAR,0.35,-5.35
Europe,Norway,Offshore oil,Upstream,Oil,Replace compressor seal or rod,0.47,-5.34
Asia Pacific,Indonesia,Offshore gas,Upstream,Gas,Biannual LDAR,3.26,-5.33
Asia Pacific,Indonesia,Offshore oil,Upstream,Oil,Biannual LDAR,0.66,-5.33
Europe,Other EU17 countries,Downstream oil,Downstream,Oil,Replace with electric motor,2.28,-5.32
Europe,Netherlands,Onshore conventional gas,Upstream,Gas,Quarterly LDAR,0.1,-5.31
Europe,Netherlands,Onshore conventional oil,Upstream,Oil,Quarterly LDAR,0.01,-5.31
Asia Pacific,Indonesia,Offshore gas,Upstream,Gas,Replace compressor seal or rod,0.07,-5.31
Europe,Germany,Onshore conventional gas,Upstream,Gas,Vapour recovery units,0.54,-5.31
Europe,Norway,Offshore oil,Upstream,Oil,Annual LDAR,0.04,-5.3
Europe,Norway,Offshore gas,Upstream,Gas,Annual LDAR,0.06,-5.3
Europe,Slovenia,Downstream gas,Downstream,Gas,Annual LDAR,0.03,-5.29
Europe,Ukraine,Onshore conventional gas,Upstream,Gas,Replace with electric motor,14.36,-5.28
Europe,Italy,Downstream oil,Downstream,Oil,Replace with electric motor,0.87,-5.28
Europe,Sweden,Downstream oil,Downstream,Oil,Replace with electric motor,0.15,-5.27
Europe,Other EU7 countries,Downstream oil,Downstream,Oil,Replace with electric motor,0.3,-5.27
Asia Pacific,China,Downstream oil,Downstream,Oil,Biannual LDAR,2.62,-5.26
Asia Pacific,China,Downstream gas,Downstream,Gas,Biannual LDAR,43.76,-5.26
Central and South America,Brazil,Downstream oil,Downstream,Oil,Quarterly LDAR,1.69,-5.26
Central and South America,Brazil,Downstream gas,Downstream,Gas,Quarterly LDAR,13.88,-5.26
Russia & Caspian,Azerbaijan,Offshore oil,Upstream,Oil,Biannual LDAR,1.66,-5.25
Russia & Caspian,Azerbaijan,Offshore gas,Upstream,Gas,Biannual LDAR,1.58,-5.25
Europe,Slovenia,Downstream gas,Downstream,Gas,Biannual LDAR,0.09,-5.25
Europe,United Kingdom,Unconventional gas,Upstream,Gas,Continuous LDAR,0.07,-5.25
Europe,United Kingdom,Onshore conventional gas,Upstream,Gas,Continuous LDAR,0.01,-5.25
Europe,United Kingdom,Onshore conventional oil,Upstream,Oil,Continuous LDAR,0.18,-5.25
Africa,Tanzania,Offshore gas,Upstream,Gas,Biannual LDAR,0.06,-5.24
Africa,Senegal,Offshore oil,Upstream,Oil,Biannual LDAR,0.38,-5.24
Other,Other,Offshore oil,Upstream,Oil,Biannual LDAR,0.01,-5.24
Africa,Nigeria,Offshore gas,Upstream,Gas,Biannual LDAR,1.1,-5.24
Africa,Nigeria,Offshore oil,Upstream,Oil,Biannual LDAR,7.92,-5.24
Africa,Mozambique,Offshore oil,Upstream,Oil,Biannual LDAR,0.25,-5.24
Africa,Mozambique,Offshore gas,Upstream,Gas,Biannual LDAR,0.62,-5.24
Africa,Angola,Offshore gas,Upstream,Gas,Biannual LDAR,0.01,-5.24
Africa,Angola,Offshore oil,Upstream,Oil,Biannual LDAR,2.11,-5.24
Africa,Cameroon,Offshore gas,Upstream,Gas,Biannual LDAR,0.18,-5.24
Africa,Cameroon,Offshore oil,Upstream,Oil,Biannual LDAR,0.78,-5.24
Asia Pacific,China,Downstream gas,Downstream,Gas,Annual LDAR,14.59,-5.24
Asia Pacific,China,Downstream oil,Downstream,Oil,Annual LDAR,0.87,-5.24
Africa,Democratic Republic of Congo,Offshore oil,Upstream,Oil,Biannual LDAR,0.13,-5.24
Africa,Cote d'Ivoire,Offshore oil,Upstream,Oil,Biannual LDAR,0.11,-5.24
Africa,Cote d'Ivoire,Offshore gas,Upstream,Gas,Biannual LDAR,0.15,-5.24
Africa,Congo,Offshore oil,Upstream,Oil,Biannual LDAR,2.83,-5.24
Africa,Congo,Offshore gas,Upstream,Gas,Biannual LDAR,0.04,-5.24
Africa,Ghana,Offshore oil,Upstream,Oil,Biannual LDAR,0.52,-5.24
Africa,Ghana,Offshore gas,Upstream,Gas,Biannual LDAR,0.12,-5.24
Africa,Gabon,Offshore oil,Upstream,Oil,Biannual LDAR,1.16,-5.24
Asia Pacific,India,Downstream oil,Downstream,Oil,Biannual LDAR,3.18,-5.24
Asia Pacific,India,Downstream gas,Downstream,Gas,Biannual LDAR,23.54,-5.24
Africa,Equatorial Guinea,Offshore oil,Upstream,Oil,Biannual LDAR,0.62,-5.24
Africa,Equatorial Guinea,Offshore gas,Upstream,Gas,Biannual LDAR,0.93,-5.24
Africa,Gabon,Offshore gas,Upstream,Gas,Biannual LDAR,0.02,-5.24
Europe,Denmark,Downstream oil,Downstream,Oil,Replace with electric motor,0.11,-5.24
Europe,Germany,Downstream oil,Downstream,Oil,Replace with electric motor,1,-5.23
Middle East,Iran,Offshore gas,Upstream,Gas,Continuous LDAR,82.87,-5.23
Middle East,Iran,Offshore oil,Upstream,Oil,Continuous LDAR,59.96,-5.23
Middle East,Kuwait,Offshore gas,Upstream,Gas,Continuous LDAR,0.04,-5.23
Middle East,Kuwait,Offshore oil,Upstream,Oil,Continuous LDAR,2.32,-5.23
Middle East,Oman,Offshore gas,Upstream,Gas,Continuous LDAR,0.02,-5.23
Middle East,Oman,Offshore oil,Upstream,Oil,Continuous LDAR,0.05,-5.23
Europe,Other EU7 countries,Downstream oil,Downstream,Oil,Quarterly LDAR,0.13,-5.23
Europe,Other EU7 countries,Downstream gas,Downstream,Gas,Quarterly LDAR,1.89,-5.23
Middle East,Saudi Arabia,Offshore gas,Upstream,Gas,Continuous LDAR,6.33,-5.23
Middle East,Saudi Arabia,Offshore oil,Upstream,Oil,Continuous LDAR,33.26,-5.23
Middle East,Qatar,Offshore gas,Upstream,Gas,Continuous LDAR,56.37,-5.23
Middle East,Qatar,Offshore oil,Upstream,Oil,Continuous LDAR,22.51,-5.23
Middle East,United Arab Emirates,Offshore oil,Upstream,Oil,Continuous LDAR,30.03,-5.23
Middle East,United Arab Emirates,Offshore gas,Upstream,Gas,Continuous LDAR,5.22,-5.23
Asia Pacific,Japan,Onshore conventional gas,Upstream,Gas,Replace with electric motor,0.58,-5.22
Europe,France,Downstream oil,Downstream,Oil,Replace with electric motor,1.35,-5.22
Asia Pacific,India,Downstream gas,Downstream,Gas,Annual LDAR,7.85,-5.21
Asia Pacific,India,Downstream oil,Downstream,Oil,Annual LDAR,1.06,-5.21
Europe,Netherlands,Onshore conventional gas,Upstream,Gas,Vapour recovery units,0.06,-5.2
Russia & Caspian,Turkmenistan,Offshore oil,Upstream,Oil,Biannual LDAR,3.66,-5.19
Russia & Caspian,Turkmenistan,Offshore gas,Upstream,Gas,Biannual LDAR,1.37,-5.19
Russia & Caspian,Turkmenistan,Onshore conventional gas,Upstream,Gas,Blowdown capture,311.16,-5.18
Other,Other,Onshore conventional gas,Upstream,Gas,Blowdown capture,0.03,-5.18
Russia & Caspian,Kazakhstan,Onshore conventional gas,Upstream,Gas,Blowdown capture,14.89,-5.18
Middle East,Jordan,Onshore conventional gas,Upstream,Gas,Blowdown capture,0.01,-5.17
Middle East,Kuwait,Onshore conventional gas,Upstream,Gas,Blowdown capture,8.46,-5.17
Middle East,Iran,Onshore conventional gas,Upstream,Gas,Blowdown capture,28.23,-5.17
Middle East,Iraq,Onshore conventional gas,Upstream,Gas,Blowdown capture,4.15,-5.17
Africa,Gabon,Onshore conventional gas,Upstream,Gas,Blowdown capture,0.39,-5.17
Africa,Congo,Onshore conventional gas,Upstream,Gas,Blowdown capture,0.34,-5.17
Africa,Cameroon,Onshore conventional gas,Upstream,Gas,Blowdown capture,0.04,-5.17
Africa,Angola,Onshore conventional gas,Upstream,Gas,Blowdown capture,0.87,-5.17
Middle East,Bahrain,Onshore conventional gas,Upstream,Gas,Blowdown capture,15.52,-5.17
Africa,Botswana,Unconventional gas,Upstream,Gas,Blowdown capture,0.03,-5.17
Europe,Other EU7 countries,Offshore gas,Upstream,Gas,Quarterly LDAR,0.05,-5.17
Africa,Mozambique,Onshore conventional gas,Upstream,Gas,Blowdown capture,7.6,-5.17
Middle East,Oman,Unconventional gas,Upstream,Gas,Blowdown capture,12.11,-5.17
Middle East,Oman,Onshore conventional gas,Upstream,Gas,Blowdown capture,17.4,-5.17
Africa,Nigeria,Onshore conventional gas,Upstream,Gas,Blowdown capture,32.43,-5.17
Middle East,United Arab Emirates,Onshore conventional gas,Upstream,Gas,Blowdown capture,12.42,-5.17
Europe,Ukraine,Offshore gas,Upstream,Gas,Replace with electric motor,0.1,-5.17
Africa,Tanzania,Onshore conventional gas,Upstream,Gas,Blowdown capture,0.9,-5.17
Middle East,Qatar,Onshore conventional gas,Upstream,Gas,Blowdown capture,1.38,-5.17
Middle East,Saudi Arabia,Unconventional gas,Upstream,Gas,Blowdown capture,3.62,-5.17
Africa,Senegal,Onshore conventional gas,Upstream,Gas,Blowdown capture,1.49,-5.17
Middle East,Saudi Arabia,Onshore conventional gas,Upstream,Gas,Blowdown capture,13.07,-5.17
Middle East,Syria,Onshore conventional gas,Upstream,Gas,Blowdown capture,13.93,-5.17
Middle East,Yemen,Onshore conventional gas,Upstream,Gas,Blowdown capture,0.05,-5.17
Russia & Caspian,Uzbekistan,Onshore conventional gas,Upstream,Gas,Blowdown capture,170.38,-5.17
Asia Pacific,Thailand,Onshore conventional gas,Upstream,Gas,Replace pumps,0.19,-5.16
Asia Pacific,Other countries in Southeast Asia,Onshore conventional gas,Upstream,Gas,Replace pumps,0.06,-5.16
Other,Other,Onshore conventional gas,Upstream,Gas,Blowdown capture,10.25,-5.16
Asia Pacific,Brunei,Onshore conventional gas,Upstream,Gas,Replace pumps,0.06,-5.16
Asia Pacific,Thailand,Onshore conventional gas,Upstream,Gas,Vapour recovery units,0.45,-5.15
Europe,Romania,Downstream oil,Downstream,Oil,Replace with electric motor,3.24,-5.15
Europe,Other countries in Europe,Onshore conventional gas,Upstream,Gas,Quarterly LDAR,0.03,-5.14
Europe,Other countries in Europe,Onshore conventional oil,Upstream,Oil,Quarterly LDAR,1.41,-5.14
Other,Other,Onshore conventional gas,Upstream,Gas,Blowdown capture,0.44,-5.13
Africa,South Africa,Onshore conventional oil,Upstream,Oil,Replace with electric motor,4.87,-5.13
Central and South America,Colombia,Onshore conventional gas,Upstream,Gas,Blowdown capture,8.09,-5.13
Russia & Caspian,Kazakhstan,Offshore gas,Upstream,Gas,Biannual LDAR,0.19,-5.13
Russia & Caspian,Kazakhstan,Offshore oil,Upstream,Oil,Biannual LDAR,1.03,-5.13
Asia Pacific,Brunei,Onshore conventional gas,Upstream,Gas,Vapour recovery units,0.14,-5.12
Asia Pacific,Other countries in Southeast Asia,Onshore conventional gas,Upstream,Gas,Vapour recovery units,0.14,-5.11
Asia Pacific,Viet Nam,Onshore conventional gas,Upstream,Gas,Vapour recovery units,0.01,-5.11
Asia Pacific,Viet Nam,Offshore oil,Upstream,Oil,Quarterly LDAR,5.24,-5.09
Asia Pacific,Viet Nam,Offshore gas,Upstream,Gas,Quarterly LDAR,1.72,-5.09
Asia Pacific,Other countries in Southeast Asia,Offshore gas,Upstream,Gas,Quarterly LDAR,5.62,-5.09
Europe,Other EU7 countries,Offshore gas,Upstream,Gas,Associated gas utilisation,0.14,-5.09
Asia Pacific,Malaysia,Offshore oil,Upstream,Oil,Quarterly LDAR,14.92,-5.09
Asia Pacific,Malaysia,Offshore gas,Upstream,Gas,Quarterly LDAR,31.26,-5.09
Asia Pacific,Philippines,Offshore gas,Upstream,Gas,Quarterly LDAR,0.61,-5.09
Asia Pacific,Philippines,Offshore oil,Upstream,Oil,Quarterly LDAR,0.25,-5.09
Asia Pacific,Thailand,Offshore oil,Upstream,Oil,Quarterly LDAR,8.47,-5.09
Asia Pacific,Thailand,Offshore gas,Upstream,Gas,Quarterly LDAR,16.33,-5.09
Asia Pacific,Brunei,Offshore oil,Upstream,Oil,Quarterly LDAR,1.16,-5.09
Asia Pacific,Brunei,Offshore gas,Upstream,Gas,Quarterly LDAR,2,-5.09
Asia Pacific,Bangladesh,Downstream oil,Downstream,Oil,Biannual LDAR,0.05,-5.07
Asia Pacific,Bangladesh,Downstream gas,Downstream,Gas,Biannual LDAR,3.44,-5.07
Asia Pacific,Australia,Offshore gas,Upstream,Gas,Annual LDAR,0.74,-5.07
Asia Pacific,Australia,Offshore oil,Upstream,Oil,Annual LDAR,0.09,-5.07
Asia Pacific,Pakistan,Downstream gas,Downstream,Gas,Biannual LDAR,8.09,-5.07
Asia Pacific,Pakistan,Downstream oil,Downstream,Oil,Biannual LDAR,0.21,-5.07
Europe,Other EU7 countries,Onshore conventional gas,Upstream,Gas,Replace with electric motor,0.14,-5.06
Asia Pacific,Indonesia,Downstream oil,Downstream,Oil,Biannual LDAR,0.44,-5.06
Asia Pacific,Indonesia,Downstream gas,Downstream,Gas,Biannual LDAR,7.77,-5.06
Africa,Egypt,Offshore gas,Upstream,Gas,Biannual LDAR,2.35,-5.05
Africa,Egypt,Offshore oil,Upstream,Oil,Biannual LDAR,1.12,-5.05
Europe,Italy,Offshore oil,Upstream,Oil,Vapour recovery units,0.14,-5.05
Africa,Libya,Offshore gas,Upstream,Gas,Biannual LDAR,0.22,-5.05
Africa,Libya,Offshore oil,Upstream,Oil,Biannual LDAR,0.18,-5.05
Africa,Tunisia,Offshore oil,Upstream,Oil,Biannual LDAR,0.05,-5.05
Africa,Tunisia,Offshore gas,Upstream,Gas,Biannual LDAR,0.06,-5.05
Asia Pacific,Pakistan,Downstream gas,Downstream,Gas,Annual LDAR,2.7,-5.04
Asia Pacific,Pakistan,Downstream oil,Downstream,Oil,Annual LDAR,0.07,-5.04
Other,Other,Offshore gas,Upstream,Gas,Biannual LDAR,0.03,-5.04
Asia Pacific,Indonesia,Downstream oil,Downstream,Oil,Annual LDAR,0.15,-5.04
Asia Pacific,Indonesia,Downstream gas,Downstream,Gas,Annual LDAR,2.59,-5.04
Asia Pacific,Bangladesh,Downstream gas,Downstream,Gas,Annual LDAR,1.15,-5.04
Asia Pacific,Bangladesh,Downstream oil,Downstream,Oil,Annual LDAR,0.02,-5.04
Africa,Mozambique,Offshore gas,Upstream,Gas,Replace compressor seal or rod,0.01,-5.03
Europe,Ukraine,Downstream gas,Downstream,Gas,Replace with electric motor,21.64,-5.03
Europe,Poland,Onshore conventional oil,Upstream,Oil,Replace with electric motor,0.41,-5.03
Europe,Poland,Onshore conventional gas,Upstream,Gas,Replace with electric motor,0.84,-5.02
Russia & Caspian,Turkmenistan,Offshore gas,Upstream,Gas,Replace compressor seal or rod,0.03,-5.02
Europe,Other countries in Europe,Onshore conventional oil,Upstream,Oil,Replace pumps,3.95,-5.02
Russia & Caspian,Azerbaijan,Offshore gas,Upstream,Gas,Replace compressor seal or rod,0.03,-5.02
Europe,Poland,Unconventional gas,Upstream,Gas,Replace with electric motor,0.2,-5.01
Europe,Other countries in Europe,Onshore conventional gas,Upstream,Gas,Replace with electric motor,0.82,-5
Asia Pacific,Pakistan,Unconventional gas,Upstream,Gas,Replace pumps,0.15,-4.99
Asia Pacific,Pakistan,Onshore conventional gas,Upstream,Gas,Replace pumps,3.62,-4.99
Asia Pacific,Bangladesh,Onshore conventional gas,Upstream,Gas,Replace pumps,1.77,-4.99
Asia Pacific,India,Onshore conventional gas,Upstream,Gas,Vapour recovery units,3.99,-4.99
Other,Other,Offshore gas,Upstream,Gas,Continuous LDAR,0.02,-4.98
Other,Other,Offshore oil,Upstream,Oil,Continuous LDAR,0.02,-4.98
Asia Pacific,New Zealand,Onshore conventional gas,Upstream,Gas,Replace pumps,0.08,-4.98
Europe,Poland,Downstream oil,Downstream,Oil,Quarterly LDAR,0.23,-4.98
Europe,Poland,Downstream gas,Downstream,Gas,Quarterly LDAR,5.1,-4.98
Europe,Germany,Onshore conventional gas,Upstream,Gas,Continuous LDAR,0.69,-4.97
Europe,Germany,Unconventional gas,Upstream,Gas,Continuous LDAR,0.17,-4.97
Europe,Germany,Onshore conventional oil,Upstream,Oil,Continuous LDAR,0.19,-4.97
Russia & Caspian,Kazakhstan,Offshore oil,Upstream,Oil,Replace compressor seal or rod,0.01,-4.97
Asia Pacific,Japan,Offshore oil,Upstream,Oil,Vapour recovery units,0.02,-4.95
Europe,Italy,Downstream oil,Downstream,Oil,Annual LDAR,0.04,-4.95
Europe,Italy,Downstream gas,Downstream,Gas,Annual LDAR,1.31,-4.95
Asia Pacific,Brunei,Downstream gas,Downstream,Gas,Quarterly LDAR,0.73,-4.95
Asia Pacific,Brunei,Downstream oil,Downstream,Oil,Quarterly LDAR,0.01,-4.95
Asia Pacific,China,Offshore oil,Upstream,Oil,Replace compressor seal or rod,0.05,-4.95
Asia Pacific,Philippines,Downstream oil,Downstream,Oil,Quarterly LDAR,0.24,-4.95
Asia Pacific,Philippines,Downstream gas,Downstream,Gas,Quarterly LDAR,1,-4.95
Middle East,Saudi Arabia,Offshore gas,Upstream,Gas,Replace compressor seal or rod,0.02,-4.95
Asia Pacific,Thailand,Downstream gas,Downstream,Gas,Quarterly LDAR,28.2,-4.95
Asia Pacific,Thailand,Downstream oil,Downstream,Oil,Quarterly LDAR,1.37,-4.95
Asia Pacific,Malaysia,Downstream gas,Downstream,Gas,Quarterly LDAR,21.88,-4.95
Asia Pacific,Malaysia,Downstream oil,Downstream,Oil,Quarterly LDAR,0.55,-4.95
Asia Pacific,Other countries in Southeast Asia,Downstream gas,Downstream,Gas,Quarterly LDAR,6.67,-4.95
Europe,Other EU7 countries,Offshore gas,Upstream,Gas,Replace with electric motor,0.01,-4.95
Asia Pacific,Other countries in Southeast Asia,Downstream oil,Downstream,Oil,Quarterly LDAR,1.03,-4.95
Asia Pacific,Viet Nam,Downstream gas,Downstream,Gas,Quarterly LDAR,2.33,-4.95
Asia Pacific,Viet Nam,Downstream oil,Downstream,Oil,Quarterly LDAR,0.28,-4.95
Middle East,Saudi Arabia,Offshore oil,Upstream,Oil,Replace compressor seal or rod,0.06,-4.94
Central and South America,Trinidad and Tobago,Offshore gas,Upstream,Gas,Biannual LDAR,1.58,-4.93
Central and South America,Trinidad and Tobago,Offshore oil,Upstream,Oil,Biannual LDAR,0.19,-4.93
Central and South America,Peru,Offshore oil,Upstream,Oil,Biannual LDAR,0.02,-4.93
Central and South America,Peru,Offshore gas,Upstream,Gas,Biannual LDAR,0.02,-4.93
Central and South America,Cuba,Offshore oil,Upstream,Oil,Biannual LDAR,0.08,-4.93
Central and South America,Argentina,Offshore oil,Upstream,Oil,Biannual LDAR,0.16,-4.93
Central and South America,Argentina,Offshore gas,Upstream,Gas,Biannual LDAR,0.64,-4.93
Europe,Israel,Downstream oil,Downstream,Oil,Replace with electric motor,0.14,-4.93
Central and South America,Guyana,Offshore oil,Upstream,Oil,Biannual LDAR,1.27,-4.93
Central and South America,Ecuador,Offshore gas,Upstream,Gas,Biannual LDAR,0.03,-4.93
Central and South America,Ecuador,Offshore oil,Upstream,Oil,Biannual LDAR,0.03,-4.93
Central and South America,Venezuela,Offshore oil,Upstream,Oil,Biannual LDAR,1.36,-4.93
Central and South America,Venezuela,Offshore gas,Upstream,Gas,Biannual LDAR,1.06,-4.93
Europe,Other EU17 countries,Downstream gas,Downstream,Gas,Annual LDAR,1.88,-4.92
Europe,Other EU17 countries,Downstream oil,Downstream,Oil,Annual LDAR,0.11,-4.92
Africa,Morocco,Onshore conventional gas,Upstream,Gas,Blowdown capture,0.02,-4.9
Africa,Tunisia,Onshore conventional gas,Upstream,Gas,Blowdown capture,0.9,-4.9
Africa,Egypt,Unconventional gas,Upstream,Gas,Blowdown capture,0.85,-4.9
Africa,Egypt,Onshore conventional gas,Upstream,Gas,Blowdown capture,5.86,-4.9
Africa,Libya,Onshore conventional gas,Upstream,Gas,Blowdown capture,3.05,-4.9
Africa,Algeria,Onshore conventional gas,Upstream,Gas,Blowdown capture,60.81,-4.9
Africa,Algeria,Unconventional gas,Upstream,Gas,Blowdown capture,1.03,-4.9
Russia & Caspian,Azerbaijan,Offshore oil,Upstream,Oil,Replace compressor seal or rod,0.02,-4.89
Middle East,United Arab Emirates,Offshore gas,Upstream,Gas,Replace compressor seal or rod,0.02,-4.89
Middle East,Qatar,Offshore gas,Upstream,Gas,Replace compressor seal or rod,0.2,-4.89
Middle East,Qatar,Offshore oil,Upstream,Oil,Replace compressor seal or rod,0.04,-4.89
Europe,Other countries in Europe,Downstream gas,Downstream,Gas,Replace with electric motor,11.4,-4.89
Europe,Other EU17 countries,Offshore oil,Upstream,Oil,Vapour recovery units,0.1,-4.88
Asia Pacific,Thailand,Offshore oil,Upstream,Oil,Replace compressor seal or rod,0.02,-4.88
Europe,Italy,Downstream gas,Downstream,Gas,Biannual LDAR,3.92,-4.88
Europe,Italy,Downstream oil,Downstream,Oil,Biannual LDAR,0.12,-4.88
Europe,Other countries in Europe,Downstream oil,Downstream,Oil,Replace with electric motor,1.35,-4.87
Europe,Poland,Offshore oil,Upstream,Oil,Replace with electric motor,0.02,-4.86
Europe,France,Onshore conventional oil,Upstream,Oil,Continuous LDAR,0.2,-4.86
Europe,France,Unconventional gas,Upstream,Gas,Continuous LDAR,0.01,-4.86
Europe,Italy,Offshore gas,Upstream,Gas,Vapour recovery units,0.21,-4.84
Asia Pacific,Indonesia,Offshore oil,Upstream,Oil,Replace compressor seal or rod,0.01,-4.84
Russia & Caspian,Azerbaijan,Downstream oil,Downstream,Oil,Biannual LDAR,0.04,-4.84
Russia & Caspian,Azerbaijan,Downstream gas,Downstream,Gas,Biannual LDAR,1.32,-4.84
Europe,Other EU17 countries,Downstream oil,Downstream,Oil,Biannual LDAR,0.32,-4.84
Europe,Other EU17 countries,Downstream gas,Downstream,Gas,Biannual LDAR,5.63,-4.84
Other,Other,Downstream oil,Downstream,Oil,Biannual LDAR,0.01,-4.83
Other,Other,Downstream oil,Downstream,Oil,Biannual LDAR,0.02,-4.83
Other,Other,Downstream oil,Downstream,Oil,Biannual LDAR,0.01,-4.83
Other,Other,Downstream oil,Downstream,Oil,Biannual LDAR,0.06,-4.83
Africa,Mozambique,Downstream gas,Downstream,Gas,Biannual LDAR,0.21,-4.83
Africa,Mozambique,Downstream oil,Downstream,Oil,Biannual LDAR,0.01,-4.83
Africa,Niger,Downstream gas,Downstream,Gas,Biannual LDAR,0.01,-4.83
Africa,Niger,Downstream oil,Downstream,Oil,Biannual LDAR,0.03,-4.83
Africa,Nigeria,Downstream gas,Downstream,Gas,Biannual LDAR,2.79,-4.83
Africa,Nigeria,Downstream oil,Downstream,Oil,Biannual LDAR,0.24,-4.83
Africa,Senegal,Downstream oil,Downstream,Oil,Biannual LDAR,0.01,-4.83
Africa,Sudan,Downstream oil,Downstream,Oil,Biannual LDAR,0.08,-4.83
Africa,Togo,Downstream gas,Downstream,Gas,Biannual LDAR,0.02,-4.83
Africa,Tanzania,Downstream oil,Downstream,Oil,Biannual LDAR,0.03,-4.83
Africa,Tanzania,Downstream gas,Downstream,Gas,Biannual LDAR,0.31,-4.83
Africa,Benin,Downstream gas,Downstream,Gas,Biannual LDAR,0.02,-4.83
Africa,Benin,Downstream oil,Downstream,Oil,Biannual LDAR,0.02,-4.83
Central and South America,Brazil,Downstream gas,Downstream,Gas,Continuous LDAR,6.29,-4.83
Africa,Angola,Downstream gas,Downstream,Gas,Biannual LDAR,0.07,-4.83
Africa,Angola,Downstream oil,Downstream,Oil,Biannual LDAR,0.02,-4.83
Asia Pacific,Australia,Unconventional gas,Upstream,Gas,Replace pumps,2.17,-4.83
Asia Pacific,Australia,Onshore conventional gas,Upstream,Gas,Replace pumps,0.13,-4.83
Africa,Cote d'Ivoire,Downstream oil,Downstream,Oil,Biannual LDAR,0.02,-4.83
Africa,Democratic Republic of Congo,Downstream oil,Downstream,Oil,Biannual LDAR,0.01,-4.83
Africa,Congo,Downstream oil,Downstream,Oil,Biannual LDAR,0.04,-4.83
Africa,Congo,Downstream gas,Downstream,Gas,Biannual LDAR,0.18,-4.83
Africa,Cote d'Ivoire,Downstream gas,Downstream,Gas,Biannual LDAR,0.26,-4.83
Africa,Cameroon,Downstream gas,Downstream,Gas,Biannual LDAR,0.08,-4.83
Africa,Cameroon,Downstream oil,Downstream,Oil,Biannual LDAR,0.03,-4.83
Central and South America,Brazil,Downstream oil,Downstream,Oil,Continuous LDAR,0.77,-4.83
Africa,Kenya,Downstream oil,Downstream,Oil,Biannual LDAR,0.03,-4.83
Africa,Ethiopia,Downstream oil,Downstream,Oil,Biannual LDAR,0.02,-4.83
Africa,Gabon,Downstream gas,Downstream,Gas,Biannual LDAR,0.1,-4.83
Africa,Equatorial Guinea,Downstream gas,Downstream,Gas,Biannual LDAR,0.35,-4.83
Africa,Ghana,Downstream gas,Downstream,Gas,Biannual LDAR,0.44,-4.83
Africa,Ghana,Downstream oil,Downstream,Oil,Biannual LDAR,0.02,-4.83
Africa,Gabon,Downstream oil,Downstream,Oil,Biannual LDAR,0.03,-4.83
Central and South America,Colombia,Downstream gas,Downstream,Gas,Biannual LDAR,3.18,-4.82
Central and South America,Colombia,Downstream oil,Downstream,Oil,Biannual LDAR,0.27,-4.82
Central and South America,Colombia,Onshore conventional gas,Upstream,Gas,Vapour recovery units,2.1,-4.81
Europe,Other EU17 countries,Offshore gas,Upstream,Gas,Vapour recovery units,0.37,-4.81
Europe,Other EU7 countries,Downstream gas,Downstream,Gas,Replace with electric motor,1.32,-4.81
Other,Other,Downstream oil,Downstream,Oil,Biannual LDAR,0.1,-4.8
Other,Other,Downstream gas,Downstream,Gas,Biannual LDAR,1.12,-4.8
Russia & Caspian,Turkmenistan,Downstream gas,Downstream,Gas,Biannual LDAR,19.16,-4.8
Russia & Caspian,Turkmenistan,Downstream oil,Downstream,Oil,Biannual LDAR,0.17,-4.8
Africa,South Africa,Downstream gas,Downstream,Gas,Replace with electric motor,0.8,-4.8
Europe,Poland,Offshore gas,Upstream,Gas,Associated gas utilisation,0.02,-4.8
Europe,Poland,Offshore oil,Upstream,Oil,Associated gas utilisation,0.36,-4.79
Middle East,Qatar,Offshore gas,Upstream,Gas,Biannual LDAR,9.4,-4.79
Middle East,Qatar,Offshore oil,Upstream,Oil,Biannual LDAR,3.75,-4.79
Middle East,Saudi Arabia,Offshore oil,Upstream,Oil,Biannual LDAR,5.54,-4.79
Middle East,Saudi Arabia,Offshore gas,Upstream,Gas,Biannual LDAR,1.06,-4.79
Middle East,United Arab Emirates,Offshore gas,Upstream,Gas,Biannual LDAR,0.87,-4.79
Middle East,United Arab Emirates,Offshore oil,Upstream,Oil,Biannual LDAR,5.01,-4.79
Middle East,Oman,Offshore oil,Upstream,Oil,Biannual LDAR,0.01,-4.79
Middle East,Kuwait,Offshore gas,Upstream,Gas,Biannual LDAR,0.01,-4.79
Middle East,Kuwait,Offshore oil,Upstream,Oil,Biannual LDAR,0.39,-4.79
Middle East,Iran,Offshore gas,Upstream,Gas,Biannual LDAR,13.81,-4.79
Middle East,Iran,Offshore oil,Upstream,Oil,Biannual LDAR,9.99,-4.79
Asia Pacific,Korea,Downstream gas,Downstream,Gas,Replace with electric motor,25.22,-4.78
Africa,Kenya,Downstream oil,Downstream,Oil,Annual LDAR,0.01,-4.78
Africa,Gabon,Downstream oil,Downstream,Oil,Annual LDAR,0.01,-4.78
Africa,Ghana,Downstream oil,Downstream,Oil,Annual LDAR,0.01,-4.78
Africa,Ghana,Downstream gas,Downstream,Gas,Annual LDAR,0.15,-4.78
Africa,Equatorial Guinea,Downstream gas,Downstream,Gas,Annual LDAR,0.12,-4.78
Africa,Gabon,Downstream gas,Downstream,Gas,Annual LDAR,0.03,-4.78
Africa,Ethiopia,Downstream oil,Downstream,Oil,Annual LDAR,0.01,-4.78
Africa,Congo,Downstream gas,Downstream,Gas,Annual LDAR,0.06,-4.78
Africa,Cote d'Ivoire,Downstream gas,Downstream,Gas,Annual LDAR,0.09,-4.78
Africa,Congo,Downstream oil,Downstream,Oil,Annual LDAR,0.01,-4.78
Africa,Cote d'Ivoire,Downstream oil,Downstream,Oil,Annual LDAR,0.01,-4.78
Africa,Cameroon,Downstream oil,Downstream,Oil,Annual LDAR,0.01,-4.78
Africa,Cameroon,Downstream gas,Downstream,Gas,Annual LDAR,0.03,-4.78
Africa,Angola,Downstream oil,Downstream,Oil,Annual LDAR,0.01,-4.78
Africa,Angola,Downstream gas,Downstream,Gas,Annual LDAR,0.02,-4.78
Africa,Benin,Downstream gas,Downstream,Gas,Annual LDAR,0.01,-4.78
Africa,Benin,Downstream oil,Downstream,Oil,Annual LDAR,0.01,-4.78
Russia & Caspian,Azerbaijan,Downstream gas,Downstream,Gas,Annual LDAR,0.44,-4.78
Russia & Caspian,Azerbaijan,Downstream oil,Downstream,Oil,Annual LDAR,0.01,-4.78
Africa,Nigeria,Downstream oil,Downstream,Oil,Annual LDAR,0.08,-4.78
Africa,Nigeria,Downstream gas,Downstream,Gas,Annual LDAR,0.93,-4.78
Africa,Niger,Downstream oil,Downstream,Oil,Annual LDAR,0.01,-4.78
Africa,Mozambique,Downstream gas,Downstream,Gas,Annual LDAR,0.07,-4.78
Other,Other,Downstream oil,Downstream,Oil,Annual LDAR,0.02,-4.78
Other,Other,Downstream oil,Downstream,Oil,Annual LDAR,0.01,-4.78
Africa,Tanzania,Downstream gas,Downstream,Gas,Annual LDAR,0.1,-4.78
Africa,Tanzania,Downstream oil,Downstream,Oil,Annual LDAR,0.01,-4.78
Africa,Togo,Downstream gas,Downstream,Gas,Annual LDAR,0.01,-4.78
Africa,Sudan,Downstream oil,Downstream,Oil,Annual LDAR,0.03,-4.78
Europe,Romania,Downstream oil,Downstream,Oil,Annual LDAR,0.15,-4.78
Europe,Romania,Downstream gas,Downstream,Gas,Annual LDAR,0.78,-4.78
Europe,Poland,Offshore oil,Upstream,Oil,Quarterly LDAR,0.08,-4.78
Europe,Poland,Offshore gas,Upstream,Gas,Quarterly LDAR,0.01,-4.78
Russia & Caspian,Kazakhstan,Downstream oil,Downstream,Oil,Biannual LDAR,0.12,-4.77
Russia & Caspian,Kazakhstan,Downstream gas,Downstream,Gas,Biannual LDAR,1.92,-4.77
Europe,Italy,Offshore gas,Upstream,Gas,Other,0.01,-4.76
Central and South America,Colombia,Downstream oil,Downstream,Oil,Annual LDAR,0.09,-4.76
Central and South America,Colombia,Downstream gas,Downstream,Gas,Annual LDAR,1.06,-4.76
Asia Pacific,Japan,Downstream gas,Downstream,Gas,Replace with electric motor,12.13,-4.75
Africa,Egypt,Offshore gas,Upstream,Gas,Replace compressor seal or rod,0.05,-4.75
Russia & Caspian,Turkmenistan,Downstream gas,Downstream,Gas,Annual LDAR,6.39,-4.75
Europe,Ukraine,Downstream oil,Downstream,Oil,Vapour recovery units,2.35,-4.75
Russia & Caspian,Turkmenistan,Downstream oil,Downstream,Oil,Annual LDAR,0.06,-4.75
Other,Other,Downstream oil,Downstream,Oil,Annual LDAR,0.03,-4.75
Other,Other,Downstream gas,Downstream,Gas,Annual LDAR,0.37,-4.75
Asia Pacific,Viet Nam,Offshore oil,Upstream,Oil,Replace compressor seal or rod,0.01,-4.74
Central and South America,Venezuela,Onshore conventional gas,Upstream,Gas,Blowdown capture,29.06,-4.73
Africa,Morocco,Downstream oil,Downstream,Oil,Biannual LDAR,0.03,-4.73
Africa,Morocco,Downstream gas,Downstream,Gas,Biannual LDAR,0.08,-4.73
Other,Other,Onshore conventional gas,Upstream,Gas,Blowdown capture,0.01,-4.73
Central and South America,Peru,Onshore conventional gas,Upstream,Gas,Blowdown capture,13.32,-4.73
Africa,Tunisia,Downstream oil,Downstream,Oil,Biannual LDAR,0.04,-4.73
Central and South America,Trinidad and Tobago,Onshore conventional gas,Upstream,Gas,Blowdown capture,0.78,-4.73
Africa,Tunisia,Downstream gas,Downstream,Gas,Biannual LDAR,0.8,-4.73
Europe,Romania,Offshore gas,Upstream,Gas,Vapour recovery units,2.47,-4.73
Africa,Egypt,Downstream gas,Downstream,Gas,Biannual LDAR,7.29,-4.73
Africa,Egypt,Downstream oil,Downstream,Oil,Biannual LDAR,0.28,-4.73
Central and South America,Ecuador,Onshore conventional gas,Upstream,Gas,Blowdown capture,0.13,-4.73
Africa,Libya,Downstream gas,Downstream,Gas,Biannual LDAR,0.81,-4.73
Africa,Libya,Downstream oil,Downstream,Oil,Biannual LDAR,0.07,-4.73
Central and South America,Cuba,Onshore conventional gas,Upstream,Gas,Blowdown capture,0.86,-4.73
Central and South America,Bolivia,Onshore conventional gas,Upstream,Gas,Blowdown capture,5.7,-4.73
Africa,Algeria,Downstream oil,Downstream,Oil,Biannual LDAR,0.16,-4.73
Africa,Algeria,Downstream gas,Downstream,Gas,Biannual LDAR,5.6,-4.73
Central and South America,Argentina,Onshore conventional gas,Upstream,Gas,Blowdown capture,7.42,-4.73
Central and South America,Argentina,Unconventional gas,Upstream,Gas,Blowdown capture,42.66,-4.73
Russia & Caspian,Kazakhstan,Downstream gas,Downstream,Gas,Annual LDAR,0.64,-4.72
Russia & Caspian,Kazakhstan,Downstream oil,Downstream,Oil,Annual LDAR,0.04,-4.72
Europe,Poland,Downstream gas,Downstream,Gas,Replace with electric motor,3.57,-4.72
Europe,Other EU17 countries,Offshore gas,Upstream,Gas,Other,0.01,-4.72
Other,Other,Downstream oil,Downstream,Oil,Biannual LDAR,0.07,-4.71
Other,Other,Downstream gas,Downstream,Gas,Biannual LDAR,1.58,-4.71
Europe,Romania,Downstream gas,Downstream,Gas,Biannual LDAR,2.35,-4.7
Europe,Romania,Downstream oil,Downstream,Oil,Biannual LDAR,0.46,-4.7
Middle East,Iran,Offshore oil,Upstream,Oil,Replace compressor seal or rod,0.12,-4.7
Middle East,Iran,Offshore gas,Upstream,Gas,Replace compressor seal or rod,0.3,-4.7
Asia Pacific,Indonesia,Onshore conventional gas,Upstream,Gas,Vapour recovery units,6.84,-4.69
Africa,Mozambique,Onshore conventional gas,Upstream,Gas,Vapour recovery units,2.47,-4.69
Europe,Netherlands,Onshore conventional oil,Upstream,Oil,Continuous LDAR,0.01,-4.68
Europe,Netherlands,Onshore conventional gas,Upstream,Gas,Continuous LDAR,0.11,-4.68
Middle East,United Arab Emirates,Offshore oil,Upstream,Oil,Replace compressor seal or rod,0.06,-4.67
Russia & Caspian,Turkmenistan,Onshore conventional gas,Upstream,Gas,Vapour recovery units,101.08,-4.66
Africa,Tunisia,Downstream gas,Downstream,Gas,Annual LDAR,0.27,-4.66
Central and South America,Trinidad and Tobago,Downstream oil,Downstream,Oil,Biannual LDAR,0.01,-4.66
Africa,Tunisia,Downstream oil,Downstream,Oil,Annual LDAR,0.01,-4.66
Central and South America,Trinidad and Tobago,Downstream gas,Downstream,Gas,Biannual LDAR,1.58,-4.66
Africa,Morocco,Downstream gas,Downstream,Gas,Annual LDAR,0.03,-4.66
Africa,Morocco,Downstream oil,Downstream,Oil,Annual LDAR,0.01,-4.66
Other,Other,Downstream gas,Downstream,Gas,Biannual LDAR,0.55,-4.66
Other,Other,Downstream gas,Downstream,Gas,Annual LDAR,0.53,-4.66
Other,Other,Downstream oil,Downstream,Oil,Biannual LDAR,0.15,-4.66
Other,Other,Downstream oil,Downstream,Oil,Annual LDAR,0.02,-4.66
Central and South America,Peru,Downstream oil,Downstream,Oil,Biannual LDAR,0.07,-4.66
Central and South America,Peru,Downstream gas,Downstream,Gas,Biannual LDAR,1.05,-4.66
Europe,Italy,Offshore gas,Upstream,Gas,Biannual LDAR,0.02,-4.66
Europe,Italy,Offshore oil,Upstream,Oil,Biannual LDAR,0.01,-4.66
Europe,Israel,Downstream oil,Downstream,Oil,Annual LDAR,0.01,-4.66
Europe,Israel,Downstream gas,Downstream,Gas,Annual LDAR,0.22,-4.66
Africa,Libya,Downstream oil,Downstream,Oil,Annual LDAR,0.02,-4.66
Africa,Libya,Downstream gas,Downstream,Gas,Annual LDAR,0.27,-4.66
Central and South America,Ecuador,Downstream oil,Downstream,Oil,Biannual LDAR,0.11,-4.66
Central and South America,Ecuador,Downstream gas,Downstream,Gas,Biannual LDAR,0.06,-4.66
Africa,Egypt,Downstream oil,Downstream,Oil,Annual LDAR,0.09,-4.66
Africa,Egypt,Downstream gas,Downstream,Gas,Annual LDAR,2.43,-4.66
Central and South America,Argentina,Downstream oil,Downstream,Oil,Biannual LDAR,0.21,-4.66
Africa,Algeria,Downstream gas,Downstream,Gas,Annual LDAR,1.87,-4.66
Africa,Algeria,Downstream oil,Downstream,Oil,Annual LDAR,0.05,-4.66
Central and South America,Argentina,Downstream gas,Downstream,Gas,Biannual LDAR,5.86,-4.66
Central and South America,Bolivia,Downstream oil,Downstream,Oil,Biannual LDAR,0.09,-4.66
Central and South America,Bolivia,Downstream gas,Downstream,Gas,Biannual LDAR,1.1,-4.66
Central and South America,Cuba,Downstream gas,Downstream,Gas,Biannual LDAR,0.13,-4.66
Central and South America,Cuba,Downstream oil,Downstream,Oil,Biannual LDAR,0.03,-4.66
Central and South America,Venezuela,Downstream gas,Downstream,Gas,Biannual LDAR,4.56,-4.66
Central and South America,Uruguay,Downstream gas,Downstream,Gas,Biannual LDAR,0.02,-4.66
Central and South America,Uruguay,Downstream oil,Downstream,Oil,Biannual LDAR,0.01,-4.66
Central and South America,Venezuela,Downstream oil,Downstream,Oil,Biannual LDAR,0.33,-4.66
Europe,Germany,Offshore oil,Upstream,Oil,Vapour recovery units,0.56,-4.65
Russia & Caspian,Kazakhstan,Onshore conventional gas,Upstream,Gas,Vapour recovery units,4.55,-4.65
Asia Pacific,Malaysia,Offshore gas,Upstream,Gas,Vapour recovery units,55.59,-4.65
Europe,Romania,Offshore gas,Upstream,Gas,Other,0.07,-4.65
Central and South America,Trinidad and Tobago,Offshore gas,Upstream,Gas,Replace compressor seal or rod,0.03,-4.63
Europe,United Kingdom,Downstream oil,Downstream,Oil,Replace with electric motor,1.03,-4.63
Africa,Equatorial Guinea,Offshore gas,Upstream,Gas,Replace compressor seal or rod,0.02,-4.63
Central and South America,Cuba,Onshore conventional gas,Upstream,Gas,Vapour recovery units,0.28,-4.63
Asia Pacific,China,Offshore gas,Upstream,Gas,Vapour recovery units,15.24,-4.63
Central and South America,Paraguay,Downstream oil,Downstream,Oil,Biannual LDAR,0.01,-4.62
Europe,Other countries in Europe,Downstream oil,Downstream,Oil,Vapour recovery units,2.01,-4.62
Central and South America,Brazil,Downstream oil,Downstream,Oil,Replace with electric motor,3.83,-4.61
Central and South America,Venezuela,Offshore gas,Upstream,Gas,Replace compressor seal or rod,0.02,-4.61
Europe,Other EU17 countries,Unconventional gas,Upstream,Gas,Vapour recovery units,0.16,-4.6
Europe,Other EU17 countries,Offshore oil,Upstream,Oil,Biannual LDAR,0.01,-4.59
Europe,Other EU17 countries,Offshore gas,Upstream,Gas,Biannual LDAR,0.04,-4.59
Asia Pacific,Malaysia,Offshore gas,Upstream,Gas,Other,1.68,-4.59
Asia Pacific,New Zealand,Onshore conventional gas,Upstream,Gas,Vapour recovery units,0.19,-4.59
Central and South America,Colombia,Offshore gas,Upstream,Gas,Replace compressor seal or rod,0.03,-4.59
Europe,Estonia,Downstream oil,Downstream,Oil,Quarterly LDAR,0.01,-4.59
Europe,Estonia,Downstream gas,Downstream,Gas,Quarterly LDAR,0.13,-4.59
Central and South America,Venezuela,Offshore oil,Upstream,Oil,Replace compressor seal or rod,0.02,-4.59
Central and South America,Venezuela,Downstream oil,Downstream,Oil,Annual LDAR,0.11,-4.58
Central and South America,Venezuela,Downstream gas,Downstream,Gas,Annual LDAR,1.52,-4.58
Central and South America,Uruguay,Downstream gas,Downstream,Gas,Annual LDAR,0.01,-4.58
Central and South America,Ecuador,Downstream gas,Downstream,Gas,Annual LDAR,0.02,-4.58
Central and South America,Ecuador,Downstream oil,Downstream,Oil,Annual LDAR,0.04,-4.58
Europe,Israel,Downstream gas,Downstream,Gas,Biannual LDAR,0.65,-4.58
Europe,Israel,Downstream oil,Downstream,Oil,Biannual LDAR,0.02,-4.58
Central and South America,Cuba,Downstream oil,Downstream,Oil,Annual LDAR,0.01,-4.58
Central and South America,Cuba,Downstream gas,Downstream,Gas,Annual LDAR,0.04,-4.58
Central and South America,Bolivia,Downstream gas,Downstream,Gas,Annual LDAR,0.37,-4.58
Central and South America,Bolivia,Downstream oil,Downstream,Oil,Annual LDAR,0.03,-4.58
Central and South America,Argentina,Downstream gas,Downstream,Gas,Annual LDAR,1.95,-4.58
Central and South America,Argentina,Downstream oil,Downstream,Oil,Annual LDAR,0.07,-4.58
Central and South America,Argentina,Offshore gas,Upstream,Gas,Replace compressor seal or rod,0.01,-4.58
Other,Other,Downstream gas,Downstream,Gas,Annual LDAR,0.18,-4.58
Central and South America,Peru,Downstream gas,Downstream,Gas,Annual LDAR,0.35,-4.58
Central and South America,Peru,Downstream oil,Downstream,Oil,Annual LDAR,0.02,-4.58
Europe,Other EU7 countries,Downstream oil,Downstream,Oil,Vapour recovery units,0.35,-4.58
Other,Other,Downstream oil,Downstream,Oil,Annual LDAR,0.05,-4.58
Central and South America,Trinidad and Tobago,Downstream gas,Downstream,Gas,Annual LDAR,0.53,-4.58
Central and South America,Brazil,Offshore gas,Upstream,Gas,Vapour recovery units,10.92,-4.57
Asia Pacific,Bangladesh,Onshore conventional gas,Upstream,Gas,Vapour recovery units,4.16,-4.57
Asia Pacific,Korea,Downstream oil,Downstream,Oil,Quarterly LDAR,0.76,-4.57
Asia Pacific,Korea,Downstream gas,Downstream,Gas,Quarterly LDAR,12.93,-4.57
Africa,Gabon,Onshore conventional gas,Upstream,Gas,Vapour recovery units,0.13,-4.57
Middle East,Kuwait,Downstream gas,Downstream,Gas,Biannual LDAR,1.92,-4.56
Middle East,Kuwait,Downstream oil,Downstream,Oil,Biannual LDAR,0.07,-4.56
Middle East,Lebanon,Downstream oil,Downstream,Oil,Biannual LDAR,0.02,-4.56
Middle East,Jordan,Downstream oil,Downstream,Oil,Biannual LDAR,0.02,-4.56
Middle East,Jordan,Downstream gas,Downstream,Gas,Biannual LDAR,0.62,-4.56
Middle East,Iraq,Downstream oil,Downstream,Oil,Biannual LDAR,0.14,-4.56
Middle East,Iran,Downstream gas,Downstream,Gas,Biannual LDAR,21.18,-4.56
Middle East,Iran,Downstream oil,Downstream,Oil,Biannual LDAR,0.37,-4.56
Middle East,Iraq,Downstream gas,Downstream,Gas,Biannual LDAR,1.12,-4.56
Middle East,Bahrain,Downstream oil,Downstream,Oil,Biannual LDAR,0.01,-4.56
Middle East,Bahrain,Downstream gas,Downstream,Gas,Biannual LDAR,1.61,-4.56
Asia Pacific,China,Offshore gas,Upstream,Gas,Other,0.46,-4.56
Middle East,United Arab Emirates,Downstream gas,Downstream,Gas,Biannual LDAR,3.35,-4.56
Middle East,United Arab Emirates,Downstream oil,Downstream,Oil,Biannual LDAR,0.09,-4.56
Middle East,Qatar,Downstream oil,Downstream,Oil,Biannual LDAR,0.04,-4.56
Middle East,Qatar,Downstream gas,Downstream,Gas,Biannual LDAR,3.1,-4.56
Middle East,Syria,Downstream gas,Downstream,Gas,Biannual LDAR,2.42,-4.56
Middle East,Syria,Downstream oil,Downstream,Oil,Biannual LDAR,0.2,-4.56
Middle East,Saudi Arabia,Downstream gas,Downstream,Gas,Biannual LDAR,4.01,-4.56
Middle East,Saudi Arabia,Downstream oil,Downstream,Oil,Biannual LDAR,0.22,-4.56
Middle East,Oman,Downstream oil,Downstream,Oil,Biannual LDAR,0.06,-4.56
Middle East,Oman,Downstream gas,Downstream,Gas,Biannual LDAR,2.69,-4.56
Russia & Caspian,Uzbekistan,Downstream gas,Downstream,Gas,Biannual LDAR,20.23,-4.56
Russia & Caspian,Uzbekistan,Downstream oil,Downstream,Oil,Biannual LDAR,0.11,-4.56
Middle East,Yemen,Downstream oil,Downstream,Oil,Biannual LDAR,0.19,-4.56
Europe,Ukraine,Onshore conventional gas,Upstream,Gas,Install plunger,1.64,-4.54
Asia Pacific,China,Downstream oil,Downstream,Oil,Replace with electric motor,18.56,-4.54
Europe,Estonia,Downstream gas,Downstream,Gas,Replace with electric motor,0.09,-4.54
Africa,Egypt,Offshore oil,Upstream,Oil,Replace compressor seal or rod,0.01,-4.54
Middle East,Iraq,Downstream gas,Downstream,Gas,Annual LDAR,0.37,-4.53
Middle East,Iran,Downstream oil,Downstream,Oil,Annual LDAR,0.12,-4.53
Middle East,Iran,Downstream gas,Downstream,Gas,Annual LDAR,7.06,-4.53
Middle East,Iraq,Downstream oil,Downstream,Oil,Annual LDAR,0.05,-4.53
Middle East,Jordan,Downstream gas,Downstream,Gas,Annual LDAR,0.21,-4.53
Middle East,Jordan,Downstream oil,Downstream,Oil,Annual LDAR,0.01,-4.53
Middle East,Lebanon,Downstream oil,Downstream,Oil,Annual LDAR,0.01,-4.53
Middle East,Kuwait,Downstream oil,Downstream,Oil,Annual LDAR,0.02,-4.53
Middle East,Kuwait,Downstream gas,Downstream,Gas,Annual LDAR,0.64,-4.53
Asia Pacific,Brunei,Downstream gas,Downstream,Gas,Continuous LDAR,0.33,-4.53
Asia Pacific,Brunei,Downstream oil,Downstream,Oil,Continuous LDAR,0.01,-4.53
Middle East,Bahrain,Downstream gas,Downstream,Gas,Annual LDAR,0.54,-4.53
Middle East,United Arab Emirates,Downstream gas,Downstream,Gas,Annual LDAR,1.12,-4.53
Middle East,United Arab Emirates,Downstream oil,Downstream,Oil,Annual LDAR,0.03,-4.53
Asia Pacific,Thailand,Downstream oil,Downstream,Oil,Continuous LDAR,0.62,-4.53
Asia Pacific,Thailand,Downstream gas,Downstream,Gas,Continuous LDAR,12.78,-4.53
Middle East,Saudi Arabia,Downstream oil,Downstream,Oil,Annual LDAR,0.07,-4.53
Middle East,Saudi Arabia,Downstream gas,Downstream,Gas,Annual LDAR,1.34,-4.53
Middle East,Syria,Downstream oil,Downstream,Oil,Annual LDAR,0.07,-4.53
Middle East,Syria,Downstream gas,Downstream,Gas,Annual LDAR,0.81,-4.53
Middle East,Qatar,Downstream gas,Downstream,Gas,Annual LDAR,1.03,-4.53
Asia Pacific,Philippines,Downstream gas,Downstream,Gas,Continuous LDAR,0.45,-4.53
Asia Pacific,Philippines,Downstream oil,Downstream,Oil,Continuous LDAR,0.11,-4.53
Middle East,Qatar,Downstream oil,Downstream,Oil,Annual LDAR,0.01,-4.53
Middle East,Oman,Downstream oil,Downstream,Oil,Annual LDAR,0.02,-4.53
Middle East,Oman,Downstream gas,Downstream,Gas,Annual LDAR,0.9,-4.53
Asia Pacific,Malaysia,Downstream oil,Downstream,Oil,Continuous LDAR,0.25,-4.53
Asia Pacific,Malaysia,Downstream gas,Downstream,Gas,Continuous LDAR,9.92,-4.53
Europe,Other countries in Europe,Downstream oil,Downstream,Oil,Continuous LDAR,0.35,-4.53
Europe,Other countries in Europe,Onshore conventional oil,Upstream,Oil,Continuous LDAR,1.51,-4.53
Asia Pacific,Other countries in Southeast Asia,Downstream gas,Downstream,Gas,Continuous LDAR,3.02,-4.53
Europe,Other countries in Europe,Onshore conventional gas,Upstream,Gas,Continuous LDAR,0.03,-4.53
Europe,Other countries in Europe,Downstream gas,Downstream,Gas,Continuous LDAR,7.39,-4.53
Asia Pacific,Other countries in Southeast Asia,Downstream oil,Downstream,Oil,Continuous LDAR,0.47,-4.53
Middle East,Yemen,Downstream oil,Downstream,Oil,Annual LDAR,0.06,-4.53
Asia Pacific,Viet Nam,Downstream oil,Downstream,Oil,Continuous LDAR,0.13,-4.53
Asia Pacific,Viet Nam,Downstream gas,Downstream,Gas,Continuous LDAR,1.06,-4.53
Russia & Caspian,Uzbekistan,Downstream gas,Downstream,Gas,Annual LDAR,6.74,-4.53
Russia & Caspian,Uzbekistan,Downstream oil,Downstream,Oil,Annual LDAR,0.04,-4.53
Europe,Netherlands,Offshore oil,Upstream,Oil,Vapour recovery units,0.05,-4.52
Asia Pacific,Philippines,Offshore oil,Upstream,Oil,Vapour recovery units,0.77,-4.52
Asia Pacific,China,Onshore conventional gas,Upstream,Gas,Replace pumps,12.44,-4.51
Asia Pacific,China,Unconventional gas,Upstream,Gas,Replace pumps,24.79,-4.51
Russia & Caspian,Uzbekistan,Onshore conventional gas,Upstream,Gas,Vapour recovery units,55.35,-4.51
Central and South America,Brazil,Offshore gas,Upstream,Gas,Other,0.33,-4.5
Europe,Italy,Onshore conventional oil,Upstream,Oil,Replace with electric motor,1.48,-4.5
Asia Pacific,Japan,Downstream gas,Downstream,Gas,Quarterly LDAR,17.28,-4.49
Europe,Israel,Offshore gas,Upstream,Gas,Vapour recovery units,4.99,-4.49
Asia Pacific,Japan,Downstream oil,Downstream,Oil,Quarterly LDAR,0.83,-4.49
Europe,Norway,Onshore conventional oil,Upstream,Oil,Quarterly LDAR,0.06,-4.48
Asia Pacific,Other countries in Southeast Asia,Onshore conventional oil,Upstream,Oil,Replace pumps,0.33,-4.48
Europe,Ukraine,Downstream gas,Downstream,Gas,Other,17.77,-4.47
Asia Pacific,Australia,Onshore conventional oil,Upstream,Oil,Quarterly LDAR,0.38,-4.47
Asia Pacific,Australia,Onshore conventional gas,Upstream,Gas,Quarterly LDAR,0.53,-4.47
Asia Pacific,Australia,Unconventional gas,Upstream,Gas,Quarterly LDAR,10.53,-4.47
Asia Pacific,China,Downstream oil,Downstream,Oil,Quarterly LDAR,8.2,-4.47
Asia Pacific,China,Downstream gas,Downstream,Gas,Quarterly LDAR,136.76,-4.47
Africa,South Africa,Downstream gas,Downstream,Gas,Other,0.66,-4.46
Other,Other,Downstream oil,Downstream,Oil,Biannual LDAR,0.22,-4.46
Other,Other,Downstream gas,Downstream,Gas,Biannual LDAR,3.21,-4.46
Asia Pacific,Bangladesh,Onshore conventional oil,Upstream,Oil,Replace pumps,0.14,-4.45
Central and South America,Brazil,Onshore conventional oil,Upstream,Oil,Replace pumps,7.42,-4.44
Asia Pacific,India,Downstream gas,Downstream,Gas,Quarterly LDAR,73.57,-4.44
Asia Pacific,India,Downstream oil,Downstream,Oil,Quarterly LDAR,9.93,-4.44
Other,Other,Downstream gas,Downstream,Gas,Annual LDAR,1.07,-4.44
Other,Other,Downstream oil,Downstream,Oil,Annual LDAR,0.07,-4.44
Africa,South Africa,Downstream oil,Downstream,Oil,Vapour recovery units,0.75,-4.44
Middle East,Saudi Arabia,Onshore conventional gas,Upstream,Gas,Vapour recovery units,3.99,-4.44
Asia Pacific,Philippines,Offshore gas,Upstream,Gas,Vapour recovery units,1.09,-4.43
Europe,United Kingdom,Downstream gas,Downstream,Gas,Annual LDAR,1.14,-4.43
Europe,United Kingdom,Downstream oil,Downstream,Oil,Annual LDAR,0.05,-4.43
Asia Pacific,India,Downstream oil,Downstream,Oil,Replace with electric motor,22.45,-4.43
Central and South America,Ecuador,Onshore conventional gas,Upstream,Gas,Vapour recovery units,0.04,-4.43
Asia Pacific,China,Unconventional gas,Upstream,Gas,Vapour recovery units,162.73,-4.43
Europe,Germany,Downstream gas,Downstream,Gas,Annual LDAR,1.24,-4.42
Europe,Germany,Downstream oil,Downstream,Oil,Annual LDAR,0.05,-4.42
Europe,Poland,Downstream oil,Downstream,Oil,Vapour recovery units,0.6,-4.42
Middle East,Oman,Onshore conventional gas,Upstream,Gas,Vapour recovery units,5.32,-4.42
Europe,Other countries in Europe,Onshore conventional oil,Upstream,Oil,Replace with electric motor,7.19,-4.41
Asia Pacific,Pakistan,Onshore conventional oil,Upstream,Oil,Replace pumps,5.95,-4.41
Asia Pacific,New Zealand,Downstream oil,Downstream,Oil,Annual LDAR,0.01,-4.4
Asia Pacific,New Zealand,Downstream gas,Downstream,Gas,Annual LDAR,0.07,-4.4
Asia Pacific,Malaysia,Offshore gas,Upstream,Gas,Associated gas utilisation,87.62,-4.4
Europe,Sweden,Downstream oil,Downstream,Oil,Annual LDAR,0.01,-4.4
Europe,Sweden,Downstream gas,Downstream,Gas,Annual LDAR,0.03,-4.4
Asia Pacific,India,Unconventional gas,Upstream,Gas,Replace pumps,0.83,-4.4
Asia Pacific,India,Onshore conventional gas,Upstream,Gas,Replace pumps,1.74,-4.4
Europe,Israel,Offshore gas,Upstream,Gas,Other,0.15,-4.4
Africa,Ghana,Offshore oil,Upstream,Oil,Replace compressor seal or rod,0.01,-4.39
Africa,Nigeria,Offshore gas,Upstream,Gas,Replace compressor seal or rod,0.02,-4.39
Asia Pacific,Malaysia,Downstream oil,Downstream,Oil,Replace with electric motor,1.25,-4.38
Asia Pacific,Other countries in Southeast Asia,Downstream oil,Downstream,Oil,Replace with electric motor,2.32,-4.38
Africa,South Africa,Onshore conventional oil,Upstream,Oil,Other,1.79,-4.38
Asia Pacific,Philippines,Downstream oil,Downstream,Oil,Replace with electric motor,0.55,-4.38
Middle East,United Arab Emirates,Onshore conventional gas,Upstream,Gas,Vapour recovery units,3.79,-4.38
Asia Pacific,Thailand,Downstream oil,Downstream,Oil,Replace with electric motor,3.1,-4.38
Africa,Gabon,Offshore oil,Upstream,Oil,Replace compressor seal or rod,0.01,-4.38
Africa,Egypt,Onshore conventional gas,Upstream,Gas,Vapour recovery units,1.79,-4.38
Middle East,Jordan,Onshore conventional gas,Upstream,Gas,Vapour recovery units,0.04,-4.38
Asia Pacific,Brunei,Downstream oil,Downstream,Oil,Replace with electric motor,0.03,-4.38
Asia Pacific,Viet Nam,Downstream oil,Downstream,Oil,Replace with electric motor,0.63,-4.38
Europe,United Kingdom,Downstream oil,Downstream,Oil,Biannual LDAR,0.15,-4.37
Europe,United Kingdom,Downstream gas,Downstream,Gas,Biannual LDAR,3.43,-4.37
Middle East,Qatar,Onshore conventional gas,Upstream,Gas,Vapour recovery units,0.42,-4.37
Europe,Romania,Offshore gas,Upstream,Gas,Biannual LDAR,0.25,-4.36
Europe,Romania,Offshore oil,Upstream,Oil,Biannual LDAR,0.06,-4.36
Asia Pacific,Philippines,Offshore gas,Upstream,Gas,Other,0.03,-4.36
Asia Pacific,Malaysia,Offshore oil,Upstream,Oil,Vapour recovery units,45.15,-4.36
Asia Pacific,New Zealand,Downstream gas,Downstream,Gas,Biannual LDAR,0.2,-4.36
Asia Pacific,New Zealand,Downstream oil,Downstream,Oil,Biannual LDAR,0.02,-4.36
Central and South America,Brazil,Offshore oil,Upstream,Oil,Vapour recovery units,190.29,-4.36
Russia & Caspian,Azerbaijan,Offshore gas,Upstream,Gas,Quarterly LDAR,8.91,-4.36
Russia & Caspian,Azerbaijan,Offshore oil,Upstream,Oil,Quarterly LDAR,9.31,-4.36
Africa,Angola,Offshore oil,Upstream,Oil,Quarterly LDAR,11.86,-4.35
Africa,Angola,Offshore gas,Upstream,Gas,Quarterly LDAR,0.04,-4.35
Africa,Cameroon,Offshore oil,Upstream,Oil,Quarterly LDAR,4.41,-4.35
Africa,Cameroon,Offshore gas,Upstream,Gas,Quarterly LDAR,1.02,-4.35
Africa,Cote d'Ivoire,Offshore oil,Upstream,Oil,Quarterly LDAR,0.6,-4.35
Africa,Cote d'Ivoire,Offshore gas,Upstream,Gas,Quarterly LDAR,0.85,-4.35
Africa,Democratic Republic of Congo,Offshore oil,Upstream,Oil,Quarterly LDAR,0.74,-4.35
Africa,Congo,Offshore oil,Upstream,Oil,Quarterly LDAR,15.93,-4.35
Africa,Congo,Offshore gas,Upstream,Gas,Quarterly LDAR,0.22,-4.35
Africa,Equatorial Guinea,Offshore gas,Upstream,Gas,Quarterly LDAR,5.2,-4.35
Africa,Equatorial Guinea,Offshore oil,Upstream,Oil,Quarterly LDAR,3.51,-4.35
Europe,France,Downstream gas,Downstream,Gas,Annual LDAR,0.96,-4.35
Africa,Gabon,Offshore gas,Upstream,Gas,Quarterly LDAR,0.08,-4.35
Europe,France,Downstream oil,Downstream,Oil,Annual LDAR,0.06,-4.35
Africa,Gabon,Offshore oil,Upstream,Oil,Quarterly LDAR,6.51,-4.35
Africa,Ghana,Offshore gas,Upstream,Gas,Quarterly LDAR,0.7,-4.35
Africa,Ghana,Offshore oil,Upstream,Oil,Quarterly LDAR,2.95,-4.35
Central and South America,Guyana,Offshore oil,Upstream,Oil,Replace compressor seal or rod,0.01,-4.35
Africa,Nigeria,Offshore gas,Upstream,Gas,Quarterly LDAR,6.19,-4.35
Africa,Nigeria,Offshore oil,Upstream,Oil,Quarterly LDAR,44.54,-4.35
Africa,Mozambique,Offshore oil,Upstream,Oil,Quarterly LDAR,1.4,-4.35
Africa,Mozambique,Offshore gas,Upstream,Gas,Quarterly LDAR,3.49,-4.35
Other,Other,Offshore oil,Upstream,Oil,Quarterly LDAR,0.03,-4.35
Africa,Senegal,Offshore oil,Upstream,Oil,Quarterly LDAR,2.16,-4.35
Asia Pacific,Thailand,Offshore gas,Upstream,Gas,Vapour recovery units,29.04,-4.35
Africa,Tanzania,Offshore gas,Upstream,Gas,Quarterly LDAR,0.35,-4.35
Africa,Tunisia,Onshore conventional gas,Upstream,Gas,Vapour recovery units,0.27,-4.35
Asia Pacific,Korea,Downstream oil,Downstream,Oil,Vapour recovery units,1.99,-4.34
Africa,Kenya,Downstream oil,Downstream,Oil,Quarterly LDAR,0.09,-4.32
Africa,Ghana,Downstream oil,Downstream,Oil,Quarterly LDAR,0.06,-4.32
Africa,Ghana,Downstream gas,Downstream,Gas,Quarterly LDAR,1.38,-4.32
Africa,Gabon,Downstream oil,Downstream,Oil,Quarterly LDAR,0.1,-4.32
Africa,Gabon,Downstream gas,Downstream,Gas,Quarterly LDAR,0.32,-4.32
Africa,Ethiopia,Downstream oil,Downstream,Oil,Quarterly LDAR,0.07,-4.32
Africa,Equatorial Guinea,Downstream oil,Downstream,Oil,Quarterly LDAR,0.01,-4.32
Africa,Eritrea,Downstream oil,Downstream,Oil,Quarterly LDAR,0.01,-4.32
Africa,Equatorial Guinea,Downstream gas,Downstream,Gas,Quarterly LDAR,1.09,-4.32
Africa,Congo,Downstream gas,Downstream,Gas,Quarterly LDAR,0.57,-4.32
Africa,Congo,Downstream oil,Downstream,Oil,Quarterly LDAR,0.12,-4.32
Africa,Cote d'Ivoire,Downstream gas,Downstream,Gas,Quarterly LDAR,0.83,-4.32
Africa,Democratic Republic of Congo,Downstream oil,Downstream,Oil,Quarterly LDAR,0.02,-4.32
Africa,Cote d'Ivoire,Downstream oil,Downstream,Oil,Quarterly LDAR,0.06,-4.32
Africa,Cameroon,Downstream oil,Downstream,Oil,Quarterly LDAR,0.08,-4.32
Africa,Cameroon,Downstream gas,Downstream,Gas,Quarterly LDAR,0.24,-4.32
Africa,Angola,Downstream gas,Downstream,Gas,Quarterly LDAR,0.2,-4.32
Africa,Angola,Downstream oil,Downstream,Oil,Quarterly LDAR,0.07,-4.32
Russia & Caspian,Azerbaijan,Downstream oil,Downstream,Oil,Quarterly LDAR,0.13,-4.32
Russia & Caspian,Azerbaijan,Downstream gas,Downstream,Gas,Quarterly LDAR,4.14,-4.32
Africa,Benin,Downstream gas,Downstream,Gas,Quarterly LDAR,0.06,-4.32
Africa,Benin,Downstream oil,Downstream,Oil,Quarterly LDAR,0.05,-4.32
Africa,Botswana,Downstream oil,Downstream,Oil,Quarterly LDAR,0.01,-4.32
Africa,Tanzania,Downstream gas,Downstream,Gas,Quarterly LDAR,0.96,-4.32
Africa,Tanzania,Downstream oil,Downstream,Oil,Quarterly LDAR,0.08,-4.32
Africa,Togo,Downstream oil,Downstream,Oil,Quarterly LDAR,0.01,-4.32
Africa,Togo,Downstream gas,Downstream,Gas,Quarterly LDAR,0.06,-4.32
Africa,South Sudan,Downstream oil,Downstream,Oil,Quarterly LDAR,0.02,-4.32
Africa,Sudan,Downstream oil,Downstream,Oil,Quarterly LDAR,0.24,-4.32
Africa,Senegal,Downstream oil,Downstream,Oil,Quarterly LDAR,0.04,-4.32
Other,Other,Downstream oil,Downstream,Oil,Quarterly LDAR,0.02,-4.32
Other,Other,Downstream oil,Downstream,Oil,Quarterly LDAR,0.07,-4.32
Other,Other,Downstream oil,Downstream,Oil,Quarterly LDAR,0.03,-4.32
Other,Other,Downstream oil,Downstream,Oil,Quarterly LDAR,0.2,-4.32
Europe,Other EU17 countries,Onshore conventional oil,Upstream,Oil,Replace with electric motor,1.41,-4.32
Africa,Mozambique,Downstream oil,Downstream,Oil,Quarterly LDAR,0.04,-4.32
Africa,Mozambique,Downstream gas,Downstream,Gas,Quarterly LDAR,0.66,-4.32
Africa,Namibia,Downstream oil,Downstream,Oil,Quarterly LDAR,0.01,-4.32
Africa,Nigeria,Downstream oil,Downstream,Oil,Quarterly LDAR,0.75,-4.32
Africa,Nigeria,Downstream gas,Downstream,Gas,Quarterly LDAR,8.72,-4.32
Africa,Niger,Downstream gas,Downstream,Gas,Quarterly LDAR,0.02,-4.32
Africa,Niger,Downstream oil,Downstream,Oil,Quarterly LDAR,0.09,-4.32
Europe,Other EU7 countries,Downstream gas,Downstream,Gas,Continuous LDAR,0.86,-4.31
Europe,Other EU7 countries,Downstream oil,Downstream,Oil,Continuous LDAR,0.06,-4.31
Central and South America,Brazil,Offshore gas,Upstream,Gas,Associated gas utilisation,17.2,-4.31
Asia Pacific,Brunei,Offshore gas,Upstream,Gas,Vapour recovery units,3.55,-4.31
Central and South America,Colombia,Offshore gas,Upstream,Gas,Quarterly LDAR,0.14,-4.31
Europe,Denmark,Offshore oil,Upstream,Oil,Vapour recovery units,1.25,-4.31
Europe,Germany,Downstream gas,Downstream,Gas,Biannual LDAR,3.71,-4.3
Europe,Germany,Downstream oil,Downstream,Oil,Biannual LDAR,0.14,-4.3
Asia Pacific,Other countries in Southeast Asia,Offshore gas,Upstream,Gas,Vapour recovery units,10,-4.3
Middle East,Yemen,Onshore conventional gas,Upstream,Gas,Vapour recovery units,0.02,-4.3
Asia Pacific,Viet Nam,Offshore gas,Upstream,Gas,Vapour recovery units,3.06,-4.3
Europe,Netherlands,Offshore gas,Upstream,Gas,Vapour recovery units,0.62,-4.29
Asia Pacific,Japan,Downstream oil,Downstream,Oil,Vapour recovery units,2.18,-4.29
Central and South America,Colombia,Downstream gas,Downstream,Gas,Quarterly LDAR,9.93,-4.29
Central and South America,Colombia,Downstream oil,Downstream,Oil,Quarterly LDAR,0.84,-4.29
Europe,Sweden,Downstream gas,Downstream,Gas,Biannual LDAR,0.1,-4.28
Europe,Sweden,Downstream oil,Downstream,Oil,Biannual LDAR,0.02,-4.28
Asia Pacific,Thailand,Offshore gas,Upstream,Gas,Other,0.88,-4.28
Africa,Senegal,Onshore conventional gas,Upstream,Gas,Vapour recovery units,0.45,-4.27
Europe,Romania,Onshore conventional gas,Upstream,Gas,Replace with electric motor,5.24,-4.27
Central and South America,Peru,Onshore conventional gas,Upstream,Gas,Vapour recovery units,4.07,-4.27
Asia Pacific,China,Offshore oil,Upstream,Oil,Quarterly LDAR,23.82,-4.27
Asia Pacific,China,Offshore gas,Upstream,Gas,Quarterly LDAR,8.57,-4.27
Asia Pacific,Bangladesh,Downstream oil,Downstream,Oil,Quarterly LDAR,0.17,-4.26
Asia Pacific,Bangladesh,Downstream gas,Downstream,Gas,Quarterly LDAR,10.74,-4.26
Asia Pacific,Pakistan,Downstream gas,Downstream,Gas,Quarterly LDAR,25.27,-4.26
Asia Pacific,Pakistan,Downstream oil,Downstream,Oil,Quarterly LDAR,0.66,-4.26
Other,Other,Downstream oil,Downstream,Oil,Quarterly LDAR,0.3,-4.26
Other,Other,Downstream gas,Downstream,Gas,Quarterly LDAR,3.48,-4.26
Russia & Caspian,Turkmenistan,Offshore gas,Upstream,Gas,Quarterly LDAR,7.7,-4.26
Russia & Caspian,Turkmenistan,Downstream gas,Downstream,Gas,Quarterly LDAR,59.88,-4.26
Russia & Caspian,Turkmenistan,Offshore oil,Upstream,Oil,Quarterly LDAR,20.58,-4.26
Russia & Caspian,Turkmenistan,Downstream oil,Downstream,Oil,Quarterly LDAR,0.54,-4.26
Central and South America,Trinidad and Tobago,Onshore conventional gas,Upstream,Gas,Vapour recovery units,0.24,-4.25
Europe,Netherlands,Downstream oil,Downstream,Oil,Annual LDAR,0.01,-4.25
Europe,Netherlands,Downstream gas,Downstream,Gas,Annual LDAR,0.16,-4.25
Africa,Algeria,Onshore conventional gas,Upstream,Gas,Vapour recovery units,18.58,-4.25
Africa,Libya,Onshore conventional gas,Upstream,Gas,Vapour recovery units,0.93,-4.25
Asia Pacific,Indonesia,Downstream oil,Downstream,Oil,Quarterly LDAR,1.36,-4.25
Asia Pacific,Indonesia,Downstream gas,Downstream,Gas,Quarterly LDAR,24.27,-4.25
Asia Pacific,Japan,Offshore gas,Upstream,Gas,Associated gas utilisation,0.09,-4.24
Asia Pacific,Brunei,Offshore gas,Upstream,Gas,Other,0.11,-4.24
Africa,Cameroon,Onshore conventional gas,Upstream,Gas,Vapour recovery units,0.01,-4.24
Africa,Congo,Onshore conventional gas,Upstream,Gas,Vapour recovery units,0.11,-4.24
Europe,United Kingdom,Offshore gas,Upstream,Gas,Vapour recovery units,5.76,-4.24
Europe,Slovenia,Downstream gas,Downstream,Gas,Replace with electric motor,0.19,-4.24
Asia Pacific,Pakistan,Onshore conventional gas,Upstream,Gas,Vapour recovery units,8.49,-4.23
Asia Pacific,Other countries in Southeast Asia,Offshore gas,Upstream,Gas,Other,0.3,-4.23
Europe,France,Downstream gas,Downstream,Gas,Biannual LDAR,2.89,-4.23
Europe,Estonia,Downstream oil,Downstream,Oil,Vapour recovery units,0.02,-4.23
Europe,France,Downstream oil,Downstream,Oil,Biannual LDAR,0.19,-4.23
Asia Pacific,Viet Nam,Offshore gas,Upstream,Gas,Other,0.09,-4.23
Central and South America,Venezuela,Onshore conventional gas,Upstream,Gas,Vapour recovery units,8.88,-4.22
Europe,Other countries in Europe,Offshore gas,Upstream,Gas,Vapour recovery units,1,-4.22
Asia Pacific,New Zealand,Offshore oil,Upstream,Oil,Biannual LDAR,0.02,-4.21
Asia Pacific,New Zealand,Offshore gas,Upstream,Gas,Biannual LDAR,0.06,-4.21
Asia Pacific,Japan,Onshore conventional oil,Upstream,Oil,Replace with electric motor,0.26,-4.21
Asia Pacific,Brunei,Onshore conventional oil,Upstream,Oil,Replace pumps,0.24,-4.21
Asia Pacific,Australia,Downstream oil,Downstream,Oil,Replace with electric motor,0.59,-4.2
Russia & Caspian,Kazakhstan,Downstream gas,Downstream,Gas,Quarterly LDAR,5.99,-4.2
Russia & Caspian,Kazakhstan,Downstream oil,Downstream,Oil,Quarterly LDAR,0.37,-4.2
Asia Pacific,India,Offshore oil,Upstream,Oil,Quarterly LDAR,26.55,-4.2
Asia Pacific,India,Offshore gas,Upstream,Gas,Quarterly LDAR,23.88,-4.2
Europe,Germany,Unconventional gas,Upstream,Gas,Vapour recovery units,0.3,-4.2
Europe,Germany,Onshore conventional oil,Upstream,Oil,Replace with electric motor,0.5,-4.19
Central and South America,Argentina,Onshore conventional gas,Upstream,Gas,Vapour recovery units,2.27,-4.19
Europe,Netherlands,Offshore gas,Upstream,Gas,Other,0.02,-4.19
Asia Pacific,Pakistan,Downstream oil,Downstream,Oil,Replace with electric motor,1.5,-4.19
Africa,Mozambique,Offshore oil,Upstream,Oil,Vapour recovery units,4.23,-4.18
Europe,Other countries in Europe,Onshore conventional gas,Upstream,Gas,Install plunger,0.03,-4.17
Other,Other,Offshore oil,Upstream,Oil,Vapour recovery units,0.09,-4.17
Asia Pacific,Philippines,Offshore gas,Upstream,Gas,Associated gas utilisation,1.72,-4.17
Africa,Cameroon,Offshore oil,Upstream,Oil,Replace compressor seal or rod,0.01,-4.17
Russia & Caspian,Kazakhstan,Offshore gas,Upstream,Gas,Quarterly LDAR,1.07,-4.17
Russia & Caspian,Kazakhstan,Offshore oil,Upstream,Oil,Quarterly LDAR,5.81,-4.17
Asia Pacific,Indonesia,Downstream oil,Downstream,Oil,Replace with electric motor,3.09,-4.17
Middle East,Iran,Onshore conventional gas,Upstream,Gas,Vapour recovery units,8.62,-4.16
Middle East,Iraq,Onshore conventional gas,Upstream,Gas,Vapour recovery units,1.27,-4.16
Middle East,Syria,Onshore conventional gas,Upstream,Gas,Vapour recovery units,4.25,-4.16
Europe,United Kingdom,Offshore gas,Upstream,Gas,Other,0.17,-4.16
Africa,Nigeria,Offshore oil,Upstream,Oil,Replace compressor seal or rod,0.09,-4.16
Africa,Morocco,Downstream oil,Downstream,Oil,Quarterly LDAR,0.1,-4.15
Africa,Morocco,Downstream gas,Downstream,Gas,Quarterly LDAR,0.24,-4.15
Africa,Tunisia,Downstream gas,Downstream,Gas,Quarterly LDAR,2.49,-4.15
Africa,Tunisia,Downstream oil,Downstream,Oil,Quarterly LDAR,0.13,-4.15
Europe,Israel,Offshore gas,Upstream,Gas,Biannual LDAR,0.5,-4.15
Europe,Italy,Offshore oil,Upstream,Oil,Replace with electric motor,0.01,-4.15
Europe,Italy,Offshore gas,Upstream,Gas,Replace with electric motor,0.02,-4.15
Africa,Libya,Downstream oil,Downstream,Oil,Quarterly LDAR,0.2,-4.15
Africa,Libya,Downstream gas,Downstream,Gas,Quarterly LDAR,2.53,-4.15
Europe,France,Unconventional gas,Upstream,Gas,Vapour recovery units,0.03,-4.15
Africa,Egypt,Downstream oil,Downstream,Oil,Quarterly LDAR,0.89,-4.15
Africa,Egypt,Downstream gas,Downstream,Gas,Quarterly LDAR,22.79,-4.15
Africa,Algeria,Downstream gas,Downstream,Gas,Quarterly LDAR,17.49,-4.15
Africa,Algeria,Downstream oil,Downstream,Oil,Quarterly LDAR,0.5,-4.15
Europe,Denmark,Offshore gas,Upstream,Gas,Vapour recovery units,0.48,-4.14
Asia Pacific,Indonesia,Onshore conventional gas,Upstream,Gas,Replace pumps,2.98,-4.14
Africa,Morocco,Onshore conventional gas,Upstream,Gas,Vapour recovery units,0.01,-4.14
Other,Other,Onshore conventional gas,Upstream,Gas,Vapour recovery units,3.33,-4.13
Europe,Other EU17 countries,Offshore gas,Upstream,Gas,Replace with electric motor,0.03,-4.13
Europe,Other countries in Europe,Offshore gas,Upstream,Gas,Other,0.03,-4.12
Europe,Italy,Onshore conventional gas,Upstream,Gas,Replace with electric motor,0.16,-4.12
Asia Pacific,China,Onshore conventional gas,Upstream,Gas,Replace with electric motor,29.18,-4.12
Other,Other,Downstream oil,Downstream,Oil,Quarterly LDAR,0.22,-4.11
Europe,Netherlands,Downstream gas,Downstream,Gas,Biannual LDAR,0.47,-4.11
Europe,Netherlands,Downstream oil,Downstream,Oil,Biannual LDAR,0.02,-4.11
Europe,Netherlands,Onshore conventional oil,Upstream,Oil,Replace with electric motor,0.02,-4.11
Other,Other,Downstream gas,Downstream,Gas,Quarterly LDAR,4.93,-4.11
Asia Pacific,Malaysia,Onshore conventional oil,Upstream,Oil,Replace pumps,1.11,-4.1
Europe,Other EU17 countries,Onshore conventional gas,Upstream,Gas,Replace with electric motor,1.01,-4.1
Asia Pacific,China,Unconventional gas,Upstream,Gas,Replace with electric motor,56.51,-4.1
Central and South America,Cuba,Offshore oil,Upstream,Oil,Vapour recovery units,1.3,-4.1
Central and South America,Bolivia,Onshore conventional gas,Upstream,Gas,Vapour recovery units,1.74,-4.1
Europe,Israel,Onshore conventional oil,Upstream,Oil,Replace with electric motor,0.35,-4.1
Asia Pacific,India,Offshore gas,Upstream,Gas,Vapour recovery units,42.46,-4.1
Asia Pacific,Australia,Onshore conventional gas,Upstream,Gas,Vapour recovery units,0.3,-4.09
Asia Pacific,Brunei,Offshore oil,Upstream,Oil,Vapour recovery units,3.51,-4.09
Europe,Other EU17 countries,Unconventional gas,Upstream,Gas,Replace with electric motor,0.18,-4.09
Asia Pacific,Thailand,Offshore gas,Upstream,Gas,Associated gas utilisation,45.77,-4.09
Europe,Other countries in Europe,Downstream gas,Downstream,Gas,Annual LDAR,1.34,-4.08
Europe,Other countries in Europe,Downstream oil,Downstream,Oil,Annual LDAR,0.06,-4.08
Asia Pacific,New Zealand,Onshore conventional oil,Upstream,Oil,Replace pumps,0.08,-4.08
Asia Pacific,Philippines,Offshore oil,Upstream,Oil,Associated gas utilisation,1.13,-4.05
Europe,Denmark,Downstream oil,Downstream,Oil,Annual LDAR,0.01,-4.05
Europe,Denmark,Downstream gas,Downstream,Gas,Annual LDAR,0.08,-4.05
Europe,Germany,Onshore conventional gas,Upstream,Gas,Replace with electric motor,0.55,-4.05
Central and South America,Guyana,Downstream oil,Downstream,Oil,Quarterly LDAR,0.01,-4.04
Africa,Egypt,Offshore gas,Upstream,Gas,Quarterly LDAR,13.23,-4.04
Africa,Egypt,Offshore oil,Upstream,Oil,Quarterly LDAR,6.3,-4.04
Central and South America,Ecuador,Downstream gas,Downstream,Gas,Quarterly LDAR,0.18,-4.04
Central and South America,Ecuador,Downstream oil,Downstream,Oil,Quarterly LDAR,0.36,-4.04
Africa,Libya,Offshore gas,Upstream,Gas,Quarterly LDAR,1.22,-4.04
Africa,Libya,Offshore oil,Upstream,Oil,Quarterly LDAR,1.03,-4.04
Russia & Caspian,Kazakhstan,Offshore oil,Upstream,Oil,Vapour recovery units,17.59,-4.04
Central and South America,Cuba,Downstream oil,Downstream,Oil,Quarterly LDAR,0.09,-4.04
Central and South America,Cuba,Downstream gas,Downstream,Gas,Quarterly LDAR,0.4,-4.04
Asia Pacific,Brunei,Offshore gas,Upstream,Gas,Associated gas utilisation,5.59,-4.04
Central and South America,Argentina,Downstream oil,Downstream,Oil,Quarterly LDAR,0.65,-4.04
Central and South America,Argentina,Downstream gas,Downstream,Gas,Quarterly LDAR,18.32,-4.04
Central and South America,Bolivia,Downstream oil,Downstream,Oil,Quarterly LDAR,0.28,-4.04
Central and South America,Bolivia,Downstream gas,Downstream,Gas,Quarterly LDAR,3.44,-4.04
Central and South America,Trinidad and Tobago,Downstream gas,Downstream,Gas,Quarterly LDAR,4.95,-4.04
Africa,Tunisia,Offshore oil,Upstream,Oil,Quarterly LDAR,0.3,-4.04
Africa,Tunisia,Offshore gas,Upstream,Gas,Quarterly LDAR,0.31,-4.04
Central and South America,Trinidad and Tobago,Downstream oil,Downstream,Oil,Quarterly LDAR,0.04,-4.04
Europe,United Kingdom,Offshore gas,Upstream,Gas,Biannual LDAR,0.58,-4.04
Europe,United Kingdom,Offshore oil,Upstream,Oil,Biannual LDAR,0.86,-4.04
Other,Other,Downstream gas,Downstream,Gas,Quarterly LDAR,1.71,-4.04
Other,Other,Downstream oil,Downstream,Oil,Quarterly LDAR,0.46,-4.04
Central and South America,Peru,Downstream oil,Downstream,Oil,Quarterly LDAR,0.23,-4.04
Central and South America,Peru,Downstream gas,Downstream,Gas,Quarterly LDAR,3.28,-4.04
Central and South America,Venezuela,Downstream oil,Downstream,Oil,Quarterly LDAR,1.04,-4.04
Central and South America,Venezuela,Downstream gas,Downstream,Gas,Quarterly LDAR,14.24,-4.04
Central and South America,Uruguay,Downstream oil,Downstream,Oil,Quarterly LDAR,0.02,-4.04
Central and South America,Uruguay,Downstream gas,Downstream,Gas,Quarterly LDAR,0.06,-4.04
Asia Pacific,Viet Nam,Offshore gas,Upstream,Gas,Associated gas utilisation,4.82,-4.03
Asia Pacific,Other countries in Southeast Asia,Offshore gas,Upstream,Gas,Associated gas utilisation,15.76,-4.03
Europe,United Kingdom,Unconventional gas,Upstream,Gas,Vapour recovery units,0.09,-4.03
Middle East,Bahrain,Onshore conventional gas,Upstream,Gas,Vapour recovery units,4.74,-4.03
Europe,Denmark,Offshore gas,Upstream,Gas,Other,0.01,-4.03
Asia Pacific,India,Offshore gas,Upstream,Gas,Other,1.28,-4.02
Europe,Germany,Unconventional gas,Upstream,Gas,Replace with electric motor,0.11,-4.02
Asia Pacific,China,Offshore gas,Upstream,Gas,Associated gas utilisation,24.01,-4.01
Europe,Romania,Offshore gas,Upstream,Gas,Replace with electric motor,0.2,-4.01
Other,Other,Offshore oil,Upstream,Oil,Quarterly LDAR,0.01,-4.01
Other,Other,Offshore gas,Upstream,Gas,Quarterly LDAR,0.19,-4.01
Asia Pacific,Malaysia,Offshore gas,Upstream,Gas,Replace with electric motor,4.48,-4
Africa,Mozambique,Offshore gas,Upstream,Gas,Vapour recovery units,6.2,-4
Russia & Caspian,Azerbaijan,Offshore gas,Upstream,Gas,Vapour recovery units,15.84,-3.99
Asia Pacific,India,Offshore oil,Upstream,Oil,Vapour recovery units,80.35,-3.99
Central and South America,Paraguay,Downstream oil,Downstream,Oil,Quarterly LDAR,0.02,-3.98
Africa,Nigeria,Onshore conventional gas,Upstream,Gas,Vapour recovery units,9.91,-3.97
Asia Pacific,Indonesia,Offshore gas,Upstream,Gas,Quarterly LDAR,18.31,-3.97
Europe,France,Unconventional gas,Upstream,Gas,Replace with electric motor,0.01,-3.97
Asia Pacific,Indonesia,Offshore oil,Upstream,Oil,Quarterly LDAR,3.72,-3.97
Russia & Caspian,Azerbaijan,Offshore oil,Upstream,Oil,Vapour recovery units,28.18,-3.97
Asia Pacific,China,Offshore gas,Upstream,Gas,Replace with electric motor,1.23,-3.96
Russia & Caspian,Turkmenistan,Offshore gas,Upstream,Gas,Vapour recovery units,13.69,-3.96
Europe,Other countries in Europe,Downstream oil,Downstream,Oil,Biannual LDAR,0.19,-3.95
Europe,Other countries in Europe,Downstream gas,Downstream,Gas,Biannual LDAR,4.02,-3.95
Asia Pacific,Australia,Onshore conventional oil,Upstream,Oil,Continuous LDAR,0.41,-3.95
Asia Pacific,Australia,Unconventional gas,Upstream,Gas,Continuous LDAR,11.23,-3.95
Asia Pacific,Australia,Onshore conventional gas,Upstream,Gas,Continuous LDAR,0.57,-3.95
Europe,Italy,Downstream gas,Downstream,Gas,Replace with electric motor,8.6,-3.95
Russia & Caspian,Kazakhstan,Offshore gas,Upstream,Gas,Vapour recovery units,1.9,-3.95
Europe,Other EU7 countries,Onshore conventional oil,Upstream,Oil,Replace with electric motor,0.51,-3.94
Europe,Other EU17 countries,Offshore oil,Upstream,Oil,Replace with electric motor,0.01,-3.94
Africa,Mozambique,Offshore gas,Upstream,Gas,Other,0.19,-3.94
Europe,Other EU17 countries,Downstream gas,Downstream,Gas,Replace with electric motor,12.35,-3.93
Russia & Caspian,Turkmenistan,Offshore oil,Upstream,Oil,Replace compressor seal or rod,0.04,-3.93
Russia & Caspian,Azerbaijan,Offshore gas,Upstream,Gas,Other,0.48,-3.93
Europe,Slovenia,Downstream oil,Downstream,Oil,Quarterly LDAR,0.01,-3.92
Europe,Slovenia,Downstream gas,Downstream,Gas,Quarterly LDAR,0.27,-3.92
Russia & Caspian,Russia,Satellite - upstream,Upstream,Gas,Daily LDAR,76.8,-3.9
Russia & Caspian,Turkmenistan,Offshore gas,Upstream,Gas,Other,0.41,-3.9
Russia & Caspian,Azerbaijan,Downstream oil,Downstream,Oil,Continuous LDAR,0.06,-3.9
Russia & Caspian,Azerbaijan,Downstream gas,Downstream,Gas,Continuous LDAR,1.88,-3.9
Central and South America,Brazil,Offshore gas,Upstream,Gas,Replace with electric motor,0.88,-3.9
Europe,Denmark,Downstream oil,Downstream,Oil,Biannual LDAR,0.02,-3.9
Europe,Denmark,Downstream gas,Downstream,Gas,Biannual LDAR,0.23,-3.9
Africa,Democratic Republic of Congo,Downstream oil,Downstream,Oil,Continuous LDAR,0.01,-3.89
Africa,Cote d'Ivoire,Downstream oil,Downstream,Oil,Continuous LDAR,0.03,-3.89
Africa,Congo,Downstream oil,Downstream,Oil,Continuous LDAR,0.06,-3.89
Africa,Congo,Downstream gas,Downstream,Gas,Continuous LDAR,0.26,-3.89
Africa,Cote d'Ivoire,Downstream gas,Downstream,Gas,Continuous LDAR,0.37,-3.89
Africa,Cameroon,Downstream gas,Downstream,Gas,Continuous LDAR,0.11,-3.89
Africa,Cameroon,Downstream oil,Downstream,Oil,Continuous LDAR,0.04,-3.89
Africa,Benin,Downstream oil,Downstream,Oil,Continuous LDAR,0.02,-3.89
Africa,Benin,Downstream gas,Downstream,Gas,Continuous LDAR,0.03,-3.89
Africa,Angola,Downstream oil,Downstream,Oil,Continuous LDAR,0.03,-3.89
Africa,Angola,Downstream gas,Downstream,Gas,Continuous LDAR,0.09,-3.89
Russia & Caspian,Kazakhstan,Offshore gas,Upstream,Gas,Other,0.06,-3.89
Africa,Kenya,Downstream oil,Downstream,Oil,Continuous LDAR,0.04,-3.89
Africa,Gabon,Downstream gas,Downstream,Gas,Continuous LDAR,0.15,-3.89
Africa,Ethiopia,Downstream oil,Downstream,Oil,Continuous LDAR,0.03,-3.89
Africa,Equatorial Guinea,Downstream gas,Downstream,Gas,Continuous LDAR,0.49,-3.89
Africa,Ghana,Downstream gas,Downstream,Gas,Continuous LDAR,0.62,-3.89
Africa,Ghana,Downstream oil,Downstream,Oil,Continuous LDAR,0.03,-3.89
Africa,Gabon,Downstream oil,Downstream,Oil,Continuous LDAR,0.04,-3.89
Africa,Togo,Downstream oil,Downstream,Oil,Continuous LDAR,0.01,-3.89
Africa,Togo,Downstream gas,Downstream,Gas,Continuous LDAR,0.03,-3.89
Africa,Tanzania,Downstream oil,Downstream,Oil,Continuous LDAR,0.04,-3.89
Africa,Tanzania,Downstream gas,Downstream,Gas,Continuous LDAR,0.44,-3.89
Europe,Poland,Offshore oil,Upstream,Oil,Other,0.01,-3.89
Europe,Slovenia,Downstream oil,Downstream,Oil,Vapour recovery units,0.04,-3.89
Africa,South Sudan,Downstream oil,Downstream,Oil,Continuous LDAR,0.01,-3.89
Africa,Sudan,Downstream oil,Downstream,Oil,Continuous LDAR,0.11,-3.89
Africa,Senegal,Downstream oil,Downstream,Oil,Continuous LDAR,0.02,-3.89
Other,Other,Downstream oil,Downstream,Oil,Continuous LDAR,0.01,-3.89
Other,Other,Downstream oil,Downstream,Oil,Continuous LDAR,0.09,-3.89
Other,Other,Downstream oil,Downstream,Oil,Continuous LDAR,0.03,-3.89
Other,Other,Downstream oil,Downstream,Oil,Continuous LDAR,0.01,-3.89
Africa,Mozambique,Downstream oil,Downstream,Oil,Continuous LDAR,0.02,-3.89
Africa,Mozambique,Downstream gas,Downstream,Gas,Continuous LDAR,0.3,-3.89
Africa,Namibia,Downstream oil,Downstream,Oil,Continuous LDAR,0.01,-3.89
Africa,Nigeria,Downstream oil,Downstream,Oil,Continuous LDAR,0.34,-3.89
Africa,Nigeria,Downstream gas,Downstream,Gas,Continuous LDAR,3.96,-3.89
Africa,Niger,Downstream gas,Downstream,Gas,Continuous LDAR,0.01,-3.89
Africa,Niger,Downstream oil,Downstream,Oil,Continuous LDAR,0.04,-3.89
Asia Pacific,Malaysia,Offshore oil,Upstream,Oil,Associated gas utilisation,66.05,-3.88
Europe,Other EU7 countries,Onshore conventional gas,Upstream,Gas,Install plunger,0.02,-3.87
Asia Pacific,India,Unconventional gas,Upstream,Gas,Vapour recovery units,5.46,-3.87
Africa,Congo,Offshore oil,Upstream,Oil,Replace compressor seal or rod,0.03,-3.87
Central and South America,Colombia,Downstream oil,Downstream,Oil,Continuous LDAR,0.38,-3.87
Central and South America,Colombia,Downstream gas,Downstream,Gas,Continuous LDAR,4.5,-3.87
Middle East,Saudi Arabia,Offshore oil,Upstream,Oil,Vapour recovery units,94.37,-3.86
Central and South America,Trinidad and Tobago,Offshore gas,Upstream,Gas,Quarterly LDAR,8.91,-3.85
Central and South America,Trinidad and Tobago,Offshore oil,Upstream,Oil,Quarterly LDAR,1.05,-3.85
Central and South America,Peru,Offshore gas,Upstream,Gas,Quarterly LDAR,0.13,-3.85
Central and South America,Peru,Offshore oil,Upstream,Oil,Quarterly LDAR,0.12,-3.85
Asia Pacific,Other countries in Southeast Asia,Onshore conventional gas,Upstream,Gas,Replace with electric motor,0.15,-3.85
Asia Pacific,Malaysia,Downstream gas,Downstream,Gas,Replace with electric motor,15.36,-3.85
Central and South America,Cuba,Offshore oil,Upstream,Oil,Quarterly LDAR,0.43,-3.85
Central and South America,Argentina,Offshore gas,Upstream,Gas,Quarterly LDAR,3.59,-3.85
Central and South America,Argentina,Offshore oil,Upstream,Oil,Quarterly LDAR,0.88,-3.85
Central and South America,Brazil,Onshore conventional gas,Upstream,Gas,Replace with electric motor,4.61,-3.85
Central and South America,Guyana,Offshore oil,Upstream,Oil,Quarterly LDAR,7.12,-3.85
Central and South America,Ecuador,Offshore oil,Upstream,Oil,Quarterly LDAR,0.18,-3.85
Central and South America,Ecuador,Offshore gas,Upstream,Gas,Quarterly LDAR,0.17,-3.85
Central and South America,Venezuela,Offshore oil,Upstream,Oil,Quarterly LDAR,7.66,-3.85
Central and South America,Venezuela,Offshore gas,Upstream,Gas,Quarterly LDAR,5.94,-3.85
Russia & Caspian,Uzbekistan,Downstream oil,Downstream,Oil,Quarterly LDAR,0.35,-3.84
Russia & Caspian,Uzbekistan,Downstream gas,Downstream,Gas,Quarterly LDAR,63.21,-3.84
Middle East,Yemen,Downstream oil,Downstream,Oil,Quarterly LDAR,0.6,-3.84
Africa,Gabon,Offshore gas,Upstream,Gas,Vapour recovery units,0.15,-3.84
Middle East,Jordan,Downstream oil,Downstream,Oil,Quarterly LDAR,0.06,-3.84
Middle East,Jordan,Downstream gas,Downstream,Gas,Quarterly LDAR,1.95,-3.84
Middle East,Lebanon,Downstream oil,Downstream,Oil,Quarterly LDAR,0.06,-3.84
Middle East,Kuwait,Downstream gas,Downstream,Gas,Quarterly LDAR,5.99,-3.84
Middle East,Kuwait,Downstream oil,Downstream,Oil,Quarterly LDAR,0.2,-3.84
Middle East,Iraq,Downstream oil,Downstream,Oil,Quarterly LDAR,0.43,-3.84
Middle East,Iran,Downstream gas,Downstream,Gas,Quarterly LDAR,66.19,-3.84
Middle East,Iran,Downstream oil,Downstream,Oil,Quarterly LDAR,1.16,-3.84
Middle East,Iraq,Downstream gas,Downstream,Gas,Quarterly LDAR,3.51,-3.84
Middle East,Bahrain,Downstream gas,Downstream,Gas,Quarterly LDAR,5.02,-3.84
Middle East,Bahrain,Downstream oil,Downstream,Oil,Quarterly LDAR,0.03,-3.84
Middle East,Oman,Offshore oil,Upstream,Oil,Vapour recovery units,0.14,-3.84
Middle East,Oman,Downstream oil,Downstream,Oil,Quarterly LDAR,0.2,-3.84
Middle East,Oman,Downstream gas,Downstream,Gas,Quarterly LDAR,8.41,-3.84
Middle East,United Arab Emirates,Downstream oil,Downstream,Oil,Quarterly LDAR,0.29,-3.84
Middle East,United Arab Emirates,Downstream gas,Downstream,Gas,Quarterly LDAR,10.48,-3.84
Middle East,Saudi Arabia,Downstream oil,Downstream,Oil,Quarterly LDAR,0.69,-3.84
Middle East,Saudi Arabia,Downstream gas,Downstream,Gas,Quarterly LDAR,12.52,-3.84
Middle East,Syria,Downstream oil,Downstream,Oil,Quarterly LDAR,0.63,-3.84
Middle East,Syria,Downstream gas,Downstream,Gas,Quarterly LDAR,7.56,-3.84
Europe,Poland,Unconventional gas,Upstream,Gas,Install plunger,0.02,-3.84
Middle East,Qatar,Downstream gas,Downstream,Gas,Quarterly LDAR,9.68,-3.84
Europe,Poland,Onshore conventional gas,Upstream,Gas,Install plunger,0.1,-3.84
Middle East,Qatar,Downstream oil,Downstream,Oil,Quarterly LDAR,0.13,-3.84
Europe,Poland,Onshore conventional oil,Upstream,Oil,Other,0.15,-3.83
Central and South America,Brazil,Offshore oil,Upstream,Oil,Associated gas utilisation,278.36,-3.83
Africa,South Africa,Onshore conventional oil,Upstream,Oil,Associated gas utilisation,1.11,-3.81
Europe,Poland,Downstream oil,Downstream,Oil,Continuous LDAR,0.1,-3.8
Europe,Poland,Downstream gas,Downstream,Gas,Continuous LDAR,2.31,-3.8
Europe,Romania,Downstream gas,Downstream,Gas,Replace with electric motor,5.14,-3.8
Asia Pacific,China,Downstream gas,Downstream,Gas,Replace with electric motor,96.03,-3.8
Middle East,Qatar,Offshore oil,Upstream,Oil,Vapour recovery units,63.87,-3.79
Asia Pacific,Philippines,Offshore gas,Upstream,Gas,Replace with electric motor,0.09,-3.79
Russia & Caspian,Turkmenistan,Downstream oil,Downstream,Oil,Continuous LDAR,0.24,-3.79
Russia & Caspian,Turkmenistan,Downstream gas,Downstream,Gas,Continuous LDAR,27.14,-3.79
Other,Other,Downstream gas,Downstream,Gas,Continuous LDAR,1.58,-3.79
Other,Other,Downstream oil,Downstream,Oil,Continuous LDAR,0.14,-3.79
Europe,Romania,Offshore oil,Upstream,Oil,Vapour recovery units,1.05,-3.77
Europe,Italy,Offshore oil,Upstream,Oil,Continuous LDAR,0.05,-3.77
Europe,Italy,Offshore gas,Upstream,Gas,Continuous LDAR,0.12,-3.77
Asia Pacific,Japan,Onshore conventional gas,Upstream,Gas,Install plunger,0.07,-3.77
Europe,Estonia,Onshore conventional oil,Upstream,Oil,Replace with electric motor,0.54,-3.77
Asia Pacific,Japan,Offshore gas,Upstream,Gas,Quarterly LDAR,0.03,-3.76
Asia Pacific,Indonesia,Offshore gas,Upstream,Gas,Vapour recovery units,32.56,-3.76
Asia Pacific,Japan,Offshore oil,Upstream,Oil,Quarterly LDAR,0.01,-3.76
Africa,Angola,Onshore conventional gas,Upstream,Gas,Vapour recovery units,0.27,-3.75
Africa,Mozambique,Offshore oil,Upstream,Oil,Associated gas utilisation,6.18,-3.75
Africa,Mozambique,Offshore gas,Upstream,Gas,Associated gas utilisation,9.78,-3.75
Other,Other,Offshore oil,Upstream,Oil,Associated gas utilisation,0.13,-3.74
Europe,Poland,Unconventional gas,Upstream,Gas,Other,0.08,-3.74
Russia & Caspian,Azerbaijan,Offshore gas,Upstream,Gas,Associated gas utilisation,24.96,-3.73
Europe,Israel,Offshore gas,Upstream,Gas,Replace with electric motor,0.4,-3.72
Europe,Germany,Offshore oil,Upstream,Oil,Biannual LDAR,0.03,-3.72
Europe,Germany,Offshore oil,Upstream,Oil,Replace with electric motor,0.04,-3.72
Asia Pacific,New Zealand,Offshore oil,Upstream,Oil,Continuous LDAR,0.14,-3.72
Asia Pacific,New Zealand,Offshore gas,Upstream,Gas,Continuous LDAR,0.35,-3.72
Asia Pacific,New Zealand,Offshore gas,Upstream,Gas,Vapour recovery units,0.58,-3.71
Africa,Morocco,Downstream oil,Downstream,Oil,Continuous LDAR,0.04,-3.71
Africa,Morocco,Downstream gas,Downstream,Gas,Continuous LDAR,0.11,-3.71
Asia Pacific,Other countries in Southeast Asia,Onshore conventional oil,Upstream,Oil,Replace with electric motor,0.6,-3.71
Africa,Tunisia,Downstream oil,Downstream,Oil,Continuous LDAR,0.06,-3.71
Africa,Tunisia,Downstream gas,Downstream,Gas,Continuous LDAR,1.13,-3.71
Asia Pacific,Thailand,Offshore gas,Upstream,Gas,Replace with electric motor,2.34,-3.71
Asia Pacific,Thailand,Onshore conventional oil,Upstream,Oil,Replace pumps,2.06,-3.71
Africa,Egypt,Downstream oil,Downstream,Oil,Continuous LDAR,0.4,-3.71
Africa,Egypt,Downstream gas,Downstream,Gas,Continuous LDAR,10.33,-3.71
Africa,Libya,Downstream gas,Downstream,Gas,Continuous LDAR,1.14,-3.71
Africa,Libya,Downstream oil,Downstream,Oil,Continuous LDAR,0.09,-3.71
Central and South America,Brazil,Downstream gas,Downstream,Gas,Replace with electric motor,9.74,-3.71
Africa,Algeria,Downstream oil,Downstream,Oil,Continuous LDAR,0.23,-3.71
Africa,Algeria,Downstream gas,Downstream,Gas,Continuous LDAR,7.93,-3.71
Europe,Other countries in Europe,Onshore conventional oil,Upstream,Oil,Replace with electric motor,3.99,-3.7
Other,Other,Downstream oil,Downstream,Oil,Replace with electric motor,0.68,-3.68
Russia & Caspian,Turkmenistan,Downstream oil,Downstream,Oil,Replace with electric motor,1.21,-3.68
Russia & Caspian,Turkmenistan,Onshore conventional gas,Upstream,Gas,Replace pumps,44.14,-3.68
Middle East,Saudi Arabia,Offshore gas,Upstream,Gas,Vapour recovery units,10.56,-3.68
Central and South America,Brazil,Downstream gas,Downstream,Gas,Other,7.91,-3.68
Russia & Caspian,Azerbaijan,Downstream oil,Downstream,Oil,Replace with electric motor,0.29,-3.68
Asia Pacific,Brunei,Offshore gas,Upstream,Gas,Replace with electric motor,0.29,-3.68
Asia Pacific,Indonesia,Offshore gas,Upstream,Gas,Other,0.98,-3.68
Russia & Caspian,Kazakhstan,Downstream gas,Downstream,Gas,Continuous LDAR,2.71,-3.67
Russia & Caspian,Kazakhstan,Downstream oil,Downstream,Oil,Replace with electric motor,0.85,-3.67
Russia & Caspian,Kazakhstan,Downstream oil,Downstream,Oil,Continuous LDAR,0.17,-3.67
Russia & Caspian,Kazakhstan,Onshore conventional gas,Upstream,Gas,Replace pumps,1.98,-3.67
Asia Pacific,Thailand,Onshore conventional gas,Upstream,Gas,Replace with electric motor,1.49,-3.67
Russia & Caspian,Turkmenistan,Offshore gas,Upstream,Gas,Associated gas utilisation,21.58,-3.67
Other,Other,Downstream oil,Downstream,Oil,Quarterly LDAR,0.68,-3.67
Asia Pacific,Other countries in Southeast Asia,Offshore gas,Upstream,Gas,Replace with electric motor,0.81,-3.67
Europe,Other EU7 countries,Downstream gas,Downstream,Gas,Vapour recovery units,0.03,-3.67
Other,Other,Downstream gas,Downstream,Gas,Quarterly LDAR,10.04,-3.67
Asia Pacific,Viet Nam,Offshore gas,Upstream,Gas,Replace with electric motor,0.25,-3.67
Russia & Caspian,Uzbekistan,Downstream oil,Downstream,Oil,Replace with electric motor,0.8,-3.66
Central and South America,Cuba,Offshore oil,Upstream,Oil,Associated gas utilisation,1.9,-3.66
Africa,Cote d'Ivoire,Downstream oil,Downstream,Oil,Replace with electric motor,0.12,-3.65
Africa,Democratic Republic of Congo,Downstream oil,Downstream,Oil,Replace with electric motor,0.05,-3.65
Africa,Congo,Downstream oil,Downstream,Oil,Replace with electric motor,0.27,-3.65
Africa,Cameroon,Downstream oil,Downstream,Oil,Replace with electric motor,0.19,-3.65
Africa,Botswana,Downstream oil,Downstream,Oil,Replace with electric motor,0.04,-3.65
Africa,Benin,Downstream oil,Downstream,Oil,Replace with electric motor,0.23,-3.65
Africa,Angola,Downstream oil,Downstream,Oil,Replace with electric motor,0.15,-3.65
Africa,Kenya,Downstream oil,Downstream,Oil,Replace with electric motor,0.4,-3.65
Africa,Ethiopia,Downstream oil,Downstream,Oil,Replace with electric motor,0.31,-3.65
Africa,Eritrea,Downstream oil,Downstream,Oil,Replace with electric motor,0.04,-3.65
Africa,Equatorial Guinea,Downstream oil,Downstream,Oil,Replace with electric motor,0.04,-3.65
Africa,Ghana,Downstream oil,Downstream,Oil,Replace with electric motor,0.26,-3.65
Africa,Gabon,Downstream oil,Downstream,Oil,Replace with electric motor,0.22,-3.65
Middle East,Oman,Offshore gas,Upstream,Gas,Vapour recovery units,0.04,-3.65
Africa,Niger,Downstream oil,Downstream,Oil,Replace with electric motor,0.36,-3.65
Africa,Nigeria,Downstream oil,Downstream,Oil,Replace with electric motor,1.7,-3.65
Africa,Namibia,Downstream oil,Downstream,Oil,Replace with electric motor,0.05,-3.65
Other,Other,Downstream oil,Downstream,Oil,Replace with electric motor,0.45,-3.65
Other,Other,Downstream oil,Downstream,Oil,Replace with electric motor,0.17,-3.65
Other,Other,Downstream oil,Downstream,Oil,Replace with electric motor,0.12,-3.65
Other,Other,Downstream oil,Downstream,Oil,Replace with electric motor,0.07,-3.65
Africa,Togo,Downstream oil,Downstream,Oil,Replace with electric motor,0.03,-3.65
Africa,Tanzania,Downstream oil,Downstream,Oil,Replace with electric motor,0.19,-3.65
Africa,Senegal,Downstream oil,Downstream,Oil,Replace with electric motor,0.16,-3.65
Asia Pacific,Philippines,Offshore oil,Upstream,Oil,Replace with electric motor,0.06,-3.65
Middle East,Qatar,Downstream oil,Downstream,Oil,Replace with electric motor,0.29,-3.64
Middle East,Saudi Arabia,Downstream oil,Downstream,Oil,Replace with electric motor,1.57,-3.64
Africa,Senegal,Offshore oil,Upstream,Oil,Vapour recovery units,6.52,-3.64
Middle East,Syria,Downstream oil,Downstream,Oil,Replace with electric motor,1.43,-3.64
Asia Pacific,Thailand,Offshore oil,Upstream,Oil,Vapour recovery units,25.63,-3.64
Middle East,United Arab Emirates,Downstream oil,Downstream,Oil,Replace with electric motor,0.66,-3.64
Middle East,Oman,Downstream oil,Downstream,Oil,Replace with electric motor,0.45,-3.64
Central and South America,Ecuador,Offshore gas,Upstream,Gas,Vapour recovery units,0.31,-3.64
Middle East,Jordan,Downstream oil,Downstream,Oil,Replace with electric motor,0.25,-3.64
Middle East,Lebanon,Downstream oil,Downstream,Oil,Replace with electric motor,0.24,-3.64
Middle East,Kuwait,Downstream oil,Downstream,Oil,Replace with electric motor,0.46,-3.64
Middle East,Iran,Downstream oil,Downstream,Oil,Replace with electric motor,2.62,-3.64
Middle East,Iraq,Downstream oil,Downstream,Oil,Replace with electric motor,0.98,-3.64
Middle East,Bahrain,Downstream oil,Downstream,Oil,Replace with electric motor,0.06,-3.64
Middle East,Yemen,Downstream oil,Downstream,Oil,Replace with electric motor,1.35,-3.64
Russia & Caspian,Uzbekistan,Onshore conventional gas,Upstream,Gas,Replace pumps,24.17,-3.63
Asia Pacific,Brunei,Onshore conventional gas,Upstream,Gas,Replace with electric motor,0.47,-3.63
Asia Pacific,New Zealand,Offshore gas,Upstream,Gas,Other,0.02,-3.63
Europe,Other EU17 countries,Offshore oil,Upstream,Oil,Continuous LDAR,0.04,-3.63
Europe,Other EU17 countries,Offshore gas,Upstream,Gas,Continuous LDAR,0.22,-3.63
Other,Other,Downstream oil,Downstream,Oil,Replace with electric motor,1.54,-3.62
Middle East,Saudi Arabia,Offshore gas,Upstream,Gas,Other,0.32,-3.62
Asia Pacific,Philippines,Downstream gas,Downstream,Gas,Replace with electric motor,0.7,-3.62
Russia & Caspian,Kazakhstan,Offshore gas,Upstream,Gas,Associated gas utilisation,3,-3.62
Asia Pacific,Viet Nam,Onshore conventional gas,Upstream,Gas,Replace with electric motor,0.02,-3.62
Middle East,Qatar,Offshore gas,Upstream,Gas,Vapour recovery units,93.97,-3.6
Middle East,United Arab Emirates,Offshore gas,Upstream,Gas,Vapour recovery units,8.7,-3.6
Europe,Netherlands,Offshore gas,Upstream,Gas,Replace with electric motor,0.05,-3.6
Middle East,Oman,Offshore oil,Upstream,Oil,Quarterly LDAR,0.05,-3.59
Other,Other,Downstream gas,Downstream,Gas,Continuous LDAR,0.78,-3.59
Middle East,Oman,Offshore gas,Upstream,Gas,Quarterly LDAR,0.02,-3.59
Other,Other,Downstream oil,Downstream,Oil,Continuous LDAR,0.21,-3.59
Central and South America,Peru,Downstream oil,Downstream,Oil,Continuous LDAR,0.1,-3.59
Central and South America,Peru,Downstream gas,Downstream,Gas,Continuous LDAR,1.49,-3.59
Middle East,United Arab Emirates,Offshore gas,Upstream,Gas,Quarterly LDAR,4.89,-3.59
Middle East,United Arab Emirates,Offshore oil,Upstream,Oil,Quarterly LDAR,28.16,-3.59
Central and South America,Trinidad and Tobago,Downstream gas,Downstream,Gas,Continuous LDAR,2.24,-3.59
Central and South America,Trinidad and Tobago,Downstream oil,Downstream,Oil,Continuous LDAR,0.02,-3.59
Middle East,Qatar,Offshore gas,Upstream,Gas,Quarterly LDAR,52.85,-3.59
Middle East,Qatar,Offshore oil,Upstream,Oil,Quarterly LDAR,21.1,-3.59
Middle East,Saudi Arabia,Offshore gas,Upstream,Gas,Quarterly LDAR,5.94,-3.59
Middle East,Saudi Arabia,Offshore oil,Upstream,Oil,Quarterly LDAR,31.18,-3.59
Middle East,Kuwait,Offshore oil,Upstream,Oil,Quarterly LDAR,2.17,-3.59
Middle East,Kuwait,Offshore gas,Upstream,Gas,Quarterly LDAR,0.04,-3.59
Middle East,Iran,Offshore oil,Upstream,Oil,Quarterly LDAR,56.22,-3.59
Middle East,Iran,Offshore gas,Upstream,Gas,Quarterly LDAR,77.69,-3.59
Central and South America,Ecuador,Downstream oil,Downstream,Oil,Continuous LDAR,0.16,-3.59
Central and South America,Ecuador,Downstream gas,Downstream,Gas,Continuous LDAR,0.08,-3.59
Central and South America,Guyana,Downstream oil,Downstream,Oil,Continuous LDAR,0.01,-3.59
Asia Pacific,Brunei,Offshore oil,Upstream,Oil,Associated gas utilisation,5.13,-3.59
Central and South America,Colombia,Downstream oil,Downstream,Oil,Replace with electric motor,1.91,-3.59
Africa,Cote d'Ivoire,Offshore oil,Upstream,Oil,Vapour recovery units,1.81,-3.59
Central and South America,Cuba,Downstream oil,Downstream,Oil,Continuous LDAR,0.04,-3.59
Central and South America,Cuba,Downstream gas,Downstream,Gas,Continuous LDAR,0.18,-3.59
Central and South America,Bolivia,Downstream gas,Downstream,Gas,Continuous LDAR,1.56,-3.59
Central and South America,Bolivia,Downstream oil,Downstream,Oil,Continuous LDAR,0.13,-3.59
Africa,Botswana,Unconventional gas,Upstream,Gas,Vapour recovery units,0.37,-3.59
Central and South America,Brazil,Onshore conventional gas,Upstream,Gas,Install plunger,0.16,-3.59
Central and South America,Argentina,Downstream gas,Downstream,Gas,Continuous LDAR,8.3,-3.59
Central and South America,Argentina,Downstream oil,Downstream,Oil,Continuous LDAR,0.3,-3.59
Central and South America,Venezuela,Downstream oil,Downstream,Oil,Continuous LDAR,0.47,-3.59
Central and South America,Venezuela,Downstream gas,Downstream,Gas,Continuous LDAR,6.46,-3.59
Central and South America,Uruguay,Downstream oil,Downstream,Oil,Continuous LDAR,0.01,-3.59
Central and South America,Uruguay,Downstream gas,Downstream,Gas,Continuous LDAR,0.03,-3.59
Central and South America,Brazil,Onshore conventional oil,Upstream,Oil,Replace with electric motor,13.5,-3.58
Africa,Gabon,Offshore gas,Upstream,Gas,Associated gas utilisation,0.24,-3.58
Other,Other,Downstream oil,Downstream,Oil,Replace with electric motor,0.5,-3.58
Europe,Norway,Onshore conventional oil,Upstream,Oil,Continuous LDAR,0.06,-3.58
Europe,Netherlands,Onshore conventional gas,Upstream,Gas,Replace with electric motor,0.19,-3.58
Other,Other,Onshore conventional gas,Upstream,Gas,Replace pumps,0.06,-3.57
Central and South America,Ecuador,Offshore gas,Upstream,Gas,Other,0.01,-3.57
Africa,Egypt,Offshore gas,Upstream,Gas,Vapour recovery units,23.52,-3.57
Europe,Italy,Downstream oil,Downstream,Oil,Vapour recovery units,1.01,-3.57
Asia Pacific,Australia,Downstream gas,Downstream,Gas,Annual LDAR,0.75,-3.55
Asia Pacific,Australia,Downstream oil,Downstream,Oil,Annual LDAR,0.03,-3.55
Central and South America,Venezuela,Offshore oil,Upstream,Oil,Vapour recovery units,23.19,-3.55
Russia & Caspian,Kazakhstan,Offshore oil,Upstream,Oil,Associated gas utilisation,25.73,-3.54
Asia Pacific,Malaysia,Downstream oil,Downstream,Oil,Vapour recovery units,1.45,-3.54
Asia Pacific,Thailand,Downstream gas,Downstream,Gas,Replace with electric motor,19.8,-3.54
Europe,United Kingdom,Offshore gas,Upstream,Gas,Replace with electric motor,0.46,-3.54
Middle East,United Arab Emirates,Offshore gas,Upstream,Gas,Other,0.26,-3.53
Central and South America,Trinidad and Tobago,Offshore oil,Upstream,Oil,Vapour recovery units,3.18,-3.53
Africa,Tunisia,Offshore gas,Upstream,Gas,Vapour recovery units,0.56,-3.53
Middle East,Qatar,Offshore gas,Upstream,Gas,Other,2.84,-3.53
Asia Pacific,New Zealand,Offshore oil,Upstream,Oil,Vapour recovery units,0.41,-3.53
Europe,Other EU17 countries,Downstream oil,Downstream,Oil,Vapour recovery units,2.65,-3.53
Asia Pacific,Indonesia,Unconventional gas,Upstream,Gas,Vapour recovery units,0.01,-3.53
Russia & Caspian,Azerbaijan,Offshore oil,Upstream,Oil,Associated gas utilisation,41.22,-3.52
Central and South America,Colombia,Onshore conventional gas,Upstream,Gas,Replace pumps,1.24,-3.52
Other,Other,Downstream oil,Downstream,Oil,Continuous LDAR,0.1,-3.52
Other,Other,Downstream gas,Downstream,Gas,Continuous LDAR,2.24,-3.52
Africa,Tunisia,Offshore oil,Upstream,Oil,Vapour recovery units,0.89,-3.52
Europe,United Kingdom,Onshore conventional gas,Upstream,Gas,Replace with electric motor,0.02,-3.51
Europe,Norway,Downstream gas,Downstream,Gas,Annual LDAR,0.01,-3.51
Middle East,Iran,Offshore oil,Upstream,Oil,Vapour recovery units,170.14,-3.51
Europe,Israel,Downstream gas,Downstream,Gas,Replace with electric motor,1.42,-3.5
Africa,Egypt,Offshore gas,Upstream,Gas,Other,0.71,-3.5
Europe,Germany,Downstream gas,Downstream,Gas,Replace with electric motor,8.12,-3.5
Asia Pacific,Brunei,Downstream gas,Downstream,Gas,Replace with electric motor,0.51,-3.5
Asia Pacific,Malaysia,Onshore conventional oil,Upstream,Oil,Replace with electric motor,2.02,-3.5
Europe,United Kingdom,Unconventional gas,Upstream,Gas,Replace with electric motor,0.1,-3.5
Middle East,Saudi Arabia,Unconventional gas,Upstream,Gas,Vapour recovery units,3.16,-3.49
Europe,Sweden,Downstream gas,Downstream,Gas,Replace with electric motor,0.21,-3.49
Asia Pacific,Other countries in Southeast Asia,Downstream gas,Downstream,Gas,Replace with electric motor,4.68,-3.49
Asia Pacific,China,Downstream gas,Downstream,Gas,Continuous LDAR,62,-3.49
Asia Pacific,China,Downstream oil,Downstream,Oil,Continuous LDAR,3.72,-3.49
Asia Pacific,Viet Nam,Downstream gas,Downstream,Gas,Replace with electric motor,1.63,-3.49
Asia Pacific,India,Offshore gas,Upstream,Gas,Associated gas utilisation,66.91,-3.48
Central and South America,Paraguay,Downstream oil,Downstream,Oil,Continuous LDAR,0.01,-3.48
Middle East,United Arab Emirates,Offshore oil,Upstream,Oil,Vapour recovery units,85.21,-3.47
Africa,Egypt,Offshore oil,Upstream,Oil,Vapour recovery units,19.08,-3.47
Asia Pacific,China,Downstream oil,Downstream,Oil,Vapour recovery units,21.57,-3.47
Asia Pacific,Australia,Onshore conventional oil,Upstream,Oil,Replace pumps,0.59,-3.46
Central and South America,Argentina,Offshore oil,Upstream,Oil,Vapour recovery units,2.67,-3.46
Africa,Tunisia,Offshore gas,Upstream,Gas,Other,0.02,-3.46
Russia & Caspian,Russia,Onshore conventional oil,Upstream,Oil,Replace pumps,492.76,-3.46
Middle East,Oman,Unconventional gas,Upstream,Gas,Vapour recovery units,10.58,-3.46
Africa,Mozambique,Onshore conventional oil,Upstream,Oil,Replace with electric motor,3.85,-3.45
Africa,Mozambique,Onshore conventional gas,Upstream,Gas,Replace with electric motor,2.53,-3.45
Europe,Denmark,Offshore gas,Upstream,Gas,Replace with electric motor,0.04,-3.45
Europe,France,Downstream gas,Downstream,Gas,Replace with electric motor,6.35,-3.45
Asia Pacific,India,Downstream gas,Downstream,Gas,Continuous LDAR,33.35,-3.45
Asia Pacific,India,Downstream oil,Downstream,Oil,Continuous LDAR,4.5,-3.45
Asia Pacific,India,Offshore gas,Upstream,Gas,Replace with electric motor,3.42,-3.44
Central and South America,Peru,Offshore oil,Upstream,Oil,Vapour recovery units,0.37,-3.44
Europe,Romania,Downstream oil,Downstream,Oil,Vapour recovery units,3.76,-3.44
Europe,Poland,Onshore conventional oil,Upstream,Oil,Associated gas utilisation,0.09,-3.43
Russia & Caspian,Turkmenistan,Onshore conventional gas,Upstream,Gas,Replace with electric motor,103.59,-3.43
Central and South America,Peru,Offshore gas,Upstream,Gas,Vapour recovery units,0.24,-3.43
Europe,Other countries in Europe,Offshore gas,Upstream,Gas,Replace with electric motor,0.08,-3.43
Asia Pacific,Australia,Downstream oil,Downstream,Oil,Biannual LDAR,0.08,-3.43
Asia Pacific,Australia,Downstream gas,Downstream,Gas,Biannual LDAR,2.26,-3.43
Asia Pacific,Viet Nam,Offshore oil,Upstream,Oil,Vapour recovery units,15.87,-3.43
Middle East,Jordan,Unconventional gas,Upstream,Gas,Vapour recovery units,0.03,-3.42
Europe,Netherlands,Offshore gas,Upstream,Gas,Biannual LDAR,0.06,-3.42
Europe,United Kingdom,Offshore oil,Upstream,Oil,Vapour recovery units,14.67,-3.42
Asia Pacific,Thailand,Onshore conventional gas,Upstream,Gas,Install plunger,0.05,-3.41
Asia Pacific,Other countries in Southeast Asia,Onshore conventional gas,Upstream,Gas,Install plunger,0.02,-3.41
Asia Pacific,Brunei,Onshore conventional gas,Upstream,Gas,Install plunger,0.02,-3.41
Asia Pacific,China,Offshore oil,Upstream,Oil,Vapour recovery units,72.1,-3.4
Asia Pacific,India,Onshore conventional gas,Upstream,Gas,Replace with electric motor,13.12,-3.4
Other,Other,Offshore oil,Upstream,Oil,Vapour recovery units,0.02,-3.4
Central and South America,Trinidad and Tobago,Offshore gas,Upstream,Gas,Vapour recovery units,15.85,-3.39
Asia Pacific,India,Unconventional gas,Upstream,Gas,Replace with electric motor,6.22,-3.39
Africa,Ghana,Offshore gas,Upstream,Gas,Vapour recovery units,1.24,-3.39
Africa,Equatorial Guinea,Offshore gas,Upstream,Gas,Vapour recovery units,9.25,-3.39
Africa,Libya,Offshore gas,Upstream,Gas,Vapour recovery units,2.16,-3.39
Africa,Congo,Offshore gas,Upstream,Gas,Vapour recovery units,0.39,-3.39
Africa,Cote d'Ivoire,Offshore gas,Upstream,Gas,Vapour recovery units,1.5,-3.39
Africa,Cameroon,Offshore gas,Upstream,Gas,Vapour recovery units,1.81,-3.39
Asia Pacific,Brunei,Onshore conventional oil,Upstream,Oil,Replace with electric motor,0.43,-3.38
Central and South America,Ecuador,Offshore gas,Upstream,Gas,Associated gas utilisation,0.49,-3.38
Asia Pacific,Malaysia,Downstream gas,Downstream,Gas,Other,12.47,-3.38
Europe,Netherlands,Downstream gas,Downstream,Gas,Replace with electric motor,1.03,-3.37
Asia Pacific,Other countries in Southeast Asia,Downstream gas,Downstream,Gas,Other,3.8,-3.37
Asia Pacific,Thailand,Downstream gas,Downstream,Gas,Other,16.08,-3.37
Asia Pacific,Philippines,Downstream gas,Downstream,Gas,Other,0.57,-3.37
Africa,Egypt,Unconventional gas,Upstream,Gas,Vapour recovery units,0.75,-3.37
Asia Pacific,Brunei,Downstream gas,Downstream,Gas,Other,0.41,-3.37
Asia Pacific,Viet Nam,Downstream gas,Downstream,Gas,Other,1.34,-3.37
Europe,Denmark,Offshore oil,Upstream,Oil,Replace with electric motor,0.09,-3.36
Central and South America,Peru,Offshore gas,Upstream,Gas,Other,0.01,-3.36
Asia Pacific,Malaysia,Offshore oil,Upstream,Oil,Replace with electric motor,3.38,-3.36
Africa,Mozambique,Offshore oil,Upstream,Oil,Replace with electric motor,0.32,-3.35
Africa,Mozambique,Offshore gas,Upstream,Gas,Replace with electric motor,0.5,-3.35
Central and South America,Venezuela,Offshore gas,Upstream,Gas,Vapour recovery units,10.56,-3.35
Other,Other,Offshore oil,Upstream,Oil,Replace with electric motor,0.01,-3.34
Europe,Other countries in Europe,Onshore conventional oil,Upstream,Oil,Other,2.64,-3.34
Europe,Romania,Offshore oil,Upstream,Oil,Continuous LDAR,0.37,-3.34
Europe,Romania,Offshore gas,Upstream,Gas,Continuous LDAR,1.48,-3.34
Europe,United Kingdom,Downstream gas,Downstream,Gas,Replace with electric motor,7.52,-3.34
Asia Pacific,India,Onshore conventional oil,Upstream,Oil,Replace with electric motor,48.03,-3.34
Asia Pacific,Indonesia,Offshore oil,Upstream,Oil,Vapour recovery units,11.27,-3.34
Russia & Caspian,Azerbaijan,Offshore gas,Upstream,Gas,Replace with electric motor,1.28,-3.34
Asia Pacific,Bangladesh,Onshore conventional oil,Upstream,Oil,Replace with electric motor,0.25,-3.34
Central and South America,Brazil,Offshore oil,Upstream,Oil,Replace with electric motor,14.23,-3.33
Africa,Libya,Offshore oil,Upstream,Oil,Vapour recovery units,3.12,-3.33
Africa,Gabon,Onshore conventional gas,Upstream,Gas,Replace with electric motor,0.13,-3.33
Europe,France,Onshore conventional oil,Upstream,Oil,Replace with electric motor,0.52,-3.33
Other,Other,Offshore oil,Upstream,Oil,Quarterly LDAR,0.02,-3.33
Other,Other,Offshore gas,Upstream,Gas,Quarterly LDAR,0.02,-3.33
Other,Other,Offshore gas,Upstream,Gas,Vapour recovery units,0.33,-3.32
Europe,Norway,Downstream gas,Downstream,Gas,Biannual LDAR,0.02,-3.32
Russia & Caspian,Turkmenistan,Offshore gas,Upstream,Gas,Replace with electric motor,1.1,-3.32
Central and South America,Trinidad and Tobago,Offshore gas,Upstream,Gas,Other,0.48,-3.32
Africa,Equatorial Guinea,Offshore gas,Upstream,Gas,Other,0.28,-3.32
Africa,Ghana,Offshore gas,Upstream,Gas,Other,0.04,-3.32
Africa,Libya,Offshore gas,Upstream,Gas,Other,0.07,-3.32
Russia & Caspian,Kazakhstan,Onshore conventional oil,Upstream,Oil,Replace with electric motor,73.56,-3.32
Africa,Cameroon,Offshore gas,Upstream,Gas,Other,0.05,-3.32
Africa,Cote d'Ivoire,Offshore gas,Upstream,Gas,Other,0.05,-3.32
Africa,Congo,Offshore gas,Upstream,Gas,Other,0.01,-3.32
Central and South America,Argentina,Offshore gas,Upstream,Gas,Vapour recovery units,6.38,-3.31
Africa,Egypt,Offshore gas,Upstream,Gas,Associated gas utilisation,37.07,-3.31
Russia & Caspian,Kazakhstan,Offshore gas,Upstream,Gas,Replace with electric motor,0.15,-3.3
Middle East,Iran,Offshore gas,Upstream,Gas,Vapour recovery units,138.13,-3.3
Asia Pacific,Japan,Offshore oil,Upstream,Oil,Associated gas utilisation,0.02,-3.29
Europe,Italy,Downstream gas,Downstream,Gas,Quarterly LDAR,12.25,-3.28
Europe,Italy,Downstream oil,Downstream,Oil,Quarterly LDAR,0.38,-3.28
Other,Other,Offshore gas,Upstream,Gas,Vapour recovery units,0.03,-3.28
Central and South America,Venezuela,Offshore gas,Upstream,Gas,Other,0.32,-3.28
Russia & Caspian,Uzbekistan,Onshore conventional gas,Upstream,Gas,Replace with electric motor,56.72,-3.28
Asia Pacific,Pakistan,Downstream gas,Downstream,Gas,Continuous LDAR,11.45,-3.27
Asia Pacific,Pakistan,Downstream oil,Downstream,Oil,Continuous LDAR,0.3,-3.27
Russia & Caspian,Russia,Satellite - downstream,Downstream,Oil,Daily LDAR,179.28,-3.27
Asia Pacific,Indonesia,Downstream oil,Downstream,Oil,Continuous LDAR,0.62,-3.27
Asia Pacific,Indonesia,Downstream gas,Downstream,Gas,Continuous LDAR,11,-3.27
Africa,Ghana,Offshore oil,Upstream,Oil,Vapour recovery units,8.92,-3.27
Asia Pacific,Bangladesh,Downstream oil,Downstream,Oil,Continuous LDAR,0.08,-3.27
Asia Pacific,Bangladesh,Downstream gas,Downstream,Gas,Continuous LDAR,4.87,-3.27
Russia & Caspian,Kazakhstan,Onshore conventional gas,Upstream,Gas,Replace with electric motor,14.96,-3.26
Africa,Tunisia,Offshore gas,Upstream,Gas,Associated gas utilisation,0.88,-3.26
Other,Other,Onshore conventional gas,Upstream,Gas,Replace with electric motor,0.03,-3.26
Central and South America,Brazil,Downstream oil,Downstream,Oil,Vapour recovery units,4.45,-3.25
Central and South America,Argentina,Offshore gas,Upstream,Gas,Other,0.19,-3.24
Asia Pacific,India,Downstream gas,Downstream,Gas,Replace with electric motor,51.66,-3.24
Africa,Gabon,Offshore oil,Upstream,Oil,Vapour recovery units,19.7,-3.24
Other,Other,Offshore gas,Upstream,Gas,Other,0.01,-3.24
Europe,Other countries in Europe,Onshore conventional gas,Upstream,Gas,Replace with electric motor,0.09,-3.24
Russia & Caspian,Russia,Unconventional gas,Upstream,Gas,Replace pumps,5.62,-3.24
Russia & Caspian,Russia,Onshore conventional gas,Upstream,Gas,Replace pumps,52.35,-3.24
Asia Pacific,Philippines,Downstream oil,Downstream,Oil,Vapour recovery units,0.64,-3.23
Africa,Niger,Onshore conventional oil,Upstream,Oil,Replace with electric motor,4.27,-3.23
Middle East,Iran,Offshore gas,Upstream,Gas,Other,4.17,-3.23
Africa,Benin,Downstream oil,Downstream,Oil,Vapour recovery units,0.14,-3.23
Middle East,Saudi Arabia,Onshore conventional oil,Upstream,Oil,Replace with electric motor,178.57,-3.22
Middle East,Oman,Onshore conventional oil,Upstream,Oil,Replace with electric motor,66.13,-3.21
Africa,Mozambique,Downstream gas,Downstream,Gas,Replace with electric motor,0.46,-3.21
Europe,Other countries in Europe,Downstream gas,Downstream,Gas,Replace with electric motor,8.85,-3.2
Europe,Other EU17 countries,Downstream gas,Downstream,Gas,Quarterly LDAR,17.59,-3.2
Europe,Other EU17 countries,Downstream oil,Downstream,Oil,Quarterly LDAR,1.01,-3.2
Africa,Benin,Downstream gas,Downstream,Gas,Replace with electric motor,0.04,-3.2
Russia & Caspian,Azerbaijan,Onshore conventional oil,Upstream,Oil,Replace with electric motor,1.64,-3.2
Russia & Caspian,Azerbaijan,Downstream gas,Downstream,Gas,Replace with electric motor,2.89,-3.2
Central and South America,Colombia,Offshore gas,Upstream,Gas,Other,0.16,-3.2
Asia Pacific,Japan,Downstream gas,Downstream,Gas,Vapour recovery units,0.23,-3.2
Central and South America,Guyana,Offshore oil,Upstream,Oil,Vapour recovery units,21.55,-3.2
Europe,Denmark,Downstream gas,Downstream,Gas,Replace with electric motor,0.5,-3.2
Africa,Gabon,Offshore gas,Upstream,Gas,Replace with electric motor,0.01,-3.2
Russia & Caspian,Kazakhstan,Offshore oil,Upstream,Oil,Replace with electric motor,1.32,-3.19
Middle East,Jordan,Onshore conventional oil,Upstream,Oil,Replace with electric motor,0.7,-3.19
Europe,Italy,Offshore oil,Upstream,Oil,Associated gas utilisation,0.2,-3.17
Europe,Italy,Offshore gas,Upstream,Gas,Associated gas utilisation,0.33,-3.17
Africa,Algeria,Unconventional gas,Upstream,Gas,Vapour recovery units,0.9,-3.17
Other,Other,Downstream gas,Downstream,Gas,Replace with electric motor,2.46,-3.17
Middle East,Qatar,Onshore conventional oil,Upstream,Oil,Replace with electric motor,17.74,-3.17
Russia & Caspian,Turkmenistan,Downstream gas,Downstream,Gas,Replace with electric motor,41.87,-3.17
Europe,United Kingdom,Offshore oil,Upstream,Oil,Continuous LDAR,5.17,-3.17
Europe,United Kingdom,Offshore gas,Upstream,Gas,Continuous LDAR,3.46,-3.17
Middle East,Saudi Arabia,Offshore gas,Upstream,Gas,Associated gas utilisation,16.64,-3.16
Africa,Senegal,Offshore oil,Upstream,Oil,Associated gas utilisation,9.54,-3.16
Central and South America,Peru,Offshore gas,Upstream,Gas,Associated gas utilisation,0.38,-3.16
Russia & Caspian,Kazakhstan,Downstream gas,Downstream,Gas,Replace with electric motor,4.19,-3.16
Asia Pacific,India,Onshore conventional oil,Upstream,Oil,Replace pumps,27.15,-3.15
Middle East,Saudi Arabia,Offshore oil,Upstream,Oil,Associated gas utilisation,138.05,-3.15
Europe,Other countries in Europe,Offshore gas,Upstream,Gas,Biannual LDAR,0.1,-3.14
Asia Pacific,Indonesia,Offshore gas,Upstream,Gas,Associated gas utilisation,51.31,-3.14
Central and South America,Ecuador,Offshore oil,Upstream,Oil,Vapour recovery units,0.54,-3.13
Asia Pacific,Australia,Offshore gas,Upstream,Gas,Vapour recovery units,22.18,-3.13
Asia Pacific,Brunei,Offshore oil,Upstream,Oil,Replace with electric motor,0.26,-3.13
Middle East,Oman,Offshore oil,Upstream,Oil,Associated gas utilisation,0.21,-3.13
Middle East,Oman,Offshore gas,Upstream,Gas,Associated gas utilisation,0.07,-3.13
Central and South America,Trinidad and Tobago,Offshore gas,Upstream,Gas,Associated gas utilisation,24.98,-3.13
Africa,Tunisia,Downstream oil,Downstream,Oil,Replace with electric motor,0.29,-3.12
Asia Pacific,Thailand,Downstream oil,Downstream,Oil,Vapour recovery units,3.6,-3.12
Africa,Morocco,Downstream oil,Downstream,Oil,Replace with electric motor,0.22,-3.12
Africa,Cameroon,Offshore gas,Upstream,Gas,Associated gas utilisation,2.85,-3.12
Asia Pacific,China,Unconventional gas,Upstream,Gas,Install plunger,6.65,-3.12
Asia Pacific,China,Onshore conventional gas,Upstream,Gas,Install plunger,3.33,-3.12
Africa,Congo,Offshore gas,Upstream,Gas,Associated gas utilisation,0.62,-3.12
Africa,Cote d'Ivoire,Offshore gas,Upstream,Gas,Associated gas utilisation,2.37,-3.12
Africa,Algeria,Downstream oil,Downstream,Oil,Replace with electric motor,1.13,-3.12
Africa,Egypt,Downstream oil,Downstream,Oil,Replace with electric motor,2.01,-3.12
Africa,Equatorial Guinea,Offshore gas,Upstream,Gas,Associated gas utilisation,14.58,-3.12
Africa,Ghana,Offshore gas,Upstream,Gas,Associated gas utilisation,1.95,-3.12
Africa,Libya,Offshore gas,Upstream,Gas,Associated gas utilisation,3.41,-3.12
Africa,Libya,Downstream oil,Downstream,Oil,Replace with electric motor,0.46,-3.12
Asia Pacific,India,Offshore oil,Upstream,Oil,Associated gas utilisation,117.54,-3.11
Africa,Cote d'Ivoire,Offshore oil,Upstream,Oil,Associated gas utilisation,2.65,-3.11
Asia Pacific,Indonesia,Offshore gas,Upstream,Gas,Replace with electric motor,2.62,-3.1
Europe,Israel,Downstream oil,Downstream,Oil,Vapour recovery units,0.16,-3.1
Europe,Israel,Offshore gas,Upstream,Gas,Continuous LDAR,2.99,-3.1
Central and South America,Argentina,Unconventional gas,Upstream,Gas,Vapour recovery units,37.27,-3.09
Europe,Other EU17 countries,Offshore gas,Upstream,Gas,Associated gas utilisation,0.58,-3.09
Asia Pacific,Thailand,Offshore oil,Upstream,Oil,Associated gas utilisation,37.49,-3.09
Central and South America,Venezuela,Offshore gas,Upstream,Gas,Associated gas utilisation,16.65,-3.09
Africa,Niger,Downstream oil,Downstream,Oil,Vapour recovery units,0.23,-3.08
Russia & Caspian,Azerbaijan,Offshore oil,Upstream,Oil,Replace with electric motor,2.11,-3.08
Europe,Denmark,Offshore gas,Upstream,Gas,Biannual LDAR,0.05,-3.07
Europe,Estonia,Downstream gas,Downstream,Gas,Continuous LDAR,0.06,-3.07
Europe,Denmark,Offshore oil,Upstream,Oil,Biannual LDAR,0.07,-3.07
Middle East,United Arab Emirates,Offshore gas,Upstream,Gas,Associated gas utilisation,13.71,-3.07
Middle East,Qatar,Offshore oil,Upstream,Oil,Associated gas utilisation,93.44,-3.07
Middle East,Qatar,Offshore gas,Upstream,Gas,Associated gas utilisation,148.1,-3.07
Asia Pacific,New Zealand,Offshore gas,Upstream,Gas,Replace with electric motor,0.05,-3.06
Europe,Germany,Downstream oil,Downstream,Oil,Vapour recovery units,1.16,-3.06
Central and South America,Colombia,Offshore gas,Upstream,Gas,Associated gas utilisation,0.11,-3.06
Asia Pacific,Brunei,Downstream oil,Downstream,Oil,Vapour recovery units,0.04,-3.06
Central and South America,Venezuela,Offshore oil,Upstream,Oil,Associated gas utilisation,33.92,-3.06
Africa,Gabon,Downstream gas,Downstream,Gas,Replace with electric motor,0.23,-3.05
Asia Pacific,Indonesia,Onshore conventional gas,Upstream,Gas,Replace with electric motor,22.5,-3.05
Asia Pacific,Indonesia,Unconventional gas,Upstream,Gas,Replace with electric motor,0.01,-3.04
Central and South America,Cuba,Onshore conventional gas,Upstream,Gas,Replace with electric motor,0.29,-3.04
Central and South America,Argentina,Offshore gas,Upstream,Gas,Associated gas utilisation,10.06,-3.04
Asia Pacific,Other countries in Southeast Asia,Downstream oil,Downstream,Oil,Vapour recovery units,2.7,-3.04
Middle East,Saudi Arabia,Offshore gas,Upstream,Gas,Replace with electric motor,0.85,-3.04
Central and South America,Trinidad and Tobago,Offshore oil,Upstream,Oil,Associated gas utilisation,4.66,-3.04
Asia Pacific,Viet Nam,Downstream oil,Downstream,Oil,Vapour recovery units,0.73,-3.04
Africa,Tunisia,Offshore oil,Upstream,Oil,Associated gas utilisation,1.31,-3.03
Europe,Sweden,Downstream oil,Downstream,Oil,Vapour recovery units,0.17,-3.03
Other,Other,Onshore conventional oil,Upstream,Oil,Replace with electric motor,0.59,-3.03
Asia Pacific,New Zealand,Downstream gas,Downstream,Gas,Quarterly LDAR,0.64,-3.03
Asia Pacific,New Zealand,Downstream oil,Downstream,Oil,Quarterly LDAR,0.06,-3.03
Asia Pacific,Australia,Offshore gas,Upstream,Gas,Other,0.67,-3.03
Central and South America,Cuba,Offshore oil,Upstream,Oil,Replace with electric motor,0.1,-3.03
Asia Pacific,New Zealand,Onshore conventional gas,Upstream,Gas,Replace with electric motor,0.61,-3.02
Africa,Nigeria,Offshore gas,Upstream,Gas,Vapour recovery units,11.01,-3.02
Middle East,Saudi Arabia,Offshore oil,Upstream,Oil,Replace with electric motor,7.06,-3.02
Middle East,Oman,Offshore oil,Upstream,Oil,Replace with electric motor,0.01,-3.01
Asia Pacific,India,Offshore oil,Upstream,Oil,Replace with electric motor,6.01,-3.01
Europe,France,Downstream oil,Downstream,Oil,Vapour recovery units,1.57,-3
Middle East,Iran,Downstream gas,Downstream,Gas,Continuous LDAR,30.01,-3
Middle East,Iran,Downstream oil,Downstream,Oil,Continuous LDAR,0.52,-3
Middle East,Iraq,Downstream gas,Downstream,Gas,Continuous LDAR,1.59,-3
Middle East,Iraq,Downstream oil,Downstream,Oil,Continuous LDAR,0.2,-3
Middle East,Lebanon,Downstream oil,Downstream,Oil,Continuous LDAR,0.03,-3
Middle East,Kuwait,Downstream gas,Downstream,Gas,Continuous LDAR,2.71,-3
Middle East,Kuwait,Downstream oil,Downstream,Oil,Continuous LDAR,0.09,-3
Middle East,Jordan,Downstream oil,Downstream,Oil,Continuous LDAR,0.03,-3
Middle East,Jordan,Downstream gas,Downstream,Gas,Continuous LDAR,0.89,-3
Middle East,Bahrain,Downstream gas,Downstream,Gas,Continuous LDAR,2.28,-3
Middle East,Bahrain,Downstream oil,Downstream,Oil,Continuous LDAR,0.01,-3
Middle East,Oman,Downstream oil,Downstream,Oil,Continuous LDAR,0.09,-3
Middle East,Oman,Downstream gas,Downstream,Gas,Continuous LDAR,3.81,-3
Middle East,Saudi Arabia,Downstream oil,Downstream,Oil,Continuous LDAR,0.31,-3
Middle East,Saudi Arabia,Downstream gas,Downstream,Gas,Continuous LDAR,5.67,-3
Middle East,Syria,Downstream gas,Downstream,Gas,Continuous LDAR,3.43,-3
Middle East,Syria,Downstream oil,Downstream,Oil,Continuous LDAR,0.29,-3
Middle East,Qatar,Downstream gas,Downstream,Gas,Continuous LDAR,4.39,-3
Middle East,Qatar,Downstream oil,Downstream,Oil,Continuous LDAR,0.06,-3
Middle East,United Arab Emirates,Downstream oil,Downstream,Oil,Continuous LDAR,0.13,-3
Middle East,United Arab Emirates,Downstream gas,Downstream,Gas,Continuous LDAR,4.75,-3
Middle East,Yemen,Downstream oil,Downstream,Oil,Continuous LDAR,0.27,-3
Russia & Caspian,Uzbekistan,Downstream oil,Downstream,Oil,Continuous LDAR,0.16,-3
Russia & Caspian,Uzbekistan,Downstream gas,Downstream,Gas,Continuous LDAR,28.65,-3
Russia & Caspian,Uzbekistan,Downstream gas,Downstream,Gas,Replace with electric motor,44.19,-2.99
Middle East,Saudi Arabia,Onshore conventional gas,Upstream,Gas,Replace with electric motor,13.13,-2.99
Middle East,Saudi Arabia,Unconventional gas,Upstream,Gas,Replace with electric motor,3.61,-2.99
Asia Pacific,Pakistan,Onshore conventional oil,Upstream,Oil,Replace with electric motor,10.83,-2.99
Africa,Congo,Onshore conventional gas,Upstream,Gas,Replace with electric motor,0.11,-2.99
Africa,Cameroon,Onshore conventional gas,Upstream,Gas,Replace with electric motor,0.01,-2.99
Middle East,Iran,Onshore conventional oil,Upstream,Oil,Replace with electric motor,343.08,-2.98
Africa,Egypt,Offshore oil,Upstream,Oil,Associated gas utilisation,27.91,-2.98
Asia Pacific,India,Unconventional gas,Upstream,Gas,Install plunger,0.22,-2.98
Asia Pacific,India,Onshore conventional gas,Upstream,Gas,Install plunger,0.47,-2.98
Middle East,Jordan,Downstream gas,Downstream,Gas,Vapour recovery units,0.01,-2.97
Africa,Botswana,Downstream oil,Downstream,Oil,Vapour recovery units,0.02,-2.97
Middle East,Oman,Onshore conventional gas,Upstream,Gas,Replace with electric motor,17.49,-2.97
Africa,Namibia,Downstream oil,Downstream,Oil,Vapour recovery units,0.03,-2.97
Europe,Romania,Downstream gas,Downstream,Gas,Quarterly LDAR,7.35,-2.97
Europe,Romania,Downstream oil,Downstream,Oil,Quarterly LDAR,1.43,-2.97
Europe,United Kingdom,Downstream oil,Downstream,Oil,Vapour recovery units,1.2,-2.97
Middle East,United Arab Emirates,Offshore gas,Upstream,Gas,Replace with electric motor,0.7,-2.96
Middle East,Qatar,Offshore oil,Upstream,Oil,Replace with electric motor,4.78,-2.96
Middle East,Qatar,Offshore gas,Upstream,Gas,Replace with electric motor,7.57,-2.96
Middle East,Oman,Unconventional gas,Upstream,Gas,Replace with electric motor,12.06,-2.96
Central and South America,Argentina,Offshore oil,Upstream,Oil,Associated gas utilisation,3.91,-2.96
Central and South America,Cuba,Onshore conventional oil,Upstream,Oil,Replace with electric motor,0.68,-2.96
Africa,Cameroon,Offshore oil,Upstream,Oil,Vapour recovery units,13.34,-2.95
Europe,Norway,Offshore gas,Upstream,Gas,Replace with electric motor,0.23,-2.95
Central and South America,Peru,Offshore oil,Upstream,Oil,Associated gas utilisation,0.54,-2.95
Other,Other,Offshore gas,Upstream,Gas,Associated gas utilisation,0.52,-2.95
Europe,Other EU17 countries,Offshore oil,Upstream,Oil,Associated gas utilisation,0.15,-2.94
Africa,Nigeria,Offshore gas,Upstream,Gas,Other,0.33,-2.94
Middle East,Kuwait,Onshore conventional gas,Upstream,Gas,Vapour recovery units,2.58,-2.94
Middle East,Iraq,Onshore conventional oil,Upstream,Oil,Replace with electric motor,89.61,-2.94
Middle East,Yemen,Onshore conventional oil,Upstream,Oil,Replace with electric motor,22.36,-2.94
Asia Pacific,China,Unconventional gas,Upstream,Gas,Other,20.87,-2.93
Africa,Nigeria,Offshore oil,Upstream,Oil,Vapour recovery units,134.81,-2.93
Asia Pacific,New Zealand,Onshore conventional oil,Upstream,Oil,Replace with electric motor,0.15,-2.93
Middle East,United Arab Emirates,Onshore conventional gas,Upstream,Gas,Replace with electric motor,12.48,-2.92
Russia & Caspian,Azerbaijan,Downstream oil,Downstream,Oil,Vapour recovery units,0.34,-2.92
Central and South America,Cuba,Downstream gas,Downstream,Gas,Replace with electric motor,0.28,-2.91
Middle East,Qatar,Onshore conventional gas,Upstream,Gas,Replace with electric motor,1.38,-2.91
Europe,Romania,Offshore gas,Upstream,Gas,Associated gas utilisation,3.89,-2.91
Asia Pacific,Bangladesh,Onshore conventional gas,Upstream,Gas,Replace with electric motor,13.69,-2.9
Africa,Angola,Offshore oil,Upstream,Oil,Replace compressor seal or rod,0.02,-2.9
Asia Pacific,Australia,Unconventional gas,Upstream,Gas,Vapour recovery units,14.59,-2.89
Russia & Caspian,Turkmenistan,Downstream oil,Downstream,Oil,Vapour recovery units,1.41,-2.89
Other,Other,Downstream oil,Downstream,Oil,Vapour recovery units,0.79,-2.89
Other,Other,Onshore conventional gas,Upstream,Gas,Replace with electric motor,3.41,-2.88
Middle East,Syria,Onshore conventional oil,Upstream,Oil,Replace with electric motor,52.38,-2.88
Middle East,Bahrain,Onshore conventional oil,Upstream,Oil,Replace with electric motor,14.78,-2.88
Europe,Italy,Offshore oil,Upstream,Oil,Other,0.01,-2.88
Middle East,Jordan,Onshore conventional gas,Upstream,Gas,Replace with electric motor,0.1,-2.88
Asia Pacific,Indonesia,Downstream gas,Downstream,Gas,Replace with electric motor,17.05,-2.88
Middle East,Jordan,Unconventional gas,Upstream,Gas,Replace with electric motor,0.03,-2.87
Russia & Caspian,Kazakhstan,Downstream oil,Downstream,Oil,Vapour recovery units,0.98,-2.87
Middle East,Saudi Arabia,Downstream gas,Downstream,Gas,Replace with electric motor,8.75,-2.87
Asia Pacific,Viet Nam,Offshore oil,Upstream,Oil,Associated gas utilisation,23.22,-2.87
Russia & Caspian,Russia,Onshore conventional oil,Upstream,Oil,Annual LDAR,16.08,-2.86
Russia & Caspian,Russia,Unconventional gas,Upstream,Gas,Annual LDAR,1.43,-2.86
Russia & Caspian,Russia,Onshore conventional gas,Upstream,Gas,Annual LDAR,11.48,-2.86
Asia Pacific,Pakistan,Unconventional gas,Upstream,Gas,Vapour recovery units,1.03,-2.86
Asia Pacific,Other countries in Southeast Asia,Onshore conventional oil,Upstream,Oil,Other,0.22,-2.85
Asia Pacific,New Zealand,Downstream gas,Downstream,Gas,Replace with electric motor,0.45,-2.85
Africa,Botswana,Unconventional gas,Upstream,Gas,Replace with instrument air systems,0.23,-2.85
Middle East,Oman,Downstream gas,Downstream,Gas,Replace with electric motor,5.9,-2.84
Russia & Caspian,Russia,Onshore conventional oil,Upstream,Oil,Blowdown capture,5.18,-2.84
Africa,Senegal,Offshore oil,Upstream,Oil,Replace with electric motor,0.49,-2.82
Central and South America,Cuba,Downstream oil,Downstream,Oil,Vapour recovery units,0.24,-2.82
Africa,Libya,Offshore oil,Upstream,Oil,Associated gas utilisation,4.57,-2.82
Middle East,Yemen,Onshore conventional gas,Upstream,Gas,Replace with electric motor,0.05,-2.82
Middle East,Jordan,Downstream gas,Downstream,Gas,Replace with electric motor,1.37,-2.81
Europe,Other EU7 countries,Onshore conventional oil,Upstream,Oil,Other,0.19,-2.81
Europe,Other countries in Europe,Downstream oil,Downstream,Oil,Vapour recovery units,1.57,-2.81
Other,Other,Onshore conventional oil,Upstream,Oil,Replace with electric motor,0.5,-2.8
Central and South America,Peru,Onshore conventional gas,Upstream,Gas,Replace pumps,1.77,-2.8
Central and South America,Trinidad and Tobago,Onshore conventional gas,Upstream,Gas,Replace pumps,0.1,-2.8
Central and South America,Ecuador,Onshore conventional gas,Upstream,Gas,Replace pumps,0.02,-2.8
Africa,Egypt,Offshore gas,Upstream,Gas,Replace with electric motor,1.9,-2.8
Central and South America,Cuba,Onshore conventional gas,Upstream,Gas,Replace pumps,0.12,-2.8
Central and South America,Bolivia,Onshore conventional gas,Upstream,Gas,Replace pumps,0.76,-2.8
Central and South America,Argentina,Unconventional gas,Upstream,Gas,Replace pumps,5.67,-2.8
Central and South America,Argentina,Onshore conventional gas,Upstream,Gas,Replace pumps,0.99,-2.8
Central and South America,Venezuela,Onshore conventional gas,Upstream,Gas,Replace pumps,3.86,-2.8
Russia & Caspian,Kazakhstan,Onshore conventional oil,Upstream,Oil,Replace pumps,41.58,-2.79
Asia Pacific,Thailand,Onshore conventional oil,Upstream,Oil,Replace with electric motor,3.75,-2.79
Middle East,United Arab Emirates,Downstream gas,Downstream,Gas,Replace with electric motor,7.36,-2.79
Middle East,Qatar,Downstream gas,Downstream,Gas,Replace with electric motor,6.8,-2.79
Other,Other,Offshore oil,Upstream,Oil,Associated gas utilisation,0.03,-2.79
Other,Other,Downstream oil,Downstream,Oil,Vapour recovery units,0.05,-2.78
Other,Other,Downstream oil,Downstream,Oil,Replace with electric motor,1.03,-2.78
Central and South America,Peru,Downstream oil,Downstream,Oil,Replace with electric motor,0.52,-2.78
Central and South America,Paraguay,Downstream oil,Downstream,Oil,Replace with electric motor,0.08,-2.78
Central and South America,Trinidad and Tobago,Downstream oil,Downstream,Oil,Replace with electric motor,0.09,-2.78
Central and South America,Ecuador,Downstream oil,Downstream,Oil,Replace with electric motor,0.81,-2.78
Africa,Equatorial Guinea,Offshore gas,Upstream,Gas,Replace with electric motor,0.75,-2.78
Central and South America,Guyana,Downstream oil,Downstream,Oil,Replace with electric motor,0.06,-2.78
Africa,Ghana,Offshore gas,Upstream,Gas,Replace with electric motor,0.1,-2.78
Central and South America,Argentina,Downstream oil,Downstream,Oil,Replace with electric motor,1.48,-2.78
Central and South America,Bolivia,Downstream oil,Downstream,Oil,Replace with electric motor,0.64,-2.78
Central and South America,Cuba,Downstream oil,Downstream,Oil,Replace with electric motor,0.2,-2.78
Africa,Cote d'Ivoire,Offshore gas,Upstream,Gas,Replace with electric motor,0.12,-2.78
Africa,Congo,Offshore gas,Upstream,Gas,Replace with electric motor,0.03,-2.78
Africa,Cameroon,Offshore gas,Upstream,Gas,Replace with electric motor,0.15,-2.78
Central and South America,Venezuela,Downstream oil,Downstream,Oil,Replace with electric motor,2.35,-2.78
Central and South America,Uruguay,Downstream oil,Downstream,Oil,Replace with electric motor,0.05,-2.78
Africa,Cote d'Ivoire,Offshore oil,Upstream,Oil,Replace with electric motor,0.14,-2.77
Central and South America,Ecuador,Offshore gas,Upstream,Gas,Replace with electric motor,0.02,-2.77
Middle East,Jordan,Downstream oil,Downstream,Oil,Vapour recovery units,0.16,-2.77
Middle East,Iran,Offshore oil,Upstream,Oil,Associated gas utilisation,248.89,-2.77
Middle East,Iran,Offshore gas,Upstream,Gas,Associated gas utilisation,217.69,-2.77
Middle East,United Arab Emirates,Onshore conventional oil,Upstream,Oil,Replace with electric motor,68.09,-2.77
Africa,Senegal,Onshore conventional gas,Upstream,Gas,Replace with electric motor,1.49,-2.77
Africa,Mozambique,Onshore conventional oil,Upstream,Oil,Other,1.42,-2.77
Europe,United Kingdom,Downstream gas,Downstream,Gas,Quarterly LDAR,10.72,-2.76
Europe,United Kingdom,Downstream oil,Downstream,Oil,Quarterly LDAR,0.46,-2.76
Africa,Tunisia,Offshore gas,Upstream,Gas,Replace with electric motor,0.05,-2.76
Africa,Ghana,Offshore oil,Upstream,Oil,Associated gas utilisation,13.04,-2.76
Africa,Egypt,Onshore conventional gas,Upstream,Gas,Replace with electric motor,5.89,-2.75
Europe,Israel,Downstream gas,Downstream,Gas,Quarterly LDAR,2.02,-2.75
Europe,Israel,Downstream oil,Downstream,Oil,Quarterly LDAR,0.06,-2.75
Africa,Egypt,Unconventional gas,Upstream,Gas,Replace with electric motor,0.85,-2.74
Europe,Romania,Onshore conventional oil,Upstream,Oil,Replace with electric motor,6.38,-2.74
North America,Mexico,Satellite - upstream,Upstream,Gas,Daily LDAR,55.76,-2.74
Africa,Nigeria,Offshore gas,Upstream,Gas,Associated gas utilisation,17.35,-2.74
Asia Pacific,Pakistan,Unconventional gas,Upstream,Gas,Install plunger,0.04,-2.73
Asia Pacific,Pakistan,Onshore conventional gas,Upstream,Gas,Install plunger,0.99,-2.73
Africa,Gabon,Offshore oil,Upstream,Oil,Associated gas utilisation,28.82,-2.73
Asia Pacific,India,Downstream oil,Downstream,Oil,Vapour recovery units,26.09,-2.73
Asia Pacific,Bangladesh,Onshore conventional gas,Upstream,Gas,Install plunger,0.49,-2.73
Africa,Angola,Offshore gas,Upstream,Gas,Vapour recovery units,0.07,-2.72
Africa,Tanzania,Onshore conventional gas,Upstream,Gas,Vapour recovery units,0.28,-2.72
Middle East,United Arab Emirates,Offshore oil,Upstream,Oil,Associated gas utilisation,124.65,-2.72
Asia Pacific,Bangladesh,Downstream gas,Downstream,Gas,Replace with electric motor,7.51,-2.71
Africa,Gabon,Downstream oil,Downstream,Oil,Vapour recovery units,0.26,-2.71
Central and South America,Ecuador,Onshore conventional gas,Upstream,Gas,Replace with electric motor,0.13,-2.71
Asia Pacific,Indonesia,Onshore conventional gas,Upstream,Gas,Install plunger,0.8,-2.71
Europe,Denmark,Downstream oil,Downstream,Oil,Vapour recovery units,0.13,-2.7
Asia Pacific,Australia,Offshore oil,Upstream,Oil,Biannual LDAR,0.27,-2.7
Asia Pacific,Australia,Offshore gas,Upstream,Gas,Biannual LDAR,2.22,-2.7
Central and South America,Colombia,Offshore gas,Upstream,Gas,Replace with electric motor,0.42,-2.7
Africa,Chad,Onshore conventional oil,Upstream,Oil,Replace with electric motor,10.6,-2.7
Africa,Tunisia,Onshore conventional gas,Upstream,Gas,Replace with electric motor,0.9,-2.7
Other,Other,Downstream oil,Downstream,Oil,Continuous LDAR,0.31,-2.7
Other,Other,Downstream gas,Downstream,Gas,Continuous LDAR,4.55,-2.7
Asia Pacific,Malaysia,Onshore conventional oil,Upstream,Oil,Other,0.74,-2.7
Africa,Mozambique,Onshore conventional gas,Upstream,Gas,Install plunger,0.29,-2.69
Europe,Norway,Downstream gas,Downstream,Gas,Replace with electric motor,0.04,-2.69
Africa,Nigeria,Onshore conventional gas,Upstream,Gas,Install plunger,1.16,-2.69
Other,Other,Offshore gas,Upstream,Gas,Replace with electric motor,0.03,-2.69
Africa,Tanzania,Onshore conventional gas,Upstream,Gas,Install plunger,0.03,-2.69
Africa,Senegal,Onshore conventional gas,Upstream,Gas,Install plunger,0.05,-2.69
Africa,Congo,Onshore conventional gas,Upstream,Gas,Install plunger,0.01,-2.69
Africa,Angola,Onshore conventional gas,Upstream,Gas,Install plunger,0.03,-2.69
Africa,Botswana,Unconventional gas,Upstream,Gas,Install plunger,0.01,-2.69
Africa,Gabon,Onshore conventional gas,Upstream,Gas,Install plunger,0.01,-2.69
Central and South America,Guyana,Offshore oil,Upstream,Oil,Associated gas utilisation,31.52,-2.68
Middle East,Iran,Offshore gas,Upstream,Gas,Replace with electric motor,11.13,-2.68
Middle East,Iran,Offshore oil,Upstream,Oil,Replace with electric motor,12.72,-2.68
Russia & Caspian,Turkmenistan,Onshore conventional gas,Upstream,Gas,Install plunger,11.83,-2.68
Europe,Other countries in Europe,Onshore conventional oil,Upstream,Oil,Associated gas utilisation,1.65,-2.67
Russia & Caspian,Uzbekistan,Downstream oil,Downstream,Oil,Vapour recovery units,0.93,-2.67
Other,Other,Offshore gas,Upstream,Gas,Associated gas utilisation,0.05,-2.66
North America,United States,Satellite - upstream,Upstream,Gas,Daily LDAR,186,-2.66
Europe,Poland,Onshore conventional oil,Upstream,Oil,Vapour recovery units,0.55,-2.66
Russia & Caspian,Azerbaijan,Downstream gas,Downstream,Gas,Other,2.38,-2.66
Central and South America,Colombia,Onshore conventional gas,Upstream,Gas,Replace with electric motor,8.29,-2.66
Africa,Ghana,Onshore conventional oil,Upstream,Oil,Replace with electric motor,2.51,-2.65
Africa,Egypt,Downstream gas,Downstream,Gas,Replace with electric motor,16,-2.64
Africa,Gabon,Downstream gas,Downstream,Gas,Other,0.19,-2.64
Middle East,Iran,Onshore conventional gas,Upstream,Gas,Replace with electric motor,28.37,-2.64
Middle East,Iraq,Onshore conventional gas,Upstream,Gas,Replace with electric motor,4.17,-2.64
Central and South America,Brazil,Onshore conventional oil,Upstream,Oil,Other,4.96,-2.64
Africa,Benin,Downstream gas,Downstream,Gas,Other,0.03,-2.64
Middle East,Syria,Onshore conventional gas,Upstream,Gas,Replace with electric motor,14,-2.64
Africa,Mozambique,Downstream gas,Downstream,Gas,Other,0.38,-2.64
Africa,South Africa,Onshore conventional oil,Upstream,Oil,Vapour recovery units,6.5,-2.63
Africa,Togo,Downstream gas,Downstream,Gas,Other,0.04,-2.63
Africa,Cameroon,Downstream gas,Downstream,Gas,Other,0.14,-2.63
Africa,Congo,Downstream gas,Downstream,Gas,Other,0.33,-2.63
Africa,Cote d'Ivoire,Downstream gas,Downstream,Gas,Other,0.47,-2.63
Asia Pacific,Indonesia,Onshore conventional oil,Upstream,Oil,Replace with electric motor,43.89,-2.63
Russia & Caspian,Kazakhstan,Onshore conventional gas,Upstream,Gas,Install plunger,0.53,-2.63
Africa,Libya,Offshore gas,Upstream,Gas,Replace with electric motor,0.17,-2.63
Africa,Equatorial Guinea,Downstream gas,Downstream,Gas,Other,0.62,-2.63
Central and South America,Ecuador,Downstream gas,Downstream,Gas,Replace with electric motor,0.12,-2.63
Africa,Ghana,Downstream gas,Downstream,Gas,Other,0.79,-2.63
Russia & Caspian,Azerbaijan,Onshore conventional oil,Upstream,Oil,Replace pumps,0.93,-2.62
Asia Pacific,Malaysia,Downstream gas,Downstream,Gas,Vapour recovery units,0.29,-2.62
Africa,Nigeria,Downstream gas,Downstream,Gas,Other,4.97,-2.62
Other,Other,Onshore conventional gas,Upstream,Gas,Replace with electric motor,0.43,-2.61
Europe,Other EU17 countries,Offshore oil,Upstream,Oil,Other,0.01,-2.61
Africa,Angola,Downstream gas,Downstream,Gas,Other,0.12,-2.61
Central and South America,Colombia,Onshore conventional gas,Upstream,Gas,Install plunger,0.67,-2.61
Central and South America,Ecuador,Offshore oil,Upstream,Oil,Associated gas utilisation,0.79,-2.6
Other,Other,Onshore conventional oil,Upstream,Oil,Replace pumps,0.28,-2.6
Africa,Tunisia,Downstream gas,Downstream,Gas,Replace with electric motor,1.74,-2.6
Africa,Tunisia,Onshore conventional oil,Upstream,Oil,Replace with electric motor,2,-2.59
Africa,Togo,Downstream gas,Downstream,Gas,Replace with electric motor,0.05,-2.59
Africa,Equatorial Guinea,Downstream gas,Downstream,Gas,Replace with electric motor,0.76,-2.59
Africa,Ghana,Downstream gas,Downstream,Gas,Replace with electric motor,0.96,-2.59
Europe,Israel,Offshore gas,Upstream,Gas,Associated gas utilisation,7.86,-2.59
Central and South America,Colombia,Downstream gas,Downstream,Gas,Other,5.7,-2.59
Africa,Congo,Downstream gas,Downstream,Gas,Replace with electric motor,0.4,-2.59
Africa,Cote d'Ivoire,Downstream gas,Downstream,Gas,Replace with electric motor,0.58,-2.59
Africa,Cameroon,Downstream gas,Downstream,Gas,Replace with electric motor,0.17,-2.59
Africa,Algeria,Onshore conventional gas,Upstream,Gas,Replace with electric motor,61.11,-2.58
Africa,Libya,Onshore conventional gas,Upstream,Gas,Replace with electric motor,3.06,-2.58
Africa,Tanzania,Downstream gas,Downstream,Gas,Other,0.55,-2.58
Europe,United Kingdom,Offshore gas,Upstream,Gas,Associated gas utilisation,9.08,-2.58
Russia & Caspian,Turkmenistan,Offshore oil,Upstream,Oil,Vapour recovery units,62.28,-2.58
Central and South America,Peru,Offshore gas,Upstream,Gas,Replace with electric motor,0.02,-2.57
Africa,Mozambique,Downstream oil,Downstream,Oil,Vapour recovery units,0.11,-2.57
Africa,Algeria,Unconventional gas,Upstream,Gas,Replace with electric motor,1.02,-2.57
Central and South America,Venezuela,Onshore conventional oil,Upstream,Oil,Replace with electric motor,391.63,-2.57
Central and South America,Colombia,Onshore conventional oil,Upstream,Oil,Replace with electric motor,67.77,-2.55
Asia Pacific,Philippines,Offshore oil,Upstream,Oil,Other,0.05,-2.55
Middle East,United Arab Emirates,Offshore oil,Upstream,Oil,Replace with electric motor,6.37,-2.54
Central and South America,Trinidad and Tobago,Offshore gas,Upstream,Gas,Replace with electric motor,1.28,-2.54
Russia & Caspian,Kazakhstan,Onshore conventional oil,Upstream,Oil,Other,27.03,-2.54
Asia Pacific,Australia,Offshore oil,Upstream,Oil,Vapour recovery units,4.6,-2.52
Central and South America,Trinidad and Tobago,Onshore conventional oil,Upstream,Oil,Replace with electric motor,2.2,-2.52
Asia Pacific,Thailand,Offshore oil,Upstream,Oil,Replace with electric motor,1.92,-2.52
Middle East,Saudi Arabia,Downstream oil,Downstream,Oil,Vapour recovery units,1.82,-2.52
Asia Pacific,New Zealand,Offshore oil,Upstream,Oil,Replace with electric motor,0.03,-2.52
Central and South America,Peru,Onshore conventional gas,Upstream,Gas,Replace with electric motor,13.38,-2.52
Africa,Senegal,Downstream oil,Downstream,Oil,Vapour recovery units,0.1,-2.51
Africa,Congo,Offshore oil,Upstream,Oil,Vapour recovery units,48.21,-2.51
Asia Pacific,China,Downstream gas,Downstream,Gas,Vapour recovery units,1.82,-2.51
Europe,Italy,Downstream gas,Downstream,Gas,Vapour recovery units,0.16,-2.51
Africa,Egypt,Onshore conventional oil,Upstream,Oil,Replace with electric motor,30.34,-2.51
Central and South America,Colombia,Downstream gas,Downstream,Gas,Replace with electric motor,6.94,-2.5
Central and South America,Bolivia,Onshore conventional oil,Upstream,Oil,Replace with electric motor,3.94,-2.5
Africa,Sudan,Onshore conventional oil,Upstream,Oil,Replace with electric motor,3.64,-2.5
Central and South America,Venezuela,Offshore gas,Upstream,Gas,Replace with electric motor,0.85,-2.5
Middle East,Syria,Downstream gas,Downstream,Gas,Replace with electric motor,5.28,-2.49
Europe,Other EU17 countries,Unconventional gas,Upstream,Gas,Replace compressor seal or rod,0.03,-2.49
Europe,Other EU17 countries,Onshore conventional gas,Upstream,Gas,Replace compressor seal or rod,0.14,-2.49
Europe,Other countries in Europe,Onshore conventional gas,Upstream,Gas,Replace compressor seal or rod,0.02,-2.49
Europe,Other countries in Europe,Onshore conventional gas,Upstream,Gas,Replace compressor seal or rod,0.12,-2.49
Other,Other,Downstream gas,Downstream,Gas,Replace with electric motor,3.49,-2.49
Africa,Niger,Onshore conventional oil,Upstream,Oil,Other,1.57,-2.49
Africa,Mozambique,Offshore oil,Upstream,Oil,Other,0.25,-2.49
Europe,Netherlands,Onshore conventional gas,Upstream,Gas,Replace compressor seal or rod,0.03,-2.49
Europe,Italy,Onshore conventional gas,Upstream,Gas,Replace compressor seal or rod,0.02,-2.49
Europe,Italy,Onshore conventional gas,Upstream,Gas,Install plunger,0.01,-2.49
Middle East,Iran,Downstream gas,Downstream,Gas,Replace with electric motor,46.28,-2.49
Middle East,Iraq,Downstream gas,Downstream,Gas,Replace with electric motor,2.46,-2.49
Asia Pacific,Korea,Downstream oil,Downstream,Oil,Continuous LDAR,0.34,-2.48
Asia Pacific,Korea,Downstream gas,Downstream,Gas,Continuous LDAR,5.86,-2.48
Russia & Caspian,Azerbaijan,Onshore conventional oil,Upstream,Oil,Other,0.6,-2.48
Middle East,Bahrain,Onshore conventional gas,Upstream,Gas,Replace with electric motor,15.59,-2.48
Middle East,Oman,Downstream oil,Downstream,Oil,Vapour recovery units,0.52,-2.48
Europe,Other EU17 countries,Onshore conventional gas,Upstream,Gas,Install plunger,0.04,-2.48
Europe,Other EU17 countries,Unconventional gas,Upstream,Gas,Install plunger,0.01,-2.48
Central and South America,Trinidad and Tobago,Onshore conventional gas,Upstream,Gas,Replace with electric motor,0.79,-2.48
Europe,United Kingdom,Onshore conventional oil,Upstream,Oil,Replace with electric motor,0.47,-2.48
Africa,Tunisia,Offshore oil,Upstream,Oil,Replace with electric motor,0.07,-2.47
Asia Pacific,Pakistan,Onshore conventional gas,Upstream,Gas,Replace with electric motor,27.92,-2.47
Other,Other,Onshore conventional gas,Upstream,Gas,Replace with electric motor,0.01,-2.47
Other,Other,Onshore conventional gas,Upstream,Gas,Install plunger,0.02,-2.47
Other,Other,Offshore oil,Upstream,Oil,Other,0.01,-2.47
Africa,Algeria,Onshore conventional oil,Upstream,Oil,Replace with electric motor,162.23,-2.47
Central and South America,Argentina,Unconventional oil,Upstream,Oil,Replace with electric motor,84.49,-2.47
Central and South America,Argentina,Onshore conventional oil,Upstream,Oil,Replace with electric motor,27.73,-2.47
Asia Pacific,China,Offshore oil,Upstream,Oil,Associated gas utilisation,105.47,-2.47
Asia Pacific,Brunei,Onshore conventional oil,Upstream,Oil,Other,0.16,-2.47
Central and South America,Venezuela,Offshore oil,Upstream,Oil,Replace with electric motor,1.73,-2.47
Central and South America,Argentina,Offshore gas,Upstream,Gas,Replace with electric motor,0.51,-2.46
Asia Pacific,Australia,Offshore gas,Upstream,Gas,Replace with electric motor,1.79,-2.46
Africa,Algeria,Downstream gas,Downstream,Gas,Replace with electric motor,12.28,-2.46
Africa,Libya,Downstream gas,Downstream,Gas,Replace with electric motor,1.77,-2.46
Africa,Kenya,Downstream oil,Downstream,Oil,Vapour recovery units,0.25,-2.46
Asia Pacific,Indonesia,Onshore conventional oil,Upstream,Oil,Replace pumps,24.81,-2.46
Africa,Equatorial Guinea,Downstream oil,Downstream,Oil,Vapour recovery units,0.03,-2.46
Africa,Eritrea,Downstream oil,Downstream,Oil,Vapour recovery units,0.02,-2.46
Africa,Ethiopia,Downstream oil,Downstream,Oil,Vapour recovery units,0.2,-2.46
Africa,Ghana,Downstream oil,Downstream,Oil,Vapour recovery units,0.17,-2.46
Asia Pacific,Pakistan,Unconventional gas,Upstream,Gas,Replace with electric motor,1.17,-2.46
Europe,Other EU17 countries,Downstream gas,Downstream,Gas,Vapour recovery units,0.23,-2.45
Other,Other,Downstream gas,Downstream,Gas,Replace with electric motor,7.02,-2.45
Africa,Morocco,Onshore conventional gas,Upstream,Gas,Replace with electric motor,0.02,-2.45
Africa,Nigeria,Onshore conventional oil,Upstream,Oil,Replace with electric motor,113.71,-2.44
Africa,Angola,Offshore gas,Upstream,Gas,Associated gas utilisation,0.11,-2.44
Central and South America,Venezuela,Onshore conventional gas,Upstream,Gas,Replace with electric motor,29.21,-2.44
Asia Pacific,Australia,Onshore conventional gas,Upstream,Gas,Replace with electric motor,0.99,-2.43
Central and South America,Ecuador,Downstream oil,Downstream,Oil,Vapour recovery units,0.94,-2.43
Africa,Nigeria,Offshore gas,Upstream,Gas,Replace with electric motor,0.89,-2.43
Africa,Libya,Onshore conventional oil,Upstream,Oil,Replace with electric motor,105.34,-2.43
Other,Other,Onshore conventional oil,Upstream,Oil,Replace pumps,0.33,-2.43
Central and South America,Trinidad and Tobago,Offshore oil,Upstream,Oil,Replace with electric motor,0.24,-2.43
Asia Pacific,Indonesia,Offshore oil,Upstream,Oil,Associated gas utilisation,16.48,-2.42
Asia Pacific,Australia,Unconventional gas,Upstream,Gas,Replace with electric motor,16.64,-2.41
Central and South America,Argentina,Onshore conventional gas,Upstream,Gas,Replace with electric motor,7.45,-2.41
Central and South America,Colombia,Onshore conventional oil,Upstream,Oil,Replace pumps,58.35,-2.41
Middle East,United Arab Emirates,Downstream oil,Downstream,Oil,Vapour recovery units,0.76,-2.41
Central and South America,Peru,Downstream gas,Downstream,Gas,Replace with electric motor,2.3,-2.41
Europe,Netherlands,Downstream oil,Downstream,Oil,Vapour recovery units,0.16,-2.4
Middle East,Qatar,Downstream oil,Downstream,Oil,Vapour recovery units,0.34,-2.4
Africa,Cameroon,Offshore oil,Upstream,Oil,Associated gas utilisation,19.52,-2.4
Central and South America,Argentina,Unconventional gas,Upstream,Gas,Replace with electric motor,42.49,-2.4
Africa,Egypt,Offshore oil,Upstream,Oil,Replace with electric motor,1.43,-2.39
Africa,Nigeria,Onshore conventional gas,Upstream,Gas,Replace with electric motor,32.59,-2.39
Africa,Nigeria,Offshore oil,Upstream,Oil,Associated gas utilisation,197.21,-2.39
Asia Pacific,New Zealand,Offshore gas,Upstream,Gas,Associated gas utilisation,0.92,-2.39
Other,Other,Downstream gas,Downstream,Gas,Replace with electric motor,1.21,-2.38
Europe,Romania,Offshore oil,Upstream,Oil,Replace with electric motor,0.08,-2.38
Central and South America,Trinidad and Tobago,Downstream gas,Downstream,Gas,Replace with electric motor,3.47,-2.38
Central and South America,Peru,Onshore conventional oil,Upstream,Oil,Replace with electric motor,7.12,-2.37
Middle East,Lebanon,Downstream oil,Downstream,Oil,Vapour recovery units,0.15,-2.37
Central and South America,Argentina,Offshore oil,Upstream,Oil,Replace with electric motor,0.2,-2.36
Central and South America,Cuba,Onshore conventional oil,Upstream,Oil,Other,0.25,-2.36
Central and South America,Cuba,Offshore oil,Upstream,Oil,Other,0.08,-2.36
Central and South America,Paraguay,Downstream oil,Downstream,Oil,Vapour recovery units,0.05,-2.36
Russia & Caspian,Uzbekistan,Onshore conventional gas,Upstream,Gas,Install plunger,6.48,-2.36
Russia & Caspian,Russia,Onshore conventional gas,Upstream,Gas,Biannual LDAR,34.43,-2.35
Russia & Caspian,Russia,Offshore gas,Upstream,Gas,Replace compressor seal or rod,0.03,-2.35
Russia & Caspian,Russia,Unconventional gas,Upstream,Gas,Biannual LDAR,4.29,-2.35
Russia & Caspian,Russia,Onshore conventional oil,Upstream,Oil,Biannual LDAR,48.24,-2.35
Africa,Ghana,Offshore oil,Upstream,Oil,Replace with electric motor,0.67,-2.35
Africa,Gabon,Onshore conventional oil,Upstream,Oil,Replace with electric motor,15.26,-2.34
Middle East,Kuwait,Onshore conventional gas,Upstream,Gas,Install plunger,0.3,-2.34
Asia Pacific,Indonesia,Downstream oil,Downstream,Oil,Vapour recovery units,3.59,-2.34
Middle East,Iraq,Onshore conventional gas,Upstream,Gas,Install plunger,0.15,-2.34
Middle East,Iran,Onshore conventional gas,Upstream,Gas,Install plunger,1.01,-2.34
Middle East,Bahrain,Onshore conventional gas,Upstream,Gas,Install plunger,0.55,-2.34
Middle East,Saudi Arabia,Onshore conventional gas,Upstream,Gas,Install plunger,0.47,-2.34
Middle East,Saudi Arabia,Unconventional gas,Upstream,Gas,Install plunger,0.13,-2.34
Middle East,Syria,Onshore conventional gas,Upstream,Gas,Install plunger,0.5,-2.34
Middle East,Qatar,Onshore conventional gas,Upstream,Gas,Install plunger,0.05,-2.34
Middle East,United Arab Emirates,Onshore conventional gas,Upstream,Gas,Install plunger,0.44,-2.34
Middle East,Oman,Onshore conventional gas,Upstream,Gas,Install plunger,0.62,-2.34
Middle East,Oman,Unconventional gas,Upstream,Gas,Install plunger,0.43,-2.34
Other,Other,Downstream gas,Downstream,Gas,Other,1.98,-2.34
Central and South America,Venezuela,Downstream gas,Downstream,Gas,Replace with electric motor,9.96,-2.34
Central and South America,Uruguay,Downstream gas,Downstream,Gas,Replace with electric motor,0.04,-2.33
North America,Canada,Unconventional oil,Upstream,Oil,Replace pumps,16.22,-2.33
North America,Canada,Onshore conventional oil,Upstream,Oil,Replace pumps,125.7,-2.33
Asia Pacific,Japan,Downstream gas,Downstream,Gas,Continuous LDAR,7.83,-2.33
Asia Pacific,Japan,Downstream oil,Downstream,Oil,Continuous LDAR,0.38,-2.33
Africa,Egypt,Downstream oil,Downstream,Oil,Vapour recovery units,2.33,-2.33
North America,Mexico,Satellite - downstream,Downstream,Oil,Daily LDAR,11.36,-2.32
North America,Mexico,Unconventional gas,Upstream,Gas,Annual LDAR,0.01,-2.32
North America,Mexico,Onshore conventional gas,Upstream,Gas,Annual LDAR,0.4,-2.32
North America,Mexico,Onshore conventional oil,Upstream,Oil,Annual LDAR,0.86,-2.32
Russia & Caspian,Turkmenistan,Downstream gas,Downstream,Gas,Other,34.38,-2.32
Africa,Tunisia,Downstream gas,Downstream,Gas,Other,1.43,-2.31
Africa,South Sudan,Onshore conventional oil,Upstream,Oil,Replace with electric motor,10.59,-2.31
Africa,Morocco,Downstream gas,Downstream,Gas,Replace with electric motor,0.17,-2.31
Africa,Egypt,Downstream gas,Downstream,Gas,Other,12.99,-2.31
Middle East,Bahrain,Downstream gas,Downstream,Gas,Replace with electric motor,3.51,-2.31
Central and South America,Bolivia,Onshore conventional gas,Upstream,Gas,Replace with electric motor,5.73,-2.3
Africa,Algeria,Downstream gas,Downstream,Gas,Other,9.97,-2.3
Africa,Libya,Downstream gas,Downstream,Gas,Other,1.44,-2.3
Africa,Morocco,Downstream gas,Downstream,Gas,Other,0.14,-2.3
Central and South America,Peru,Offshore oil,Upstream,Oil,Replace with electric motor,0.03,-2.3
Central and South America,Argentina,Downstream gas,Downstream,Gas,Replace with electric motor,12.86,-2.29
Asia Pacific,China,Onshore conventional oil,Upstream,Oil,Replace with electric motor,190.81,-2.28
Asia Pacific,Malaysia,Offshore oil,Upstream,Oil,Other,2.7,-2.28
Asia Pacific,Other countries in Southeast Asia,Onshore conventional oil,Upstream,Oil,Associated gas utilisation,0.14,-2.28
Asia Pacific,Viet Nam,Offshore oil,Upstream,Oil,Replace with electric motor,1.19,-2.28
Middle East,Yemen,Downstream oil,Downstream,Oil,Vapour recovery units,1.57,-2.27
Other,Other,Offshore oil,Upstream,Oil,Vapour recovery units,0.05,-2.27
Russia & Caspian,Russia,Onshore conventional gas,Upstream,Gas,Replace with instrument air systems,1.1,-2.27
Russia & Caspian,Russia,Offshore gas,Upstream,Gas,Replace with instrument air systems,4.08,-2.27
Russia & Caspian,Russia,Unconventional gas,Upstream,Gas,Replace with instrument air systems,0.1,-2.27
Africa,Tunisia,Downstream oil,Downstream,Oil,Vapour recovery units,0.33,-2.27
Russia & Caspian,Kazakhstan,Offshore oil,Upstream,Oil,Other,1.05,-2.27
Europe,Italy,Onshore conventional oil,Upstream,Oil,Associated gas utilisation,0.34,-2.27
Europe,Germany,Downstream gas,Downstream,Gas,Quarterly LDAR,11.61,-2.27
Europe,Germany,Offshore oil,Upstream,Oil,Other,0.03,-2.27
Europe,Germany,Downstream oil,Downstream,Oil,Quarterly LDAR,0.44,-2.27
Africa,Libya,Offshore oil,Upstream,Oil,Replace with electric motor,0.23,-2.26
Africa,Cameroon,Onshore conventional oil,Upstream,Oil,Replace with electric motor,0.01,-2.26
Russia & Caspian,Russia,Offshore oil,Upstream,Oil,Replace compressor seal or rod,0.02,-2.26
Europe,Other countries in Europe,Onshore conventional gas,Upstream,Gas,Vapour recovery units,0.01,-2.26
Asia Pacific,Pakistan,Downstream gas,Downstream,Gas,Replace with electric motor,17.74,-2.25
Europe,Italy,Onshore conventional oil,Upstream,Oil,Other,0.55,-2.25
Asia Pacific,Indonesia,Offshore oil,Upstream,Oil,Replace with electric motor,0.84,-2.25
Other,Other,Onshore conventional oil,Upstream,Oil,Other,0.22,-2.24
Russia & Caspian,Russia,Offshore oil,Upstream,Oil,Replace with instrument air systems,9.15,-2.23
Europe,Sweden,Downstream gas,Downstream,Gas,Quarterly LDAR,0.3,-2.23
Europe,Sweden,Downstream oil,Downstream,Oil,Quarterly LDAR,0.07,-2.23
North America,United States,Satellite - downstream,Downstream,Oil,Daily LDAR,433.92,-2.22
Asia Pacific,Australia,Downstream gas,Downstream,Gas,Replace with electric motor,4.96,-2.21
Europe,Germany,Offshore gas,Upstream,Gas,Associated gas utilisation,0.01,-2.2
Other,Other,Onshore conventional gas,Upstream,Gas,Install plunger,0.39,-2.2
Africa,Nigeria,Downstream gas,Downstream,Gas,Replace with electric motor,6.13,-2.2
Middle East,Saudi Arabia,Onshore conventional oil,Upstream,Oil,Other,65.63,-2.19
Europe,Germany,Offshore oil,Upstream,Oil,Associated gas utilisation,0.82,-2.19
Europe,Germany,Offshore oil,Upstream,Oil,Continuous LDAR,0.2,-2.18
Middle East,Oman,Onshore conventional oil,Upstream,Oil,Other,24.3,-2.18
Europe,Estonia,Onshore conventional oil,Upstream,Oil,Other,0.2,-2.17
Central and South America,Bolivia,Downstream gas,Downstream,Gas,Replace with electric motor,2.4,-2.17
Africa,Angola,Offshore gas,Upstream,Gas,Replace with electric motor,0.01,-2.16
North America,Canada,Onshore conventional gas,Upstream,Gas,Replace pumps,5.44,-2.16
North America,Canada,Unconventional gas,Upstream,Gas,Replace pumps,16.09,-2.16
Africa,Gabon,Offshore oil,Upstream,Oil,Replace with electric motor,1.47,-2.16
North America,Mexico,Onshore conventional oil,Upstream,Oil,Biannual LDAR,2.58,-2.16
North America,Mexico,Onshore conventional oil,Upstream,Oil,Continuous LDAR,15.49,-2.16
North America,Mexico,Onshore conventional gas,Upstream,Gas,Biannual LDAR,1.19,-2.16
North America,Mexico,Onshore conventional gas,Upstream,Gas,Continuous LDAR,7.16,-2.16
North America,Mexico,Unconventional gas,Upstream,Gas,Biannual LDAR,0.03,-2.16
North America,Mexico,Unconventional gas,Upstream,Gas,Continuous LDAR,0.17,-2.16
Africa,Mozambique,Onshore conventional oil,Upstream,Oil,Associated gas utilisation,0.88,-2.16
Europe,Romania,Onshore conventional gas,Upstream,Gas,Install plunger,0.6,-2.14
Europe,France,Downstream gas,Downstream,Gas,Quarterly LDAR,9.04,-2.14
Europe,France,Downstream oil,Downstream,Oil,Quarterly LDAR,0.6,-2.14
Middle East,Jordan,Onshore conventional oil,Upstream,Oil,Other,0.26,-2.14
Central and South America,Brazil,Downstream gas,Downstream,Gas,Vapour recovery units,0.19,-2.14
Russia & Caspian,Azerbaijan,Offshore oil,Upstream,Oil,Other,1.69,-2.14
Central and South America,Guyana,Offshore oil,Upstream,Oil,Replace with electric motor,1.61,-2.13
Europe,United Kingdom,Offshore oil,Upstream,Oil,Replace with electric motor,1.1,-2.13
Other,Other,Downstream gas,Downstream,Gas,Other,0.97,-2.13
Central and South America,Peru,Downstream oil,Downstream,Oil,Vapour recovery units,0.61,-2.13
Europe,Norway,Offshore gas,Upstream,Gas,Biannual LDAR,0.17,-2.12
Europe,Norway,Offshore oil,Upstream,Oil,Biannual LDAR,0.12,-2.12
Middle East,Qatar,Onshore conventional oil,Upstream,Oil,Other,6.52,-2.12
Africa,Angola,Onshore conventional gas,Upstream,Gas,Replace with electric motor,0.88,-2.11
Central and South America,Cuba,Downstream gas,Downstream,Gas,Other,0.23,-2.11
Central and South America,Ecuador,Downstream gas,Downstream,Gas,Other,0.1,-2.1
Central and South America,Peru,Downstream gas,Downstream,Gas,Other,1.87,-2.1
Central and South America,Trinidad and Tobago,Downstream gas,Downstream,Gas,Other,2.82,-2.09
Central and South America,Argentina,Downstream gas,Downstream,Gas,Other,10.44,-2.09
Central and South America,Bolivia,Downstream gas,Downstream,Gas,Other,1.97,-2.09
Central and South America,Uruguay,Downstream gas,Downstream,Gas,Other,0.04,-2.09
Central and South America,Venezuela,Downstream gas,Downstream,Gas,Other,8.18,-2.09
Europe,Italy,Offshore gas,Upstream,Gas,Quarterly LDAR,0.12,-2.08
Europe,Italy,Offshore oil,Upstream,Oil,Quarterly LDAR,0.05,-2.08
Asia Pacific,Thailand,Downstream gas,Downstream,Gas,Vapour recovery units,0.38,-2.08
Central and South America,Trinidad and Tobago,Downstream oil,Downstream,Oil,Vapour recovery units,0.11,-2.08
Other,Other,Downstream oil,Downstream,Oil,Vapour recovery units,1.2,-2.08
Other,Other,Downstream oil,Downstream,Oil,Vapour recovery units,0.52,-2.07
Other,Other,Downstream oil,Downstream,Oil,Vapour recovery units,0.2,-2.07
Africa,Togo,Downstream oil,Downstream,Oil,Vapour recovery units,0.03,-2.07
Africa,Libya,Downstream oil,Downstream,Oil,Vapour recovery units,0.54,-2.07
Africa,Algeria,Downstream oil,Downstream,Oil,Vapour recovery units,1.31,-2.07
Africa,Cote d'Ivoire,Downstream oil,Downstream,Oil,Vapour recovery units,0.14,-2.07
Africa,Congo,Downstream oil,Downstream,Oil,Vapour recovery units,0.32,-2.07
Africa,Cameroon,Downstream oil,Downstream,Oil,Vapour recovery units,0.22,-2.07
Africa,Cameroon,Onshore conventional gas,Upstream,Gas,Replace pumps,0.01,-2.05
Africa,Congo,Onshore conventional gas,Upstream,Gas,Replace pumps,0.05,-2.05
Asia Pacific,China,Offshore oil,Upstream,Oil,Replace with electric motor,5.39,-2.05
Africa,Angola,Onshore conventional gas,Upstream,Gas,Replace pumps,0.13,-2.05
Asia Pacific,Japan,Onshore conventional oil,Upstream,Oil,Other,0.09,-2.05
Africa,Gabon,Onshore conventional gas,Upstream,Gas,Replace pumps,0.06,-2.05
Africa,Tanzania,Onshore conventional gas,Upstream,Gas,Replace pumps,0.13,-2.05
Africa,Senegal,Onshore conventional gas,Upstream,Gas,Replace pumps,0.22,-2.05
Africa,Nigeria,Onshore conventional gas,Upstream,Gas,Replace pumps,4.76,-2.05
Asia Pacific,New Zealand,Offshore gas,Upstream,Gas,Quarterly LDAR,0.33,-2.05
Asia Pacific,New Zealand,Offshore oil,Upstream,Oil,Quarterly LDAR,0.13,-2.05
Africa,Mozambique,Onshore conventional gas,Upstream,Gas,Replace pumps,1.19,-2.05
North America,Mexico,Onshore conventional gas,Upstream,Gas,Replace with instrument air systems,0.04,-2.05
North America,Mexico,Offshore gas,Upstream,Gas,Replace with instrument air systems,1.82,-2.05
North America,Mexico,Offshore oil,Upstream,Oil,Replace with instrument air systems,24.44,-2.04
Africa,Tunisia,Onshore conventional gas,Upstream,Gas,Install plunger,0.03,-2.04
Africa,Egypt,Onshore conventional gas,Upstream,Gas,Install plunger,0.21,-2.04
Africa,Egypt,Unconventional gas,Upstream,Gas,Install plunger,0.03,-2.04
Africa,Libya,Onshore conventional gas,Upstream,Gas,Install plunger,0.11,-2.04
Africa,Algeria,Onshore conventional gas,Upstream,Gas,Install plunger,2.17,-2.04
Africa,Algeria,Unconventional gas,Upstream,Gas,Install plunger,0.04,-2.04
Asia Pacific,Korea,Downstream gas,Downstream,Gas,Vapour recovery units,11.02,-2.03
Africa,Nigeria,Offshore oil,Upstream,Oil,Replace with electric motor,10.08,-2.03
Asia Pacific,India,Onshore conventional oil,Upstream,Oil,Other,17.65,-2.02
Central and South America,Uruguay,Downstream oil,Downstream,Oil,Vapour recovery units,0.06,-2.02
Central and South America,Venezuela,Downstream oil,Downstream,Oil,Vapour recovery units,2.73,-2.02
Asia Pacific,Brunei,Downstream gas,Downstream,Gas,Vapour recovery units,0.01,-2.01
Europe,Other EU17 countries,Onshore conventional oil,Upstream,Oil,Associated gas utilisation,0.32,-2
Asia Pacific,Other countries in Southeast Asia,Downstream gas,Downstream,Gas,Vapour recovery units,0.09,-1.99
Other,Other,Downstream oil,Downstream,Oil,Vapour recovery units,0.58,-1.99
Middle East,Saudi Arabia,Offshore oil,Upstream,Oil,Other,5.65,-1.99
Middle East,Syria,Downstream oil,Downstream,Oil,Vapour recovery units,1.66,-1.99
Central and South America,Colombia,Downstream oil,Downstream,Oil,Vapour recovery units,2.22,-1.99
Asia Pacific,Bangladesh,Onshore conventional oil,Upstream,Oil,Other,0.09,-1.99
Middle East,Iraq,Downstream oil,Downstream,Oil,Vapour recovery units,1.14,-1.99
Middle East,Iran,Downstream oil,Downstream,Oil,Vapour recovery units,3.04,-1.99
Other,Other,Downstream gas,Downstream,Gas,Vapour recovery units,0.05,-1.98
Europe,Other EU17 countries,Onshore conventional oil,Upstream,Oil,Other,0.52,-1.98
Europe,Other EU7 countries,Onshore conventional oil,Upstream,Oil,Associated gas utilisation,0.12,-1.98
Europe,Other EU17 countries,Offshore oil,Upstream,Oil,Quarterly LDAR,0.03,-1.97
Europe,Other EU17 countries,Offshore gas,Upstream,Gas,Quarterly LDAR,0.21,-1.97
Russia & Caspian,Turkmenistan,Offshore oil,Upstream,Oil,Associated gas utilisation,91.11,-1.97
Russia & Caspian,Kazakhstan,Downstream gas,Downstream,Gas,Other,3.44,-1.97
Central and South America,Argentina,Downstream oil,Downstream,Oil,Vapour recovery units,1.72,-1.97
North America,United States,Unconventional oil,Upstream,Oil,Blowdown capture,1.89,-1.97
North America,United States,Onshore conventional oil,Upstream,Oil,Blowdown capture,0.72,-1.97
Russia & Caspian,Uzbekistan,Onshore conventional oil,Upstream,Oil,Replace with electric motor,25.31,-1.97
Central and South America,Brazil,Offshore oil,Upstream,Oil,Other,11.4,-1.96
Middle East,Kuwait,Offshore oil,Upstream,Oil,Vapour recovery units,6.57,-1.96
Other,Other,Onshore conventional gas,Upstream,Gas,Replace pumps,1.6,-1.96
Other,Other,Downstream oil,Downstream,Oil,Vapour recovery units,1.79,-1.96
Asia Pacific,New Zealand,Onshore conventional gas,Upstream,Gas,Install plunger,0.02,-1.96
North America,Mexico,Onshore conventional oil,Upstream,Oil,Blowdown capture,0.28,-1.96
Asia Pacific,Malaysia,Onshore conventional oil,Upstream,Oil,Associated gas utilisation,0.46,-1.96
Middle East,Oman,Offshore oil,Upstream,Oil,Other,0.01,-1.95
Russia & Caspian,Kazakhstan,Onshore conventional oil,Upstream,Oil,Associated gas utilisation,16.83,-1.95
Central and South America,Brazil,Onshore conventional oil,Upstream,Oil,Associated gas utilisation,3.09,-1.95
Europe,Israel,Downstream gas,Downstream,Gas,Vapour recovery units,0.03,-1.94
Asia Pacific,New Zealand,Offshore oil,Upstream,Oil,Associated gas utilisation,0.6,-1.94
Europe,Netherlands,Downstream gas,Downstream,Gas,Quarterly LDAR,1.47,-1.94
Europe,Netherlands,Downstream oil,Downstream,Oil,Quarterly LDAR,0.06,-1.94
Africa,Cameroon,Offshore oil,Upstream,Oil,Replace with electric motor,1,-1.93
Africa,Congo,Offshore oil,Upstream,Oil,Associated gas utilisation,70.52,-1.93
Middle East,Kuwait,Onshore conventional oil,Upstream,Oil,Replace with electric motor,121.63,-1.92
North America,Canada,Onshore conventional oil,Upstream,Oil,Blowdown capture,1.32,-1.91
North America,Canada,Unconventional oil,Upstream,Oil,Blowdown capture,0.17,-1.91
Asia Pacific,Australia,Onshore conventional oil,Upstream,Oil,Replace with electric motor,1.08,-1.91
North America,Mexico,Offshore oil,Upstream,Oil,Annual LDAR,1.8,-1.91
North America,Mexico,Offshore gas,Upstream,Gas,Annual LDAR,0.21,-1.91
Europe,United Kingdom,Downstream gas,Downstream,Gas,Vapour recovery units,0.14,-1.91
Other,Other,Downstream oil,Downstream,Oil,Vapour recovery units,0.08,-1.9
Africa,Angola,Downstream gas,Downstream,Gas,Replace with electric motor,0.14,-1.9
Central and South America,Guyana,Downstream oil,Downstream,Oil,Vapour recovery units,0.04,-1.9
Asia Pacific,New Zealand,Downstream oil,Downstream,Oil,Vapour recovery units,0.16,-1.89
Africa,Morocco,Downstream oil,Downstream,Oil,Vapour recovery units,0.25,-1.88
Europe,United Kingdom,Unconventional gas,Upstream,Gas,Replace compressor seal or rod,0.01,-1.88
Middle East,Qatar,Offshore oil,Upstream,Oil,Other,3.83,-1.87
Europe,Netherlands,Offshore oil,Upstream,Oil,Associated gas utilisation,0.08,-1.87
Europe,Netherlands,Offshore gas,Upstream,Gas,Associated gas utilisation,0.97,-1.87
Africa,Niger,Onshore conventional oil,Upstream,Oil,Associated gas utilisation,0.98,-1.87
Europe,France,Downstream gas,Downstream,Gas,Vapour recovery units,0.12,-1.84
Middle East,Iran,Onshore conventional oil,Upstream,Oil,Other,126.09,-1.84
Asia Pacific,Brunei,Onshore conventional oil,Upstream,Oil,Associated gas utilisation,0.1,-1.84
Middle East,Yemen,Onshore conventional oil,Upstream,Oil,Other,8.22,-1.83
Asia Pacific,Brunei,Offshore oil,Upstream,Oil,Other,0.21,-1.82
Russia & Caspian,Azerbaijan,Onshore conventional oil,Upstream,Oil,Associated gas utilisation,0.38,-1.82
Europe,Slovenia,Downstream gas,Downstream,Gas,Continuous LDAR,0.12,-1.82
Europe,Slovenia,Downstream oil,Downstream,Oil,Continuous LDAR,0.01,-1.82
Other,Other,Onshore conventional oil,Upstream,Oil,Replace with electric motor,1.66,-1.81
Africa,Equatorial Guinea,Offshore oil,Upstream,Oil,Replace compressor seal or rod,0.01,-1.81
Central and South America,Bolivia,Downstream oil,Downstream,Oil,Vapour recovery units,0.74,-1.8
Central and South America,Bolivia,Onshore conventional oil,Upstream,Oil,Replace pumps,2.23,-1.8
Central and South America,Cuba,Onshore conventional oil,Upstream,Oil,Replace pumps,0.39,-1.8
Asia Pacific,Thailand,Onshore conventional oil,Upstream,Oil,Other,1.38,-1.8
Other,Other,Onshore conventional oil,Upstream,Oil,Other,0.18,-1.79
Europe,Other countries in Europe,Downstream gas,Downstream,Gas,Other,9.36,-1.79
North America,Mexico,Onshore conventional gas,Upstream,Gas,Quarterly LDAR,6.71,-1.79
North America,Mexico,Unconventional gas,Upstream,Gas,Quarterly LDAR,0.16,-1.79
North America,Mexico,Onshore conventional oil,Upstream,Oil,Quarterly LDAR,14.52,-1.79
Africa,Tunisia,Onshore conventional oil,Upstream,Oil,Other,0.73,-1.78
Central and South America,Ecuador,Onshore conventional oil,Upstream,Oil,Replace with electric motor,48.39,-1.78
Central and South America,Venezuela,Onshore conventional oil,Upstream,Oil,Other,143.93,-1.78
Central and South America,Ecuador,Offshore oil,Upstream,Oil,Replace with electric motor,0.04,-1.77
Asia Pacific,Japan,Onshore conventional oil,Upstream,Oil,Associated gas utilisation,0.06,-1.77
Africa,Chad,Onshore conventional oil,Upstream,Oil,Other,3.89,-1.76
Central and South America,Venezuela,Onshore conventional oil,Upstream,Oil,Replace pumps,221.38,-1.76
Middle East,Bahrain,Downstream oil,Downstream,Oil,Vapour recovery units,0.07,-1.75
Africa,Congo,Onshore conventional oil,Upstream,Oil,Replace with electric motor,12.35,-1.74
Europe,Denmark,Offshore oil,Upstream,Oil,Other,0.07,-1.74
Central and South America,Trinidad and Tobago,Onshore conventional oil,Upstream,Oil,Other,0.81,-1.74
Russia & Caspian,Russia,Onshore conventional gas,Upstream,Gas,Blowdown capture,356.81,-1.74
Russia & Caspian,Russia,Unconventional gas,Upstream,Gas,Blowdown capture,38.29,-1.74
Middle East,Saudi Arabia,Onshore conventional oil,Upstream,Oil,Associated gas utilisation,40.85,-1.73
North America,Mexico,Offshore oil,Upstream,Oil,Continuous LDAR,32.41,-1.73
North America,Mexico,Offshore gas,Upstream,Gas,Continuous LDAR,3.82,-1.73
Europe,Netherlands,Downstream gas,Downstream,Gas,Vapour recovery units,0.02,-1.72
Middle East,Oman,Onshore conventional oil,Upstream,Oil,Associated gas utilisation,15.13,-1.72
Europe,Other countries in Europe,Offshore gas,Upstream,Gas,Associated gas utilisation,1.58,-1.72
Russia & Caspian,Russia,Offshore oil,Upstream,Oil,Annual LDAR,0.67,-1.72
Russia & Caspian,Russia,Offshore gas,Upstream,Gas,Annual LDAR,0.47,-1.72
Middle East,Syria,Onshore conventional oil,Upstream,Oil,Other,19.25,-1.72
Europe,Germany,Onshore conventional gas,Upstream,Gas,Install plunger,0.06,-1.72
Europe,Germany,Unconventional gas,Upstream,Gas,Install plunger,0.01,-1.72
Africa,Ghana,Onshore conventional oil,Upstream,Oil,Other,0.92,-1.7
Africa,Egypt,Onshore conventional oil,Upstream,Oil,Other,11.15,-1.7
Middle East,Jordan,Onshore conventional oil,Upstream,Oil,Associated gas utilisation,0.16,-1.7
Europe,Norway,Downstream oil,Downstream,Oil,Vapour recovery units,0.01,-1.69
Middle East,Qatar,Onshore conventional oil,Upstream,Oil,Associated gas utilisation,4.06,-1.68
Middle East,Bahrain,Onshore conventional oil,Upstream,Oil,Other,5.43,-1.68
Central and South America,Argentina,Onshore conventional oil,Upstream,Oil,Replace pumps,15.68,-1.68
Central and South America,Argentina,Unconventional oil,Upstream,Oil,Replace pumps,48.67,-1.68
Central and South America,Argentina,Onshore conventional oil,Upstream,Oil,Other,10.19,-1.67
Central and South America,Trinidad and Tobago,Onshore conventional oil,Upstream,Oil,Replace pumps,1.24,-1.67
Europe,Other countries in Europe,Onshore conventional oil,Upstream,Oil,Vapour recovery units,9.61,-1.67
Europe,Other countries in Europe,Downstream oil,Downstream,Oil,Quarterly LDAR,0.6,-1.66
Europe,Other countries in Europe,Downstream gas,Downstream,Gas,Quarterly LDAR,12.56,-1.66
Middle East,United Arab Emirates,Onshore conventional oil,Upstream,Oil,Other,25.02,-1.66
Asia Pacific,Australia,Downstream oil,Downstream,Oil,Vapour recovery units,0.68,-1.66
Central and South America,Bolivia,Onshore conventional oil,Upstream,Oil,Other,1.45,-1.66
Asia Pacific,Bangladesh,Onshore conventional oil,Upstream,Oil,Associated gas utilisation,0.06,-1.64
Europe,Ukraine,Downstream oil,Downstream,Oil,Associated gas utilisation,0.2,-1.64
Europe,Netherlands,Offshore oil,Upstream,Oil,Continuous LDAR,0.02,-1.64
Europe,Netherlands,Offshore gas,Upstream,Gas,Continuous LDAR,0.37,-1.64
Europe,Romania,Offshore oil,Upstream,Oil,Associated gas utilisation,1.54,-1.63
Africa,South Sudan,Downstream oil,Downstream,Oil,Vapour recovery units,0.04,-1.62
Africa,South Africa,Downstream oil,Downstream,Oil,Associated gas utilisation,0.06,-1.62
Africa,Sudan,Downstream oil,Downstream,Oil,Vapour recovery units,0.63,-1.62
Central and South America,Trinidad and Tobago,Onshore conventional gas,Upstream,Gas,Install plunger,0.03,-1.62
Europe,Other countries in Europe,Downstream gas,Downstream,Gas,Vapour recovery units,0.17,-1.62
Central and South America,Peru,Onshore conventional gas,Upstream,Gas,Install plunger,0.47,-1.62
Central and South America,Bolivia,Onshore conventional gas,Upstream,Gas,Install plunger,0.2,-1.62
Central and South America,Argentina,Unconventional gas,Upstream,Gas,Install plunger,1.52,-1.62
Central and South America,Argentina,Onshore conventional gas,Upstream,Gas,Install plunger,0.26,-1.62
Central and South America,Cuba,Onshore conventional gas,Upstream,Gas,Install plunger,0.03,-1.62
Asia Pacific,Japan,Downstream gas,Downstream,Gas,Replace compressor seal or rod,9.63,-1.62
Central and South America,Venezuela,Onshore conventional gas,Upstream,Gas,Install plunger,1.04,-1.62
Africa,Algeria,Onshore conventional oil,Upstream,Oil,Other,59.62,-1.61
Europe,Israel,Onshore conventional oil,Upstream,Oil,Associated gas utilisation,0.08,-1.6
Europe,Estonia,Onshore conventional oil,Upstream,Oil,Associated gas utilisation,0.12,-1.59
Other,Other,Downstream gas,Downstream,Gas,Other,2.79,-1.59
North America,United States,Unconventional gas,Upstream,Gas,Annual LDAR,39.27,-1.59
North America,United States,Onshore conventional gas,Upstream,Gas,Annual LDAR,1.64,-1.59
Europe,Romania,Offshore oil,Upstream,Oil,Quarterly LDAR,0.35,-1.59
Europe,Romania,Offshore gas,Upstream,Gas,Quarterly LDAR,1.39,-1.59
North America,United States,Onshore conventional oil,Upstream,Oil,Annual LDAR,5.98,-1.59
North America,United States,Unconventional oil,Upstream,Oil,Annual LDAR,15.89,-1.59
Central and South America,Peru,Onshore conventional oil,Upstream,Oil,Other,2.62,-1.58
Africa,Senegal,Offshore oil,Upstream,Oil,Other,0.39,-1.58
Asia Pacific,India,Downstream gas,Downstream,Gas,Vapour recovery units,0.98,-1.58
Europe,Germany,Onshore conventional oil,Upstream,Oil,Associated gas utilisation,0.11,-1.58
Europe,Denmark,Downstream oil,Downstream,Oil,Quarterly LDAR,0.05,-1.57
Europe,Israel,Onshore conventional oil,Upstream,Oil,Other,0.13,-1.57
Europe,Italy,Onshore conventional oil,Upstream,Oil,Vapour recovery units,1.98,-1.57
Asia Pacific,Bangladesh,Downstream oil,Downstream,Oil,Vapour recovery units,0.44,-1.57
Europe,Denmark,Downstream gas,Downstream,Gas,Quarterly LDAR,0.72,-1.57
Other,Other,Onshore conventional oil,Upstream,Oil,Associated gas utilisation,0.13,-1.57
Africa,Libya,Onshore conventional oil,Upstream,Oil,Other,38.71,-1.56
Africa,Nigeria,Downstream oil,Downstream,Oil,Vapour recovery units,1.97,-1.55
Asia Pacific,India,Onshore conventional oil,Upstream,Oil,Associated gas utilisation,10.99,-1.55
Asia Pacific,India,Offshore oil,Upstream,Oil,Other,4.81,-1.55
Africa,Sudan,Onshore conventional oil,Upstream,Oil,Other,1.34,-1.53
Other,Other,Onshore conventional gas,Upstream,Gas,Vapour recovery units,0.05,-1.52
Europe,Netherlands,Onshore conventional gas,Upstream,Gas,Install plunger,0.01,-1.51
Europe,Denmark,Offshore gas,Upstream,Gas,Associated gas utilisation,0.76,-1.51
Asia Pacific,China,Onshore conventional oil,Upstream,Oil,Replace pumps,107.86,-1.51
Central and South America,Colombia,Onshore conventional oil,Upstream,Oil,Other,24.9,-1.5
Europe,Denmark,Downstream gas,Downstream,Gas,Replace compressor seal or rod,0.4,-1.5
Africa,Cote d'Ivoire,Offshore oil,Upstream,Oil,Other,0.11,-1.5
Europe,Germany,Downstream gas,Downstream,Gas,Replace compressor seal or rod,6.52,-1.5
Europe,Estonia,Downstream gas,Downstream,Gas,Replace compressor seal or rod,0.07,-1.5
Europe,France,Downstream gas,Downstream,Gas,Replace compressor seal or rod,5.04,-1.5
Europe,Italy,Downstream gas,Downstream,Gas,Replace compressor seal or rod,6.83,-1.5
Europe,Netherlands,Downstream gas,Downstream,Gas,Replace compressor seal or rod,0.82,-1.5
Middle East,Oman,Downstream gas,Downstream,Gas,Vapour recovery units,0.11,-1.5
Europe,Other countries in Europe,Downstream gas,Downstream,Gas,Replace compressor seal or rod,7.03,-1.5
Europe,Other countries in Europe,Downstream gas,Downstream,Gas,Replace compressor seal or rod,9.15,-1.5
Europe,Other EU17 countries,Downstream gas,Downstream,Gas,Replace compressor seal or rod,9.8,-1.5
Europe,Other EU7 countries,Downstream gas,Downstream,Gas,Replace compressor seal or rod,1.05,-1.5
Europe,Sweden,Downstream gas,Downstream,Gas,Replace compressor seal or rod,0.17,-1.5
Europe,Slovenia,Downstream gas,Downstream,Gas,Replace compressor seal or rod,0.15,-1.5
Europe,Poland,Downstream gas,Downstream,Gas,Replace compressor seal or rod,2.86,-1.5
Europe,Romania,Downstream gas,Downstream,Gas,Replace compressor seal or rod,4.13,-1.5
Asia Pacific,Pakistan,Onshore conventional oil,Upstream,Oil,Other,3.98,-1.48
Asia Pacific,Japan,Downstream oil,Downstream,Oil,Associated gas utilisation,0.18,-1.47
Central and South America,Peru,Onshore conventional oil,Upstream,Oil,Replace pumps,4.03,-1.46
Europe,United Kingdom,Offshore oil,Upstream,Oil,Quarterly LDAR,4.85,-1.46
Europe,United Kingdom,Offshore gas,Upstream,Gas,Quarterly LDAR,3.24,-1.46
Europe,United Kingdom,Offshore oil,Upstream,Oil,Associated gas utilisation,21.45,-1.45
Asia Pacific,Pakistan,Downstream oil,Downstream,Oil,Vapour recovery units,1.75,-1.45
Other,Other,Onshore conventional oil,Upstream,Oil,Replace with electric motor,3.15,-1.45
Middle East,Iran,Onshore conventional oil,Upstream,Oil,Associated gas utilisation,78.48,-1.45
Africa,Gabon,Onshore conventional oil,Upstream,Oil,Other,5.61,-1.45
Europe,Denmark,Offshore oil,Upstream,Oil,Associated gas utilisation,1.82,-1.44
Europe,Norway,Offshore gas,Upstream,Gas,Vapour recovery units,2.46,-1.43
Europe,Norway,Downstream gas,Downstream,Gas,Replace compressor seal or rod,0.03,-1.43
Europe,Other countries in Europe,Downstream oil,Downstream,Oil,Associated gas utilisation,0.17,-1.42
Middle East,Iraq,Onshore conventional oil,Upstream,Oil,Associated gas utilisation,325.71,-1.42
Central and South America,Cuba,Onshore conventional oil,Upstream,Oil,Associated gas utilisation,0.16,-1.42
Central and South America,Venezuela,Offshore oil,Upstream,Oil,Other,1.39,-1.42
Asia Pacific,Australia,Downstream oil,Downstream,Oil,Quarterly LDAR,0.26,-1.41
Asia Pacific,Australia,Downstream gas,Downstream,Gas,Quarterly LDAR,7.07,-1.41
Middle East,United Arab Emirates,Downstream gas,Downstream,Gas,Vapour recovery units,0.14,-1.41
Central and South America,Trinidad and Tobago,Offshore oil,Upstream,Oil,Other,0.19,-1.4
Middle East,Qatar,Downstream gas,Downstream,Gas,Vapour recovery units,0.13,-1.4
Central and South America,Colombia,Onshore conventional oil,Upstream,Oil,Associated gas utilisation,4.13,-1.4
Middle East,Iran,Offshore oil,Upstream,Oil,Other,10.19,-1.4
Asia Pacific,Korea,Downstream oil,Downstream,Oil,Associated gas utilisation,0.17,-1.4
Europe,Other countries in Europe,Onshore conventional oil,Upstream,Oil,Vapour recovery units,0.22,-1.39
Europe,Other countries in Europe,Offshore gas,Upstream,Gas,Continuous LDAR,0.6,-1.38
Africa,Nigeria,Onshore conventional oil,Upstream,Oil,Other,41.79,-1.38
Russia & Caspian,Turkmenistan,Onshore conventional oil,Upstream,Oil,Replace with electric motor,73.07,-1.38
Africa,Congo,Offshore oil,Upstream,Oil,Replace with electric motor,3.61,-1.38
Africa,Tunisia,Offshore oil,Upstream,Oil,Other,0.05,-1.37
Middle East,Yemen,Onshore conventional oil,Upstream,Oil,Associated gas utilisation,5.11,-1.37
North America,Mexico,Downstream gas,Downstream,Gas,Biannual LDAR,7.59,-1.36
North America,Mexico,Downstream oil,Downstream,Oil,Biannual LDAR,0.37,-1.36
Middle East,United Arab Emirates,Offshore oil,Upstream,Oil,Other,5.1,-1.33
Middle East,Bahrain,Onshore conventional oil,Upstream,Oil,Associated gas utilisation,3.38,-1.33
Asia Pacific,Australia,Offshore oil,Upstream,Oil,Replace with electric motor,0.34,-1.32
Other,Other,Offshore oil,Upstream,Oil,Associated gas utilisation,0.07,-1.32
North America,Mexico,Downstream oil,Downstream,Oil,Annual LDAR,0.12,-1.31
North America,Mexico,Downstream gas,Downstream,Gas,Annual LDAR,2.53,-1.31
Middle East,Syria,Onshore conventional oil,Upstream,Oil,Associated gas utilisation,11.98,-1.31
Africa,Tanzania,Offshore gas,Upstream,Gas,Vapour recovery units,0.62,-1.3
Africa,South Sudan,Onshore conventional oil,Upstream,Oil,Other,3.89,-1.3
Africa,Egypt,Offshore oil,Upstream,Oil,Other,1.14,-1.3
Europe,Germany,Onshore conventional oil,Upstream,Oil,Other,0.18,-1.3
Africa,Egypt,Downstream gas,Downstream,Gas,Vapour recovery units,0.3,-1.29
Europe,Ukraine,Downstream gas,Downstream,Gas,Replace compressor seal or rod,17.37,-1.28
Other,Other,Onshore conventional oil,Upstream,Oil,Associated gas utilisation,0.11,-1.28
Russia & Caspian,Uzbekistan,Onshore conventional oil,Upstream,Oil,Replace pumps,14.31,-1.28
Africa,Mozambique,Onshore conventional oil,Upstream,Oil,Vapour recovery units,5.15,-1.27
Central and South America,Argentina,Offshore oil,Upstream,Oil,Other,0.16,-1.27
North America,Canada,Downstream gas,Downstream,Gas,Replace with instrument air systems,0.09,-1.26
Europe,Germany,Unconventional gas,Upstream,Gas,Other,0.04,-1.25
Europe,Israel,Offshore gas,Upstream,Gas,Quarterly LDAR,2.81,-1.24
Central and South America,Peru,Offshore oil,Upstream,Oil,Other,0.02,-1.24
Europe,Other EU7 countries,Downstream gas,Downstream,Gas,Other,1.08,-1.22
Europe,Other EU17 countries,Onshore conventional oil,Upstream,Oil,Vapour recovery units,1.88,-1.22
Asia Pacific,Pakistan,Onshore conventional oil,Upstream,Oil,Associated gas utilisation,2.48,-1.21
Russia & Caspian,Turkmenistan,Offshore oil,Upstream,Oil,Replace with electric motor,4.66,-1.21
Russia & Caspian,Russia,Onshore conventional oil,Upstream,Oil,Quarterly LDAR,271.36,-1.21
Russia & Caspian,Russia,Onshore conventional gas,Upstream,Gas,Quarterly LDAR,193.69,-1.21
Russia & Caspian,Russia,Unconventional gas,Upstream,Gas,Quarterly LDAR,24.15,-1.21
Asia Pacific,Indonesia,Onshore conventional oil,Upstream,Oil,Other,16.13,-1.2
Africa,Chad,Onshore conventional oil,Upstream,Oil,Associated gas utilisation,2.42,-1.2
Africa,South Africa,Onshore conventional oil,Upstream,Oil,Replace pumps,3.82,-1.19
Africa,Tanzania,Offshore gas,Upstream,Gas,Other,0.02,-1.18
North America,Mexico,Onshore conventional gas,Upstream,Gas,Blowdown capture,12.36,-1.18
North America,Mexico,Unconventional gas,Upstream,Gas,Blowdown capture,0.25,-1.18
North America,United States,Onshore conventional gas,Upstream,Gas,Blowdown capture,38.64,-1.17
North America,United States,Offshore gas,Upstream,Gas,Replace compressor seal or rod,0.02,-1.17
North America,United States,Unconventional gas,Upstream,Gas,Blowdown capture,823.39,-1.17
Europe,Poland,Downstream oil,Downstream,Oil,Associated gas utilisation,0.05,-1.17
Asia Pacific,Australia,Offshore gas,Upstream,Gas,Continuous LDAR,13.31,-1.17
Asia Pacific,Australia,Offshore oil,Upstream,Oil,Continuous LDAR,1.62,-1.17
North America,Canada,Onshore conventional gas,Upstream,Gas,Blowdown capture,37.07,-1.16
North America,Canada,Unconventional gas,Upstream,Gas,Blowdown capture,109.7,-1.16
North America,United States,Offshore oil,Upstream,Oil,Replace compressor seal or rod,0.05,-1.15
Middle East,Kuwait,Offshore oil,Upstream,Oil,Replace with electric motor,0.49,-1.14
Asia Pacific,Indonesia,Downstream gas,Downstream,Gas,Vapour recovery units,0.32,-1.14
Africa,Ghana,Onshore conventional oil,Upstream,Oil,Associated gas utilisation,0.57,-1.14
Africa,Angola,Downstream oil,Downstream,Oil,Vapour recovery units,0.18,-1.13
Africa,Angola,Offshore oil,Upstream,Oil,Vapour recovery units,35.9,-1.13
Middle East,United Arab Emirates,Onshore conventional oil,Upstream,Oil,Associated gas utilisation,15.58,-1.13
Russia & Caspian,Russia,Unconventional gas,Upstream,Gas,Continuous LDAR,25.76,-1.12
Russia & Caspian,Russia,Onshore conventional gas,Upstream,Gas,Continuous LDAR,206.61,-1.12
Russia & Caspian,Russia,Onshore conventional oil,Upstream,Oil,Continuous LDAR,289.45,-1.12
Europe,Other EU7 countries,Onshore conventional oil,Upstream,Oil,Vapour recovery units,0.68,-1.1
Central and South America,Cuba,Onshore conventional oil,Upstream,Oil,Vapour recovery units,0.91,-1.1
Middle East,Kuwait,Onshore conventional gas,Upstream,Gas,Replace with electric motor,8.5,-1.09
Middle East,Kuwait,Offshore oil,Upstream,Oil,Associated gas utilisation,9.62,-1.07
North America,Mexico,Offshore gas,Upstream,Gas,Biannual LDAR,0.64,-1.07
North America,Mexico,Offshore oil,Upstream,Oil,Biannual LDAR,5.4,-1.07
Africa,Mozambique,Onshore conventional oil,Upstream,Oil,Vapour recovery units,6.96,-1.05
North America,United States,Unconventional gas,Upstream,Gas,Biannual LDAR,117.82,-1.05
North America,United States,Offshore gas,Upstream,Gas,Replace with instrument air systems,3.08,-1.05
North America,United States,Onshore conventional gas,Upstream,Gas,Biannual LDAR,4.93,-1.05
North America,United States,Downstream gas,Downstream,Gas,Replace with instrument air systems,33.57,-1.05
Asia Pacific,Thailand,Offshore oil,Upstream,Oil,Other,1.54,-1.05
Africa,Libya,Offshore oil,Upstream,Oil,Other,0.19,-1.05
Middle East,Iraq,Onshore conventional oil,Upstream,Oil,Vapour recovery units,422.59,-1.05
Europe,Denmark,Offshore oil,Upstream,Oil,Continuous LDAR,0.44,-1.05
Europe,Denmark,Offshore gas,Upstream,Gas,Continuous LDAR,0.29,-1.05
North America,United States,Onshore conventional oil,Upstream,Oil,Biannual LDAR,17.94,-1.05
North America,United States,Unconventional oil,Upstream,Oil,Biannual LDAR,47.67,-1.05
North America,United States,Offshore oil,Upstream,Oil,Replace with instrument air systems,18.94,-1.04
Central and South America,Peru,Downstream gas,Downstream,Gas,Vapour recovery units,0.04,-1.04
Asia Pacific,Thailand,Onshore conventional oil,Upstream,Oil,Associated gas utilisation,0.86,-1.03
Russia & Caspian,Russia,Onshore conventional gas,Upstream,Gas,Vapour recovery units,109,-1.03
Europe,Netherlands,Onshore conventional oil,Upstream,Oil,Other,0.01,-1.01
Russia & Caspian,Kazakhstan,Onshore conventional oil,Upstream,Oil,Vapour recovery units,98.3,-1.01
Africa,Tanzania,Offshore gas,Upstream,Gas,Associated gas utilisation,0.98,-1
Africa,Tunisia,Onshore conventional oil,Upstream,Oil,Associated gas utilisation,0.46,-0.99
Asia Pacific,New Zealand,Offshore oil,Upstream,Oil,Other,0.02,-0.99
Central and South America,Trinidad and Tobago,Downstream gas,Downstream,Gas,Vapour recovery units,0.07,-0.98
Africa,Libya,Downstream gas,Downstream,Gas,Vapour recovery units,0.03,-0.97
Europe,Israel,Downstream gas,Downstream,Gas,Replace compressor seal or rod,1.13,-0.97
Central and South America,Ecuador,Onshore conventional oil,Upstream,Oil,Other,17.79,-0.97
Africa,Equatorial Guinea,Downstream gas,Downstream,Gas,Vapour recovery units,0.01,-0.97
Africa,Algeria,Downstream gas,Downstream,Gas,Vapour recovery units,0.23,-0.97
Africa,Ghana,Offshore oil,Upstream,Oil,Other,0.53,-0.95
Europe,Other EU7 countries,Downstream oil,Downstream,Oil,Associated gas utilisation,0.03,-0.94
Europe,Other EU17 countries,Onshore conventional oil,Upstream,Oil,Vapour recovery units,0.51,-0.94
Europe,Other EU17 countries,Offshore oil,Upstream,Oil,Vapour recovery units,0.02,-0.94
Other,Other,Onshore conventional oil,Upstream,Oil,Other,0.61,-0.94
Central and South America,Venezuela,Onshore conventional oil,Upstream,Oil,Associated gas utilisation,89.59,-0.94
Asia Pacific,New Zealand,Downstream oil,Downstream,Oil,Continuous LDAR,0.03,-0.93
Asia Pacific,New Zealand,Downstream gas,Downstream,Gas,Continuous LDAR,0.29,-0.93
Africa,Sudan,Onshore conventional oil,Upstream,Oil,Associated gas utilisation,0.83,-0.93
Europe,Israel,Onshore conventional oil,Upstream,Oil,Vapour recovery units,0.47,-0.93
Africa,Gabon,Offshore oil,Upstream,Oil,Other,1.18,-0.91
Asia Pacific,Australia,Offshore gas,Upstream,Gas,Associated gas utilisation,34.95,-0.91
Asia Pacific,China,Onshore conventional oil,Upstream,Oil,Other,70.13,-0.91
Europe,Germany,Onshore conventional oil,Upstream,Oil,Vapour recovery units,0.67,-0.9
Africa,Nigeria,Onshore conventional oil,Upstream,Oil,Associated gas utilisation,26.01,-0.9
Africa,Mozambique,Onshore conventional oil,Upstream,Oil,Replace pumps,2.48,-0.89
Europe,United Kingdom,Downstream gas,Downstream,Gas,Replace compressor seal or rod,5.97,-0.89
Asia Pacific,New Zealand,Onshore conventional oil,Upstream,Oil,Other,0.05,-0.88
Central and South America,Trinidad and Tobago,Onshore conventional oil,Upstream,Oil,Associated gas utilisation,0.5,-0.87
Africa,Egypt,Onshore conventional oil,Upstream,Oil,Associated gas utilisation,6.94,-0.87
Central and South America,Cuba,Onshore conventional oil,Upstream,Oil,Vapour recovery units,0.01,-0.87
Central and South America,Cuba,Offshore oil,Upstream,Oil,Vapour recovery units,0.01,-0.87
Central and South America,Bolivia,Onshore conventional oil,Upstream,Oil,Associated gas utilisation,0.9,-0.86
Asia Pacific,Philippines,Offshore oil,Upstream,Oil,Vapour recovery units,0.07,-0.86
Asia Pacific,Philippines,Onshore conventional oil,Upstream,Oil,Vapour recovery units,0.91,-0.86
Africa,Tanzania,Offshore gas,Upstream,Gas,Replace with electric motor,0.05,-0.84
Central and South America,Argentina,Downstream gas,Downstream,Gas,Vapour recovery units,0.24,-0.84
Central and South America,Guyana,Offshore oil,Upstream,Oil,Other,1.29,-0.84
Africa,Algeria,Onshore conventional oil,Upstream,Oil,Associated gas utilisation,37.11,-0.83
Central and South America,Argentina,Unconventional oil,Upstream,Oil,Associated gas utilisation,19.69,-0.82
Central and South America,Argentina,Onshore conventional oil,Upstream,Oil,Associated gas utilisation,6.34,-0.82
Russia & Caspian,Azerbaijan,Onshore conventional oil,Upstream,Oil,Vapour recovery units,2.19,-0.82
Other,Other,Onshore conventional oil,Upstream,Oil,Replace pumps,0.94,-0.8
Europe,Other EU7 countries,Onshore conventional oil,Upstream,Oil,Vapour recovery units,0.05,-0.8
Africa,Tanzania,Onshore conventional gas,Upstream,Gas,Replace with electric motor,0.91,-0.79
Asia Pacific,Australia,Unconventional gas,Upstream,Gas,Replace compressor seal or rod,2.36,-0.79
Asia Pacific,Australia,Onshore conventional gas,Upstream,Gas,Replace compressor seal or rod,0.14,-0.79
Middle East,Kuwait,Downstream gas,Downstream,Gas,Replace with electric motor,4.2,-0.78
Africa,Niger,Onshore conventional oil,Upstream,Oil,Vapour recovery units,5.7,-0.78
Africa,Libya,Onshore conventional oil,Upstream,Oil,Associated gas utilisation,24.1,-0.78
Russia & Caspian,Uzbekistan,Onshore conventional oil,Upstream,Oil,Other,9.3,-0.78
Asia Pacific,Malaysia,Onshore conventional oil,Upstream,Oil,Vapour recovery units,2.69,-0.77
Russia & Caspian,Kazakhstan,Onshore conventional oil,Upstream,Oil,Vapour recovery units,18.43,-0.77
Russia & Caspian,Kazakhstan,Offshore oil,Upstream,Oil,Vapour recovery units,1.89,-0.77
Asia Pacific,Other countries in Southeast Asia,Onshore conventional oil,Upstream,Oil,Vapour recovery units,0.81,-0.75
Europe,Other countries in Europe,Onshore conventional oil,Upstream,Oil,Associated gas utilisation,0.91,-0.75
North America,Mexico,Downstream gas,Downstream,Gas,Quarterly LDAR,23.72,-0.74
North America,Mexico,Downstream oil,Downstream,Oil,Quarterly LDAR,1.15,-0.74
Europe,Romania,Offshore oil,Upstream,Oil,Other,0.06,-0.74
Asia Pacific,Australia,Onshore conventional gas,Upstream,Gas,Install plunger,0.04,-0.72
Asia Pacific,Australia,Unconventional gas,Upstream,Gas,Install plunger,0.6,-0.72
Central and South America,Ecuador,Offshore oil,Upstream,Oil,Other,0.03,-0.71
Russia & Caspian,Russia,Downstream gas,Downstream,Gas,Annual LDAR,14.69,-0.71
Russia & Caspian,Russia,Downstream oil,Downstream,Oil,Annual LDAR,0.34,-0.71
Asia Pacific,Viet Nam,Offshore oil,Upstream,Oil,Other,0.95,-0.71
Asia Pacific,New Zealand,Onshore conventional oil,Upstream,Oil,Associated gas utilisation,0.03,-0.7
Europe,Netherlands,Onshore conventional oil,Upstream,Oil,Vapour recovery units,0.02,-0.69
Middle East,Saudi Arabia,Onshore conventional oil,Upstream,Oil,Vapour recovery units,238.63,-0.68
Africa,South Sudan,Onshore conventional oil,Upstream,Oil,Associated gas utilisation,2.42,-0.67
Central and South America,Peru,Onshore conventional oil,Upstream,Oil,Associated gas utilisation,1.63,-0.67
Asia Pacific,Indonesia,Onshore conventional oil,Upstream,Oil,Associated gas utilisation,10.04,-0.67
Central and South America,Colombia,Offshore gas,Upstream,Gas,Vapour recovery units,0.39,-0.67
Russia & Caspian,Russia,Downstream gas,Downstream,Gas,Biannual LDAR,44.07,-0.66
Russia & Caspian,Russia,Downstream oil,Downstream,Oil,Biannual LDAR,1.03,-0.66
North America,Mexico,Offshore gas,Upstream,Gas,Replace compressor seal or rod,0.01,-0.66
North America,Mexico,Offshore oil,Upstream,Oil,Replace compressor seal or rod,0.06,-0.65
Africa,Niger,Onshore conventional oil,Upstream,Oil,Replace pumps,2.75,-0.65
Africa,Gabon,Onshore conventional oil,Upstream,Oil,Associated gas utilisation,3.49,-0.65
Europe,Israel,Onshore conventional oil,Upstream,Oil,Vapour recovery units,0.06,-0.64
Europe,Norway,Offshore gas,Upstream,Gas,Associated gas utilisation,0.87,-0.64
Middle East,Oman,Onshore conventional oil,Upstream,Oil,Vapour recovery units,88.37,-0.64
Africa,South Africa,Downstream gas,Downstream,Gas,Replace compressor seal or rod,0.64,-0.64
Europe,Italy,Downstream gas,Downstream,Gas,Continuous LDAR,5.55,-0.63
Europe,Italy,Downstream oil,Downstream,Oil,Continuous LDAR,0.17,-0.63
Africa,Congo,Onshore conventional oil,Upstream,Oil,Other,4.54,-0.63
Asia Pacific,New Zealand,Onshore conventional gas,Upstream,Gas,Replace compressor seal or rod,0.09,-0.6
Middle East,Oman,Unconventional gas,Upstream,Gas,Replace pumps,2.08,-0.58
Middle East,Oman,Onshore conventional gas,Upstream,Gas,Replace pumps,2.98,-0.58
Middle East,Syria,Onshore conventional gas,Upstream,Gas,Replace pumps,2.39,-0.58
Middle East,Saudi Arabia,Onshore conventional gas,Upstream,Gas,Replace pumps,2.24,-0.58
Middle East,Saudi Arabia,Unconventional gas,Upstream,Gas,Replace pumps,0.62,-0.58
Middle East,Qatar,Onshore conventional gas,Upstream,Gas,Replace pumps,0.24,-0.58
Middle East,United Arab Emirates,Onshore conventional gas,Upstream,Gas,Replace pumps,2.13,-0.58
Africa,Angola,Onshore conventional oil,Upstream,Oil,Replace with electric motor,0.72,-0.58
Russia & Caspian,Azerbaijan,Offshore oil,Upstream,Oil,Vapour recovery units,1.46,-0.58
Russia & Caspian,Azerbaijan,Onshore conventional oil,Upstream,Oil,Vapour recovery units,0.64,-0.58
Middle East,Bahrain,Onshore conventional gas,Upstream,Gas,Replace pumps,2.66,-0.58
Asia Pacific,Indonesia,Offshore oil,Upstream,Oil,Other,0.67,-0.58
Middle East,Iraq,Onshore conventional gas,Upstream,Gas,Replace pumps,0.71,-0.58
Middle East,Iran,Onshore conventional gas,Upstream,Gas,Replace pumps,4.84,-0.58
Middle East,Kuwait,Onshore conventional gas,Upstream,Gas,Replace pumps,1.45,-0.58
Middle East,Yemen,Onshore conventional gas,Upstream,Gas,Replace pumps,0.01,-0.58
Middle East,Jordan,Onshore conventional oil,Upstream,Oil,Vapour recovery units,0.94,-0.57
Europe,Norway,Downstream oil,Downstream,Oil,Quarterly LDAR,0.01,-0.57
Europe,Norway,Downstream gas,Downstream,Gas,Quarterly LDAR,0.05,-0.57
Africa,Botswana,Unconventional gas,Upstream,Gas,Replace with electric motor,0.23,-0.56
Asia Pacific,China,Offshore oil,Upstream,Oil,Other,4.32,-0.56
Europe,United Kingdom,Offshore oil,Upstream,Oil,Other,0.88,-0.55
Africa,Niger,Onshore conventional oil,Upstream,Oil,Vapour recovery units,0.63,-0.54
Middle East,Qatar,Onshore conventional oil,Upstream,Oil,Vapour recovery units,23.71,-0.53
Europe,Estonia,Onshore conventional oil,Upstream,Oil,Vapour recovery units,0.72,-0.53
Europe,Other countries in Europe,Onshore conventional oil,Upstream,Oil,Other,1.47,-0.52
Other,Other,Onshore conventional oil,Upstream,Oil,Vapour recovery units,0.79,-0.52
Central and South America,Ecuador,Onshore conventional oil,Upstream,Oil,Replace pumps,27.36,-0.51
Europe,Germany,Offshore oil,Upstream,Oil,Quarterly LDAR,0.19,-0.49
Asia Pacific,Malaysia,Onshore conventional oil,Upstream,Oil,Vapour recovery units,5.88,-0.49
Asia Pacific,Malaysia,Offshore oil,Upstream,Oil,Vapour recovery units,13.2,-0.49
Europe,Other EU17 countries,Downstream gas,Downstream,Gas,Continuous LDAR,7.97,-0.48
Europe,Other EU17 countries,Downstream oil,Downstream,Oil,Continuous LDAR,0.46,-0.48
Asia Pacific,Other countries in Southeast Asia,Onshore conventional oil,Upstream,Oil,Vapour recovery units,0.17,-0.47
Russia & Caspian,Kazakhstan,Onshore conventional gas,Upstream,Gas,Replace compressor seal or rod,2.11,-0.47
Europe,Norway,Offshore gas,Upstream,Gas,Other,0.31,-0.46
Africa,Tanzania,Downstream gas,Downstream,Gas,Replace with electric motor,0.67,-0.46
Asia Pacific,Thailand,Downstream oil,Downstream,Oil,Associated gas utilisation,0.3,-0.45
Russia & Caspian,Turkmenistan,Onshore conventional oil,Upstream,Oil,Replace pumps,41.31,-0.45
Asia Pacific,Philippines,Downstream oil,Downstream,Oil,Associated gas utilisation,0.05,-0.45
Asia Pacific,Malaysia,Downstream oil,Downstream,Oil,Associated gas utilisation,0.12,-0.45
Asia Pacific,Other countries in Southeast Asia,Downstream oil,Downstream,Oil,Associated gas utilisation,0.22,-0.45
Asia Pacific,Viet Nam,Downstream oil,Downstream,Oil,Associated gas utilisation,0.06,-0.45
Middle East,Saudi Arabia,Offshore oil,Upstream,Oil,Vapour recovery units,1.75,-0.44
Middle East,Saudi Arabia,Onshore conventional oil,Upstream,Oil,Vapour recovery units,8.94,-0.44
North America,United States,Offshore gas,Upstream,Gas,Annual LDAR,0.36,-0.43
Africa,Angola,Offshore oil,Upstream,Oil,Associated gas utilisation,52.51,-0.43
North America,United States,Offshore oil,Upstream,Oil,Annual LDAR,1.4,-0.43
Asia Pacific,Australia,Downstream gas,Downstream,Gas,Vapour recovery units,0.09,-0.42
Africa,Cameroon,Offshore oil,Upstream,Oil,Other,0.8,-0.41
Central and South America,Brazil,Downstream oil,Downstream,Oil,Associated gas utilisation,0.37,-0.41
Middle East,Oman,Offshore oil,Upstream,Oil,Vapour recovery units,0.04,-0.4
Middle East,Oman,Onshore conventional oil,Upstream,Oil,Vapour recovery units,41.21,-0.4
Africa,Nigeria,Offshore oil,Upstream,Oil,Other,8.08,-0.38
Europe,France,Onshore conventional oil,Upstream,Oil,Associated gas utilisation,0.12,-0.37
Asia Pacific,China,Downstream oil,Downstream,Oil,Associated gas utilisation,1.79,-0.35
Russia & Caspian,Turkmenistan,Onshore conventional oil,Upstream,Oil,Other,26.85,-0.35
Europe,Other EU17 countries,Downstream oil,Downstream,Oil,Associated gas utilisation,0.22,-0.34
Africa,Democratic Republic of Congo,Offshore oil,Upstream,Oil,Vapour recovery units,2.24,-0.34
Asia Pacific,Japan,Onshore conventional oil,Upstream,Oil,Vapour recovery units,0.34,-0.32
Africa,Nigeria,Downstream gas,Downstream,Gas,Vapour recovery units,0.12,-0.32
Africa,Nigeria,Onshore conventional oil,Upstream,Oil,Replace pumps,73.21,-0.32
Europe,Other countries in Europe,Onshore conventional oil,Upstream,Oil,Vapour recovery units,5.33,-0.31
Africa,Chad,Onshore conventional oil,Upstream,Oil,Replace pumps,6.82,-0.3
North America,Canada,Onshore conventional gas,Upstream,Gas,Quarterly LDAR,11.32,-0.28
North America,Canada,Unconventional oil,Upstream,Oil,Quarterly LDAR,5.01,-0.28
North America,Canada,Onshore conventional oil,Upstream,Oil,Quarterly LDAR,38.45,-0.28
North America,Canada,Unconventional gas,Upstream,Gas,Quarterly LDAR,38.85,-0.28
Europe,Italy,Downstream oil,Downstream,Oil,Associated gas utilisation,0.08,-0.28
Middle East,Qatar,Onshore conventional oil,Upstream,Oil,Vapour recovery units,18.43,-0.28
Middle East,Qatar,Offshore oil,Upstream,Oil,Vapour recovery units,5.51,-0.28
Russia & Caspian,Russia,Offshore oil,Upstream,Oil,Vapour recovery units,34.44,-0.26
Other,Other,Onshore conventional oil,Upstream,Oil,Vapour recovery units,0.16,-0.26
Europe,France,Onshore conventional oil,Upstream,Oil,Other,0.19,-0.26
Middle East,Kuwait,Onshore conventional oil,Upstream,Oil,Other,44.7,-0.24
Other,Other,Downstream gas,Downstream,Gas,Vapour recovery units,0.02,-0.24
Asia Pacific,Thailand,Onshore conventional gas,Upstream,Gas,Replace compressor seal or rod,0.21,-0.22
Africa,Ghana,Onshore conventional oil,Upstream,Oil,Replace pumps,1.61,-0.22
Asia Pacific,China,Downstream gas,Downstream,Gas,Replace compressor seal or rod,76.24,-0.22
Central and South America,Brazil,Onshore conventional oil,Upstream,Oil,Vapour recovery units,18.04,-0.22
North America,Mexico,Onshore conventional gas,Upstream,Gas,Vapour recovery units,3.78,-0.19
Asia Pacific,Brunei,Onshore conventional oil,Upstream,Oil,Vapour recovery units,0.57,-0.18
Middle East,Kuwait,Onshore conventional oil,Upstream,Oil,Associated gas utilisation,27.82,-0.17
Middle East,Saudi Arabia,Onshore conventional gas,Upstream,Gas,Replace compressor seal or rod,1.85,-0.17
Middle East,Saudi Arabia,Unconventional gas,Upstream,Gas,Replace compressor seal or rod,0.51,-0.17
Russia & Caspian,Russia,Offshore gas,Upstream,Gas,Vapour recovery units,14.25,-0.16
Africa,Democratic Republic of Congo,Onshore conventional oil,Upstream,Oil,Replace with electric motor,1.12,-0.14
Europe,Romania,Onshore conventional oil,Upstream,Oil,Other,2.34,-0.13
North America,Mexico,Downstream gas,Downstream,Gas,Continuous LDAR,10.75,-0.13
North America,Mexico,Downstream oil,Downstream,Oil,Continuous LDAR,0.52,-0.13
Other,Other,Downstream gas,Downstream,Gas,Vapour recovery units,0.06,-0.12
Central and South America,Brazil,Onshore conventional gas,Upstream,Gas,Replace compressor seal or rod,0.65,-0.12
Asia Pacific,Brunei,Onshore conventional gas,Upstream,Gas,Replace compressor seal or rod,0.07,-0.11
Europe,United Kingdom,Downstream gas,Downstream,Gas,Continuous LDAR,4.86,-0.11
Europe,United Kingdom,Downstream oil,Downstream,Oil,Continuous LDAR,0.21,-0.11
Middle East,Oman,Onshore conventional gas,Upstream,Gas,Replace compressor seal or rod,2.46,-0.1
Middle East,Oman,Unconventional gas,Upstream,Gas,Replace compressor seal or rod,1.71,-0.1
Asia Pacific,India,Downstream oil,Downstream,Oil,Associated gas utilisation,2.17,-0.1
Europe,Romania,Downstream gas,Downstream,Gas,Continuous LDAR,3.33,-0.08
Europe,Romania,Downstream oil,Downstream,Oil,Continuous LDAR,0.65,-0.08
Russia & Caspian,Russia,Offshore gas,Upstream,Gas,Other,0.43,-0.06
Europe,United Kingdom,Onshore conventional oil,Upstream,Oil,Other,0.17,-0.05
Africa,Democratic Republic of Congo,Downstream oil,Downstream,Oil,Vapour recovery units,0.06,-0.05
Asia Pacific,China,Onshore conventional oil,Upstream,Oil,Associated gas utilisation,43.65,-0.05
Asia Pacific,Pakistan,Downstream gas,Downstream,Gas,Vapour recovery units,0.34,-0.04
Middle East,Yemen,Onshore conventional oil,Upstream,Oil,Vapour recovery units,29.88,-0.02
Russia & Caspian,Uzbekistan,Onshore conventional oil,Upstream,Oil,Associated gas utilisation,5.79,-0.01
North America,Mexico,Offshore oil,Upstream,Oil,Quarterly LDAR,30.39,-0.01
North America,Mexico,Offshore gas,Upstream,Gas,Quarterly LDAR,3.58,-0.01
Asia Pacific,China,Downstream gas,Downstream,Gas,Other,77.97,-0.01
Middle East,Jordan,Onshore conventional gas,Upstream,Gas,Replace compressor seal or rod,0.02,-0.01
Middle East,Jordan,Unconventional gas,Upstream,Gas,Replace compressor seal or rod,0.01,-0.01
Europe,Denmark,Offshore oil,Upstream,Oil,Vapour recovery units,0.12,0
Europe,Denmark,Onshore conventional oil,Upstream,Oil,Vapour recovery units,0.05,0
Europe,Other countries in Europe,Onshore conventional oil,Upstream,Oil,Vapour recovery units,0.04,0
Europe,Netherlands,Offshore gas,Upstream,Gas,Quarterly LDAR,0.35,0.02
Europe,Netherlands,Offshore oil,Upstream,Oil,Quarterly LDAR,0.02,0.02
Africa,Sudan,Onshore conventional oil,Upstream,Oil,Replace pumps,2.34,0.02
North America,Canada,Onshore conventional oil,Upstream,Oil,Continuous LDAR,138.43,0.02
North America,Canada,Unconventional oil,Upstream,Oil,Continuous LDAR,18.05,0.02
North America,Canada,Onshore conventional gas,Upstream,Gas,Continuous LDAR,40.75,0.02
North America,Canada,Unconventional gas,Upstream,Gas,Continuous LDAR,139.85,0.02
Asia Pacific,Australia,Offshore oil,Upstream,Oil,Associated gas utilisation,6.74,0.02
Russia & Caspian,Uzbekistan,Downstream gas,Downstream,Gas,Other,36.29,0.02
Middle East,Saudi Arabia,Downstream gas,Downstream,Gas,Other,7.19,0.03
Middle East,United Arab Emirates,Onshore conventional gas,Upstream,Gas,Replace compressor seal or rod,1.76,0.03
Middle East,Oman,Downstream gas,Downstream,Gas,Other,4.79,0.03
Other,Other,Onshore conventional oil,Upstream,Oil,Other,1.16,0.04
Middle East,United Arab Emirates,Downstream gas,Downstream,Gas,Other,5.97,0.04
Middle East,Syria,Downstream gas,Downstream,Gas,Other,4.34,0.04
Middle East,Qatar,Onshore conventional gas,Upstream,Gas,Replace compressor seal or rod,0.19,0.04
Middle East,Qatar,Downstream gas,Downstream,Gas,Other,5.52,0.04
Asia Pacific,India,Onshore conventional gas,Upstream,Gas,Replace compressor seal or rod,1.85,0.04
Asia Pacific,India,Unconventional gas,Upstream,Gas,Replace compressor seal or rod,0.88,0.04
Middle East,Jordan,Downstream gas,Downstream,Gas,Other,1.12,0.04
Middle East,Iraq,Downstream gas,Downstream,Gas,Other,2.02,0.04
Middle East,Iran,Downstream gas,Downstream,Gas,Other,38,0.04
Middle East,Bahrain,Downstream gas,Downstream,Gas,Other,2.88,0.05
Africa,Botswana,Unconventional gas,Upstream,Gas,Replace compressor seal or rod,0.06,0.06
Asia Pacific,India,Downstream gas,Downstream,Gas,Other,41.94,0.07
Russia & Caspian,Russia,Unconventional gas,Upstream,Gas,Vapour recovery units,33.45,0.07
Europe,Norway,Onshore conventional oil,Upstream,Oil,Replace with electric motor,0.21,0.07
Middle East,Iran,Onshore conventional oil,Upstream,Oil,Vapour recovery units,458.48,0.08
Middle East,Kuwait,Downstream gas,Downstream,Gas,Other,3.41,0.08
Africa,Congo,Onshore conventional oil,Upstream,Oil,Associated gas utilisation,2.83,0.09
Central and South America,Brazil,Offshore oil,Upstream,Oil,Vapour recovery units,6.57,0.1
Central and South America,Brazil,Unconventional oil,Upstream,Oil,Vapour recovery units,0.01,0.1
Central and South America,Brazil,Onshore conventional oil,Upstream,Oil,Vapour recovery units,1.23,0.1
Asia Pacific,Malaysia,Downstream gas,Downstream,Gas,Replace compressor seal or rod,12.2,0.1
Other,Other,Onshore conventional oil,Upstream,Oil,Associated gas utilisation,0.38,0.1
Europe,Sweden,Downstream oil,Downstream,Oil,Associated gas utilisation,0.01,0.11
Africa,Angola,Offshore oil,Upstream,Oil,Replace with electric motor,2.68,0.11
Central and South America,Venezuela,Onshore conventional oil,Upstream,Oil,Vapour recovery units,523.36,0.11
Europe,Romania,Downstream oil,Downstream,Oil,Associated gas utilisation,0.31,0.12
Europe,Norway,Offshore oil,Upstream,Oil,Replace with electric motor,0.26,0.12
Asia Pacific,Brunei,Onshore conventional oil,Upstream,Oil,Vapour recovery units,0.23,0.13
Asia Pacific,Brunei,Offshore oil,Upstream,Oil,Vapour recovery units,0.53,0.13
North America,United States,Onshore conventional gas,Upstream,Gas,Quarterly LDAR,27.71,0.14
North America,United States,Unconventional gas,Upstream,Gas,Quarterly LDAR,662.74,0.14
North America,United States,Onshore conventional oil,Upstream,Oil,Quarterly LDAR,100.9,0.14
North America,United States,Unconventional oil,Upstream,Oil,Quarterly LDAR,268.13,0.14
Central and South America,Trinidad and Tobago,Onshore conventional oil,Upstream,Oil,Vapour recovery units,2.94,0.15
North America,Canada,Onshore conventional gas,Upstream,Gas,Vapour recovery units,11.32,0.16
Asia Pacific,India,Onshore conventional oil,Upstream,Oil,Vapour recovery units,64.18,0.16
Russia & Caspian,Azerbaijan,Downstream oil,Downstream,Oil,Associated gas utilisation,0.03,0.17
Middle East,United Arab Emirates,Onshore conventional oil,Upstream,Oil,Vapour recovery units,90.99,0.17
Africa,Tunisia,Onshore conventional oil,Upstream,Oil,Vapour recovery units,2.67,0.18
Africa,Senegal,Offshore oil,Upstream,Oil,Vapour recovery units,1.03,0.18
Central and South America,Ecuador,Onshore conventional oil,Upstream,Oil,Associated gas utilisation,11.07,0.18
Europe,Germany,Downstream oil,Downstream,Oil,Associated gas utilisation,0.1,0.19
Asia Pacific,Bangladesh,Downstream oil,Downstream,Oil,Associated gas utilisation,0.08,0.19
Asia Pacific,Pakistan,Downstream oil,Downstream,Oil,Associated gas utilisation,0.15,0.19
Other,Other,Downstream oil,Downstream,Oil,Associated gas utilisation,0.07,0.2
Other,Other,Downstream gas,Downstream,Gas,Improve flaring,0.53,0.2
Russia & Caspian,Turkmenistan,Downstream oil,Downstream,Oil,Associated gas utilisation,0.12,0.2
Russia & Caspian,Turkmenistan,Offshore oil,Upstream,Oil,Other,3.73,0.22
Africa,Tanzania,Downstream oil,Downstream,Oil,Associated gas utilisation,0.02,0.23
Africa,South Sudan,Downstream oil,Downstream,Oil,Associated gas utilisation,0.01,0.23
Africa,Sudan,Downstream oil,Downstream,Oil,Associated gas utilisation,0.12,0.23
Africa,Nigeria,Downstream oil,Downstream,Oil,Associated gas utilisation,0.16,0.23
Africa,Mozambique,Downstream oil,Downstream,Oil,Associated gas utilisation,0.02,0.23
Other,Other,Downstream oil,Downstream,Oil,Associated gas utilisation,0.04,0.23
Other,Other,Downstream oil,Downstream,Oil,Associated gas utilisation,0.02,0.23
Africa,Angola,Downstream oil,Downstream,Oil,Associated gas utilisation,0.01,0.23
Africa,Cameroon,Downstream oil,Downstream,Oil,Associated gas utilisation,0.02,0.23
Africa,Congo,Downstream oil,Downstream,Oil,Associated gas utilisation,0.03,0.23
Africa,Cote d'Ivoire,Downstream oil,Downstream,Oil,Associated gas utilisation,0.01,0.23
Africa,Gabon,Downstream oil,Downstream,Oil,Associated gas utilisation,0.02,0.23
Russia & Caspian,Kazakhstan,Downstream oil,Downstream,Oil,Associated gas utilisation,0.08,0.23
Asia Pacific,Indonesia,Downstream oil,Downstream,Oil,Associated gas utilisation,0.3,0.23
Europe,Romania,Onshore conventional oil,Upstream,Oil,Associated gas utilisation,1.46,0.24
Europe,Netherlands,Downstream oil,Downstream,Oil,Associated gas utilisation,0.03,0.25
Other,Other,Downstream gas,Downstream,Gas,Improve flaring,0.18,0.25
Europe,France,Downstream oil,Downstream,Oil,Associated gas utilisation,0.13,0.25
Asia Pacific,Bangladesh,Onshore conventional oil,Upstream,Oil,Vapour recovery units,0.33,0.25
Middle East,Yemen,Onshore conventional oil,Upstream,Oil,Vapour recovery units,15.96,0.25
Asia Pacific,Viet Nam,Downstream gas,Downstream,Gas,Improve flaring,0.25,0.26
Africa,Benin,Downstream gas,Downstream,Gas,Improve flaring,0.01,0.26
Russia & Caspian,Azerbaijan,Downstream gas,Downstream,Gas,Improve flaring,0.45,0.26
Africa,Angola,Downstream gas,Downstream,Gas,Improve flaring,0.02,0.26
Africa,Congo,Downstream gas,Downstream,Gas,Improve flaring,0.06,0.26
Africa,Cote d'Ivoire,Downstream gas,Downstream,Gas,Improve flaring,0.09,0.26
Central and South America,Colombia,Downstream gas,Downstream,Gas,Improve flaring,1.08,0.26
Africa,Cameroon,Downstream gas,Downstream,Gas,Improve flaring,0.03,0.26
Asia Pacific,Brunei,Downstream gas,Downstream,Gas,Improve flaring,0.08,0.26
Africa,Gabon,Downstream gas,Downstream,Gas,Improve flaring,0.04,0.26
Africa,Equatorial Guinea,Downstream gas,Downstream,Gas,Improve flaring,0.12,0.26
Africa,Ghana,Downstream gas,Downstream,Gas,Improve flaring,0.15,0.26
Russia & Caspian,Kazakhstan,Downstream gas,Downstream,Gas,Improve flaring,0.65,0.26
Other,Other,Downstream gas,Downstream,Gas,Improve flaring,0.38,0.26
Africa,Nigeria,Downstream gas,Downstream,Gas,Improve flaring,0.94,0.26
Africa,Mozambique,Downstream gas,Downstream,Gas,Improve flaring,0.07,0.26
Asia Pacific,Malaysia,Downstream gas,Downstream,Gas,Improve flaring,2.37,0.26
Asia Pacific,Other countries in Southeast Asia,Downstream gas,Downstream,Gas,Improve flaring,0.72,0.26
Asia Pacific,Philippines,Downstream gas,Downstream,Gas,Improve flaring,0.11,0.26
Africa,South Africa,Downstream gas,Downstream,Gas,Improve flaring,0.12,0.26
Asia Pacific,Thailand,Downstream gas,Downstream,Gas,Improve flaring,3.05,0.26
Africa,Tanzania,Downstream gas,Downstream,Gas,Improve flaring,0.1,0.26
Africa,Togo,Downstream gas,Downstream,Gas,Improve flaring,0.01,0.26
Russia & Caspian,Turkmenistan,Downstream gas,Downstream,Gas,Improve flaring,6.52,0.26
Europe,Ukraine,Downstream gas,Downstream,Gas,Improve flaring,3.37,0.26
Middle East,United Arab Emirates,Downstream gas,Downstream,Gas,Improve flaring,1.13,0.27
Middle East,Syria,Onshore conventional oil,Upstream,Oil,Vapour recovery units,69.99,0.27
Middle East,Syria,Downstream gas,Downstream,Gas,Improve flaring,0.82,0.27
Middle East,Saudi Arabia,Downstream gas,Downstream,Gas,Improve flaring,1.36,0.27
Middle East,Qatar,Downstream gas,Downstream,Gas,Improve flaring,1.05,0.27
Europe,Other countries in Europe,Downstream gas,Downstream,Gas,Improve flaring,1.78,0.27
Middle East,Oman,Downstream gas,Downstream,Gas,Improve flaring,0.91,0.27
Middle East,Jordan,Downstream gas,Downstream,Gas,Improve flaring,0.21,0.27
Middle East,Kuwait,Downstream gas,Downstream,Gas,Improve flaring,0.65,0.27
Middle East,Iran,Downstream gas,Downstream,Gas,Improve flaring,7.21,0.27
Middle East,Iraq,Downstream gas,Downstream,Gas,Improve flaring,0.38,0.27
Europe,Israel,Downstream oil,Downstream,Oil,Continuous LDAR,0.03,0.27
Europe,Israel,Downstream gas,Downstream,Gas,Continuous LDAR,0.92,0.27
Middle East,Bahrain,Downstream gas,Downstream,Gas,Improve flaring,0.55,0.27
Russia & Caspian,Uzbekistan,Downstream gas,Downstream,Gas,Improve flaring,6.89,0.27
Middle East,Yemen,Onshore conventional gas,Upstream,Gas,Replace compressor seal or rod,0.01,0.28
Central and South America,Brazil,Downstream gas,Downstream,Gas,Improve flaring,1.5,0.28
Asia Pacific,China,Downstream gas,Downstream,Gas,Improve flaring,14.8,0.28
Africa,Egypt,Onshore conventional oil,Upstream,Oil,Vapour recovery units,40.55,0.28
Other,Other,Downstream gas,Downstream,Gas,Improve flaring,1.09,0.28
North America,Mexico,Downstream gas,Downstream,Gas,Improve flaring,2.57,0.28
Asia Pacific,Pakistan,Downstream gas,Downstream,Gas,Improve flaring,2.73,0.29
Europe,Other EU7 countries,Downstream gas,Downstream,Gas,Improve flaring,0.2,0.29
Europe,Poland,Downstream gas,Downstream,Gas,Improve flaring,0.56,0.29
Asia Pacific,India,Downstream gas,Downstream,Gas,Improve flaring,7.96,0.29
Africa,Cote d'Ivoire,Offshore oil,Upstream,Oil,Vapour recovery units,0.25,0.29
Asia Pacific,Bangladesh,Downstream gas,Downstream,Gas,Improve flaring,1.17,0.29
Asia Pacific,Bangladesh,Downstream gas,Downstream,Gas,Other,6.16,0.3
Africa,Algeria,Downstream gas,Downstream,Gas,Improve flaring,1.89,0.3
Asia Pacific,Australia,Downstream gas,Downstream,Gas,Replace compressor seal or rod,3.94,0.3
Asia Pacific,Indonesia,Downstream gas,Downstream,Gas,Improve flaring,2.63,0.3
Europe,Estonia,Downstream gas,Downstream,Gas,Improve flaring,0.01,0.3
Africa,Egypt,Downstream gas,Downstream,Gas,Improve flaring,2.47,0.3
Africa,Libya,Downstream gas,Downstream,Gas,Improve flaring,0.27,0.3
Africa,Tunisia,Downstream gas,Downstream,Gas,Improve flaring,0.27,0.3
Europe,United Kingdom,Onshore conventional oil,Upstream,Oil,Associated gas utilisation,0.11,0.3
Africa,Morocco,Downstream gas,Downstream,Gas,Improve flaring,0.03,0.3
Asia Pacific,Pakistan,Downstream gas,Downstream,Gas,Other,14.41,0.31
Asia Pacific,Indonesia,Downstream gas,Downstream,Gas,Other,13.84,0.31
Central and South America,Argentina,Unconventional oil,Upstream,Oil,Vapour recovery units,109.29,0.31
Central and South America,Argentina,Onshore conventional oil,Upstream,Oil,Vapour recovery units,37.06,0.31
Asia Pacific,Japan,Downstream gas,Downstream,Gas,Improve flaring,1.87,0.32
Asia Pacific,New Zealand,Downstream gas,Downstream,Gas,Improve flaring,0.07,0.32
Europe,Slovenia,Downstream gas,Downstream,Gas,Improve flaring,0.03,0.32
Central and South America,Trinidad and Tobago,Downstream gas,Downstream,Gas,Improve flaring,0.54,0.33
Central and South America,Peru,Downstream gas,Downstream,Gas,Improve flaring,0.35,0.33
Central and South America,Ecuador,Downstream gas,Downstream,Gas,Improve flaring,0.02,0.33
Central and South America,Argentina,Downstream gas,Downstream,Gas,Improve flaring,1.98,0.33
Central and South America,Bolivia,Downstream gas,Downstream,Gas,Improve flaring,0.37,0.33
Central and South America,Cuba,Downstream gas,Downstream,Gas,Improve flaring,0.04,0.33
Africa,Congo,Offshore oil,Upstream,Oil,Other,2.89,0.33
Central and South America,Uruguay,Downstream gas,Downstream,Gas,Improve flaring,0.01,0.33
Central and South America,Venezuela,Downstream gas,Downstream,Gas,Improve flaring,1.55,0.33
Europe,Italy,Downstream gas,Downstream,Gas,Improve flaring,1.33,0.34
Europe,Other EU17 countries,Downstream gas,Downstream,Gas,Improve flaring,1.9,0.34
Europe,Norway,Offshore oil,Upstream,Oil,Continuous LDAR,0.74,0.34
Europe,Norway,Offshore gas,Upstream,Gas,Continuous LDAR,1.05,0.34
Europe,United Kingdom,Downstream gas,Downstream,Gas,Improve flaring,1.16,0.34
Africa,South Sudan,Onshore conventional oil,Upstream,Oil,Replace pumps,6.82,0.34
Central and South America,Peru,Onshore conventional oil,Upstream,Oil,Vapour recovery units,9.52,0.35
North America,United States,Onshore conventional gas,Upstream,Gas,Vapour recovery units,11.8,0.35
Middle East,Iraq,Onshore conventional oil,Upstream,Oil,Vapour recovery units,639.25,0.35
North America,Canada,Downstream gas,Downstream,Gas,Improve flaring,3.98,0.35
Middle East,Iran,Onshore conventional oil,Upstream,Oil,Vapour recovery units,872.23,0.36
Middle East,Iran,Offshore oil,Upstream,Oil,Vapour recovery units,49.5,0.36
North America,United States,Downstream gas,Downstream,Gas,Annual LDAR,36.43,0.36
Europe,Romania,Downstream gas,Downstream,Gas,Improve flaring,0.8,0.36
North America,United States,Downstream oil,Downstream,Oil,Annual LDAR,1.05,0.36
Europe,Sweden,Downstream gas,Downstream,Gas,Improve flaring,0.03,0.37
North America,United States,Downstream gas,Downstream,Gas,Improve flaring,35.42,0.37
Middle East,Kuwait,Downstream oil,Downstream,Oil,Vapour recovery units,0.54,0.37
Europe,France,Downstream gas,Downstream,Gas,Improve flaring,0.98,0.37
Europe,Germany,Downstream gas,Downstream,Gas,Improve flaring,1.26,0.37
Asia Pacific,Australia,Downstream gas,Downstream,Gas,Improve flaring,0.77,0.37
Central and South America,Colombia,Downstream oil,Downstream,Oil,Associated gas utilisation,0.18,0.38
Europe,Israel,Downstream gas,Downstream,Gas,Improve flaring,0.22,0.38
Europe,Poland,Downstream gas,Downstream,Gas,Other,2.93,0.38
Europe,Netherlands,Downstream gas,Downstream,Gas,Improve flaring,0.16,0.38
Europe,Denmark,Downstream gas,Downstream,Gas,Improve flaring,0.08,0.39
Central and South America,Bolivia,Onshore conventional oil,Upstream,Oil,Vapour recovery units,5.27,0.39
Russia & Caspian,Uzbekistan,Downstream oil,Downstream,Oil,Associated gas utilisation,0.08,0.39
Central and South America,Venezuela,Unconventional oil,Upstream,Oil,Vapour recovery units,181.23,0.4
Central and South America,Venezuela,Onshore conventional oil,Upstream,Oil,Vapour recovery units,271.77,0.4
Central and South America,Venezuela,Offshore oil,Upstream,Oil,Vapour recovery units,20.7,0.4
North America,Mexico,Downstream oil,Downstream,Oil,Replace with electric motor,2.59,0.41
Europe,Other countries in Europe,Downstream gas,Downstream,Gas,Improve flaring,1.36,0.41
Other,Other,Onshore conventional oil,Upstream,Oil,Vapour recovery units,0.67,0.41
Asia Pacific,New Zealand,Downstream oil,Downstream,Oil,Associated gas utilisation,0.03,0.42
Europe,United Kingdom,Downstream oil,Downstream,Oil,Associated gas utilisation,0.1,0.42
Middle East,Bahrain,Onshore conventional oil,Upstream,Oil,Vapour recovery units,19.76,0.42
Europe,Denmark,Downstream oil,Downstream,Oil,Associated gas utilisation,0.01,0.42
Central and South America,Ecuador,Onshore conventional gas,Upstream,Gas,Replace compressor seal or rod,0.02,0.42
Africa,Egypt,Onshore conventional gas,Upstream,Gas,Replace pumps,1,0.43
Africa,Egypt,Unconventional gas,Upstream,Gas,Replace pumps,0.15,0.43
Africa,Equatorial Guinea,Offshore oil,Upstream,Oil,Vapour recovery units,10.61,0.43
Middle East,Iraq,Downstream oil,Downstream,Oil,Associated gas utilisation,0.09,0.43
Middle East,Iran,Downstream oil,Downstream,Oil,Associated gas utilisation,0.25,0.43
Middle East,Kuwait,Downstream oil,Downstream,Oil,Associated gas utilisation,0.04,0.43
Africa,Libya,Onshore conventional gas,Upstream,Gas,Replace pumps,0.52,0.43
Middle East,Bahrain,Downstream oil,Downstream,Oil,Associated gas utilisation,0.01,0.43
Africa,Algeria,Unconventional gas,Upstream,Gas,Replace pumps,0.18,0.43
Africa,Algeria,Onshore conventional gas,Upstream,Gas,Replace pumps,10.43,0.43
Africa,Democratic Republic of Congo,Offshore oil,Upstream,Oil,Associated gas utilisation,3.27,0.43
Middle East,United Arab Emirates,Downstream oil,Downstream,Oil,Associated gas utilisation,0.06,0.43
Central and South America,Trinidad and Tobago,Offshore oil,Upstream,Oil,Vapour recovery units,0.58,0.43
Central and South America,Trinidad and Tobago,Onshore conventional oil,Upstream,Oil,Vapour recovery units,1.61,0.43
Africa,Tunisia,Onshore conventional gas,Upstream,Gas,Replace pumps,0.15,0.43
Middle East,Qatar,Downstream oil,Downstream,Oil,Associated gas utilisation,0.03,0.43
Middle East,Syria,Downstream oil,Downstream,Oil,Associated gas utilisation,0.14,0.43
Middle East,Saudi Arabia,Downstream oil,Downstream,Oil,Associated gas utilisation,0.15,0.43
Middle East,Oman,Downstream oil,Downstream,Oil,Associated gas utilisation,0.04,0.43
Middle East,Yemen,Downstream oil,Downstream,Oil,Associated gas utilisation,0.13,0.43
Europe,Norway,Downstream gas,Downstream,Gas,Improve flaring,0.01,0.45
Middle East,United Arab Emirates,Onshore conventional oil,Upstream,Oil,Vapour recovery units,8.93,0.45
Middle East,United Arab Emirates,Offshore oil,Upstream,Oil,Vapour recovery units,4.47,0.45
Russia & Caspian,Russia,Downstream gas,Downstream,Gas,Improve flaring,14.9,0.46
North America,United States,Downstream gas,Downstream,Gas,Biannual LDAR,109.3,0.47
Africa,Tunisia,Offshore oil,Upstream,Oil,Vapour recovery units,0.25,0.47
Africa,Tunisia,Onshore conventional oil,Upstream,Oil,Vapour recovery units,1.65,0.47
Other,Other,Downstream oil,Downstream,Oil,Associated gas utilisation,0.05,0.47
Asia Pacific,India,Onshore conventional oil,Upstream,Oil,Vapour recovery units,16.62,0.47
Asia Pacific,India,Offshore oil,Upstream,Oil,Vapour recovery units,7.8,0.47
North America,United States,Downstream oil,Downstream,Oil,Biannual LDAR,3.14,0.47
North America,Mexico,Offshore oil,Upstream,Oil,Vapour recovery units,91.97,0.48
Europe,Other countries in Europe,Offshore gas,Upstream,Gas,Quarterly LDAR,0.56,0.49
North America,Canada,Downstream oil,Downstream,Oil,Replace with electric motor,2.2,0.5
North America,United States,Downstream oil,Downstream,Oil,Replace with electric motor,22.24,0.5
Asia Pacific,Australia,Offshore gas,Upstream,Gas,Quarterly LDAR,12.47,0.51
Asia Pacific,Australia,Offshore oil,Upstream,Oil,Quarterly LDAR,1.52,0.51
Europe,France,Onshore conventional oil,Upstream,Oil,Vapour recovery units,0.7,0.51
Other,Other,Downstream oil,Downstream,Oil,Associated gas utilisation,0.15,0.53
Asia Pacific,New Zealand,Downstream gas,Downstream,Gas,Replace compressor seal or rod,0.36,0.53
Africa,Mozambique,Downstream gas,Downstream,Gas,Replace compressor seal or rod,0.37,0.54
Africa,Algeria,Onshore conventional oil,Upstream,Oil,Vapour recovery units,216.8,0.54
Middle East,Syria,Onshore conventional oil,Upstream,Oil,Vapour recovery units,48.86,0.55
Russia & Caspian,Russia,Offshore oil,Upstream,Oil,Biannual LDAR,2.02,0.56
Russia & Caspian,Russia,Offshore gas,Upstream,Gas,Biannual LDAR,1.42,0.56
Africa,Egypt,Onshore conventional oil,Upstream,Oil,Vapour recovery units,20.14,0.56
Africa,Egypt,Offshore oil,Upstream,Oil,Vapour recovery units,3.66,0.56
Russia & Caspian,Kazakhstan,Downstream gas,Downstream,Gas,Replace compressor seal or rod,3.36,0.56
Asia Pacific,Indonesia,Onshore conventional gas,Upstream,Gas,Replace compressor seal or rod,3.17,0.58
Africa,Benin,Downstream gas,Downstream,Gas,Replace compressor seal or rod,0.03,0.58
Russia & Caspian,Azerbaijan,Downstream gas,Downstream,Gas,Replace compressor seal or rod,2.32,0.59
Africa,Egypt,Unconventional gas,Upstream,Gas,Replace compressor seal or rod,0.12,0.59
Africa,Egypt,Onshore conventional gas,Upstream,Gas,Replace compressor seal or rod,0.83,0.59
Russia & Caspian,Turkmenistan,Downstream gas,Downstream,Gas,Replace compressor seal or rod,33.61,0.59
Other,Other,Downstream gas,Downstream,Gas,Replace compressor seal or rod,1.95,0.59
Russia & Caspian,Uzbekistan,Downstream gas,Downstream,Gas,Replace compressor seal or rod,35.48,0.59
Africa,Libya,Onshore conventional oil,Upstream,Oil,Vapour recovery units,140.77,0.6
Russia & Caspian,Russia,Downstream oil,Downstream,Oil,Replace with electric motor,7.28,0.6
Asia Pacific,Australia,Offshore oil,Upstream,Oil,Other,0.28,0.6
Central and South America,Argentina,Unconventional oil,Upstream,Oil,Vapour recovery units,27.73,0.6
Central and South America,Argentina,Onshore conventional oil,Upstream,Oil,Vapour recovery units,6.46,0.6
Central and South America,Argentina,Offshore oil,Upstream,Oil,Vapour recovery units,0.02,0.6
Europe,Denmark,Offshore gas,Upstream,Gas,Quarterly LDAR,0.27,0.62
Europe,Denmark,Offshore oil,Upstream,Oil,Quarterly LDAR,0.41,0.62
Africa,Chad,Onshore conventional oil,Upstream,Oil,Vapour recovery units,14.16,0.64
Central and South America,Peru,Onshore conventional oil,Upstream,Oil,Vapour recovery units,1.58,0.64
North America,United States,Unconventional gas,Upstream,Gas,Continuous LDAR,706.92,0.64
North America,United States,Onshore conventional gas,Upstream,Gas,Continuous LDAR,29.56,0.64
Central and South America,Peru,Offshore oil,Upstream,Oil,Vapour recovery units,0.04,0.64
North America,United States,Onshore conventional oil,Upstream,Oil,Continuous LDAR,107.63,0.64
North America,United States,Unconventional oil,Upstream,Oil,Continuous LDAR,286.01,0.64
Asia Pacific,New Zealand,Onshore conventional oil,Upstream,Oil,Vapour recovery units,0.2,0.66
Europe,Israel,Downstream oil,Downstream,Oil,Associated gas utilisation,0.01,0.66
Other,Other,Onshore conventional oil,Upstream,Oil,Associated gas utilisation,0.72,0.67
Central and South America,Bolivia,Onshore conventional oil,Upstream,Oil,Vapour recovery units,0.63,0.68
North America,United States,Onshore conventional gas,Upstream,Gas,Replace pumps,5.14,0.69
North America,United States,Unconventional gas,Upstream,Gas,Replace pumps,109.46,0.69
Russia & Caspian,Turkmenistan,Onshore conventional oil,Upstream,Oil,Associated gas utilisation,16.72,0.69
Africa,Tunisia,Onshore conventional gas,Upstream,Gas,Replace compressor seal or rod,0.13,0.7
Other,Other,Onshore conventional oil,Upstream,Oil,Vapour recovery units,0.01,0.7
North America,Mexico,Offshore gas,Upstream,Gas,Vapour recovery units,6.37,0.7
Middle East,Oman,Onshore conventional oil,Upstream,Oil,Replace pumps,51.92,0.71
Middle East,Qatar,Onshore conventional oil,Upstream,Oil,Replace pumps,13.93,0.71
Middle East,Bahrain,Onshore conventional oil,Upstream,Oil,Replace pumps,11.61,0.71
Middle East,Bahrain,Onshore conventional oil,Upstream,Oil,Vapour recovery units,1.37,0.71
Middle East,Jordan,Onshore conventional oil,Upstream,Oil,Replace pumps,0.55,0.71
Middle East,Kuwait,Onshore conventional oil,Upstream,Oil,Replace pumps,95.49,0.71
Middle East,Iran,Onshore conventional oil,Upstream,Oil,Replace pumps,269.36,0.72
Africa,Ghana,Onshore conventional oil,Upstream,Oil,Vapour recovery units,3.35,0.73
Middle East,Saudi Arabia,Onshore conventional oil,Upstream,Oil,Replace pumps,140.2,0.74
Asia Pacific,Philippines,Downstream gas,Downstream,Gas,Replace compressor seal or rod,0.56,0.75
Middle East,Syria,Onshore conventional gas,Upstream,Gas,Replace compressor seal or rod,1.97,0.77
North America,Mexico,Offshore gas,Upstream,Gas,Other,0.19,0.77
Middle East,Iraq,Onshore conventional gas,Upstream,Gas,Replace compressor seal or rod,0.59,0.77
Middle East,Iran,Onshore conventional gas,Upstream,Gas,Replace compressor seal or rod,3.99,0.77
Africa,Gabon,Onshore conventional oil,Upstream,Oil,Vapour recovery units,20.39,0.78
Central and South America,Cuba,Downstream gas,Downstream,Gas,Replace compressor seal or rod,0.23,0.79
Asia Pacific,Thailand,Onshore conventional oil,Upstream,Oil,Vapour recovery units,5.01,0.83
Africa,Democratic Republic of Congo,Offshore oil,Upstream,Oil,Replace with electric motor,0.17,0.84
Africa,Algeria,Onshore conventional oil,Upstream,Oil,Vapour recovery units,278.96,0.84
Europe,France,Onshore conventional oil,Upstream,Oil,Vapour recovery units,0.01,0.86
Africa,Tanzania,Downstream oil,Downstream,Oil,Vapour recovery units,0.22,0.87
Middle East,Saudi Arabia,Downstream gas,Downstream,Gas,Replace compressor seal or rod,7.03,0.9
Africa,Libya,Onshore conventional oil,Upstream,Oil,Vapour recovery units,339.5,0.9
Africa,Libya,Offshore oil,Upstream,Oil,Vapour recovery units,2.88,0.9
Africa,Gabon,Onshore conventional oil,Upstream,Oil,Replace pumps,9.82,0.92
North America,Mexico,Unconventional gas,Upstream,Gas,Vapour recovery units,0.22,0.92
Russia & Caspian,Russia,Offshore gas,Upstream,Gas,Replace with electric motor,1.15,0.92
Middle East,Syria,Onshore conventional oil,Upstream,Oil,Replace pumps,41.12,0.93
Other,Other,Downstream gas,Downstream,Gas,Other,5.77,0.93
Central and South America,Peru,Onshore conventional gas,Upstream,Gas,Replace compressor seal or rod,1.88,0.94
Africa,Senegal,Onshore conventional gas,Upstream,Gas,Replace compressor seal or rod,0.21,0.94
Africa,Chad,Onshore conventional oil,Upstream,Oil,Vapour recovery units,2.82,0.95
Africa,Angola,Onshore conventional oil,Upstream,Oil,Other,0.27,0.96
Russia & Caspian,Russia,Unconventional gas,Upstream,Gas,Replace with electric motor,38.14,0.97
Russia & Caspian,Russia,Onshore conventional gas,Upstream,Gas,Replace with electric motor,358.58,0.97
Asia Pacific,Thailand,Downstream gas,Downstream,Gas,Replace compressor seal or rod,15.72,0.98
Middle East,Oman,Downstream gas,Downstream,Gas,Replace compressor seal or rod,4.69,0.98
Asia Pacific,New Zealand,Onshore conventional oil,Upstream,Oil,Vapour recovery units,0.01,0.98
Russia & Caspian,Russia,Onshore conventional oil,Upstream,Oil,Replace with electric motor,765.39,1
Africa,Sudan,Onshore conventional oil,Upstream,Oil,Vapour recovery units,4.86,1
Asia Pacific,Bangladesh,Onshore conventional gas,Upstream,Gas,Replace compressor seal or rod,1.93,1.01
Africa,Gabon,Downstream gas,Downstream,Gas,Replace compressor seal or rod,0.18,1.01
Central and South America,Trinidad and Tobago,Onshore conventional gas,Upstream,Gas,Replace compressor seal or rod,0.11,1.03
Other,Other,Onshore conventional gas,Upstream,Gas,Replace compressor seal or rod,0.06,1.03
Central and South America,Ecuador,Onshore conventional oil,Upstream,Oil,Vapour recovery units,64.67,1.04
Africa,Ghana,Offshore oil,Upstream,Oil,Vapour recovery units,2.39,1.04
Africa,Ghana,Onshore conventional oil,Upstream,Oil,Vapour recovery units,0.84,1.04
Africa,Libya,Onshore conventional gas,Upstream,Gas,Replace compressor seal or rod,0.43,1.04
Africa,Algeria,Onshore conventional gas,Upstream,Gas,Replace compressor seal or rod,8.6,1.04
Africa,Algeria,Unconventional gas,Upstream,Gas,Replace compressor seal or rod,0.15,1.04
North America,United States,Offshore oil,Upstream,Oil,Vapour recovery units,71.29,1.05
North America,Mexico,Onshore conventional oil,Upstream,Oil,Replace with electric motor,40.96,1.06
North America,Mexico,Offshore gas,Upstream,Gas,Associated gas utilisation,10.03,1.08
North America,Mexico,Offshore oil,Upstream,Oil,Associated gas utilisation,134.54,1.09
Russia & Caspian,Russia,Downstream gas,Downstream,Gas,Replace with electric motor,96.7,1.09
Asia Pacific,Brunei,Downstream gas,Downstream,Gas,Replace compressor seal or rod,0.4,1.09
Middle East,Jordan,Downstream gas,Downstream,Gas,Replace compressor seal or rod,1.09,1.09
Africa,Gabon,Onshore conventional oil,Upstream,Oil,Vapour recovery units,7.84,1.09
Africa,Gabon,Offshore oil,Upstream,Oil,Vapour recovery units,4.05,1.09
Russia & Caspian,Russia,Offshore oil,Upstream,Oil,Replace with electric motor,2.58,1.1
Middle East,Yemen,Onshore conventional oil,Upstream,Oil,Replace pumps,17.55,1.1
Central and South America,Colombia,Onshore conventional oil,Upstream,Oil,Vapour recovery units,4.39,1.11
Central and South America,Colombia,Onshore conventional oil,Upstream,Oil,Vapour recovery units,65.5,1.11
Asia Pacific,Australia,Onshore conventional oil,Upstream,Oil,Associated gas utilisation,0.25,1.12
Asia Pacific,Other countries in Southeast Asia,Downstream gas,Downstream,Gas,Replace compressor seal or rod,3.72,1.12
Asia Pacific,Viet Nam,Downstream gas,Downstream,Gas,Replace compressor seal or rod,1.31,1.12
Central and South America,Venezuela,Onshore conventional gas,Upstream,Gas,Replace compressor seal or rod,4.11,1.13
Middle East,United Arab Emirates,Downstream gas,Downstream,Gas,Replace compressor seal or rod,5.84,1.14
Middle East,Qatar,Downstream gas,Downstream,Gas,Replace compressor seal or rod,5.4,1.15
Russia & Caspian,Russia,Offshore gas,Upstream,Gas,Continuous LDAR,8.55,1.16
Russia & Caspian,Russia,Offshore oil,Upstream,Oil,Continuous LDAR,12.14,1.16
Asia Pacific,Thailand,Onshore conventional oil,Upstream,Oil,Vapour recovery units,2.75,1.17
Asia Pacific,Thailand,Offshore oil,Upstream,Oil,Vapour recovery units,0.65,1.17
Europe,Other countries in Europe,Downstream oil,Downstream,Oil,Associated gas utilisation,0.13,1.17
Central and South America,Brazil,Downstream gas,Downstream,Gas,Replace compressor seal or rod,7.74,1.17
Middle East,Bahrain,Onshore conventional gas,Upstream,Gas,Replace compressor seal or rod,2.2,1.18
Asia Pacific,Australia,Downstream oil,Downstream,Oil,Associated gas utilisation,0.06,1.18
Europe,Romania,Onshore conventional oil,Upstream,Oil,Vapour recovery units,8.52,1.18
Russia & Caspian,Russia,Downstream oil,Downstream,Oil,Vapour recovery units,8.46,1.19
Central and South America,Guyana,Offshore oil,Upstream,Oil,Vapour recovery units,0.09,1.19
Asia Pacific,Australia,Onshore conventional oil,Upstream,Oil,Other,0.4,1.22
Russia & Caspian,Russia,Downstream oil,Downstream,Oil,Quarterly LDAR,3.22,1.22
Russia & Caspian,Russia,Downstream gas,Downstream,Gas,Quarterly LDAR,137.71,1.22
North America,United States,Offshore gas,Upstream,Gas,Vapour recovery units,10.76,1.23
Central and South America,Argentina,Onshore conventional gas,Upstream,Gas,Replace compressor seal or rod,1.05,1.23
Central and South America,Argentina,Unconventional gas,Upstream,Gas,Replace compressor seal or rod,6.04,1.23
North America,Canada,Unconventional gas,Upstream,Gas,Vapour recovery units,95.83,1.23
Middle East,Kuwait,Offshore oil,Upstream,Oil,Other,0.39,1.23
Europe,Germany,Downstream gas,Downstream,Gas,Continuous LDAR,5.26,1.26
Europe,Germany,Downstream oil,Downstream,Oil,Continuous LDAR,0.2,1.26
Africa,Congo,Onshore conventional oil,Upstream,Oil,Replace pumps,7.95,1.26
Africa,Equatorial Guinea,Offshore oil,Upstream,Oil,Associated gas utilisation,15.52,1.28
Europe,United Kingdom,Onshore conventional oil,Upstream,Oil,Vapour recovery units,0.63,1.29
Other,Other,Onshore conventional oil,Upstream,Oil,Vapour recovery units,2.22,1.3
Asia Pacific,Pakistan,Onshore conventional oil,Upstream,Oil,Vapour recovery units,14.47,1.31
Asia Pacific,India,Downstream gas,Downstream,Gas,Replace compressor seal or rod,41.01,1.31
Russia & Caspian,Uzbekistan,Onshore conventional oil,Upstream,Oil,Vapour recovery units,33.83,1.31
Africa,Sudan,Onshore conventional oil,Upstream,Oil,Vapour recovery units,1.06,1.32
North America,United States,Offshore gas,Upstream,Gas,Other,0.33,1.33
Europe,Ukraine,Downstream oil,Downstream,Oil,Other,1.7,1.34
North America,Mexico,Offshore gas,Upstream,Gas,Replace with electric motor,0.51,1.34
North America,Mexico,Offshore oil,Upstream,Oil,Replace with electric motor,6.88,1.35
Europe,Sweden,Downstream gas,Downstream,Gas,Continuous LDAR,0.14,1.35
Europe,Sweden,Downstream oil,Downstream,Oil,Continuous LDAR,0.03,1.35
Africa,South Sudan,Onshore conventional oil,Upstream,Oil,Vapour recovery units,14.15,1.36
Central and South America,Ecuador,Onshore conventional oil,Upstream,Oil,Vapour recovery units,12.2,1.36
Asia Pacific,Indonesia,Onshore conventional oil,Upstream,Oil,Vapour recovery units,58.65,1.36
North America,Mexico,Onshore conventional gas,Upstream,Gas,Replace with electric motor,12.42,1.39
North America,Mexico,Unconventional gas,Upstream,Gas,Replace with electric motor,0.25,1.4
Africa,Morocco,Downstream oil,Downstream,Oil,Associated gas utilisation,0.02,1.42
Africa,Tunisia,Downstream oil,Downstream,Oil,Associated gas utilisation,0.03,1.42
Africa,Libya,Downstream oil,Downstream,Oil,Associated gas utilisation,0.04,1.42
Africa,Egypt,Downstream oil,Downstream,Oil,Associated gas utilisation,0.19,1.42
Africa,Algeria,Downstream oil,Downstream,Oil,Associated gas utilisation,0.11,1.42
Africa,Cameroon,Onshore conventional oil,Upstream,Oil,Vapour recovery units,0.01,1.44
Asia Pacific,China,Onshore conventional oil,Upstream,Oil,Vapour recovery units,254.99,1.45
Africa,South Africa,Downstream oil,Downstream,Oil,Other,0.54,1.45
North America,United States,Unconventional gas,Upstream,Gas,Vapour recovery units,719.32,1.45
North America,United States,Onshore conventional oil,Upstream,Oil,Replace pumps,59.79,1.46
North America,United States,Unconventional oil,Upstream,Oil,Replace pumps,158.29,1.46
Africa,Nigeria,Onshore conventional oil,Upstream,Oil,Vapour recovery units,151.96,1.47
Europe,France,Downstream oil,Downstream,Oil,Continuous LDAR,0.27,1.5
Europe,France,Downstream gas,Downstream,Gas,Continuous LDAR,4.1,1.5
Central and South America,Bolivia,Onshore conventional gas,Upstream,Gas,Replace compressor seal or rod,0.81,1.52
North America,Mexico,Downstream gas,Downstream,Gas,Replace with electric motor,16.66,1.54
North America,Mexico,Onshore conventional gas,Upstream,Gas,Install plunger,0.44,1.55
North America,Mexico,Unconventional gas,Upstream,Gas,Install plunger,0.01,1.55
Europe,Romania,Onshore conventional oil,Upstream,Oil,Vapour recovery units,0.26,1.57
Europe,Romania,Offshore oil,Upstream,Oil,Vapour recovery units,0.02,1.57
Africa,Angola,Onshore conventional oil,Upstream,Oil,Associated gas utilisation,0.17,1.58
Central and South America,Ecuador,Downstream gas,Downstream,Gas,Replace compressor seal or rod,0.1,1.6
North America,Canada,Onshore conventional oil,Upstream,Oil,Replace with electric motor,195.24,1.62
North America,Canada,Unconventional oil,Upstream,Oil,Replace with electric motor,24.73,1.63
Middle East,United Arab Emirates,Onshore conventional oil,Upstream,Oil,Replace pumps,53.46,1.63
Other,Other,Onshore conventional oil,Upstream,Oil,Vapour recovery units,1.29,1.63
Russia & Caspian,Uzbekistan,Onshore conventional oil,Upstream,Oil,Vapour recovery units,16.43,1.64
Asia Pacific,Viet Nam,Onshore conventional oil,Upstream,Oil,Vapour recovery units,0.06,1.64
Asia Pacific,Viet Nam,Offshore oil,Upstream,Oil,Vapour recovery units,0.27,1.64
Europe,United Kingdom,Onshore conventional oil,Upstream,Oil,Vapour recovery units,0.23,1.65
Europe,United Kingdom,Offshore oil,Upstream,Oil,Vapour recovery units,1.28,1.65
Asia Pacific,Pakistan,Onshore conventional oil,Upstream,Oil,Vapour recovery units,4.77,1.66
Russia & Caspian,Russia,Offshore gas,Upstream,Gas,Associated gas utilisation,22.45,1.67
Africa,Democratic Republic of Congo,Onshore conventional oil,Upstream,Oil,Other,0.41,1.69
Africa,Democratic Republic of Congo,Onshore conventional oil,Upstream,Oil,Replace pumps,0.72,1.71
Asia Pacific,Indonesia,Onshore conventional oil,Upstream,Oil,Vapour recovery units,19.03,1.72
Asia Pacific,Indonesia,Offshore oil,Upstream,Oil,Vapour recovery units,1.45,1.72
Other,Other,Onshore conventional oil,Upstream,Oil,Replace pumps,2.03,1.73
Europe,Norway,Offshore oil,Upstream,Oil,Associated gas utilisation,0.99,1.75
North America,Canada,Onshore conventional gas,Upstream,Gas,Replace with electric motor,37.25,1.75
North America,Canada,Downstream gas,Downstream,Gas,Quarterly LDAR,18.39,1.76
North America,Canada,Downstream oil,Downstream,Oil,Quarterly LDAR,0.49,1.76
North America,Canada,Unconventional gas,Upstream,Gas,Replace with electric motor,109.26,1.76
Africa,Cameroon,Offshore oil,Upstream,Oil,Vapour recovery units,0.26,1.78
Africa,Egypt,Downstream gas,Downstream,Gas,Replace compressor seal or rod,12.71,1.79
Russia & Caspian,Russia,Offshore oil,Upstream,Oil,Associated gas utilisation,50.37,1.8
Africa,Nigeria,Onshore conventional oil,Upstream,Oil,Vapour recovery units,36.01,1.81
Africa,Nigeria,Offshore oil,Upstream,Oil,Vapour recovery units,13.87,1.81
Asia Pacific,China,Offshore oil,Upstream,Oil,Vapour recovery units,3.24,1.82
Asia Pacific,China,Onshore conventional oil,Upstream,Oil,Vapour recovery units,19.73,1.82
Asia Pacific,China,Unconventional oil,Upstream,Oil,Vapour recovery units,0.03,1.82
Europe,Netherlands,Downstream gas,Downstream,Gas,Continuous LDAR,0.66,1.88
Europe,Netherlands,Downstream oil,Downstream,Oil,Continuous LDAR,0.03,1.88
Other,Other,Downstream gas,Downstream,Gas,Replace compressor seal or rod,5.64,1.88
North America,United States,Offshore gas,Upstream,Gas,Biannual LDAR,1.08,1.89
North America,United States,Offshore oil,Upstream,Oil,Biannual LDAR,4.19,1.89
Asia Pacific,Indonesia,Downstream gas,Downstream,Gas,Replace compressor seal or rod,13.53,1.91
North America,Canada,Downstream gas,Downstream,Gas,Replace with electric motor,25.8,1.92
Africa,Tunisia,Downstream gas,Downstream,Gas,Replace compressor seal or rod,1.4,1.92
North America,United States,Offshore gas,Upstream,Gas,Replace with electric motor,0.87,1.93
Africa,Nigeria,Onshore conventional gas,Upstream,Gas,Replace compressor seal or rod,4.59,1.96
Europe,Ukraine,Onshore conventional gas,Upstream,Gas,Other,5.58,1.98
North America,United States,Offshore oil,Upstream,Oil,Replace with electric motor,5.33,1.98
Middle East,Syria,Downstream gas,Downstream,Gas,Replace compressor seal or rod,4.24,2
Middle East,Iran,Downstream gas,Downstream,Gas,Replace compressor seal or rod,37.16,2
Middle East,Iraq,Downstream gas,Downstream,Gas,Replace compressor seal or rod,1.97,2
Middle East,Kuwait,Downstream gas,Downstream,Gas,Vapour recovery units,0.08,2.05
Africa,Democratic Republic of Congo,Onshore conventional oil,Upstream,Oil,Associated gas utilisation,0.26,2.07
North America,Mexico,Downstream oil,Downstream,Oil,Vapour recovery units,3.01,2.07
North America,Mexico,Onshore conventional oil,Upstream,Oil,Other,15.05,2.08
Asia Pacific,Australia,Downstream oil,Downstream,Oil,Continuous LDAR,0.12,2.09
Asia Pacific,Australia,Downstream gas,Downstream,Gas,Continuous LDAR,3.21,2.09
North America,Mexico,Unconventional gas,Upstream,Gas,Replace pumps,0.04,2.1
North America,Mexico,Onshore conventional gas,Upstream,Gas,Replace pumps,1.81,2.1
Russia & Caspian,Russia,Offshore oil,Upstream,Oil,Other,2.06,2.11
Africa,Angola,Onshore conventional oil,Upstream,Oil,Replace pumps,0.47,2.11
Asia Pacific,Pakistan,Onshore conventional gas,Upstream,Gas,Replace compressor seal or rod,3.93,2.14
Asia Pacific,Pakistan,Unconventional gas,Upstream,Gas,Replace compressor seal or rod,0.17,2.14
North America,United States,Downstream gas,Downstream,Gas,Replace with electric motor,229.87,2.15
Central and South America,Trinidad and Tobago,Downstream oil,Downstream,Oil,Associated gas utilisation,0.01,2.19
Central and South America,Peru,Downstream oil,Downstream,Oil,Associated gas utilisation,0.05,2.19
Other,Other,Downstream oil,Downstream,Oil,Associated gas utilisation,0.1,2.19
Central and South America,Argentina,Downstream oil,Downstream,Oil,Associated gas utilisation,0.14,2.19
Central and South America,Bolivia,Downstream oil,Downstream,Oil,Associated gas utilisation,0.06,2.19
Central and South America,Cuba,Downstream oil,Downstream,Oil,Associated gas utilisation,0.02,2.19
Central and South America,Ecuador,Downstream oil,Downstream,Oil,Associated gas utilisation,0.08,2.19
Central and South America,Venezuela,Downstream oil,Downstream,Oil,Associated gas utilisation,0.23,2.19
Central and South America,Peru,Downstream gas,Downstream,Gas,Replace compressor seal or rod,1.83,2.2
Europe,Norway,Offshore oil,Upstream,Oil,Vapour recovery units,2.96,2.21
Europe,Norway,Offshore gas,Upstream,Gas,Quarterly LDAR,0.98,2.22
Europe,Norway,Offshore oil,Upstream,Oil,Quarterly LDAR,0.69,2.22
Russia & Caspian,Turkmenistan,Onshore conventional oil,Upstream,Oil,Vapour recovery units,97.65,2.24
Russia & Caspian,Russia,Unconventional gas,Upstream,Gas,Replace compressor seal or rod,5.42,2.25
Russia & Caspian,Russia,Onshore conventional gas,Upstream,Gas,Replace compressor seal or rod,50.48,2.25
North America,Canada,Onshore conventional gas,Upstream,Gas,Replace with instrument air systems,1.89,2.25
North America,Canada,Unconventional gas,Upstream,Gas,Replace with instrument air systems,5.26,2.28
Central and South America,Trinidad and Tobago,Downstream gas,Downstream,Gas,Replace compressor seal or rod,2.76,2.3
Other,Other,Downstream gas,Downstream,Gas,Replace compressor seal or rod,2.77,2.3
Other,Other,Downstream gas,Downstream,Gas,Replace compressor seal or rod,0.96,2.3
Europe,Other countries in Europe,Downstream gas,Downstream,Gas,Continuous LDAR,5.69,2.31
Europe,Other countries in Europe,Downstream oil,Downstream,Oil,Continuous LDAR,0.27,2.31
Africa,Togo,Downstream gas,Downstream,Gas,Replace compressor seal or rod,0.04,2.31
Russia & Caspian,Russia,Downstream gas,Downstream,Gas,Vapour recovery units,1.84,2.31
Africa,Cameroon,Downstream gas,Downstream,Gas,Replace compressor seal or rod,0.14,2.31
Africa,Cote d'Ivoire,Downstream gas,Downstream,Gas,Replace compressor seal or rod,0.46,2.31
Africa,Congo,Downstream gas,Downstream,Gas,Replace compressor seal or rod,0.32,2.31
Africa,Algeria,Downstream gas,Downstream,Gas,Replace compressor seal or rod,9.75,2.31
Africa,Equatorial Guinea,Downstream gas,Downstream,Gas,Replace compressor seal or rod,0.61,2.31
Africa,Ghana,Downstream gas,Downstream,Gas,Replace compressor seal or rod,0.77,2.31
Africa,Libya,Downstream gas,Downstream,Gas,Replace compressor seal or rod,1.41,2.31
North America,Canada,Downstream oil,Downstream,Oil,Vapour recovery units,2.55,2.33
Africa,Congo,Onshore conventional oil,Upstream,Oil,Vapour recovery units,16.51,2.39
Africa,Equatorial Guinea,Offshore oil,Upstream,Oil,Replace with electric motor,0.79,2.39
Asia Pacific,Bangladesh,Downstream gas,Downstream,Gas,Replace compressor seal or rod,6.03,2.4
Central and South America,Uruguay,Downstream gas,Downstream,Gas,Replace compressor seal or rod,0.03,2.42
Central and South America,Venezuela,Downstream gas,Downstream,Gas,Replace compressor seal or rod,7.99,2.42
North America,United States,Downstream oil,Downstream,Oil,Quarterly LDAR,9.82,2.45
North America,United States,Downstream gas,Downstream,Gas,Quarterly LDAR,341.56,2.45
Middle East,Bahrain,Downstream gas,Downstream,Gas,Replace compressor seal or rod,2.82,2.48
Central and South America,Colombia,Downstream gas,Downstream,Gas,Replace compressor seal or rod,5.57,2.49
Asia Pacific,Australia,Onshore conventional oil,Upstream,Oil,Vapour recovery units,1.44,2.53
Central and South America,Argentina,Downstream gas,Downstream,Gas,Replace compressor seal or rod,10.21,2.54
Europe,Estonia,Downstream gas,Downstream,Gas,Other,0.07,2.54
North America,Mexico,Onshore conventional oil,Upstream,Oil,Associated gas utilisation,9.37,2.56
North America,Mexico,Downstream gas,Downstream,Gas,Other,13.52,2.57
Asia Pacific,Malaysia,Downstream oil,Downstream,Oil,Other,1.05,2.57
Europe,Denmark,Downstream oil,Downstream,Oil,Continuous LDAR,0.02,2.58
Europe,Denmark,Downstream gas,Downstream,Gas,Continuous LDAR,0.33,2.58
North America,United States,Downstream oil,Downstream,Oil,Vapour recovery units,25.84,2.58
Russia & Caspian,Turkmenistan,Onshore conventional oil,Upstream,Oil,Vapour recovery units,41.55,2.61
Russia & Caspian,Turkmenistan,Offshore oil,Upstream,Oil,Vapour recovery units,16.18,2.61
Africa,Tunisia,Onshore conventional oil,Upstream,Oil,Replace pumps,1.57,2.63
Asia Pacific,Philippines,Downstream oil,Downstream,Oil,Other,0.46,2.66
Africa,Angola,Offshore oil,Upstream,Oil,Other,2.15,2.66
North America,Mexico,Offshore oil,Upstream,Oil,Other,5.51,2.67
Asia Pacific,Thailand,Downstream oil,Downstream,Oil,Other,2.61,2.69
Africa,Angola,Onshore conventional gas,Upstream,Gas,Replace compressor seal or rod,0.12,2.69
Africa,Algeria,Onshore conventional oil,Upstream,Oil,Replace pumps,127.37,2.71
Asia Pacific,Brunei,Downstream oil,Downstream,Oil,Other,0.03,2.71
Asia Pacific,Other countries in Southeast Asia,Downstream oil,Downstream,Oil,Other,1.96,2.71
Asia Pacific,Viet Nam,Downstream oil,Downstream,Oil,Other,0.53,2.71
Africa,Morocco,Downstream gas,Downstream,Gas,Replace compressor seal or rod,0.13,2.72
North America,United States,Onshore conventional gas,Upstream,Gas,Replace with instrument air systems,24.7,2.75
North America,United States,Unconventional gas,Upstream,Gas,Replace with instrument air systems,498.43,2.75
Africa,Congo,Onshore conventional oil,Upstream,Oil,Vapour recovery units,9.49,2.77
Africa,Congo,Offshore oil,Upstream,Oil,Vapour recovery units,14.02,2.77
Central and South America,Brazil,Downstream oil,Downstream,Oil,Other,3.23,2.79
Africa,Libya,Onshore conventional oil,Upstream,Oil,Replace pumps,82.7,2.79
Other,Other,Onshore conventional oil,Upstream,Oil,Vapour recovery units,4.21,2.8
North America,United States,Onshore conventional oil,Upstream,Oil,Replace with instrument air systems,183.14,2.83
North America,United States,Unconventional oil,Upstream,Oil,Replace with instrument air systems,459.35,2.83
Central and South America,Bolivia,Downstream gas,Downstream,Gas,Replace compressor seal or rod,1.93,2.88
Africa,Egypt,Onshore conventional oil,Upstream,Oil,Replace pumps,23.82,2.91
Asia Pacific,Australia,Onshore conventional oil,Upstream,Oil,Vapour recovery units,2.17,2.92
Asia Pacific,Australia,Offshore oil,Upstream,Oil,Vapour recovery units,0.44,2.92
Africa,Benin,Downstream oil,Downstream,Oil,Other,0.18,3.1
Africa,Niger,Downstream oil,Downstream,Oil,Other,0.29,3.15
Russia & Caspian,Azerbaijan,Downstream oil,Downstream,Oil,Other,0.25,3.16
Africa,Botswana,Downstream oil,Downstream,Oil,Other,0.03,3.19
Africa,Namibia,Downstream oil,Downstream,Oil,Other,0.04,3.19
Other,Other,Onshore conventional oil,Upstream,Oil,Vapour recovery units,1.9,3.19
Africa,Mozambique,Onshore conventional oil,Upstream,Oil,Improve flaring,3.42,3.2
Europe,Norway,Offshore oil,Upstream,Oil,Other,0.27,3.2
North America,Mexico,Downstream gas,Downstream,Gas,Vapour recovery units,0.32,3.21
North America,United States,Unconventional gas,Upstream,Gas,Replace compressor seal or rod,116.5,3.21
North America,United States,Onshore conventional gas,Upstream,Gas,Replace compressor seal or rod,5.47,3.21
North America,United States,Onshore conventional gas,Upstream,Gas,Replace with electric motor,59.17,3.25
Other,Other,Downstream oil,Downstream,Oil,Other,0.06,3.25
North America,United States,Unconventional gas,Upstream,Gas,Replace with electric motor,1253.54,3.27
Africa,Gabon,Downstream oil,Downstream,Oil,Other,0.19,3.28
Russia & Caspian,Russia,Downstream gas,Downstream,Gas,Replace compressor seal or rod,76.77,3.29
Russia & Caspian,Russia,Onshore conventional oil,Upstream,Oil,Other,281.29,3.31
North America,Mexico,Onshore conventional oil,Upstream,Oil,Replace pumps,26.37,3.33
Russia & Caspian,Kazakhstan,Offshore oil,Upstream,Oil,Improve flaring,2.17,3.33
Russia & Caspian,Kazakhstan,Onshore conventional oil,Upstream,Oil,Improve flaring,9.07,3.33
Africa,Senegal,Downstream oil,Downstream,Oil,Other,0.13,3.34
North America,United States,Offshore gas,Upstream,Gas,Continuous LDAR,6.46,3.34
North America,United States,Offshore oil,Upstream,Oil,Continuous LDAR,25.12,3.34
Africa,Kenya,Downstream oil,Downstream,Oil,Other,0.31,3.36
Africa,Ghana,Downstream oil,Downstream,Oil,Other,0.21,3.36
Africa,Eritrea,Downstream oil,Downstream,Oil,Other,0.03,3.36
Africa,Equatorial Guinea,Downstream oil,Downstream,Oil,Other,0.04,3.36
Africa,Ethiopia,Downstream oil,Downstream,Oil,Other,0.24,3.36
North America,Canada,Unconventional gas,Upstream,Gas,Replace compressor seal or rod,15.52,3.39
North America,Canada,Onshore conventional gas,Upstream,Gas,Replace compressor seal or rod,5.24,3.39
North America,United States,Offshore gas,Upstream,Gas,Associated gas utilisation,16.96,3.39
Africa,Nigeria,Downstream gas,Downstream,Gas,Replace compressor seal or rod,4.86,3.39
North America,United States,Offshore oil,Upstream,Oil,Other,4.27,3.41
Africa,Niger,Onshore conventional oil,Upstream,Oil,Improve flaring,0.31,3.42
Middle East,Oman,Onshore conventional oil,Upstream,Oil,Improve flaring,20.27,3.42
Middle East,Oman,Offshore oil,Upstream,Oil,Improve flaring,0.04,3.42
Middle East,Saudi Arabia,Onshore conventional oil,Upstream,Oil,Improve flaring,4.4,3.42
Middle East,Saudi Arabia,Offshore oil,Upstream,Oil,Improve flaring,2.01,3.42
North America,Canada,Unconventional gas,Upstream,Gas,Install plunger,3.91,3.42
North America,Canada,Onshore conventional gas,Upstream,Gas,Install plunger,1.32,3.42
North America,Canada,Downstream gas,Downstream,Gas,Vapour recovery units,0.49,3.43
North America,United States,Offshore oil,Upstream,Oil,Associated gas utilisation,104.28,3.43
Russia & Caspian,Azerbaijan,Offshore oil,Upstream,Oil,Improve flaring,1.67,3.45
Russia & Caspian,Azerbaijan,Onshore conventional oil,Upstream,Oil,Improve flaring,0.32,3.45
Africa,Cameroon,Downstream oil,Downstream,Oil,Other,0.16,3.46
Africa,Congo,Downstream oil,Downstream,Oil,Other,0.23,3.46
Africa,Cote d'Ivoire,Downstream oil,Downstream,Oil,Other,0.11,3.46
Middle East,Qatar,Onshore conventional oil,Upstream,Oil,Improve flaring,9.07,3.46
Middle East,Qatar,Offshore oil,Upstream,Oil,Improve flaring,6.32,3.46
Africa,Togo,Downstream oil,Downstream,Oil,Other,0.02,3.46
Other,Other,Downstream oil,Downstream,Oil,Other,0.38,3.46
Other,Other,Downstream oil,Downstream,Oil,Other,0.14,3.46
Middle East,Kuwait,Onshore conventional oil,Upstream,Oil,Vapour recovery units,162.54,3.51
Other,Other,Downstream oil,Downstream,Oil,Other,0.1,3.55
Russia & Caspian,Russia,Onshore conventional oil,Upstream,Oil,Vapour recovery units,1022.84,3.55
Asia Pacific,Philippines,Onshore conventional oil,Upstream,Oil,Improve flaring,0.45,3.56
Asia Pacific,Philippines,Offshore oil,Upstream,Oil,Improve flaring,0.08,3.56
Russia & Caspian,Turkmenistan,Downstream oil,Downstream,Oil,Other,1.02,3.56
Other,Other,Downstream oil,Downstream,Oil,Other,0.57,3.56
Africa,Senegal,Offshore oil,Upstream,Oil,Improve flaring,1.18,3.57
Russia & Caspian,Russia,Offshore oil,Upstream,Oil,Quarterly LDAR,11.38,3.61
Russia & Caspian,Russia,Offshore gas,Upstream,Gas,Quarterly LDAR,8.01,3.61
Asia Pacific,Other countries in Southeast Asia,Onshore conventional gas,Upstream,Gas,Other,0.06,3.61
Africa,Nigeria,Downstream oil,Downstream,Oil,Other,1.43,3.61
Africa,Cote d'Ivoire,Offshore oil,Upstream,Oil,Improve flaring,0.28,3.61
Other,Other,Onshore conventional oil,Upstream,Oil,Improve flaring,0.08,3.62
Central and South America,Colombia,Downstream oil,Downstream,Oil,Other,1.61,3.63
Middle East,Iran,Onshore conventional oil,Upstream,Oil,Improve flaring,429.12,3.65
Middle East,Iran,Offshore oil,Upstream,Oil,Improve flaring,56.82,3.65
Middle East,Iraq,Onshore conventional oil,Upstream,Oil,Improve flaring,314.5,3.65
Central and South America,Cuba,Offshore oil,Upstream,Oil,Improve flaring,0.01,3.68
Central and South America,Cuba,Onshore conventional oil,Upstream,Oil,Improve flaring,0.01,3.68
Middle East,Yemen,Onshore conventional oil,Upstream,Oil,Improve flaring,7.85,3.7
Asia Pacific,Other countries in Southeast Asia,Onshore conventional oil,Upstream,Oil,Improve flaring,0.09,3.71
North America,United States,Downstream gas,Downstream,Gas,Vapour recovery units,4.37,3.71
Asia Pacific,Pakistan,Downstream gas,Downstream,Gas,Replace compressor seal or rod,14.09,3.72
Africa,Angola,Downstream oil,Downstream,Oil,Other,0.13,3.73
Middle East,Bahrain,Onshore conventional oil,Upstream,Oil,Improve flaring,0.67,3.76
Middle East,Syria,Onshore conventional oil,Upstream,Oil,Improve flaring,24.04,3.76
North America,Mexico,Onshore conventional oil,Upstream,Oil,Improve flaring,24.47,3.79
North America,Mexico,Offshore oil,Upstream,Oil,Improve flaring,54.97,3.79
Russia & Caspian,Russia,Onshore conventional oil,Upstream,Oil,Associated gas utilisation,175.09,3.81
Russia & Caspian,Russia,Onshore conventional oil,Upstream,Oil,Vapour recovery units,812.86,3.85
Russia & Caspian,Russia,Offshore oil,Upstream,Oil,Vapour recovery units,13.86,3.85
Africa,Mozambique,Onshore conventional gas,Upstream,Gas,Other,0.98,3.86
Middle East,United Arab Emirates,Offshore oil,Upstream,Oil,Improve flaring,5.13,3.87
Middle East,United Arab Emirates,Onshore conventional oil,Upstream,Oil,Improve flaring,4.4,3.87
Russia & Caspian,Russia,Unconventional gas,Upstream,Gas,Install plunger,1.36,3.9
Russia & Caspian,Russia,Onshore conventional gas,Upstream,Gas,Install plunger,12.71,3.9
Asia Pacific,Malaysia,Offshore oil,Upstream,Oil,Improve flaring,15.15,3.9
Asia Pacific,Malaysia,Onshore conventional oil,Upstream,Oil,Improve flaring,2.89,3.9
North America,United States,Onshore conventional gas,Upstream,Gas,Install plunger,1.38,3.92
North America,United States,Unconventional gas,Upstream,Gas,Install plunger,29.34,3.92
Middle East,Kuwait,Onshore conventional oil,Upstream,Oil,Vapour recovery units,16.49,3.93
Middle East,Kuwait,Offshore oil,Upstream,Oil,Vapour recovery units,0.37,3.93
Africa,Chad,Onshore conventional oil,Upstream,Oil,Improve flaring,1.39,3.96
Russia & Caspian,Kazakhstan,Downstream oil,Downstream,Oil,Other,0.71,3.97
Africa,Ghana,Offshore oil,Upstream,Oil,Improve flaring,2.75,4
Africa,Ghana,Onshore conventional oil,Upstream,Oil,Improve flaring,0.41,4
Africa,Democratic Republic of Congo,Offshore oil,Upstream,Oil,Other,0.13,4
Africa,Gabon,Onshore conventional gas,Upstream,Gas,Other,0.05,4.01
Russia & Caspian,Turkmenistan,Onshore conventional gas,Upstream,Gas,Other,40.26,4.02
Europe,Other countries in Europe,Onshore conventional oil,Upstream,Oil,Improve flaring,0.11,4.03
North America,Canada,Onshore conventional oil,Upstream,Oil,Other,71.75,4.03
Asia Pacific,Brunei,Offshore oil,Upstream,Oil,Improve flaring,0.61,4.03
Asia Pacific,Brunei,Onshore conventional oil,Upstream,Oil,Improve flaring,0.11,4.03
Central and South America,Venezuela,Unconventional oil,Upstream,Oil,Improve flaring,86.19,4.03
North America,Canada,Unconventional oil,Upstream,Oil,Associated gas utilisation,5.76,4.04
North America,Canada,Onshore conventional oil,Upstream,Oil,Associated gas utilisation,44.66,4.04
Africa,Democratic Republic of Congo,Downstream oil,Downstream,Oil,Other,0.04,4.04
Central and South America,Colombia,Onshore conventional oil,Upstream,Oil,Improve flaring,2.16,4.04
Europe,Other EU17 countries,Onshore conventional oil,Upstream,Oil,Improve flaring,0.25,4.05
Europe,Other EU17 countries,Offshore oil,Upstream,Oil,Improve flaring,0.02,4.05
Africa,Tunisia,Onshore conventional oil,Upstream,Oil,Improve flaring,0.81,4.06
Africa,Tunisia,Offshore oil,Upstream,Oil,Improve flaring,0.29,4.06
Central and South America,Venezuela,Offshore oil,Upstream,Oil,Improve flaring,23.76,4.08
Central and South America,Venezuela,Onshore conventional oil,Upstream,Oil,Improve flaring,133.7,4.08
Central and South America,Colombia,Onshore conventional gas,Upstream,Gas,Replace compressor seal or rod,0.33,4.1
North America,United States,Onshore conventional oil,Upstream,Oil,Associated gas utilisation,24.19,4.11
North America,United States,Unconventional oil,Upstream,Oil,Associated gas utilisation,64.06,4.11
Central and South America,Argentina,Unconventional oil,Upstream,Oil,Improve flaring,13.19,4.12
Central and South America,Trinidad and Tobago,Onshore conventional oil,Upstream,Oil,Improve flaring,0.79,4.13
Central and South America,Trinidad and Tobago,Offshore oil,Upstream,Oil,Improve flaring,0.66,4.13
North America,United States,Unconventional oil,Upstream,Oil,Improve flaring,62.22,4.13
Russia & Caspian,Russia,Downstream gas,Downstream,Gas,Continuous LDAR,62.43,4.14
Russia & Caspian,Russia,Downstream oil,Downstream,Oil,Continuous LDAR,1.46,4.14
Africa,Egypt,Onshore conventional oil,Upstream,Oil,Improve flaring,9.91,4.14
Africa,Egypt,Offshore oil,Upstream,Oil,Improve flaring,4.2,4.14
Central and South America,Bolivia,Onshore conventional oil,Upstream,Oil,Improve flaring,0.31,4.15
North America,United States,Onshore conventional oil,Upstream,Oil,Improve flaring,12.58,4.15
North America,United States,Offshore oil,Upstream,Oil,Improve flaring,3.55,4.15
Africa,Sudan,Onshore conventional oil,Upstream,Oil,Improve flaring,0.52,4.16
Central and South America,Argentina,Offshore oil,Upstream,Oil,Improve flaring,0.03,4.17
Central and South America,Argentina,Onshore conventional oil,Upstream,Oil,Improve flaring,3.18,4.17
Africa,Algeria,Onshore conventional oil,Upstream,Oil,Improve flaring,137.24,4.18
North America,United States,Downstream gas,Downstream,Gas,Replace compressor seal or rod,182.5,4.2
Africa,Nigeria,Offshore oil,Upstream,Oil,Improve flaring,15.93,4.22
Africa,Nigeria,Onshore conventional oil,Upstream,Oil,Improve flaring,17.72,4.22
Africa,Libya,Offshore oil,Upstream,Oil,Improve flaring,3.3,4.22
Africa,Libya,Onshore conventional oil,Upstream,Oil,Improve flaring,167.03,4.22
North America,Canada,Unconventional oil,Upstream,Oil,Improve flaring,2.23,4.23
North America,Mexico,Onshore conventional oil,Upstream,Oil,Vapour recovery units,54.73,4.23
Africa,Angola,Downstream gas,Downstream,Gas,Replace compressor seal or rod,0.11,4.24
Asia Pacific,India,Offshore oil,Upstream,Oil,Improve flaring,8.95,4.24
Asia Pacific,India,Onshore conventional oil,Upstream,Oil,Improve flaring,8.18,4.24
Europe,Israel,Onshore conventional oil,Upstream,Oil,Improve flaring,0.03,4.26
North America,Canada,Onshore conventional oil,Upstream,Oil,Improve flaring,2.14,4.26
Central and South America,Brazil,Offshore oil,Upstream,Oil,Improve flaring,7.55,4.27
Central and South America,Brazil,Onshore conventional oil,Upstream,Oil,Improve flaring,0.61,4.27
Europe,Other EU7 countries,Onshore conventional gas,Upstream,Gas,Other,0.05,4.27
Central and South America,Peru,Onshore conventional oil,Upstream,Oil,Improve flaring,0.78,4.27
Central and South America,Peru,Offshore oil,Upstream,Oil,Improve flaring,0.05,4.27
Africa,Tanzania,Downstream oil,Downstream,Oil,Other,0.16,4.3
Central and South America,Guyana,Offshore oil,Upstream,Oil,Improve flaring,0.1,4.31
Africa,Gabon,Offshore oil,Upstream,Oil,Improve flaring,4.64,4.31
Africa,Gabon,Onshore conventional oil,Upstream,Oil,Improve flaring,3.86,4.31
North America,United States,Onshore conventional oil,Upstream,Oil,Other,38.87,4.34
Europe,Norway,Downstream gas,Downstream,Gas,Continuous LDAR,0.02,4.36
Africa,Cameroon,Offshore oil,Upstream,Oil,Improve flaring,0.3,4.39
Europe,Denmark,Onshore conventional oil,Upstream,Oil,Improve flaring,0.02,4.4
Europe,Denmark,Offshore oil,Upstream,Oil,Improve flaring,0.13,4.4
North America,Canada,Downstream gas,Downstream,Gas,Replace compressor seal or rod,20.49,4.41
Asia Pacific,Pakistan,Onshore conventional oil,Upstream,Oil,Improve flaring,2.35,4.41
Africa,Cameroon,Onshore conventional gas,Upstream,Gas,Other,0.01,4.44
Africa,Congo,Onshore conventional gas,Upstream,Gas,Other,0.04,4.44
Europe,Other countries in Europe,Downstream oil,Downstream,Oil,Other,1.46,4.47
Europe,Other EU7 countries,Onshore conventional oil,Upstream,Oil,Improve flaring,0.03,4.5
Africa,Egypt,Downstream oil,Downstream,Oil,Other,1.69,4.51
North America,Mexico,Offshore oil,Upstream,Oil,Vapour recovery units,47.89,4.52
North America,Mexico,Onshore conventional oil,Upstream,Oil,Vapour recovery units,49.74,4.52
Africa,Tunisia,Downstream oil,Downstream,Oil,Other,0.24,4.53
North America,Mexico,Downstream oil,Downstream,Oil,Associated gas utilisation,0.25,4.55
North America,Canada,Downstream gas,Downstream,Gas,Continuous LDAR,62.53,4.55
North America,Canada,Downstream oil,Downstream,Oil,Continuous LDAR,1.65,4.55
Africa,Algeria,Downstream oil,Downstream,Oil,Other,0.95,4.59
Africa,Libya,Downstream oil,Downstream,Oil,Other,0.39,4.59
Europe,Other countries in Europe,Onshore conventional oil,Upstream,Oil,Improve flaring,0.02,4.62
Asia Pacific,Thailand,Onshore conventional oil,Upstream,Oil,Improve flaring,1.35,4.62
Asia Pacific,Thailand,Offshore oil,Upstream,Oil,Improve flaring,0.75,4.62
Africa,Morocco,Downstream oil,Downstream,Oil,Other,0.18,4.64
Russia & Caspian,Uzbekistan,Onshore conventional oil,Upstream,Oil,Improve flaring,8.08,4.66
Middle East,Kuwait,Onshore conventional oil,Upstream,Oil,Improve flaring,8.11,4.74
Middle East,Kuwait,Offshore oil,Upstream,Oil,Improve flaring,0.43,4.74
Central and South America,Colombia,Onshore conventional gas,Upstream,Gas,Other,1.56,4.75
Asia Pacific,Indonesia,Onshore conventional oil,Upstream,Oil,Improve flaring,9.36,4.76
Asia Pacific,Indonesia,Offshore oil,Upstream,Oil,Improve flaring,1.66,4.76
North America,United States,Unconventional oil,Upstream,Oil,Vapour recovery units,355.49,4.78
North America,United States,Onshore conventional oil,Upstream,Oil,Vapour recovery units,141.34,4.78
Other,Other,Onshore conventional oil,Upstream,Oil,Improve flaring,0.64,4.83
Other,Other,Downstream oil,Downstream,Oil,Other,0.42,4.83
Asia Pacific,Viet Nam,Offshore oil,Upstream,Oil,Improve flaring,0.31,4.84
Asia Pacific,Viet Nam,Onshore conventional oil,Upstream,Oil,Improve flaring,0.03,4.84
North America,Canada,Onshore conventional oil,Upstream,Oil,Vapour recovery units,260.91,4.85
North America,Canada,Unconventional oil,Upstream,Oil,Vapour recovery units,31.99,4.85
Central and South America,Ecuador,Onshore conventional oil,Upstream,Oil,Improve flaring,6,4.87
Russia & Caspian,Russia,Offshore oil,Upstream,Oil,Improve flaring,15.91,4.88
Russia & Caspian,Russia,Onshore conventional oil,Upstream,Oil,Improve flaring,399.91,4.88
Middle East,Kuwait,Onshore conventional gas,Upstream,Gas,Replace compressor seal or rod,1.2,4.89
Africa,Congo,Offshore oil,Upstream,Oil,Improve flaring,16.1,4.91
Africa,Congo,Onshore conventional oil,Upstream,Oil,Improve flaring,4.67,4.91
Europe,Poland,Onshore conventional gas,Upstream,Gas,Other,0.33,4.94
Middle East,Iraq,Onshore conventional oil,Upstream,Oil,Other,34.31,4.95
Europe,France,Onshore conventional oil,Upstream,Oil,Improve flaring,0.01,5
North America,United States,Offshore gas,Upstream,Gas,Quarterly LDAR,6.05,5.04
North America,United States,Offshore oil,Upstream,Oil,Quarterly LDAR,23.55,5.04
North America,United States,Offshore oil,Upstream,Oil,Vapour recovery units,3.09,5.07
North America,United States,Onshore conventional oil,Upstream,Oil,Vapour recovery units,25.57,5.07
North America,United States,Unconventional oil,Upstream,Oil,Vapour recovery units,130.82,5.07
Central and South America,Cuba,Downstream oil,Downstream,Oil,Other,0.17,5.1
Africa,Sudan,Downstream oil,Downstream,Oil,Other,0.06,5.14
Africa,Mozambique,Downstream oil,Downstream,Oil,Other,0.01,5.14
North America,Mexico,Unconventional gas,Upstream,Gas,Replace compressor seal or rod,0.04,5.15
North America,Mexico,Onshore conventional gas,Upstream,Gas,Replace compressor seal or rod,1.75,5.15
North America,Canada,Unconventional oil,Upstream,Oil,Vapour recovery units,4.7,5.15
North America,Canada,Onshore conventional oil,Upstream,Oil,Vapour recovery units,4.34,5.15
Central and South America,Argentina,Unconventional oil,Upstream,Oil,Other,33.45,5.16
Other,Other,Onshore conventional oil,Upstream,Oil,Improve flaring,0.93,5.18
Central and South America,Ecuador,Downstream oil,Downstream,Oil,Other,0.68,5.21
Asia Pacific,China,Onshore conventional gas,Upstream,Gas,Other,11.34,5.23
Asia Pacific,China,Unconventional oil,Upstream,Oil,Improve flaring,0.01,5.24
Russia & Caspian,Turkmenistan,Offshore oil,Upstream,Oil,Improve flaring,18.58,5.27
Russia & Caspian,Turkmenistan,Onshore conventional oil,Upstream,Oil,Improve flaring,20.44,5.27
Europe,United Kingdom,Onshore conventional oil,Upstream,Oil,Improve flaring,0.11,5.29
Europe,United Kingdom,Offshore oil,Upstream,Oil,Improve flaring,1.47,5.29
Central and South America,Peru,Downstream oil,Downstream,Oil,Other,0.44,5.3
Asia Pacific,China,Onshore conventional oil,Upstream,Oil,Improve flaring,9.7,5.3
Asia Pacific,China,Offshore oil,Upstream,Oil,Improve flaring,3.72,5.3
Africa,Equatorial Guinea,Offshore oil,Upstream,Oil,Other,0.64,5.3
Other,Other,Downstream oil,Downstream,Oil,Other,0.87,5.31
Central and South America,Trinidad and Tobago,Downstream oil,Downstream,Oil,Other,0.08,5.31
Central and South America,Uruguay,Downstream oil,Downstream,Oil,Other,0.04,5.33
Central and South America,Venezuela,Downstream oil,Downstream,Oil,Other,1.98,5.33
Central and South America,Argentina,Downstream oil,Downstream,Oil,Other,1.25,5.34
Asia Pacific,Australia,Offshore oil,Upstream,Oil,Improve flaring,0.51,5.39
Central and South America,Bolivia,Downstream oil,Downstream,Oil,Other,0.54,5.39
Asia Pacific,Australia,Onshore conventional oil,Upstream,Oil,Improve flaring,1.07,5.39
Central and South America,Guyana,Downstream oil,Downstream,Oil,Other,0.05,5.39
Europe,Other EU7 countries,Downstream oil,Downstream,Oil,Other,0.25,5.42
Africa,Angola,Onshore conventional oil,Upstream,Oil,Vapour recovery units,0.97,5.43
Russia & Caspian,Uzbekistan,Onshore conventional gas,Upstream,Gas,Other,22.04,5.45
North America,United States,Onshore conventional oil,Upstream,Oil,Replace with electric motor,594.42,5.46
North America,United States,Unconventional oil,Upstream,Oil,Replace with electric motor,1568.54,5.47
Europe,Norway,Offshore oil,Upstream,Oil,Vapour recovery units,0.02,5.51
Europe,Norway,Onshore conventional oil,Upstream,Oil,Vapour recovery units,0.34,5.51
Central and South America,Paraguay,Downstream oil,Downstream,Oil,Other,0.06,5.61
Europe,Romania,Onshore conventional oil,Upstream,Oil,Improve flaring,0.13,5.62
Europe,Romania,Offshore oil,Upstream,Oil,Improve flaring,0.02,5.62
North America,Canada,Downstream oil,Downstream,Oil,Associated gas utilisation,0.21,5.63
North America,United States,Downstream gas,Downstream,Gas,Continuous LDAR,154.84,5.87
North America,United States,Downstream oil,Downstream,Oil,Continuous LDAR,4.45,5.87
North America,United States,Downstream oil,Downstream,Oil,Associated gas utilisation,2.15,5.88
Central and South America,Cuba,Onshore conventional gas,Upstream,Gas,Other,0.11,5.93
Africa,Angola,Onshore conventional oil,Upstream,Oil,Vapour recovery units,0.09,5.94
Africa,Angola,Offshore oil,Upstream,Oil,Vapour recovery units,2.49,5.94
Asia Pacific,Japan,Downstream gas,Downstream,Gas,Other,9.85,5.94
Africa,Angola,Offshore oil,Upstream,Oil,Improve flaring,2.86,6.1
Africa,Angola,Onshore conventional oil,Upstream,Oil,Improve flaring,0.05,6.1
Middle East,Jordan,Downstream oil,Downstream,Oil,Other,0.2,6.11
Europe,Norway,Onshore conventional oil,Upstream,Oil,Other,0.08,6.11
Africa,Tanzania,Onshore conventional gas,Upstream,Gas,Replace compressor seal or rod,0.13,6.2
Middle East,Lebanon,Downstream oil,Downstream,Oil,Other,0.19,6.24
Europe,Slovenia,Downstream gas,Downstream,Gas,Other,0.16,6.27
Russia & Caspian,Uzbekistan,Downstream oil,Downstream,Oil,Other,0.67,6.32
Middle East,Saudi Arabia,Unconventional gas,Upstream,Gas,Other,0.56,6.39
Middle East,Saudi Arabia,Downstream oil,Downstream,Oil,Other,1.32,6.4
Middle East,Oman,Downstream oil,Downstream,Oil,Other,0.38,6.41
Middle East,Qatar,Downstream oil,Downstream,Oil,Other,0.24,6.43
Middle East,United Arab Emirates,Downstream oil,Downstream,Oil,Other,0.55,6.43
North America,Mexico,Downstream gas,Downstream,Gas,Replace compressor seal or rod,13.22,6.46
Middle East,Yemen,Downstream oil,Downstream,Oil,Other,1.14,6.47
Other,Other,Onshore conventional gas,Upstream,Gas,Other,1.33,6.49
Middle East,Oman,Unconventional gas,Upstream,Gas,Other,1.87,6.51
Europe,Ukraine,Offshore gas,Upstream,Gas,Improve flaring,0.02,6.54
Russia & Caspian,Turkmenistan,Offshore gas,Upstream,Gas,Improve flaring,0.21,6.54
Russia & Caspian,Kazakhstan,Offshore gas,Upstream,Gas,Improve flaring,0.03,6.54
Russia & Caspian,Azerbaijan,Offshore gas,Upstream,Gas,Improve flaring,0.24,6.54
Africa,Democratic Republic of Congo,Offshore oil,Upstream,Oil,Improve flaring,0.91,6.55
Africa,Democratic Republic of Congo,Onshore conventional oil,Upstream,Oil,Improve flaring,0.49,6.55
Middle East,Iraq,Downstream oil,Downstream,Oil,Other,0.83,6.55
Middle East,Iran,Downstream oil,Downstream,Oil,Other,2.21,6.55
Middle East,Syria,Downstream oil,Downstream,Oil,Other,1.2,6.55
Asia Pacific,China,Downstream oil,Downstream,Oil,Other,15.65,6.56
Middle East,Iran,Offshore gas,Upstream,Gas,Improve flaring,2.07,6.57
Middle East,Saudi Arabia,Offshore gas,Upstream,Gas,Improve flaring,0.16,6.57
Middle East,Qatar,Offshore gas,Upstream,Gas,Improve flaring,1.41,6.57
Middle East,United Arab Emirates,Offshore gas,Upstream,Gas,Improve flaring,0.13,6.57
Africa,Tanzania,Offshore gas,Upstream,Gas,Improve flaring,0.01,6.6
Africa,Nigeria,Offshore gas,Upstream,Gas,Improve flaring,0.17,6.6
Africa,Mozambique,Offshore gas,Upstream,Gas,Improve flaring,0.09,6.6
Europe,Netherlands,Offshore gas,Upstream,Gas,Improve flaring,0.01,6.6
Europe,Other EU17 countries,Offshore gas,Upstream,Gas,Improve flaring,0.01,6.6
Africa,Ghana,Offshore gas,Upstream,Gas,Improve flaring,0.02,6.6
Africa,Equatorial Guinea,Offshore gas,Upstream,Gas,Improve flaring,0.14,6.6
Africa,Cameroon,Offshore gas,Upstream,Gas,Improve flaring,0.03,6.6
Europe,Denmark,Offshore gas,Upstream,Gas,Improve flaring,0.01,6.6
Africa,Cote d'Ivoire,Offshore gas,Upstream,Gas,Improve flaring,0.02,6.6
Africa,Congo,Offshore gas,Upstream,Gas,Improve flaring,0.01,6.6
Middle East,Bahrain,Downstream oil,Downstream,Oil,Other,0.05,6.62
Asia Pacific,Australia,Offshore gas,Upstream,Gas,Improve flaring,0.33,6.65
Asia Pacific,New Zealand,Offshore gas,Upstream,Gas,Improve flaring,0.01,6.65
Asia Pacific,China,Offshore gas,Upstream,Gas,Improve flaring,0.23,6.67
Asia Pacific,Brunei,Offshore gas,Upstream,Gas,Improve flaring,0.05,6.68
Asia Pacific,Malaysia,Offshore gas,Upstream,Gas,Improve flaring,0.83,6.68
Asia Pacific,Other countries in Southeast Asia,Offshore gas,Upstream,Gas,Improve flaring,0.15,6.68
Asia Pacific,Thailand,Offshore gas,Upstream,Gas,Improve flaring,0.44,6.68
Asia Pacific,Philippines,Offshore gas,Upstream,Gas,Improve flaring,0.02,6.68
Asia Pacific,Viet Nam,Offshore gas,Upstream,Gas,Improve flaring,0.05,6.68
North America,United States,Offshore gas,Upstream,Gas,Improve flaring,0.16,6.72
Europe,United Kingdom,Offshore gas,Upstream,Gas,Improve flaring,0.09,6.8
Africa,Egypt,Unconventional gas,Upstream,Gas,Other,0.13,6.81
Middle East,Kuwait,Downstream gas,Downstream,Gas,Replace compressor seal or rod,3.34,6.81
North America,Mexico,Offshore gas,Upstream,Gas,Improve flaring,0.1,6.9
Asia Pacific,India,Offshore gas,Upstream,Gas,Improve flaring,0.64,6.92
Europe,Romania,Offshore gas,Upstream,Gas,Improve flaring,0.04,6.96
Middle East,Qatar,Offshore oil,Upstream,Oil,Improve flaring,2.43,7.01
Middle East,Oman,Offshore oil,Upstream,Oil,Improve flaring,0.01,7.01
Asia Pacific,India,Downstream oil,Downstream,Oil,Other,18.93,7.01
Middle East,Kuwait,Offshore oil,Upstream,Oil,Improve flaring,0.25,7.01
Middle East,Iran,Offshore oil,Upstream,Oil,Improve flaring,6.47,7.01
Africa,Mozambique,Offshore oil,Upstream,Oil,Improve flaring,0.16,7.04
Middle East,Saudi Arabia,Offshore oil,Upstream,Oil,Improve flaring,3.59,7.04
Africa,Senegal,Offshore oil,Upstream,Oil,Improve flaring,0.25,7.04
Asia Pacific,Indonesia,Offshore gas,Upstream,Gas,Improve flaring,0.49,7.05
Africa,Cote d'Ivoire,Offshore oil,Upstream,Oil,Improve flaring,0.07,7.07
Europe,Poland,Downstream oil,Downstream,Oil,Other,0.44,7.07
Europe,Poland,Offshore oil,Upstream,Oil,Improve flaring,0.01,7.07
Central and South America,Brazil,Offshore gas,Upstream,Gas,Improve flaring,0.16,7.15
Europe,Italy,Offshore oil,Upstream,Oil,Improve flaring,0.01,7.16
Europe,Germany,Offshore oil,Upstream,Oil,Improve flaring,0.02,7.17
Africa,Democratic Republic of Congo,Onshore conventional oil,Upstream,Oil,Vapour recovery units,1.49,7.17
Central and South America,Colombia,Offshore gas,Upstream,Gas,Improve flaring,0.01,7.18
Russia & Caspian,Kazakhstan,Offshore oil,Upstream,Oil,Improve flaring,0.67,7.21
Middle East,Kuwait,Downstream oil,Downstream,Oil,Other,0.39,7.22
Europe,Denmark,Offshore oil,Upstream,Oil,Improve flaring,0.05,7.24
North America,United States,Offshore oil,Upstream,Oil,Improve flaring,2.71,7.28
Asia Pacific,New Zealand,Downstream gas,Downstream,Gas,Other,0.37,7.31
North America,Mexico,Offshore oil,Upstream,Oil,Improve flaring,3.5,7.38
Asia Pacific,Indonesia,Downstream oil,Downstream,Oil,Other,2.6,7.39
Asia Pacific,Philippines,Offshore oil,Upstream,Oil,Improve flaring,0.03,7.4
Europe,Other countries in Europe,Offshore gas,Upstream,Gas,Improve flaring,0.02,7.43
Europe,Israel,Offshore gas,Upstream,Gas,Improve flaring,0.07,7.43
Russia & Caspian,Russia,Downstream oil,Downstream,Oil,Associated gas utilisation,0.7,7.46
Russia & Caspian,Azerbaijan,Offshore oil,Upstream,Oil,Improve flaring,1.07,7.54
Africa,Algeria,Unconventional gas,Upstream,Gas,Other,0.16,7.54
Other,Other,Downstream oil,Downstream,Oil,Other,1.3,7.61
Asia Pacific,Pakistan,Downstream oil,Downstream,Oil,Other,1.27,7.61
Asia Pacific,India,Unconventional gas,Upstream,Gas,Other,0.97,7.68
Africa,Nigeria,Offshore oil,Upstream,Oil,Improve flaring,5.13,7.74
Africa,Democratic Republic of Congo,Onshore conventional oil,Upstream,Oil,Vapour recovery units,0.99,7.75
Africa,Democratic Republic of Congo,Offshore oil,Upstream,Oil,Vapour recovery units,0.8,7.75
Africa,Egypt,Offshore gas,Upstream,Gas,Improve flaring,0.35,7.77
Africa,Libya,Offshore gas,Upstream,Gas,Improve flaring,0.03,7.77
Africa,Tunisia,Offshore gas,Upstream,Gas,Improve flaring,0.01,7.77
Europe,Norway,Offshore oil,Upstream,Oil,Improve flaring,0.02,7.86
Africa,Ghana,Offshore oil,Upstream,Oil,Improve flaring,0.34,7.86
Middle East,United Arab Emirates,Offshore oil,Upstream,Oil,Improve flaring,3.24,7.89
Central and South America,Argentina,Unconventional gas,Upstream,Gas,Other,6.6,7.94
Europe,Other EU17 countries,Unconventional gas,Upstream,Gas,Other,0.03,8.08
Asia Pacific,Brunei,Offshore oil,Upstream,Oil,Improve flaring,0.13,8.2
Asia Pacific,Japan,Onshore conventional gas,Upstream,Gas,Other,0.23,8.21
Asia Pacific,New Zealand,Offshore oil,Upstream,Oil,Improve flaring,0.02,8.21
Europe,Other countries in Europe,Onshore conventional gas,Upstream,Gas,Improve flaring,0.03,8.23
Russia & Caspian,Kazakhstan,Onshore conventional gas,Upstream,Gas,Improve flaring,0.47,8.23
Asia Pacific,India,Offshore oil,Upstream,Oil,Improve flaring,3.06,8.23
Middle East,Kuwait,Onshore conventional gas,Upstream,Gas,Improve flaring,0.27,8.27
Asia Pacific,Japan,Onshore conventional gas,Upstream,Gas,Improve flaring,0.06,8.27
Middle East,Iran,Onshore conventional gas,Upstream,Gas,Improve flaring,0.89,8.27
Middle East,Iraq,Onshore conventional gas,Upstream,Gas,Improve flaring,0.13,8.27
Middle East,Bahrain,Onshore conventional gas,Upstream,Gas,Improve flaring,0.49,8.27
Middle East,Oman,Onshore conventional gas,Upstream,Gas,Improve flaring,0.55,8.27
Middle East,Oman,Unconventional gas,Upstream,Gas,Improve flaring,0.38,8.27
Middle East,United Arab Emirates,Onshore conventional gas,Upstream,Gas,Improve flaring,0.39,8.27
Middle East,Saudi Arabia,Onshore conventional gas,Upstream,Gas,Improve flaring,0.41,8.27
Middle East,Saudi Arabia,Unconventional gas,Upstream,Gas,Improve flaring,0.11,8.27
Middle East,Syria,Onshore conventional gas,Upstream,Gas,Improve flaring,0.44,8.27
Middle East,Qatar,Onshore conventional gas,Upstream,Gas,Improve flaring,0.04,8.27
Europe,Ukraine,Onshore conventional gas,Upstream,Gas,Improve flaring,1.4,8.28
Russia & Caspian,Turkmenistan,Onshore conventional gas,Upstream,Gas,Improve flaring,10.13,8.29
Russia & Caspian,Uzbekistan,Onshore conventional gas,Upstream,Gas,Improve flaring,5.55,8.29
Other,Other,Onshore conventional gas,Upstream,Gas,Improve flaring,0.01,8.3
Europe,Other EU17 countries,Unconventional gas,Upstream,Gas,Improve flaring,0.01,8.31
Europe,Other EU17 countries,Onshore conventional gas,Upstream,Gas,Improve flaring,0.03,8.31
Europe,Netherlands,Onshore conventional gas,Upstream,Gas,Improve flaring,0.01,8.31
Africa,Nigeria,Onshore conventional gas,Upstream,Gas,Improve flaring,1.02,8.32
Africa,Tanzania,Onshore conventional gas,Upstream,Gas,Improve flaring,0.03,8.32
Africa,Senegal,Onshore conventional gas,Upstream,Gas,Improve flaring,0.05,8.32
Africa,Angola,Onshore conventional gas,Upstream,Gas,Improve flaring,0.03,8.32
Africa,Tanzania,Downstream gas,Downstream,Gas,Replace compressor seal or rod,0.54,8.33
Europe,Poland,Unconventional gas,Upstream,Gas,Improve flaring,0.02,8.36
Europe,Poland,Onshore conventional gas,Upstream,Gas,Improve flaring,0.08,8.36
Asia Pacific,New Zealand,Onshore conventional gas,Upstream,Gas,Improve flaring,0.02,8.37
Africa,Mozambique,Onshore conventional gas,Upstream,Gas,Improve flaring,0.25,8.37
Other,Other,Onshore conventional gas,Upstream,Gas,Improve flaring,0.33,8.37
Asia Pacific,Australia,Onshore conventional gas,Upstream,Gas,Improve flaring,0.03,8.37
Asia Pacific,Australia,Unconventional gas,Upstream,Gas,Improve flaring,0.53,8.37
Africa,Botswana,Unconventional gas,Upstream,Gas,Improve flaring,0.01,8.37
Africa,Congo,Onshore conventional gas,Upstream,Gas,Improve flaring,0.01,8.37
Africa,Gabon,Onshore conventional gas,Upstream,Gas,Improve flaring,0.01,8.37
Asia Pacific,Brunei,Onshore conventional gas,Upstream,Gas,Improve flaring,0.01,8.41
Asia Pacific,Thailand,Onshore conventional gas,Upstream,Gas,Improve flaring,0.05,8.41
Europe,Other countries in Europe,Onshore conventional gas,Upstream,Gas,Other,0.13,8.45
Asia Pacific,China,Onshore conventional gas,Upstream,Gas,Improve flaring,2.86,8.45
Asia Pacific,China,Unconventional gas,Upstream,Gas,Improve flaring,5.69,8.45
Africa,Equatorial Guinea,Offshore oil,Upstream,Oil,Improve flaring,1.94,8.46
Africa,Equatorial Guinea,Onshore conventional oil,Upstream,Oil,Improve flaring,0.61,8.46
Asia Pacific,Other countries in Southeast Asia,Onshore conventional gas,Upstream,Gas,Improve flaring,0.01,8.46
North America,United States,Onshore conventional gas,Upstream,Gas,Improve flaring,1.22,8.46
North America,United States,Unconventional gas,Upstream,Gas,Improve flaring,25.9,8.46
Europe,Norway,Offshore gas,Upstream,Gas,Improve flaring,0.16,8.48
Europe,Germany,Onshore conventional gas,Upstream,Gas,Improve flaring,0.05,8.49
Europe,Germany,Unconventional gas,Upstream,Gas,Improve flaring,0.01,8.49
Asia Pacific,Malaysia,Offshore oil,Upstream,Oil,Improve flaring,1.72,8.5
Europe,United Kingdom,Unconventional gas,Upstream,Gas,Other,0.02,8.53
Central and South America,Trinidad and Tobago,Offshore gas,Upstream,Gas,Improve flaring,0.24,8.53
Central and South America,Argentina,Offshore gas,Upstream,Gas,Improve flaring,0.1,8.53
Central and South America,Venezuela,Offshore gas,Upstream,Gas,Improve flaring,0.16,8.53
North America,Canada,Onshore conventional gas,Upstream,Gas,Improve flaring,1.17,8.57
North America,Canada,Unconventional gas,Upstream,Gas,Improve flaring,3.45,8.57
Central and South America,Colombia,Onshore conventional gas,Upstream,Gas,Improve flaring,0.15,8.62
Africa,Cameroon,Offshore oil,Upstream,Oil,Improve flaring,0.51,8.64
North America,Mexico,Onshore conventional gas,Upstream,Gas,Improve flaring,0.39,8.69
North America,Mexico,Unconventional gas,Upstream,Gas,Improve flaring,0.01,8.69
Asia Pacific,India,Unconventional gas,Upstream,Gas,Improve flaring,0.2,8.71
Asia Pacific,India,Onshore conventional gas,Upstream,Gas,Improve flaring,0.41,8.71
Central and South America,Brazil,Offshore oil,Upstream,Oil,Improve flaring,7.24,8.76
Asia Pacific,Bangladesh,Onshore conventional gas,Upstream,Gas,Improve flaring,0.43,8.83
Europe,Other EU7 countries,Onshore conventional gas,Upstream,Gas,Improve flaring,0.01,8.83
Asia Pacific,Pakistan,Onshore conventional gas,Upstream,Gas,Improve flaring,0.87,8.83
Asia Pacific,Pakistan,Unconventional gas,Upstream,Gas,Improve flaring,0.04,8.83
Europe,Romania,Onshore conventional gas,Upstream,Gas,Improve flaring,0.51,8.83
Asia Pacific,Indonesia,Onshore conventional gas,Upstream,Gas,Improve flaring,0.7,8.88
Africa,Tunisia,Offshore oil,Upstream,Oil,Improve flaring,0.03,8.94
Central and South America,Brazil,Onshore conventional gas,Upstream,Gas,Improve flaring,0.14,9.01
Central and South America,Cuba,Offshore oil,Upstream,Oil,Improve flaring,0.05,9.09
Central and South America,Guyana,Offshore oil,Upstream,Oil,Improve flaring,0.82,9.09
Africa,Libya,Offshore oil,Upstream,Oil,Improve flaring,0.12,9.09
North America,Mexico,Downstream oil,Downstream,Oil,Other,2.18,9.11
Asia Pacific,Indonesia,Offshore oil,Upstream,Oil,Improve flaring,0.43,9.17
Central and South America,Venezuela,Offshore oil,Upstream,Oil,Improve flaring,0.88,9.17
Africa,Egypt,Offshore oil,Upstream,Oil,Improve flaring,0.73,9.2
Russia & Caspian,Kazakhstan,Onshore conventional gas,Upstream,Gas,Other,2.37,9.22
Africa,Gabon,Offshore oil,Upstream,Oil,Improve flaring,0.75,9.26
Central and South America,Argentina,Offshore oil,Upstream,Oil,Improve flaring,0.1,9.32
Central and South America,Trinidad and Tobago,Offshore oil,Upstream,Oil,Improve flaring,0.12,9.34
Asia Pacific,Thailand,Offshore oil,Upstream,Oil,Improve flaring,0.97,9.51
Asia Pacific,Australia,Offshore oil,Upstream,Oil,Improve flaring,0.18,9.51
Africa,Equatorial Guinea,Onshore conventional oil,Upstream,Oil,Vapour recovery units,1.23,9.52
Africa,Equatorial Guinea,Offshore oil,Upstream,Oil,Vapour recovery units,1.69,9.52
Asia Pacific,Thailand,Onshore conventional gas,Upstream,Gas,Other,0.24,9.55
Europe,Estonia,Downstream oil,Downstream,Oil,Other,0.01,9.62
Africa,Congo,Offshore oil,Upstream,Oil,Improve flaring,1.83,9.69
Asia Pacific,Brunei,Onshore conventional gas,Upstream,Gas,Other,0.08,9.7
Central and South America,Peru,Offshore oil,Upstream,Oil,Improve flaring,0.01,9.73
Africa,Tunisia,Onshore conventional gas,Upstream,Gas,Improve flaring,0.03,9.79
Russia & Caspian,Russia,Offshore gas,Upstream,Gas,Improve flaring,0.21,9.79
Africa,Algeria,Unconventional gas,Upstream,Gas,Improve flaring,0.03,9.79
Africa,Algeria,Onshore conventional gas,Upstream,Gas,Improve flaring,1.91,9.79
Africa,Egypt,Onshore conventional gas,Upstream,Gas,Improve flaring,0.18,9.79
Africa,Egypt,Unconventional gas,Upstream,Gas,Improve flaring,0.03,9.79
Africa,Libya,Onshore conventional gas,Upstream,Gas,Improve flaring,0.1,9.79
Europe,Italy,Downstream gas,Downstream,Gas,Other,6.98,9.8
Asia Pacific,Viet Nam,Offshore oil,Upstream,Oil,Improve flaring,0.6,9.88
Africa,Democratic Republic of Congo,Offshore oil,Upstream,Oil,Improve flaring,0.09,10.24
Central and South America,Brazil,Onshore conventional gas,Upstream,Gas,Other,0.73,10.26
Europe,Other EU17 countries,Downstream gas,Downstream,Gas,Other,10.03,10.26
Europe,United Kingdom,Downstream gas,Downstream,Gas,Other,6.11,10.41
Europe,United Kingdom,Offshore oil,Upstream,Oil,Improve flaring,0.56,10.55
Africa,Angola,Offshore oil,Upstream,Oil,Improve flaring,1.37,10.73
Central and South America,Argentina,Unconventional gas,Upstream,Gas,Improve flaring,1.34,10.74
Central and South America,Argentina,Onshore conventional gas,Upstream,Gas,Improve flaring,0.23,10.74
Central and South America,Bolivia,Onshore conventional gas,Upstream,Gas,Improve flaring,0.18,10.74
Central and South America,Trinidad and Tobago,Onshore conventional gas,Upstream,Gas,Improve flaring,0.02,10.74
Central and South America,Peru,Onshore conventional gas,Upstream,Gas,Improve flaring,0.42,10.74
Central and South America,Venezuela,Onshore conventional gas,Upstream,Gas,Improve flaring,0.91,10.74
Central and South America,Cuba,Onshore conventional gas,Upstream,Gas,Improve flaring,0.03,10.81
Africa,Senegal,Onshore conventional gas,Upstream,Gas,Other,0.24,10.82
Russia & Caspian,Russia,Offshore oil,Upstream,Oil,Improve flaring,1.31,10.96
Asia Pacific,Pakistan,Unconventional gas,Upstream,Gas,Other,0.18,10.98
Middle East,Saudi Arabia,Onshore conventional gas,Upstream,Gas,Other,2.08,11.01
Middle East,Oman,Onshore conventional gas,Upstream,Gas,Other,2.77,11.11
Africa,Egypt,Onshore conventional gas,Upstream,Gas,Other,0.93,11.23
Europe,Romania,Offshore oil,Upstream,Oil,Improve flaring,0.04,11.29
Middle East,United Arab Emirates,Onshore conventional gas,Upstream,Gas,Other,1.98,11.3
Middle East,Qatar,Onshore conventional gas,Upstream,Gas,Other,0.22,11.31
Asia Pacific,China,Offshore oil,Upstream,Oil,Improve flaring,2.74,11.32
Europe,Romania,Downstream gas,Downstream,Gas,Other,4.22,11.37
Africa,Tunisia,Onshore conventional gas,Upstream,Gas,Other,0.14,11.4
Central and South America,Ecuador,Offshore oil,Upstream,Oil,Improve flaring,0.02,11.51
Central and South America,Ecuador,Onshore conventional gas,Upstream,Gas,Other,0.02,11.6
Russia & Caspian,Turkmenistan,Offshore oil,Upstream,Oil,Improve flaring,2.37,11.62
Middle East,Yemen,Onshore conventional gas,Upstream,Gas,Other,0.01,11.65
Africa,Libya,Onshore conventional gas,Upstream,Gas,Other,0.49,11.88
Africa,Algeria,Onshore conventional gas,Upstream,Gas,Other,9.69,11.88
Asia Pacific,Australia,Unconventional gas,Upstream,Gas,Other,2.58,11.97
Europe,Romania,Onshore conventional gas,Upstream,Gas,Other,2.04,12.01
North America,Mexico,Unconventional gas,Upstream,Gas,Other,0.04,12.1
Africa,Nigeria,Onshore conventional gas,Upstream,Gas,Other,5.17,12.27
Middle East,Iraq,Onshore conventional oil,Upstream,Oil,Improve flaring,36.54,12.3
Russia & Caspian,Russia,Onshore conventional gas,Upstream,Gas,Improve flaring,11.22,12.32
Russia & Caspian,Russia,Unconventional gas,Upstream,Gas,Improve flaring,1.2,12.32
Central and South America,Peru,Onshore conventional gas,Upstream,Gas,Other,2.12,12.33
Europe,Israel,Downstream gas,Downstream,Gas,Other,1.15,12.33
Middle East,Iraq,Onshore conventional gas,Upstream,Gas,Other,0.66,12.35
Middle East,Iran,Onshore conventional gas,Upstream,Gas,Other,4.5,12.35
Middle East,Syria,Onshore conventional gas,Upstream,Gas,Other,2.22,12.35
Central and South America,Trinidad and Tobago,Onshore conventional gas,Upstream,Gas,Other,0.12,12.46
Asia Pacific,India,Onshore conventional gas,Upstream,Gas,Other,2.08,12.58
Central and South America,Venezuela,Onshore conventional gas,Upstream,Gas,Other,4.63,12.6
Central and South America,Argentina,Onshore conventional gas,Upstream,Gas,Other,1.18,12.75
Middle East,Bahrain,Onshore conventional gas,Upstream,Gas,Other,2.47,12.94
Central and South America,Bolivia,Onshore conventional gas,Upstream,Gas,Other,0.91,13.17
Asia Pacific,Korea,Downstream oil,Downstream,Oil,Other,1.45,13.31
Africa,Angola,Onshore conventional gas,Upstream,Gas,Other,0.14,13.32
Asia Pacific,Indonesia,Onshore conventional gas,Upstream,Gas,Other,3.57,13.39
Other,Other,Onshore conventional gas,Upstream,Gas,Other,0.06,13.46
Asia Pacific,Bangladesh,Downstream oil,Downstream,Oil,Other,0.04,13.51
Russia & Caspian,Russia,Unconventional gas,Upstream,Gas,Other,5.92,13.74
Asia Pacific,Japan,Downstream oil,Downstream,Oil,Other,1.58,13.81
Asia Pacific,Bangladesh,Onshore conventional gas,Upstream,Gas,Other,2.17,13.96
Europe,Slovenia,Downstream oil,Downstream,Oil,Other,0.03,14.02
North America,Canada,Unconventional gas,Upstream,Gas,Other,16.96,14.24
Europe,Germany,Onshore conventional gas,Upstream,Gas,Other,0.21,14.27
Africa,South Africa,Onshore conventional oil,Upstream,Oil,Improve flaring,0.14,14.59
Middle East,Qatar,Onshore conventional oil,Upstream,Oil,Improve flaring,0.51,14.62
Middle East,Jordan,Onshore conventional oil,Upstream,Oil,Improve flaring,0.02,14.62
Middle East,Kuwait,Onshore conventional oil,Upstream,Oil,Improve flaring,3.51,14.62
Middle East,Bahrain,Onshore conventional oil,Upstream,Oil,Improve flaring,0.43,14.62
Middle East,Iran,Onshore conventional oil,Upstream,Oil,Improve flaring,9.89,14.63
Middle East,Oman,Onshore conventional oil,Upstream,Oil,Improve flaring,1.91,14.63
Middle East,Saudi Arabia,Onshore conventional oil,Upstream,Oil,Improve flaring,5.15,14.69
Africa,Mozambique,Onshore conventional oil,Upstream,Oil,Improve flaring,0.11,14.7
Europe,Poland,Onshore conventional oil,Upstream,Oil,Improve flaring,0.01,14.75
Europe,Italy,Onshore conventional oil,Upstream,Oil,Improve flaring,0.04,14.94
Europe,Germany,Onshore conventional oil,Upstream,Oil,Improve flaring,0.01,14.97
Russia & Caspian,Kazakhstan,Onshore conventional oil,Upstream,Oil,Improve flaring,2.12,15.05
Middle East,Syria,Onshore conventional oil,Upstream,Oil,Improve flaring,1.51,15.08
North America,United States,Onshore conventional oil,Upstream,Oil,Improve flaring,3.05,15.2
Africa,Niger,Onshore conventional oil,Upstream,Oil,Improve flaring,0.12,15.32
North America,United States,Unconventional gas,Upstream,Gas,Other,127.32,15.36
North America,Mexico,Onshore conventional oil,Upstream,Oil,Improve flaring,1.18,15.4
Middle East,Yemen,Onshore conventional oil,Upstream,Oil,Improve flaring,0.64,15.41
Europe,Germany,Downstream gas,Downstream,Gas,Other,6.66,15.42
North America,Canada,Unconventional oil,Upstream,Oil,Other,9.79,15.48
Asia Pacific,Pakistan,Onshore conventional gas,Upstream,Gas,Other,4.43,15.57
Europe,Other EU17 countries,Onshore conventional oil,Upstream,Oil,Improve flaring,0.04,15.58
Asia Pacific,Bangladesh,Onshore conventional oil,Upstream,Oil,Improve flaring,0.01,15.61
Asia Pacific,Other countries in Southeast Asia,Onshore conventional oil,Upstream,Oil,Improve flaring,0.02,15.67
Europe,Sweden,Downstream gas,Downstream,Gas,Other,0.17,15.69
Russia & Caspian,Azerbaijan,Onshore conventional oil,Upstream,Oil,Improve flaring,0.05,15.73
Other,Other,Onshore conventional oil,Upstream,Oil,Improve flaring,0.01,15.74
Asia Pacific,Pakistan,Onshore conventional oil,Upstream,Oil,Improve flaring,0.31,15.83
Europe,France,Downstream gas,Downstream,Gas,Other,5.15,16.13
Africa,Nigeria,Onshore conventional oil,Upstream,Oil,Improve flaring,3.28,16.16
Asia Pacific,New Zealand,Onshore conventional gas,Upstream,Gas,Other,0.1,16.18
North America,Mexico,Onshore conventional gas,Upstream,Gas,Other,1.97,16.2
Africa,Chad,Onshore conventional oil,Upstream,Oil,Improve flaring,0.31,16.2
Asia Pacific,Australia,Downstream gas,Downstream,Gas,Other,4.03,16.32
Europe,Italy,Onshore conventional gas,Upstream,Gas,Other,0.03,16.35
North America,United States,Unconventional oil,Upstream,Oil,Improve flaring,7.48,16.38
Africa,Ghana,Onshore conventional oil,Upstream,Oil,Improve flaring,0.07,16.4
Other,Other,Onshore conventional oil,Upstream,Oil,Improve flaring,0.02,16.47
Middle East,United Arab Emirates,Onshore conventional oil,Upstream,Oil,Improve flaring,1.96,16.48
North America,Canada,Downstream gas,Downstream,Gas,Other,20.95,16.49
North America,Canada,Onshore conventional oil,Upstream,Oil,Improve flaring,5.63,16.53
Europe,Israel,Onshore conventional oil,Upstream,Oil,Improve flaring,0.01,16.54
Europe,Other EU17 countries,Onshore conventional gas,Upstream,Gas,Other,0.16,16.59
Europe,Norway,Offshore oil,Upstream,Oil,Improve flaring,0.36,16.61
Russia & Caspian,Russia,Downstream gas,Downstream,Gas,Other,78.51,16.63
Africa,Equatorial Guinea,Offshore oil,Upstream,Oil,Improve flaring,0.4,16.82
North America,United States,Unconventional oil,Upstream,Oil,Other,108.81,16.82
Africa,Sudan,Onshore conventional oil,Upstream,Oil,Improve flaring,0.1,17.03
Asia Pacific,Brunei,Onshore conventional oil,Upstream,Oil,Improve flaring,0.01,17.12
Asia Pacific,India,Onshore conventional oil,Upstream,Oil,Improve flaring,1.38,17.18
Europe,Netherlands,Downstream gas,Downstream,Gas,Other,0.84,17.28
Europe,Other countries in Europe,Onshore conventional oil,Upstream,Oil,Improve flaring,0.11,17.49
Asia Pacific,Malaysia,Onshore conventional oil,Upstream,Oil,Improve flaring,0.06,17.74
North America,Canada,Unconventional oil,Upstream,Oil,Improve flaring,0.67,17.82
Africa,South Sudan,Onshore conventional oil,Upstream,Oil,Improve flaring,0.31,17.85
Europe,Other countries in Europe,Downstream gas,Downstream,Gas,Other,7.14,18.05
Europe,Other countries in Europe,Onshore conventional oil,Upstream,Oil,Improve flaring,0.21,18.24
Middle East,Kuwait,Onshore conventional gas,Upstream,Gas,Other,1.35,18.24
Europe,Italy,Downstream oil,Downstream,Oil,Other,0.73,18.25
Central and South America,Brazil,Onshore conventional oil,Upstream,Oil,Improve flaring,0.39,18.28
Africa,Tanzania,Onshore conventional gas,Upstream,Gas,Other,0.14,18.32
Africa,Tunisia,Onshore conventional oil,Upstream,Oil,Improve flaring,0.06,18.65
Europe,Other EU17 countries,Downstream oil,Downstream,Oil,Other,1.92,18.72
Africa,Algeria,Onshore conventional oil,Upstream,Oil,Improve flaring,4.68,18.8
Europe,United Kingdom,Downstream oil,Downstream,Oil,Other,0.87,18.92
Europe,France,Onshore conventional oil,Upstream,Oil,Improve flaring,0.02,18.95
Africa,Libya,Onshore conventional oil,Upstream,Oil,Improve flaring,3.04,18.96
Central and South America,Bolivia,Onshore conventional oil,Upstream,Oil,Improve flaring,0.11,18.97
Central and South America,Cuba,Onshore conventional oil,Upstream,Oil,Improve flaring,0.02,18.97
Central and South America,Venezuela,Onshore conventional oil,Upstream,Oil,Improve flaring,11.29,19.13
Asia Pacific,Indonesia,Onshore conventional oil,Upstream,Oil,Improve flaring,1.27,19.14
Africa,Egypt,Onshore conventional oil,Upstream,Oil,Improve flaring,0.87,19.21
Middle East,Jordan,Onshore conventional gas,Upstream,Gas,Other,0.01,19.23
Africa,Gabon,Onshore conventional oil,Upstream,Oil,Improve flaring,0.44,19.33
Europe,Denmark,Downstream gas,Downstream,Gas,Other,0.41,19.37
Central and South America,Argentina,Onshore conventional oil,Upstream,Oil,Improve flaring,0.8,19.44
Central and South America,Trinidad and Tobago,Onshore conventional oil,Upstream,Oil,Improve flaring,0.06,19.49
Asia Pacific,Japan,Onshore conventional oil,Upstream,Oil,Improve flaring,0.01,19.64
Asia Pacific,Australia,Onshore conventional oil,Upstream,Oil,Improve flaring,0.03,19.85
Asia Pacific,Thailand,Onshore conventional oil,Upstream,Oil,Improve flaring,0.11,19.85
Africa,Congo,Onshore conventional oil,Upstream,Oil,Improve flaring,0.36,20.22
Europe,Romania,Downstream oil,Downstream,Oil,Other,2.73,20.27
Europe,Estonia,Onshore conventional oil,Upstream,Oil,Improve flaring,0.02,20.28
Central and South America,Peru,Onshore conventional oil,Upstream,Oil,Improve flaring,0.21,20.3
North America,United States,Downstream gas,Downstream,Gas,Other,186.64,20.42
Africa,Botswana,Unconventional gas,Upstream,Gas,Other,0.03,20.65
Russia & Caspian,Uzbekistan,Onshore conventional oil,Upstream,Oil,Improve flaring,0.73,20.85
Central and South America,Argentina,Unconventional oil,Upstream,Oil,Improve flaring,2.3,20.97
Europe,Other EU7 countries,Onshore conventional oil,Upstream,Oil,Improve flaring,0.01,21.04
Other,Other,Onshore conventional oil,Upstream,Oil,Improve flaring,0.09,21.22
Europe,Netherlands,Onshore conventional gas,Upstream,Gas,Other,0.03,21.32
Africa,Democratic Republic of Congo,Onshore conventional oil,Upstream,Oil,Improve flaring,0.03,21.36
Europe,Israel,Downstream oil,Downstream,Oil,Other,0.12,21.77
Asia Pacific,Australia,Onshore conventional gas,Upstream,Gas,Other,0.16,21.96
Europe,United Kingdom,Onshore conventional oil,Upstream,Oil,Improve flaring,0.01,22.03
Africa,Angola,Onshore conventional oil,Upstream,Oil,Improve flaring,0.02,22.39
Russia & Caspian,Russia,Onshore conventional oil,Upstream,Oil,Improve flaring,22.07,22.88
Other,Other,Onshore conventional oil,Upstream,Oil,Improve flaring,0.05,22.9
North America,Canada,Onshore conventional gas,Upstream,Gas,Other,5.91,23.01
Europe,Romania,Onshore conventional oil,Upstream,Oil,Improve flaring,0.18,23.57
Asia Pacific,China,Onshore conventional oil,Upstream,Oil,Improve flaring,5.5,23.63
Central and South America,Ecuador,Onshore conventional oil,Upstream,Oil,Improve flaring,1.4,24.03
Russia & Caspian,Turkmenistan,Onshore conventional oil,Upstream,Oil,Improve flaring,2.11,24.24
Europe,Norway,Downstream gas,Downstream,Gas,Other,0.03,24.5
Russia & Caspian,Russia,Onshore conventional gas,Upstream,Gas,Other,56.88,24.64
Europe,Germany,Downstream oil,Downstream,Oil,Other,0.84,24.88
Central and South America,Colombia,Onshore conventional oil,Upstream,Oil,Improve flaring,0.35,24.91
Europe,Sweden,Downstream oil,Downstream,Oil,Other,0.12,25.14
North America,Canada,Downstream oil,Downstream,Oil,Other,1.85,25.21
North America,United States,Onshore conventional gas,Upstream,Gas,Other,6.16,25.34
Europe,France,Downstream oil,Downstream,Oil,Other,1.14,25.72
Asia Pacific,Australia,Downstream oil,Downstream,Oil,Other,0.49,25.82
Russia & Caspian,Russia,Downstream oil,Downstream,Oil,Other,6.14,27.51
Europe,Other countries in Europe,Downstream oil,Downstream,Oil,Other,1.14,28.87
Europe,Denmark,Downstream oil,Downstream,Oil,Other,0.1,29.48
North America,United States,Downstream oil,Downstream,Oil,Other,18.75,29.76
Asia Pacific,New Zealand,Downstream oil,Downstream,Oil,Other,0.01,30.58
Europe,Netherlands,Downstream oil,Downstream,Oil,Other,0.01,56.48
Europe,Ukraine,Onshore conventional gas,Upstream,Gas,Monitor and plug abandoned wells,72.44,63.97
Europe,Ukraine,Onshore conventional oil,Upstream,Oil,Monitor and plug abandoned wells,12.75,63.97
Russia & Caspian,Azerbaijan,Onshore conventional oil,Upstream,Oil,Monitor and plug abandoned wells,9.61,63.99
Russia & Caspian,Azerbaijan,Onshore conventional gas,Upstream,Gas,Monitor and plug abandoned wells,1.44,63.99
Africa,Angola,Onshore conventional oil,Upstream,Oil,Monitor and plug abandoned wells,0.23,64.57
Africa,Angola,Onshore conventional gas,Upstream,Gas,Monitor and plug abandoned wells,0.04,64.57
Africa,Congo,Onshore conventional oil,Upstream,Oil,Monitor and plug abandoned wells,0.05,64.57
Africa,Democratic Republic of Congo,Onshore conventional oil,Upstream,Oil,Monitor and plug abandoned wells,0.09,64.57
Africa,Sudan,Onshore conventional oil,Upstream,Oil,Monitor and plug abandoned wells,0.16,64.57
Africa,South Sudan,Onshore conventional oil,Upstream,Oil,Monitor and plug abandoned wells,0.61,64.57
Russia & Caspian,Turkmenistan,Onshore conventional oil,Upstream,Oil,Monitor and plug abandoned wells,24.64,65.14
Russia & Caspian,Turkmenistan,Onshore conventional gas,Upstream,Gas,Monitor and plug abandoned wells,192.52,65.14
Other,Other,Onshore conventional gas,Upstream,Gas,Monitor and plug abandoned wells,0.19,65.14
Other,Other,Onshore conventional oil,Upstream,Oil,Monitor and plug abandoned wells,0.53,65.14
Asia Pacific,Other countries in Southeast Asia,Onshore conventional oil,Upstream,Oil,Monitor and plug abandoned wells,1.39,65.21
Asia Pacific,Other countries in Southeast Asia,Onshore conventional gas,Upstream,Gas,Monitor and plug abandoned wells,2.42,65.21
Asia Pacific,Malaysia,Onshore conventional oil,Upstream,Oil,Monitor and plug abandoned wells,0.66,65.21
Asia Pacific,Thailand,Onshore conventional oil,Upstream,Oil,Monitor and plug abandoned wells,1.18,65.21
Asia Pacific,Thailand,Onshore conventional gas,Upstream,Gas,Monitor and plug abandoned wells,1.19,65.21
Asia Pacific,Brunei,Onshore conventional gas,Upstream,Gas,Monitor and plug abandoned wells,0.57,65.21
Asia Pacific,Brunei,Onshore conventional oil,Upstream,Oil,Monitor and plug abandoned wells,1.86,65.21
Asia Pacific,Viet Nam,Onshore conventional gas,Upstream,Gas,Monitor and plug abandoned wells,0.09,65.21
Asia Pacific,Viet Nam,Onshore conventional oil,Upstream,Oil,Monitor and plug abandoned wells,0.05,65.21
Central and South America,Colombia,Onshore conventional oil,Upstream,Oil,Monitor and plug abandoned wells,6.46,65.82
Central and South America,Colombia,Onshore conventional gas,Upstream,Gas,Monitor and plug abandoned wells,1.26,65.82
Russia & Caspian,Kazakhstan,Onshore conventional oil,Upstream,Oil,Monitor and plug abandoned wells,7.51,66.29
Russia & Caspian,Kazakhstan,Onshore conventional gas,Upstream,Gas,Monitor and plug abandoned wells,3.49,66.29
Other,Other,Onshore conventional oil,Upstream,Oil,Monitor and plug abandoned wells,0.17,69.3
Other,Other,Onshore conventional gas,Upstream,Gas,Monitor and plug abandoned wells,0.24,69.3
Central and South America,Brazil,Onshore conventional oil,Upstream,Oil,Monitor and plug abandoned wells,4.32,69.35
Central and South America,Brazil,Onshore conventional gas,Upstream,Gas,Monitor and plug abandoned wells,1.42,69.35
North America,Mexico,Onshore conventional gas,Upstream,Gas,Monitor and plug abandoned wells,4.8,71.12
North America,Mexico,Onshore conventional oil,Upstream,Oil,Monitor and plug abandoned wells,7.54,71.12
Europe,Other countries in Europe,Onshore conventional gas,Upstream,Gas,Monitor and plug abandoned wells,1.19,72.88
Europe,Other countries in Europe,Onshore conventional oil,Upstream,Oil,Monitor and plug abandoned wells,4.07,72.88
Russia & Caspian,Uzbekistan,Onshore conventional oil,Upstream,Oil,Monitor and plug abandoned wells,5.94,72.91
Russia & Caspian,Uzbekistan,Onshore conventional gas,Upstream,Gas,Monitor and plug abandoned wells,71.69,72.91
Middle East,Yemen,Onshore conventional oil,Upstream,Oil,Monitor and plug abandoned wells,22.28,73.19
Middle East,Oman,Onshore conventional gas,Upstream,Gas,Monitor and plug abandoned wells,0.92,73.19
Middle East,Oman,Onshore conventional oil,Upstream,Oil,Monitor and plug abandoned wells,4.85,73.19
Middle East,United Arab Emirates,Onshore conventional gas,Upstream,Gas,Monitor and plug abandoned wells,2.18,73.19
Middle East,United Arab Emirates,Onshore conventional oil,Upstream,Oil,Monitor and plug abandoned wells,4.89,73.19
Middle East,Syria,Onshore conventional gas,Upstream,Gas,Monitor and plug abandoned wells,3.11,73.19
Middle East,Syria,Onshore conventional oil,Upstream,Oil,Monitor and plug abandoned wells,16.69,73.19
Middle East,Saudi Arabia,Onshore conventional gas,Upstream,Gas,Monitor and plug abandoned wells,1.9,73.19
Middle East,Saudi Arabia,Unconventional gas,Upstream,Gas,Monitor and plug abandoned wells,0.06,73.19
Middle East,Saudi Arabia,Onshore conventional oil,Upstream,Oil,Monitor and plug abandoned wells,26.31,73.19
Middle East,Qatar,Onshore conventional oil,Upstream,Oil,Monitor and plug abandoned wells,2.33,73.19
Middle East,Qatar,Onshore conventional gas,Upstream,Gas,Monitor and plug abandoned wells,0.48,73.19
Middle East,Bahrain,Onshore conventional gas,Upstream,Gas,Monitor and plug abandoned wells,1.28,73.19
Middle East,Bahrain,Onshore conventional oil,Upstream,Oil,Monitor and plug abandoned wells,1.91,73.19
Middle East,Jordan,Onshore conventional gas,Upstream,Gas,Monitor and plug abandoned wells,0.05,73.19
Middle East,Kuwait,Onshore conventional gas,Upstream,Gas,Monitor and plug abandoned wells,1.8,73.19
Middle East,Kuwait,Onshore conventional oil,Upstream,Oil,Monitor and plug abandoned wells,21.36,73.19
Middle East,Iraq,Onshore conventional oil,Upstream,Oil,Monitor and plug abandoned wells,16.76,73.19
Middle East,Iraq,Onshore conventional gas,Upstream,Gas,Monitor and plug abandoned wells,0.65,73.19
Middle East,Iran,Onshore conventional gas,Upstream,Gas,Monitor and plug abandoned wells,6.68,73.19
Middle East,Iran,Onshore conventional oil,Upstream,Oil,Monitor and plug abandoned wells,33.98,73.19
Africa,Libya,Onshore conventional oil,Upstream,Oil,Monitor and plug abandoned wells,10.04,74.75
Africa,Libya,Onshore conventional gas,Upstream,Gas,Monitor and plug abandoned wells,0.83,74.75
Africa,Egypt,Onshore conventional gas,Upstream,Gas,Monitor and plug abandoned wells,1.6,74.75
Africa,Egypt,Onshore conventional oil,Upstream,Oil,Monitor and plug abandoned wells,3.42,74.75
Africa,Algeria,Onshore conventional oil,Upstream,Oil,Monitor and plug abandoned wells,13.13,74.75
Africa,Algeria,Onshore conventional gas,Upstream,Gas,Monitor and plug abandoned wells,14.11,74.75
Africa,Tunisia,Onshore conventional oil,Upstream,Oil,Monitor and plug abandoned wells,0.8,74.75
Africa,Tunisia,Onshore conventional gas,Upstream,Gas,Monitor and plug abandoned wells,0.14,74.75
Africa,Morocco,Onshore conventional oil,Upstream,Oil,Monitor and plug abandoned wells,0.02,74.75
Africa,Morocco,Onshore conventional gas,Upstream,Gas,Monitor and plug abandoned wells,0.01,74.75
Other,Other,Onshore conventional oil,Upstream,Oil,Monitor and plug abandoned wells,1.91,76.42
Other,Other,Onshore conventional gas,Upstream,Gas,Monitor and plug abandoned wells,3.76,76.42
Asia Pacific,China,Onshore conventional gas,Upstream,Gas,Monitor and plug abandoned wells,4.23,77
Asia Pacific,China,Unconventional gas,Upstream,Gas,Monitor and plug abandoned wells,4.83,77
Asia Pacific,China,Unconventional oil,Upstream,Oil,Monitor and plug abandoned wells,0.01,77
Asia Pacific,China,Onshore conventional oil,Upstream,Oil,Monitor and plug abandoned wells,21.19,77
Europe,Other EU7 countries,Onshore conventional gas,Upstream,Gas,Monitor and plug abandoned wells,0.39,78.12
Europe,Other EU7 countries,Onshore conventional oil,Upstream,Oil,Monitor and plug abandoned wells,0.71,78.12
Asia Pacific,India,Onshore conventional oil,Upstream,Oil,Monitor and plug abandoned wells,23.74,79.13
Asia Pacific,India,Onshore conventional gas,Upstream,Gas,Monitor and plug abandoned wells,7.75,79.13
Asia Pacific,Bangladesh,Onshore conventional gas,Upstream,Gas,Monitor and plug abandoned wells,5.18,79.98
Asia Pacific,Bangladesh,Onshore conventional oil,Upstream,Oil,Monitor and plug abandoned wells,0.09,79.98
Asia Pacific,Pakistan,Onshore conventional gas,Upstream,Gas,Monitor and plug abandoned wells,27.16,79.98
Asia Pacific,Pakistan,Onshore conventional oil,Upstream,Oil,Monitor and plug abandoned wells,3.08,79.98
Asia Pacific,Indonesia,Onshore conventional oil,Upstream,Oil,Monitor and plug abandoned wells,56.7,80.34
Asia Pacific,Indonesia,Onshore conventional gas,Upstream,Gas,Monitor and plug abandoned wells,37.67,80.34
Europe,Poland,Onshore conventional oil,Upstream,Oil,Monitor and plug abandoned wells,0.13,80.56
Europe,Poland,Onshore conventional gas,Upstream,Gas,Monitor and plug abandoned wells,2.16,80.56
Central and South America,Trinidad and Tobago,Onshore conventional oil,Upstream,Oil,Monitor and plug abandoned wells,0.8,81.31
Central and South America,Trinidad and Tobago,Onshore conventional gas,Upstream,Gas,Monitor and plug abandoned wells,0.38,81.31
Central and South America,Peru,Onshore conventional gas,Upstream,Gas,Monitor and plug abandoned wells,0.04,81.31
Central and South America,Peru,Onshore conventional oil,Upstream,Oil,Monitor and plug abandoned wells,4.15,81.31
Other,Other,Onshore conventional oil,Upstream,Oil,Monitor and plug abandoned wells,0.17,81.31
Central and South America,Ecuador,Onshore conventional oil,Upstream,Oil,Monitor and plug abandoned wells,7.09,81.31
Central and South America,Bolivia,Onshore conventional gas,Upstream,Gas,Monitor and plug abandoned wells,1.08,81.31
Central and South America,Bolivia,Onshore conventional oil,Upstream,Oil,Monitor and plug abandoned wells,0.57,81.31
Central and South America,Argentina,Unconventional oil,Upstream,Oil,Monitor and plug abandoned wells,1.57,81.31
Central and South America,Argentina,Onshore conventional oil,Upstream,Oil,Monitor and plug abandoned wells,7.17,81.31
Central and South America,Argentina,Onshore conventional gas,Upstream,Gas,Monitor and plug abandoned wells,6.77,81.31
Central and South America,Argentina,Unconventional gas,Upstream,Gas,Monitor and plug abandoned wells,2.11,81.31
Central and South America,Cuba,Onshore conventional oil,Upstream,Oil,Monitor and plug abandoned wells,0.29,81.31
Central and South America,Cuba,Onshore conventional gas,Upstream,Gas,Monitor and plug abandoned wells,0.06,81.31
Central and South America,Venezuela,Onshore conventional oil,Upstream,Oil,Monitor and plug abandoned wells,53.71,81.31
Central and South America,Venezuela,Onshore conventional gas,Upstream,Gas,Monitor and plug abandoned wells,11.94,81.31
Europe,Estonia,Onshore conventional oil,Upstream,Oil,Monitor and plug abandoned wells,0.11,87.76
Europe,Slovenia,Onshore conventional gas,Upstream,Gas,Monitor and plug abandoned wells,0.01,100.15
Asia Pacific,New Zealand,Onshore conventional oil,Upstream,Oil,Monitor and plug abandoned wells,0.07,100.5
Asia Pacific,New Zealand,Onshore conventional gas,Upstream,Gas,Monitor and plug abandoned wells,0.16,100.5
Europe,Italy,Onshore conventional gas,Upstream,Gas,Monitor and plug abandoned wells,1.13,112.69
Europe,Italy,Onshore conventional oil,Upstream,Oil,Monitor and plug abandoned wells,0.29,112.69
Europe,Other EU17 countries,Onshore conventional oil,Upstream,Oil,Monitor and plug abandoned wells,1.35,113.4
Europe,Other EU17 countries,Onshore conventional gas,Upstream,Gas,Monitor and plug abandoned wells,2.92,113.4
Europe,United Kingdom,Onshore conventional gas,Upstream,Gas,Monitor and plug abandoned wells,0.04,113.48
Europe,United Kingdom,Onshore conventional oil,Upstream,Oil,Monitor and plug abandoned wells,0.26,113.48
North America,Canada,Onshore conventional oil,Upstream,Oil,Monitor and plug abandoned wells,39.02,116.71
North America,Canada,Unconventional oil,Upstream,Oil,Monitor and plug abandoned wells,11.82,116.71
North America,Canada,Unconventional gas,Upstream,Gas,Monitor and plug abandoned wells,5.27,116.71
North America,Canada,Onshore conventional gas,Upstream,Gas,Monitor and plug abandoned wells,64.97,116.71
Europe,Romania,Onshore conventional gas,Upstream,Gas,Monitor and plug abandoned wells,33.11,119.97
Europe,Romania,Onshore conventional oil,Upstream,Oil,Monitor and plug abandoned wells,15.55,119.97
North America,United States,Onshore conventional gas,Upstream,Gas,Monitor and plug abandoned wells,279.83,129.11
North America,United States,Unconventional gas,Upstream,Gas,Monitor and plug abandoned wells,469.12,129.11
North America,United States,Onshore conventional oil,Upstream,Oil,Monitor and plug abandoned wells,199.38,129.11
North America,United States,Unconventional oil,Upstream,Oil,Monitor and plug abandoned wells,151.08,129.11
Asia Pacific,Australia,Unconventional gas,Upstream,Gas,Monitor and plug abandoned wells,0.01,130.44
Asia Pacific,Australia,Onshore conventional gas,Upstream,Gas,Monitor and plug abandoned wells,2.54,130.44
Asia Pacific,Australia,Onshore conventional oil,Upstream,Oil,Monitor and plug abandoned wells,0.97,130.44
Europe,Germany,Onshore conventional oil,Upstream,Oil,Monitor and plug abandoned wells,0.6,131.37
Europe,Germany,Onshore conventional gas,Upstream,Gas,Monitor and plug abandoned wells,2.53,131.37
Europe,France,Onshore conventional gas,Upstream,Gas,Monitor and plug abandoned wells,1.18,133.76
Europe,France,Onshore conventional oil,Upstream,Oil,Monitor and plug abandoned wells,0.46,133.76
Europe,Netherlands,Onshore conventional oil,Upstream,Oil,Monitor and plug abandoned wells,0.04,136.75
Europe,Netherlands,Onshore conventional gas,Upstream,Gas,Monitor and plug abandoned wells,1.94,136.75
Europe,Denmark,Onshore conventional oil,Upstream,Oil,Monitor and plug abandoned wells,0.02,143.72
Russia & Caspian,Russia,Onshore conventional gas,Upstream,Gas,Monitor and plug abandoned wells,249.96,144.54
Russia & Caspian,Russia,Onshore conventional oil,Upstream,Oil,Monitor and plug abandoned wells,172.95,144.54
Europe,Other countries in Europe,Onshore conventional gas,Upstream,Gas,Monitor and plug abandoned wells,0.1,147.01
Europe,Other countries in Europe,Onshore conventional oil,Upstream,Oil,Monitor and plug abandoned wells,1.48,147.01
