Region;Unit;Year;Hydrocarbon;Sector;Production source;Reason;Value
Algeria;Thousand tonnes;2025;Gas;Conventional;Onshore conventional gas;Abandoned facilities;17.632112894241214
Algeria;Thousand tonnes;2025;Gas;Conventional;Onshore conventional gas;Fugitive;97.81866666666666
Algeria;Thousand tonnes;2025;Gas;Conventional;Onshore conventional gas;Incomplete-flare;0.0
Algeria;Thousand tonnes;2025;Gas;Conventional;Onshore conventional gas;Vented;244.18
Algeria;Thousand tonnes;2025;Gas;Downstream;Downstream gas;Fugitive;46.64266666666666
Algeria;Thousand tonnes;2025;Gas;Downstream;Downstream gas;Vented;62.67333333333333
Algeria;Thousand tonnes;2025;Gas;Offshore;Offshore gas;Fugitive;0.0
Algeria;Thousand tonnes;2025;Gas;Offshore;Offshore gas;Incomplete-flare;0.0
Algeria;Thousand tonnes;2025;Gas;Offshore;Offshore gas;Vented;0.0
Algeria;Thousand tonnes;2025;Gas;Unconventional;Unconventional gas;Abandoned facilities;0.0
Algeria;Thousand tonnes;2025;Gas;Unconventional;Unconventional gas;Fugitive;1.9155833333333332
Algeria;Thousand tonnes;2025;Gas;Unconventional;Unconventional gas;Incomplete-flare;0.0
Algeria;Thousand tonnes;2025;Gas;Unconventional;Unconventional gas;Vented;4.781866666666667
Algeria;Thousand tonnes;2025;Oil;Conventional;Onshore conventional oil;Abandoned facilities;16.4180379765884
Algeria;Thousand tonnes;2025;Oil;Conventional;Onshore conventional oil;Fugitive;170.41666666666666
Algeria;Thousand tonnes;2025;Oil;Conventional;Onshore conventional oil;Incomplete-flare;508.3066666666667
Algeria;Thousand tonnes;2025;Oil;Conventional;Onshore conventional oil;Vented;681.66
Algeria;Thousand tonnes;2025;Oil;Downstream;Downstream oil;Fugitive;1.33381
Algeria;Thousand tonnes;2025;Oil;Downstream;Downstream oil;Vented;5.7547
Algeria;Thousand tonnes;2025;Oil;Offshore;Offshore oil;Fugitive;0.0
Algeria;Thousand tonnes;2025;Oil;Offshore;Offshore oil;Incomplete-flare;0.0
Algeria;Thousand tonnes;2025;Oil;Offshore;Offshore oil;Vented;0.0
Algeria;Thousand tonnes;2025;Oil;Unconventional;Unconventional oil;Abandoned facilities;0.0
Algeria;Thousand tonnes;2025;Oil;Unconventional;Unconventional oil;Fugitive;0.0
Algeria;Thousand tonnes;2025;Oil;Unconventional;Unconventional oil;Incomplete-flare;0.0
Algeria;Thousand tonnes;2025;Oil;Unconventional;Unconventional oil;Vented;0.0
Algeria;Thousand tonnes;2025;Satellite-detected large emitters;Satellite - downstream;Satellite - downstream;Fugitive;19.0
Algeria;Thousand tonnes;2025;Satellite-detected large emitters;Satellite - upstream;Satellite - upstream;Fugitive;55.3
Angola;Thousand tonnes;2025;Gas;Conventional;Onshore conventional gas;Abandoned facilities;0.0490833655864072
Angola;Thousand tonnes;2025;Gas;Conventional;Onshore conventional gas;Fugitive;1.4023166666666669
Angola;Thousand tonnes;2025;Gas;Conventional;Onshore conventional gas;Incomplete-flare;0.0
Angola;Thousand tonnes;2025;Gas;Conventional;Onshore conventional gas;Vented;3.5010666666666665
Angola;Thousand tonnes;2025;Gas;Downstream;Downstream gas;Fugitive;0.5449133333333334
Angola;Thousand tonnes;2025;Gas;Downstream;Downstream gas;Vented;0.73216
Angola;Thousand tonnes;2025;Gas;Offshore;Offshore gas;Fugitive;0.1118833333333333
Angola;Thousand tonnes;2025;Gas;Offshore;Offshore gas;Incomplete-flare;0.0
Angola;Thousand tonnes;2025;Gas;Offshore;Offshore gas;Vented;0.279332
Angola;Thousand tonnes;2025;Gas;Unconventional;Unconventional gas;Abandoned facilities;0.0
Angola;Thousand tonnes;2025;Gas;Unconventional;Unconventional gas;Fugitive;0.0
Angola;Thousand tonnes;2025;Gas;Unconventional;Unconventional gas;Incomplete-flare;0.0
Angola;Thousand tonnes;2025;Gas;Unconventional;Unconventional gas;Vented;0.0
Angola;Thousand tonnes;2025;Oil;Conventional;Onshore conventional oil;Abandoned facilities;0.283199503989875
Angola;Thousand tonnes;2025;Oil;Conventional;Onshore conventional oil;Fugitive;0.7599199999999999
Angola;Thousand tonnes;2025;Oil;Conventional;Onshore conventional oil;Incomplete-flare;0.1671623333333333
Angola;Thousand tonnes;2025;Oil;Conventional;Onshore conventional oil;Vented;3.0399066666666665
Angola;Thousand tonnes;2025;Oil;Downstream;Downstream oil;Fugitive;0.177905
Angola;Thousand tonnes;2025;Oil;Downstream;Downstream oil;Vented;0.7675333333333333
Angola;Thousand tonnes;2025;Oil;Offshore;Offshore oil;Fugitive;35.141666666666666
Angola;Thousand tonnes;2025;Oil;Offshore;Offshore oil;Incomplete-flare;10.5893
Angola;Thousand tonnes;2025;Oil;Offshore;Offshore oil;Vented;140.57666666666668
Angola;Thousand tonnes;2025;Oil;Unconventional;Unconventional oil;Abandoned facilities;0.0
Angola;Thousand tonnes;2025;Oil;Unconventional;Unconventional oil;Fugitive;0.0
Angola;Thousand tonnes;2025;Oil;Unconventional;Unconventional oil;Incomplete-flare;0.0
Angola;Thousand tonnes;2025;Oil;Unconventional;Unconventional oil;Vented;0.0
Angola;Thousand tonnes;2025;Satellite-detected large emitters;Satellite - downstream;Satellite - downstream;Fugitive;0.0
Angola;Thousand tonnes;2025;Satellite-detected large emitters;Satellite - upstream;Satellite - upstream;Fugitive;12.5
Argentina;Thousand tonnes;2025;Gas;Conventional;Onshore conventional gas;Abandoned facilities;8.461114582437492
Argentina;Thousand tonnes;2025;Gas;Conventional;Onshore conventional gas;Fugitive;11.927666666666664
Argentina;Thousand tonnes;2025;Gas;Conventional;Onshore conventional gas;Incomplete-flare;0.0
Argentina;Thousand tonnes;2025;Gas;Conventional;Onshore conventional gas;Vented;29.77413333333333
Argentina;Thousand tonnes;2025;Gas;Downstream;Downstream gas;Fugitive;48.84866666666667
Argentina;Thousand tonnes;2025;Gas;Downstream;Downstream gas;Vented;65.63633333333333
Argentina;Thousand tonnes;2025;Gas;Offshore;Offshore gas;Fugitive;10.636533333333334
Argentina;Thousand tonnes;2025;Gas;Offshore;Offshore gas;Incomplete-flare;0.0
Argentina;Thousand tonnes;2025;Gas;Offshore;Offshore gas;Vented;26.551233333333336
Argentina;Thousand tonnes;2025;Gas;Unconventional;Unconventional gas;Abandoned facilities;2.6408926753466875
Argentina;Thousand tonnes;2025;Gas;Unconventional;Unconventional gas;Fugitive;79.71066666666667
Argentina;Thousand tonnes;2025;Gas;Unconventional;Unconventional gas;Incomplete-flare;0.0
Argentina;Thousand tonnes;2025;Gas;Unconventional;Unconventional gas;Vented;198.98066666666668
Argentina;Thousand tonnes;2025;Oil;Conventional;Onshore conventional oil;Abandoned facilities;8.966252469678157
Argentina;Thousand tonnes;2025;Oil;Conventional;Onshore conventional oil;Fugitive;29.133766666666663
Argentina;Thousand tonnes;2025;Oil;Conventional;Onshore conventional oil;Incomplete-flare;11.775533333333334
Argentina;Thousand tonnes;2025;Oil;Conventional;Onshore conventional oil;Vented;116.53333333333332
Argentina;Thousand tonnes;2025;Oil;Downstream;Downstream oil;Fugitive;1.742373333333333
Argentina;Thousand tonnes;2025;Oil;Downstream;Downstream oil;Vented;7.5292
Argentina;Thousand tonnes;2025;Oil;Offshore;Offshore oil;Fugitive;2.613576666666667
Argentina;Thousand tonnes;2025;Oil;Offshore;Offshore oil;Incomplete-flare;0.1000136666666666
Argentina;Thousand tonnes;2025;Oil;Offshore;Offshore oil;Vented;10.454166666666667
Argentina;Thousand tonnes;2025;Oil;Unconventional;Unconventional oil;Abandoned facilities;1.9630888938652151
Argentina;Thousand tonnes;2025;Oil;Unconventional;Unconventional oil;Fugitive;91.33766666666666
Argentina;Thousand tonnes;2025;Oil;Unconventional;Unconventional oil;Incomplete-flare;50.525666666666666
Argentina;Thousand tonnes;2025;Oil;Unconventional;Unconventional oil;Vented;365.3566666666667
Argentina;Thousand tonnes;2025;Satellite-detected large emitters;Satellite - downstream;Satellite - downstream;Fugitive;9.6
Argentina;Thousand tonnes;2025;Satellite-detected large emitters;Satellite - upstream;Satellite - upstream;Fugitive;3.6
Australia;Thousand tonnes;2025;Gas;Conventional;Onshore conventional gas;Abandoned facilities;3.16984825077764
Australia;Thousand tonnes;2025;Gas;Conventional;Onshore conventional gas;Fugitive;1.5826233333333335
Australia;Thousand tonnes;2025;Gas;Conventional;Onshore conventional gas;Incomplete-flare;0.0
Australia;Thousand tonnes;2025;Gas;Conventional;Onshore conventional gas;Vented;3.9503333333333335
Australia;Thousand tonnes;2025;Gas;Downstream;Downstream gas;Fugitive;18.8531
Australia;Thousand tonnes;2025;Gas;Downstream;Downstream gas;Vented;25.335166666666662
Australia;Thousand tonnes;2025;Gas;Offshore;Offshore gas;Fugitive;36.95933333333333
Australia;Thousand tonnes;2025;Gas;Offshore;Offshore gas;Incomplete-flare;0.0
Australia;Thousand tonnes;2025;Gas;Offshore;Offshore gas;Vented;92.25333333333332
Australia;Thousand tonnes;2025;Gas;Unconventional;Unconventional gas;Abandoned facilities;0.0115231827393207
Australia;Thousand tonnes;2025;Gas;Unconventional;Unconventional gas;Fugitive;31.2078
Australia;Thousand tonnes;2025;Gas;Unconventional;Unconventional gas;Incomplete-flare;0.0
Australia;Thousand tonnes;2025;Gas;Unconventional;Unconventional gas;Vented;77.90599999999999
Australia;Thousand tonnes;2025;Oil;Conventional;Onshore conventional oil;Abandoned facilities;1.210140398331635
Australia;Thousand tonnes;2025;Oil;Conventional;Onshore conventional oil;Fugitive;1.1357133333333331
Australia;Thousand tonnes;2025;Oil;Conventional;Onshore conventional oil;Incomplete-flare;3.956866666666667
Australia;Thousand tonnes;2025;Oil;Conventional;Onshore conventional oil;Vented;4.542633333333333
Australia;Thousand tonnes;2025;Oil;Downstream;Downstream oil;Fugitive;0.6900999999999999
Australia;Thousand tonnes;2025;Oil;Downstream;Downstream oil;Vented;2.9799833333333337
Australia;Thousand tonnes;2025;Oil;Offshore;Offshore oil;Fugitive;4.507933333333333
Australia;Thousand tonnes;2025;Oil;Offshore;Offshore oil;Incomplete-flare;1.879036666666667
Australia;Thousand tonnes;2025;Oil;Offshore;Offshore oil;Vented;18.0308
Australia;Thousand tonnes;2025;Oil;Unconventional;Unconventional oil;Abandoned facilities;0.0
Australia;Thousand tonnes;2025;Oil;Unconventional;Unconventional oil;Fugitive;0.0
Australia;Thousand tonnes;2025;Oil;Unconventional;Unconventional oil;Incomplete-flare;0.0
Australia;Thousand tonnes;2025;Oil;Unconventional;Unconventional oil;Vented;0.0
Australia;Thousand tonnes;2025;Satellite-detected large emitters;Satellite - downstream;Satellite - downstream;Fugitive;0.2
Australia;Thousand tonnes;2025;Satellite-detected large emitters;Satellite - upstream;Satellite - upstream;Fugitive;1.4
Azerbaijan;Thousand tonnes;2025;Gas;Conventional;Onshore conventional gas;Abandoned facilities;1.8015852123585936
Azerbaijan;Thousand tonnes;2025;Gas;Conventional;Onshore conventional gas;Fugitive;0.00238217
Azerbaijan;Thousand tonnes;2025;Gas;Conventional;Onshore conventional gas;Incomplete-flare;0.0
Azerbaijan;Thousand tonnes;2025;Gas;Conventional;Onshore conventional gas;Vented;0.0059464999999999
Azerbaijan;Thousand tonnes;2025;Gas;Downstream;Downstream gas;Fugitive;11.037733333333334
Azerbaijan;Thousand tonnes;2025;Gas;Downstream;Downstream gas;Vented;14.830133333333333
Azerbaijan;Thousand tonnes;2025;Gas;Offshore;Offshore gas;Fugitive;26.391133333333336
Azerbaijan;Thousand tonnes;2025;Gas;Offshore;Offshore gas;Incomplete-flare;0.0
Azerbaijan;Thousand tonnes;2025;Gas;Offshore;Offshore gas;Vented;65.87899999999999
Azerbaijan;Thousand tonnes;2025;Gas;Unconventional;Unconventional gas;Abandoned facilities;0.0
Azerbaijan;Thousand tonnes;2025;Gas;Unconventional;Unconventional gas;Fugitive;0.0
Azerbaijan;Thousand tonnes;2025;Gas;Unconventional;Unconventional gas;Incomplete-flare;0.0
Azerbaijan;Thousand tonnes;2025;Gas;Unconventional;Unconventional gas;Vented;0.0
Azerbaijan;Thousand tonnes;2025;Oil;Conventional;Onshore conventional oil;Abandoned facilities;12.006862376828638
Azerbaijan;Thousand tonnes;2025;Oil;Conventional;Onshore conventional oil;Fugitive;1.722716666666667
Azerbaijan;Thousand tonnes;2025;Oil;Conventional;Onshore conventional oil;Incomplete-flare;1.1692933333333333
Azerbaijan;Thousand tonnes;2025;Oil;Conventional;Onshore conventional oil;Vented;6.8907
Azerbaijan;Thousand tonnes;2025;Oil;Downstream;Downstream oil;Fugitive;0.3440766666666667
Azerbaijan;Thousand tonnes;2025;Oil;Downstream;Downstream oil;Vented;1.48538
Azerbaijan;Thousand tonnes;2025;Oil;Offshore;Offshore oil;Fugitive;27.58933333333333
Azerbaijan;Thousand tonnes;2025;Oil;Offshore;Offshore oil;Incomplete-flare;6.200733333333333
Azerbaijan;Thousand tonnes;2025;Oil;Offshore;Offshore oil;Vented;110.35466666666666
Azerbaijan;Thousand tonnes;2025;Oil;Unconventional;Unconventional oil;Abandoned facilities;0.0
Azerbaijan;Thousand tonnes;2025;Oil;Unconventional;Unconventional oil;Fugitive;0.0
Azerbaijan;Thousand tonnes;2025;Oil;Unconventional;Unconventional oil;Incomplete-flare;0.0
Azerbaijan;Thousand tonnes;2025;Oil;Unconventional;Unconventional oil;Vented;0.0
Azerbaijan;Thousand tonnes;2025;Satellite-detected large emitters;Satellite - downstream;Satellite - downstream;Fugitive;8.3
Azerbaijan;Thousand tonnes;2025;Satellite-detected large emitters;Satellite - upstream;Satellite - upstream;Fugitive;8.3
Bahrain;Thousand tonnes;2025;Gas;Conventional;Onshore conventional gas;Abandoned facilities;1.5985082550445149
Bahrain;Thousand tonnes;2025;Gas;Conventional;Onshore conventional gas;Fugitive;24.956233333333333
Bahrain;Thousand tonnes;2025;Gas;Conventional;Onshore conventional gas;Incomplete-flare;0.0
Bahrain;Thousand tonnes;2025;Gas;Conventional;Onshore conventional gas;Vented;62.3
Bahrain;Thousand tonnes;2025;Gas;Downstream;Downstream gas;Fugitive;13.39
Bahrain;Thousand tonnes;2025;Gas;Downstream;Downstream gas;Vented;17.99203333333333
Bahrain;Thousand tonnes;2025;Gas;Offshore;Offshore gas;Fugitive;0.0
Bahrain;Thousand tonnes;2025;Gas;Offshore;Offshore gas;Incomplete-flare;0.0
Bahrain;Thousand tonnes;2025;Gas;Offshore;Offshore gas;Vented;0.0
Bahrain;Thousand tonnes;2025;Gas;Unconventional;Unconventional gas;Abandoned facilities;0.0
Bahrain;Thousand tonnes;2025;Gas;Unconventional;Unconventional gas;Fugitive;0.0
Bahrain;Thousand tonnes;2025;Gas;Unconventional;Unconventional gas;Incomplete-flare;0.0
Bahrain;Thousand tonnes;2025;Gas;Unconventional;Unconventional gas;Vented;0.0
Bahrain;Thousand tonnes;2025;Oil;Conventional;Onshore conventional oil;Abandoned facilities;2.383919213481039
Bahrain;Thousand tonnes;2025;Oil;Conventional;Onshore conventional oil;Fugitive;15.531
Bahrain;Thousand tonnes;2025;Oil;Conventional;Onshore conventional oil;Incomplete-flare;2.49229
Bahrain;Thousand tonnes;2025;Oil;Conventional;Onshore conventional oil;Vented;62.123000000000005
Bahrain;Thousand tonnes;2025;Oil;Downstream;Downstream oil;Fugitive;0.0734926666666666
Bahrain;Thousand tonnes;2025;Oil;Downstream;Downstream oil;Vented;0.317719
Bahrain;Thousand tonnes;2025;Oil;Offshore;Offshore oil;Fugitive;0.0
Bahrain;Thousand tonnes;2025;Oil;Offshore;Offshore oil;Incomplete-flare;0.0
Bahrain;Thousand tonnes;2025;Oil;Offshore;Offshore oil;Vented;0.0
Bahrain;Thousand tonnes;2025;Oil;Unconventional;Unconventional oil;Abandoned facilities;0.0
Bahrain;Thousand tonnes;2025;Oil;Unconventional;Unconventional oil;Fugitive;0.0
Bahrain;Thousand tonnes;2025;Oil;Unconventional;Unconventional oil;Incomplete-flare;0.0
Bahrain;Thousand tonnes;2025;Oil;Unconventional;Unconventional oil;Vented;0.0
Bahrain;Thousand tonnes;2025;Satellite-detected large emitters;Satellite - downstream;Satellite - downstream;Fugitive;8.8
Bahrain;Thousand tonnes;2025;Satellite-detected large emitters;Satellite - upstream;Satellite - upstream;Fugitive;2.2
Bangladesh;Thousand tonnes;2025;Gas;Conventional;Onshore conventional gas;Abandoned facilities;6.473156854884368
Bangladesh;Thousand tonnes;2025;Gas;Conventional;Onshore conventional gas;Fugitive;21.912433333333336
Bangladesh;Thousand tonnes;2025;Gas;Conventional;Onshore conventional gas;Incomplete-flare;0.0
Bangladesh;Thousand tonnes;2025;Gas;Conventional;Onshore conventional gas;Vented;54.699666666666666
Bangladesh;Thousand tonnes;2025;Gas;Downstream;Downstream gas;Fugitive;28.6272
Bangladesh;Thousand tonnes;2025;Gas;Downstream;Downstream gas;Vented;38.46866666666666
Bangladesh;Thousand tonnes;2025;Gas;Offshore;Offshore gas;Fugitive;0.0
Bangladesh;Thousand tonnes;2025;Gas;Offshore;Offshore gas;Incomplete-flare;0.0
Bangladesh;Thousand tonnes;2025;Gas;Offshore;Offshore gas;Vented;0.0
Bangladesh;Thousand tonnes;2025;Gas;Unconventional;Unconventional gas;Abandoned facilities;0.0
Bangladesh;Thousand tonnes;2025;Gas;Unconventional;Unconventional gas;Fugitive;0.0
Bangladesh;Thousand tonnes;2025;Gas;Unconventional;Unconventional gas;Incomplete-flare;0.0
Bangladesh;Thousand tonnes;2025;Gas;Unconventional;Unconventional gas;Vented;0.0
Bangladesh;Thousand tonnes;2025;Oil;Conventional;Onshore conventional oil;Abandoned facilities;0.1098138790203035
Bangladesh;Thousand tonnes;2025;Oil;Conventional;Onshore conventional oil;Fugitive;0.2589753333333333
Bangladesh;Thousand tonnes;2025;Oil;Conventional;Onshore conventional oil;Incomplete-flare;0.0
Bangladesh;Thousand tonnes;2025;Oil;Conventional;Onshore conventional oil;Vented;1.0359533333333333
Bangladesh;Thousand tonnes;2025;Oil;Downstream;Downstream oil;Fugitive;0.4528333333333333
Bangladesh;Thousand tonnes;2025;Oil;Downstream;Downstream oil;Vented;1.95405
Bangladesh;Thousand tonnes;2025;Oil;Offshore;Offshore oil;Fugitive;0.0
Bangladesh;Thousand tonnes;2025;Oil;Offshore;Offshore oil;Incomplete-flare;0.0
Bangladesh;Thousand tonnes;2025;Oil;Offshore;Offshore oil;Vented;0.0
Bangladesh;Thousand tonnes;2025;Oil;Unconventional;Unconventional oil;Abandoned facilities;0.0
Bangladesh;Thousand tonnes;2025;Oil;Unconventional;Unconventional oil;Fugitive;0.0
Bangladesh;Thousand tonnes;2025;Oil;Unconventional;Unconventional oil;Incomplete-flare;0.0
Bangladesh;Thousand tonnes;2025;Oil;Unconventional;Unconventional oil;Vented;0.0
Bangladesh;Thousand tonnes;2025;Satellite-detected large emitters;Satellite - downstream;Satellite - downstream;Fugitive;32.2
Bangladesh;Thousand tonnes;2025;Satellite-detected large emitters;Satellite - upstream;Satellite - upstream;Fugitive;36.1
Benin;Thousand tonnes;2025;Gas;Conventional;Onshore conventional gas;Abandoned facilities;0.0
Benin;Thousand tonnes;2025;Gas;Conventional;Onshore conventional gas;Fugitive;0.0
Benin;Thousand tonnes;2025;Gas;Conventional;Onshore conventional gas;Incomplete-flare;0.0
Benin;Thousand tonnes;2025;Gas;Conventional;Onshore conventional gas;Vented;0.0
Benin;Thousand tonnes;2025;Gas;Downstream;Downstream gas;Fugitive;0.1579256666666667
Benin;Thousand tonnes;2025;Gas;Downstream;Downstream gas;Vented;0.2121953333333333
Benin;Thousand tonnes;2025;Gas;Offshore;Offshore gas;Fugitive;0.0
Benin;Thousand tonnes;2025;Gas;Offshore;Offshore gas;Incomplete-flare;0.0
Benin;Thousand tonnes;2025;Gas;Offshore;Offshore gas;Vented;0.0
Benin;Thousand tonnes;2025;Gas;Unconventional;Unconventional gas;Abandoned facilities;0.0
Benin;Thousand tonnes;2025;Gas;Unconventional;Unconventional gas;Fugitive;0.0
Benin;Thousand tonnes;2025;Gas;Unconventional;Unconventional gas;Incomplete-flare;0.0
Benin;Thousand tonnes;2025;Gas;Unconventional;Unconventional gas;Vented;0.0
Benin;Thousand tonnes;2025;Oil;Conventional;Onshore conventional oil;Abandoned facilities;0.0044805883836646
Benin;Thousand tonnes;2025;Oil;Conventional;Onshore conventional oil;Fugitive;0.0
Benin;Thousand tonnes;2025;Oil;Conventional;Onshore conventional oil;Incomplete-flare;0.0
Benin;Thousand tonnes;2025;Oil;Conventional;Onshore conventional oil;Vented;0.0
Benin;Thousand tonnes;2025;Oil;Downstream;Downstream oil;Fugitive;0.144948
Benin;Thousand tonnes;2025;Oil;Downstream;Downstream oil;Vented;0.6258900000000001
Benin;Thousand tonnes;2025;Oil;Offshore;Offshore oil;Fugitive;0.0
Benin;Thousand tonnes;2025;Oil;Offshore;Offshore oil;Incomplete-flare;0.0
Benin;Thousand tonnes;2025;Oil;Offshore;Offshore oil;Vented;0.0
Benin;Thousand tonnes;2025;Oil;Unconventional;Unconventional oil;Abandoned facilities;0.0
Benin;Thousand tonnes;2025;Oil;Unconventional;Unconventional oil;Fugitive;0.0
Benin;Thousand tonnes;2025;Oil;Unconventional;Unconventional oil;Incomplete-flare;0.0
Benin;Thousand tonnes;2025;Oil;Unconventional;Unconventional oil;Vented;0.0
Benin;Thousand tonnes;2025;Satellite-detected large emitters;Satellite - downstream;Satellite - downstream;Fugitive;0.0
Benin;Thousand tonnes;2025;Satellite-detected large emitters;Satellite - upstream;Satellite - upstream;Fugitive;0.0
Bolivia;Thousand tonnes;2025;Gas;Conventional;Onshore conventional gas;Abandoned facilities;1.3478299341558526
Bolivia;Thousand tonnes;2025;Gas;Conventional;Onshore conventional gas;Fugitive;9.165566666666669
Bolivia;Thousand tonnes;2025;Gas;Conventional;Onshore conventional gas;Incomplete-flare;0.0
Bolivia;Thousand tonnes;2025;Gas;Conventional;Onshore conventional gas;Vented;22.8798
Bolivia;Thousand tonnes;2025;Gas;Downstream;Downstream gas;Fugitive;9.170866666666663
Bolivia;Thousand tonnes;2025;Gas;Downstream;Downstream gas;Vented;12.322733333333334
Bolivia;Thousand tonnes;2025;Gas;Offshore;Offshore gas;Fugitive;0.0
Bolivia;Thousand tonnes;2025;Gas;Offshore;Offshore gas;Incomplete-flare;0.0
Bolivia;Thousand tonnes;2025;Gas;Offshore;Offshore gas;Vented;0.0
Bolivia;Thousand tonnes;2025;Gas;Unconventional;Unconventional gas;Abandoned facilities;0.0
Bolivia;Thousand tonnes;2025;Gas;Unconventional;Unconventional gas;Fugitive;0.0
Bolivia;Thousand tonnes;2025;Gas;Unconventional;Unconventional gas;Incomplete-flare;0.0
Bolivia;Thousand tonnes;2025;Gas;Unconventional;Unconventional gas;Vented;0.0
Bolivia;Thousand tonnes;2025;Oil;Conventional;Onshore conventional oil;Abandoned facilities;0.7115851707627959
Bolivia;Thousand tonnes;2025;Oil;Conventional;Onshore conventional oil;Fugitive;4.142433333333333
Bolivia;Thousand tonnes;2025;Oil;Conventional;Onshore conventional oil;Incomplete-flare;1.1459933333333334
Bolivia;Thousand tonnes;2025;Oil;Conventional;Onshore conventional oil;Vented;16.569733333333332
Bolivia;Thousand tonnes;2025;Oil;Downstream;Downstream oil;Fugitive;0.75148
Bolivia;Thousand tonnes;2025;Oil;Downstream;Downstream oil;Vented;3.2434133333333337
Bolivia;Thousand tonnes;2025;Oil;Offshore;Offshore oil;Fugitive;0.0
Bolivia;Thousand tonnes;2025;Oil;Offshore;Offshore oil;Incomplete-flare;0.0
Bolivia;Thousand tonnes;2025;Oil;Offshore;Offshore oil;Vented;0.0
Bolivia;Thousand tonnes;2025;Oil;Unconventional;Unconventional oil;Abandoned facilities;0.0
Bolivia;Thousand tonnes;2025;Oil;Unconventional;Unconventional oil;Fugitive;0.0
Bolivia;Thousand tonnes;2025;Oil;Unconventional;Unconventional oil;Incomplete-flare;0.0
Bolivia;Thousand tonnes;2025;Oil;Unconventional;Unconventional oil;Vented;0.0
Bolivia;Thousand tonnes;2025;Satellite-detected large emitters;Satellite - downstream;Satellite - downstream;Fugitive;0.0
Bolivia;Thousand tonnes;2025;Satellite-detected large emitters;Satellite - upstream;Satellite - upstream;Fugitive;0.0
Botswana;Thousand tonnes;2025;Gas;Conventional;Onshore conventional gas;Abandoned facilities;0.0
Botswana;Thousand tonnes;2025;Gas;Conventional;Onshore conventional gas;Fugitive;0.0
Botswana;Thousand tonnes;2025;Gas;Conventional;Onshore conventional gas;Incomplete-flare;0.0
Botswana;Thousand tonnes;2025;Gas;Conventional;Onshore conventional gas;Vented;0.0
Botswana;Thousand tonnes;2025;Gas;Downstream;Downstream gas;Fugitive;0.0
Botswana;Thousand tonnes;2025;Gas;Downstream;Downstream gas;Vented;0.0
Botswana;Thousand tonnes;2025;Gas;Offshore;Offshore gas;Fugitive;0.0
Botswana;Thousand tonnes;2025;Gas;Offshore;Offshore gas;Incomplete-flare;0.0
Botswana;Thousand tonnes;2025;Gas;Offshore;Offshore gas;Vented;0.0
Botswana;Thousand tonnes;2025;Gas;Unconventional;Unconventional gas;Abandoned facilities;0.0
Botswana;Thousand tonnes;2025;Gas;Unconventional;Unconventional gas;Fugitive;0.5042866666666667
Botswana;Thousand tonnes;2025;Gas;Unconventional;Unconventional gas;Incomplete-flare;0.0
Botswana;Thousand tonnes;2025;Gas;Unconventional;Unconventional gas;Vented;1.2588833333333334
Botswana;Thousand tonnes;2025;Oil;Conventional;Onshore conventional oil;Abandoned facilities;0.0
Botswana;Thousand tonnes;2025;Oil;Conventional;Onshore conventional oil;Fugitive;0.0
Botswana;Thousand tonnes;2025;Oil;Conventional;Onshore conventional oil;Incomplete-flare;0.0
Botswana;Thousand tonnes;2025;Oil;Conventional;Onshore conventional oil;Vented;0.0
Botswana;Thousand tonnes;2025;Oil;Downstream;Downstream oil;Fugitive;0.0238653
Botswana;Thousand tonnes;2025;Oil;Downstream;Downstream oil;Vented;0.102848
Botswana;Thousand tonnes;2025;Oil;Offshore;Offshore oil;Fugitive;0.0
Botswana;Thousand tonnes;2025;Oil;Offshore;Offshore oil;Incomplete-flare;0.0
Botswana;Thousand tonnes;2025;Oil;Offshore;Offshore oil;Vented;0.0
Botswana;Thousand tonnes;2025;Oil;Unconventional;Unconventional oil;Abandoned facilities;0.0
Botswana;Thousand tonnes;2025;Oil;Unconventional;Unconventional oil;Fugitive;0.0
Botswana;Thousand tonnes;2025;Oil;Unconventional;Unconventional oil;Incomplete-flare;0.0
Botswana;Thousand tonnes;2025;Oil;Unconventional;Unconventional oil;Vented;0.0
Botswana;Thousand tonnes;2025;Satellite-detected large emitters;Satellite - downstream;Satellite - downstream;Fugitive;0.0
Botswana;Thousand tonnes;2025;Satellite-detected large emitters;Satellite - upstream;Satellite - upstream;Fugitive;0.0
Brazil;Thousand tonnes;2025;Gas;Conventional;Onshore conventional gas;Abandoned facilities;1.780591703960879
Brazil;Thousand tonnes;2025;Gas;Conventional;Onshore conventional gas;Fugitive;7.375566666666667
Brazil;Thousand tonnes;2025;Gas;Conventional;Onshore conventional gas;Incomplete-flare;0.0
Brazil;Thousand tonnes;2025;Gas;Conventional;Onshore conventional gas;Vented;18.411
Brazil;Thousand tonnes;2025;Gas;Downstream;Downstream gas;Fugitive;37.001666666666665
Brazil;Thousand tonnes;2025;Gas;Downstream;Downstream gas;Vented;49.717333333333336
Brazil;Thousand tonnes;2025;Gas;Offshore;Offshore gas;Fugitive;18.19
Brazil;Thousand tonnes;2025;Gas;Offshore;Offshore gas;Incomplete-flare;0.0
Brazil;Thousand tonnes;2025;Gas;Offshore;Offshore gas;Vented;45.406
Brazil;Thousand tonnes;2025;Gas;Unconventional;Unconventional gas;Abandoned facilities;0.0
Brazil;Thousand tonnes;2025;Gas;Unconventional;Unconventional gas;Fugitive;0.0
Brazil;Thousand tonnes;2025;Gas;Unconventional;Unconventional gas;Incomplete-flare;0.0
Brazil;Thousand tonnes;2025;Gas;Unconventional;Unconventional gas;Vented;0.0
Brazil;Thousand tonnes;2025;Oil;Conventional;Onshore conventional oil;Abandoned facilities;5.406127332039096
Brazil;Thousand tonnes;2025;Oil;Conventional;Onshore conventional oil;Fugitive;14.183366666666666
Brazil;Thousand tonnes;2025;Oil;Conventional;Onshore conventional oil;Incomplete-flare;2.247876666666667
Brazil;Thousand tonnes;2025;Oil;Conventional;Onshore conventional oil;Vented;56.73066666666667
Brazil;Thousand tonnes;2025;Oil;Downstream;Downstream oil;Fugitive;4.514733333333334
Brazil;Thousand tonnes;2025;Oil;Downstream;Downstream oil;Vented;19.491633333333333
Brazil;Thousand tonnes;2025;Oil;Offshore;Offshore oil;Fugitive;186.29866666666663
Brazil;Thousand tonnes;2025;Oil;Offshore;Offshore oil;Incomplete-flare;27.94473333333333
Brazil;Thousand tonnes;2025;Oil;Offshore;Offshore oil;Vented;745.16
Brazil;Thousand tonnes;2025;Oil;Unconventional;Unconventional oil;Abandoned facilities;0.0
Brazil;Thousand tonnes;2025;Oil;Unconventional;Unconventional oil;Fugitive;0.0
Brazil;Thousand tonnes;2025;Oil;Unconventional;Unconventional oil;Incomplete-flare;0.0097325666666666
Brazil;Thousand tonnes;2025;Oil;Unconventional;Unconventional oil;Vented;0.0
Brazil;Thousand tonnes;2025;Satellite-detected large emitters;Satellite - downstream;Satellite - downstream;Fugitive;0.0
Brazil;Thousand tonnes;2025;Satellite-detected large emitters;Satellite - upstream;Satellite - upstream;Fugitive;0.0
Brunei;Thousand tonnes;2025;Gas;Conventional;Onshore conventional gas;Abandoned facilities;0.7143608281727825
Brunei;Thousand tonnes;2025;Gas;Conventional;Onshore conventional gas;Fugitive;0.7586099999999999
Brunei;Thousand tonnes;2025;Gas;Conventional;Onshore conventional gas;Incomplete-flare;0.0
Brunei;Thousand tonnes;2025;Gas;Conventional;Onshore conventional gas;Vented;1.8937866666666667
Brunei;Thousand tonnes;2025;Gas;Downstream;Downstream gas;Fugitive;1.93358
Brunei;Thousand tonnes;2025;Gas;Downstream;Downstream gas;Vented;2.598376666666667
Brunei;Thousand tonnes;2025;Gas;Offshore;Offshore gas;Fugitive;5.914133333333334
Brunei;Thousand tonnes;2025;Gas;Offshore;Offshore gas;Incomplete-flare;0.0
Brunei;Thousand tonnes;2025;Gas;Offshore;Offshore gas;Vented;14.763966666666668
Brunei;Thousand tonnes;2025;Gas;Unconventional;Unconventional gas;Abandoned facilities;0.0
Brunei;Thousand tonnes;2025;Gas;Unconventional;Unconventional gas;Fugitive;0.0
Brunei;Thousand tonnes;2025;Gas;Unconventional;Unconventional gas;Incomplete-flare;0.0
Brunei;Thousand tonnes;2025;Gas;Unconventional;Unconventional gas;Vented;0.0
Brunei;Thousand tonnes;2025;Oil;Conventional;Onshore conventional oil;Abandoned facilities;2.323208041423329
Brunei;Thousand tonnes;2025;Oil;Conventional;Onshore conventional oil;Fugitive;0.4506866666666667
Brunei;Thousand tonnes;2025;Oil;Conventional;Onshore conventional oil;Incomplete-flare;0.41705
Brunei;Thousand tonnes;2025;Oil;Conventional;Onshore conventional oil;Vented;1.802803333333333
Brunei;Thousand tonnes;2025;Oil;Downstream;Downstream oil;Fugitive;0.0356953333333333
Brunei;Thousand tonnes;2025;Oil;Downstream;Downstream oil;Vented;0.1542153333333333
Brunei;Thousand tonnes;2025;Oil;Offshore;Offshore oil;Fugitive;3.4336333333333333
Brunei;Thousand tonnes;2025;Oil;Offshore;Offshore oil;Incomplete-flare;2.24857
Brunei;Thousand tonnes;2025;Oil;Offshore;Offshore oil;Vented;13.735033333333332
Brunei;Thousand tonnes;2025;Oil;Unconventional;Unconventional oil;Abandoned facilities;0.0
Brunei;Thousand tonnes;2025;Oil;Unconventional;Unconventional oil;Fugitive;0.0
Brunei;Thousand tonnes;2025;Oil;Unconventional;Unconventional oil;Incomplete-flare;0.0
Brunei;Thousand tonnes;2025;Oil;Unconventional;Unconventional oil;Vented;0.0
Brunei;Thousand tonnes;2025;Satellite-detected large emitters;Satellite - downstream;Satellite - downstream;Fugitive;0.0
Brunei;Thousand tonnes;2025;Satellite-detected large emitters;Satellite - upstream;Satellite - upstream;Fugitive;0.0
Cameroon;Thousand tonnes;2025;Gas;Conventional;Onshore conventional gas;Abandoned facilities;0.0
Cameroon;Thousand tonnes;2025;Gas;Conventional;Onshore conventional gas;Fugitive;0.0517013333333333
Cameroon;Thousand tonnes;2025;Gas;Conventional;Onshore conventional gas;Incomplete-flare;0.0
Cameroon;Thousand tonnes;2025;Gas;Conventional;Onshore conventional gas;Vented;0.1290626666666666
Cameroon;Thousand tonnes;2025;Gas;Downstream;Downstream gas;Fugitive;0.6509766666666666
Cameroon;Thousand tonnes;2025;Gas;Downstream;Downstream gas;Vented;0.8746666666666666
Cameroon;Thousand tonnes;2025;Gas;Offshore;Offshore gas;Fugitive;3.0124766666666667
Cameroon;Thousand tonnes;2025;Gas;Offshore;Offshore gas;Incomplete-flare;0.0
Cameroon;Thousand tonnes;2025;Gas;Offshore;Offshore gas;Vented;7.520066666666667
Cameroon;Thousand tonnes;2025;Gas;Unconventional;Unconventional gas;Abandoned facilities;0.0
Cameroon;Thousand tonnes;2025;Gas;Unconventional;Unconventional gas;Fugitive;0.0
Cameroon;Thousand tonnes;2025;Gas;Unconventional;Unconventional gas;Incomplete-flare;0.0
Cameroon;Thousand tonnes;2025;Gas;Unconventional;Unconventional gas;Vented;0.0
Cameroon;Thousand tonnes;2025;Oil;Conventional;Onshore conventional oil;Abandoned facilities;0.0
Cameroon;Thousand tonnes;2025;Oil;Conventional;Onshore conventional oil;Fugitive;0.0067164333333333
Cameroon;Thousand tonnes;2025;Oil;Conventional;Onshore conventional oil;Incomplete-flare;0.0005746766666666
Cameroon;Thousand tonnes;2025;Oil;Conventional;Onshore conventional oil;Vented;0.0268657333333333
Cameroon;Thousand tonnes;2025;Oil;Downstream;Downstream oil;Fugitive;0.2220093333333333
Cameroon;Thousand tonnes;2025;Oil;Downstream;Downstream oil;Vented;0.9589
Cameroon;Thousand tonnes;2025;Oil;Offshore;Offshore oil;Fugitive;13.062733333333334
Cameroon;Thousand tonnes;2025;Oil;Offshore;Offshore oil;Incomplete-flare;1.1176833333333334
Cameroon;Thousand tonnes;2025;Oil;Offshore;Offshore oil;Vented;52.251
Cameroon;Thousand tonnes;2025;Oil;Unconventional;Unconventional oil;Abandoned facilities;0.0
Cameroon;Thousand tonnes;2025;Oil;Unconventional;Unconventional oil;Fugitive;0.0
Cameroon;Thousand tonnes;2025;Oil;Unconventional;Unconventional oil;Incomplete-flare;0.0
Cameroon;Thousand tonnes;2025;Oil;Unconventional;Unconventional oil;Vented;0.0
Cameroon;Thousand tonnes;2025;Satellite-detected large emitters;Satellite - downstream;Satellite - downstream;Fugitive;0.0
Cameroon;Thousand tonnes;2025;Satellite-detected large emitters;Satellite - upstream;Satellite - upstream;Fugitive;0.0
Canada;Thousand tonnes;2025;Gas;Conventional;Onshore conventional gas;Abandoned facilities;81.21200675003514
Canada;Thousand tonnes;2025;Gas;Conventional;Onshore conventional gas;Fugitive;60.368
Canada;Thousand tonnes;2025;Gas;Conventional;Onshore conventional gas;Incomplete-flare;0.0
Canada;Thousand tonnes;2025;Gas;Conventional;Onshore conventional gas;Vented;150.69933333333333
Canada;Thousand tonnes;2025;Gas;Downstream;Downstream gas;Fugitive;98.09033333333332
Canada;Thousand tonnes;2025;Gas;Downstream;Downstream gas;Vented;131.81333333333333
Canada;Thousand tonnes;2025;Gas;Offshore;Offshore gas;Fugitive;0.0
Canada;Thousand tonnes;2025;Gas;Offshore;Offshore gas;Incomplete-flare;0.0
Canada;Thousand tonnes;2025;Gas;Offshore;Offshore gas;Vented;0.0
Canada;Thousand tonnes;2025;Gas;Unconventional;Unconventional gas;Abandoned facilities;6.59020325247696
Canada;Thousand tonnes;2025;Gas;Unconventional;Unconventional gas;Fugitive;207.19
Canada;Thousand tonnes;2025;Gas;Unconventional;Unconventional gas;Incomplete-flare;0.0
Canada;Thousand tonnes;2025;Gas;Unconventional;Unconventional gas;Vented;517.2099999999999
Canada;Thousand tonnes;2025;Oil;Conventional;Onshore conventional oil;Abandoned facilities;48.77988188419165
Canada;Thousand tonnes;2025;Oil;Conventional;Onshore conventional oil;Fugitive;205.083
Canada;Thousand tonnes;2025;Oil;Conventional;Onshore conventional oil;Incomplete-flare;7.912000000000001
Canada;Thousand tonnes;2025;Oil;Conventional;Onshore conventional oil;Vented;820.36
Canada;Thousand tonnes;2025;Oil;Downstream;Downstream oil;Fugitive;2.590653333333333
Canada;Thousand tonnes;2025;Oil;Downstream;Downstream oil;Vented;11.186466666666666
Canada;Thousand tonnes;2025;Oil;Offshore;Offshore oil;Fugitive;0.0
Canada;Thousand tonnes;2025;Oil;Offshore;Offshore oil;Incomplete-flare;0.0
Canada;Thousand tonnes;2025;Oil;Offshore;Offshore oil;Vented;0.0
Canada;Thousand tonnes;2025;Oil;Unconventional;Unconventional oil;Abandoned facilities;14.770888085343366
Canada;Thousand tonnes;2025;Oil;Unconventional;Unconventional oil;Fugitive;26.7355
Canada;Thousand tonnes;2025;Oil;Unconventional;Unconventional oil;Incomplete-flare;8.561433333333333
Canada;Thousand tonnes;2025;Oil;Unconventional;Unconventional oil;Vented;106.94566666666668
Canada;Thousand tonnes;2025;Satellite-detected large emitters;Satellite - downstream;Satellite - downstream;Fugitive;0.0
Canada;Thousand tonnes;2025;Satellite-detected large emitters;Satellite - upstream;Satellite - upstream;Fugitive;0.0
Central African Republic;Thousand tonnes;2025;Gas;Conventional;Onshore conventional gas;Abandoned facilities;0.0
Central African Republic;Thousand tonnes;2025;Gas;Conventional;Onshore conventional gas;Fugitive;0.0
Central African Republic;Thousand tonnes;2025;Gas;Conventional;Onshore conventional gas;Incomplete-flare;0.0
Central African Republic;Thousand tonnes;2025;Gas;Conventional;Onshore conventional gas;Vented;0.0
Central African Republic;Thousand tonnes;2025;Gas;Downstream;Downstream gas;Fugitive;0.0
Central African Republic;Thousand tonnes;2025;Gas;Downstream;Downstream gas;Vented;0.0
Central African Republic;Thousand tonnes;2025;Gas;Offshore;Offshore gas;Fugitive;0.0
Central African Republic;Thousand tonnes;2025;Gas;Offshore;Offshore gas;Incomplete-flare;0.0
Central African Republic;Thousand tonnes;2025;Gas;Offshore;Offshore gas;Vented;0.0
Central African Republic;Thousand tonnes;2025;Gas;Unconventional;Unconventional gas;Abandoned facilities;0.0
Central African Republic;Thousand tonnes;2025;Gas;Unconventional;Unconventional gas;Fugitive;0.0
Central African Republic;Thousand tonnes;2025;Gas;Unconventional;Unconventional gas;Incomplete-flare;0.0
Central African Republic;Thousand tonnes;2025;Gas;Unconventional;Unconventional gas;Vented;0.0
Central African Republic;Thousand tonnes;2025;Oil;Conventional;Onshore conventional oil;Abandoned facilities;0.0
Central African Republic;Thousand tonnes;2025;Oil;Conventional;Onshore conventional oil;Fugitive;0.0
Central African Republic;Thousand tonnes;2025;Oil;Conventional;Onshore conventional oil;Incomplete-flare;0.0
Central African Republic;Thousand tonnes;2025;Oil;Conventional;Onshore conventional oil;Vented;0.0
Central African Republic;Thousand tonnes;2025;Oil;Downstream;Downstream oil;Fugitive;0.0
Central African Republic;Thousand tonnes;2025;Oil;Downstream;Downstream oil;Vented;0.0
Central African Republic;Thousand tonnes;2025;Oil;Offshore;Offshore oil;Fugitive;0.0
Central African Republic;Thousand tonnes;2025;Oil;Offshore;Offshore oil;Incomplete-flare;0.0
Central African Republic;Thousand tonnes;2025;Oil;Offshore;Offshore oil;Vented;0.0
Central African Republic;Thousand tonnes;2025;Oil;Unconventional;Unconventional oil;Abandoned facilities;0.0
Central African Republic;Thousand tonnes;2025;Oil;Unconventional;Unconventional oil;Fugitive;0.0
Central African Republic;Thousand tonnes;2025;Oil;Unconventional;Unconventional oil;Incomplete-flare;0.0
Central African Republic;Thousand tonnes;2025;Oil;Unconventional;Unconventional oil;Vented;0.0
Central African Republic;Thousand tonnes;2025;Satellite-detected large emitters;Satellite - downstream;Satellite - downstream;Fugitive;0.0
Central African Republic;Thousand tonnes;2025;Satellite-detected large emitters;Satellite - upstream;Satellite - upstream;Fugitive;0.0
Chad;Thousand tonnes;2025;Gas;Conventional;Onshore conventional gas;Abandoned facilities;0.0
Chad;Thousand tonnes;2025;Gas;Conventional;Onshore conventional gas;Fugitive;0.0
Chad;Thousand tonnes;2025;Gas;Conventional;Onshore conventional gas;Incomplete-flare;0.0
Chad;Thousand tonnes;2025;Gas;Conventional;Onshore conventional gas;Vented;0.0
Chad;Thousand tonnes;2025;Gas;Downstream;Downstream gas;Fugitive;0.0
Chad;Thousand tonnes;2025;Gas;Downstream;Downstream gas;Vented;0.0
Chad;Thousand tonnes;2025;Gas;Offshore;Offshore gas;Fugitive;0.0
Chad;Thousand tonnes;2025;Gas;Offshore;Offshore gas;Incomplete-flare;0.0
Chad;Thousand tonnes;2025;Gas;Offshore;Offshore gas;Vented;0.0
Chad;Thousand tonnes;2025;Gas;Unconventional;Unconventional gas;Abandoned facilities;0.0
Chad;Thousand tonnes;2025;Gas;Unconventional;Unconventional gas;Fugitive;0.0
Chad;Thousand tonnes;2025;Gas;Unconventional;Unconventional gas;Incomplete-flare;0.0
Chad;Thousand tonnes;2025;Gas;Unconventional;Unconventional gas;Vented;0.0
Chad;Thousand tonnes;2025;Oil;Conventional;Onshore conventional oil;Abandoned facilities;0.0
Chad;Thousand tonnes;2025;Oil;Conventional;Onshore conventional oil;Fugitive;11.1322
Chad;Thousand tonnes;2025;Oil;Conventional;Onshore conventional oil;Incomplete-flare;5.1337
Chad;Thousand tonnes;2025;Oil;Conventional;Onshore conventional oil;Vented;44.52933333333333
Chad;Thousand tonnes;2025;Oil;Downstream;Downstream oil;Fugitive;0.0
Chad;Thousand tonnes;2025;Oil;Downstream;Downstream oil;Vented;0.0
Chad;Thousand tonnes;2025;Oil;Offshore;Offshore oil;Fugitive;0.0
Chad;Thousand tonnes;2025;Oil;Offshore;Offshore oil;Incomplete-flare;0.0
Chad;Thousand tonnes;2025;Oil;Offshore;Offshore oil;Vented;0.0
Chad;Thousand tonnes;2025;Oil;Unconventional;Unconventional oil;Abandoned facilities;0.0
Chad;Thousand tonnes;2025;Oil;Unconventional;Unconventional oil;Fugitive;0.0
Chad;Thousand tonnes;2025;Oil;Unconventional;Unconventional oil;Incomplete-flare;0.0
Chad;Thousand tonnes;2025;Oil;Unconventional;Unconventional oil;Vented;0.0
Chad;Thousand tonnes;2025;Satellite-detected large emitters;Satellite - downstream;Satellite - downstream;Fugitive;0.0
Chad;Thousand tonnes;2025;Satellite-detected large emitters;Satellite - upstream;Satellite - upstream;Fugitive;0.0
China;Thousand tonnes;2025;Gas;Conventional;Onshore conventional gas;Abandoned facilities;5.28241130065471
China;Thousand tonnes;2025;Gas;Conventional;Onshore conventional gas;Fugitive;102.016
China;Thousand tonnes;2025;Gas;Conventional;Onshore conventional gas;Incomplete-flare;0.0
China;Thousand tonnes;2025;Gas;Conventional;Onshore conventional gas;Vented;254.65266666666668
China;Thousand tonnes;2025;Gas;Downstream;Downstream gas;Fugitive;364.7033333333333
China;Thousand tonnes;2025;Gas;Downstream;Downstream gas;Vented;490.04
China;Thousand tonnes;2025;Gas;Offshore;Offshore gas;Fugitive;25.392933333333332
China;Thousand tonnes;2025;Gas;Offshore;Offshore gas;Incomplete-flare;0.0
China;Thousand tonnes;2025;Gas;Offshore;Offshore gas;Vented;63.386
China;Thousand tonnes;2025;Gas;Unconventional;Unconventional gas;Abandoned facilities;6.03495736322474
China;Thousand tonnes;2025;Gas;Unconventional;Unconventional gas;Fugitive;251.87733333333333
China;Thousand tonnes;2025;Gas;Unconventional;Unconventional gas;Incomplete-flare;0.0
China;Thousand tonnes;2025;Gas;Unconventional;Unconventional gas;Vented;628.7666666666667
China;Thousand tonnes;2025;Oil;Conventional;Onshore conventional oil;Abandoned facilities;26.49006881799435
China;Thousand tonnes;2025;Oil;Conventional;Onshore conventional oil;Fugitive;200.43666666666667
China;Thousand tonnes;2025;Oil;Conventional;Onshore conventional oil;Incomplete-flare;35.944
China;Thousand tonnes;2025;Oil;Conventional;Onshore conventional oil;Vented;801.7466666666667
China;Thousand tonnes;2025;Oil;Downstream;Downstream oil;Fugitive;21.8652
China;Thousand tonnes;2025;Oil;Downstream;Downstream oil;Vented;94.489
China;Thousand tonnes;2025;Oil;Offshore;Offshore oil;Fugitive;70.58200000000001
China;Thousand tonnes;2025;Oil;Offshore;Offshore oil;Incomplete-flare;13.787366666666664
China;Thousand tonnes;2025;Oil;Offshore;Offshore oil;Vented;282.3283333333333
China;Thousand tonnes;2025;Oil;Unconventional;Unconventional oil;Abandoned facilities;0.0103845403969696
China;Thousand tonnes;2025;Oil;Unconventional;Unconventional oil;Fugitive;0.0
China;Thousand tonnes;2025;Oil;Unconventional;Unconventional oil;Incomplete-flare;0.0557013333333333
China;Thousand tonnes;2025;Oil;Unconventional;Unconventional oil;Vented;0.0
China;Thousand tonnes;2025;Satellite-detected large emitters;Satellite - downstream;Satellite - downstream;Fugitive;0.0
China;Thousand tonnes;2025;Satellite-detected large emitters;Satellite - upstream;Satellite - upstream;Fugitive;0.0
Colombia;Thousand tonnes;2025;Gas;Conventional;Onshore conventional gas;Abandoned facilities;1.5694675940740062
Colombia;Thousand tonnes;2025;Gas;Conventional;Onshore conventional gas;Fugitive;13.2879
Colombia;Thousand tonnes;2025;Gas;Conventional;Onshore conventional gas;Incomplete-flare;0.0
Colombia;Thousand tonnes;2025;Gas;Conventional;Onshore conventional gas;Vented;33.1713
Colombia;Thousand tonnes;2025;Gas;Downstream;Downstream gas;Fugitive;26.4701
Colombia;Thousand tonnes;2025;Gas;Downstream;Downstream gas;Vented;35.567
Colombia;Thousand tonnes;2025;Gas;Offshore;Offshore gas;Fugitive;0.76627
Colombia;Thousand tonnes;2025;Gas;Offshore;Offshore gas;Incomplete-flare;0.0
Colombia;Thousand tonnes;2025;Gas;Offshore;Offshore gas;Vented;1.9128766666666663
Colombia;Thousand tonnes;2025;Gas;Unconventional;Unconventional gas;Abandoned facilities;0.0
Colombia;Thousand tonnes;2025;Gas;Unconventional;Unconventional gas;Fugitive;0.0
Colombia;Thousand tonnes;2025;Gas;Unconventional;Unconventional gas;Incomplete-flare;0.0
Colombia;Thousand tonnes;2025;Gas;Unconventional;Unconventional gas;Vented;0.0
Colombia;Thousand tonnes;2025;Oil;Conventional;Onshore conventional oil;Abandoned facilities;8.069037152590694
Colombia;Thousand tonnes;2025;Oil;Conventional;Onshore conventional oil;Fugitive;67.848
Colombia;Thousand tonnes;2025;Oil;Conventional;Onshore conventional oil;Incomplete-flare;8.0069
Colombia;Thousand tonnes;2025;Oil;Conventional;Onshore conventional oil;Vented;271.396
Colombia;Thousand tonnes;2025;Oil;Downstream;Downstream oil;Fugitive;2.2514966666666667
Colombia;Thousand tonnes;2025;Oil;Downstream;Downstream oil;Vented;9.717
Colombia;Thousand tonnes;2025;Oil;Offshore;Offshore oil;Fugitive;0.0
Colombia;Thousand tonnes;2025;Oil;Offshore;Offshore oil;Incomplete-flare;0.0
Colombia;Thousand tonnes;2025;Oil;Offshore;Offshore oil;Vented;0.0
Colombia;Thousand tonnes;2025;Oil;Unconventional;Unconventional oil;Abandoned facilities;0.0
Colombia;Thousand tonnes;2025;Oil;Unconventional;Unconventional oil;Fugitive;0.0
Colombia;Thousand tonnes;2025;Oil;Unconventional;Unconventional oil;Incomplete-flare;0.0
Colombia;Thousand tonnes;2025;Oil;Unconventional;Unconventional oil;Vented;0.0
Colombia;Thousand tonnes;2025;Satellite-detected large emitters;Satellite - downstream;Satellite - downstream;Fugitive;0.0
Colombia;Thousand tonnes;2025;Satellite-detected large emitters;Satellite - upstream;Satellite - upstream;Fugitive;0.0
Congo;Thousand tonnes;2025;Gas;Conventional;Onshore conventional gas;Abandoned facilities;0.0008241620108506
Congo;Thousand tonnes;2025;Gas;Conventional;Onshore conventional gas;Fugitive;0.3913466666666666
Congo;Thousand tonnes;2025;Gas;Conventional;Onshore conventional gas;Incomplete-flare;0.0
Congo;Thousand tonnes;2025;Gas;Conventional;Onshore conventional gas;Vented;0.97688
Congo;Thousand tonnes;2025;Gas;Downstream;Downstream gas;Fugitive;1.52263
Congo;Thousand tonnes;2025;Gas;Downstream;Downstream gas;Vented;2.045913333333333
Congo;Thousand tonnes;2025;Gas;Offshore;Offshore gas;Fugitive;0.6531833333333333
Congo;Thousand tonnes;2025;Gas;Offshore;Offshore gas;Incomplete-flare;0.0
Congo;Thousand tonnes;2025;Gas;Offshore;Offshore gas;Vented;1.63048
Congo;Thousand tonnes;2025;Gas;Unconventional;Unconventional gas;Abandoned facilities;0.0
Congo;Thousand tonnes;2025;Gas;Unconventional;Unconventional gas;Fugitive;0.0
Congo;Thousand tonnes;2025;Gas;Unconventional;Unconventional gas;Incomplete-flare;0.0
Congo;Thousand tonnes;2025;Gas;Unconventional;Unconventional gas;Vented;0.0
Congo;Thousand tonnes;2025;Oil;Conventional;Onshore conventional oil;Abandoned facilities;0.0572855519280359
Congo;Thousand tonnes;2025;Oil;Conventional;Onshore conventional oil;Fugitive;12.975533333333336
Congo;Thousand tonnes;2025;Oil;Conventional;Onshore conventional oil;Incomplete-flare;17.299366666666668
Congo;Thousand tonnes;2025;Oil;Conventional;Onshore conventional oil;Vented;51.90166666666666
Congo;Thousand tonnes;2025;Oil;Downstream;Downstream oil;Fugitive;0.323845
Congo;Thousand tonnes;2025;Oil;Downstream;Downstream oil;Vented;1.3981466666666666
Congo;Thousand tonnes;2025;Oil;Offshore;Offshore oil;Fugitive;47.198
Congo;Thousand tonnes;2025;Oil;Offshore;Offshore oil;Incomplete-flare;59.61633333333334
Congo;Thousand tonnes;2025;Oil;Offshore;Offshore oil;Vented;188.7903333333333
Congo;Thousand tonnes;2025;Oil;Unconventional;Unconventional oil;Abandoned facilities;0.0
Congo;Thousand tonnes;2025;Oil;Unconventional;Unconventional oil;Fugitive;0.0
Congo;Thousand tonnes;2025;Oil;Unconventional;Unconventional oil;Incomplete-flare;0.0
Congo;Thousand tonnes;2025;Oil;Unconventional;Unconventional oil;Vented;0.0
Congo;Thousand tonnes;2025;Satellite-detected large emitters;Satellite - downstream;Satellite - downstream;Fugitive;0.0
Congo;Thousand tonnes;2025;Satellite-detected large emitters;Satellite - upstream;Satellite - upstream;Fugitive;0.0
Cuba;Thousand tonnes;2025;Gas;Conventional;Onshore conventional gas;Abandoned facilities;0.0808565986994685
Cuba;Thousand tonnes;2025;Gas;Conventional;Onshore conventional gas;Fugitive;0.9989933333333332
Cuba;Thousand tonnes;2025;Gas;Conventional;Onshore conventional gas;Incomplete-flare;0.0
Cuba;Thousand tonnes;2025;Gas;Conventional;Onshore conventional gas;Vented;2.4938
Cuba;Thousand tonnes;2025;Gas;Downstream;Downstream gas;Fugitive;1.0787833333333334
Cuba;Thousand tonnes;2025;Gas;Downstream;Downstream gas;Vented;1.449566666666667
Cuba;Thousand tonnes;2025;Gas;Offshore;Offshore gas;Fugitive;0.0
Cuba;Thousand tonnes;2025;Gas;Offshore;Offshore gas;Incomplete-flare;0.0
Cuba;Thousand tonnes;2025;Gas;Offshore;Offshore gas;Vented;0.0
Cuba;Thousand tonnes;2025;Gas;Unconventional;Unconventional gas;Abandoned facilities;0.0
Cuba;Thousand tonnes;2025;Gas;Unconventional;Unconventional gas;Fugitive;0.0
Cuba;Thousand tonnes;2025;Gas;Unconventional;Unconventional gas;Incomplete-flare;0.0
Cuba;Thousand tonnes;2025;Gas;Unconventional;Unconventional gas;Vented;0.0
Cuba;Thousand tonnes;2025;Oil;Conventional;Onshore conventional oil;Abandoned facilities;0.361063301130571
Cuba;Thousand tonnes;2025;Oil;Conventional;Onshore conventional oil;Fugitive;0.7174566666666667
Cuba;Thousand tonnes;2025;Oil;Conventional;Onshore conventional oil;Incomplete-flare;0.0203639666666666
Cuba;Thousand tonnes;2025;Oil;Conventional;Onshore conventional oil;Vented;2.8698866666666665
Cuba;Thousand tonnes;2025;Oil;Downstream;Downstream oil;Fugitive;0.238642
Cuba;Thousand tonnes;2025;Oil;Downstream;Downstream oil;Vented;1.0307933333333332
Cuba;Thousand tonnes;2025;Oil;Offshore;Offshore oil;Fugitive;1.2703633333333333
Cuba;Thousand tonnes;2025;Oil;Offshore;Offshore oil;Incomplete-flare;0.0408586666666666
Cuba;Thousand tonnes;2025;Oil;Offshore;Offshore oil;Vented;5.081533333333334
Cuba;Thousand tonnes;2025;Oil;Unconventional;Unconventional oil;Abandoned facilities;0.0
Cuba;Thousand tonnes;2025;Oil;Unconventional;Unconventional oil;Fugitive;0.0
Cuba;Thousand tonnes;2025;Oil;Unconventional;Unconventional oil;Incomplete-flare;0.0
Cuba;Thousand tonnes;2025;Oil;Unconventional;Unconventional oil;Vented;0.0
Cuba;Thousand tonnes;2025;Satellite-detected large emitters;Satellite - downstream;Satellite - downstream;Fugitive;0.0
Cuba;Thousand tonnes;2025;Satellite-detected large emitters;Satellite - upstream;Satellite - upstream;Fugitive;0.0
Côte Ivoire;Thousand tonnes;2025;Gas;Conventional;Onshore conventional gas;Abandoned facilities;0.0
Côte Ivoire;Thousand tonnes;2025;Gas;Conventional;Onshore conventional gas;Fugitive;0.0
Côte Ivoire;Thousand tonnes;2025;Gas;Conventional;Onshore conventional gas;Incomplete-flare;0.0
Côte Ivoire;Thousand tonnes;2025;Gas;Conventional;Onshore conventional gas;Vented;0.0
Côte Ivoire;Thousand tonnes;2025;Gas;Downstream;Downstream gas;Fugitive;2.2029566666666667
Côte Ivoire;Thousand tonnes;2025;Gas;Downstream;Downstream gas;Vented;2.9601566666666668
Côte Ivoire;Thousand tonnes;2025;Gas;Offshore;Offshore gas;Fugitive;2.5042433333333336
Côte Ivoire;Thousand tonnes;2025;Gas;Offshore;Offshore gas;Incomplete-flare;0.0
Côte Ivoire;Thousand tonnes;2025;Gas;Offshore;Offshore gas;Vented;6.251233333333333
Côte Ivoire;Thousand tonnes;2025;Gas;Unconventional;Unconventional gas;Abandoned facilities;0.0
Côte Ivoire;Thousand tonnes;2025;Gas;Unconventional;Unconventional gas;Fugitive;0.0
Côte Ivoire;Thousand tonnes;2025;Gas;Unconventional;Unconventional gas;Incomplete-flare;0.0
Côte Ivoire;Thousand tonnes;2025;Gas;Unconventional;Unconventional gas;Vented;0.0
Côte Ivoire;Thousand tonnes;2025;Oil;Conventional;Onshore conventional oil;Abandoned facilities;0.0
Côte Ivoire;Thousand tonnes;2025;Oil;Conventional;Onshore conventional oil;Fugitive;0.0
Côte Ivoire;Thousand tonnes;2025;Oil;Conventional;Onshore conventional oil;Incomplete-flare;0.0
Côte Ivoire;Thousand tonnes;2025;Oil;Conventional;Onshore conventional oil;Vented;0.0
Côte Ivoire;Thousand tonnes;2025;Oil;Downstream;Downstream oil;Fugitive;0.147128
Côte Ivoire;Thousand tonnes;2025;Oil;Downstream;Downstream oil;Vented;0.63464
Côte Ivoire;Thousand tonnes;2025;Oil;Offshore;Offshore oil;Fugitive;1.77266
Côte Ivoire;Thousand tonnes;2025;Oil;Offshore;Offshore oil;Incomplete-flare;1.04454
Côte Ivoire;Thousand tonnes;2025;Oil;Offshore;Offshore oil;Vented;7.0901000000000005
Côte Ivoire;Thousand tonnes;2025;Oil;Unconventional;Unconventional oil;Abandoned facilities;0.0
Côte Ivoire;Thousand tonnes;2025;Oil;Unconventional;Unconventional oil;Fugitive;0.0
Côte Ivoire;Thousand tonnes;2025;Oil;Unconventional;Unconventional oil;Incomplete-flare;0.0
Côte Ivoire;Thousand tonnes;2025;Oil;Unconventional;Unconventional oil;Vented;0.0
Côte Ivoire;Thousand tonnes;2025;Satellite-detected large emitters;Satellite - downstream;Satellite - downstream;Fugitive;0.0
Côte Ivoire;Thousand tonnes;2025;Satellite-detected large emitters;Satellite - upstream;Satellite - upstream;Fugitive;0.0
Democratic Republic of Congo;Thousand tonnes;2025;Gas;Conventional;Onshore conventional gas;Abandoned facilities;0.0
Democratic Republic of Congo;Thousand tonnes;2025;Gas;Conventional;Onshore conventional gas;Fugitive;0.0
Democratic Republic of Congo;Thousand tonnes;2025;Gas;Conventional;Onshore conventional gas;Incomplete-flare;0.0
Democratic Republic of Congo;Thousand tonnes;2025;Gas;Conventional;Onshore conventional gas;Vented;0.0
Democratic Republic of Congo;Thousand tonnes;2025;Gas;Downstream;Downstream gas;Fugitive;0.0
Democratic Republic of Congo;Thousand tonnes;2025;Gas;Downstream;Downstream gas;Vented;0.0
Democratic Republic of Congo;Thousand tonnes;2025;Gas;Offshore;Offshore gas;Fugitive;0.0
Democratic Republic of Congo;Thousand tonnes;2025;Gas;Offshore;Offshore gas;Incomplete-flare;0.0
Democratic Republic of Congo;Thousand tonnes;2025;Gas;Offshore;Offshore gas;Vented;0.0
Democratic Republic of Congo;Thousand tonnes;2025;Gas;Unconventional;Unconventional gas;Abandoned facilities;0.0
Democratic Republic of Congo;Thousand tonnes;2025;Gas;Unconventional;Unconventional gas;Fugitive;0.0
Democratic Republic of Congo;Thousand tonnes;2025;Gas;Unconventional;Unconventional gas;Incomplete-flare;0.0
Democratic Republic of Congo;Thousand tonnes;2025;Gas;Unconventional;Unconventional gas;Vented;0.0
Democratic Republic of Congo;Thousand tonnes;2025;Oil;Conventional;Onshore conventional oil;Abandoned facilities;0.1165220392253542
Democratic Republic of Congo;Thousand tonnes;2025;Oil;Conventional;Onshore conventional oil;Fugitive;1.17156
Democratic Republic of Congo;Thousand tonnes;2025;Oil;Conventional;Onshore conventional oil;Incomplete-flare;1.8097366666666663
Democratic Republic of Congo;Thousand tonnes;2025;Oil;Conventional;Onshore conventional oil;Vented;4.686233333333333
Democratic Republic of Congo;Thousand tonnes;2025;Oil;Downstream;Downstream oil;Fugitive;0.0583926666666666
Democratic Republic of Congo;Thousand tonnes;2025;Oil;Downstream;Downstream oil;Vented;0.2522903333333333
Democratic Republic of Congo;Thousand tonnes;2025;Oil;Offshore;Offshore oil;Fugitive;2.1914733333333336
Democratic Republic of Congo;Thousand tonnes;2025;Oil;Offshore;Offshore oil;Incomplete-flare;3.3852333333333333
Democratic Republic of Congo;Thousand tonnes;2025;Oil;Offshore;Offshore oil;Vented;8.765899999999998
Democratic Republic of Congo;Thousand tonnes;2025;Oil;Unconventional;Unconventional oil;Abandoned facilities;0.0
Democratic Republic of Congo;Thousand tonnes;2025;Oil;Unconventional;Unconventional oil;Fugitive;0.0
Democratic Republic of Congo;Thousand tonnes;2025;Oil;Unconventional;Unconventional oil;Incomplete-flare;0.0
Democratic Republic of Congo;Thousand tonnes;2025;Oil;Unconventional;Unconventional oil;Vented;0.0
Democratic Republic of Congo;Thousand tonnes;2025;Satellite-detected large emitters;Satellite - downstream;Satellite - downstream;Fugitive;0.0
Democratic Republic of Congo;Thousand tonnes;2025;Satellite-detected large emitters;Satellite - upstream;Satellite - upstream;Fugitive;0.0
Denmark;Thousand tonnes;2025;Gas;Conventional;Onshore conventional gas;Abandoned facilities;0.0021016489727047
Denmark;Thousand tonnes;2025;Gas;Conventional;Onshore conventional gas;Fugitive;0.0
Denmark;Thousand tonnes;2025;Gas;Conventional;Onshore conventional gas;Incomplete-flare;0.0
Denmark;Thousand tonnes;2025;Gas;Conventional;Onshore conventional gas;Vented;0.0
Denmark;Thousand tonnes;2025;Gas;Downstream;Downstream gas;Fugitive;1.91363
Denmark;Thousand tonnes;2025;Gas;Downstream;Downstream gas;Vented;2.57133
Denmark;Thousand tonnes;2025;Gas;Offshore;Offshore gas;Fugitive;0.8019733333333333
Denmark;Thousand tonnes;2025;Gas;Offshore;Offshore gas;Incomplete-flare;0.0
Denmark;Thousand tonnes;2025;Gas;Offshore;Offshore gas;Vented;2.00178
Denmark;Thousand tonnes;2025;Gas;Unconventional;Unconventional gas;Abandoned facilities;0.0
Denmark;Thousand tonnes;2025;Gas;Unconventional;Unconventional gas;Fugitive;0.0
Denmark;Thousand tonnes;2025;Gas;Unconventional;Unconventional gas;Incomplete-flare;0.0
Denmark;Thousand tonnes;2025;Gas;Unconventional;Unconventional gas;Vented;0.0
Denmark;Thousand tonnes;2025;Oil;Conventional;Onshore conventional oil;Abandoned facilities;0.0293123503007663
Denmark;Thousand tonnes;2025;Oil;Conventional;Onshore conventional oil;Fugitive;0.0
Denmark;Thousand tonnes;2025;Oil;Conventional;Onshore conventional oil;Incomplete-flare;0.083302
Denmark;Thousand tonnes;2025;Oil;Conventional;Onshore conventional oil;Vented;0.0
Denmark;Thousand tonnes;2025;Oil;Downstream;Downstream oil;Fugitive;0.1353673333333333
Denmark;Thousand tonnes;2025;Oil;Downstream;Downstream oil;Vented;0.5850733333333333
Denmark;Thousand tonnes;2025;Oil;Offshore;Offshore oil;Fugitive;1.2193666666666667
Denmark;Thousand tonnes;2025;Oil;Offshore;Offshore oil;Incomplete-flare;0.49636
Denmark;Thousand tonnes;2025;Oil;Offshore;Offshore oil;Vented;4.8778
Denmark;Thousand tonnes;2025;Oil;Unconventional;Unconventional oil;Abandoned facilities;0.0
Denmark;Thousand tonnes;2025;Oil;Unconventional;Unconventional oil;Fugitive;0.0
Denmark;Thousand tonnes;2025;Oil;Unconventional;Unconventional oil;Incomplete-flare;0.0
Denmark;Thousand tonnes;2025;Oil;Unconventional;Unconventional oil;Vented;0.0
Denmark;Thousand tonnes;2025;Satellite-detected large emitters;Satellite - downstream;Satellite - downstream;Fugitive;0.0
Denmark;Thousand tonnes;2025;Satellite-detected large emitters;Satellite - upstream;Satellite - upstream;Fugitive;0.0
Ecuador;Thousand tonnes;2025;Gas;Conventional;Onshore conventional gas;Abandoned facilities;0.0
Ecuador;Thousand tonnes;2025;Gas;Conventional;Onshore conventional gas;Fugitive;0.2135993333333333
Ecuador;Thousand tonnes;2025;Gas;Conventional;Onshore conventional gas;Incomplete-flare;0.0
Ecuador;Thousand tonnes;2025;Gas;Conventional;Onshore conventional gas;Vented;0.5332166666666667
Ecuador;Thousand tonnes;2025;Gas;Downstream;Downstream gas;Fugitive;0.4736966666666667
Ecuador;Thousand tonnes;2025;Gas;Downstream;Downstream gas;Vented;0.6365066666666667
Ecuador;Thousand tonnes;2025;Gas;Offshore;Offshore gas;Fugitive;0.5151033333333334
Ecuador;Thousand tonnes;2025;Gas;Offshore;Offshore gas;Incomplete-flare;0.0
Ecuador;Thousand tonnes;2025;Gas;Offshore;Offshore gas;Vented;1.2858699999999998
Ecuador;Thousand tonnes;2025;Gas;Unconventional;Unconventional gas;Abandoned facilities;0.0
Ecuador;Thousand tonnes;2025;Gas;Unconventional;Unconventional gas;Fugitive;0.0
Ecuador;Thousand tonnes;2025;Gas;Unconventional;Unconventional gas;Incomplete-flare;0.0
Ecuador;Thousand tonnes;2025;Gas;Unconventional;Unconventional gas;Vented;0.0
Ecuador;Thousand tonnes;2025;Oil;Conventional;Onshore conventional oil;Abandoned facilities;8.862842754205092
Ecuador;Thousand tonnes;2025;Oil;Conventional;Onshore conventional oil;Fugitive;50.833666666666666
Ecuador;Thousand tonnes;2025;Oil;Conventional;Onshore conventional oil;Incomplete-flare;22.2252
Ecuador;Thousand tonnes;2025;Oil;Conventional;Onshore conventional oil;Vented;203.33633333333333
Ecuador;Thousand tonnes;2025;Oil;Downstream;Downstream oil;Fugitive;0.9509966666666668
Ecuador;Thousand tonnes;2025;Oil;Downstream;Downstream oil;Vented;4.107833333333334
Ecuador;Thousand tonnes;2025;Oil;Offshore;Offshore oil;Fugitive;0.5269933333333333
Ecuador;Thousand tonnes;2025;Oil;Offshore;Offshore oil;Incomplete-flare;0.0162264999999999
Ecuador;Thousand tonnes;2025;Oil;Offshore;Offshore oil;Vented;2.1079966666666667
Ecuador;Thousand tonnes;2025;Oil;Unconventional;Unconventional oil;Abandoned facilities;0.0
Ecuador;Thousand tonnes;2025;Oil;Unconventional;Unconventional oil;Fugitive;0.0
Ecuador;Thousand tonnes;2025;Oil;Unconventional;Unconventional oil;Incomplete-flare;0.0
Ecuador;Thousand tonnes;2025;Oil;Unconventional;Unconventional oil;Vented;0.0
Ecuador;Thousand tonnes;2025;Satellite-detected large emitters;Satellite - downstream;Satellite - downstream;Fugitive;0.0
Ecuador;Thousand tonnes;2025;Satellite-detected large emitters;Satellite - upstream;Satellite - upstream;Fugitive;0.0
Egypt;Thousand tonnes;2025;Gas;Conventional;Onshore conventional gas;Abandoned facilities;1.9937974057045595
Egypt;Thousand tonnes;2025;Gas;Conventional;Onshore conventional gas;Fugitive;9.421266666666666
Egypt;Thousand tonnes;2025;Gas;Conventional;Onshore conventional gas;Incomplete-flare;0.0
Egypt;Thousand tonnes;2025;Gas;Conventional;Onshore conventional gas;Vented;23.51853333333333
Egypt;Thousand tonnes;2025;Gas;Downstream;Downstream gas;Fugitive;60.77433333333333
Egypt;Thousand tonnes;2025;Gas;Downstream;Downstream gas;Vented;81.66533333333334
Egypt;Thousand tonnes;2025;Gas;Offshore;Offshore gas;Fugitive;39.19566666666666
Egypt;Thousand tonnes;2025;Gas;Offshore;Offshore gas;Incomplete-flare;0.0
Egypt;Thousand tonnes;2025;Gas;Offshore;Offshore gas;Vented;97.84533333333334
Egypt;Thousand tonnes;2025;Gas;Unconventional;Unconventional gas;Abandoned facilities;0.0
Egypt;Thousand tonnes;2025;Gas;Unconventional;Unconventional gas;Fugitive;1.5956666666666666
Egypt;Thousand tonnes;2025;Gas;Unconventional;Unconventional gas;Incomplete-flare;0.0
Egypt;Thousand tonnes;2025;Gas;Unconventional;Unconventional gas;Vented;3.9833
Egypt;Thousand tonnes;2025;Oil;Conventional;Onshore conventional oil;Abandoned facilities;4.280822457824123
Egypt;Thousand tonnes;2025;Oil;Conventional;Onshore conventional oil;Fugitive;31.870566666666665
Egypt;Thousand tonnes;2025;Oil;Conventional;Onshore conventional oil;Incomplete-flare;36.69433333333333
Egypt;Thousand tonnes;2025;Oil;Conventional;Onshore conventional oil;Vented;127.48233333333332
Egypt;Thousand tonnes;2025;Oil;Downstream;Downstream oil;Fugitive;2.3683400000000003
Egypt;Thousand tonnes;2025;Oil;Downstream;Downstream oil;Vented;10.2231
Egypt;Thousand tonnes;2025;Oil;Offshore;Offshore oil;Fugitive;18.678366666666665
Egypt;Thousand tonnes;2025;Oil;Offshore;Offshore oil;Incomplete-flare;15.570333333333334
Egypt;Thousand tonnes;2025;Oil;Offshore;Offshore oil;Vented;74.71366666666667
Egypt;Thousand tonnes;2025;Oil;Unconventional;Unconventional oil;Abandoned facilities;0.0
Egypt;Thousand tonnes;2025;Oil;Unconventional;Unconventional oil;Fugitive;0.0
Egypt;Thousand tonnes;2025;Oil;Unconventional;Unconventional oil;Incomplete-flare;0.0
Egypt;Thousand tonnes;2025;Oil;Unconventional;Unconventional oil;Vented;0.0
Egypt;Thousand tonnes;2025;Satellite-detected large emitters;Satellite - downstream;Satellite - downstream;Fugitive;0.0
Egypt;Thousand tonnes;2025;Satellite-detected large emitters;Satellite - upstream;Satellite - upstream;Fugitive;0.0
Equatorial Guinea;Thousand tonnes;2025;Gas;Conventional;Onshore conventional gas;Abandoned facilities;0.0044718420366832
Equatorial Guinea;Thousand tonnes;2025;Gas;Conventional;Onshore conventional gas;Fugitive;0.0
Equatorial Guinea;Thousand tonnes;2025;Gas;Conventional;Onshore conventional gas;Incomplete-flare;0.0
Equatorial Guinea;Thousand tonnes;2025;Gas;Conventional;Onshore conventional gas;Vented;0.0
Equatorial Guinea;Thousand tonnes;2025;Gas;Downstream;Downstream gas;Fugitive;2.9039266666666665
Equatorial Guinea;Thousand tonnes;2025;Gas;Downstream;Downstream gas;Vented;3.902066666666667
Equatorial Guinea;Thousand tonnes;2025;Gas;Offshore;Offshore gas;Fugitive;15.4196
Equatorial Guinea;Thousand tonnes;2025;Gas;Offshore;Offshore gas;Incomplete-flare;0.0
Equatorial Guinea;Thousand tonnes;2025;Gas;Offshore;Offshore gas;Vented;38.492666666666665
Equatorial Guinea;Thousand tonnes;2025;Gas;Unconventional;Unconventional gas;Abandoned facilities;0.0
Equatorial Guinea;Thousand tonnes;2025;Gas;Unconventional;Unconventional gas;Fugitive;0.0
Equatorial Guinea;Thousand tonnes;2025;Gas;Unconventional;Unconventional gas;Incomplete-flare;0.0
Equatorial Guinea;Thousand tonnes;2025;Gas;Unconventional;Unconventional gas;Vented;0.0
Equatorial Guinea;Thousand tonnes;2025;Oil;Conventional;Onshore conventional oil;Abandoned facilities;1.815852881121369e-16
Equatorial Guinea;Thousand tonnes;2025;Oil;Conventional;Onshore conventional oil;Fugitive;0.0
Equatorial Guinea;Thousand tonnes;2025;Oil;Conventional;Onshore conventional oil;Incomplete-flare;2.2461433333333334
Equatorial Guinea;Thousand tonnes;2025;Oil;Conventional;Onshore conventional oil;Vented;0.0
Equatorial Guinea;Thousand tonnes;2025;Oil;Downstream;Downstream oil;Fugitive;0.0282044333333333
Equatorial Guinea;Thousand tonnes;2025;Oil;Downstream;Downstream oil;Vented;0.121806
Equatorial Guinea;Thousand tonnes;2025;Oil;Offshore;Offshore oil;Fugitive;10.386066666666666
Equatorial Guinea;Thousand tonnes;2025;Oil;Offshore;Offshore oil;Incomplete-flare;7.1722
Equatorial Guinea;Thousand tonnes;2025;Oil;Offshore;Offshore oil;Vented;41.54433333333333
Equatorial Guinea;Thousand tonnes;2025;Oil;Unconventional;Unconventional oil;Abandoned facilities;0.0
Equatorial Guinea;Thousand tonnes;2025;Oil;Unconventional;Unconventional oil;Fugitive;0.0
Equatorial Guinea;Thousand tonnes;2025;Oil;Unconventional;Unconventional oil;Incomplete-flare;0.0
Equatorial Guinea;Thousand tonnes;2025;Oil;Unconventional;Unconventional oil;Vented;0.0
Equatorial Guinea;Thousand tonnes;2025;Satellite-detected large emitters;Satellite - downstream;Satellite - downstream;Fugitive;0.0
Equatorial Guinea;Thousand tonnes;2025;Satellite-detected large emitters;Satellite - upstream;Satellite - upstream;Fugitive;0.0
Eritrea;Thousand tonnes;2025;Gas;Conventional;Onshore conventional gas;Abandoned facilities;0.0
Eritrea;Thousand tonnes;2025;Gas;Conventional;Onshore conventional gas;Fugitive;0.0
Eritrea;Thousand tonnes;2025;Gas;Conventional;Onshore conventional gas;Incomplete-flare;0.0
Eritrea;Thousand tonnes;2025;Gas;Conventional;Onshore conventional gas;Vented;0.0
Eritrea;Thousand tonnes;2025;Gas;Downstream;Downstream gas;Fugitive;0.0
Eritrea;Thousand tonnes;2025;Gas;Downstream;Downstream gas;Vented;0.0
Eritrea;Thousand tonnes;2025;Gas;Offshore;Offshore gas;Fugitive;0.0
Eritrea;Thousand tonnes;2025;Gas;Offshore;Offshore gas;Incomplete-flare;0.0
Eritrea;Thousand tonnes;2025;Gas;Offshore;Offshore gas;Vented;0.0
Eritrea;Thousand tonnes;2025;Gas;Unconventional;Unconventional gas;Abandoned facilities;0.0
Eritrea;Thousand tonnes;2025;Gas;Unconventional;Unconventional gas;Fugitive;0.0
Eritrea;Thousand tonnes;2025;Gas;Unconventional;Unconventional gas;Incomplete-flare;0.0
Eritrea;Thousand tonnes;2025;Gas;Unconventional;Unconventional gas;Vented;0.0
Eritrea;Thousand tonnes;2025;Oil;Conventional;Onshore conventional oil;Abandoned facilities;0.0
Eritrea;Thousand tonnes;2025;Oil;Conventional;Onshore conventional oil;Fugitive;0.0
Eritrea;Thousand tonnes;2025;Oil;Conventional;Onshore conventional oil;Incomplete-flare;0.0
Eritrea;Thousand tonnes;2025;Oil;Conventional;Onshore conventional oil;Vented;0.0
Eritrea;Thousand tonnes;2025;Oil;Downstream;Downstream oil;Fugitive;0.0229355
Eritrea;Thousand tonnes;2025;Oil;Downstream;Downstream oil;Vented;0.0990256666666666
Eritrea;Thousand tonnes;2025;Oil;Offshore;Offshore oil;Fugitive;0.0
Eritrea;Thousand tonnes;2025;Oil;Offshore;Offshore oil;Incomplete-flare;0.0
Eritrea;Thousand tonnes;2025;Oil;Offshore;Offshore oil;Vented;0.0
Eritrea;Thousand tonnes;2025;Oil;Unconventional;Unconventional oil;Abandoned facilities;0.0
Eritrea;Thousand tonnes;2025;Oil;Unconventional;Unconventional oil;Fugitive;0.0
Eritrea;Thousand tonnes;2025;Oil;Unconventional;Unconventional oil;Incomplete-flare;0.0
Eritrea;Thousand tonnes;2025;Oil;Unconventional;Unconventional oil;Vented;0.0
Eritrea;Thousand tonnes;2025;Satellite-detected large emitters;Satellite - downstream;Satellite - downstream;Fugitive;0.0
Eritrea;Thousand tonnes;2025;Satellite-detected large emitters;Satellite - upstream;Satellite - upstream;Fugitive;0.0
Estonia;Thousand tonnes;2025;Gas;Conventional;Onshore conventional gas;Abandoned facilities;0.0
Estonia;Thousand tonnes;2025;Gas;Conventional;Onshore conventional gas;Fugitive;0.0
Estonia;Thousand tonnes;2025;Gas;Conventional;Onshore conventional gas;Incomplete-flare;0.0
Estonia;Thousand tonnes;2025;Gas;Conventional;Onshore conventional gas;Vented;0.0
Estonia;Thousand tonnes;2025;Gas;Downstream;Downstream gas;Fugitive;0.3393033333333333
Estonia;Thousand tonnes;2025;Gas;Downstream;Downstream gas;Vented;0.4559366666666667
Estonia;Thousand tonnes;2025;Gas;Offshore;Offshore gas;Fugitive;0.0
Estonia;Thousand tonnes;2025;Gas;Offshore;Offshore gas;Incomplete-flare;0.0
Estonia;Thousand tonnes;2025;Gas;Offshore;Offshore gas;Vented;0.0
Estonia;Thousand tonnes;2025;Gas;Unconventional;Unconventional gas;Abandoned facilities;0.0
Estonia;Thousand tonnes;2025;Gas;Unconventional;Unconventional gas;Fugitive;0.0
Estonia;Thousand tonnes;2025;Gas;Unconventional;Unconventional gas;Incomplete-flare;0.0
Estonia;Thousand tonnes;2025;Gas;Unconventional;Unconventional gas;Vented;0.0
Estonia;Thousand tonnes;2025;Oil;Conventional;Onshore conventional oil;Abandoned facilities;0.1434244974873408
Estonia;Thousand tonnes;2025;Oil;Conventional;Onshore conventional oil;Fugitive;0.5636833333333333
Estonia;Thousand tonnes;2025;Oil;Conventional;Onshore conventional oil;Incomplete-flare;0.0
Estonia;Thousand tonnes;2025;Oil;Conventional;Onshore conventional oil;Vented;2.254623333333333
Estonia;Thousand tonnes;2025;Oil;Downstream;Downstream oil;Fugitive;0.0206955999999999
Estonia;Thousand tonnes;2025;Oil;Downstream;Downstream oil;Vented;0.0894206666666666
Estonia;Thousand tonnes;2025;Oil;Offshore;Offshore oil;Fugitive;0.0
Estonia;Thousand tonnes;2025;Oil;Offshore;Offshore oil;Incomplete-flare;0.0
Estonia;Thousand tonnes;2025;Oil;Offshore;Offshore oil;Vented;0.0
Estonia;Thousand tonnes;2025;Oil;Unconventional;Unconventional oil;Abandoned facilities;0.0
Estonia;Thousand tonnes;2025;Oil;Unconventional;Unconventional oil;Fugitive;0.0
Estonia;Thousand tonnes;2025;Oil;Unconventional;Unconventional oil;Incomplete-flare;0.0
Estonia;Thousand tonnes;2025;Oil;Unconventional;Unconventional oil;Vented;0.0
Estonia;Thousand tonnes;2025;Satellite-detected large emitters;Satellite - downstream;Satellite - downstream;Fugitive;0.0
Estonia;Thousand tonnes;2025;Satellite-detected large emitters;Satellite - upstream;Satellite - upstream;Fugitive;0.0
Ethiopia;Thousand tonnes;2025;Gas;Conventional;Onshore conventional gas;Abandoned facilities;0.0
Ethiopia;Thousand tonnes;2025;Gas;Conventional;Onshore conventional gas;Fugitive;0.0
Ethiopia;Thousand tonnes;2025;Gas;Conventional;Onshore conventional gas;Incomplete-flare;0.0
Ethiopia;Thousand tonnes;2025;Gas;Conventional;Onshore conventional gas;Vented;0.0
Ethiopia;Thousand tonnes;2025;Gas;Downstream;Downstream gas;Fugitive;0.0
Ethiopia;Thousand tonnes;2025;Gas;Downstream;Downstream gas;Vented;0.0
Ethiopia;Thousand tonnes;2025;Gas;Offshore;Offshore gas;Fugitive;0.0
Ethiopia;Thousand tonnes;2025;Gas;Offshore;Offshore gas;Incomplete-flare;0.0
Ethiopia;Thousand tonnes;2025;Gas;Offshore;Offshore gas;Vented;0.0
Ethiopia;Thousand tonnes;2025;Gas;Unconventional;Unconventional gas;Abandoned facilities;0.0
Ethiopia;Thousand tonnes;2025;Gas;Unconventional;Unconventional gas;Fugitive;0.0
Ethiopia;Thousand tonnes;2025;Gas;Unconventional;Unconventional gas;Incomplete-flare;0.0
Ethiopia;Thousand tonnes;2025;Gas;Unconventional;Unconventional gas;Vented;0.0
Ethiopia;Thousand tonnes;2025;Oil;Conventional;Onshore conventional oil;Abandoned facilities;0.0
Ethiopia;Thousand tonnes;2025;Oil;Conventional;Onshore conventional oil;Fugitive;0.0
Ethiopia;Thousand tonnes;2025;Oil;Conventional;Onshore conventional oil;Incomplete-flare;0.0
Ethiopia;Thousand tonnes;2025;Oil;Conventional;Onshore conventional oil;Vented;0.0
Ethiopia;Thousand tonnes;2025;Oil;Downstream;Downstream oil;Fugitive;0.1962946666666666
Ethiopia;Thousand tonnes;2025;Oil;Downstream;Downstream oil;Vented;0.8471666666666666
Ethiopia;Thousand tonnes;2025;Oil;Offshore;Offshore oil;Fugitive;0.0
Ethiopia;Thousand tonnes;2025;Oil;Offshore;Offshore oil;Incomplete-flare;0.0
Ethiopia;Thousand tonnes;2025;Oil;Offshore;Offshore oil;Vented;0.0
Ethiopia;Thousand tonnes;2025;Oil;Unconventional;Unconventional oil;Abandoned facilities;0.0
Ethiopia;Thousand tonnes;2025;Oil;Unconventional;Unconventional oil;Fugitive;0.0
Ethiopia;Thousand tonnes;2025;Oil;Unconventional;Unconventional oil;Incomplete-flare;0.0
Ethiopia;Thousand tonnes;2025;Oil;Unconventional;Unconventional oil;Vented;0.0
Ethiopia;Thousand tonnes;2025;Satellite-detected large emitters;Satellite - downstream;Satellite - downstream;Fugitive;0.0
Ethiopia;Thousand tonnes;2025;Satellite-detected large emitters;Satellite - upstream;Satellite - upstream;Fugitive;0.0
European Union;Thousand tonnes;2025;Gas;Conventional;Onshore conventional gas;Abandoned facilities;56.70406794090477
European Union;Thousand tonnes;2025;Gas;Conventional;Onshore conventional gas;Fugitive;25.823961333333333
European Union;Thousand tonnes;2025;Gas;Conventional;Onshore conventional gas;Incomplete-flare;0.0
European Union;Thousand tonnes;2025;Gas;Conventional;Onshore conventional gas;Vented;64.46418333333334
European Union;Thousand tonnes;2025;Gas;Downstream;Downstream gas;Fugitive;180.57271333333333
European Union;Thousand tonnes;2025;Gas;Downstream;Downstream gas;Vented;242.62992666666665
European Union;Thousand tonnes;2025;Gas;Offshore;Offshore gas;Fugitive;7.087643400000001
European Union;Thousand tonnes;2025;Gas;Offshore;Offshore gas;Incomplete-flare;0.0
European Union;Thousand tonnes;2025;Gas;Offshore;Offshore gas;Vented;17.692585133333335
European Union;Thousand tonnes;2025;Gas;Unconventional;Unconventional gas;Abandoned facilities;0.0
European Union;Thousand tonnes;2025;Gas;Unconventional;Unconventional gas;Fugitive;1.76991584
European Union;Thousand tonnes;2025;Gas;Unconventional;Unconventional gas;Incomplete-flare;0.0
European Union;Thousand tonnes;2025;Gas;Unconventional;Unconventional gas;Vented;4.418266233333332
European Union;Thousand tonnes;2025;Oil;Conventional;Onshore conventional oil;Abandoned facilities;24.08048975480237
European Union;Thousand tonnes;2025;Oil;Conventional;Onshore conventional oil;Fugitive;12.355419933333332
European Union;Thousand tonnes;2025;Oil;Conventional;Onshore conventional oil;Incomplete-flare;1.6290712533333334
European Union;Thousand tonnes;2025;Oil;Conventional;Onshore conventional oil;Vented;49.42137233333334
European Union;Thousand tonnes;2025;Oil;Downstream;Downstream oil;Fugitive;11.8073316
European Union;Thousand tonnes;2025;Oil;Downstream;Downstream oil;Vented;50.92998133333333
European Union;Thousand tonnes;2025;Oil;Offshore;Offshore oil;Fugitive;3.325097666666667
European Union;Thousand tonnes;2025;Oil;Offshore;Offshore oil;Incomplete-flare;0.6458420733333334
European Union;Thousand tonnes;2025;Oil;Offshore;Offshore oil;Vented;13.300681333333332
European Union;Thousand tonnes;2025;Oil;Unconventional;Unconventional oil;Abandoned facilities;0.0
European Union;Thousand tonnes;2025;Oil;Unconventional;Unconventional oil;Fugitive;0.0
European Union;Thousand tonnes;2025;Oil;Unconventional;Unconventional oil;Incomplete-flare;0.0
European Union;Thousand tonnes;2025;Oil;Unconventional;Unconventional oil;Vented;0.0
European Union;Thousand tonnes;2025;Satellite-detected large emitters;Satellite - downstream;Satellite - downstream;Fugitive;0.0
European Union;Thousand tonnes;2025;Satellite-detected large emitters;Satellite - upstream;Satellite - upstream;Fugitive;0.0
France;Thousand tonnes;2025;Gas;Conventional;Onshore conventional gas;Abandoned facilities;1.4699602727929515
France;Thousand tonnes;2025;Gas;Conventional;Onshore conventional gas;Fugitive;0.0
France;Thousand tonnes;2025;Gas;Conventional;Onshore conventional gas;Incomplete-flare;0.0
France;Thousand tonnes;2025;Gas;Conventional;Onshore conventional gas;Vented;0.0
France;Thousand tonnes;2025;Gas;Downstream;Downstream gas;Fugitive;24.108633333333334
France;Thousand tonnes;2025;Gas;Downstream;Downstream gas;Vented;32.394333333333336
France;Thousand tonnes;2025;Gas;Offshore;Offshore gas;Fugitive;0.0
France;Thousand tonnes;2025;Gas;Offshore;Offshore gas;Incomplete-flare;0.0
France;Thousand tonnes;2025;Gas;Offshore;Offshore gas;Vented;0.0
France;Thousand tonnes;2025;Gas;Unconventional;Unconventional gas;Abandoned facilities;0.0
France;Thousand tonnes;2025;Gas;Unconventional;Unconventional gas;Fugitive;0.0408539999999999
France;Thousand tonnes;2025;Gas;Unconventional;Unconventional gas;Incomplete-flare;0.0
France;Thousand tonnes;2025;Gas;Unconventional;Unconventional gas;Vented;0.1019846666666666
France;Thousand tonnes;2025;Oil;Conventional;Onshore conventional oil;Abandoned facilities;0.5721297303853081
France;Thousand tonnes;2025;Oil;Conventional;Onshore conventional oil;Fugitive;0.5480166666666667
France;Thousand tonnes;2025;Oil;Conventional;Onshore conventional oil;Incomplete-flare;0.0235299333333333
France;Thousand tonnes;2025;Oil;Conventional;Onshore conventional oil;Vented;2.19202
France;Thousand tonnes;2025;Oil;Downstream;Downstream oil;Fugitive;1.5982966666666667
France;Thousand tonnes;2025;Oil;Downstream;Downstream oil;Vented;6.888066666666666
France;Thousand tonnes;2025;Oil;Offshore;Offshore oil;Fugitive;0.0
France;Thousand tonnes;2025;Oil;Offshore;Offshore oil;Incomplete-flare;0.0
France;Thousand tonnes;2025;Oil;Offshore;Offshore oil;Vented;0.0
France;Thousand tonnes;2025;Oil;Unconventional;Unconventional oil;Abandoned facilities;0.0
France;Thousand tonnes;2025;Oil;Unconventional;Unconventional oil;Fugitive;0.0
France;Thousand tonnes;2025;Oil;Unconventional;Unconventional oil;Incomplete-flare;0.0
France;Thousand tonnes;2025;Oil;Unconventional;Unconventional oil;Vented;0.0
France;Thousand tonnes;2025;Satellite-detected large emitters;Satellite - downstream;Satellite - downstream;Fugitive;0.0
France;Thousand tonnes;2025;Satellite-detected large emitters;Satellite - upstream;Satellite - upstream;Fugitive;0.0
Gabon;Thousand tonnes;2025;Gas;Conventional;Onshore conventional gas;Abandoned facilities;0.0
Gabon;Thousand tonnes;2025;Gas;Conventional;Onshore conventional gas;Fugitive;0.4574433333333333
Gabon;Thousand tonnes;2025;Gas;Conventional;Onshore conventional gas;Incomplete-flare;0.0
Gabon;Thousand tonnes;2025;Gas;Conventional;Onshore conventional gas;Vented;1.1419199999999998
Gabon;Thousand tonnes;2025;Gas;Downstream;Downstream gas;Fugitive;0.8608100000000001
Gabon;Thousand tonnes;2025;Gas;Downstream;Downstream gas;Vented;1.15667
Gabon;Thousand tonnes;2025;Gas;Offshore;Offshore gas;Fugitive;0.2508896666666667
Gabon;Thousand tonnes;2025;Gas;Offshore;Offshore gas;Incomplete-flare;0.0
Gabon;Thousand tonnes;2025;Gas;Offshore;Offshore gas;Vented;0.6263000000000001
Gabon;Thousand tonnes;2025;Gas;Unconventional;Unconventional gas;Abandoned facilities;0.0
Gabon;Thousand tonnes;2025;Gas;Unconventional;Unconventional gas;Fugitive;0.0
Gabon;Thousand tonnes;2025;Gas;Unconventional;Unconventional gas;Incomplete-flare;0.0
Gabon;Thousand tonnes;2025;Gas;Unconventional;Unconventional gas;Vented;0.0
Gabon;Thousand tonnes;2025;Oil;Conventional;Onshore conventional oil;Abandoned facilities;0.0
Gabon;Thousand tonnes;2025;Oil;Conventional;Onshore conventional oil;Fugitive;16.027
Gabon;Thousand tonnes;2025;Oil;Conventional;Onshore conventional oil;Incomplete-flare;14.2935
Gabon;Thousand tonnes;2025;Oil;Conventional;Onshore conventional oil;Vented;64.10866666666666
Gabon;Thousand tonnes;2025;Oil;Downstream;Downstream oil;Fugitive;0.2610926666666666
Gabon;Thousand tonnes;2025;Oil;Downstream;Downstream oil;Vented;1.1271866666666668
Gabon;Thousand tonnes;2025;Oil;Offshore;Offshore oil;Fugitive;19.286966666666668
Gabon;Thousand tonnes;2025;Oil;Offshore;Offshore oil;Incomplete-flare;17.200866666666666
Gabon;Thousand tonnes;2025;Oil;Offshore;Offshore oil;Vented;77.14866666666667
Gabon;Thousand tonnes;2025;Oil;Unconventional;Unconventional oil;Abandoned facilities;0.0
Gabon;Thousand tonnes;2025;Oil;Unconventional;Unconventional oil;Fugitive;0.0
Gabon;Thousand tonnes;2025;Oil;Unconventional;Unconventional oil;Incomplete-flare;0.0
Gabon;Thousand tonnes;2025;Oil;Unconventional;Unconventional oil;Vented;0.0
Gabon;Thousand tonnes;2025;Satellite-detected large emitters;Satellite - downstream;Satellite - downstream;Fugitive;0.0
Gabon;Thousand tonnes;2025;Satellite-detected large emitters;Satellite - upstream;Satellite - upstream;Fugitive;0.0
Gambia;Thousand tonnes;2025;Gas;Conventional;Onshore conventional gas;Abandoned facilities;0.0
Gambia;Thousand tonnes;2025;Gas;Conventional;Onshore conventional gas;Fugitive;0.0
Gambia;Thousand tonnes;2025;Gas;Conventional;Onshore conventional gas;Incomplete-flare;0.0
Gambia;Thousand tonnes;2025;Gas;Conventional;Onshore conventional gas;Vented;0.0
Gambia;Thousand tonnes;2025;Gas;Downstream;Downstream gas;Fugitive;0.0
Gambia;Thousand tonnes;2025;Gas;Downstream;Downstream gas;Vented;0.0
Gambia;Thousand tonnes;2025;Gas;Offshore;Offshore gas;Fugitive;0.0
Gambia;Thousand tonnes;2025;Gas;Offshore;Offshore gas;Incomplete-flare;0.0
Gambia;Thousand tonnes;2025;Gas;Offshore;Offshore gas;Vented;0.0
Gambia;Thousand tonnes;2025;Gas;Unconventional;Unconventional gas;Abandoned facilities;0.0
Gambia;Thousand tonnes;2025;Gas;Unconventional;Unconventional gas;Fugitive;0.0
Gambia;Thousand tonnes;2025;Gas;Unconventional;Unconventional gas;Incomplete-flare;0.0
Gambia;Thousand tonnes;2025;Gas;Unconventional;Unconventional gas;Vented;0.0
Gambia;Thousand tonnes;2025;Oil;Conventional;Onshore conventional oil;Abandoned facilities;0.0
Gambia;Thousand tonnes;2025;Oil;Conventional;Onshore conventional oil;Fugitive;0.0
Gambia;Thousand tonnes;2025;Oil;Conventional;Onshore conventional oil;Incomplete-flare;0.0
Gambia;Thousand tonnes;2025;Oil;Conventional;Onshore conventional oil;Vented;0.0
Gambia;Thousand tonnes;2025;Oil;Downstream;Downstream oil;Fugitive;0.0
Gambia;Thousand tonnes;2025;Oil;Downstream;Downstream oil;Vented;0.0
Gambia;Thousand tonnes;2025;Oil;Offshore;Offshore oil;Fugitive;0.0
Gambia;Thousand tonnes;2025;Oil;Offshore;Offshore oil;Incomplete-flare;0.0
Gambia;Thousand tonnes;2025;Oil;Offshore;Offshore oil;Vented;0.0
Gambia;Thousand tonnes;2025;Oil;Unconventional;Unconventional oil;Abandoned facilities;0.0
Gambia;Thousand tonnes;2025;Oil;Unconventional;Unconventional oil;Fugitive;0.0
Gambia;Thousand tonnes;2025;Oil;Unconventional;Unconventional oil;Incomplete-flare;0.0
Gambia;Thousand tonnes;2025;Oil;Unconventional;Unconventional oil;Vented;0.0
Gambia;Thousand tonnes;2025;Satellite-detected large emitters;Satellite - downstream;Satellite - downstream;Fugitive;0.0
Gambia;Thousand tonnes;2025;Satellite-detected large emitters;Satellite - upstream;Satellite - upstream;Fugitive;0.0
Germany;Thousand tonnes;2025;Gas;Conventional;Onshore conventional gas;Abandoned facilities;3.157847104546628
Germany;Thousand tonnes;2025;Gas;Conventional;Onshore conventional gas;Fugitive;1.91973
Germany;Thousand tonnes;2025;Gas;Conventional;Onshore conventional gas;Incomplete-flare;0.0
Germany;Thousand tonnes;2025;Gas;Conventional;Onshore conventional gas;Vented;4.792133333333334
Germany;Thousand tonnes;2025;Gas;Downstream;Downstream gas;Fugitive;30.9577
Germany;Thousand tonnes;2025;Gas;Downstream;Downstream gas;Vented;41.595
Germany;Thousand tonnes;2025;Gas;Offshore;Offshore gas;Fugitive;0.0074898
Germany;Thousand tonnes;2025;Gas;Offshore;Offshore gas;Incomplete-flare;0.0
Germany;Thousand tonnes;2025;Gas;Offshore;Offshore gas;Vented;0.0186964666666666
Germany;Thousand tonnes;2025;Gas;Unconventional;Unconventional gas;Abandoned facilities;0.0
Germany;Thousand tonnes;2025;Gas;Unconventional;Unconventional gas;Fugitive;0.47166
Germany;Thousand tonnes;2025;Gas;Unconventional;Unconventional gas;Incomplete-flare;0.0
Germany;Thousand tonnes;2025;Gas;Unconventional;Unconventional gas;Vented;1.17743
Germany;Thousand tonnes;2025;Oil;Conventional;Onshore conventional oil;Abandoned facilities;0.7440200250784206
Germany;Thousand tonnes;2025;Oil;Conventional;Onshore conventional oil;Fugitive;0.5245233333333333
Germany;Thousand tonnes;2025;Oil;Conventional;Onshore conventional oil;Incomplete-flare;0.0013895866666666
Germany;Thousand tonnes;2025;Oil;Conventional;Onshore conventional oil;Vented;2.0980233333333334
Germany;Thousand tonnes;2025;Oil;Downstream;Downstream oil;Fugitive;1.1725166666666669
Germany;Thousand tonnes;2025;Oil;Downstream;Downstream oil;Vented;5.065633333333333
Germany;Thousand tonnes;2025;Oil;Offshore;Offshore oil;Fugitive;0.5512033333333334
Germany;Thousand tonnes;2025;Oil;Offshore;Offshore oil;Incomplete-flare;0.0014602666666666
Germany;Thousand tonnes;2025;Oil;Offshore;Offshore oil;Vented;2.204736666666667
Germany;Thousand tonnes;2025;Oil;Unconventional;Unconventional oil;Abandoned facilities;0.0
Germany;Thousand tonnes;2025;Oil;Unconventional;Unconventional oil;Fugitive;0.0
Germany;Thousand tonnes;2025;Oil;Unconventional;Unconventional oil;Incomplete-flare;0.0
Germany;Thousand tonnes;2025;Oil;Unconventional;Unconventional oil;Vented;0.0
Germany;Thousand tonnes;2025;Satellite-detected large emitters;Satellite - downstream;Satellite - downstream;Fugitive;0.0
Germany;Thousand tonnes;2025;Satellite-detected large emitters;Satellite - upstream;Satellite - upstream;Fugitive;0.0
Ghana;Thousand tonnes;2025;Gas;Conventional;Onshore conventional gas;Abandoned facilities;0.0
Ghana;Thousand tonnes;2025;Gas;Conventional;Onshore conventional gas;Fugitive;0.0
Ghana;Thousand tonnes;2025;Gas;Conventional;Onshore conventional gas;Incomplete-flare;0.0
Ghana;Thousand tonnes;2025;Gas;Conventional;Onshore conventional gas;Vented;0.0
Ghana;Thousand tonnes;2025;Gas;Downstream;Downstream gas;Fugitive;3.6762333333333337
Ghana;Thousand tonnes;2025;Gas;Downstream;Downstream gas;Vented;4.939666666666667
Ghana;Thousand tonnes;2025;Gas;Offshore;Offshore gas;Fugitive;2.06135
Ghana;Thousand tonnes;2025;Gas;Offshore;Offshore gas;Incomplete-flare;0.0
Ghana;Thousand tonnes;2025;Gas;Offshore;Offshore gas;Vented;5.146133333333333
Ghana;Thousand tonnes;2025;Gas;Unconventional;Unconventional gas;Abandoned facilities;0.0
Ghana;Thousand tonnes;2025;Gas;Unconventional;Unconventional gas;Fugitive;0.0
Ghana;Thousand tonnes;2025;Gas;Unconventional;Unconventional gas;Incomplete-flare;0.0
Ghana;Thousand tonnes;2025;Gas;Unconventional;Unconventional gas;Vented;0.0
Ghana;Thousand tonnes;2025;Oil;Conventional;Onshore conventional oil;Abandoned facilities;0.0
Ghana;Thousand tonnes;2025;Oil;Conventional;Onshore conventional oil;Fugitive;2.632903333333333
Ghana;Thousand tonnes;2025;Oil;Conventional;Onshore conventional oil;Incomplete-flare;1.533283333333333
Ghana;Thousand tonnes;2025;Oil;Conventional;Onshore conventional oil;Vented;10.5318
Ghana;Thousand tonnes;2025;Oil;Downstream;Downstream oil;Fugitive;0.1680799999999999
Ghana;Thousand tonnes;2025;Oil;Downstream;Downstream oil;Vented;0.7260633333333334
Ghana;Thousand tonnes;2025;Oil;Offshore;Offshore oil;Fugitive;8.729700000000001
Ghana;Thousand tonnes;2025;Oil;Offshore;Offshore oil;Incomplete-flare;10.167566666666666
Ghana;Thousand tonnes;2025;Oil;Offshore;Offshore oil;Vented;34.919333333333334
Ghana;Thousand tonnes;2025;Oil;Unconventional;Unconventional oil;Abandoned facilities;0.0
Ghana;Thousand tonnes;2025;Oil;Unconventional;Unconventional oil;Fugitive;0.0
Ghana;Thousand tonnes;2025;Oil;Unconventional;Unconventional oil;Incomplete-flare;0.0
Ghana;Thousand tonnes;2025;Oil;Unconventional;Unconventional oil;Vented;0.0
Ghana;Thousand tonnes;2025;Satellite-detected large emitters;Satellite - downstream;Satellite - downstream;Fugitive;0.0
Ghana;Thousand tonnes;2025;Satellite-detected large emitters;Satellite - upstream;Satellite - upstream;Fugitive;0.0
Greenland;Thousand tonnes;2025;Gas;Conventional;Onshore conventional gas;Abandoned facilities;0.0
Greenland;Thousand tonnes;2025;Gas;Conventional;Onshore conventional gas;Fugitive;0.0
Greenland;Thousand tonnes;2025;Gas;Conventional;Onshore conventional gas;Incomplete-flare;0.0
Greenland;Thousand tonnes;2025;Gas;Conventional;Onshore conventional gas;Vented;0.0
Greenland;Thousand tonnes;2025;Gas;Downstream;Downstream gas;Fugitive;0.0
Greenland;Thousand tonnes;2025;Gas;Downstream;Downstream gas;Vented;0.0
Greenland;Thousand tonnes;2025;Gas;Offshore;Offshore gas;Fugitive;0.0
Greenland;Thousand tonnes;2025;Gas;Offshore;Offshore gas;Incomplete-flare;0.0
Greenland;Thousand tonnes;2025;Gas;Offshore;Offshore gas;Vented;0.0
Greenland;Thousand tonnes;2025;Gas;Unconventional;Unconventional gas;Abandoned facilities;0.0
Greenland;Thousand tonnes;2025;Gas;Unconventional;Unconventional gas;Fugitive;0.0
Greenland;Thousand tonnes;2025;Gas;Unconventional;Unconventional gas;Incomplete-flare;0.0
Greenland;Thousand tonnes;2025;Gas;Unconventional;Unconventional gas;Vented;0.0
Greenland;Thousand tonnes;2025;Oil;Conventional;Onshore conventional oil;Abandoned facilities;0.0
Greenland;Thousand tonnes;2025;Oil;Conventional;Onshore conventional oil;Fugitive;0.0
Greenland;Thousand tonnes;2025;Oil;Conventional;Onshore conventional oil;Incomplete-flare;0.0
Greenland;Thousand tonnes;2025;Oil;Conventional;Onshore conventional oil;Vented;0.0
Greenland;Thousand tonnes;2025;Oil;Downstream;Downstream oil;Fugitive;0.0
Greenland;Thousand tonnes;2025;Oil;Downstream;Downstream oil;Vented;0.0
Greenland;Thousand tonnes;2025;Oil;Offshore;Offshore oil;Fugitive;0.0
Greenland;Thousand tonnes;2025;Oil;Offshore;Offshore oil;Incomplete-flare;0.0
Greenland;Thousand tonnes;2025;Oil;Offshore;Offshore oil;Vented;0.0
Greenland;Thousand tonnes;2025;Oil;Unconventional;Unconventional oil;Abandoned facilities;0.0
Greenland;Thousand tonnes;2025;Oil;Unconventional;Unconventional oil;Fugitive;0.0
Greenland;Thousand tonnes;2025;Oil;Unconventional;Unconventional oil;Incomplete-flare;0.0
Greenland;Thousand tonnes;2025;Oil;Unconventional;Unconventional oil;Vented;0.0
Greenland;Thousand tonnes;2025;Satellite-detected large emitters;Satellite - downstream;Satellite - downstream;Fugitive;0.0
Greenland;Thousand tonnes;2025;Satellite-detected large emitters;Satellite - upstream;Satellite - upstream;Fugitive;0.0
Guinea;Thousand tonnes;2025;Gas;Conventional;Onshore conventional gas;Abandoned facilities;0.0
Guinea;Thousand tonnes;2025;Gas;Conventional;Onshore conventional gas;Fugitive;0.0
Guinea;Thousand tonnes;2025;Gas;Conventional;Onshore conventional gas;Incomplete-flare;0.0
Guinea;Thousand tonnes;2025;Gas;Conventional;Onshore conventional gas;Vented;0.0
Guinea;Thousand tonnes;2025;Gas;Downstream;Downstream gas;Fugitive;0.0
Guinea;Thousand tonnes;2025;Gas;Downstream;Downstream gas;Vented;0.0
Guinea;Thousand tonnes;2025;Gas;Offshore;Offshore gas;Fugitive;0.0
Guinea;Thousand tonnes;2025;Gas;Offshore;Offshore gas;Incomplete-flare;0.0
Guinea;Thousand tonnes;2025;Gas;Offshore;Offshore gas;Vented;0.0
Guinea;Thousand tonnes;2025;Gas;Unconventional;Unconventional gas;Abandoned facilities;0.0
Guinea;Thousand tonnes;2025;Gas;Unconventional;Unconventional gas;Fugitive;0.0
Guinea;Thousand tonnes;2025;Gas;Unconventional;Unconventional gas;Incomplete-flare;0.0
Guinea;Thousand tonnes;2025;Gas;Unconventional;Unconventional gas;Vented;0.0
Guinea;Thousand tonnes;2025;Oil;Conventional;Onshore conventional oil;Abandoned facilities;0.0
Guinea;Thousand tonnes;2025;Oil;Conventional;Onshore conventional oil;Fugitive;0.0
Guinea;Thousand tonnes;2025;Oil;Conventional;Onshore conventional oil;Incomplete-flare;0.0
Guinea;Thousand tonnes;2025;Oil;Conventional;Onshore conventional oil;Vented;0.0
Guinea;Thousand tonnes;2025;Oil;Downstream;Downstream oil;Fugitive;0.0
Guinea;Thousand tonnes;2025;Oil;Downstream;Downstream oil;Vented;0.0
Guinea;Thousand tonnes;2025;Oil;Offshore;Offshore oil;Fugitive;0.0
Guinea;Thousand tonnes;2025;Oil;Offshore;Offshore oil;Incomplete-flare;0.0
Guinea;Thousand tonnes;2025;Oil;Offshore;Offshore oil;Vented;0.0
Guinea;Thousand tonnes;2025;Oil;Unconventional;Unconventional oil;Abandoned facilities;0.0
Guinea;Thousand tonnes;2025;Oil;Unconventional;Unconventional oil;Fugitive;0.0
Guinea;Thousand tonnes;2025;Oil;Unconventional;Unconventional oil;Incomplete-flare;0.0
Guinea;Thousand tonnes;2025;Oil;Unconventional;Unconventional oil;Vented;0.0
Guinea;Thousand tonnes;2025;Satellite-detected large emitters;Satellite - downstream;Satellite - downstream;Fugitive;0.0
Guinea;Thousand tonnes;2025;Satellite-detected large emitters;Satellite - upstream;Satellite - upstream;Fugitive;0.0
Guinea-Bissau;Thousand tonnes;2025;Gas;Conventional;Onshore conventional gas;Abandoned facilities;0.0
Guinea-Bissau;Thousand tonnes;2025;Gas;Conventional;Onshore conventional gas;Fugitive;0.0
Guinea-Bissau;Thousand tonnes;2025;Gas;Conventional;Onshore conventional gas;Incomplete-flare;0.0
Guinea-Bissau;Thousand tonnes;2025;Gas;Conventional;Onshore conventional gas;Vented;0.0
Guinea-Bissau;Thousand tonnes;2025;Gas;Downstream;Downstream gas;Fugitive;0.0
Guinea-Bissau;Thousand tonnes;2025;Gas;Downstream;Downstream gas;Vented;0.0
Guinea-Bissau;Thousand tonnes;2025;Gas;Offshore;Offshore gas;Fugitive;0.0
Guinea-Bissau;Thousand tonnes;2025;Gas;Offshore;Offshore gas;Incomplete-flare;0.0
Guinea-Bissau;Thousand tonnes;2025;Gas;Offshore;Offshore gas;Vented;0.0
Guinea-Bissau;Thousand tonnes;2025;Gas;Unconventional;Unconventional gas;Abandoned facilities;0.0
Guinea-Bissau;Thousand tonnes;2025;Gas;Unconventional;Unconventional gas;Fugitive;0.0
Guinea-Bissau;Thousand tonnes;2025;Gas;Unconventional;Unconventional gas;Incomplete-flare;0.0
Guinea-Bissau;Thousand tonnes;2025;Gas;Unconventional;Unconventional gas;Vented;0.0
Guinea-Bissau;Thousand tonnes;2025;Oil;Conventional;Onshore conventional oil;Abandoned facilities;0.0
Guinea-Bissau;Thousand tonnes;2025;Oil;Conventional;Onshore conventional oil;Fugitive;0.0
Guinea-Bissau;Thousand tonnes;2025;Oil;Conventional;Onshore conventional oil;Incomplete-flare;0.0
Guinea-Bissau;Thousand tonnes;2025;Oil;Conventional;Onshore conventional oil;Vented;0.0
Guinea-Bissau;Thousand tonnes;2025;Oil;Downstream;Downstream oil;Fugitive;0.0
Guinea-Bissau;Thousand tonnes;2025;Oil;Downstream;Downstream oil;Vented;0.0
Guinea-Bissau;Thousand tonnes;2025;Oil;Offshore;Offshore oil;Fugitive;0.0
Guinea-Bissau;Thousand tonnes;2025;Oil;Offshore;Offshore oil;Incomplete-flare;0.0
Guinea-Bissau;Thousand tonnes;2025;Oil;Offshore;Offshore oil;Vented;0.0
Guinea-Bissau;Thousand tonnes;2025;Oil;Unconventional;Unconventional oil;Abandoned facilities;0.0
Guinea-Bissau;Thousand tonnes;2025;Oil;Unconventional;Unconventional oil;Fugitive;0.0
Guinea-Bissau;Thousand tonnes;2025;Oil;Unconventional;Unconventional oil;Incomplete-flare;0.0
Guinea-Bissau;Thousand tonnes;2025;Oil;Unconventional;Unconventional oil;Vented;0.0
Guinea-Bissau;Thousand tonnes;2025;Satellite-detected large emitters;Satellite - downstream;Satellite - downstream;Fugitive;0.0
Guinea-Bissau;Thousand tonnes;2025;Satellite-detected large emitters;Satellite - upstream;Satellite - upstream;Fugitive;0.0
Guyana;Thousand tonnes;2025;Gas;Conventional;Onshore conventional gas;Abandoned facilities;0.0
Guyana;Thousand tonnes;2025;Gas;Conventional;Onshore conventional gas;Fugitive;0.0
Guyana;Thousand tonnes;2025;Gas;Conventional;Onshore conventional gas;Incomplete-flare;0.0
Guyana;Thousand tonnes;2025;Gas;Conventional;Onshore conventional gas;Vented;0.0
Guyana;Thousand tonnes;2025;Gas;Downstream;Downstream gas;Fugitive;0.0
Guyana;Thousand tonnes;2025;Gas;Downstream;Downstream gas;Vented;0.0
Guyana;Thousand tonnes;2025;Gas;Offshore;Offshore gas;Fugitive;0.0
Guyana;Thousand tonnes;2025;Gas;Offshore;Offshore gas;Incomplete-flare;0.0
Guyana;Thousand tonnes;2025;Gas;Offshore;Offshore gas;Vented;0.0
Guyana;Thousand tonnes;2025;Gas;Unconventional;Unconventional gas;Abandoned facilities;0.0
Guyana;Thousand tonnes;2025;Gas;Unconventional;Unconventional gas;Fugitive;0.0
Guyana;Thousand tonnes;2025;Gas;Unconventional;Unconventional gas;Incomplete-flare;0.0
Guyana;Thousand tonnes;2025;Gas;Unconventional;Unconventional gas;Vented;0.0
Guyana;Thousand tonnes;2025;Oil;Conventional;Onshore conventional oil;Abandoned facilities;0.0
Guyana;Thousand tonnes;2025;Oil;Conventional;Onshore conventional oil;Fugitive;0.0
Guyana;Thousand tonnes;2025;Oil;Conventional;Onshore conventional oil;Incomplete-flare;0.0
Guyana;Thousand tonnes;2025;Oil;Conventional;Onshore conventional oil;Vented;0.0
Guyana;Thousand tonnes;2025;Oil;Downstream;Downstream oil;Fugitive;0.037899
Guyana;Thousand tonnes;2025;Oil;Downstream;Downstream oil;Vented;0.1634699999999999
Guyana;Thousand tonnes;2025;Oil;Offshore;Offshore oil;Fugitive;21.0937
Guyana;Thousand tonnes;2025;Oil;Offshore;Offshore oil;Incomplete-flare;0.3853033333333334
Guyana;Thousand tonnes;2025;Oil;Offshore;Offshore oil;Vented;84.37466666666666
Guyana;Thousand tonnes;2025;Oil;Unconventional;Unconventional oil;Abandoned facilities;0.0
Guyana;Thousand tonnes;2025;Oil;Unconventional;Unconventional oil;Fugitive;0.0
Guyana;Thousand tonnes;2025;Oil;Unconventional;Unconventional oil;Incomplete-flare;0.0
Guyana;Thousand tonnes;2025;Oil;Unconventional;Unconventional oil;Vented;0.0
Guyana;Thousand tonnes;2025;Satellite-detected large emitters;Satellite - downstream;Satellite - downstream;Fugitive;0.0
Guyana;Thousand tonnes;2025;Satellite-detected large emitters;Satellite - upstream;Satellite - upstream;Fugitive;0.0
India;Thousand tonnes;2025;Gas;Conventional;Onshore conventional gas;Abandoned facilities;9.690242421050566
India;Thousand tonnes;2025;Gas;Conventional;Onshore conventional gas;Fugitive;20.995933333333333
India;Thousand tonnes;2025;Gas;Conventional;Onshore conventional gas;Incomplete-flare;0.0
India;Thousand tonnes;2025;Gas;Conventional;Onshore conventional gas;Vented;52.41233333333333
India;Thousand tonnes;2025;Gas;Downstream;Downstream gas;Fugitive;196.183
India;Thousand tonnes;2025;Gas;Downstream;Downstream gas;Vented;263.60900000000004
India;Thousand tonnes;2025;Gas;Offshore;Offshore gas;Fugitive;70.74533333333333
India;Thousand tonnes;2025;Gas;Offshore;Offshore gas;Incomplete-flare;0.0
India;Thousand tonnes;2025;Gas;Offshore;Offshore gas;Vented;176.60133333333334
India;Thousand tonnes;2025;Gas;Unconventional;Unconventional gas;Abandoned facilities;0.0
India;Thousand tonnes;2025;Gas;Unconventional;Unconventional gas;Fugitive;11.674633333333333
India;Thousand tonnes;2025;Gas;Unconventional;Unconventional gas;Incomplete-flare;0.0
India;Thousand tonnes;2025;Gas;Unconventional;Unconventional gas;Vented;29.143633333333334
India;Thousand tonnes;2025;Oil;Conventional;Onshore conventional oil;Abandoned facilities;29.671077691361667
India;Thousand tonnes;2025;Oil;Conventional;Onshore conventional oil;Fugitive;50.44833333333334
India;Thousand tonnes;2025;Oil;Conventional;Onshore conventional oil;Incomplete-flare;30.28983333333333
India;Thousand tonnes;2025;Oil;Conventional;Onshore conventional oil;Vented;201.79233333333332
India;Thousand tonnes;2025;Oil;Downstream;Downstream oil;Fugitive;26.48616666666667
India;Thousand tonnes;2025;Oil;Downstream;Downstream oil;Vented;114.29166666666669
India;Thousand tonnes;2025;Oil;Offshore;Offshore oil;Fugitive;78.664
India;Thousand tonnes;2025;Oil;Offshore;Offshore oil;Incomplete-flare;33.14953333333333
India;Thousand tonnes;2025;Oil;Offshore;Offshore oil;Vented;314.6543333333333
India;Thousand tonnes;2025;Oil;Unconventional;Unconventional oil;Abandoned facilities;0.0
India;Thousand tonnes;2025;Oil;Unconventional;Unconventional oil;Fugitive;0.0
India;Thousand tonnes;2025;Oil;Unconventional;Unconventional oil;Incomplete-flare;0.0
India;Thousand tonnes;2025;Oil;Unconventional;Unconventional oil;Vented;0.0
India;Thousand tonnes;2025;Satellite-detected large emitters;Satellite - downstream;Satellite - downstream;Fugitive;0.0
India;Thousand tonnes;2025;Satellite-detected large emitters;Satellite - upstream;Satellite - upstream;Fugitive;0.0
Indonesia;Thousand tonnes;2025;Gas;Conventional;Onshore conventional gas;Abandoned facilities;47.08352361326181
Indonesia;Thousand tonnes;2025;Gas;Conventional;Onshore conventional gas;Fugitive;36.016666666666666
Indonesia;Thousand tonnes;2025;Gas;Conventional;Onshore conventional gas;Incomplete-flare;0.0
Indonesia;Thousand tonnes;2025;Gas;Conventional;Onshore conventional gas;Vented;89.90799999999999
Indonesia;Thousand tonnes;2025;Gas;Downstream;Downstream gas;Fugitive;64.733
Indonesia;Thousand tonnes;2025;Gas;Downstream;Downstream gas;Vented;86.98166666666665
Indonesia;Thousand tonnes;2025;Gas;Offshore;Offshore gas;Fugitive;54.256
Indonesia;Thousand tonnes;2025;Gas;Offshore;Offshore gas;Incomplete-flare;0.0
Indonesia;Thousand tonnes;2025;Gas;Offshore;Offshore gas;Vented;135.439
Indonesia;Thousand tonnes;2025;Gas;Unconventional;Unconventional gas;Abandoned facilities;0.0
Indonesia;Thousand tonnes;2025;Gas;Unconventional;Unconventional gas;Fugitive;0.0157593333333333
Indonesia;Thousand tonnes;2025;Gas;Unconventional;Unconventional gas;Incomplete-flare;0.0
Indonesia;Thousand tonnes;2025;Gas;Unconventional;Unconventional gas;Vented;0.03934
Indonesia;Thousand tonnes;2025;Oil;Conventional;Onshore conventional oil;Abandoned facilities;70.87883222829606
Indonesia;Thousand tonnes;2025;Oil;Conventional;Onshore conventional oil;Fugitive;46.10133333333333
Indonesia;Thousand tonnes;2025;Oil;Conventional;Onshore conventional oil;Incomplete-flare;34.68066666666667
Indonesia;Thousand tonnes;2025;Oil;Conventional;Onshore conventional oil;Vented;184.40966666666665
Indonesia;Thousand tonnes;2025;Oil;Downstream;Downstream oil;Fugitive;3.6395333333333335
Indonesia;Thousand tonnes;2025;Oil;Downstream;Downstream oil;Vented;15.722133333333334
Indonesia;Thousand tonnes;2025;Oil;Offshore;Offshore oil;Fugitive;11.028233333333333
Indonesia;Thousand tonnes;2025;Oil;Offshore;Offshore oil;Incomplete-flare;6.162433333333333
Indonesia;Thousand tonnes;2025;Oil;Offshore;Offshore oil;Vented;44.114
Indonesia;Thousand tonnes;2025;Oil;Unconventional;Unconventional oil;Abandoned facilities;0.0
Indonesia;Thousand tonnes;2025;Oil;Unconventional;Unconventional oil;Fugitive;0.0
Indonesia;Thousand tonnes;2025;Oil;Unconventional;Unconventional oil;Incomplete-flare;0.0
Indonesia;Thousand tonnes;2025;Oil;Unconventional;Unconventional oil;Vented;0.0
Indonesia;Thousand tonnes;2025;Satellite-detected large emitters;Satellite - downstream;Satellite - downstream;Fugitive;0.0
Indonesia;Thousand tonnes;2025;Satellite-detected large emitters;Satellite - upstream;Satellite - upstream;Fugitive;0.0
Iran;Thousand tonnes;2025;Gas;Conventional;Onshore conventional gas;Abandoned facilities;8.35368533265893
Iran;Thousand tonnes;2025;Gas;Conventional;Onshore conventional gas;Fugitive;45.405
Iran;Thousand tonnes;2025;Gas;Conventional;Onshore conventional gas;Incomplete-flare;0.0
Iran;Thousand tonnes;2025;Gas;Conventional;Onshore conventional gas;Vented;113.34
Iran;Thousand tonnes;2025;Gas;Downstream;Downstream gas;Fugitive;176.50233333333333
Iran;Thousand tonnes;2025;Gas;Downstream;Downstream gas;Vented;237.15266666666668
Iran;Thousand tonnes;2025;Gas;Offshore;Offshore gas;Fugitive;230.18466666666663
Iran;Thousand tonnes;2025;Gas;Offshore;Offshore gas;Incomplete-flare;0.0
Iran;Thousand tonnes;2025;Gas;Offshore;Offshore gas;Vented;574.5866666666666
Iran;Thousand tonnes;2025;Gas;Unconventional;Unconventional gas;Abandoned facilities;0.0
Iran;Thousand tonnes;2025;Gas;Unconventional;Unconventional gas;Fugitive;0.0
Iran;Thousand tonnes;2025;Gas;Unconventional;Unconventional gas;Incomplete-flare;0.0
Iran;Thousand tonnes;2025;Gas;Unconventional;Unconventional gas;Vented;0.0
Iran;Thousand tonnes;2025;Oil;Conventional;Onshore conventional oil;Abandoned facilities;42.4703491025856
Iran;Thousand tonnes;2025;Oil;Conventional;Onshore conventional oil;Fugitive;360.39
Iran;Thousand tonnes;2025;Oil;Conventional;Onshore conventional oil;Incomplete-flare;1589.3333333333333
Iran;Thousand tonnes;2025;Oil;Conventional;Onshore conventional oil;Vented;1441.5633333333333
Iran;Thousand tonnes;2025;Oil;Downstream;Downstream oil;Fugitive;3.084866666666667
Iran;Thousand tonnes;2025;Oil;Downstream;Downstream oil;Vented;13.3291
Iran;Thousand tonnes;2025;Oil;Offshore;Offshore oil;Fugitive;166.56433333333334
Iran;Thousand tonnes;2025;Oil;Offshore;Offshore oil;Incomplete-flare;210.45633333333333
Iran;Thousand tonnes;2025;Oil;Offshore;Offshore oil;Vented;666.2566666666667
Iran;Thousand tonnes;2025;Oil;Unconventional;Unconventional oil;Abandoned facilities;0.0
Iran;Thousand tonnes;2025;Oil;Unconventional;Unconventional oil;Fugitive;0.0
Iran;Thousand tonnes;2025;Oil;Unconventional;Unconventional oil;Incomplete-flare;0.0
Iran;Thousand tonnes;2025;Oil;Unconventional;Unconventional oil;Vented;0.0
Iran;Thousand tonnes;2025;Satellite-detected large emitters;Satellite - downstream;Satellite - downstream;Fugitive;209.5
Iran;Thousand tonnes;2025;Satellite-detected large emitters;Satellite - upstream;Satellite - upstream;Fugitive;52.3
Iraq;Thousand tonnes;2025;Gas;Conventional;Onshore conventional gas;Abandoned facilities;0.809439511292816
Iraq;Thousand tonnes;2025;Gas;Conventional;Onshore conventional gas;Fugitive;6.671733333333333
Iraq;Thousand tonnes;2025;Gas;Conventional;Onshore conventional gas;Incomplete-flare;0.0
Iraq;Thousand tonnes;2025;Gas;Conventional;Onshore conventional gas;Vented;16.655066666666666
Iraq;Thousand tonnes;2025;Gas;Downstream;Downstream gas;Fugitive;9.371566666666666
Iraq;Thousand tonnes;2025;Gas;Downstream;Downstream gas;Vented;12.5919
Iraq;Thousand tonnes;2025;Gas;Offshore;Offshore gas;Fugitive;0.0
Iraq;Thousand tonnes;2025;Gas;Offshore;Offshore gas;Incomplete-flare;0.0
Iraq;Thousand tonnes;2025;Gas;Offshore;Offshore gas;Vented;0.0
Iraq;Thousand tonnes;2025;Gas;Unconventional;Unconventional gas;Abandoned facilities;0.0
Iraq;Thousand tonnes;2025;Gas;Unconventional;Unconventional gas;Fugitive;0.0
Iraq;Thousand tonnes;2025;Gas;Unconventional;Unconventional gas;Incomplete-flare;0.0
Iraq;Thousand tonnes;2025;Gas;Unconventional;Unconventional gas;Vented;0.0
Iraq;Thousand tonnes;2025;Oil;Conventional;Onshore conventional oil;Abandoned facilities;20.945860872773306
Iraq;Thousand tonnes;2025;Oil;Conventional;Onshore conventional oil;Fugitive;294.29766666666666
Iraq;Thousand tonnes;2025;Oil;Conventional;Onshore conventional oil;Incomplete-flare;1164.8166666666666
Iraq;Thousand tonnes;2025;Oil;Conventional;Onshore conventional oil;Vented;1177.1899999999998
Iraq;Thousand tonnes;2025;Oil;Downstream;Downstream oil;Fugitive;1.156386666666667
Iraq;Thousand tonnes;2025;Oil;Downstream;Downstream oil;Vented;4.9855
Iraq;Thousand tonnes;2025;Oil;Offshore;Offshore oil;Fugitive;0.0
Iraq;Thousand tonnes;2025;Oil;Offshore;Offshore oil;Incomplete-flare;0.0
Iraq;Thousand tonnes;2025;Oil;Offshore;Offshore oil;Vented;0.0
Iraq;Thousand tonnes;2025;Oil;Unconventional;Unconventional oil;Abandoned facilities;0.0
Iraq;Thousand tonnes;2025;Oil;Unconventional;Unconventional oil;Fugitive;0.0
Iraq;Thousand tonnes;2025;Oil;Unconventional;Unconventional oil;Incomplete-flare;0.0
Iraq;Thousand tonnes;2025;Oil;Unconventional;Unconventional oil;Vented;0.0
Iraq;Thousand tonnes;2025;Satellite-detected large emitters;Satellite - downstream;Satellite - downstream;Fugitive;3.8
Iraq;Thousand tonnes;2025;Satellite-detected large emitters;Satellite - upstream;Satellite - upstream;Fugitive;33.8
Israel;Thousand tonnes;2025;Gas;Conventional;Onshore conventional gas;Abandoned facilities;0.0
Israel;Thousand tonnes;2025;Gas;Conventional;Onshore conventional gas;Fugitive;0.0
Israel;Thousand tonnes;2025;Gas;Conventional;Onshore conventional gas;Incomplete-flare;0.0
Israel;Thousand tonnes;2025;Gas;Conventional;Onshore conventional gas;Vented;0.0
Israel;Thousand tonnes;2025;Gas;Downstream;Downstream gas;Fugitive;5.386433333333333
Israel;Thousand tonnes;2025;Gas;Downstream;Downstream gas;Vented;7.238166666666667
Israel;Thousand tonnes;2025;Gas;Offshore;Offshore gas;Fugitive;8.315333333333333
Israel;Thousand tonnes;2025;Gas;Offshore;Offshore gas;Incomplete-flare;0.0
Israel;Thousand tonnes;2025;Gas;Offshore;Offshore gas;Vented;20.758433333333336
Israel;Thousand tonnes;2025;Gas;Unconventional;Unconventional gas;Abandoned facilities;0.0
Israel;Thousand tonnes;2025;Gas;Unconventional;Unconventional gas;Fugitive;0.0
Israel;Thousand tonnes;2025;Gas;Unconventional;Unconventional gas;Incomplete-flare;0.0
Israel;Thousand tonnes;2025;Gas;Unconventional;Unconventional gas;Vented;0.0
Israel;Thousand tonnes;2025;Oil;Conventional;Onshore conventional oil;Abandoned facilities;0.0
Israel;Thousand tonnes;2025;Oil;Conventional;Onshore conventional oil;Fugitive;0.3678
Israel;Thousand tonnes;2025;Oil;Conventional;Onshore conventional oil;Incomplete-flare;0.10443
Israel;Thousand tonnes;2025;Oil;Conventional;Onshore conventional oil;Vented;1.4711633333333334
Israel;Thousand tonnes;2025;Oil;Downstream;Downstream oil;Fugitive;0.1655943333333333
Israel;Thousand tonnes;2025;Oil;Downstream;Downstream oil;Vented;0.7132466666666667
Israel;Thousand tonnes;2025;Oil;Offshore;Offshore oil;Fugitive;0.0
Israel;Thousand tonnes;2025;Oil;Offshore;Offshore oil;Incomplete-flare;0.0
Israel;Thousand tonnes;2025;Oil;Offshore;Offshore oil;Vented;0.0
Israel;Thousand tonnes;2025;Oil;Unconventional;Unconventional oil;Abandoned facilities;0.0
Israel;Thousand tonnes;2025;Oil;Unconventional;Unconventional oil;Fugitive;0.0
Israel;Thousand tonnes;2025;Oil;Unconventional;Unconventional oil;Incomplete-flare;0.0
Israel;Thousand tonnes;2025;Oil;Unconventional;Unconventional oil;Vented;0.0
Israel;Thousand tonnes;2025;Satellite-detected large emitters;Satellite - downstream;Satellite - downstream;Fugitive;0.0
Israel;Thousand tonnes;2025;Satellite-detected large emitters;Satellite - upstream;Satellite - upstream;Fugitive;0.0
Italy;Thousand tonnes;2025;Gas;Conventional;Onshore conventional gas;Abandoned facilities;1.4125500611730035
Italy;Thousand tonnes;2025;Gas;Conventional;Onshore conventional gas;Fugitive;0.2530933333333333
Italy;Thousand tonnes;2025;Gas;Conventional;Onshore conventional gas;Incomplete-flare;0.0
Italy;Thousand tonnes;2025;Gas;Conventional;Onshore conventional gas;Vented;0.63175
Italy;Thousand tonnes;2025;Gas;Downstream;Downstream gas;Fugitive;32.66696666666667
Italy;Thousand tonnes;2025;Gas;Downstream;Downstream gas;Vented;43.89433333333333
Italy;Thousand tonnes;2025;Gas;Offshore;Offshore gas;Fugitive;0.3437033333333333
Italy;Thousand tonnes;2025;Gas;Offshore;Offshore gas;Incomplete-flare;0.0
Italy;Thousand tonnes;2025;Gas;Offshore;Offshore gas;Vented;0.8579266666666666
Italy;Thousand tonnes;2025;Gas;Unconventional;Unconventional gas;Abandoned facilities;0.0
Italy;Thousand tonnes;2025;Gas;Unconventional;Unconventional gas;Fugitive;0.0
Italy;Thousand tonnes;2025;Gas;Unconventional;Unconventional gas;Incomplete-flare;0.0
Italy;Thousand tonnes;2025;Gas;Unconventional;Unconventional gas;Vented;0.0
Italy;Thousand tonnes;2025;Oil;Conventional;Onshore conventional oil;Abandoned facilities;0.3673421785189877
Italy;Thousand tonnes;2025;Oil;Conventional;Onshore conventional oil;Fugitive;1.55814
Italy;Thousand tonnes;2025;Oil;Conventional;Onshore conventional oil;Incomplete-flare;0.0066165666666666
Italy;Thousand tonnes;2025;Oil;Conventional;Onshore conventional oil;Vented;6.232566666666667
Italy;Thousand tonnes;2025;Oil;Downstream;Downstream oil;Fugitive;1.0236066666666668
Italy;Thousand tonnes;2025;Oil;Downstream;Downstream oil;Vented;4.411133333333334
Italy;Thousand tonnes;2025;Oil;Offshore;Offshore oil;Fugitive;0.1346866666666666
Italy;Thousand tonnes;2025;Oil;Offshore;Offshore oil;Incomplete-flare;0.00057194
Italy;Thousand tonnes;2025;Oil;Offshore;Offshore oil;Vented;0.5387466666666667
Italy;Thousand tonnes;2025;Oil;Unconventional;Unconventional oil;Abandoned facilities;0.0
Italy;Thousand tonnes;2025;Oil;Unconventional;Unconventional oil;Fugitive;0.0
Italy;Thousand tonnes;2025;Oil;Unconventional;Unconventional oil;Incomplete-flare;0.0
Italy;Thousand tonnes;2025;Oil;Unconventional;Unconventional oil;Vented;0.0
Italy;Thousand tonnes;2025;Satellite-detected large emitters;Satellite - downstream;Satellite - downstream;Fugitive;0.0
Italy;Thousand tonnes;2025;Satellite-detected large emitters;Satellite - upstream;Satellite - upstream;Fugitive;0.0
Japan;Thousand tonnes;2025;Gas;Conventional;Onshore conventional gas;Abandoned facilities;0.0
Japan;Thousand tonnes;2025;Gas;Conventional;Onshore conventional gas;Fugitive;2.031033333333333
Japan;Thousand tonnes;2025;Gas;Conventional;Onshore conventional gas;Incomplete-flare;0.0
Japan;Thousand tonnes;2025;Gas;Conventional;Onshore conventional gas;Vented;5.069999999999999
Japan;Thousand tonnes;2025;Gas;Downstream;Downstream gas;Fugitive;46.07866666666666
Japan;Thousand tonnes;2025;Gas;Downstream;Downstream gas;Vented;61.90933333333333
Japan;Thousand tonnes;2025;Gas;Offshore;Offshore gas;Fugitive;0.0909353333333333
Japan;Thousand tonnes;2025;Gas;Offshore;Offshore gas;Incomplete-flare;0.0
Japan;Thousand tonnes;2025;Gas;Offshore;Offshore gas;Vented;0.2269986666666666
Japan;Thousand tonnes;2025;Gas;Unconventional;Unconventional gas;Abandoned facilities;0.0
Japan;Thousand tonnes;2025;Gas;Unconventional;Unconventional gas;Fugitive;0.0
Japan;Thousand tonnes;2025;Gas;Unconventional;Unconventional gas;Incomplete-flare;0.0
Japan;Thousand tonnes;2025;Gas;Unconventional;Unconventional gas;Vented;0.0
Japan;Thousand tonnes;2025;Oil;Conventional;Onshore conventional oil;Abandoned facilities;0.0
Japan;Thousand tonnes;2025;Oil;Conventional;Onshore conventional oil;Fugitive;0.2682276666666666
Japan;Thousand tonnes;2025;Oil;Conventional;Onshore conventional oil;Incomplete-flare;0.0037354333333333
Japan;Thousand tonnes;2025;Oil;Conventional;Onshore conventional oil;Vented;1.07288
Japan;Thousand tonnes;2025;Oil;Downstream;Downstream oil;Fugitive;2.21131
Japan;Thousand tonnes;2025;Oil;Downstream;Downstream oil;Vented;9.538966666666663
Japan;Thousand tonnes;2025;Oil;Offshore;Offshore oil;Fugitive;0.0151617666666666
Japan;Thousand tonnes;2025;Oil;Offshore;Offshore oil;Incomplete-flare;0.0002941776666666
Japan;Thousand tonnes;2025;Oil;Offshore;Offshore oil;Vented;0.0606453333333333
Japan;Thousand tonnes;2025;Oil;Unconventional;Unconventional oil;Abandoned facilities;0.0
Japan;Thousand tonnes;2025;Oil;Unconventional;Unconventional oil;Fugitive;0.0
Japan;Thousand tonnes;2025;Oil;Unconventional;Unconventional oil;Incomplete-flare;0.0
Japan;Thousand tonnes;2025;Oil;Unconventional;Unconventional oil;Vented;0.0
Japan;Thousand tonnes;2025;Satellite-detected large emitters;Satellite - downstream;Satellite - downstream;Fugitive;0.0
Japan;Thousand tonnes;2025;Satellite-detected large emitters;Satellite - upstream;Satellite - upstream;Fugitive;0.0
Jordan;Thousand tonnes;2025;Gas;Conventional;Onshore conventional gas;Abandoned facilities;0.0637107409666949
Jordan;Thousand tonnes;2025;Gas;Conventional;Onshore conventional gas;Fugitive;0.105311
Jordan;Thousand tonnes;2025;Gas;Conventional;Onshore conventional gas;Incomplete-flare;0.0
Jordan;Thousand tonnes;2025;Gas;Conventional;Onshore conventional gas;Vented;0.2628843333333333
Jordan;Thousand tonnes;2025;Gas;Downstream;Downstream gas;Fugitive;5.2064
Jordan;Thousand tonnes;2025;Gas;Downstream;Downstream gas;Vented;6.995833333333334
Jordan;Thousand tonnes;2025;Gas;Offshore;Offshore gas;Fugitive;0.0
Jordan;Thousand tonnes;2025;Gas;Offshore;Offshore gas;Incomplete-flare;0.0
Jordan;Thousand tonnes;2025;Gas;Offshore;Offshore gas;Vented;0.0
Jordan;Thousand tonnes;2025;Gas;Unconventional;Unconventional gas;Abandoned facilities;0.0
Jordan;Thousand tonnes;2025;Gas;Unconventional;Unconventional gas;Fugitive;0.0409393333333333
Jordan;Thousand tonnes;2025;Gas;Unconventional;Unconventional gas;Incomplete-flare;0.0
Jordan;Thousand tonnes;2025;Gas;Unconventional;Unconventional gas;Vented;0.1022003333333333
Jordan;Thousand tonnes;2025;Oil;Conventional;Onshore conventional oil;Abandoned facilities;0.0
Jordan;Thousand tonnes;2025;Oil;Conventional;Onshore conventional oil;Fugitive;0.7396833333333334
Jordan;Thousand tonnes;2025;Oil;Conventional;Onshore conventional oil;Incomplete-flare;0.0
Jordan;Thousand tonnes;2025;Oil;Conventional;Onshore conventional oil;Vented;2.958806666666667
Jordan;Thousand tonnes;2025;Oil;Downstream;Downstream oil;Fugitive;0.1608593333333333
Jordan;Thousand tonnes;2025;Oil;Downstream;Downstream oil;Vented;0.6943066666666666
Jordan;Thousand tonnes;2025;Oil;Offshore;Offshore oil;Fugitive;0.0
Jordan;Thousand tonnes;2025;Oil;Offshore;Offshore oil;Incomplete-flare;0.0
Jordan;Thousand tonnes;2025;Oil;Offshore;Offshore oil;Vented;0.0
Jordan;Thousand tonnes;2025;Oil;Unconventional;Unconventional oil;Abandoned facilities;0.0
Jordan;Thousand tonnes;2025;Oil;Unconventional;Unconventional oil;Fugitive;0.0
Jordan;Thousand tonnes;2025;Oil;Unconventional;Unconventional oil;Incomplete-flare;0.0
Jordan;Thousand tonnes;2025;Oil;Unconventional;Unconventional oil;Vented;0.0
Jordan;Thousand tonnes;2025;Satellite-detected large emitters;Satellite - downstream;Satellite - downstream;Fugitive;3.4
Jordan;Thousand tonnes;2025;Satellite-detected large emitters;Satellite - upstream;Satellite - upstream;Fugitive;1.1
Kazakhstan;Thousand tonnes;2025;Gas;Conventional;Onshore conventional gas;Abandoned facilities;4.362247949393729
Kazakhstan;Thousand tonnes;2025;Gas;Conventional;Onshore conventional gas;Fugitive;23.9428
Kazakhstan;Thousand tonnes;2025;Gas;Conventional;Onshore conventional gas;Incomplete-flare;0.0
Kazakhstan;Thousand tonnes;2025;Gas;Conventional;Onshore conventional gas;Vented;59.76833333333333
Kazakhstan;Thousand tonnes;2025;Gas;Downstream;Downstream gas;Fugitive;15.969866666666666
Kazakhstan;Thousand tonnes;2025;Gas;Downstream;Downstream gas;Vented;21.45913333333333
Kazakhstan;Thousand tonnes;2025;Gas;Offshore;Offshore gas;Fugitive;3.1730033333333334
Kazakhstan;Thousand tonnes;2025;Gas;Offshore;Offshore gas;Incomplete-flare;0.0
Kazakhstan;Thousand tonnes;2025;Gas;Offshore;Offshore gas;Vented;7.920766666666666
Kazakhstan;Thousand tonnes;2025;Gas;Unconventional;Unconventional gas;Abandoned facilities;0.0
Kazakhstan;Thousand tonnes;2025;Gas;Unconventional;Unconventional gas;Fugitive;0.0
Kazakhstan;Thousand tonnes;2025;Gas;Unconventional;Unconventional gas;Incomplete-flare;0.0
Kazakhstan;Thousand tonnes;2025;Gas;Unconventional;Unconventional gas;Vented;0.0
Kazakhstan;Thousand tonnes;2025;Oil;Conventional;Onshore conventional oil;Abandoned facilities;9.383410314438471
Kazakhstan;Thousand tonnes;2025;Oil;Conventional;Onshore conventional oil;Fugitive;77.26566666666666
Kazakhstan;Thousand tonnes;2025;Oil;Conventional;Onshore conventional oil;Incomplete-flare;33.577666666666666
Kazakhstan;Thousand tonnes;2025;Oil;Conventional;Onshore conventional oil;Vented;309.07966666666664
Kazakhstan;Thousand tonnes;2025;Oil;Downstream;Downstream oil;Fugitive;0.99848
Kazakhstan;Thousand tonnes;2025;Oil;Downstream;Downstream oil;Vented;4.310133333333334
Kazakhstan;Thousand tonnes;2025;Oil;Offshore;Offshore oil;Fugitive;17.218533333333333
Kazakhstan;Thousand tonnes;2025;Oil;Offshore;Offshore oil;Incomplete-flare;8.041366666666667
Kazakhstan;Thousand tonnes;2025;Oil;Offshore;Offshore oil;Vented;68.878
Kazakhstan;Thousand tonnes;2025;Oil;Unconventional;Unconventional oil;Abandoned facilities;0.0
Kazakhstan;Thousand tonnes;2025;Oil;Unconventional;Unconventional oil;Fugitive;0.0
Kazakhstan;Thousand tonnes;2025;Oil;Unconventional;Unconventional oil;Incomplete-flare;0.0
Kazakhstan;Thousand tonnes;2025;Oil;Unconventional;Unconventional oil;Vented;0.0
Kazakhstan;Thousand tonnes;2025;Satellite-detected large emitters;Satellite - downstream;Satellite - downstream;Fugitive;110.9
Kazakhstan;Thousand tonnes;2025;Satellite-detected large emitters;Satellite - upstream;Satellite - upstream;Fugitive;110.8
Kenya;Thousand tonnes;2025;Gas;Conventional;Onshore conventional gas;Abandoned facilities;0.0
Kenya;Thousand tonnes;2025;Gas;Conventional;Onshore conventional gas;Fugitive;0.0
Kenya;Thousand tonnes;2025;Gas;Conventional;Onshore conventional gas;Incomplete-flare;0.0
Kenya;Thousand tonnes;2025;Gas;Conventional;Onshore conventional gas;Vented;0.0
Kenya;Thousand tonnes;2025;Gas;Downstream;Downstream gas;Fugitive;0.0
Kenya;Thousand tonnes;2025;Gas;Downstream;Downstream gas;Vented;0.0
Kenya;Thousand tonnes;2025;Gas;Offshore;Offshore gas;Fugitive;0.0
Kenya;Thousand tonnes;2025;Gas;Offshore;Offshore gas;Incomplete-flare;0.0
Kenya;Thousand tonnes;2025;Gas;Offshore;Offshore gas;Vented;0.0
Kenya;Thousand tonnes;2025;Gas;Unconventional;Unconventional gas;Abandoned facilities;0.0
Kenya;Thousand tonnes;2025;Gas;Unconventional;Unconventional gas;Fugitive;0.0
Kenya;Thousand tonnes;2025;Gas;Unconventional;Unconventional gas;Incomplete-flare;0.0
Kenya;Thousand tonnes;2025;Gas;Unconventional;Unconventional gas;Vented;0.0
Kenya;Thousand tonnes;2025;Oil;Conventional;Onshore conventional oil;Abandoned facilities;0.0
Kenya;Thousand tonnes;2025;Oil;Conventional;Onshore conventional oil;Fugitive;0.0
Kenya;Thousand tonnes;2025;Oil;Conventional;Onshore conventional oil;Incomplete-flare;0.0
Kenya;Thousand tonnes;2025;Oil;Conventional;Onshore conventional oil;Vented;0.0
Kenya;Thousand tonnes;2025;Oil;Downstream;Downstream oil;Fugitive;0.2520423333333333
Kenya;Thousand tonnes;2025;Oil;Downstream;Downstream oil;Vented;1.0882566666666666
Kenya;Thousand tonnes;2025;Oil;Offshore;Offshore oil;Fugitive;0.0
Kenya;Thousand tonnes;2025;Oil;Offshore;Offshore oil;Incomplete-flare;0.0
Kenya;Thousand tonnes;2025;Oil;Offshore;Offshore oil;Vented;0.0
Kenya;Thousand tonnes;2025;Oil;Unconventional;Unconventional oil;Abandoned facilities;0.0
Kenya;Thousand tonnes;2025;Oil;Unconventional;Unconventional oil;Fugitive;0.0
Kenya;Thousand tonnes;2025;Oil;Unconventional;Unconventional oil;Incomplete-flare;0.0
Kenya;Thousand tonnes;2025;Oil;Unconventional;Unconventional oil;Vented;0.0
Kenya;Thousand tonnes;2025;Satellite-detected large emitters;Satellite - downstream;Satellite - downstream;Fugitive;0.0
Kenya;Thousand tonnes;2025;Satellite-detected large emitters;Satellite - upstream;Satellite - upstream;Fugitive;0.0
Korea;Thousand tonnes;2025;Gas;Conventional;Onshore conventional gas;Abandoned facilities;0.0
Korea;Thousand tonnes;2025;Gas;Conventional;Onshore conventional gas;Fugitive;0.0
Korea;Thousand tonnes;2025;Gas;Conventional;Onshore conventional gas;Incomplete-flare;0.0
Korea;Thousand tonnes;2025;Gas;Conventional;Onshore conventional gas;Vented;0.0
Korea;Thousand tonnes;2025;Gas;Downstream;Downstream gas;Fugitive;34.473
Korea;Thousand tonnes;2025;Gas;Downstream;Downstream gas;Vented;46.32666666666667
Korea;Thousand tonnes;2025;Gas;Offshore;Offshore gas;Fugitive;0.0
Korea;Thousand tonnes;2025;Gas;Offshore;Offshore gas;Incomplete-flare;0.0
Korea;Thousand tonnes;2025;Gas;Offshore;Offshore gas;Vented;0.0
Korea;Thousand tonnes;2025;Gas;Unconventional;Unconventional gas;Abandoned facilities;0.0
Korea;Thousand tonnes;2025;Gas;Unconventional;Unconventional gas;Fugitive;0.0
Korea;Thousand tonnes;2025;Gas;Unconventional;Unconventional gas;Incomplete-flare;0.0
Korea;Thousand tonnes;2025;Gas;Unconventional;Unconventional gas;Vented;0.0
Korea;Thousand tonnes;2025;Oil;Conventional;Onshore conventional oil;Abandoned facilities;0.0
Korea;Thousand tonnes;2025;Oil;Conventional;Onshore conventional oil;Fugitive;0.0
Korea;Thousand tonnes;2025;Oil;Conventional;Onshore conventional oil;Incomplete-flare;0.0
Korea;Thousand tonnes;2025;Oil;Conventional;Onshore conventional oil;Vented;0.0
Korea;Thousand tonnes;2025;Oil;Downstream;Downstream oil;Fugitive;2.0168733333333333
Korea;Thousand tonnes;2025;Oil;Downstream;Downstream oil;Vented;8.727766666666668
Korea;Thousand tonnes;2025;Oil;Offshore;Offshore oil;Fugitive;0.0
Korea;Thousand tonnes;2025;Oil;Offshore;Offshore oil;Incomplete-flare;0.0
Korea;Thousand tonnes;2025;Oil;Offshore;Offshore oil;Vented;0.0
Korea;Thousand tonnes;2025;Oil;Unconventional;Unconventional oil;Abandoned facilities;0.0
Korea;Thousand tonnes;2025;Oil;Unconventional;Unconventional oil;Fugitive;0.0
Korea;Thousand tonnes;2025;Oil;Unconventional;Unconventional oil;Incomplete-flare;0.0
Korea;Thousand tonnes;2025;Oil;Unconventional;Unconventional oil;Vented;0.0
Korea;Thousand tonnes;2025;Satellite-detected large emitters;Satellite - downstream;Satellite - downstream;Fugitive;0.0
Korea;Thousand tonnes;2025;Satellite-detected large emitters;Satellite - upstream;Satellite - upstream;Fugitive;0.0
Kuwait;Thousand tonnes;2025;Gas;Conventional;Onshore conventional gas;Abandoned facilities;2.2474139183489297
Kuwait;Thousand tonnes;2025;Gas;Conventional;Onshore conventional gas;Fugitive;13.5993
Kuwait;Thousand tonnes;2025;Gas;Conventional;Onshore conventional gas;Incomplete-flare;0.0
Kuwait;Thousand tonnes;2025;Gas;Conventional;Onshore conventional gas;Vented;33.95033333333333
Kuwait;Thousand tonnes;2025;Gas;Downstream;Downstream gas;Fugitive;15.965033333333334
Kuwait;Thousand tonnes;2025;Gas;Downstream;Downstream gas;Vented;21.4509
Kuwait;Thousand tonnes;2025;Gas;Offshore;Offshore gas;Fugitive;0.1137566666666666
Kuwait;Thousand tonnes;2025;Gas;Offshore;Offshore gas;Incomplete-flare;0.0
Kuwait;Thousand tonnes;2025;Gas;Offshore;Offshore gas;Vented;0.2839916666666667
Kuwait;Thousand tonnes;2025;Gas;Unconventional;Unconventional gas;Abandoned facilities;0.0
Kuwait;Thousand tonnes;2025;Gas;Unconventional;Unconventional gas;Fugitive;0.0
Kuwait;Thousand tonnes;2025;Gas;Unconventional;Unconventional gas;Incomplete-flare;0.0
Kuwait;Thousand tonnes;2025;Gas;Unconventional;Unconventional gas;Vented;0.0
Kuwait;Thousand tonnes;2025;Oil;Conventional;Onshore conventional oil;Abandoned facilities;26.700536179179004
Kuwait;Thousand tonnes;2025;Oil;Conventional;Onshore conventional oil;Fugitive;127.75966666666666
Kuwait;Thousand tonnes;2025;Oil;Conventional;Onshore conventional oil;Incomplete-flare;30.05216666666667
Kuwait;Thousand tonnes;2025;Oil;Conventional;Onshore conventional oil;Vented;511.0533333333333
Kuwait;Thousand tonnes;2025;Oil;Downstream;Downstream oil;Fugitive;0.5461133333333333
Kuwait;Thousand tonnes;2025;Oil;Downstream;Downstream oil;Vented;2.353603333333333
Kuwait;Thousand tonnes;2025;Oil;Offshore;Offshore oil;Fugitive;6.4367
Kuwait;Thousand tonnes;2025;Oil;Offshore;Offshore oil;Incomplete-flare;1.5860433333333332
Kuwait;Thousand tonnes;2025;Oil;Offshore;Offshore oil;Vented;25.747466666666664
Kuwait;Thousand tonnes;2025;Oil;Unconventional;Unconventional oil;Abandoned facilities;0.0
Kuwait;Thousand tonnes;2025;Oil;Unconventional;Unconventional oil;Fugitive;0.0
Kuwait;Thousand tonnes;2025;Oil;Unconventional;Unconventional oil;Incomplete-flare;0.0
Kuwait;Thousand tonnes;2025;Oil;Unconventional;Unconventional oil;Vented;0.0
Kuwait;Thousand tonnes;2025;Satellite-detected large emitters;Satellite - downstream;Satellite - downstream;Fugitive;0.7
Kuwait;Thousand tonnes;2025;Satellite-detected large emitters;Satellite - upstream;Satellite - upstream;Fugitive;5.8999999999999995
Lebanon;Thousand tonnes;2025;Gas;Conventional;Onshore conventional gas;Abandoned facilities;0.0
Lebanon;Thousand tonnes;2025;Gas;Conventional;Onshore conventional gas;Fugitive;0.0
Lebanon;Thousand tonnes;2025;Gas;Conventional;Onshore conventional gas;Incomplete-flare;0.0
Lebanon;Thousand tonnes;2025;Gas;Conventional;Onshore conventional gas;Vented;0.0
Lebanon;Thousand tonnes;2025;Gas;Downstream;Downstream gas;Fugitive;0.0
Lebanon;Thousand tonnes;2025;Gas;Downstream;Downstream gas;Vented;0.0
Lebanon;Thousand tonnes;2025;Gas;Offshore;Offshore gas;Fugitive;0.0
Lebanon;Thousand tonnes;2025;Gas;Offshore;Offshore gas;Incomplete-flare;0.0
Lebanon;Thousand tonnes;2025;Gas;Offshore;Offshore gas;Vented;0.0
Lebanon;Thousand tonnes;2025;Gas;Unconventional;Unconventional gas;Abandoned facilities;0.0
Lebanon;Thousand tonnes;2025;Gas;Unconventional;Unconventional gas;Fugitive;0.0
Lebanon;Thousand tonnes;2025;Gas;Unconventional;Unconventional gas;Incomplete-flare;0.0
Lebanon;Thousand tonnes;2025;Gas;Unconventional;Unconventional gas;Vented;0.0
Lebanon;Thousand tonnes;2025;Oil;Conventional;Onshore conventional oil;Abandoned facilities;0.0
Lebanon;Thousand tonnes;2025;Oil;Conventional;Onshore conventional oil;Fugitive;0.0
Lebanon;Thousand tonnes;2025;Oil;Conventional;Onshore conventional oil;Incomplete-flare;0.0
Lebanon;Thousand tonnes;2025;Oil;Conventional;Onshore conventional oil;Vented;0.0
Lebanon;Thousand tonnes;2025;Oil;Downstream;Downstream oil;Fugitive;0.1514853333333333
Lebanon;Thousand tonnes;2025;Oil;Downstream;Downstream oil;Vented;0.6543100000000001
Lebanon;Thousand tonnes;2025;Oil;Offshore;Offshore oil;Fugitive;0.0
Lebanon;Thousand tonnes;2025;Oil;Offshore;Offshore oil;Incomplete-flare;0.0
Lebanon;Thousand tonnes;2025;Oil;Offshore;Offshore oil;Vented;0.0
Lebanon;Thousand tonnes;2025;Oil;Unconventional;Unconventional oil;Abandoned facilities;0.0
Lebanon;Thousand tonnes;2025;Oil;Unconventional;Unconventional oil;Fugitive;0.0
Lebanon;Thousand tonnes;2025;Oil;Unconventional;Unconventional oil;Incomplete-flare;0.0
Lebanon;Thousand tonnes;2025;Oil;Unconventional;Unconventional oil;Vented;0.0
Lebanon;Thousand tonnes;2025;Satellite-detected large emitters;Satellite - downstream;Satellite - downstream;Fugitive;0.0
Lebanon;Thousand tonnes;2025;Satellite-detected large emitters;Satellite - upstream;Satellite - upstream;Fugitive;0.0
Liberia;Thousand tonnes;2025;Gas;Conventional;Onshore conventional gas;Abandoned facilities;0.0
Liberia;Thousand tonnes;2025;Gas;Conventional;Onshore conventional gas;Fugitive;0.0
Liberia;Thousand tonnes;2025;Gas;Conventional;Onshore conventional gas;Incomplete-flare;0.0
Liberia;Thousand tonnes;2025;Gas;Conventional;Onshore conventional gas;Vented;0.0
Liberia;Thousand tonnes;2025;Gas;Downstream;Downstream gas;Fugitive;0.0
Liberia;Thousand tonnes;2025;Gas;Downstream;Downstream gas;Vented;0.0
Liberia;Thousand tonnes;2025;Gas;Offshore;Offshore gas;Fugitive;0.0
Liberia;Thousand tonnes;2025;Gas;Offshore;Offshore gas;Incomplete-flare;0.0
Liberia;Thousand tonnes;2025;Gas;Offshore;Offshore gas;Vented;0.0
Liberia;Thousand tonnes;2025;Gas;Unconventional;Unconventional gas;Abandoned facilities;0.0
Liberia;Thousand tonnes;2025;Gas;Unconventional;Unconventional gas;Fugitive;0.0
Liberia;Thousand tonnes;2025;Gas;Unconventional;Unconventional gas;Incomplete-flare;0.0
Liberia;Thousand tonnes;2025;Gas;Unconventional;Unconventional gas;Vented;0.0
Liberia;Thousand tonnes;2025;Oil;Conventional;Onshore conventional oil;Abandoned facilities;0.0
Liberia;Thousand tonnes;2025;Oil;Conventional;Onshore conventional oil;Fugitive;0.0
Liberia;Thousand tonnes;2025;Oil;Conventional;Onshore conventional oil;Incomplete-flare;0.0
Liberia;Thousand tonnes;2025;Oil;Conventional;Onshore conventional oil;Vented;0.0
Liberia;Thousand tonnes;2025;Oil;Downstream;Downstream oil;Fugitive;0.0
Liberia;Thousand tonnes;2025;Oil;Downstream;Downstream oil;Vented;0.0
Liberia;Thousand tonnes;2025;Oil;Offshore;Offshore oil;Fugitive;0.0
Liberia;Thousand tonnes;2025;Oil;Offshore;Offshore oil;Incomplete-flare;0.0
Liberia;Thousand tonnes;2025;Oil;Offshore;Offshore oil;Vented;0.0
Liberia;Thousand tonnes;2025;Oil;Unconventional;Unconventional oil;Abandoned facilities;0.0
Liberia;Thousand tonnes;2025;Oil;Unconventional;Unconventional oil;Fugitive;0.0
Liberia;Thousand tonnes;2025;Oil;Unconventional;Unconventional oil;Incomplete-flare;0.0
Liberia;Thousand tonnes;2025;Oil;Unconventional;Unconventional oil;Vented;0.0
Liberia;Thousand tonnes;2025;Satellite-detected large emitters;Satellite - downstream;Satellite - downstream;Fugitive;0.0
Liberia;Thousand tonnes;2025;Satellite-detected large emitters;Satellite - upstream;Satellite - upstream;Fugitive;0.0
Libya;Thousand tonnes;2025;Gas;Conventional;Onshore conventional gas;Abandoned facilities;1.0389730395591426
Libya;Thousand tonnes;2025;Gas;Conventional;Onshore conventional gas;Fugitive;4.902699999999999
Libya;Thousand tonnes;2025;Gas;Conventional;Onshore conventional gas;Incomplete-flare;0.0
Libya;Thousand tonnes;2025;Gas;Conventional;Onshore conventional gas;Vented;12.238133333333334
Libya;Thousand tonnes;2025;Gas;Downstream;Downstream gas;Fugitive;6.7343
Libya;Thousand tonnes;2025;Gas;Downstream;Downstream gas;Vented;9.049233333333332
Libya;Thousand tonnes;2025;Gas;Offshore;Offshore gas;Fugitive;3.6059
Libya;Thousand tonnes;2025;Gas;Offshore;Offshore gas;Incomplete-flare;0.0
Libya;Thousand tonnes;2025;Gas;Offshore;Offshore gas;Vented;9.001033333333334
Libya;Thousand tonnes;2025;Gas;Unconventional;Unconventional gas;Abandoned facilities;0.0
Libya;Thousand tonnes;2025;Gas;Unconventional;Unconventional gas;Fugitive;0.0
Libya;Thousand tonnes;2025;Gas;Unconventional;Unconventional gas;Incomplete-flare;0.0
Libya;Thousand tonnes;2025;Gas;Unconventional;Unconventional gas;Vented;0.0
Libya;Thousand tonnes;2025;Oil;Conventional;Onshore conventional oil;Abandoned facilities;12.544097080363578
Libya;Thousand tonnes;2025;Oil;Conventional;Onshore conventional oil;Fugitive;110.65133333333333
Libya;Thousand tonnes;2025;Oil;Conventional;Onshore conventional oil;Incomplete-flare;618.6166666666667
Libya;Thousand tonnes;2025;Oil;Conventional;Onshore conventional oil;Vented;442.6133333333333
Libya;Thousand tonnes;2025;Oil;Downstream;Downstream oil;Fugitive;0.5446833333333333
Libya;Thousand tonnes;2025;Oil;Downstream;Downstream oil;Vented;2.352453333333333
Libya;Thousand tonnes;2025;Oil;Offshore;Offshore oil;Fugitive;3.0555766666666666
Libya;Thousand tonnes;2025;Oil;Offshore;Offshore oil;Incomplete-flare;12.229133333333332
Libya;Thousand tonnes;2025;Oil;Offshore;Offshore oil;Vented;12.2225
Libya;Thousand tonnes;2025;Oil;Unconventional;Unconventional oil;Abandoned facilities;0.0
Libya;Thousand tonnes;2025;Oil;Unconventional;Unconventional oil;Fugitive;0.0
Libya;Thousand tonnes;2025;Oil;Unconventional;Unconventional oil;Incomplete-flare;0.0
Libya;Thousand tonnes;2025;Oil;Unconventional;Unconventional oil;Vented;0.0
Libya;Thousand tonnes;2025;Satellite-detected large emitters;Satellite - downstream;Satellite - downstream;Fugitive;13.6
Libya;Thousand tonnes;2025;Satellite-detected large emitters;Satellite - upstream;Satellite - upstream;Fugitive;13.6
Madagascar;Thousand tonnes;2025;Gas;Conventional;Onshore conventional gas;Abandoned facilities;0.0
Madagascar;Thousand tonnes;2025;Gas;Conventional;Onshore conventional gas;Fugitive;0.0
Madagascar;Thousand tonnes;2025;Gas;Conventional;Onshore conventional gas;Incomplete-flare;0.0
Madagascar;Thousand tonnes;2025;Gas;Conventional;Onshore conventional gas;Vented;0.0
Madagascar;Thousand tonnes;2025;Gas;Downstream;Downstream gas;Fugitive;0.0
Madagascar;Thousand tonnes;2025;Gas;Downstream;Downstream gas;Vented;0.0
Madagascar;Thousand tonnes;2025;Gas;Offshore;Offshore gas;Fugitive;0.0
Madagascar;Thousand tonnes;2025;Gas;Offshore;Offshore gas;Incomplete-flare;0.0
Madagascar;Thousand tonnes;2025;Gas;Offshore;Offshore gas;Vented;0.0
Madagascar;Thousand tonnes;2025;Gas;Unconventional;Unconventional gas;Abandoned facilities;0.0
Madagascar;Thousand tonnes;2025;Gas;Unconventional;Unconventional gas;Fugitive;0.0
Madagascar;Thousand tonnes;2025;Gas;Unconventional;Unconventional gas;Incomplete-flare;0.0
Madagascar;Thousand tonnes;2025;Gas;Unconventional;Unconventional gas;Vented;0.0
Madagascar;Thousand tonnes;2025;Oil;Conventional;Onshore conventional oil;Abandoned facilities;0.0
Madagascar;Thousand tonnes;2025;Oil;Conventional;Onshore conventional oil;Fugitive;0.0
Madagascar;Thousand tonnes;2025;Oil;Conventional;Onshore conventional oil;Incomplete-flare;0.0
Madagascar;Thousand tonnes;2025;Oil;Conventional;Onshore conventional oil;Vented;0.0
Madagascar;Thousand tonnes;2025;Oil;Downstream;Downstream oil;Fugitive;0.0462843333333333
Madagascar;Thousand tonnes;2025;Oil;Downstream;Downstream oil;Vented;0.199704
Madagascar;Thousand tonnes;2025;Oil;Offshore;Offshore oil;Fugitive;0.0
Madagascar;Thousand tonnes;2025;Oil;Offshore;Offshore oil;Incomplete-flare;0.0
Madagascar;Thousand tonnes;2025;Oil;Offshore;Offshore oil;Vented;0.0
Madagascar;Thousand tonnes;2025;Oil;Unconventional;Unconventional oil;Abandoned facilities;0.0
Madagascar;Thousand tonnes;2025;Oil;Unconventional;Unconventional oil;Fugitive;0.0
Madagascar;Thousand tonnes;2025;Oil;Unconventional;Unconventional oil;Incomplete-flare;0.0
Madagascar;Thousand tonnes;2025;Oil;Unconventional;Unconventional oil;Vented;0.0
Madagascar;Thousand tonnes;2025;Satellite-detected large emitters;Satellite - downstream;Satellite - downstream;Fugitive;0.0
Madagascar;Thousand tonnes;2025;Satellite-detected large emitters;Satellite - upstream;Satellite - upstream;Fugitive;0.0
Malaysia;Thousand tonnes;2025;Gas;Conventional;Onshore conventional gas;Abandoned facilities;0.0
Malaysia;Thousand tonnes;2025;Gas;Conventional;Onshore conventional gas;Fugitive;0.0
Malaysia;Thousand tonnes;2025;Gas;Conventional;Onshore conventional gas;Incomplete-flare;0.0
Malaysia;Thousand tonnes;2025;Gas;Conventional;Onshore conventional gas;Vented;0.0
Malaysia;Thousand tonnes;2025;Gas;Downstream;Downstream gas;Fugitive;58.34166666666667
Malaysia;Thousand tonnes;2025;Gas;Downstream;Downstream gas;Vented;78.39333333333335
Malaysia;Thousand tonnes;2025;Gas;Offshore;Offshore gas;Fugitive;92.63533333333334
Malaysia;Thousand tonnes;2025;Gas;Offshore;Offshore gas;Incomplete-flare;0.0
Malaysia;Thousand tonnes;2025;Gas;Offshore;Offshore gas;Vented;231.257
Malaysia;Thousand tonnes;2025;Gas;Unconventional;Unconventional gas;Abandoned facilities;0.0
Malaysia;Thousand tonnes;2025;Gas;Unconventional;Unconventional gas;Fugitive;0.0
Malaysia;Thousand tonnes;2025;Gas;Unconventional;Unconventional gas;Incomplete-flare;0.0
Malaysia;Thousand tonnes;2025;Gas;Unconventional;Unconventional gas;Vented;0.0
Malaysia;Thousand tonnes;2025;Oil;Conventional;Onshore conventional oil;Abandoned facilities;0.8270495235625526
Malaysia;Thousand tonnes;2025;Oil;Conventional;Onshore conventional oil;Fugitive;2.11776
Malaysia;Thousand tonnes;2025;Oil;Conventional;Onshore conventional oil;Incomplete-flare;10.7209
Malaysia;Thousand tonnes;2025;Oil;Conventional;Onshore conventional oil;Vented;8.470833333333333
Malaysia;Thousand tonnes;2025;Oil;Downstream;Downstream oil;Fugitive;1.4725233333333334
Malaysia;Thousand tonnes;2025;Oil;Downstream;Downstream oil;Vented;6.3534
Malaysia;Thousand tonnes;2025;Oil;Offshore;Offshore oil;Fugitive;44.20399999999999
Malaysia;Thousand tonnes;2025;Oil;Offshore;Offshore oil;Incomplete-flare;56.11266666666667
Malaysia;Thousand tonnes;2025;Oil;Offshore;Offshore oil;Vented;176.81133333333335
Malaysia;Thousand tonnes;2025;Oil;Unconventional;Unconventional oil;Abandoned facilities;0.0
Malaysia;Thousand tonnes;2025;Oil;Unconventional;Unconventional oil;Fugitive;0.0
Malaysia;Thousand tonnes;2025;Oil;Unconventional;Unconventional oil;Incomplete-flare;0.0
Malaysia;Thousand tonnes;2025;Oil;Unconventional;Unconventional oil;Vented;0.0
Malaysia;Thousand tonnes;2025;Satellite-detected large emitters;Satellite - downstream;Satellite - downstream;Fugitive;0.0
Malaysia;Thousand tonnes;2025;Satellite-detected large emitters;Satellite - upstream;Satellite - upstream;Fugitive;0.0
Mauritania;Thousand tonnes;2025;Gas;Conventional;Onshore conventional gas;Abandoned facilities;0.0
Mauritania;Thousand tonnes;2025;Gas;Conventional;Onshore conventional gas;Fugitive;0.0
Mauritania;Thousand tonnes;2025;Gas;Conventional;Onshore conventional gas;Incomplete-flare;0.0
Mauritania;Thousand tonnes;2025;Gas;Conventional;Onshore conventional gas;Vented;0.0
Mauritania;Thousand tonnes;2025;Gas;Downstream;Downstream gas;Fugitive;0.0
Mauritania;Thousand tonnes;2025;Gas;Downstream;Downstream gas;Vented;0.0
Mauritania;Thousand tonnes;2025;Gas;Offshore;Offshore gas;Fugitive;0.0
Mauritania;Thousand tonnes;2025;Gas;Offshore;Offshore gas;Incomplete-flare;0.0
Mauritania;Thousand tonnes;2025;Gas;Offshore;Offshore gas;Vented;0.0
Mauritania;Thousand tonnes;2025;Gas;Unconventional;Unconventional gas;Abandoned facilities;0.0
Mauritania;Thousand tonnes;2025;Gas;Unconventional;Unconventional gas;Fugitive;0.0
Mauritania;Thousand tonnes;2025;Gas;Unconventional;Unconventional gas;Incomplete-flare;0.0
Mauritania;Thousand tonnes;2025;Gas;Unconventional;Unconventional gas;Vented;0.0
Mauritania;Thousand tonnes;2025;Oil;Conventional;Onshore conventional oil;Abandoned facilities;0.0
Mauritania;Thousand tonnes;2025;Oil;Conventional;Onshore conventional oil;Fugitive;0.0
Mauritania;Thousand tonnes;2025;Oil;Conventional;Onshore conventional oil;Incomplete-flare;0.0
Mauritania;Thousand tonnes;2025;Oil;Conventional;Onshore conventional oil;Vented;0.0
Mauritania;Thousand tonnes;2025;Oil;Downstream;Downstream oil;Fugitive;0.0
Mauritania;Thousand tonnes;2025;Oil;Downstream;Downstream oil;Vented;0.0
Mauritania;Thousand tonnes;2025;Oil;Offshore;Offshore oil;Fugitive;0.085397
Mauritania;Thousand tonnes;2025;Oil;Offshore;Offshore oil;Incomplete-flare;0.0
Mauritania;Thousand tonnes;2025;Oil;Offshore;Offshore oil;Vented;0.3416233333333333
Mauritania;Thousand tonnes;2025;Oil;Unconventional;Unconventional oil;Abandoned facilities;0.0
Mauritania;Thousand tonnes;2025;Oil;Unconventional;Unconventional oil;Fugitive;0.0
Mauritania;Thousand tonnes;2025;Oil;Unconventional;Unconventional oil;Incomplete-flare;0.0
Mauritania;Thousand tonnes;2025;Oil;Unconventional;Unconventional oil;Vented;0.0
Mauritania;Thousand tonnes;2025;Satellite-detected large emitters;Satellite - downstream;Satellite - downstream;Fugitive;0.0
Mauritania;Thousand tonnes;2025;Satellite-detected large emitters;Satellite - upstream;Satellite - upstream;Fugitive;0.0
Mexico;Thousand tonnes;2025;Gas;Conventional;Onshore conventional gas;Abandoned facilities;5.99546974546928
Mexico;Thousand tonnes;2025;Gas;Conventional;Onshore conventional gas;Fugitive;19.87976666666667
Mexico;Thousand tonnes;2025;Gas;Conventional;Onshore conventional gas;Incomplete-flare;0.0
Mexico;Thousand tonnes;2025;Gas;Conventional;Onshore conventional gas;Vented;49.626666666666665
Mexico;Thousand tonnes;2025;Gas;Downstream;Downstream gas;Fugitive;63.26233333333333
Mexico;Thousand tonnes;2025;Gas;Downstream;Downstream gas;Vented;85.00033333333334
Mexico;Thousand tonnes;2025;Gas;Offshore;Offshore gas;Fugitive;10.608633333333334
Mexico;Thousand tonnes;2025;Gas;Offshore;Offshore gas;Incomplete-flare;0.0
Mexico;Thousand tonnes;2025;Gas;Offshore;Offshore gas;Vented;26.4827
Mexico;Thousand tonnes;2025;Gas;Unconventional;Unconventional gas;Abandoned facilities;0.0
Mexico;Thousand tonnes;2025;Gas;Unconventional;Unconventional gas;Fugitive;0.47254
Mexico;Thousand tonnes;2025;Gas;Unconventional;Unconventional gas;Incomplete-flare;0.0
Mexico;Thousand tonnes;2025;Gas;Unconventional;Unconventional gas;Vented;1.1795733333333334
Mexico;Thousand tonnes;2025;Oil;Conventional;Onshore conventional oil;Abandoned facilities;9.420895079702298
Mexico;Thousand tonnes;2025;Oil;Conventional;Onshore conventional oil;Fugitive;43.02433333333333
Mexico;Thousand tonnes;2025;Oil;Conventional;Onshore conventional oil;Incomplete-flare;90.62966666666668
Mexico;Thousand tonnes;2025;Oil;Conventional;Onshore conventional oil;Vented;172.09533333333331
Mexico;Thousand tonnes;2025;Oil;Downstream;Downstream oil;Fugitive;3.054196666666667
Mexico;Thousand tonnes;2025;Oil;Downstream;Downstream oil;Vented;13.183933333333332
Mexico;Thousand tonnes;2025;Oil;Offshore;Offshore oil;Fugitive;90.03833333333334
Mexico;Thousand tonnes;2025;Oil;Offshore;Offshore oil;Incomplete-flare;203.60133333333332
Mexico;Thousand tonnes;2025;Oil;Offshore;Offshore oil;Vented;360.14666666666665
Mexico;Thousand tonnes;2025;Oil;Unconventional;Unconventional oil;Abandoned facilities;0.0
Mexico;Thousand tonnes;2025;Oil;Unconventional;Unconventional oil;Fugitive;0.0
Mexico;Thousand tonnes;2025;Oil;Unconventional;Unconventional oil;Incomplete-flare;0.0
Mexico;Thousand tonnes;2025;Oil;Unconventional;Unconventional oil;Vented;0.0
Mexico;Thousand tonnes;2025;Satellite-detected large emitters;Satellite - downstream;Satellite - downstream;Fugitive;14.2
Mexico;Thousand tonnes;2025;Satellite-detected large emitters;Satellite - upstream;Satellite - upstream;Fugitive;69.69999999999999
Morocco;Thousand tonnes;2025;Gas;Conventional;Onshore conventional gas;Abandoned facilities;0.0138257814949905
Morocco;Thousand tonnes;2025;Gas;Conventional;Onshore conventional gas;Fugitive;0.0293961333333333
Morocco;Thousand tonnes;2025;Gas;Conventional;Onshore conventional gas;Incomplete-flare;0.0
Morocco;Thousand tonnes;2025;Gas;Conventional;Onshore conventional gas;Vented;0.0733813333333333
Morocco;Thousand tonnes;2025;Gas;Downstream;Downstream gas;Fugitive;0.6366066666666667
Morocco;Thousand tonnes;2025;Gas;Downstream;Downstream gas;Vented;0.8554533333333333
Morocco;Thousand tonnes;2025;Gas;Offshore;Offshore gas;Fugitive;0.0
Morocco;Thousand tonnes;2025;Gas;Offshore;Offshore gas;Incomplete-flare;0.0
Morocco;Thousand tonnes;2025;Gas;Offshore;Offshore gas;Vented;0.0
Morocco;Thousand tonnes;2025;Gas;Unconventional;Unconventional gas;Abandoned facilities;0.0
Morocco;Thousand tonnes;2025;Gas;Unconventional;Unconventional gas;Fugitive;0.0
Morocco;Thousand tonnes;2025;Gas;Unconventional;Unconventional gas;Incomplete-flare;0.0
Morocco;Thousand tonnes;2025;Gas;Unconventional;Unconventional gas;Vented;0.0
Morocco;Thousand tonnes;2025;Oil;Conventional;Onshore conventional oil;Abandoned facilities;0.0283363637798876
Morocco;Thousand tonnes;2025;Oil;Conventional;Onshore conventional oil;Fugitive;0.0037443666666666
Morocco;Thousand tonnes;2025;Oil;Conventional;Onshore conventional oil;Incomplete-flare;0.0
Morocco;Thousand tonnes;2025;Oil;Conventional;Onshore conventional oil;Vented;0.0149774666666666
Morocco;Thousand tonnes;2025;Oil;Downstream;Downstream oil;Fugitive;0.2575233333333333
Morocco;Thousand tonnes;2025;Oil;Downstream;Downstream oil;Vented;1.1143433333333337
Morocco;Thousand tonnes;2025;Oil;Offshore;Offshore oil;Fugitive;0.0
Morocco;Thousand tonnes;2025;Oil;Offshore;Offshore oil;Incomplete-flare;0.0
Morocco;Thousand tonnes;2025;Oil;Offshore;Offshore oil;Vented;0.0
Morocco;Thousand tonnes;2025;Oil;Unconventional;Unconventional oil;Abandoned facilities;0.0
Morocco;Thousand tonnes;2025;Oil;Unconventional;Unconventional oil;Fugitive;0.0
Morocco;Thousand tonnes;2025;Oil;Unconventional;Unconventional oil;Incomplete-flare;0.0
Morocco;Thousand tonnes;2025;Oil;Unconventional;Unconventional oil;Vented;0.0
Morocco;Thousand tonnes;2025;Satellite-detected large emitters;Satellite - downstream;Satellite - downstream;Fugitive;0.0
Morocco;Thousand tonnes;2025;Satellite-detected large emitters;Satellite - upstream;Satellite - upstream;Fugitive;0.0
Mozambique;Thousand tonnes;2025;Gas;Conventional;Onshore conventional gas;Abandoned facilities;0.0005422048619523
Mozambique;Thousand tonnes;2025;Gas;Conventional;Onshore conventional gas;Fugitive;8.8387
Mozambique;Thousand tonnes;2025;Gas;Conventional;Onshore conventional gas;Incomplete-flare;0.0
Mozambique;Thousand tonnes;2025;Gas;Conventional;Onshore conventional gas;Vented;22.0645
Mozambique;Thousand tonnes;2025;Gas;Downstream;Downstream gas;Fugitive;1.7583166666666663
Mozambique;Thousand tonnes;2025;Gas;Downstream;Downstream gas;Vented;2.36261
Mozambique;Thousand tonnes;2025;Gas;Offshore;Offshore gas;Fugitive;10.337566666666667
Mozambique;Thousand tonnes;2025;Gas;Offshore;Offshore gas;Incomplete-flare;0.0
Mozambique;Thousand tonnes;2025;Gas;Offshore;Offshore gas;Vented;25.8062
Mozambique;Thousand tonnes;2025;Gas;Unconventional;Unconventional gas;Abandoned facilities;0.0
Mozambique;Thousand tonnes;2025;Gas;Unconventional;Unconventional gas;Fugitive;0.0
Mozambique;Thousand tonnes;2025;Gas;Unconventional;Unconventional gas;Incomplete-flare;0.0
Mozambique;Thousand tonnes;2025;Gas;Unconventional;Unconventional gas;Vented;0.0
Mozambique;Thousand tonnes;2025;Oil;Conventional;Onshore conventional oil;Abandoned facilities;0.0
Mozambique;Thousand tonnes;2025;Oil;Conventional;Onshore conventional oil;Fugitive;4.046966666666667
Mozambique;Thousand tonnes;2025;Oil;Conventional;Onshore conventional oil;Incomplete-flare;12.674733333333334
Mozambique;Thousand tonnes;2025;Oil;Conventional;Onshore conventional oil;Vented;16.187833333333334
Mozambique;Thousand tonnes;2025;Oil;Downstream;Downstream oil;Fugitive;0.1107516666666666
Mozambique;Thousand tonnes;2025;Oil;Downstream;Downstream oil;Vented;0.47772
Mozambique;Thousand tonnes;2025;Oil;Offshore;Offshore oil;Fugitive;4.138133333333333
Mozambique;Thousand tonnes;2025;Oil;Offshore;Offshore oil;Incomplete-flare;0.0
Mozambique;Thousand tonnes;2025;Oil;Offshore;Offshore oil;Vented;16.552433333333333
Mozambique;Thousand tonnes;2025;Oil;Unconventional;Unconventional oil;Abandoned facilities;0.0
Mozambique;Thousand tonnes;2025;Oil;Unconventional;Unconventional oil;Fugitive;0.0
Mozambique;Thousand tonnes;2025;Oil;Unconventional;Unconventional oil;Incomplete-flare;0.0
Mozambique;Thousand tonnes;2025;Oil;Unconventional;Unconventional oil;Vented;0.0
Mozambique;Thousand tonnes;2025;Satellite-detected large emitters;Satellite - downstream;Satellite - downstream;Fugitive;0.0
Mozambique;Thousand tonnes;2025;Satellite-detected large emitters;Satellite - upstream;Satellite - upstream;Fugitive;0.0
Namibia;Thousand tonnes;2025;Gas;Conventional;Onshore conventional gas;Abandoned facilities;0.0
Namibia;Thousand tonnes;2025;Gas;Conventional;Onshore conventional gas;Fugitive;0.0
Namibia;Thousand tonnes;2025;Gas;Conventional;Onshore conventional gas;Incomplete-flare;0.0
Namibia;Thousand tonnes;2025;Gas;Conventional;Onshore conventional gas;Vented;0.0
Namibia;Thousand tonnes;2025;Gas;Downstream;Downstream gas;Fugitive;0.0
Namibia;Thousand tonnes;2025;Gas;Downstream;Downstream gas;Vented;0.0
Namibia;Thousand tonnes;2025;Gas;Offshore;Offshore gas;Fugitive;0.0
Namibia;Thousand tonnes;2025;Gas;Offshore;Offshore gas;Incomplete-flare;0.0
Namibia;Thousand tonnes;2025;Gas;Offshore;Offshore gas;Vented;0.0
Namibia;Thousand tonnes;2025;Gas;Unconventional;Unconventional gas;Abandoned facilities;0.0
Namibia;Thousand tonnes;2025;Gas;Unconventional;Unconventional gas;Fugitive;0.0
Namibia;Thousand tonnes;2025;Gas;Unconventional;Unconventional gas;Incomplete-flare;0.0
Namibia;Thousand tonnes;2025;Gas;Unconventional;Unconventional gas;Vented;0.0
Namibia;Thousand tonnes;2025;Oil;Conventional;Onshore conventional oil;Abandoned facilities;0.0
Namibia;Thousand tonnes;2025;Oil;Conventional;Onshore conventional oil;Fugitive;0.0
Namibia;Thousand tonnes;2025;Oil;Conventional;Onshore conventional oil;Incomplete-flare;0.0
Namibia;Thousand tonnes;2025;Oil;Conventional;Onshore conventional oil;Vented;0.0
Namibia;Thousand tonnes;2025;Oil;Downstream;Downstream oil;Fugitive;0.0329775
Namibia;Thousand tonnes;2025;Oil;Downstream;Downstream oil;Vented;0.142324
Namibia;Thousand tonnes;2025;Oil;Offshore;Offshore oil;Fugitive;0.0
Namibia;Thousand tonnes;2025;Oil;Offshore;Offshore oil;Incomplete-flare;0.0
Namibia;Thousand tonnes;2025;Oil;Offshore;Offshore oil;Vented;0.0
Namibia;Thousand tonnes;2025;Oil;Unconventional;Unconventional oil;Abandoned facilities;0.0
Namibia;Thousand tonnes;2025;Oil;Unconventional;Unconventional oil;Fugitive;0.0
Namibia;Thousand tonnes;2025;Oil;Unconventional;Unconventional oil;Incomplete-flare;0.0
Namibia;Thousand tonnes;2025;Oil;Unconventional;Unconventional oil;Vented;0.0
Namibia;Thousand tonnes;2025;Satellite-detected large emitters;Satellite - downstream;Satellite - downstream;Fugitive;0.0
Namibia;Thousand tonnes;2025;Satellite-detected large emitters;Satellite - upstream;Satellite - upstream;Fugitive;0.0
Netherlands;Thousand tonnes;2025;Gas;Conventional;Onshore conventional gas;Abandoned facilities;2.422497945192048
Netherlands;Thousand tonnes;2025;Gas;Conventional;Onshore conventional gas;Fugitive;0.2992613333333333
Netherlands;Thousand tonnes;2025;Gas;Conventional;Onshore conventional gas;Incomplete-flare;0.0
Netherlands;Thousand tonnes;2025;Gas;Conventional;Onshore conventional gas;Vented;0.7470066666666667
Netherlands;Thousand tonnes;2025;Gas;Downstream;Downstream gas;Fugitive;3.910066666666667
Netherlands;Thousand tonnes;2025;Gas;Downstream;Downstream gas;Vented;5.256200000000001
Netherlands;Thousand tonnes;2025;Gas;Offshore;Offshore gas;Fugitive;1.03004
Netherlands;Thousand tonnes;2025;Gas;Offshore;Offshore gas;Incomplete-flare;0.0
Netherlands;Thousand tonnes;2025;Gas;Offshore;Offshore gas;Vented;2.5711533333333336
Netherlands;Thousand tonnes;2025;Gas;Unconventional;Unconventional gas;Abandoned facilities;0.0
Netherlands;Thousand tonnes;2025;Gas;Unconventional;Unconventional gas;Fugitive;0.0
Netherlands;Thousand tonnes;2025;Gas;Unconventional;Unconventional gas;Incomplete-flare;0.0
Netherlands;Thousand tonnes;2025;Gas;Unconventional;Unconventional gas;Vented;0.0
Netherlands;Thousand tonnes;2025;Oil;Conventional;Onshore conventional oil;Abandoned facilities;0.0511583891122472
Netherlands;Thousand tonnes;2025;Oil;Conventional;Onshore conventional oil;Fugitive;0.0184699333333333
Netherlands;Thousand tonnes;2025;Oil;Conventional;Onshore conventional oil;Incomplete-flare;0.0019221666666666
Netherlands;Thousand tonnes;2025;Oil;Conventional;Onshore conventional oil;Vented;0.073889
Netherlands;Thousand tonnes;2025;Oil;Downstream;Downstream oil;Fugitive;0.1661896666666666
Netherlands;Thousand tonnes;2025;Oil;Downstream;Downstream oil;Vented;0.7201533333333334
Netherlands;Thousand tonnes;2025;Oil;Offshore;Offshore oil;Fugitive;0.0501883333333333
Netherlands;Thousand tonnes;2025;Oil;Offshore;Offshore oil;Incomplete-flare;0.0036311
Netherlands;Thousand tonnes;2025;Oil;Offshore;Offshore oil;Vented;0.200778
Netherlands;Thousand tonnes;2025;Oil;Unconventional;Unconventional oil;Abandoned facilities;0.0
Netherlands;Thousand tonnes;2025;Oil;Unconventional;Unconventional oil;Fugitive;0.0
Netherlands;Thousand tonnes;2025;Oil;Unconventional;Unconventional oil;Incomplete-flare;0.0
Netherlands;Thousand tonnes;2025;Oil;Unconventional;Unconventional oil;Vented;0.0
Netherlands;Thousand tonnes;2025;Satellite-detected large emitters;Satellite - downstream;Satellite - downstream;Fugitive;0.0
Netherlands;Thousand tonnes;2025;Satellite-detected large emitters;Satellite - upstream;Satellite - upstream;Fugitive;0.0
New Zealand;Thousand tonnes;2025;Gas;Conventional;Onshore conventional gas;Abandoned facilities;0.2041298410096883
New Zealand;Thousand tonnes;2025;Gas;Conventional;Onshore conventional gas;Fugitive;0.9825966666666668
New Zealand;Thousand tonnes;2025;Gas;Conventional;Onshore conventional gas;Incomplete-flare;0.0
New Zealand;Thousand tonnes;2025;Gas;Conventional;Onshore conventional gas;Vented;2.45283
New Zealand;Thousand tonnes;2025;Gas;Downstream;Downstream gas;Fugitive;1.70385
New Zealand;Thousand tonnes;2025;Gas;Downstream;Downstream gas;Vented;2.2893600000000003
New Zealand;Thousand tonnes;2025;Gas;Offshore;Offshore gas;Fugitive;0.9727666666666668
New Zealand;Thousand tonnes;2025;Gas;Offshore;Offshore gas;Incomplete-flare;0.0
New Zealand;Thousand tonnes;2025;Gas;Offshore;Offshore gas;Vented;2.4282966666666668
New Zealand;Thousand tonnes;2025;Gas;Unconventional;Unconventional gas;Abandoned facilities;0.0
New Zealand;Thousand tonnes;2025;Gas;Unconventional;Unconventional gas;Fugitive;0.0
New Zealand;Thousand tonnes;2025;Gas;Unconventional;Unconventional gas;Incomplete-flare;0.0
New Zealand;Thousand tonnes;2025;Gas;Unconventional;Unconventional gas;Vented;0.0
New Zealand;Thousand tonnes;2025;Oil;Conventional;Onshore conventional oil;Abandoned facilities;0.0934545571746319
New Zealand;Thousand tonnes;2025;Oil;Conventional;Onshore conventional oil;Fugitive;0.1565153333333333
New Zealand;Thousand tonnes;2025;Oil;Conventional;Onshore conventional oil;Incomplete-flare;0.0093928333333333
New Zealand;Thousand tonnes;2025;Oil;Conventional;Onshore conventional oil;Vented;0.6260833333333333
New Zealand;Thousand tonnes;2025;Oil;Downstream;Downstream oil;Fugitive;0.1619973333333333
New Zealand;Thousand tonnes;2025;Oil;Downstream;Downstream oil;Vented;0.6989466666666666
New Zealand;Thousand tonnes;2025;Oil;Offshore;Offshore oil;Fugitive;0.3992
New Zealand;Thousand tonnes;2025;Oil;Offshore;Offshore oil;Incomplete-flare;0.0110411333333333
New Zealand;Thousand tonnes;2025;Oil;Offshore;Offshore oil;Vented;1.5968533333333332
New Zealand;Thousand tonnes;2025;Oil;Unconventional;Unconventional oil;Abandoned facilities;0.0
New Zealand;Thousand tonnes;2025;Oil;Unconventional;Unconventional oil;Fugitive;0.0
New Zealand;Thousand tonnes;2025;Oil;Unconventional;Unconventional oil;Incomplete-flare;0.0
New Zealand;Thousand tonnes;2025;Oil;Unconventional;Unconventional oil;Vented;0.0
New Zealand;Thousand tonnes;2025;Satellite-detected large emitters;Satellite - downstream;Satellite - downstream;Fugitive;0.0
New Zealand;Thousand tonnes;2025;Satellite-detected large emitters;Satellite - upstream;Satellite - upstream;Fugitive;0.0
Niger;Thousand tonnes;2025;Gas;Conventional;Onshore conventional gas;Abandoned facilities;0.0
Niger;Thousand tonnes;2025;Gas;Conventional;Onshore conventional gas;Fugitive;0.0
Niger;Thousand tonnes;2025;Gas;Conventional;Onshore conventional gas;Incomplete-flare;0.0
Niger;Thousand tonnes;2025;Gas;Conventional;Onshore conventional gas;Vented;0.0
Niger;Thousand tonnes;2025;Gas;Downstream;Downstream gas;Fugitive;0.058554
Niger;Thousand tonnes;2025;Gas;Downstream;Downstream gas;Vented;0.0786753333333333
Niger;Thousand tonnes;2025;Gas;Offshore;Offshore gas;Fugitive;0.0
Niger;Thousand tonnes;2025;Gas;Offshore;Offshore gas;Incomplete-flare;0.0
Niger;Thousand tonnes;2025;Gas;Offshore;Offshore gas;Vented;0.0
Niger;Thousand tonnes;2025;Gas;Unconventional;Unconventional gas;Abandoned facilities;0.0
Niger;Thousand tonnes;2025;Gas;Unconventional;Unconventional gas;Fugitive;0.0
Niger;Thousand tonnes;2025;Gas;Unconventional;Unconventional gas;Incomplete-flare;0.0
Niger;Thousand tonnes;2025;Gas;Unconventional;Unconventional gas;Vented;0.0
Niger;Thousand tonnes;2025;Oil;Conventional;Onshore conventional oil;Abandoned facilities;0.0
Niger;Thousand tonnes;2025;Oil;Conventional;Onshore conventional oil;Fugitive;4.482866666666666
Niger;Thousand tonnes;2025;Oil;Conventional;Onshore conventional oil;Incomplete-flare;1.1415266666666668
Niger;Thousand tonnes;2025;Oil;Conventional;Onshore conventional oil;Vented;17.931033333333335
Niger;Thousand tonnes;2025;Oil;Downstream;Downstream oil;Fugitive;0.2296026666666666
Niger;Thousand tonnes;2025;Oil;Downstream;Downstream oil;Vented;0.9909366666666668
Niger;Thousand tonnes;2025;Oil;Offshore;Offshore oil;Fugitive;0.0
Niger;Thousand tonnes;2025;Oil;Offshore;Offshore oil;Incomplete-flare;0.0
Niger;Thousand tonnes;2025;Oil;Offshore;Offshore oil;Vented;0.0
Niger;Thousand tonnes;2025;Oil;Unconventional;Unconventional oil;Abandoned facilities;0.0
Niger;Thousand tonnes;2025;Oil;Unconventional;Unconventional oil;Fugitive;0.0
Niger;Thousand tonnes;2025;Oil;Unconventional;Unconventional oil;Incomplete-flare;0.0
Niger;Thousand tonnes;2025;Oil;Unconventional;Unconventional oil;Vented;0.0
Niger;Thousand tonnes;2025;Satellite-detected large emitters;Satellite - downstream;Satellite - downstream;Fugitive;0.0
Niger;Thousand tonnes;2025;Satellite-detected large emitters;Satellite - upstream;Satellite - upstream;Fugitive;0.0
Nigeria;Thousand tonnes;2025;Gas;Conventional;Onshore conventional gas;Abandoned facilities;0.0
Nigeria;Thousand tonnes;2025;Gas;Conventional;Onshore conventional gas;Fugitive;52.16766666666667
Nigeria;Thousand tonnes;2025;Gas;Conventional;Onshore conventional gas;Incomplete-flare;0.0
Nigeria;Thousand tonnes;2025;Gas;Conventional;Onshore conventional gas;Vented;130.22866666666667
Nigeria;Thousand tonnes;2025;Gas;Downstream;Downstream gas;Fugitive;23.2666
Nigeria;Thousand tonnes;2025;Gas;Downstream;Downstream gas;Vented;31.2629
Nigeria;Thousand tonnes;2025;Gas;Offshore;Offshore gas;Fugitive;18.3474
Nigeria;Thousand tonnes;2025;Gas;Offshore;Offshore gas;Incomplete-flare;0.0
Nigeria;Thousand tonnes;2025;Gas;Offshore;Offshore gas;Vented;45.80133333333333
Nigeria;Thousand tonnes;2025;Gas;Unconventional;Unconventional gas;Abandoned facilities;0.0
Nigeria;Thousand tonnes;2025;Gas;Unconventional;Unconventional gas;Fugitive;0.0
Nigeria;Thousand tonnes;2025;Gas;Unconventional;Unconventional gas;Incomplete-flare;0.0
Nigeria;Thousand tonnes;2025;Gas;Unconventional;Unconventional gas;Vented;0.0
Nigeria;Thousand tonnes;2025;Oil;Conventional;Onshore conventional oil;Abandoned facilities;0.0
Nigeria;Thousand tonnes;2025;Oil;Conventional;Onshore conventional oil;Fugitive;119.44733333333332
Nigeria;Thousand tonnes;2025;Oil;Conventional;Onshore conventional oil;Incomplete-flare;65.62333333333333
Nigeria;Thousand tonnes;2025;Oil;Conventional;Onshore conventional oil;Vented;477.7966666666667
Nigeria;Thousand tonnes;2025;Oil;Downstream;Downstream oil;Fugitive;2.00175
Nigeria;Thousand tonnes;2025;Oil;Downstream;Downstream oil;Vented;8.643366666666667
Nigeria;Thousand tonnes;2025;Oil;Offshore;Offshore oil;Fugitive;131.97899999999998
Nigeria;Thousand tonnes;2025;Oil;Offshore;Offshore oil;Incomplete-flare;58.98800000000001
Nigeria;Thousand tonnes;2025;Oil;Offshore;Offshore oil;Vented;527.9266666666666
Nigeria;Thousand tonnes;2025;Oil;Unconventional;Unconventional oil;Abandoned facilities;0.0
Nigeria;Thousand tonnes;2025;Oil;Unconventional;Unconventional oil;Fugitive;0.0
Nigeria;Thousand tonnes;2025;Oil;Unconventional;Unconventional oil;Incomplete-flare;0.0
Nigeria;Thousand tonnes;2025;Oil;Unconventional;Unconventional oil;Vented;0.0
Nigeria;Thousand tonnes;2025;Satellite-detected large emitters;Satellite - downstream;Satellite - downstream;Fugitive;0.6
Nigeria;Thousand tonnes;2025;Satellite-detected large emitters;Satellite - upstream;Satellite - upstream;Fugitive;13.600000000000001
Norway;Thousand tonnes;2025;Gas;Conventional;Onshore conventional gas;Abandoned facilities;0.0
Norway;Thousand tonnes;2025;Gas;Conventional;Onshore conventional gas;Fugitive;0.0
Norway;Thousand tonnes;2025;Gas;Conventional;Onshore conventional gas;Incomplete-flare;0.0
Norway;Thousand tonnes;2025;Gas;Conventional;Onshore conventional gas;Vented;0.0
Norway;Thousand tonnes;2025;Gas;Downstream;Downstream gas;Fugitive;0.144084
Norway;Thousand tonnes;2025;Gas;Downstream;Downstream gas;Vented;0.19354
Norway;Thousand tonnes;2025;Gas;Offshore;Offshore gas;Fugitive;2.9094100000000003
Norway;Thousand tonnes;2025;Gas;Offshore;Offshore gas;Incomplete-flare;0.0
Norway;Thousand tonnes;2025;Gas;Offshore;Offshore gas;Vented;7.2526
Norway;Thousand tonnes;2025;Gas;Unconventional;Unconventional gas;Abandoned facilities;0.0
Norway;Thousand tonnes;2025;Gas;Unconventional;Unconventional gas;Fugitive;0.0
Norway;Thousand tonnes;2025;Gas;Unconventional;Unconventional gas;Incomplete-flare;0.0
Norway;Thousand tonnes;2025;Gas;Unconventional;Unconventional gas;Vented;0.0
Norway;Thousand tonnes;2025;Oil;Conventional;Onshore conventional oil;Abandoned facilities;0.0
Norway;Thousand tonnes;2025;Oil;Conventional;Onshore conventional oil;Fugitive;0.1771283333333333
Norway;Thousand tonnes;2025;Oil;Conventional;Onshore conventional oil;Incomplete-flare;0.0040867333333333
Norway;Thousand tonnes;2025;Oil;Conventional;Onshore conventional oil;Vented;0.7093166666666666
Norway;Thousand tonnes;2025;Oil;Downstream;Downstream oil;Fugitive;0.0139627
Norway;Thousand tonnes;2025;Oil;Downstream;Downstream oil;Vented;0.0622949999999999
Norway;Thousand tonnes;2025;Oil;Offshore;Offshore oil;Fugitive;2.05785
Norway;Thousand tonnes;2025;Oil;Offshore;Offshore oil;Incomplete-flare;0.0747266666666666
Norway;Thousand tonnes;2025;Oil;Offshore;Offshore oil;Vented;8.2407
Norway;Thousand tonnes;2025;Oil;Unconventional;Unconventional oil;Abandoned facilities;0.0
Norway;Thousand tonnes;2025;Oil;Unconventional;Unconventional oil;Fugitive;0.0
Norway;Thousand tonnes;2025;Oil;Unconventional;Unconventional oil;Incomplete-flare;0.0
Norway;Thousand tonnes;2025;Oil;Unconventional;Unconventional oil;Vented;0.0
Norway;Thousand tonnes;2025;Satellite-detected large emitters;Satellite - downstream;Satellite - downstream;Fugitive;0.0
Norway;Thousand tonnes;2025;Satellite-detected large emitters;Satellite - upstream;Satellite - upstream;Fugitive;0.0
Oman;Thousand tonnes;2025;Gas;Conventional;Onshore conventional gas;Abandoned facilities;1.15036360892089
Oman;Thousand tonnes;2025;Gas;Conventional;Onshore conventional gas;Fugitive;27.99233333333333
Oman;Thousand tonnes;2025;Gas;Conventional;Onshore conventional gas;Incomplete-flare;0.0
Oman;Thousand tonnes;2025;Gas;Conventional;Onshore conventional gas;Vented;69.88000000000001
Oman;Thousand tonnes;2025;Gas;Downstream;Downstream gas;Fugitive;22.42083333333333
Oman;Thousand tonnes;2025;Gas;Downstream;Downstream gas;Vented;30.127466666666667
Oman;Thousand tonnes;2025;Gas;Offshore;Offshore gas;Fugitive;0.0688266666666666
Oman;Thousand tonnes;2025;Gas;Offshore;Offshore gas;Incomplete-flare;0.0
Oman;Thousand tonnes;2025;Gas;Offshore;Offshore gas;Vented;0.171819
Oman;Thousand tonnes;2025;Gas;Unconventional;Unconventional gas;Abandoned facilities;0.0
Oman;Thousand tonnes;2025;Gas;Unconventional;Unconventional gas;Fugitive;22.623266666666662
Oman;Thousand tonnes;2025;Gas;Unconventional;Unconventional gas;Incomplete-flare;0.0
Oman;Thousand tonnes;2025;Gas;Unconventional;Unconventional gas;Vented;56.473
Oman;Thousand tonnes;2025;Oil;Conventional;Onshore conventional oil;Abandoned facilities;6.067139349510647
Oman;Thousand tonnes;2025;Oil;Conventional;Onshore conventional oil;Fugitive;69.46433333333333
Oman;Thousand tonnes;2025;Oil;Conventional;Onshore conventional oil;Incomplete-flare;75.08999999999999
Oman;Thousand tonnes;2025;Oil;Conventional;Onshore conventional oil;Vented;277.857
Oman;Thousand tonnes;2025;Oil;Downstream;Downstream oil;Fugitive;0.53224
Oman;Thousand tonnes;2025;Oil;Downstream;Downstream oil;Vented;2.2956100000000004
Oman;Thousand tonnes;2025;Oil;Offshore;Offshore oil;Fugitive;0.138864
Oman;Thousand tonnes;2025;Oil;Offshore;Offshore oil;Incomplete-flare;0.1498183333333333
Oman;Thousand tonnes;2025;Oil;Offshore;Offshore oil;Vented;0.5554566666666666
Oman;Thousand tonnes;2025;Oil;Unconventional;Unconventional oil;Abandoned facilities;0.0
Oman;Thousand tonnes;2025;Oil;Unconventional;Unconventional oil;Fugitive;0.0
Oman;Thousand tonnes;2025;Oil;Unconventional;Unconventional oil;Incomplete-flare;0.0
Oman;Thousand tonnes;2025;Oil;Unconventional;Unconventional oil;Vented;0.0
Oman;Thousand tonnes;2025;Satellite-detected large emitters;Satellite - downstream;Satellite - downstream;Fugitive;0.6
Oman;Thousand tonnes;2025;Satellite-detected large emitters;Satellite - upstream;Satellite - upstream;Fugitive;0.6000000000000001
Pakistan;Thousand tonnes;2025;Gas;Conventional;Onshore conventional gas;Abandoned facilities;33.94998742945511
Pakistan;Thousand tonnes;2025;Gas;Conventional;Onshore conventional gas;Fugitive;44.692
Pakistan;Thousand tonnes;2025;Gas;Conventional;Onshore conventional gas;Incomplete-flare;0.0
Pakistan;Thousand tonnes;2025;Gas;Conventional;Onshore conventional gas;Vented;111.56433333333332
Pakistan;Thousand tonnes;2025;Gas;Downstream;Downstream gas;Fugitive;67.38000000000001
Pakistan;Thousand tonnes;2025;Gas;Downstream;Downstream gas;Vented;90.53833333333334
Pakistan;Thousand tonnes;2025;Gas;Offshore;Offshore gas;Fugitive;0.0
Pakistan;Thousand tonnes;2025;Gas;Offshore;Offshore gas;Incomplete-flare;0.0
Pakistan;Thousand tonnes;2025;Gas;Offshore;Offshore gas;Vented;0.0
Pakistan;Thousand tonnes;2025;Gas;Unconventional;Unconventional gas;Abandoned facilities;0.0
Pakistan;Thousand tonnes;2025;Gas;Unconventional;Unconventional gas;Fugitive;2.201356666666667
Pakistan;Thousand tonnes;2025;Gas;Unconventional;Unconventional gas;Incomplete-flare;0.0
Pakistan;Thousand tonnes;2025;Gas;Unconventional;Unconventional gas;Vented;5.495266666666667
Pakistan;Thousand tonnes;2025;Oil;Conventional;Onshore conventional oil;Abandoned facilities;3.849865374137806
Pakistan;Thousand tonnes;2025;Oil;Conventional;Onshore conventional oil;Fugitive;11.373933333333332
Pakistan;Thousand tonnes;2025;Oil;Conventional;Onshore conventional oil;Incomplete-flare;8.698633333333333
Pakistan;Thousand tonnes;2025;Oil;Conventional;Onshore conventional oil;Vented;45.496
Pakistan;Thousand tonnes;2025;Oil;Downstream;Downstream oil;Fugitive;1.7704666666666666
Pakistan;Thousand tonnes;2025;Oil;Downstream;Downstream oil;Vented;7.647966666666666
Pakistan;Thousand tonnes;2025;Oil;Offshore;Offshore oil;Fugitive;0.0
Pakistan;Thousand tonnes;2025;Oil;Offshore;Offshore oil;Incomplete-flare;0.0
Pakistan;Thousand tonnes;2025;Oil;Offshore;Offshore oil;Vented;0.0
Pakistan;Thousand tonnes;2025;Oil;Unconventional;Unconventional oil;Abandoned facilities;0.0
Pakistan;Thousand tonnes;2025;Oil;Unconventional;Unconventional oil;Fugitive;0.0
Pakistan;Thousand tonnes;2025;Oil;Unconventional;Unconventional oil;Incomplete-flare;0.0
Pakistan;Thousand tonnes;2025;Oil;Unconventional;Unconventional oil;Vented;0.0
Pakistan;Thousand tonnes;2025;Satellite-detected large emitters;Satellite - downstream;Satellite - downstream;Fugitive;54.6
Pakistan;Thousand tonnes;2025;Satellite-detected large emitters;Satellite - upstream;Satellite - upstream;Fugitive;17.3
Paraguay;Thousand tonnes;2025;Gas;Conventional;Onshore conventional gas;Abandoned facilities;0.0
Paraguay;Thousand tonnes;2025;Gas;Conventional;Onshore conventional gas;Fugitive;0.0
Paraguay;Thousand tonnes;2025;Gas;Conventional;Onshore conventional gas;Incomplete-flare;0.0
Paraguay;Thousand tonnes;2025;Gas;Conventional;Onshore conventional gas;Vented;0.0
Paraguay;Thousand tonnes;2025;Gas;Downstream;Downstream gas;Fugitive;0.0
Paraguay;Thousand tonnes;2025;Gas;Downstream;Downstream gas;Vented;0.0
Paraguay;Thousand tonnes;2025;Gas;Offshore;Offshore gas;Fugitive;0.0
Paraguay;Thousand tonnes;2025;Gas;Offshore;Offshore gas;Incomplete-flare;0.0
Paraguay;Thousand tonnes;2025;Gas;Offshore;Offshore gas;Vented;0.0
Paraguay;Thousand tonnes;2025;Gas;Unconventional;Unconventional gas;Abandoned facilities;0.0
Paraguay;Thousand tonnes;2025;Gas;Unconventional;Unconventional gas;Fugitive;0.0
Paraguay;Thousand tonnes;2025;Gas;Unconventional;Unconventional gas;Incomplete-flare;0.0
Paraguay;Thousand tonnes;2025;Gas;Unconventional;Unconventional gas;Vented;0.0
Paraguay;Thousand tonnes;2025;Oil;Conventional;Onshore conventional oil;Abandoned facilities;0.0
Paraguay;Thousand tonnes;2025;Oil;Conventional;Onshore conventional oil;Fugitive;0.0
Paraguay;Thousand tonnes;2025;Oil;Conventional;Onshore conventional oil;Incomplete-flare;0.0
Paraguay;Thousand tonnes;2025;Oil;Conventional;Onshore conventional oil;Vented;0.0
Paraguay;Thousand tonnes;2025;Oil;Downstream;Downstream oil;Fugitive;0.0488663333333333
Paraguay;Thousand tonnes;2025;Oil;Downstream;Downstream oil;Vented;0.211417
Paraguay;Thousand tonnes;2025;Oil;Offshore;Offshore oil;Fugitive;0.0
Paraguay;Thousand tonnes;2025;Oil;Offshore;Offshore oil;Incomplete-flare;0.0
Paraguay;Thousand tonnes;2025;Oil;Offshore;Offshore oil;Vented;0.0
Paraguay;Thousand tonnes;2025;Oil;Unconventional;Unconventional oil;Abandoned facilities;0.0
Paraguay;Thousand tonnes;2025;Oil;Unconventional;Unconventional oil;Fugitive;0.0
Paraguay;Thousand tonnes;2025;Oil;Unconventional;Unconventional oil;Incomplete-flare;0.0
Paraguay;Thousand tonnes;2025;Oil;Unconventional;Unconventional oil;Vented;0.0
Paraguay;Thousand tonnes;2025;Satellite-detected large emitters;Satellite - downstream;Satellite - downstream;Fugitive;0.0
Paraguay;Thousand tonnes;2025;Satellite-detected large emitters;Satellite - upstream;Satellite - upstream;Fugitive;0.0
Peru;Thousand tonnes;2025;Gas;Conventional;Onshore conventional gas;Abandoned facilities;0.0461948555773007
Peru;Thousand tonnes;2025;Gas;Conventional;Onshore conventional gas;Fugitive;21.418033333333334
Peru;Thousand tonnes;2025;Gas;Conventional;Onshore conventional gas;Incomplete-flare;0.0
Peru;Thousand tonnes;2025;Gas;Conventional;Onshore conventional gas;Vented;53.46666666666667
Peru;Thousand tonnes;2025;Gas;Downstream;Downstream gas;Fugitive;8.7457
Peru;Thousand tonnes;2025;Gas;Downstream;Downstream gas;Vented;11.7521
Peru;Thousand tonnes;2025;Gas;Offshore;Offshore gas;Fugitive;0.399
Peru;Thousand tonnes;2025;Gas;Offshore;Offshore gas;Incomplete-flare;0.0
Peru;Thousand tonnes;2025;Gas;Offshore;Offshore gas;Vented;0.9960433333333332
Peru;Thousand tonnes;2025;Gas;Unconventional;Unconventional gas;Abandoned facilities;0.0
Peru;Thousand tonnes;2025;Gas;Unconventional;Unconventional gas;Fugitive;0.0
Peru;Thousand tonnes;2025;Gas;Unconventional;Unconventional gas;Incomplete-flare;0.0
Peru;Thousand tonnes;2025;Gas;Unconventional;Unconventional gas;Vented;0.0
Peru;Thousand tonnes;2025;Oil;Conventional;Onshore conventional oil;Abandoned facilities;5.189081761074045
Peru;Thousand tonnes;2025;Oil;Conventional;Onshore conventional oil;Fugitive;7.480166666666666
Peru;Thousand tonnes;2025;Oil;Conventional;Onshore conventional oil;Incomplete-flare;2.884486666666666
Peru;Thousand tonnes;2025;Oil;Conventional;Onshore conventional oil;Vented;29.92123333333333
Peru;Thousand tonnes;2025;Oil;Downstream;Downstream oil;Fugitive;0.6157400000000001
Peru;Thousand tonnes;2025;Oil;Downstream;Downstream oil;Vented;2.6559766666666667
Peru;Thousand tonnes;2025;Oil;Offshore;Offshore oil;Fugitive;0.3625166666666667
Peru;Thousand tonnes;2025;Oil;Offshore;Offshore oil;Incomplete-flare;0.175229
Peru;Thousand tonnes;2025;Oil;Offshore;Offshore oil;Vented;1.45009
Peru;Thousand tonnes;2025;Oil;Unconventional;Unconventional oil;Abandoned facilities;0.0
Peru;Thousand tonnes;2025;Oil;Unconventional;Unconventional oil;Fugitive;0.0
Peru;Thousand tonnes;2025;Oil;Unconventional;Unconventional oil;Incomplete-flare;0.0
Peru;Thousand tonnes;2025;Oil;Unconventional;Unconventional oil;Vented;0.0
Peru;Thousand tonnes;2025;Satellite-detected large emitters;Satellite - downstream;Satellite - downstream;Fugitive;0.0
Peru;Thousand tonnes;2025;Satellite-detected large emitters;Satellite - upstream;Satellite - upstream;Fugitive;0.0
Philippines;Thousand tonnes;2025;Gas;Conventional;Onshore conventional gas;Abandoned facilities;0.0057284604563912
Philippines;Thousand tonnes;2025;Gas;Conventional;Onshore conventional gas;Fugitive;0.0
Philippines;Thousand tonnes;2025;Gas;Conventional;Onshore conventional gas;Incomplete-flare;0.0
Philippines;Thousand tonnes;2025;Gas;Conventional;Onshore conventional gas;Vented;0.0
Philippines;Thousand tonnes;2025;Gas;Downstream;Downstream gas;Fugitive;2.6642766666666664
Philippines;Thousand tonnes;2025;Gas;Downstream;Downstream gas;Vented;3.5799000000000003
Philippines;Thousand tonnes;2025;Gas;Offshore;Offshore gas;Fugitive;1.8186266666666664
Philippines;Thousand tonnes;2025;Gas;Offshore;Offshore gas;Incomplete-flare;0.0
Philippines;Thousand tonnes;2025;Gas;Offshore;Offshore gas;Vented;4.539933333333334
Philippines;Thousand tonnes;2025;Gas;Unconventional;Unconventional gas;Abandoned facilities;0.0
Philippines;Thousand tonnes;2025;Gas;Unconventional;Unconventional gas;Fugitive;0.0
Philippines;Thousand tonnes;2025;Gas;Unconventional;Unconventional gas;Incomplete-flare;0.0
Philippines;Thousand tonnes;2025;Gas;Unconventional;Unconventional gas;Vented;0.0
Philippines;Thousand tonnes;2025;Oil;Conventional;Onshore conventional oil;Abandoned facilities;0.0
Philippines;Thousand tonnes;2025;Oil;Conventional;Onshore conventional oil;Fugitive;0.0
Philippines;Thousand tonnes;2025;Oil;Conventional;Onshore conventional oil;Incomplete-flare;1.6636
Philippines;Thousand tonnes;2025;Oil;Conventional;Onshore conventional oil;Vented;0.0
Philippines;Thousand tonnes;2025;Oil;Downstream;Downstream oil;Fugitive;0.6440533333333334
Philippines;Thousand tonnes;2025;Oil;Downstream;Downstream oil;Vented;2.7835
Philippines;Thousand tonnes;2025;Oil;Offshore;Offshore oil;Fugitive;0.7554200000000001
Philippines;Thousand tonnes;2025;Oil;Offshore;Offshore oil;Incomplete-flare;0.2885603333333333
Philippines;Thousand tonnes;2025;Oil;Offshore;Offshore oil;Vented;3.0217066666666668
Philippines;Thousand tonnes;2025;Oil;Unconventional;Unconventional oil;Abandoned facilities;0.0
Philippines;Thousand tonnes;2025;Oil;Unconventional;Unconventional oil;Fugitive;0.0
Philippines;Thousand tonnes;2025;Oil;Unconventional;Unconventional oil;Incomplete-flare;0.0
Philippines;Thousand tonnes;2025;Oil;Unconventional;Unconventional oil;Vented;0.0
Philippines;Thousand tonnes;2025;Satellite-detected large emitters;Satellite - downstream;Satellite - downstream;Fugitive;0.0
Philippines;Thousand tonnes;2025;Satellite-detected large emitters;Satellite - upstream;Satellite - upstream;Fugitive;0.0
Poland;Thousand tonnes;2025;Gas;Conventional;Onshore conventional gas;Abandoned facilities;2.701073193843165
Poland;Thousand tonnes;2025;Gas;Conventional;Onshore conventional gas;Fugitive;2.9309366666666667
Poland;Thousand tonnes;2025;Gas;Conventional;Onshore conventional gas;Incomplete-flare;0.0
Poland;Thousand tonnes;2025;Gas;Conventional;Onshore conventional gas;Vented;7.3163
Poland;Thousand tonnes;2025;Gas;Downstream;Downstream gas;Fugitive;13.6
Poland;Thousand tonnes;2025;Gas;Downstream;Downstream gas;Vented;18.27443333333333
Poland;Thousand tonnes;2025;Gas;Offshore;Offshore gas;Fugitive;0.0198292666666666
Poland;Thousand tonnes;2025;Gas;Offshore;Offshore gas;Incomplete-flare;0.0
Poland;Thousand tonnes;2025;Gas;Offshore;Offshore gas;Vented;0.0494986666666666
Poland;Thousand tonnes;2025;Gas;Unconventional;Unconventional gas;Abandoned facilities;0.0
Poland;Thousand tonnes;2025;Gas;Unconventional;Unconventional gas;Fugitive;0.9124666666666666
Poland;Thousand tonnes;2025;Gas;Unconventional;Unconventional gas;Incomplete-flare;0.0
Poland;Thousand tonnes;2025;Gas;Unconventional;Unconventional gas;Vented;2.2778066666666663
Poland;Thousand tonnes;2025;Oil;Conventional;Onshore conventional oil;Abandoned facilities;0.1570292251392394
Poland;Thousand tonnes;2025;Oil;Conventional;Onshore conventional oil;Fugitive;0.4314866666666666
Poland;Thousand tonnes;2025;Oil;Conventional;Onshore conventional oil;Incomplete-flare;0.0077426666666666
Poland;Thousand tonnes;2025;Oil;Conventional;Onshore conventional oil;Vented;1.72595
Poland;Thousand tonnes;2025;Oil;Downstream;Downstream oil;Fugitive;0.61501
Poland;Thousand tonnes;2025;Oil;Downstream;Downstream oil;Vented;2.648776666666667
Poland;Thousand tonnes;2025;Oil;Offshore;Offshore oil;Fugitive;0.2403433333333333
Poland;Thousand tonnes;2025;Oil;Offshore;Offshore oil;Incomplete-flare;0.0043127666666666
Poland;Thousand tonnes;2025;Oil;Offshore;Offshore oil;Vented;0.9613733333333332
Poland;Thousand tonnes;2025;Oil;Unconventional;Unconventional oil;Abandoned facilities;0.0
Poland;Thousand tonnes;2025;Oil;Unconventional;Unconventional oil;Fugitive;0.0
Poland;Thousand tonnes;2025;Oil;Unconventional;Unconventional oil;Incomplete-flare;0.0
Poland;Thousand tonnes;2025;Oil;Unconventional;Unconventional oil;Vented;0.0
Poland;Thousand tonnes;2025;Satellite-detected large emitters;Satellite - downstream;Satellite - downstream;Fugitive;0.0
Poland;Thousand tonnes;2025;Satellite-detected large emitters;Satellite - upstream;Satellite - upstream;Fugitive;0.0
Qatar;Thousand tonnes;2025;Gas;Conventional;Onshore conventional gas;Abandoned facilities;0.6019751043277631
Qatar;Thousand tonnes;2025;Gas;Conventional;Onshore conventional gas;Fugitive;2.215526666666667
Qatar;Thousand tonnes;2025;Gas;Conventional;Onshore conventional gas;Incomplete-flare;0.0
Qatar;Thousand tonnes;2025;Gas;Conventional;Onshore conventional gas;Vented;5.5305
Qatar;Thousand tonnes;2025;Gas;Downstream;Downstream gas;Fugitive;25.819233333333333
Qatar;Thousand tonnes;2025;Gas;Downstream;Downstream gas;Vented;34.696000000000005
Qatar;Thousand tonnes;2025;Gas;Offshore;Offshore gas;Fugitive;156.59266666666664
Qatar;Thousand tonnes;2025;Gas;Offshore;Offshore gas;Incomplete-flare;0.0
Qatar;Thousand tonnes;2025;Gas;Offshore;Offshore gas;Vented;390.8933333333333
Qatar;Thousand tonnes;2025;Gas;Unconventional;Unconventional gas;Abandoned facilities;0.0
Qatar;Thousand tonnes;2025;Gas;Unconventional;Unconventional gas;Fugitive;0.0
Qatar;Thousand tonnes;2025;Gas;Unconventional;Unconventional gas;Incomplete-flare;0.0
Qatar;Thousand tonnes;2025;Gas;Unconventional;Unconventional gas;Vented;0.0
Qatar;Thousand tonnes;2025;Oil;Conventional;Onshore conventional oil;Abandoned facilities;2.908276500510722
Qatar;Thousand tonnes;2025;Oil;Conventional;Onshore conventional oil;Fugitive;18.639
Qatar;Thousand tonnes;2025;Oil;Conventional;Onshore conventional oil;Incomplete-flare;33.577333333333335
Qatar;Thousand tonnes;2025;Oil;Conventional;Onshore conventional oil;Vented;74.556
Qatar;Thousand tonnes;2025;Oil;Downstream;Downstream oil;Fugitive;0.3419666666666667
Qatar;Thousand tonnes;2025;Oil;Downstream;Downstream oil;Vented;1.4773566666666669
Qatar;Thousand tonnes;2025;Oil;Offshore;Offshore oil;Fugitive;62.533
Qatar;Thousand tonnes;2025;Oil;Offshore;Offshore oil;Incomplete-flare;23.42063333333333
Qatar;Thousand tonnes;2025;Oil;Offshore;Offshore oil;Vented;250.13166666666663
Qatar;Thousand tonnes;2025;Oil;Unconventional;Unconventional oil;Abandoned facilities;0.0
Qatar;Thousand tonnes;2025;Oil;Unconventional;Unconventional oil;Fugitive;0.0
Qatar;Thousand tonnes;2025;Oil;Unconventional;Unconventional oil;Incomplete-flare;0.0
Qatar;Thousand tonnes;2025;Oil;Unconventional;Unconventional oil;Vented;0.0
Qatar;Thousand tonnes;2025;Satellite-detected large emitters;Satellite - downstream;Satellite - downstream;Fugitive;0.0
Qatar;Thousand tonnes;2025;Satellite-detected large emitters;Satellite - upstream;Satellite - upstream;Fugitive;0.0
ROE5;Thousand tonnes;2025;Gas;Conventional;Onshore conventional gas;Abandoned facilities;0.125951313485445
ROE5;Thousand tonnes;2025;Gas;Conventional;Onshore conventional gas;Fugitive;0.082033
ROE5;Thousand tonnes;2025;Gas;Conventional;Onshore conventional gas;Incomplete-flare;0.0
ROE5;Thousand tonnes;2025;Gas;Conventional;Onshore conventional gas;Vented;0.2047733333333333
ROE5;Thousand tonnes;2025;Gas;Downstream;Downstream gas;Fugitive;33.480666666666664
ROE5;Thousand tonnes;2025;Gas;Downstream;Downstream gas;Vented;44.987
ROE5;Thousand tonnes;2025;Gas;Offshore;Offshore gas;Fugitive;1.6720066666666669
ROE5;Thousand tonnes;2025;Gas;Offshore;Offshore gas;Incomplete-flare;0.0
ROE5;Thousand tonnes;2025;Gas;Offshore;Offshore gas;Vented;4.1737
ROE5;Thousand tonnes;2025;Gas;Unconventional;Unconventional gas;Abandoned facilities;0.0
ROE5;Thousand tonnes;2025;Gas;Unconventional;Unconventional gas;Fugitive;0.0
ROE5;Thousand tonnes;2025;Gas;Unconventional;Unconventional gas;Incomplete-flare;0.0
ROE5;Thousand tonnes;2025;Gas;Unconventional;Unconventional gas;Vented;0.0
ROE5;Thousand tonnes;2025;Oil;Conventional;Onshore conventional oil;Abandoned facilities;1.855640685722959
ROE5;Thousand tonnes;2025;Oil;Conventional;Onshore conventional oil;Fugitive;4.187633333333333
ROE5;Thousand tonnes;2025;Oil;Conventional;Onshore conventional oil;Incomplete-flare;0.0808453333333333
ROE5;Thousand tonnes;2025;Oil;Conventional;Onshore conventional oil;Vented;16.751166666666666
ROE5;Thousand tonnes;2025;Oil;Downstream;Downstream oil;Fugitive;1.5935566666666667
ROE5;Thousand tonnes;2025;Oil;Downstream;Downstream oil;Vented;6.868766666666667
ROE5;Thousand tonnes;2025;Oil;Offshore;Offshore oil;Fugitive;0.0
ROE5;Thousand tonnes;2025;Oil;Offshore;Offshore oil;Incomplete-flare;0.0
ROE5;Thousand tonnes;2025;Oil;Offshore;Offshore oil;Vented;0.0
ROE5;Thousand tonnes;2025;Oil;Unconventional;Unconventional oil;Abandoned facilities;0.0
ROE5;Thousand tonnes;2025;Oil;Unconventional;Unconventional oil;Fugitive;0.0
ROE5;Thousand tonnes;2025;Oil;Unconventional;Unconventional oil;Incomplete-flare;0.0
ROE5;Thousand tonnes;2025;Oil;Unconventional;Unconventional oil;Vented;0.0
ROE5;Thousand tonnes;2025;Satellite-detected large emitters;Satellite - downstream;Satellite - downstream;Fugitive;0.0
ROE5;Thousand tonnes;2025;Satellite-detected large emitters;Satellite - upstream;Satellite - upstream;Fugitive;0.0
Rest of Caspian;Thousand tonnes;2025;Gas;Conventional;Onshore conventional gas;Abandoned facilities;0.2432832007201171
Rest of Caspian;Thousand tonnes;2025;Gas;Conventional;Onshore conventional gas;Fugitive;0.0495816666666666
Rest of Caspian;Thousand tonnes;2025;Gas;Conventional;Onshore conventional gas;Incomplete-flare;0.0
Rest of Caspian;Thousand tonnes;2025;Gas;Conventional;Onshore conventional gas;Vented;0.123772
Rest of Caspian;Thousand tonnes;2025;Gas;Downstream;Downstream gas;Fugitive;9.291733333333331
Rest of Caspian;Thousand tonnes;2025;Gas;Downstream;Downstream gas;Vented;12.485466666666667
Rest of Caspian;Thousand tonnes;2025;Gas;Offshore;Offshore gas;Fugitive;0.0
Rest of Caspian;Thousand tonnes;2025;Gas;Offshore;Offshore gas;Incomplete-flare;0.0
Rest of Caspian;Thousand tonnes;2025;Gas;Offshore;Offshore gas;Vented;0.0
Rest of Caspian;Thousand tonnes;2025;Gas;Unconventional;Unconventional gas;Abandoned facilities;0.0
Rest of Caspian;Thousand tonnes;2025;Gas;Unconventional;Unconventional gas;Fugitive;0.0
Rest of Caspian;Thousand tonnes;2025;Gas;Unconventional;Unconventional gas;Incomplete-flare;0.0
Rest of Caspian;Thousand tonnes;2025;Gas;Unconventional;Unconventional gas;Vented;0.0
Rest of Caspian;Thousand tonnes;2025;Oil;Conventional;Onshore conventional oil;Abandoned facilities;0.6563111688910199
Rest of Caspian;Thousand tonnes;2025;Oil;Conventional;Onshore conventional oil;Fugitive;0.61916
Rest of Caspian;Thousand tonnes;2025;Oil;Conventional;Onshore conventional oil;Incomplete-flare;0.2888606666666666
Rest of Caspian;Thousand tonnes;2025;Oil;Conventional;Onshore conventional oil;Vented;2.476643333333333
Rest of Caspian;Thousand tonnes;2025;Oil;Downstream;Downstream oil;Fugitive;0.8031433333333333
Rest of Caspian;Thousand tonnes;2025;Oil;Downstream;Downstream oil;Vented;3.4673000000000003
Rest of Caspian;Thousand tonnes;2025;Oil;Offshore;Offshore oil;Fugitive;0.0
Rest of Caspian;Thousand tonnes;2025;Oil;Offshore;Offshore oil;Incomplete-flare;0.0
Rest of Caspian;Thousand tonnes;2025;Oil;Offshore;Offshore oil;Vented;0.0
Rest of Caspian;Thousand tonnes;2025;Oil;Unconventional;Unconventional oil;Abandoned facilities;0.0
Rest of Caspian;Thousand tonnes;2025;Oil;Unconventional;Unconventional oil;Fugitive;0.0
Rest of Caspian;Thousand tonnes;2025;Oil;Unconventional;Unconventional oil;Incomplete-flare;0.0
Rest of Caspian;Thousand tonnes;2025;Oil;Unconventional;Unconventional oil;Vented;0.0
Rest of Caspian;Thousand tonnes;2025;Satellite-detected large emitters;Satellite - downstream;Satellite - downstream;Fugitive;0.0
Rest of Caspian;Thousand tonnes;2025;Satellite-detected large emitters;Satellite - upstream;Satellite - upstream;Fugitive;0.0
Rest of Central and South America A;Thousand tonnes;2025;Gas;Conventional;Onshore conventional gas;Abandoned facilities;0.295223429694695
Rest of Central and South America A;Thousand tonnes;2025;Gas;Conventional;Onshore conventional gas;Fugitive;0.6561666666666667
Rest of Central and South America A;Thousand tonnes;2025;Gas;Conventional;Onshore conventional gas;Incomplete-flare;0.0
Rest of Central and South America A;Thousand tonnes;2025;Gas;Conventional;Onshore conventional gas;Vented;1.6379533333333332
Rest of Central and South America A;Thousand tonnes;2025;Gas;Downstream;Downstream gas;Fugitive;13.147966666666669
Rest of Central and South America A;Thousand tonnes;2025;Gas;Downstream;Downstream gas;Vented;17.666600000000003
Rest of Central and South America A;Thousand tonnes;2025;Gas;Offshore;Offshore gas;Fugitive;0.5501533333333334
Rest of Central and South America A;Thousand tonnes;2025;Gas;Offshore;Offshore gas;Incomplete-flare;0.0
Rest of Central and South America A;Thousand tonnes;2025;Gas;Offshore;Offshore gas;Vented;1.3733166666666667
Rest of Central and South America A;Thousand tonnes;2025;Gas;Unconventional;Unconventional gas;Abandoned facilities;0.0
Rest of Central and South America A;Thousand tonnes;2025;Gas;Unconventional;Unconventional gas;Fugitive;0.0
Rest of Central and South America A;Thousand tonnes;2025;Gas;Unconventional;Unconventional gas;Incomplete-flare;0.0
Rest of Central and South America A;Thousand tonnes;2025;Gas;Unconventional;Unconventional gas;Vented;0.0
Rest of Central and South America A;Thousand tonnes;2025;Oil;Conventional;Onshore conventional oil;Abandoned facilities;0.2099327169237099
Rest of Central and South America A;Thousand tonnes;2025;Oil;Conventional;Onshore conventional oil;Fugitive;0.52581
Rest of Central and South America A;Thousand tonnes;2025;Oil;Conventional;Onshore conventional oil;Incomplete-flare;0.0109983333333333
Rest of Central and South America A;Thousand tonnes;2025;Oil;Conventional;Onshore conventional oil;Vented;2.10314
Rest of Central and South America A;Thousand tonnes;2025;Oil;Downstream;Downstream oil;Fugitive;0.58547
Rest of Central and South America A;Thousand tonnes;2025;Oil;Downstream;Downstream oil;Vented;2.5258266666666667
Rest of Central and South America A;Thousand tonnes;2025;Oil;Offshore;Offshore oil;Fugitive;0.0183819333333333
Rest of Central and South America A;Thousand tonnes;2025;Oil;Offshore;Offshore oil;Incomplete-flare;0.0006484233333333
Rest of Central and South America A;Thousand tonnes;2025;Oil;Offshore;Offshore oil;Vented;0.0735246666666666
Rest of Central and South America A;Thousand tonnes;2025;Oil;Unconventional;Unconventional oil;Abandoned facilities;0.0
Rest of Central and South America A;Thousand tonnes;2025;Oil;Unconventional;Unconventional oil;Fugitive;0.0
Rest of Central and South America A;Thousand tonnes;2025;Oil;Unconventional;Unconventional oil;Incomplete-flare;0.0
Rest of Central and South America A;Thousand tonnes;2025;Oil;Unconventional;Unconventional oil;Vented;0.0
Rest of Central and South America A;Thousand tonnes;2025;Satellite-detected large emitters;Satellite - downstream;Satellite - downstream;Fugitive;0.0
Rest of Central and South America A;Thousand tonnes;2025;Satellite-detected large emitters;Satellite - upstream;Satellite - upstream;Fugitive;0.0
Rest of Central and South America B;Thousand tonnes;2025;Gas;Conventional;Onshore conventional gas;Abandoned facilities;0.0061482532756131
Rest of Central and South America B;Thousand tonnes;2025;Gas;Conventional;Onshore conventional gas;Fugitive;0.0220284666666666
Rest of Central and South America B;Thousand tonnes;2025;Gas;Conventional;Onshore conventional gas;Incomplete-flare;0.0
Rest of Central and South America B;Thousand tonnes;2025;Gas;Conventional;Onshore conventional gas;Vented;0.054991
Rest of Central and South America B;Thousand tonnes;2025;Gas;Downstream;Downstream gas;Fugitive;4.563266666666666
Rest of Central and South America B;Thousand tonnes;2025;Gas;Downstream;Downstream gas;Vented;6.1318
Rest of Central and South America B;Thousand tonnes;2025;Gas;Offshore;Offshore gas;Fugitive;0.0
Rest of Central and South America B;Thousand tonnes;2025;Gas;Offshore;Offshore gas;Incomplete-flare;0.0
Rest of Central and South America B;Thousand tonnes;2025;Gas;Offshore;Offshore gas;Vented;0.0
Rest of Central and South America B;Thousand tonnes;2025;Gas;Unconventional;Unconventional gas;Abandoned facilities;0.0
Rest of Central and South America B;Thousand tonnes;2025;Gas;Unconventional;Unconventional gas;Fugitive;0.0
Rest of Central and South America B;Thousand tonnes;2025;Gas;Unconventional;Unconventional gas;Incomplete-flare;0.0
Rest of Central and South America B;Thousand tonnes;2025;Gas;Unconventional;Unconventional gas;Vented;0.0
Rest of Central and South America B;Thousand tonnes;2025;Oil;Conventional;Onshore conventional oil;Abandoned facilities;0.2146195971578168
Rest of Central and South America B;Thousand tonnes;2025;Oil;Conventional;Onshore conventional oil;Fugitive;1.7454633333333334
Rest of Central and South America B;Thousand tonnes;2025;Oil;Conventional;Onshore conventional oil;Incomplete-flare;2.3562000000000003
Rest of Central and South America B;Thousand tonnes;2025;Oil;Conventional;Onshore conventional oil;Vented;6.981933333333333
Rest of Central and South America B;Thousand tonnes;2025;Oil;Downstream;Downstream oil;Fugitive;1.21941
Rest of Central and South America B;Thousand tonnes;2025;Oil;Downstream;Downstream oil;Vented;5.2572
Rest of Central and South America B;Thousand tonnes;2025;Oil;Offshore;Offshore oil;Fugitive;0.0
Rest of Central and South America B;Thousand tonnes;2025;Oil;Offshore;Offshore oil;Incomplete-flare;0.0
Rest of Central and South America B;Thousand tonnes;2025;Oil;Offshore;Offshore oil;Vented;0.0
Rest of Central and South America B;Thousand tonnes;2025;Oil;Unconventional;Unconventional oil;Abandoned facilities;0.0
Rest of Central and South America B;Thousand tonnes;2025;Oil;Unconventional;Unconventional oil;Fugitive;0.0
Rest of Central and South America B;Thousand tonnes;2025;Oil;Unconventional;Unconventional oil;Incomplete-flare;0.0
Rest of Central and South America B;Thousand tonnes;2025;Oil;Unconventional;Unconventional oil;Vented;0.0
Rest of Central and South America B;Thousand tonnes;2025;Satellite-detected large emitters;Satellite - downstream;Satellite - downstream;Fugitive;0.0
Rest of Central and South America B;Thousand tonnes;2025;Satellite-detected large emitters;Satellite - upstream;Satellite - upstream;Fugitive;0.0
Rest of Eastern Africa Power Pool;Thousand tonnes;2025;Gas;Conventional;Onshore conventional gas;Abandoned facilities;0.0
Rest of Eastern Africa Power Pool;Thousand tonnes;2025;Gas;Conventional;Onshore conventional gas;Fugitive;0.0
Rest of Eastern Africa Power Pool;Thousand tonnes;2025;Gas;Conventional;Onshore conventional gas;Incomplete-flare;0.0
Rest of Eastern Africa Power Pool;Thousand tonnes;2025;Gas;Conventional;Onshore conventional gas;Vented;0.0
Rest of Eastern Africa Power Pool;Thousand tonnes;2025;Gas;Downstream;Downstream gas;Fugitive;0.0
Rest of Eastern Africa Power Pool;Thousand tonnes;2025;Gas;Downstream;Downstream gas;Vented;0.0
Rest of Eastern Africa Power Pool;Thousand tonnes;2025;Gas;Offshore;Offshore gas;Fugitive;0.0
Rest of Eastern Africa Power Pool;Thousand tonnes;2025;Gas;Offshore;Offshore gas;Incomplete-flare;0.0
Rest of Eastern Africa Power Pool;Thousand tonnes;2025;Gas;Offshore;Offshore gas;Vented;0.0
Rest of Eastern Africa Power Pool;Thousand tonnes;2025;Gas;Unconventional;Unconventional gas;Abandoned facilities;0.0
Rest of Eastern Africa Power Pool;Thousand tonnes;2025;Gas;Unconventional;Unconventional gas;Fugitive;0.0
Rest of Eastern Africa Power Pool;Thousand tonnes;2025;Gas;Unconventional;Unconventional gas;Incomplete-flare;0.0
Rest of Eastern Africa Power Pool;Thousand tonnes;2025;Gas;Unconventional;Unconventional gas;Vented;0.0
Rest of Eastern Africa Power Pool;Thousand tonnes;2025;Oil;Conventional;Onshore conventional oil;Abandoned facilities;0.0
Rest of Eastern Africa Power Pool;Thousand tonnes;2025;Oil;Conventional;Onshore conventional oil;Fugitive;0.0
Rest of Eastern Africa Power Pool;Thousand tonnes;2025;Oil;Conventional;Onshore conventional oil;Incomplete-flare;0.0
Rest of Eastern Africa Power Pool;Thousand tonnes;2025;Oil;Conventional;Onshore conventional oil;Vented;0.0
Rest of Eastern Africa Power Pool;Thousand tonnes;2025;Oil;Downstream;Downstream oil;Fugitive;0.53111
Rest of Eastern Africa Power Pool;Thousand tonnes;2025;Oil;Downstream;Downstream oil;Vented;2.29107
Rest of Eastern Africa Power Pool;Thousand tonnes;2025;Oil;Offshore;Offshore oil;Fugitive;0.0
Rest of Eastern Africa Power Pool;Thousand tonnes;2025;Oil;Offshore;Offshore oil;Incomplete-flare;0.0
Rest of Eastern Africa Power Pool;Thousand tonnes;2025;Oil;Offshore;Offshore oil;Vented;0.0
Rest of Eastern Africa Power Pool;Thousand tonnes;2025;Oil;Unconventional;Unconventional oil;Abandoned facilities;0.0
Rest of Eastern Africa Power Pool;Thousand tonnes;2025;Oil;Unconventional;Unconventional oil;Fugitive;0.0
Rest of Eastern Africa Power Pool;Thousand tonnes;2025;Oil;Unconventional;Unconventional oil;Incomplete-flare;0.0
Rest of Eastern Africa Power Pool;Thousand tonnes;2025;Oil;Unconventional;Unconventional oil;Vented;0.0
Rest of Eastern Africa Power Pool;Thousand tonnes;2025;Satellite-detected large emitters;Satellite - downstream;Satellite - downstream;Fugitive;0.0
Rest of Eastern Africa Power Pool;Thousand tonnes;2025;Satellite-detected large emitters;Satellite - upstream;Satellite - upstream;Fugitive;0.0
Rest of European Union B;Thousand tonnes;2025;Gas;Conventional;Onshore conventional gas;Abandoned facilities;3.6494729643389103
Rest of European Union B;Thousand tonnes;2025;Gas;Conventional;Onshore conventional gas;Fugitive;1.6204366666666667
Rest of European Union B;Thousand tonnes;2025;Gas;Conventional;Onshore conventional gas;Incomplete-flare;0.0
Rest of European Union B;Thousand tonnes;2025;Gas;Conventional;Onshore conventional gas;Vented;4.045233333333333
Rest of European Union B;Thousand tonnes;2025;Gas;Downstream;Downstream gas;Fugitive;46.89833333333333
Rest of European Union B;Thousand tonnes;2025;Gas;Downstream;Downstream gas;Vented;63.013000000000005
Rest of European Union B;Thousand tonnes;2025;Gas;Offshore;Offshore gas;Fugitive;0.6145633333333334
Rest of European Union B;Thousand tonnes;2025;Gas;Offshore;Offshore gas;Incomplete-flare;0.0
Rest of European Union B;Thousand tonnes;2025;Gas;Offshore;Offshore gas;Vented;1.53418
Rest of European Union B;Thousand tonnes;2025;Gas;Unconventional;Unconventional gas;Abandoned facilities;0.0
Rest of European Union B;Thousand tonnes;2025;Gas;Unconventional;Unconventional gas;Fugitive;0.34275
Rest of European Union B;Thousand tonnes;2025;Gas;Unconventional;Unconventional gas;Incomplete-flare;0.0
Rest of European Union B;Thousand tonnes;2025;Gas;Unconventional;Unconventional gas;Vented;0.85559
Rest of European Union B;Thousand tonnes;2025;Oil;Conventional;Onshore conventional oil;Abandoned facilities;1.6883225708622958
Rest of European Union B;Thousand tonnes;2025;Oil;Conventional;Onshore conventional oil;Fugitive;1.4773066666666668
Rest of European Union B;Thousand tonnes;2025;Oil;Conventional;Onshore conventional oil;Incomplete-flare;0.9340666666666666
Rest of European Union B;Thousand tonnes;2025;Oil;Conventional;Onshore conventional oil;Vented;5.9088666666666665
Rest of European Union B;Thousand tonnes;2025;Oil;Downstream;Downstream oil;Fugitive;2.6948
Rest of European Union B;Thousand tonnes;2025;Oil;Downstream;Downstream oil;Vented;11.610933333333332
Rest of European Union B;Thousand tonnes;2025;Oil;Offshore;Offshore oil;Fugitive;0.097826
Rest of European Union B;Thousand tonnes;2025;Oil;Offshore;Offshore oil;Incomplete-flare;0.0663733333333333
Rest of European Union B;Thousand tonnes;2025;Oil;Offshore;Offshore oil;Vented;0.39128
Rest of European Union B;Thousand tonnes;2025;Oil;Unconventional;Unconventional oil;Abandoned facilities;0.0
Rest of European Union B;Thousand tonnes;2025;Oil;Unconventional;Unconventional oil;Fugitive;0.0
Rest of European Union B;Thousand tonnes;2025;Oil;Unconventional;Unconventional oil;Incomplete-flare;0.0
Rest of European Union B;Thousand tonnes;2025;Oil;Unconventional;Unconventional oil;Vented;0.0
Rest of European Union B;Thousand tonnes;2025;Satellite-detected large emitters;Satellite - downstream;Satellite - downstream;Fugitive;0.0
Rest of European Union B;Thousand tonnes;2025;Satellite-detected large emitters;Satellite - upstream;Satellite - upstream;Fugitive;0.0
Rest of European Union C;Thousand tonnes;2025;Gas;Conventional;Onshore conventional gas;Abandoned facilities;0.4856967865299512
Rest of European Union C;Thousand tonnes;2025;Gas;Conventional;Onshore conventional gas;Fugitive;0.4868699999999999
Rest of European Union C;Thousand tonnes;2025;Gas;Conventional;Onshore conventional gas;Incomplete-flare;0.0
Rest of European Union C;Thousand tonnes;2025;Gas;Conventional;Onshore conventional gas;Vented;1.2154266666666669
Rest of European Union C;Thousand tonnes;2025;Gas;Downstream;Downstream gas;Fugitive;5.031266666666666
Rest of European Union C;Thousand tonnes;2025;Gas;Downstream;Downstream gas;Vented;6.760800000000001
Rest of European Union C;Thousand tonnes;2025;Gas;Offshore;Offshore gas;Fugitive;0.1519443333333333
Rest of European Union C;Thousand tonnes;2025;Gas;Offshore;Offshore gas;Incomplete-flare;0.0
Rest of European Union C;Thousand tonnes;2025;Gas;Offshore;Offshore gas;Vented;0.3793166666666667
Rest of European Union C;Thousand tonnes;2025;Gas;Unconventional;Unconventional gas;Abandoned facilities;0.0
Rest of European Union C;Thousand tonnes;2025;Gas;Unconventional;Unconventional gas;Fugitive;0.0
Rest of European Union C;Thousand tonnes;2025;Gas;Unconventional;Unconventional gas;Incomplete-flare;0.0
Rest of European Union C;Thousand tonnes;2025;Gas;Unconventional;Unconventional gas;Vented;0.0
Rest of European Union C;Thousand tonnes;2025;Oil;Conventional;Onshore conventional oil;Abandoned facilities;0.8832918795300952
Rest of European Union C;Thousand tonnes;2025;Oil;Conventional;Onshore conventional oil;Fugitive;0.53526
Rest of European Union C;Thousand tonnes;2025;Oil;Conventional;Onshore conventional oil;Incomplete-flare;0.093675
Rest of European Union C;Thousand tonnes;2025;Oil;Conventional;Onshore conventional oil;Vented;2.1411
Rest of European Union C;Thousand tonnes;2025;Oil;Downstream;Downstream oil;Fugitive;0.3519333333333333
Rest of European Union C;Thousand tonnes;2025;Oil;Downstream;Downstream oil;Vented;1.5199066666666667
Rest of European Union C;Thousand tonnes;2025;Oil;Offshore;Offshore oil;Fugitive;0.0
Rest of European Union C;Thousand tonnes;2025;Oil;Offshore;Offshore oil;Incomplete-flare;0.0
Rest of European Union C;Thousand tonnes;2025;Oil;Offshore;Offshore oil;Vented;0.0
Rest of European Union C;Thousand tonnes;2025;Oil;Unconventional;Unconventional oil;Abandoned facilities;0.0
Rest of European Union C;Thousand tonnes;2025;Oil;Unconventional;Unconventional oil;Fugitive;0.0
Rest of European Union C;Thousand tonnes;2025;Oil;Unconventional;Unconventional oil;Incomplete-flare;0.0
Rest of European Union C;Thousand tonnes;2025;Oil;Unconventional;Unconventional oil;Vented;0.0
Rest of European Union C;Thousand tonnes;2025;Satellite-detected large emitters;Satellite - downstream;Satellite - downstream;Fugitive;0.0
Rest of European Union C;Thousand tonnes;2025;Satellite-detected large emitters;Satellite - upstream;Satellite - upstream;Fugitive;0.0
Rest of Other Asia;Thousand tonnes;2025;Gas;Conventional;Onshore conventional gas;Abandoned facilities;4.693814133845376
Rest of Other Asia;Thousand tonnes;2025;Gas;Conventional;Onshore conventional gas;Fugitive;11.9265
Rest of Other Asia;Thousand tonnes;2025;Gas;Conventional;Onshore conventional gas;Incomplete-flare;0.0
Rest of Other Asia;Thousand tonnes;2025;Gas;Conventional;Onshore conventional gas;Vented;29.773866666666667
Rest of Other Asia;Thousand tonnes;2025;Gas;Downstream;Downstream gas;Fugitive;26.78383333333333
Rest of Other Asia;Thousand tonnes;2025;Gas;Downstream;Downstream gas;Vented;35.986999999999995
Rest of Other Asia;Thousand tonnes;2025;Gas;Offshore;Offshore gas;Fugitive;0.0550526666666666
Rest of Other Asia;Thousand tonnes;2025;Gas;Offshore;Offshore gas;Incomplete-flare;0.0
Rest of Other Asia;Thousand tonnes;2025;Gas;Offshore;Offshore gas;Vented;0.1374356666666666
Rest of Other Asia;Thousand tonnes;2025;Gas;Unconventional;Unconventional gas;Abandoned facilities;0.0
Rest of Other Asia;Thousand tonnes;2025;Gas;Unconventional;Unconventional gas;Fugitive;0.0
Rest of Other Asia;Thousand tonnes;2025;Gas;Unconventional;Unconventional gas;Incomplete-flare;0.0
Rest of Other Asia;Thousand tonnes;2025;Gas;Unconventional;Unconventional gas;Vented;0.0
Rest of Other Asia;Thousand tonnes;2025;Oil;Conventional;Onshore conventional oil;Abandoned facilities;2.3868996734632275
Rest of Other Asia;Thousand tonnes;2025;Oil;Conventional;Onshore conventional oil;Fugitive;3.310153333333333
Rest of Other Asia;Thousand tonnes;2025;Oil;Conventional;Onshore conventional oil;Incomplete-flare;3.4537
Rest of Other Asia;Thousand tonnes;2025;Oil;Conventional;Onshore conventional oil;Vented;13.240833333333336
Rest of Other Asia;Thousand tonnes;2025;Oil;Downstream;Downstream oil;Fugitive;1.8106533333333332
Rest of Other Asia;Thousand tonnes;2025;Oil;Downstream;Downstream oil;Vented;7.823266666666667
Rest of Other Asia;Thousand tonnes;2025;Oil;Offshore;Offshore oil;Fugitive;0.0471096666666666
Rest of Other Asia;Thousand tonnes;2025;Oil;Offshore;Offshore oil;Incomplete-flare;0.0
Rest of Other Asia;Thousand tonnes;2025;Oil;Offshore;Offshore oil;Vented;0.1884413333333333
Rest of Other Asia;Thousand tonnes;2025;Oil;Unconventional;Unconventional oil;Abandoned facilities;0.0
Rest of Other Asia;Thousand tonnes;2025;Oil;Unconventional;Unconventional oil;Fugitive;0.0
Rest of Other Asia;Thousand tonnes;2025;Oil;Unconventional;Unconventional oil;Incomplete-flare;0.0
Rest of Other Asia;Thousand tonnes;2025;Oil;Unconventional;Unconventional oil;Vented;0.0
Rest of Other Asia;Thousand tonnes;2025;Satellite-detected large emitters;Satellite - downstream;Satellite - downstream;Fugitive;0.0
Rest of Other Asia;Thousand tonnes;2025;Satellite-detected large emitters;Satellite - upstream;Satellite - upstream;Fugitive;0.0
Rest of Other Europe B;Thousand tonnes;2025;Gas;Conventional;Onshore conventional gas;Abandoned facilities;1.4902586142256358
Rest of Other Europe B;Thousand tonnes;2025;Gas;Conventional;Onshore conventional gas;Fugitive;1.3164066666666665
Rest of Other Europe B;Thousand tonnes;2025;Gas;Conventional;Onshore conventional gas;Incomplete-flare;0.0
Rest of Other Europe B;Thousand tonnes;2025;Gas;Conventional;Onshore conventional gas;Vented;3.2862033333333334
Rest of Other Europe B;Thousand tonnes;2025;Gas;Downstream;Downstream gas;Fugitive;43.48266666666667
Rest of Other Europe B;Thousand tonnes;2025;Gas;Downstream;Downstream gas;Vented;58.42666666666666
Rest of Other Europe B;Thousand tonnes;2025;Gas;Offshore;Offshore gas;Fugitive;0.0
Rest of Other Europe B;Thousand tonnes;2025;Gas;Offshore;Offshore gas;Incomplete-flare;0.0
Rest of Other Europe B;Thousand tonnes;2025;Gas;Offshore;Offshore gas;Vented;0.0
Rest of Other Europe B;Thousand tonnes;2025;Gas;Unconventional;Unconventional gas;Abandoned facilities;0.0
Rest of Other Europe B;Thousand tonnes;2025;Gas;Unconventional;Unconventional gas;Fugitive;0.0
Rest of Other Europe B;Thousand tonnes;2025;Gas;Unconventional;Unconventional gas;Incomplete-flare;0.0
Rest of Other Europe B;Thousand tonnes;2025;Gas;Unconventional;Unconventional gas;Vented;0.0
Rest of Other Europe B;Thousand tonnes;2025;Oil;Conventional;Onshore conventional oil;Abandoned facilities;5.092503507712708
Rest of Other Europe B;Thousand tonnes;2025;Oil;Conventional;Onshore conventional oil;Fugitive;7.5558
Rest of Other Europe B;Thousand tonnes;2025;Oil;Conventional;Onshore conventional oil;Incomplete-flare;0.4028166666666666
Rest of Other Europe B;Thousand tonnes;2025;Oil;Conventional;Onshore conventional oil;Vented;30.2227
Rest of Other Europe B;Thousand tonnes;2025;Oil;Downstream;Downstream oil;Fugitive;2.0429133333333334
Rest of Other Europe B;Thousand tonnes;2025;Oil;Downstream;Downstream oil;Vented;8.823466666666667
Rest of Other Europe B;Thousand tonnes;2025;Oil;Offshore;Offshore oil;Fugitive;0.0
Rest of Other Europe B;Thousand tonnes;2025;Oil;Offshore;Offshore oil;Incomplete-flare;0.0
Rest of Other Europe B;Thousand tonnes;2025;Oil;Offshore;Offshore oil;Vented;0.0
Rest of Other Europe B;Thousand tonnes;2025;Oil;Unconventional;Unconventional oil;Abandoned facilities;0.0
Rest of Other Europe B;Thousand tonnes;2025;Oil;Unconventional;Unconventional oil;Fugitive;0.0
Rest of Other Europe B;Thousand tonnes;2025;Oil;Unconventional;Unconventional oil;Incomplete-flare;0.0
Rest of Other Europe B;Thousand tonnes;2025;Oil;Unconventional;Unconventional oil;Vented;0.0
Rest of Other Europe B;Thousand tonnes;2025;Satellite-detected large emitters;Satellite - downstream;Satellite - downstream;Fugitive;0.0
Rest of Other Europe B;Thousand tonnes;2025;Satellite-detected large emitters;Satellite - upstream;Satellite - upstream;Fugitive;0.0
Rest of Other Southeast Asia;Thousand tonnes;2025;Gas;Conventional;Onshore conventional gas;Abandoned facilities;3.0190356424208904
Rest of Other Southeast Asia;Thousand tonnes;2025;Gas;Conventional;Onshore conventional gas;Fugitive;0.51388
Rest of Other Southeast Asia;Thousand tonnes;2025;Gas;Conventional;Onshore conventional gas;Incomplete-flare;0.0
Rest of Other Southeast Asia;Thousand tonnes;2025;Gas;Conventional;Onshore conventional gas;Vented;1.28282
Rest of Other Southeast Asia;Thousand tonnes;2025;Gas;Downstream;Downstream gas;Fugitive;17.783866666666665
Rest of Other Southeast Asia;Thousand tonnes;2025;Gas;Downstream;Downstream gas;Vented;23.89613333333333
Rest of Other Southeast Asia;Thousand tonnes;2025;Gas;Offshore;Offshore gas;Fugitive;16.664166666666667
Rest of Other Southeast Asia;Thousand tonnes;2025;Gas;Offshore;Offshore gas;Incomplete-flare;0.0
Rest of Other Southeast Asia;Thousand tonnes;2025;Gas;Offshore;Offshore gas;Vented;41.59933333333333
Rest of Other Southeast Asia;Thousand tonnes;2025;Gas;Unconventional;Unconventional gas;Abandoned facilities;0.0
Rest of Other Southeast Asia;Thousand tonnes;2025;Gas;Unconventional;Unconventional gas;Fugitive;0.0
Rest of Other Southeast Asia;Thousand tonnes;2025;Gas;Unconventional;Unconventional gas;Incomplete-flare;0.0
Rest of Other Southeast Asia;Thousand tonnes;2025;Gas;Unconventional;Unconventional gas;Vented;0.0
Rest of Other Southeast Asia;Thousand tonnes;2025;Oil;Conventional;Onshore conventional oil;Abandoned facilities;1.741841055298107
Rest of Other Southeast Asia;Thousand tonnes;2025;Oil;Conventional;Onshore conventional oil;Fugitive;0.6329633333333333
Rest of Other Southeast Asia;Thousand tonnes;2025;Oil;Conventional;Onshore conventional oil;Incomplete-flare;0.3150326666666666
Rest of Other Southeast Asia;Thousand tonnes;2025;Oil;Conventional;Onshore conventional oil;Vented;2.53188
Rest of Other Southeast Asia;Thousand tonnes;2025;Oil;Downstream;Downstream oil;Fugitive;2.7415000000000003
Rest of Other Southeast Asia;Thousand tonnes;2025;Oil;Downstream;Downstream oil;Vented;11.8274
Rest of Other Southeast Asia;Thousand tonnes;2025;Oil;Offshore;Offshore oil;Fugitive;0.0
Rest of Other Southeast Asia;Thousand tonnes;2025;Oil;Offshore;Offshore oil;Incomplete-flare;0.0
Rest of Other Southeast Asia;Thousand tonnes;2025;Oil;Offshore;Offshore oil;Vented;0.0
Rest of Other Southeast Asia;Thousand tonnes;2025;Oil;Unconventional;Unconventional oil;Abandoned facilities;0.0
Rest of Other Southeast Asia;Thousand tonnes;2025;Oil;Unconventional;Unconventional oil;Fugitive;0.0
Rest of Other Southeast Asia;Thousand tonnes;2025;Oil;Unconventional;Unconventional oil;Incomplete-flare;0.0
Rest of Other Southeast Asia;Thousand tonnes;2025;Oil;Unconventional;Unconventional oil;Vented;0.0
Rest of Other Southeast Asia;Thousand tonnes;2025;Satellite-detected large emitters;Satellite - downstream;Satellite - downstream;Fugitive;0.0
Rest of Other Southeast Asia;Thousand tonnes;2025;Satellite-detected large emitters;Satellite - upstream;Satellite - upstream;Fugitive;0.0
Rest of Southern African Power Pool;Thousand tonnes;2025;Gas;Conventional;Onshore conventional gas;Abandoned facilities;0.0
Rest of Southern African Power Pool;Thousand tonnes;2025;Gas;Conventional;Onshore conventional gas;Fugitive;0.0
Rest of Southern African Power Pool;Thousand tonnes;2025;Gas;Conventional;Onshore conventional gas;Incomplete-flare;0.0
Rest of Southern African Power Pool;Thousand tonnes;2025;Gas;Conventional;Onshore conventional gas;Vented;0.0
Rest of Southern African Power Pool;Thousand tonnes;2025;Gas;Downstream;Downstream gas;Fugitive;0.0
Rest of Southern African Power Pool;Thousand tonnes;2025;Gas;Downstream;Downstream gas;Vented;0.0
Rest of Southern African Power Pool;Thousand tonnes;2025;Gas;Offshore;Offshore gas;Fugitive;0.0
Rest of Southern African Power Pool;Thousand tonnes;2025;Gas;Offshore;Offshore gas;Incomplete-flare;0.0
Rest of Southern African Power Pool;Thousand tonnes;2025;Gas;Offshore;Offshore gas;Vented;0.0
Rest of Southern African Power Pool;Thousand tonnes;2025;Gas;Unconventional;Unconventional gas;Abandoned facilities;0.0
Rest of Southern African Power Pool;Thousand tonnes;2025;Gas;Unconventional;Unconventional gas;Fugitive;0.0
Rest of Southern African Power Pool;Thousand tonnes;2025;Gas;Unconventional;Unconventional gas;Incomplete-flare;0.0
Rest of Southern African Power Pool;Thousand tonnes;2025;Gas;Unconventional;Unconventional gas;Vented;0.0
Rest of Southern African Power Pool;Thousand tonnes;2025;Oil;Conventional;Onshore conventional oil;Abandoned facilities;0.0
Rest of Southern African Power Pool;Thousand tonnes;2025;Oil;Conventional;Onshore conventional oil;Fugitive;0.0
Rest of Southern African Power Pool;Thousand tonnes;2025;Oil;Conventional;Onshore conventional oil;Incomplete-flare;0.0
Rest of Southern African Power Pool;Thousand tonnes;2025;Oil;Conventional;Onshore conventional oil;Vented;0.0
Rest of Southern African Power Pool;Thousand tonnes;2025;Oil;Downstream;Downstream oil;Fugitive;0.198237
Rest of Southern African Power Pool;Thousand tonnes;2025;Oil;Downstream;Downstream oil;Vented;0.85634
Rest of Southern African Power Pool;Thousand tonnes;2025;Oil;Offshore;Offshore oil;Fugitive;0.0
Rest of Southern African Power Pool;Thousand tonnes;2025;Oil;Offshore;Offshore oil;Incomplete-flare;0.0
Rest of Southern African Power Pool;Thousand tonnes;2025;Oil;Offshore;Offshore oil;Vented;0.0
Rest of Southern African Power Pool;Thousand tonnes;2025;Oil;Unconventional;Unconventional oil;Abandoned facilities;0.0
Rest of Southern African Power Pool;Thousand tonnes;2025;Oil;Unconventional;Unconventional oil;Fugitive;0.0
Rest of Southern African Power Pool;Thousand tonnes;2025;Oil;Unconventional;Unconventional oil;Incomplete-flare;0.0
Rest of Southern African Power Pool;Thousand tonnes;2025;Oil;Unconventional;Unconventional oil;Vented;0.0
Rest of Southern African Power Pool;Thousand tonnes;2025;Satellite-detected large emitters;Satellite - downstream;Satellite - downstream;Fugitive;0.0
Rest of Southern African Power Pool;Thousand tonnes;2025;Satellite-detected large emitters;Satellite - upstream;Satellite - upstream;Fugitive;0.0
Rest of West African Power Pool;Thousand tonnes;2025;Gas;Conventional;Onshore conventional gas;Abandoned facilities;0.0
Rest of West African Power Pool;Thousand tonnes;2025;Gas;Conventional;Onshore conventional gas;Fugitive;0.0
Rest of West African Power Pool;Thousand tonnes;2025;Gas;Conventional;Onshore conventional gas;Incomplete-flare;0.0
Rest of West African Power Pool;Thousand tonnes;2025;Gas;Conventional;Onshore conventional gas;Vented;0.0
Rest of West African Power Pool;Thousand tonnes;2025;Gas;Downstream;Downstream gas;Fugitive;0.0
Rest of West African Power Pool;Thousand tonnes;2025;Gas;Downstream;Downstream gas;Vented;0.0
Rest of West African Power Pool;Thousand tonnes;2025;Gas;Offshore;Offshore gas;Fugitive;0.0
Rest of West African Power Pool;Thousand tonnes;2025;Gas;Offshore;Offshore gas;Incomplete-flare;0.0
Rest of West African Power Pool;Thousand tonnes;2025;Gas;Offshore;Offshore gas;Vented;0.0
Rest of West African Power Pool;Thousand tonnes;2025;Gas;Unconventional;Unconventional gas;Abandoned facilities;0.0
Rest of West African Power Pool;Thousand tonnes;2025;Gas;Unconventional;Unconventional gas;Fugitive;0.0
Rest of West African Power Pool;Thousand tonnes;2025;Gas;Unconventional;Unconventional gas;Incomplete-flare;0.0
Rest of West African Power Pool;Thousand tonnes;2025;Gas;Unconventional;Unconventional gas;Vented;0.0
Rest of West African Power Pool;Thousand tonnes;2025;Oil;Conventional;Onshore conventional oil;Abandoned facilities;0.0
Rest of West African Power Pool;Thousand tonnes;2025;Oil;Conventional;Onshore conventional oil;Fugitive;0.0
Rest of West African Power Pool;Thousand tonnes;2025;Oil;Conventional;Onshore conventional oil;Incomplete-flare;0.0
Rest of West African Power Pool;Thousand tonnes;2025;Oil;Conventional;Onshore conventional oil;Vented;0.0
Rest of West African Power Pool;Thousand tonnes;2025;Oil;Downstream;Downstream oil;Fugitive;0.0
Rest of West African Power Pool;Thousand tonnes;2025;Oil;Downstream;Downstream oil;Vented;0.0
Rest of West African Power Pool;Thousand tonnes;2025;Oil;Offshore;Offshore oil;Fugitive;0.0
Rest of West African Power Pool;Thousand tonnes;2025;Oil;Offshore;Offshore oil;Incomplete-flare;0.0
Rest of West African Power Pool;Thousand tonnes;2025;Oil;Offshore;Offshore oil;Vented;0.0
Rest of West African Power Pool;Thousand tonnes;2025;Oil;Unconventional;Unconventional oil;Abandoned facilities;0.0
Rest of West African Power Pool;Thousand tonnes;2025;Oil;Unconventional;Unconventional oil;Fugitive;0.0
Rest of West African Power Pool;Thousand tonnes;2025;Oil;Unconventional;Unconventional oil;Incomplete-flare;0.0
Rest of West African Power Pool;Thousand tonnes;2025;Oil;Unconventional;Unconventional oil;Vented;0.0
Rest of West African Power Pool;Thousand tonnes;2025;Satellite-detected large emitters;Satellite - downstream;Satellite - downstream;Fugitive;0.0
Rest of West African Power Pool;Thousand tonnes;2025;Satellite-detected large emitters;Satellite - upstream;Satellite - upstream;Fugitive;0.0
Romania;Thousand tonnes;2025;Gas;Conventional;Onshore conventional gas;Abandoned facilities;41.39354618867154
Romania;Thousand tonnes;2025;Gas;Conventional;Onshore conventional gas;Fugitive;18.31363333333333
Romania;Thousand tonnes;2025;Gas;Conventional;Onshore conventional gas;Incomplete-flare;0.0
Romania;Thousand tonnes;2025;Gas;Conventional;Onshore conventional gas;Vented;45.71633333333333
Romania;Thousand tonnes;2025;Gas;Downstream;Downstream gas;Fugitive;19.607533333333333
Romania;Thousand tonnes;2025;Gas;Downstream;Downstream gas;Vented;26.34623333333333
Romania;Thousand tonnes;2025;Gas;Offshore;Offshore gas;Fugitive;4.1181
Romania;Thousand tonnes;2025;Gas;Offshore;Offshore gas;Incomplete-flare;0.0
Romania;Thousand tonnes;2025;Gas;Offshore;Offshore gas;Vented;10.280033333333334
Romania;Thousand tonnes;2025;Gas;Unconventional;Unconventional gas;Abandoned facilities;0.0
Romania;Thousand tonnes;2025;Gas;Unconventional;Unconventional gas;Fugitive;0.0021851733333333
Romania;Thousand tonnes;2025;Gas;Unconventional;Unconventional gas;Incomplete-flare;0.0
Romania;Thousand tonnes;2025;Gas;Unconventional;Unconventional gas;Vented;0.0054548999999999
Romania;Thousand tonnes;2025;Oil;Conventional;Onshore conventional oil;Abandoned facilities;19.43924067855446
Romania;Thousand tonnes;2025;Oil;Conventional;Onshore conventional oil;Fugitive;6.698533333333333
Romania;Thousand tonnes;2025;Oil;Conventional;Onshore conventional oil;Incomplete-flare;0.4768266666666667
Romania;Thousand tonnes;2025;Oil;Conventional;Onshore conventional oil;Vented;26.79433333333333
Romania;Thousand tonnes;2025;Oil;Downstream;Downstream oil;Fugitive;3.8164666666666665
Romania;Thousand tonnes;2025;Oil;Downstream;Downstream oil;Vented;16.474366666666665
Romania;Thousand tonnes;2025;Oil;Offshore;Offshore oil;Fugitive;1.0314833333333333
Romania;Thousand tonnes;2025;Oil;Offshore;Offshore oil;Incomplete-flare;0.0731326666666666
Romania;Thousand tonnes;2025;Oil;Offshore;Offshore oil;Vented;4.125966666666667
Romania;Thousand tonnes;2025;Oil;Unconventional;Unconventional oil;Abandoned facilities;0.0
Romania;Thousand tonnes;2025;Oil;Unconventional;Unconventional oil;Fugitive;0.0
Romania;Thousand tonnes;2025;Oil;Unconventional;Unconventional oil;Incomplete-flare;0.0
Romania;Thousand tonnes;2025;Oil;Unconventional;Unconventional oil;Vented;0.0
Romania;Thousand tonnes;2025;Satellite-detected large emitters;Satellite - downstream;Satellite - downstream;Fugitive;0.0
Romania;Thousand tonnes;2025;Satellite-detected large emitters;Satellite - upstream;Satellite - upstream;Fugitive;0.0
Russia;Thousand tonnes;2025;Gas;Conventional;Onshore conventional gas;Abandoned facilities;312.44479789142827
Russia;Thousand tonnes;2025;Gas;Conventional;Onshore conventional gas;Fugitive;573.9066666666666
Russia;Thousand tonnes;2025;Gas;Conventional;Onshore conventional gas;Incomplete-flare;0.0
Russia;Thousand tonnes;2025;Gas;Conventional;Onshore conventional gas;Vented;1432.6833333333334
Russia;Thousand tonnes;2025;Gas;Downstream;Downstream gas;Fugitive;367.23
Russia;Thousand tonnes;2025;Gas;Downstream;Downstream gas;Vented;493.4566666666667
Russia;Thousand tonnes;2025;Gas;Offshore;Offshore gas;Fugitive;23.73773333333333
Russia;Thousand tonnes;2025;Gas;Offshore;Offshore gas;Incomplete-flare;0.0
Russia;Thousand tonnes;2025;Gas;Offshore;Offshore gas;Vented;59.25833333333333
Russia;Thousand tonnes;2025;Gas;Unconventional;Unconventional gas;Abandoned facilities;0.0
Russia;Thousand tonnes;2025;Gas;Unconventional;Unconventional gas;Fugitive;71.54733333333334
Russia;Thousand tonnes;2025;Gas;Unconventional;Unconventional gas;Incomplete-flare;0.0
Russia;Thousand tonnes;2025;Gas;Unconventional;Unconventional gas;Vented;178.6
Russia;Thousand tonnes;2025;Oil;Conventional;Onshore conventional oil;Abandoned facilities;216.1840044397056
Russia;Thousand tonnes;2025;Oil;Conventional;Onshore conventional oil;Fugitive;804.0300000000001
Russia;Thousand tonnes;2025;Oil;Conventional;Onshore conventional oil;Incomplete-flare;1481.1533333333332
Russia;Thousand tonnes;2025;Oil;Conventional;Onshore conventional oil;Vented;3216.016666666667
Russia;Thousand tonnes;2025;Oil;Downstream;Downstream oil;Fugitive;8.586733333333333
Russia;Thousand tonnes;2025;Oil;Downstream;Downstream oil;Vented;37.07266666666667
Russia;Thousand tonnes;2025;Oil;Offshore;Offshore oil;Fugitive;33.713
Russia;Thousand tonnes;2025;Oil;Offshore;Offshore oil;Incomplete-flare;58.93733333333333
Russia;Thousand tonnes;2025;Oil;Offshore;Offshore oil;Vented;134.848
Russia;Thousand tonnes;2025;Oil;Unconventional;Unconventional oil;Abandoned facilities;0.0
Russia;Thousand tonnes;2025;Oil;Unconventional;Unconventional oil;Fugitive;0.0
Russia;Thousand tonnes;2025;Oil;Unconventional;Unconventional oil;Incomplete-flare;0.0
Russia;Thousand tonnes;2025;Oil;Unconventional;Unconventional oil;Vented;0.0
Russia;Thousand tonnes;2025;Satellite-detected large emitters;Satellite - downstream;Satellite - downstream;Fugitive;224.1
Russia;Thousand tonnes;2025;Satellite-detected large emitters;Satellite - upstream;Satellite - upstream;Fugitive;96.0
Saudi Arabia;Thousand tonnes;2025;Gas;Conventional;Onshore conventional gas;Abandoned facilities;2.3707185098426447
Saudi Arabia;Thousand tonnes;2025;Gas;Conventional;Onshore conventional gas;Fugitive;21.014966666666663
Saudi Arabia;Thousand tonnes;2025;Gas;Conventional;Onshore conventional gas;Incomplete-flare;0.0
Saudi Arabia;Thousand tonnes;2025;Gas;Conventional;Onshore conventional gas;Vented;52.46133333333333
Saudi Arabia;Thousand tonnes;2025;Gas;Downstream;Downstream gas;Fugitive;33.382
Saudi Arabia;Thousand tonnes;2025;Gas;Downstream;Downstream gas;Vented;44.85633333333333
Saudi Arabia;Thousand tonnes;2025;Gas;Offshore;Offshore gas;Fugitive;17.589433333333332
Saudi Arabia;Thousand tonnes;2025;Gas;Offshore;Offshore gas;Incomplete-flare;0.0
Saudi Arabia;Thousand tonnes;2025;Gas;Offshore;Offshore gas;Vented;43.91
Saudi Arabia;Thousand tonnes;2025;Gas;Unconventional;Unconventional gas;Abandoned facilities;0.0775806864233752
Saudi Arabia;Thousand tonnes;2025;Gas;Unconventional;Unconventional gas;Fugitive;6.763766666666667
Saudi Arabia;Thousand tonnes;2025;Gas;Unconventional;Unconventional gas;Incomplete-flare;0.0
Saudi Arabia;Thousand tonnes;2025;Gas;Unconventional;Unconventional gas;Vented;16.883433333333333
Saudi Arabia;Thousand tonnes;2025;Oil;Conventional;Onshore conventional oil;Abandoned facilities;32.892041415487135
Saudi Arabia;Thousand tonnes;2025;Oil;Conventional;Onshore conventional oil;Fugitive;187.56
Saudi Arabia;Thousand tonnes;2025;Oil;Conventional;Onshore conventional oil;Incomplete-flare;16.2964
Saudi Arabia;Thousand tonnes;2025;Oil;Conventional;Onshore conventional oil;Vented;750.3133333333334
Saudi Arabia;Thousand tonnes;2025;Oil;Downstream;Downstream oil;Fugitive;1.8454866666666667
Saudi Arabia;Thousand tonnes;2025;Oil;Downstream;Downstream oil;Vented;7.986233333333333
Saudi Arabia;Thousand tonnes;2025;Oil;Offshore;Offshore oil;Fugitive;92.381
Saudi Arabia;Thousand tonnes;2025;Oil;Offshore;Offshore oil;Incomplete-flare;7.458866666666666
Saudi Arabia;Thousand tonnes;2025;Oil;Offshore;Offshore oil;Vented;369.56
Saudi Arabia;Thousand tonnes;2025;Oil;Unconventional;Unconventional oil;Abandoned facilities;0.0
Saudi Arabia;Thousand tonnes;2025;Oil;Unconventional;Unconventional oil;Fugitive;0.0
Saudi Arabia;Thousand tonnes;2025;Oil;Unconventional;Unconventional oil;Incomplete-flare;0.0
Saudi Arabia;Thousand tonnes;2025;Oil;Unconventional;Unconventional oil;Vented;0.0
Saudi Arabia;Thousand tonnes;2025;Satellite-detected large emitters;Satellite - downstream;Satellite - downstream;Fugitive;2.4
Saudi Arabia;Thousand tonnes;2025;Satellite-detected large emitters;Satellite - upstream;Satellite - upstream;Fugitive;0.6
Senegal;Thousand tonnes;2025;Gas;Conventional;Onshore conventional gas;Abandoned facilities;0.0
Senegal;Thousand tonnes;2025;Gas;Conventional;Onshore conventional gas;Fugitive;2.391763333333333
Senegal;Thousand tonnes;2025;Gas;Conventional;Onshore conventional gas;Incomplete-flare;0.0
Senegal;Thousand tonnes;2025;Gas;Conventional;Onshore conventional gas;Vented;5.970733333333333
Senegal;Thousand tonnes;2025;Gas;Downstream;Downstream gas;Fugitive;0.0
Senegal;Thousand tonnes;2025;Gas;Downstream;Downstream gas;Vented;0.0
Senegal;Thousand tonnes;2025;Gas;Offshore;Offshore gas;Fugitive;0.0
Senegal;Thousand tonnes;2025;Gas;Offshore;Offshore gas;Incomplete-flare;0.0
Senegal;Thousand tonnes;2025;Gas;Offshore;Offshore gas;Vented;0.0
Senegal;Thousand tonnes;2025;Gas;Unconventional;Unconventional gas;Abandoned facilities;0.0
Senegal;Thousand tonnes;2025;Gas;Unconventional;Unconventional gas;Fugitive;0.0
Senegal;Thousand tonnes;2025;Gas;Unconventional;Unconventional gas;Incomplete-flare;0.0
Senegal;Thousand tonnes;2025;Gas;Unconventional;Unconventional gas;Vented;0.0
Senegal;Thousand tonnes;2025;Oil;Conventional;Onshore conventional oil;Abandoned facilities;0.0
Senegal;Thousand tonnes;2025;Oil;Conventional;Onshore conventional oil;Fugitive;0.0
Senegal;Thousand tonnes;2025;Oil;Conventional;Onshore conventional oil;Incomplete-flare;0.0
Senegal;Thousand tonnes;2025;Oil;Conventional;Onshore conventional oil;Vented;0.0
Senegal;Thousand tonnes;2025;Oil;Downstream;Downstream oil;Fugitive;0.1024453333333333
Senegal;Thousand tonnes;2025;Oil;Downstream;Downstream oil;Vented;0.4430366666666667
Senegal;Thousand tonnes;2025;Oil;Offshore;Offshore oil;Fugitive;6.385866666666667
Senegal;Thousand tonnes;2025;Oil;Offshore;Offshore oil;Incomplete-flare;4.372733333333333
Senegal;Thousand tonnes;2025;Oil;Offshore;Offshore oil;Vented;25.54393333333333
Senegal;Thousand tonnes;2025;Oil;Unconventional;Unconventional oil;Abandoned facilities;0.0
Senegal;Thousand tonnes;2025;Oil;Unconventional;Unconventional oil;Fugitive;0.0
Senegal;Thousand tonnes;2025;Oil;Unconventional;Unconventional oil;Incomplete-flare;0.0
Senegal;Thousand tonnes;2025;Oil;Unconventional;Unconventional oil;Vented;0.0
Senegal;Thousand tonnes;2025;Satellite-detected large emitters;Satellite - downstream;Satellite - downstream;Fugitive;0.0
Senegal;Thousand tonnes;2025;Satellite-detected large emitters;Satellite - upstream;Satellite - upstream;Fugitive;0.0
Seychelles;Thousand tonnes;2025;Gas;Conventional;Onshore conventional gas;Abandoned facilities;0.0
Seychelles;Thousand tonnes;2025;Gas;Conventional;Onshore conventional gas;Fugitive;0.0
Seychelles;Thousand tonnes;2025;Gas;Conventional;Onshore conventional gas;Incomplete-flare;0.0
Seychelles;Thousand tonnes;2025;Gas;Conventional;Onshore conventional gas;Vented;0.0
Seychelles;Thousand tonnes;2025;Gas;Downstream;Downstream gas;Fugitive;0.0
Seychelles;Thousand tonnes;2025;Gas;Downstream;Downstream gas;Vented;0.0
Seychelles;Thousand tonnes;2025;Gas;Offshore;Offshore gas;Fugitive;0.0
Seychelles;Thousand tonnes;2025;Gas;Offshore;Offshore gas;Incomplete-flare;0.0
Seychelles;Thousand tonnes;2025;Gas;Offshore;Offshore gas;Vented;0.0
Seychelles;Thousand tonnes;2025;Gas;Unconventional;Unconventional gas;Abandoned facilities;0.0
Seychelles;Thousand tonnes;2025;Gas;Unconventional;Unconventional gas;Fugitive;0.0
Seychelles;Thousand tonnes;2025;Gas;Unconventional;Unconventional gas;Incomplete-flare;0.0
Seychelles;Thousand tonnes;2025;Gas;Unconventional;Unconventional gas;Vented;0.0
Seychelles;Thousand tonnes;2025;Oil;Conventional;Onshore conventional oil;Abandoned facilities;0.0
Seychelles;Thousand tonnes;2025;Oil;Conventional;Onshore conventional oil;Fugitive;0.0
Seychelles;Thousand tonnes;2025;Oil;Conventional;Onshore conventional oil;Incomplete-flare;0.0
Seychelles;Thousand tonnes;2025;Oil;Conventional;Onshore conventional oil;Vented;0.0
Seychelles;Thousand tonnes;2025;Oil;Downstream;Downstream oil;Fugitive;0.0
Seychelles;Thousand tonnes;2025;Oil;Downstream;Downstream oil;Vented;0.0
Seychelles;Thousand tonnes;2025;Oil;Offshore;Offshore oil;Fugitive;0.0
Seychelles;Thousand tonnes;2025;Oil;Offshore;Offshore oil;Incomplete-flare;0.0
Seychelles;Thousand tonnes;2025;Oil;Offshore;Offshore oil;Vented;0.0
Seychelles;Thousand tonnes;2025;Oil;Unconventional;Unconventional oil;Abandoned facilities;0.0
Seychelles;Thousand tonnes;2025;Oil;Unconventional;Unconventional oil;Fugitive;0.0
Seychelles;Thousand tonnes;2025;Oil;Unconventional;Unconventional oil;Incomplete-flare;0.0
Seychelles;Thousand tonnes;2025;Oil;Unconventional;Unconventional oil;Vented;0.0
Seychelles;Thousand tonnes;2025;Satellite-detected large emitters;Satellite - downstream;Satellite - downstream;Fugitive;0.0
Seychelles;Thousand tonnes;2025;Satellite-detected large emitters;Satellite - upstream;Satellite - upstream;Fugitive;0.0
Sierra Leone;Thousand tonnes;2025;Gas;Conventional;Onshore conventional gas;Abandoned facilities;0.0
Sierra Leone;Thousand tonnes;2025;Gas;Conventional;Onshore conventional gas;Fugitive;0.0
Sierra Leone;Thousand tonnes;2025;Gas;Conventional;Onshore conventional gas;Incomplete-flare;0.0
Sierra Leone;Thousand tonnes;2025;Gas;Conventional;Onshore conventional gas;Vented;0.0
Sierra Leone;Thousand tonnes;2025;Gas;Downstream;Downstream gas;Fugitive;0.0
Sierra Leone;Thousand tonnes;2025;Gas;Downstream;Downstream gas;Vented;0.0
Sierra Leone;Thousand tonnes;2025;Gas;Offshore;Offshore gas;Fugitive;0.0
Sierra Leone;Thousand tonnes;2025;Gas;Offshore;Offshore gas;Incomplete-flare;0.0
Sierra Leone;Thousand tonnes;2025;Gas;Offshore;Offshore gas;Vented;0.0
Sierra Leone;Thousand tonnes;2025;Gas;Unconventional;Unconventional gas;Abandoned facilities;0.0
Sierra Leone;Thousand tonnes;2025;Gas;Unconventional;Unconventional gas;Fugitive;0.0
Sierra Leone;Thousand tonnes;2025;Gas;Unconventional;Unconventional gas;Incomplete-flare;0.0
Sierra Leone;Thousand tonnes;2025;Gas;Unconventional;Unconventional gas;Vented;0.0
Sierra Leone;Thousand tonnes;2025;Oil;Conventional;Onshore conventional oil;Abandoned facilities;0.0
Sierra Leone;Thousand tonnes;2025;Oil;Conventional;Onshore conventional oil;Fugitive;0.0
Sierra Leone;Thousand tonnes;2025;Oil;Conventional;Onshore conventional oil;Incomplete-flare;0.0
Sierra Leone;Thousand tonnes;2025;Oil;Conventional;Onshore conventional oil;Vented;0.0
Sierra Leone;Thousand tonnes;2025;Oil;Downstream;Downstream oil;Fugitive;0.0
Sierra Leone;Thousand tonnes;2025;Oil;Downstream;Downstream oil;Vented;0.0
Sierra Leone;Thousand tonnes;2025;Oil;Offshore;Offshore oil;Fugitive;0.0
Sierra Leone;Thousand tonnes;2025;Oil;Offshore;Offshore oil;Incomplete-flare;0.0
Sierra Leone;Thousand tonnes;2025;Oil;Offshore;Offshore oil;Vented;0.0
Sierra Leone;Thousand tonnes;2025;Oil;Unconventional;Unconventional oil;Abandoned facilities;0.0
Sierra Leone;Thousand tonnes;2025;Oil;Unconventional;Unconventional oil;Fugitive;0.0
Sierra Leone;Thousand tonnes;2025;Oil;Unconventional;Unconventional oil;Incomplete-flare;0.0
Sierra Leone;Thousand tonnes;2025;Oil;Unconventional;Unconventional oil;Vented;0.0
Sierra Leone;Thousand tonnes;2025;Satellite-detected large emitters;Satellite - downstream;Satellite - downstream;Fugitive;0.0
Sierra Leone;Thousand tonnes;2025;Satellite-detected large emitters;Satellite - upstream;Satellite - upstream;Fugitive;0.0
Slovenia;Thousand tonnes;2025;Gas;Conventional;Onshore conventional gas;Abandoned facilities;0.0093217748438653
Slovenia;Thousand tonnes;2025;Gas;Conventional;Onshore conventional gas;Fugitive;0.0
Slovenia;Thousand tonnes;2025;Gas;Conventional;Onshore conventional gas;Incomplete-flare;0.0
Slovenia;Thousand tonnes;2025;Gas;Conventional;Onshore conventional gas;Vented;0.0
Slovenia;Thousand tonnes;2025;Gas;Downstream;Downstream gas;Fugitive;0.7294866666666666
Slovenia;Thousand tonnes;2025;Gas;Downstream;Downstream gas;Vented;0.98018
Slovenia;Thousand tonnes;2025;Gas;Offshore;Offshore gas;Fugitive;0.0
Slovenia;Thousand tonnes;2025;Gas;Offshore;Offshore gas;Incomplete-flare;0.0
Slovenia;Thousand tonnes;2025;Gas;Offshore;Offshore gas;Vented;0.0
Slovenia;Thousand tonnes;2025;Gas;Unconventional;Unconventional gas;Abandoned facilities;0.0
Slovenia;Thousand tonnes;2025;Gas;Unconventional;Unconventional gas;Fugitive;0.0
Slovenia;Thousand tonnes;2025;Gas;Unconventional;Unconventional gas;Incomplete-flare;0.0
Slovenia;Thousand tonnes;2025;Gas;Unconventional;Unconventional gas;Vented;0.0
Slovenia;Thousand tonnes;2025;Oil;Conventional;Onshore conventional oil;Abandoned facilities;0.0044820828944683
Slovenia;Thousand tonnes;2025;Oil;Conventional;Onshore conventional oil;Fugitive;0.0
Slovenia;Thousand tonnes;2025;Oil;Conventional;Onshore conventional oil;Incomplete-flare;0.0
Slovenia;Thousand tonnes;2025;Oil;Conventional;Onshore conventional oil;Vented;0.0
Slovenia;Thousand tonnes;2025;Oil;Downstream;Downstream oil;Fugitive;0.037903
Slovenia;Thousand tonnes;2025;Oil;Downstream;Downstream oil;Vented;0.163274
Slovenia;Thousand tonnes;2025;Oil;Offshore;Offshore oil;Fugitive;0.0
Slovenia;Thousand tonnes;2025;Oil;Offshore;Offshore oil;Incomplete-flare;0.0
Slovenia;Thousand tonnes;2025;Oil;Offshore;Offshore oil;Vented;0.0
Slovenia;Thousand tonnes;2025;Oil;Unconventional;Unconventional oil;Abandoned facilities;0.0
Slovenia;Thousand tonnes;2025;Oil;Unconventional;Unconventional oil;Fugitive;0.0
Slovenia;Thousand tonnes;2025;Oil;Unconventional;Unconventional oil;Incomplete-flare;0.0
Slovenia;Thousand tonnes;2025;Oil;Unconventional;Unconventional oil;Vented;0.0
Slovenia;Thousand tonnes;2025;Satellite-detected large emitters;Satellite - downstream;Satellite - downstream;Fugitive;0.0
Slovenia;Thousand tonnes;2025;Satellite-detected large emitters;Satellite - upstream;Satellite - upstream;Fugitive;0.0
Somalia;Thousand tonnes;2025;Gas;Conventional;Onshore conventional gas;Abandoned facilities;0.0
Somalia;Thousand tonnes;2025;Gas;Conventional;Onshore conventional gas;Fugitive;0.0
Somalia;Thousand tonnes;2025;Gas;Conventional;Onshore conventional gas;Incomplete-flare;0.0
Somalia;Thousand tonnes;2025;Gas;Conventional;Onshore conventional gas;Vented;0.0
Somalia;Thousand tonnes;2025;Gas;Downstream;Downstream gas;Fugitive;0.0
Somalia;Thousand tonnes;2025;Gas;Downstream;Downstream gas;Vented;0.0
Somalia;Thousand tonnes;2025;Gas;Offshore;Offshore gas;Fugitive;0.0
Somalia;Thousand tonnes;2025;Gas;Offshore;Offshore gas;Incomplete-flare;0.0
Somalia;Thousand tonnes;2025;Gas;Offshore;Offshore gas;Vented;0.0
Somalia;Thousand tonnes;2025;Gas;Unconventional;Unconventional gas;Abandoned facilities;0.0
Somalia;Thousand tonnes;2025;Gas;Unconventional;Unconventional gas;Fugitive;0.0
Somalia;Thousand tonnes;2025;Gas;Unconventional;Unconventional gas;Incomplete-flare;0.0
Somalia;Thousand tonnes;2025;Gas;Unconventional;Unconventional gas;Vented;0.0
Somalia;Thousand tonnes;2025;Oil;Conventional;Onshore conventional oil;Abandoned facilities;0.0
Somalia;Thousand tonnes;2025;Oil;Conventional;Onshore conventional oil;Fugitive;0.0
Somalia;Thousand tonnes;2025;Oil;Conventional;Onshore conventional oil;Incomplete-flare;0.0
Somalia;Thousand tonnes;2025;Oil;Conventional;Onshore conventional oil;Vented;0.0
Somalia;Thousand tonnes;2025;Oil;Downstream;Downstream oil;Fugitive;0.0
Somalia;Thousand tonnes;2025;Oil;Downstream;Downstream oil;Vented;0.0
Somalia;Thousand tonnes;2025;Oil;Offshore;Offshore oil;Fugitive;0.0
Somalia;Thousand tonnes;2025;Oil;Offshore;Offshore oil;Incomplete-flare;0.0
Somalia;Thousand tonnes;2025;Oil;Offshore;Offshore oil;Vented;0.0
Somalia;Thousand tonnes;2025;Oil;Unconventional;Unconventional oil;Abandoned facilities;0.0
Somalia;Thousand tonnes;2025;Oil;Unconventional;Unconventional oil;Fugitive;0.0
Somalia;Thousand tonnes;2025;Oil;Unconventional;Unconventional oil;Incomplete-flare;0.0
Somalia;Thousand tonnes;2025;Oil;Unconventional;Unconventional oil;Vented;0.0
Somalia;Thousand tonnes;2025;Satellite-detected large emitters;Satellite - downstream;Satellite - downstream;Fugitive;0.0
Somalia;Thousand tonnes;2025;Satellite-detected large emitters;Satellite - upstream;Satellite - upstream;Fugitive;0.0
South Africa;Thousand tonnes;2025;Gas;Conventional;Onshore conventional gas;Abandoned facilities;0.0
South Africa;Thousand tonnes;2025;Gas;Conventional;Onshore conventional gas;Fugitive;0.0021705366666666
South Africa;Thousand tonnes;2025;Gas;Conventional;Onshore conventional gas;Incomplete-flare;0.0
South Africa;Thousand tonnes;2025;Gas;Conventional;Onshore conventional gas;Vented;0.0054184666666666
South Africa;Thousand tonnes;2025;Gas;Downstream;Downstream gas;Fugitive;3.05015
South Africa;Thousand tonnes;2025;Gas;Downstream;Downstream gas;Vented;4.0986666666666665
South Africa;Thousand tonnes;2025;Gas;Offshore;Offshore gas;Fugitive;0.0
South Africa;Thousand tonnes;2025;Gas;Offshore;Offshore gas;Incomplete-flare;0.0
South Africa;Thousand tonnes;2025;Gas;Offshore;Offshore gas;Vented;0.0
South Africa;Thousand tonnes;2025;Gas;Unconventional;Unconventional gas;Abandoned facilities;0.0
South Africa;Thousand tonnes;2025;Gas;Unconventional;Unconventional gas;Fugitive;0.0
South Africa;Thousand tonnes;2025;Gas;Unconventional;Unconventional gas;Incomplete-flare;0.0
South Africa;Thousand tonnes;2025;Gas;Unconventional;Unconventional gas;Vented;0.0
South Africa;Thousand tonnes;2025;Oil;Conventional;Onshore conventional oil;Abandoned facilities;0.0
South Africa;Thousand tonnes;2025;Oil;Conventional;Onshore conventional oil;Fugitive;5.1119
South Africa;Thousand tonnes;2025;Oil;Conventional;Onshore conventional oil;Incomplete-flare;0.0054148333333333
South Africa;Thousand tonnes;2025;Oil;Conventional;Onshore conventional oil;Vented;20.446866666666665
South Africa;Thousand tonnes;2025;Oil;Downstream;Downstream oil;Fugitive;0.7605066666666667
South Africa;Thousand tonnes;2025;Oil;Downstream;Downstream oil;Vented;3.28905
South Africa;Thousand tonnes;2025;Oil;Offshore;Offshore oil;Fugitive;0.0
South Africa;Thousand tonnes;2025;Oil;Offshore;Offshore oil;Incomplete-flare;0.0
South Africa;Thousand tonnes;2025;Oil;Offshore;Offshore oil;Vented;0.0
South Africa;Thousand tonnes;2025;Oil;Unconventional;Unconventional oil;Abandoned facilities;0.0
South Africa;Thousand tonnes;2025;Oil;Unconventional;Unconventional oil;Fugitive;0.0
South Africa;Thousand tonnes;2025;Oil;Unconventional;Unconventional oil;Incomplete-flare;0.0
South Africa;Thousand tonnes;2025;Oil;Unconventional;Unconventional oil;Vented;0.0
South Africa;Thousand tonnes;2025;Satellite-detected large emitters;Satellite - downstream;Satellite - downstream;Fugitive;0.0
South Africa;Thousand tonnes;2025;Satellite-detected large emitters;Satellite - upstream;Satellite - upstream;Fugitive;0.0
South Sudan;Thousand tonnes;2025;Gas;Conventional;Onshore conventional gas;Abandoned facilities;0.0
South Sudan;Thousand tonnes;2025;Gas;Conventional;Onshore conventional gas;Fugitive;0.0
South Sudan;Thousand tonnes;2025;Gas;Conventional;Onshore conventional gas;Incomplete-flare;0.0
South Sudan;Thousand tonnes;2025;Gas;Conventional;Onshore conventional gas;Vented;0.0
South Sudan;Thousand tonnes;2025;Gas;Downstream;Downstream gas;Fugitive;0.0
South Sudan;Thousand tonnes;2025;Gas;Downstream;Downstream gas;Vented;0.0
South Sudan;Thousand tonnes;2025;Gas;Offshore;Offshore gas;Fugitive;0.0
South Sudan;Thousand tonnes;2025;Gas;Offshore;Offshore gas;Incomplete-flare;0.0
South Sudan;Thousand tonnes;2025;Gas;Offshore;Offshore gas;Vented;0.0
South Sudan;Thousand tonnes;2025;Gas;Unconventional;Unconventional gas;Abandoned facilities;0.0
South Sudan;Thousand tonnes;2025;Gas;Unconventional;Unconventional gas;Fugitive;0.0
South Sudan;Thousand tonnes;2025;Gas;Unconventional;Unconventional gas;Incomplete-flare;0.0
South Sudan;Thousand tonnes;2025;Gas;Unconventional;Unconventional gas;Vented;0.0
South Sudan;Thousand tonnes;2025;Oil;Conventional;Onshore conventional oil;Abandoned facilities;0.762735619
South Sudan;Thousand tonnes;2025;Oil;Conventional;Onshore conventional oil;Fugitive;11.1219
South Sudan;Thousand tonnes;2025;Oil;Conventional;Onshore conventional oil;Incomplete-flare;0.0
South Sudan;Thousand tonnes;2025;Oil;Conventional;Onshore conventional oil;Vented;44.48866666666667
South Sudan;Thousand tonnes;2025;Oil;Downstream;Downstream oil;Fugitive;0.0400439999999999
South Sudan;Thousand tonnes;2025;Oil;Downstream;Downstream oil;Vented;0.1728839999999999
South Sudan;Thousand tonnes;2025;Oil;Offshore;Offshore oil;Fugitive;0.0
South Sudan;Thousand tonnes;2025;Oil;Offshore;Offshore oil;Incomplete-flare;0.0
South Sudan;Thousand tonnes;2025;Oil;Offshore;Offshore oil;Vented;0.0
South Sudan;Thousand tonnes;2025;Oil;Unconventional;Unconventional oil;Abandoned facilities;0.0
South Sudan;Thousand tonnes;2025;Oil;Unconventional;Unconventional oil;Fugitive;0.0
South Sudan;Thousand tonnes;2025;Oil;Unconventional;Unconventional oil;Incomplete-flare;0.0
South Sudan;Thousand tonnes;2025;Oil;Unconventional;Unconventional oil;Vented;0.0
South Sudan;Thousand tonnes;2025;Satellite-detected large emitters;Satellite - downstream;Satellite - downstream;Fugitive;0.0
South Sudan;Thousand tonnes;2025;Satellite-detected large emitters;Satellite - upstream;Satellite - upstream;Fugitive;0.0
Sudan;Thousand tonnes;2025;Gas;Conventional;Onshore conventional gas;Abandoned facilities;0.0
Sudan;Thousand tonnes;2025;Gas;Conventional;Onshore conventional gas;Fugitive;0.0
Sudan;Thousand tonnes;2025;Gas;Conventional;Onshore conventional gas;Incomplete-flare;0.0
Sudan;Thousand tonnes;2025;Gas;Conventional;Onshore conventional gas;Vented;0.0
Sudan;Thousand tonnes;2025;Gas;Downstream;Downstream gas;Fugitive;0.0
Sudan;Thousand tonnes;2025;Gas;Downstream;Downstream gas;Vented;0.0
Sudan;Thousand tonnes;2025;Gas;Offshore;Offshore gas;Fugitive;0.0
Sudan;Thousand tonnes;2025;Gas;Offshore;Offshore gas;Incomplete-flare;0.0
Sudan;Thousand tonnes;2025;Gas;Offshore;Offshore gas;Vented;0.0
Sudan;Thousand tonnes;2025;Gas;Unconventional;Unconventional gas;Abandoned facilities;0.0
Sudan;Thousand tonnes;2025;Gas;Unconventional;Unconventional gas;Fugitive;0.0
Sudan;Thousand tonnes;2025;Gas;Unconventional;Unconventional gas;Incomplete-flare;0.0
Sudan;Thousand tonnes;2025;Gas;Unconventional;Unconventional gas;Vented;0.0
Sudan;Thousand tonnes;2025;Oil;Conventional;Onshore conventional oil;Abandoned facilities;0.2048574163434695
Sudan;Thousand tonnes;2025;Oil;Conventional;Onshore conventional oil;Fugitive;3.819633333333333
Sudan;Thousand tonnes;2025;Oil;Conventional;Onshore conventional oil;Incomplete-flare;1.926756666666667
Sudan;Thousand tonnes;2025;Oil;Conventional;Onshore conventional oil;Vented;15.278333333333334
Sudan;Thousand tonnes;2025;Oil;Downstream;Downstream oil;Fugitive;0.65082
Sudan;Thousand tonnes;2025;Oil;Downstream;Downstream oil;Vented;2.80941
Sudan;Thousand tonnes;2025;Oil;Offshore;Offshore oil;Fugitive;0.0
Sudan;Thousand tonnes;2025;Oil;Offshore;Offshore oil;Incomplete-flare;0.0
Sudan;Thousand tonnes;2025;Oil;Offshore;Offshore oil;Vented;0.0
Sudan;Thousand tonnes;2025;Oil;Unconventional;Unconventional oil;Abandoned facilities;0.0
Sudan;Thousand tonnes;2025;Oil;Unconventional;Unconventional oil;Fugitive;0.0
Sudan;Thousand tonnes;2025;Oil;Unconventional;Unconventional oil;Incomplete-flare;0.0
Sudan;Thousand tonnes;2025;Oil;Unconventional;Unconventional oil;Vented;0.0
Sudan;Thousand tonnes;2025;Satellite-detected large emitters;Satellite - downstream;Satellite - downstream;Fugitive;0.0
Sudan;Thousand tonnes;2025;Satellite-detected large emitters;Satellite - upstream;Satellite - upstream;Fugitive;0.0
Sweden;Thousand tonnes;2025;Gas;Conventional;Onshore conventional gas;Abandoned facilities;0.0
Sweden;Thousand tonnes;2025;Gas;Conventional;Onshore conventional gas;Fugitive;0.0
Sweden;Thousand tonnes;2025;Gas;Conventional;Onshore conventional gas;Incomplete-flare;0.0
Sweden;Thousand tonnes;2025;Gas;Conventional;Onshore conventional gas;Vented;0.0
Sweden;Thousand tonnes;2025;Gas;Downstream;Downstream gas;Fugitive;0.8097933333333334
Sweden;Thousand tonnes;2025;Gas;Downstream;Downstream gas;Vented;1.0881466666666666
Sweden;Thousand tonnes;2025;Gas;Offshore;Offshore gas;Fugitive;0.0
Sweden;Thousand tonnes;2025;Gas;Offshore;Offshore gas;Incomplete-flare;0.0
Sweden;Thousand tonnes;2025;Gas;Offshore;Offshore gas;Vented;0.0
Sweden;Thousand tonnes;2025;Gas;Unconventional;Unconventional gas;Abandoned facilities;0.0
Sweden;Thousand tonnes;2025;Gas;Unconventional;Unconventional gas;Fugitive;0.0
Sweden;Thousand tonnes;2025;Gas;Unconventional;Unconventional gas;Incomplete-flare;0.0
Sweden;Thousand tonnes;2025;Gas;Unconventional;Unconventional gas;Vented;0.0
Sweden;Thousand tonnes;2025;Oil;Conventional;Onshore conventional oil;Abandoned facilities;0.0007361469387427
Sweden;Thousand tonnes;2025;Oil;Conventional;Onshore conventional oil;Fugitive;0.0
Sweden;Thousand tonnes;2025;Oil;Conventional;Onshore conventional oil;Incomplete-flare;0.0
Sweden;Thousand tonnes;2025;Oil;Conventional;Onshore conventional oil;Vented;0.0
Sweden;Thousand tonnes;2025;Oil;Downstream;Downstream oil;Fugitive;0.1745459999999999
Sweden;Thousand tonnes;2025;Oil;Downstream;Downstream oil;Vented;0.7532433333333334
Sweden;Thousand tonnes;2025;Oil;Offshore;Offshore oil;Fugitive;0.0
Sweden;Thousand tonnes;2025;Oil;Offshore;Offshore oil;Incomplete-flare;0.0
Sweden;Thousand tonnes;2025;Oil;Offshore;Offshore oil;Vented;0.0
Sweden;Thousand tonnes;2025;Oil;Unconventional;Unconventional oil;Abandoned facilities;0.0
Sweden;Thousand tonnes;2025;Oil;Unconventional;Unconventional oil;Fugitive;0.0
Sweden;Thousand tonnes;2025;Oil;Unconventional;Unconventional oil;Incomplete-flare;0.0
Sweden;Thousand tonnes;2025;Oil;Unconventional;Unconventional oil;Vented;0.0
Sweden;Thousand tonnes;2025;Satellite-detected large emitters;Satellite - downstream;Satellite - downstream;Fugitive;0.0
Sweden;Thousand tonnes;2025;Satellite-detected large emitters;Satellite - upstream;Satellite - upstream;Fugitive;0.0
Syria;Thousand tonnes;2025;Gas;Conventional;Onshore conventional gas;Abandoned facilities;3.886341727148327
Syria;Thousand tonnes;2025;Gas;Conventional;Onshore conventional gas;Fugitive;22.402833333333334
Syria;Thousand tonnes;2025;Gas;Conventional;Onshore conventional gas;Incomplete-flare;0.0
Syria;Thousand tonnes;2025;Gas;Conventional;Onshore conventional gas;Vented;55.924
Syria;Thousand tonnes;2025;Gas;Downstream;Downstream gas;Fugitive;20.15063333333333
Syria;Thousand tonnes;2025;Gas;Downstream;Downstream gas;Vented;27.0762
Syria;Thousand tonnes;2025;Gas;Offshore;Offshore gas;Fugitive;0.0
Syria;Thousand tonnes;2025;Gas;Offshore;Offshore gas;Incomplete-flare;0.0
Syria;Thousand tonnes;2025;Gas;Offshore;Offshore gas;Vented;0.0
Syria;Thousand tonnes;2025;Gas;Unconventional;Unconventional gas;Abandoned facilities;0.0
Syria;Thousand tonnes;2025;Gas;Unconventional;Unconventional gas;Fugitive;0.0
Syria;Thousand tonnes;2025;Gas;Unconventional;Unconventional gas;Incomplete-flare;0.0
Syria;Thousand tonnes;2025;Gas;Unconventional;Unconventional gas;Vented;0.0
Syria;Thousand tonnes;2025;Oil;Conventional;Onshore conventional oil;Abandoned facilities;20.864712555008584
Syria;Thousand tonnes;2025;Oil;Conventional;Onshore conventional oil;Fugitive;55.01833333333333
Syria;Thousand tonnes;2025;Oil;Conventional;Onshore conventional oil;Incomplete-flare;89.02966666666666
Syria;Thousand tonnes;2025;Oil;Conventional;Onshore conventional oil;Vented;220.07333333333327
Syria;Thousand tonnes;2025;Oil;Downstream;Downstream oil;Fugitive;1.6815866666666668
Syria;Thousand tonnes;2025;Oil;Downstream;Downstream oil;Vented;7.260633333333333
Syria;Thousand tonnes;2025;Oil;Offshore;Offshore oil;Fugitive;0.0
Syria;Thousand tonnes;2025;Oil;Offshore;Offshore oil;Incomplete-flare;0.0
Syria;Thousand tonnes;2025;Oil;Offshore;Offshore oil;Vented;0.0
Syria;Thousand tonnes;2025;Oil;Unconventional;Unconventional oil;Abandoned facilities;0.0
Syria;Thousand tonnes;2025;Oil;Unconventional;Unconventional oil;Fugitive;0.0
Syria;Thousand tonnes;2025;Oil;Unconventional;Unconventional oil;Incomplete-flare;0.0
Syria;Thousand tonnes;2025;Oil;Unconventional;Unconventional oil;Vented;0.0
Syria;Thousand tonnes;2025;Satellite-detected large emitters;Satellite - downstream;Satellite - downstream;Fugitive;28.3
Syria;Thousand tonnes;2025;Satellite-detected large emitters;Satellite - upstream;Satellite - upstream;Fugitive;113.3
Tanzania;Thousand tonnes;2025;Gas;Conventional;Onshore conventional gas;Abandoned facilities;0.0
Tanzania;Thousand tonnes;2025;Gas;Conventional;Onshore conventional gas;Fugitive;1.453566666666667
Tanzania;Thousand tonnes;2025;Gas;Conventional;Onshore conventional gas;Incomplete-flare;0.0
Tanzania;Thousand tonnes;2025;Gas;Conventional;Onshore conventional gas;Vented;3.6286666666666663
Tanzania;Thousand tonnes;2025;Gas;Downstream;Downstream gas;Fugitive;2.5676766666666664
Tanzania;Thousand tonnes;2025;Gas;Downstream;Downstream gas;Vented;3.4501666666666666
Tanzania;Thousand tonnes;2025;Gas;Offshore;Offshore gas;Fugitive;1.037993333333333
Tanzania;Thousand tonnes;2025;Gas;Offshore;Offshore gas;Incomplete-flare;0.0
Tanzania;Thousand tonnes;2025;Gas;Offshore;Offshore gas;Vented;2.5912266666666666
Tanzania;Thousand tonnes;2025;Gas;Unconventional;Unconventional gas;Abandoned facilities;0.0
Tanzania;Thousand tonnes;2025;Gas;Unconventional;Unconventional gas;Fugitive;0.0
Tanzania;Thousand tonnes;2025;Gas;Unconventional;Unconventional gas;Incomplete-flare;0.0
Tanzania;Thousand tonnes;2025;Gas;Unconventional;Unconventional gas;Vented;0.0
Tanzania;Thousand tonnes;2025;Oil;Conventional;Onshore conventional oil;Abandoned facilities;0.0
Tanzania;Thousand tonnes;2025;Oil;Conventional;Onshore conventional oil;Fugitive;0.0
Tanzania;Thousand tonnes;2025;Oil;Conventional;Onshore conventional oil;Incomplete-flare;0.0
Tanzania;Thousand tonnes;2025;Oil;Conventional;Onshore conventional oil;Vented;0.0
Tanzania;Thousand tonnes;2025;Oil;Downstream;Downstream oil;Fugitive;0.2256356666666666
Tanzania;Thousand tonnes;2025;Oil;Downstream;Downstream oil;Vented;0.9745733333333334
Tanzania;Thousand tonnes;2025;Oil;Offshore;Offshore oil;Fugitive;0.0
Tanzania;Thousand tonnes;2025;Oil;Offshore;Offshore oil;Incomplete-flare;0.0
Tanzania;Thousand tonnes;2025;Oil;Offshore;Offshore oil;Vented;0.0
Tanzania;Thousand tonnes;2025;Oil;Unconventional;Unconventional oil;Abandoned facilities;0.0
Tanzania;Thousand tonnes;2025;Oil;Unconventional;Unconventional oil;Fugitive;0.0
Tanzania;Thousand tonnes;2025;Oil;Unconventional;Unconventional oil;Incomplete-flare;0.0
Tanzania;Thousand tonnes;2025;Oil;Unconventional;Unconventional oil;Vented;0.0
Tanzania;Thousand tonnes;2025;Satellite-detected large emitters;Satellite - downstream;Satellite - downstream;Fugitive;0.0
Tanzania;Thousand tonnes;2025;Satellite-detected large emitters;Satellite - upstream;Satellite - upstream;Fugitive;0.0
Thailand;Thousand tonnes;2025;Gas;Conventional;Onshore conventional gas;Abandoned facilities;1.482316550787896
Thailand;Thousand tonnes;2025;Gas;Conventional;Onshore conventional gas;Fugitive;2.3927766666666668
Thailand;Thousand tonnes;2025;Gas;Conventional;Onshore conventional gas;Incomplete-flare;0.0
Thailand;Thousand tonnes;2025;Gas;Conventional;Onshore conventional gas;Vented;5.973133333333333
Thailand;Thousand tonnes;2025;Gas;Downstream;Downstream gas;Fugitive;75.2
Thailand;Thousand tonnes;2025;Gas;Downstream;Downstream gas;Vented;101.04533333333332
Thailand;Thousand tonnes;2025;Gas;Offshore;Offshore gas;Fugitive;48.39666666666667
Thailand;Thousand tonnes;2025;Gas;Offshore;Offshore gas;Incomplete-flare;0.0
Thailand;Thousand tonnes;2025;Gas;Offshore;Offshore gas;Vented;120.813
Thailand;Thousand tonnes;2025;Gas;Unconventional;Unconventional gas;Abandoned facilities;0.0
Thailand;Thousand tonnes;2025;Gas;Unconventional;Unconventional gas;Fugitive;0.0
Thailand;Thousand tonnes;2025;Gas;Unconventional;Unconventional gas;Incomplete-flare;0.0
Thailand;Thousand tonnes;2025;Gas;Unconventional;Unconventional gas;Vented;0.0
Thailand;Thousand tonnes;2025;Oil;Conventional;Onshore conventional oil;Abandoned facilities;1.4690866053977345
Thailand;Thousand tonnes;2025;Oil;Conventional;Onshore conventional oil;Fugitive;3.934366666666667
Thailand;Thousand tonnes;2025;Oil;Conventional;Onshore conventional oil;Incomplete-flare;5.0082
Thailand;Thousand tonnes;2025;Oil;Conventional;Onshore conventional oil;Vented;15.737733333333331
Thailand;Thousand tonnes;2025;Oil;Downstream;Downstream oil;Fugitive;3.6580333333333335
Thailand;Thousand tonnes;2025;Oil;Downstream;Downstream oil;Vented;15.777566666666669
Thailand;Thousand tonnes;2025;Oil;Offshore;Offshore oil;Fugitive;25.09023333333333
Thailand;Thousand tonnes;2025;Oil;Offshore;Offshore oil;Incomplete-flare;2.7829833333333336
Thailand;Thousand tonnes;2025;Oil;Offshore;Offshore oil;Vented;100.363
Thailand;Thousand tonnes;2025;Oil;Unconventional;Unconventional oil;Abandoned facilities;0.0
Thailand;Thousand tonnes;2025;Oil;Unconventional;Unconventional oil;Fugitive;0.0
Thailand;Thousand tonnes;2025;Oil;Unconventional;Unconventional oil;Incomplete-flare;0.0
Thailand;Thousand tonnes;2025;Oil;Unconventional;Unconventional oil;Vented;0.0
Thailand;Thousand tonnes;2025;Satellite-detected large emitters;Satellite - downstream;Satellite - downstream;Fugitive;0.0
Thailand;Thousand tonnes;2025;Satellite-detected large emitters;Satellite - upstream;Satellite - upstream;Fugitive;0.0
Togo;Thousand tonnes;2025;Gas;Conventional;Onshore conventional gas;Abandoned facilities;0.0
Togo;Thousand tonnes;2025;Gas;Conventional;Onshore conventional gas;Fugitive;0.0
Togo;Thousand tonnes;2025;Gas;Conventional;Onshore conventional gas;Incomplete-flare;0.0
Togo;Thousand tonnes;2025;Gas;Conventional;Onshore conventional gas;Vented;0.0
Togo;Thousand tonnes;2025;Gas;Downstream;Downstream gas;Fugitive;0.1733093333333333
Togo;Thousand tonnes;2025;Gas;Downstream;Downstream gas;Vented;0.2328766666666666
Togo;Thousand tonnes;2025;Gas;Offshore;Offshore gas;Fugitive;0.0
Togo;Thousand tonnes;2025;Gas;Offshore;Offshore gas;Incomplete-flare;0.0
Togo;Thousand tonnes;2025;Gas;Offshore;Offshore gas;Vented;0.0
Togo;Thousand tonnes;2025;Gas;Unconventional;Unconventional gas;Abandoned facilities;0.0
Togo;Thousand tonnes;2025;Gas;Unconventional;Unconventional gas;Fugitive;0.0
Togo;Thousand tonnes;2025;Gas;Unconventional;Unconventional gas;Incomplete-flare;0.0
Togo;Thousand tonnes;2025;Gas;Unconventional;Unconventional gas;Vented;0.0
Togo;Thousand tonnes;2025;Oil;Conventional;Onshore conventional oil;Abandoned facilities;0.0
Togo;Thousand tonnes;2025;Oil;Conventional;Onshore conventional oil;Fugitive;0.0
Togo;Thousand tonnes;2025;Oil;Conventional;Onshore conventional oil;Incomplete-flare;0.0
Togo;Thousand tonnes;2025;Oil;Conventional;Onshore conventional oil;Vented;0.0
Togo;Thousand tonnes;2025;Oil;Downstream;Downstream oil;Fugitive;0.0330601666666666
Togo;Thousand tonnes;2025;Oil;Downstream;Downstream oil;Vented;0.14282
Togo;Thousand tonnes;2025;Oil;Offshore;Offshore oil;Fugitive;0.0
Togo;Thousand tonnes;2025;Oil;Offshore;Offshore oil;Incomplete-flare;0.0
Togo;Thousand tonnes;2025;Oil;Offshore;Offshore oil;Vented;0.0
Togo;Thousand tonnes;2025;Oil;Unconventional;Unconventional oil;Abandoned facilities;0.0
Togo;Thousand tonnes;2025;Oil;Unconventional;Unconventional oil;Fugitive;0.0
Togo;Thousand tonnes;2025;Oil;Unconventional;Unconventional oil;Incomplete-flare;0.0
Togo;Thousand tonnes;2025;Oil;Unconventional;Unconventional oil;Vented;0.0
Togo;Thousand tonnes;2025;Satellite-detected large emitters;Satellite - downstream;Satellite - downstream;Fugitive;0.0
Togo;Thousand tonnes;2025;Satellite-detected large emitters;Satellite - upstream;Satellite - upstream;Fugitive;0.0
Trinidad and Tobago;Thousand tonnes;2025;Gas;Conventional;Onshore conventional gas;Abandoned facilities;0.4785828189275872
Trinidad and Tobago;Thousand tonnes;2025;Gas;Conventional;Onshore conventional gas;Fugitive;1.2599033333333334
Trinidad and Tobago;Thousand tonnes;2025;Gas;Conventional;Onshore conventional gas;Incomplete-flare;0.0
Trinidad and Tobago;Thousand tonnes;2025;Gas;Conventional;Onshore conventional gas;Vented;3.1451366666666667
Trinidad and Tobago;Thousand tonnes;2025;Gas;Downstream;Downstream gas;Fugitive;13.191633333333334
Trinidad and Tobago;Thousand tonnes;2025;Gas;Downstream;Downstream gas;Vented;17.725733333333334
Trinidad and Tobago;Thousand tonnes;2025;Gas;Offshore;Offshore gas;Fugitive;26.413
Trinidad and Tobago;Thousand tonnes;2025;Gas;Offshore;Offshore gas;Incomplete-flare;0.0
Trinidad and Tobago;Thousand tonnes;2025;Gas;Offshore;Offshore gas;Vented;65.93566666666666
Trinidad and Tobago;Thousand tonnes;2025;Gas;Unconventional;Unconventional gas;Abandoned facilities;0.0
Trinidad and Tobago;Thousand tonnes;2025;Gas;Unconventional;Unconventional gas;Fugitive;0.0
Trinidad and Tobago;Thousand tonnes;2025;Gas;Unconventional;Unconventional gas;Incomplete-flare;0.0
Trinidad and Tobago;Thousand tonnes;2025;Gas;Unconventional;Unconventional gas;Vented;0.0
Trinidad and Tobago;Thousand tonnes;2025;Oil;Conventional;Onshore conventional oil;Abandoned facilities;0.999605354724202
Trinidad and Tobago;Thousand tonnes;2025;Oil;Conventional;Onshore conventional oil;Fugitive;2.307436666666667
Trinidad and Tobago;Thousand tonnes;2025;Oil;Conventional;Onshore conventional oil;Incomplete-flare;2.927623333333333
Trinidad and Tobago;Thousand tonnes;2025;Oil;Conventional;Onshore conventional oil;Vented;9.229466666666667
Trinidad and Tobago;Thousand tonnes;2025;Oil;Downstream;Downstream oil;Fugitive;0.106608
Trinidad and Tobago;Thousand tonnes;2025;Oil;Downstream;Downstream oil;Vented;0.4600133333333333
Trinidad and Tobago;Thousand tonnes;2025;Oil;Offshore;Offshore oil;Fugitive;3.11791
Trinidad and Tobago;Thousand tonnes;2025;Oil;Offshore;Offshore oil;Incomplete-flare;2.457313333333333
Trinidad and Tobago;Thousand tonnes;2025;Oil;Offshore;Offshore oil;Vented;12.471266666666668
Trinidad and Tobago;Thousand tonnes;2025;Oil;Unconventional;Unconventional oil;Abandoned facilities;0.0
Trinidad and Tobago;Thousand tonnes;2025;Oil;Unconventional;Unconventional oil;Fugitive;0.0
Trinidad and Tobago;Thousand tonnes;2025;Oil;Unconventional;Unconventional oil;Incomplete-flare;0.0
Trinidad and Tobago;Thousand tonnes;2025;Oil;Unconventional;Unconventional oil;Vented;0.0
Trinidad and Tobago;Thousand tonnes;2025;Satellite-detected large emitters;Satellite - downstream;Satellite - downstream;Fugitive;0.0
Trinidad and Tobago;Thousand tonnes;2025;Satellite-detected large emitters;Satellite - upstream;Satellite - upstream;Fugitive;0.0
Tunisia;Thousand tonnes;2025;Gas;Conventional;Onshore conventional gas;Abandoned facilities;0.1799013084650123
Tunisia;Thousand tonnes;2025;Gas;Conventional;Onshore conventional gas;Fugitive;1.4458233333333332
Tunisia;Thousand tonnes;2025;Gas;Conventional;Onshore conventional gas;Incomplete-flare;0.0
Tunisia;Thousand tonnes;2025;Gas;Conventional;Onshore conventional gas;Vented;3.609266666666667
Tunisia;Thousand tonnes;2025;Gas;Downstream;Downstream gas;Fugitive;6.6364
Tunisia;Thousand tonnes;2025;Gas;Downstream;Downstream gas;Vented;8.917166666666667
Tunisia;Thousand tonnes;2025;Gas;Offshore;Offshore gas;Fugitive;0.9310833333333334
Tunisia;Thousand tonnes;2025;Gas;Offshore;Offshore gas;Incomplete-flare;0.0
Tunisia;Thousand tonnes;2025;Gas;Offshore;Offshore gas;Vented;2.3243033333333334
Tunisia;Thousand tonnes;2025;Gas;Unconventional;Unconventional gas;Abandoned facilities;0.0
Tunisia;Thousand tonnes;2025;Gas;Unconventional;Unconventional gas;Fugitive;0.0
Tunisia;Thousand tonnes;2025;Gas;Unconventional;Unconventional gas;Incomplete-flare;0.0
Tunisia;Thousand tonnes;2025;Gas;Unconventional;Unconventional gas;Vented;0.0
Tunisia;Thousand tonnes;2025;Oil;Conventional;Onshore conventional oil;Abandoned facilities;0.9957293329073306
Tunisia;Thousand tonnes;2025;Oil;Conventional;Onshore conventional oil;Fugitive;2.09884
Tunisia;Thousand tonnes;2025;Oil;Conventional;Onshore conventional oil;Incomplete-flare;2.9996500000000004
Tunisia;Thousand tonnes;2025;Oil;Conventional;Onshore conventional oil;Vented;8.395233333333334
Tunisia;Thousand tonnes;2025;Oil;Downstream;Downstream oil;Fugitive;0.33655
Tunisia;Thousand tonnes;2025;Oil;Downstream;Downstream oil;Vented;1.45356
Tunisia;Thousand tonnes;2025;Oil;Offshore;Offshore oil;Fugitive;0.8742433333333334
Tunisia;Thousand tonnes;2025;Oil;Offshore;Offshore oil;Incomplete-flare;1.0731833333333334
Tunisia;Thousand tonnes;2025;Oil;Offshore;Offshore oil;Vented;3.496933333333333
Tunisia;Thousand tonnes;2025;Oil;Unconventional;Unconventional oil;Abandoned facilities;0.0
Tunisia;Thousand tonnes;2025;Oil;Unconventional;Unconventional oil;Fugitive;0.0
Tunisia;Thousand tonnes;2025;Oil;Unconventional;Unconventional oil;Incomplete-flare;0.0
Tunisia;Thousand tonnes;2025;Oil;Unconventional;Unconventional oil;Vented;0.0
Tunisia;Thousand tonnes;2025;Satellite-detected large emitters;Satellite - downstream;Satellite - downstream;Fugitive;0.0
Tunisia;Thousand tonnes;2025;Satellite-detected large emitters;Satellite - upstream;Satellite - upstream;Fugitive;0.0
Turkmenistan;Thousand tonnes;2025;Gas;Conventional;Onshore conventional gas;Abandoned facilities;240.6502831095256
Turkmenistan;Thousand tonnes;2025;Gas;Conventional;Onshore conventional gas;Fugitive;362.0866666666667
Turkmenistan;Thousand tonnes;2025;Gas;Conventional;Onshore conventional gas;Incomplete-flare;0.0
Turkmenistan;Thousand tonnes;2025;Gas;Conventional;Onshore conventional gas;Vented;903.88
Turkmenistan;Thousand tonnes;2025;Gas;Downstream;Downstream gas;Fugitive;159.66933333333333
Turkmenistan;Thousand tonnes;2025;Gas;Downstream;Downstream gas;Vented;214.54666666666665
Turkmenistan;Thousand tonnes;2025;Gas;Offshore;Offshore gas;Fugitive;22.8154
Turkmenistan;Thousand tonnes;2025;Gas;Offshore;Offshore gas;Incomplete-flare;0.0
Turkmenistan;Thousand tonnes;2025;Gas;Offshore;Offshore gas;Vented;56.95433333333334
Turkmenistan;Thousand tonnes;2025;Gas;Unconventional;Unconventional gas;Abandoned facilities;0.0
Turkmenistan;Thousand tonnes;2025;Gas;Unconventional;Unconventional gas;Fugitive;0.0
Turkmenistan;Thousand tonnes;2025;Gas;Unconventional;Unconventional gas;Incomplete-flare;0.0
Turkmenistan;Thousand tonnes;2025;Gas;Unconventional;Unconventional gas;Vented;0.0
Turkmenistan;Thousand tonnes;2025;Oil;Conventional;Onshore conventional oil;Abandoned facilities;30.799458867777485
Turkmenistan;Thousand tonnes;2025;Oil;Conventional;Onshore conventional oil;Fugitive;76.75633333333333
Turkmenistan;Thousand tonnes;2025;Oil;Conventional;Onshore conventional oil;Incomplete-flare;75.70566666666667
Turkmenistan;Thousand tonnes;2025;Oil;Conventional;Onshore conventional oil;Vented;307.0253333333333
Turkmenistan;Thousand tonnes;2025;Oil;Downstream;Downstream oil;Fugitive;1.4269433333333337
Turkmenistan;Thousand tonnes;2025;Oil;Downstream;Downstream oil;Vented;6.160433333333333
Turkmenistan;Thousand tonnes;2025;Oil;Offshore;Offshore oil;Fugitive;60.97633333333333
Turkmenistan;Thousand tonnes;2025;Oil;Offshore;Offshore oil;Incomplete-flare;68.80033333333334
Turkmenistan;Thousand tonnes;2025;Oil;Offshore;Offshore oil;Vented;243.90566666666663
Turkmenistan;Thousand tonnes;2025;Oil;Unconventional;Unconventional oil;Abandoned facilities;0.0
Turkmenistan;Thousand tonnes;2025;Oil;Unconventional;Unconventional oil;Fugitive;0.0
Turkmenistan;Thousand tonnes;2025;Oil;Unconventional;Unconventional oil;Incomplete-flare;0.0
Turkmenistan;Thousand tonnes;2025;Oil;Unconventional;Unconventional oil;Vented;0.0
Turkmenistan;Thousand tonnes;2025;Satellite-detected large emitters;Satellite - downstream;Satellite - downstream;Fugitive;1168.8
Turkmenistan;Thousand tonnes;2025;Satellite-detected large emitters;Satellite - upstream;Satellite - upstream;Fugitive;1804.3999999999999
Uganda;Thousand tonnes;2025;Gas;Conventional;Onshore conventional gas;Abandoned facilities;0.0
Uganda;Thousand tonnes;2025;Gas;Conventional;Onshore conventional gas;Fugitive;0.0
Uganda;Thousand tonnes;2025;Gas;Conventional;Onshore conventional gas;Incomplete-flare;0.0
Uganda;Thousand tonnes;2025;Gas;Conventional;Onshore conventional gas;Vented;0.0
Uganda;Thousand tonnes;2025;Gas;Downstream;Downstream gas;Fugitive;0.0
Uganda;Thousand tonnes;2025;Gas;Downstream;Downstream gas;Vented;0.0
Uganda;Thousand tonnes;2025;Gas;Offshore;Offshore gas;Fugitive;0.0
Uganda;Thousand tonnes;2025;Gas;Offshore;Offshore gas;Incomplete-flare;0.0
Uganda;Thousand tonnes;2025;Gas;Offshore;Offshore gas;Vented;0.0
Uganda;Thousand tonnes;2025;Gas;Unconventional;Unconventional gas;Abandoned facilities;0.0
Uganda;Thousand tonnes;2025;Gas;Unconventional;Unconventional gas;Fugitive;0.0
Uganda;Thousand tonnes;2025;Gas;Unconventional;Unconventional gas;Incomplete-flare;0.0
Uganda;Thousand tonnes;2025;Gas;Unconventional;Unconventional gas;Vented;0.0
Uganda;Thousand tonnes;2025;Oil;Conventional;Onshore conventional oil;Abandoned facilities;0.0
Uganda;Thousand tonnes;2025;Oil;Conventional;Onshore conventional oil;Fugitive;0.0
Uganda;Thousand tonnes;2025;Oil;Conventional;Onshore conventional oil;Incomplete-flare;0.0
Uganda;Thousand tonnes;2025;Oil;Conventional;Onshore conventional oil;Vented;0.0
Uganda;Thousand tonnes;2025;Oil;Downstream;Downstream oil;Fugitive;0.0793649999999999
Uganda;Thousand tonnes;2025;Oil;Downstream;Downstream oil;Vented;0.34241
Uganda;Thousand tonnes;2025;Oil;Offshore;Offshore oil;Fugitive;0.0
Uganda;Thousand tonnes;2025;Oil;Offshore;Offshore oil;Incomplete-flare;0.0
Uganda;Thousand tonnes;2025;Oil;Offshore;Offshore oil;Vented;0.0
Uganda;Thousand tonnes;2025;Oil;Unconventional;Unconventional oil;Abandoned facilities;0.0
Uganda;Thousand tonnes;2025;Oil;Unconventional;Unconventional oil;Fugitive;0.0
Uganda;Thousand tonnes;2025;Oil;Unconventional;Unconventional oil;Incomplete-flare;0.0
Uganda;Thousand tonnes;2025;Oil;Unconventional;Unconventional oil;Vented;0.0
Uganda;Thousand tonnes;2025;Satellite-detected large emitters;Satellite - downstream;Satellite - downstream;Fugitive;0.0
Uganda;Thousand tonnes;2025;Satellite-detected large emitters;Satellite - upstream;Satellite - upstream;Fugitive;0.0
Ukraine;Thousand tonnes;2025;Gas;Conventional;Onshore conventional gas;Abandoned facilities;90.54957627477302
Ukraine;Thousand tonnes;2025;Gas;Conventional;Onshore conventional gas;Fugitive;50.18933333333334
Ukraine;Thousand tonnes;2025;Gas;Conventional;Onshore conventional gas;Incomplete-flare;0.0
Ukraine;Thousand tonnes;2025;Gas;Conventional;Onshore conventional gas;Vented;125.288
Ukraine;Thousand tonnes;2025;Gas;Downstream;Downstream gas;Fugitive;82.52566666666667
Ukraine;Thousand tonnes;2025;Gas;Downstream;Downstream gas;Vented;110.88933333333333
Ukraine;Thousand tonnes;2025;Gas;Offshore;Offshore gas;Fugitive;2.0864
Ukraine;Thousand tonnes;2025;Gas;Offshore;Offshore gas;Incomplete-flare;0.0
Ukraine;Thousand tonnes;2025;Gas;Offshore;Offshore gas;Vented;5.2083
Ukraine;Thousand tonnes;2025;Gas;Unconventional;Unconventional gas;Abandoned facilities;0.0
Ukraine;Thousand tonnes;2025;Gas;Unconventional;Unconventional gas;Fugitive;0.0
Ukraine;Thousand tonnes;2025;Gas;Unconventional;Unconventional gas;Incomplete-flare;0.0
Ukraine;Thousand tonnes;2025;Gas;Unconventional;Unconventional gas;Vented;0.0
Ukraine;Thousand tonnes;2025;Oil;Conventional;Onshore conventional oil;Abandoned facilities;15.940995382627555
Ukraine;Thousand tonnes;2025;Oil;Conventional;Onshore conventional oil;Fugitive;0.0
Ukraine;Thousand tonnes;2025;Oil;Conventional;Onshore conventional oil;Incomplete-flare;0.0
Ukraine;Thousand tonnes;2025;Oil;Conventional;Onshore conventional oil;Vented;0.0
Ukraine;Thousand tonnes;2025;Oil;Downstream;Downstream oil;Fugitive;2.38446
Ukraine;Thousand tonnes;2025;Oil;Downstream;Downstream oil;Vented;10.2949
Ukraine;Thousand tonnes;2025;Oil;Offshore;Offshore oil;Fugitive;0.0
Ukraine;Thousand tonnes;2025;Oil;Offshore;Offshore oil;Incomplete-flare;0.0
Ukraine;Thousand tonnes;2025;Oil;Offshore;Offshore oil;Vented;0.0
Ukraine;Thousand tonnes;2025;Oil;Unconventional;Unconventional oil;Abandoned facilities;0.0
Ukraine;Thousand tonnes;2025;Oil;Unconventional;Unconventional oil;Fugitive;0.0
Ukraine;Thousand tonnes;2025;Oil;Unconventional;Unconventional oil;Incomplete-flare;0.0
Ukraine;Thousand tonnes;2025;Oil;Unconventional;Unconventional oil;Vented;0.0
Ukraine;Thousand tonnes;2025;Satellite-detected large emitters;Satellite - downstream;Satellite - downstream;Fugitive;2.2
Ukraine;Thousand tonnes;2025;Satellite-detected large emitters;Satellite - upstream;Satellite - upstream;Fugitive;0.0
United Arab Emirates;Thousand tonnes;2025;Gas;Conventional;Onshore conventional gas;Abandoned facilities;2.731020777637021
United Arab Emirates;Thousand tonnes;2025;Gas;Conventional;Onshore conventional gas;Fugitive;19.977866666666667
United Arab Emirates;Thousand tonnes;2025;Gas;Conventional;Onshore conventional gas;Incomplete-flare;0.0
United Arab Emirates;Thousand tonnes;2025;Gas;Conventional;Onshore conventional gas;Vented;49.867
United Arab Emirates;Thousand tonnes;2025;Gas;Downstream;Downstream gas;Fugitive;27.935566666666663
United Arab Emirates;Thousand tonnes;2025;Gas;Downstream;Downstream gas;Vented;37.53333333333333
United Arab Emirates;Thousand tonnes;2025;Gas;Offshore;Offshore gas;Fugitive;14.4948
United Arab Emirates;Thousand tonnes;2025;Gas;Offshore;Offshore gas;Incomplete-flare;0.0
United Arab Emirates;Thousand tonnes;2025;Gas;Offshore;Offshore gas;Vented;36.18066666666667
United Arab Emirates;Thousand tonnes;2025;Gas;Unconventional;Unconventional gas;Abandoned facilities;0.0
United Arab Emirates;Thousand tonnes;2025;Gas;Unconventional;Unconventional gas;Fugitive;0.0
United Arab Emirates;Thousand tonnes;2025;Gas;Unconventional;Unconventional gas;Incomplete-flare;0.0
United Arab Emirates;Thousand tonnes;2025;Gas;Unconventional;Unconventional gas;Vented;0.0
United Arab Emirates;Thousand tonnes;2025;Oil;Conventional;Onshore conventional oil;Abandoned facilities;6.109216198259083
United Arab Emirates;Thousand tonnes;2025;Oil;Conventional;Onshore conventional oil;Fugitive;71.52533333333334
United Arab Emirates;Thousand tonnes;2025;Oil;Conventional;Onshore conventional oil;Incomplete-flare;16.277833333333334
United Arab Emirates;Thousand tonnes;2025;Oil;Conventional;Onshore conventional oil;Vented;286.0913333333333
United Arab Emirates;Thousand tonnes;2025;Oil;Downstream;Downstream oil;Fugitive;0.7741733333333334
United Arab Emirates;Thousand tonnes;2025;Oil;Downstream;Downstream oil;Vented;3.3389333333333338
United Arab Emirates;Thousand tonnes;2025;Oil;Offshore;Offshore oil;Fugitive;83.42333333333333
United Arab Emirates;Thousand tonnes;2025;Oil;Offshore;Offshore oil;Incomplete-flare;19.0093
United Arab Emirates;Thousand tonnes;2025;Oil;Offshore;Offshore oil;Vented;333.68
United Arab Emirates;Thousand tonnes;2025;Oil;Unconventional;Unconventional oil;Abandoned facilities;0.0
United Arab Emirates;Thousand tonnes;2025;Oil;Unconventional;Unconventional oil;Fugitive;0.0
United Arab Emirates;Thousand tonnes;2025;Oil;Unconventional;Unconventional oil;Incomplete-flare;0.0
United Arab Emirates;Thousand tonnes;2025;Oil;Unconventional;Unconventional oil;Vented;0.0
United Arab Emirates;Thousand tonnes;2025;Satellite-detected large emitters;Satellite - downstream;Satellite - downstream;Fugitive;4.2
United Arab Emirates;Thousand tonnes;2025;Satellite-detected large emitters;Satellite - upstream;Satellite - upstream;Fugitive;1.1
United Kingdom;Thousand tonnes;2025;Gas;Conventional;Onshore conventional gas;Abandoned facilities;0.0463063289694445
United Kingdom;Thousand tonnes;2025;Gas;Conventional;Onshore conventional gas;Fugitive;0.0245929999999999
United Kingdom;Thousand tonnes;2025;Gas;Conventional;Onshore conventional gas;Incomplete-flare;0.0
United Kingdom;Thousand tonnes;2025;Gas;Conventional;Onshore conventional gas;Vented;0.0613883333333333
United Kingdom;Thousand tonnes;2025;Gas;Downstream;Downstream gas;Fugitive;28.57713333333333
United Kingdom;Thousand tonnes;2025;Gas;Downstream;Downstream gas;Vented;38.395
United Kingdom;Thousand tonnes;2025;Gas;Offshore;Offshore gas;Fugitive;9.597233333333332
United Kingdom;Thousand tonnes;2025;Gas;Offshore;Offshore gas;Incomplete-flare;0.0
United Kingdom;Thousand tonnes;2025;Gas;Offshore;Offshore gas;Vented;23.9563
United Kingdom;Thousand tonnes;2025;Gas;Unconventional;Unconventional gas;Abandoned facilities;0.0
United Kingdom;Thousand tonnes;2025;Gas;Unconventional;Unconventional gas;Fugitive;0.1951216666666666
United Kingdom;Thousand tonnes;2025;Gas;Unconventional;Unconventional gas;Incomplete-flare;0.0
United Kingdom;Thousand tonnes;2025;Gas;Unconventional;Unconventional gas;Vented;0.4871
United Kingdom;Thousand tonnes;2025;Oil;Conventional;Onshore conventional oil;Abandoned facilities;0.3223588563688206
United Kingdom;Thousand tonnes;2025;Oil;Conventional;Onshore conventional oil;Fugitive;0.49844
United Kingdom;Thousand tonnes;2025;Oil;Conventional;Onshore conventional oil;Incomplete-flare;0.4138233333333333
United Kingdom;Thousand tonnes;2025;Oil;Conventional;Onshore conventional oil;Vented;1.9939833333333328
United Kingdom;Thousand tonnes;2025;Oil;Downstream;Downstream oil;Fugitive;1.2197233333333335
United Kingdom;Thousand tonnes;2025;Oil;Downstream;Downstream oil;Vented;5.255133333333333
United Kingdom;Thousand tonnes;2025;Oil;Offshore;Offshore oil;Fugitive;14.356533333333337
United Kingdom;Thousand tonnes;2025;Oil;Offshore;Offshore oil;Incomplete-flare;5.458966666666667
United Kingdom;Thousand tonnes;2025;Oil;Offshore;Offshore oil;Vented;57.43233333333333
United Kingdom;Thousand tonnes;2025;Oil;Unconventional;Unconventional oil;Abandoned facilities;0.0
United Kingdom;Thousand tonnes;2025;Oil;Unconventional;Unconventional oil;Fugitive;0.0
United Kingdom;Thousand tonnes;2025;Oil;Unconventional;Unconventional oil;Incomplete-flare;0.0
United Kingdom;Thousand tonnes;2025;Oil;Unconventional;Unconventional oil;Vented;0.0
United Kingdom;Thousand tonnes;2025;Satellite-detected large emitters;Satellite - downstream;Satellite - downstream;Fugitive;0.0
United Kingdom;Thousand tonnes;2025;Satellite-detected large emitters;Satellite - upstream;Satellite - upstream;Fugitive;0.0
United States;Thousand tonnes;2025;Gas;Conventional;Onshore conventional gas;Abandoned facilities;349.7820427841648
United States;Thousand tonnes;2025;Gas;Conventional;Onshore conventional gas;Fugitive;82.10266666666666
United States;Thousand tonnes;2025;Gas;Conventional;Onshore conventional gas;Incomplete-flare;0.0
United States;Thousand tonnes;2025;Gas;Conventional;Onshore conventional gas;Vented;204.95333333333332
United States;Thousand tonnes;2025;Gas;Downstream;Downstream gas;Fugitive;910.8333333333334
United States;Thousand tonnes;2025;Gas;Downstream;Downstream gas;Vented;1223.8666666666666
United States;Thousand tonnes;2025;Gas;Offshore;Offshore gas;Fugitive;17.9371
United States;Thousand tonnes;2025;Gas;Offshore;Offshore gas;Incomplete-flare;0.0
United States;Thousand tonnes;2025;Gas;Offshore;Offshore gas;Vented;44.77633333333333
United States;Thousand tonnes;2025;Gas;Unconventional;Unconventional gas;Abandoned facilities;586.4046281272747
United States;Thousand tonnes;2025;Gas;Unconventional;Unconventional gas;Fugitive;1963.6633333333332
United States;Thousand tonnes;2025;Gas;Unconventional;Unconventional gas;Incomplete-flare;0.0
United States;Thousand tonnes;2025;Gas;Unconventional;Unconventional gas;Vented;4902.033333333334
United States;Thousand tonnes;2025;Oil;Conventional;Onshore conventional oil;Abandoned facilities;249.22159703305888
United States;Thousand tonnes;2025;Oil;Conventional;Onshore conventional oil;Fugitive;298.968
United States;Thousand tonnes;2025;Oil;Conventional;Onshore conventional oil;Incomplete-flare;46.594
United States;Thousand tonnes;2025;Oil;Conventional;Onshore conventional oil;Vented;1195.8366666666666
United States;Thousand tonnes;2025;Oil;Downstream;Downstream oil;Fugitive;26.194466666666663
United States;Thousand tonnes;2025;Oil;Downstream;Downstream oil;Vented;113.212
United States;Thousand tonnes;2025;Oil;Offshore;Offshore oil;Fugitive;69.78999999999999
United States;Thousand tonnes;2025;Oil;Offshore;Offshore oil;Incomplete-flare;13.147533333333334
United States;Thousand tonnes;2025;Oil;Offshore;Offshore oil;Vented;279.152
United States;Thousand tonnes;2025;Oil;Unconventional;Unconventional oil;Abandoned facilities;188.84831173379692
United States;Thousand tonnes;2025;Oil;Unconventional;Unconventional oil;Fugitive;794.4599999999999
United States;Thousand tonnes;2025;Oil;Unconventional;Unconventional oil;Incomplete-flare;238.376
United States;Thousand tonnes;2025;Oil;Unconventional;Unconventional oil;Vented;3177.7966666666666
United States;Thousand tonnes;2025;Satellite-detected large emitters;Satellite - downstream;Satellite - downstream;Fugitive;542.4
United States;Thousand tonnes;2025;Satellite-detected large emitters;Satellite - upstream;Satellite - upstream;Fugitive;232.5
Uruguay;Thousand tonnes;2025;Gas;Conventional;Onshore conventional gas;Abandoned facilities;0.0
Uruguay;Thousand tonnes;2025;Gas;Conventional;Onshore conventional gas;Fugitive;0.0
Uruguay;Thousand tonnes;2025;Gas;Conventional;Onshore conventional gas;Incomplete-flare;0.0
Uruguay;Thousand tonnes;2025;Gas;Conventional;Onshore conventional gas;Vented;0.0
Uruguay;Thousand tonnes;2025;Gas;Downstream;Downstream gas;Fugitive;0.1631883333333333
Uruguay;Thousand tonnes;2025;Gas;Downstream;Downstream gas;Vented;0.219275
Uruguay;Thousand tonnes;2025;Gas;Offshore;Offshore gas;Fugitive;0.0
Uruguay;Thousand tonnes;2025;Gas;Offshore;Offshore gas;Incomplete-flare;0.0
Uruguay;Thousand tonnes;2025;Gas;Offshore;Offshore gas;Vented;0.0
Uruguay;Thousand tonnes;2025;Gas;Unconventional;Unconventional gas;Abandoned facilities;0.0
Uruguay;Thousand tonnes;2025;Gas;Unconventional;Unconventional gas;Fugitive;0.0
Uruguay;Thousand tonnes;2025;Gas;Unconventional;Unconventional gas;Incomplete-flare;0.0
Uruguay;Thousand tonnes;2025;Gas;Unconventional;Unconventional gas;Vented;0.0
Uruguay;Thousand tonnes;2025;Oil;Conventional;Onshore conventional oil;Abandoned facilities;0.0
Uruguay;Thousand tonnes;2025;Oil;Conventional;Onshore conventional oil;Fugitive;0.0
Uruguay;Thousand tonnes;2025;Oil;Conventional;Onshore conventional oil;Incomplete-flare;0.0
Uruguay;Thousand tonnes;2025;Oil;Conventional;Onshore conventional oil;Vented;0.0
Uruguay;Thousand tonnes;2025;Oil;Downstream;Downstream oil;Fugitive;0.0602336666666666
Uruguay;Thousand tonnes;2025;Oil;Downstream;Downstream oil;Vented;0.259857
Uruguay;Thousand tonnes;2025;Oil;Offshore;Offshore oil;Fugitive;0.0
Uruguay;Thousand tonnes;2025;Oil;Offshore;Offshore oil;Incomplete-flare;0.0
Uruguay;Thousand tonnes;2025;Oil;Offshore;Offshore oil;Vented;0.0
Uruguay;Thousand tonnes;2025;Oil;Unconventional;Unconventional oil;Abandoned facilities;0.0
Uruguay;Thousand tonnes;2025;Oil;Unconventional;Unconventional oil;Fugitive;0.0
Uruguay;Thousand tonnes;2025;Oil;Unconventional;Unconventional oil;Incomplete-flare;0.0
Uruguay;Thousand tonnes;2025;Oil;Unconventional;Unconventional oil;Vented;0.0
Uruguay;Thousand tonnes;2025;Satellite-detected large emitters;Satellite - downstream;Satellite - downstream;Fugitive;0.0
Uruguay;Thousand tonnes;2025;Satellite-detected large emitters;Satellite - upstream;Satellite - upstream;Fugitive;0.0
Uzbekistan;Thousand tonnes;2025;Gas;Conventional;Onshore conventional gas;Abandoned facilities;89.61355594998507
Uzbekistan;Thousand tonnes;2025;Gas;Conventional;Onshore conventional gas;Fugitive;198.2576666666667
Uzbekistan;Thousand tonnes;2025;Gas;Conventional;Onshore conventional gas;Incomplete-flare;0.0
Uzbekistan;Thousand tonnes;2025;Gas;Conventional;Onshore conventional gas;Vented;494.9133333333333
Uzbekistan;Thousand tonnes;2025;Gas;Downstream;Downstream gas;Fugitive;168.553
Uzbekistan;Thousand tonnes;2025;Gas;Downstream;Downstream gas;Vented;226.48233333333332
Uzbekistan;Thousand tonnes;2025;Gas;Offshore;Offshore gas;Fugitive;0.0
Uzbekistan;Thousand tonnes;2025;Gas;Offshore;Offshore gas;Incomplete-flare;0.0
Uzbekistan;Thousand tonnes;2025;Gas;Offshore;Offshore gas;Vented;0.0
Uzbekistan;Thousand tonnes;2025;Gas;Unconventional;Unconventional gas;Abandoned facilities;0.0
Uzbekistan;Thousand tonnes;2025;Gas;Unconventional;Unconventional gas;Fugitive;0.0
Uzbekistan;Thousand tonnes;2025;Gas;Unconventional;Unconventional gas;Incomplete-flare;0.0
Uzbekistan;Thousand tonnes;2025;Gas;Unconventional;Unconventional gas;Vented;0.0
Uzbekistan;Thousand tonnes;2025;Oil;Conventional;Onshore conventional oil;Abandoned facilities;7.424188375828966
Uzbekistan;Thousand tonnes;2025;Oil;Conventional;Onshore conventional oil;Fugitive;26.5882
Uzbekistan;Thousand tonnes;2025;Oil;Conventional;Onshore conventional oil;Incomplete-flare;29.937666666666665
Uzbekistan;Thousand tonnes;2025;Oil;Conventional;Onshore conventional oil;Vented;106.35333333333332
Uzbekistan;Thousand tonnes;2025;Oil;Downstream;Downstream oil;Fugitive;0.9425166666666668
Uzbekistan;Thousand tonnes;2025;Oil;Downstream;Downstream oil;Vented;4.069566666666667
Uzbekistan;Thousand tonnes;2025;Oil;Offshore;Offshore oil;Fugitive;0.0
Uzbekistan;Thousand tonnes;2025;Oil;Offshore;Offshore oil;Incomplete-flare;0.0
Uzbekistan;Thousand tonnes;2025;Oil;Offshore;Offshore oil;Vented;0.0
Uzbekistan;Thousand tonnes;2025;Oil;Unconventional;Unconventional oil;Abandoned facilities;0.0
Uzbekistan;Thousand tonnes;2025;Oil;Unconventional;Unconventional oil;Fugitive;0.0
Uzbekistan;Thousand tonnes;2025;Oil;Unconventional;Unconventional oil;Incomplete-flare;0.0
Uzbekistan;Thousand tonnes;2025;Oil;Unconventional;Unconventional oil;Vented;0.0
Uzbekistan;Thousand tonnes;2025;Satellite-detected large emitters;Satellite - downstream;Satellite - downstream;Fugitive;38.5
Uzbekistan;Thousand tonnes;2025;Satellite-detected large emitters;Satellite - upstream;Satellite - upstream;Fugitive;86.6
Venezuela;Thousand tonnes;2025;Gas;Conventional;Onshore conventional gas;Abandoned facilities;14.931225686257756
Venezuela;Thousand tonnes;2025;Gas;Conventional;Onshore conventional gas;Fugitive;46.748333333333335
Venezuela;Thousand tonnes;2025;Gas;Conventional;Onshore conventional gas;Incomplete-flare;0.0
Venezuela;Thousand tonnes;2025;Gas;Conventional;Onshore conventional gas;Vented;116.69966666666666
Venezuela;Thousand tonnes;2025;Gas;Downstream;Downstream gas;Fugitive;37.97266666666667
Venezuela;Thousand tonnes;2025;Gas;Downstream;Downstream gas;Vented;51.024
Venezuela;Thousand tonnes;2025;Gas;Offshore;Offshore gas;Fugitive;17.6022
Venezuela;Thousand tonnes;2025;Gas;Offshore;Offshore gas;Incomplete-flare;0.0
Venezuela;Thousand tonnes;2025;Gas;Offshore;Offshore gas;Vented;43.941
Venezuela;Thousand tonnes;2025;Gas;Unconventional;Unconventional gas;Abandoned facilities;0.0
Venezuela;Thousand tonnes;2025;Gas;Unconventional;Unconventional gas;Fugitive;0.0
Venezuela;Thousand tonnes;2025;Gas;Unconventional;Unconventional gas;Incomplete-flare;0.0
Venezuela;Thousand tonnes;2025;Gas;Unconventional;Unconventional gas;Vented;0.0
Venezuela;Thousand tonnes;2025;Oil;Conventional;Onshore conventional oil;Abandoned facilities;67.13841285813209
Venezuela;Thousand tonnes;2025;Oil;Conventional;Onshore conventional oil;Fugitive;411.38666666666666
Venezuela;Thousand tonnes;2025;Oil;Conventional;Onshore conventional oil;Incomplete-flare;495.2033333333333
Venezuela;Thousand tonnes;2025;Oil;Conventional;Onshore conventional oil;Vented;1645.5433333333335
Venezuela;Thousand tonnes;2025;Oil;Downstream;Downstream oil;Fugitive;2.769276666666667
Venezuela;Thousand tonnes;2025;Oil;Downstream;Downstream oil;Vented;11.957433333333334
Venezuela;Thousand tonnes;2025;Oil;Offshore;Offshore oil;Fugitive;22.7008
Venezuela;Thousand tonnes;2025;Oil;Offshore;Offshore oil;Incomplete-flare;88.01266666666668
Venezuela;Thousand tonnes;2025;Oil;Offshore;Offshore oil;Vented;90.80333333333331
Venezuela;Thousand tonnes;2025;Oil;Unconventional;Unconventional oil;Abandoned facilities;0.0
Venezuela;Thousand tonnes;2025;Oil;Unconventional;Unconventional oil;Fugitive;0.0
Venezuela;Thousand tonnes;2025;Oil;Unconventional;Unconventional oil;Incomplete-flare;330.2206666666667
Venezuela;Thousand tonnes;2025;Oil;Unconventional;Unconventional oil;Vented;0.0
Venezuela;Thousand tonnes;2025;Satellite-detected large emitters;Satellite - downstream;Satellite - downstream;Fugitive;90.9
Venezuela;Thousand tonnes;2025;Satellite-detected large emitters;Satellite - upstream;Satellite - upstream;Fugitive;22.7
Viet Nam;Thousand tonnes;2025;Gas;Conventional;Onshore conventional gas;Abandoned facilities;0.1146155083062172
Viet Nam;Thousand tonnes;2025;Gas;Conventional;Onshore conventional gas;Fugitive;0.0305187333333333
Viet Nam;Thousand tonnes;2025;Gas;Conventional;Onshore conventional gas;Incomplete-flare;0.0
Viet Nam;Thousand tonnes;2025;Gas;Conventional;Onshore conventional gas;Vented;0.0761863333333333
Viet Nam;Thousand tonnes;2025;Gas;Downstream;Downstream gas;Fugitive;6.215433333333333
Viet Nam;Thousand tonnes;2025;Gas;Downstream;Downstream gas;Vented;8.351733333333334
Viet Nam;Thousand tonnes;2025;Gas;Offshore;Offshore gas;Fugitive;5.0949333333333335
Viet Nam;Thousand tonnes;2025;Gas;Offshore;Offshore gas;Incomplete-flare;0.0
Viet Nam;Thousand tonnes;2025;Gas;Offshore;Offshore gas;Vented;12.7189
Viet Nam;Thousand tonnes;2025;Gas;Unconventional;Unconventional gas;Abandoned facilities;0.0
Viet Nam;Thousand tonnes;2025;Gas;Unconventional;Unconventional gas;Fugitive;0.0
Viet Nam;Thousand tonnes;2025;Gas;Unconventional;Unconventional gas;Incomplete-flare;0.0
Viet Nam;Thousand tonnes;2025;Gas;Unconventional;Unconventional gas;Vented;0.0
Viet Nam;Thousand tonnes;2025;Oil;Conventional;Onshore conventional oil;Abandoned facilities;0.0672253785170339
Viet Nam;Thousand tonnes;2025;Oil;Conventional;Onshore conventional oil;Fugitive;0.0
Viet Nam;Thousand tonnes;2025;Oil;Conventional;Onshore conventional oil;Incomplete-flare;0.1106456666666666
Viet Nam;Thousand tonnes;2025;Oil;Conventional;Onshore conventional oil;Vented;0.0
Viet Nam;Thousand tonnes;2025;Oil;Downstream;Downstream oil;Fugitive;0.7432233333333333
Viet Nam;Thousand tonnes;2025;Oil;Downstream;Downstream oil;Vented;3.2101566666666668
Viet Nam;Thousand tonnes;2025;Oil;Offshore;Offshore oil;Fugitive;15.539566666666667
Viet Nam;Thousand tonnes;2025;Oil;Offshore;Offshore oil;Incomplete-flare;1.1372666666666666
Viet Nam;Thousand tonnes;2025;Oil;Offshore;Offshore oil;Vented;62.156666666666666
Viet Nam;Thousand tonnes;2025;Oil;Unconventional;Unconventional oil;Abandoned facilities;0.0
Viet Nam;Thousand tonnes;2025;Oil;Unconventional;Unconventional oil;Fugitive;0.0
Viet Nam;Thousand tonnes;2025;Oil;Unconventional;Unconventional oil;Incomplete-flare;0.0
Viet Nam;Thousand tonnes;2025;Oil;Unconventional;Unconventional oil;Vented;0.0
Viet Nam;Thousand tonnes;2025;Satellite-detected large emitters;Satellite - downstream;Satellite - downstream;Fugitive;0.0
Viet Nam;Thousand tonnes;2025;Satellite-detected large emitters;Satellite - upstream;Satellite - upstream;Fugitive;0.0
World;Thousand tonnes;2025;Gas;Conventional;Onshore conventional gas;Abandoned facilities;1424.6285488477322
World;Thousand tonnes;2025;Gas;Conventional;Onshore conventional gas;Fugitive;2122.15494204
World;Thousand tonnes;2025;Gas;Conventional;Onshore conventional gas;Incomplete-flare;0.0
World;Thousand tonnes;2025;Gas;Conventional;Onshore conventional gas;Vented;5297.576904300001
World;Thousand tonnes;2025;Gas;Downstream;Downstream gas;Fugitive;3905.555924666667
World;Thousand tonnes;2025;Gas;Downstream;Downstream gas;Vented;5247.841928999998
World;Thousand tonnes;2025;Gas;Offshore;Offshore gas;Fugitive;1086.9128910666666
World;Thousand tonnes;2025;Gas;Offshore;Offshore gas;Incomplete-flare;0.0
World;Thousand tonnes;2025;Gas;Offshore;Offshore gas;Vented;2713.2220421333336
World;Thousand tonnes;2025;Gas;Unconventional;Unconventional gas;Abandoned facilities;601.7597852874858
World;Thousand tonnes;2025;Gas;Unconventional;Unconventional gas;Fugitive;2654.96930284
World;Thousand tonnes;2025;Gas;Unconventional;Unconventional gas;Incomplete-flare;0.0
World;Thousand tonnes;2025;Gas;Unconventional;Unconventional gas;Vented;6627.7425299000015
World;Thousand tonnes;2025;Oil;Conventional;Onshore conventional oil;Abandoned facilities;1103.29865618615
World;Thousand tonnes;2025;Oil;Conventional;Onshore conventional oil;Fugitive;4202.316460733334
World;Thousand tonnes;2025;Oil;Conventional;Onshore conventional oil;Incomplete-flare;6790.197731396667
World;Thousand tonnes;2025;Oil;Conventional;Onshore conventional oil;Vented;16809.262295533335
World;Thousand tonnes;2025;Oil;Downstream;Downstream oil;Fugitive;174.31267386666667
World;Thousand tonnes;2025;Oil;Downstream;Downstream oil;Vented;752.6751500000001
World;Thousand tonnes;2025;Oil;Offshore;Offshore oil;Fugitive;1525.7774953666667
World;Thousand tonnes;2025;Oil;Offshore;Offshore oil;Incomplete-flare;1066.2090156410004
World;Thousand tonnes;2025;Oil;Offshore;Offshore oil;Vented;6103.111786
World;Thousand tonnes;2025;Oil;Unconventional;Unconventional oil;Abandoned facilities;205.5926732534025
World;Thousand tonnes;2025;Oil;Unconventional;Unconventional oil;Fugitive;912.5331666666666
World;Thousand tonnes;2025;Oil;Unconventional;Unconventional oil;Incomplete-flare;627.7492005666667
World;Thousand tonnes;2025;Oil;Unconventional;Unconventional oil;Vented;3650.099
World;Thousand tonnes;2025;Satellite-detected large emitters;Satellite - downstream;Satellite - downstream;Fugitive;2603.9
World;Thousand tonnes;2025;Satellite-detected large emitters;Satellite - upstream;Satellite - upstream;Fugitive;2798.3
Yemen;Thousand tonnes;2025;Gas;Conventional;Onshore conventional gas;Abandoned facilities;0.0
Yemen;Thousand tonnes;2025;Gas;Conventional;Onshore conventional gas;Fugitive;0.0814553333333333
Yemen;Thousand tonnes;2025;Gas;Conventional;Onshore conventional gas;Incomplete-flare;0.0
Yemen;Thousand tonnes;2025;Gas;Conventional;Onshore conventional gas;Vented;0.2033366666666666
Yemen;Thousand tonnes;2025;Gas;Downstream;Downstream gas;Fugitive;0.0
Yemen;Thousand tonnes;2025;Gas;Downstream;Downstream gas;Vented;0.0
Yemen;Thousand tonnes;2025;Gas;Offshore;Offshore gas;Fugitive;0.0
Yemen;Thousand tonnes;2025;Gas;Offshore;Offshore gas;Incomplete-flare;0.0
Yemen;Thousand tonnes;2025;Gas;Offshore;Offshore gas;Vented;0.0
Yemen;Thousand tonnes;2025;Gas;Unconventional;Unconventional gas;Abandoned facilities;0.0
Yemen;Thousand tonnes;2025;Gas;Unconventional;Unconventional gas;Fugitive;0.0
Yemen;Thousand tonnes;2025;Gas;Unconventional;Unconventional gas;Incomplete-flare;0.0
Yemen;Thousand tonnes;2025;Gas;Unconventional;Unconventional gas;Vented;0.0
Yemen;Thousand tonnes;2025;Oil;Conventional;Onshore conventional oil;Abandoned facilities;27.844779448967305
Yemen;Thousand tonnes;2025;Oil;Conventional;Onshore conventional oil;Fugitive;23.484366666666663
Yemen;Thousand tonnes;2025;Oil;Conventional;Onshore conventional oil;Incomplete-flare;29.0795
Yemen;Thousand tonnes;2025;Oil;Conventional;Onshore conventional oil;Vented;93.93766666666669
Yemen;Thousand tonnes;2025;Oil;Downstream;Downstream oil;Fugitive;1.5916366666666666
Yemen;Thousand tonnes;2025;Oil;Downstream;Downstream oil;Vented;6.871566666666666
Yemen;Thousand tonnes;2025;Oil;Offshore;Offshore oil;Fugitive;0.0
Yemen;Thousand tonnes;2025;Oil;Offshore;Offshore oil;Incomplete-flare;0.0
Yemen;Thousand tonnes;2025;Oil;Offshore;Offshore oil;Vented;0.0
Yemen;Thousand tonnes;2025;Oil;Unconventional;Unconventional oil;Abandoned facilities;0.0
Yemen;Thousand tonnes;2025;Oil;Unconventional;Unconventional oil;Fugitive;0.0
Yemen;Thousand tonnes;2025;Oil;Unconventional;Unconventional oil;Incomplete-flare;0.0
Yemen;Thousand tonnes;2025;Oil;Unconventional;Unconventional oil;Vented;0.0
Yemen;Thousand tonnes;2025;Satellite-detected large emitters;Satellite - downstream;Satellite - downstream;Fugitive;12.1
Yemen;Thousand tonnes;2025;Satellite-detected large emitters;Satellite - upstream;Satellite - upstream;Fugitive;3.0
