{"type":"FeatureCollection","features":[{"type":"Feature","geometry":{"type":"Point","coordinates":[14.999,37.748]},"properties":{"id":1,"year":1169,"month":2,"day":4,"tsunamiEventId":2852,"earthquakeEventId":421,"volcanoLocationId":10106,"volcanoLocationNewNum":211060,"volcanoLocationNum":"0101-06=","name":"Etna","location":"Italy","country":"Italy","latitude":37.748,"longitude":14.999,"elevation":3357,"morphology":"Stratovolcano","agent":"S,W","deathsTotal":16000,"deathsAmountOrderTotal":4,"damageAmountOrderTotal":4,"significant":true,"publish":false,"eruption":true,"status":"Historical","timeErupt":"D1","date":"1169-02-04","group":"VEI not recorded"}},{"type":"Feature","geometry":{"type":"Point","coordinates":[14.999,37.748]},"properties":{"id":2,"year":1329,"month":7,"day":15,"volcanoLocationId":10106,"volcanoLocationNewNum":211060,"volcanoLocationNum":"0101-06=","name":"Etna","location":"Italy","country":"Italy","latitude":37.748,"longitude":14.999,"elevation":3357,"morphology":"Stratovolcano","vei":3,"agent":"I","deathsAmountOrder":3,"deathsAmountOrderTotal":3,"significant":true,"publish":false,"eruption":true,"status":"Historical","timeErupt":"D1","date":"1329-07-15","group":"VEI 3"}},{"type":"Feature","geometry":{"type":"Point","coordinates":[43.38,-11.75]},"properties":{"id":3,"year":1883,"month":3,"volcanoLocationId":30301,"volcanoLocationNewNum":233010,"volcanoLocationNum":"0303-01=","name":"Karthala","location":"Indian O-W","country":"Comoros","latitude":-11.75,"longitude":43.38,"elevation":2361,"morphology":"Shield volcano","vei":2,"agent":"L","deathsAmountOrder":3,"damageAmountOrder":3,"deathsAmountOrderTotal":3,"damageAmountOrderTotal":3,"significant":true,"publish":false,"eruption":true,"status":"Historical","timeErupt":"D1","date":"1883-03","group":"VEI 2"}},{"type":"Feature","geometry":{"type":"Point","coordinates":[148.115,-5.519]},"properties":{"id":4,"year":1888,"month":3,"day":13,"tsunamiEventId":1175,"volcanoLocationId":50107,"volcanoLocationNewNum":251070,"volcanoLocationNum":"0501-07=","name":"Ritter Island","location":"New Guinea-NE of","country":"Papua New Guinea","latitude":-5.519,"longitude":148.115,"elevation":75,"morphology":"Stratovolcano","vei":2,"agent":"W","deathsAmountOrderTotal":4,"damageAmountOrderTotal":3,"housesDestroyedAmountOrderTotal":3,"significant":true,"publish":false,"eruption":true,"status":"Historical","timeErupt":"D1","date":"1888-03-13","group":"VEI 2"}},{"type":"Feature","geometry":{"type":"Point","coordinates":[152.194,-4.246]},"properties":{"id":5,"year":1850,"volcanoLocationId":50214,"volcanoLocationNewNum":252140,"volcanoLocationNum":"0502-14=","name":"Rabaul","location":"New Britain-SW Pac","country":"Papua New Guinea","latitude":-4.246,"longitude":152.194,"elevation":688,"morphology":"Pyroclastic shield","vei":2,"agent":"T","deathsAmountOrder":3,"deathsAmountOrderTotal":3,"significant":true,"publish":false,"eruption":true,"status":"Historical","timeErupt":"D1","date":"1850","group":"VEI 2"}},{"type":"Feature","geometry":{"type":"Point","coordinates":[14.999,37.748]},"properties":{"id":6,"year":1832,"month":11,"day":1,"volcanoLocationId":10106,"volcanoLocationNewNum":211060,"volcanoLocationNum":"0101-06=","name":"Etna","location":"Italy","country":"Italy","latitude":37.748,"longitude":14.999,"elevation":3357,"morphology":"Stratovolcano","vei":2,"agent":"L","deathsAmountOrder":2,"deathsAmountOrderTotal":2,"significant":true,"publish":false,"eruption":true,"status":"Historical","timeErupt":"D1","date":"1832-11-01","group":"VEI 2"}},{"type":"Feature","geometry":{"type":"Point","coordinates":[29.25,-1.52]},"properties":{"id":7,"year":1977,"month":1,"day":10,"volcanoLocationId":20303,"volcanoLocationNewNum":223030,"volcanoLocationNum":"0203-03=","name":"Nyiragongo","location":"Africa-C","country":"Congo, DRC","latitude":-1.52,"longitude":29.25,"elevation":3470,"morphology":"Stratovolcano","vei":1,"agent":"L","deathsAmountOrder":2,"damageAmountOrder":3,"deathsAmountOrderTotal":2,"damageAmountOrderTotal":3,"significant":true,"publish":false,"eruption":true,"status":"Historical","timeErupt":"D1","date":"1977-01-10","group":"VEI 1"}},{"type":"Feature","geometry":{"type":"Point","coordinates":[14.426,40.821]},"properties":{"id":8,"year":787,"volcanoLocationId":10102,"volcanoLocationNewNum":211020,"volcanoLocationNum":"0101-02=","name":"Vesuvius","location":"Italy","country":"Italy","latitude":40.821,"longitude":14.426,"elevation":1281,"morphology":"Complex volcano","vei":3,"deathsAmountOrder":1,"damageAmountOrder":1,"deathsAmountOrderTotal":1,"damageAmountOrderTotal":1,"significant":true,"publish":false,"eruption":true,"status":"Historical","timeErupt":"D2","date":"0787","group":"VEI 3"}},{"type":"Feature","geometry":{"type":"Point","coordinates":[14.426,40.821]},"properties":{"id":9,"year":1779,"month":8,"day":8,"volcanoLocationId":10102,"volcanoLocationNewNum":211020,"volcanoLocationNum":"0101-02=","name":"Vesuvius","location":"Italy","country":"Italy","latitude":40.821,"longitude":14.426,"elevation":1281,"morphology":"Complex volcano","vei":3,"deathsAmountOrder":1,"deathsAmountOrderTotal":1,"significant":true,"publish":false,"eruption":true,"status":"Historical","timeErupt":"D2","date":"1779-08-08","group":"VEI 3"}},{"type":"Feature","geometry":{"type":"Point","coordinates":[13.897,40.73]},"properties":{"id":10,"year":1302,"volcanoLocationId":10103,"volcanoLocationNewNum":211030,"volcanoLocationNum":"0101-03=","name":"Ischia","location":"Italy","country":"Italy","latitude":40.73,"longitude":13.897,"elevation":789,"morphology":"Complex volcano","deathsAmountOrder":1,"deathsAmountOrderTotal":1,"significant":true,"publish":false,"eruption":true,"status":"Historical","timeErupt":"D6","date":"1302","group":"VEI not recorded"}},{"type":"Feature","geometry":{"type":"Point","coordinates":[40.573,12.888]},"properties":{"id":11,"year":1907,"month":8,"day":4,"volcanoLocationId":201112,"volcanoLocationNewNum":221112,"volcanoLocationNum":"0201-112","name":"Alayta","location":"Africa-NE","country":"Ethiopia","latitude":12.888,"longitude":40.573,"elevation":1496,"morphology":"Shield volcano","vei":2,"deathsAmountOrder":1,"deathsAmountOrderTotal":1,"significant":true,"publish":false,"eruption":true,"status":"Historical","timeErupt":"D2","date":"1907-08-04","group":"VEI 2"}},{"type":"Feature","geometry":{"type":"Point","coordinates":[14.426,40.821]},"properties":{"id":12,"year":1905,"month":3,"day":10,"volcanoLocationId":10102,"volcanoLocationNewNum":211020,"volcanoLocationNum":"0101-02=","name":"Vesuvius","location":"Italy","country":"Italy","latitude":40.821,"longitude":14.426,"elevation":1281,"morphology":"Complex volcano","vei":2,"agent":"T","deaths":1,"deathsAmountOrder":1,"injuries":1,"injuriesAmountOrder":1,"deathsTotal":1,"deathsAmountOrderTotal":1,"injuriesTotal":1,"injuriesAmountOrderTotal":1,"significant":true,"publish":false,"eruption":true,"status":"Historical","timeErupt":"D2","date":"1905-03-10","group":"VEI 2"}},{"type":"Feature","geometry":{"type":"Point","coordinates":[15.213,38.789]},"properties":{"id":13,"year":1986,"month":7,"day":24,"volcanoLocationId":10104,"volcanoLocationNewNum":211040,"volcanoLocationNum":"0101-04=","name":"Stromboli","location":"Italy","country":"Italy","latitude":38.789,"longitude":15.213,"elevation":924,"morphology":"Stratovolcano","vei":2,"agent":"T","deaths":1,"deathsAmountOrder":1,"deathsTotal":1,"deathsAmountOrderTotal":1,"significant":true,"publish":false,"eruption":true,"status":"Historical","timeErupt":"D1","date":"1986-07-24","group":"VEI 2"}},{"type":"Feature","geometry":{"type":"Point","coordinates":[14.999,37.748]},"properties":{"id":14,"year":1536,"month":3,"day":26,"volcanoLocationId":10106,"volcanoLocationNewNum":211060,"volcanoLocationNum":"0101-06=","name":"Etna","location":"Italy","country":"Italy","latitude":37.748,"longitude":14.999,"elevation":3357,"morphology":"Stratovolcano","vei":3,"agent":"T","deaths":1,"deathsAmountOrder":1,"deathsTotal":1,"deathsAmountOrderTotal":1,"significant":true,"publish":false,"eruption":true,"status":"Historical","timeErupt":"D1","date":"1536-03-26","group":"VEI 3"}},{"type":"Feature","geometry":{"type":"Point","coordinates":[43.38,-11.75]},"properties":{"id":15,"year":1904,"month":2,"day":25,"volcanoLocationId":30301,"volcanoLocationNewNum":233010,"volcanoLocationNum":"0303-01=","name":"Karthala","location":"Indian O-W","country":"Comoros","latitude":-11.75,"longitude":43.38,"elevation":2361,"morphology":"Shield volcano","vei":2,"agent":"L","deaths":1,"deathsAmountOrder":1,"damageAmountOrder":1,"deathsTotal":1,"deathsAmountOrderTotal":1,"damageAmountOrderTotal":1,"significant":true,"publish":false,"eruption":true,"status":"Historical","timeErupt":"D1","date":"1904-02-25","group":"VEI 2"}},{"type":"Feature","geometry":{"type":"Point","coordinates":[152.194,-4.246]},"properties":{"id":16,"year":1878,"month":2,"day":4,"tsunamiEventId":1095,"earthquakeEventId":6195,"volcanoLocationId":50214,"volcanoLocationNewNum":252140,"volcanoLocationNum":"0502-14=","name":"Rabaul","location":"New Britain-SW Pac","country":"Papua New Guinea","latitude":-4.246,"longitude":152.194,"elevation":688,"morphology":"Pyroclastic shield","vei":3,"agent":"T","deaths":1,"deathsAmountOrder":1,"deathsTotal":1,"deathsAmountOrderTotal":1,"significant":true,"publish":false,"eruption":true,"status":"Historical","timeErupt":"D1","date":"1878-02-04","group":"VEI 3"}},{"type":"Feature","geometry":{"type":"Point","coordinates":[14.426,40.821]},"properties":{"id":17,"year":1737,"month":5,"day":20,"volcanoLocationId":10102,"volcanoLocationNewNum":211020,"volcanoLocationNum":"0101-02=","name":"Vesuvius","location":"Italy","country":"Italy","latitude":40.821,"longitude":14.426,"elevation":1281,"morphology":"Complex volcano","vei":3,"agent":"T","deaths":2,"deathsAmountOrder":1,"damageAmountOrder":2,"deathsTotal":2,"deathsAmountOrderTotal":1,"damageAmountOrderTotal":2,"significant":true,"publish":false,"eruption":true,"status":"Historical","timeErupt":"D2","date":"1737-05-20","group":"VEI 3"}},{"type":"Feature","geometry":{"type":"Point","coordinates":[176.507,-38.157]},"properties":{"id":18,"year":1917,"month":4,"day":1,"volcanoLocationId":40105,"volcanoLocationNewNum":241050,"volcanoLocationNum":"0401-05=","name":"Okataina","location":"New Zealand","country":"New Zealand","latitude":-38.157,"longitude":176.507,"elevation":1111,"morphology":"Lava dome","vei":1,"agent":"T","deaths":2,"deathsAmountOrder":1,"injuries":3,"injuriesAmountOrder":1,"deathsTotal":2,"deathsAmountOrderTotal":1,"injuriesTotal":3,"injuriesAmountOrderTotal":1,"significant":true,"publish":false,"eruption":true,"status":"Historical","timeErupt":"D1","date":"1917-04-01","group":"VEI 1"}},{"type":"Feature","geometry":{"type":"Point","coordinates":[145.037,-4.08]},"properties":{"id":19,"year":1899,"volcanoLocationId":50102,"volcanoLocationNewNum":251020,"volcanoLocationNum":"0501-02=","name":"Manam","location":"New Guinea-NE of","country":"Papua New Guinea","latitude":-4.08,"longitude":145.037,"elevation":1807,"morphology":"Stratovolcano","vei":2,"deaths":2,"deathsAmountOrder":1,"deathsTotal":2,"deathsAmountOrderTotal":1,"significant":true,"publish":false,"eruption":true,"status":"Historical","timeErupt":"D1","date":"1899","group":"VEI 2"}},{"type":"Feature","geometry":{"type":"Point","coordinates":[145.976,-4.647]},"properties":{"id":20,"year":1979,"month":3,"day":8,"volcanoLocationId":50103,"volcanoLocationNewNum":251030,"volcanoLocationNum":"0501-03=","name":"Karkar","location":"New Guinea-NE of","country":"Papua New Guinea","latitude":-4.647,"longitude":145.976,"elevation":1839,"morphology":"Stratovolcano","vei":2,"agent":"P","deaths":2,"deathsAmountOrder":1,"deathsTotal":2,"deathsAmountOrderTotal":1,"significant":true,"publish":false,"eruption":true,"status":"Historical","timeErupt":"D1","date":"1979-03-08","group":"VEI 2"}},{"type":"Feature","geometry":{"type":"Point","coordinates":[14.139,40.827]},"properties":{"id":21,"year":1970,"month":3,"day":2,"volcanoLocationId":10101,"volcanoLocationNewNum":211010,"volcanoLocationNum":"0101-01=","name":"Campi Flegrei","location":"Italy","country":"Italy","latitude":40.827,"longitude":14.139,"elevation":458,"morphology":"Caldera","agent":"S","deaths":3,"deathsAmountOrder":1,"damageAmountOrder":1,"housesDestroyedAmountOrder":1,"deathsTotal":3,"deathsAmountOrderTotal":1,"damageAmountOrderTotal":1,"housesDestroyedAmountOrderTotal":1,"significant":true,"publish":false,"eruption":false,"status":"Historical","timeErupt":"D5","date":"1970-03-02","group":"VEI not recorded"}},{"type":"Feature","geometry":{"type":"Point","coordinates":[55.708,-21.244]},"properties":{"id":22,"year":1972,"month":8,"volcanoLocationId":30302,"volcanoLocationNewNum":233020,"volcanoLocationNum":"0303-02=","name":"Fournaise, Piton de la","location":"Indian O-W","country":"Reunion","latitude":-21.244,"longitude":55.708,"elevation":2632,"morphology":"Shield volcano","vei":2,"agent":"I","deaths":3,"deathsAmountOrder":1,"deathsTotal":3,"deathsAmountOrderTotal":1,"significant":true,"publish":false,"eruption":true,"status":"Historical","timeErupt":"D1","date":"1972-08","group":"VEI 2"}},{"type":"Feature","geometry":{"type":"Point","coordinates":[14.426,40.821]},"properties":{"id":23,"year":1682,"month":8,"day":12,"volcanoLocationId":10102,"volcanoLocationNewNum":211020,"volcanoLocationNum":"0101-02=","name":"Vesuvius","location":"Italy","country":"Italy","latitude":40.821,"longitude":14.426,"elevation":1281,"morphology":"Complex volcano","vei":3,"deaths":4,"deathsAmountOrder":1,"deathsTotal":4,"deathsAmountOrderTotal":1,"significant":true,"publish":false,"eruption":true,"status":"Historical","timeErupt":"D2","date":"1682-08-12","group":"VEI 3"}},{"type":"Feature","geometry":{"type":"Point","coordinates":[14.426,40.821]},"properties":{"id":24,"year":1805,"month":8,"day":11,"volcanoLocationId":10102,"volcanoLocationNewNum":211020,"volcanoLocationNum":"0101-02=","name":"Vesuvius","location":"Italy","country":"Italy","latitude":40.821,"longitude":14.426,"elevation":1281,"morphology":"Complex volcano","vei":2,"deaths":4,"deathsAmountOrder":1,"deathsTotal":4,"deathsAmountOrderTotal":1,"significant":true,"publish":false,"eruption":true,"status":"Historical","timeErupt":"D2","date":"1805-08-11","group":"VEI 2"}},{"type":"Feature","geometry":{"type":"Point","coordinates":[15.213,38.789]},"properties":{"id":25,"year":1919,"month":5,"day":22,"tsunamiEventId":1476,"volcanoLocationId":10104,"volcanoLocationNewNum":211040,"volcanoLocationNum":"0101-04=","name":"Stromboli","location":"Italy","country":"Italy","latitude":38.789,"longitude":15.213,"elevation":924,"morphology":"Stratovolcano","vei":3,"agent":"T","deaths":4,"deathsAmountOrder":1,"injuriesAmountOrder":3,"damageAmountOrder":1,"housesDestroyed":10,"housesDestroyedAmountOrder":1,"deathsTotal":4,"deathsAmountOrderTotal":1,"injuriesAmountOrderTotal":3,"damageAmountOrderTotal":1,"housesDestroyedTotal":10,"housesDestroyedAmountOrderTotal":1,"significant":true,"publish":false,"eruption":true,"status":"Historical","timeErupt":"D1","date":"1919-05-22","group":"VEI 3"}},{"type":"Feature","geometry":{"type":"Point","coordinates":[15.213,38.789]},"properties":{"id":26,"year":1930,"month":9,"day":11,"tsunamiEventId":4218,"volcanoLocationId":10104,"volcanoLocationNewNum":211040,"volcanoLocationNum":"0101-04=","name":"Stromboli","location":"Italy","country":"Italy","latitude":38.789,"longitude":15.213,"elevation":924,"morphology":"Stratovolcano","vei":3,"agent":"P,W,T","deaths":5,"deathsAmountOrder":1,"injuries":20,"injuriesAmountOrder":1,"damageAmountOrder":2,"deathsTotal":6,"deathsAmountOrderTotal":1,"injuriesTotal":20,"injuriesAmountOrderTotal":1,"damageAmountOrderTotal":2,"significant":true,"publish":false,"eruption":true,"status":"Historical","timeErupt":"D1","date":"1930-09-11","group":"VEI 3"}},{"type":"Feature","geometry":{"type":"Point","coordinates":[176.507,-38.157]},"properties":{"id":27,"year":1903,"month":8,"day":30,"volcanoLocationId":40105,"volcanoLocationNewNum":241050,"volcanoLocationNum":"0401-05=","name":"Okataina","location":"New Zealand","country":"New Zealand","latitude":-38.157,"longitude":176.507,"elevation":1111,"morphology":"Lava dome","vei":1,"agent":"T","deaths":4,"deathsAmountOrder":1,"deathsTotal":4,"deathsAmountOrderTotal":1,"significant":true,"publish":false,"eruption":true,"status":"Historical","timeErupt":"D1","date":"1903-08-30","group":"VEI 1"}},{"type":"Feature","geometry":{"type":"Point","coordinates":[14.999,37.748]},"properties":{"id":28,"year":1928,"month":11,"day":8,"volcanoLocationId":10106,"volcanoLocationNewNum":211060,"volcanoLocationNum":"0101-06=","name":"Etna","location":"Italy","country":"Italy","latitude":37.748,"longitude":14.999,"elevation":3357,"morphology":"Stratovolcano","vei":1,"agent":"L","deaths":5,"deathsAmountOrder":1,"deathsTotal":5,"deathsAmountOrderTotal":1,"significant":true,"publish":false,"eruption":true,"status":"Historical","timeErupt":"D1","date":"1928-11-08","group":"VEI 1"}},{"type":"Feature","geometry":{"type":"Point","coordinates":[14.426,40.821]},"properties":{"id":29,"year":1872,"month":4,"day":24,"volcanoLocationId":10102,"volcanoLocationNewNum":211020,"volcanoLocationNum":"0101-02=","name":"Vesuvius","location":"Italy","country":"Italy","latitude":40.821,"longitude":14.426,"elevation":1281,"morphology":"Complex volcano","vei":3,"agent":"L,G","deaths":9,"deathsAmountOrder":1,"injuries":11,"injuriesAmountOrder":1,"deathsTotal":9,"deathsAmountOrderTotal":1,"injuriesTotal":11,"injuriesAmountOrderTotal":1,"significant":true,"publish":false,"eruption":true,"status":"Historical","timeErupt":"D2","date":"1872-04-24","group":"VEI 3"}},{"type":"Feature","geometry":{"type":"Point","coordinates":[14.999,37.748]},"properties":{"id":30,"year":1979,"month":9,"day":12,"volcanoLocationId":10106,"volcanoLocationNewNum":211060,"volcanoLocationNum":"0101-06=","name":"Etna","location":"Italy","country":"Italy","latitude":37.748,"longitude":14.999,"elevation":3357,"morphology":"Stratovolcano","vei":3,"agent":"T","deaths":9,"deathsAmountOrder":1,"injuries":23,"injuriesAmountOrder":1,"deathsTotal":9,"deathsAmountOrderTotal":1,"injuriesTotal":23,"injuriesAmountOrderTotal":1,"significant":true,"publish":false,"eruption":true,"status":"Historical","timeErupt":"D1","date":"1979-09-12","group":"VEI 3"}},{"type":"Feature","geometry":{"type":"Point","coordinates":[14.999,37.748]},"properties":{"id":31,"year":1987,"month":4,"day":17,"volcanoLocationId":10106,"volcanoLocationNewNum":211060,"volcanoLocationNum":"0101-06=","name":"Etna","location":"Italy","country":"Italy","latitude":37.748,"longitude":14.999,"elevation":3357,"morphology":"Stratovolcano","vei":2,"agent":"T","deaths":2,"deathsAmountOrder":1,"injuries":7,"injuriesAmountOrder":1,"deathsTotal":2,"deathsAmountOrderTotal":1,"injuriesTotal":7,"injuriesAmountOrderTotal":1,"significant":true,"publish":false,"eruption":true,"status":"Historical","timeErupt":"D1","date":"1987-04-17","group":"VEI 2"}},{"type":"Feature","geometry":{"type":"Point","coordinates":[177.18,-37.52]},"properties":{"id":32,"year":1914,"month":9,"day":10,"volcanoLocationId":40104,"volcanoLocationNewNum":241040,"volcanoLocationNum":"0401-04=","name":"Whakaari/White Island","location":"New Zealand","country":"New Zealand","latitude":-37.52,"longitude":177.18,"elevation":294,"morphology":"Stratovolcano","agent":"A","deaths":11,"deathsAmountOrder":1,"deathsTotal":11,"deathsAmountOrderTotal":1,"significant":true,"publish":false,"eruption":false,"status":"Historical","timeErupt":"D1","date":"1914-09-10","group":"VEI not recorded"}},{"type":"Feature","geometry":{"type":"Point","coordinates":[-175.63,-15.6]},"properties":{"id":33,"year":1886,"month":8,"day":31,"volcanoLocationId":40311,"volcanoLocationNewNum":243110,"volcanoLocationNum":"0403-11=","name":"Niuafo'ou","location":"Tonga-SW Pacific","country":"Tonga","latitude":-15.6,"longitude":-175.63,"elevation":260,"morphology":"Shield volcano","vei":4,"deathsAmountOrder":1,"missingAmountOrder":1,"deathsAmountOrderTotal":1,"missingAmountOrderTotal":1,"significant":true,"publish":false,"eruption":true,"status":"Historical","timeErupt":"D1","date":"1886-08-31","group":"VEI 4"}},{"type":"Feature","geometry":{"type":"Point","coordinates":[29.2,-1.408]},"properties":{"id":34,"year":1912,"month":12,"day":3,"volcanoLocationId":20302,"volcanoLocationNewNum":223020,"volcanoLocationNum":"0203-02=","name":"Nyamulagira","location":"Africa-C","country":"Congo, DRC","latitude":-1.408,"longitude":29.2,"elevation":3058,"morphology":"Shield volcano","vei":3,"agent":"L","deaths":20,"deathsAmountOrder":1,"deathsTotal":20,"deathsAmountOrderTotal":1,"significant":true,"publish":false,"eruption":true,"status":"Historical","timeErupt":"D1","date":"1912-12-03","group":"VEI 3"}},{"type":"Feature","geometry":{"type":"Point","coordinates":[145.976,-4.647]},"properties":{"id":35,"year":1895,"month":6,"day":17,"volcanoLocationId":50103,"volcanoLocationNewNum":251030,"volcanoLocationNum":"0501-03=","name":"Karkar","location":"New Guinea-NE of","country":"Papua New Guinea","latitude":-4.647,"longitude":145.976,"elevation":1839,"morphology":"Stratovolcano","vei":2,"agent":"I,M","deaths":1,"deathsAmountOrder":1,"deathsTotal":21,"deathsAmountOrderTotal":1,"significant":true,"publish":false,"eruption":true,"status":"Historical","timeErupt":"D1","date":"1895-06-17","group":"VEI 2"}},{"type":"Feature","geometry":{"type":"Point","coordinates":[14.139,40.827]},"properties":{"id":36,"year":1538,"month":9,"day":29,"volcanoLocationId":10101,"volcanoLocationNewNum":211010,"volcanoLocationNum":"0101-01=","name":"Campi Flegrei","location":"Italy","country":"Italy","latitude":40.827,"longitude":14.139,"elevation":458,"morphology":"Caldera","vei":3,"agent":"T","deaths":24,"deathsAmountOrder":1,"deathsTotal":24,"deathsAmountOrderTotal":1,"significant":true,"publish":false,"eruption":true,"status":"Historical","timeErupt":"D5","date":"1538-09-29","group":"VEI 3"}},{"type":"Feature","geometry":{"type":"Point","coordinates":[-175.63,-15.6]},"properties":{"id":37,"year":1853,"month":6,"day":24,"volcanoLocationId":40311,"volcanoLocationNewNum":243110,"volcanoLocationNum":"0403-11=","name":"Niuafo'ou","location":"Tonga-SW Pacific","country":"Tonga","latitude":-15.6,"longitude":-175.63,"elevation":260,"morphology":"Shield volcano","vei":0,"agent":"L","deaths":25,"deathsAmountOrder":1,"deathsTotal":25,"deathsAmountOrderTotal":1,"significant":true,"publish":false,"eruption":true,"status":"Historical","timeErupt":"D1","date":"1853-06-24","group":"VEI 0"}},{"type":"Feature","geometry":{"type":"Point","coordinates":[144.818,-3.613]},"properties":{"id":38,"year":1954,"month":8,"day":3,"volcanoLocationId":50101,"volcanoLocationNewNum":251010,"volcanoLocationNum":"0501-01=","name":"Bam","location":"New Guinea-NE of","country":"Papua New Guinea","latitude":-3.613,"longitude":144.818,"elevation":685,"morphology":"Stratovolcano","vei":2,"agent":"I","injuriesAmountOrder":2,"deathsTotal":25,"deathsAmountOrderTotal":1,"injuriesAmountOrderTotal":2,"significant":true,"publish":false,"eruption":true,"status":"Historical","timeErupt":"D2","date":"1954-08-03","group":"VEI 2"}},{"type":"Feature","geometry":{"type":"Point","coordinates":[14.426,40.821]},"properties":{"id":39,"year":1944,"month":3,"day":27,"volcanoLocationId":10102,"volcanoLocationNewNum":211020,"volcanoLocationNum":"0101-02=","name":"Vesuvius","location":"Italy","country":"Italy","latitude":40.821,"longitude":14.426,"elevation":1281,"morphology":"Complex volcano","vei":3,"agent":"T,L,I","deaths":27,"deathsAmountOrder":1,"deathsTotal":27,"deathsAmountOrderTotal":1,"significant":true,"publish":false,"eruption":true,"status":"Historical","timeErupt":"D2","date":"1944-03-27","group":"VEI 3"}},{"type":"Feature","geometry":{"type":"Point","coordinates":[10.5,6.25]},"properties":{"id":40,"year":1984,"month":8,"day":15,"tsunamiEventId":5807,"volcanoLocationId":20403,"volcanoLocationNewNum":224030,"volcanoLocationNum":"0204-03-","name":"Oku Volcanic Field","location":"Africa-W","country":"Cameroon","latitude":6.25,"longitude":10.5,"elevation":3011,"morphology":"Maar","agent":"G","deaths":37,"deathsAmountOrder":1,"deathsTotal":37,"deathsAmountOrderTotal":1,"significant":true,"publish":false,"eruption":false,"status":"Radiocarbon","timeErupt":"D5","date":"1984-08-15","group":"VEI not recorded"}},{"type":"Feature","geometry":{"type":"Point","coordinates":[14.999,37.748]},"properties":{"id":41,"year":-141,"volcanoLocationId":10106,"volcanoLocationNewNum":211060,"volcanoLocationNum":"0101-06=","name":"Etna","location":"Italy","country":"Italy","latitude":37.748,"longitude":14.999,"elevation":3357,"morphology":"Stratovolcano","deaths":40,"deathsAmountOrder":1,"deathsTotal":40,"deathsAmountOrderTotal":1,"significant":true,"publish":false,"eruption":true,"status":"Historical","timeErupt":"D1","date":"-141","group":"VEI not recorded"}},{"type":"Feature","geometry":{"type":"Point","coordinates":[25.396,36.404]},"properties":{"id":42,"year":1926,"month":1,"day":23,"volcanoLocationId":10204,"volcanoLocationNewNum":212040,"volcanoLocationNum":"0102-04=","name":"Santorini","location":"Greece","country":"Greece","latitude":36.404,"longitude":25.396,"elevation":367,"morphology":"Shield volcano","vei":2,"agent":"S","deaths":48,"deathsAmountOrder":1,"deathsTotal":48,"deathsAmountOrderTotal":1,"significant":true,"publish":false,"eruption":true,"status":"Historical","timeErupt":"D2","date":"1926-01-23","group":"VEI 2"}},{"type":"Feature","geometry":{"type":"Point","coordinates":[41.63,11.28]},"properties":{"id":43,"year":1631,"month":2,"day":14,"earthquakeEventId":920,"volcanoLocationId":201141,"volcanoLocationNewNum":221141,"volcanoLocationNum":"0201-141","name":"Dama Ali","location":"Africa-NE","country":"Ethiopia","latitude":11.28,"longitude":41.63,"elevation":1068,"morphology":"Shield volcano","agent":"S","deaths":50,"deathsAmountOrder":1,"damageAmountOrder":2,"deathsTotal":50,"deathsAmountOrderTotal":1,"damageAmountOrderTotal":2,"significant":true,"publish":false,"eruption":true,"status":"Historical","timeErupt":"D5","date":"1631-02-14","group":"VEI not recorded"}},{"type":"Feature","geometry":{"type":"Point","coordinates":[14.999,37.748]},"properties":{"id":44,"year":1843,"month":11,"day":25,"volcanoLocationId":10106,"volcanoLocationNewNum":211060,"volcanoLocationNum":"0101-06=","name":"Etna","location":"Italy","country":"Italy","latitude":37.748,"longitude":14.999,"elevation":3357,"morphology":"Stratovolcano","vei":2,"agent":"L","deaths":59,"deathsAmountOrder":2,"injuriesAmountOrder":2,"deathsTotal":59,"deathsAmountOrderTotal":2,"injuriesAmountOrderTotal":2,"significant":true,"publish":false,"eruption":true,"status":"Historical","timeErupt":"D1","date":"1843-11-25","group":"VEI 2"}},{"type":"Feature","geometry":{"type":"Point","coordinates":[109.879,-7.2]},"properties":{"id":45,"year":1944,"month":12,"day":4,"volcanoLocationId":60320,"volcanoLocationNewNum":263200,"volcanoLocationNum":"0603-20=","name":"Dieng Volcanic Complex","location":"Java","country":"Indonesia","latitude":-7.2,"longitude":109.879,"elevation":2565,"morphology":"Complex volcano","vei":2,"agent":"T","deaths":117,"deathsAmountOrder":3,"injuries":250,"injuriesAmountOrder":3,"deathsTotal":117,"deathsAmountOrderTotal":3,"injuriesTotal":250,"injuriesAmountOrderTotal":3,"significant":true,"publish":false,"eruption":true,"status":"Historical","timeErupt":"D1","date":"1944-12-04","group":"VEI 2"}},{"type":"Feature","geometry":{"type":"Point","coordinates":[109.879,-7.2]},"properties":{"id":49,"year":1979,"month":2,"day":20,"volcanoLocationId":60320,"volcanoLocationNewNum":263200,"volcanoLocationNum":"0603-20=","name":"Dieng Volcanic Complex","location":"Java","country":"Indonesia","latitude":-7.2,"longitude":109.879,"elevation":2565,"morphology":"Complex volcano","vei":1,"agent":"G","deaths":149,"deathsAmountOrder":3,"deathsTotal":149,"deathsAmountOrderTotal":3,"significant":true,"publish":false,"eruption":true,"status":"Historical","timeErupt":"D1","date":"1979-02-20","group":"VEI 1"}},{"type":"Feature","geometry":{"type":"Point","coordinates":[110.446,-7.54]},"properties":{"id":61,"year":1587,"volcanoLocationId":60325,"volcanoLocationNewNum":263250,"volcanoLocationNum":"0603-25=","name":"Merapi","location":"Java","country":"Indonesia","latitude":-7.54,"longitude":110.446,"elevation":2910,"morphology":"Stratovolcano","vei":4,"deathsAmountOrder":1,"deathsAmountOrderTotal":1,"significant":true,"publish":false,"eruption":true,"status":"Historical","timeErupt":"D1","date":"1587","group":"VEI 4"}},{"type":"Feature","geometry":{"type":"Point","coordinates":[110.446,-7.54]},"properties":{"id":64,"year":1672,"month":8,"day":4,"volcanoLocationId":60325,"volcanoLocationNewNum":263250,"volcanoLocationNum":"0603-25=","name":"Merapi","location":"Java","country":"Indonesia","latitude":-7.54,"longitude":110.446,"elevation":2910,"morphology":"Stratovolcano","vei":3,"agent":"P","deaths":3000,"deathsAmountOrder":4,"deathsTotal":3000,"deathsAmountOrderTotal":4,"significant":true,"publish":false,"eruption":true,"status":"Historical","timeErupt":"D1","date":"1672-08-04","group":"VEI 3"}},{"type":"Feature","geometry":{"type":"Point","coordinates":[110.446,-7.54]},"properties":{"id":69,"year":1822,"month":12,"day":27,"volcanoLocationId":60325,"volcanoLocationNewNum":263250,"volcanoLocationNum":"0603-25=","name":"Merapi","location":"Java","country":"Indonesia","latitude":-7.54,"longitude":110.446,"elevation":2910,"morphology":"Stratovolcano","vei":3,"deaths":100,"deathsAmountOrder":2,"injuriesAmountOrder":2,"damageAmountOrder":3,"housesDestroyedAmountOrder":3,"deathsTotal":100,"deathsAmountOrderTotal":2,"injuriesAmountOrderTotal":2,"damageAmountOrderTotal":3,"housesDestroyedAmountOrderTotal":3,"significant":true,"publish":false,"eruption":true,"status":"Historical","timeErupt":"D1","date":"1822-12-27","group":"VEI 3"}},{"type":"Feature","geometry":{"type":"Point","coordinates":[110.446,-7.54]},"properties":{"id":71,"year":1832,"month":12,"day":25,"volcanoLocationId":60325,"volcanoLocationNewNum":263250,"volcanoLocationNum":"0603-25=","name":"Merapi","location":"Java","country":"Indonesia","latitude":-7.54,"longitude":110.446,"elevation":2910,"morphology":"Stratovolcano","vei":2,"deaths":32,"deathsAmountOrder":1,"housesDestroyedAmountOrder":2,"deathsTotal":32,"deathsAmountOrderTotal":1,"housesDestroyedAmountOrderTotal":2,"significant":true,"publish":false,"eruption":true,"status":"Historical","timeErupt":"D1","date":"1832-12-25","group":"VEI 2"}},{"type":"Feature","geometry":{"type":"Point","coordinates":[110.446,-7.54]},"properties":{"id":81,"year":1872,"month":4,"day":15,"volcanoLocationId":60325,"volcanoLocationNewNum":263250,"volcanoLocationNum":"0603-25=","name":"Merapi","location":"Java","country":"Indonesia","latitude":-7.54,"longitude":110.446,"elevation":2910,"morphology":"Stratovolcano","vei":4,"agent":"T","deaths":30,"deathsAmountOrder":1,"injuriesAmountOrder":1,"housesDestroyed":50,"housesDestroyedAmountOrder":1,"deathsTotal":30,"deathsAmountOrderTotal":1,"injuriesAmountOrderTotal":1,"housesDestroyedTotal":50,"housesDestroyedAmountOrderTotal":1,"significant":true,"publish":false,"eruption":true,"status":"Historical","timeErupt":"D1","date":"1872-04-15","group":"VEI 4"}},{"type":"Feature","geometry":{"type":"Point","coordinates":[110.446,-7.54]},"properties":{"id":82,"year":1872,"month":11,"day":3,"volcanoLocationId":60325,"volcanoLocationNewNum":263250,"volcanoLocationNum":"0603-25=","name":"Merapi","location":"Java","country":"Indonesia","latitude":-7.54,"longitude":110.446,"elevation":2910,"morphology":"Stratovolcano","vei":4,"agent":"P,T","deaths":200,"deathsAmountOrder":3,"damageAmountOrder":3,"housesDestroyedAmountOrder":3,"deathsTotal":200,"deathsAmountOrderTotal":3,"damageAmountOrderTotal":3,"housesDestroyedAmountOrderTotal":3,"significant":true,"publish":false,"eruption":true,"status":"Historical","timeErupt":"D1","date":"1872-11-03","group":"VEI 4"}},{"type":"Feature","geometry":{"type":"Point","coordinates":[110.446,-7.54]},"properties":{"id":87,"year":1902,"month":12,"volcanoLocationId":60325,"volcanoLocationNewNum":263250,"volcanoLocationNum":"0603-25=","name":"Merapi","location":"Java","country":"Indonesia","latitude":-7.54,"longitude":110.446,"elevation":2910,"morphology":"Stratovolcano","vei":2,"agent":"P","deaths":16,"deathsAmountOrder":1,"injuries":45,"injuriesAmountOrder":1,"housesDestroyedAmountOrder":2,"deathsTotal":16,"deathsAmountOrderTotal":1,"injuriesTotal":45,"injuriesAmountOrderTotal":1,"housesDestroyedAmountOrderTotal":2,"significant":true,"publish":false,"eruption":true,"status":"Historical","timeErupt":"D1","date":"1902-12","group":"VEI 2"}},{"type":"Feature","geometry":{"type":"Point","coordinates":[110.446,-7.54]},"properties":{"id":92,"year":1920,"month":7,"day":25,"volcanoLocationId":60325,"volcanoLocationNewNum":263250,"volcanoLocationNum":"0603-25=","name":"Merapi","location":"Java","country":"Indonesia","latitude":-7.54,"longitude":110.446,"elevation":2910,"morphology":"Stratovolcano","vei":2,"agent":"P","deaths":35,"deathsAmountOrder":1,"deathsTotal":35,"deathsAmountOrderTotal":1,"significant":true,"publish":false,"eruption":true,"status":"Historical","timeErupt":"D1","date":"1920-07-25","group":"VEI 2"}},{"type":"Feature","geometry":{"type":"Point","coordinates":[110.446,-7.54]},"properties":{"id":94,"year":1930,"month":12,"day":18,"volcanoLocationId":60325,"volcanoLocationNewNum":263250,"volcanoLocationNum":"0603-25=","name":"Merapi","location":"Java","country":"Indonesia","latitude":-7.54,"longitude":110.446,"elevation":2910,"morphology":"Stratovolcano","vei":3,"agent":"P,M","deaths":1369,"deathsAmountOrder":4,"damageAmountOrder":3,"housesDestroyed":1109,"housesDestroyedAmountOrder":4,"deathsTotal":1369,"deathsAmountOrderTotal":4,"damageAmountOrderTotal":3,"housesDestroyedTotal":1109,"housesDestroyedAmountOrderTotal":4,"significant":true,"publish":false,"eruption":true,"status":"Historical","timeErupt":"D1","date":"1930-12-18","group":"VEI 3"}},{"type":"Feature","geometry":{"type":"Point","coordinates":[110.446,-7.54]},"properties":{"id":100,"year":1954,"month":1,"day":18,"volcanoLocationId":60325,"volcanoLocationNewNum":263250,"volcanoLocationNum":"0603-25=","name":"Merapi","location":"Java","country":"Indonesia","latitude":-7.54,"longitude":110.446,"elevation":2910,"morphology":"Stratovolcano","vei":2,"agent":"P","deaths":64,"deathsAmountOrder":2,"injuries":57,"injuriesAmountOrder":2,"damageAmountOrder":2,"housesDestroyed":144,"housesDestroyedAmountOrder":3,"deathsTotal":64,"deathsAmountOrderTotal":2,"injuriesTotal":57,"injuriesAmountOrderTotal":2,"damageAmountOrderTotal":2,"housesDestroyedTotal":144,"housesDestroyedAmountOrderTotal":3,"significant":true,"publish":false,"eruption":true,"status":"Historical","timeErupt":"D1","date":"1954-01-18","group":"VEI 2"}},{"type":"Feature","geometry":{"type":"Point","coordinates":[110.446,-7.54]},"properties":{"id":104,"year":1961,"month":5,"day":8,"volcanoLocationId":60325,"volcanoLocationNewNum":263250,"volcanoLocationNum":"0603-25=","name":"Merapi","location":"Java","country":"Indonesia","latitude":-7.54,"longitude":110.446,"elevation":2910,"morphology":"Stratovolcano","vei":3,"agent":"P","deaths":6,"deathsAmountOrder":1,"injuries":6,"injuriesAmountOrder":1,"damageAmountOrder":2,"housesDestroyedAmountOrder":3,"deathsTotal":6,"deathsAmountOrderTotal":1,"injuriesTotal":6,"injuriesAmountOrderTotal":1,"damageAmountOrderTotal":2,"housesDestroyedAmountOrderTotal":3,"significant":true,"publish":false,"eruption":true,"status":"Historical","timeErupt":"D1","date":"1961-05-08","group":"VEI 3"}},{"type":"Feature","geometry":{"type":"Point","coordinates":[110.446,-7.54]},"properties":{"id":105,"year":1969,"month":1,"day":7,"volcanoLocationId":60325,"volcanoLocationNewNum":263250,"volcanoLocationNum":"0603-25=","name":"Merapi","location":"Java","country":"Indonesia","latitude":-7.54,"longitude":110.446,"elevation":2910,"morphology":"Stratovolcano","vei":2,"agent":"P","deaths":3,"deathsAmountOrder":1,"deathsTotal":3,"deathsAmountOrderTotal":1,"significant":true,"publish":false,"eruption":true,"status":"Historical","timeErupt":"D1","date":"1969-01-07","group":"VEI 2"}},{"type":"Feature","geometry":{"type":"Point","coordinates":[110.446,-7.54]},"properties":{"id":111,"year":1986,"month":12,"day":31,"volcanoLocationId":60325,"volcanoLocationNewNum":263250,"volcanoLocationNum":"0603-25=","name":"Merapi","location":"Java","country":"Indonesia","latitude":-7.54,"longitude":110.446,"elevation":2910,"morphology":"Stratovolcano","vei":2,"agent":"M","deaths":1,"deathsAmountOrder":1,"deathsTotal":1,"deathsAmountOrderTotal":1,"significant":true,"publish":false,"eruption":true,"status":"Historical","timeErupt":"D1","date":"1986-12-31","group":"VEI 2"}},{"type":"Feature","geometry":{"type":"Point","coordinates":[110.446,-7.54]},"properties":{"id":112,"year":1994,"month":11,"day":22,"volcanoLocationId":60325,"volcanoLocationNewNum":263250,"volcanoLocationNum":"0603-25=","name":"Merapi","location":"Java","country":"Indonesia","latitude":-7.54,"longitude":110.446,"elevation":2910,"morphology":"Stratovolcano","vei":3,"agent":"P","deaths":66,"deathsAmountOrder":2,"injuries":100,"injuriesAmountOrder":2,"deathsTotal":66,"deathsAmountOrderTotal":2,"injuriesTotal":100,"injuriesAmountOrderTotal":2,"significant":true,"publish":false,"eruption":true,"status":"Historical","timeErupt":"D1","date":"1994-11-22","group":"VEI 3"}},{"type":"Feature","geometry":{"type":"Point","coordinates":[112.314,-7.935]},"properties":{"id":116,"year":1311,"volcanoLocationId":60328,"volcanoLocationNewNum":263280,"volcanoLocationNum":"0603-28=","name":"Kelud","location":"Java","country":"Indonesia","latitude":-7.935,"longitude":112.314,"elevation":1730,"morphology":"Stratovolcano","vei":3,"deathsAmountOrder":1,"deathsAmountOrderTotal":1,"significant":true,"publish":false,"eruption":true,"status":"Historical","timeErupt":"D1","date":"1311","group":"VEI 3"}},{"type":"Feature","geometry":{"type":"Point","coordinates":[112.314,-7.935]},"properties":{"id":117,"year":1334,"volcanoLocationId":60328,"volcanoLocationNewNum":263280,"volcanoLocationNum":"0603-28=","name":"Kelud","location":"Java","country":"Indonesia","latitude":-7.935,"longitude":112.314,"elevation":1730,"morphology":"Stratovolcano","vei":3,"agent":"M","deathsAmountOrder":1,"deathsAmountOrderTotal":1,"significant":true,"publish":false,"eruption":true,"status":"Historical","timeErupt":"D1","date":"1334","group":"VEI 3"}},{"type":"Feature","geometry":{"type":"Point","coordinates":[112.314,-7.935]},"properties":{"id":118,"year":1376,"volcanoLocationId":60328,"volcanoLocationNewNum":263280,"volcanoLocationNum":"0603-28=","name":"Kelud","location":"Java","country":"Indonesia","latitude":-7.935,"longitude":112.314,"elevation":1730,"morphology":"Stratovolcano","vei":3,"deathsAmountOrder":1,"deathsAmountOrderTotal":1,"significant":true,"publish":false,"eruption":true,"status":"Historical","timeErupt":"D1","date":"1376","group":"VEI 3"}},{"type":"Feature","geometry":{"type":"Point","coordinates":[112.314,-7.935]},"properties":{"id":119,"year":1385,"volcanoLocationId":60328,"volcanoLocationNewNum":263280,"volcanoLocationNum":"0603-28=","name":"Kelud","location":"Java","country":"Indonesia","latitude":-7.935,"longitude":112.314,"elevation":1730,"morphology":"Stratovolcano","vei":3,"deathsAmountOrder":1,"deathsAmountOrderTotal":1,"significant":true,"publish":false,"eruption":true,"status":"Historical","timeErupt":"D1","date":"1385","group":"VEI 3"}},{"type":"Feature","geometry":{"type":"Point","coordinates":[112.314,-7.935]},"properties":{"id":126,"year":1586,"volcanoLocationId":60328,"volcanoLocationNewNum":263280,"volcanoLocationNum":"0603-28=","name":"Kelud","location":"Java","country":"Indonesia","latitude":-7.935,"longitude":112.314,"elevation":1730,"morphology":"Stratovolcano","vei":5,"deaths":10000,"deathsAmountOrder":4,"deathsTotal":10000,"deathsAmountOrderTotal":4,"significant":true,"publish":false,"eruption":true,"status":"Historical","timeErupt":"D1","date":"1586","group":"VEI 5"}},{"type":"Feature","geometry":{"type":"Point","coordinates":[112.314,-7.935]},"properties":{"id":128,"year":1716,"month":7,"day":20,"volcanoLocationId":60328,"volcanoLocationNewNum":263280,"volcanoLocationNum":"0603-28=","name":"Kelud","location":"Java","country":"Indonesia","latitude":-7.935,"longitude":112.314,"elevation":1730,"morphology":"Stratovolcano","vei":2,"agent":"M","deathsAmountOrder":1,"deathsAmountOrderTotal":1,"significant":true,"publish":false,"eruption":true,"status":"Historical","timeErupt":"D1","date":"1716-07-20","group":"VEI 2"}},{"type":"Feature","geometry":{"type":"Point","coordinates":[112.314,-7.935]},"properties":{"id":132,"year":1826,"month":10,"day":13,"volcanoLocationId":60328,"volcanoLocationNewNum":263280,"volcanoLocationNum":"0603-28=","name":"Kelud","location":"Java","country":"Indonesia","latitude":-7.935,"longitude":112.314,"elevation":1730,"morphology":"Stratovolcano","vei":4,"agent":"M","deathsAmountOrder":1,"injuries":65,"injuriesAmountOrder":2,"damageAmountOrder":3,"housesDestroyedAmountOrder":3,"deathsAmountOrderTotal":1,"injuriesTotal":65,"injuriesAmountOrderTotal":2,"damageAmountOrderTotal":3,"housesDestroyedAmountOrderTotal":3,"significant":true,"publish":false,"eruption":true,"status":"Historical","timeErupt":"D1","date":"1826-10-13","group":"VEI 4"}},{"type":"Feature","geometry":{"type":"Point","coordinates":[112.314,-7.935]},"properties":{"id":133,"year":1848,"month":5,"day":16,"volcanoLocationId":60328,"volcanoLocationNewNum":263280,"volcanoLocationNum":"0603-28=","name":"Kelud","location":"Java","country":"Indonesia","latitude":-7.935,"longitude":112.314,"elevation":1730,"morphology":"Stratovolcano","vei":3,"agent":"M","deaths":22,"deathsAmountOrder":1,"housesDestroyed":800,"housesDestroyedAmountOrder":3,"deathsTotal":22,"deathsAmountOrderTotal":1,"housesDestroyedTotal":800,"housesDestroyedAmountOrderTotal":3,"significant":true,"publish":false,"eruption":true,"status":"Historical","timeErupt":"D1","date":"1848-05-16","group":"VEI 3"}},{"type":"Feature","geometry":{"type":"Point","coordinates":[112.314,-7.935]},"properties":{"id":135,"year":1864,"month":1,"day":4,"volcanoLocationId":60328,"volcanoLocationNewNum":263280,"volcanoLocationNum":"0603-28=","name":"Kelud","location":"Java","country":"Indonesia","latitude":-7.935,"longitude":112.314,"elevation":1730,"morphology":"Stratovolcano","vei":2,"agent":"M","deaths":54,"deathsAmountOrder":2,"housesDestroyedAmountOrder":3,"deathsTotal":54,"deathsAmountOrderTotal":2,"housesDestroyedAmountOrderTotal":3,"significant":true,"publish":false,"eruption":true,"status":"Historical","timeErupt":"D1","date":"1864-01-04","group":"VEI 2"}},{"type":"Feature","geometry":{"type":"Point","coordinates":[112.314,-7.935]},"properties":{"id":136,"year":1875,"month":1,"day":29,"volcanoLocationId":60328,"volcanoLocationNewNum":263280,"volcanoLocationNum":"0603-28=","name":"Kelud","location":"Java","country":"Indonesia","latitude":-7.935,"longitude":112.314,"elevation":1730,"morphology":"Stratovolcano","agent":"m","deathsAmountOrder":1,"injuries":30,"injuriesAmountOrder":1,"damageAmountOrder":2,"housesDestroyedAmountOrder":2,"deathsAmountOrderTotal":1,"injuriesTotal":30,"damageAmountOrderTotal":2,"housesDestroyedAmountOrderTotal":2,"significant":true,"publish":false,"eruption":false,"status":"Historical","timeErupt":"D1","date":"1875-01-29","group":"VEI not recorded"}},{"type":"Feature","geometry":{"type":"Point","coordinates":[112.314,-7.935]},"properties":{"id":137,"year":1901,"month":5,"day":22,"volcanoLocationId":60328,"volcanoLocationNewNum":263280,"volcanoLocationNum":"0603-28=","name":"Kelud","location":"Java","country":"Indonesia","latitude":-7.935,"longitude":112.314,"elevation":1730,"morphology":"Stratovolcano","vei":3,"deathsAmountOrder":2,"deathsAmountOrderTotal":2,"significant":true,"publish":false,"eruption":true,"status":"Historical","timeErupt":"D1","date":"1901-05-22","group":"VEI 3"}},{"type":"Feature","geometry":{"type":"Point","coordinates":[112.314,-7.935]},"properties":{"id":138,"year":1919,"month":5,"day":19,"volcanoLocationId":60328,"volcanoLocationNewNum":263280,"volcanoLocationNum":"0603-28=","name":"Kelud","location":"Java","country":"Indonesia","latitude":-7.935,"longitude":112.314,"elevation":1730,"morphology":"Stratovolcano","vei":4,"agent":"M","deaths":5110,"deathsAmountOrder":4,"housesDestroyed":9000,"housesDestroyedAmountOrder":4,"deathsTotal":5110,"deathsAmountOrderTotal":4,"housesDestroyedTotal":9000,"housesDestroyedAmountOrderTotal":4,"significant":true,"publish":false,"eruption":true,"status":"Historical","timeErupt":"D1","date":"1919-05-19","group":"VEI 4"}},{"type":"Feature","geometry":{"type":"Point","coordinates":[112.314,-7.935]},"properties":{"id":140,"year":1951,"month":8,"day":31,"volcanoLocationId":60328,"volcanoLocationNewNum":263280,"volcanoLocationNum":"0603-28=","name":"Kelud","location":"Java","country":"Indonesia","latitude":-7.935,"longitude":112.314,"elevation":1730,"morphology":"Stratovolcano","vei":4,"deaths":7,"deathsAmountOrder":1,"deathsTotal":7,"deathsAmountOrderTotal":1,"significant":true,"publish":false,"eruption":true,"status":"Historical","timeErupt":"D1","date":"1951-08-31","group":"VEI 4"}},{"type":"Feature","geometry":{"type":"Point","coordinates":[112.314,-7.935]},"properties":{"id":141,"year":1966,"month":4,"day":26,"volcanoLocationId":60328,"volcanoLocationNewNum":263280,"volcanoLocationNum":"0603-28=","name":"Kelud","location":"Java","country":"Indonesia","latitude":-7.935,"longitude":112.314,"elevation":1730,"morphology":"Stratovolcano","vei":4,"agent":"M,m,P","deaths":215,"deathsAmountOrder":3,"injuries":86,"injuriesAmountOrder":2,"missing":78,"missingAmountOrder":2,"deathsTotal":215,"deathsAmountOrderTotal":3,"injuriesTotal":86,"injuriesAmountOrderTotal":2,"missingTotal":78,"missingAmountOrderTotal":2,"significant":true,"publish":false,"eruption":true,"status":"Historical","timeErupt":"D1","date":"1966-04-26","group":"VEI 4"}},{"type":"Feature","geometry":{"type":"Point","coordinates":[112.314,-7.935]},"properties":{"id":144,"year":1990,"month":2,"day":10,"volcanoLocationId":60328,"volcanoLocationNewNum":263280,"volcanoLocationNum":"0603-28=","name":"Kelud","location":"Java","country":"Indonesia","latitude":-7.935,"longitude":112.314,"elevation":1730,"morphology":"Stratovolcano","vei":4,"agent":"T,P","deaths":35,"deathsAmountOrder":1,"deathsTotal":35,"deathsAmountOrderTotal":1,"significant":true,"publish":false,"eruption":true,"status":"Historical","timeErupt":"D1","date":"1990-02-10","group":"VEI 4"}},{"type":"Feature","geometry":{"type":"Point","coordinates":[112.922,-8.108]},"properties":{"id":159,"year":1860,"month":4,"volcanoLocationId":60330,"volcanoLocationNewNum":263300,"volcanoLocationNum":"0603-30=","name":"Semeru","location":"Java","country":"Indonesia","latitude":-8.108,"longitude":112.922,"elevation":3657,"morphology":"Stratovolcano","vei":2,"damageAmountOrder":1,"housesDestroyedAmountOrderTotal":1,"significant":true,"publish":false,"eruption":true,"status":"Historical","timeErupt":"D1","date":"1860-04","group":"VEI 2"}},{"type":"Feature","geometry":{"type":"Point","coordinates":[112.922,-8.108]},"properties":{"id":167,"year":1885,"month":4,"day":18,"volcanoLocationId":60330,"volcanoLocationNewNum":263300,"volcanoLocationNum":"0603-30=","name":"Semeru","location":"Java","country":"Indonesia","latitude":-8.108,"longitude":112.922,"elevation":3657,"morphology":"Stratovolcano","vei":2,"agent":"A","deaths":74,"deathsAmountOrder":2,"deathsTotal":74,"deathsAmountOrderTotal":2,"significant":true,"publish":false,"eruption":true,"status":"Historical","timeErupt":"D1","date":"1885-04-18","group":"VEI 2"}},{"type":"Feature","geometry":{"type":"Point","coordinates":[112.922,-8.108]},"properties":{"id":176,"year":1895,"month":5,"day":22,"volcanoLocationId":60330,"volcanoLocationNewNum":263300,"volcanoLocationNum":"0603-30=","name":"Semeru","location":"Java","country":"Indonesia","latitude":-8.108,"longitude":112.922,"elevation":3657,"morphology":"Stratovolcano","vei":2,"agent":"M","deaths":80,"deathsAmountOrder":2,"damageAmountOrder":1,"deathsTotal":80,"deathsAmountOrderTotal":2,"damageAmountOrderTotal":1,"significant":true,"publish":false,"eruption":true,"status":"Historical","timeErupt":"D1","date":"1895-05-22","group":"VEI 2"}},{"type":"Feature","geometry":{"type":"Point","coordinates":[112.922,-8.108]},"properties":{"id":191,"year":1909,"month":8,"day":29,"volcanoLocationId":60330,"volcanoLocationNewNum":263300,"volcanoLocationNum":"0603-30=","name":"Semeru","location":"Java","country":"Indonesia","latitude":-8.108,"longitude":112.922,"elevation":3657,"morphology":"Stratovolcano","vei":2,"agent":"m","deaths":221,"deathsAmountOrder":3,"damageAmountOrder":1,"deathsTotal":221,"deathsAmountOrderTotal":3,"damageAmountOrderTotal":1,"significant":true,"publish":false,"eruption":true,"status":"Historical","timeErupt":"D1","date":"1909-08-29","group":"VEI 2"}},{"type":"Feature","geometry":{"type":"Point","coordinates":[112.922,-8.108]},"properties":{"id":193,"year":1911,"month":11,"day":8,"volcanoLocationId":60330,"volcanoLocationNewNum":263300,"volcanoLocationNum":"0603-30=","name":"Semeru","location":"Java","country":"Indonesia","latitude":-8.108,"longitude":112.922,"elevation":3657,"morphology":"Stratovolcano","vei":3,"damageAmountOrder":1,"damageAmountOrderTotal":1,"significant":true,"publish":false,"eruption":true,"status":"Historical","timeErupt":"D1","date":"1911-11-08","group":"VEI 3"}},{"type":"Feature","geometry":{"type":"Point","coordinates":[112.922,-8.108]},"properties":{"id":195,"year":1913,"month":6,"day":23,"volcanoLocationId":60330,"volcanoLocationNewNum":263300,"volcanoLocationNum":"0603-30=","name":"Semeru","location":"Java","country":"Indonesia","latitude":-8.108,"longitude":112.922,"elevation":3657,"morphology":"Stratovolcano","vei":2,"damageAmountOrder":1,"damageAmountOrderTotal":1,"significant":true,"publish":false,"eruption":true,"status":"Historical","timeErupt":"D1","date":"1913-06-23","group":"VEI 2"}},{"type":"Feature","geometry":{"type":"Point","coordinates":[112.922,-8.108]},"properties":{"id":196,"year":1941,"month":9,"day":21,"volcanoLocationId":60330,"volcanoLocationNewNum":263300,"volcanoLocationNum":"0603-30=","name":"Semeru","location":"Java","country":"Indonesia","latitude":-8.108,"longitude":112.922,"elevation":3657,"morphology":"Stratovolcano","vei":2,"damageAmountOrder":1,"damageAmountOrderTotal":1,"significant":true,"publish":false,"eruption":true,"status":"Historical","timeErupt":"D1","date":"1941-09-21","group":"VEI 2"}},{"type":"Feature","geometry":{"type":"Point","coordinates":[112.922,-8.108]},"properties":{"id":198,"year":1946,"month":2,"volcanoLocationId":60330,"volcanoLocationNewNum":263300,"volcanoLocationNum":"0603-30=","name":"Semeru","location":"Java","country":"Indonesia","latitude":-8.108,"longitude":112.922,"elevation":3657,"morphology":"Stratovolcano","vei":2,"agent":"F","deaths":6,"deathsAmountOrder":1,"damageAmountOrder":2,"housesDestroyed":81,"housesDestroyedAmountOrder":2,"deathsTotal":6,"deathsAmountOrderTotal":1,"damageAmountOrderTotal":2,"housesDestroyedTotal":81,"housesDestroyedAmountOrderTotal":2,"significant":true,"publish":false,"eruption":true,"status":"Historical","timeErupt":"D1","date":"1946-02","group":"VEI 2"}},{"type":"Feature","geometry":{"type":"Point","coordinates":[112.922,-8.108]},"properties":{"id":199,"year":1946,"month":10,"day":29,"volcanoLocationId":60330,"volcanoLocationNewNum":263300,"volcanoLocationNum":"0603-30=","name":"Semeru","location":"Java","country":"Indonesia","latitude":-8.108,"longitude":112.922,"elevation":3657,"morphology":"Stratovolcano","vei":2,"damageAmountOrder":1,"damageAmountOrderTotal":1,"significant":true,"publish":false,"eruption":true,"status":"Historical","timeErupt":"D1","date":"1946-10-29","group":"VEI 2"}},{"type":"Feature","geometry":{"type":"Point","coordinates":[112.922,-8.108]},"properties":{"id":200,"year":1950,"month":8,"day":28,"volcanoLocationId":60330,"volcanoLocationNewNum":263300,"volcanoLocationNum":"0603-30=","name":"Semeru","location":"Java","country":"Indonesia","latitude":-8.108,"longitude":112.922,"elevation":3657,"morphology":"Stratovolcano","vei":1,"agent":"P","deaths":6,"deathsAmountOrder":1,"deathsTotal":6,"deathsAmountOrderTotal":1,"significant":true,"publish":false,"eruption":true,"status":"Historical","timeErupt":"D1","date":"1950-08-28","group":"VEI 1"}},{"type":"Feature","geometry":{"type":"Point","coordinates":[112.922,-8.108]},"properties":{"id":201,"year":1963,"month":5,"day":5,"volcanoLocationId":60330,"volcanoLocationNewNum":263300,"volcanoLocationNum":"0603-30=","name":"Semeru","location":"Java","country":"Indonesia","latitude":-8.108,"longitude":112.922,"elevation":3657,"morphology":"Stratovolcano","vei":2,"agent":"T","deaths":1,"deathsAmountOrder":1,"deathsTotal":1,"deathsAmountOrderTotal":1,"significant":true,"publish":false,"eruption":true,"status":"Historical","timeErupt":"D1","date":"1963-05-05","group":"VEI 2"}},{"type":"Feature","geometry":{"type":"Point","coordinates":[112.922,-8.108]},"properties":{"id":202,"year":1967,"month":8,"day":31,"volcanoLocationId":60330,"volcanoLocationNewNum":263300,"volcanoLocationNum":"0603-30=","name":"Semeru","location":"Java","country":"Indonesia","latitude":-8.108,"longitude":112.922,"elevation":3657,"morphology":"Stratovolcano","vei":3,"agent":"M","deaths":3,"deathsAmountOrder":1,"damageAmountOrder":1,"deathsTotal":3,"deathsAmountOrderTotal":1,"damageAmountOrderTotal":1,"significant":true,"publish":false,"eruption":true,"status":"Historical","timeErupt":"D1","date":"1967-08-31","group":"VEI 3"}},{"type":"Feature","geometry":{"type":"Point","coordinates":[112.922,-8.108]},"properties":{"id":203,"year":1985,"month":5,"day":10,"volcanoLocationId":60330,"volcanoLocationNewNum":263300,"volcanoLocationNum":"0603-30=","name":"Semeru","location":"Java","country":"Indonesia","latitude":-8.108,"longitude":112.922,"elevation":3657,"morphology":"Stratovolcano","vei":3,"agent":"A","deaths":70,"deathsAmountOrder":2,"deathsTotal":70,"deathsAmountOrderTotal":2,"significant":true,"publish":false,"eruption":true,"status":"Historical","timeErupt":"D1","date":"1985-05-10","group":"VEI 3"}},{"type":"Feature","geometry":{"type":"Point","coordinates":[112.922,-8.108]},"properties":{"id":204,"year":1978,"month":9,"day":19,"volcanoLocationId":60330,"volcanoLocationNewNum":263300,"volcanoLocationNum":"0603-30=","name":"Semeru","location":"Java","country":"Indonesia","latitude":-8.108,"longitude":112.922,"elevation":3657,"morphology":"Stratovolcano","vei":3,"agent":"M","deaths":12,"deathsAmountOrder":1,"deathsTotal":12,"deathsAmountOrderTotal":1,"significant":true,"publish":false,"eruption":true,"status":"Historical","timeErupt":"D1","date":"1978-09-19","group":"VEI 3"}},{"type":"Feature","geometry":{"type":"Point","coordinates":[112.922,-8.108]},"properties":{"id":205,"year":1976,"month":8,"day":31,"volcanoLocationId":60330,"volcanoLocationNewNum":263300,"volcanoLocationNum":"0603-30=","name":"Semeru","location":"Java","country":"Indonesia","latitude":-8.108,"longitude":112.922,"elevation":3657,"morphology":"Stratovolcano","vei":2,"agent":"M","deaths":119,"deathsAmountOrder":3,"deathsTotal":119,"deathsAmountOrderTotal":3,"significant":true,"publish":false,"eruption":true,"status":"Historical","timeErupt":"D1","date":"1976-08-31","group":"VEI 2"}},{"type":"Feature","geometry":{"type":"Point","coordinates":[112.922,-8.108]},"properties":{"id":206,"year":1981,"month":3,"day":29,"volcanoLocationId":60330,"volcanoLocationNewNum":263300,"volcanoLocationNum":"0603-30=","name":"Semeru","location":"Java","country":"Indonesia","latitude":-8.108,"longitude":112.922,"elevation":3657,"morphology":"Stratovolcano","vei":3,"agent":"P","deaths":1,"deathsAmountOrder":1,"deathsTotal":1,"deathsAmountOrderTotal":1,"significant":true,"publish":false,"eruption":true,"status":"Historical","timeErupt":"D1","date":"1981-03-29","group":"VEI 3"}},{"type":"Feature","geometry":{"type":"Point","coordinates":[113.341,-7.981]},"properties":{"id":261,"year":1843,"month":8,"volcanoLocationId":60332,"volcanoLocationNewNum":263320,"volcanoLocationNum":"0603-32=","name":"Lamongan","location":"Java","country":"Indonesia","latitude":-7.981,"longitude":113.341,"elevation":1641,"morphology":"Stratovolcano","vei":2,"deaths":4,"deathsAmountOrder":1,"deathsTotal":4,"deathsAmountOrderTotal":1,"significant":true,"publish":false,"eruption":true,"status":"Historical","timeErupt":"D3","date":"1843-08","group":"VEI 2"}},{"type":"Feature","geometry":{"type":"Point","coordinates":[113.341,-7.981]},"properties":{"id":269,"year":1869,"month":8,"volcanoLocationId":60332,"volcanoLocationNewNum":263320,"volcanoLocationNum":"0603-32=","name":"Lamongan","location":"Java","country":"Indonesia","latitude":-7.981,"longitude":113.341,"elevation":1641,"morphology":"Stratovolcano","vei":2,"agent":"T,A","deaths":8,"deathsAmountOrder":1,"deathsTotal":8,"deathsAmountOrderTotal":1,"significant":true,"publish":false,"eruption":true,"status":"Historical","timeErupt":"D3","date":"1869-08","group":"VEI 2"}},{"type":"Feature","geometry":{"type":"Point","coordinates":[114.056,-8.119]},"properties":{"id":294,"year":1593,"volcanoLocationId":60334,"volcanoLocationNewNum":263340,"volcanoLocationNum":"0603-34=","name":"Raung","location":"Java","country":"Indonesia","latitude":-8.119,"longitude":114.056,"elevation":3260,"morphology":"Stratovolcano","vei":5,"deathsAmountOrder":3,"deathsAmountOrderTotal":3,"significant":true,"publish":false,"eruption":true,"status":"Historical","timeErupt":"D1","date":"1593","group":"VEI 5"}},{"type":"Feature","geometry":{"type":"Point","coordinates":[114.056,-8.119]},"properties":{"id":295,"year":1597,"volcanoLocationId":60334,"volcanoLocationNewNum":263340,"volcanoLocationNum":"0603-34=","name":"Raung","location":"Java","country":"Indonesia","latitude":-8.119,"longitude":114.056,"elevation":3260,"morphology":"Stratovolcano","vei":3,"agent":"T","deathsAmountOrder":1,"deathsAmountOrderTotal":1,"significant":true,"publish":false,"eruption":true,"status":"Historical","timeErupt":"D1","date":"1597","group":"VEI 3"}},{"type":"Feature","geometry":{"type":"Point","coordinates":[114.056,-8.119]},"properties":{"id":296,"year":1638,"volcanoLocationId":60334,"volcanoLocationNewNum":263340,"volcanoLocationNum":"0603-34=","name":"Raung","location":"Java","country":"Indonesia","latitude":-8.119,"longitude":114.056,"elevation":3260,"morphology":"Stratovolcano","vei":4,"agent":"M","deaths":1001,"deathsAmountOrder":4,"deathsTotal":1001,"deathsAmountOrderTotal":4,"significant":true,"publish":false,"eruption":true,"status":"Historical","timeErupt":"D1","date":"1638","group":"VEI 4"}},{"type":"Feature","geometry":{"type":"Point","coordinates":[114.056,-8.119]},"properties":{"id":297,"year":1730,"volcanoLocationId":60334,"volcanoLocationNewNum":263340,"volcanoLocationNum":"0603-34=","name":"Raung","location":"Java","country":"Indonesia","latitude":-8.119,"longitude":114.056,"elevation":3260,"morphology":"Stratovolcano","vei":3,"agent":"M,T","deathsAmountOrder":3,"deathsAmountOrderTotal":3,"significant":true,"publish":false,"eruption":true,"status":"Historical","timeErupt":"D1","date":"1730","group":"VEI 3"}},{"type":"Feature","geometry":{"type":"Point","coordinates":[114.056,-8.119]},"properties":{"id":298,"year":1817,"volcanoLocationId":60334,"volcanoLocationNewNum":263340,"volcanoLocationNum":"0603-34=","name":"Raung","location":"Java","country":"Indonesia","latitude":-8.119,"longitude":114.056,"elevation":3260,"morphology":"Stratovolcano","vei":4,"deathsAmountOrder":1,"deathsAmountOrderTotal":1,"significant":true,"publish":false,"eruption":true,"status":"Historical","timeErupt":"D1","date":"1817","group":"VEI 4"}},{"type":"Feature","geometry":{"type":"Point","coordinates":[114.242,-8.058]},"properties":{"id":333,"year":1817,"month":1,"day":24,"volcanoLocationId":60335,"volcanoLocationNewNum":263350,"volcanoLocationNum":"0603-35=","name":"Ijen","location":"Java","country":"Indonesia","latitude":-8.058,"longitude":114.242,"elevation":2769,"morphology":"Stratovolcano","vei":2,"agent":"M","deathsAmountOrder":2,"housesDestroyed":90,"housesDestroyedAmountOrder":2,"deathsAmountOrderTotal":2,"housesDestroyedTotal":90,"housesDestroyedAmountOrderTotal":2,"significant":true,"publish":false,"eruption":true,"status":"Historical","timeErupt":"D1","date":"1817-01-24","group":"VEI 2"}},{"type":"Feature","geometry":{"type":"Point","coordinates":[115.378,-8.24]},"properties":{"id":345,"year":1963,"month":9,"day":5,"volcanoLocationId":60401,"volcanoLocationNewNum":264010,"volcanoLocationNum":"0604-01=","name":"Batur","location":"Lesser Sunda Is","country":"Indonesia","latitude":-8.24,"longitude":115.378,"elevation":1711,"morphology":"Caldera","vei":2,"deaths":2,"deathsAmountOrder":1,"housesDestroyedAmountOrder":1,"deathsTotal":2,"deathsAmountOrderTotal":1,"housesDestroyedAmountOrderTotal":1,"significant":true,"publish":false,"eruption":true,"status":"Historical","timeErupt":"D1","date":"1963-09-05","group":"VEI 2"}},{"type":"Feature","geometry":{"type":"Point","coordinates":[115.508,-8.343]},"properties":{"id":351,"year":1963,"month":3,"day":18,"tsunamiEventId":1942,"volcanoLocationId":60402,"volcanoLocationNewNum":264020,"volcanoLocationNum":"0604-02=","name":"Agung","location":"Lesser Sunda Is","country":"Indonesia","latitude":-8.343,"longitude":115.508,"elevation":2997,"morphology":"Stratovolcano","vei":5,"agent":"P,T,M,A","deaths":1028,"deathsAmountOrder":4,"injuries":624,"injuriesAmountOrder":3,"missingAmountOrder":3,"deathsTotal":1028,"deathsAmountOrderTotal":4,"injuriesTotal":624,"injuriesAmountOrderTotal":3,"missingAmountOrderTotal":3,"significant":true,"publish":false,"eruption":true,"status":"Historical","timeErupt":"D1","date":"1963-03-18","group":"VEI 5"}},{"type":"Feature","geometry":{"type":"Point","coordinates":[115.508,-8.343]},"properties":{"id":353,"year":1963,"month":5,"day":16,"earthquakeEventId":4292,"volcanoLocationId":60402,"volcanoLocationNewNum":264020,"volcanoLocationNum":"0604-02=","name":"Agung","location":"Lesser Sunda Is","country":"Indonesia","latitude":-8.343,"longitude":115.508,"elevation":2997,"morphology":"Stratovolcano","vei":3,"deaths":120,"deathsAmountOrder":2,"deathsTotal":120,"deathsAmountOrderTotal":2,"significant":true,"publish":false,"eruption":true,"status":"Historical","timeErupt":"D1","date":"1963-05-16","group":"VEI 3"}},{"type":"Feature","geometry":{"type":"Point","coordinates":[118.0,-8.25]},"properties":{"id":367,"year":1815,"month":4,"day":10,"tsunamiEventId":613,"volcanoLocationId":60404,"volcanoLocationNewNum":264040,"volcanoLocationNum":"0604-04=","name":"Tambora","location":"Lesser Sunda Is","country":"Indonesia","latitude":-8.25,"longitude":118,"elevation":2850,"morphology":"Stratovolcano","vei":7,"agent":"P,W,A,I","deaths":11000,"deathsAmountOrder":4,"injuriesAmountOrder":4,"damageAmountOrder":4,"housesDestroyedAmountOrder":4,"deathsTotal":60000,"deathsAmountOrderTotal":4,"injuriesAmountOrderTotal":4,"damageAmountOrderTotal":4,"housesDestroyedAmountOrderTotal":4,"significant":true,"publish":false,"eruption":true,"status":"Historical","timeErupt":"D1","date":"1815-04-10","group":"VEI 7"}},{"type":"Feature","geometry":{"type":"Point","coordinates":[121.641,-8.891]},"properties":{"id":389,"year":1969,"month":1,"day":28,"volcanoLocationId":60411,"volcanoLocationNewNum":264110,"volcanoLocationNum":"0604-11=","name":"Iya","location":"Lesser Sunda Is","country":"Indonesia","latitude":-8.891,"longitude":121.641,"elevation":618,"morphology":"Stratovolcano","vei":3,"agent":"T,m","deaths":2,"deathsAmountOrder":1,"injuries":10,"injuriesAmountOrder":1,"housesDestroyed":287,"housesDestroyedAmountOrder":3,"deathsTotal":2,"deathsAmountOrderTotal":1,"injuriesTotal":10,"injuriesAmountOrderTotal":1,"housesDestroyedTotal":287,"housesDestroyedAmountOrderTotal":3,"significant":true,"publish":false,"eruption":true,"status":"Historical","timeErupt":"D1","date":"1969-01-28","group":"VEI 3"}},{"type":"Feature","geometry":{"type":"Point","coordinates":[121.708,-8.32]},"properties":{"id":394,"year":1928,"month":8,"day":4,"tsunamiEventId":1607,"volcanoLocationId":60415,"volcanoLocationNewNum":264150,"volcanoLocationNum":"0604-15=","name":"Paluweh","location":"Lesser Sunda Is","country":"Indonesia","latitude":-8.32,"longitude":121.708,"elevation":875,"morphology":"Stratovolcano","vei":3,"agent":"W,T","deaths":98,"deathsAmountOrder":2,"damageAmountOrder":1,"deathsTotal":226,"deathsAmountOrderTotal":3,"injuriesTotal":200,"injuriesAmountOrderTotal":3,"damageAmountOrderTotal":2,"housesDestroyedAmountOrderTotal":2,"significant":true,"publish":false,"eruption":true,"status":"Historical","timeErupt":"D1","date":"1928-08-04","group":"VEI 3"}},{"type":"Feature","geometry":{"type":"Point","coordinates":[121.708,-8.32]},"properties":{"id":395,"year":1964,"month":1,"day":1,"volcanoLocationId":60415,"volcanoLocationNewNum":264150,"volcanoLocationNum":"0604-15=","name":"Paluweh","location":"Lesser Sunda Is","country":"Indonesia","latitude":-8.32,"longitude":121.708,"elevation":875,"morphology":"Stratovolcano","vei":2,"deaths":1,"deathsAmountOrder":1,"injuries":3,"injuriesAmountOrder":1,"deathsTotal":1,"deathsAmountOrderTotal":1,"injuriesTotal":3,"injuriesAmountOrderTotal":1,"significant":true,"publish":false,"eruption":true,"status":"Historical","timeErupt":"D1","date":"1964-01-01","group":"VEI 2"}},{"type":"Feature","geometry":{"type":"Point","coordinates":[121.708,-8.32]},"properties":{"id":397,"year":1973,"month":1,"volcanoLocationId":60415,"volcanoLocationNewNum":264150,"volcanoLocationNum":"0604-15=","name":"Paluweh","location":"Lesser Sunda Is","country":"Indonesia","latitude":-8.32,"longitude":121.708,"elevation":875,"morphology":"Stratovolcano","vei":3,"damageAmountOrder":1,"housesDestroyedAmountOrder":1,"damageAmountOrderTotal":1,"housesDestroyedAmountOrderTotal":1,"significant":true,"publish":false,"eruption":true,"status":"Historical","timeErupt":"D1","date":"1973-01","group":"VEI 3"}},{"type":"Feature","geometry":{"type":"Point","coordinates":[121.708,-8.32]},"properties":{"id":398,"year":1981,"month":9,"day":5,"volcanoLocationId":60415,"volcanoLocationNewNum":264150,"volcanoLocationNum":"0604-15=","name":"Paluweh","location":"Lesser Sunda Is","country":"Indonesia","latitude":-8.32,"longitude":121.708,"elevation":875,"morphology":"Stratovolcano","vei":2,"agent":"P","damageAmountOrder":1,"housesDestroyedAmountOrder":1,"damageAmountOrderTotal":1,"housesDestroyedAmountOrderTotal":1,"significant":true,"publish":false,"eruption":true,"status":"Historical","timeErupt":"D1","date":"1981-09-05","group":"VEI 2"}},{"type":"Feature","geometry":{"type":"Point","coordinates":[122.775,-8.542]},"properties":{"id":410,"year":1869,"month":7,"day":7,"volcanoLocationId":60418,"volcanoLocationNewNum":264180,"volcanoLocationNum":"0604-18=","name":"Lewotobi","location":"Lesser Sunda Is","country":"Indonesia","latitude":-8.542,"longitude":122.775,"elevation":1703,"morphology":"Stratovolcano","vei":2,"deaths":2,"deathsAmountOrder":1,"deathsTotal":2,"deathsAmountOrderTotal":1,"significant":true,"publish":false,"eruption":true,"status":"Historical","timeErupt":"D1","date":"1869-07-07","group":"VEI 2"}},{"type":"Feature","geometry":{"type":"Point","coordinates":[122.775,-8.542]},"properties":{"id":411,"year":1907,"month":9,"day":28,"volcanoLocationId":60418,"volcanoLocationNewNum":264180,"volcanoLocationNum":"0604-18=","name":"Lewotobi","location":"Lesser Sunda Is","country":"Indonesia","latitude":-8.542,"longitude":122.775,"elevation":1703,"morphology":"Stratovolcano","vei":2,"deaths":1,"deathsAmountOrder":1,"injuriesAmountOrder":1,"deathsTotal":1,"deathsAmountOrderTotal":1,"injuriesAmountOrderTotal":1,"significant":true,"publish":false,"eruption":true,"status":"Historical","timeErupt":"D1","date":"1907-09-28","group":"VEI 2"}},{"type":"Feature","geometry":{"type":"Point","coordinates":[123.573,-8.532]},"properties":{"id":439,"year":1870,"volcanoLocationId":60425,"volcanoLocationNewNum":264250,"volcanoLocationNum":"0604-25=","name":"Iliwerung","location":"Lesser Sunda Is","country":"Indonesia","latitude":-8.532,"longitude":123.573,"elevation":583,"morphology":"Complex volcano","vei":3,"deathsAmountOrder":1,"deathsAmountOrderTotal":1,"significant":true,"publish":false,"eruption":true,"status":"Historical","timeErupt":"D1","date":"1870","group":"VEI 3"}},{"type":"Feature","geometry":{"type":"Point","coordinates":[123.573,-8.532]},"properties":{"id":441,"year":1948,"month":4,"day":7,"volcanoLocationId":60425,"volcanoLocationNewNum":264250,"volcanoLocationNum":"0604-25=","name":"Iliwerung","location":"Lesser Sunda Is","country":"Indonesia","latitude":-8.532,"longitude":123.573,"elevation":583,"morphology":"Complex volcano","vei":2,"damageAmountOrder":2,"damageAmountOrderTotal":2,"significant":true,"publish":false,"eruption":true,"status":"Historical","timeErupt":"D1","date":"1948-04-07","group":"VEI 2"}},{"type":"Feature","geometry":{"type":"Point","coordinates":[123.573,-8.532]},"properties":{"id":445,"year":1973,"month":12,"tsunamiEventId":5761,"volcanoLocationId":60425,"volcanoLocationNewNum":264250,"volcanoLocationNum":"0604-25=","name":"Iliwerung","location":"Lesser Sunda Is","country":"Indonesia","latitude":-8.532,"longitude":123.573,"elevation":583,"morphology":"Complex volcano","vei":2,"agent":"W","deathsTotal":2,"deathsAmountOrderTotal":1,"significant":true,"publish":false,"eruption":true,"status":"Historical","timeErupt":"D1","date":"1973-12","group":"VEI 2"}},{"type":"Feature","geometry":{"type":"Point","coordinates":[123.573,-8.532]},"properties":{"id":447,"year":1983,"month":8,"day":17,"tsunamiEventId":4702,"volcanoLocationId":60425,"volcanoLocationNewNum":264250,"volcanoLocationNum":"0604-25=","name":"Iliwerung","location":"Lesser Sunda Is","country":"Indonesia","latitude":-8.532,"longitude":123.573,"elevation":583,"morphology":"Complex volcano","vei":1,"agent":"W","significant":true,"publish":false,"eruption":true,"status":"Historical","timeErupt":"D1","date":"1983-08-17","group":"VEI 1"}},{"type":"Feature","geometry":{"type":"Point","coordinates":[124.131,-8.497]},"properties":{"id":450,"year":1953,"month":6,"volcanoLocationId":60427,"volcanoLocationNewNum":264270,"volcanoLocationNum":"0604-27=","name":"Sirung","location":"Lesser Sunda Is","country":"Indonesia","latitude":-8.497,"longitude":124.131,"elevation":1347,"morphology":"Complex volcano","vei":0,"deaths":5,"deathsAmountOrder":1,"injuries":1,"injuriesAmountOrder":1,"deathsTotal":5,"deathsAmountOrderTotal":1,"injuriesTotal":1,"injuriesAmountOrderTotal":1,"significant":true,"publish":false,"eruption":true,"status":"Historical","timeErupt":"D1","date":"1953-06","group":"VEI 0"}},{"type":"Feature","geometry":{"type":"Point","coordinates":[129.144,-6.976]},"properties":{"id":457,"year":1659,"month":11,"day":11,"tsunamiEventId":285,"volcanoLocationId":60505,"volcanoLocationNewNum":265050,"volcanoLocationNum":"0605-05=","name":"Teon","location":"Banda Sea","country":"Pacific Ocean","latitude":-6.976,"longitude":129.144,"elevation":728,"morphology":"Stratovolcano","vei":4,"significant":true,"publish":false,"eruption":true,"status":"Historical","timeErupt":"D2","date":"1659-11-11","group":"VEI 4"}},{"type":"Feature","geometry":{"type":"Point","coordinates":[129.144,-6.976]},"properties":{"id":458,"year":1660,"month":2,"volcanoLocationId":60505,"volcanoLocationNewNum":265050,"volcanoLocationNum":"0605-05=","name":"Teon","location":"Banda Sea","country":"Pacific Ocean","latitude":-6.976,"longitude":129.144,"elevation":728,"morphology":"Stratovolcano","vei":4,"agent":"G,T","deaths":3,"deathsAmountOrder":1,"deathsTotal":3,"deathsAmountOrderTotal":1,"significant":true,"publish":false,"eruption":true,"status":"Historical","timeErupt":"D2","date":"1660-02","group":"VEI 4"}},{"type":"Feature","geometry":{"type":"Point","coordinates":[130.017,-6.312]},"properties":{"id":466,"year":1692,"month":6,"day":4,"volcanoLocationId":60507,"volcanoLocationNewNum":265070,"volcanoLocationNum":"0605-07=","name":"Serua","location":"Banda Sea","country":"Pacific Ocean","latitude":-6.312,"longitude":130.017,"elevation":608,"morphology":"Stratovolcano","vei":4,"agent":"L","deathsAmountOrder":2,"deathsAmountOrderTotal":2,"significant":true,"publish":false,"eruption":true,"status":"Historical","timeErupt":"D2","date":"1692-06-04","group":"VEI 4"}},{"type":"Feature","geometry":{"type":"Point","coordinates":[129.881,-4.523]},"properties":{"id":472,"year":1598,"volcanoLocationId":60509,"volcanoLocationNewNum":265090,"volcanoLocationNum":"0605-09=","name":"Banda Api","location":"Banda Sea","country":"Pacific Ocean","latitude":-4.523,"longitude":129.881,"elevation":596,"morphology":"Caldera","vei":3,"deathsAmountOrder":1,"deathsAmountOrderTotal":1,"significant":true,"publish":false,"eruption":true,"status":"Historical","timeErupt":"D1","date":"1598","group":"VEI 3"}},{"type":"Feature","geometry":{"type":"Point","coordinates":[129.881,-4.523]},"properties":{"id":474,"year":1615,"month":3,"volcanoLocationId":60509,"volcanoLocationNewNum":265090,"volcanoLocationNum":"0605-09=","name":"Banda Api","location":"Banda Sea","country":"Pacific Ocean","latitude":-4.523,"longitude":129.881,"elevation":596,"morphology":"Caldera","vei":3,"damageAmountOrder":2,"housesDestroyedAmountOrder":2,"damageAmountOrderTotal":2,"housesDestroyedAmountOrderTotal":2,"significant":true,"publish":false,"eruption":true,"status":"Historical","timeErupt":"D1","date":"1615-03","group":"VEI 3"}},{"type":"Feature","geometry":{"type":"Point","coordinates":[129.881,-4.523]},"properties":{"id":477,"year":1694,"month":11,"day":20,"volcanoLocationId":60509,"volcanoLocationNewNum":265090,"volcanoLocationNum":"0605-09=","name":"Banda Api","location":"Banda Sea","country":"Pacific Ocean","latitude":-4.523,"longitude":129.881,"elevation":596,"morphology":"Caldera","vei":3,"deathsAmountOrder":2,"deathsAmountOrderTotal":2,"significant":true,"publish":false,"eruption":true,"status":"Historical","timeErupt":"D1","date":"1694-11-20","group":"VEI 3"}},{"type":"Feature","geometry":{"type":"Point","coordinates":[129.881,-4.523]},"properties":{"id":482,"year":1820,"month":6,"day":11,"volcanoLocationId":60509,"volcanoLocationNewNum":265090,"volcanoLocationNum":"0605-09=","name":"Banda Api","location":"Banda Sea","country":"Pacific Ocean","latitude":-4.523,"longitude":129.881,"elevation":596,"morphology":"Caldera","vei":2,"deathsAmountOrder":1,"deathsAmountOrderTotal":1,"significant":true,"publish":false,"eruption":true,"status":"Historical","timeErupt":"D1","date":"1820-06-11","group":"VEI 2"}},{"type":"Feature","geometry":{"type":"Point","coordinates":[129.881,-4.523]},"properties":{"id":486,"year":1988,"month":5,"day":9,"volcanoLocationId":60509,"volcanoLocationNewNum":265090,"volcanoLocationNum":"0605-09=","name":"Banda Api","location":"Banda Sea","country":"Pacific Ocean","latitude":-4.523,"longitude":129.881,"elevation":596,"morphology":"Caldera","vei":3,"agent":"T,L","deaths":4,"deathsAmountOrder":1,"deathsTotal":4,"deathsAmountOrderTotal":1,"significant":true,"publish":false,"eruption":true,"status":"Historical","timeErupt":"D1","date":"1988-05-09","group":"VEI 3"}},{"type":"Feature","geometry":{"type":"Point","coordinates":[121.601,-0.162]},"properties":{"id":488,"year":1983,"month":7,"day":23,"volcanoLocationId":60601,"volcanoLocationNewNum":266010,"volcanoLocationNum":"0606-01=","name":"Colo","location":"Sulawesi-Indonesia","country":"Indonesia","latitude":-0.162,"longitude":121.601,"elevation":404,"morphology":"Stratovolcano","vei":4,"damageAmountOrder":2,"housesDestroyedAmountOrder":3,"damageAmountOrderTotal":2,"housesDestroyedAmountOrderTotal":3,"significant":true,"publish":false,"eruption":true,"status":"Historical","timeErupt":"D1","date":"1983-07-23","group":"VEI 4"}},{"type":"Feature","geometry":{"type":"Point","coordinates":[124.737,1.112]},"properties":{"id":489,"year":1845,"month":2,"day":8,"tsunamiEventId":741,"earthquakeEventId":1865,"volcanoLocationId":60603,"volcanoLocationNewNum":266030,"volcanoLocationNum":"0606-03=","name":"Soputan","location":"Sulawesi-Indonesia","country":"Indonesia","latitude":1.112,"longitude":124.737,"elevation":1785,"morphology":"Stratovolcano","vei":2,"deathsTotal":118,"deathsAmountOrderTotal":3,"damageAmountOrderTotal":2,"housesDestroyedAmountOrderTotal":3,"significant":true,"publish":false,"eruption":true,"status":"Historical","timeErupt":"D1","date":"1845-02-08","group":"VEI 2"}},{"type":"Feature","geometry":{"type":"Point","coordinates":[124.865,1.352]},"properties":{"id":525,"year":1958,"month":7,"day":12,"volcanoLocationId":60611,"volcanoLocationNewNum":266110,"volcanoLocationNum":"0606-11=","name":"Mahawu","location":"Sulawesi-Indonesia","country":"Indonesia","latitude":1.352,"longitude":124.865,"elevation":1299,"morphology":"Stratovolcano","vei":2,"agent":"M","deaths":1,"deathsAmountOrder":1,"injuries":10,"injuriesAmountOrder":1,"deathsTotal":1,"deathsAmountOrderTotal":1,"injuriesTotal":10,"injuriesAmountOrderTotal":1,"significant":true,"publish":false,"eruption":true,"status":"Historical","timeErupt":"D1","date":"1958-07-12","group":"VEI 2"}},{"type":"Feature","geometry":{"type":"Point","coordinates":[125.37,2.3]},"properties":{"id":530,"year":1870,"month":8,"volcanoLocationId":60701,"volcanoLocationNewNum":267010,"volcanoLocationNum":"0607-01=","name":"Ruang","location":"Sangihe Is-Indonesia","country":"Indonesia","latitude":2.3,"longitude":125.37,"elevation":725,"morphology":"Stratovolcano","vei":2,"deathsAmountOrder":1,"housesDestroyed":40,"housesDestroyedAmountOrder":1,"deathsAmountOrderTotal":1,"housesDestroyedTotal":40,"housesDestroyedAmountOrderTotal":1,"significant":true,"publish":false,"eruption":true,"status":"Historical","timeErupt":"D2","date":"1870-08","group":"VEI 2"}},{"type":"Feature","geometry":{"type":"Point","coordinates":[125.37,2.3]},"properties":{"id":533,"year":1871,"month":3,"day":3,"tsunamiEventId":1022,"volcanoLocationId":60701,"volcanoLocationNewNum":267010,"volcanoLocationNum":"0607-01=","name":"Ruang","location":"Sangihe Is-Indonesia","country":"Indonesia","latitude":2.3,"longitude":125.37,"elevation":725,"morphology":"Stratovolcano","vei":2,"agent":"W","damageAmountOrder":1,"housesDestroyedAmountOrder":1,"deathsTotal":400,"deathsAmountOrderTotal":3,"damageAmountOrderTotal":2,"housesDestroyedTotal":75,"housesDestroyedAmountOrderTotal":2,"significant":true,"publish":false,"eruption":true,"status":"Historical","timeErupt":"D2","date":"1871-03-03","group":"VEI 2"}},{"type":"Feature","geometry":{"type":"Point","coordinates":[125.407,2.781]},"properties":{"id":552,"year":1940,"month":6,"day":20,"volcanoLocationId":60702,"volcanoLocationNewNum":267020,"volcanoLocationNum":"0607-02=","name":"Karangetang","location":"Sangihe Is-Indonesia","country":"Indonesia","latitude":2.781,"longitude":125.407,"elevation":1797,"morphology":"Stratovolcano","vei":2,"deaths":1,"deathsAmountOrder":1,"injuries":2,"injuriesAmountOrder":1,"deathsTotal":1,"deathsAmountOrderTotal":1,"injuriesTotal":2,"injuriesAmountOrderTotal":1,"significant":true,"publish":false,"eruption":true,"status":"Historical","timeErupt":"D1","date":"1940-06-20","group":"VEI 2"}},{"type":"Feature","geometry":{"type":"Point","coordinates":[125.407,2.781]},"properties":{"id":561,"year":1974,"month":2,"day":11,"volcanoLocationId":60702,"volcanoLocationNewNum":267020,"volcanoLocationNum":"0607-02=","name":"Karangetang","location":"Sangihe Is-Indonesia","country":"Indonesia","latitude":2.781,"longitude":125.407,"elevation":1797,"morphology":"Stratovolcano","vei":3,"agent":"A","deaths":4,"deathsAmountOrder":1,"deathsTotal":4,"deathsAmountOrderTotal":1,"significant":true,"publish":false,"eruption":true,"status":"Historical","timeErupt":"D1","date":"1974-02-11","group":"VEI 3"}},{"type":"Feature","geometry":{"type":"Point","coordinates":[125.407,2.781]},"properties":{"id":562,"year":1976,"month":9,"day":15,"volcanoLocationId":60702,"volcanoLocationNewNum":267020,"volcanoLocationNum":"0607-02=","name":"Karangetang","location":"Sangihe Is-Indonesia","country":"Indonesia","latitude":2.781,"longitude":125.407,"elevation":1797,"morphology":"Stratovolcano","vei":2,"agent":"P,L","deaths":1,"deathsAmountOrder":1,"injuries":1,"injuriesAmountOrder":1,"housesDestroyed":24,"housesDestroyedAmountOrder":1,"deathsTotal":1,"deathsAmountOrderTotal":1,"injuriesTotal":1,"injuriesAmountOrderTotal":1,"housesDestroyedTotal":24,"housesDestroyedAmountOrderTotal":1,"significant":true,"publish":false,"eruption":true,"status":"Historical","timeErupt":"D1","date":"1976-09-15","group":"VEI 2"}},{"type":"Feature","geometry":{"type":"Point","coordinates":[125.491,3.138]},"properties":{"id":569,"year":1889,"month":9,"day":6,"tsunamiEventId":1181,"earthquakeEventId":6309,"volcanoLocationId":60703,"volcanoLocationNewNum":267030,"volcanoLocationNum":"0607-03=","name":"Banua Wuhu","location":"Sangihe Is-Indonesia","country":"Indonesia","latitude":3.138,"longitude":125.491,"elevation":-5,"morphology":"Submarine volcano","vei":2,"damageAmountOrderTotal":2,"housesDestroyedAmountOrderTotal":2,"significant":true,"publish":false,"eruption":true,"status":"Historical","timeErupt":"D2","date":"1889-09-06","group":"VEI 2"}},{"type":"Feature","geometry":{"type":"Point","coordinates":[125.447,3.689]},"properties":{"id":578,"year":1711,"month":12,"day":11,"volcanoLocationId":60704,"volcanoLocationNewNum":267040,"volcanoLocationNum":"0607-04=","name":"Awu","location":"Sangihe Is-Indonesia","country":"Indonesia","latitude":3.689,"longitude":125.447,"elevation":1318,"morphology":"Stratovolcano","vei":3,"agent":"P","deaths":3000,"deathsAmountOrder":4,"deathsTotal":3000,"deathsAmountOrderTotal":4,"significant":true,"publish":false,"eruption":true,"status":"Historical","timeErupt":"D1","date":"1711-12-11","group":"VEI 3"}},{"type":"Feature","geometry":{"type":"Point","coordinates":[125.447,3.689]},"properties":{"id":580,"year":1812,"month":8,"day":6,"volcanoLocationId":60704,"volcanoLocationNewNum":267040,"volcanoLocationNum":"0607-04=","name":"Awu","location":"Sangihe Is-Indonesia","country":"Indonesia","latitude":3.689,"longitude":125.447,"elevation":1318,"morphology":"Stratovolcano","vei":3,"agent":"P,M","deaths":953,"deathsAmountOrder":3,"deathsTotal":953,"deathsAmountOrderTotal":3,"significant":true,"publish":false,"eruption":true,"status":"Historical","timeErupt":"D1","date":"1812-08-06","group":"VEI 3"}},{"type":"Feature","geometry":{"type":"Point","coordinates":[125.447,3.689]},"properties":{"id":581,"year":1856,"month":3,"day":2,"tsunamiEventId":859,"earthquakeEventId":1995,"volcanoLocationId":60704,"volcanoLocationNewNum":267040,"volcanoLocationNum":"0607-04=","name":"Awu","location":"Sangihe Is-Indonesia","country":"Indonesia","latitude":3.689,"longitude":125.447,"elevation":1318,"morphology":"Stratovolcano","vei":3,"agent":"P","deaths":2806,"deathsAmountOrder":4,"injuriesAmountOrder":2,"damageAmountOrder":3,"housesDestroyedAmountOrder":3,"deathsTotal":2806,"deathsAmountOrderTotal":4,"injuriesAmountOrderTotal":2,"damageAmountOrderTotal":3,"housesDestroyedAmountOrderTotal":3,"significant":true,"publish":false,"eruption":true,"status":"Historical","timeErupt":"D1","date":"1856-03-02","group":"VEI 3"}},{"type":"Feature","geometry":{"type":"Point","coordinates":[125.447,3.689]},"properties":{"id":584,"year":1892,"month":6,"day":7,"tsunamiEventId":1197,"volcanoLocationId":60704,"volcanoLocationNewNum":267040,"volcanoLocationNum":"0607-04=","name":"Awu","location":"Sangihe Is-Indonesia","country":"Indonesia","latitude":3.689,"longitude":125.447,"elevation":1318,"morphology":"Stratovolcano","vei":3,"agent":"P,M","deaths":1532,"deathsAmountOrder":4,"damageAmountOrder":3,"housesDestroyedAmountOrder":3,"deathsTotal":1532,"deathsAmountOrderTotal":4,"damageAmountOrderTotal":3,"housesDestroyedAmountOrderTotal":3,"significant":true,"publish":false,"eruption":true,"status":"Historical","timeErupt":"D1","date":"1892-06-07","group":"VEI 3"}},{"type":"Feature","geometry":{"type":"Point","coordinates":[125.447,3.689]},"properties":{"id":585,"year":1913,"month":3,"day":14,"tsunamiEventId":1407,"earthquakeEventId":2973,"volcanoLocationId":60704,"volcanoLocationNewNum":267040,"volcanoLocationNum":"0607-04=","name":"Awu","location":"Sangihe Is-Indonesia","country":"Indonesia","latitude":3.689,"longitude":125.447,"elevation":1318,"morphology":"Stratovolcano","vei":2,"deathsTotal":138,"deathsAmountOrderTotal":3,"injuriesAmountOrderTotal":2,"damageAmountOrderTotal":2,"housesDestroyedAmountOrderTotal":3,"significant":true,"publish":false,"eruption":true,"status":"Historical","timeErupt":"D1","date":"1913-03-14","group":"VEI 2"}},{"type":"Feature","geometry":{"type":"Point","coordinates":[125.447,3.689]},"properties":{"id":589,"year":1966,"month":8,"day":12,"volcanoLocationId":60704,"volcanoLocationNewNum":267040,"volcanoLocationNum":"0607-04=","name":"Awu","location":"Sangihe Is-Indonesia","country":"Indonesia","latitude":3.689,"longitude":125.447,"elevation":1318,"morphology":"Stratovolcano","vei":4,"agent":"P,M,I","deaths":39,"deathsAmountOrder":1,"injuries":1000,"injuriesAmountOrder":3,"housesDestroyedAmountOrder":2,"deathsTotal":39,"deathsAmountOrderTotal":1,"injuriesTotal":1000,"injuriesAmountOrderTotal":3,"housesDestroyedAmountOrderTotal":2,"significant":true,"publish":false,"eruption":true,"status":"Historical","timeErupt":"D1","date":"1966-08-12","group":"VEI 4"}},{"type":"Feature","geometry":{"type":"Point","coordinates":[127.878,1.699]},"properties":{"id":594,"year":1550,"month":11,"volcanoLocationId":60801,"volcanoLocationNewNum":268010,"volcanoLocationNum":"0608-01=","name":"Dukono","location":"Halmahera-Indonesia","country":"Indonesia","latitude":1.699,"longitude":127.878,"elevation":1273,"morphology":"Complex volcano","vei":3,"deathsAmountOrder":1,"deathsAmountOrderTotal":1,"significant":true,"publish":false,"eruption":true,"status":"Historical","timeErupt":"D1","date":"1550-11","group":"VEI 3"}},{"type":"Feature","geometry":{"type":"Point","coordinates":[127.53,1.38]},"properties":{"id":599,"year":1673,"month":5,"day":20,"tsunamiEventId":312,"volcanoLocationId":60804,"volcanoLocationNewNum":268040,"volcanoLocationNum":"0608-04=","name":"Gamkonora","location":"Halmahera-Indonesia","country":"Indonesia","latitude":1.38,"longitude":127.53,"elevation":1635,"morphology":"Stratovolcano","vei":5,"agent":"W","damageAmountOrder":1,"housesDestroyedAmountOrder":1,"deathsAmountOrderTotal":3,"damageAmountOrderTotal":1,"housesDestroyedAmountOrderTotal":1,"significant":true,"publish":false,"eruption":true,"status":"Historical","timeErupt":"D1","date":"1673-05-20","group":"VEI 5"}},{"type":"Feature","geometry":{"type":"Point","coordinates":[127.332,0.81]},"properties":{"id":607,"year":1608,"month":7,"day":18,"tsunamiEventId":222,"volcanoLocationId":60806,"volcanoLocationNewNum":268060,"volcanoLocationNum":"0608-06=","name":"Gamalama","location":"Halmahera-Indonesia","country":"Indonesia","latitude":0.81,"longitude":127.332,"elevation":1714,"morphology":"Stratovolcano","vei":3,"damageAmountOrder":1,"deathsAmountOrderTotal":1,"damageAmountOrderTotal":1,"significant":true,"publish":false,"eruption":true,"status":"Historical","timeErupt":"D1","date":"1608-07-18","group":"VEI 3"}},{"type":"Feature","geometry":{"type":"Point","coordinates":[127.332,0.81]},"properties":{"id":617,"year":1772,"month":5,"day":9,"tsunamiEventId":504,"volcanoLocationId":60806,"volcanoLocationNewNum":268060,"volcanoLocationNum":"0608-06=","name":"Gamalama","location":"Halmahera-Indonesia","country":"Indonesia","latitude":0.81,"longitude":127.332,"elevation":1714,"morphology":"Stratovolcano","vei":3,"agent":"T","deaths":35,"deathsAmountOrder":1,"deathsTotal":35,"deathsAmountOrderTotal":1,"significant":true,"publish":false,"eruption":true,"status":"Historical","timeErupt":"D1","date":"1772-05-09","group":"VEI 3"}},{"type":"Feature","geometry":{"type":"Point","coordinates":[127.332,0.81]},"properties":{"id":618,"year":1773,"month":2,"day":2,"volcanoLocationId":60806,"volcanoLocationNewNum":268060,"volcanoLocationNum":"0608-06=","name":"Gamalama","location":"Halmahera-Indonesia","country":"Indonesia","latitude":0.81,"longitude":127.332,"elevation":1714,"morphology":"Stratovolcano","vei":2,"agent":"I","deathsAmountOrder":2,"deathsAmountOrderTotal":2,"significant":true,"publish":false,"eruption":true,"status":"Historical","timeErupt":"D1","date":"1773-02-02","group":"VEI 2"}},{"type":"Feature","geometry":{"type":"Point","coordinates":[127.332,0.81]},"properties":{"id":619,"year":1775,"volcanoLocationId":60806,"volcanoLocationNewNum":268060,"volcanoLocationNum":"0608-06=","name":"Gamalama","location":"Halmahera-Indonesia","country":"Indonesia","latitude":0.81,"longitude":127.332,"elevation":1714,"morphology":"Stratovolcano","vei":3,"agent":"P,I","deaths":1300,"deathsAmountOrder":4,"deathsTotal":1300,"deathsAmountOrderTotal":4,"significant":true,"publish":false,"eruption":true,"status":"Historical","timeErupt":"D1","date":"1775","group":"VEI 3"}},{"type":"Feature","geometry":{"type":"Point","coordinates":[127.332,0.81]},"properties":{"id":627,"year":1838,"month":2,"day":26,"volcanoLocationId":60806,"volcanoLocationNewNum":268060,"volcanoLocationNum":"0608-06=","name":"Gamalama","location":"Halmahera-Indonesia","country":"Indonesia","latitude":0.81,"longitude":127.332,"elevation":1714,"morphology":"Stratovolcano","vei":2,"agent":"T","deaths":4,"deathsAmountOrder":1,"deathsTotal":4,"deathsAmountOrderTotal":1,"significant":true,"publish":false,"eruption":true,"status":"Historical","timeErupt":"D1","date":"1838-02-26","group":"VEI 2"}},{"type":"Feature","geometry":{"type":"Point","coordinates":[127.332,0.81]},"properties":{"id":629,"year":1840,"month":2,"day":2,"tsunamiEventId":718,"volcanoLocationId":60806,"volcanoLocationNewNum":268060,"volcanoLocationNum":"0608-06=","name":"Gamalama","location":"Halmahera-Indonesia","country":"Indonesia","latitude":0.81,"longitude":127.332,"elevation":1714,"morphology":"Stratovolcano","vei":3,"damageAmountOrder":1,"damageAmountOrderTotal":2,"housesDestroyedTotal":500,"housesDestroyedAmountOrderTotal":3,"significant":true,"publish":false,"eruption":true,"status":"Historical","timeErupt":"D1","date":"1840-02-02","group":"VEI 3"}},{"type":"Feature","geometry":{"type":"Point","coordinates":[127.332,0.81]},"properties":{"id":643,"year":1871,"month":8,"day":7,"volcanoLocationId":60806,"volcanoLocationNewNum":268060,"volcanoLocationNum":"0608-06=","name":"Gamalama","location":"Halmahera-Indonesia","country":"Indonesia","latitude":0.81,"longitude":127.332,"elevation":1714,"morphology":"Stratovolcano","vei":2,"agent":"T","deaths":1,"deathsAmountOrder":1,"injuries":1,"injuriesAmountOrder":1,"deathsTotal":1,"deathsAmountOrderTotal":1,"injuriesTotal":1,"injuriesAmountOrderTotal":1,"significant":true,"publish":false,"eruption":true,"status":"Historical","timeErupt":"D1","date":"1871-08-07","group":"VEI 2"}},{"type":"Feature","geometry":{"type":"Point","coordinates":[127.332,0.81]},"properties":{"id":657,"year":1962,"month":12,"day":31,"volcanoLocationId":60806,"volcanoLocationNewNum":268060,"volcanoLocationNum":"0608-06=","name":"Gamalama","location":"Halmahera-Indonesia","country":"Indonesia","latitude":0.81,"longitude":127.332,"elevation":1714,"morphology":"Stratovolcano","vei":2,"deaths":5,"deathsAmountOrder":1,"injuries":5,"injuriesAmountOrder":1,"deathsTotal":5,"deathsAmountOrderTotal":1,"injuriesTotal":5,"injuriesAmountOrderTotal":1,"significant":true,"publish":false,"eruption":true,"status":"Historical","timeErupt":"D1","date":"1962-12-31","group":"VEI 2"}},{"type":"Feature","geometry":{"type":"Point","coordinates":[127.4,0.32]},"properties":{"id":663,"year":1550,"tsunamiEventId":5863,"volcanoLocationId":60807,"volcanoLocationNewNum":268070,"volcanoLocationNum":"0608-07=","name":"Kie Besi","location":"Halmahera-Indonesia","country":"Indonesia","latitude":0.32,"longitude":127.4,"elevation":1357,"morphology":"Stratovolcano","vei":3,"damageAmountOrder":1,"damageAmountOrderTotal":1,"significant":true,"publish":false,"eruption":true,"status":"Historical","timeErupt":"D1","date":"1550","group":"VEI 3"}},{"type":"Feature","geometry":{"type":"Point","coordinates":[127.4,0.32]},"properties":{"id":664,"year":1646,"month":7,"day":19,"tsunamiEventId":5754,"earthquakeEventId":10519,"volcanoLocationId":60807,"volcanoLocationNewNum":268070,"volcanoLocationNum":"0608-07=","name":"Kie Besi","location":"Halmahera-Indonesia","country":"Indonesia","latitude":0.32,"longitude":127.4,"elevation":1357,"morphology":"Stratovolcano","vei":4,"agent":"P","deathsAmountOrder":3,"deathsAmountOrderTotal":3,"significant":true,"publish":false,"eruption":true,"status":"Historical","timeErupt":"D1","date":"1646-07-19","group":"VEI 4"}},{"type":"Feature","geometry":{"type":"Point","coordinates":[127.4,0.32]},"properties":{"id":665,"year":1760,"volcanoLocationId":60807,"volcanoLocationNewNum":268070,"volcanoLocationNum":"0608-07=","name":"Kie Besi","location":"Halmahera-Indonesia","country":"Indonesia","latitude":0.32,"longitude":127.4,"elevation":1357,"morphology":"Stratovolcano","vei":4,"agent":"M","deaths":2000,"deathsAmountOrder":4,"deathsTotal":2000,"deathsAmountOrderTotal":4,"significant":true,"publish":false,"eruption":true,"status":"Historical","timeErupt":"D1","date":"1760","group":"VEI 4"}},{"type":"Feature","geometry":{"type":"Point","coordinates":[127.4,0.32]},"properties":{"id":666,"year":1861,"month":12,"day":29,"volcanoLocationId":60807,"volcanoLocationNewNum":268070,"volcanoLocationNum":"0608-07=","name":"Kie Besi","location":"Halmahera-Indonesia","country":"Indonesia","latitude":0.32,"longitude":127.4,"elevation":1357,"morphology":"Stratovolcano","vei":4,"agent":"P,I","deaths":326,"deathsAmountOrder":3,"injuries":47,"injuriesAmountOrder":1,"housesDestroyedAmountOrder":3,"deathsTotal":326,"deathsAmountOrderTotal":3,"injuriesTotal":47,"injuriesAmountOrderTotal":1,"housesDestroyedAmountOrderTotal":3,"significant":true,"publish":false,"eruption":true,"status":"Historical","timeErupt":"D1","date":"1861-12-29","group":"VEI 4"}},{"type":"Feature","geometry":{"type":"Point","coordinates":[127.4,0.32]},"properties":{"id":669,"year":1890,"month":6,"day":29,"volcanoLocationId":60807,"volcanoLocationNewNum":268070,"volcanoLocationNum":"0608-07=","name":"Kie Besi","location":"Halmahera-Indonesia","country":"Indonesia","latitude":0.32,"longitude":127.4,"elevation":1357,"morphology":"Stratovolcano","vei":2,"damageAmountOrder":3,"housesDestroyedAmountOrder":3,"damageAmountOrderTotal":3,"housesDestroyedAmountOrderTotal":3,"significant":true,"publish":false,"eruption":true,"status":"Historical","timeErupt":"D1","date":"1890-06-29","group":"VEI 2"}},{"type":"Feature","geometry":{"type":"Point","coordinates":[124.507,7.691]},"properties":{"id":677,"year":1873,"month":1,"day":16,"volcanoLocationId":70106,"volcanoLocationNewNum":271060,"volcanoLocationNum":"0701-06=","name":"Ragang","location":"Mindanao-Philippines","country":"Philippines","latitude":7.691,"longitude":124.507,"elevation":2790,"morphology":"Stratovolcano","vei":2,"deathsAmountOrder":1,"deathsAmountOrderTotal":1,"significant":true,"publish":false,"eruption":true,"status":"Historical","timeErupt":"D2","date":"1873-01-16","group":"VEI 2"}},{"type":"Feature","geometry":{"type":"Point","coordinates":[124.673,9.203]},"properties":{"id":679,"year":1871,"month":4,"day":30,"tsunamiEventId":1020,"earthquakeEventId":2179,"volcanoLocationId":70108,"volcanoLocationNewNum":271080,"volcanoLocationNum":"0701-08=","name":"Camiguin","location":"Mindanao-Philippines","country":"Philippines","latitude":9.203,"longitude":124.673,"elevation":1552,"morphology":"Stratovolcano","vei":2,"deathsAmountOrder":1,"damageAmountOrder":3,"housesDestroyedAmountOrder":3,"deathsAmountOrderTotal":1,"damageAmountOrderTotal":3,"housesDestroyedAmountOrderTotal":3,"significant":true,"publish":false,"eruption":true,"status":"Historical","timeErupt":"D2","date":"1871-04-30","group":"VEI 2"}},{"type":"Feature","geometry":{"type":"Point","coordinates":[124.673,9.203]},"properties":{"id":680,"year":1950,"month":9,"day":15,"volcanoLocationId":70108,"volcanoLocationNewNum":271080,"volcanoLocationNum":"0701-08=","name":"Camiguin","location":"Mindanao-Philippines","country":"Philippines","latitude":9.203,"longitude":124.673,"elevation":1552,"morphology":"Stratovolcano","vei":3,"agent":"P","deaths":68,"deathsAmountOrder":2,"deathsTotal":68,"deathsAmountOrderTotal":2,"significant":true,"publish":false,"eruption":true,"status":"Historical","timeErupt":"D2","date":"1950-09-15","group":"VEI 3"}},{"type":"Feature","geometry":{"type":"Point","coordinates":[123.13,10.41]},"properties":{"id":693,"year":1996,"month":8,"day":10,"volcanoLocationId":70202,"volcanoLocationNewNum":272020,"volcanoLocationNum":"0702-02=","name":"Kanlaon","location":"Philippines-C","country":"Philippines","latitude":10.41,"longitude":123.13,"elevation":2422,"morphology":"Stratovolcano","vei":2,"agent":"T","deaths":3,"deathsAmountOrder":1,"injuries":18,"injuriesAmountOrder":1,"deathsTotal":3,"deathsAmountOrderTotal":1,"injuriesTotal":18,"injuriesAmountOrderTotal":1,"significant":true,"publish":false,"eruption":true,"status":"Historical","timeErupt":"D1","date":"1996-08-10","group":"VEI 2"}},{"type":"Feature","geometry":{"type":"Point","coordinates":[124.056,12.769]},"properties":{"id":697,"year":1933,"month":12,"day":25,"tsunamiEventId":1666,"volcanoLocationId":70301,"volcanoLocationNewNum":273010,"volcanoLocationNum":"0703-01=","name":"Bulusan","location":"Luzon-Philippines","country":"Philippines","latitude":12.769,"longitude":124.056,"elevation":1535,"morphology":"Stratovolcano","vei":2,"deathsTotal":9,"deathsAmountOrderTotal":1,"damageAmountOrderTotal":3,"significant":true,"publish":false,"eruption":true,"status":"Historical","timeErupt":"D1","date":"1933-12-25","group":"VEI 2"}},{"type":"Feature","geometry":{"type":"Point","coordinates":[124.056,12.769]},"properties":{"id":698,"year":1978,"month":7,"day":29,"volcanoLocationId":70301,"volcanoLocationNewNum":273010,"volcanoLocationNum":"0703-01=","name":"Bulusan","location":"Luzon-Philippines","country":"Philippines","latitude":12.769,"longitude":124.056,"elevation":1535,"morphology":"Stratovolcano","vei":2,"damageAmountOrder":1,"damageAmountOrderTotal":1,"significant":true,"publish":false,"eruption":true,"status":"Historical","timeErupt":"D1","date":"1978-07-29","group":"VEI 2"}},{"type":"Feature","geometry":{"type":"Point","coordinates":[123.685,13.257]},"properties":{"id":704,"year":1766,"month":7,"day":20,"volcanoLocationId":70303,"volcanoLocationNewNum":273030,"volcanoLocationNum":"0703-03=","name":"Mayon","location":"Luzon-Philippines","country":"Philippines","latitude":13.257,"longitude":123.685,"elevation":2462,"morphology":"Stratovolcano","vei":3,"agent":"m","deaths":49,"deathsAmountOrder":1,"deathsTotal":49,"deathsAmountOrderTotal":1,"significant":true,"publish":false,"eruption":true,"status":"Historical","timeErupt":"D1","date":"1766-07-20","group":"VEI 3"}},{"type":"Feature","geometry":{"type":"Point","coordinates":[123.685,13.257]},"properties":{"id":706,"year":1800,"month":10,"day":30,"volcanoLocationId":70303,"volcanoLocationNewNum":273030,"volcanoLocationNum":"0703-03=","name":"Mayon","location":"Luzon-Philippines","country":"Philippines","latitude":13.257,"longitude":123.685,"elevation":2462,"morphology":"Stratovolcano","vei":2,"deathsAmountOrder":1,"deathsAmountOrderTotal":1,"significant":true,"publish":false,"eruption":true,"status":"Historical","timeErupt":"D1","date":"1800-10-30","group":"VEI 2"}},{"type":"Feature","geometry":{"type":"Point","coordinates":[123.685,13.257]},"properties":{"id":707,"year":1814,"month":2,"day":1,"volcanoLocationId":70303,"volcanoLocationNewNum":273030,"volcanoLocationNum":"0703-03=","name":"Mayon","location":"Luzon-Philippines","country":"Philippines","latitude":13.257,"longitude":123.685,"elevation":2462,"morphology":"Stratovolcano","vei":4,"agent":"P,M,E","deaths":1200,"deathsAmountOrder":4,"damageAmountOrder":3,"housesDestroyedAmountOrder":3,"deathsTotal":1200,"deathsAmountOrderTotal":4,"damageAmountOrderTotal":3,"housesDestroyedAmountOrderTotal":3,"significant":true,"publish":false,"eruption":true,"status":"Historical","timeErupt":"D1","date":"1814-02-01","group":"VEI 4"}},{"type":"Feature","geometry":{"type":"Point","coordinates":[123.685,13.257]},"properties":{"id":712,"year":1853,"month":7,"day":13,"volcanoLocationId":70303,"volcanoLocationNewNum":273030,"volcanoLocationNum":"0703-03=","name":"Mayon","location":"Luzon-Philippines","country":"Philippines","latitude":13.257,"longitude":123.685,"elevation":2462,"morphology":"Stratovolcano","vei":3,"agent":"P","deaths":34,"deathsAmountOrder":1,"housesDestroyedAmountOrder":1,"deathsTotal":34,"deathsAmountOrderTotal":1,"housesDestroyedAmountOrderTotal":1,"significant":true,"publish":false,"eruption":true,"status":"Historical","timeErupt":"D1","date":"1853-07-13","group":"VEI 3"}},{"type":"Feature","geometry":{"type":"Point","coordinates":[123.685,13.257]},"properties":{"id":714,"year":1858,"month":1,"volcanoLocationId":70303,"volcanoLocationNewNum":273030,"volcanoLocationNum":"0703-03=","name":"Mayon","location":"Luzon-Philippines","country":"Philippines","latitude":13.257,"longitude":123.685,"elevation":2462,"morphology":"Stratovolcano","vei":2,"agent":"P","deathsAmountOrder":1,"deathsAmountOrderTotal":1,"significant":true,"publish":false,"eruption":true,"status":"Historical","timeErupt":"D1","date":"1858-01","group":"VEI 2"}},{"type":"Feature","geometry":{"type":"Point","coordinates":[123.685,13.257]},"properties":{"id":716,"year":1871,"month":12,"day":8,"volcanoLocationId":70303,"volcanoLocationNewNum":273030,"volcanoLocationNum":"0703-03=","name":"Mayon","location":"Luzon-Philippines","country":"Philippines","latitude":13.257,"longitude":123.685,"elevation":2462,"morphology":"Stratovolcano","vei":3,"agent":"P","deaths":3,"deathsAmountOrder":1,"deathsTotal":3,"deathsAmountOrderTotal":1,"significant":true,"publish":false,"eruption":true,"status":"Historical","timeErupt":"D1","date":"1871-12-08","group":"VEI 3"}},{"type":"Feature","geometry":{"type":"Point","coordinates":[123.685,13.257]},"properties":{"id":724,"year":1887,"month":3,"day":9,"volcanoLocationId":70303,"volcanoLocationNewNum":273030,"volcanoLocationNum":"0703-03=","name":"Mayon","location":"Luzon-Philippines","country":"Philippines","latitude":13.257,"longitude":123.685,"elevation":2462,"morphology":"Stratovolcano","vei":3,"agent":"T","deaths":15,"deathsAmountOrder":1,"damageAmountOrder":1,"housesDestroyedAmountOrder":1,"deathsTotal":15,"deathsAmountOrderTotal":1,"damageAmountOrderTotal":1,"housesDestroyedAmountOrderTotal":1,"significant":true,"publish":false,"eruption":true,"status":"Historical","timeErupt":"D1","date":"1887-03-09","group":"VEI 3"}},{"type":"Feature","geometry":{"type":"Point","coordinates":[123.685,13.257]},"properties":{"id":730,"year":1897,"month":5,"day":23,"volcanoLocationId":70303,"volcanoLocationNewNum":273030,"volcanoLocationNum":"0703-03=","name":"Mayon","location":"Luzon-Philippines","country":"Philippines","latitude":13.257,"longitude":123.685,"elevation":2462,"morphology":"Stratovolcano","vei":3,"agent":"P,T,M","deaths":350,"deathsAmountOrder":3,"deathsTotal":350,"deathsAmountOrderTotal":3,"significant":true,"publish":false,"eruption":true,"status":"Historical","timeErupt":"D1","date":"1897-05-23","group":"VEI 3"}},{"type":"Feature","geometry":{"type":"Point","coordinates":[123.685,13.257]},"properties":{"id":732,"year":1928,"month":1,"volcanoLocationId":70303,"volcanoLocationNewNum":273030,"volcanoLocationNum":"0703-03=","name":"Mayon","location":"Luzon-Philippines","country":"Philippines","latitude":13.257,"longitude":123.685,"elevation":2462,"morphology":"Stratovolcano","vei":3,"agent":"P","deathsAmountOrder":1,"deathsAmountOrderTotal":1,"significant":true,"publish":false,"eruption":true,"status":"Historical","timeErupt":"D1","date":"1928-01","group":"VEI 3"}},{"type":"Feature","geometry":{"type":"Point","coordinates":[123.685,13.257]},"properties":{"id":733,"year":1938,"month":6,"day":5,"volcanoLocationId":70303,"volcanoLocationNewNum":273030,"volcanoLocationNum":"0703-03=","name":"Mayon","location":"Luzon-Philippines","country":"Philippines","latitude":13.257,"longitude":123.685,"elevation":2462,"morphology":"Stratovolcano","vei":2,"deathsAmountOrder":1,"deathsAmountOrderTotal":1,"significant":true,"publish":false,"eruption":true,"status":"Historical","timeErupt":"D1","date":"1938-06-05","group":"VEI 2"}},{"type":"Feature","geometry":{"type":"Point","coordinates":[123.685,13.257]},"properties":{"id":735,"year":1947,"month":1,"day":7,"volcanoLocationId":70303,"volcanoLocationNewNum":273030,"volcanoLocationNum":"0703-03=","name":"Mayon","location":"Luzon-Philippines","country":"Philippines","latitude":13.257,"longitude":123.685,"elevation":2462,"morphology":"Stratovolcano","vei":2,"deathsAmountOrder":1,"deathsAmountOrderTotal":1,"significant":true,"publish":false,"eruption":true,"status":"Historical","timeErupt":"D1","date":"1947-01-07","group":"VEI 2"}},{"type":"Feature","geometry":{"type":"Point","coordinates":[123.685,13.257]},"properties":{"id":736,"year":1968,"month":4,"day":21,"volcanoLocationId":70303,"volcanoLocationNewNum":273030,"volcanoLocationNum":"0703-03=","name":"Mayon","location":"Luzon-Philippines","country":"Philippines","latitude":13.257,"longitude":123.685,"elevation":2462,"morphology":"Stratovolcano","vei":3,"agent":"M,P","deaths":6,"deathsAmountOrder":1,"deathsTotal":6,"deathsAmountOrderTotal":1,"significant":true,"publish":false,"eruption":true,"status":"Historical","timeErupt":"D1","date":"1968-04-21","group":"VEI 3"}},{"type":"Feature","geometry":{"type":"Point","coordinates":[123.685,13.257]},"properties":{"id":739,"year":1984,"month":9,"day":9,"volcanoLocationId":70303,"volcanoLocationNewNum":273030,"volcanoLocationNum":"0703-03=","name":"Mayon","location":"Luzon-Philippines","country":"Philippines","latitude":13.257,"longitude":123.685,"elevation":2462,"morphology":"Stratovolcano","vei":3,"agent":"M","deaths":1,"deathsAmountOrder":1,"deathsTotal":1,"deathsAmountOrderTotal":1,"significant":true,"publish":false,"eruption":true,"status":"Historical","timeErupt":"D1","date":"1984-09-09","group":"VEI 3"}},{"type":"Feature","geometry":{"type":"Point","coordinates":[120.998,14.011]},"properties":{"id":745,"year":1572,"volcanoLocationId":70307,"volcanoLocationNewNum":273070,"volcanoLocationNum":"0703-07=","name":"Taal","location":"Luzon-Philippines","country":"Philippines","latitude":14.011,"longitude":120.998,"elevation":311,"morphology":"Stratovolcano","vei":3,"agent":"L","damageAmountOrder":2,"damageAmountOrderTotal":2,"significant":true,"publish":false,"eruption":true,"status":"Historical","timeErupt":"D1","date":"1572","group":"VEI 3"}},{"type":"Feature","geometry":{"type":"Point","coordinates":[120.998,14.011]},"properties":{"id":752,"year":1716,"month":9,"day":24,"tsunamiEventId":387,"earthquakeEventId":1205,"volcanoLocationId":70307,"volcanoLocationNewNum":273070,"volcanoLocationNum":"0703-07=","name":"Taal","location":"Luzon-Philippines","country":"Philippines","latitude":14.011,"longitude":120.998,"elevation":311,"morphology":"Stratovolcano","vei":4,"deathsAmountOrder":1,"deathsAmountOrderTotal":1,"damageAmountOrderTotal":3,"housesDestroyedAmountOrderTotal":3,"significant":true,"publish":false,"eruption":true,"status":"Historical","timeErupt":"D1","date":"1716-09-24","group":"VEI 4"}},{"type":"Feature","geometry":{"type":"Point","coordinates":[120.998,14.011]},"properties":{"id":753,"year":1749,"month":8,"day":11,"tsunamiEventId":431,"earthquakeEventId":1304,"volcanoLocationId":70307,"volcanoLocationNewNum":273070,"volcanoLocationNum":"0703-07=","name":"Taal","location":"Luzon-Philippines","country":"Philippines","latitude":14.011,"longitude":120.998,"elevation":311,"morphology":"Stratovolcano","vei":3,"deathsAmountOrder":1,"damageAmountOrder":1,"deathsAmountOrderTotal":1,"damageAmountOrderTotal":3,"housesDestroyedAmountOrderTotal":3,"significant":true,"publish":false,"eruption":true,"status":"Historical","timeErupt":"D1","date":"1749-08-11","group":"VEI 3"}},{"type":"Feature","geometry":{"type":"Point","coordinates":[120.998,14.011]},"properties":{"id":754,"year":1754,"month":11,"day":28,"tsunamiEventId":2853,"earthquakeEventId":1328,"volcanoLocationId":70307,"volcanoLocationNewNum":273070,"volcanoLocationNum":"0703-07=","name":"Taal","location":"Luzon-Philippines","country":"Philippines","latitude":14.011,"longitude":120.998,"elevation":311,"morphology":"Stratovolcano","vei":4,"agent":"W,T","deathsAmountOrder":1,"damageAmountOrder":4,"housesDestroyedAmountOrder":4,"deathsTotal":12,"deathsAmountOrderTotal":1,"damageAmountOrderTotal":4,"housesDestroyedAmountOrderTotal":4,"significant":true,"publish":false,"eruption":true,"status":"Historical","timeErupt":"D1","date":"1754-11-28","group":"VEI 4"}},{"type":"Feature","geometry":{"type":"Point","coordinates":[120.998,14.011]},"properties":{"id":756,"year":1874,"month":7,"day":19,"volcanoLocationId":70307,"volcanoLocationNewNum":273070,"volcanoLocationNum":"0703-07=","name":"Taal","location":"Luzon-Philippines","country":"Philippines","latitude":14.011,"longitude":120.998,"elevation":311,"morphology":"Stratovolcano","vei":2,"deathsAmountOrder":1,"deathsAmountOrderTotal":1,"significant":true,"publish":false,"eruption":true,"status":"Historical","timeErupt":"D1","date":"1874-07-19","group":"VEI 2"}},{"type":"Feature","geometry":{"type":"Point","coordinates":[120.998,14.011]},"properties":{"id":761,"year":1911,"month":1,"day":30,"tsunamiEventId":1392,"earthquakeEventId":8391,"volcanoLocationId":70307,"volcanoLocationNewNum":273070,"volcanoLocationNum":"0703-07=","name":"Taal","location":"Luzon-Philippines","country":"Philippines","latitude":14.011,"longitude":120.998,"elevation":311,"morphology":"Stratovolcano","vei":3,"agent":"P,W","deaths":1335,"deathsAmountOrder":4,"injuries":199,"injuriesAmountOrder":3,"damageAmountOrder":3,"housesDestroyed":543,"housesDestroyedAmountOrder":3,"deathsTotal":1335,"deathsAmountOrderTotal":4,"injuriesTotal":199,"injuriesAmountOrderTotal":3,"damageAmountOrderTotal":3,"housesDestroyedTotal":543,"housesDestroyedAmountOrderTotal":3,"significant":true,"publish":false,"eruption":true,"status":"Historical","timeErupt":"D1","date":"1911-01-30","group":"VEI 3"}},{"type":"Feature","geometry":{"type":"Point","coordinates":[120.998,14.011]},"properties":{"id":762,"year":1965,"month":9,"day":28,"tsunamiEventId":1977,"volcanoLocationId":70307,"volcanoLocationNewNum":273070,"volcanoLocationNum":"0703-07=","name":"Taal","location":"Luzon-Philippines","country":"Philippines","latitude":14.011,"longitude":120.998,"elevation":311,"morphology":"Stratovolcano","vei":4,"agent":"P,W","deaths":355,"deathsAmountOrder":3,"damageAmountOrder":1,"housesDestroyedAmountOrder":1,"deathsTotal":355,"deathsAmountOrderTotal":3,"damageAmountOrderTotal":1,"housesDestroyedAmountOrderTotal":1,"significant":true,"publish":false,"eruption":true,"status":"Historical","timeErupt":"D1","date":"1965-09-28","group":"VEI 4"}},{"type":"Feature","geometry":{"type":"Point","coordinates":[122.202,19.077]},"properties":{"id":777,"year":1969,"month":3,"day":21,"tsunamiEventId":2872,"volcanoLocationId":70402,"volcanoLocationNewNum":274020,"volcanoLocationNum":"0704-02=","name":"Didicas","location":"Luzon-N of","country":"Philippines","latitude":19.077,"longitude":122.202,"elevation":228,"morphology":"Compound volcano","vei":2,"agent":"W","deathsTotal":3,"deathsAmountOrderTotal":1,"significant":true,"publish":false,"eruption":true,"status":"Historical","timeErupt":"D1","date":"1969-03-21","group":"VEI 2"}},{"type":"Feature","geometry":{"type":"Point","coordinates":[121.83,24.0]},"properties":{"id":787,"year":1853,"month":10,"day":29,"tsunamiEventId":809,"volcanoLocationId":80103,"volcanoLocationNewNum":281030,"volcanoLocationNum":"0801-03=","name":"Unnamed","location":"Taiwan-E of","country":"Taiwan","latitude":24,"longitude":121.83,"elevation":0,"morphology":"Submarine volcano","vei":2,"significant":true,"publish":false,"eruption":true,"status":"Historical","timeErupt":"D3","date":"1853-10-29","group":"VEI 2"}},{"type":"Feature","geometry":{"type":"Point","coordinates":[130.217,30.443]},"properties":{"id":821,"year":1841,"month":4,"volcanoLocationId":80205,"volcanoLocationNewNum":282050,"volcanoLocationNum":"0802-05=","name":"Kuchinoerabujima","location":"Ryukyu Is","country":"Japan","latitude":30.443,"longitude":130.217,"elevation":657,"morphology":"Stratovolcano","vei":2,"agent":"T","damageAmountOrder":2,"housesDestroyedAmountOrder":2,"damageAmountOrderTotal":2,"housesDestroyedAmountOrderTotal":2,"significant":true,"publish":false,"eruption":true,"status":"Historical","timeErupt":"D1","date":"1841-04","group":"VEI 2"}},{"type":"Feature","geometry":{"type":"Point","coordinates":[130.217,30.443]},"properties":{"id":823,"year":1933,"month":12,"day":24,"volcanoLocationId":80205,"volcanoLocationNewNum":282050,"volcanoLocationNum":"0802-05=","name":"Kuchinoerabujima","location":"Ryukyu Is","country":"Japan","latitude":30.443,"longitude":130.217,"elevation":657,"morphology":"Stratovolcano","vei":4,"agent":"T","deaths":8,"deathsAmountOrder":1,"injuries":26,"injuriesAmountOrder":1,"deathsTotal":8,"deathsAmountOrderTotal":1,"injuriesTotal":26,"injuriesAmountOrderTotal":1,"significant":true,"publish":false,"eruption":true,"status":"Historical","timeErupt":"D1","date":"1933-12-24","group":"VEI 4"}},{"type":"Feature","geometry":{"type":"Point","coordinates":[130.659,31.577]},"properties":{"id":843,"year":764,"volcanoLocationId":80208,"volcanoLocationNewNum":282080,"volcanoLocationNum":"0802-08=","name":"Aira","location":"Kyushu-Japan","country":"Japan","latitude":31.577,"longitude":130.659,"elevation":1117,"morphology":"Stratovolcano","vei":4,"agent":"T,L","deaths":80,"deathsAmountOrder":2,"deathsTotal":80,"deathsAmountOrderTotal":2,"significant":true,"publish":false,"eruption":true,"status":"Historical","timeErupt":"D1","date":"0764","group":"VEI 4"}},{"type":"Feature","geometry":{"type":"Point","coordinates":[130.659,31.577]},"properties":{"id":844,"year":766,"month":7,"day":20,"tsunamiEventId":61,"earthquakeEventId":7341,"volcanoLocationId":80208,"volcanoLocationNewNum":282080,"volcanoLocationNum":"0802-08=","name":"Aira","location":"Kyushu-Japan","country":"Japan","latitude":31.577,"longitude":130.659,"elevation":1117,"morphology":"Stratovolcano","vei":3,"deathsAmountOrder":3,"deathsAmountOrderTotal":3,"significant":true,"publish":false,"eruption":true,"status":"Historical","timeErupt":"D1","date":"0766-07-20","group":"VEI 3"}},{"type":"Feature","geometry":{"type":"Point","coordinates":[130.659,31.577]},"properties":{"id":846,"year":1471,"month":11,"day":3,"volcanoLocationId":80208,"volcanoLocationNewNum":282080,"volcanoLocationNum":"0802-08=","name":"Aira","location":"Kyushu-Japan","country":"Japan","latitude":31.577,"longitude":130.659,"elevation":1117,"morphology":"Stratovolcano","vei":5,"agent":"P","deathsAmountOrder":3,"deathsAmountOrderTotal":3,"significant":true,"publish":false,"eruption":true,"status":"Historical","timeErupt":"D1","date":"1471-11-03","group":"VEI 5"}},{"type":"Feature","geometry":{"type":"Point","coordinates":[130.659,31.577]},"properties":{"id":858,"year":1779,"month":11,"day":8,"volcanoLocationId":80208,"volcanoLocationNewNum":282080,"volcanoLocationNum":"0802-08=","name":"Aira","location":"Kyushu-Japan","country":"Japan","latitude":31.577,"longitude":130.659,"elevation":1117,"morphology":"Stratovolcano","vei":4,"agent":"T,W,I","deaths":153,"deathsAmountOrder":3,"deathsTotal":153,"deathsAmountOrderTotal":3,"significant":true,"publish":false,"eruption":true,"status":"Historical","timeErupt":"D1","date":"1779-11-08","group":"VEI 4"}},{"type":"Feature","geometry":{"type":"Point","coordinates":[130.659,31.577]},"properties":{"id":859,"year":1781,"month":4,"day":11,"tsunamiEventId":529,"volcanoLocationId":80208,"volcanoLocationNewNum":282080,"volcanoLocationNum":"0802-08=","name":"Aira","location":"Kyushu-Japan","country":"Japan","latitude":31.577,"longitude":130.659,"elevation":1117,"morphology":"Stratovolcano","vei":4,"agent":"W","deaths":23,"deathsAmountOrder":1,"deathsTotal":38,"deathsAmountOrderTotal":1,"damageAmountOrderTotal":1,"significant":true,"publish":false,"eruption":true,"status":"Historical","timeErupt":"D1","date":"1781-04-11","group":"VEI 4"}},{"type":"Feature","geometry":{"type":"Point","coordinates":[130.659,31.577]},"properties":{"id":867,"year":1914,"month":1,"day":12,"tsunamiEventId":1412,"earthquakeEventId":2994,"volcanoLocationId":80208,"volcanoLocationNewNum":282080,"volcanoLocationNum":"0802-08=","name":"Aira","location":"Kyushu-Japan","country":"Japan","latitude":31.577,"longitude":130.659,"elevation":1117,"morphology":"Stratovolcano","vei":4,"agent":"I,S,A,T","deaths":28,"deathsAmountOrder":1,"injuriesAmountOrder":3,"damageMillionsDollars":0.04,"damageAmountOrder":1,"housesDestroyed":2148,"housesDestroyedAmountOrder":4,"deathsTotal":63,"deathsAmountOrderTotal":2,"injuriesTotal":112,"injuriesAmountOrderTotal":3,"damageMillionsDollarsTotal":19,"damageAmountOrderTotal":3,"housesDestroyedTotal":2268,"housesDestroyedAmountOrderTotal":4,"significant":true,"publish":false,"eruption":true,"status":"Historical","timeErupt":"D1","date":"1914-01-12","group":"VEI 4"}},{"type":"Feature","geometry":{"type":"Point","coordinates":[130.659,31.577]},"properties":{"id":874,"year":1946,"month":1,"volcanoLocationId":80208,"volcanoLocationNewNum":282080,"volcanoLocationNum":"0802-08=","name":"Aira","location":"Kyushu-Japan","country":"Japan","latitude":31.577,"longitude":130.659,"elevation":1117,"morphology":"Stratovolcano","vei":2,"deaths":1,"deathsAmountOrder":1,"deathsTotal":1,"deathsAmountOrderTotal":1,"significant":true,"publish":false,"eruption":true,"status":"Historical","timeErupt":"D1","date":"1946-01","group":"VEI 2"}},{"type":"Feature","geometry":{"type":"Point","coordinates":[130.659,31.577]},"properties":{"id":878,"year":1955,"month":10,"day":13,"volcanoLocationId":80208,"volcanoLocationNewNum":282080,"volcanoLocationNum":"0802-08=","name":"Aira","location":"Kyushu-Japan","country":"Japan","latitude":31.577,"longitude":130.659,"elevation":1117,"morphology":"Stratovolcano","vei":3,"deathsAmountOrder":1,"deathsAmountOrderTotal":1,"significant":true,"publish":false,"eruption":true,"status":"Historical","timeErupt":"D1","date":"1955-10-13","group":"VEI 3"}},{"type":"Feature","geometry":{"type":"Point","coordinates":[130.862,31.934]},"properties":{"id":904,"year":1566,"month":10,"day":31,"volcanoLocationId":80209,"volcanoLocationNewNum":282090,"volcanoLocationNum":"0802-09=","name":"Kirishimayama","location":"Kyushu-Japan","country":"Japan","latitude":31.934,"longitude":130.862,"elevation":1700,"morphology":"Shield volcano","vei":3,"deathsAmountOrder":3,"deathsAmountOrderTotal":3,"significant":true,"publish":false,"eruption":true,"status":"Historical","timeErupt":"D1","date":"1566-10-31","group":"VEI 3"}},{"type":"Feature","geometry":{"type":"Point","coordinates":[130.862,31.934]},"properties":{"id":915,"year":1716,"month":11,"day":9,"volcanoLocationId":80209,"volcanoLocationNewNum":282090,"volcanoLocationNum":"0802-09=","name":"Kirishimayama","location":"Kyushu-Japan","country":"Japan","latitude":31.934,"longitude":130.862,"elevation":1700,"morphology":"Shield volcano","vei":3,"deaths":1,"deathsAmountOrder":1,"injuries":31,"injuriesAmountOrder":1,"deathsTotal":1,"deathsAmountOrderTotal":1,"injuriesTotal":31,"injuriesAmountOrderTotal":1,"significant":true,"publish":false,"eruption":true,"status":"Historical","timeErupt":"D1","date":"1716-11-09","group":"VEI 3"}},{"type":"Feature","geometry":{"type":"Point","coordinates":[130.862,31.934]},"properties":{"id":916,"year":1717,"month":2,"day":7,"volcanoLocationId":80209,"volcanoLocationNewNum":282090,"volcanoLocationNum":"0802-09=","name":"Kirishimayama","location":"Kyushu-Japan","country":"Japan","latitude":31.934,"longitude":130.862,"elevation":1700,"morphology":"Shield volcano","vei":3,"deaths":1,"deathsAmountOrder":1,"injuries":30,"injuriesAmountOrder":1,"deathsTotal":1,"deathsAmountOrderTotal":1,"injuriesTotal":30,"injuriesAmountOrderTotal":1,"significant":true,"publish":false,"eruption":true,"status":"Historical","timeErupt":"D1","date":"1717-02-07","group":"VEI 3"}},{"type":"Feature","geometry":{"type":"Point","coordinates":[130.299,32.761]},"properties":{"id":932,"year":1792,"month":5,"day":21,"tsunamiEventId":568,"earthquakeEventId":1515,"volcanoLocationId":80210,"volcanoLocationNewNum":282100,"volcanoLocationNum":"0802-10=","name":"Unzendake","location":"Kyushu-Japan","country":"Japan","latitude":32.761,"longitude":130.299,"elevation":1483,"morphology":"Complex volcano","vei":2,"agent":"W,A","deathsAmountOrder":1,"deathsTotal":15000,"deathsAmountOrderTotal":4,"injuriesTotal":707,"injuriesAmountOrderTotal":3,"damageAmountOrderTotal":4,"housesDestroyedTotal":6200,"housesDestroyedAmountOrderTotal":4,"significant":true,"publish":false,"eruption":true,"status":"Historical","timeErupt":"D1","date":"1792-05-21","group":"VEI 2"}},{"type":"Feature","geometry":{"type":"Point","coordinates":[130.299,32.761]},"properties":{"id":933,"year":1991,"month":6,"day":3,"volcanoLocationId":80210,"volcanoLocationNewNum":282100,"volcanoLocationNum":"0802-10=","name":"Unzendake","location":"Kyushu-Japan","country":"Japan","latitude":32.761,"longitude":130.299,"elevation":1483,"morphology":"Complex volcano","vei":1,"agent":"P","deaths":43,"deathsAmountOrder":1,"deathsTotal":43,"deathsAmountOrderTotal":1,"significant":true,"publish":false,"eruption":true,"status":"Historical","timeErupt":"D1","date":"1991-06-03","group":"VEI 1"}},{"type":"Feature","geometry":{"type":"Point","coordinates":[131.085,32.885]},"properties":{"id":949,"year":1331,"month":12,"volcanoLocationId":80211,"volcanoLocationNewNum":282110,"volcanoLocationNum":"0802-11=","name":"Asosan","location":"Kyushu-Japan","country":"Japan","latitude":32.885,"longitude":131.085,"elevation":1592,"morphology":"Caldera","vei":2,"deathsAmountOrder":1,"deathsAmountOrderTotal":1,"significant":true,"publish":false,"eruption":true,"status":"Historical","timeErupt":"D1","date":"1331-12","group":"VEI 2"}},{"type":"Feature","geometry":{"type":"Point","coordinates":[131.085,32.885]},"properties":{"id":960,"year":1485,"month":1,"volcanoLocationId":80211,"volcanoLocationNewNum":282110,"volcanoLocationNum":"0802-11=","name":"Asosan","location":"Kyushu-Japan","country":"Japan","latitude":32.885,"longitude":131.085,"elevation":1592,"morphology":"Caldera","vei":2,"deaths":1,"deathsAmountOrder":1,"deathsTotal":1,"deathsAmountOrderTotal":1,"significant":true,"publish":false,"eruption":true,"status":"Historical","timeErupt":"D1","date":"1485-01","group":"VEI 2"}},{"type":"Feature","geometry":{"type":"Point","coordinates":[131.085,32.885]},"properties":{"id":990,"year":1826,"month":10,"volcanoLocationId":80211,"volcanoLocationNewNum":282110,"volcanoLocationNum":"0802-11=","name":"Asosan","location":"Kyushu-Japan","country":"Japan","latitude":32.885,"longitude":131.085,"elevation":1592,"morphology":"Caldera","vei":2,"agent":"T","deathsAmountOrder":3,"deathsAmountOrderTotal":3,"significant":true,"publish":false,"eruption":true,"status":"Historical","timeErupt":"D1","date":"1826-10","group":"VEI 2"}},{"type":"Feature","geometry":{"type":"Point","coordinates":[131.085,32.885]},"properties":{"id":994,"year":1854,"month":2,"volcanoLocationId":80211,"volcanoLocationNewNum":282110,"volcanoLocationNum":"0802-11=","name":"Asosan","location":"Kyushu-Japan","country":"Japan","latitude":32.885,"longitude":131.085,"elevation":1592,"morphology":"Caldera","vei":2,"deaths":3,"deathsAmountOrder":1,"deathsTotal":3,"deathsAmountOrderTotal":1,"significant":true,"publish":false,"eruption":true,"status":"Historical","timeErupt":"D1","date":"1854-02","group":"VEI 2"}},{"type":"Feature","geometry":{"type":"Point","coordinates":[131.085,32.885]},"properties":{"id":995,"year":1872,"month":12,"volcanoLocationId":80211,"volcanoLocationNewNum":282110,"volcanoLocationNum":"0802-11=","name":"Asosan","location":"Kyushu-Japan","country":"Japan","latitude":32.885,"longitude":131.085,"elevation":1592,"morphology":"Caldera","vei":3,"agent":"T","deaths":4,"deathsAmountOrder":1,"deathsTotal":4,"deathsAmountOrderTotal":1,"significant":true,"publish":false,"eruption":true,"status":"Historical","timeErupt":"D1","date":"1872-12","group":"VEI 3"}},{"type":"Feature","geometry":{"type":"Point","coordinates":[131.085,32.885]},"properties":{"id":1012,"year":1953,"month":4,"day":27,"volcanoLocationId":80211,"volcanoLocationNewNum":282110,"volcanoLocationNum":"0802-11=","name":"Asosan","location":"Kyushu-Japan","country":"Japan","latitude":32.885,"longitude":131.085,"elevation":1592,"morphology":"Caldera","vei":2,"agent":"T","deaths":6,"deathsAmountOrder":1,"deathsTotal":6,"deathsAmountOrderTotal":1,"significant":true,"publish":false,"eruption":true,"status":"Historical","timeErupt":"D1","date":"1953-04-27","group":"VEI 2"}},{"type":"Feature","geometry":{"type":"Point","coordinates":[131.085,32.885]},"properties":{"id":1019,"year":1957,"month":10,"volcanoLocationId":80211,"volcanoLocationNewNum":282110,"volcanoLocationNum":"0802-11=","name":"Asosan","location":"Kyushu-Japan","country":"Japan","latitude":32.885,"longitude":131.085,"elevation":1592,"morphology":"Caldera","vei":2,"agent":"T","deaths":12,"deathsAmountOrder":1,"deathsTotal":12,"deathsAmountOrderTotal":1,"significant":true,"publish":false,"eruption":true,"status":"Historical","timeErupt":"D1","date":"1957-10","group":"VEI 2"}},{"type":"Feature","geometry":{"type":"Point","coordinates":[138.728,35.361]},"properties":{"id":1065,"year":1707,"month":12,"day":16,"earthquakeEventId":1178,"volcanoLocationId":80303,"volcanoLocationNewNum":283030,"volcanoLocationNum":"0803-03=","name":"Fujisan","location":"Honshu-Japan","country":"Japan","latitude":35.361,"longitude":138.728,"elevation":3776,"morphology":"Stratovolcano","vei":4,"deathsAmountOrder":1,"damageAmountOrder":1,"housesDestroyed":75,"housesDestroyedAmountOrder":1,"deathsAmountOrderTotal":1,"damageAmountOrderTotal":1,"housesDestroyedTotal":75,"housesDestroyedAmountOrderTotal":1,"significant":true,"publish":false,"eruption":true,"status":"Historical","timeErupt":"D4","date":"1707-12-16","group":"VEI 4"}},{"type":"Feature","geometry":{"type":"Point","coordinates":[138.036,36.921]},"properties":{"id":1100,"year":1974,"month":7,"day":28,"volcanoLocationId":80309,"volcanoLocationNewNum":283090,"volcanoLocationNum":"0803-09=","name":"Niigata-Yakeyama","location":"Honshu-Japan","country":"Japan","latitude":36.921,"longitude":138.036,"elevation":2400,"morphology":"Lava dome","vei":2,"agent":"T","deaths":3,"deathsAmountOrder":1,"deathsTotal":3,"deathsAmountOrderTotal":1,"significant":true,"publish":false,"eruption":true,"status":"Historical","timeErupt":"D1","date":"1974-07-28","group":"VEI 2"}},{"type":"Feature","geometry":{"type":"Point","coordinates":[138.523,36.406]},"properties":{"id":1106,"year":1596,"month":5,"day":1,"volcanoLocationId":80311,"volcanoLocationNewNum":283110,"volcanoLocationNum":"0803-11=","name":"Asamayama","location":"Honshu-Japan","country":"Japan","latitude":36.406,"longitude":138.523,"elevation":2568,"morphology":"Complex volcano","vei":2,"agent":"T","deathsAmountOrder":3,"deathsAmountOrderTotal":3,"significant":true,"publish":false,"eruption":true,"status":"Historical","timeErupt":"D1","date":"1596-05-01","group":"VEI 2"}},{"type":"Feature","geometry":{"type":"Point","coordinates":[138.523,36.406]},"properties":{"id":1133,"year":1721,"month":6,"day":22,"volcanoLocationId":80311,"volcanoLocationNewNum":283110,"volcanoLocationNum":"0803-11=","name":"Asamayama","location":"Honshu-Japan","country":"Japan","latitude":36.406,"longitude":138.523,"elevation":2568,"morphology":"Complex volcano","vei":1,"agent":"T","deaths":15,"deathsAmountOrder":1,"deathsTotal":15,"deathsAmountOrderTotal":1,"significant":true,"publish":false,"eruption":true,"status":"Historical","timeErupt":"D1","date":"1721-06-22","group":"VEI 1"}},{"type":"Feature","geometry":{"type":"Point","coordinates":[138.523,36.406]},"properties":{"id":1145,"year":1783,"month":8,"day":5,"volcanoLocationId":80311,"volcanoLocationNewNum":283110,"volcanoLocationNum":"0803-11=","name":"Asamayama","location":"Honshu-Japan","country":"Japan","latitude":36.406,"longitude":138.523,"elevation":2568,"morphology":"Complex volcano","vei":4,"agent":"F,P,I","deaths":1491,"deathsAmountOrder":4,"deathsTotal":1491,"deathsAmountOrderTotal":4,"significant":true,"publish":false,"eruption":true,"status":"Historical","timeErupt":"D1","date":"1783-08-05","group":"VEI 4"}},{"type":"Feature","geometry":{"type":"Point","coordinates":[138.523,36.406]},"properties":{"id":1146,"year":1803,"month":7,"day":4,"volcanoLocationId":80311,"volcanoLocationNewNum":283110,"volcanoLocationNum":"0803-11=","name":"Asamayama","location":"Honshu-Japan","country":"Japan","latitude":36.406,"longitude":138.523,"elevation":2568,"morphology":"Complex volcano","vei":2,"deathsAmountOrder":1,"deathsAmountOrderTotal":1,"significant":true,"publish":false,"eruption":true,"status":"Historical","timeErupt":"D1","date":"1803-07-04","group":"VEI 2"}},{"type":"Feature","geometry":{"type":"Point","coordinates":[138.523,36.406]},"properties":{"id":1147,"year":1803,"month":11,"day":7,"volcanoLocationId":80311,"volcanoLocationNewNum":283110,"volcanoLocationNum":"0803-11=","name":"Asamayama","location":"Honshu-Japan","country":"Japan","latitude":36.406,"longitude":138.523,"elevation":2568,"morphology":"Complex volcano","vei":2,"agent":"T","deathsAmountOrder":1,"deathsAmountOrderTotal":1,"significant":true,"publish":false,"eruption":true,"status":"Historical","timeErupt":"D1","date":"1803-11-07","group":"VEI 2"}},{"type":"Feature","geometry":{"type":"Point","coordinates":[138.523,36.406]},"properties":{"id":1158,"year":1900,"month":1,"day":22,"volcanoLocationId":80311,"volcanoLocationNewNum":283110,"volcanoLocationNum":"0803-11=","name":"Asamayama","location":"Honshu-Japan","country":"Japan","latitude":36.406,"longitude":138.523,"elevation":2568,"morphology":"Complex volcano","vei":2,"deaths":25,"deathsAmountOrder":1,"deathsTotal":25,"deathsAmountOrderTotal":1,"significant":true,"publish":false,"eruption":true,"status":"Historical","timeErupt":"D1","date":"1900-01-22","group":"VEI 2"}},{"type":"Feature","geometry":{"type":"Point","coordinates":[138.523,36.406]},"properties":{"id":1163,"year":1936,"month":7,"day":29,"volcanoLocationId":80311,"volcanoLocationNewNum":283110,"volcanoLocationNum":"0803-11=","name":"Asamayama","location":"Honshu-Japan","country":"Japan","latitude":36.406,"longitude":138.523,"elevation":2568,"morphology":"Complex volcano","vei":3,"agent":"P,T","deaths":2,"deathsAmountOrder":1,"deathsTotal":2,"deathsAmountOrderTotal":1,"significant":true,"publish":false,"eruption":true,"status":"Historical","timeErupt":"D1","date":"1936-07-29","group":"VEI 3"}},{"type":"Feature","geometry":{"type":"Point","coordinates":[138.523,36.406]},"properties":{"id":1166,"year":1947,"month":8,"day":14,"volcanoLocationId":80311,"volcanoLocationNewNum":283110,"volcanoLocationNum":"0803-11=","name":"Asamayama","location":"Honshu-Japan","country":"Japan","latitude":36.406,"longitude":138.523,"elevation":2568,"morphology":"Complex volcano","vei":2,"deaths":11,"deathsAmountOrder":1,"deathsTotal":11,"deathsAmountOrderTotal":1,"significant":true,"publish":false,"eruption":true,"status":"Historical","timeErupt":"D1","date":"1947-08-14","group":"VEI 2"}},{"type":"Feature","geometry":{"type":"Point","coordinates":[138.523,36.406]},"properties":{"id":1168,"year":1950,"month":9,"day":23,"volcanoLocationId":80311,"volcanoLocationNewNum":283110,"volcanoLocationNum":"0803-11=","name":"Asamayama","location":"Honshu-Japan","country":"Japan","latitude":36.406,"longitude":138.523,"elevation":2568,"morphology":"Complex volcano","vei":2,"agent":"T","deaths":1,"deathsAmountOrder":1,"injuries":1,"injuriesAmountOrder":1,"housesDestroyedAmountOrder":1,"deathsTotal":1,"deathsAmountOrderTotal":1,"injuriesTotal":1,"injuriesAmountOrderTotal":1,"housesDestroyedAmountOrderTotal":1,"significant":true,"publish":false,"eruption":true,"status":"Historical","timeErupt":"D1","date":"1950-09-23","group":"VEI 2"}},{"type":"Feature","geometry":{"type":"Point","coordinates":[138.523,36.406]},"properties":{"id":1176,"year":1961,"month":8,"day":18,"volcanoLocationId":80311,"volcanoLocationNewNum":283110,"volcanoLocationNum":"0803-11=","name":"Asamayama","location":"Honshu-Japan","country":"Japan","latitude":36.406,"longitude":138.523,"elevation":2568,"morphology":"Complex volcano","vei":2,"agent":"T","deaths":1,"deathsAmountOrder":1,"deathsTotal":1,"deathsAmountOrderTotal":1,"significant":true,"publish":false,"eruption":true,"status":"Historical","timeErupt":"D1","date":"1961-08-18","group":"VEI 2"}},{"type":"Feature","geometry":{"type":"Point","coordinates":[138.528,36.618]},"properties":{"id":1190,"year":1932,"month":10,"day":1,"volcanoLocationId":80312,"volcanoLocationNewNum":283120,"volcanoLocationNum":"0803-12=","name":"Kusatsu-Shiranesan","location":"Honshu-Japan","country":"Japan","latitude":36.618,"longitude":138.528,"elevation":2165,"morphology":"Stratovolcano","vei":3,"agent":"M","deaths":2,"deathsAmountOrder":1,"injuries":7,"injuriesAmountOrder":1,"deathsTotal":2,"deathsAmountOrderTotal":1,"injuriesTotal":7,"injuriesAmountOrderTotal":1,"significant":true,"publish":false,"eruption":true,"status":"Historical","timeErupt":"D1","date":"1932-10-01","group":"VEI 3"}},{"type":"Feature","geometry":{"type":"Point","coordinates":[139.963,37.125]},"properties":{"id":1203,"year":1410,"month":3,"day":5,"volcanoLocationId":80315,"volcanoLocationNewNum":283150,"volcanoLocationNum":"0803-15=","name":"Nasudake","location":"Honshu-Japan","country":"Japan","latitude":37.125,"longitude":139.963,"elevation":1915,"morphology":"Stratovolcano","vei":3,"deaths":180,"deathsAmountOrder":3,"deathsTotal":180,"deathsAmountOrderTotal":3,"significant":true,"publish":false,"eruption":true,"status":"Historical","timeErupt":"D2","date":"1410-03-05","group":"VEI 3"}},{"type":"Feature","geometry":{"type":"Point","coordinates":[140.072,37.601]},"properties":{"id":1211,"year":1888,"month":7,"day":15,"volcanoLocationId":80316,"volcanoLocationNewNum":283160,"volcanoLocationNum":"0803-16=","name":"Bandaisan","location":"Honshu-Japan","country":"Japan","latitude":37.601,"longitude":140.072,"elevation":1816,"morphology":"Stratovolcano","vei":4,"agent":"A,P","deaths":461,"deathsAmountOrder":3,"injuries":70,"injuriesAmountOrder":2,"damageAmountOrder":2,"housesDestroyedAmountOrder":2,"deathsTotal":461,"deathsAmountOrderTotal":3,"injuriesTotal":70,"injuriesAmountOrderTotal":2,"damageAmountOrderTotal":2,"housesDestroyedAmountOrderTotal":2,"significant":true,"publish":false,"eruption":true,"status":"Historical","timeErupt":"D3","date":"1888-07-15","group":"VEI 4"}},{"type":"Feature","geometry":{"type":"Point","coordinates":[140.281,37.647]},"properties":{"id":1213,"year":1900,"month":7,"day":17,"volcanoLocationId":80317,"volcanoLocationNewNum":283170,"volcanoLocationNum":"0803-17=","name":"Adatarayama","location":"Honshu-Japan","country":"Japan","latitude":37.647,"longitude":140.281,"elevation":1728,"morphology":"Stratovolcano","vei":2,"agent":"T","deaths":72,"deathsAmountOrder":2,"injuries":10,"injuriesAmountOrder":1,"deathsTotal":72,"deathsAmountOrderTotal":2,"injuriesTotal":10,"injuriesAmountOrderTotal":1,"significant":true,"publish":false,"eruption":true,"status":"Historical","timeErupt":"D1","date":"1900-07-17","group":"VEI 2"}},{"type":"Feature","geometry":{"type":"Point","coordinates":[140.244,37.735]},"properties":{"id":1215,"year":1893,"month":6,"day":7,"volcanoLocationId":80318,"volcanoLocationNewNum":283180,"volcanoLocationNum":"0803-18=","name":"Azumayama","location":"Honshu-Japan","country":"Japan","latitude":37.735,"longitude":140.244,"elevation":1949,"morphology":"Stratovolcano","vei":2,"agent":"T","deaths":2,"deathsAmountOrder":1,"deathsTotal":2,"deathsAmountOrderTotal":1,"significant":true,"publish":false,"eruption":true,"status":"Historical","timeErupt":"D1","date":"1893-06-07","group":"VEI 2"}},{"type":"Feature","geometry":{"type":"Point","coordinates":[140.44,38.144]},"properties":{"id":1232,"year":1867,"month":10,"day":21,"volcanoLocationId":80319,"volcanoLocationNewNum":283190,"volcanoLocationNum":"0803-19=","name":"Zaozan [Zaosan]","location":"Honshu-Japan","country":"Japan","latitude":38.144,"longitude":140.44,"elevation":1841,"morphology":"Complex volcano","vei":2,"agent":"M","deaths":3,"deathsAmountOrder":1,"deathsTotal":3,"deathsAmountOrderTotal":1,"significant":true,"publish":false,"eruption":true,"status":"Historical","timeErupt":"D2","date":"1867-10-21","group":"VEI 2"}},{"type":"Feature","geometry":{"type":"Point","coordinates":[140.049,39.099]},"properties":{"id":1246,"year":1801,"month":8,"day":14,"volcanoLocationId":80322,"volcanoLocationNewNum":283220,"volcanoLocationNum":"0803-22=","name":"Chokaisan","location":"Honshu-Japan","country":"Japan","latitude":39.099,"longitude":140.049,"elevation":2236,"morphology":"Stratovolcano","vei":2,"agent":"T","deaths":8,"deathsAmountOrder":1,"deathsTotal":8,"deathsAmountOrderTotal":1,"significant":true,"publish":false,"eruption":true,"status":"Historical","timeErupt":"D1","date":"1801-08-14","group":"VEI 2"}},{"type":"Feature","geometry":{"type":"Point","coordinates":[139.394,34.724]},"properties":{"id":1315,"year":1953,"month":10,"day":5,"volcanoLocationId":80401,"volcanoLocationNewNum":284010,"volcanoLocationNum":"0804-01=","name":"Izu-Oshima","location":"Izu Is-Japan","country":"Japan","latitude":34.724,"longitude":139.394,"elevation":746,"morphology":"Stratovolcano","vei":1,"deaths":1,"deathsAmountOrder":1,"deathsTotal":1,"deathsAmountOrderTotal":1,"significant":true,"publish":false,"eruption":true,"status":"Historical","timeErupt":"D1","date":"1953-10-05","group":"VEI 1"}},{"type":"Feature","geometry":{"type":"Point","coordinates":[139.394,34.724]},"properties":{"id":1318,"year":1957,"month":10,"day":13,"volcanoLocationId":80401,"volcanoLocationNewNum":284010,"volcanoLocationNum":"0804-01=","name":"Izu-Oshima","location":"Izu Is-Japan","country":"Japan","latitude":34.724,"longitude":139.394,"elevation":746,"morphology":"Stratovolcano","vei":2,"agent":"T","deaths":1,"deathsAmountOrder":1,"injuries":53,"injuriesAmountOrder":2,"deathsTotal":1,"deathsAmountOrderTotal":1,"injuriesTotal":53,"injuriesAmountOrderTotal":2,"significant":true,"publish":false,"eruption":true,"status":"Historical","timeErupt":"D1","date":"1957-10-13","group":"VEI 2"}},{"type":"Feature","geometry":{"type":"Point","coordinates":[139.394,34.724]},"properties":{"id":1332,"year":1986,"month":11,"day":15,"volcanoLocationId":80401,"volcanoLocationNewNum":284010,"volcanoLocationNum":"0804-01=","name":"Izu-Oshima","location":"Izu Is-Japan","country":"Japan","latitude":34.724,"longitude":139.394,"elevation":746,"morphology":"Stratovolcano","vei":3,"agent":"I","deaths":1,"deathsAmountOrder":1,"deathsTotal":1,"deathsAmountOrderTotal":1,"significant":true,"publish":false,"eruption":true,"status":"Historical","timeErupt":"D1","date":"1986-11-15","group":"VEI 3"}},{"type":"Feature","geometry":{"type":"Point","coordinates":[41.809,13.579]},"properties":{"id":1342,"year":1861,"month":5,"day":7,"earthquakeEventId":2049,"volcanoLocationId":20110,"volcanoLocationNewNum":221100,"volcanoLocationNum":"0201-10=","name":"Dubbi","location":"Africa-NE","country":"Eritrea","latitude":13.579,"longitude":41.809,"elevation":1625,"morphology":"Stratovolcano","vei":3,"agent":"P","deaths":106,"deathsAmountOrder":3,"damageAmountOrder":3,"housesDestroyedAmountOrder":3,"deathsTotal":106,"deathsAmountOrderTotal":3,"damageAmountOrderTotal":3,"housesDestroyedAmountOrderTotal":3,"significant":true,"publish":false,"eruption":true,"status":"Historical","timeErupt":"D3","date":"1861-05-07","group":"VEI 3"}},{"type":"Feature","geometry":{"type":"Point","coordinates":[176.507,-38.157]},"properties":{"id":1343,"year":1886,"month":6,"day":10,"tsunamiEventId":5777,"volcanoLocationId":40105,"volcanoLocationNewNum":241050,"volcanoLocationNum":"0401-05=","name":"Okataina","location":"New Zealand","country":"New Zealand","latitude":-38.157,"longitude":176.507,"elevation":1111,"morphology":"Lava dome","vei":5,"agent":"T","deaths":153,"deathsAmountOrder":3,"deathsTotal":153,"deathsAmountOrderTotal":3,"significant":true,"publish":false,"eruption":true,"status":"Historical","timeErupt":"D1","date":"1886-06-10","group":"VEI 5"}},{"type":"Feature","geometry":{"type":"Point","coordinates":[14.426,40.821]},"properties":{"id":1344,"year":1906,"month":4,"day":4,"tsunamiEventId":3413,"volcanoLocationId":10102,"volcanoLocationNewNum":211020,"volcanoLocationNum":"0101-02=","name":"Vesuvius","location":"Italy","country":"Italy","latitude":40.821,"longitude":14.426,"elevation":1281,"morphology":"Complex volcano","vei":3,"agent":"T,L","deaths":350,"deathsAmountOrder":3,"injuries":300,"injuriesAmountOrder":3,"deathsTotal":350,"deathsAmountOrderTotal":3,"injuriesTotal":300,"injuriesAmountOrderTotal":3,"significant":true,"publish":false,"eruption":true,"status":"Historical","timeErupt":"D2","date":"1906-04-04","group":"VEI 3"}},{"type":"Feature","geometry":{"type":"Point","coordinates":[14.426,40.821]},"properties":{"id":1345,"year":1794,"month":6,"day":15,"volcanoLocationId":10102,"volcanoLocationNewNum":211020,"volcanoLocationNum":"0101-02=","name":"Vesuvius","location":"Italy","country":"Italy","latitude":40.821,"longitude":14.426,"elevation":1281,"morphology":"Complex volcano","vei":3,"agent":"M,L,T,G","deaths":400,"deathsAmountOrder":3,"damageAmountOrder":3,"deathsTotal":400,"deathsAmountOrderTotal":3,"damageAmountOrderTotal":3,"significant":true,"publish":false,"eruption":true,"status":"Historical","timeErupt":"D2","date":"1794-06-15","group":"VEI 3"}},{"type":"Feature","geometry":{"type":"Point","coordinates":[152.194,-4.246]},"properties":{"id":1346,"year":1937,"month":5,"day":29,"tsunamiEventId":1698,"earthquakeEventId":10010,"volcanoLocationId":50214,"volcanoLocationNewNum":252140,"volcanoLocationNum":"0502-14=","name":"Rabaul","location":"New Britain-SW Pac","country":"Papua New Guinea","latitude":-4.246,"longitude":152.194,"elevation":688,"morphology":"Pyroclastic shield","vei":4,"agent":"P,T,W,I","deaths":507,"deathsAmountOrder":3,"damageAmountOrder":1,"housesDestroyedAmountOrder":1,"deathsTotal":507,"deathsAmountOrderTotal":3,"damageAmountOrderTotal":1,"housesDestroyedAmountOrderTotal":1,"significant":true,"publish":false,"eruption":true,"status":"Historical","timeErupt":"D1","date":"1937-05-29","group":"VEI 4"}},{"type":"Feature","geometry":{"type":"Point","coordinates":[14.426,40.821]},"properties":{"id":1348,"year":79,"month":8,"day":25,"tsunamiEventId":3093,"earthquakeEventId":58,"volcanoLocationId":10102,"volcanoLocationNewNum":211020,"volcanoLocationNum":"0101-02=","name":"Vesuvius","location":"Italy","country":"Italy","latitude":40.821,"longitude":14.426,"elevation":1281,"morphology":"Complex volcano","vei":5,"agent":"P,T","deaths":2100,"deathsAmountOrder":4,"deathsTotal":2100,"deathsAmountOrderTotal":4,"significant":true,"publish":false,"eruption":true,"status":"Historical","timeErupt":"D2","date":"0079-08-25","group":"VEI 5"}},{"type":"Feature","geometry":{"type":"Point","coordinates":[14.426,40.821]},"properties":{"id":1349,"year":1631,"month":12,"day":16,"tsunamiEventId":3129,"earthquakeEventId":9756,"volcanoLocationId":10102,"volcanoLocationNewNum":211020,"volcanoLocationNum":"0101-02=","name":"Vesuvius","location":"Italy","country":"Italy","latitude":40.821,"longitude":14.426,"elevation":1281,"morphology":"Complex volcano","vei":5,"agent":"P,E,M","deaths":4000,"deathsAmountOrder":4,"damageAmountOrder":4,"housesDestroyedAmountOrder":4,"deathsTotal":4000,"deathsAmountOrderTotal":4,"damageAmountOrderTotal":4,"housesDestroyedAmountOrderTotal":4,"significant":true,"publish":false,"eruption":true,"status":"Historical","timeErupt":"D2","date":"1631-12-16","group":"VEI 5"}},{"type":"Feature","geometry":{"type":"Point","coordinates":[14.999,37.748]},"properties":{"id":1350,"year":1669,"month":3,"day":11,"earthquakeEventId":1057,"volcanoLocationId":10106,"volcanoLocationNewNum":211060,"volcanoLocationNum":"0101-06=","name":"Etna","location":"Italy","country":"Italy","latitude":37.748,"longitude":14.999,"elevation":3357,"morphology":"Stratovolcano","vei":3,"deathsAmountOrder":3,"deathsAmountOrderTotal":3,"significant":true,"publish":false,"eruption":true,"status":"Historical","timeErupt":"D1","date":"1669-03-11","group":"VEI 3"}},{"type":"Feature","geometry":{"type":"Point","coordinates":[25.396,36.404]},"properties":{"id":1351,"year":-1610,"tsunamiEventId":3,"earthquakeEventId":5877,"volcanoLocationId":10204,"volcanoLocationNewNum":212040,"volcanoLocationNum":"0102-04=","name":"Santorini","location":"Greece","country":"Greece","latitude":36.404,"longitude":25.396,"elevation":367,"morphology":"Shield volcano","vei":7,"agent":"W","deathsAmountOrder":3,"damageAmountOrder":3,"deathsAmountOrderTotal":3,"damageAmountOrderTotal":3,"significant":true,"publish":false,"eruption":true,"status":"Historical","timeErupt":"D2","date":"-1610","group":"VEI 7"}},{"type":"Feature","geometry":{"type":"Point","coordinates":[37.25,27.08]},"properties":{"id":1352,"year":640,"volcanoLocationId":30102,"volcanoLocationNewNum":231020,"volcanoLocationNum":"0301-02=","name":"Uwayrid, Harrat","location":"Arabia-W","country":"Saudi Arabia","latitude":27.08,"longitude":37.25,"elevation":1920,"morphology":"Volcanic field","vei":2,"agent":"T","deathsAmountOrder":1,"deathsAmountOrderTotal":1,"significant":true,"publish":false,"eruption":true,"status":"Anthropology","timeErupt":"D6","date":"0640","group":"VEI 2"}},{"type":"Feature","geometry":{"type":"Point","coordinates":[150.1,-5.046]},"properties":{"id":1353,"year":1895,"volcanoLocationId":50204,"volcanoLocationNewNum":252040,"volcanoLocationNum":"0502-04=","name":"Dakataua","location":"New Britain-SW Pac","country":"Papua New Guinea","latitude":-5.046,"longitude":150.1,"elevation":408,"morphology":"Caldera","vei":2,"agent":"?","deathsAmountOrder":1,"damageAmountOrder":1,"deathsAmountOrderTotal":1,"damageAmountOrderTotal":1,"significant":true,"publish":false,"eruption":true,"status":"Anthropology","timeErupt":"D3","date":"1895","group":"VEI 2"}},{"type":"Feature","geometry":{"type":"Point","coordinates":[150.516,-5.575]},"properties":{"id":1354,"year":1914,"volcanoLocationId":50208,"volcanoLocationNewNum":252080,"volcanoLocationNum":"0502-08=","name":"Witori","location":"New Britain-SW Pac","country":"Papua New Guinea","latitude":-5.575,"longitude":150.516,"elevation":724,"morphology":"Caldera","vei":3,"agent":"I","deathsAmountOrder":1,"deathsAmountOrderTotal":1,"significant":true,"publish":false,"eruption":true,"status":"Historical","timeErupt":"D2","date":"1914","group":"VEI 3"}},{"type":"Feature","geometry":{"type":"Point","coordinates":[33.792,-9.229]},"properties":{"id":1355,"year":1800,"volcanoLocationId":20217,"volcanoLocationNewNum":222170,"volcanoLocationNum":"0202-17=","name":"Kyejo","location":"Africa-E","country":"Tanzania","latitude":-9.229,"longitude":33.792,"elevation":2176,"morphology":"Stratovolcano","vei":2,"agent":"L","deathsAmountOrder":3,"damageAmountOrder":3,"deathsAmountOrderTotal":3,"damageAmountOrderTotal":3,"significant":true,"publish":false,"eruption":true,"status":"Historical","timeErupt":"D3","date":"1800","group":"VEI 2"}},{"type":"Feature","geometry":{"type":"Point","coordinates":[25.483,36.524]},"properties":{"id":1356,"year":1650,"month":9,"day":29,"tsunamiEventId":269,"volcanoLocationId":102042,"volcanoLocationNewNum":212042,"name":"Kolumbo","location":"Greece","country":"Greece","latitude":36.524,"longitude":25.483,"elevation":-18,"morphology":"Volcanic complex","vei":4,"agent":"G,W,T","deaths":120,"deathsAmountOrder":3,"damageAmountOrder":1,"deathsTotal":120,"deathsAmountOrderTotal":3,"damageAmountOrderTotal":1,"significant":true,"publish":false,"eruption":true,"status":"Holocene","timeErupt":"D5","date":"1650-09-29","group":"VEI 4"}},{"type":"Feature","geometry":{"type":"Point","coordinates":[147.12,-5.358]},"properties":{"id":1357,"year":1660,"tsunamiEventId":5482,"volcanoLocationId":50105,"volcanoLocationNewNum":251050,"volcanoLocationNum":"0501-05=","name":"Long Island","location":"New Guinea-NE of","country":"Papua New Guinea","latitude":-5.358,"longitude":147.12,"elevation":1280,"morphology":"Complex volcano","vei":6,"agent":"T,P,W,I","deaths":2000,"deathsAmountOrder":4,"damageAmountOrder":3,"housesDestroyedAmountOrder":3,"deathsTotal":2000,"deathsAmountOrderTotal":4,"damageAmountOrderTotal":3,"housesDestroyedAmountOrderTotal":3,"significant":true,"publish":false,"eruption":true,"status":"Historical","timeErupt":"D1","date":"1660","group":"VEI 6"}},{"type":"Feature","geometry":{"type":"Point","coordinates":[14.426,40.821]},"properties":{"id":1380,"year":1698,"month":5,"tsunamiEventId":3141,"volcanoLocationId":10102,"volcanoLocationNewNum":211020,"volcanoLocationNum":"0101-02=","name":"Vesuvius","location":"Italy","country":"Italy","latitude":40.821,"longitude":14.426,"elevation":1281,"morphology":"Complex volcano","vei":3,"significant":true,"publish":false,"eruption":true,"status":"Historical","timeErupt":"D2","date":"1698-05","group":"VEI 3"}},{"type":"Feature","geometry":{"type":"Point","coordinates":[14.426,40.821]},"properties":{"id":1405,"year":1813,"month":5,"tsunamiEventId":3221,"volcanoLocationId":10102,"volcanoLocationNewNum":211020,"volcanoLocationNum":"0101-02=","name":"Vesuvius","location":"Italy","country":"Italy","latitude":40.821,"longitude":14.426,"elevation":1281,"morphology":"Complex volcano","vei":2,"significant":true,"publish":false,"eruption":true,"status":"Historical","timeErupt":"D2","date":"1813-05","group":"VEI 2"}},{"type":"Feature","geometry":{"type":"Point","coordinates":[15.213,38.789]},"properties":{"id":1440,"year":1879,"month":2,"day":4,"tsunamiEventId":5480,"volcanoLocationId":10104,"volcanoLocationNewNum":211040,"volcanoLocationNum":"0101-04=","name":"Stromboli","location":"Italy","country":"Italy","latitude":38.789,"longitude":15.213,"elevation":924,"morphology":"Stratovolcano","vei":2,"significant":true,"publish":false,"eruption":true,"status":"Historical","timeErupt":"D1","date":"1879-02-04","group":"VEI 2"}},{"type":"Feature","geometry":{"type":"Point","coordinates":[15.213,38.789]},"properties":{"id":1476,"year":1944,"month":8,"day":20,"tsunamiEventId":4227,"volcanoLocationId":10104,"volcanoLocationNewNum":211040,"volcanoLocationNum":"0101-04=","name":"Stromboli","location":"Italy","country":"Italy","latitude":38.789,"longitude":15.213,"elevation":924,"morphology":"Stratovolcano","vei":2,"agent":"W","damageAmountOrderTotal":1,"housesDestroyedTotal":1,"housesDestroyedAmountOrderTotal":1,"significant":true,"publish":false,"eruption":true,"status":"Historical","timeErupt":"D1","date":"1944-08-20","group":"VEI 2"}},{"type":"Feature","geometry":{"type":"Point","coordinates":[14.999,37.748]},"properties":{"id":1581,"year":1929,"month":8,"day":2,"volcanoLocationId":10106,"volcanoLocationNewNum":211060,"volcanoLocationNum":"0101-06=","name":"Etna","location":"Italy","country":"Italy","latitude":37.748,"longitude":14.999,"elevation":3357,"morphology":"Stratovolcano","vei":1,"agent":"T","deaths":2,"deathsAmountOrder":1,"deathsTotal":2,"deathsAmountOrderTotal":1,"significant":true,"publish":false,"eruption":true,"status":"Historical","timeErupt":"D1","date":"1929-08-02","group":"VEI 1"}},{"type":"Feature","geometry":{"type":"Point","coordinates":[14.999,37.748]},"properties":{"id":1628,"year":1985,"month":12,"day":19,"volcanoLocationId":10106,"volcanoLocationNewNum":211060,"volcanoLocationNum":"0101-06=","name":"Etna","location":"Italy","country":"Italy","latitude":37.748,"longitude":14.999,"elevation":3357,"morphology":"Stratovolcano","vei":1,"agent":"S","deaths":1,"deathsAmountOrder":1,"deathsTotal":1,"deathsAmountOrderTotal":1,"significant":true,"publish":false,"eruption":true,"status":"Historical","timeErupt":"D1","date":"1985-12-19","group":"VEI 1"}},{"type":"Feature","geometry":{"type":"Point","coordinates":[25.396,36.404]},"properties":{"id":1650,"year":1866,"month":2,"day":20,"volcanoLocationId":10204,"volcanoLocationNewNum":212040,"volcanoLocationNum":"0102-04=","name":"Santorini","location":"Greece","country":"Greece","latitude":36.404,"longitude":25.396,"elevation":367,"morphology":"Shield volcano","vei":2,"agent":"T","deaths":1,"deathsAmountOrder":1,"injuriesAmountOrder":1,"deathsTotal":1,"deathsAmountOrderTotal":1,"injuriesAmountOrderTotal":1,"significant":true,"publish":false,"eruption":true,"status":"Historical","timeErupt":"D2","date":"1866-02-20","group":"VEI 2"}},{"type":"Feature","geometry":{"type":"Point","coordinates":[35.914,-2.764]},"properties":{"id":1666,"year":1917,"month":1,"day":1,"volcanoLocationId":20212,"volcanoLocationNewNum":222120,"volcanoLocationNum":"0202-12=","name":"Lengai, Ol Doinyo","location":"Africa-E","country":"Tanzania","latitude":-2.764,"longitude":35.914,"elevation":2962,"morphology":"Stratovolcano","vei":3,"damageAmountOrder":1,"damageAmountOrderTotal":1,"significant":true,"publish":false,"eruption":true,"status":"Historical","timeErupt":"D1","date":"1917-01-01","group":"VEI 3"}},{"type":"Feature","geometry":{"type":"Point","coordinates":[35.914,-2.764]},"properties":{"id":1668,"year":1940,"month":7,"day":24,"volcanoLocationId":20212,"volcanoLocationNewNum":222120,"volcanoLocationNum":"0202-12=","name":"Lengai, Ol Doinyo","location":"Africa-E","country":"Tanzania","latitude":-2.764,"longitude":35.914,"elevation":2962,"morphology":"Stratovolcano","vei":2,"damageAmountOrder":1,"damageAmountOrderTotal":1,"significant":true,"publish":false,"eruption":true,"status":"Historical","timeErupt":"D1","date":"1940-07-24","group":"VEI 2"}},{"type":"Feature","geometry":{"type":"Point","coordinates":[35.914,-2.764]},"properties":{"id":1671,"year":1966,"month":8,"day":14,"volcanoLocationId":20212,"volcanoLocationNewNum":222120,"volcanoLocationNum":"0202-12=","name":"Lengai, Ol Doinyo","location":"Africa-E","country":"Tanzania","latitude":-2.764,"longitude":35.914,"elevation":2962,"morphology":"Stratovolcano","vei":4,"damageAmountOrder":1,"damageAmountOrderTotal":1,"significant":true,"publish":false,"eruption":true,"status":"Historical","timeErupt":"D1","date":"1966-08-14","group":"VEI 4"}},{"type":"Feature","geometry":{"type":"Point","coordinates":[35.914,-2.764]},"properties":{"id":1672,"year":1967,"month":7,"day":8,"volcanoLocationId":20212,"volcanoLocationNewNum":222120,"volcanoLocationNum":"0202-12=","name":"Lengai, Ol Doinyo","location":"Africa-E","country":"Tanzania","latitude":-2.764,"longitude":35.914,"elevation":2962,"morphology":"Stratovolcano","vei":3,"damageAmountOrder":1,"damageAmountOrderTotal":1,"significant":true,"publish":false,"eruption":true,"status":"Historical","timeErupt":"D1","date":"1967-07-08","group":"VEI 3"}},{"type":"Feature","geometry":{"type":"Point","coordinates":[29.2,-1.408]},"properties":{"id":1682,"year":1938,"month":1,"day":28,"tsunamiEventId":3638,"volcanoLocationId":20302,"volcanoLocationNewNum":223020,"volcanoLocationNum":"0203-02=","name":"Nyamulagira","location":"Africa-C","country":"Congo, DRC","latitude":-1.408,"longitude":29.2,"elevation":3058,"morphology":"Shield volcano","vei":1,"damageAmountOrder":1,"damageAmountOrderTotal":1,"significant":true,"publish":false,"eruption":true,"status":"Historical","timeErupt":"D1","date":"1938-01-28","group":"VEI 1"}},{"type":"Feature","geometry":{"type":"Point","coordinates":[9.17,4.203]},"properties":{"id":1713,"year":1909,"month":4,"day":28,"earthquakeEventId":8158,"volcanoLocationId":20401,"volcanoLocationNewNum":224010,"volcanoLocationNum":"0204-01=","name":"Cameroon","location":"Africa-W","country":"Cameroon","latitude":4.203,"longitude":9.17,"elevation":4095,"morphology":"Stratovolcano","vei":2,"significant":true,"publish":false,"eruption":true,"status":"Historical","timeErupt":"D1","date":"1909-04-28","group":"VEI 2"}},{"type":"Feature","geometry":{"type":"Point","coordinates":[10.5,6.25]},"properties":{"id":1719,"year":1986,"month":8,"day":21,"tsunamiEventId":5808,"volcanoLocationId":20403,"volcanoLocationNewNum":224030,"volcanoLocationNum":"0204-03-","name":"Oku Volcanic Field","location":"Africa-W","country":"Cameroon","latitude":6.25,"longitude":10.5,"elevation":3011,"morphology":"Maar","vei":3,"agent":"G","deaths":1700,"deathsAmountOrder":4,"injuries":300,"injuriesAmountOrder":3,"deathsTotal":1700,"deathsAmountOrderTotal":4,"injuriesTotal":300,"injuriesAmountOrderTotal":3,"significant":true,"publish":false,"eruption":true,"status":"Radiocarbon","timeErupt":"D5","date":"1986-08-21","group":"VEI 3"}},{"type":"Feature","geometry":{"type":"Point","coordinates":[43.38,-11.75]},"properties":{"id":1731,"year":1977,"month":4,"day":5,"volcanoLocationId":30301,"volcanoLocationNewNum":233010,"volcanoLocationNum":"0303-01=","name":"Karthala","location":"Indian O-W","country":"Comoros","latitude":-11.75,"longitude":43.38,"elevation":2361,"morphology":"Shield volcano","vei":1,"agent":"L","deaths":1,"deathsAmountOrder":1,"damageAmountOrder":1,"housesDestroyed":293,"housesDestroyedAmountOrder":3,"deathsTotal":1,"deathsAmountOrderTotal":1,"damageAmountOrderTotal":1,"housesDestroyedTotal":293,"housesDestroyedAmountOrderTotal":3,"significant":true,"publish":false,"eruption":true,"status":"Historical","timeErupt":"D1","date":"1977-04-05","group":"VEI 1"}},{"type":"Feature","geometry":{"type":"Point","coordinates":[175.893,-38.781]},"properties":{"id":1904,"year":233,"volcanoLocationId":40107,"volcanoLocationNewNum":241070,"volcanoLocationNum":"0401-07=","name":"Taupo","location":"New Zealand","country":"New Zealand","latitude":-38.781,"longitude":175.893,"elevation":760,"morphology":"Caldera","vei":6,"significant":true,"publish":false,"eruption":true,"status":"Radiocarbon","timeErupt":"D6","date":"0233","group":"VEI 6"}},{"type":"Feature","geometry":{"type":"Point","coordinates":[-175.65,-21.338]},"properties":{"id":2029,"year":1907,"month":7,"tsunamiEventId":1365,"earthquakeEventId":10011,"volcanoLocationId":40301,"volcanoLocationNewNum":243010,"volcanoLocationNum":"0403-01=","name":"Unnamed","location":"Tonga-SW Pacific","country":"Tonga","latitude":-21.338,"longitude":-175.65,"elevation":-68,"morphology":"Submarine volcano","vei":0,"significant":true,"publish":false,"eruption":true,"status":"Historical","timeErupt":"D2","date":"1907-07","group":"VEI 0"}},{"type":"Feature","geometry":{"type":"Point","coordinates":[-169.618,-14.175]},"properties":{"id":2065,"year":1866,"month":9,"day":12,"tsunamiEventId":958,"volcanoLocationId":40401,"volcanoLocationNewNum":244010,"volcanoLocationNum":"0404-01=","name":"Ofu-Olosega","location":"Samoa-SW Pacific","country":"United States","latitude":-14.175,"longitude":-169.618,"elevation":639,"morphology":"Shield volcano","vei":2,"significant":true,"publish":false,"eruption":true,"status":"Historical","timeErupt":"D3","date":"1866-09-12","group":"VEI 2"}},{"type":"Feature","geometry":{"type":"Point","coordinates":[-172.525,-13.612]},"properties":{"id":2068,"year":1905,"month":8,"day":4,"tsunamiEventId":1326,"volcanoLocationId":40404,"volcanoLocationNewNum":244040,"volcanoLocationNum":"0404-04=","name":"Savaii","location":"Samoa-SW Pacific","country":"Samoa","latitude":-13.612,"longitude":-172.525,"elevation":1858,"morphology":"Shield volcano","vei":2,"damageAmountOrder":3,"housesDestroyedAmountOrder":3,"damageAmountOrderTotal":3,"housesDestroyedAmountOrderTotal":3,"significant":true,"publish":false,"eruption":true,"status":"Historical","timeErupt":"D2","date":"1905-08-04","group":"VEI 2"}},{"type":"Feature","geometry":{"type":"Point","coordinates":[147.35,-2.38]},"properties":{"id":2069,"year":350,"volcanoLocationId":50001,"volcanoLocationNewNum":250010,"volcanoLocationNum":"0500-01=","name":"St. Andrew Strait","location":"Admiralty Is-SW Paci","country":"Papua New Guinea","latitude":-2.38,"longitude":147.35,"elevation":270,"morphology":"Complex volcano","deathsAmountOrder":3,"deathsAmountOrderTotal":3,"significant":true,"publish":false,"eruption":true,"status":"Historical","timeErupt":"D2","date":"0350","group":"VEI not recorded"}},{"type":"Feature","geometry":{"type":"Point","coordinates":[147.35,-2.38]},"properties":{"id":2071,"year":1953,"month":6,"day":27,"tsunamiEventId":1838,"volcanoLocationId":50001,"volcanoLocationNewNum":250010,"volcanoLocationNum":"0500-01=","name":"St. Andrew Strait","location":"Admiralty Is-SW Paci","country":"Papua New Guinea","latitude":-2.38,"longitude":147.35,"elevation":270,"morphology":"Complex volcano","vei":0,"damageAmountOrderTotal":1,"significant":true,"publish":false,"eruption":true,"status":"Historical","timeErupt":"D2","date":"1953-06-27","group":"VEI 0"}},{"type":"Feature","geometry":{"type":"Point","coordinates":[145.037,-4.08]},"properties":{"id":2125,"year":1996,"month":12,"day":3,"volcanoLocationId":50102,"volcanoLocationNewNum":251020,"volcanoLocationNum":"0501-02=","name":"Manam","location":"New Guinea-NE of","country":"Papua New Guinea","latitude":-4.08,"longitude":145.037,"elevation":1807,"morphology":"Stratovolcano","vei":3,"agent":"P","deaths":13,"deathsAmountOrder":1,"injuries":29,"injuriesAmountOrder":1,"deathsTotal":13,"deathsAmountOrderTotal":1,"injuriesTotal":29,"injuriesAmountOrderTotal":1,"significant":true,"publish":false,"eruption":true,"status":"Historical","timeErupt":"D1","date":"1996-12-03","group":"VEI 3"}},{"type":"Feature","geometry":{"type":"Point","coordinates":[152.194,-4.246]},"properties":{"id":2177,"year":683,"volcanoLocationId":50214,"volcanoLocationNewNum":252140,"volcanoLocationNum":"0502-14=","name":"Rabaul","location":"New Britain-SW Pac","country":"Papua New Guinea","latitude":-4.246,"longitude":152.194,"elevation":688,"morphology":"Pyroclastic shield","vei":6,"damageAmountOrder":1,"significant":true,"publish":false,"eruption":true,"status":"Historical","timeErupt":"D1","date":"0683","group":"VEI 6"}},{"type":"Feature","geometry":{"type":"Point","coordinates":[152.194,-4.246]},"properties":{"id":2180,"year":1994,"month":9,"day":19,"tsunamiEventId":2229,"volcanoLocationId":50214,"volcanoLocationNewNum":252140,"volcanoLocationNum":"0502-14=","name":"Rabaul","location":"New Britain-SW Pac","country":"Papua New Guinea","latitude":-4.246,"longitude":152.194,"elevation":688,"morphology":"Pyroclastic shield","vei":3,"agent":"T,W,E","deaths":4,"deathsAmountOrder":1,"damageMillionsDollars":86,"damageAmountOrder":4,"deathsTotal":5,"deathsAmountOrderTotal":1,"damageMillionsDollarsTotal":86,"damageAmountOrderTotal":4,"housesDestroyedAmountOrderTotal":1,"significant":true,"publish":false,"eruption":true,"status":"Historical","timeErupt":"D1","date":"1994-09-19","group":"VEI 3"}},{"type":"Feature","geometry":{"type":"Point","coordinates":[148.15,-8.95]},"properties":{"id":2188,"year":1951,"month":1,"day":21,"volcanoLocationId":50301,"volcanoLocationNewNum":253010,"volcanoLocationNum":"0503-01=","name":"Lamington","location":"New Guinea","country":"Papua New Guinea","latitude":-8.95,"longitude":148.15,"elevation":1680,"morphology":"Stratovolcano","vei":4,"agent":"P","deaths":2942,"deathsAmountOrder":4,"injuriesAmountOrder":2,"deathsTotal":2942,"deathsAmountOrderTotal":4,"injuriesAmountOrderTotal":2,"significant":true,"publish":false,"eruption":true,"status":"Historical","timeErupt":"D2","date":"1951-01-21","group":"VEI 4"}},{"type":"Feature","geometry":{"type":"Point","coordinates":[155.196,-6.137]},"properties":{"id":2190,"year":1883,"month":12,"volcanoLocationId":50502,"volcanoLocationNewNum":255020,"volcanoLocationNum":"0505-02=","name":"Bagana","location":"Bougainville-SW Paci","country":"Papua New Guinea","latitude":-6.137,"longitude":155.196,"elevation":1855,"morphology":"Lava cone","vei":3,"agent":"T","deathsAmountOrder":2,"deathsAmountOrderTotal":2,"significant":true,"publish":false,"eruption":true,"status":"Historical","timeErupt":"D1","date":"1883-12","group":"VEI 3"}},{"type":"Feature","geometry":{"type":"Point","coordinates":[157.979,-8.991]},"properties":{"id":2208,"year":1951,"tsunamiEventId":1816,"volcanoLocationId":50506,"volcanoLocationNewNum":255060,"volcanoLocationNum":"0505-06=","name":"Kavachi","location":"Solomon Is-SW Pacifi","country":"Solomon Is.","latitude":-8.991,"longitude":157.979,"elevation":-20,"morphology":"Submarine volcano","vei":2,"significant":true,"publish":false,"eruption":true,"status":"Historical","timeErupt":"D1","date":"1951","group":"VEI 2"}},{"type":"Feature","geometry":{"type":"Point","coordinates":[159.82,-9.13]},"properties":{"id":2227,"year":1568,"volcanoLocationId":50507,"volcanoLocationNewNum":255070,"volcanoLocationNum":"0505-07=","name":"Savo","location":"Solomon Is-SW Pacifi","country":"Solomon Is.","latitude":-9.13,"longitude":159.82,"elevation":485,"morphology":"Stratovolcano","vei":3,"agent":"P,T,M","deaths":1001,"deathsAmountOrder":4,"deathsTotal":1001,"deathsAmountOrderTotal":4,"significant":true,"publish":false,"eruption":true,"status":"Historical","timeErupt":"D3","date":"1568","group":"VEI 3"}},{"type":"Feature","geometry":{"type":"Point","coordinates":[165.804,-10.386]},"properties":{"id":2234,"year":1966,"month":1,"day":13,"tsunamiEventId":5478,"volcanoLocationId":50601,"volcanoLocationNewNum":256010,"volcanoLocationNum":"0506-01=","name":"Tinakula","location":"Santa Cruz Is-SW Pac","country":"Solomon Is.","latitude":-10.386,"longitude":165.804,"elevation":796,"morphology":"Stratovolcano","vei":3,"significant":true,"publish":false,"eruption":true,"status":"Historical","timeErupt":"D1","date":"1966-01-13","group":"VEI 3"}},{"type":"Feature","geometry":{"type":"Point","coordinates":[165.804,-10.386]},"properties":{"id":2235,"year":1971,"month":9,"day":6,"tsunamiEventId":2043,"volcanoLocationId":50601,"volcanoLocationNewNum":256010,"volcanoLocationNum":"0506-01=","name":"Tinakula","location":"Santa Cruz Is-SW Pac","country":"Solomon Is.","latitude":-10.386,"longitude":165.804,"elevation":796,"morphology":"Stratovolcano","vei":2,"significant":true,"publish":false,"eruption":true,"status":"Historical","timeErupt":"D1","date":"1971-09-06","group":"VEI 2"}},{"type":"Feature","geometry":{"type":"Point","coordinates":[168.12,-16.25]},"properties":{"id":2250,"year":1894,"month":10,"volcanoLocationId":50704,"volcanoLocationNewNum":257040,"volcanoLocationNum":"0507-04=","name":"Ambrym","location":"Vanuatu-SW Pacific","country":"Vanuatu","latitude":-16.25,"longitude":168.12,"elevation":1334,"morphology":"Pyroclastic shield","vei":3,"agent":"T,L","deaths":10,"deathsAmountOrder":1,"deathsTotal":10,"deathsAmountOrderTotal":1,"significant":true,"publish":false,"eruption":true,"status":"Historical","timeErupt":"D1","date":"1894-10","group":"VEI 3"}},{"type":"Feature","geometry":{"type":"Point","coordinates":[168.12,-16.25]},"properties":{"id":2251,"year":1913,"month":12,"day":6,"volcanoLocationId":50704,"volcanoLocationNewNum":257040,"volcanoLocationNum":"0507-04=","name":"Ambrym","location":"Vanuatu-SW Pacific","country":"Vanuatu","latitude":-16.25,"longitude":168.12,"elevation":1334,"morphology":"Pyroclastic shield","vei":3,"agent":"T","deaths":21,"deathsAmountOrder":1,"damageAmountOrder":3,"deathsTotal":21,"deathsAmountOrderTotal":1,"damageAmountOrderTotal":3,"significant":true,"publish":false,"eruption":true,"status":"Historical","timeErupt":"D1","date":"1913-12-06","group":"VEI 3"}},{"type":"Feature","geometry":{"type":"Point","coordinates":[169.447,-19.532]},"properties":{"id":2308,"year":1994,"month":1,"day":15,"volcanoLocationId":50710,"volcanoLocationNewNum":257100,"volcanoLocationNum":"0507-10=","name":"Yasur","location":"Vanuatu-SW Pacific","country":"Vanuatu","latitude":-19.532,"longitude":169.447,"elevation":361,"morphology":"Stratovolcano","vei":3,"agent":"T","deaths":1,"deathsAmountOrder":1,"deathsTotal":1,"deathsAmountOrderTotal":1,"significant":true,"publish":false,"eruption":true,"status":"Historical","timeErupt":"D1","date":"1994-01-15","group":"VEI 3"}},{"type":"Feature","geometry":{"type":"Point","coordinates":[100.474,-0.38]},"properties":{"id":2367,"year":1975,"month":1,"volcanoLocationId":60114,"volcanoLocationNewNum":261140,"volcanoLocationNum":"0601-14=","name":"Marapi","location":"Sumatra","country":"Indonesia","latitude":-0.38,"longitude":100.474,"elevation":2885,"morphology":"Complex volcano","vei":2,"agent":"M","deaths":80,"deathsAmountOrder":2,"damageAmountOrder":3,"housesDestroyedAmountOrder":3,"deathsTotal":80,"deathsAmountOrderTotal":2,"damageAmountOrderTotal":3,"housesDestroyedAmountOrderTotal":3,"significant":true,"publish":false,"eruption":true,"status":"Historical","timeErupt":"D1","date":"1975-01","group":"VEI 2"}},{"type":"Feature","geometry":{"type":"Point","coordinates":[100.474,-0.38]},"properties":{"id":2372,"year":1992,"month":7,"day":5,"volcanoLocationId":60114,"volcanoLocationNewNum":261140,"volcanoLocationNum":"0601-14=","name":"Marapi","location":"Sumatra","country":"Indonesia","latitude":-0.38,"longitude":100.474,"elevation":2885,"morphology":"Complex volcano","vei":2,"agent":"T","deaths":1,"deathsAmountOrder":1,"injuries":5,"injuriesAmountOrder":1,"deathsTotal":1,"deathsAmountOrderTotal":1,"injuriesTotal":5,"injuriesAmountOrderTotal":1,"significant":true,"publish":false,"eruption":true,"status":"Historical","timeErupt":"D1","date":"1992-07-05","group":"VEI 2"}},{"type":"Feature","geometry":{"type":"Point","coordinates":[105.423,-6.101]},"properties":{"id":2429,"year":1883,"month":8,"day":27,"tsunamiEventId":1142,"volcanoLocationId":60200,"volcanoLocationNewNum":262000,"volcanoLocationNum":"0602-00=","name":"Krakatau","location":"Indonesia","country":"Indonesia","latitude":-6.101,"longitude":105.423,"elevation":285,"morphology":"Caldera","vei":6,"agent":"W,P,I","deaths":2000,"deathsAmountOrder":4,"injuriesAmountOrder":3,"damageAmountOrder":3,"housesDestroyedAmountOrder":3,"deathsTotal":36417,"deathsAmountOrderTotal":4,"injuriesAmountOrderTotal":3,"damageAmountOrderTotal":3,"housesDestroyedAmountOrderTotal":3,"significant":true,"publish":false,"eruption":true,"status":"Historical","timeErupt":"D1","date":"1883-08-27","group":"VEI 6"}},{"type":"Feature","geometry":{"type":"Point","coordinates":[105.423,-6.101]},"properties":{"id":2431,"year":1928,"month":3,"day":26,"tsunamiEventId":1593,"volcanoLocationId":60200,"volcanoLocationNewNum":262000,"volcanoLocationNum":"0602-00=","name":"Krakatau","location":"Indonesia","country":"Indonesia","latitude":-6.101,"longitude":105.423,"elevation":285,"morphology":"Caldera","vei":2,"significant":true,"publish":false,"eruption":true,"status":"Historical","timeErupt":"D1","date":"1928-03-26","group":"VEI 2"}},{"type":"Feature","geometry":{"type":"Point","coordinates":[105.423,-6.101]},"properties":{"id":2433,"year":1930,"month":3,"day":17,"tsunamiEventId":1624,"volcanoLocationId":60200,"volcanoLocationNewNum":262000,"volcanoLocationNum":"0602-00=","name":"Krakatau","location":"Indonesia","country":"Indonesia","latitude":-6.101,"longitude":105.423,"elevation":285,"morphology":"Caldera","vei":2,"significant":true,"publish":false,"eruption":true,"status":"Historical","timeErupt":"D1","date":"1930-03-17","group":"VEI 2"}},{"type":"Feature","geometry":{"type":"Point","coordinates":[107.6,-6.77]},"properties":{"id":2496,"year":1846,"month":5,"day":27,"volcanoLocationId":60309,"volcanoLocationNewNum":263090,"volcanoLocationNum":"0603-09=","name":"Tangkuban Parahu","location":"Java","country":"Indonesia","latitude":-6.77,"longitude":107.6,"elevation":2084,"morphology":"Stratovolcano","vei":2,"deathsAmountOrder":1,"deathsAmountOrderTotal":1,"significant":true,"publish":false,"eruption":true,"status":"Historical","timeErupt":"D1","date":"1846-05-27","group":"VEI 2"}},{"type":"Feature","geometry":{"type":"Point","coordinates":[107.73,-7.32]},"properties":{"id":2504,"year":1924,"month":12,"day":18,"volcanoLocationId":60310,"volcanoLocationNewNum":263100,"volcanoLocationNum":"0603-10=","name":"Papandayan","location":"Java","country":"Indonesia","latitude":-7.32,"longitude":107.73,"elevation":2665,"morphology":"Stratovolcano","vei":1,"agent":"G","deaths":1,"deathsAmountOrder":1,"deathsTotal":1,"deathsAmountOrderTotal":1,"significant":true,"publish":false,"eruption":true,"status":"Historical","timeErupt":"D2","date":"1924-12-18","group":"VEI 1"}},{"type":"Feature","geometry":{"type":"Point","coordinates":[107.841,-7.143]},"properties":{"id":2505,"year":1690,"volcanoLocationId":60313,"volcanoLocationNewNum":263130,"volcanoLocationNum":"0603-13=","name":"Guntur","location":"Java","country":"Indonesia","latitude":-7.143,"longitude":107.841,"elevation":2251,"morphology":"Complex volcano","vei":3,"deathsAmountOrder":1,"deathsAmountOrderTotal":1,"significant":true,"publish":false,"eruption":true,"status":"Historical","timeErupt":"D3","date":"1690","group":"VEI 3"}},{"type":"Feature","geometry":{"type":"Point","coordinates":[108.058,-7.25]},"properties":{"id":2521,"year":1822,"month":10,"day":8,"volcanoLocationId":60314,"volcanoLocationNewNum":263140,"volcanoLocationNum":"0603-14=","name":"Galunggung","location":"Java","country":"Indonesia","latitude":-7.25,"longitude":108.058,"elevation":2168,"morphology":"Stratovolcano","vei":5,"agent":"P,M","deaths":4011,"deathsAmountOrder":4,"damageAmountOrder":3,"housesDestroyedAmountOrder":3,"deathsTotal":4011,"deathsAmountOrderTotal":4,"damageAmountOrderTotal":3,"housesDestroyedAmountOrderTotal":3,"significant":true,"publish":false,"eruption":true,"status":"Historical","timeErupt":"D1","date":"1822-10-08","group":"VEI 5"}},{"type":"Feature","geometry":{"type":"Point","coordinates":[108.058,-7.25]},"properties":{"id":2524,"year":1982,"month":5,"day":17,"volcanoLocationId":60314,"volcanoLocationNewNum":263140,"volcanoLocationNum":"0603-14=","name":"Galunggung","location":"Java","country":"Indonesia","latitude":-7.25,"longitude":108.058,"elevation":2168,"morphology":"Stratovolcano","vei":4,"agent":"I,T","deaths":68,"deathsAmountOrder":2,"damageMillionsDollars":15,"damageAmountOrder":3,"deathsTotal":68,"deathsAmountOrderTotal":2,"damageMillionsDollarsTotal":15,"damageAmountOrderTotal":3,"significant":true,"publish":false,"eruption":true,"status":"Historical","timeErupt":"D1","date":"1982-05-17","group":"VEI 4"}},{"type":"Feature","geometry":{"type":"Point","coordinates":[108.408,-6.895]},"properties":{"id":2527,"year":1698,"volcanoLocationId":60317,"volcanoLocationNewNum":263170,"volcanoLocationNum":"0603-17=","name":"Ciremai","location":"Java","country":"Indonesia","latitude":-6.895,"longitude":108.408,"elevation":3039,"morphology":"Stratovolcano","vei":3,"deathsAmountOrder":1,"deathsAmountOrderTotal":1,"significant":true,"publish":false,"eruption":true,"status":"Historical","timeErupt":"D2","date":"1698","group":"VEI 3"}},{"type":"Feature","geometry":{"type":"Point","coordinates":[109.879,-7.2]},"properties":{"id":2571,"year":1826,"month":10,"day":11,"volcanoLocationId":60320,"volcanoLocationNewNum":263200,"volcanoLocationNum":"0603-20=","name":"Dieng Volcanic Complex","location":"Java","country":"Indonesia","latitude":-7.2,"longitude":109.879,"elevation":2565,"morphology":"Complex volcano","vei":2,"deathsAmountOrder":2,"deathsAmountOrderTotal":2,"significant":true,"publish":false,"eruption":true,"status":"Historical","timeErupt":"D1","date":"1826-10-11","group":"VEI 2"}},{"type":"Feature","geometry":{"type":"Point","coordinates":[109.879,-7.2]},"properties":{"id":2572,"year":1847,"month":12,"day":4,"volcanoLocationId":60320,"volcanoLocationNewNum":263200,"volcanoLocationNum":"0603-20=","name":"Dieng Volcanic Complex","location":"Java","country":"Indonesia","latitude":-7.2,"longitude":109.879,"elevation":2565,"morphology":"Complex volcano","vei":2,"deathsAmountOrder":2,"deathsAmountOrderTotal":2,"significant":true,"publish":false,"eruption":true,"status":"Historical","timeErupt":"D1","date":"1847-12-04","group":"VEI 2"}},{"type":"Feature","geometry":{"type":"Point","coordinates":[109.879,-7.2]},"properties":{"id":2573,"year":1928,"month":5,"day":13,"volcanoLocationId":60320,"volcanoLocationNewNum":263200,"volcanoLocationNum":"0603-20=","name":"Dieng Volcanic Complex","location":"Java","country":"Indonesia","latitude":-7.2,"longitude":109.879,"elevation":2565,"morphology":"Complex volcano","vei":2,"agent":"T","deaths":40,"deathsAmountOrder":1,"deathsTotal":40,"deathsAmountOrderTotal":1,"significant":true,"publish":false,"eruption":true,"status":"Historical","timeErupt":"D1","date":"1928-05-13","group":"VEI 2"}},{"type":"Feature","geometry":{"type":"Point","coordinates":[109.879,-7.2]},"properties":{"id":2574,"year":1939,"month":10,"day":13,"volcanoLocationId":60320,"volcanoLocationNewNum":263200,"volcanoLocationNum":"0603-20=","name":"Dieng Volcanic Complex","location":"Java","country":"Indonesia","latitude":-7.2,"longitude":109.879,"elevation":2565,"morphology":"Complex volcano","vei":1,"agent":"T","deaths":10,"deathsAmountOrder":1,"damageAmountOrder":1,"deathsTotal":10,"deathsAmountOrderTotal":1,"damageAmountOrderTotal":1,"significant":true,"publish":false,"eruption":true,"status":"Historical","timeErupt":"D1","date":"1939-10-13","group":"VEI 1"}},{"type":"Feature","geometry":{"type":"Point","coordinates":[139.526,34.094]},"properties":{"id":2582,"year":1874,"month":7,"day":3,"volcanoLocationId":80404,"volcanoLocationNewNum":284040,"volcanoLocationNum":"0804-04=","name":"Miyakejima","location":"Izu Is-Japan","country":"Japan","latitude":34.094,"longitude":139.526,"elevation":775,"morphology":"Stratovolcano","vei":3,"agent":"T","deaths":1,"deathsAmountOrder":1,"housesDestroyed":45,"housesDestroyedAmountOrder":1,"deathsTotal":1,"deathsAmountOrderTotal":1,"housesDestroyedTotal":45,"housesDestroyedAmountOrderTotal":1,"significant":true,"publish":false,"eruption":true,"status":"Historical","timeErupt":"D1","date":"1874-07-03","group":"VEI 3"}},{"type":"Feature","geometry":{"type":"Point","coordinates":[139.526,34.094]},"properties":{"id":2583,"year":1940,"month":7,"day":12,"volcanoLocationId":80404,"volcanoLocationNewNum":284040,"volcanoLocationNum":"0804-04=","name":"Miyakejima","location":"Izu Is-Japan","country":"Japan","latitude":34.094,"longitude":139.526,"elevation":775,"morphology":"Stratovolcano","vei":2,"agent":"L","deaths":11,"deathsAmountOrder":1,"injuries":20,"injuriesAmountOrder":1,"housesDestroyed":24,"housesDestroyedAmountOrder":1,"deathsTotal":11,"deathsAmountOrderTotal":1,"injuriesTotal":20,"injuriesAmountOrderTotal":1,"housesDestroyedTotal":24,"housesDestroyedAmountOrderTotal":1,"significant":true,"publish":false,"eruption":true,"status":"Historical","timeErupt":"D1","date":"1940-07-12","group":"VEI 2"}},{"type":"Feature","geometry":{"type":"Point","coordinates":[139.526,34.094]},"properties":{"id":2585,"year":1983,"month":10,"day":3,"earthquakeEventId":4990,"volcanoLocationId":80404,"volcanoLocationNewNum":284040,"volcanoLocationNum":"0804-04=","name":"Miyakejima","location":"Izu Is-Japan","country":"Japan","latitude":34.094,"longitude":139.526,"elevation":775,"morphology":"Stratovolcano","vei":3,"agent":"L,T","damageAmountOrder":1,"housesDestroyed":400,"housesDestroyedAmountOrder":3,"damageAmountOrderTotal":2,"housesDestroyedTotal":400,"housesDestroyedAmountOrderTotal":3,"significant":true,"publish":false,"eruption":true,"status":"Historical","timeErupt":"D1","date":"1983-10-03","group":"VEI 3"}},{"type":"Feature","geometry":{"type":"Point","coordinates":[139.766,33.137]},"properties":{"id":2589,"year":1606,"month":1,"day":23,"tsunamiEventId":219,"volcanoLocationId":80405,"volcanoLocationNewNum":284050,"volcanoLocationNum":"0804-05=","name":"Hachijojima","location":"Izu Is-Japan","country":"Japan","latitude":33.137,"longitude":139.766,"elevation":854,"morphology":"Stratovolcano","vei":2,"significant":true,"publish":false,"eruption":true,"status":"Historical","timeErupt":"D5","date":"1606-01-23","group":"VEI 2"}},{"type":"Feature","geometry":{"type":"Point","coordinates":[139.759,32.458]},"properties":{"id":2591,"year":1780,"month":7,"day":27,"volcanoLocationId":80406,"volcanoLocationNewNum":284060,"volcanoLocationNum":"0804-06=","name":"Aogashima","location":"Izu Is-Japan","country":"Japan","latitude":32.458,"longitude":139.759,"elevation":423,"morphology":"Stratovolcano","vei":3,"deaths":7,"deathsAmountOrder":1,"housesDestroyedAmountOrder":1,"deathsTotal":7,"deathsAmountOrderTotal":1,"housesDestroyedAmountOrderTotal":1,"significant":true,"publish":false,"eruption":true,"status":"Historical","timeErupt":"D4","date":"1780-07-27","group":"VEI 3"}},{"type":"Feature","geometry":{"type":"Point","coordinates":[139.759,32.458]},"properties":{"id":2592,"year":1785,"month":4,"day":18,"volcanoLocationId":80406,"volcanoLocationNewNum":284060,"volcanoLocationNum":"0804-06=","name":"Aogashima","location":"Izu Is-Japan","country":"Japan","latitude":32.458,"longitude":139.759,"elevation":423,"morphology":"Stratovolcano","vei":3,"deaths":135,"deathsAmountOrder":3,"deathsTotal":135,"deathsAmountOrderTotal":3,"significant":true,"publish":false,"eruption":true,"status":"Historical","timeErupt":"D4","date":"1785-04-18","group":"VEI 3"}},{"type":"Feature","geometry":{"type":"Point","coordinates":[139.918,31.888]},"properties":{"id":2594,"year":1915,"month":6,"day":19,"tsunamiEventId":5972,"volcanoLocationId":80407,"volcanoLocationNewNum":284070,"volcanoLocationNum":"0804-07=","name":"Myojinsho","location":"Izu Is-Japan","country":"Japan","latitude":31.888,"longitude":139.918,"elevation":11,"morphology":"Submarine volcano","vei":0,"agent":"W","significant":true,"publish":false,"eruption":true,"status":"Historical","timeErupt":"D1","date":"1915-06-19","group":"VEI 0"}},{"type":"Feature","geometry":{"type":"Point","coordinates":[140.303,30.484]},"properties":{"id":2608,"year":1902,"month":8,"day":7,"volcanoLocationId":80409,"volcanoLocationNewNum":284090,"volcanoLocationNum":"0804-09=","name":"Izu-Torishima","location":"Izu Is-Japan","country":"Japan","latitude":30.484,"longitude":140.303,"elevation":394,"morphology":"Stratovolcano","vei":3,"deaths":125,"deathsAmountOrder":3,"deathsTotal":125,"deathsAmountOrderTotal":3,"significant":true,"publish":false,"eruption":true,"status":"Historical","timeErupt":"D1","date":"1902-08-07","group":"VEI 3"}},{"type":"Feature","geometry":{"type":"Point","coordinates":[140.303,30.484]},"properties":{"id":2609,"year":1939,"month":8,"day":17,"volcanoLocationId":80409,"volcanoLocationNewNum":284090,"volcanoLocationNum":"0804-09=","name":"Izu-Torishima","location":"Izu Is-Japan","country":"Japan","latitude":30.484,"longitude":140.303,"elevation":394,"morphology":"Stratovolcano","vei":2,"deaths":2,"deathsAmountOrder":1,"deathsTotal":2,"deathsAmountOrderTotal":1,"significant":true,"publish":false,"eruption":true,"status":"Historical","timeErupt":"D1","date":"1939-08-17","group":"VEI 2"}},{"type":"Feature","geometry":{"type":"Point","coordinates":[139.367,41.51]},"properties":{"id":2673,"year":1741,"month":8,"day":23,"tsunamiEventId":419,"volcanoLocationId":80501,"volcanoLocationNewNum":285010,"volcanoLocationNum":"0805-01=","name":"Oshima-Oshima","location":"Hokkaido-Japan","country":"Japan","latitude":41.51,"longitude":139.367,"elevation":732,"morphology":"Stratovolcano","vei":4,"agent":"W,S","deathsTotal":2000,"deathsAmountOrderTotal":4,"damageAmountOrderTotal":3,"housesDestroyedTotal":871,"housesDestroyedAmountOrderTotal":3,"significant":true,"publish":false,"eruption":true,"status":"Historical","timeErupt":"D4","date":"1741-08-23","group":"VEI 4"}},{"type":"Feature","geometry":{"type":"Point","coordinates":[140.677,42.063]},"properties":{"id":2676,"year":1640,"month":7,"day":31,"tsunamiEventId":253,"earthquakeEventId":942,"volcanoLocationId":80502,"volcanoLocationNewNum":285020,"volcanoLocationNum":"0805-02=","name":"Hokkaido-Komagatake","location":"Hokkaido-Japan","country":"Japan","latitude":42.063,"longitude":140.677,"elevation":1131,"morphology":"Stratovolcano","vei":5,"agent":"W","deathsTotal":700,"deathsAmountOrderTotal":3,"damageAmountOrderTotal":1,"housesDestroyedTotal":20,"housesDestroyedAmountOrderTotal":1,"significant":true,"publish":false,"eruption":true,"status":"Historical","timeErupt":"D1","date":"1640-07-31","group":"VEI 5"}},{"type":"Feature","geometry":{"type":"Point","coordinates":[140.677,42.063]},"properties":{"id":2679,"year":1856,"month":9,"day":25,"volcanoLocationId":80502,"volcanoLocationNewNum":285020,"volcanoLocationNum":"0805-02=","name":"Hokkaido-Komagatake","location":"Hokkaido-Japan","country":"Japan","latitude":42.063,"longitude":140.677,"elevation":1131,"morphology":"Stratovolcano","vei":4,"agent":"P,T","deaths":25,"deathsAmountOrder":1,"housesDestroyedAmountOrder":3,"deathsTotal":25,"deathsAmountOrderTotal":1,"housesDestroyedAmountOrderTotal":3,"significant":true,"publish":false,"eruption":true,"status":"Historical","timeErupt":"D1","date":"1856-09-25","group":"VEI 4"}},{"type":"Feature","geometry":{"type":"Point","coordinates":[140.677,42.063]},"properties":{"id":2686,"year":1929,"month":6,"day":17,"volcanoLocationId":80502,"volcanoLocationNewNum":285020,"volcanoLocationNum":"0805-02=","name":"Hokkaido-Komagatake","location":"Hokkaido-Japan","country":"Japan","latitude":42.063,"longitude":140.677,"elevation":1131,"morphology":"Stratovolcano","vei":4,"agent":"T","deaths":2,"deathsAmountOrder":1,"injuries":4,"injuriesAmountOrder":1,"housesDestroyed":1915,"housesDestroyedAmountOrder":4,"deathsTotal":2,"deathsAmountOrderTotal":1,"injuriesTotal":4,"injuriesAmountOrderTotal":1,"housesDestroyedTotal":1915,"housesDestroyedAmountOrderTotal":4,"significant":true,"publish":false,"eruption":true,"status":"Historical","timeErupt":"D1","date":"1929-06-17","group":"VEI 4"}},{"type":"Feature","geometry":{"type":"Point","coordinates":[140.839,42.544]},"properties":{"id":2693,"year":1663,"month":8,"day":16,"volcanoLocationId":80503,"volcanoLocationNewNum":285030,"volcanoLocationNum":"0805-03=","name":"Toya","location":"Hokkaido-Japan","country":"Japan","latitude":42.544,"longitude":140.839,"elevation":733,"morphology":"Stratovolcano","vei":5,"agent":"T,P","deaths":5,"deathsAmountOrder":1,"deathsTotal":5,"deathsAmountOrderTotal":1,"significant":true,"publish":false,"eruption":true,"status":"Historical","timeErupt":"D1","date":"1663-08-16","group":"VEI 5"}},{"type":"Feature","geometry":{"type":"Point","coordinates":[140.839,42.544]},"properties":{"id":2695,"year":1822,"month":3,"day":9,"volcanoLocationId":80503,"volcanoLocationNewNum":285030,"volcanoLocationNum":"0805-03=","name":"Toya","location":"Hokkaido-Japan","country":"Japan","latitude":42.544,"longitude":140.839,"elevation":733,"morphology":"Stratovolcano","vei":4,"agent":"P","deaths":50,"deathsAmountOrder":1,"injuries":53,"injuriesAmountOrder":2,"housesDestroyedAmountOrder":2,"deathsTotal":50,"deathsAmountOrderTotal":1,"injuriesTotal":53,"injuriesAmountOrderTotal":2,"housesDestroyedAmountOrderTotal":2,"significant":true,"publish":false,"eruption":true,"status":"Historical","timeErupt":"D1","date":"1822-03-09","group":"VEI 4"}},{"type":"Feature","geometry":{"type":"Point","coordinates":[140.839,42.544]},"properties":{"id":2696,"year":1910,"month":7,"day":25,"volcanoLocationId":80503,"volcanoLocationNewNum":285030,"volcanoLocationNum":"0805-03=","name":"Toya","location":"Hokkaido-Japan","country":"Japan","latitude":42.544,"longitude":140.839,"elevation":733,"morphology":"Stratovolcano","vei":2,"agent":"M","deaths":1,"deathsAmountOrder":1,"deathsTotal":1,"deathsAmountOrderTotal":1,"significant":true,"publish":false,"eruption":true,"status":"Historical","timeErupt":"D1","date":"1910-07-25","group":"VEI 2"}},{"type":"Feature","geometry":{"type":"Point","coordinates":[140.839,42.544]},"properties":{"id":2697,"year":1944,"month":12,"day":28,"volcanoLocationId":80503,"volcanoLocationNewNum":285030,"volcanoLocationNum":"0805-03=","name":"Toya","location":"Hokkaido-Japan","country":"Japan","latitude":42.544,"longitude":140.839,"elevation":733,"morphology":"Stratovolcano","vei":2,"agent":"T","deaths":1,"deathsAmountOrder":1,"deathsTotal":1,"deathsAmountOrderTotal":1,"significant":true,"publish":false,"eruption":true,"status":"Historical","timeErupt":"D1","date":"1944-12-28","group":"VEI 2"}},{"type":"Feature","geometry":{"type":"Point","coordinates":[140.839,42.544]},"properties":{"id":2699,"year":1978,"month":10,"day":24,"volcanoLocationId":80503,"volcanoLocationNewNum":285030,"volcanoLocationNum":"0805-03=","name":"Toya","location":"Hokkaido-Japan","country":"Japan","latitude":42.544,"longitude":140.839,"elevation":733,"morphology":"Stratovolcano","vei":3,"agent":"m","deaths":3,"deathsAmountOrder":1,"injuries":2,"injuriesAmountOrder":1,"deathsTotal":3,"deathsAmountOrderTotal":1,"injuriesTotal":2,"injuriesAmountOrderTotal":1,"significant":true,"publish":false,"eruption":true,"status":"Historical","timeErupt":"D1","date":"1978-10-24","group":"VEI 3"}},{"type":"Feature","geometry":{"type":"Point","coordinates":[142.686,43.418]},"properties":{"id":2740,"year":1926,"month":5,"day":24,"volcanoLocationId":80505,"volcanoLocationNewNum":285050,"volcanoLocationNum":"0805-05=","name":"Tokachidake","location":"Hokkaido-Japan","country":"Japan","latitude":43.418,"longitude":142.686,"elevation":2077,"morphology":"Stratovolcano","vei":3,"agent":"M,T","deaths":144,"deathsAmountOrder":3,"injuries":207,"injuriesAmountOrder":3,"housesDestroyed":5080,"housesDestroyedAmountOrder":4,"deathsTotal":144,"deathsAmountOrderTotal":3,"injuriesTotal":207,"injuriesAmountOrderTotal":3,"housesDestroyedTotal":5080,"housesDestroyedAmountOrderTotal":4,"significant":true,"publish":false,"eruption":true,"status":"Historical","timeErupt":"D1","date":"1926-05-24","group":"VEI 3"}},{"type":"Feature","geometry":{"type":"Point","coordinates":[142.686,43.418]},"properties":{"id":2746,"year":1962,"month":6,"day":29,"volcanoLocationId":80505,"volcanoLocationNewNum":285050,"volcanoLocationNum":"0805-05=","name":"Tokachidake","location":"Hokkaido-Japan","country":"Japan","latitude":43.418,"longitude":142.686,"elevation":2077,"morphology":"Stratovolcano","vei":3,"agent":"T","deaths":5,"deathsAmountOrder":1,"injuries":11,"injuriesAmountOrder":1,"deathsTotal":5,"deathsAmountOrderTotal":1,"injuriesTotal":11,"injuriesAmountOrderTotal":1,"significant":true,"publish":false,"eruption":true,"status":"Historical","timeErupt":"D1","date":"1962-06-29","group":"VEI 3"}},{"type":"Feature","geometry":{"type":"Point","coordinates":[153.25,48.292]},"properties":{"id":2813,"year":1778,"volcanoLocationId":90025,"volcanoLocationNewNum":290250,"volcanoLocationNum":"0900-25=","name":"Raikoke","location":"Kuril Is","country":"Russia","latitude":48.292,"longitude":153.25,"elevation":551,"morphology":"Stratovolcano","vei":4,"agent":"T","deaths":15,"deathsAmountOrder":1,"deathsTotal":15,"deathsAmountOrderTotal":1,"significant":true,"publish":false,"eruption":true,"status":"Historical","timeErupt":"D2","date":"1778","group":"VEI 4"}},{"type":"Feature","geometry":{"type":"Point","coordinates":[154.182,48.873]},"properties":{"id":2818,"year":1872,"volcanoLocationId":90029,"volcanoLocationNewNum":290290,"volcanoLocationNum":"0900-29=","name":"Sinarka","location":"Kuril Is","country":"Russia","latitude":48.873,"longitude":154.182,"elevation":911,"morphology":"Stratovolcano","vei":4,"agent":"P","deathsAmountOrder":3,"deathsAmountOrderTotal":3,"significant":true,"publish":false,"eruption":true,"status":"Historical","timeErupt":"D3","date":"1872","group":"VEI 4"}},{"type":"Feature","geometry":{"type":"Point","coordinates":[154.508,49.12]},"properties":{"id":2822,"year":1933,"month":1,"day":8,"tsunamiEventId":1657,"volcanoLocationId":90030,"volcanoLocationNewNum":290300,"volcanoLocationNum":"0900-30=","name":"Kharimkotan","location":"Kuril Is","country":"Russia","latitude":49.12,"longitude":154.508,"elevation":1145,"morphology":"Stratovolcano","vei":5,"agent":"W","deathsTotal":2,"deathsAmountOrderTotal":1,"significant":true,"publish":false,"eruption":true,"status":"Historical","timeErupt":"D2","date":"1933-01-08","group":"VEI 5"}},{"type":"Feature","geometry":{"type":"Point","coordinates":[155.565,50.861]},"properties":{"id":2840,"year":1854,"month":6,"day":27,"tsunamiEventId":821,"volcanoLocationId":90039,"volcanoLocationNewNum":290390,"volcanoLocationNum":"0900-39=","name":"Alaid","location":"Kuril Is","country":"Russia","latitude":50.861,"longitude":155.565,"elevation":2285,"morphology":"Stratovolcano","vei":3,"significant":true,"publish":false,"eruption":true,"status":"Historical","timeErupt":"D1","date":"1854-06-27","group":"VEI 3"}},{"type":"Feature","geometry":{"type":"Point","coordinates":[155.565,50.861]},"properties":{"id":2844,"year":1981,"month":4,"day":27,"volcanoLocationId":90039,"volcanoLocationNewNum":290390,"volcanoLocationNum":"0900-39=","name":"Alaid","location":"Kuril Is","country":"Russia","latitude":50.861,"longitude":155.565,"elevation":2285,"morphology":"Stratovolcano","vei":2,"damageAmountOrder":1,"damageAmountOrderTotal":1,"significant":true,"publish":false,"eruption":true,"status":"Historical","timeErupt":"D1","date":"1981-04-27","group":"VEI 2"}},{"type":"Feature","geometry":{"type":"Point","coordinates":[158.836,53.256]},"properties":{"id":2882,"year":1827,"month":6,"day":27,"tsunamiEventId":663,"earthquakeEventId":6651,"volcanoLocationId":100010,"volcanoLocationNewNum":300100,"volcanoLocationNum":"1000-10=","name":"Avachinsky","location":"Kamchatka","country":"Russia","latitude":53.256,"longitude":158.836,"elevation":2717,"morphology":"Stratovolcano","vei":2,"significant":true,"publish":false,"eruption":true,"status":"Historical","timeErupt":"D1","date":"1827-06-27","group":"VEI 2"}},{"type":"Feature","geometry":{"type":"Point","coordinates":[159.443,54.049]},"properties":{"id":2921,"year":1996,"month":1,"day":2,"tsunamiEventId":2392,"volcanoLocationId":100013,"volcanoLocationNewNum":300130,"volcanoLocationNum":"1000-13=","name":"Karymsky","location":"Kamchatka","country":"Russia","latitude":54.049,"longitude":159.443,"elevation":1513,"morphology":"Stratovolcano","vei":2,"significant":true,"publish":false,"eruption":true,"status":"Historical","timeErupt":"D1","date":"1996-01-02","group":"VEI 2"}},{"type":"Feature","geometry":{"type":"Point","coordinates":[160.595,55.972]},"properties":{"id":2952,"year":1956,"month":3,"day":30,"tsunamiEventId":1856,"volcanoLocationId":100025,"volcanoLocationNewNum":300250,"volcanoLocationNum":"1000-25=","name":"Bezymianny","location":"Kamchatka","country":"Russia","latitude":55.972,"longitude":160.595,"elevation":2882,"morphology":"Stratovolcano","vei":5,"significant":true,"publish":false,"eruption":true,"status":"Historical","timeErupt":"D1","date":"1956-03-30","group":"VEI 5"}},{"type":"Feature","geometry":{"type":"Point","coordinates":[160.642,56.056]},"properties":{"id":3046,"year":1977,"month":8,"day":2,"volcanoLocationId":100026,"volcanoLocationNewNum":300260,"volcanoLocationNum":"1000-26=","name":"Klyuchevskoy","location":"Kamchatka","country":"Russia","latitude":56.056,"longitude":160.642,"elevation":4754,"morphology":"Stratovolcano","vei":3,"agent":"T","deaths":1,"deathsAmountOrder":1,"deathsTotal":1,"deathsAmountOrderTotal":1,"significant":true,"publish":false,"eruption":true,"status":"Historical","timeErupt":"D1","date":"1977-08-02","group":"VEI 3"}},{"type":"Feature","geometry":{"type":"Point","coordinates":[160.642,56.056]},"properties":{"id":3050,"year":1983,"month":3,"day":8,"volcanoLocationId":100026,"volcanoLocationNewNum":300260,"volcanoLocationNum":"1000-26=","name":"Klyuchevskoy","location":"Kamchatka","country":"Russia","latitude":56.056,"longitude":160.642,"elevation":4754,"morphology":"Stratovolcano","vei":2,"agent":"T","deaths":1,"deathsAmountOrder":1,"deathsTotal":1,"deathsAmountOrderTotal":1,"significant":true,"publish":false,"eruption":true,"status":"Historical","timeErupt":"D1","date":"1983-03-08","group":"VEI 2"}},{"type":"Feature","geometry":{"type":"Point","coordinates":[161.36,56.653]},"properties":{"id":3060,"year":1854,"month":2,"day":18,"volcanoLocationId":100027,"volcanoLocationNewNum":300270,"volcanoLocationNum":"1000-27=","name":"Sheveluch","location":"Kamchatka","country":"Russia","latitude":56.653,"longitude":161.36,"elevation":3283,"morphology":"Stratovolcano","vei":5,"damageAmountOrder":1,"damageAmountOrderTotal":1,"significant":true,"publish":false,"eruption":true,"status":"Historical","timeErupt":"D1","date":"1854-02-18","group":"VEI 5"}},{"type":"Feature","geometry":{"type":"Point","coordinates":[161.36,56.653]},"properties":{"id":3067,"year":1990,"month":2,"day":2,"volcanoLocationId":100027,"volcanoLocationNewNum":300270,"volcanoLocationNum":"1000-27=","name":"Sheveluch","location":"Kamchatka","country":"Russia","latitude":56.653,"longitude":161.36,"elevation":3283,"morphology":"Stratovolcano","vei":3,"damageAmountOrder":1,"damageAmountOrderTotal":1,"significant":true,"publish":false,"eruption":true,"status":"Historical","timeErupt":"D1","date":"1990-02-02","group":"VEI 3"}},{"type":"Feature","geometry":{"type":"Point","coordinates":[-169.944,52.825]},"properties":{"id":3105,"year":1944,"month":6,"day":10,"volcanoLocationId":110124,"volcanoLocationNewNum":311240,"volcanoLocationNum":"1101-24-","name":"Cleveland","location":"Aleutian Is","country":"United States","latitude":52.825,"longitude":-169.944,"elevation":1730,"morphology":"Stratovolcano","vei":3,"agent":"T","deaths":1,"deathsAmountOrder":1,"deathsTotal":1,"deathsAmountOrderTotal":1,"significant":true,"publish":false,"eruption":true,"status":"Historical","timeErupt":"D1","date":"1944-06-10","group":"VEI 3"}},{"type":"Feature","geometry":{"type":"Point","coordinates":[-168.693,53.13]},"properties":{"id":3117,"year":1957,"month":3,"day":11,"earthquakeEventId":4116,"volcanoLocationId":110127,"volcanoLocationNewNum":311270,"volcanoLocationNum":"1101-27-","name":"Vsevidof","location":"Aleutian Is","country":"United States","latitude":53.13,"longitude":-168.693,"elevation":2149,"morphology":"Stratovolcano","vei":2,"significant":true,"publish":false,"eruption":true,"status":"Historical","timeErupt":"D3","date":"1957-03-11","group":"VEI 2"}},{"type":"Feature","geometry":{"type":"Point","coordinates":[-163.97,54.756]},"properties":{"id":3164,"year":1825,"month":3,"day":21,"tsunamiEventId":654,"volcanoLocationId":110136,"volcanoLocationNewNum":311360,"volcanoLocationNum":"1101-36-","name":"Shishaldin","location":"Aleutian Is","country":"United States","latitude":54.756,"longitude":-163.97,"elevation":2857,"morphology":"Stratovolcano","vei":3,"significant":true,"publish":false,"eruption":true,"status":"Historical","timeErupt":"D1","date":"1825-03-21","group":"VEI 3"}},{"type":"Feature","geometry":{"type":"Point","coordinates":[-155.159,58.266]},"properties":{"id":3248,"year":1912,"month":9,"day":6,"volcanoLocationId":110218,"volcanoLocationNewNum":312180,"volcanoLocationNum":"1102-18-","name":"Novarupta","location":"Alaska Peninsula","country":"United States","latitude":58.266,"longitude":-155.159,"elevation":841,"morphology":"Caldera","vei":6,"agent":"T","deaths":2,"deathsAmountOrder":1,"deathsTotal":2,"deathsAmountOrderTotal":1,"significant":true,"publish":false,"eruption":true,"status":"Historical","timeErupt":"D2","date":"1912-09-06","group":"VEI 6"}},{"type":"Feature","geometry":{"type":"Point","coordinates":[-153.435,59.363]},"properties":{"id":3268,"year":1883,"month":10,"day":6,"tsunamiEventId":1143,"volcanoLocationId":110301,"volcanoLocationNewNum":313010,"volcanoLocationNum":"1103-01-","name":"Augustine","location":"Alaska-SW","country":"United States","latitude":59.363,"longitude":-153.435,"elevation":1218,"morphology":"Lava dome","vei":4,"deaths":8,"deathsAmountOrder":1,"deathsTotal":8,"deathsAmountOrderTotal":1,"damageAmountOrderTotal":1,"housesDestroyedAmountOrderTotal":1,"significant":true,"publish":false,"eruption":true,"status":"Historical","timeErupt":"D1","date":"1883-10-06","group":"VEI 4"}},{"type":"Feature","geometry":{"type":"Point","coordinates":[-152.251,61.299]},"properties":{"id":3294,"year":1992,"month":9,"day":17,"volcanoLocationId":110304,"volcanoLocationNewNum":313040,"volcanoLocationNum":"1103-04-","name":"Spurr","location":"Alaska-SW","country":"United States","latitude":61.299,"longitude":-152.251,"elevation":3374,"morphology":"Stratovolcano","vei":4,"agent":"I","deaths":1,"deathsAmountOrder":1,"damageMillionsDollars":2,"damageAmountOrder":2,"deathsTotal":1,"deathsAmountOrderTotal":1,"damageMillionsDollarsTotal":2,"damageAmountOrderTotal":2,"significant":true,"publish":false,"eruption":true,"status":"Historical","timeErupt":"D1","date":"1992-09-17","group":"VEI 4"}},{"type":"Feature","geometry":{"type":"Point","coordinates":[-141.75,61.38]},"properties":{"id":3297,"year":847,"volcanoLocationId":110503,"volcanoLocationNewNum":315030,"volcanoLocationNum":"1105-03-","name":"Churchill","location":"Alaska-E","country":"United States","latitude":61.38,"longitude":-141.75,"elevation":5005,"morphology":"Stratovolcano","vei":6,"significant":true,"publish":false,"eruption":true,"status":"Radiocarbon","timeErupt":"D6","date":"0847","group":"VEI 6"}},{"type":"Feature","geometry":{"type":"Point","coordinates":[-122.18,46.2]},"properties":{"id":3304,"year":1800,"volcanoLocationId":120105,"volcanoLocationNewNum":321050,"volcanoLocationNum":"1201-05-","name":"St. Helens","location":"US-Washington","country":"United States","latitude":46.2,"longitude":-122.18,"elevation":2549,"morphology":"Stratovolcano","vei":5,"agent":"I","deathsAmountOrder":3,"deathsAmountOrderTotal":3,"significant":true,"publish":false,"eruption":true,"status":"Historical","timeErupt":"D1","date":"1800","group":"VEI 5"}},{"type":"Feature","geometry":{"type":"Point","coordinates":[-122.18,46.2]},"properties":{"id":3314,"year":1980,"month":5,"day":18,"tsunamiEventId":3018,"earthquakeEventId":4876,"volcanoLocationId":120105,"volcanoLocationNewNum":321050,"volcanoLocationNum":"1201-05-","name":"St. Helens","location":"US-Washington","country":"United States","latitude":46.2,"longitude":-122.18,"elevation":2549,"morphology":"Stratovolcano","vei":5,"agent":"P,M,T","deaths":57,"deathsAmountOrder":2,"damageMillionsDollars":2000,"damageAmountOrder":4,"deathsTotal":61,"deathsAmountOrderTotal":2,"damageMillionsDollarsTotal":2000,"damageAmountOrderTotal":4,"significant":true,"publish":false,"eruption":true,"status":"Historical","timeErupt":"D1","date":"1980-05-18","group":"VEI 5"}},{"type":"Feature","geometry":{"type":"Point","coordinates":[-155.287,19.421]},"properties":{"id":3343,"year":1790,"month":11,"volcanoLocationId":130201,"volcanoLocationNewNum":332010,"volcanoLocationNum":"1302-01-","name":"Kilauea","location":"Hawaiian Is","country":"United States","latitude":19.421,"longitude":-155.287,"elevation":1222,"morphology":"Shield volcano","vei":4,"agent":"P","deaths":5405,"deathsAmountOrder":4,"deathsTotal":5405,"deathsAmountOrderTotal":4,"significant":true,"publish":false,"eruption":true,"status":"Historical","timeErupt":"D1","date":"1790-11","group":"VEI 4"}},{"type":"Feature","geometry":{"type":"Point","coordinates":[-155.287,19.421]},"properties":{"id":3344,"year":1823,"month":2,"volcanoLocationId":130201,"volcanoLocationNewNum":332010,"volcanoLocationNum":"1302-01-","name":"Kilauea","location":"Hawaiian Is","country":"United States","latitude":19.421,"longitude":-155.287,"elevation":1222,"morphology":"Shield volcano","vei":0,"agent":"L","deathsAmountOrder":1,"deathsAmountOrderTotal":1,"significant":true,"publish":false,"eruption":true,"status":"Historical","timeErupt":"D1","date":"1823-02","group":"VEI 0"}},{"type":"Feature","geometry":{"type":"Point","coordinates":[-155.287,19.421]},"properties":{"id":3347,"year":1840,"month":5,"day":30,"tsunamiEventId":714,"volcanoLocationId":130201,"volcanoLocationNewNum":332010,"volcanoLocationNum":"1302-01-","name":"Kilauea","location":"Hawaiian Is","country":"United States","latitude":19.421,"longitude":-155.287,"elevation":1222,"morphology":"Shield volcano","vei":0,"damageAmountOrder":1,"damageAmountOrderTotal":1,"significant":true,"publish":false,"eruption":true,"status":"Historical","timeErupt":"D1","date":"1840-05-30","group":"VEI 0"}},{"type":"Feature","geometry":{"type":"Point","coordinates":[-155.287,19.421]},"properties":{"id":3372,"year":1924,"month":5,"day":10,"volcanoLocationId":130201,"volcanoLocationNewNum":332010,"volcanoLocationNum":"1302-01-","name":"Kilauea","location":"Hawaiian Is","country":"United States","latitude":19.421,"longitude":-155.287,"elevation":1222,"morphology":"Shield volcano","vei":2,"agent":"T","deaths":1,"deathsAmountOrder":1,"deathsTotal":1,"deathsAmountOrderTotal":1,"significant":true,"publish":false,"eruption":true,"status":"Historical","timeErupt":"D1","date":"1924-05-10","group":"VEI 2"}},{"type":"Feature","geometry":{"type":"Point","coordinates":[-155.287,19.421]},"properties":{"id":3407,"year":1975,"month":11,"day":29,"tsunamiEventId":2080,"earthquakeEventId":4704,"volcanoLocationId":130201,"volcanoLocationNewNum":332010,"volcanoLocationNum":"1302-01-","name":"Kilauea","location":"Hawaiian Is","country":"United States","latitude":19.421,"longitude":-155.287,"elevation":1222,"morphology":"Shield volcano","vei":0,"agent":"W","deathsTotal":2,"deathsAmountOrderTotal":1,"injuriesAmountOrderTotal":1,"damageMillionsDollarsTotal":4,"damageAmountOrderTotal":2,"significant":true,"publish":false,"eruption":true,"status":"Historical","timeErupt":"D1","date":"1975-11-29","group":"VEI 0"}},{"type":"Feature","geometry":{"type":"Point","coordinates":[-155.608,19.475]},"properties":{"id":3423,"year":1868,"month":4,"day":3,"tsunamiEventId":971,"earthquakeEventId":2125,"volcanoLocationId":130202,"volcanoLocationNewNum":332020,"volcanoLocationNum":"1302-02=","name":"Mauna Loa","location":"Hawaiian Is","country":"United States","latitude":19.475,"longitude":-155.608,"elevation":4170,"morphology":"Shield volcano","vei":2,"agent":"W,M","damageAmountOrder":1,"housesDestroyed":37,"housesDestroyedAmountOrder":1,"deathsTotal":77,"deathsAmountOrderTotal":2,"damageAmountOrderTotal":2,"housesDestroyedAmountOrderTotal":3,"significant":true,"publish":false,"eruption":true,"status":"Historical","timeErupt":"D1","date":"1868-04-03","group":"VEI 2"}},{"type":"Feature","geometry":{"type":"Point","coordinates":[-155.608,19.475]},"properties":{"id":3432,"year":1877,"month":2,"day":14,"tsunamiEventId":1068,"earthquakeEventId":10023,"volcanoLocationId":130202,"volcanoLocationNewNum":332020,"volcanoLocationNum":"1302-02=","name":"Mauna Loa","location":"Hawaiian Is","country":"United States","latitude":19.475,"longitude":-155.608,"elevation":4170,"morphology":"Shield volcano","vei":0,"significant":true,"publish":false,"eruption":true,"status":"Historical","timeErupt":"D1","date":"1877-02-14","group":"VEI 0"}},{"type":"Feature","geometry":{"type":"Point","coordinates":[-155.608,19.475]},"properties":{"id":3443,"year":1919,"month":9,"day":29,"tsunamiEventId":1478,"volcanoLocationId":130202,"volcanoLocationNewNum":332020,"volcanoLocationNum":"1302-02=","name":"Mauna Loa","location":"Hawaiian Is","country":"United States","latitude":19.475,"longitude":-155.608,"elevation":4170,"morphology":"Shield volcano","vei":0,"significant":true,"publish":false,"eruption":true,"status":"Historical","timeErupt":"D1","date":"1919-09-29","group":"VEI 0"}},{"type":"Feature","geometry":{"type":"Point","coordinates":[-103.62,19.514]},"properties":{"id":3473,"year":1576,"volcanoLocationId":140104,"volcanoLocationNewNum":341040,"volcanoLocationNum":"1401-04=","name":"Colima","location":"Mexico","country":"Mexico","latitude":19.514,"longitude":-103.62,"elevation":3850,"morphology":"Stratovolcano","vei":3,"deathsAmountOrder":1,"deathsAmountOrderTotal":1,"significant":true,"publish":false,"eruption":true,"status":"Historical","timeErupt":"D1","date":"1576","group":"VEI 3"}},{"type":"Feature","geometry":{"type":"Point","coordinates":[-103.62,19.514]},"properties":{"id":3477,"year":1818,"month":2,"day":5,"volcanoLocationId":140104,"volcanoLocationNewNum":341040,"volcanoLocationNum":"1401-04=","name":"Colima","location":"Mexico","country":"Mexico","latitude":19.514,"longitude":-103.62,"elevation":3850,"morphology":"Stratovolcano","vei":4,"deathsAmountOrder":1,"deathsAmountOrderTotal":1,"significant":true,"publish":false,"eruption":true,"status":"Historical","timeErupt":"D1","date":"1818-02-05","group":"VEI 4"}},{"type":"Feature","geometry":{"type":"Point","coordinates":[-103.62,19.514]},"properties":{"id":3479,"year":1913,"month":1,"day":20,"volcanoLocationId":140104,"volcanoLocationNewNum":341040,"volcanoLocationNum":"1401-04=","name":"Colima","location":"Mexico","country":"Mexico","latitude":19.514,"longitude":-103.62,"elevation":3850,"morphology":"Stratovolcano","vei":4,"agent":"P,m","deaths":13,"deathsAmountOrder":1,"deathsTotal":13,"deathsAmountOrderTotal":1,"significant":true,"publish":false,"eruption":true,"status":"Historical","timeErupt":"D1","date":"1913-01-20","group":"VEI 4"}},{"type":"Feature","geometry":{"type":"Point","coordinates":[-98.622,19.023]},"properties":{"id":3502,"year":1996,"month":4,"day":30,"volcanoLocationId":140109,"volcanoLocationNewNum":341090,"volcanoLocationNum":"1401-09=","name":"Popocatepetl","location":"Mexico","country":"Mexico","latitude":19.023,"longitude":-98.622,"elevation":5393,"morphology":"Stratovolcano","vei":3,"deaths":5,"deathsAmountOrder":1,"damageAmountOrder":1,"deathsTotal":5,"deathsAmountOrderTotal":1,"damageAmountOrderTotal":1,"significant":true,"publish":false,"eruption":true,"status":"Historical","timeErupt":"D1","date":"1996-04-30","group":"VEI 3"}},{"type":"Feature","geometry":{"type":"Point","coordinates":[-93.23,17.36]},"properties":{"id":3518,"year":1982,"month":3,"day":29,"earthquakeEventId":7221,"volcanoLocationId":140112,"volcanoLocationNewNum":341120,"volcanoLocationNum":"1401-12=","name":"Chichon, El","location":"Mexico","country":"Mexico","latitude":17.36,"longitude":-93.23,"elevation":1150,"morphology":"Tuff cone","vei":5,"agent":"P,T,M,S","deaths":1879,"deathsAmountOrder":4,"missing":1755,"missingAmountOrder":4,"damageMillionsDollars":3.3,"damageAmountOrder":2,"deathsTotal":1879,"deathsAmountOrderTotal":4,"missingTotal":1755,"missingAmountOrderTotal":4,"damageMillionsDollarsTotal":3.3,"damageAmountOrderTotal":2,"significant":true,"publish":false,"eruption":true,"status":"Historical","timeErupt":"D1","date":"1982-03-29","group":"VEI 5"}},{"type":"Feature","geometry":{"type":"Point","coordinates":[-93.23,17.36]},"properties":{"id":3519,"year":1982,"month":4,"day":4,"volcanoLocationId":140112,"volcanoLocationNewNum":341120,"volcanoLocationNum":"1401-12=","name":"Chichon, El","location":"Mexico","country":"Mexico","latitude":17.36,"longitude":-93.23,"elevation":1150,"morphology":"Tuff cone","vei":5,"agent":"P","deaths":33,"deathsAmountOrder":1,"deathsTotal":33,"deathsAmountOrderTotal":1,"significant":true,"publish":false,"eruption":true,"status":"Historical","timeErupt":"D1","date":"1982-04-04","group":"VEI 5"}},{"type":"Feature","geometry":{"type":"Point","coordinates":[-91.552,14.757]},"properties":{"id":3521,"year":1902,"month":10,"day":25,"volcanoLocationId":140203,"volcanoLocationNewNum":342030,"volcanoLocationNum":"1402-03=","name":"Santa Maria","location":"Guatemala","country":"Guatemala","latitude":14.757,"longitude":-91.552,"elevation":3745,"morphology":"Stratovolcano","vei":6,"agent":"T,G","deaths":2500,"deathsAmountOrder":4,"damageAmountOrder":2,"housesDestroyedAmountOrder":2,"deathsTotal":10000,"deathsAmountOrderTotal":4,"damageAmountOrderTotal":2,"housesDestroyedAmountOrderTotal":2,"significant":true,"publish":false,"eruption":true,"status":"Historical","timeErupt":"D1","date":"1902-10-25","group":"VEI 6"}},{"type":"Feature","geometry":{"type":"Point","coordinates":[-91.552,14.757]},"properties":{"id":3523,"year":1929,"month":11,"day":2,"volcanoLocationId":140203,"volcanoLocationNewNum":342030,"volcanoLocationNum":"1402-03=","name":"Santa Maria","location":"Guatemala","country":"Guatemala","latitude":14.757,"longitude":-91.552,"elevation":3745,"morphology":"Stratovolcano","vei":3,"agent":"P,M","deaths":200,"deathsAmountOrder":3,"deathsTotal":200,"deathsAmountOrderTotal":3,"significant":true,"publish":false,"eruption":true,"status":"Historical","timeErupt":"D1","date":"1929-11-02","group":"VEI 3"}},{"type":"Feature","geometry":{"type":"Point","coordinates":[-90.88,14.473]},"properties":{"id":3543,"year":1581,"month":12,"day":26,"volcanoLocationId":140209,"volcanoLocationNewNum":342090,"volcanoLocationNum":"1402-09=","name":"Fuego","location":"Guatemala","country":"Guatemala","latitude":14.473,"longitude":-90.88,"elevation":3763,"morphology":"Stratovolcano","vei":4,"damageAmountOrder":1,"damageAmountOrderTotal":1,"significant":true,"publish":false,"eruption":true,"status":"Historical","timeErupt":"D1","date":"1581-12-26","group":"VEI 4"}},{"type":"Feature","geometry":{"type":"Point","coordinates":[-90.88,14.473]},"properties":{"id":3546,"year":1617,"volcanoLocationId":140209,"volcanoLocationNewNum":342090,"volcanoLocationNum":"1402-09=","name":"Fuego","location":"Guatemala","country":"Guatemala","latitude":14.473,"longitude":-90.88,"elevation":3763,"morphology":"Stratovolcano","vei":3,"significant":true,"publish":false,"eruption":true,"status":"Historical","timeErupt":"D1","date":"1617","group":"VEI 3"}},{"type":"Feature","geometry":{"type":"Point","coordinates":[-90.88,14.473]},"properties":{"id":3551,"year":1717,"month":8,"day":27,"tsunamiEventId":6032,"earthquakeEventId":10893,"volcanoLocationId":140209,"volcanoLocationNewNum":342090,"volcanoLocationNum":"1402-09=","name":"Fuego","location":"Guatemala","country":"Guatemala","latitude":14.473,"longitude":-90.88,"elevation":3763,"morphology":"Stratovolcano","vei":4,"agent":"S","damageAmountOrder":1,"deathsAmountOrderTotal":2,"damageAmountOrderTotal":3,"housesDestroyedTotal":3000,"housesDestroyedAmountOrderTotal":4,"significant":true,"publish":false,"eruption":true,"status":"Historical","timeErupt":"D1","date":"1717-08-27","group":"VEI 4"}},{"type":"Feature","geometry":{"type":"Point","coordinates":[-90.88,14.473]},"properties":{"id":3559,"year":1860,"month":8,"day":18,"volcanoLocationId":140209,"volcanoLocationNewNum":342090,"volcanoLocationNum":"1402-09=","name":"Fuego","location":"Guatemala","country":"Guatemala","latitude":14.473,"longitude":-90.88,"elevation":3763,"morphology":"Stratovolcano","vei":2,"damageAmountOrder":1,"damageAmountOrderTotal":1,"significant":true,"publish":false,"eruption":true,"status":"Historical","timeErupt":"D1","date":"1860-08-18","group":"VEI 2"}},{"type":"Feature","geometry":{"type":"Point","coordinates":[-90.88,14.473]},"properties":{"id":3562,"year":1932,"month":1,"day":21,"volcanoLocationId":140209,"volcanoLocationNewNum":342090,"volcanoLocationNum":"1402-09=","name":"Fuego","location":"Guatemala","country":"Guatemala","latitude":14.473,"longitude":-90.88,"elevation":3763,"morphology":"Stratovolcano","vei":4,"deathsAmountOrder":1,"deathsAmountOrderTotal":1,"significant":true,"publish":false,"eruption":true,"status":"Historical","timeErupt":"D1","date":"1932-01-21","group":"VEI 4"}},{"type":"Feature","geometry":{"type":"Point","coordinates":[-90.88,14.473]},"properties":{"id":3569,"year":1963,"month":9,"day":28,"volcanoLocationId":140209,"volcanoLocationNewNum":342090,"volcanoLocationNum":"1402-09=","name":"Fuego","location":"Guatemala","country":"Guatemala","latitude":14.473,"longitude":-90.88,"elevation":3763,"morphology":"Stratovolcano","vei":3,"agent":"M","deaths":7,"deathsAmountOrder":1,"deathsTotal":7,"deathsAmountOrderTotal":1,"significant":true,"publish":false,"eruption":true,"status":"Historical","timeErupt":"D1","date":"1963-09-28","group":"VEI 3"}},{"type":"Feature","geometry":{"type":"Point","coordinates":[-90.88,14.473]},"properties":{"id":3573,"year":1971,"month":9,"day":14,"volcanoLocationId":140209,"volcanoLocationNewNum":342090,"volcanoLocationNum":"1402-09=","name":"Fuego","location":"Guatemala","country":"Guatemala","latitude":14.473,"longitude":-90.88,"elevation":3763,"morphology":"Stratovolcano","vei":3,"agent":"M,T","deaths":10,"deathsAmountOrder":1,"deathsTotal":10,"deathsAmountOrderTotal":1,"significant":true,"publish":false,"eruption":true,"status":"Historical","timeErupt":"D1","date":"1971-09-14","group":"VEI 3"}},{"type":"Feature","geometry":{"type":"Point","coordinates":[-90.88,14.473]},"properties":{"id":3574,"year":1974,"month":10,"day":10,"volcanoLocationId":140209,"volcanoLocationNewNum":342090,"volcanoLocationNum":"1402-09=","name":"Fuego","location":"Guatemala","country":"Guatemala","latitude":14.473,"longitude":-90.88,"elevation":3763,"morphology":"Stratovolcano","vei":4,"agent":"T,M","deathsAmountOrder":1,"damageAmountOrder":2,"housesDestroyedAmountOrder":3,"deathsAmountOrderTotal":1,"damageAmountOrderTotal":2,"housesDestroyedAmountOrderTotal":3,"significant":true,"publish":false,"eruption":true,"status":"Historical","timeErupt":"D1","date":"1974-10-10","group":"VEI 4"}},{"type":"Feature","geometry":{"type":"Point","coordinates":[-90.88,14.473]},"properties":{"id":3578,"year":1999,"month":5,"day":21,"volcanoLocationId":140209,"volcanoLocationNewNum":342090,"volcanoLocationNum":"1402-09=","name":"Fuego","location":"Guatemala","country":"Guatemala","latitude":14.473,"longitude":-90.88,"elevation":3763,"morphology":"Stratovolcano","vei":2,"significant":true,"publish":false,"eruption":true,"status":"Historical","timeErupt":"D1","date":"1999-05-21","group":"VEI 2"}},{"type":"Feature","geometry":{"type":"Point","coordinates":[-90.601,14.382]},"properties":{"id":3580,"year":1565,"month":8,"earthquakeEventId":9788,"volcanoLocationId":140211,"volcanoLocationNewNum":342110,"volcanoLocationNum":"1402-11=","name":"Pacaya","location":"Guatemala","country":"Guatemala","latitude":14.382,"longitude":-90.601,"elevation":2569,"morphology":"Complex volcano","vei":3,"damageAmountOrder":1,"damageAmountOrderTotal":1,"significant":true,"publish":false,"eruption":true,"status":"Historical","timeErupt":"D1","date":"1565-08","group":"VEI 3"}},{"type":"Feature","geometry":{"type":"Point","coordinates":[-90.601,14.382]},"properties":{"id":3608,"year":1995,"month":4,"day":7,"volcanoLocationId":140211,"volcanoLocationNewNum":342110,"volcanoLocationNum":"1402-11=","name":"Pacaya","location":"Guatemala","country":"Guatemala","latitude":14.382,"longitude":-90.601,"elevation":2569,"morphology":"Complex volcano","vei":3,"agent":"M","deaths":1,"deathsAmountOrder":1,"damageAmountOrder":1,"housesDestroyed":1,"housesDestroyedAmountOrder":1,"deathsTotal":1,"deathsAmountOrderTotal":1,"damageAmountOrderTotal":1,"housesDestroyedTotal":1,"housesDestroyedAmountOrderTotal":1,"significant":true,"publish":false,"eruption":true,"status":"Historical","timeErupt":"D1","date":"1995-04-07","group":"VEI 3"}},{"type":"Feature","geometry":{"type":"Point","coordinates":[-89.633,13.813]},"properties":{"id":3651,"year":1920,"month":10,"day":29,"volcanoLocationId":140303,"volcanoLocationNewNum":343030,"volcanoLocationNum":"1403-03=","name":"Izalco","location":"El Salvador","country":"El Salvador","latitude":13.813,"longitude":-89.633,"elevation":1950,"morphology":"Stratovolcano","vei":3,"agent":"P","deathsAmountOrder":1,"deathsAmountOrderTotal":1,"significant":true,"publish":false,"eruption":true,"status":"Historical","timeErupt":"D1","date":"1920-10-29","group":"VEI 3"}},{"type":"Feature","geometry":{"type":"Point","coordinates":[-89.294,13.734]},"properties":{"id":3662,"year":1659,"month":9,"day":30,"earthquakeEventId":6879,"volcanoLocationId":140305,"volcanoLocationNewNum":343050,"volcanoLocationNum":"1403-05=","name":"San Salvador","location":"El Salvador","country":"El Salvador","latitude":13.734,"longitude":-89.294,"elevation":1893,"morphology":"Stratovolcano","vei":3,"agent":"S","significant":true,"publish":false,"eruption":true,"status":"Historical","timeErupt":"D2","date":"1659-09-30","group":"VEI 3"}},{"type":"Feature","geometry":{"type":"Point","coordinates":[-89.294,13.734]},"properties":{"id":3664,"year":1917,"month":6,"day":7,"earthquakeEventId":6877,"volcanoLocationId":140305,"volcanoLocationNewNum":343050,"volcanoLocationNum":"1403-05=","name":"San Salvador","location":"El Salvador","country":"El Salvador","latitude":13.734,"longitude":-89.294,"elevation":1893,"morphology":"Stratovolcano","vei":3,"agent":"S,L","deaths":325,"deathsAmountOrder":3,"deathsTotal":325,"deathsAmountOrderTotal":3,"significant":true,"publish":false,"eruption":true,"status":"Historical","timeErupt":"D2","date":"1917-06-07","group":"VEI 3"}},{"type":"Feature","geometry":{"type":"Point","coordinates":[-89.053,13.672]},"properties":{"id":3665,"year":450,"volcanoLocationId":140306,"volcanoLocationNewNum":343060,"volcanoLocationNum":"1403-06=","name":"Ilopango","location":"El Salvador","country":"El Salvador","latitude":13.672,"longitude":-89.053,"elevation":450,"morphology":"Caldera","vei":6,"deaths":30000,"deathsAmountOrder":4,"deathsTotal":30000,"deathsAmountOrderTotal":4,"significant":true,"publish":false,"eruption":true,"status":"Historical","timeErupt":"D3","date":"0450","group":"VEI 6"}},{"type":"Feature","geometry":{"type":"Point","coordinates":[-87.57,12.98]},"properties":{"id":3688,"year":1835,"month":1,"day":20,"volcanoLocationId":140401,"volcanoLocationNewNum":344010,"volcanoLocationNum":"1404-01=","name":"Cosiguina","location":"Nicaragua","country":"Nicaragua","latitude":12.98,"longitude":-87.57,"elevation":872,"morphology":"Stratovolcano","vei":5,"agent":"G,I","deathsAmountOrder":1,"deathsAmountOrderTotal":1,"significant":true,"publish":false,"eruption":true,"status":"Historical","timeErupt":"D3","date":"1835-01-20","group":"VEI 5"}},{"type":"Feature","geometry":{"type":"Point","coordinates":[-86.702,12.506]},"properties":{"id":3726,"year":1992,"month":4,"day":10,"volcanoLocationId":140407,"volcanoLocationNewNum":344070,"volcanoLocationNum":"1404-07=","name":"Negro, Cerro","location":"Nicaragua","country":"Nicaragua","latitude":12.506,"longitude":-86.702,"elevation":728,"morphology":"Cinder cone","vei":3,"agent":"T,I","deaths":11,"deathsAmountOrder":1,"injuries":50,"injuriesAmountOrder":1,"damageMillionsDollars":3,"damageAmountOrder":2,"housesDestroyedAmountOrder":1,"deathsTotal":11,"deathsAmountOrderTotal":1,"injuriesTotal":50,"injuriesAmountOrderTotal":1,"damageMillionsDollarsTotal":3,"damageAmountOrderTotal":2,"housesDestroyedAmountOrderTotal":1,"significant":true,"publish":false,"eruption":true,"status":"Historical","timeErupt":"D1","date":"1992-04-10","group":"VEI 3"}},{"type":"Feature","geometry":{"type":"Point","coordinates":[-85.515,11.446]},"properties":{"id":3763,"year":1996,"month":9,"day":27,"volcanoLocationId":140413,"volcanoLocationNum":"1404-13-","name":"Maderas","location":"Nicaragua","country":"Nicaragua","latitude":11.446,"longitude":-85.515,"elevation":1394,"morphology":"Stratovolcano","agent":"m","deaths":6,"deathsAmountOrder":1,"injuriesAmountOrder":1,"deathsTotal":6,"deathsAmountOrderTotal":1,"injuriesAmountOrderTotal":1,"significant":true,"publish":false,"eruption":false,"status":"Holocene","timeErupt":"U","date":"1996-09-27","group":"VEI not recorded"}},{"type":"Feature","geometry":{"type":"Point","coordinates":[-85.324,10.83]},"properties":{"id":3766,"year":1966,"month":11,"day":6,"volcanoLocationId":140502,"volcanoLocationNewNum":345020,"volcanoLocationNum":"1405-02=","name":"Rincon de la Vieja","location":"Costa Rica","country":"Costa Rica","latitude":10.83,"longitude":-85.324,"elevation":1916,"morphology":"Complex volcano","vei":3,"agent":"P,T,G","damageAmountOrder":1,"damageAmountOrderTotal":1,"significant":true,"publish":false,"eruption":true,"status":"Historical","timeErupt":"D1","date":"1966-11-06","group":"VEI 3"}},{"type":"Feature","geometry":{"type":"Point","coordinates":[-83.852,9.979]},"properties":{"id":3821,"year":1963,"month":12,"day":10,"volcanoLocationId":140506,"volcanoLocationNewNum":345060,"volcanoLocationNum":"1405-06=","name":"Irazu","location":"Costa Rica","country":"Costa Rica","latitude":9.979,"longitude":-83.852,"elevation":3436,"morphology":"Stratovolcano","vei":3,"agent":"M,T","deaths":40,"deathsAmountOrder":1,"injuriesAmountOrder":1,"damageAmountOrder":2,"housesDestroyed":400,"housesDestroyedAmountOrder":3,"deathsTotal":40,"deathsAmountOrderTotal":1,"injuriesAmountOrderTotal":1,"damageAmountOrderTotal":2,"housesDestroyedTotal":400,"housesDestroyedAmountOrderTotal":3,"significant":true,"publish":false,"eruption":true,"status":"Historical","timeErupt":"D1","date":"1963-12-10","group":"VEI 3"}},{"type":"Feature","geometry":{"type":"Point","coordinates":[-75.324,4.892]},"properties":{"id":3830,"year":1595,"month":3,"day":12,"volcanoLocationId":150102,"volcanoLocationNewNum":351020,"volcanoLocationNum":"1501-02=","name":"Ruiz, Nevado del","location":"Colombia","country":"Colombia","latitude":4.892,"longitude":-75.324,"elevation":5279,"morphology":"Stratovolcano","vei":4,"agent":"M","deaths":636,"deathsAmountOrder":3,"deathsTotal":636,"deathsAmountOrderTotal":3,"significant":true,"publish":false,"eruption":true,"status":"Historical","timeErupt":"D1","date":"1595-03-12","group":"VEI 4"}},{"type":"Feature","geometry":{"type":"Point","coordinates":[-75.324,4.892]},"properties":{"id":3833,"year":1845,"month":2,"day":19,"earthquakeEventId":1867,"volcanoLocationId":150102,"volcanoLocationNewNum":351020,"volcanoLocationNum":"1501-02=","name":"Ruiz, Nevado del","location":"Colombia","country":"Colombia","latitude":4.892,"longitude":-75.324,"elevation":5279,"morphology":"Stratovolcano","vei":3,"agent":"M","deaths":1000,"deathsAmountOrder":3,"deathsTotal":1000,"deathsAmountOrderTotal":3,"significant":true,"publish":false,"eruption":true,"status":"Historical","timeErupt":"D1","date":"1845-02-19","group":"VEI 3"}},{"type":"Feature","geometry":{"type":"Point","coordinates":[-75.324,4.892]},"properties":{"id":3835,"year":1985,"month":11,"day":13,"volcanoLocationId":150102,"volcanoLocationNewNum":351020,"volcanoLocationNum":"1501-02=","name":"Ruiz, Nevado del","location":"Colombia","country":"Colombia","latitude":4.892,"longitude":-75.324,"elevation":5279,"morphology":"Stratovolcano","vei":3,"agent":"M","deaths":23080,"deathsAmountOrder":4,"injuries":10000,"injuriesAmountOrder":4,"deathsTotal":23080,"deathsAmountOrderTotal":4,"injuriesTotal":10000,"injuriesAmountOrderTotal":4,"significant":true,"publish":false,"eruption":true,"status":"Historical","timeErupt":"D1","date":"1985-11-13","group":"VEI 3"}},{"type":"Feature","geometry":{"type":"Point","coordinates":[-76.4,2.32]},"properties":{"id":3846,"year":1885,"month":5,"day":25,"earthquakeEventId":2347,"volcanoLocationId":150106,"volcanoLocationNewNum":351060,"volcanoLocationNum":"1501-06=","name":"Purace","location":"Colombia","country":"Colombia","latitude":2.32,"longitude":-76.4,"elevation":4650,"morphology":"Stratovolcano","vei":3,"deathsAmountOrder":2,"damageAmountOrder":2,"housesDestroyedAmountOrder":2,"deathsAmountOrderTotal":2,"damageAmountOrderTotal":2,"housesDestroyedAmountOrderTotal":2,"significant":true,"publish":false,"eruption":true,"status":"Historical","timeErupt":"D1","date":"1885-05-25","group":"VEI 3"}},{"type":"Feature","geometry":{"type":"Point","coordinates":[-76.4,2.32]},"properties":{"id":3851,"year":1949,"month":5,"day":26,"volcanoLocationId":150106,"volcanoLocationNewNum":351060,"volcanoLocationNum":"1501-06=","name":"Purace","location":"Colombia","country":"Colombia","latitude":2.32,"longitude":-76.4,"elevation":4650,"morphology":"Stratovolcano","vei":2,"agent":"T","deaths":17,"deathsAmountOrder":1,"deathsTotal":17,"deathsAmountOrderTotal":1,"significant":true,"publish":false,"eruption":true,"status":"Historical","timeErupt":"D1","date":"1949-05-26","group":"VEI 2"}},{"type":"Feature","geometry":{"type":"Point","coordinates":[-76.936,1.5]},"properties":{"id":3855,"year":1899,"month":11,"day":13,"volcanoLocationId":150107,"volcanoLocationNewNum":351070,"volcanoLocationNum":"1501-07=","name":"Dona Juana","location":"Colombia","country":"Colombia","latitude":1.5,"longitude":-76.936,"elevation":4137,"morphology":"Stratovolcano","vei":4,"agent":"P","deaths":55,"deathsAmountOrder":2,"deathsTotal":55,"deathsAmountOrderTotal":2,"significant":true,"publish":false,"eruption":true,"status":"Historical","timeErupt":"D2","date":"1899-11-13","group":"VEI 4"}},{"type":"Feature","geometry":{"type":"Point","coordinates":[-78.598,-0.171]},"properties":{"id":3900,"year":1660,"month":10,"day":27,"earthquakeEventId":1017,"volcanoLocationId":150202,"volcanoLocationNewNum":352020,"volcanoLocationNum":"1502-02=","name":"Guagua Pichincha","location":"Ecuador","country":"Ecuador","latitude":-0.171,"longitude":-78.598,"elevation":4784,"morphology":"Stratovolcano","vei":4,"agent":"P","damageAmountOrder":2,"damageAmountOrderTotal":2,"significant":true,"publish":false,"eruption":true,"status":"Historical","timeErupt":"D1","date":"1660-10-27","group":"VEI 4"}},{"type":"Feature","geometry":{"type":"Point","coordinates":[-78.598,-0.171]},"properties":{"id":3906,"year":1999,"month":10,"day":5,"volcanoLocationId":150202,"volcanoLocationNewNum":352020,"volcanoLocationNum":"1502-02=","name":"Guagua Pichincha","location":"Ecuador","country":"Ecuador","latitude":-0.171,"longitude":-78.598,"elevation":4784,"morphology":"Stratovolcano","vei":3,"agent":"T","deaths":2,"deathsAmountOrder":1,"deathsTotal":2,"deathsAmountOrderTotal":1,"significant":true,"publish":false,"eruption":true,"status":"Historical","timeErupt":"D1","date":"1999-10-05","group":"VEI 3"}},{"type":"Feature","geometry":{"type":"Point","coordinates":[-78.436,-0.677]},"properties":{"id":3918,"year":1742,"month":6,"day":15,"volcanoLocationId":150205,"volcanoLocationNewNum":352050,"volcanoLocationNum":"1502-05=","name":"Cotopaxi","location":"Ecuador","country":"Ecuador","latitude":-0.677,"longitude":-78.436,"elevation":5911,"morphology":"Stratovolcano","vei":3,"agent":"M","deathsAmountOrder":3,"damageAmountOrder":3,"deathsAmountOrderTotal":3,"damageAmountOrderTotal":3,"significant":true,"publish":false,"eruption":true,"status":"Historical","timeErupt":"D2","date":"1742-06-15","group":"VEI 3"}},{"type":"Feature","geometry":{"type":"Point","coordinates":[-78.436,-0.677]},"properties":{"id":3919,"year":1742,"month":12,"day":9,"volcanoLocationId":150205,"volcanoLocationNewNum":352050,"volcanoLocationNum":"1502-05=","name":"Cotopaxi","location":"Ecuador","country":"Ecuador","latitude":-0.677,"longitude":-78.436,"elevation":5911,"morphology":"Stratovolcano","vei":3,"agent":"M","deathsAmountOrder":3,"damageAmountOrder":3,"deathsAmountOrderTotal":3,"damageAmountOrderTotal":3,"significant":true,"publish":false,"eruption":true,"status":"Historical","timeErupt":"D2","date":"1742-12-09","group":"VEI 3"}},{"type":"Feature","geometry":{"type":"Point","coordinates":[-78.436,-0.677]},"properties":{"id":3927,"year":1768,"month":4,"day":4,"volcanoLocationId":150205,"volcanoLocationNewNum":352050,"volcanoLocationNum":"1502-05=","name":"Cotopaxi","location":"Ecuador","country":"Ecuador","latitude":-0.677,"longitude":-78.436,"elevation":5911,"morphology":"Stratovolcano","vei":4,"agent":"M","deathsAmountOrder":3,"damageAmountOrder":3,"deathsAmountOrderTotal":3,"damageAmountOrderTotal":3,"significant":true,"publish":false,"eruption":true,"status":"Historical","timeErupt":"D2","date":"1768-04-04","group":"VEI 4"}},{"type":"Feature","geometry":{"type":"Point","coordinates":[-78.436,-0.677]},"properties":{"id":3944,"year":1877,"month":6,"day":25,"volcanoLocationId":150205,"volcanoLocationNewNum":352050,"volcanoLocationNum":"1502-05=","name":"Cotopaxi","location":"Ecuador","country":"Ecuador","latitude":-0.677,"longitude":-78.436,"elevation":5911,"morphology":"Stratovolcano","vei":4,"agent":"M","deaths":340,"deathsAmountOrder":3,"deathsTotal":340,"deathsAmountOrderTotal":3,"significant":true,"publish":false,"eruption":true,"status":"Historical","timeErupt":"D2","date":"1877-06-25","group":"VEI 4"}},{"type":"Feature","geometry":{"type":"Point","coordinates":[-78.442,-1.467]},"properties":{"id":3959,"year":1640,"volcanoLocationId":150208,"volcanoLocationNewNum":352080,"volcanoLocationNum":"1502-08=","name":"Tungurahua","location":"Ecuador","country":"Ecuador","latitude":-1.467,"longitude":-78.442,"elevation":5023,"morphology":"Stratovolcano","vei":3,"agent":"P","deaths":5000,"deathsAmountOrder":4,"housesDestroyedAmountOrder":4,"deathsTotal":5000,"deathsAmountOrderTotal":4,"housesDestroyedAmountOrderTotal":4,"significant":true,"publish":false,"eruption":true,"status":"Historical","timeErupt":"D1","date":"1640","group":"VEI 3"}},{"type":"Feature","geometry":{"type":"Point","coordinates":[-78.442,-1.467]},"properties":{"id":3965,"year":1886,"month":1,"day":11,"volcanoLocationId":150208,"volcanoLocationNewNum":352080,"volcanoLocationNum":"1502-08=","name":"Tungurahua","location":"Ecuador","country":"Ecuador","latitude":-1.467,"longitude":-78.442,"elevation":5023,"morphology":"Stratovolcano","vei":4,"agent":"P","deaths":2,"deathsAmountOrder":1,"deathsTotal":2,"deathsAmountOrderTotal":1,"significant":true,"publish":false,"eruption":true,"status":"Historical","timeErupt":"D1","date":"1886-01-11","group":"VEI 4"}},{"type":"Feature","geometry":{"type":"Point","coordinates":[-78.442,-1.467]},"properties":{"id":3966,"year":1916,"month":3,"day":3,"volcanoLocationId":150208,"volcanoLocationNewNum":352080,"volcanoLocationNum":"1502-08=","name":"Tungurahua","location":"Ecuador","country":"Ecuador","latitude":-1.467,"longitude":-78.442,"elevation":5023,"morphology":"Stratovolcano","vei":4,"significant":true,"publish":false,"eruption":true,"status":"Historical","timeErupt":"D1","date":"1916-03-03","group":"VEI 4"}},{"type":"Feature","geometry":{"type":"Point","coordinates":[-78.442,-1.467]},"properties":{"id":3970,"year":1999,"month":10,"day":16,"volcanoLocationId":150208,"volcanoLocationNewNum":352080,"volcanoLocationNum":"1502-08=","name":"Tungurahua","location":"Ecuador","country":"Ecuador","latitude":-1.467,"longitude":-78.442,"elevation":5023,"morphology":"Stratovolcano","vei":3,"agent":"T","deaths":1,"deathsAmountOrder":1,"injuries":4,"injuriesAmountOrder":1,"deathsTotal":1,"deathsAmountOrderTotal":1,"injuriesTotal":4,"injuriesAmountOrderTotal":1,"significant":true,"publish":false,"eruption":true,"status":"Historical","timeErupt":"D1","date":"1999-10-16","group":"VEI 3"}},{"type":"Feature","geometry":{"type":"Point","coordinates":[-91.408,-0.92]},"properties":{"id":4033,"year":1943,"month":4,"day":13,"volcanoLocationId":150306,"volcanoLocationNewNum":353060,"volcanoLocationNum":"1503-06=","name":"Azul, Cerro","location":"Galapagos","country":"Ecuador","latitude":-0.92,"longitude":-91.408,"elevation":1640,"morphology":"Shield volcano","vei":3,"agent":"T","deaths":1,"deathsAmountOrder":1,"deathsTotal":1,"deathsAmountOrderTotal":1,"significant":true,"publish":false,"eruption":true,"status":"Historical","timeErupt":"D1","date":"1943-04-13","group":"VEI 3"}},{"type":"Feature","geometry":{"type":"Point","coordinates":[-70.854,-16.614]},"properties":{"id":4052,"year":1600,"month":2,"day":19,"earthquakeEventId":814,"volcanoLocationId":150403,"volcanoLocationNewNum":354030,"volcanoLocationNum":"1504-03=","name":"Huaynaputina","location":"Peru","country":"Peru","latitude":-16.614,"longitude":-70.854,"elevation":4679,"morphology":"Stratovolcano","vei":6,"deaths":1500,"deathsAmountOrder":4,"deathsTotal":1500,"deathsAmountOrderTotal":4,"significant":true,"publish":false,"eruption":true,"status":"Historical","timeErupt":"D5","date":"1600-02-19","group":"VEI 6"}},{"type":"Feature","geometry":{"type":"Point","coordinates":[-76.83,-33.62]},"properties":{"id":4078,"year":1839,"month":2,"day":12,"tsunamiEventId":711,"volcanoLocationId":150604,"volcanoLocationNum":"1506-04=","name":"Unnamed","location":"Chile-Is","country":"Chile","latitude":-33.62,"longitude":-76.83,"elevation":-642,"morphology":"Submarine volcano","vei":2,"significant":true,"publish":false,"eruption":true,"status":"Uncertain","timeErupt":"Unknown","date":"1839-02-12","group":"VEI 2"}},{"type":"Feature","geometry":{"type":"Point","coordinates":[-71.586,-38.379]},"properties":{"id":4118,"year":1988,"month":12,"day":25,"volcanoLocationId":150710,"volcanoLocationNewNum":357100,"volcanoLocationNum":"1507-10=","name":"Lonquimay","location":"Chile-C","country":"Chile","latitude":-38.379,"longitude":-71.586,"elevation":2832,"morphology":"Stratovolcano","vei":3,"agent":"T","deaths":1,"deathsAmountOrder":1,"deathsTotal":1,"deathsAmountOrderTotal":1,"significant":true,"publish":false,"eruption":true,"status":"Historical","timeErupt":"D1","date":"1988-12-25","group":"VEI 3"}},{"type":"Feature","geometry":{"type":"Point","coordinates":[-71.93,-39.42]},"properties":{"id":4139,"year":1949,"month":1,"day":1,"volcanoLocationId":150712,"volcanoLocationNewNum":357120,"volcanoLocationNum":"1507-12=","name":"Villarrica","location":"Chile-C","country":"Chile","latitude":-39.42,"longitude":-71.93,"elevation":2847,"morphology":"Stratovolcano","vei":3,"agent":"M","deaths":54,"deathsAmountOrder":2,"damageAmountOrder":2,"deathsTotal":54,"deathsAmountOrderTotal":2,"damageAmountOrderTotal":2,"significant":true,"publish":false,"eruption":true,"status":"Historical","timeErupt":"D1","date":"1949-01-01","group":"VEI 3"}},{"type":"Feature","geometry":{"type":"Point","coordinates":[-71.93,-39.42]},"properties":{"id":4140,"year":1964,"month":3,"day":3,"volcanoLocationId":150712,"volcanoLocationNewNum":357120,"volcanoLocationNum":"1507-12=","name":"Villarrica","location":"Chile-C","country":"Chile","latitude":-39.42,"longitude":-71.93,"elevation":2847,"morphology":"Stratovolcano","vei":2,"agent":"M","deaths":25,"deathsAmountOrder":1,"deathsTotal":25,"deathsAmountOrderTotal":1,"significant":true,"publish":false,"eruption":true,"status":"Historical","timeErupt":"D1","date":"1964-03-03","group":"VEI 2"}},{"type":"Feature","geometry":{"type":"Point","coordinates":[-71.93,-39.42]},"properties":{"id":4141,"year":1971,"month":10,"day":29,"volcanoLocationId":150712,"volcanoLocationNewNum":357120,"volcanoLocationNum":"1507-12=","name":"Villarrica","location":"Chile-C","country":"Chile","latitude":-39.42,"longitude":-71.93,"elevation":2847,"morphology":"Stratovolcano","vei":2,"agent":"M","deaths":15,"deathsAmountOrder":1,"deathsTotal":15,"deathsAmountOrderTotal":1,"significant":true,"publish":false,"eruption":true,"status":"Historical","timeErupt":"D1","date":"1971-10-29","group":"VEI 2"}},{"type":"Feature","geometry":{"type":"Point","coordinates":[-72.07,-40.35]},"properties":{"id":4150,"year":1955,"month":7,"day":26,"volcanoLocationId":150714,"volcanoLocationNewNum":357140,"volcanoLocationNum":"1507-14=","name":"Carran-Los Venados","location":"Chile-C","country":"Chile","latitude":-40.35,"longitude":-72.07,"elevation":1114,"morphology":"Pyroclastic cone","vei":4,"agent":"G","deaths":2,"deathsAmountOrder":1,"deathsTotal":2,"deathsAmountOrderTotal":1,"significant":true,"publish":false,"eruption":true,"status":"Historical","timeErupt":"D1","date":"1955-07-26","group":"VEI 4"}},{"type":"Feature","geometry":{"type":"Point","coordinates":[-72.117,-40.59]},"properties":{"id":4153,"year":1960,"month":5,"day":25,"tsunamiEventId":1902,"earthquakeEventId":4227,"volcanoLocationId":150715,"volcanoLocationNewNum":357150,"volcanoLocationNum":"1507-15=","name":"Puyehue-Cordon Caulle","location":"Chile-C","country":"Chile","latitude":-40.59,"longitude":-72.117,"elevation":2236,"morphology":"Stratovolcano","vei":3,"significant":true,"publish":false,"eruption":true,"status":"Holocene","timeErupt":"U","date":"1960-05-25","group":"VEI 3"}},{"type":"Feature","geometry":{"type":"Point","coordinates":[-72.618,-41.33]},"properties":{"id":4160,"year":1917,"month":4,"volcanoLocationId":150802,"volcanoLocationNewNum":358020,"volcanoLocationNum":"1508-02=","name":"Calbuco","location":"Chile-S","country":"Chile","latitude":-41.33,"longitude":-72.618,"elevation":1974,"morphology":"Stratovolcano","vei":3,"significant":true,"publish":false,"eruption":true,"status":"Historical","timeErupt":"D2","date":"1917-04","group":"VEI 3"}},{"type":"Feature","geometry":{"type":"Point","coordinates":[-72.618,-41.33]},"properties":{"id":4161,"year":1929,"month":1,"day":6,"volcanoLocationId":150802,"volcanoLocationNewNum":358020,"volcanoLocationNum":"1508-02=","name":"Calbuco","location":"Chile-S","country":"Chile","latitude":-41.33,"longitude":-72.618,"elevation":1974,"morphology":"Stratovolcano","vei":3,"significant":true,"publish":false,"eruption":true,"status":"Historical","timeErupt":"D2","date":"1929-01-06","group":"VEI 3"}},{"type":"Feature","geometry":{"type":"Point","coordinates":[-62.8,17.37]},"properties":{"id":4172,"year":1843,"month":2,"day":8,"tsunamiEventId":730,"volcanoLocationId":160003,"volcanoLocationNewNum":360030,"volcanoLocationNum":"1600-03=","name":"Liamuiga","location":"W Indies","country":"St. Kitts & Nevis","latitude":17.37,"longitude":-62.8,"elevation":1156,"morphology":"Stratovolcano","vei":0,"significant":true,"publish":false,"eruption":true,"status":"Radiocarbon","timeErupt":"D6","date":"1843-02-08","group":"VEI 0"}},{"type":"Feature","geometry":{"type":"Point","coordinates":[-62.18,16.72]},"properties":{"id":4175,"year":1997,"month":8,"day":1,"volcanoLocationId":160005,"volcanoLocationNewNum":360050,"volcanoLocationNum":"1600-05=","name":"Soufriere Hills","location":"W Indies","country":"Montserrat","latitude":16.72,"longitude":-62.18,"elevation":915,"morphology":"Stratovolcano","vei":3,"deaths":2,"deathsAmountOrder":1,"deathsTotal":2,"deathsAmountOrderTotal":1,"significant":true,"publish":false,"eruption":true,"status":"Historical","timeErupt":"D1","date":"1997-08-01","group":"VEI 3"}},{"type":"Feature","geometry":{"type":"Point","coordinates":[-61.664,16.044]},"properties":{"id":4187,"year":1843,"month":2,"day":17,"tsunamiEventId":731,"volcanoLocationId":160006,"volcanoLocationNewNum":360060,"volcanoLocationNum":"1600-06=","name":"Soufriere Guadeloupe","location":"W Indies","country":"Guadeloupe","latitude":16.044,"longitude":-61.664,"elevation":1467,"morphology":"Stratovolcano","significant":true,"publish":false,"eruption":true,"status":"Historical","timeErupt":"D1","date":"1843-02-17","group":"VEI not recorded"}},{"type":"Feature","geometry":{"type":"Point","coordinates":[-61.166,14.809]},"properties":{"id":4193,"year":1902,"month":5,"day":8,"tsunamiEventId":1288,"volcanoLocationId":160012,"volcanoLocationNewNum":360120,"volcanoLocationNum":"1600-12=","name":"Pelee","location":"W Indies","country":"Martinique","latitude":14.809,"longitude":-61.166,"elevation":1372,"morphology":"Stratovolcano","vei":4,"agent":"P","deaths":28000,"deathsAmountOrder":4,"deathsTotal":28000,"deathsAmountOrderTotal":4,"significant":true,"publish":false,"eruption":true,"status":"Historical","timeErupt":"D2","date":"1902-05-08","group":"VEI 4"}},{"type":"Feature","geometry":{"type":"Point","coordinates":[-61.18,13.33]},"properties":{"id":4197,"year":1812,"month":4,"day":27,"volcanoLocationId":160015,"volcanoLocationNewNum":360150,"volcanoLocationNum":"1600-15=","name":"Soufriere St. Vincent","location":"W Indies","country":"St. Vincent & the Grenadines","latitude":13.33,"longitude":-61.18,"elevation":1220,"morphology":"Stratovolcano","vei":4,"agent":"T, m","deaths":56,"deathsAmountOrder":2,"damageAmountOrder":1,"housesDestroyedAmountOrder":1,"deathsTotal":56,"deathsAmountOrderTotal":2,"damageAmountOrderTotal":1,"housesDestroyedAmountOrderTotal":1,"significant":true,"publish":false,"eruption":true,"status":"Historical","timeErupt":"D1","date":"1812-04-27","group":"VEI 4"}},{"type":"Feature","geometry":{"type":"Point","coordinates":[-61.18,13.33]},"properties":{"id":4199,"year":1902,"month":5,"day":7,"tsunamiEventId":2873,"volcanoLocationId":160015,"volcanoLocationNewNum":360150,"volcanoLocationNum":"1600-15=","name":"Soufriere St. Vincent","location":"W Indies","country":"St. Vincent & the Grenadines","latitude":13.33,"longitude":-61.18,"elevation":1220,"morphology":"Stratovolcano","vei":4,"agent":"P","deaths":1680,"deathsAmountOrder":4,"injuriesAmountOrder":3,"damageAmountOrder":1,"deathsTotal":1680,"deathsAmountOrderTotal":4,"injuriesAmountOrderTotal":3,"damageAmountOrderTotal":1,"significant":true,"publish":false,"eruption":true,"status":"Historical","timeErupt":"D1","date":"1902-05-07","group":"VEI 4"}},{"type":"Feature","geometry":{"type":"Point","coordinates":[-61.18,13.33]},"properties":{"id":4202,"year":1979,"month":4,"day":13,"volcanoLocationId":160015,"volcanoLocationNewNum":360150,"volcanoLocationNum":"1600-15=","name":"Soufriere St. Vincent","location":"W Indies","country":"St. Vincent & the Grenadines","latitude":13.33,"longitude":-61.18,"elevation":1220,"morphology":"Stratovolcano","vei":3,"agent":"T,P","deaths":2,"deathsAmountOrder":1,"deathsTotal":2,"deathsAmountOrderTotal":1,"significant":true,"publish":false,"eruption":true,"status":"Historical","timeErupt":"D1","date":"1979-04-13","group":"VEI 3"}},{"type":"Feature","geometry":{"type":"Point","coordinates":[-61.64,12.3]},"properties":{"id":4205,"year":1965,"month":10,"day":24,"tsunamiEventId":5695,"volcanoLocationId":160016,"volcanoLocationNewNum":360160,"volcanoLocationNum":"1600-16=","name":"Kick 'em Jenny","location":"W Indies","country":"Netherlands","latitude":12.3,"longitude":-61.64,"elevation":-185,"morphology":"Submarine volcano","vei":0,"significant":true,"publish":false,"eruption":true,"status":"Historical","timeErupt":"D1","date":"1965-10-24","group":"VEI 0"}},{"type":"Feature","geometry":{"type":"Point","coordinates":[-19.083,63.633]},"properties":{"id":4224,"year":1177,"volcanoLocationId":170203,"volcanoLocationNewNum":372030,"volcanoLocationNum":"1702-03=","name":"Katla","location":"Iceland-S","country":"Iceland","latitude":63.633,"longitude":-19.083,"elevation":1490,"morphology":"Subglacial volcano","vei":3,"damageAmountOrder":1,"damageAmountOrderTotal":1,"significant":true,"publish":false,"eruption":true,"status":"Historical","timeErupt":"D2","date":"1177","group":"VEI 3"}},{"type":"Feature","geometry":{"type":"Point","coordinates":[-19.083,63.633]},"properties":{"id":4225,"year":1262,"volcanoLocationId":170203,"volcanoLocationNewNum":372030,"volcanoLocationNum":"1702-03=","name":"Katla","location":"Iceland-S","country":"Iceland","latitude":63.633,"longitude":-19.083,"elevation":1490,"morphology":"Subglacial volcano","vei":3,"agent":"F","deathsAmountOrder":1,"deathsAmountOrderTotal":1,"significant":true,"publish":false,"eruption":true,"status":"Historical","timeErupt":"D2","date":"1262","group":"VEI 3"}},{"type":"Feature","geometry":{"type":"Point","coordinates":[-19.083,63.633]},"properties":{"id":4226,"year":1311,"month":1,"day":18,"volcanoLocationId":170203,"volcanoLocationNewNum":372030,"volcanoLocationNum":"1702-03=","name":"Katla","location":"Iceland-S","country":"Iceland","latitude":63.633,"longitude":-19.083,"elevation":1490,"morphology":"Subglacial volcano","vei":4,"agent":"F","deathsAmountOrder":2,"deathsAmountOrderTotal":2,"significant":true,"publish":false,"eruption":true,"status":"Historical","timeErupt":"D2","date":"1311-01-18","group":"VEI 4"}},{"type":"Feature","geometry":{"type":"Point","coordinates":[-19.083,63.633]},"properties":{"id":4227,"year":1357,"volcanoLocationId":170203,"volcanoLocationNewNum":372030,"volcanoLocationNum":"1702-03=","name":"Katla","location":"Iceland-S","country":"Iceland","latitude":63.633,"longitude":-19.083,"elevation":1490,"morphology":"Subglacial volcano","vei":4,"damageAmountOrder":1,"damageAmountOrderTotal":1,"significant":true,"publish":false,"eruption":true,"status":"Historical","timeErupt":"D2","date":"1357","group":"VEI 4"}},{"type":"Feature","geometry":{"type":"Point","coordinates":[-19.083,63.633]},"properties":{"id":4229,"year":1580,"month":8,"day":11,"volcanoLocationId":170203,"volcanoLocationNewNum":372030,"volcanoLocationNum":"1702-03=","name":"Katla","location":"Iceland-S","country":"Iceland","latitude":63.633,"longitude":-19.083,"elevation":1490,"morphology":"Subglacial volcano","vei":4,"significant":true,"publish":false,"eruption":true,"status":"Historical","timeErupt":"D2","date":"1580-08-11","group":"VEI 4"}},{"type":"Feature","geometry":{"type":"Point","coordinates":[-19.083,63.633]},"properties":{"id":4231,"year":1625,"month":9,"day":2,"volcanoLocationId":170203,"volcanoLocationNewNum":372030,"volcanoLocationNum":"1702-03=","name":"Katla","location":"Iceland-S","country":"Iceland","latitude":63.633,"longitude":-19.083,"elevation":1490,"morphology":"Subglacial volcano","vei":5,"significant":true,"publish":false,"eruption":true,"status":"Historical","timeErupt":"D2","date":"1625-09-02","group":"VEI 5"}},{"type":"Feature","geometry":{"type":"Point","coordinates":[-19.083,63.633]},"properties":{"id":4232,"year":1660,"month":11,"day":3,"volcanoLocationId":170203,"volcanoLocationNewNum":372030,"volcanoLocationNum":"1702-03=","name":"Katla","location":"Iceland-S","country":"Iceland","latitude":63.633,"longitude":-19.083,"elevation":1490,"morphology":"Subglacial volcano","vei":4,"damageAmountOrder":1,"damageAmountOrderTotal":1,"significant":true,"publish":false,"eruption":true,"status":"Historical","timeErupt":"D2","date":"1660-11-03","group":"VEI 4"}},{"type":"Feature","geometry":{"type":"Point","coordinates":[-19.083,63.633]},"properties":{"id":4233,"year":1721,"month":5,"day":11,"volcanoLocationId":170203,"volcanoLocationNewNum":372030,"volcanoLocationNum":"1702-03=","name":"Katla","location":"Iceland-S","country":"Iceland","latitude":63.633,"longitude":-19.083,"elevation":1490,"morphology":"Subglacial volcano","vei":5,"damageAmountOrder":1,"damageAmountOrderTotal":1,"significant":true,"publish":false,"eruption":true,"status":"Historical","timeErupt":"D2","date":"1721-05-11","group":"VEI 5"}},{"type":"Feature","geometry":{"type":"Point","coordinates":[-19.083,63.633]},"properties":{"id":4234,"year":1755,"month":10,"day":17,"volcanoLocationId":170203,"volcanoLocationNewNum":372030,"volcanoLocationNum":"1702-03=","name":"Katla","location":"Iceland-S","country":"Iceland","latitude":63.633,"longitude":-19.083,"elevation":1490,"morphology":"Subglacial volcano","vei":4,"agent":"E","deaths":2,"deathsAmountOrder":1,"deathsTotal":2,"deathsAmountOrderTotal":1,"significant":true,"publish":false,"eruption":true,"status":"Historical","timeErupt":"D2","date":"1755-10-17","group":"VEI 4"}},{"type":"Feature","geometry":{"type":"Point","coordinates":[-19.083,63.633]},"properties":{"id":4238,"year":1918,"month":10,"day":12,"tsunamiEventId":1452,"volcanoLocationId":170203,"volcanoLocationNewNum":372030,"volcanoLocationNum":"1702-03=","name":"Katla","location":"Iceland-S","country":"Iceland","latitude":63.633,"longitude":-19.083,"elevation":1490,"morphology":"Subglacial volcano","vei":4,"damageAmountOrder":1,"damageAmountOrderTotal":1,"significant":true,"publish":false,"eruption":true,"status":"Historical","timeErupt":"D2","date":"1918-10-12","group":"VEI 4"}},{"type":"Feature","geometry":{"type":"Point","coordinates":[-19.666,63.983]},"properties":{"id":4241,"year":1104,"month":10,"day":15,"volcanoLocationId":170207,"volcanoLocationNewNum":372070,"volcanoLocationNum":"1702-07=","name":"Hekla","location":"Iceland-S","country":"Iceland","latitude":63.983,"longitude":-19.666,"elevation":1490,"morphology":"Stratovolcano","vei":5,"damageAmountOrder":1,"damageAmountOrderTotal":1,"significant":true,"publish":false,"eruption":true,"status":"Historical","timeErupt":"D1","date":"1104-10-15","group":"VEI 5"}},{"type":"Feature","geometry":{"type":"Point","coordinates":[-19.666,63.983]},"properties":{"id":4242,"year":1158,"month":1,"day":19,"volcanoLocationId":170207,"volcanoLocationNewNum":372070,"volcanoLocationNum":"1702-07=","name":"Hekla","location":"Iceland-S","country":"Iceland","latitude":63.983,"longitude":-19.666,"elevation":1490,"morphology":"Stratovolcano","vei":4,"damageAmountOrder":1,"damageAmountOrderTotal":1,"significant":true,"publish":false,"eruption":true,"status":"Historical","timeErupt":"D1","date":"1158-01-19","group":"VEI 4"}},{"type":"Feature","geometry":{"type":"Point","coordinates":[-19.666,63.983]},"properties":{"id":4243,"year":1206,"month":12,"day":4,"volcanoLocationId":170207,"volcanoLocationNewNum":372070,"volcanoLocationNum":"1702-07=","name":"Hekla","location":"Iceland-S","country":"Iceland","latitude":63.983,"longitude":-19.666,"elevation":1490,"morphology":"Stratovolcano","vei":2,"damageAmountOrder":1,"damageAmountOrderTotal":1,"significant":true,"publish":false,"eruption":true,"status":"Historical","timeErupt":"D1","date":"1206-12-04","group":"VEI 2"}},{"type":"Feature","geometry":{"type":"Point","coordinates":[-19.666,63.983]},"properties":{"id":4244,"year":1300,"month":7,"day":11,"volcanoLocationId":170207,"volcanoLocationNewNum":372070,"volcanoLocationNum":"1702-07=","name":"Hekla","location":"Iceland-S","country":"Iceland","latitude":63.983,"longitude":-19.666,"elevation":1490,"morphology":"Stratovolcano","vei":4,"deathsTotal":600,"deathsAmountOrderTotal":3,"significant":true,"publish":false,"eruption":true,"status":"Historical","timeErupt":"D1","date":"1300-07-11","group":"VEI 4"}},{"type":"Feature","geometry":{"type":"Point","coordinates":[-19.666,63.983]},"properties":{"id":4245,"year":1341,"month":5,"day":19,"volcanoLocationId":170207,"volcanoLocationNewNum":372070,"volcanoLocationNum":"1702-07=","name":"Hekla","location":"Iceland-S","country":"Iceland","latitude":63.983,"longitude":-19.666,"elevation":1490,"morphology":"Stratovolcano","vei":3,"damageAmountOrder":1,"damageAmountOrderTotal":1,"significant":true,"publish":false,"eruption":true,"status":"Historical","timeErupt":"D1","date":"1341-05-19","group":"VEI 3"}},{"type":"Feature","geometry":{"type":"Point","coordinates":[-19.666,63.983]},"properties":{"id":4246,"year":1389,"month":12,"day":1,"volcanoLocationId":170207,"volcanoLocationNewNum":372070,"volcanoLocationNum":"1702-07=","name":"Hekla","location":"Iceland-S","country":"Iceland","latitude":63.983,"longitude":-19.666,"elevation":1490,"morphology":"Stratovolcano","vei":3,"damageAmountOrder":1,"damageAmountOrderTotal":1,"significant":true,"publish":false,"eruption":true,"status":"Historical","timeErupt":"D1","date":"1389-12-01","group":"VEI 3"}},{"type":"Feature","geometry":{"type":"Point","coordinates":[-19.666,63.983]},"properties":{"id":4248,"year":1510,"month":7,"day":25,"volcanoLocationId":170207,"volcanoLocationNewNum":372070,"volcanoLocationNum":"1702-07=","name":"Hekla","location":"Iceland-S","country":"Iceland","latitude":63.983,"longitude":-19.666,"elevation":1490,"morphology":"Stratovolcano","vei":4,"agent":"T","deaths":1,"deathsAmountOrder":1,"deathsTotal":1,"deathsAmountOrderTotal":1,"significant":true,"publish":false,"eruption":true,"status":"Historical","timeErupt":"D1","date":"1510-07-25","group":"VEI 4"}},{"type":"Feature","geometry":{"type":"Point","coordinates":[-19.666,63.983]},"properties":{"id":4249,"year":1597,"month":1,"day":3,"volcanoLocationId":170207,"volcanoLocationNewNum":372070,"volcanoLocationNum":"1702-07=","name":"Hekla","location":"Iceland-S","country":"Iceland","latitude":63.983,"longitude":-19.666,"elevation":1490,"morphology":"Stratovolcano","vei":4,"damageAmountOrder":1,"damageAmountOrderTotal":1,"significant":true,"publish":false,"eruption":true,"status":"Historical","timeErupt":"D1","date":"1597-01-03","group":"VEI 4"}},{"type":"Feature","geometry":{"type":"Point","coordinates":[-19.666,63.983]},"properties":{"id":4250,"year":1636,"month":5,"day":15,"volcanoLocationId":170207,"volcanoLocationNewNum":372070,"volcanoLocationNum":"1702-07=","name":"Hekla","location":"Iceland-S","country":"Iceland","latitude":63.983,"longitude":-19.666,"elevation":1490,"morphology":"Stratovolcano","vei":3,"damageAmountOrder":1,"damageAmountOrderTotal":1,"significant":true,"publish":false,"eruption":true,"status":"Historical","timeErupt":"D1","date":"1636-05-15","group":"VEI 3"}},{"type":"Feature","geometry":{"type":"Point","coordinates":[-19.666,63.983]},"properties":{"id":4251,"year":1693,"month":2,"day":13,"tsunamiEventId":347,"volcanoLocationId":170207,"volcanoLocationNewNum":372070,"volcanoLocationNum":"1702-07=","name":"Hekla","location":"Iceland-S","country":"Iceland","latitude":63.983,"longitude":-19.666,"elevation":1490,"morphology":"Stratovolcano","vei":4,"significant":true,"publish":false,"eruption":true,"status":"Historical","timeErupt":"D1","date":"1693-02-13","group":"VEI 4"}},{"type":"Feature","geometry":{"type":"Point","coordinates":[-19.666,63.983]},"properties":{"id":4252,"year":1766,"month":4,"day":5,"volcanoLocationId":170207,"volcanoLocationNewNum":372070,"volcanoLocationNum":"1702-07=","name":"Hekla","location":"Iceland-S","country":"Iceland","latitude":63.983,"longitude":-19.666,"elevation":1490,"morphology":"Stratovolcano","vei":4,"damageAmountOrder":1,"damageAmountOrderTotal":1,"significant":true,"publish":false,"eruption":true,"status":"Historical","timeErupt":"D1","date":"1766-04-05","group":"VEI 4"}},{"type":"Feature","geometry":{"type":"Point","coordinates":[-19.666,63.983]},"properties":{"id":4253,"year":1845,"month":9,"day":2,"volcanoLocationId":170207,"volcanoLocationNewNum":372070,"volcanoLocationNum":"1702-07=","name":"Hekla","location":"Iceland-S","country":"Iceland","latitude":63.983,"longitude":-19.666,"elevation":1490,"morphology":"Stratovolcano","vei":4,"damageAmountOrder":1,"damageAmountOrderTotal":1,"significant":true,"publish":false,"eruption":true,"status":"Historical","timeErupt":"D1","date":"1845-09-02","group":"VEI 4"}},{"type":"Feature","geometry":{"type":"Point","coordinates":[-19.666,63.983]},"properties":{"id":4254,"year":1970,"month":5,"day":5,"volcanoLocationId":170207,"volcanoLocationNewNum":372070,"volcanoLocationNum":"1702-07=","name":"Hekla","location":"Iceland-S","country":"Iceland","latitude":63.983,"longitude":-19.666,"elevation":1490,"morphology":"Stratovolcano","vei":3,"damageAmountOrder":1,"damageAmountOrderTotal":1,"significant":true,"publish":false,"eruption":true,"status":"Historical","timeErupt":"D1","date":"1970-05-05","group":"VEI 3"}},{"type":"Feature","geometry":{"type":"Point","coordinates":[-19.666,63.983]},"properties":{"id":4255,"year":1980,"month":8,"day":17,"volcanoLocationId":170207,"volcanoLocationNewNum":372070,"volcanoLocationNum":"1702-07=","name":"Hekla","location":"Iceland-S","country":"Iceland","latitude":63.983,"longitude":-19.666,"elevation":1490,"morphology":"Stratovolcano","vei":3,"damageAmountOrder":1,"damageAmountOrderTotal":1,"significant":true,"publish":false,"eruption":true,"status":"Historical","timeErupt":"D1","date":"1980-08-17","group":"VEI 3"}},{"type":"Feature","geometry":{"type":"Point","coordinates":[-17.316,64.416]},"properties":{"id":4275,"year":1684,"month":12,"volcanoLocationId":170301,"volcanoLocationNewNum":373010,"volcanoLocationNum":"1703-01=","name":"Grimsvotn","location":"Iceland-NE","country":"Iceland","latitude":64.416,"longitude":-17.316,"elevation":1719,"morphology":"Caldera","vei":2,"agent":"F","deaths":1,"deathsAmountOrder":1,"deathsTotal":1,"deathsAmountOrderTotal":1,"significant":true,"publish":false,"eruption":true,"status":"Historical","timeErupt":"D1","date":"1684-12","group":"VEI 2"}},{"type":"Feature","geometry":{"type":"Point","coordinates":[-17.316,64.416]},"properties":{"id":4280,"year":1784,"month":4,"volcanoLocationId":170301,"volcanoLocationNewNum":373010,"volcanoLocationNum":"1703-01=","name":"Grimsvotn","location":"Iceland-NE","country":"Iceland","latitude":64.416,"longitude":-17.316,"elevation":1719,"morphology":"Caldera","vei":4,"agent":"I","deathsTotal":9350,"deathsAmountOrderTotal":4,"significant":true,"publish":false,"eruption":true,"status":"Historical","timeErupt":"D1","date":"1784-04","group":"VEI 4"}},{"type":"Feature","geometry":{"type":"Point","coordinates":[-17.316,64.416]},"properties":{"id":4283,"year":1861,"month":5,"volcanoLocationId":170301,"volcanoLocationNewNum":373010,"volcanoLocationNum":"1703-01=","name":"Grimsvotn","location":"Iceland-NE","country":"Iceland","latitude":64.416,"longitude":-17.316,"elevation":1719,"morphology":"Caldera","vei":2,"damageAmountOrder":1,"damageAmountOrderTotal":1,"significant":true,"publish":false,"eruption":true,"status":"Historical","timeErupt":"D1","date":"1861-05","group":"VEI 2"}},{"type":"Feature","geometry":{"type":"Point","coordinates":[-17.316,64.416]},"properties":{"id":4291,"year":1996,"month":9,"day":30,"volcanoLocationId":170301,"volcanoLocationNewNum":373010,"volcanoLocationNum":"1703-01=","name":"Grimsvotn","location":"Iceland-NE","country":"Iceland","latitude":64.416,"longitude":-17.316,"elevation":1719,"morphology":"Caldera","vei":3,"damageAmountOrder":1,"damageAmountOrderTotal":1,"significant":true,"publish":false,"eruption":true,"status":"Historical","timeErupt":"D1","date":"1996-09-30","group":"VEI 3"}},{"type":"Feature","geometry":{"type":"Point","coordinates":[-16.783,65.033]},"properties":{"id":4305,"year":1875,"month":3,"day":29,"volcanoLocationId":170306,"volcanoLocationNewNum":373060,"volcanoLocationNum":"1703-06=","name":"Askja","location":"Iceland-NE","country":"Iceland","latitude":65.033,"longitude":-16.783,"elevation":1080,"morphology":"Stratovolcano","vei":5,"damageAmountOrder":1,"damageAmountOrderTotal":1,"significant":true,"publish":false,"eruption":true,"status":"Historical","timeErupt":"D2","date":"1875-03-29","group":"VEI 5"}},{"type":"Feature","geometry":{"type":"Point","coordinates":[-16.728,65.715]},"properties":{"id":4316,"year":1729,"month":6,"day":30,"volcanoLocationId":170308,"volcanoLocationNewNum":373080,"volcanoLocationNum":"1703-08=","name":"Krafla","location":"Iceland-NE","country":"Iceland","latitude":65.715,"longitude":-16.728,"elevation":800,"morphology":"Caldera","vei":2,"damageAmountOrder":1,"damageAmountOrderTotal":1,"significant":true,"publish":false,"eruption":true,"status":"Historical","timeErupt":"D1","date":"1729-06-30","group":"VEI 2"}},{"type":"Feature","geometry":{"type":"Point","coordinates":[-16.728,65.715]},"properties":{"id":4319,"year":1977,"month":4,"day":27,"volcanoLocationId":170308,"volcanoLocationNewNum":373080,"volcanoLocationNum":"1703-08=","name":"Krafla","location":"Iceland-NE","country":"Iceland","latitude":65.715,"longitude":-16.728,"elevation":800,"morphology":"Caldera","vei":1,"damageAmountOrder":1,"damageAmountOrderTotal":1,"significant":true,"publish":false,"eruption":true,"status":"Historical","timeErupt":"D1","date":"1977-04-27","group":"VEI 1"}},{"type":"Feature","geometry":{"type":"Point","coordinates":[-16.65,64.0]},"properties":{"id":4326,"year":1362,"month":6,"day":5,"volcanoLocationId":170401,"volcanoLocationNewNum":374010,"volcanoLocationNum":"1704-01=","name":"Oraefajokull","location":"Iceland-SE","country":"Iceland","latitude":64,"longitude":-16.65,"elevation":2010,"morphology":"Stratovolcano","vei":5,"agent":"T,F","deaths":220,"deathsAmountOrder":3,"deathsTotal":220,"deathsAmountOrderTotal":3,"significant":true,"publish":false,"eruption":true,"status":"Historical","timeErupt":"D4","date":"1362-06-05","group":"VEI 5"}},{"type":"Feature","geometry":{"type":"Point","coordinates":[-16.65,64.0]},"properties":{"id":4327,"year":1727,"month":8,"day":3,"volcanoLocationId":170401,"volcanoLocationNewNum":374010,"volcanoLocationNum":"1704-01=","name":"Oraefajokull","location":"Iceland-SE","country":"Iceland","latitude":64,"longitude":-16.65,"elevation":2010,"morphology":"Stratovolcano","vei":4,"agent":"F","deaths":3,"deathsAmountOrder":1,"deathsTotal":3,"deathsAmountOrderTotal":1,"significant":true,"publish":false,"eruption":true,"status":"Historical","timeErupt":"D4","date":"1727-08-03","group":"VEI 4"}},{"type":"Feature","geometry":{"type":"Point","coordinates":[-28.713,38.576]},"properties":{"id":4339,"year":1672,"month":4,"day":24,"volcanoLocationId":180201,"volcanoLocationNewNum":382010,"volcanoLocationNum":"1802-01=","name":"Fayal","location":"Azores","country":"Portugal","latitude":38.576,"longitude":-28.713,"elevation":1041,"morphology":"Stratovolcano","vei":2,"deaths":3,"deathsAmountOrder":1,"deathsTotal":3,"deathsAmountOrderTotal":1,"significant":true,"publish":false,"eruption":true,"status":"Historical","timeErupt":"D2","date":"1672-04-24","group":"VEI 2"}},{"type":"Feature","geometry":{"type":"Point","coordinates":[-28.4,38.47]},"properties":{"id":4342,"year":1718,"month":2,"day":1,"volcanoLocationId":180202,"volcanoLocationNewNum":382020,"volcanoLocationNum":"1802-02=","name":"Pico","location":"Azores","country":"Portugal","latitude":38.47,"longitude":-28.4,"elevation":2351,"morphology":"Stratovolcano","vei":2,"deaths":2,"deathsAmountOrder":1,"deathsTotal":2,"deathsAmountOrderTotal":1,"significant":true,"publish":false,"eruption":true,"status":"Historical","timeErupt":"D4","date":"1718-02-01","group":"VEI 2"}},{"type":"Feature","geometry":{"type":"Point","coordinates":[-28.08,38.65]},"properties":{"id":4345,"year":1580,"month":5,"day":1,"volcanoLocationId":180203,"volcanoLocationNewNum":382030,"volcanoLocationNum":"1802-03=","name":"Sao Jorge","location":"Azores","country":"Portugal","latitude":38.65,"longitude":-28.08,"elevation":1053,"morphology":"Fissure vent","vei":3,"agent":"P","deaths":10,"deathsAmountOrder":1,"deathsTotal":10,"deathsAmountOrderTotal":1,"significant":true,"publish":false,"eruption":true,"status":"Historical","timeErupt":"D2","date":"1580-05-01","group":"VEI 3"}},{"type":"Feature","geometry":{"type":"Point","coordinates":[-28.08,38.65]},"properties":{"id":4346,"year":1808,"month":5,"day":1,"volcanoLocationId":180203,"volcanoLocationNewNum":382030,"volcanoLocationNum":"1802-03=","name":"Sao Jorge","location":"Azores","country":"Portugal","latitude":38.65,"longitude":-28.08,"elevation":1053,"morphology":"Fissure vent","vei":1,"agent":"L","deaths":9,"deathsAmountOrder":1,"deathsTotal":9,"deathsAmountOrderTotal":1,"significant":true,"publish":false,"eruption":true,"status":"Historical","timeErupt":"D2","date":"1808-05-01","group":"VEI 1"}},{"type":"Feature","geometry":{"type":"Point","coordinates":[-25.32,37.77]},"properties":{"id":4362,"year":1630,"month":9,"day":3,"volcanoLocationId":180210,"volcanoLocationNewNum":382100,"volcanoLocationNum":"1802-10=","name":"Furnas","location":"Azores","country":"Portugal","latitude":37.77,"longitude":-25.32,"elevation":805,"morphology":"Stratovolcano","vei":4,"agent":"M,T","deaths":200,"deathsAmountOrder":3,"deathsTotal":200,"deathsAmountOrderTotal":3,"significant":true,"publish":false,"eruption":true,"status":"Historical","timeErupt":"D5","date":"1630-09-03","group":"VEI 4"}},{"type":"Feature","geometry":{"type":"Point","coordinates":[-17.83,28.57]},"properties":{"id":4367,"year":1677,"month":11,"day":22,"volcanoLocationId":180301,"volcanoLocationNewNum":383010,"volcanoLocationNum":"1803-01-","name":"La Palma","location":"Canary Is","country":"Spain","latitude":28.57,"longitude":-17.83,"elevation":2426,"morphology":"Stratovolcano","vei":2,"agent":"G","deaths":1,"deathsAmountOrder":1,"deathsTotal":1,"deathsAmountOrderTotal":1,"significant":true,"publish":false,"eruption":true,"status":"Historical","timeErupt":"D1","date":"1677-11-22","group":"VEI 2"}},{"type":"Feature","geometry":{"type":"Point","coordinates":[-17.83,28.57]},"properties":{"id":4371,"year":1971,"month":10,"day":28,"volcanoLocationId":180301,"volcanoLocationNewNum":383010,"volcanoLocationNum":"1803-01-","name":"La Palma","location":"Canary Is","country":"Spain","latitude":28.57,"longitude":-17.83,"elevation":2426,"morphology":"Stratovolcano","vei":2,"deathsAmountOrder":1,"damageAmountOrder":1,"deathsAmountOrderTotal":1,"damageAmountOrderTotal":1,"significant":true,"publish":false,"eruption":true,"status":"Historical","timeErupt":"D1","date":"1971-10-28","group":"VEI 2"}},{"type":"Feature","geometry":{"type":"Point","coordinates":[-16.641,28.271]},"properties":{"id":4374,"year":1706,"month":5,"day":5,"tsunamiEventId":375,"volcanoLocationId":180303,"volcanoLocationNewNum":383030,"volcanoLocationNum":"1803-03-","name":"Tenerife","location":"Canary Is","country":"Spain","latitude":28.271,"longitude":-16.641,"elevation":3715,"morphology":"Stratovolcano","vei":2,"damageAmountOrder":3,"damageAmountOrderTotal":3,"significant":true,"publish":false,"eruption":true,"status":"Historical","timeErupt":"D2","date":"1706-05-05","group":"VEI 2"}},{"type":"Feature","geometry":{"type":"Point","coordinates":[-13.63,29.03]},"properties":{"id":4377,"year":1730,"month":9,"day":1,"volcanoLocationId":180306,"volcanoLocationNewNum":383060,"volcanoLocationNum":"1803-06-","name":"Lanzarote","location":"Canary Is","country":"Spain","latitude":29.03,"longitude":-13.63,"elevation":670,"morphology":"Fissure vent","vei":2,"deathsAmountOrder":1,"deathsAmountOrderTotal":1,"significant":true,"publish":false,"eruption":true,"status":"Historical","timeErupt":"D3","date":"1730-09-01","group":"VEI 2"}},{"type":"Feature","geometry":{"type":"Point","coordinates":[-24.35,14.95]},"properties":{"id":4383,"year":1847,"month":4,"day":9,"volcanoLocationId":180401,"volcanoLocationNewNum":384010,"volcanoLocationNum":"1804-01=","name":"Fogo","location":"Cape Verde Is","country":"Cape Verde","latitude":14.95,"longitude":-24.35,"elevation":2829,"morphology":"Stratovolcano","vei":2,"agent":"S","deathsAmountOrder":1,"deathsAmountOrderTotal":1,"significant":true,"publish":false,"eruption":true,"status":"Historical","timeErupt":"D1","date":"1847-04-09","group":"VEI 2"}},{"type":"Feature","geometry":{"type":"Point","coordinates":[-24.35,14.95]},"properties":{"id":4388,"year":1995,"month":4,"day":2,"volcanoLocationId":180401,"volcanoLocationNewNum":384010,"volcanoLocationNum":"1804-01=","name":"Fogo","location":"Cape Verde Is","country":"Cape Verde","latitude":14.95,"longitude":-24.35,"elevation":2829,"morphology":"Stratovolcano","vei":2,"injuries":20,"injuriesAmountOrder":1,"damageAmountOrder":1,"housesDestroyed":10,"housesDestroyedAmountOrder":1,"injuriesTotal":20,"injuriesAmountOrderTotal":1,"damageAmountOrderTotal":1,"housesDestroyedTotal":10,"housesDestroyedAmountOrderTotal":1,"significant":true,"publish":false,"eruption":true,"status":"Historical","timeErupt":"D1","date":"1995-04-02","group":"VEI 2"}},{"type":"Feature","geometry":{"type":"Point","coordinates":[-60.637,-62.957]},"properties":{"id":4412,"year":1967,"month":12,"day":4,"tsunamiEventId":1992,"volcanoLocationId":190003,"volcanoLocationNewNum":390030,"volcanoLocationNum":"1900-03=","name":"Deception Island","location":"Antarctica","country":"Antarctica","latitude":-62.957,"longitude":-60.637,"elevation":602,"morphology":"Caldera","vei":3,"significant":true,"publish":false,"eruption":true,"status":"Historical","timeErupt":"D1","date":"1967-12-04","group":"VEI 3"}},{"type":"Feature","geometry":{"type":"Point","coordinates":[120.35,15.13]},"properties":{"id":4428,"year":1991,"month":6,"day":15,"earthquakeEventId":5292,"volcanoLocationId":703083,"volcanoLocationNewNum":273083,"volcanoLocationNum":"0703-083","name":"Pinatubo","location":"Luzon-Philippines","country":"Philippines","latitude":15.13,"longitude":120.35,"elevation":1486,"morphology":"Stratovolcano","vei":6,"agent":"P,m,I","deaths":350,"deathsAmountOrder":3,"injuries":4,"injuriesAmountOrder":1,"damageAmountOrder":3,"deathsTotal":800,"deathsAmountOrderTotal":3,"injuriesTotal":4,"injuriesAmountOrderTotal":1,"damageAmountOrderTotal":3,"significant":true,"publish":false,"eruption":true,"status":"Historical","timeErupt":"D1","date":"1991-06-15","group":"VEI 6"}},{"type":"Feature","geometry":{"type":"Point","coordinates":[-72.65,-15.52]},"properties":{"id":4439,"year":1990,"month":5,"day":29,"volcanoLocationId":1504003,"volcanoLocationNewNum":354003,"volcanoLocationNum":"1504-003","name":"Coropuna","location":"Peru","country":"Peru","latitude":-15.52,"longitude":-72.65,"elevation":6377,"morphology":"Stratovolcano","vei":3,"damageAmountOrder":1,"damageAmountOrderTotal":1,"significant":true,"publish":false,"eruption":true,"status":"Historical","timeErupt":"D1","date":"1990-05-29","group":"VEI 3"}},{"type":"Feature","geometry":{"type":"Point","coordinates":[-72.97,-45.9]},"properties":{"id":4442,"year":1991,"month":8,"day":8,"volcanoLocationId":1508057,"volcanoLocationNewNum":358057,"volcanoLocationNum":"1508-057","name":"Hudson, Cerro","location":"Chile-S","country":"Chile","latitude":-45.9,"longitude":-72.97,"elevation":1905,"morphology":"Stratovolcano","vei":5,"damageAmountOrder":1,"damageAmountOrderTotal":1,"significant":true,"publish":false,"eruption":true,"status":"Historical","timeErupt":"D1","date":"1991-08-08","group":"VEI 5"}},{"type":"Feature","geometry":{"type":"Point","coordinates":[149.072,-9.2]},"properties":{"id":4443,"year":1890,"volcanoLocationId":50303,"volcanoLocationNewNum":253030,"volcanoLocationNum":"0503-03=","name":"Victory","location":"New Guinea","country":"Papua New Guinea","latitude":-9.2,"longitude":149.072,"elevation":1832,"morphology":"Stratovolcano","vei":2,"agent":"P","deathsAmountOrder":3,"deathsAmountOrderTotal":3,"significant":true,"publish":false,"eruption":true,"status":"Historical","timeErupt":"D2","date":"1890","group":"VEI 2"}},{"type":"Feature","geometry":{"type":"Point","coordinates":[155.001,-5.916]},"properties":{"id":4444,"year":1825,"volcanoLocationId":50501,"volcanoLocationNewNum":255010,"volcanoLocationNum":"0505-01=","name":"Balbi","location":"Bougainville-SW Paci","country":"Papua New Guinea","latitude":-5.916,"longitude":155.001,"elevation":2715,"morphology":"Stratovolcano","agent":"P","deathsAmountOrder":3,"deathsAmountOrderTotal":3,"significant":true,"publish":false,"eruption":true,"status":"Holocene","timeErupt":"U","date":"1825","group":"VEI not recorded"}},{"type":"Feature","geometry":{"type":"Point","coordinates":[159.82,-9.13]},"properties":{"id":4445,"year":1840,"volcanoLocationId":50507,"volcanoLocationNewNum":255070,"volcanoLocationNum":"0505-07=","name":"Savo","location":"Solomon Is-SW Pacifi","country":"Solomon Is.","latitude":-9.13,"longitude":159.82,"elevation":485,"morphology":"Stratovolcano","vei":3,"agent":"P","deaths":100,"deathsAmountOrder":3,"deathsTotal":100,"deathsAmountOrderTotal":3,"significant":true,"publish":false,"eruption":true,"status":"Historical","timeErupt":"D3","date":"1840","group":"VEI 3"}},{"type":"Feature","geometry":{"type":"Point","coordinates":[165.804,-10.386]},"properties":{"id":4446,"year":1840,"volcanoLocationId":50601,"volcanoLocationNewNum":256010,"volcanoLocationNum":"0506-01=","name":"Tinakula","location":"Santa Cruz Is-SW Pac","country":"Solomon Is.","latitude":-10.386,"longitude":165.804,"elevation":796,"morphology":"Stratovolcano","vei":3,"agent":"P","deathsAmountOrder":3,"deathsAmountOrderTotal":3,"significant":true,"publish":false,"eruption":true,"status":"Historical","timeErupt":"D1","date":"1840","group":"VEI 3"}},{"type":"Feature","geometry":{"type":"Point","coordinates":[167.835,-15.389]},"properties":{"id":4447,"year":1670,"volcanoLocationId":50703,"volcanoLocationNewNum":257030,"volcanoLocationNum":"0507-03=","name":"Ambae","location":"Vanuatu-SW Pacific","country":"Vanuatu","latitude":-15.389,"longitude":167.835,"elevation":1496,"morphology":"Shield volcano","vei":2,"agent":"L","deathsAmountOrder":3,"deathsAmountOrderTotal":3,"significant":true,"publish":false,"eruption":true,"status":"Historical","timeErupt":"D1","date":"1670","group":"VEI 2"}},{"type":"Feature","geometry":{"type":"Point","coordinates":[167.835,-15.389]},"properties":{"id":4448,"year":1870,"volcanoLocationId":50703,"volcanoLocationNewNum":257030,"volcanoLocationNum":"0507-03=","name":"Ambae","location":"Vanuatu-SW Pacific","country":"Vanuatu","latitude":-15.389,"longitude":167.835,"elevation":1496,"morphology":"Shield volcano","vei":2,"agent":"M","deaths":100,"deathsAmountOrder":3,"damageAmountOrder":3,"housesDestroyedAmountOrder":3,"deathsTotal":100,"deathsAmountOrderTotal":3,"damageAmountOrderTotal":3,"housesDestroyedAmountOrderTotal":3,"significant":true,"publish":false,"eruption":true,"status":"Historical","timeErupt":"D1","date":"1870","group":"VEI 2"}},{"type":"Feature","geometry":{"type":"Point","coordinates":[168.523,-16.83]},"properties":{"id":4449,"year":1430,"volcanoLocationId":50707,"volcanoLocationNewNum":257070,"volcanoLocationNum":"0507-07=","name":"Kuwae","location":"Vanuatu-SW Pacific","country":"Vanuatu","latitude":-16.83,"longitude":168.523,"elevation":-2,"morphology":"Caldera","agent":"P","deathsAmountOrder":3,"deathsAmountOrderTotal":3,"significant":true,"publish":false,"eruption":true,"status":"Historical","timeErupt":"D1","date":"1430","group":"VEI not recorded"}},{"type":"Feature","geometry":{"type":"Point","coordinates":[99.539,0.686]},"properties":{"id":4450,"year":1892,"month":5,"day":21,"volcanoLocationId":60112,"volcanoLocationNewNum":261120,"volcanoLocationNum":"0601-12=","name":"Sorikmarapi","location":"Sumatra","country":"Indonesia","latitude":0.686,"longitude":99.539,"elevation":2145,"morphology":"Stratovolcano","vei":2,"agent":"M","deaths":180,"deathsAmountOrder":3,"deathsTotal":180,"deathsAmountOrderTotal":3,"significant":true,"publish":false,"eruption":true,"status":"Historical","timeErupt":"D1","date":"1892-05-21","group":"VEI 2"}},{"type":"Feature","geometry":{"type":"Point","coordinates":[102.615,-3.522]},"properties":{"id":4451,"year":1833,"month":11,"day":24,"volcanoLocationId":60122,"volcanoLocationNewNum":261220,"volcanoLocationNum":"0601-22=","name":"Kaba","location":"Sumatra","country":"Indonesia","latitude":-3.522,"longitude":102.615,"elevation":1940,"morphology":"Stratovolcano","vei":2,"agent":"M","deaths":126,"deathsAmountOrder":3,"deathsTotal":126,"deathsAmountOrderTotal":3,"significant":true,"publish":false,"eruption":true,"status":"Historical","timeErupt":"D2","date":"1833-11-24","group":"VEI 2"}},{"type":"Feature","geometry":{"type":"Point","coordinates":[105.423,-6.101]},"properties":{"id":4452,"year":1993,"month":6,"day":13,"volcanoLocationId":60200,"volcanoLocationNewNum":262000,"volcanoLocationNum":"0602-00=","name":"Krakatau","location":"Indonesia","country":"Indonesia","latitude":-6.101,"longitude":105.423,"elevation":285,"morphology":"Caldera","vei":1,"agent":"T","deaths":1,"deathsAmountOrder":1,"injuries":5,"injuriesAmountOrder":1,"deathsTotal":1,"deathsAmountOrderTotal":1,"injuriesTotal":5,"injuriesAmountOrderTotal":1,"significant":true,"publish":false,"eruption":true,"status":"Historical","timeErupt":"D1","date":"1993-06-13","group":"VEI 1"}},{"type":"Feature","geometry":{"type":"Point","coordinates":[107.73,-7.32]},"properties":{"id":4453,"year":1772,"month":8,"day":12,"volcanoLocationId":60310,"volcanoLocationNewNum":263100,"volcanoLocationNum":"0603-10=","name":"Papandayan","location":"Java","country":"Indonesia","latitude":-7.32,"longitude":107.73,"elevation":2665,"morphology":"Stratovolcano","vei":3,"agent":"A","deaths":2957,"deathsAmountOrder":4,"housesDestroyedAmountOrder":3,"deathsTotal":2957,"deathsAmountOrderTotal":4,"housesDestroyedAmountOrderTotal":3,"significant":true,"publish":false,"eruption":true,"status":"Historical","timeErupt":"D2","date":"1772-08-12","group":"VEI 3"}},{"type":"Feature","geometry":{"type":"Point","coordinates":[107.841,-7.143]},"properties":{"id":4454,"year":1800,"month":10,"day":8,"volcanoLocationId":60313,"volcanoLocationNewNum":263130,"volcanoLocationNum":"0603-13=","name":"Guntur","location":"Java","country":"Indonesia","latitude":-7.143,"longitude":107.841,"elevation":2251,"morphology":"Complex volcano","agent":"M","deathsAmountOrder":3,"deathsAmountOrderTotal":3,"significant":true,"publish":false,"eruption":true,"status":"Historical","timeErupt":"D3","date":"1800-10-08","group":"VEI not recorded"}},{"type":"Feature","geometry":{"type":"Point","coordinates":[107.841,-7.143]},"properties":{"id":4455,"year":1829,"volcanoLocationId":60313,"volcanoLocationNewNum":263130,"volcanoLocationNum":"0603-13=","name":"Guntur","location":"Java","country":"Indonesia","latitude":-7.143,"longitude":107.841,"elevation":2251,"morphology":"Complex volcano","vei":2,"deathsAmountOrder":3,"deathsAmountOrderTotal":3,"significant":true,"publish":false,"eruption":true,"status":"Historical","timeErupt":"D3","date":"1829","group":"VEI 2"}},{"type":"Feature","geometry":{"type":"Point","coordinates":[109.879,-7.2]},"properties":{"id":4456,"year":1786,"volcanoLocationId":60320,"volcanoLocationNewNum":263200,"volcanoLocationNum":"0603-20=","name":"Dieng Volcanic Complex","location":"Java","country":"Indonesia","latitude":-7.2,"longitude":109.879,"elevation":2565,"morphology":"Complex volcano","vei":2,"agent":"A","deaths":38,"deathsAmountOrder":1,"housesDestroyedAmountOrder":2,"deathsTotal":38,"deathsAmountOrderTotal":1,"housesDestroyedAmountOrderTotal":2,"significant":true,"publish":false,"eruption":true,"status":"Historical","timeErupt":"D1","date":"1786","group":"VEI 2"}},{"type":"Feature","geometry":{"type":"Point","coordinates":[109.879,-7.2]},"properties":{"id":4457,"year":1964,"month":12,"day":13,"volcanoLocationId":60320,"volcanoLocationNewNum":263200,"volcanoLocationNum":"0603-20=","name":"Dieng Volcanic Complex","location":"Java","country":"Indonesia","latitude":-7.2,"longitude":109.879,"elevation":2565,"morphology":"Complex volcano","vei":1,"deaths":114,"deathsAmountOrder":3,"deathsTotal":114,"deathsAmountOrderTotal":3,"significant":true,"publish":false,"eruption":true,"status":"Historical","timeErupt":"D1","date":"1964-12-13","group":"VEI 1"}},{"type":"Feature","geometry":{"type":"Point","coordinates":[124.792,1.358]},"properties":{"id":4458,"year":1991,"month":10,"day":24,"volcanoLocationId":60610,"volcanoLocationNewNum":266100,"volcanoLocationNum":"0606-10=","name":"Lokon-Empung","location":"Sulawesi-Indonesia","country":"Indonesia","latitude":1.358,"longitude":124.792,"elevation":1580,"morphology":"Stratovolcano","vei":1,"agent":"T,P","deaths":1,"deathsAmountOrder":1,"deathsTotal":1,"deathsAmountOrderTotal":1,"significant":true,"publish":false,"eruption":true,"status":"Historical","timeErupt":"D1","date":"1991-10-24","group":"VEI 1"}},{"type":"Feature","geometry":{"type":"Point","coordinates":[125.407,2.781]},"properties":{"id":4459,"year":1992,"month":5,"day":11,"volcanoLocationId":60702,"volcanoLocationNewNum":267020,"volcanoLocationNum":"0607-02=","name":"Karangetang","location":"Sangihe Is-Indonesia","country":"Indonesia","latitude":2.781,"longitude":125.407,"elevation":1797,"morphology":"Stratovolcano","vei":1,"agent":"P","deaths":6,"deathsAmountOrder":1,"injuries":1,"injuriesAmountOrder":1,"deathsTotal":6,"deathsAmountOrderTotal":1,"injuriesTotal":1,"injuriesAmountOrderTotal":1,"significant":true,"publish":false,"eruption":true,"status":"Historical","timeErupt":"D1","date":"1992-05-11","group":"VEI 1"}},{"type":"Feature","geometry":{"type":"Point","coordinates":[127.53,1.38]},"properties":{"id":4460,"year":1564,"month":12,"day":31,"volcanoLocationId":60804,"volcanoLocationNewNum":268040,"volcanoLocationNum":"0608-04=","name":"Gamkonora","location":"Halmahera-Indonesia","country":"Indonesia","latitude":1.38,"longitude":127.53,"elevation":1635,"morphology":"Stratovolcano","vei":3,"deathsAmountOrder":1,"deathsAmountOrderTotal":1,"significant":true,"publish":false,"eruption":true,"status":"Historical","timeErupt":"D1","date":"1564-12-31","group":"VEI 3"}},{"type":"Feature","geometry":{"type":"Point","coordinates":[124.673,9.203]},"properties":{"id":4461,"year":1954,"volcanoLocationId":70108,"volcanoLocationNewNum":271080,"volcanoLocationNum":"0701-08=","name":"Camiguin","location":"Mindanao-Philippines","country":"Philippines","latitude":9.203,"longitude":124.673,"elevation":1552,"morphology":"Stratovolcano","agent":"m","deaths":2,"deathsAmountOrder":1,"deathsTotal":2,"deathsAmountOrderTotal":1,"significant":true,"publish":false,"eruption":true,"status":"Historical","timeErupt":"D2","date":"1954","group":"VEI not recorded"}},{"type":"Feature","geometry":{"type":"Point","coordinates":[123.685,13.257]},"properties":{"id":4462,"year":1993,"month":2,"day":2,"volcanoLocationId":70303,"volcanoLocationNewNum":273030,"volcanoLocationNum":"0703-03=","name":"Mayon","location":"Luzon-Philippines","country":"Philippines","latitude":13.257,"longitude":123.685,"elevation":2462,"morphology":"Stratovolcano","vei":2,"agent":"P","deaths":75,"deathsAmountOrder":2,"deathsTotal":75,"deathsAmountOrderTotal":2,"significant":true,"publish":false,"eruption":true,"status":"Historical","timeErupt":"D1","date":"1993-02-02","group":"VEI 2"}},{"type":"Feature","geometry":{"type":"Point","coordinates":[120.35,15.13]},"properties":{"id":4464,"year":1992,"month":7,"day":12,"volcanoLocationId":703083,"volcanoLocationNewNum":273083,"volcanoLocationNum":"0703-083","name":"Pinatubo","location":"Luzon-Philippines","country":"Philippines","latitude":15.13,"longitude":120.35,"elevation":1486,"morphology":"Stratovolcano","vei":1,"agent":"m","deaths":6,"deathsAmountOrder":1,"deathsTotal":6,"deathsAmountOrderTotal":1,"significant":true,"publish":false,"eruption":true,"status":"Historical","timeErupt":"D1","date":"1992-07-12","group":"VEI 1"}},{"type":"Feature","geometry":{"type":"Point","coordinates":[121.1,17.32]},"properties":{"id":4465,"year":1952,"volcanoLocationId":703088,"volcanoLocationNewNum":273088,"volcanoLocationNum":"0703-088","name":"Ambalatungan Group","location":"Luzon-Philippines","country":"Philippines","latitude":17.32,"longitude":121.1,"elevation":2329,"morphology":"Compound volcano","vei":1,"deaths":12,"deathsAmountOrder":1,"deathsTotal":12,"deathsAmountOrderTotal":1,"significant":true,"publish":false,"eruption":true,"status":"Fumarolic","timeErupt":"U","date":"1952","group":"VEI 1"}},{"type":"Feature","geometry":{"type":"Point","coordinates":[98.5,25.23]},"properties":{"id":4466,"year":1609,"volcanoLocationId":70511,"volcanoLocationNewNum":275110,"volcanoLocationNum":"0705-11-","name":"Tengchong","location":"China-S","country":"China","latitude":25.23,"longitude":98.5,"elevation":2865,"morphology":"Pyroclastic cone","agent":"E","deathsAmountOrder":1,"deathsAmountOrderTotal":1,"significant":true,"publish":false,"eruption":true,"status":"Historical","timeErupt":"D5","date":"1609","group":"VEI not recorded"}},{"type":"Feature","geometry":{"type":"Point","coordinates":[128.223,27.881]},"properties":{"id":4467,"year":1664,"tsunamiEventId":293,"volcanoLocationId":80202,"volcanoLocationNewNum":282020,"volcanoLocationNum":"0802-02=","name":"Io-Torishima","location":"Ryukyu Is","country":"Japan","latitude":27.881,"longitude":128.223,"elevation":212,"morphology":"Complex volcano","agent":"A","deathsAmountOrder":1,"deathsAmountOrderTotal":1,"damageAmountOrderTotal":1,"housesDestroyedAmountOrderTotal":1,"significant":true,"publish":false,"eruption":true,"status":"Historical","timeErupt":"D1","date":"1664","group":"VEI not recorded"}},{"type":"Feature","geometry":{"type":"Point","coordinates":[130.305,30.793]},"properties":{"id":4468,"year":-4350,"volcanoLocationId":80206,"volcanoLocationNewNum":282060,"volcanoLocationNum":"0802-06=","name":"Kikai","location":"Ryukyu Is","country":"Japan","latitude":30.793,"longitude":130.305,"elevation":704,"morphology":"Caldera","vei":7,"agent":"P","deathsAmountOrder":3,"damageAmountOrder":3,"housesDestroyedAmountOrder":3,"deathsAmountOrderTotal":3,"damageAmountOrderTotal":3,"housesDestroyedAmountOrderTotal":3,"significant":true,"publish":false,"eruption":true,"status":"Historical","timeErupt":"D1","date":"-4350","group":"VEI 7"}},{"type":"Feature","geometry":{"type":"Point","coordinates":[130.659,31.577]},"properties":{"id":4469,"year":1780,"month":2,"day":9,"volcanoLocationId":80208,"volcanoLocationNewNum":282080,"volcanoLocationNum":"0802-08=","name":"Aira","location":"Kyushu-Japan","country":"Japan","latitude":31.577,"longitude":130.659,"elevation":1117,"morphology":"Stratovolcano","vei":4,"agent":"F","deathsAmountOrder":3,"deathsAmountOrderTotal":3,"significant":true,"publish":false,"eruption":true,"status":"Historical","timeErupt":"D1","date":"1780-02-09","group":"VEI 4"}},{"type":"Feature","geometry":{"type":"Point","coordinates":[130.659,31.577]},"properties":{"id":4470,"year":1974,"month":6,"day":17,"volcanoLocationId":80208,"volcanoLocationNewNum":282080,"volcanoLocationNum":"0802-08=","name":"Aira","location":"Kyushu-Japan","country":"Japan","latitude":31.577,"longitude":130.659,"elevation":1117,"morphology":"Stratovolcano","vei":3,"agent":"M","deaths":3,"deathsAmountOrder":1,"deathsTotal":3,"deathsAmountOrderTotal":1,"significant":true,"publish":false,"eruption":true,"status":"Historical","timeErupt":"D1","date":"1974-06-17","group":"VEI 3"}},{"type":"Feature","geometry":{"type":"Point","coordinates":[130.659,31.577]},"properties":{"id":4471,"year":1974,"month":8,"day":9,"volcanoLocationId":80208,"volcanoLocationNewNum":282080,"volcanoLocationNum":"0802-08=","name":"Aira","location":"Kyushu-Japan","country":"Japan","latitude":31.577,"longitude":130.659,"elevation":1117,"morphology":"Stratovolcano","vei":3,"agent":"M","deaths":5,"deathsAmountOrder":1,"deathsTotal":5,"deathsAmountOrderTotal":1,"significant":true,"publish":false,"eruption":true,"status":"Historical","timeErupt":"D1","date":"1974-08-09","group":"VEI 3"}},{"type":"Feature","geometry":{"type":"Point","coordinates":[130.862,31.934]},"properties":{"id":4472,"year":1895,"month":10,"day":16,"volcanoLocationId":80209,"volcanoLocationNewNum":282090,"volcanoLocationNum":"0802-09=","name":"Kirishimayama","location":"Kyushu-Japan","country":"Japan","latitude":31.934,"longitude":130.862,"elevation":1700,"morphology":"Shield volcano","vei":2,"agent":"T","deaths":4,"deathsAmountOrder":1,"deathsTotal":4,"deathsAmountOrderTotal":1,"significant":true,"publish":false,"eruption":true,"status":"Historical","timeErupt":"D1","date":"1895-10-16","group":"VEI 2"}},{"type":"Feature","geometry":{"type":"Point","coordinates":[130.862,31.934]},"properties":{"id":4473,"year":1896,"month":3,"day":15,"volcanoLocationId":80209,"volcanoLocationNewNum":282090,"volcanoLocationNum":"0802-09=","name":"Kirishimayama","location":"Kyushu-Japan","country":"Japan","latitude":31.934,"longitude":130.862,"elevation":1700,"morphology":"Shield volcano","vei":2,"agent":"T","deaths":1,"deathsAmountOrder":1,"injuries":1,"injuriesAmountOrder":1,"deathsTotal":1,"deathsAmountOrderTotal":1,"injuriesTotal":1,"injuriesAmountOrderTotal":1,"significant":true,"publish":false,"eruption":true,"status":"Historical","timeErupt":"D1","date":"1896-03-15","group":"VEI 2"}},{"type":"Feature","geometry":{"type":"Point","coordinates":[130.862,31.934]},"properties":{"id":4474,"year":1900,"month":2,"day":16,"volcanoLocationId":80209,"volcanoLocationNewNum":282090,"volcanoLocationNum":"0802-09=","name":"Kirishimayama","location":"Kyushu-Japan","country":"Japan","latitude":31.934,"longitude":130.862,"elevation":1700,"morphology":"Shield volcano","vei":2,"deaths":2,"deathsAmountOrder":1,"injuries":3,"injuriesAmountOrder":1,"deathsTotal":2,"deathsAmountOrderTotal":1,"injuriesTotal":3,"injuriesAmountOrderTotal":1,"significant":true,"publish":false,"eruption":true,"status":"Historical","timeErupt":"D1","date":"1900-02-16","group":"VEI 2"}},{"type":"Feature","geometry":{"type":"Point","coordinates":[130.862,31.934]},"properties":{"id":4475,"year":1923,"month":7,"day":1,"volcanoLocationId":80209,"volcanoLocationNewNum":282090,"volcanoLocationNum":"0802-09=","name":"Kirishimayama","location":"Kyushu-Japan","country":"Japan","latitude":31.934,"longitude":130.862,"elevation":1700,"morphology":"Shield volcano","vei":2,"deaths":1,"deathsAmountOrder":1,"deathsTotal":1,"deathsAmountOrderTotal":1,"significant":true,"publish":false,"eruption":true,"status":"Historical","timeErupt":"D1","date":"1923-07-01","group":"VEI 2"}},{"type":"Feature","geometry":{"type":"Point","coordinates":[130.299,32.761]},"properties":{"id":4476,"year":1664,"month":4,"day":15,"volcanoLocationId":80210,"volcanoLocationNewNum":282100,"volcanoLocationNum":"0802-10=","name":"Unzendake","location":"Kyushu-Japan","country":"Japan","latitude":32.761,"longitude":130.299,"elevation":1483,"morphology":"Complex volcano","vei":2,"agent":"m","deaths":30,"deathsAmountOrder":1,"deathsTotal":30,"deathsAmountOrderTotal":1,"significant":true,"publish":false,"eruption":true,"status":"Historical","timeErupt":"D1","date":"1664-04-15","group":"VEI 2"}},{"type":"Feature","geometry":{"type":"Point","coordinates":[130.299,32.761]},"properties":{"id":4477,"year":1993,"month":6,"day":23,"volcanoLocationId":80210,"volcanoLocationNewNum":282100,"volcanoLocationNum":"0802-10=","name":"Unzendake","location":"Kyushu-Japan","country":"Japan","latitude":32.761,"longitude":130.299,"elevation":1483,"morphology":"Complex volcano","vei":1,"agent":"P","deaths":1,"deathsAmountOrder":1,"housesDestroyedAmountOrder":1,"deathsTotal":1,"deathsAmountOrderTotal":1,"housesDestroyedAmountOrderTotal":1,"significant":true,"publish":false,"eruption":true,"status":"Historical","timeErupt":"D1","date":"1993-06-23","group":"VEI 1"}},{"type":"Feature","geometry":{"type":"Point","coordinates":[131.085,32.885]},"properties":{"id":4478,"year":1816,"month":7,"day":5,"volcanoLocationId":80211,"volcanoLocationNewNum":282110,"volcanoLocationNum":"0802-11=","name":"Asosan","location":"Kyushu-Japan","country":"Japan","latitude":32.885,"longitude":131.085,"elevation":1592,"morphology":"Caldera","vei":2,"agent":"T","deaths":1,"deathsAmountOrder":1,"deathsTotal":1,"deathsAmountOrderTotal":1,"significant":true,"publish":false,"eruption":true,"status":"Historical","timeErupt":"D1","date":"1816-07-05","group":"VEI 2"}},{"type":"Feature","geometry":{"type":"Point","coordinates":[131.085,32.885]},"properties":{"id":4479,"year":1979,"month":9,"day":6,"volcanoLocationId":80211,"volcanoLocationNewNum":282110,"volcanoLocationNum":"0802-11=","name":"Asosan","location":"Kyushu-Japan","country":"Japan","latitude":32.885,"longitude":131.085,"elevation":1592,"morphology":"Caldera","vei":2,"agent":"T","deaths":3,"deathsAmountOrder":1,"injuries":11,"injuriesAmountOrder":1,"deathsTotal":3,"deathsAmountOrderTotal":1,"injuriesTotal":11,"injuriesAmountOrderTotal":1,"significant":true,"publish":false,"eruption":true,"status":"Historical","timeErupt":"D1","date":"1979-09-06","group":"VEI 2"}},{"type":"Feature","geometry":{"type":"Point","coordinates":[138.523,36.406]},"properties":{"id":4480,"year":1598,"month":5,"day":13,"volcanoLocationId":80311,"volcanoLocationNewNum":283110,"volcanoLocationNum":"0803-11=","name":"Asamayama","location":"Honshu-Japan","country":"Japan","latitude":36.406,"longitude":138.523,"elevation":2568,"morphology":"Complex volcano","vei":2,"agent":"T","deaths":800,"deathsAmountOrder":3,"deathsTotal":800,"deathsAmountOrderTotal":3,"significant":true,"publish":false,"eruption":true,"status":"Historical","timeErupt":"D1","date":"1598-05-13","group":"VEI 2"}},{"type":"Feature","geometry":{"type":"Point","coordinates":[138.523,36.406]},"properties":{"id":4481,"year":1911,"month":5,"day":8,"volcanoLocationId":80311,"volcanoLocationNewNum":283110,"volcanoLocationNum":"0803-11=","name":"Asamayama","location":"Honshu-Japan","country":"Japan","latitude":36.406,"longitude":138.523,"elevation":2568,"morphology":"Complex volcano","vei":2,"agent":"T","deaths":1,"deathsAmountOrder":1,"injuries":2,"injuriesAmountOrder":1,"housesDestroyed":60,"housesDestroyedAmountOrder":2,"deathsTotal":1,"deathsAmountOrderTotal":1,"injuriesTotal":2,"injuriesAmountOrderTotal":1,"housesDestroyedTotal":60,"housesDestroyedAmountOrderTotal":2,"significant":true,"publish":false,"eruption":true,"status":"Historical","timeErupt":"D1","date":"1911-05-08","group":"VEI 2"}},{"type":"Feature","geometry":{"type":"Point","coordinates":[138.523,36.406]},"properties":{"id":4482,"year":1911,"month":8,"day":15,"volcanoLocationId":80311,"volcanoLocationNewNum":283110,"volcanoLocationNum":"0803-11=","name":"Asamayama","location":"Honshu-Japan","country":"Japan","latitude":36.406,"longitude":138.523,"elevation":2568,"morphology":"Complex volcano","vei":2,"agent":"T","deaths":2,"deathsAmountOrder":1,"injuries":36,"injuriesAmountOrder":1,"deathsTotal":2,"deathsAmountOrderTotal":1,"injuriesTotal":36,"injuriesAmountOrderTotal":1,"significant":true,"publish":false,"eruption":true,"status":"Historical","timeErupt":"D1","date":"1911-08-15","group":"VEI 2"}},{"type":"Feature","geometry":{"type":"Point","coordinates":[138.523,36.406]},"properties":{"id":4483,"year":1930,"month":8,"day":20,"volcanoLocationId":80311,"volcanoLocationNewNum":283110,"volcanoLocationNum":"0803-11=","name":"Asamayama","location":"Honshu-Japan","country":"Japan","latitude":36.406,"longitude":138.523,"elevation":2568,"morphology":"Complex volcano","vei":3,"agent":"T","deaths":6,"deathsAmountOrder":1,"deathsTotal":6,"deathsAmountOrderTotal":1,"significant":true,"publish":false,"eruption":true,"status":"Historical","timeErupt":"D1","date":"1930-08-20","group":"VEI 3"}},{"type":"Feature","geometry":{"type":"Point","coordinates":[138.523,36.406]},"properties":{"id":4484,"year":1931,"month":8,"day":20,"volcanoLocationId":80311,"volcanoLocationNewNum":283110,"volcanoLocationNum":"0803-11=","name":"Asamayama","location":"Honshu-Japan","country":"Japan","latitude":36.406,"longitude":138.523,"elevation":2568,"morphology":"Complex volcano","vei":3,"deaths":3,"deathsAmountOrder":1,"deathsTotal":3,"deathsAmountOrderTotal":1,"significant":true,"publish":false,"eruption":true,"status":"Historical","timeErupt":"D1","date":"1931-08-20","group":"VEI 3"}},{"type":"Feature","geometry":{"type":"Point","coordinates":[138.523,36.406]},"properties":{"id":4485,"year":1941,"month":7,"day":13,"volcanoLocationId":80311,"volcanoLocationNewNum":283110,"volcanoLocationNum":"0803-11=","name":"Asamayama","location":"Honshu-Japan","country":"Japan","latitude":36.406,"longitude":138.523,"elevation":2568,"morphology":"Complex volcano","vei":2,"agent":"T","deaths":1,"deathsAmountOrder":1,"injuries":1,"injuriesAmountOrder":1,"deathsTotal":1,"deathsAmountOrderTotal":1,"injuriesTotal":1,"injuriesAmountOrderTotal":1,"significant":true,"publish":false,"eruption":true,"status":"Historical","timeErupt":"D1","date":"1941-07-13","group":"VEI 2"}},{"type":"Feature","geometry":{"type":"Point","coordinates":[139.394,34.724]},"properties":{"id":4486,"year":1789,"volcanoLocationId":80401,"volcanoLocationNewNum":284010,"volcanoLocationNum":"0804-01=","name":"Izu-Oshima","location":"Izu Is-Japan","country":"Japan","latitude":34.724,"longitude":139.394,"elevation":746,"morphology":"Stratovolcano","vei":2,"agent":"T","deathsAmountOrder":1,"deathsAmountOrderTotal":1,"significant":true,"publish":false,"eruption":true,"status":"Historical","timeErupt":"D1","date":"1789","group":"VEI 2"}},{"type":"Feature","geometry":{"type":"Point","coordinates":[141.166,41.805]},"properties":{"id":4487,"year":1846,"month":11,"day":18,"volcanoLocationId":805011,"volcanoLocationNewNum":285011,"volcanoLocationNum":"0805-011","name":"Esan","location":"Hokkaido-Japan","country":"Japan","latitude":41.805,"longitude":141.166,"elevation":618,"morphology":"Stratovolcano","vei":1,"agent":"M","deathsAmountOrder":3,"deathsAmountOrderTotal":3,"significant":true,"publish":false,"eruption":true,"status":"Historical","timeErupt":"D3","date":"1846-11-18","group":"VEI 1"}},{"type":"Feature","geometry":{"type":"Point","coordinates":[141.38,42.688]},"properties":{"id":4488,"year":1804,"volcanoLocationId":80504,"volcanoLocationNewNum":285040,"volcanoLocationNum":"0805-04=","name":"Shikotsu","location":"Hokkaido-Japan","country":"Japan","latitude":42.688,"longitude":141.38,"elevation":1320,"morphology":"Caldera","vei":3,"deathsAmountOrder":3,"deathsAmountOrderTotal":3,"significant":true,"publish":false,"eruption":true,"status":"Historical","timeErupt":"D1","date":"1804","group":"VEI 3"}},{"type":"Feature","geometry":{"type":"Point","coordinates":[160.642,56.056]},"properties":{"id":4489,"year":1762,"volcanoLocationId":100026,"volcanoLocationNewNum":300260,"volcanoLocationNum":"1000-26=","name":"Klyuchevskoy","location":"Kamchatka","country":"Russia","latitude":56.056,"longitude":160.642,"elevation":4754,"morphology":"Stratovolcano","vei":2,"deathsAmountOrder":1,"deathsAmountOrderTotal":1,"significant":true,"publish":false,"eruption":true,"status":"Historical","timeErupt":"D1","date":"1762","group":"VEI 2"}},{"type":"Feature","geometry":{"type":"Point","coordinates":[-128.899,55.111]},"properties":{"id":4490,"year":1730,"volcanoLocationId":120010,"volcanoLocationNewNum":320100,"volcanoLocationNum":"1200-10-","name":"Tseax River Cone","location":"Canada","country":"Canada","latitude":55.111,"longitude":-128.899,"elevation":612,"morphology":"Pyroclastic cone","agent":"G","deathsAmountOrder":1,"deathsAmountOrderTotal":1,"significant":true,"publish":false,"eruption":true,"status":"Radiocarbon","timeErupt":"D4","date":"1730","group":"VEI not recorded"}},{"type":"Feature","geometry":{"type":"Point","coordinates":[-155.287,19.421]},"properties":{"id":4491,"year":1993,"month":4,"day":19,"volcanoLocationId":130201,"volcanoLocationNewNum":332010,"volcanoLocationNum":"1302-01-","name":"Kilauea","location":"Hawaiian Is","country":"United States","latitude":19.421,"longitude":-155.287,"elevation":1222,"morphology":"Shield volcano","agent":"A","deaths":1,"deathsAmountOrder":1,"injuries":22,"injuriesAmountOrder":1,"deathsTotal":1,"deathsAmountOrderTotal":1,"injuriesTotal":22,"injuriesAmountOrderTotal":1,"significant":true,"publish":false,"eruption":true,"status":"Historical","timeErupt":"D1","date":"1993-04-19","group":"VEI not recorded"}},{"type":"Feature","geometry":{"type":"Point","coordinates":[-155.87,19.692]},"properties":{"id":4492,"year":1800,"volcanoLocationId":130204,"volcanoLocationNewNum":332040,"volcanoLocationNum":"1302-04-","name":"Hualalai","location":"Hawaiian Is","country":"United States","latitude":19.692,"longitude":-155.87,"elevation":2523,"morphology":"Shield volcano","vei":0,"agent":"L","deaths":2,"deathsAmountOrder":1,"deathsTotal":2,"deathsAmountOrderTotal":1,"significant":true,"publish":false,"eruption":true,"status":"Historical","timeErupt":"D3","date":"1800","group":"VEI 0"}},{"type":"Feature","geometry":{"type":"Point","coordinates":[-101.75,19.85]},"properties":{"id":4493,"year":1943,"month":2,"day":20,"volcanoLocationId":140106,"volcanoLocationNewNum":341060,"volcanoLocationNum":"1401-06=","name":"Michoacan-Guanajuato","location":"Mexico","country":"Mexico","latitude":19.85,"longitude":-101.75,"elevation":3860,"morphology":"Cinder cone","vei":4,"agent":"E,I","deaths":3,"deathsAmountOrder":1,"deathsTotal":103,"deathsAmountOrderTotal":1,"significant":true,"publish":false,"eruption":true,"status":"Historical","timeErupt":"D2","date":"1943-02-20","group":"VEI 4"}},{"type":"Feature","geometry":{"type":"Point","coordinates":[-93.23,17.36]},"properties":{"id":4494,"year":1982,"month":5,"day":27,"volcanoLocationId":140112,"volcanoLocationNewNum":341120,"volcanoLocationNum":"1401-12=","name":"Chichon, El","location":"Mexico","country":"Mexico","latitude":17.36,"longitude":-93.23,"elevation":1150,"morphology":"Tuff cone","vei":5,"agent":"m","deaths":1,"deathsAmountOrder":1,"deathsTotal":1,"deathsAmountOrderTotal":1,"significant":true,"publish":false,"eruption":true,"status":"Historical","timeErupt":"D1","date":"1982-05-27","group":"VEI 5"}},{"type":"Feature","geometry":{"type":"Point","coordinates":[-91.552,14.757]},"properties":{"id":4495,"year":1978,"month":9,"day":2,"volcanoLocationId":140203,"volcanoLocationNewNum":342030,"volcanoLocationNum":"1402-03=","name":"Santa Maria","location":"Guatemala","country":"Guatemala","latitude":14.757,"longitude":-91.552,"elevation":3745,"morphology":"Stratovolcano","vei":3,"agent":"M","deaths":1,"deathsAmountOrder":1,"deathsTotal":1,"deathsAmountOrderTotal":1,"significant":true,"publish":false,"eruption":true,"status":"Historical","timeErupt":"D1","date":"1978-09-02","group":"VEI 3"}},{"type":"Feature","geometry":{"type":"Point","coordinates":[-91.552,14.757]},"properties":{"id":4496,"year":1990,"month":7,"day":19,"volcanoLocationId":140203,"volcanoLocationNewNum":342030,"volcanoLocationNum":"1402-03=","name":"Santa Maria","location":"Guatemala","country":"Guatemala","latitude":14.757,"longitude":-91.552,"elevation":3745,"morphology":"Stratovolcano","vei":3,"agent":"T","deaths":4,"deathsAmountOrder":1,"deathsTotal":4,"deathsAmountOrderTotal":1,"significant":true,"publish":false,"eruption":true,"status":"Historical","timeErupt":"D1","date":"1990-07-19","group":"VEI 3"}},{"type":"Feature","geometry":{"type":"Point","coordinates":[-89.294,13.734]},"properties":{"id":4497,"year":590,"volcanoLocationId":140305,"volcanoLocationNewNum":343050,"volcanoLocationNum":"1403-05=","name":"San Salvador","location":"El Salvador","country":"El Salvador","latitude":13.734,"longitude":-89.294,"elevation":1893,"morphology":"Stratovolcano","deathsAmountOrder":1,"deathsAmountOrderTotal":1,"significant":true,"publish":false,"eruption":true,"status":"Historical","timeErupt":"D2","date":"0590","group":"VEI not recorded"}},{"type":"Feature","geometry":{"type":"Point","coordinates":[-85.968,11.826]},"properties":{"id":4498,"year":1570,"volcanoLocationId":140411,"volcanoLocationNewNum":344110,"volcanoLocationNum":"1404-11=","name":"Mombacho","location":"Nicaragua","country":"Nicaragua","latitude":11.826,"longitude":-85.968,"elevation":1344,"morphology":"Stratovolcano","agent":"A","deaths":400,"deathsAmountOrder":3,"deathsTotal":400,"deathsAmountOrderTotal":3,"significant":true,"publish":false,"eruption":true,"status":"Holocene","timeErupt":"U","date":"1570","group":"VEI not recorded"}},{"type":"Feature","geometry":{"type":"Point","coordinates":[-84.703,10.463]},"properties":{"id":4499,"year":1968,"month":7,"day":29,"volcanoLocationId":1405033,"volcanoLocationNewNum":345033,"volcanoLocationNum":"1405-033","name":"Arenal","location":"Costa Rica","country":"Costa Rica","latitude":10.463,"longitude":-84.703,"elevation":1670,"morphology":"Stratovolcano","vei":3,"agent":"P,T","deaths":80,"deathsAmountOrder":2,"damageAmountOrder":1,"deathsTotal":80,"deathsAmountOrderTotal":2,"damageAmountOrderTotal":1,"significant":true,"publish":false,"eruption":true,"status":"Historical","timeErupt":"D1","date":"1968-07-29","group":"VEI 3"}},{"type":"Feature","geometry":{"type":"Point","coordinates":[-84.703,10.463]},"properties":{"id":4500,"year":1975,"month":6,"day":17,"volcanoLocationId":1405033,"volcanoLocationNewNum":345033,"volcanoLocationNum":"1405-033","name":"Arenal","location":"Costa Rica","country":"Costa Rica","latitude":10.463,"longitude":-84.703,"elevation":1670,"morphology":"Stratovolcano","vei":3,"deaths":2,"deathsAmountOrder":1,"injuriesAmountOrder":1,"deathsTotal":2,"deathsAmountOrderTotal":1,"injuriesAmountOrderTotal":1,"significant":true,"publish":false,"eruption":true,"status":"Historical","timeErupt":"D1","date":"1975-06-17","group":"VEI 3"}},{"type":"Feature","geometry":{"type":"Point","coordinates":[-84.703,10.463]},"properties":{"id":4501,"year":1988,"month":7,"day":6,"volcanoLocationId":1405033,"volcanoLocationNewNum":345033,"volcanoLocationNum":"1405-033","name":"Arenal","location":"Costa Rica","country":"Costa Rica","latitude":10.463,"longitude":-84.703,"elevation":1670,"morphology":"Stratovolcano","vei":3,"agent":"T","deaths":1,"deathsAmountOrder":1,"deathsTotal":1,"deathsAmountOrderTotal":1,"significant":true,"publish":false,"eruption":true,"status":"Historical","timeErupt":"D1","date":"1988-07-06","group":"VEI 3"}},{"type":"Feature","geometry":{"type":"Point","coordinates":[-77.37,1.22]},"properties":{"id":4502,"year":1993,"month":1,"day":14,"volcanoLocationId":150108,"volcanoLocationNewNum":351080,"volcanoLocationNum":"1501-08=","name":"Galeras","location":"Colombia","country":"Colombia","latitude":1.22,"longitude":-77.37,"elevation":4276,"morphology":"Complex volcano","vei":2,"agent":"T","deaths":9,"deathsAmountOrder":1,"deathsTotal":9,"deathsAmountOrderTotal":1,"significant":true,"publish":false,"eruption":true,"status":"Historical","timeErupt":"D1","date":"1993-01-14","group":"VEI 2"}},{"type":"Feature","geometry":{"type":"Point","coordinates":[-78.436,-0.677]},"properties":{"id":4503,"year":1698,"volcanoLocationId":150205,"volcanoLocationNewNum":352050,"volcanoLocationNum":"1502-05=","name":"Cotopaxi","location":"Ecuador","country":"Ecuador","latitude":-0.677,"longitude":-78.436,"elevation":5911,"morphology":"Stratovolcano","vei":3,"agent":"M","deathsAmountOrder":2,"deathsAmountOrderTotal":2,"significant":true,"publish":false,"eruption":true,"status":"Historical","timeErupt":"D2","date":"1698","group":"VEI 3"}},{"type":"Feature","geometry":{"type":"Point","coordinates":[-78.341,-2.005]},"properties":{"id":4504,"year":1976,"month":8,"day":12,"volcanoLocationId":150209,"volcanoLocationNewNum":352090,"volcanoLocationNum":"1502-09=","name":"Sangay","location":"Ecuador","country":"Ecuador","latitude":-2.005,"longitude":-78.341,"elevation":5286,"morphology":"Stratovolcano","vei":3,"agent":"T","deaths":2,"deathsAmountOrder":1,"injuries":4,"injuriesAmountOrder":1,"deathsTotal":2,"deathsAmountOrderTotal":1,"injuriesTotal":4,"injuriesAmountOrderTotal":1,"significant":true,"publish":false,"eruption":true,"status":"Historical","timeErupt":"D1","date":"1976-08-12","group":"VEI 3"}},{"type":"Feature","geometry":{"type":"Point","coordinates":[-71.729,-38.692]},"properties":{"id":4505,"year":1937,"month":2,"day":9,"volcanoLocationId":150711,"volcanoLocationNewNum":357110,"volcanoLocationNum":"1507-11=","name":"Llaima","location":"Chile-C","country":"Chile","latitude":-38.692,"longitude":-71.729,"elevation":3125,"morphology":"Stratovolcano","vei":2,"agent":"F","deaths":3,"deathsAmountOrder":1,"damageAmountOrder":1,"deathsTotal":3,"deathsAmountOrderTotal":1,"damageAmountOrderTotal":1,"significant":true,"publish":false,"eruption":true,"status":"Historical","timeErupt":"D1","date":"1937-02-09","group":"VEI 2"}},{"type":"Feature","geometry":{"type":"Point","coordinates":[-71.93,-39.42]},"properties":{"id":4506,"year":1963,"month":5,"day":21,"volcanoLocationId":150712,"volcanoLocationNewNum":357120,"volcanoLocationNum":"1507-12=","name":"Villarrica","location":"Chile-C","country":"Chile","latitude":-39.42,"longitude":-71.93,"elevation":2847,"morphology":"Stratovolcano","vei":2,"agent":"M","deathsAmountOrder":1,"deathsAmountOrderTotal":1,"significant":true,"publish":false,"eruption":true,"status":"Historical","timeErupt":"D1","date":"1963-05-21","group":"VEI 2"}},{"type":"Feature","geometry":{"type":"Point","coordinates":[-72.97,-45.9]},"properties":{"id":4507,"year":1971,"month":8,"day":12,"volcanoLocationId":1508057,"volcanoLocationNewNum":358057,"volcanoLocationNum":"1508-057","name":"Hudson, Cerro","location":"Chile-S","country":"Chile","latitude":-45.9,"longitude":-72.97,"elevation":1905,"morphology":"Stratovolcano","vei":3,"agent":"M","deaths":5,"deathsAmountOrder":1,"deathsTotal":3,"deathsAmountOrderTotal":1,"significant":true,"publish":false,"eruption":true,"status":"Historical","timeErupt":"D1","date":"1971-08-12","group":"VEI 3"}},{"type":"Feature","geometry":{"type":"Point","coordinates":[-61.166,14.809]},"properties":{"id":4508,"year":1902,"month":8,"day":30,"tsunamiEventId":1291,"volcanoLocationId":160012,"volcanoLocationNewNum":360120,"volcanoLocationNum":"1600-12=","name":"Pelee","location":"W Indies","country":"Martinique","latitude":14.809,"longitude":-61.166,"elevation":1372,"morphology":"Stratovolcano","vei":4,"agent":"P","deaths":1500,"deathsAmountOrder":4,"deathsTotal":1500,"deathsAmountOrderTotal":4,"significant":true,"publish":false,"eruption":true,"status":"Historical","timeErupt":"D2","date":"1902-08-30","group":"VEI 4"}},{"type":"Feature","geometry":{"type":"Point","coordinates":[-20.266,63.416]},"properties":{"id":4509,"year":1973,"month":1,"day":27,"volcanoLocationId":170201,"volcanoLocationNewNum":372010,"volcanoLocationNum":"1702-01=","name":"Vestmannaeyjar","location":"Iceland-S","country":"Iceland","latitude":63.416,"longitude":-20.266,"elevation":283,"morphology":"Submarine volcano","vei":3,"agent":"G","deaths":1,"deathsAmountOrder":1,"housesDestroyed":300,"housesDestroyedAmountOrder":3,"deathsTotal":1,"deathsAmountOrderTotal":1,"housesDestroyedTotal":300,"housesDestroyedAmountOrderTotal":3,"significant":true,"publish":false,"eruption":true,"status":"Historical","timeErupt":"D1","date":"1973-01-27","group":"VEI 3"}},{"type":"Feature","geometry":{"type":"Point","coordinates":[-19.666,63.983]},"properties":{"id":4510,"year":1947,"month":11,"day":2,"volcanoLocationId":170207,"volcanoLocationNewNum":372070,"volcanoLocationNum":"1702-07=","name":"Hekla","location":"Iceland-S","country":"Iceland","latitude":63.983,"longitude":-19.666,"elevation":1490,"morphology":"Stratovolcano","vei":4,"agent":"L","deaths":1,"deathsAmountOrder":1,"deathsTotal":1,"deathsAmountOrderTotal":1,"significant":true,"publish":false,"eruption":true,"status":"Historical","timeErupt":"D1","date":"1947-11-02","group":"VEI 4"}},{"type":"Feature","geometry":{"type":"Point","coordinates":[-17.316,64.416]},"properties":{"id":4511,"year":1629,"volcanoLocationId":170301,"volcanoLocationNewNum":373010,"volcanoLocationNum":"1703-01=","name":"Grimsvotn","location":"Iceland-NE","country":"Iceland","latitude":64.416,"longitude":-17.316,"elevation":1719,"morphology":"Caldera","vei":2,"agent":"F","deaths":4,"deathsAmountOrder":1,"deathsTotal":4,"deathsAmountOrderTotal":1,"significant":true,"publish":false,"eruption":true,"status":"Historical","timeErupt":"D1","date":"1629","group":"VEI 2"}},{"type":"Feature","geometry":{"type":"Point","coordinates":[-28.08,38.65]},"properties":{"id":4512,"year":1757,"month":7,"day":9,"earthquakeEventId":1348,"volcanoLocationId":180203,"volcanoLocationNewNum":382030,"volcanoLocationNum":"1802-03=","name":"Sao Jorge","location":"Azores","country":"Portugal","latitude":38.65,"longitude":-28.08,"elevation":1053,"morphology":"Fissure vent","vei":0,"agent":"S","deathsTotal":1053,"deathsAmountOrderTotal":4,"damageAmountOrderTotal":3,"housesDestroyedAmountOrderTotal":4,"significant":true,"publish":false,"eruption":true,"status":"Historical","timeErupt":"D2","date":"1757-07-09","group":"VEI 0"}},{"type":"Feature","geometry":{"type":"Point","coordinates":[169.447,-19.532]},"properties":{"id":4513,"year":1878,"month":1,"day":10,"tsunamiEventId":1086,"volcanoLocationId":50710,"volcanoLocationNewNum":257100,"volcanoLocationNum":"0507-10=","name":"Yasur","location":"Vanuatu-SW Pacific","country":"Vanuatu","latitude":-19.532,"longitude":169.447,"elevation":361,"morphology":"Stratovolcano","vei":3,"damageAmountOrderTotal":1,"significant":true,"publish":false,"eruption":true,"status":"Historical","timeErupt":"D1","date":"1878-01-10","group":"VEI 3"}},{"type":"Feature","geometry":{"type":"Point","coordinates":[158.836,53.256]},"properties":{"id":4515,"year":1827,"month":8,"day":9,"volcanoLocationId":100010,"volcanoLocationNewNum":300100,"volcanoLocationNum":"1000-10=","name":"Avachinsky","location":"Kamchatka","country":"Russia","latitude":53.256,"longitude":158.836,"elevation":2717,"morphology":"Stratovolcano","vei":2,"significant":true,"publish":false,"eruption":true,"status":"Historical","timeErupt":"D1","date":"1827-08-09","group":"VEI 2"}},{"type":"Feature","geometry":{"type":"Point","coordinates":[139.918,31.888]},"properties":{"id":4518,"year":1953,"month":3,"day":11,"tsunamiEventId":1833,"volcanoLocationId":80407,"volcanoLocationNewNum":284070,"volcanoLocationNum":"0804-07=","name":"Myojinsho","location":"Izu Is-Japan","country":"Japan","latitude":31.888,"longitude":139.918,"elevation":11,"morphology":"Submarine volcano","vei":2,"significant":true,"publish":false,"eruption":true,"status":"Historical","timeErupt":"D1","date":"1953-03-11","group":"VEI 2"}},{"type":"Feature","geometry":{"type":"Point","coordinates":[124.792,1.358]},"properties":{"id":4520,"year":1775,"volcanoLocationId":60610,"volcanoLocationNewNum":266100,"volcanoLocationNum":"0606-10=","name":"Lokon-Empung","location":"Sulawesi-Indonesia","country":"Indonesia","latitude":1.358,"longitude":124.792,"elevation":1580,"morphology":"Stratovolcano","vei":3,"deathsAmountOrder":1,"deathsAmountOrderTotal":1,"significant":true,"publish":false,"eruption":true,"status":"Historical","timeErupt":"D1","date":"1775","group":"VEI 3"}},{"type":"Feature","geometry":{"type":"Point","coordinates":[-177.92,-29.27]},"properties":{"id":4521,"year":2006,"month":3,"day":17,"volcanoLocationId":40203,"volcanoLocationNewNum":242030,"volcanoLocationNum":"0402-03=","name":"Raoul Island","location":"Kermadec Is","country":"New Zealand","latitude":-29.27,"longitude":-177.92,"elevation":516,"morphology":"Stratovolcano","vei":1,"agent":"T","deaths":1,"deathsAmountOrder":1,"deathsTotal":1,"deathsAmountOrderTotal":1,"significant":true,"publish":false,"eruption":true,"status":"Historical","timeErupt":"D1","date":"2006-03-17","group":"VEI 1"}},{"type":"Feature","geometry":{"type":"Point","coordinates":[-168.13,53.43]},"properties":{"id":4522,"year":1878,"month":8,"day":29,"tsunamiEventId":1109,"earthquakeEventId":6198,"volcanoLocationId":110129,"volcanoLocationNewNum":311290,"volcanoLocationNum":"1101-29-","name":"Okmok","location":"Aleutian Is","country":"United States","latitude":53.43,"longitude":-168.13,"elevation":1073,"morphology":"Shield volcano","vei":2,"significant":true,"publish":false,"eruption":true,"status":"Historical","timeErupt":"D1","date":"1878-08-29","group":"VEI 2"}},{"type":"Feature","geometry":{"type":"Point","coordinates":[130.659,31.577]},"properties":{"id":4523,"year":1780,"month":9,"day":9,"tsunamiEventId":525,"volcanoLocationId":80208,"volcanoLocationNewNum":282080,"volcanoLocationNum":"0802-08=","name":"Aira","location":"Kyushu-Japan","country":"Japan","latitude":31.577,"longitude":130.659,"elevation":1117,"morphology":"Stratovolcano","vei":4,"damageAmountOrderTotal":2,"significant":true,"publish":false,"eruption":true,"status":"Historical","timeErupt":"D1","date":"1780-09-09","group":"VEI 4"}},{"type":"Feature","geometry":{"type":"Point","coordinates":[-62.18,16.72]},"properties":{"id":4542,"year":2003,"month":7,"day":12,"tsunamiEventId":2694,"volcanoLocationId":160005,"volcanoLocationNewNum":360050,"volcanoLocationNum":"1600-05=","name":"Soufriere Hills","location":"W Indies","country":"Montserrat","latitude":16.72,"longitude":-62.18,"elevation":915,"morphology":"Stratovolcano","vei":3,"significant":true,"publish":false,"eruption":true,"status":"Historical","timeErupt":"D1","date":"2003-07-12","group":"VEI 3"}},{"type":"Feature","geometry":{"type":"Point","coordinates":[105.423,-6.101]},"properties":{"id":4562,"year":416,"tsunamiEventId":39,"volcanoLocationId":60200,"volcanoLocationNewNum":262000,"volcanoLocationNum":"0602-00=","name":"Krakatau","location":"Indonesia","country":"Indonesia","latitude":-6.101,"longitude":105.423,"elevation":285,"morphology":"Caldera","agent":"W","deathsAmountOrder":1,"damageAmountOrder":1,"deathsAmountOrderTotal":3,"damageAmountOrderTotal":4,"significant":true,"publish":false,"eruption":true,"status":"Historical","timeErupt":"D1","date":"0416","group":"VEI not recorded"}},{"type":"Feature","geometry":{"type":"Point","coordinates":[145.406,19.671]},"properties":{"id":4582,"year":1819,"tsunamiEventId":623,"volcanoLocationId":80415,"volcanoLocationNewNum":284150,"volcanoLocationNum":"0804-15=","name":"Asuncion","location":"Mariana Is-C Pacific","country":"United States","latitude":19.671,"longitude":145.406,"elevation":857,"morphology":"Stratovolcano","significant":true,"publish":false,"eruption":true,"status":"Historical","timeErupt":"D2","date":"1819","group":"VEI not recorded"}},{"type":"Feature","geometry":{"type":"Point","coordinates":[-153.435,59.363]},"properties":{"id":4583,"year":1540,"tsunamiEventId":2874,"volcanoLocationId":110301,"volcanoLocationNewNum":313010,"volcanoLocationNum":"1103-01-","name":"Augustine","location":"Alaska-SW","country":"United States","latitude":59.363,"longitude":-153.435,"elevation":1218,"morphology":"Lava dome","vei":4,"significant":true,"publish":false,"eruption":true,"status":"Historical","timeErupt":"D1","date":"1540","group":"VEI 4"}},{"type":"Feature","geometry":{"type":"Point","coordinates":[123.573,-8.532]},"properties":{"id":4603,"year":1979,"month":7,"day":18,"tsunamiEventId":2115,"volcanoLocationId":60425,"volcanoLocationNewNum":264250,"volcanoLocationNum":"0604-25=","name":"Iliwerung","location":"Lesser Sunda Is","country":"Indonesia","latitude":-8.532,"longitude":123.573,"elevation":583,"morphology":"Complex volcano","agent":"W","deathsTotal":1239,"deathsAmountOrderTotal":4,"injuriesTotal":32,"injuriesAmountOrderTotal":1,"damageAmountOrderTotal":3,"housesDestroyedAmountOrderTotal":3,"significant":true,"publish":false,"eruption":false,"status":"Historical","timeErupt":"D1","date":"1979-07-18","group":"VEI not recorded"}},{"type":"Feature","geometry":{"type":"Point","coordinates":[-62.18,16.72]},"properties":{"id":4623,"year":2006,"month":5,"day":20,"tsunamiEventId":2877,"volcanoLocationId":160005,"volcanoLocationNewNum":360050,"volcanoLocationNum":"1600-05=","name":"Soufriere Hills","location":"W Indies","country":"Montserrat","latitude":16.72,"longitude":-62.18,"elevation":915,"morphology":"Stratovolcano","vei":3,"agent":"P","significant":true,"publish":false,"eruption":true,"status":"Historical","timeErupt":"D1","date":"2006-05-20","group":"VEI 3"}},{"type":"Feature","geometry":{"type":"Point","coordinates":[-78.442,-1.467]},"properties":{"id":4643,"year":2006,"month":8,"day":17,"volcanoLocationId":150208,"volcanoLocationNewNum":352080,"volcanoLocationNum":"1502-08=","name":"Tungurahua","location":"Ecuador","country":"Ecuador","latitude":-1.467,"longitude":-78.442,"elevation":5023,"morphology":"Stratovolcano","vei":3,"agent":"T","deaths":5,"deathsAmountOrder":1,"injuries":13,"injuriesAmountOrder":1,"missingAmountOrder":2,"damageAmountOrder":3,"housesDestroyedAmountOrder":3,"deathsTotal":6,"deathsAmountOrderTotal":1,"injuriesAmountOrderTotal":2,"missingAmountOrderTotal":2,"damageAmountOrderTotal":3,"housesDestroyedAmountOrderTotal":3,"significant":true,"publish":false,"eruption":true,"status":"Historical","timeErupt":"D1","date":"2006-08-17","group":"VEI 3"}},{"type":"Feature","geometry":{"type":"Point","coordinates":[-158.17,56.88]},"properties":{"id":4645,"year":-1645,"volcanoLocationId":110209,"volcanoLocationNewNum":312090,"volcanoLocationNum":"1102-09-","name":"Aniakchak","location":"Alaska Peninsula","country":"United States","latitude":56.88,"longitude":-158.17,"elevation":1341,"morphology":"Caldera","vei":6,"significant":true,"publish":false,"eruption":true,"status":"Historical","timeErupt":"D2","date":"-1645","group":"VEI 6"}},{"type":"Feature","geometry":{"type":"Point","coordinates":[124.131,-8.497]},"properties":{"id":4663,"year":1987,"month":12,"day":1,"earthquakeEventId":5150,"volcanoLocationId":60427,"volcanoLocationNewNum":264270,"volcanoLocationNum":"0604-27=","name":"Sirung","location":"Lesser Sunda Is","country":"Indonesia","latitude":-8.497,"longitude":124.131,"elevation":1347,"morphology":"Complex volcano","deathsTotal":125,"deathsAmountOrderTotal":3,"injuriesAmountOrderTotal":3,"damageMillionsDollarsTotal":5,"damageAmountOrderTotal":3,"housesDestroyedTotal":237,"housesDestroyedAmountOrderTotal":3,"significant":true,"publish":false,"eruption":true,"status":"Historical","timeErupt":"D1","date":"1987-12-01","group":"VEI not recorded"}},{"type":"Feature","geometry":{"type":"Point","coordinates":[148.115,-5.519]},"properties":{"id":4683,"year":1974,"month":10,"day":17,"tsunamiEventId":2069,"volcanoLocationId":50107,"volcanoLocationNewNum":251070,"volcanoLocationNum":"0501-07=","name":"Ritter Island","location":"New Guinea-NE of","country":"Papua New Guinea","latitude":-5.519,"longitude":148.115,"elevation":75,"morphology":"Stratovolcano","vei":1,"significant":true,"publish":false,"eruption":true,"status":"Historical","timeErupt":"D1","date":"1974-10-17","group":"VEI 1"}},{"type":"Feature","geometry":{"type":"Point","coordinates":[15.213,38.789]},"properties":{"id":4703,"year":2002,"month":12,"day":30,"tsunamiEventId":2923,"volcanoLocationId":10104,"volcanoLocationNewNum":211040,"volcanoLocationNum":"0101-04=","name":"Stromboli","location":"Italy","country":"Italy","latitude":38.789,"longitude":15.213,"elevation":924,"morphology":"Stratovolcano","vei":2,"injuriesAmountOrder":1,"damageAmountOrder":1,"housesDestroyedAmountOrder":1,"injuriesAmountOrderTotal":1,"damageAmountOrderTotal":1,"housesDestroyedAmountOrderTotal":1,"significant":true,"publish":false,"eruption":true,"status":"Historical","timeErupt":"D1","date":"2002-12-30","group":"VEI 2"}},{"type":"Feature","geometry":{"type":"Point","coordinates":[148.115,-5.519]},"properties":{"id":4704,"year":1972,"month":10,"day":9,"tsunamiEventId":2054,"volcanoLocationId":50107,"volcanoLocationNewNum":251070,"volcanoLocationNum":"0501-07=","name":"Ritter Island","location":"New Guinea-NE of","country":"Papua New Guinea","latitude":-5.519,"longitude":148.115,"elevation":75,"morphology":"Stratovolcano","vei":1,"significant":true,"publish":false,"eruption":true,"status":"Historical","timeErupt":"D1","date":"1972-10-09","group":"VEI 1"}},{"type":"Feature","geometry":{"type":"Point","coordinates":[-76.03,2.93]},"properties":{"id":4705,"year":2007,"month":4,"day":18,"volcanoLocationId":150105,"volcanoLocationNewNum":351050,"volcanoLocationNum":"1501-05=","name":"Huila, Nevado del","location":"Colombia","country":"Colombia","latitude":2.93,"longitude":-76.03,"elevation":5364,"morphology":"Stratovolcano","vei":3,"damageAmountOrder":2,"housesDestroyedAmountOrder":1,"damageAmountOrderTotal":2,"housesDestroyedAmountOrderTotal":1,"significant":true,"publish":false,"eruption":true,"status":"Historical","timeErupt":"D5","date":"2007-04-18","group":"VEI 3"}},{"type":"Feature","geometry":{"type":"Point","coordinates":[-61.166,14.809]},"properties":{"id":4707,"year":1902,"month":5,"day":5,"tsunamiEventId":2881,"volcanoLocationId":160012,"volcanoLocationNewNum":360120,"volcanoLocationNum":"1600-12=","name":"Pelee","location":"W Indies","country":"Martinique","latitude":14.809,"longitude":-61.166,"elevation":1372,"morphology":"Stratovolcano","vei":4,"agent":"W,M","deaths":23,"deathsAmountOrder":1,"deathsTotal":23,"deathsAmountOrderTotal":1,"significant":true,"publish":false,"eruption":true,"status":"Historical","timeErupt":"D2","date":"1902-05-05","group":"VEI 4"}},{"type":"Feature","geometry":{"type":"Point","coordinates":[-62.18,16.72]},"properties":{"id":4708,"year":1999,"month":1,"day":20,"tsunamiEventId":2880,"volcanoLocationId":160005,"volcanoLocationNewNum":360050,"volcanoLocationNum":"1600-05=","name":"Soufriere Hills","location":"W Indies","country":"Montserrat","latitude":16.72,"longitude":-62.18,"elevation":915,"morphology":"Stratovolcano","vei":3,"significant":true,"publish":false,"eruption":true,"status":"Historical","timeErupt":"D1","date":"1999-01-20","group":"VEI 3"}},{"type":"Feature","geometry":{"type":"Point","coordinates":[14.999,37.748]},"properties":{"id":4724,"year":1693,"month":1,"day":9,"earthquakeEventId":1129,"volcanoLocationId":10106,"volcanoLocationNewNum":211060,"volcanoLocationNum":"0101-06=","name":"Etna","location":"Italy","country":"Italy","latitude":37.748,"longitude":14.999,"elevation":3357,"morphology":"Stratovolcano","significant":true,"publish":false,"eruption":true,"status":"Historical","timeErupt":"D1","date":"1693-01-09","group":"VEI not recorded"}},{"type":"Feature","geometry":{"type":"Point","coordinates":[15.213,38.789]},"properties":{"id":4743,"year":1916,"month":7,"day":3,"tsunamiEventId":3147,"volcanoLocationId":10104,"volcanoLocationNewNum":211040,"volcanoLocationNum":"0101-04=","name":"Stromboli","location":"Italy","country":"Italy","latitude":38.789,"longitude":15.213,"elevation":924,"morphology":"Stratovolcano","vei":3,"damageAmountOrderTotal":1,"significant":true,"publish":false,"eruption":true,"status":"Historical","timeErupt":"D1","date":"1916-07-03","group":"VEI 3"}},{"type":"Feature","geometry":{"type":"Point","coordinates":[125.407,2.781]},"properties":{"id":4744,"year":1997,"month":4,"day":17,"volcanoLocationId":60702,"volcanoLocationNewNum":267020,"volcanoLocationNum":"0607-02=","name":"Karangetang","location":"Sangihe Is-Indonesia","country":"Indonesia","latitude":2.781,"longitude":125.407,"elevation":1797,"morphology":"Stratovolcano","vei":1,"agent":"P","deaths":3,"deathsAmountOrder":1,"deathsTotal":3,"deathsAmountOrderTotal":1,"significant":true,"publish":false,"eruption":true,"status":"Historical","timeErupt":"D1","date":"1997-04-17","group":"VEI 1"}},{"type":"Feature","geometry":{"type":"Point","coordinates":[41.83,15.55]},"properties":{"id":4764,"year":2007,"month":9,"day":30,"volcanoLocationId":20101,"volcanoLocationNewNum":221010,"volcanoLocationNum":"0201-01=","name":"Tair, Jebel at","location":"Red Sea","country":"Yemen","latitude":15.55,"longitude":41.83,"elevation":244,"morphology":"Stratovolcano","vei":3,"deaths":7,"deathsAmountOrder":1,"injuries":1,"injuriesAmountOrder":1,"deathsTotal":7,"deathsAmountOrderTotal":1,"injuriesTotal":1,"injuriesAmountOrderTotal":1,"significant":true,"publish":false,"eruption":true,"status":"Historical","timeErupt":"D3","date":"2007-09-30","group":"VEI 3"}},{"type":"Feature","geometry":{"type":"Point","coordinates":[125.491,3.138]},"properties":{"id":4784,"year":1918,"month":7,"day":18,"tsunamiEventId":1454,"volcanoLocationId":60703,"volcanoLocationNewNum":267030,"volcanoLocationNum":"0607-03=","name":"Banua Wuhu","location":"Sangihe Is-Indonesia","country":"Indonesia","latitude":3.138,"longitude":125.491,"elevation":-5,"morphology":"Submarine volcano","vei":3,"significant":true,"publish":false,"eruption":true,"status":"Historical","timeErupt":"D2","date":"1918-07-18","group":"VEI 3"}},{"type":"Feature","geometry":{"type":"Point","coordinates":[-61.166,14.809]},"properties":{"id":4805,"year":1902,"month":5,"day":20,"tsunamiEventId":2433,"volcanoLocationId":160012,"volcanoLocationNewNum":360120,"volcanoLocationNum":"1600-12=","name":"Pelee","location":"W Indies","country":"Martinique","latitude":14.809,"longitude":-61.166,"elevation":1372,"morphology":"Stratovolcano","vei":4,"damageAmountOrderTotal":1,"housesDestroyedTotal":20,"housesDestroyedAmountOrderTotal":1,"significant":true,"publish":false,"eruption":true,"status":"Historical","timeErupt":"D2","date":"1902-05-20","group":"VEI 4"}},{"type":"Feature","geometry":{"type":"Point","coordinates":[-61.0,10.0]},"properties":{"id":4807,"year":1911,"month":11,"day":3,"tsunamiEventId":1400,"volcanoLocationId":160021,"volcanoLocationNum":"1600-21-","name":"Piparo","location":"Trinidad","country":"Trinidad","latitude":10,"longitude":-61,"elevation":140,"morphology":"Mud volcano","significant":true,"publish":false,"eruption":true,"status":"Historical","timeErupt":"D1","date":"1911-11-03","group":"VEI not recorded"}},{"type":"Feature","geometry":{"type":"Point","coordinates":[-62.18,16.72]},"properties":{"id":4808,"year":1997,"month":12,"day":26,"tsunamiEventId":2279,"volcanoLocationId":160005,"volcanoLocationNewNum":360050,"volcanoLocationNum":"1600-05=","name":"Soufriere Hills","location":"W Indies","country":"Montserrat","latitude":16.72,"longitude":-62.18,"elevation":915,"morphology":"Stratovolcano","significant":true,"publish":false,"eruption":true,"status":"Historical","timeErupt":"D1","date":"1997-12-26","group":"VEI not recorded"}},{"type":"Feature","geometry":{"type":"Point","coordinates":[-87.57,12.98]},"properties":{"id":4824,"year":1951,"month":8,"day":3,"tsunamiEventId":3383,"earthquakeEventId":3974,"volcanoLocationId":140401,"volcanoLocationNewNum":344010,"volcanoLocationNum":"1404-01=","name":"Cosiguina","location":"Nicaragua","country":"Nicaragua","latitude":12.98,"longitude":-87.57,"elevation":872,"morphology":"Stratovolcano","damageAmountOrderTotal":3,"housesDestroyedAmountOrderTotal":2,"significant":true,"publish":false,"eruption":true,"status":"Historical","timeErupt":"D3","date":"1951-08-03","group":"VEI not recorded"}},{"type":"Feature","geometry":{"type":"Point","coordinates":[15.213,38.789]},"properties":{"id":4844,"year":1954,"month":2,"tsunamiEventId":3395,"volcanoLocationId":10104,"volcanoLocationNewNum":211040,"volcanoLocationNum":"0101-04=","name":"Stromboli","location":"Italy","country":"Italy","latitude":38.789,"longitude":15.213,"elevation":924,"morphology":"Stratovolcano","agent":"W","damageAmountOrderTotal":1,"significant":true,"publish":false,"eruption":true,"status":"Historical","timeErupt":"D1","date":"1954-02","group":"VEI not recorded"}},{"type":"Feature","geometry":{"type":"Point","coordinates":[25.396,36.404]},"properties":{"id":4845,"year":1050,"tsunamiEventId":3102,"volcanoLocationId":10204,"volcanoLocationNewNum":212040,"volcanoLocationNum":"0102-04=","name":"Santorini","location":"Greece","country":"Greece","latitude":36.404,"longitude":25.396,"elevation":367,"morphology":"Shield volcano","significant":true,"publish":false,"eruption":true,"status":"Historical","timeErupt":"D2","date":"1050","group":"VEI not recorded"}},{"type":"Feature","geometry":{"type":"Point","coordinates":[14.999,37.748]},"properties":{"id":4846,"year":1169,"month":2,"day":11,"tsunamiEventId":3107,"volcanoLocationId":10106,"volcanoLocationNewNum":211060,"volcanoLocationNum":"0101-06=","name":"Etna","location":"Italy","country":"Italy","latitude":37.748,"longitude":14.999,"elevation":3357,"morphology":"Stratovolcano","significant":true,"publish":false,"eruption":true,"status":"Historical","timeErupt":"D1","date":"1169-02-11","group":"VEI not recorded"}},{"type":"Feature","geometry":{"type":"Point","coordinates":[14.426,40.821]},"properties":{"id":4847,"year":1690,"month":2,"day":3,"tsunamiEventId":3138,"volcanoLocationId":10102,"volcanoLocationNewNum":211020,"volcanoLocationNum":"0101-02=","name":"Vesuvius","location":"Italy","country":"Italy","latitude":40.821,"longitude":14.426,"elevation":1281,"morphology":"Complex volcano","vei":3,"agent":"W","significant":true,"publish":false,"eruption":true,"status":"Historical","timeErupt":"D2","date":"1690-02-03","group":"VEI 3"}},{"type":"Feature","geometry":{"type":"Point","coordinates":[25.396,36.404]},"properties":{"id":4848,"year":1707,"month":5,"tsunamiEventId":3148,"volcanoLocationId":10204,"volcanoLocationNewNum":212040,"volcanoLocationNum":"0102-04=","name":"Santorini","location":"Greece","country":"Greece","latitude":36.404,"longitude":25.396,"elevation":367,"morphology":"Shield volcano","vei":3,"significant":true,"publish":false,"eruption":true,"status":"Historical","timeErupt":"D2","date":"1707-05","group":"VEI 3"}},{"type":"Feature","geometry":{"type":"Point","coordinates":[14.426,40.821]},"properties":{"id":4849,"year":1714,"month":6,"day":30,"tsunamiEventId":3150,"volcanoLocationId":10102,"volcanoLocationNewNum":211020,"volcanoLocationNum":"0101-02=","name":"Vesuvius","location":"Italy","country":"Italy","latitude":40.821,"longitude":14.426,"elevation":1281,"morphology":"Complex volcano","significant":true,"publish":false,"eruption":true,"status":"Historical","timeErupt":"D2","date":"1714-06-30","group":"VEI not recorded"}},{"type":"Feature","geometry":{"type":"Point","coordinates":[139.918,31.888]},"properties":{"id":4850,"year":1952,"month":9,"day":16,"tsunamiEventId":1824,"volcanoLocationId":80407,"volcanoLocationNewNum":284070,"volcanoLocationNum":"0804-07=","name":"Myojinsho","location":"Izu Is-Japan","country":"Japan","latitude":31.888,"longitude":139.918,"elevation":11,"morphology":"Submarine volcano","vei":2,"significant":true,"publish":false,"eruption":true,"status":"Historical","timeErupt":"D1","date":"1952-09-16","group":"VEI 2"}},{"type":"Feature","geometry":{"type":"Point","coordinates":[139.918,31.888]},"properties":{"id":4851,"year":1952,"month":9,"day":23,"tsunamiEventId":1825,"volcanoLocationId":80407,"volcanoLocationNewNum":284070,"volcanoLocationNum":"0804-07=","name":"Myojinsho","location":"Izu Is-Japan","country":"Japan","latitude":31.888,"longitude":139.918,"elevation":11,"morphology":"Submarine volcano","vei":2,"significant":true,"publish":false,"eruption":true,"status":"Historical","timeErupt":"D1","date":"1952-09-23","group":"VEI 2"}},{"type":"Feature","geometry":{"type":"Point","coordinates":[139.918,31.888]},"properties":{"id":4852,"year":1952,"month":9,"day":24,"tsunamiEventId":1826,"volcanoLocationId":80407,"volcanoLocationNewNum":284070,"volcanoLocationNum":"0804-07=","name":"Myojinsho","location":"Izu Is-Japan","country":"Japan","latitude":31.888,"longitude":139.918,"elevation":11,"morphology":"Submarine volcano","vei":2,"agent":"P","deaths":31,"deathsAmountOrder":1,"damageAmountOrder":1,"deathsTotal":31,"deathsAmountOrderTotal":1,"damageAmountOrderTotal":1,"significant":true,"publish":false,"eruption":true,"status":"Historical","timeErupt":"D1","date":"1952-09-24","group":"VEI 2"}},{"type":"Feature","geometry":{"type":"Point","coordinates":[139.918,31.888]},"properties":{"id":4853,"year":1952,"month":9,"day":26,"tsunamiEventId":1827,"volcanoLocationId":80407,"volcanoLocationNewNum":284070,"volcanoLocationNum":"0804-07=","name":"Myojinsho","location":"Izu Is-Japan","country":"Japan","latitude":31.888,"longitude":139.918,"elevation":11,"morphology":"Submarine volcano","vei":2,"significant":true,"publish":false,"eruption":true,"status":"Historical","timeErupt":"D1","date":"1952-09-26","group":"VEI 2"}},{"type":"Feature","geometry":{"type":"Point","coordinates":[125.491,3.138]},"properties":{"id":4864,"year":1919,"month":4,"day":3,"tsunamiEventId":3511,"volcanoLocationId":60703,"volcanoLocationNewNum":267030,"volcanoLocationNum":"0607-03=","name":"Banua Wuhu","location":"Sangihe Is-Indonesia","country":"Indonesia","latitude":3.138,"longitude":125.491,"elevation":-5,"morphology":"Submarine volcano","vei":3,"damageAmountOrder":1,"housesDestroyedAmountOrder":1,"damageAmountOrderTotal":1,"housesDestroyedAmountOrderTotal":1,"significant":true,"publish":false,"eruption":true,"status":"Historical","timeErupt":"D2","date":"1919-04-03","group":"VEI 3"}},{"type":"Feature","geometry":{"type":"Point","coordinates":[-72.651,-42.835]},"properties":{"id":4884,"year":2008,"month":5,"day":2,"volcanoLocationId":1508041,"volcanoLocationNewNum":358041,"volcanoLocationNum":"1508-041","name":"Chaiten","location":"Chile-S","country":"Chile","latitude":-42.835,"longitude":-72.651,"elevation":1122,"morphology":"Caldera","vei":4,"deaths":1,"deathsAmountOrder":1,"deathsTotal":1,"deathsAmountOrderTotal":1,"significant":true,"publish":false,"eruption":true,"status":"Holocene","timeErupt":"D1","date":"2008-05-02","group":"VEI 4"}},{"type":"Feature","geometry":{"type":"Point","coordinates":[25.396,36.404]},"properties":{"id":4904,"year":46,"tsunamiEventId":21,"volcanoLocationId":10204,"volcanoLocationNewNum":212040,"volcanoLocationNum":"0102-04=","name":"Santorini","location":"Greece","country":"Greece","latitude":36.404,"longitude":25.396,"elevation":367,"morphology":"Shield volcano","vei":3,"significant":true,"publish":false,"eruption":true,"status":"Historical","timeErupt":"D2","date":"0046","group":"VEI 3"}},{"type":"Feature","geometry":{"type":"Point","coordinates":[96.289,4.903]},"properties":{"id":4905,"year":1837,"month":9,"tsunamiEventId":706,"earthquakeEventId":6050,"volcanoLocationId":60103,"volcanoLocationNewNum":261030,"volcanoLocationNum":"0601-03=","name":"Peuet Sague","location":"Sumatra","country":"Indonesia","latitude":4.903,"longitude":96.289,"elevation":2785,"morphology":"Complex volcano","significant":true,"publish":false,"eruption":true,"status":"Historical","timeErupt":"D1","date":"1837-09","group":"VEI not recorded"}},{"type":"Feature","geometry":{"type":"Point","coordinates":[147.892,-5.592]},"properties":{"id":4906,"year":1857,"month":4,"day":17,"tsunamiEventId":869,"earthquakeEventId":6125,"volcanoLocationId":50106,"volcanoLocationNewNum":251060,"volcanoLocationNum":"0501-06=","name":"Umboi","location":"New Guinea-NE of","country":"Papua New Guinea","latitude":-5.592,"longitude":147.892,"elevation":1335,"morphology":"Complex volcano","deathsAmountOrderTotal":2,"damageAmountOrderTotal":2,"housesDestroyedAmountOrderTotal":2,"significant":true,"publish":false,"eruption":false,"status":"Holocene","timeErupt":"U","date":"1857-04-17","group":"VEI not recorded"}},{"type":"Feature","geometry":{"type":"Point","coordinates":[14.999,37.748]},"properties":{"id":4907,"year":1868,"month":9,"day":5,"tsunamiEventId":3451,"earthquakeEventId":7967,"volcanoLocationId":10106,"volcanoLocationNewNum":211060,"volcanoLocationNum":"0101-06=","name":"Etna","location":"Italy","country":"Italy","latitude":37.748,"longitude":14.999,"elevation":3357,"morphology":"Stratovolcano","significant":true,"publish":false,"eruption":true,"status":"Historical","timeErupt":"D1","date":"1868-09-05","group":"VEI not recorded"}},{"type":"Feature","geometry":{"type":"Point","coordinates":[-175.508,52.177]},"properties":{"id":4924,"year":2008,"month":8,"day":8,"tsunamiEventId":3587,"volcanoLocationId":110113,"volcanoLocationNewNum":311130,"volcanoLocationNum":"1101-13-","name":"Kasatochi","location":"Aleutian Is","country":"United States","latitude":52.177,"longitude":-175.508,"elevation":314,"morphology":"Stratovolcano","vei":4,"significant":true,"publish":false,"eruption":true,"status":"Historical","timeErupt":"D1","date":"2008-08-08","group":"VEI 4"}},{"type":"Feature","geometry":{"type":"Point","coordinates":[-76.03,2.93]},"properties":{"id":4944,"year":2008,"month":11,"day":20,"volcanoLocationId":150105,"volcanoLocationNewNum":351050,"volcanoLocationNum":"1501-05=","name":"Huila, Nevado del","location":"Colombia","country":"Colombia","latitude":2.93,"longitude":-76.03,"elevation":5364,"morphology":"Stratovolcano","vei":3,"deaths":10,"deathsAmountOrder":1,"injuriesAmountOrder":1,"missingAmountOrder":1,"deathsTotal":10,"deathsAmountOrderTotal":1,"injuriesAmountOrderTotal":1,"missingAmountOrderTotal":1,"significant":true,"publish":false,"eruption":true,"status":"Historical","timeErupt":"D5","date":"2008-11-20","group":"VEI 3"}},{"type":"Feature","geometry":{"type":"Point","coordinates":[29.25,-1.52]},"properties":{"id":4964,"year":2002,"month":1,"day":17,"volcanoLocationId":20303,"volcanoLocationNewNum":223030,"volcanoLocationNum":"0203-03=","name":"Nyiragongo","location":"Africa-C","country":"Congo, DRC","latitude":-1.52,"longitude":29.25,"elevation":3470,"morphology":"Stratovolcano","vei":1,"agent":"L","deaths":100,"deathsAmountOrder":2,"injuries":400,"injuriesAmountOrder":3,"damageAmountOrder":3,"housesDestroyedAmountOrder":3,"deathsTotal":100,"deathsAmountOrderTotal":2,"injuriesAmountOrderTotal":3,"damageAmountOrderTotal":3,"housesDestroyedAmountOrderTotal":3,"significant":true,"publish":false,"eruption":true,"status":"Historical","timeErupt":"D1","date":"2002-01-17","group":"VEI 1"}},{"type":"Feature","geometry":{"type":"Point","coordinates":[39.081,8.211]},"properties":{"id":4965,"year":1900,"volcanoLocationId":20125,"volcanoLocationNewNum":221250,"volcanoLocationNum":"0201-25-","name":"Bora-Bericha-Tullu Moye","location":"Africa-NE","country":"Ethiopia","latitude":8.211,"longitude":39.081,"elevation":2345,"morphology":"Pumice cone","damageAmountOrder":1,"significant":true,"publish":false,"eruption":true,"status":"Anthropology","timeErupt":"D2","date":"1900","group":"VEI not recorded"}},{"type":"Feature","geometry":{"type":"Point","coordinates":[39.906,8.985]},"properties":{"id":4966,"year":1250,"volcanoLocationId":20119,"volcanoLocationNewNum":221190,"volcanoLocationNum":"0201-19=","name":"Fentale","location":"Africa-NE","country":"Ethiopia","latitude":8.985,"longitude":39.906,"elevation":2007,"morphology":"Stratovolcano","damageAmountOrder":1,"significant":true,"publish":false,"eruption":true,"status":"Historical","timeErupt":"D3","date":"1250","group":"VEI not recorded"}},{"type":"Feature","geometry":{"type":"Point","coordinates":[44.098,15.603]},"properties":{"id":4967,"year":500,"volcanoLocationId":30109,"volcanoLocationNewNum":231090,"volcanoLocationNum":"0301-09-","name":"Arhab, Harra of","location":"Arabia-S","country":"Yemen","latitude":15.603,"longitude":44.098,"elevation":3100,"morphology":"Volcanic field","damageAmountOrder":1,"damageAmountOrderTotal":1,"significant":true,"publish":false,"eruption":true,"status":"Historical","timeErupt":"D6","date":"0500","group":"VEI not recorded"}},{"type":"Feature","geometry":{"type":"Point","coordinates":[44.098,15.603]},"properties":{"id":4968,"year":200,"volcanoLocationId":30109,"volcanoLocationNewNum":231090,"volcanoLocationNum":"0301-09-","name":"Arhab, Harra of","location":"Arabia-S","country":"Yemen","latitude":15.603,"longitude":44.098,"elevation":3100,"morphology":"Volcanic field","damageAmountOrder":1,"damageAmountOrderTotal":1,"significant":true,"publish":false,"eruption":true,"status":"Historical","timeErupt":"D6","date":"0200","group":"VEI not recorded"}},{"type":"Feature","geometry":{"type":"Point","coordinates":[42.75,14.02]},"properties":{"id":4969,"year":1679,"month":9,"day":21,"earthquakeEventId":8202,"volcanoLocationId":201021,"volcanoLocationNewNum":221021,"volcanoLocationNum":"0201-021","name":"Zukur","location":"Red Sea","country":"Yemen","latitude":14.02,"longitude":42.75,"elevation":624,"morphology":"Shield volcano","significant":true,"publish":false,"eruption":true,"status":"Holocene","timeErupt":"U","date":"1679-09-21","group":"VEI not recorded"}},{"type":"Feature","geometry":{"type":"Point","coordinates":[-172.525,-13.612]},"properties":{"id":4984,"year":1907,"month":10,"day":6,"tsunamiEventId":1363,"volcanoLocationId":40404,"volcanoLocationNewNum":244040,"volcanoLocationNum":"0404-04=","name":"Savaii","location":"Samoa-SW Pacific","country":"Samoa","latitude":-13.612,"longitude":-172.525,"elevation":1858,"morphology":"Shield volcano","damageAmountOrder":3,"housesDestroyedAmountOrder":3,"damageAmountOrderTotal":3,"housesDestroyedAmountOrderTotal":3,"significant":true,"publish":false,"eruption":true,"status":"Historical","timeErupt":"D2","date":"1907-10-06","group":"VEI not recorded"}},{"type":"Feature","geometry":{"type":"Point","coordinates":[43.38,-11.75]},"properties":{"id":5004,"year":2005,"month":11,"day":25,"volcanoLocationId":30301,"volcanoLocationNewNum":233010,"volcanoLocationNum":"0303-01=","name":"Karthala","location":"Indian O-W","country":"Comoros","latitude":-11.75,"longitude":43.38,"elevation":2361,"morphology":"Shield volcano","vei":3,"agent":"T","deaths":1,"deathsAmountOrder":1,"damageAmountOrder":1,"deathsTotal":1,"deathsAmountOrderTotal":1,"damageAmountOrderTotal":1,"significant":true,"publish":false,"eruption":true,"status":"Historical","timeErupt":"D1","date":"2005-11-25","group":"VEI 3"}},{"type":"Feature","geometry":{"type":"Point","coordinates":[43.38,-11.75]},"properties":{"id":5005,"year":1991,"month":7,"day":3,"volcanoLocationId":30301,"volcanoLocationNewNum":233010,"volcanoLocationNum":"0303-01=","name":"Karthala","location":"Indian O-W","country":"Comoros","latitude":-11.75,"longitude":43.38,"elevation":2361,"morphology":"Shield volcano","vei":2,"damageAmountOrder":1,"damageAmountOrderTotal":1,"significant":true,"publish":false,"eruption":true,"status":"Historical","timeErupt":"D1","date":"1991-07-03","group":"VEI 2"}},{"type":"Feature","geometry":{"type":"Point","coordinates":[-152.742,60.485]},"properties":{"id":5024,"year":-1550,"volcanoLocationId":110303,"volcanoLocationNewNum":313030,"volcanoLocationNum":"1103-03-","name":"Redoubt","location":"Alaska-SW","country":"United States","latitude":60.485,"longitude":-152.742,"elevation":3108,"morphology":"Stratovolcano","significant":true,"publish":false,"eruption":true,"status":"Historical","timeErupt":"D1","date":"-1550","group":"VEI not recorded"}},{"type":"Feature","geometry":{"type":"Point","coordinates":[-153.435,59.363]},"properties":{"id":5025,"year":350,"volcanoLocationId":110301,"volcanoLocationNewNum":313010,"volcanoLocationNum":"1103-01-","name":"Augustine","location":"Alaska-SW","country":"United States","latitude":59.363,"longitude":-153.435,"elevation":1218,"morphology":"Lava dome","significant":true,"publish":false,"eruption":true,"status":"Historical","timeErupt":"D1","date":"0350","group":"VEI not recorded"}},{"type":"Feature","geometry":{"type":"Point","coordinates":[-152.742,60.485]},"properties":{"id":5026,"year":2009,"month":3,"day":23,"volcanoLocationId":110303,"volcanoLocationNewNum":313030,"volcanoLocationNum":"1103-03-","name":"Redoubt","location":"Alaska-SW","country":"United States","latitude":60.485,"longitude":-152.742,"elevation":3108,"morphology":"Stratovolcano","vei":3,"damageAmountOrder":1,"damageAmountOrderTotal":1,"significant":true,"publish":false,"eruption":true,"status":"Historical","timeErupt":"D1","date":"2009-03-23","group":"VEI 3"}},{"type":"Feature","geometry":{"type":"Point","coordinates":[-164.65,54.516]},"properties":{"id":5044,"year":1820,"month":3,"day":1,"tsunamiEventId":631,"earthquakeEventId":6650,"volcanoLocationId":110134,"volcanoLocationNewNum":311340,"volcanoLocationNum":"1101-34-","name":"Westdahl","location":"Aleutian Is","country":"United States","latitude":54.516,"longitude":-164.65,"elevation":1563,"morphology":"Stratovolcano","vei":2,"significant":true,"publish":false,"eruption":true,"status":"Historical","timeErupt":"D1","date":"1820-03-01","group":"VEI 2"}},{"type":"Feature","geometry":{"type":"Point","coordinates":[168.389,-16.68]},"properties":{"id":5064,"year":1901,"month":8,"day":9,"tsunamiEventId":1280,"earthquakeEventId":2595,"volcanoLocationId":50706,"volcanoLocationNewNum":257060,"volcanoLocationNum":"0507-06=","name":"East Epi","location":"Vanuatu-SW Pacific","country":"Vanuatu","latitude":-16.68,"longitude":168.389,"elevation":833,"morphology":"Stratovolcano","agent":"W","deathsAmountOrderTotal":1,"damageAmountOrderTotal":2,"significant":true,"publish":false,"eruption":true,"status":"Historical","timeErupt":"D1","date":"1901-08-09","group":"VEI not recorded"}},{"type":"Feature","geometry":{"type":"Point","coordinates":[123.685,13.257]},"properties":{"id":5084,"year":2006,"month":11,"day":30,"volcanoLocationId":70303,"volcanoLocationNewNum":273030,"volcanoLocationNum":"0703-03=","name":"Mayon","location":"Luzon-Philippines","country":"Philippines","latitude":13.257,"longitude":123.685,"elevation":2462,"morphology":"Stratovolcano","vei":1,"agent":"m","deaths":1266,"deathsAmountOrder":4,"damageAmountOrder":1,"deathsTotal":1266,"deathsAmountOrderTotal":4,"damageAmountOrderTotal":1,"significant":true,"publish":false,"eruption":true,"status":"Historical","timeErupt":"D1","date":"2006-11-30","group":"VEI 1"}},{"type":"Feature","geometry":{"type":"Point","coordinates":[139.526,34.094]},"properties":{"id":5104,"year":2000,"month":6,"day":27,"tsunamiEventId":2340,"earthquakeEventId":5568,"volcanoLocationId":80404,"volcanoLocationNewNum":284040,"volcanoLocationNum":"0804-04=","name":"Miyakejima","location":"Izu Is-Japan","country":"Japan","latitude":34.094,"longitude":139.526,"elevation":775,"morphology":"Stratovolcano","vei":3,"damageAmountOrder":1,"deathsTotal":1,"deathsAmountOrderTotal":1,"injuriesAmountOrderTotal":3,"damageAmountOrderTotal":1,"significant":true,"publish":false,"eruption":true,"status":"Historical","timeErupt":"D1","date":"2000-06-27","group":"VEI 3"}},{"type":"Feature","geometry":{"type":"Point","coordinates":[-19.633,63.633]},"properties":{"id":5124,"year":2010,"month":3,"day":31,"volcanoLocationId":170202,"volcanoLocationNewNum":372020,"volcanoLocationNum":"1702-02=","name":"Eyjafjallajokull","location":"Iceland-S","country":"Iceland","latitude":63.633,"longitude":-19.633,"elevation":1651,"morphology":"Stratovolcano","vei":2,"deaths":2,"deathsAmountOrder":1,"deathsTotal":2,"deathsAmountOrderTotal":1,"significant":true,"publish":false,"eruption":true,"status":"Historical","timeErupt":"D1","date":"2010-03-31","group":"VEI 2"}},{"type":"Feature","geometry":{"type":"Point","coordinates":[-19.083,63.633]},"properties":{"id":5144,"year":920,"volcanoLocationId":170203,"volcanoLocationNewNum":372030,"volcanoLocationNum":"1702-03=","name":"Katla","location":"Iceland-S","country":"Iceland","latitude":63.633,"longitude":-19.083,"elevation":1490,"morphology":"Subglacial volcano","vei":4,"damageAmountOrder":1,"significant":true,"publish":false,"eruption":true,"status":"Historical","timeErupt":"D2","date":"0920","group":"VEI 4"}},{"type":"Feature","geometry":{"type":"Point","coordinates":[-17.316,64.416]},"properties":{"id":5145,"year":1753,"month":10,"day":15,"volcanoLocationId":170301,"volcanoLocationNewNum":373010,"volcanoLocationNum":"1703-01=","name":"Grimsvotn","location":"Iceland-NE","country":"Iceland","latitude":64.416,"longitude":-17.316,"elevation":1719,"morphology":"Caldera","vei":2,"damageAmountOrder":1,"damageAmountOrderTotal":1,"significant":true,"publish":false,"eruption":true,"status":"Historical","timeErupt":"D1","date":"1753-10-15","group":"VEI 2"}},{"type":"Feature","geometry":{"type":"Point","coordinates":[-19.083,63.633]},"properties":{"id":5146,"year":934,"volcanoLocationId":170203,"volcanoLocationNewNum":372030,"volcanoLocationNum":"1702-03=","name":"Katla","location":"Iceland-S","country":"Iceland","latitude":63.633,"longitude":-19.083,"elevation":1490,"morphology":"Subglacial volcano","vei":4,"damageAmountOrder":1,"damageAmountOrderTotal":1,"significant":true,"publish":false,"eruption":true,"status":"Historical","timeErupt":"D2","date":"0934","group":"VEI 4"}},{"type":"Feature","geometry":{"type":"Point","coordinates":[-19.083,63.633]},"properties":{"id":5147,"year":950,"volcanoLocationId":170203,"volcanoLocationNewNum":372030,"volcanoLocationNum":"1702-03=","name":"Katla","location":"Iceland-S","country":"Iceland","latitude":63.633,"longitude":-19.083,"elevation":1490,"morphology":"Subglacial volcano","damageAmountOrder":1,"significant":true,"publish":false,"eruption":true,"status":"Historical","timeErupt":"D2","date":"0950","group":"VEI not recorded"}},{"type":"Feature","geometry":{"type":"Point","coordinates":[-19.083,63.633]},"properties":{"id":5148,"year":1500,"volcanoLocationId":170203,"volcanoLocationNewNum":372030,"volcanoLocationNum":"1702-03=","name":"Katla","location":"Iceland-S","country":"Iceland","latitude":63.633,"longitude":-19.083,"elevation":1490,"morphology":"Subglacial volcano","vei":4,"damageAmountOrder":1,"damageAmountOrderTotal":1,"significant":true,"publish":false,"eruption":true,"status":"Historical","timeErupt":"D2","date":"1500","group":"VEI 4"}},{"type":"Feature","geometry":{"type":"Point","coordinates":[-22.067,63.917]},"properties":{"id":5149,"year":1151,"volcanoLocationId":170103,"volcanoLocationNewNum":371030,"volcanoLocationNum":"1701-03=","name":"Krysuvik-Trolladyngja","location":"Iceland-SW","country":"Iceland","latitude":63.917,"longitude":-22.067,"elevation":360,"morphology":"Crater rows","vei":1,"damageAmountOrder":1,"damageAmountOrderTotal":1,"significant":true,"publish":false,"eruption":true,"status":"Historical","timeErupt":"D6","date":"1151","group":"VEI 1"}},{"type":"Feature","geometry":{"type":"Point","coordinates":[-17.516,64.633]},"properties":{"id":5150,"year":1477,"month":2,"volcanoLocationId":170303,"volcanoLocationNewNum":373030,"volcanoLocationNum":"1703-03=","name":"Bardarbunga","location":"Iceland-NE","country":"Iceland","latitude":64.633,"longitude":-17.516,"elevation":2000,"morphology":"Stratovolcano","vei":6,"damageAmountOrder":1,"damageAmountOrderTotal":1,"significant":true,"publish":false,"eruption":true,"status":"Historical","timeErupt":"D2","date":"1477-02","group":"VEI 6"}},{"type":"Feature","geometry":{"type":"Point","coordinates":[-17.516,64.633]},"properties":{"id":5151,"year":1712,"month":1,"day":15,"volcanoLocationId":170303,"volcanoLocationNewNum":373030,"volcanoLocationNum":"1703-03=","name":"Bardarbunga","location":"Iceland-NE","country":"Iceland","latitude":64.633,"longitude":-17.516,"elevation":2000,"morphology":"Stratovolcano","vei":2,"damageAmountOrder":1,"damageAmountOrderTotal":1,"significant":true,"publish":false,"eruption":true,"status":"Historical","timeErupt":"D2","date":"1712-01-15","group":"VEI 2"}},{"type":"Feature","geometry":{"type":"Point","coordinates":[-17.516,64.633]},"properties":{"id":5152,"year":1716,"month":10,"day":5,"volcanoLocationId":170303,"volcanoLocationNewNum":373030,"volcanoLocationNum":"1703-03=","name":"Bardarbunga","location":"Iceland-NE","country":"Iceland","latitude":64.633,"longitude":-17.516,"elevation":2000,"morphology":"Stratovolcano","vei":2,"damageAmountOrder":1,"damageAmountOrderTotal":1,"significant":true,"publish":false,"eruption":true,"status":"Historical","timeErupt":"D2","date":"1716-10-05","group":"VEI 2"}},{"type":"Feature","geometry":{"type":"Point","coordinates":[-17.516,64.633]},"properties":{"id":5153,"year":1717,"month":8,"day":4,"volcanoLocationId":170303,"volcanoLocationNewNum":373030,"volcanoLocationNum":"1703-03=","name":"Bardarbunga","location":"Iceland-NE","country":"Iceland","latitude":64.633,"longitude":-17.516,"elevation":2000,"morphology":"Stratovolcano","vei":3,"damageAmountOrder":1,"damageAmountOrderTotal":1,"significant":true,"publish":false,"eruption":true,"status":"Historical","timeErupt":"D2","date":"1717-08-04","group":"VEI 3"}},{"type":"Feature","geometry":{"type":"Point","coordinates":[-17.516,64.633]},"properties":{"id":5154,"year":1726,"month":2,"day":1,"volcanoLocationId":170303,"volcanoLocationNewNum":373030,"volcanoLocationNum":"1703-03=","name":"Bardarbunga","location":"Iceland-NE","country":"Iceland","latitude":64.633,"longitude":-17.516,"elevation":2000,"morphology":"Stratovolcano","vei":1,"damageAmountOrder":1,"damageAmountOrderTotal":1,"significant":true,"publish":false,"eruption":true,"status":"Historical","timeErupt":"D2","date":"1726-02-01","group":"VEI 1"}},{"type":"Feature","geometry":{"type":"Point","coordinates":[-17.516,64.633]},"properties":{"id":5155,"year":1729,"month":2,"day":1,"volcanoLocationId":170303,"volcanoLocationNewNum":373030,"volcanoLocationNum":"1703-03=","name":"Bardarbunga","location":"Iceland-NE","country":"Iceland","latitude":64.633,"longitude":-17.516,"elevation":2000,"morphology":"Stratovolcano","vei":1,"damageAmountOrder":1,"damageAmountOrderTotal":1,"significant":true,"publish":false,"eruption":true,"status":"Historical","timeErupt":"D2","date":"1729-02-01","group":"VEI 1"}},{"type":"Feature","geometry":{"type":"Point","coordinates":[-90.601,14.382]},"properties":{"id":5164,"year":2010,"month":5,"day":27,"volcanoLocationId":140211,"volcanoLocationNewNum":342110,"volcanoLocationNum":"1402-11=","name":"Pacaya","location":"Guatemala","country":"Guatemala","latitude":14.382,"longitude":-90.601,"elevation":2569,"morphology":"Complex volcano","vei":3,"agent":"T","deaths":1,"deathsAmountOrder":1,"missing":3,"missingAmountOrder":1,"damageAmountOrder":1,"housesDestroyed":3,"housesDestroyedAmountOrder":1,"deathsTotal":1,"deathsAmountOrderTotal":1,"missingTotal":3,"missingAmountOrderTotal":1,"damageAmountOrderTotal":1,"housesDestroyedTotal":3,"housesDestroyedAmountOrderTotal":1,"significant":true,"publish":false,"eruption":true,"status":"Historical","timeErupt":"D1","date":"2010-05-27","group":"VEI 3"}},{"type":"Feature","geometry":{"type":"Point","coordinates":[145.85,16.88]},"properties":{"id":5184,"year":2010,"month":5,"day":29,"tsunamiEventId":4822,"earthquakeEventId":9172,"volcanoLocationId":804191,"volcanoLocationNewNum":284191,"volcanoLocationNum":"0804-191","name":"Zealandia Bank","location":"Mariana Is-C Pacific","country":"United States","latitude":16.88,"longitude":145.85,"elevation":0,"morphology":"Stratovolcano","significant":true,"publish":false,"eruption":true,"status":"Holocene","timeErupt":"U","date":"2010-05-29","group":"VEI not recorded"}},{"type":"Feature","geometry":{"type":"Point","coordinates":[-141.75,61.38]},"properties":{"id":5204,"year":60,"volcanoLocationId":110503,"volcanoLocationNewNum":315030,"volcanoLocationNum":"1105-03-","name":"Churchill","location":"Alaska-E","country":"United States","latitude":61.38,"longitude":-141.75,"elevation":5005,"morphology":"Stratovolcano","vei":6,"significant":true,"publish":false,"eruption":true,"status":"Radiocarbon","timeErupt":"D6","date":"0060","group":"VEI 6"}},{"type":"Feature","geometry":{"type":"Point","coordinates":[147.12,-5.358]},"properties":{"id":5205,"year":-2040,"volcanoLocationId":50105,"volcanoLocationNewNum":251050,"volcanoLocationNum":"0501-05=","name":"Long Island","location":"New Guinea-NE of","country":"Papua New Guinea","latitude":-5.358,"longitude":147.12,"elevation":1280,"morphology":"Complex volcano","vei":6,"significant":true,"publish":false,"eruption":true,"status":"Historical","timeErupt":"D1","date":"-2040","group":"VEI 6"}},{"type":"Feature","geometry":{"type":"Point","coordinates":[-78.904,-0.859]},"properties":{"id":5206,"year":1280,"volcanoLocationId":150206,"volcanoLocationNewNum":352060,"volcanoLocationNum":"1502-06=","name":"Quilotoa","location":"Ecuador","country":"Ecuador","latitude":-0.859,"longitude":-78.904,"elevation":3914,"morphology":"Caldera","vei":6,"damageAmountOrder":1,"significant":true,"publish":false,"eruption":true,"status":"Radiocarbon","timeErupt":"D6","date":"1280","group":"VEI 6"}},{"type":"Feature","geometry":{"type":"Point","coordinates":[128.08,41.98]},"properties":{"id":5207,"year":946,"volcanoLocationId":100506,"volcanoLocationNewNum":305060,"volcanoLocationNum":"1005-06-","name":"Changbaishan","location":"China-E","country":"North Korea","latitude":41.98,"longitude":128.08,"elevation":2744,"morphology":"Stratovolcano","vei":7,"significant":true,"publish":false,"eruption":true,"status":"Historical","timeErupt":"D4","date":"0946","group":"VEI 7"}},{"type":"Feature","geometry":{"type":"Point","coordinates":[-104.508,21.125]},"properties":{"id":5208,"year":930,"volcanoLocationId":140103,"volcanoLocationNewNum":341030,"volcanoLocationNum":"1401-03=","name":"Ceboruco","location":"Mexico","country":"Mexico","latitude":21.125,"longitude":-104.508,"elevation":2280,"morphology":"Stratovolcano","vei":6,"significant":true,"publish":false,"eruption":true,"status":"Historical","timeErupt":"D3","date":"0930","group":"VEI 6"}},{"type":"Feature","geometry":{"type":"Point","coordinates":[150.516,-5.575]},"properties":{"id":5210,"year":710,"volcanoLocationId":50208,"volcanoLocationNewNum":252080,"volcanoLocationNum":"0502-08=","name":"Witori","location":"New Britain-SW Pac","country":"Papua New Guinea","latitude":-5.575,"longitude":150.516,"elevation":724,"morphology":"Caldera","vei":6,"significant":true,"publish":false,"eruption":true,"status":"Historical","timeErupt":"D2","date":"0710","group":"VEI 6"}},{"type":"Feature","geometry":{"type":"Point","coordinates":[157.572,51.844]},"properties":{"id":5211,"year":240,"volcanoLocationId":100005,"volcanoLocationNewNum":300050,"volcanoLocationNum":"1000-05=","name":"Ksudach","location":"Kamchatka","country":"Russia","latitude":51.844,"longitude":157.572,"elevation":1079,"morphology":"Stratovolcano","vei":6,"significant":true,"publish":false,"eruption":true,"status":"Historical","timeErupt":"D2","date":"0240","group":"VEI 6"}},{"type":"Feature","geometry":{"type":"Point","coordinates":[168.12,-16.25]},"properties":{"id":5212,"year":50,"volcanoLocationId":50704,"volcanoLocationNewNum":257040,"volcanoLocationNum":"0507-04=","name":"Ambrym","location":"Vanuatu-SW Pacific","country":"Vanuatu","latitude":-16.25,"longitude":168.12,"elevation":1334,"morphology":"Pyroclastic shield","vei":6,"significant":true,"publish":false,"eruption":true,"status":"Historical","timeErupt":"D1","date":"0050","group":"VEI 6"}},{"type":"Feature","geometry":{"type":"Point","coordinates":[-86.342,12.242]},"properties":{"id":5224,"year":-50,"volcanoLocationId":1404091,"volcanoLocationNewNum":344091,"volcanoLocationNum":"1404-091","name":"Apoyeque","location":"Nicaragua","country":"Nicaragua","latitude":12.242,"longitude":-86.342,"elevation":518,"morphology":"Pyroclastic shield","vei":6,"significant":true,"publish":false,"eruption":true,"status":"Radiocarbon","timeErupt":"D7","date":"-50","group":"VEI 6"}},{"type":"Feature","geometry":{"type":"Point","coordinates":[-168.13,53.43]},"properties":{"id":5225,"year":-100,"volcanoLocationId":110129,"volcanoLocationNewNum":311290,"volcanoLocationNum":"1101-29-","name":"Okmok","location":"Aleutian Is","country":"United States","latitude":53.43,"longitude":-168.13,"elevation":1073,"morphology":"Shield volcano","vei":6,"significant":true,"publish":false,"eruption":true,"status":"Historical","timeErupt":"D1","date":"-100","group":"VEI 6"}},{"type":"Feature","geometry":{"type":"Point","coordinates":[-177.92,-29.27]},"properties":{"id":5226,"year":-250,"volcanoLocationId":40203,"volcanoLocationNewNum":242030,"volcanoLocationNum":"0402-03=","name":"Raoul Island","location":"Kermadec Is","country":"New Zealand","latitude":-29.27,"longitude":-177.92,"elevation":516,"morphology":"Stratovolcano","vei":6,"significant":true,"publish":false,"eruption":true,"status":"Historical","timeErupt":"D1","date":"-250","group":"VEI 6"}},{"type":"Feature","geometry":{"type":"Point","coordinates":[120.35,15.13]},"properties":{"id":5227,"year":-1050,"volcanoLocationId":703083,"volcanoLocationNewNum":273083,"volcanoLocationNum":"0703-083","name":"Pinatubo","location":"Luzon-Philippines","country":"Philippines","latitude":15.13,"longitude":120.35,"elevation":1486,"morphology":"Stratovolcano","vei":6,"significant":true,"publish":false,"eruption":true,"status":"Historical","timeErupt":"D1","date":"-1050","group":"VEI 6"}},{"type":"Feature","geometry":{"type":"Point","coordinates":[120.35,15.13]},"properties":{"id":5228,"year":-3550,"volcanoLocationId":703083,"volcanoLocationNewNum":273083,"volcanoLocationNum":"0703-083","name":"Pinatubo","location":"Luzon-Philippines","country":"Philippines","latitude":15.13,"longitude":120.35,"elevation":1486,"morphology":"Stratovolcano","vei":6,"significant":true,"publish":false,"eruption":true,"status":"Historical","timeErupt":"D1","date":"-3550","group":"VEI 6"}},{"type":"Feature","geometry":{"type":"Point","coordinates":[150.516,-5.575]},"properties":{"id":5229,"year":-1370,"volcanoLocationId":50208,"volcanoLocationNewNum":252080,"volcanoLocationNum":"0502-08=","name":"Witori","location":"New Britain-SW Pac","country":"Papua New Guinea","latitude":-5.575,"longitude":150.516,"elevation":724,"morphology":"Caldera","vei":6,"significant":true,"publish":false,"eruption":true,"status":"Historical","timeErupt":"D2","date":"-1370","group":"VEI 6"}},{"type":"Feature","geometry":{"type":"Point","coordinates":[150.516,-5.575]},"properties":{"id":5230,"year":-4000,"volcanoLocationId":50208,"volcanoLocationNewNum":252080,"volcanoLocationNum":"0502-08=","name":"Witori","location":"New Britain-SW Pac","country":"Papua New Guinea","latitude":-5.575,"longitude":150.516,"elevation":724,"morphology":"Caldera","vei":6,"agent":"T","deathsAmountOrder":1,"damageAmountOrder":1,"deathsAmountOrderTotal":1,"damageAmountOrderTotal":1,"significant":true,"publish":false,"eruption":true,"status":"Historical","timeErupt":"D2","date":"-4000","group":"VEI 6"}},{"type":"Feature","geometry":{"type":"Point","coordinates":[175.893,-38.781]},"properties":{"id":5231,"year":-1460,"volcanoLocationId":40107,"volcanoLocationNewNum":241070,"volcanoLocationNum":"0401-07=","name":"Taupo","location":"New Zealand","country":"New Zealand","latitude":-38.781,"longitude":175.893,"elevation":760,"morphology":"Caldera","vei":6,"significant":true,"publish":false,"eruption":true,"status":"Radiocarbon","timeErupt":"D6","date":"-1460","group":"VEI 6"}},{"type":"Feature","geometry":{"type":"Point","coordinates":[-159.38,56.17]},"properties":{"id":5232,"year":-1750,"volcanoLocationId":110207,"volcanoLocationNewNum":312070,"volcanoLocationNum":"1102-07-","name":"Veniaminof","location":"Alaska Peninsula","country":"United States","latitude":56.17,"longitude":-159.38,"elevation":2507,"morphology":"Stratovolcano","vei":6,"significant":true,"publish":false,"eruption":true,"status":"Historical","timeErupt":"D1","date":"-1750","group":"VEI 6"}},{"type":"Feature","geometry":{"type":"Point","coordinates":[-122.18,46.2]},"properties":{"id":5233,"year":-1860,"volcanoLocationId":120105,"volcanoLocationNewNum":321050,"volcanoLocationNum":"1201-05-","name":"St. Helens","location":"US-Washington","country":"United States","latitude":46.2,"longitude":-122.18,"elevation":2549,"morphology":"Stratovolcano","vei":6,"significant":true,"publish":false,"eruption":true,"status":"Historical","timeErupt":"D1","date":"-1860","group":"VEI 6"}},{"type":"Feature","geometry":{"type":"Point","coordinates":[-72.97,-45.9]},"properties":{"id":5234,"year":-1890,"volcanoLocationId":1508057,"volcanoLocationNewNum":358057,"volcanoLocationNum":"1508-057","name":"Hudson, Cerro","location":"Chile-S","country":"Chile","latitude":-45.9,"longitude":-72.97,"elevation":1905,"morphology":"Stratovolcano","vei":6,"significant":true,"publish":false,"eruption":true,"status":"Historical","timeErupt":"D1","date":"-1890","group":"VEI 6"}},{"type":"Feature","geometry":{"type":"Point","coordinates":[-158.785,56.552]},"properties":{"id":5235,"year":-1900,"volcanoLocationId":110208,"volcanoLocationNewNum":312080,"volcanoLocationNum":"1102-08-","name":"Black Peak","location":"Alaska Peninsula","country":"United States","latitude":56.552,"longitude":-158.785,"elevation":1032,"morphology":"Stratovolcano","vei":6,"significant":true,"publish":false,"eruption":true,"status":"Radiocarbon","timeErupt":"D7","date":"-1900","group":"VEI 6"}},{"type":"Feature","geometry":{"type":"Point","coordinates":[120.998,14.011]},"properties":{"id":5236,"year":-3580,"volcanoLocationId":70307,"volcanoLocationNewNum":273070,"volcanoLocationNum":"0703-07=","name":"Taal","location":"Luzon-Philippines","country":"Philippines","latitude":14.011,"longitude":120.998,"elevation":311,"morphology":"Stratovolcano","vei":6,"significant":true,"publish":false,"eruption":true,"status":"Historical","timeErupt":"D1","date":"-3580","group":"VEI 6"}},{"type":"Feature","geometry":{"type":"Point","coordinates":[-86.169,11.984]},"properties":{"id":5237,"year":-4050,"volcanoLocationId":140410,"volcanoLocationNewNum":344100,"volcanoLocationNum":"1404-10=","name":"Masaya","location":"Nicaragua","country":"Nicaragua","latitude":11.984,"longitude":-86.169,"elevation":594,"morphology":"Caldera","vei":6,"significant":true,"publish":false,"eruption":true,"status":"Historical","timeErupt":"D1","date":"-4050","group":"VEI 6"}},{"type":"Feature","geometry":{"type":"Point","coordinates":[-178.475,-30.21]},"properties":{"id":5238,"year":-4360,"volcanoLocationId":402021,"volcanoLocationNewNum":242021,"volcanoLocationNum":"0402-021","name":"Macauley","location":"Kermadec Is","country":"New Zealand","latitude":-30.21,"longitude":-178.475,"elevation":238,"morphology":"Caldera","vei":6,"significant":true,"publish":false,"eruption":true,"status":"Holocene","timeErupt":"U","date":"-4360","group":"VEI 6"}},{"type":"Feature","geometry":{"type":"Point","coordinates":[98.392,3.17]},"properties":{"id":5244,"year":2010,"month":8,"day":30,"volcanoLocationId":60108,"volcanoLocationNewNum":261080,"volcanoLocationNum":"0601-08=","name":"Sinabung","location":"Sumatra","country":"Indonesia","latitude":3.17,"longitude":98.392,"elevation":2460,"morphology":"Stratovolcano","vei":3,"deaths":2,"deathsAmountOrder":1,"deathsTotal":2,"deathsAmountOrderTotal":1,"significant":true,"publish":false,"eruption":true,"status":"Holocene","timeErupt":"U","date":"2010-08-30","group":"VEI 3"}},{"type":"Feature","geometry":{"type":"Point","coordinates":[105.423,-6.101]},"properties":{"id":5264,"year":1883,"month":10,"day":10,"tsunamiEventId":1144,"volcanoLocationId":60200,"volcanoLocationNewNum":262000,"volcanoLocationNum":"0602-00=","name":"Krakatau","location":"Indonesia","country":"Indonesia","latitude":-6.101,"longitude":105.423,"elevation":285,"morphology":"Caldera","significant":true,"publish":false,"eruption":true,"status":"Historical","timeErupt":"D1","date":"1883-10-10","group":"VEI not recorded"}},{"type":"Feature","geometry":{"type":"Point","coordinates":[105.423,-6.101]},"properties":{"id":5285,"year":1884,"month":2,"tsunamiEventId":1145,"volcanoLocationId":60200,"volcanoLocationNewNum":262000,"volcanoLocationNum":"0602-00=","name":"Krakatau","location":"Indonesia","country":"Indonesia","latitude":-6.101,"longitude":105.423,"elevation":285,"morphology":"Caldera","significant":true,"publish":false,"eruption":true,"status":"Historical","timeErupt":"D1","date":"1884-02","group":"VEI not recorded"}},{"type":"Feature","geometry":{"type":"Point","coordinates":[110.446,-7.54]},"properties":{"id":5304,"year":2010,"month":10,"day":26,"volcanoLocationId":60325,"volcanoLocationNewNum":263250,"volcanoLocationNum":"0603-25=","name":"Merapi","location":"Java","country":"Indonesia","latitude":-7.54,"longitude":110.446,"elevation":2910,"morphology":"Stratovolcano","vei":4,"deaths":367,"deathsAmountOrder":3,"injuries":277,"injuriesAmountOrder":3,"damageMillionsDollars":600,"damageAmountOrder":4,"housesDestroyedAmountOrder":3,"deathsTotal":367,"deathsAmountOrderTotal":3,"injuriesTotal":277,"injuriesAmountOrderTotal":3,"damageMillionsDollarsTotal":600,"damageAmountOrderTotal":4,"housesDestroyedAmountOrderTotal":3,"significant":true,"publish":false,"eruption":true,"status":"Historical","timeErupt":"D1","date":"2010-10-26","group":"VEI 4"}},{"type":"Feature","geometry":{"type":"Point","coordinates":[110.446,-7.54]},"properties":{"id":5305,"year":2006,"month":6,"day":14,"volcanoLocationId":60325,"volcanoLocationNewNum":263250,"volcanoLocationNum":"0603-25=","name":"Merapi","location":"Java","country":"Indonesia","latitude":-7.54,"longitude":110.446,"elevation":2910,"morphology":"Stratovolcano","vei":1,"agent":"P","deaths":2,"deathsAmountOrder":1,"deathsTotal":2,"deathsAmountOrderTotal":1,"significant":true,"publish":false,"eruption":true,"status":"Historical","timeErupt":"D1","date":"2006-06-14","group":"VEI 1"}},{"type":"Feature","geometry":{"type":"Point","coordinates":[25.396,36.404]},"properties":{"id":5324,"year":-197,"tsunamiEventId":3473,"earthquakeEventId":7795,"volcanoLocationId":10204,"volcanoLocationNewNum":212040,"volcanoLocationNum":"0102-04=","name":"Santorini","location":"Greece","country":"Greece","latitude":36.404,"longitude":25.396,"elevation":367,"morphology":"Shield volcano","vei":3,"significant":true,"publish":false,"eruption":true,"status":"Historical","timeErupt":"D2","date":"-197","group":"VEI 3"}},{"type":"Feature","geometry":{"type":"Point","coordinates":[112.95,-7.942]},"properties":{"id":5344,"year":2010,"month":12,"day":28,"volcanoLocationId":60331,"volcanoLocationNewNum":263310,"volcanoLocationNum":"0603-31=","name":"Tengger Caldera","location":"Java","country":"Indonesia","latitude":-7.942,"longitude":112.95,"elevation":2329,"morphology":"Stratovolcano","vei":3,"damageAmountOrder":1,"significant":true,"publish":false,"eruption":true,"status":"Historical","timeErupt":"D1","date":"2010-12-28","group":"VEI 3"}},{"type":"Feature","geometry":{"type":"Point","coordinates":[130.862,31.934]},"properties":{"id":5364,"year":2011,"month":1,"day":28,"volcanoLocationId":80209,"volcanoLocationNewNum":282090,"volcanoLocationNum":"0802-09=","name":"Kirishimayama","location":"Kyushu-Japan","country":"Japan","latitude":31.934,"longitude":130.862,"elevation":1700,"morphology":"Shield volcano","vei":3,"injuriesAmountOrder":1,"damageAmountOrder":1,"injuriesAmountOrderTotal":1,"damageAmountOrderTotal":1,"significant":true,"publish":false,"eruption":true,"status":"Historical","timeErupt":"D1","date":"2011-01-28","group":"VEI 3"}},{"type":"Feature","geometry":{"type":"Point","coordinates":[124.056,12.769]},"properties":{"id":5384,"year":2006,"month":6,"day":7,"volcanoLocationId":70301,"volcanoLocationNewNum":273010,"volcanoLocationNum":"0703-01=","name":"Bulusan","location":"Luzon-Philippines","country":"Philippines","latitude":12.769,"longitude":124.056,"elevation":1535,"morphology":"Stratovolcano","vei":2,"deaths":1,"deathsAmountOrder":1,"deathsTotal":1,"deathsAmountOrderTotal":1,"significant":true,"publish":false,"eruption":true,"status":"Historical","timeErupt":"D1","date":"2006-06-07","group":"VEI 2"}},{"type":"Feature","geometry":{"type":"Point","coordinates":[124.056,12.769]},"properties":{"id":5404,"year":2011,"month":2,"day":23,"volcanoLocationId":70301,"volcanoLocationNewNum":273010,"volcanoLocationNum":"0703-01=","name":"Bulusan","location":"Luzon-Philippines","country":"Philippines","latitude":12.769,"longitude":124.056,"elevation":1535,"morphology":"Stratovolcano","vei":2,"deaths":1,"deathsAmountOrder":1,"deathsTotal":1,"deathsAmountOrderTotal":1,"significant":true,"publish":false,"eruption":true,"status":"Historical","timeErupt":"D1","date":"2011-02-23","group":"VEI 2"}},{"type":"Feature","geometry":{"type":"Point","coordinates":[125.407,2.781]},"properties":{"id":5424,"year":2010,"month":8,"day":6,"volcanoLocationId":60702,"volcanoLocationNewNum":267020,"volcanoLocationNum":"0607-02=","name":"Karangetang","location":"Sangihe Is-Indonesia","country":"Indonesia","latitude":2.781,"longitude":125.407,"elevation":1797,"morphology":"Stratovolcano","vei":3,"deaths":4,"deathsAmountOrder":1,"injuries":5,"injuriesAmountOrder":1,"housesDestroyedAmountOrder":1,"deathsTotal":4,"deathsAmountOrderTotal":1,"injuriesTotal":5,"injuriesAmountOrderTotal":1,"housesDestroyedAmountOrderTotal":1,"significant":true,"publish":false,"eruption":true,"status":"Historical","timeErupt":"D1","date":"2010-08-06","group":"VEI 3"}},{"type":"Feature","geometry":{"type":"Point","coordinates":[-72.117,-40.59]},"properties":{"id":5444,"year":2011,"month":6,"day":4,"volcanoLocationId":150715,"volcanoLocationNewNum":357150,"volcanoLocationNum":"1507-15=","name":"Puyehue-Cordon Caulle","location":"Chile-C","country":"Chile","latitude":-40.59,"longitude":-72.117,"elevation":2236,"morphology":"Stratovolcano","vei":4,"damageAmountOrder":2,"damageAmountOrderTotal":2,"significant":true,"publish":false,"eruption":true,"status":"Holocene","timeErupt":"U","date":"2011-06-04","group":"VEI 4"}},{"type":"Feature","geometry":{"type":"Point","coordinates":[127.332,0.81]},"properties":{"id":5445,"year":2011,"month":12,"day":27,"volcanoLocationId":60806,"volcanoLocationNewNum":268060,"volcanoLocationNum":"0608-06=","name":"Gamalama","location":"Halmahera-Indonesia","country":"Indonesia","latitude":0.81,"longitude":127.332,"elevation":1714,"morphology":"Stratovolcano","vei":2,"agent":"m","deaths":4,"deathsAmountOrder":1,"injuriesAmountOrder":1,"deathsTotal":4,"deathsAmountOrderTotal":1,"injuriesAmountOrderTotal":1,"significant":true,"publish":false,"eruption":true,"status":"Historical","timeErupt":"D1","date":"2011-12-27","group":"VEI 2"}},{"type":"Feature","geometry":{"type":"Point","coordinates":[124.792,1.358]},"properties":{"id":5464,"year":2011,"month":7,"day":17,"volcanoLocationId":60610,"volcanoLocationNewNum":266100,"volcanoLocationNum":"0606-10=","name":"Lokon-Empung","location":"Sulawesi-Indonesia","country":"Indonesia","latitude":1.358,"longitude":124.792,"elevation":1580,"morphology":"Stratovolcano","vei":2,"deaths":1,"deathsAmountOrder":1,"deathsTotal":1,"deathsAmountOrderTotal":1,"significant":true,"publish":false,"eruption":true,"status":"Historical","timeErupt":"D1","date":"2011-07-17","group":"VEI 2"}},{"type":"Feature","geometry":{"type":"Point","coordinates":[161.36,56.653]},"properties":{"id":5484,"year":1999,"month":8,"day":15,"volcanoLocationId":100027,"volcanoLocationNewNum":300270,"volcanoLocationNum":"1000-27=","name":"Sheveluch","location":"Kamchatka","country":"Russia","latitude":56.653,"longitude":161.36,"elevation":3283,"morphology":"Stratovolcano","vei":4,"damageAmountOrder":1,"significant":true,"publish":false,"eruption":true,"status":"Historical","timeErupt":"D1","date":"1999-08-15","group":"VEI 4"}},{"type":"Feature","geometry":{"type":"Point","coordinates":[14.999,37.748]},"properties":{"id":5485,"year":2001,"month":5,"day":14,"volcanoLocationId":10106,"volcanoLocationNewNum":211060,"volcanoLocationNum":"0101-06=","name":"Etna","location":"Italy","country":"Italy","latitude":37.748,"longitude":14.999,"elevation":3357,"morphology":"Stratovolcano","vei":3,"deaths":1,"deathsAmountOrder":1,"damageAmountOrder":1,"deathsTotal":1,"deathsAmountOrderTotal":1,"damageAmountOrderTotal":1,"significant":true,"publish":false,"eruption":true,"status":"Historical","timeErupt":"D1","date":"2001-05-14","group":"VEI 3"}},{"type":"Feature","geometry":{"type":"Point","coordinates":[14.999,37.748]},"properties":{"id":5486,"year":2001,"month":7,"day":26,"volcanoLocationId":10106,"volcanoLocationNewNum":211060,"volcanoLocationNum":"0101-06=","name":"Etna","location":"Italy","country":"Italy","latitude":37.748,"longitude":14.999,"elevation":3357,"morphology":"Stratovolcano","vei":2,"damageAmountOrder":1,"housesDestroyedAmountOrder":1,"damageAmountOrderTotal":1,"housesDestroyedAmountOrderTotal":1,"significant":true,"publish":false,"eruption":true,"status":"Historical","timeErupt":"D1","date":"2001-07-26","group":"VEI 2"}},{"type":"Feature","geometry":{"type":"Point","coordinates":[14.999,37.748]},"properties":{"id":5487,"year":2002,"month":10,"day":28,"earthquakeEventId":5659,"volcanoLocationId":10106,"volcanoLocationNewNum":211060,"volcanoLocationNum":"0101-06=","name":"Etna","location":"Italy","country":"Italy","latitude":37.748,"longitude":14.999,"elevation":3357,"morphology":"Stratovolcano","vei":3,"injuries":32,"injuriesAmountOrder":1,"damageAmountOrder":2,"housesDestroyedAmountOrder":2,"injuriesTotal":32,"injuriesAmountOrderTotal":1,"damageAmountOrderTotal":2,"housesDestroyedAmountOrderTotal":2,"significant":true,"publish":false,"eruption":true,"status":"Historical","timeErupt":"D1","date":"2002-10-28","group":"VEI 3"}},{"type":"Feature","geometry":{"type":"Point","coordinates":[14.999,37.748]},"properties":{"id":5488,"year":1991,"month":12,"day":14,"volcanoLocationId":10106,"volcanoLocationNewNum":211060,"volcanoLocationNum":"0101-06=","name":"Etna","location":"Italy","country":"Italy","latitude":37.748,"longitude":14.999,"elevation":3357,"morphology":"Stratovolcano","vei":2,"damageMillionsDollars":2.5,"damageAmountOrder":2,"damageMillionsDollarsTotal":2.5,"damageAmountOrderTotal":2,"significant":true,"publish":false,"eruption":true,"status":"Historical","timeErupt":"D1","date":"1991-12-14","group":"VEI 2"}},{"type":"Feature","geometry":{"type":"Point","coordinates":[14.999,37.748]},"properties":{"id":5489,"year":1981,"month":3,"day":17,"volcanoLocationId":10106,"volcanoLocationNewNum":211060,"volcanoLocationNum":"0101-06=","name":"Etna","location":"Italy","country":"Italy","latitude":37.748,"longitude":14.999,"elevation":3357,"morphology":"Stratovolcano","vei":2,"damageMillionsDollars":10,"damageAmountOrder":3,"significant":true,"publish":false,"eruption":true,"status":"Historical","timeErupt":"D1","date":"1981-03-17","group":"VEI 2"}},{"type":"Feature","geometry":{"type":"Point","coordinates":[125.407,2.781]},"properties":{"id":5504,"year":2011,"month":3,"day":18,"volcanoLocationId":60702,"volcanoLocationNewNum":267020,"volcanoLocationNum":"0607-02=","name":"Karangetang","location":"Sangihe Is-Indonesia","country":"Indonesia","latitude":2.781,"longitude":125.407,"elevation":1797,"morphology":"Stratovolcano","vei":2,"damageAmountOrder":1,"damageAmountOrderTotal":1,"significant":true,"publish":false,"eruption":true,"status":"Historical","timeErupt":"D1","date":"2011-03-18","group":"VEI 2"}},{"type":"Feature","geometry":{"type":"Point","coordinates":[125.407,2.781]},"properties":{"id":5505,"year":2002,"month":1,"day":3,"volcanoLocationId":60702,"volcanoLocationNewNum":267020,"volcanoLocationNum":"0607-02=","name":"Karangetang","location":"Sangihe Is-Indonesia","country":"Indonesia","latitude":2.781,"longitude":125.407,"elevation":1797,"morphology":"Stratovolcano","vei":3,"agent":"M","damageAmountOrder":1,"housesDestroyedAmountOrder":1,"damageAmountOrderTotal":1,"housesDestroyedAmountOrderTotal":1,"significant":true,"publish":false,"eruption":true,"status":"Historical","timeErupt":"D1","date":"2002-01-03","group":"VEI 3"}},{"type":"Feature","geometry":{"type":"Point","coordinates":[41.7,13.37]},"properties":{"id":5524,"year":2011,"month":6,"day":22,"volcanoLocationId":201101,"volcanoLocationNewNum":221101,"volcanoLocationNum":"0201-101","name":"Nabro","location":"Africa-NE","country":"Eritrea","latitude":13.37,"longitude":41.7,"elevation":2218,"morphology":"Stratovolcano","vei":4,"deaths":31,"deathsAmountOrder":1,"injuriesAmountOrder":3,"damageAmountOrder":1,"deathsTotal":31,"deathsAmountOrderTotal":1,"injuriesAmountOrderTotal":3,"damageAmountOrderTotal":1,"significant":true,"publish":false,"eruption":true,"status":"Holocene","timeErupt":"Unknown","date":"2011-06-22","group":"VEI 4"}},{"type":"Feature","geometry":{"type":"Point","coordinates":[110.446,-7.54]},"properties":{"id":5525,"year":2011,"month":1,"day":3,"volcanoLocationId":60325,"volcanoLocationNewNum":263250,"volcanoLocationNum":"0603-25=","name":"Merapi","location":"Java","country":"Indonesia","latitude":-7.54,"longitude":110.446,"elevation":2910,"morphology":"Stratovolcano","agent":"M","deaths":1,"deathsAmountOrder":1,"injuries":1,"injuriesAmountOrder":1,"damageAmountOrder":1,"deathsTotal":1,"deathsAmountOrderTotal":1,"injuriesTotal":1,"injuriesAmountOrderTotal":1,"damageAmountOrderTotal":1,"significant":true,"publish":false,"eruption":true,"status":"Historical","timeErupt":"D1","date":"2011-01-03","group":"VEI not recorded"}},{"type":"Feature","geometry":{"type":"Point","coordinates":[-78.442,-1.467]},"properties":{"id":5526,"year":2008,"month":8,"day":22,"volcanoLocationId":150208,"volcanoLocationNewNum":352080,"volcanoLocationNum":"1502-08=","name":"Tungurahua","location":"Ecuador","country":"Ecuador","latitude":-1.467,"longitude":-78.442,"elevation":5023,"morphology":"Stratovolcano","vei":3,"agent":"M","deaths":2,"deathsAmountOrder":1,"injuries":2,"injuriesAmountOrder":1,"damageAmountOrder":1,"housesDestroyed":2,"housesDestroyedAmountOrder":1,"deathsTotal":2,"deathsAmountOrderTotal":1,"injuriesTotal":2,"injuriesAmountOrderTotal":1,"damageAmountOrderTotal":1,"housesDestroyedTotal":2,"housesDestroyedAmountOrderTotal":1,"significant":true,"publish":false,"eruption":true,"status":"Historical","timeErupt":"D1","date":"2008-08-22","group":"VEI 3"}},{"type":"Feature","geometry":{"type":"Point","coordinates":[-78.442,-1.467]},"properties":{"id":5527,"year":2006,"month":7,"day":18,"volcanoLocationId":150208,"volcanoLocationNewNum":352080,"volcanoLocationNum":"1502-08=","name":"Tungurahua","location":"Ecuador","country":"Ecuador","latitude":-1.467,"longitude":-78.442,"elevation":5023,"morphology":"Stratovolcano","vei":3,"deaths":1,"deathsAmountOrder":1,"deathsTotal":1,"deathsAmountOrderTotal":1,"significant":true,"publish":false,"eruption":true,"status":"Historical","timeErupt":"D1","date":"2006-07-18","group":"VEI 3"}},{"type":"Feature","geometry":{"type":"Point","coordinates":[-90.601,14.382]},"properties":{"id":5528,"year":1987,"month":1,"day":25,"volcanoLocationId":140211,"volcanoLocationNewNum":342110,"volcanoLocationNum":"1402-11=","name":"Pacaya","location":"Guatemala","country":"Guatemala","latitude":14.382,"longitude":-90.601,"elevation":2569,"morphology":"Complex volcano","vei":3,"injuries":15,"injuriesAmountOrder":1,"damageAmountOrder":1,"housesDestroyed":63,"housesDestroyedAmountOrder":2,"injuriesTotal":15,"injuriesAmountOrderTotal":1,"damageAmountOrderTotal":1,"housesDestroyedTotal":63,"housesDestroyedAmountOrderTotal":2,"significant":true,"publish":false,"eruption":true,"status":"Historical","timeErupt":"D1","date":"1987-01-25","group":"VEI 3"}},{"type":"Feature","geometry":{"type":"Point","coordinates":[-98.622,19.023]},"properties":{"id":5544,"year":1919,"month":2,"day":19,"volcanoLocationId":140109,"volcanoLocationNewNum":341090,"volcanoLocationNum":"1401-09=","name":"Popocatepetl","location":"Mexico","country":"Mexico","latitude":19.023,"longitude":-98.622,"elevation":5393,"morphology":"Stratovolcano","vei":1,"agent":"A","deathsAmountOrder":2,"deathsAmountOrderTotal":2,"significant":true,"publish":false,"eruption":true,"status":"Historical","timeErupt":"D1","date":"1919-02-19","group":"VEI 1"}},{"type":"Feature","geometry":{"type":"Point","coordinates":[123.685,13.257]},"properties":{"id":5545,"year":1981,"month":6,"day":30,"volcanoLocationId":70303,"volcanoLocationNewNum":273030,"volcanoLocationNum":"0703-03=","name":"Mayon","location":"Luzon-Philippines","country":"Philippines","latitude":13.257,"longitude":123.685,"elevation":2462,"morphology":"Stratovolcano","agent":"m","deaths":200,"deathsAmountOrder":3,"deathsTotal":200,"deathsAmountOrderTotal":3,"significant":true,"publish":false,"eruption":false,"status":"Historical","timeErupt":"D1","date":"1981-06-30","group":"VEI not recorded"}},{"type":"Feature","geometry":{"type":"Point","coordinates":[-62.18,16.72]},"properties":{"id":5546,"year":1997,"month":6,"day":25,"volcanoLocationId":160005,"volcanoLocationNewNum":360050,"volcanoLocationNum":"1600-05=","name":"Soufriere Hills","location":"W Indies","country":"Montserrat","latitude":16.72,"longitude":-62.18,"elevation":915,"morphology":"Stratovolcano","vei":3,"agent":"P","deaths":22,"deathsAmountOrder":1,"missing":1,"deathsTotal":22,"deathsAmountOrderTotal":1,"significant":true,"publish":false,"eruption":true,"status":"Historical","timeErupt":"D1","date":"1997-06-25","group":"VEI 3"}},{"type":"Feature","geometry":{"type":"Point","coordinates":[112.95,-7.942]},"properties":{"id":5547,"year":2004,"month":6,"day":8,"volcanoLocationId":60331,"volcanoLocationNewNum":263310,"volcanoLocationNum":"0603-31=","name":"Tengger Caldera","location":"Java","country":"Indonesia","latitude":-7.942,"longitude":112.95,"elevation":2329,"morphology":"Stratovolcano","vei":2,"agent":"T","deaths":2,"deathsAmountOrder":1,"injuries":5,"injuriesAmountOrder":1,"significant":true,"publish":false,"eruption":true,"status":"Historical","timeErupt":"D1","date":"2004-06-08","group":"VEI 2"}},{"type":"Feature","geometry":{"type":"Point","coordinates":[-19.083,63.633]},"properties":{"id":5564,"year":2011,"month":7,"day":9,"volcanoLocationId":170203,"volcanoLocationNewNum":372030,"volcanoLocationNum":"1702-03=","name":"Katla","location":"Iceland-S","country":"Iceland","latitude":63.633,"longitude":-19.083,"elevation":1490,"morphology":"Subglacial volcano","damageAmountOrder":1,"damageAmountOrderTotal":1,"significant":true,"publish":false,"eruption":true,"status":"Historical","timeErupt":"D2","date":"2011-07-09","group":"VEI not recorded"}},{"type":"Feature","geometry":{"type":"Point","coordinates":[-16.583,64.25]},"properties":{"id":5565,"year":1927,"month":9,"day":5,"volcanoLocationId":170402,"volcanoLocationNewNum":374020,"volcanoLocationNum":"1704-02=","name":"Esjufjoll","location":"Iceland-SE","country":"Iceland","latitude":64.25,"longitude":-16.583,"elevation":1620,"morphology":"Stratovolcano","vei":1,"agent":"M","deaths":1,"deathsAmountOrder":1,"deathsTotal":1,"deathsAmountOrderTotal":1,"significant":true,"publish":false,"eruption":true,"status":"Historical","timeErupt":"D2","date":"1927-09-05","group":"VEI 1"}},{"type":"Feature","geometry":{"type":"Point","coordinates":[-155.287,19.421]},"properties":{"id":5584,"year":2009,"month":11,"day":30,"volcanoLocationId":130201,"volcanoLocationNewNum":332010,"volcanoLocationNum":"1302-01-","name":"Kilauea","location":"Hawaiian Is","country":"United States","latitude":19.421,"longitude":-155.287,"elevation":1222,"morphology":"Shield volcano","damageAmountOrder":2,"damageAmountOrderTotal":2,"significant":true,"publish":false,"eruption":true,"status":"Historical","timeErupt":"D1","date":"2009-11-30","group":"VEI not recorded"}},{"type":"Feature","geometry":{"type":"Point","coordinates":[-155.287,19.421]},"properties":{"id":5585,"year":2012,"month":2,"day":10,"volcanoLocationId":130201,"volcanoLocationNewNum":332010,"volcanoLocationNum":"1302-01-","name":"Kilauea","location":"Hawaiian Is","country":"United States","latitude":19.421,"longitude":-155.287,"elevation":1222,"morphology":"Shield volcano","damageAmountOrder":2,"damageAmountOrderTotal":2,"significant":true,"publish":false,"eruption":true,"status":"Historical","timeErupt":"D1","date":"2012-02-10","group":"VEI not recorded"}},{"type":"Feature","geometry":{"type":"Point","coordinates":[129.881,-4.523]},"properties":{"id":5605,"year":1835,"month":11,"day":1,"earthquakeEventId":1787,"volcanoLocationId":60509,"volcanoLocationNewNum":265090,"volcanoLocationNum":"0605-09=","name":"Banda Api","location":"Banda Sea","country":"Pacific Ocean","latitude":-4.523,"longitude":129.881,"elevation":596,"morphology":"Caldera","deathsAmountOrder":3,"damageAmountOrder":2,"housesDestroyedAmountOrder":2,"deathsAmountOrderTotal":3,"damageAmountOrderTotal":2,"housesDestroyedAmountOrderTotal":2,"significant":true,"publish":false,"eruption":true,"status":"Historical","timeErupt":"D1","date":"1835-11-01","group":"VEI not recorded"}},{"type":"Feature","geometry":{"type":"Point","coordinates":[169.447,-19.532]},"properties":{"id":5624,"year":1863,"month":8,"day":17,"tsunamiEventId":929,"earthquakeEventId":6150,"volcanoLocationId":50710,"volcanoLocationNewNum":257100,"volcanoLocationNum":"0507-10=","name":"Yasur","location":"Vanuatu-SW Pacific","country":"Vanuatu","latitude":-19.532,"longitude":169.447,"elevation":361,"morphology":"Stratovolcano","deathsAmountOrder":3,"deathsAmountOrderTotal":3,"significant":true,"publish":false,"eruption":true,"status":"Historical","timeErupt":"D1","date":"1863-08-17","group":"VEI not recorded"}},{"type":"Feature","geometry":{"type":"Point","coordinates":[168.523,-16.83]},"properties":{"id":5644,"year":1958,"month":10,"day":7,"tsunamiEventId":1882,"volcanoLocationId":50707,"volcanoLocationNewNum":257070,"volcanoLocationNum":"0507-07=","name":"Kuwae","location":"Vanuatu-SW Pacific","country":"Vanuatu","latitude":-16.83,"longitude":168.523,"elevation":-2,"morphology":"Caldera","vei":2,"significant":true,"publish":false,"eruption":true,"status":"Historical","timeErupt":"D1","date":"1958-10-07","group":"VEI 2"}},{"type":"Feature","geometry":{"type":"Point","coordinates":[169.447,-19.532]},"properties":{"id":5664,"year":1878,"month":2,"day":11,"tsunamiEventId":1096,"earthquakeEventId":6625,"volcanoLocationId":50710,"volcanoLocationNewNum":257100,"volcanoLocationNum":"0507-10=","name":"Yasur","location":"Vanuatu-SW Pacific","country":"Vanuatu","latitude":-19.532,"longitude":169.447,"elevation":361,"morphology":"Stratovolcano","significant":true,"publish":false,"eruption":true,"status":"Historical","timeErupt":"D1","date":"1878-02-11","group":"VEI not recorded"}},{"type":"Feature","geometry":{"type":"Point","coordinates":[-78.442,-1.467]},"properties":{"id":5704,"year":2010,"month":1,"volcanoLocationId":150208,"volcanoLocationNewNum":352080,"volcanoLocationNum":"1502-08=","name":"Tungurahua","location":"Ecuador","country":"Ecuador","latitude":-1.467,"longitude":-78.442,"elevation":5023,"morphology":"Stratovolcano","vei":3,"damageAmountOrder":1,"damageAmountOrderTotal":1,"significant":true,"publish":false,"eruption":true,"status":"Historical","timeErupt":"D1","date":"2010-01","group":"VEI 3"}},{"type":"Feature","geometry":{"type":"Point","coordinates":[-78.442,-1.467]},"properties":{"id":5705,"year":2010,"month":11,"volcanoLocationId":150208,"volcanoLocationNewNum":352080,"volcanoLocationNum":"1502-08=","name":"Tungurahua","location":"Ecuador","country":"Ecuador","latitude":-1.467,"longitude":-78.442,"elevation":5023,"morphology":"Stratovolcano","vei":3,"damageAmountOrder":1,"damageAmountOrderTotal":1,"significant":true,"publish":false,"eruption":true,"status":"Historical","timeErupt":"D1","date":"2010-11","group":"VEI 3"}},{"type":"Feature","geometry":{"type":"Point","coordinates":[-78.442,-1.467]},"properties":{"id":5706,"year":2011,"month":4,"volcanoLocationId":150208,"volcanoLocationNewNum":352080,"volcanoLocationNum":"1502-08=","name":"Tungurahua","location":"Ecuador","country":"Ecuador","latitude":-1.467,"longitude":-78.442,"elevation":5023,"morphology":"Stratovolcano","vei":3,"damageAmountOrder":1,"damageAmountOrderTotal":1,"significant":true,"publish":false,"eruption":true,"status":"Historical","timeErupt":"D1","date":"2011-04","group":"VEI 3"}},{"type":"Feature","geometry":{"type":"Point","coordinates":[160.326,55.832]},"properties":{"id":5724,"year":2012,"month":12,"day":12,"volcanoLocationId":100024,"volcanoLocationNewNum":300240,"volcanoLocationNum":"1000-24=","name":"Tolbachik","location":"Kamchatka","country":"Russia","latitude":55.832,"longitude":160.326,"elevation":3611,"morphology":"Shield volcano","vei":3,"damageAmountOrder":1,"damageAmountOrderTotal":1,"significant":true,"publish":false,"eruption":true,"status":"Historical","timeErupt":"D1","date":"2012-12-12","group":"VEI 3"}},{"type":"Feature","geometry":{"type":"Point","coordinates":[-155.287,19.421]},"properties":{"id":5744,"year":1998,"month":4,"day":28,"volcanoLocationId":130201,"volcanoLocationNewNum":332010,"volcanoLocationNum":"1302-01-","name":"Kilauea","location":"Hawaiian Is","country":"United States","latitude":19.421,"longitude":-155.287,"elevation":1222,"morphology":"Shield volcano","agent":"L","deaths":1,"deathsAmountOrder":1,"significant":true,"publish":false,"eruption":true,"status":"Historical","timeErupt":"D1","date":"1998-04-28","group":"VEI not recorded"}},{"type":"Feature","geometry":{"type":"Point","coordinates":[-155.287,19.421]},"properties":{"id":5745,"year":2000,"month":11,"day":3,"volcanoLocationId":130201,"volcanoLocationNewNum":332010,"volcanoLocationNum":"1302-01-","name":"Kilauea","location":"Hawaiian Is","country":"United States","latitude":19.421,"longitude":-155.287,"elevation":1222,"morphology":"Shield volcano","vei":3,"agent":"G","deaths":2,"deathsAmountOrder":1,"deathsTotal":2,"deathsAmountOrderTotal":1,"significant":true,"publish":false,"eruption":true,"status":"Historical","timeErupt":"D1","date":"2000-11-03","group":"VEI 3"}},{"type":"Feature","geometry":{"type":"Point","coordinates":[-155.287,19.421]},"properties":{"id":5746,"year":2012,"month":3,"day":2,"volcanoLocationId":130201,"volcanoLocationNewNum":332010,"volcanoLocationNum":"1302-01-","name":"Kilauea","location":"Hawaiian Is","country":"United States","latitude":19.421,"longitude":-155.287,"elevation":1222,"morphology":"Shield volcano","agent":"L","damageAmountOrder":1,"housesDestroyed":1,"housesDestroyedAmountOrder":1,"significant":true,"publish":false,"eruption":true,"status":"Historical","timeErupt":"D1","date":"2012-03-02","group":"VEI not recorded"}},{"type":"Feature","geometry":{"type":"Point","coordinates":[110.446,-7.54]},"properties":{"id":5784,"year":2013,"month":2,"day":12,"volcanoLocationId":60325,"volcanoLocationNewNum":263250,"volcanoLocationNum":"0603-25=","name":"Merapi","location":"Java","country":"Indonesia","latitude":-7.54,"longitude":110.446,"elevation":2910,"morphology":"Stratovolcano","agent":"M","deaths":1,"deathsAmountOrder":1,"injuries":1,"injuriesAmountOrder":1,"damageAmountOrder":1,"deathsTotal":1,"deathsAmountOrderTotal":1,"injuriesTotal":1,"injuriesAmountOrderTotal":1,"damageAmountOrderTotal":1,"significant":true,"publish":false,"eruption":true,"status":"Historical","timeErupt":"D1","date":"2013-02-12","group":"VEI not recorded"}},{"type":"Feature","geometry":{"type":"Point","coordinates":[-72.65,-15.52]},"properties":{"id":5804,"year":1784,"month":7,"volcanoLocationId":1504003,"volcanoLocationNewNum":354003,"volcanoLocationNum":"1504-003","name":"Coropuna","location":"Peru","country":"Peru","latitude":-15.52,"longitude":-72.65,"elevation":6377,"morphology":"Stratovolcano","damageAmountOrder":1,"damageAmountOrderTotal":1,"significant":true,"publish":false,"eruption":true,"status":"Historical","timeErupt":"D1","date":"1784-07","group":"VEI not recorded"}},{"type":"Feature","geometry":{"type":"Point","coordinates":[121.708,-8.32]},"properties":{"id":5824,"year":2013,"month":2,"volcanoLocationId":60415,"volcanoLocationNewNum":264150,"volcanoLocationNum":"0604-15=","name":"Paluweh","location":"Lesser Sunda Is","country":"Indonesia","latitude":-8.32,"longitude":121.708,"elevation":875,"morphology":"Stratovolcano","vei":3,"damageAmountOrder":1,"housesDestroyedAmountOrder":1,"damageAmountOrderTotal":1,"housesDestroyedAmountOrderTotal":1,"significant":true,"publish":false,"eruption":true,"status":"Historical","timeErupt":"D1","date":"2013-02","group":"VEI 3"}},{"type":"Feature","geometry":{"type":"Point","coordinates":[14.999,37.748]},"properties":{"id":5844,"year":1329,"month":6,"day":28,"tsunamiEventId":3112,"earthquakeEventId":9973,"volcanoLocationId":10106,"volcanoLocationNewNum":211060,"volcanoLocationNum":"0101-06=","name":"Etna","location":"Italy","country":"Italy","latitude":37.748,"longitude":14.999,"elevation":3357,"morphology":"Stratovolcano","vei":3,"damageAmountOrderTotal":1,"housesDestroyedAmountOrderTotal":1,"significant":true,"publish":false,"eruption":true,"status":"Historical","timeErupt":"D1","date":"1329-06-28","group":"VEI 3"}},{"type":"Feature","geometry":{"type":"Point","coordinates":[123.685,13.257]},"properties":{"id":5864,"year":2013,"month":5,"day":7,"volcanoLocationId":70303,"volcanoLocationNewNum":273030,"volcanoLocationNum":"0703-03=","name":"Mayon","location":"Luzon-Philippines","country":"Philippines","latitude":13.257,"longitude":123.685,"elevation":2462,"morphology":"Stratovolcano","vei":1,"deaths":5,"deathsAmountOrder":1,"injuries":8,"injuriesAmountOrder":1,"deathsTotal":5,"deathsAmountOrderTotal":1,"injuriesTotal":8,"injuriesAmountOrderTotal":1,"significant":true,"publish":false,"eruption":true,"status":"Historical","timeErupt":"D1","date":"2013-05-07","group":"VEI 1"}},{"type":"Feature","geometry":{"type":"Point","coordinates":[-163.97,54.756]},"properties":{"id":5884,"year":1856,"month":7,"day":26,"tsunamiEventId":862,"volcanoLocationId":110136,"volcanoLocationNewNum":311360,"volcanoLocationNum":"1101-36-","name":"Shishaldin","location":"Aleutian Is","country":"United States","latitude":54.756,"longitude":-163.97,"elevation":2857,"morphology":"Stratovolcano","significant":true,"publish":false,"eruption":true,"status":"Historical","timeErupt":"D1","date":"1856-07-26","group":"VEI not recorded"}},{"type":"Feature","geometry":{"type":"Point","coordinates":[130.659,31.577]},"properties":{"id":5904,"year":1780,"month":10,"day":31,"tsunamiEventId":528,"volcanoLocationId":80208,"volcanoLocationNewNum":282080,"volcanoLocationNum":"0802-08=","name":"Aira","location":"Kyushu-Japan","country":"Japan","latitude":31.577,"longitude":130.659,"elevation":1117,"morphology":"Stratovolcano","significant":true,"publish":false,"eruption":true,"status":"Historical","timeErupt":"D1","date":"1780-10-31","group":"VEI not recorded"}},{"type":"Feature","geometry":{"type":"Point","coordinates":[130.659,31.577]},"properties":{"id":5924,"year":2013,"month":9,"day":4,"volcanoLocationId":80208,"volcanoLocationNewNum":282080,"volcanoLocationNum":"0802-08=","name":"Aira","location":"Kyushu-Japan","country":"Japan","latitude":31.577,"longitude":130.659,"elevation":1117,"morphology":"Stratovolcano","damageAmountOrder":1,"damageAmountOrderTotal":1,"significant":true,"publish":false,"eruption":true,"status":"Historical","timeErupt":"D1","date":"2013-09-04","group":"VEI not recorded"}},{"type":"Feature","geometry":{"type":"Point","coordinates":[121.708,-8.32]},"properties":{"id":5944,"year":2013,"month":8,"day":10,"volcanoLocationId":60415,"volcanoLocationNewNum":264150,"volcanoLocationNum":"0604-15=","name":"Paluweh","location":"Lesser Sunda Is","country":"Indonesia","latitude":-8.32,"longitude":121.708,"elevation":875,"morphology":"Stratovolcano","vei":3,"deaths":5,"deathsAmountOrder":1,"deathsTotal":5,"deathsAmountOrderTotal":1,"significant":true,"publish":false,"eruption":true,"status":"Historical","timeErupt":"D1","date":"2013-08-10","group":"VEI 3"}},{"type":"Feature","geometry":{"type":"Point","coordinates":[-70.897,-16.345]},"properties":{"id":5964,"year":2013,"month":9,"day":1,"volcanoLocationId":150402,"volcanoLocationNewNum":354020,"volcanoLocationNum":"1504-02=","name":"Ubinas","location":"Peru","country":"Peru","latitude":-16.345,"longitude":-70.897,"elevation":5608,"morphology":"Stratovolcano","vei":2,"damageAmountOrder":1,"damageAmountOrderTotal":1,"significant":true,"publish":false,"eruption":true,"status":"Historical","timeErupt":"D1","date":"2013-09-01","group":"VEI 2"}},{"type":"Feature","geometry":{"type":"Point","coordinates":[98.392,3.17]},"properties":{"id":5984,"year":2013,"month":9,"day":15,"volcanoLocationId":60108,"volcanoLocationNewNum":261080,"volcanoLocationNum":"0601-08=","name":"Sinabung","location":"Sumatra","country":"Indonesia","latitude":3.17,"longitude":98.392,"elevation":2460,"morphology":"Stratovolcano","vei":2,"damageAmountOrder":2,"damageAmountOrderTotal":2,"significant":true,"publish":false,"eruption":true,"status":"Holocene","timeErupt":"U","date":"2013-09-15","group":"VEI 2"}},{"type":"Feature","geometry":{"type":"Point","coordinates":[98.392,3.17]},"properties":{"id":6004,"year":2014,"month":2,"day":1,"volcanoLocationId":60108,"volcanoLocationNewNum":261080,"volcanoLocationNum":"0601-08=","name":"Sinabung","location":"Sumatra","country":"Indonesia","latitude":3.17,"longitude":98.392,"elevation":2460,"morphology":"Stratovolcano","deaths":17,"deathsAmountOrder":1,"injuries":3,"injuriesAmountOrder":1,"damageAmountOrder":1,"housesDestroyedAmountOrder":2,"deathsTotal":17,"deathsAmountOrderTotal":1,"injuriesTotal":3,"injuriesAmountOrderTotal":1,"damageAmountOrderTotal":1,"housesDestroyedAmountOrderTotal":2,"significant":true,"publish":false,"eruption":true,"status":"Holocene","timeErupt":"U","date":"2014-02-01","group":"VEI not recorded"}},{"type":"Feature","geometry":{"type":"Point","coordinates":[112.314,-7.935]},"properties":{"id":6024,"year":2014,"month":2,"day":13,"volcanoLocationId":60328,"volcanoLocationNewNum":263280,"volcanoLocationNum":"0603-28=","name":"Kelud","location":"Java","country":"Indonesia","latitude":-7.935,"longitude":112.314,"elevation":1730,"morphology":"Stratovolcano","vei":4,"deaths":7,"deathsAmountOrder":1,"damageAmountOrder":3,"housesDestroyed":4098,"housesDestroyedAmountOrder":4,"deathsTotal":7,"deathsAmountOrderTotal":1,"damageAmountOrderTotal":3,"housesDestroyedTotal":4098,"housesDestroyedAmountOrderTotal":4,"significant":true,"publish":false,"eruption":true,"status":"Historical","timeErupt":"D1","date":"2014-02-13","group":"VEI 4"}},{"type":"Feature","geometry":{"type":"Point","coordinates":[139.918,31.888]},"properties":{"id":6044,"year":1953,"month":3,"day":25,"tsunamiEventId":5566,"volcanoLocationId":80407,"volcanoLocationNewNum":284070,"volcanoLocationNum":"0804-07=","name":"Myojinsho","location":"Izu Is-Japan","country":"Japan","latitude":31.888,"longitude":139.918,"elevation":11,"morphology":"Submarine volcano","vei":2,"significant":true,"publish":false,"eruption":true,"status":"Historical","timeErupt":"D1","date":"1953-03-25","group":"VEI 2"}},{"type":"Feature","geometry":{"type":"Point","coordinates":[137.48,35.893]},"properties":{"id":6064,"year":2014,"month":9,"day":27,"volcanoLocationId":80304,"volcanoLocationNewNum":283040,"volcanoLocationNum":"0803-04=","name":"Ontakesan","location":"Honshu-Japan","country":"Japan","latitude":35.893,"longitude":137.48,"elevation":3067,"morphology":"Complex volcano","vei":3,"deaths":55,"deathsAmountOrder":2,"injuries":70,"injuriesAmountOrder":2,"deathsTotal":55,"deathsAmountOrderTotal":2,"injuriesTotal":70,"injuriesAmountOrderTotal":2,"significant":true,"publish":false,"eruption":true,"status":"Historical","timeErupt":"D1","date":"2014-09-27","group":"VEI 3"}},{"type":"Feature","geometry":{"type":"Point","coordinates":[-24.35,14.95]},"properties":{"id":6084,"year":2014,"month":11,"day":23,"volcanoLocationId":180401,"volcanoLocationNewNum":384010,"volcanoLocationNum":"1804-01=","name":"Fogo","location":"Cape Verde Is","country":"Cape Verde","latitude":14.95,"longitude":-24.35,"elevation":2829,"morphology":"Stratovolcano","vei":2,"agent":"L","damageAmountOrder":2,"housesDestroyed":230,"housesDestroyedAmountOrder":3,"damageAmountOrderTotal":2,"housesDestroyedTotal":230,"housesDestroyedAmountOrderTotal":3,"significant":true,"publish":false,"eruption":true,"status":"Historical","timeErupt":"D1","date":"2014-11-23","group":"VEI 2"}},{"type":"Feature","geometry":{"type":"Point","coordinates":[-155.287,19.421]},"properties":{"id":6104,"year":2014,"month":11,"day":10,"volcanoLocationId":130201,"volcanoLocationNewNum":332010,"volcanoLocationNum":"1302-01-","name":"Kilauea","location":"Hawaiian Is","country":"United States","latitude":19.421,"longitude":-155.287,"elevation":1222,"morphology":"Shield volcano","damageMillionsDollars":14.5,"damageAmountOrder":3,"housesDestroyed":1,"housesDestroyedAmountOrder":1,"damageMillionsDollarsTotal":14.5,"damageAmountOrderTotal":3,"housesDestroyedTotal":1,"housesDestroyedAmountOrderTotal":1,"significant":true,"publish":false,"eruption":true,"status":"Historical","timeErupt":"D1","date":"2014-11-10","group":"VEI not recorded"}},{"type":"Feature","geometry":{"type":"Point","coordinates":[-72.618,-41.33]},"properties":{"id":6124,"year":1961,"month":1,"day":25,"volcanoLocationId":150802,"volcanoLocationNewNum":358020,"volcanoLocationNum":"1508-02=","name":"Calbuco","location":"Chile-S","country":"Chile","latitude":-41.33,"longitude":-72.618,"elevation":1974,"morphology":"Stratovolcano","vei":3,"damageAmountOrder":1,"significant":true,"publish":false,"eruption":true,"status":"Historical","timeErupt":"D2","date":"1961-01-25","group":"VEI 3"}},{"type":"Feature","geometry":{"type":"Point","coordinates":[-72.618,-41.33]},"properties":{"id":6125,"year":1893,"month":1,"day":7,"volcanoLocationId":150802,"volcanoLocationNewNum":358020,"volcanoLocationNum":"1508-02=","name":"Calbuco","location":"Chile-S","country":"Chile","latitude":-41.33,"longitude":-72.618,"elevation":1974,"morphology":"Stratovolcano","vei":4,"damageAmountOrder":1,"damageAmountOrderTotal":1,"significant":true,"publish":false,"eruption":true,"status":"Historical","timeErupt":"D2","date":"1893-01-07","group":"VEI 4"}},{"type":"Feature","geometry":{"type":"Point","coordinates":[-72.618,-41.33]},"properties":{"id":6126,"year":2015,"month":4,"day":22,"volcanoLocationId":150802,"volcanoLocationNewNum":358020,"volcanoLocationNum":"1508-02=","name":"Calbuco","location":"Chile-S","country":"Chile","latitude":-41.33,"longitude":-72.618,"elevation":1974,"morphology":"Stratovolcano","vei":4,"damageAmountOrder":2,"housesDestroyedAmountOrder":2,"damageAmountOrderTotal":2,"housesDestroyedAmountOrderTotal":2,"significant":true,"publish":false,"eruption":true,"status":"Historical","timeErupt":"D2","date":"2015-04-22","group":"VEI 4"}},{"type":"Feature","geometry":{"type":"Point","coordinates":[125.407,2.781]},"properties":{"id":6144,"year":2015,"month":5,"day":7,"volcanoLocationId":60702,"volcanoLocationNewNum":267020,"volcanoLocationNum":"0607-02=","name":"Karangetang","location":"Sangihe Is-Indonesia","country":"Indonesia","latitude":2.781,"longitude":125.407,"elevation":1797,"morphology":"Stratovolcano","vei":2,"damageAmountOrder":1,"housesDestroyedAmountOrder":1,"damageAmountOrderTotal":1,"housesDestroyedAmountOrderTotal":1,"significant":true,"publish":false,"eruption":true,"status":"Historical","timeErupt":"D1","date":"2015-05-07","group":"VEI 2"}},{"type":"Feature","geometry":{"type":"Point","coordinates":[98.392,3.17]},"properties":{"id":6164,"year":2015,"month":2,"day":20,"volcanoLocationId":60108,"volcanoLocationNewNum":261080,"volcanoLocationNum":"0601-08=","name":"Sinabung","location":"Sumatra","country":"Indonesia","latitude":3.17,"longitude":98.392,"elevation":2460,"morphology":"Stratovolcano","vei":3,"damageAmountOrder":1,"housesDestroyedAmountOrder":1,"damageAmountOrderTotal":1,"housesDestroyedAmountOrderTotal":1,"significant":true,"publish":false,"eruption":true,"status":"Holocene","timeErupt":"U","date":"2015-02-20","group":"VEI 3"}},{"type":"Feature","geometry":{"type":"Point","coordinates":[127.332,0.81]},"properties":{"id":6165,"year":2014,"month":12,"day":18,"volcanoLocationId":60806,"volcanoLocationNewNum":268060,"volcanoLocationNum":"0608-06=","name":"Gamalama","location":"Halmahera-Indonesia","country":"Indonesia","latitude":0.81,"longitude":127.332,"elevation":1714,"morphology":"Stratovolcano","vei":2,"deaths":1,"deathsAmountOrder":1,"injuries":4,"injuriesAmountOrder":1,"deathsTotal":1,"deathsAmountOrderTotal":1,"injuriesTotal":4,"injuriesAmountOrderTotal":1,"significant":true,"publish":false,"eruption":true,"status":"Historical","timeErupt":"D1","date":"2014-12-18","group":"VEI 2"}},{"type":"Feature","geometry":{"type":"Point","coordinates":[145.037,-4.08]},"properties":{"id":6184,"year":2004,"month":10,"day":24,"volcanoLocationId":50102,"volcanoLocationNewNum":251020,"volcanoLocationNum":"0501-02=","name":"Manam","location":"New Guinea-NE of","country":"Papua New Guinea","latitude":-4.08,"longitude":145.037,"elevation":1807,"morphology":"Stratovolcano","vei":4,"agent":"T","deaths":5,"deathsAmountOrder":1,"deathsTotal":5,"deathsAmountOrderTotal":1,"significant":true,"publish":false,"eruption":true,"status":"Historical","timeErupt":"D1","date":"2004-10-24","group":"VEI 4"}},{"type":"Feature","geometry":{"type":"Point","coordinates":[145.037,-4.08]},"properties":{"id":6185,"year":2005,"month":1,"day":27,"volcanoLocationId":50102,"volcanoLocationNewNum":251020,"volcanoLocationNum":"0501-02=","name":"Manam","location":"New Guinea-NE of","country":"Papua New Guinea","latitude":-4.08,"longitude":145.037,"elevation":1807,"morphology":"Stratovolcano","vei":4,"agent":"T","deaths":1,"deathsAmountOrder":1,"injuries":14,"injuriesAmountOrder":1,"deathsTotal":1,"deathsAmountOrderTotal":1,"injuriesTotal":14,"injuriesAmountOrderTotal":1,"significant":true,"publish":false,"eruption":true,"status":"Historical","timeErupt":"D1","date":"2005-01-27","group":"VEI 4"}},{"type":"Feature","geometry":{"type":"Point","coordinates":[145.037,-4.08]},"properties":{"id":6186,"year":2007,"month":3,"volcanoLocationId":50102,"volcanoLocationNewNum":251020,"volcanoLocationNum":"0501-02=","name":"Manam","location":"New Guinea-NE of","country":"Papua New Guinea","latitude":-4.08,"longitude":145.037,"elevation":1807,"morphology":"Stratovolcano","vei":4,"agent":"M","deaths":4,"deathsAmountOrder":1,"injuries":1,"injuriesAmountOrder":1,"deathsTotal":4,"deathsAmountOrderTotal":1,"injuriesTotal":1,"injuriesAmountOrderTotal":1,"significant":true,"publish":false,"eruption":true,"status":"Historical","timeErupt":"D1","date":"2007-03","group":"VEI 4"}},{"type":"Feature","geometry":{"type":"Point","coordinates":[145.037,-4.08]},"properties":{"id":6187,"year":2015,"month":7,"day":31,"volcanoLocationId":50102,"volcanoLocationNewNum":251020,"volcanoLocationNum":"0501-02=","name":"Manam","location":"New Guinea-NE of","country":"Papua New Guinea","latitude":-4.08,"longitude":145.037,"elevation":1807,"morphology":"Stratovolcano","vei":4,"injuries":2,"injuriesAmountOrder":1,"damageAmountOrder":1,"injuriesTotal":2,"injuriesAmountOrderTotal":1,"damageAmountOrderTotal":1,"significant":true,"publish":false,"eruption":true,"status":"Historical","timeErupt":"D1","date":"2015-07-31","group":"VEI 4"}},{"type":"Feature","geometry":{"type":"Point","coordinates":[98.392,3.17]},"properties":{"id":6204,"year":2015,"month":10,"day":16,"volcanoLocationId":60108,"volcanoLocationNewNum":261080,"volcanoLocationNum":"0601-08=","name":"Sinabung","location":"Sumatra","country":"Indonesia","latitude":3.17,"longitude":98.392,"elevation":2460,"morphology":"Stratovolcano","agent":"M","deaths":1,"deathsAmountOrder":1,"damageAmountOrder":1,"deathsTotal":1,"deathsAmountOrderTotal":1,"damageAmountOrderTotal":1,"significant":true,"publish":false,"eruption":true,"status":"Holocene","timeErupt":"U","date":"2015-10-16","group":"VEI not recorded"}},{"type":"Feature","geometry":{"type":"Point","coordinates":[-72.97,-45.9]},"properties":{"id":6224,"year":1973,"month":4,"day":5,"volcanoLocationId":1508057,"volcanoLocationNewNum":358057,"volcanoLocationNum":"1508-057","name":"Hudson, Cerro","location":"Chile-S","country":"Chile","latitude":-45.9,"longitude":-72.97,"elevation":1905,"morphology":"Stratovolcano","agent":"M","deaths":2,"deathsAmountOrder":1,"damageAmountOrder":1,"housesDestroyedAmountOrder":1,"deathsTotal":2,"deathsAmountOrderTotal":1,"damageAmountOrderTotal":1,"housesDestroyedAmountOrderTotal":1,"significant":true,"publish":false,"eruption":true,"status":"Historical","timeErupt":"D1","date":"1973-04-05","group":"VEI not recorded"}},{"type":"Feature","geometry":{"type":"Point","coordinates":[14.426,40.821]},"properties":{"id":6244,"year":1873,"volcanoLocationId":10102,"volcanoLocationNewNum":211020,"volcanoLocationNum":"0101-02=","name":"Vesuvius","location":"Italy","country":"Italy","latitude":40.821,"longitude":14.426,"elevation":1281,"morphology":"Complex volcano","agent":"G,T","deaths":9,"deathsAmountOrder":1,"deathsTotal":9,"deathsAmountOrderTotal":1,"significant":true,"publish":false,"eruption":true,"status":"Historical","timeErupt":"D2","date":"1873","group":"VEI not recorded"}},{"type":"Feature","geometry":{"type":"Point","coordinates":[15.213,38.789]},"properties":{"id":6245,"year":2001,"month":10,"day":20,"volcanoLocationId":10104,"volcanoLocationNewNum":211040,"volcanoLocationNum":"0101-04=","name":"Stromboli","location":"Italy","country":"Italy","latitude":38.789,"longitude":15.213,"elevation":924,"morphology":"Stratovolcano","vei":2,"agent":"T","deaths":1,"deathsAmountOrder":1,"deathsTotal":1,"deathsAmountOrderTotal":1,"significant":true,"publish":false,"eruption":true,"status":"Historical","timeErupt":"D1","date":"2001-10-20","group":"VEI 2"}},{"type":"Feature","geometry":{"type":"Point","coordinates":[14.999,37.748]},"properties":{"id":6246,"year":1669,"month":3,"day":19,"volcanoLocationId":10106,"volcanoLocationNewNum":211060,"volcanoLocationNum":"0101-06=","name":"Etna","location":"Italy","country":"Italy","latitude":37.748,"longitude":14.999,"elevation":3357,"morphology":"Stratovolcano","vei":3,"agent":"L","deaths":2,"deathsAmountOrder":1,"injuries":5,"injuriesAmountOrder":1,"deathsTotal":2,"deathsAmountOrderTotal":1,"injuriesTotal":5,"injuriesAmountOrderTotal":1,"significant":true,"publish":false,"eruption":true,"status":"Historical","timeErupt":"D1","date":"1669-03-19","group":"VEI 3"}},{"type":"Feature","geometry":{"type":"Point","coordinates":[14.999,37.748]},"properties":{"id":6264,"year":1984,"month":10,"day":16,"volcanoLocationId":10106,"volcanoLocationNewNum":211060,"volcanoLocationNum":"0101-06=","name":"Etna","location":"Italy","country":"Italy","latitude":37.748,"longitude":14.999,"elevation":3357,"morphology":"Stratovolcano","vei":3,"agent":"S","deaths":1,"deathsAmountOrder":1,"deathsTotal":1,"deathsAmountOrderTotal":1,"significant":true,"publish":false,"eruption":true,"status":"Historical","timeErupt":"D1","date":"1984-10-16","group":"VEI 3"}},{"type":"Feature","geometry":{"type":"Point","coordinates":[44.3,39.7]},"properties":{"id":6265,"year":1840,"month":7,"day":2,"volcanoLocationId":10304,"volcanoLocationNewNum":213040,"volcanoLocationNum":"0103-04-","name":"Ararat","location":"Turkey","country":"Turkey","latitude":39.7,"longitude":44.3,"elevation":5165,"morphology":"Stratovolcano","vei":3,"agent":"P","deaths":1900,"deathsAmountOrder":4,"deathsTotal":1900,"deathsAmountOrderTotal":4,"significant":true,"publish":false,"eruption":true,"status":"Holocene","timeErupt":"U","date":"1840-07-02","group":"VEI 3"}},{"type":"Feature","geometry":{"type":"Point","coordinates":[29.25,-1.52]},"properties":{"id":6266,"year":1990,"month":11,"day":21,"volcanoLocationId":20303,"volcanoLocationNewNum":223030,"volcanoLocationNum":"0203-03=","name":"Nyiragongo","location":"Africa-C","country":"Congo, DRC","latitude":-1.52,"longitude":29.25,"elevation":3470,"morphology":"Stratovolcano","agent":"S","deaths":1,"deathsAmountOrder":1,"deathsTotal":1,"deathsAmountOrderTotal":1,"significant":true,"publish":false,"eruption":false,"status":"Historical","timeErupt":"D1","date":"1990-11-21","group":"VEI not recorded"}},{"type":"Feature","geometry":{"type":"Point","coordinates":[43.38,-11.75]},"properties":{"id":6267,"year":1903,"volcanoLocationId":30301,"volcanoLocationNewNum":233010,"volcanoLocationNum":"0303-01=","name":"Karthala","location":"Indian O-W","country":"Comoros","latitude":-11.75,"longitude":43.38,"elevation":2361,"morphology":"Shield volcano","agent":"G","deaths":17,"deathsAmountOrder":1,"deathsTotal":17,"deathsAmountOrderTotal":1,"significant":true,"publish":false,"eruption":false,"status":"Historical","timeErupt":"D1","date":"1903","group":"VEI not recorded"}},{"type":"Feature","geometry":{"type":"Point","coordinates":[175.893,-38.781]},"properties":{"id":6268,"year":1846,"month":5,"day":7,"volcanoLocationId":40107,"volcanoLocationNewNum":241070,"volcanoLocationNum":"0401-07=","name":"Taupo","location":"New Zealand","country":"New Zealand","latitude":-38.781,"longitude":175.893,"elevation":760,"morphology":"Caldera","agent":"m","deaths":63,"deathsAmountOrder":2,"deathsTotal":63,"deathsAmountOrderTotal":2,"significant":true,"publish":false,"eruption":false,"status":"Radiocarbon","timeErupt":"D6","date":"1846-05-07","group":"VEI not recorded"}},{"type":"Feature","geometry":{"type":"Point","coordinates":[175.893,-38.781]},"properties":{"id":6269,"year":1910,"month":3,"day":20,"volcanoLocationId":40107,"volcanoLocationNewNum":241070,"volcanoLocationNum":"0401-07=","name":"Taupo","location":"New Zealand","country":"New Zealand","latitude":-38.781,"longitude":175.893,"elevation":760,"morphology":"Caldera","agent":"m","deaths":1,"deathsAmountOrder":1,"deathsTotal":1,"deathsAmountOrderTotal":1,"significant":true,"publish":false,"eruption":false,"status":"Radiocarbon","timeErupt":"D6","date":"1910-03-20","group":"VEI not recorded"}},{"type":"Feature","geometry":{"type":"Point","coordinates":[175.57,-39.28]},"properties":{"id":6270,"year":1953,"month":12,"day":24,"volcanoLocationId":40110,"volcanoLocationNewNum":241100,"volcanoLocationNum":"0401-10=","name":"Ruapehu","location":"New Zealand","country":"New Zealand","latitude":-39.28,"longitude":175.57,"elevation":2797,"morphology":"Stratovolcano","agent":"m","deaths":151,"deathsAmountOrder":3,"deathsTotal":151,"deathsAmountOrderTotal":3,"significant":true,"publish":false,"eruption":false,"status":"Historical","timeErupt":"D1","date":"1953-12-24","group":"VEI not recorded"}},{"type":"Feature","geometry":{"type":"Point","coordinates":[152.194,-4.246]},"properties":{"id":6284,"year":1990,"month":6,"day":24,"volcanoLocationId":50214,"volcanoLocationNewNum":252140,"volcanoLocationNum":"0502-14=","name":"Rabaul","location":"New Britain-SW Pac","country":"Papua New Guinea","latitude":-4.246,"longitude":152.194,"elevation":688,"morphology":"Pyroclastic shield","agent":"G","deaths":6,"deathsAmountOrder":1,"deathsTotal":6,"deathsAmountOrderTotal":1,"significant":true,"publish":false,"eruption":false,"status":"Historical","timeErupt":"D1","date":"1990-06-24","group":"VEI not recorded"}},{"type":"Feature","geometry":{"type":"Point","coordinates":[167.835,-15.389]},"properties":{"id":6304,"year":1914,"volcanoLocationId":50703,"volcanoLocationNewNum":257030,"volcanoLocationNum":"0507-03=","name":"Ambae","location":"Vanuatu-SW Pacific","country":"Vanuatu","latitude":-15.389,"longitude":167.835,"elevation":1496,"morphology":"Shield volcano","agent":"L","deaths":100,"deathsAmountOrder":2,"deathsTotal":100,"deathsAmountOrderTotal":2,"significant":true,"publish":false,"eruption":true,"status":"Historical","timeErupt":"D1","date":"1914","group":"VEI not recorded"}},{"type":"Feature","geometry":{"type":"Point","coordinates":[169.447,-19.532]},"properties":{"id":6305,"year":1995,"month":2,"day":4,"volcanoLocationId":50710,"volcanoLocationNewNum":257100,"volcanoLocationNum":"0507-10=","name":"Yasur","location":"Vanuatu-SW Pacific","country":"Vanuatu","latitude":-19.532,"longitude":169.447,"elevation":361,"morphology":"Stratovolcano","vei":3,"agent":"T","deaths":2,"deathsAmountOrder":1,"deathsTotal":2,"deathsAmountOrderTotal":1,"significant":true,"publish":false,"eruption":true,"status":"Historical","timeErupt":"D1","date":"1995-02-04","group":"VEI 3"}},{"type":"Feature","geometry":{"type":"Point","coordinates":[106.733,-6.716]},"properties":{"id":6324,"year":2007,"month":7,"day":7,"volcanoLocationId":60305,"volcanoLocationNewNum":263050,"volcanoLocationNum":"0603-05=","name":"Salak","location":"Java","country":"Indonesia","latitude":-6.716,"longitude":106.733,"elevation":2218,"morphology":"Stratovolcano","agent":"G","deaths":6,"deathsAmountOrder":1,"deathsTotal":6,"deathsAmountOrderTotal":1,"significant":true,"publish":false,"eruption":false,"status":"Historical","timeErupt":"D2","date":"2007-07-07","group":"VEI not recorded"}},{"type":"Feature","geometry":{"type":"Point","coordinates":[107.6,-6.77]},"properties":{"id":6325,"year":1923,"month":6,"volcanoLocationId":60309,"volcanoLocationNewNum":263090,"volcanoLocationNum":"0603-09=","name":"Tangkuban Parahu","location":"Java","country":"Indonesia","latitude":-6.77,"longitude":107.6,"elevation":2084,"morphology":"Stratovolcano","agent":"G","deaths":3,"deathsAmountOrder":1,"deathsTotal":3,"deathsAmountOrderTotal":1,"significant":true,"publish":false,"eruption":false,"status":"Historical","timeErupt":"D1","date":"1923-06","group":"VEI not recorded"}},{"type":"Feature","geometry":{"type":"Point","coordinates":[107.6,-6.77]},"properties":{"id":6326,"year":1978,"volcanoLocationId":60309,"volcanoLocationNewNum":263090,"volcanoLocationNum":"0603-09=","name":"Tangkuban Parahu","location":"Java","country":"Indonesia","latitude":-6.77,"longitude":107.6,"elevation":2084,"morphology":"Stratovolcano","agent":"I","deaths":3,"deathsAmountOrder":1,"deathsTotal":3,"deathsAmountOrderTotal":1,"significant":true,"publish":false,"eruption":false,"status":"Historical","timeErupt":"D1","date":"1978","group":"VEI not recorded"}},{"type":"Feature","geometry":{"type":"Point","coordinates":[109.879,-7.2]},"properties":{"id":6327,"year":1992,"month":3,"day":18,"volcanoLocationId":60320,"volcanoLocationNewNum":263200,"volcanoLocationNum":"0603-20=","name":"Dieng Volcanic Complex","location":"Java","country":"Indonesia","latitude":-7.2,"longitude":109.879,"elevation":2565,"morphology":"Complex volcano","agent":"G","deaths":1,"deathsAmountOrder":1,"injuries":2,"injuriesAmountOrder":1,"deathsTotal":1,"deathsAmountOrderTotal":1,"injuriesTotal":2,"injuriesAmountOrderTotal":1,"significant":true,"publish":false,"eruption":false,"status":"Historical","timeErupt":"D1","date":"1992-03-18","group":"VEI not recorded"}},{"type":"Feature","geometry":{"type":"Point","coordinates":[110.446,-7.54]},"properties":{"id":6328,"year":1872,"month":4,"day":17,"volcanoLocationId":60325,"volcanoLocationNewNum":263250,"volcanoLocationNum":"0603-25=","name":"Merapi","location":"Java","country":"Indonesia","latitude":-7.54,"longitude":110.446,"elevation":2910,"morphology":"Stratovolcano","vei":4,"agent":"P","deaths":170,"deathsAmountOrder":3,"housesDestroyedAmountOrder":2,"deathsTotal":170,"deathsAmountOrderTotal":3,"housesDestroyedAmountOrderTotal":2,"significant":true,"publish":false,"eruption":true,"status":"Historical","timeErupt":"D1","date":"1872-04-17","group":"VEI 4"}},{"type":"Feature","geometry":{"type":"Point","coordinates":[110.446,-7.54]},"properties":{"id":6329,"year":1932,"month":2,"volcanoLocationId":60325,"volcanoLocationNewNum":263250,"volcanoLocationNum":"0603-25=","name":"Merapi","location":"Java","country":"Indonesia","latitude":-7.54,"longitude":110.446,"elevation":2910,"morphology":"Stratovolcano","agent":"m","deathsAmountOrder":1,"deathsAmountOrderTotal":1,"significant":true,"publish":false,"eruption":false,"status":"Historical","timeErupt":"D1","date":"1932-02","group":"VEI not recorded"}},{"type":"Feature","geometry":{"type":"Point","coordinates":[110.446,-7.54]},"properties":{"id":6344,"year":1962,"month":10,"volcanoLocationId":60325,"volcanoLocationNewNum":263250,"volcanoLocationNum":"0603-25=","name":"Merapi","location":"Java","country":"Indonesia","latitude":-7.54,"longitude":110.446,"elevation":2910,"morphology":"Stratovolcano","agent":"m","deaths":2,"deathsAmountOrder":1,"injuries":5,"injuriesAmountOrder":1,"deathsTotal":2,"deathsAmountOrderTotal":1,"injuriesTotal":5,"injuriesAmountOrderTotal":1,"significant":true,"publish":false,"eruption":false,"status":"Historical","timeErupt":"D1","date":"1962-10","group":"VEI not recorded"}},{"type":"Feature","geometry":{"type":"Point","coordinates":[110.446,-7.54]},"properties":{"id":6345,"year":1974,"month":10,"day":22,"volcanoLocationId":60325,"volcanoLocationNewNum":263250,"volcanoLocationNum":"0603-25=","name":"Merapi","location":"Java","country":"Indonesia","latitude":-7.54,"longitude":110.446,"elevation":2910,"morphology":"Stratovolcano","vei":2,"agent":"M","deaths":9,"deathsAmountOrder":1,"housesDestroyed":6,"housesDestroyedAmountOrder":1,"deathsTotal":9,"deathsAmountOrderTotal":1,"housesDestroyedTotal":6,"housesDestroyedAmountOrderTotal":1,"significant":true,"publish":false,"eruption":true,"status":"Historical","timeErupt":"D1","date":"1974-10-22","group":"VEI 2"}},{"type":"Feature","geometry":{"type":"Point","coordinates":[110.446,-7.54]},"properties":{"id":6346,"year":1976,"month":11,"day":25,"volcanoLocationId":60325,"volcanoLocationNewNum":263250,"volcanoLocationNum":"0603-25=","name":"Merapi","location":"Java","country":"Indonesia","latitude":-7.54,"longitude":110.446,"elevation":2910,"morphology":"Stratovolcano","vei":2,"agent":"M","deaths":29,"deathsAmountOrder":1,"housesDestroyed":306,"housesDestroyedAmountOrder":3,"deathsTotal":29,"deathsAmountOrderTotal":1,"housesDestroyedTotal":306,"housesDestroyedAmountOrderTotal":3,"significant":true,"publish":false,"eruption":true,"status":"Historical","timeErupt":"D1","date":"1976-11-25","group":"VEI 2"}},{"type":"Feature","geometry":{"type":"Point","coordinates":[110.446,-7.54]},"properties":{"id":6347,"year":1997,"month":1,"day":14,"volcanoLocationId":60325,"volcanoLocationNewNum":263250,"volcanoLocationNum":"0603-25=","name":"Merapi","location":"Java","country":"Indonesia","latitude":-7.54,"longitude":110.446,"elevation":2910,"morphology":"Stratovolcano","vei":2,"deaths":6,"deathsAmountOrder":1,"injuriesAmountOrder":1,"deathsTotal":6,"deathsAmountOrderTotal":1,"injuriesAmountOrderTotal":1,"significant":true,"publish":false,"eruption":true,"status":"Historical","timeErupt":"D1","date":"1997-01-14","group":"VEI 2"}},{"type":"Feature","geometry":{"type":"Point","coordinates":[110.446,-7.54]},"properties":{"id":6348,"year":2000,"month":11,"volcanoLocationId":60325,"volcanoLocationNewNum":263250,"volcanoLocationNum":"0603-25=","name":"Merapi","location":"Java","country":"Indonesia","latitude":-7.54,"longitude":110.446,"elevation":2910,"morphology":"Stratovolcano","vei":2,"agent":"A","deaths":1,"deathsAmountOrder":1,"deathsTotal":1,"deathsAmountOrderTotal":1,"significant":true,"publish":false,"eruption":true,"status":"Historical","timeErupt":"D1","date":"2000-11","group":"VEI 2"}},{"type":"Feature","geometry":{"type":"Point","coordinates":[110.446,-7.54]},"properties":{"id":6349,"year":2001,"month":8,"day":5,"volcanoLocationId":60325,"volcanoLocationNewNum":263250,"volcanoLocationNum":"0603-25=","name":"Merapi","location":"Java","country":"Indonesia","latitude":-7.54,"longitude":110.446,"elevation":2910,"morphology":"Stratovolcano","vei":2,"agent":"P","deaths":2,"deathsAmountOrder":1,"deathsTotal":2,"deathsAmountOrderTotal":1,"significant":true,"publish":false,"eruption":true,"status":"Historical","timeErupt":"D1","date":"2001-08-05","group":"VEI 2"}},{"type":"Feature","geometry":{"type":"Point","coordinates":[112.314,-7.935]},"properties":{"id":6364,"year":1990,"month":11,"day":25,"volcanoLocationId":60328,"volcanoLocationNewNum":263280,"volcanoLocationNum":"0603-28=","name":"Kelud","location":"Java","country":"Indonesia","latitude":-7.935,"longitude":112.314,"elevation":1730,"morphology":"Stratovolcano","agent":"m","deaths":4,"deathsAmountOrder":1,"deathsTotal":4,"deathsAmountOrderTotal":1,"significant":true,"publish":false,"eruption":false,"status":"Historical","timeErupt":"D1","date":"1990-11-25","group":"VEI not recorded"}},{"type":"Feature","geometry":{"type":"Point","coordinates":[112.314,-7.935]},"properties":{"id":6365,"year":1998,"month":7,"volcanoLocationId":60328,"volcanoLocationNewNum":263280,"volcanoLocationNum":"0603-28=","name":"Kelud","location":"Java","country":"Indonesia","latitude":-7.935,"longitude":112.314,"elevation":1730,"morphology":"Stratovolcano","agent":"m","deaths":10,"deathsAmountOrder":1,"deathsTotal":10,"deathsAmountOrderTotal":1,"significant":true,"publish":false,"eruption":false,"status":"Historical","timeErupt":"D1","date":"1998-07","group":"VEI not recorded"}},{"type":"Feature","geometry":{"type":"Point","coordinates":[112.922,-8.108]},"properties":{"id":6366,"year":1981,"month":5,"day":14,"volcanoLocationId":60330,"volcanoLocationNewNum":263300,"volcanoLocationNum":"0603-30=","name":"Semeru","location":"Java","country":"Indonesia","latitude":-8.108,"longitude":112.922,"elevation":3657,"morphology":"Stratovolcano","vei":3,"agent":"m","deaths":372,"deathsAmountOrder":3,"injuries":152,"injuriesAmountOrder":3,"missing":120,"missingAmountOrder":3,"deathsTotal":372,"deathsAmountOrderTotal":3,"injuriesTotal":152,"injuriesAmountOrderTotal":3,"missingTotal":120,"missingAmountOrderTotal":3,"significant":true,"publish":false,"eruption":true,"status":"Historical","timeErupt":"D1","date":"1981-05-14","group":"VEI 3"}},{"type":"Feature","geometry":{"type":"Point","coordinates":[112.922,-8.108]},"properties":{"id":6367,"year":1988,"month":7,"day":30,"volcanoLocationId":60330,"volcanoLocationNewNum":263300,"volcanoLocationNum":"0603-30=","name":"Semeru","location":"Java","country":"Indonesia","latitude":-8.108,"longitude":112.922,"elevation":3657,"morphology":"Stratovolcano","vei":3,"agent":"T","deaths":1,"deathsAmountOrder":1,"deathsTotal":1,"deathsAmountOrderTotal":1,"significant":true,"publish":false,"eruption":true,"status":"Historical","timeErupt":"D1","date":"1988-07-30","group":"VEI 3"}},{"type":"Feature","geometry":{"type":"Point","coordinates":[112.922,-8.108]},"properties":{"id":6368,"year":1992,"volcanoLocationId":60330,"volcanoLocationNewNum":263300,"volcanoLocationNum":"0603-30=","name":"Semeru","location":"Java","country":"Indonesia","latitude":-8.108,"longitude":112.922,"elevation":3657,"morphology":"Stratovolcano","vei":3,"agent":"T","deaths":3,"deathsAmountOrder":1,"deathsTotal":3,"deathsAmountOrderTotal":1,"significant":true,"publish":false,"eruption":true,"status":"Historical","timeErupt":"D1","date":"1992","group":"VEI 3"}},{"type":"Feature","geometry":{"type":"Point","coordinates":[112.922,-8.108]},"properties":{"id":6369,"year":1994,"month":2,"day":3,"volcanoLocationId":60330,"volcanoLocationNewNum":263300,"volcanoLocationNum":"0603-30=","name":"Semeru","location":"Java","country":"Indonesia","latitude":-8.108,"longitude":112.922,"elevation":3657,"morphology":"Stratovolcano","vei":3,"agent":"P","deaths":6,"deathsAmountOrder":1,"deathsTotal":6,"deathsAmountOrderTotal":1,"significant":true,"publish":false,"eruption":true,"status":"Historical","timeErupt":"D1","date":"1994-02-03","group":"VEI 3"}},{"type":"Feature","geometry":{"type":"Point","coordinates":[112.922,-8.108]},"properties":{"id":6370,"year":1997,"month":9,"day":2,"volcanoLocationId":60330,"volcanoLocationNewNum":263300,"volcanoLocationNum":"0603-30=","name":"Semeru","location":"Java","country":"Indonesia","latitude":-8.108,"longitude":112.922,"elevation":3657,"morphology":"Stratovolcano","vei":3,"agent":"T","deaths":2,"deathsAmountOrder":1,"deathsTotal":2,"deathsAmountOrderTotal":1,"significant":true,"publish":false,"eruption":true,"status":"Historical","timeErupt":"D1","date":"1997-09-02","group":"VEI 3"}},{"type":"Feature","geometry":{"type":"Point","coordinates":[112.922,-8.108]},"properties":{"id":6371,"year":2000,"month":7,"day":27,"volcanoLocationId":60330,"volcanoLocationNewNum":263300,"volcanoLocationNum":"0603-30=","name":"Semeru","location":"Java","country":"Indonesia","latitude":-8.108,"longitude":112.922,"elevation":3657,"morphology":"Stratovolcano","vei":3,"agent":"T","deaths":2,"deathsAmountOrder":1,"injuries":5,"injuriesAmountOrder":1,"deathsTotal":2,"deathsAmountOrderTotal":1,"injuriesTotal":5,"injuriesAmountOrderTotal":1,"significant":true,"publish":false,"eruption":true,"status":"Historical","timeErupt":"D1","date":"2000-07-27","group":"VEI 3"}},{"type":"Feature","geometry":{"type":"Point","coordinates":[112.922,-8.108]},"properties":{"id":6372,"year":2002,"volcanoLocationId":60330,"volcanoLocationNewNum":263300,"volcanoLocationNum":"0603-30=","name":"Semeru","location":"Java","country":"Indonesia","latitude":-8.108,"longitude":112.922,"elevation":3657,"morphology":"Stratovolcano","vei":3,"agent":"T","deaths":3,"deathsAmountOrder":1,"deathsTotal":3,"deathsAmountOrderTotal":1,"significant":true,"publish":false,"eruption":true,"status":"Historical","timeErupt":"D1","date":"2002","group":"VEI 3"}},{"type":"Feature","geometry":{"type":"Point","coordinates":[116.47,-8.42]},"properties":{"id":6384,"year":1994,"month":11,"day":3,"volcanoLocationId":60403,"volcanoLocationNewNum":264030,"volcanoLocationNum":"0604-03=","name":"Rinjani","location":"Lesser Sunda Is","country":"Indonesia","latitude":-8.42,"longitude":116.47,"elevation":3726,"morphology":"Stratovolcano","vei":3,"agent":"m","deaths":31,"deathsAmountOrder":1,"deathsTotal":31,"deathsAmountOrderTotal":1,"significant":true,"publish":false,"eruption":true,"status":"Historical","timeErupt":"D1","date":"1994-11-03","group":"VEI 3"}},{"type":"Feature","geometry":{"type":"Point","coordinates":[121.82,-8.77]},"properties":{"id":6404,"year":1995,"month":5,"day":15,"volcanoLocationId":60414,"volcanoLocationNewNum":264140,"volcanoLocationNum":"0604-14=","name":"Kelimutu","location":"Lesser Sunda Is","country":"Indonesia","latitude":-8.77,"longitude":121.82,"elevation":1639,"morphology":"Complex volcano","deaths":1,"deathsAmountOrder":1,"deathsTotal":1,"deathsAmountOrderTotal":1,"significant":true,"publish":false,"eruption":false,"status":"Historical","timeErupt":"D1","date":"1995-05-15","group":"VEI not recorded"}},{"type":"Feature","geometry":{"type":"Point","coordinates":[122.455,-8.676]},"properties":{"id":6405,"year":2004,"month":1,"day":29,"volcanoLocationId":60416,"volcanoLocationNewNum":264160,"volcanoLocationNum":"0604-16=","name":"Egon","location":"Lesser Sunda Is","country":"Indonesia","latitude":-8.676,"longitude":122.455,"elevation":1661,"morphology":"Stratovolcano","vei":1,"agent":"T","deaths":1,"deathsAmountOrder":1,"deathsTotal":1,"deathsAmountOrderTotal":1,"significant":true,"publish":false,"eruption":true,"status":"Historical","timeErupt":"D2","date":"2004-01-29","group":"VEI 1"}},{"type":"Feature","geometry":{"type":"Point","coordinates":[128.675,-7.125]},"properties":{"id":6408,"year":1993,"month":1,"day":21,"volcanoLocationId":60504,"volcanoLocationNewNum":265040,"volcanoLocationNum":"0605-04=","name":"Wurlali","location":"Banda Sea","country":"Indonesia","latitude":-7.125,"longitude":128.675,"elevation":868,"morphology":"Stratovolcano","agent":"m","deaths":1,"deathsAmountOrder":1,"injuries":12,"injuriesAmountOrder":1,"deathsTotal":1,"deathsAmountOrderTotal":1,"injuriesTotal":12,"injuriesAmountOrderTotal":1,"significant":true,"publish":false,"eruption":false,"status":"Historical","timeErupt":"D3","date":"1993-01-21","group":"VEI not recorded"}},{"type":"Feature","geometry":{"type":"Point","coordinates":[125.407,2.781]},"properties":{"id":6409,"year":1992,"month":1,"day":21,"volcanoLocationId":60702,"volcanoLocationNewNum":267020,"volcanoLocationNum":"0607-02=","name":"Karangetang","location":"Sangihe Is-Indonesia","country":"Indonesia","latitude":2.781,"longitude":125.407,"elevation":1797,"morphology":"Stratovolcano","vei":2,"agent":"M","deaths":2,"deathsAmountOrder":1,"deathsTotal":2,"deathsAmountOrderTotal":1,"significant":true,"publish":false,"eruption":true,"status":"Historical","timeErupt":"D1","date":"1992-01-21","group":"VEI 2"}},{"type":"Feature","geometry":{"type":"Point","coordinates":[124.892,6.113]},"properties":{"id":6424,"year":1995,"month":9,"day":6,"volcanoLocationId":701011,"volcanoLocationNewNum":271011,"volcanoLocationNum":"0701-011","name":"Melebingoy","location":"Mindanao-Philippines","country":"Philippines","latitude":6.113,"longitude":124.892,"elevation":1824,"morphology":"Stratovolcano","deaths":60,"deathsAmountOrder":2,"damageAmountOrder":2,"housesDestroyed":300,"housesDestroyedAmountOrder":3,"deathsTotal":60,"deathsAmountOrderTotal":2,"damageAmountOrderTotal":2,"housesDestroyedTotal":300,"housesDestroyedAmountOrderTotal":3,"significant":true,"publish":false,"eruption":false,"status":"Historical","timeErupt":"D5","date":"1995-09-06","group":"VEI not recorded"}},{"type":"Feature","geometry":{"type":"Point","coordinates":[124.673,9.203]},"properties":{"id":6425,"year":1949,"month":6,"volcanoLocationId":70108,"volcanoLocationNewNum":271080,"volcanoLocationNum":"0701-08=","name":"Camiguin","location":"Mindanao-Philippines","country":"Philippines","latitude":9.203,"longitude":124.673,"elevation":1552,"morphology":"Stratovolcano","vei":3,"agent":"P","deaths":2,"deathsAmountOrder":1,"deathsTotal":2,"deathsAmountOrderTotal":1,"significant":true,"publish":false,"eruption":true,"status":"Historical","timeErupt":"D2","date":"1949-06","group":"VEI 3"}},{"type":"Feature","geometry":{"type":"Point","coordinates":[124.673,9.203]},"properties":{"id":6426,"year":1951,"month":12,"day":4,"volcanoLocationId":70108,"volcanoLocationNewNum":271080,"volcanoLocationNum":"0701-08=","name":"Camiguin","location":"Mindanao-Philippines","country":"Philippines","latitude":9.203,"longitude":124.673,"elevation":1552,"morphology":"Stratovolcano","vei":3,"agent":"P","deaths":500,"deathsAmountOrder":3,"missing":1500,"missingAmountOrder":4,"deathsTotal":500,"deathsAmountOrderTotal":3,"missingTotal":1500,"missingAmountOrderTotal":4,"significant":true,"publish":false,"eruption":true,"status":"Historical","timeErupt":"D2","date":"1951-12-04","group":"VEI 3"}},{"type":"Feature","geometry":{"type":"Point","coordinates":[123.685,13.257]},"properties":{"id":6427,"year":1875,"volcanoLocationId":70303,"volcanoLocationNewNum":273030,"volcanoLocationNum":"0703-03=","name":"Mayon","location":"Luzon-Philippines","country":"Philippines","latitude":13.257,"longitude":123.685,"elevation":2462,"morphology":"Stratovolcano","agent":"m","deaths":1500,"deathsAmountOrder":4,"deathsTotal":1500,"deathsAmountOrderTotal":4,"significant":true,"publish":false,"eruption":true,"status":"Historical","timeErupt":"D1","date":"1875","group":"VEI not recorded"}},{"type":"Feature","geometry":{"type":"Point","coordinates":[120.35,15.13]},"properties":{"id":6428,"year":1993,"month":6,"day":26,"volcanoLocationId":703083,"volcanoLocationNewNum":273083,"volcanoLocationNum":"0703-083","name":"Pinatubo","location":"Luzon-Philippines","country":"Philippines","latitude":15.13,"longitude":120.35,"elevation":1486,"morphology":"Stratovolcano","vei":1,"agent":"m","deaths":4,"deathsAmountOrder":1,"deathsTotal":4,"deathsAmountOrderTotal":1,"significant":true,"publish":false,"eruption":true,"status":"Historical","timeErupt":"D1","date":"1993-06-26","group":"VEI 1"}},{"type":"Feature","geometry":{"type":"Point","coordinates":[120.35,15.13]},"properties":{"id":6429,"year":1993,"month":10,"day":4,"volcanoLocationId":703083,"volcanoLocationNewNum":273083,"volcanoLocationNum":"0703-083","name":"Pinatubo","location":"Luzon-Philippines","country":"Philippines","latitude":15.13,"longitude":120.35,"elevation":1486,"morphology":"Stratovolcano","agent":"m","deaths":14,"deathsAmountOrder":1,"deathsTotal":14,"deathsAmountOrderTotal":1,"significant":true,"publish":false,"eruption":true,"status":"Historical","timeErupt":"D1","date":"1993-10-04","group":"VEI not recorded"}},{"type":"Feature","geometry":{"type":"Point","coordinates":[130.862,31.934]},"properties":{"id":6444,"year":1989,"month":8,"day":26,"volcanoLocationId":80209,"volcanoLocationNewNum":282090,"volcanoLocationNum":"0802-09=","name":"Kirishimayama","location":"Kyushu-Japan","country":"Japan","latitude":31.934,"longitude":130.862,"elevation":1700,"morphology":"Shield volcano","agent":"G","deaths":2,"deathsAmountOrder":1,"deathsTotal":2,"deathsAmountOrderTotal":1,"significant":true,"publish":false,"eruption":false,"status":"Historical","timeErupt":"D1","date":"1989-08-26","group":"VEI not recorded"}},{"type":"Feature","geometry":{"type":"Point","coordinates":[130.299,32.761]},"properties":{"id":6445,"year":1957,"month":7,"volcanoLocationId":80210,"volcanoLocationNewNum":282100,"volcanoLocationNum":"0802-10=","name":"Unzendake","location":"Kyushu-Japan","country":"Japan","latitude":32.761,"longitude":130.299,"elevation":1483,"morphology":"Complex volcano","agent":"m","deaths":13,"deathsAmountOrder":1,"deathsTotal":13,"deathsAmountOrderTotal":1,"significant":true,"publish":false,"eruption":true,"status":"Historical","timeErupt":"D1","date":"1957-07","group":"VEI not recorded"}},{"type":"Feature","geometry":{"type":"Point","coordinates":[131.085,32.885]},"properties":{"id":6446,"year":1989,"month":2,"day":12,"volcanoLocationId":80211,"volcanoLocationNewNum":282110,"volcanoLocationNum":"0802-11=","name":"Asosan","location":"Kyushu-Japan","country":"Japan","latitude":32.885,"longitude":131.085,"elevation":1592,"morphology":"Caldera","agent":"G","deaths":1,"deathsAmountOrder":1,"deathsTotal":1,"deathsAmountOrderTotal":1,"significant":true,"publish":false,"eruption":false,"status":"Historical","timeErupt":"D1","date":"1989-02-12","group":"VEI not recorded"}},{"type":"Feature","geometry":{"type":"Point","coordinates":[131.085,32.885]},"properties":{"id":6447,"year":1990,"month":3,"day":26,"volcanoLocationId":80211,"volcanoLocationNewNum":282110,"volcanoLocationNum":"0802-11=","name":"Asosan","location":"Kyushu-Japan","country":"Japan","latitude":32.885,"longitude":131.085,"elevation":1592,"morphology":"Caldera","vei":2,"agent":"G","deaths":1,"deathsAmountOrder":1,"deathsTotal":1,"deathsAmountOrderTotal":1,"significant":true,"publish":false,"eruption":true,"status":"Historical","timeErupt":"D1","date":"1990-03-26","group":"VEI 2"}},{"type":"Feature","geometry":{"type":"Point","coordinates":[131.085,32.885]},"properties":{"id":6464,"year":1990,"month":4,"day":18,"volcanoLocationId":80211,"volcanoLocationNewNum":282110,"volcanoLocationNum":"0802-11=","name":"Asosan","location":"Kyushu-Japan","country":"Japan","latitude":32.885,"longitude":131.085,"elevation":1592,"morphology":"Caldera","vei":2,"agent":"G","deaths":1,"deathsAmountOrder":1,"deathsTotal":1,"deathsAmountOrderTotal":1,"significant":true,"publish":false,"eruption":true,"status":"Historical","timeErupt":"D1","date":"1990-04-18","group":"VEI 2"}},{"type":"Feature","geometry":{"type":"Point","coordinates":[131.085,32.885]},"properties":{"id":6465,"year":1990,"month":10,"day":19,"volcanoLocationId":80211,"volcanoLocationNewNum":282110,"volcanoLocationNum":"0802-11=","name":"Asosan","location":"Kyushu-Japan","country":"Japan","latitude":32.885,"longitude":131.085,"elevation":1592,"morphology":"Caldera","vei":2,"agent":"G","deaths":1,"deathsAmountOrder":1,"deathsTotal":1,"deathsAmountOrderTotal":1,"significant":true,"publish":false,"eruption":true,"status":"Historical","timeErupt":"D1","date":"1990-10-19","group":"VEI 2"}},{"type":"Feature","geometry":{"type":"Point","coordinates":[131.085,32.885]},"properties":{"id":6466,"year":1994,"month":5,"day":29,"volcanoLocationId":80211,"volcanoLocationNewNum":282110,"volcanoLocationNum":"0802-11=","name":"Asosan","location":"Kyushu-Japan","country":"Japan","latitude":32.885,"longitude":131.085,"elevation":1592,"morphology":"Caldera","vei":1,"agent":"G","deaths":1,"deathsAmountOrder":1,"deathsTotal":1,"deathsAmountOrderTotal":1,"significant":true,"publish":false,"eruption":true,"status":"Historical","timeErupt":"D1","date":"1994-05-29","group":"VEI 1"}},{"type":"Feature","geometry":{"type":"Point","coordinates":[131.085,32.885]},"properties":{"id":6467,"year":1997,"month":11,"day":23,"volcanoLocationId":80211,"volcanoLocationNewNum":282110,"volcanoLocationNum":"0802-11=","name":"Asosan","location":"Kyushu-Japan","country":"Japan","latitude":32.885,"longitude":131.085,"elevation":1592,"morphology":"Caldera","agent":"G","deaths":2,"deathsAmountOrder":1,"deathsTotal":2,"deathsAmountOrderTotal":1,"significant":true,"publish":false,"eruption":false,"status":"Historical","timeErupt":"D1","date":"1997-11-23","group":"VEI not recorded"}},{"type":"Feature","geometry":{"type":"Point","coordinates":[139.021,35.233]},"properties":{"id":6468,"year":1933,"month":5,"day":10,"volcanoLocationId":80302,"volcanoLocationNewNum":283020,"volcanoLocationNum":"0803-02=","name":"Hakoneyama","location":"Honshu-Japan","country":"Japan","latitude":35.233,"longitude":139.021,"elevation":1438,"morphology":"Complex volcano","agent":"G","deaths":1,"deathsAmountOrder":1,"deathsTotal":1,"deathsAmountOrderTotal":1,"significant":true,"publish":false,"eruption":false,"status":"Radiocarbon","timeErupt":"D7","date":"1933-05-10","group":"VEI not recorded"}},{"type":"Feature","geometry":{"type":"Point","coordinates":[139.021,35.233]},"properties":{"id":6469,"year":1951,"month":11,"day":5,"volcanoLocationId":80302,"volcanoLocationNewNum":283020,"volcanoLocationNum":"0803-02=","name":"Hakoneyama","location":"Honshu-Japan","country":"Japan","latitude":35.233,"longitude":139.021,"elevation":1438,"morphology":"Complex volcano","agent":"G","deaths":2,"deathsAmountOrder":1,"deathsTotal":2,"deathsAmountOrderTotal":1,"significant":true,"publish":false,"eruption":false,"status":"Radiocarbon","timeErupt":"D7","date":"1951-11-05","group":"VEI not recorded"}},{"type":"Feature","geometry":{"type":"Point","coordinates":[139.021,35.233]},"properties":{"id":6470,"year":1952,"month":3,"day":27,"volcanoLocationId":80302,"volcanoLocationNewNum":283020,"volcanoLocationNum":"0803-02=","name":"Hakoneyama","location":"Honshu-Japan","country":"Japan","latitude":35.233,"longitude":139.021,"elevation":1438,"morphology":"Complex volcano","agent":"G","deaths":1,"deathsAmountOrder":1,"deathsTotal":1,"deathsAmountOrderTotal":1,"significant":true,"publish":false,"eruption":false,"status":"Radiocarbon","timeErupt":"D7","date":"1952-03-27","group":"VEI not recorded"}},{"type":"Feature","geometry":{"type":"Point","coordinates":[139.021,35.233]},"properties":{"id":6471,"year":1953,"month":7,"day":26,"volcanoLocationId":80302,"volcanoLocationNewNum":283020,"volcanoLocationNum":"0803-02=","name":"Hakoneyama","location":"Honshu-Japan","country":"Japan","latitude":35.233,"longitude":139.021,"elevation":1438,"morphology":"Complex volcano","agent":"A","deaths":10,"deathsAmountOrder":1,"deathsTotal":10,"deathsAmountOrderTotal":1,"significant":true,"publish":false,"eruption":false,"status":"Radiocarbon","timeErupt":"D7","date":"1953-07-26","group":"VEI not recorded"}},{"type":"Feature","geometry":{"type":"Point","coordinates":[139.021,35.233]},"properties":{"id":6472,"year":1972,"month":10,"day":2,"volcanoLocationId":80302,"volcanoLocationNewNum":283020,"volcanoLocationNum":"0803-02=","name":"Hakoneyama","location":"Honshu-Japan","country":"Japan","latitude":35.233,"longitude":139.021,"elevation":1438,"morphology":"Complex volcano","deaths":2,"deathsAmountOrder":1,"deathsTotal":2,"deathsAmountOrderTotal":1,"significant":true,"publish":false,"eruption":false,"status":"Radiocarbon","timeErupt":"D7","date":"1972-10-02","group":"VEI not recorded"}},{"type":"Feature","geometry":{"type":"Point","coordinates":[137.48,35.893]},"properties":{"id":6473,"year":1984,"month":9,"day":14,"volcanoLocationId":80304,"volcanoLocationNewNum":283040,"volcanoLocationNum":"0803-04=","name":"Ontakesan","location":"Honshu-Japan","country":"Japan","latitude":35.893,"longitude":137.48,"elevation":3067,"morphology":"Complex volcano","agent":"A","deaths":29,"deathsAmountOrder":1,"deathsTotal":29,"deathsAmountOrderTotal":1,"significant":true,"publish":false,"eruption":false,"status":"Historical","timeErupt":"D1","date":"1984-09-14","group":"VEI not recorded"}},{"type":"Feature","geometry":{"type":"Point","coordinates":[137.587,36.227]},"properties":{"id":6474,"year":1995,"month":2,"day":11,"volcanoLocationId":80307,"volcanoLocationNewNum":283070,"volcanoLocationNum":"0803-07=","name":"Yakedake","location":"Honshu-Japan","country":"Japan","latitude":36.227,"longitude":137.587,"elevation":2455,"morphology":"Stratovolcano","vei":1,"agent":"T","deaths":4,"deathsAmountOrder":1,"deathsTotal":4,"deathsAmountOrderTotal":1,"significant":true,"publish":false,"eruption":true,"status":"Historical","timeErupt":"D1","date":"1995-02-11","group":"VEI 1"}},{"type":"Feature","geometry":{"type":"Point","coordinates":[137.59,36.571]},"properties":{"id":6484,"year":1858,"month":4,"day":23,"earthquakeEventId":10184,"volcanoLocationId":80308,"volcanoLocationNewNum":283080,"volcanoLocationNum":"0803-08=","name":"Midagahara","location":"Honshu-Japan","country":"Japan","latitude":36.571,"longitude":137.59,"elevation":2621,"morphology":"Stratovolcano","agent":"m","deathsAmountOrder":3,"deathsAmountOrderTotal":3,"significant":true,"publish":false,"eruption":false,"status":"Historical","timeErupt":"D3","date":"1858-04-23","group":"VEI not recorded"}},{"type":"Feature","geometry":{"type":"Point","coordinates":[137.59,36.571]},"properties":{"id":6485,"year":1858,"month":7,"day":3,"volcanoLocationId":80308,"volcanoLocationNewNum":283080,"volcanoLocationNum":"0803-08=","name":"Midagahara","location":"Honshu-Japan","country":"Japan","latitude":36.571,"longitude":137.59,"elevation":2621,"morphology":"Stratovolcano","agent":"m","deathsAmountOrder":3,"deathsAmountOrderTotal":3,"significant":true,"publish":false,"eruption":false,"status":"Historical","timeErupt":"D3","date":"1858-07-03","group":"VEI not recorded"}},{"type":"Feature","geometry":{"type":"Point","coordinates":[137.59,36.571]},"properties":{"id":6486,"year":1954,"month":7,"day":21,"volcanoLocationId":80308,"volcanoLocationNewNum":283080,"volcanoLocationNum":"0803-08=","name":"Midagahara","location":"Honshu-Japan","country":"Japan","latitude":36.571,"longitude":137.59,"elevation":2621,"morphology":"Stratovolcano","agent":"G","deaths":1,"deathsAmountOrder":1,"deathsTotal":1,"deathsAmountOrderTotal":1,"significant":true,"publish":false,"eruption":false,"status":"Historical","timeErupt":"D3","date":"1954-07-21","group":"VEI not recorded"}},{"type":"Feature","geometry":{"type":"Point","coordinates":[137.59,36.571]},"properties":{"id":6487,"year":1961,"month":4,"day":23,"volcanoLocationId":80308,"volcanoLocationNewNum":283080,"volcanoLocationNum":"0803-08=","name":"Midagahara","location":"Honshu-Japan","country":"Japan","latitude":36.571,"longitude":137.59,"elevation":2621,"morphology":"Stratovolcano","agent":"G","deaths":1,"deathsAmountOrder":1,"deathsTotal":1,"deathsAmountOrderTotal":1,"significant":true,"publish":false,"eruption":false,"status":"Historical","timeErupt":"D3","date":"1961-04-23","group":"VEI not recorded"}},{"type":"Feature","geometry":{"type":"Point","coordinates":[138.523,36.406]},"properties":{"id":6504,"year":1913,"month":5,"day":29,"volcanoLocationId":80311,"volcanoLocationNewNum":283110,"volcanoLocationNum":"0803-11=","name":"Asamayama","location":"Honshu-Japan","country":"Japan","latitude":36.406,"longitude":138.523,"elevation":2568,"morphology":"Complex volcano","vei":1,"agent":"T","deaths":1,"deathsAmountOrder":1,"injuries":1,"injuriesAmountOrder":1,"deathsTotal":1,"deathsAmountOrderTotal":1,"injuriesTotal":1,"injuriesAmountOrderTotal":1,"significant":true,"publish":false,"eruption":true,"status":"Historical","timeErupt":"D1","date":"1913-05-29","group":"VEI 1"}},{"type":"Feature","geometry":{"type":"Point","coordinates":[138.523,36.406]},"properties":{"id":6505,"year":1938,"month":7,"day":16,"volcanoLocationId":80311,"volcanoLocationNewNum":283110,"volcanoLocationNum":"0803-11=","name":"Asamayama","location":"Honshu-Japan","country":"Japan","latitude":36.406,"longitude":138.523,"elevation":2568,"morphology":"Complex volcano","vei":1,"agent":"T","deathsAmountOrder":1,"deathsAmountOrderTotal":1,"significant":true,"publish":false,"eruption":true,"status":"Historical","timeErupt":"D1","date":"1938-07-16","group":"VEI 1"}},{"type":"Feature","geometry":{"type":"Point","coordinates":[138.528,36.618]},"properties":{"id":6506,"year":1971,"month":12,"day":27,"volcanoLocationId":80312,"volcanoLocationNewNum":283120,"volcanoLocationNum":"0803-12=","name":"Kusatsu-Shiranesan","location":"Honshu-Japan","country":"Japan","latitude":36.618,"longitude":138.528,"elevation":2165,"morphology":"Stratovolcano","agent":"G","deaths":6,"deathsAmountOrder":1,"deathsTotal":6,"deathsAmountOrderTotal":1,"significant":true,"publish":false,"eruption":false,"status":"Historical","timeErupt":"D1","date":"1971-12-27","group":"VEI not recorded"}},{"type":"Feature","geometry":{"type":"Point","coordinates":[138.528,36.618]},"properties":{"id":6507,"year":1976,"month":8,"day":3,"volcanoLocationId":80312,"volcanoLocationNewNum":283120,"volcanoLocationNum":"0803-12=","name":"Kusatsu-Shiranesan","location":"Honshu-Japan","country":"Japan","latitude":36.618,"longitude":138.528,"elevation":2165,"morphology":"Stratovolcano","agent":"G","deaths":3,"deathsAmountOrder":1,"deathsTotal":3,"deathsAmountOrderTotal":1,"significant":true,"publish":false,"eruption":false,"status":"Historical","timeErupt":"D1","date":"1976-08-03","group":"VEI not recorded"}},{"type":"Feature","geometry":{"type":"Point","coordinates":[139.193,36.56]},"properties":{"id":6508,"year":1947,"month":9,"day":16,"volcanoLocationId":80313,"volcanoLocationNewNum":283130,"volcanoLocationNum":"0803-13=","name":"Akagisan","location":"Honshu-Japan","country":"Japan","latitude":36.56,"longitude":139.193,"elevation":1828,"morphology":"Stratovolcano","agent":"m","deaths":699,"deathsAmountOrder":3,"deathsTotal":699,"deathsAmountOrderTotal":3,"significant":true,"publish":false,"eruption":false,"status":"Historical","timeErupt":"D6","date":"1947-09-16","group":"VEI not recorded"}},{"type":"Feature","geometry":{"type":"Point","coordinates":[139.963,37.125]},"properties":{"id":6509,"year":1919,"month":7,"day":6,"volcanoLocationId":80315,"volcanoLocationNewNum":283150,"volcanoLocationNum":"0803-15=","name":"Nasudake","location":"Honshu-Japan","country":"Japan","latitude":37.125,"longitude":139.963,"elevation":1915,"morphology":"Stratovolcano","agent":"G","deaths":2,"deathsAmountOrder":1,"deathsTotal":2,"deathsAmountOrderTotal":1,"significant":true,"publish":false,"eruption":false,"status":"Historical","timeErupt":"D2","date":"1919-07-06","group":"VEI not recorded"}},{"type":"Feature","geometry":{"type":"Point","coordinates":[139.963,37.125]},"properties":{"id":6510,"year":1921,"month":11,"day":26,"volcanoLocationId":80315,"volcanoLocationNewNum":283150,"volcanoLocationNum":"0803-15=","name":"Nasudake","location":"Honshu-Japan","country":"Japan","latitude":37.125,"longitude":139.963,"elevation":1915,"morphology":"Stratovolcano","agent":"G","deaths":1,"deathsAmountOrder":1,"deathsTotal":1,"deathsAmountOrderTotal":1,"significant":true,"publish":false,"eruption":false,"status":"Historical","timeErupt":"D2","date":"1921-11-26","group":"VEI not recorded"}},{"type":"Feature","geometry":{"type":"Point","coordinates":[140.072,37.601]},"properties":{"id":6511,"year":1938,"month":5,"day":9,"volcanoLocationId":80316,"volcanoLocationNewNum":283160,"volcanoLocationNum":"0803-16=","name":"Bandaisan","location":"Honshu-Japan","country":"Japan","latitude":37.601,"longitude":140.072,"elevation":1816,"morphology":"Stratovolcano","agent":"m","deaths":2,"deathsAmountOrder":1,"deathsTotal":2,"deathsAmountOrderTotal":1,"significant":true,"publish":false,"eruption":false,"status":"Historical","timeErupt":"D3","date":"1938-05-09","group":"VEI not recorded"}},{"type":"Feature","geometry":{"type":"Point","coordinates":[140.281,37.647]},"properties":{"id":6524,"year":1997,"month":9,"day":15,"volcanoLocationId":80317,"volcanoLocationNewNum":283170,"volcanoLocationNum":"0803-17=","name":"Adatarayama","location":"Honshu-Japan","country":"Japan","latitude":37.647,"longitude":140.281,"elevation":1728,"morphology":"Stratovolcano","agent":"G","deaths":4,"deathsAmountOrder":1,"deathsTotal":4,"deathsAmountOrderTotal":1,"significant":true,"publish":false,"eruption":false,"status":"Historical","timeErupt":"D1","date":"1997-09-15","group":"VEI not recorded"}},{"type":"Feature","geometry":{"type":"Point","coordinates":[140.734,38.729]},"properties":{"id":6525,"year":1969,"month":8,"day":26,"volcanoLocationId":80320,"volcanoLocationNewNum":283200,"volcanoLocationNum":"0803-20=","name":"Naruko","location":"Honshu-Japan","country":"Japan","latitude":38.729,"longitude":140.734,"elevation":470,"morphology":"Caldera","agent":"G","deaths":1,"deathsAmountOrder":1,"deathsTotal":1,"deathsAmountOrderTotal":1,"significant":true,"publish":false,"eruption":false,"status":"Historical","timeErupt":"D6","date":"1969-08-26","group":"VEI not recorded"}},{"type":"Feature","geometry":{"type":"Point","coordinates":[140.757,39.964]},"properties":{"id":6544,"year":1986,"month":5,"day":8,"volcanoLocationId":80326,"volcanoLocationNewNum":283260,"volcanoLocationNum":"0803-26=","name":"Akita-Yakeyama","location":"Honshu-Japan","country":"Japan","latitude":39.964,"longitude":140.757,"elevation":1366,"morphology":"Complex volcano","agent":"G","deaths":1,"deathsAmountOrder":1,"deathsTotal":1,"deathsAmountOrderTotal":1,"significant":true,"publish":false,"eruption":false,"status":"Historical","timeErupt":"D1","date":"1986-05-08","group":"VEI not recorded"}},{"type":"Feature","geometry":{"type":"Point","coordinates":[140.757,39.964]},"properties":{"id":6545,"year":1988,"volcanoLocationId":80326,"volcanoLocationNewNum":283260,"volcanoLocationNum":"0803-26=","name":"Akita-Yakeyama","location":"Honshu-Japan","country":"Japan","latitude":39.964,"longitude":140.757,"elevation":1366,"morphology":"Complex volcano","agent":"I","deaths":3,"deathsAmountOrder":1,"deathsTotal":3,"deathsAmountOrderTotal":1,"significant":true,"publish":false,"eruption":false,"status":"Historical","timeErupt":"D1","date":"1988","group":"VEI not recorded"}},{"type":"Feature","geometry":{"type":"Point","coordinates":[140.877,40.659]},"properties":{"id":6546,"year":1997,"month":7,"day":12,"volcanoLocationId":80328,"volcanoLocationNewNum":283280,"volcanoLocationNum":"0803-28=","name":"Hakkodasan","location":"Honshu-Japan","country":"Japan","latitude":40.659,"longitude":140.877,"elevation":1585,"morphology":"Stratovolcano","agent":"G","deaths":3,"deathsAmountOrder":1,"deathsTotal":3,"deathsAmountOrderTotal":1,"significant":true,"publish":false,"eruption":false,"status":"Holocene","timeErupt":"U","date":"1997-07-12","group":"VEI not recorded"}},{"type":"Feature","geometry":{"type":"Point","coordinates":[140.839,42.544]},"properties":{"id":6547,"year":1944,"month":8,"day":26,"volcanoLocationId":80503,"volcanoLocationNewNum":285030,"volcanoLocationNum":"0805-03=","name":"Toya","location":"Hokkaido-Japan","country":"Japan","latitude":42.544,"longitude":140.839,"elevation":733,"morphology":"Stratovolcano","vei":2,"agent":"G","deaths":1,"deathsAmountOrder":1,"housesDestroyed":1,"housesDestroyedAmountOrder":1,"deathsTotal":1,"deathsAmountOrderTotal":1,"housesDestroyedTotal":1,"housesDestroyedAmountOrderTotal":1,"significant":true,"publish":false,"eruption":true,"status":"Historical","timeErupt":"D1","date":"1944-08-26","group":"VEI 2"}},{"type":"Feature","geometry":{"type":"Point","coordinates":[140.839,42.544]},"properties":{"id":6548,"year":1977,"month":8,"day":7,"volcanoLocationId":80503,"volcanoLocationNewNum":285030,"volcanoLocationNum":"0805-03=","name":"Toya","location":"Hokkaido-Japan","country":"Japan","latitude":42.544,"longitude":140.839,"elevation":733,"morphology":"Stratovolcano","vei":3,"agent":"I","deaths":3,"deathsAmountOrder":1,"deathsTotal":3,"deathsAmountOrderTotal":1,"significant":true,"publish":false,"eruption":true,"status":"Historical","timeErupt":"D1","date":"1977-08-07","group":"VEI 3"}},{"type":"Feature","geometry":{"type":"Point","coordinates":[142.854,43.664]},"properties":{"id":6549,"year":1958,"month":7,"day":21,"volcanoLocationId":80506,"volcanoLocationNewNum":285060,"volcanoLocationNum":"0805-06=","name":"Taisetsuzan","location":"Hokkaido-Japan","country":"Japan","latitude":43.664,"longitude":142.854,"elevation":2291,"morphology":"Stratovolcano","agent":"G","deaths":2,"deathsAmountOrder":1,"deathsTotal":2,"deathsAmountOrderTotal":1,"significant":true,"publish":false,"eruption":false,"status":"Tephrochronology","timeErupt":"D6","date":"1958-07-21","group":"VEI not recorded"}},{"type":"Feature","geometry":{"type":"Point","coordinates":[142.854,43.664]},"properties":{"id":6550,"year":1961,"month":6,"day":18,"volcanoLocationId":80506,"volcanoLocationNewNum":285060,"volcanoLocationNum":"0805-06=","name":"Taisetsuzan","location":"Hokkaido-Japan","country":"Japan","latitude":43.664,"longitude":142.854,"elevation":2291,"morphology":"Stratovolcano","agent":"G","deaths":2,"deathsAmountOrder":1,"deathsTotal":2,"deathsAmountOrderTotal":1,"significant":true,"publish":false,"eruption":false,"status":"Tephrochronology","timeErupt":"D6","date":"1961-06-18","group":"VEI not recorded"}},{"type":"Feature","geometry":{"type":"Point","coordinates":[158.196,52.449]},"properties":{"id":6564,"year":1991,"month":6,"volcanoLocationId":100006,"volcanoLocationNewNum":300060,"volcanoLocationNum":"1000-06=","name":"Mutnovsky","location":"Kamchatka","country":"Russia","latitude":52.449,"longitude":158.196,"elevation":2288,"morphology":"Complex volcano","agent":"I","deaths":1,"deathsAmountOrder":1,"deathsTotal":1,"deathsAmountOrderTotal":1,"significant":true,"publish":false,"eruption":false,"status":"Historical","timeErupt":"D2","date":"1991-06","group":"VEI not recorded"}},{"type":"Feature","geometry":{"type":"Point","coordinates":[158.28,52.7]},"properties":{"id":6565,"year":1981,"volcanoLocationId":1000083,"volcanoLocationNewNum":300083,"volcanoLocationNum":"1000-083","name":"Vilyuchinsky","location":"Kamchatka","country":"Russia","latitude":52.7,"longitude":158.28,"elevation":2173,"morphology":"Stratovolcano","agent":"A","deathsAmountOrder":1,"deathsAmountOrderTotal":1,"significant":true,"publish":false,"eruption":true,"status":"Tephrochronology","timeErupt":"D7","date":"1981","group":"VEI not recorded"}},{"type":"Feature","geometry":{"type":"Point","coordinates":[98.392,3.17]},"properties":{"id":6566,"year":2016,"month":5,"day":9,"volcanoLocationId":60108,"volcanoLocationNewNum":261080,"volcanoLocationNum":"0601-08=","name":"Sinabung","location":"Sumatra","country":"Indonesia","latitude":3.17,"longitude":98.392,"elevation":2460,"morphology":"Stratovolcano","deaths":1,"deathsAmountOrder":1,"injuries":4,"injuriesAmountOrder":1,"damageAmountOrder":1,"housesDestroyed":3,"housesDestroyedAmountOrder":1,"deathsTotal":1,"deathsAmountOrderTotal":1,"injuriesTotal":4,"injuriesAmountOrderTotal":1,"damageAmountOrderTotal":1,"significant":true,"publish":false,"eruption":true,"status":"Holocene","timeErupt":"U","date":"2016-05-09","group":"VEI not recorded"}},{"type":"Feature","geometry":{"type":"Point","coordinates":[98.392,3.17]},"properties":{"id":6567,"year":2016,"month":5,"day":21,"volcanoLocationId":60108,"volcanoLocationNewNum":261080,"volcanoLocationNum":"0601-08=","name":"Sinabung","location":"Sumatra","country":"Indonesia","latitude":3.17,"longitude":98.392,"elevation":2460,"morphology":"Stratovolcano","deaths":7,"deathsAmountOrder":1,"injuries":3,"injuriesAmountOrder":1,"damageMillionsDollars":100,"damageAmountOrder":4,"deathsTotal":7,"deathsAmountOrderTotal":1,"injuriesTotal":3,"injuriesAmountOrderTotal":1,"damageMillionsDollarsTotal":100,"damageAmountOrderTotal":4,"significant":true,"publish":false,"eruption":true,"status":"Holocene","timeErupt":"U","date":"2016-05-21","group":"VEI not recorded"}},{"type":"Feature","geometry":{"type":"Point","coordinates":[-121.695,45.374]},"properties":{"id":6568,"year":1934,"volcanoLocationId":120201,"volcanoLocationNewNum":322010,"volcanoLocationNum":"1202-01-","name":"Hood","location":"US-Oregon","country":"United States","latitude":45.374,"longitude":-121.695,"elevation":3426,"morphology":"Stratovolcano","agent":"G","deaths":1,"deathsAmountOrder":1,"deathsTotal":1,"deathsAmountOrderTotal":1,"significant":true,"publish":false,"eruption":false,"status":"Historical","timeErupt":"D3","date":"1934","group":"VEI not recorded"}},{"type":"Feature","geometry":{"type":"Point","coordinates":[-121.695,45.374]},"properties":{"id":6569,"year":1980,"month":12,"day":25,"volcanoLocationId":120201,"volcanoLocationNewNum":322010,"volcanoLocationNum":"1202-01-","name":"Hood","location":"US-Oregon","country":"United States","latitude":45.374,"longitude":-121.695,"elevation":3426,"morphology":"Stratovolcano","agent":"m","deaths":1,"deathsAmountOrder":1,"deathsTotal":1,"deathsAmountOrderTotal":1,"significant":true,"publish":false,"eruption":false,"status":"Historical","timeErupt":"D3","date":"1980-12-25","group":"VEI not recorded"}},{"type":"Feature","geometry":{"type":"Point","coordinates":[-155.87,19.692]},"properties":{"id":6570,"year":1784,"volcanoLocationId":130204,"volcanoLocationNewNum":332040,"volcanoLocationNum":"1302-04-","name":"Hualalai","location":"Hawaiian Is","country":"United States","latitude":19.692,"longitude":-155.87,"elevation":2523,"morphology":"Shield volcano","vei":0,"agent":"L","deathsAmountOrder":1,"deathsAmountOrderTotal":1,"significant":true,"publish":false,"eruption":true,"status":"Historical","timeErupt":"D3","date":"1784","group":"VEI 0"}},{"type":"Feature","geometry":{"type":"Point","coordinates":[-103.62,19.514]},"properties":{"id":6584,"year":1590,"month":1,"day":15,"volcanoLocationId":140104,"volcanoLocationNewNum":341040,"volcanoLocationNum":"1401-04=","name":"Colima","location":"Mexico","country":"Mexico","latitude":19.514,"longitude":-103.62,"elevation":3850,"morphology":"Stratovolcano","vei":3,"agent":"I","deathsAmountOrder":3,"deathsAmountOrderTotal":3,"significant":true,"publish":false,"eruption":true,"status":"Historical","timeErupt":"D1","date":"1590-01-15","group":"VEI 3"}},{"type":"Feature","geometry":{"type":"Point","coordinates":[-93.23,17.36]},"properties":{"id":6585,"year":1375,"volcanoLocationId":140112,"volcanoLocationNewNum":341120,"volcanoLocationNum":"1401-12=","name":"Chichon, El","location":"Mexico","country":"Mexico","latitude":17.36,"longitude":-93.23,"elevation":1150,"morphology":"Tuff cone","vei":5,"agent":"M","deathsAmountOrder":2,"deathsAmountOrderTotal":2,"significant":true,"publish":false,"eruption":true,"status":"Historical","timeErupt":"D1","date":"1375","group":"VEI 5"}},{"type":"Feature","geometry":{"type":"Point","coordinates":[-89.63,13.853]},"properties":{"id":6604,"year":2005,"month":10,"day":1,"volcanoLocationId":140302,"volcanoLocationNewNum":343020,"volcanoLocationNum":"1403-02=","name":"Santa Ana","location":"El Salvador","country":"El Salvador","latitude":13.853,"longitude":-89.63,"elevation":2381,"morphology":"Stratovolcano","vei":3,"agent":"A","deaths":2,"deathsAmountOrder":1,"injuriesAmountOrder":1,"deathsTotal":2,"deathsAmountOrderTotal":1,"injuriesAmountOrderTotal":1,"significant":true,"publish":false,"eruption":true,"status":"Historical","timeErupt":"D2","date":"2005-10-01","group":"VEI 3"}},{"type":"Feature","geometry":{"type":"Point","coordinates":[-87.004,12.702]},"properties":{"id":6605,"year":1998,"month":10,"day":30,"volcanoLocationId":140402,"volcanoLocationNewNum":344020,"volcanoLocationNum":"1404-02=","name":"San Cristobal","location":"Nicaragua","country":"Nicaragua","latitude":12.702,"longitude":-87.004,"elevation":1745,"morphology":"Stratovolcano","agent":"m","deaths":1620,"deathsAmountOrder":4,"deathsTotal":1620,"deathsAmountOrderTotal":4,"significant":true,"publish":false,"eruption":false,"status":"Historical","timeErupt":"D1","date":"1998-10-30","group":"VEI not recorded"}},{"type":"Feature","geometry":{"type":"Point","coordinates":[-84.703,10.463]},"properties":{"id":6606,"year":2000,"month":8,"day":23,"volcanoLocationId":1405033,"volcanoLocationNewNum":345033,"volcanoLocationNum":"1405-033","name":"Arenal","location":"Costa Rica","country":"Costa Rica","latitude":10.463,"longitude":-84.703,"elevation":1670,"morphology":"Stratovolcano","vei":3,"agent":"P","deaths":2,"deathsAmountOrder":1,"injuries":1,"injuriesAmountOrder":1,"deathsTotal":2,"deathsAmountOrderTotal":1,"injuriesTotal":1,"injuriesAmountOrderTotal":1,"significant":true,"publish":false,"eruption":true,"status":"Historical","timeErupt":"D1","date":"2000-08-23","group":"VEI 3"}},{"type":"Feature","geometry":{"type":"Point","coordinates":[-83.852,9.979]},"properties":{"id":6607,"year":1963,"month":3,"day":17,"volcanoLocationId":140506,"volcanoLocationNewNum":345060,"volcanoLocationNum":"1405-06=","name":"Irazu","location":"Costa Rica","country":"Costa Rica","latitude":9.979,"longitude":-83.852,"elevation":3436,"morphology":"Stratovolcano","vei":3,"agent":"T","deaths":15,"deathsAmountOrder":1,"deathsTotal":15,"deathsAmountOrderTotal":1,"significant":true,"publish":false,"eruption":true,"status":"Historical","timeErupt":"D1","date":"1963-03-17","group":"VEI 3"}},{"type":"Feature","geometry":{"type":"Point","coordinates":[-76.03,2.93]},"properties":{"id":6624,"year":1994,"month":6,"day":6,"earthquakeEventId":5387,"volcanoLocationId":150105,"volcanoLocationNewNum":351050,"volcanoLocationNum":"1501-05=","name":"Huila, Nevado del","location":"Colombia","country":"Colombia","latitude":2.93,"longitude":-76.03,"elevation":5364,"morphology":"Stratovolcano","agent":"m","deathsTotal":650,"deathsAmountOrderTotal":3,"damageMillionsDollarsTotal":2.4,"damageAmountOrderTotal":2,"housesDestroyedTotal":200,"housesDestroyedAmountOrderTotal":3,"significant":true,"publish":false,"eruption":true,"status":"Historical","timeErupt":"D5","date":"1994-06-06","group":"VEI not recorded"}},{"type":"Feature","geometry":{"type":"Point","coordinates":[-77.656,-0.077]},"properties":{"id":6625,"year":2002,"month":11,"day":3,"volcanoLocationId":150201,"volcanoLocationNewNum":352010,"volcanoLocationNum":"1502-01=","name":"Reventador","location":"Ecuador","country":"Ecuador","latitude":-0.077,"longitude":-77.656,"elevation":3562,"morphology":"Stratovolcano","vei":4,"agent":"I","deathsAmountOrder":1,"injuriesAmountOrder":1,"damageAmountOrder":1,"housesDestroyedAmountOrder":1,"deathsAmountOrderTotal":1,"injuriesAmountOrderTotal":1,"damageAmountOrderTotal":1,"housesDestroyedAmountOrderTotal":1,"significant":true,"publish":false,"eruption":true,"status":"Historical","timeErupt":"D1","date":"2002-11-03","group":"VEI 4"}},{"type":"Feature","geometry":{"type":"Point","coordinates":[-78.598,-0.171]},"properties":{"id":6626,"year":1993,"month":3,"day":12,"volcanoLocationId":150202,"volcanoLocationNewNum":352020,"volcanoLocationNum":"1502-02=","name":"Guagua Pichincha","location":"Ecuador","country":"Ecuador","latitude":-0.171,"longitude":-78.598,"elevation":4784,"morphology":"Stratovolcano","vei":1,"agent":"T","deaths":2,"deathsAmountOrder":1,"deathsTotal":2,"deathsAmountOrderTotal":1,"significant":true,"publish":false,"eruption":true,"status":"Historical","timeErupt":"D1","date":"1993-03-12","group":"VEI 1"}},{"type":"Feature","geometry":{"type":"Point","coordinates":[-78.436,-0.677]},"properties":{"id":6627,"year":-455,"volcanoLocationId":150205,"volcanoLocationNewNum":352050,"volcanoLocationNum":"1502-05=","name":"Cotopaxi","location":"Ecuador","country":"Ecuador","latitude":-0.677,"longitude":-78.436,"elevation":5911,"morphology":"Stratovolcano","vei":4,"agent":"M","deathsAmountOrder":1,"deathsAmountOrderTotal":1,"significant":true,"publish":false,"eruption":true,"status":"Historical","timeErupt":"D2","date":"-455","group":"VEI 4"}},{"type":"Feature","geometry":{"type":"Point","coordinates":[-78.442,-1.467]},"properties":{"id":6628,"year":-1010,"volcanoLocationId":150208,"volcanoLocationNewNum":352080,"volcanoLocationNum":"1502-08=","name":"Tungurahua","location":"Ecuador","country":"Ecuador","latitude":-1.467,"longitude":-78.442,"elevation":5023,"morphology":"Stratovolcano","vei":5,"deathsAmountOrder":3,"deathsAmountOrderTotal":3,"significant":true,"publish":false,"eruption":true,"status":"Historical","timeErupt":"D1","date":"-1010","group":"VEI 5"}},{"type":"Feature","geometry":{"type":"Point","coordinates":[-19.666,63.983]},"properties":{"id":6644,"year":1510,"month":10,"day":15,"volcanoLocationId":170207,"volcanoLocationNewNum":372070,"volcanoLocationNum":"1702-07=","name":"Hekla","location":"Iceland-S","country":"Iceland","latitude":63.983,"longitude":-19.666,"elevation":1490,"morphology":"Stratovolcano","vei":4,"agent":"I","deathsAmountOrderTotal":3,"significant":true,"publish":false,"eruption":true,"status":"Historical","timeErupt":"D1","date":"1510-10-15","group":"VEI 4"}},{"type":"Feature","geometry":{"type":"Point","coordinates":[-17.316,64.416]},"properties":{"id":6645,"year":1860,"volcanoLocationId":170301,"volcanoLocationNewNum":373010,"volcanoLocationNum":"1703-01=","name":"Grimsvotn","location":"Iceland-NE","country":"Iceland","latitude":64.416,"longitude":-17.316,"elevation":1719,"morphology":"Caldera","agent":"m","deaths":1,"deathsAmountOrder":1,"deathsTotal":1,"deathsAmountOrderTotal":1,"significant":true,"publish":false,"eruption":false,"status":"Historical","timeErupt":"D1","date":"1860","group":"VEI not recorded"}},{"type":"Feature","geometry":{"type":"Point","coordinates":[14.426,40.821]},"properties":{"id":6646,"year":-2420,"volcanoLocationId":10102,"volcanoLocationNewNum":211020,"volcanoLocationNum":"0101-02=","name":"Vesuvius","location":"Italy","country":"Italy","latitude":40.821,"longitude":14.426,"elevation":1281,"morphology":"Complex volcano","vei":5,"agent":"P,T","significant":true,"publish":false,"eruption":true,"status":"Historical","timeErupt":"D2","date":"-2420","group":"VEI 5"}},{"type":"Feature","geometry":{"type":"Point","coordinates":[-175.07,-19.75]},"properties":{"id":6664,"year":1892,"month":8,"day":30,"tsunamiEventId":5608,"volcanoLocationId":40306,"volcanoLocationNewNum":243060,"volcanoLocationNum":"0403-06=","name":"Tofua","location":"Tonga-SW Pacific","country":"Tonga","latitude":-19.75,"longitude":-175.07,"elevation":515,"morphology":"Caldera","vei":2,"significant":true,"publish":false,"eruption":true,"status":"Historical","timeErupt":"D2","date":"1892-08-30","group":"VEI 2"}},{"type":"Feature","geometry":{"type":"Point","coordinates":[165.804,-10.386]},"properties":{"id":6684,"year":1897,"month":3,"day":26,"tsunamiEventId":5629,"volcanoLocationId":50601,"volcanoLocationNewNum":256010,"volcanoLocationNum":"0506-01=","name":"Tinakula","location":"Santa Cruz Is-SW Pac","country":"Solomon Is.","latitude":-10.386,"longitude":165.804,"elevation":796,"morphology":"Stratovolcano","vei":2,"agent":"W","damageAmountOrderTotal":1,"housesDestroyedAmountOrderTotal":1,"significant":true,"publish":false,"eruption":true,"status":"Historical","timeErupt":"D1","date":"1897-03-26","group":"VEI 2"}},{"type":"Feature","geometry":{"type":"Point","coordinates":[116.47,-8.42]},"properties":{"id":6704,"year":2016,"month":9,"day":27,"volcanoLocationId":60403,"volcanoLocationNewNum":264030,"volcanoLocationNum":"0604-03=","name":"Rinjani","location":"Lesser Sunda Is","country":"Indonesia","latitude":-8.42,"longitude":116.47,"elevation":3726,"morphology":"Stratovolcano","vei":2,"missing":44,"missingAmountOrder":1,"missingTotal":44,"missingAmountOrderTotal":1,"significant":true,"publish":false,"eruption":true,"status":"Historical","timeErupt":"D1","date":"2016-09-27","group":"VEI 2"}},{"type":"Feature","geometry":{"type":"Point","coordinates":[-110.67,44.43]},"properties":{"id":6724,"year":2016,"month":6,"day":9,"volcanoLocationId":120501,"volcanoLocationNewNum":325010,"volcanoLocationNum":"1205-01-","name":"Yellowstone","location":"US-Wyoming","country":"United States","latitude":44.43,"longitude":-110.67,"elevation":2805,"morphology":"Caldera","deaths":1,"deathsAmountOrder":1,"deathsTotal":1,"deathsAmountOrderTotal":1,"significant":true,"publish":false,"eruption":false,"status":"Tephrochronology","timeErupt":"D7","date":"2016-06-09","group":"VEI not recorded"}},{"type":"Feature","geometry":{"type":"Point","coordinates":[131.085,32.885]},"properties":{"id":6744,"year":2016,"month":10,"day":8,"volcanoLocationId":80211,"volcanoLocationNewNum":282110,"volcanoLocationNum":"0802-11=","name":"Asosan","location":"Kyushu-Japan","country":"Japan","latitude":32.885,"longitude":131.085,"elevation":1592,"morphology":"Caldera","vei":3,"agent":"T","damageAmountOrder":1,"damageAmountOrderTotal":1,"significant":true,"publish":false,"eruption":true,"status":"Historical","timeErupt":"D1","date":"2016-10-08","group":"VEI 3"}},{"type":"Feature","geometry":{"type":"Point","coordinates":[98.392,3.17]},"properties":{"id":6764,"year":2017,"month":4,"day":13,"volcanoLocationId":60108,"volcanoLocationNewNum":261080,"volcanoLocationNum":"0601-08=","name":"Sinabung","location":"Sumatra","country":"Indonesia","latitude":3.17,"longitude":98.392,"elevation":2460,"morphology":"Stratovolcano","vei":3,"agent":"P","damageAmountOrder":1,"housesDestroyedAmountOrder":2,"damageAmountOrderTotal":1,"housesDestroyedAmountOrderTotal":2,"significant":true,"publish":false,"eruption":true,"status":"Holocene","timeErupt":"U","date":"2017-04-13","group":"VEI 3"}},{"type":"Feature","geometry":{"type":"Point","coordinates":[109.879,-7.2]},"properties":{"id":6784,"year":2017,"month":7,"day":1,"volcanoLocationId":60320,"volcanoLocationNewNum":263200,"volcanoLocationNum":"0603-20=","name":"Dieng Volcanic Complex","location":"Java","country":"Indonesia","latitude":-7.2,"longitude":109.879,"elevation":2565,"morphology":"Complex volcano","vei":1,"deaths":8,"deathsAmountOrder":1,"injuries":11,"injuriesAmountOrder":1,"deathsTotal":8,"deathsAmountOrderTotal":1,"injuriesTotal":11,"injuriesAmountOrderTotal":1,"significant":true,"publish":false,"eruption":true,"status":"Historical","timeErupt":"D1","date":"2017-07-01","group":"VEI 1"}},{"type":"Feature","geometry":{"type":"Point","coordinates":[14.139,40.827]},"properties":{"id":6804,"year":2017,"month":9,"day":12,"volcanoLocationId":10101,"volcanoLocationNewNum":211010,"volcanoLocationNum":"0101-01=","name":"Campi Flegrei","location":"Italy","country":"Italy","latitude":40.827,"longitude":14.139,"elevation":458,"morphology":"Caldera","deaths":3,"deathsAmountOrder":1,"deathsTotal":3,"deathsAmountOrderTotal":1,"significant":true,"publish":false,"eruption":false,"status":"Historical","timeErupt":"D5","date":"2017-09-12","group":"VEI not recorded"}},{"type":"Feature","geometry":{"type":"Point","coordinates":[167.835,-15.389]},"properties":{"id":6824,"year":2017,"month":9,"day":23,"volcanoLocationId":50703,"volcanoLocationNewNum":257030,"volcanoLocationNum":"0507-03=","name":"Ambae","location":"Vanuatu-SW Pacific","country":"Vanuatu","latitude":-15.389,"longitude":167.835,"elevation":1496,"morphology":"Shield volcano","vei":3,"agent":"T","damageAmountOrder":1,"damageAmountOrderTotal":1,"significant":true,"publish":false,"eruption":true,"status":"Historical","timeErupt":"D1","date":"2017-09-23","group":"VEI 3"}},{"type":"Feature","geometry":{"type":"Point","coordinates":[176.507,-38.157]},"properties":{"id":6844,"year":2015,"month":10,"volcanoLocationId":40105,"volcanoLocationNewNum":241050,"volcanoLocationNum":"0401-05=","name":"Okataina","location":"New Zealand","country":"New Zealand","latitude":-38.157,"longitude":176.507,"elevation":1111,"morphology":"Lava dome","agent":"I","deaths":1,"deathsAmountOrder":1,"deathsTotal":1,"deathsAmountOrderTotal":1,"significant":true,"publish":false,"eruption":false,"status":"Historical","timeErupt":"D1","date":"2015-10","group":"VEI not recorded"}},{"type":"Feature","geometry":{"type":"Point","coordinates":[176.507,-38.157]},"properties":{"id":6845,"year":2013,"month":12,"day":13,"volcanoLocationId":40105,"volcanoLocationNewNum":241050,"volcanoLocationNum":"0401-05=","name":"Okataina","location":"New Zealand","country":"New Zealand","latitude":-38.157,"longitude":176.507,"elevation":1111,"morphology":"Lava dome","agent":"G","deaths":1,"deathsAmountOrder":1,"deathsTotal":1,"deathsAmountOrderTotal":1,"significant":true,"publish":false,"eruption":false,"status":"Historical","timeErupt":"D1","date":"2013-12-13","group":"VEI not recorded"}},{"type":"Feature","geometry":{"type":"Point","coordinates":[-155.287,19.421]},"properties":{"id":6864,"year":2018,"month":4,"day":28,"tsunamiEventId":5678,"earthquakeEventId":10332,"volcanoLocationId":130201,"volcanoLocationNewNum":332010,"volcanoLocationNum":"1302-01-","name":"Kilauea","location":"Hawaiian Is","country":"United States","latitude":19.421,"longitude":-155.287,"elevation":1222,"morphology":"Shield volcano","vei":1,"agent":"L","injuries":1,"injuriesAmountOrder":1,"damageMillionsDollars":370,"damageAmountOrder":4,"housesDestroyed":716,"housesDestroyedAmountOrder":3,"injuriesTotal":1,"injuriesAmountOrderTotal":1,"damageMillionsDollarsTotal":370,"damageAmountOrderTotal":4,"housesDestroyedTotal":716,"housesDestroyedAmountOrderTotal":3,"significant":true,"publish":false,"eruption":true,"status":"Historical","timeErupt":"D1","date":"2018-04-28","group":"VEI 1"}},{"type":"Feature","geometry":{"type":"Point","coordinates":[110.446,-7.54]},"properties":{"id":6884,"year":2017,"month":12,"day":18,"volcanoLocationId":60325,"volcanoLocationNewNum":263250,"volcanoLocationNum":"0603-25=","name":"Merapi","location":"Java","country":"Indonesia","latitude":-7.54,"longitude":110.446,"elevation":2910,"morphology":"Stratovolcano","agent":"A","deaths":8,"deathsAmountOrder":1,"injuries":8,"injuriesAmountOrder":1,"deathsTotal":8,"deathsAmountOrderTotal":1,"injuriesTotal":8,"injuriesAmountOrderTotal":1,"significant":true,"publish":false,"eruption":false,"status":"Historical","timeErupt":"D1","date":"2017-12-18","group":"VEI not recorded"}},{"type":"Feature","geometry":{"type":"Point","coordinates":[144.588,-3.608]},"properties":{"id":6904,"year":2018,"month":1,"day":5,"volcanoLocationId":501002,"volcanoLocationNewNum":251002,"volcanoLocationNum":"0501-002","name":"Kadovar","location":"New Guinea-NE of","country":"Papua New Guinea","latitude":-3.608,"longitude":144.588,"elevation":365,"morphology":"Stratovolcano","vei":2,"agent":"T","damageAmountOrder":1,"damageAmountOrderTotal":1,"significant":true,"publish":false,"eruption":true,"status":"Holocene","timeErupt":"U","date":"2018-01-05","group":"VEI 2"}},{"type":"Feature","geometry":{"type":"Point","coordinates":[138.528,36.618]},"properties":{"id":6924,"year":2018,"month":1,"day":23,"volcanoLocationId":80312,"volcanoLocationNewNum":283120,"volcanoLocationNum":"0803-12=","name":"Kusatsu-Shiranesan","location":"Honshu-Japan","country":"Japan","latitude":36.618,"longitude":138.528,"elevation":2165,"morphology":"Stratovolcano","vei":1,"agent":"T","deaths":1,"deathsAmountOrder":1,"injuries":11,"injuriesAmountOrder":1,"damageAmountOrder":1,"deathsTotal":1,"deathsAmountOrderTotal":1,"injuriesTotal":11,"injuriesAmountOrderTotal":1,"damageAmountOrderTotal":1,"significant":true,"publish":false,"eruption":true,"status":"Historical","timeErupt":"D1","date":"2018-01-23","group":"VEI 1"}},{"type":"Feature","geometry":{"type":"Point","coordinates":[123.685,13.257]},"properties":{"id":6944,"year":2018,"month":1,"day":13,"volcanoLocationId":70303,"volcanoLocationNewNum":273030,"volcanoLocationNum":"0703-03=","name":"Mayon","location":"Luzon-Philippines","country":"Philippines","latitude":13.257,"longitude":123.685,"elevation":2462,"morphology":"Stratovolcano","vei":3,"agent":"T,P","injuries":1972,"injuriesAmountOrder":4,"damageMillionsDollars":3.564,"damageAmountOrder":2,"injuriesTotal":1972,"injuriesAmountOrderTotal":4,"damageMillionsDollarsTotal":3.564,"damageAmountOrderTotal":2,"significant":true,"publish":false,"eruption":true,"status":"Historical","timeErupt":"D1","date":"2018-01-13","group":"VEI 3"}},{"type":"Feature","geometry":{"type":"Point","coordinates":[98.392,3.17]},"properties":{"id":6964,"year":2017,"month":12,"day":27,"volcanoLocationId":60108,"volcanoLocationNewNum":261080,"volcanoLocationNum":"0601-08=","name":"Sinabung","location":"Sumatra","country":"Indonesia","latitude":3.17,"longitude":98.392,"elevation":2460,"morphology":"Stratovolcano","agent":"T","damageAmountOrder":2,"damageAmountOrderTotal":2,"significant":true,"publish":false,"eruption":true,"status":"Holocene","timeErupt":"U","date":"2017-12-27","group":"VEI not recorded"}},{"type":"Feature","geometry":{"type":"Point","coordinates":[14.999,37.748]},"properties":{"id":6965,"year":2017,"month":3,"day":15,"volcanoLocationId":10106,"volcanoLocationNewNum":211060,"volcanoLocationNum":"0101-06=","name":"Etna","location":"Italy","country":"Italy","latitude":37.748,"longitude":14.999,"elevation":3357,"morphology":"Stratovolcano","agent":"P","injuries":10,"injuriesAmountOrder":1,"injuriesTotal":10,"injuriesAmountOrderTotal":1,"significant":true,"publish":false,"eruption":true,"status":"Historical","timeErupt":"D1","date":"2017-03-15","group":"VEI not recorded"}},{"type":"Feature","geometry":{"type":"Point","coordinates":[155.225,-6.09]},"properties":{"id":6984,"year":1580,"volcanoLocationId":505011,"volcanoLocationNewNum":255011,"volcanoLocationNum":"0505-011","name":"Billy Mitchell","location":"Bougainville-SW Paci","country":"Papua New Guinea","latitude":-6.09,"longitude":155.225,"elevation":1544,"morphology":"Pyroclastic shield","vei":6,"significant":true,"publish":false,"eruption":true,"status":"Radiocarbon","timeErupt":"D5","date":"1580","group":"VEI 6"}},{"type":"Feature","geometry":{"type":"Point","coordinates":[-155.287,19.421]},"properties":{"id":7004,"year":2018,"month":2,"day":1,"volcanoLocationId":130201,"volcanoLocationNewNum":332010,"volcanoLocationNum":"1302-01-","name":"Kilauea","location":"Hawaiian Is","country":"United States","latitude":19.421,"longitude":-155.287,"elevation":1222,"morphology":"Shield volcano","vei":1,"agent":"G","deaths":1,"deathsAmountOrder":1,"injuries":3,"injuriesAmountOrder":1,"deathsTotal":1,"deathsAmountOrderTotal":1,"injuriesTotal":3,"injuriesAmountOrderTotal":1,"significant":true,"publish":false,"eruption":true,"status":"Historical","timeErupt":"D1","date":"2018-02-01","group":"VEI 1"}},{"type":"Feature","geometry":{"type":"Point","coordinates":[153.2,48.092]},"properties":{"id":7044,"year":1946,"month":11,"day":13,"tsunamiEventId":1769,"volcanoLocationId":90024,"volcanoLocationNewNum":290240,"volcanoLocationNum":"0900-24=","name":"Sarychev Peak","location":"Kuril Is","country":"Russia","latitude":48.092,"longitude":153.2,"elevation":1496,"morphology":"Stratovolcano","vei":4,"significant":true,"publish":false,"eruption":true,"status":"Historical","timeErupt":"D1","date":"1946-11-13","group":"VEI 4"}},{"type":"Feature","geometry":{"type":"Point","coordinates":[-90.88,14.473]},"properties":{"id":7084,"year":2017,"month":6,"day":6,"volcanoLocationId":140209,"volcanoLocationNewNum":342090,"volcanoLocationNum":"1402-09=","name":"Fuego","location":"Guatemala","country":"Guatemala","latitude":14.473,"longitude":-90.88,"elevation":3763,"morphology":"Stratovolcano","vei":2,"agent":"P","damageAmountOrder":2,"damageAmountOrderTotal":2,"significant":true,"publish":false,"eruption":true,"status":"Historical","timeErupt":"D1","date":"2017-06-06","group":"VEI 2"}},{"type":"Feature","geometry":{"type":"Point","coordinates":[144.588,-3.608]},"properties":{"id":7104,"year":2018,"month":2,"day":9,"tsunamiEventId":5676,"volcanoLocationId":501002,"volcanoLocationNewNum":251002,"volcanoLocationNum":"0501-002","name":"Kadovar","location":"New Guinea-NE of","country":"Papua New Guinea","latitude":-3.608,"longitude":144.588,"elevation":365,"morphology":"Stratovolcano","vei":2,"agent":"W","significant":true,"publish":false,"eruption":true,"status":"Holocene","timeErupt":"U","date":"2018-02-09","group":"VEI 2"}},{"type":"Feature","geometry":{"type":"Point","coordinates":[114.242,-8.058]},"properties":{"id":7124,"year":2018,"month":3,"day":21,"volcanoLocationId":60335,"volcanoLocationNewNum":263350,"volcanoLocationNum":"0603-35=","name":"Ijen","location":"Java","country":"Indonesia","latitude":-8.058,"longitude":114.242,"elevation":2769,"morphology":"Stratovolcano","agent":"G","injuries":30,"injuriesAmountOrder":1,"injuriesTotal":30,"injuriesAmountOrderTotal":1,"significant":true,"publish":false,"eruption":false,"status":"Historical","timeErupt":"D1","date":"2018-03-21","group":"VEI not recorded"}},{"type":"Feature","geometry":{"type":"Point","coordinates":[167.835,-15.389]},"properties":{"id":7144,"year":2018,"month":3,"day":30,"volcanoLocationId":50703,"volcanoLocationNewNum":257030,"volcanoLocationNum":"0507-03=","name":"Ambae","location":"Vanuatu-SW Pacific","country":"Vanuatu","latitude":-15.389,"longitude":167.835,"elevation":1496,"morphology":"Shield volcano","vei":3,"agent":"T,G,M","deaths":4,"deathsAmountOrder":1,"damageAmountOrder":2,"housesDestroyedAmountOrder":1,"deathsTotal":4,"deathsAmountOrderTotal":1,"damageAmountOrderTotal":2,"housesDestroyedAmountOrderTotal":1,"significant":true,"publish":false,"eruption":true,"status":"Historical","timeErupt":"D1","date":"2018-03-30","group":"VEI 3"}},{"type":"Feature","geometry":{"type":"Point","coordinates":[-90.88,14.473]},"properties":{"id":7164,"year":2018,"month":6,"day":3,"volcanoLocationId":140209,"volcanoLocationNewNum":342090,"volcanoLocationNum":"1402-09=","name":"Fuego","location":"Guatemala","country":"Guatemala","latitude":14.473,"longitude":-90.88,"elevation":3763,"morphology":"Stratovolcano","vei":2,"agent":"P","deaths":201,"deathsAmountOrder":3,"injuries":27,"injuriesAmountOrder":1,"missing":229,"missingAmountOrder":3,"damageMillionsDollars":120,"damageAmountOrder":4,"housesDestroyed":186,"housesDestroyedAmountOrder":3,"deathsTotal":201,"deathsAmountOrderTotal":3,"injuriesTotal":27,"injuriesAmountOrderTotal":1,"missingTotal":229,"missingAmountOrderTotal":3,"damageMillionsDollarsTotal":120,"damageAmountOrderTotal":4,"housesDestroyedTotal":186,"housesDestroyedAmountOrderTotal":3,"significant":true,"publish":false,"eruption":true,"status":"Historical","timeErupt":"D1","date":"2018-06-03","group":"VEI 2"}},{"type":"Feature","geometry":{"type":"Point","coordinates":[-155.287,19.421]},"properties":{"id":7184,"year":2018,"month":7,"day":16,"volcanoLocationId":130201,"volcanoLocationNewNum":332010,"volcanoLocationNum":"1302-01-","name":"Kilauea","location":"Hawaiian Is","country":"United States","latitude":19.421,"longitude":-155.287,"elevation":1222,"morphology":"Shield volcano","agent":"T","injuries":23,"injuriesAmountOrder":1,"damageMillionsDollars":1,"damageAmountOrder":1,"injuriesTotal":23,"injuriesAmountOrderTotal":1,"damageMillionsDollarsTotal":1,"damageAmountOrderTotal":1,"significant":true,"publish":false,"eruption":true,"status":"Historical","timeErupt":"D1","date":"2018-07-16","group":"VEI not recorded"}},{"type":"Feature","geometry":{"type":"Point","coordinates":[145.037,-4.08]},"properties":{"id":7204,"year":2018,"month":8,"day":25,"volcanoLocationId":50102,"volcanoLocationNewNum":251020,"volcanoLocationNum":"0501-02=","name":"Manam","location":"New Guinea-NE of","country":"Papua New Guinea","latitude":-4.08,"longitude":145.037,"elevation":1807,"morphology":"Stratovolcano","vei":4,"agent":"L,T","damageAmountOrder":3,"housesDestroyed":164,"housesDestroyedAmountOrder":3,"damageAmountOrderTotal":3,"housesDestroyedTotal":164,"housesDestroyedAmountOrderTotal":3,"significant":true,"publish":false,"eruption":true,"status":"Historical","timeErupt":"D1","date":"2018-08-25","group":"VEI 4"}},{"type":"Feature","geometry":{"type":"Point","coordinates":[-61.64,12.3]},"properties":{"id":7224,"year":1939,"month":7,"day":24,"tsunamiEventId":5694,"volcanoLocationId":160016,"volcanoLocationNewNum":360160,"volcanoLocationNum":"1600-16=","name":"Kick 'em Jenny","location":"W Indies","country":"Netherlands","latitude":12.3,"longitude":-61.64,"elevation":-185,"morphology":"Submarine volcano","vei":1,"agent":"T","significant":true,"publish":false,"eruption":true,"status":"Historical","timeErupt":"D1","date":"1939-07-24","group":"VEI 1"}},{"type":"Feature","geometry":{"type":"Point","coordinates":[168.12,-16.25]},"properties":{"id":7244,"year":2018,"month":12,"day":15,"earthquakeEventId":10382,"volcanoLocationId":50704,"volcanoLocationNewNum":257040,"volcanoLocationNum":"0507-04=","name":"Ambrym","location":"Vanuatu-SW Pacific","country":"Vanuatu","latitude":-16.25,"longitude":168.12,"elevation":1334,"morphology":"Pyroclastic shield","vei":2,"agent":"S,T,G","damageAmountOrder":2,"housesDestroyedAmountOrder":1,"damageAmountOrderTotal":2,"housesDestroyedAmountOrderTotal":1,"significant":true,"publish":false,"eruption":true,"status":"Historical","timeErupt":"D1","date":"2018-12-15","group":"VEI 2"}},{"type":"Feature","geometry":{"type":"Point","coordinates":[105.423,-6.101]},"properties":{"id":7264,"year":2018,"month":12,"day":22,"tsunamiEventId":5699,"volcanoLocationId":60200,"volcanoLocationNewNum":262000,"volcanoLocationNum":"0602-00=","name":"Krakatau","location":"Indonesia","country":"Indonesia","latitude":-6.101,"longitude":105.423,"elevation":285,"morphology":"Caldera","vei":4,"agent":"W","deathsTotal":437,"deathsAmountOrderTotal":3,"injuriesTotal":31943,"injuriesAmountOrderTotal":4,"missingTotal":10,"missingAmountOrderTotal":1,"damageMillionsDollarsTotal":250,"damageAmountOrderTotal":4,"housesDestroyedTotal":2844,"housesDestroyedAmountOrderTotal":4,"significant":true,"publish":false,"eruption":true,"status":"Historical","timeErupt":"D1","date":"2018-12-22","group":"VEI 4"}},{"type":"Feature","geometry":{"type":"Point","coordinates":[14.999,37.748]},"properties":{"id":7284,"year":2018,"month":12,"day":26,"earthquakeEventId":10383,"volcanoLocationId":10106,"volcanoLocationNewNum":211060,"volcanoLocationNum":"0101-06=","name":"Etna","location":"Italy","country":"Italy","latitude":37.748,"longitude":14.999,"elevation":3357,"morphology":"Stratovolcano","vei":2,"agent":"S","injuriesTotal":28,"injuriesAmountOrderTotal":1,"damageMillionsDollarsTotal":115,"damageAmountOrderTotal":4,"housesDestroyedTotal":15,"housesDestroyedAmountOrderTotal":1,"significant":true,"publish":false,"eruption":true,"status":"Historical","timeErupt":"D1","date":"2018-12-26","group":"VEI 2"}},{"type":"Feature","geometry":{"type":"Point","coordinates":[145.037,-4.08]},"properties":{"id":7304,"year":2019,"month":1,"day":7,"volcanoLocationId":50102,"volcanoLocationNewNum":251020,"volcanoLocationNum":"0501-02=","name":"Manam","location":"New Guinea-NE of","country":"Papua New Guinea","latitude":-4.08,"longitude":145.037,"elevation":1807,"morphology":"Stratovolcano","vei":4,"agent":"T","damageAmountOrder":1,"damageAmountOrderTotal":1,"significant":true,"publish":false,"eruption":true,"status":"Historical","timeErupt":"D1","date":"2019-01-07","group":"VEI 4"}},{"type":"Feature","geometry":{"type":"Point","coordinates":[98.392,3.17]},"properties":{"id":7324,"year":2019,"month":5,"day":7,"volcanoLocationId":60108,"volcanoLocationNewNum":261080,"volcanoLocationNum":"0601-08=","name":"Sinabung","location":"Sumatra","country":"Indonesia","latitude":3.17,"longitude":98.392,"elevation":2460,"morphology":"Stratovolcano","vei":4,"agent":"T","damageAmountOrder":2,"damageAmountOrderTotal":2,"significant":true,"publish":false,"eruption":true,"status":"Holocene","timeErupt":"U","date":"2019-05-07","group":"VEI 4"}},{"type":"Feature","geometry":{"type":"Point","coordinates":[151.33,-5.05]},"properties":{"id":7344,"year":2019,"month":6,"day":26,"volcanoLocationId":50212,"volcanoLocationNewNum":252120,"volcanoLocationNum":"0502-12=","name":"Ulawun","location":"New Britain-SW Pac","country":"Papua New Guinea","latitude":-5.05,"longitude":151.33,"elevation":2334,"morphology":"Stratovolcano","vei":4,"agent":"P,T","injuries":2,"injuriesAmountOrder":1,"damageMillionsDollars":14,"damageAmountOrder":3,"injuriesTotal":2,"injuriesAmountOrderTotal":1,"damageMillionsDollarsTotal":14,"damageAmountOrderTotal":3,"significant":true,"publish":false,"eruption":true,"status":"Historical","timeErupt":"D1","date":"2019-06-26","group":"VEI 4"}},{"type":"Feature","geometry":{"type":"Point","coordinates":[145.037,-4.08]},"properties":{"id":7345,"year":2019,"month":6,"day":28,"volcanoLocationId":50102,"volcanoLocationNewNum":251020,"volcanoLocationNum":"0501-02=","name":"Manam","location":"New Guinea-NE of","country":"Papua New Guinea","latitude":-4.08,"longitude":145.037,"elevation":1807,"morphology":"Stratovolcano","vei":4,"agent":"A,P,T","damageAmountOrder":2,"damageAmountOrderTotal":2,"significant":true,"publish":false,"eruption":true,"status":"Historical","timeErupt":"D1","date":"2019-06-28","group":"VEI 4"}},{"type":"Feature","geometry":{"type":"Point","coordinates":[15.213,38.789]},"properties":{"id":7364,"year":2019,"month":7,"day":3,"tsunamiEventId":5913,"volcanoLocationId":10104,"volcanoLocationNewNum":211040,"volcanoLocationNum":"0101-04=","name":"Stromboli","location":"Italy","country":"Italy","latitude":38.789,"longitude":15.213,"elevation":924,"morphology":"Stratovolcano","vei":2,"agent":"P,T,W","deaths":1,"deathsAmountOrder":1,"injuries":1,"injuriesAmountOrder":1,"deathsTotal":1,"deathsAmountOrderTotal":1,"injuriesTotal":1,"injuriesAmountOrderTotal":1,"significant":true,"publish":false,"eruption":true,"status":"Historical","timeErupt":"D1","date":"2019-07-03","group":"VEI 2"}},{"type":"Feature","geometry":{"type":"Point","coordinates":[150.1,-5.046]},"properties":{"id":7404,"year":653,"volcanoLocationId":50204,"volcanoLocationNewNum":252040,"volcanoLocationNum":"0502-04=","name":"Dakataua","location":"New Britain-SW Pac","country":"Papua New Guinea","latitude":-5.046,"longitude":150.1,"elevation":408,"morphology":"Caldera","vei":6,"significant":true,"publish":false,"eruption":true,"status":"Anthropology","timeErupt":"D3","date":"0653","group":"VEI 6"}},{"type":"Feature","geometry":{"type":"Point","coordinates":[15.213,38.789]},"properties":{"id":7424,"year":2019,"month":8,"day":28,"tsunamiEventId":5716,"volcanoLocationId":10104,"volcanoLocationNewNum":211040,"volcanoLocationNum":"0101-04=","name":"Stromboli","location":"Italy","country":"Italy","latitude":38.789,"longitude":15.213,"elevation":924,"morphology":"Stratovolcano","vei":2,"agent":"W","significant":true,"publish":false,"eruption":true,"status":"Historical","timeErupt":"D1","date":"2019-08-28","group":"VEI 2"}},{"type":"Feature","geometry":{"type":"Point","coordinates":[109.014,10.158]},"properties":{"id":7444,"year":1923,"month":3,"day":2,"tsunamiEventId":5720,"earthquakeEventId":10435,"volcanoLocationId":70506,"volcanoLocationNewNum":275060,"volcanoLocationNum":"0705-06-","name":"Cendres, Ile des","location":"SE Asia","country":"Vietnam","latitude":10.158,"longitude":109.014,"elevation":-20,"morphology":"Submarine volcanoes","vei":2,"agent":"L","damageAmountOrderTotal":1,"significant":true,"publish":false,"eruption":true,"status":"Historical","timeErupt":"D2","date":"1923-03-02","group":"VEI 2"}},{"type":"Feature","geometry":{"type":"Point","coordinates":[177.18,-37.52]},"properties":{"id":7464,"year":2019,"month":12,"day":9,"volcanoLocationId":40104,"volcanoLocationNewNum":241040,"volcanoLocationNum":"0401-04=","name":"Whakaari/White Island","location":"New Zealand","country":"New Zealand","latitude":-37.52,"longitude":177.18,"elevation":294,"morphology":"Stratovolcano","vei":2,"agent":"T","deaths":22,"deathsAmountOrder":1,"injuries":25,"injuriesAmountOrder":1,"deathsTotal":22,"deathsAmountOrderTotal":1,"injuriesTotal":25,"injuriesAmountOrderTotal":1,"significant":true,"publish":false,"eruption":true,"status":"Historical","timeErupt":"D1","date":"2019-12-09","group":"VEI 2"}},{"type":"Feature","geometry":{"type":"Point","coordinates":[120.998,14.011]},"properties":{"id":7484,"year":2020,"month":1,"day":12,"volcanoLocationId":70307,"volcanoLocationNewNum":273070,"volcanoLocationNum":"0703-07=","name":"Taal","location":"Luzon-Philippines","country":"Philippines","latitude":14.011,"longitude":120.998,"elevation":311,"morphology":"Stratovolcano","vei":4,"agent":"T","deaths":39,"deathsAmountOrder":1,"damageMillionsDollars":67,"damageAmountOrder":4,"housesDestroyed":4573,"housesDestroyedAmountOrder":4,"deathsTotal":39,"deathsAmountOrderTotal":1,"damageMillionsDollarsTotal":67,"damageAmountOrderTotal":4,"housesDestroyedTotal":4573,"housesDestroyedAmountOrderTotal":4,"significant":true,"publish":false,"eruption":true,"status":"Historical","timeErupt":"D1","date":"2020-01-12","group":"VEI 4"}},{"type":"Feature","geometry":{"type":"Point","coordinates":[114.242,-8.058]},"properties":{"id":7504,"year":2020,"month":5,"day":29,"tsunamiEventId":5748,"earthquakeEventId":10501,"volcanoLocationId":60335,"volcanoLocationNewNum":263350,"volcanoLocationNum":"0603-35=","name":"Ijen","location":"Java","country":"Indonesia","latitude":-8.058,"longitude":114.242,"elevation":2769,"morphology":"Stratovolcano","agent":"G,W, S","deaths":1,"deathsAmountOrder":1,"deathsTotal":1,"deathsAmountOrderTotal":1,"significant":true,"publish":false,"eruption":true,"status":"Historical","timeErupt":"D1","date":"2020-05-29","group":"VEI not recorded"}},{"type":"Feature","geometry":{"type":"Point","coordinates":[148.115,-5.519]},"properties":{"id":7524,"year":2007,"month":5,"day":19,"tsunamiEventId":5758,"volcanoLocationId":50107,"volcanoLocationNewNum":251070,"volcanoLocationNum":"0501-07=","name":"Ritter Island","location":"New Guinea-NE of","country":"Papua New Guinea","latitude":-5.519,"longitude":148.115,"elevation":75,"morphology":"Stratovolcano","vei":1,"agent":"A,W","damageAmountOrder":1,"housesDestroyedAmountOrder":1,"damageAmountOrderTotal":1,"housesDestroyedAmountOrderTotal":1,"significant":true,"publish":false,"eruption":true,"status":"Historical","timeErupt":"D1","date":"2007-05-19","group":"VEI 1"}},{"type":"Feature","geometry":{"type":"Point","coordinates":[105.423,-6.101]},"properties":{"id":7525,"year":1981,"month":10,"day":20,"tsunamiEventId":5759,"volcanoLocationId":60200,"volcanoLocationNewNum":262000,"volcanoLocationNum":"0602-00=","name":"Krakatau","location":"Indonesia","country":"Indonesia","latitude":-6.101,"longitude":105.423,"elevation":285,"morphology":"Caldera","vei":1,"agent":"A,T,W","significant":true,"publish":false,"eruption":true,"status":"Historical","timeErupt":"D1","date":"1981-10-20","group":"VEI 1"}},{"type":"Feature","geometry":{"type":"Point","coordinates":[-76.936,1.5]},"properties":{"id":7526,"year":1936,"month":8,"day":14,"volcanoLocationId":150107,"volcanoLocationNewNum":351070,"volcanoLocationNum":"1501-07=","name":"Dona Juana","location":"Colombia","country":"Colombia","latitude":1.5,"longitude":-76.936,"elevation":4137,"morphology":"Stratovolcano","agent":"A,F","deaths":18,"deathsAmountOrder":1,"deathsTotal":18,"deathsAmountOrderTotal":1,"significant":true,"publish":false,"eruption":false,"status":"Historical","timeErupt":"D2","date":"1936-08-14","group":"VEI not recorded"}},{"type":"Feature","geometry":{"type":"Point","coordinates":[-78.341,-2.005]},"properties":{"id":7527,"year":2021,"month":3,"day":5,"volcanoLocationId":150209,"volcanoLocationNewNum":352090,"volcanoLocationNum":"1502-09=","name":"Sangay","location":"Ecuador","country":"Ecuador","latitude":-2.005,"longitude":-78.341,"elevation":5286,"morphology":"Stratovolcano","vei":2,"agent":"T","damageAmountOrder":2,"damageAmountOrderTotal":2,"significant":true,"publish":false,"eruption":true,"status":"Historical","timeErupt":"D1","date":"2021-03-05","group":"VEI 2"}},{"type":"Feature","geometry":{"type":"Point","coordinates":[-61.18,13.33]},"properties":{"id":7528,"year":2021,"month":4,"day":9,"tsunamiEventId":5905,"volcanoLocationId":160015,"volcanoLocationNewNum":360150,"volcanoLocationNum":"1600-15=","name":"Soufriere St. Vincent","location":"W Indies","country":"St. Vincent & the Grenadines","latitude":13.33,"longitude":-61.18,"elevation":1220,"morphology":"Stratovolcano","vei":4,"agent":"T,W","damageMillionsDollars":325,"damageAmountOrder":4,"damageMillionsDollarsTotal":325,"damageAmountOrderTotal":4,"significant":true,"publish":false,"eruption":true,"status":"Historical","timeErupt":"D1","date":"2021-04-09","group":"VEI 4"}},{"type":"Feature","geometry":{"type":"Point","coordinates":[-172.525,-13.612]},"properties":{"id":7529,"year":1906,"month":11,"day":28,"tsunamiEventId":1346,"volcanoLocationId":40404,"volcanoLocationNewNum":244040,"volcanoLocationNum":"0404-04=","name":"Savaii","location":"Samoa-SW Pacific","country":"Samoa","latitude":-13.612,"longitude":-172.525,"elevation":1858,"morphology":"Shield volcano","vei":2,"agent":"W","significant":true,"publish":false,"eruption":true,"status":"Historical","timeErupt":"D2","date":"1906-11-28","group":"VEI 2"}},{"type":"Feature","geometry":{"type":"Point","coordinates":[-172.525,-13.612]},"properties":{"id":7530,"year":1907,"month":6,"day":8,"tsunamiEventId":1356,"volcanoLocationId":40404,"volcanoLocationNewNum":244040,"volcanoLocationNum":"0404-04=","name":"Savaii","location":"Samoa-SW Pacific","country":"Samoa","latitude":-13.612,"longitude":-172.525,"elevation":1858,"morphology":"Shield volcano","vei":2,"agent":"W","significant":true,"publish":false,"eruption":true,"status":"Historical","timeErupt":"D2","date":"1907-06-08","group":"VEI 2"}},{"type":"Feature","geometry":{"type":"Point","coordinates":[-172.525,-13.612]},"properties":{"id":7531,"year":1907,"month":6,"day":19,"tsunamiEventId":1357,"volcanoLocationId":40404,"volcanoLocationNewNum":244040,"volcanoLocationNum":"0404-04=","name":"Savaii","location":"Samoa-SW Pacific","country":"Samoa","latitude":-13.612,"longitude":-172.525,"elevation":1858,"morphology":"Shield volcano","vei":2,"agent":"W","significant":true,"publish":false,"eruption":true,"status":"Historical","timeErupt":"D2","date":"1907-06-19","group":"VEI 2"}},{"type":"Feature","geometry":{"type":"Point","coordinates":[-172.525,-13.612]},"properties":{"id":7532,"year":1907,"month":6,"day":27,"tsunamiEventId":1358,"volcanoLocationId":40404,"volcanoLocationNewNum":244040,"volcanoLocationNum":"0404-04=","name":"Savaii","location":"Samoa-SW Pacific","country":"Samoa","latitude":-13.612,"longitude":-172.525,"elevation":1858,"morphology":"Shield volcano","vei":2,"agent":"W","significant":true,"publish":false,"eruption":true,"status":"Historical","timeErupt":"D2","date":"1907-06-27","group":"VEI 2"}},{"type":"Feature","geometry":{"type":"Point","coordinates":[-172.525,-13.612]},"properties":{"id":7533,"year":1907,"month":7,"day":9,"tsunamiEventId":1359,"volcanoLocationId":40404,"volcanoLocationNewNum":244040,"volcanoLocationNum":"0404-04=","name":"Savaii","location":"Samoa-SW Pacific","country":"Samoa","latitude":-13.612,"longitude":-172.525,"elevation":1858,"morphology":"Shield volcano","vei":2,"agent":"W","significant":true,"publish":false,"eruption":true,"status":"Historical","timeErupt":"D2","date":"1907-07-09","group":"VEI 2"}},{"type":"Feature","geometry":{"type":"Point","coordinates":[-172.525,-13.612]},"properties":{"id":7534,"year":1907,"month":7,"day":25,"tsunamiEventId":1360,"volcanoLocationId":40404,"volcanoLocationNewNum":244040,"volcanoLocationNum":"0404-04=","name":"Savaii","location":"Samoa-SW Pacific","country":"Samoa","latitude":-13.612,"longitude":-172.525,"elevation":1858,"morphology":"Shield volcano","vei":2,"agent":"W","significant":true,"publish":false,"eruption":true,"status":"Historical","timeErupt":"D2","date":"1907-07-25","group":"VEI 2"}},{"type":"Feature","geometry":{"type":"Point","coordinates":[130.659,31.577]},"properties":{"id":7535,"year":1797,"tsunamiEventId":577,"volcanoLocationId":80208,"volcanoLocationNewNum":282080,"volcanoLocationNum":"0802-08=","name":"Aira","location":"Kyushu-Japan","country":"Japan","latitude":31.577,"longitude":130.659,"elevation":1117,"morphology":"Stratovolcano","vei":2,"agent":"T,W","significant":true,"publish":false,"eruption":true,"status":"Historical","timeErupt":"D1","date":"1797","group":"VEI 2"}},{"type":"Feature","geometry":{"type":"Point","coordinates":[29.25,-1.52]},"properties":{"id":7536,"year":2021,"month":5,"day":22,"earthquakeEventId":10545,"volcanoLocationId":20303,"volcanoLocationNewNum":223030,"volcanoLocationNum":"0203-03=","name":"Nyiragongo","location":"Africa-C","country":"Congo, DRC","latitude":-1.52,"longitude":29.25,"elevation":3470,"morphology":"Stratovolcano","vei":2,"agent":"L,I,S","deaths":32,"deathsAmountOrder":1,"damageAmountOrder":3,"housesDestroyed":5000,"housesDestroyedAmountOrder":4,"deathsTotal":32,"deathsAmountOrderTotal":1,"damageAmountOrderTotal":3,"housesDestroyedTotal":5000,"housesDestroyedAmountOrderTotal":4,"significant":true,"publish":false,"eruption":true,"status":"Historical","timeErupt":"D1","date":"2021-05-22","group":"VEI 2"}},{"type":"Feature","geometry":{"type":"Point","coordinates":[140.051,31.44]},"properties":{"id":7537,"year":2015,"month":5,"day":2,"tsunamiEventId":5584,"earthquakeEventId":10140,"volcanoLocationId":80408,"volcanoLocationNewNum":284080,"volcanoLocationNum":"0804-08=","name":"Sumisujima","location":"Izu Is-Japan","country":"Japan","latitude":31.44,"longitude":140.051,"elevation":136,"morphology":"Submarine volcano","agent":"S,W","significant":true,"publish":false,"eruption":false,"status":"Historical","timeErupt":"D2","date":"2015-05-02","group":"VEI not recorded"}},{"type":"Feature","geometry":{"type":"Point","coordinates":[140.051,31.44]},"properties":{"id":7538,"year":1984,"month":6,"day":13,"tsunamiEventId":2154,"earthquakeEventId":6652,"volcanoLocationId":80408,"volcanoLocationNewNum":284080,"volcanoLocationNum":"0804-08=","name":"Sumisujima","location":"Izu Is-Japan","country":"Japan","latitude":31.44,"longitude":140.051,"elevation":136,"morphology":"Submarine volcano","agent":"W,S","significant":true,"publish":false,"eruption":false,"status":"Historical","timeErupt":"D2","date":"1984-06-13","group":"VEI not recorded"}},{"type":"Feature","geometry":{"type":"Point","coordinates":[140.051,31.44]},"properties":{"id":7539,"year":1996,"month":9,"day":4,"tsunamiEventId":2265,"earthquakeEventId":6499,"volcanoLocationId":80408,"volcanoLocationNewNum":284080,"volcanoLocationNum":"0804-08=","name":"Sumisujima","location":"Izu Is-Japan","country":"Japan","latitude":31.44,"longitude":140.051,"elevation":136,"morphology":"Submarine volcano","agent":"S,W","significant":true,"publish":false,"eruption":false,"status":"Historical","timeErupt":"D2","date":"1996-09-04","group":"VEI not recorded"}},{"type":"Feature","geometry":{"type":"Point","coordinates":[140.051,31.44]},"properties":{"id":7540,"year":2006,"month":1,"day":1,"tsunamiEventId":5795,"earthquakeEventId":10555,"volcanoLocationId":80408,"volcanoLocationNewNum":284080,"volcanoLocationNum":"0804-08=","name":"Sumisujima","location":"Izu Is-Japan","country":"Japan","latitude":31.44,"longitude":140.051,"elevation":136,"morphology":"Submarine volcano","agent":"S,W","significant":true,"publish":false,"eruption":false,"status":"Historical","timeErupt":"D2","date":"2006-01-01","group":"VEI not recorded"}},{"type":"Feature","geometry":{"type":"Point","coordinates":[140.051,31.44]},"properties":{"id":7541,"year":2018,"month":5,"day":6,"tsunamiEventId":5796,"earthquakeEventId":10556,"volcanoLocationId":80408,"volcanoLocationNewNum":284080,"volcanoLocationNum":"0804-08=","name":"Sumisujima","location":"Izu Is-Japan","country":"Japan","latitude":31.44,"longitude":140.051,"elevation":136,"morphology":"Submarine volcano","agent":"S,W","significant":true,"publish":false,"eruption":false,"status":"Historical","timeErupt":"D2","date":"2018-05-06","group":"VEI not recorded"}},{"type":"Feature","geometry":{"type":"Point","coordinates":[103.121,-4.016]},"properties":{"id":7542,"year":1770,"tsunamiEventId":500,"earthquakeEventId":9532,"volcanoLocationId":60123,"volcanoLocationNewNum":261230,"volcanoLocationNum":"0601-23=","name":"Dempo","location":"Sumatra","country":"Indonesia","latitude":-4.016,"longitude":103.121,"elevation":3142,"morphology":"Stratovolcano","damageAmountOrderTotal":3,"housesDestroyedAmountOrderTotal":3,"significant":true,"publish":false,"eruption":true,"status":"Historical","timeErupt":"D1","date":"1770","group":"VEI not recorded"}},{"type":"Feature","geometry":{"type":"Point","coordinates":[-90.601,14.382]},"properties":{"id":7543,"year":2021,"month":3,"volcanoLocationId":140211,"volcanoLocationNewNum":342110,"volcanoLocationNum":"1402-11=","name":"Pacaya","location":"Guatemala","country":"Guatemala","latitude":14.382,"longitude":-90.601,"elevation":2569,"morphology":"Complex volcano","vei":1,"agent":"L,T","damageAmountOrder":1,"damageAmountOrderTotal":1,"significant":true,"publish":false,"eruption":true,"status":"Historical","timeErupt":"D1","date":"2021-03","group":"VEI 1"}},{"type":"Feature","geometry":{"type":"Point","coordinates":[142.686,43.418]},"properties":{"id":7544,"year":1926,"month":9,"day":8,"volcanoLocationId":80505,"volcanoLocationNewNum":285050,"volcanoLocationNum":"0805-05=","name":"Tokachidake","location":"Hokkaido-Japan","country":"Japan","latitude":43.418,"longitude":142.686,"elevation":2077,"morphology":"Stratovolcano","vei":3,"missing":2,"missingAmountOrder":1,"missingTotal":2,"missingAmountOrderTotal":1,"significant":true,"publish":false,"eruption":true,"status":"Historical","timeErupt":"D1","date":"1926-09-08","group":"VEI 3"}},{"type":"Feature","geometry":{"type":"Point","coordinates":[140.839,42.544]},"properties":{"id":7546,"year":1944,"month":7,"day":11,"volcanoLocationId":80503,"volcanoLocationNewNum":285030,"volcanoLocationNum":"0805-03=","name":"Toya","location":"Hokkaido-Japan","country":"Japan","latitude":42.544,"longitude":140.839,"elevation":733,"morphology":"Stratovolcano","agent":"P","deaths":1,"deathsAmountOrder":1,"deathsTotal":1,"deathsAmountOrderTotal":1,"significant":true,"publish":false,"eruption":true,"status":"Historical","timeErupt":"D1","date":"1944-07-11","group":"VEI not recorded"}},{"type":"Feature","geometry":{"type":"Point","coordinates":[-17.83,28.57]},"properties":{"id":7547,"year":2021,"month":9,"day":19,"volcanoLocationId":180301,"volcanoLocationNewNum":383010,"volcanoLocationNum":"1803-01-","name":"La Palma","location":"Canary Is","country":"Spain","latitude":28.57,"longitude":-17.83,"elevation":2426,"morphology":"Stratovolcano","vei":3,"agent":"L","deaths":1,"deathsAmountOrder":1,"damageMillionsDollars":924,"damageAmountOrder":4,"housesDestroyed":1345,"housesDestroyedAmountOrder":4,"deathsTotal":1,"deathsAmountOrderTotal":1,"damageMillionsDollarsTotal":924,"damageAmountOrderTotal":4,"housesDestroyedTotal":1345,"housesDestroyedAmountOrderTotal":4,"significant":true,"publish":false,"eruption":true,"status":"Historical","timeErupt":"D1","date":"2021-09-19","group":"VEI 3"}},{"type":"Feature","geometry":{"type":"Point","coordinates":[137.59,36.571]},"properties":{"id":7548,"year":1967,"month":11,"day":4,"volcanoLocationId":80308,"volcanoLocationNewNum":283080,"volcanoLocationNum":"0803-08=","name":"Midagahara","location":"Honshu-Japan","country":"Japan","latitude":36.571,"longitude":137.59,"elevation":2621,"morphology":"Stratovolcano","agent":"G","deaths":2,"deathsAmountOrder":1,"deathsTotal":2,"deathsAmountOrderTotal":1,"significant":true,"publish":false,"eruption":false,"status":"Historical","timeErupt":"D3","date":"1967-11-04","group":"VEI not recorded"}},{"type":"Feature","geometry":{"type":"Point","coordinates":[139.759,32.458]},"properties":{"id":7549,"year":1783,"month":4,"day":10,"volcanoLocationId":80406,"volcanoLocationNewNum":284060,"volcanoLocationNum":"0804-06=","name":"Aogashima","location":"Izu Is-Japan","country":"Japan","latitude":32.458,"longitude":139.759,"elevation":423,"morphology":"Stratovolcano","vei":3,"agent":"T","deaths":7,"deathsAmountOrder":1,"housesDestroyed":61,"housesDestroyedAmountOrder":2,"deathsTotal":7,"deathsAmountOrderTotal":1,"housesDestroyedTotal":61,"housesDestroyedAmountOrderTotal":2,"significant":true,"publish":false,"eruption":true,"status":"Historical","timeErupt":"D4","date":"1783-04-10","group":"VEI 3"}},{"type":"Feature","geometry":{"type":"Point","coordinates":[112.922,-8.108]},"properties":{"id":7550,"year":2021,"month":12,"day":4,"volcanoLocationId":60330,"volcanoLocationNewNum":263300,"volcanoLocationNum":"0603-30=","name":"Semeru","location":"Java","country":"Indonesia","latitude":-8.108,"longitude":112.922,"elevation":3657,"morphology":"Stratovolcano","vei":4,"agent":"T","deaths":51,"deathsAmountOrder":1,"injuries":169,"injuriesAmountOrder":3,"missing":9,"missingAmountOrder":1,"damageMillionsDollars":20,"damageAmountOrder":3,"housesDestroyed":2970,"housesDestroyedAmountOrder":4,"deathsTotal":45,"deathsAmountOrderTotal":1,"injuriesTotal":169,"injuriesAmountOrderTotal":3,"missingTotal":9,"missingAmountOrderTotal":1,"damageMillionsDollarsTotal":20,"damageAmountOrderTotal":3,"housesDestroyedTotal":2970,"housesDestroyedAmountOrderTotal":4,"significant":true,"publish":false,"eruption":true,"status":"Historical","timeErupt":"D1","date":"2021-12-04","group":"VEI 4"}},{"type":"Feature","geometry":{"type":"Point","coordinates":[-175.384,-20.553]},"properties":{"id":7551,"year":2022,"month":1,"day":15,"tsunamiEventId":5824,"volcanoLocationId":40304,"volcanoLocationNewNum":243040,"volcanoLocationNum":"0403-04=","name":"Hunga Tonga-Hunga Ha'apai","location":"Tonga-SW Pacific","country":"Tonga","latitude":-20.553,"longitude":-175.384,"elevation":114,"morphology":"Submarine volcano","vei":6,"agent":"W","damageMillionsDollars":16.72,"damageAmountOrder":3,"deathsTotal":6,"deathsAmountOrderTotal":1,"injuriesTotal":20,"injuriesAmountOrderTotal":1,"damageMillionsDollarsTotal":135.368,"damageAmountOrderTotal":4,"housesDestroyedTotal":284,"housesDestroyedAmountOrderTotal":3,"significant":true,"publish":false,"eruption":true,"status":"Historical","timeErupt":"D1","date":"2022-01-15","group":"VEI 6"}},{"type":"Feature","geometry":{"type":"Point","coordinates":[-98.622,19.023]},"properties":{"id":7555,"year":2022,"month":6,"day":22,"volcanoLocationId":140109,"volcanoLocationNewNum":341090,"volcanoLocationNum":"1401-09=","name":"Popocatepetl","location":"Mexico","country":"Mexico","latitude":19.023,"longitude":-98.622,"elevation":5393,"morphology":"Stratovolcano","vei":2,"agent":"P","deaths":1,"deathsAmountOrder":1,"deathsTotal":1,"deathsAmountOrderTotal":1,"significant":true,"publish":false,"eruption":true,"status":"Historical","timeErupt":"D1","date":"2022-06-22","group":"VEI 2"}},{"type":"Feature","geometry":{"type":"Point","coordinates":[15.213,38.789]},"properties":{"id":7557,"year":2022,"month":10,"day":9,"tsunamiEventId":5865,"volcanoLocationId":10104,"volcanoLocationNewNum":211040,"volcanoLocationNum":"0101-04=","name":"Stromboli","location":"Italy","country":"Italy","latitude":38.789,"longitude":15.213,"elevation":924,"morphology":"Stratovolcano","vei":2,"agent":"P,W","significant":true,"publish":false,"eruption":true,"status":"Historical","timeErupt":"D1","date":"2022-10-09","group":"VEI 2"}},{"type":"Feature","geometry":{"type":"Point","coordinates":[15.213,38.789]},"properties":{"id":7558,"year":2022,"month":12,"day":4,"tsunamiEventId":5868,"volcanoLocationId":10104,"volcanoLocationNewNum":211040,"volcanoLocationNum":"0101-04=","name":"Stromboli","location":"Italy","country":"Italy","latitude":38.789,"longitude":15.213,"elevation":924,"morphology":"Stratovolcano","vei":2,"agent":"P,W","significant":true,"publish":false,"eruption":true,"status":"Historical","timeErupt":"D1","date":"2022-12-04","group":"VEI 2"}},{"type":"Feature","geometry":{"type":"Point","coordinates":[112.922,-8.108]},"properties":{"id":7559,"year":2022,"month":12,"day":4,"volcanoLocationId":60330,"volcanoLocationNewNum":263300,"volcanoLocationNum":"0603-30=","name":"Semeru","location":"Java","country":"Indonesia","latitude":-8.108,"longitude":112.922,"elevation":3657,"morphology":"Stratovolcano","vei":4,"agent":"T,M","damageAmountOrder":1,"damageAmountOrderTotal":1,"significant":true,"publish":false,"eruption":true,"status":"Historical","timeErupt":"D1","date":"2022-12-04","group":"VEI 4"}},{"type":"Feature","geometry":{"type":"Point","coordinates":[155.196,-6.137]},"properties":{"id":7560,"year":2023,"month":7,"day":7,"volcanoLocationId":50502,"volcanoLocationNewNum":255020,"volcanoLocationNum":"0505-02=","name":"Bagana","location":"Bougainville-SW Paci","country":"Papua New Guinea","latitude":-6.137,"longitude":155.196,"elevation":1855,"morphology":"Lava cone","vei":2,"agent":"T,G","damageAmountOrder":1,"housesDestroyedAmountOrder":1,"damageAmountOrderTotal":1,"housesDestroyedAmountOrderTotal":1,"significant":true,"publish":false,"eruption":true,"status":"Historical","timeErupt":"D1","date":"2023-07-07","group":"VEI 2"}},{"type":"Feature","geometry":{"type":"Point","coordinates":[100.474,-0.38]},"properties":{"id":7561,"year":2023,"month":12,"day":3,"volcanoLocationId":60114,"volcanoLocationNewNum":261140,"volcanoLocationNum":"0601-14=","name":"Marapi","location":"Sumatra","country":"Indonesia","latitude":-0.38,"longitude":100.474,"elevation":2885,"morphology":"Complex volcano","agent":"P,T","deaths":23,"deathsAmountOrder":1,"injuries":12,"injuriesAmountOrder":1,"missing":0,"deathsTotal":23,"deathsAmountOrderTotal":1,"injuriesTotal":12,"injuriesAmountOrderTotal":1,"missingTotal":0,"significant":true,"publish":false,"eruption":true,"status":"Historical","timeErupt":"D1","date":"2023-12-03","group":"VEI not recorded"}},{"type":"Feature","geometry":{"type":"Point","coordinates":[168.389,-16.68]},"properties":{"id":7562,"year":2023,"month":1,"day":31,"tsunamiEventId":5906,"volcanoLocationId":50706,"volcanoLocationNewNum":257060,"volcanoLocationNum":"0507-06=","name":"East Epi","location":"Vanuatu-SW Pacific","country":"Vanuatu","latitude":-16.68,"longitude":168.389,"elevation":833,"morphology":"Stratovolcano","vei":1,"agent":"W","significant":true,"publish":false,"eruption":true,"status":"Historical","timeErupt":"D1","date":"2023-01-31","group":"VEI 1"}},{"type":"Feature","geometry":{"type":"Point","coordinates":[-22.717,63.817]},"properties":{"id":7563,"year":2023,"month":12,"day":18,"volcanoLocationId":170102,"volcanoLocationNewNum":371020,"volcanoLocationNum":"1701-02=","name":"Reykjanes","location":"Iceland-SW","country":"Iceland","latitude":63.817,"longitude":-22.717,"elevation":140,"morphology":"Crater rows","agent":"S,L","deaths":1,"deathsAmountOrder":1,"damageAmountOrder":2,"housesDestroyed":3,"housesDestroyedAmountOrder":1,"deathsTotal":1,"deathsAmountOrderTotal":1,"damageAmountOrderTotal":2,"housesDestroyedTotal":3,"housesDestroyedAmountOrderTotal":1,"significant":true,"publish":false,"eruption":true,"status":"Historical","timeErupt":"D6","date":"2023-12-18","group":"VEI not recorded"}},{"type":"Feature","geometry":{"type":"Point","coordinates":[-61.166,14.809]},"properties":{"id":7564,"year":1902,"month":6,"day":6,"tsunamiEventId":5696,"volcanoLocationId":160012,"volcanoLocationNewNum":360120,"volcanoLocationNum":"1600-12=","name":"Pelee","location":"W Indies","country":"Martinique","latitude":14.809,"longitude":-61.166,"elevation":1372,"morphology":"Stratovolcano","vei":4,"agent":"W,P","significant":true,"publish":false,"eruption":true,"status":"Historical","timeErupt":"D2","date":"1902-06-06","group":"VEI 4"}},{"type":"Feature","geometry":{"type":"Point","coordinates":[-61.166,14.809]},"properties":{"id":7565,"year":1902,"month":7,"day":10,"tsunamiEventId":5697,"volcanoLocationId":160012,"volcanoLocationNewNum":360120,"volcanoLocationNum":"1600-12=","name":"Pelee","location":"W Indies","country":"Martinique","latitude":14.809,"longitude":-61.166,"elevation":1372,"morphology":"Stratovolcano","vei":4,"agent":"P,W","significant":true,"publish":false,"eruption":true,"status":"Historical","timeErupt":"D2","date":"1902-07-10","group":"VEI 4"}},{"type":"Feature","geometry":{"type":"Point","coordinates":[15.213,38.789]},"properties":{"id":7566,"year":2021,"month":5,"day":19,"tsunamiEventId":5912,"volcanoLocationId":10104,"volcanoLocationNewNum":211040,"volcanoLocationNum":"0101-04=","name":"Stromboli","location":"Italy","country":"Italy","latitude":38.789,"longitude":15.213,"elevation":924,"morphology":"Stratovolcano","vei":2,"agent":"W","significant":true,"publish":false,"eruption":true,"status":"Historical","timeErupt":"D1","date":"2021-05-19","group":"VEI 2"}},{"type":"Feature","geometry":{"type":"Point","coordinates":[125.37,2.3]},"properties":{"id":7567,"year":2024,"month":4,"day":16,"volcanoLocationId":60701,"volcanoLocationNewNum":267010,"volcanoLocationNum":"0607-01=","name":"Ruang","location":"Sangihe Is-Indonesia","country":"Indonesia","latitude":2.3,"longitude":125.37,"elevation":725,"morphology":"Stratovolcano","damageMillionsDollars":15.5,"damageAmountOrder":3,"housesDestroyed":3200,"housesDestroyedAmountOrder":4,"damageMillionsDollarsTotal":15.5,"damageAmountOrderTotal":3,"housesDestroyedTotal":3200,"housesDestroyedAmountOrderTotal":4,"significant":true,"publish":false,"eruption":true,"status":"Historical","timeErupt":"D2","date":"2024-04-16","group":"VEI not recorded"}},{"type":"Feature","geometry":{"type":"Point","coordinates":[114.242,-8.058]},"properties":{"id":7568,"year":2024,"month":4,"day":20,"volcanoLocationId":60335,"volcanoLocationNewNum":263350,"volcanoLocationNum":"0603-35=","name":"Ijen","location":"Java","country":"Indonesia","latitude":-8.058,"longitude":114.242,"elevation":2769,"morphology":"Stratovolcano","deaths":1,"deathsAmountOrder":1,"deathsTotal":1,"deathsAmountOrderTotal":1,"significant":true,"publish":false,"eruption":false,"status":"Historical","timeErupt":"D1","date":"2024-04-20","group":"VEI not recorded"}},{"type":"Feature","geometry":{"type":"Point","coordinates":[100.474,-0.38]},"properties":{"id":7569,"year":2024,"month":5,"day":11,"volcanoLocationId":60114,"volcanoLocationNewNum":261140,"volcanoLocationNum":"0601-14=","name":"Marapi","location":"Sumatra","country":"Indonesia","latitude":-0.38,"longitude":100.474,"elevation":2885,"morphology":"Complex volcano","vei":2,"agent":"M","deaths":67,"deathsAmountOrder":2,"injuries":33,"injuriesAmountOrder":1,"missing":20,"missingAmountOrder":1,"damageAmountOrder":3,"housesDestroyed":521,"housesDestroyedAmountOrder":3,"deathsTotal":67,"deathsAmountOrderTotal":2,"injuriesTotal":33,"injuriesAmountOrderTotal":1,"missingTotal":20,"missingAmountOrderTotal":1,"damageAmountOrderTotal":3,"housesDestroyedTotal":521,"housesDestroyedAmountOrderTotal":3,"significant":true,"publish":false,"eruption":true,"status":"Historical","timeErupt":"D1","date":"2024-05-11","group":"VEI 2"}},{"type":"Feature","geometry":{"type":"Point","coordinates":[123.13,10.41]},"properties":{"id":7570,"year":2024,"month":6,"day":3,"volcanoLocationId":70202,"volcanoLocationNewNum":272020,"volcanoLocationNum":"0702-02=","name":"Kanlaon","location":"Philippines-C","country":"Philippines","latitude":10.41,"longitude":123.13,"elevation":2422,"morphology":"Stratovolcano","vei":3,"agent":"M,G,T","damageMillionsDollars":2.5,"damageAmountOrder":2,"housesDestroyed":2680,"housesDestroyedAmountOrder":4,"damageMillionsDollarsTotal":2.5,"damageAmountOrderTotal":2,"housesDestroyedTotal":2680,"housesDestroyedAmountOrderTotal":4,"significant":true,"publish":false,"eruption":true,"status":"Historical","timeErupt":"D1","date":"2024-06-03","group":"VEI 3"}},{"type":"Feature","geometry":{"type":"Point","coordinates":[161.36,56.653]},"properties":{"id":7571,"year":2024,"month":8,"day":17,"tsunamiEventId":5923,"earthquakeEventId":10744,"volcanoLocationId":100027,"volcanoLocationNewNum":300270,"volcanoLocationNum":"1000-27=","name":"Sheveluch","location":"Kamchatka","country":"Russia","latitude":56.653,"longitude":161.36,"elevation":3283,"morphology":"Stratovolcano","vei":4,"significant":true,"publish":false,"eruption":true,"status":"Historical","timeErupt":"D1","date":"2024-08-17","group":"VEI 4"}},{"type":"Feature","geometry":{"type":"Point","coordinates":[-155.287,19.421]},"properties":{"id":7572,"year":1994,"month":7,"day":8,"tsunamiEventId":5926,"volcanoLocationId":130201,"volcanoLocationNewNum":332010,"volcanoLocationNum":"1302-01-","name":"Kilauea","location":"Hawaiian Is","country":"United States","latitude":19.421,"longitude":-155.287,"elevation":1222,"morphology":"Shield volcano","vei":3,"agent":"W","significant":true,"publish":false,"eruption":true,"status":"Historical","timeErupt":"D1","date":"1994-07-08","group":"VEI 3"}},{"type":"Feature","geometry":{"type":"Point","coordinates":[152.194,-4.246]},"properties":{"id":7573,"year":1994,"month":9,"day":18,"tsunamiEventId":5927,"earthquakeEventId":10747,"volcanoLocationId":50214,"volcanoLocationNewNum":252140,"volcanoLocationNum":"0502-14=","name":"Rabaul","location":"New Britain-SW Pac","country":"Papua New Guinea","latitude":-4.246,"longitude":152.194,"elevation":688,"morphology":"Pyroclastic shield","agent":"W,S","significant":true,"publish":false,"eruption":false,"status":"Historical","timeErupt":"D1","date":"1994-09-18","group":"VEI not recorded"}},{"type":"Feature","geometry":{"type":"Point","coordinates":[139.918,31.888]},"properties":{"id":7574,"year":1952,"month":9,"day":17,"tsunamiEventId":5928,"volcanoLocationId":80407,"volcanoLocationNewNum":284070,"volcanoLocationNum":"0804-07=","name":"Myojinsho","location":"Izu Is-Japan","country":"Japan","latitude":31.888,"longitude":139.918,"elevation":11,"morphology":"Submarine volcano","vei":2,"significant":true,"publish":false,"eruption":true,"status":"Historical","timeErupt":"D1","date":"1952-09-17","group":"VEI 2"}},{"type":"Feature","geometry":{"type":"Point","coordinates":[-83.852,9.979]},"properties":{"id":7575,"year":2019,"month":5,"day":2,"tsunamiEventId":5930,"volcanoLocationId":140506,"volcanoLocationNewNum":345060,"volcanoLocationNum":"1405-06=","name":"Irazu","location":"Costa Rica","country":"Costa Rica","latitude":9.979,"longitude":-83.852,"elevation":3436,"morphology":"Stratovolcano","agent":"W","significant":true,"publish":false,"eruption":false,"status":"Historical","timeErupt":"D1","date":"2019-05-02","group":"VEI not recorded"}},{"type":"Feature","geometry":{"type":"Point","coordinates":[122.775,-8.542]},"properties":{"id":7576,"year":2024,"month":11,"day":3,"volcanoLocationId":60418,"volcanoLocationNewNum":264180,"volcanoLocationNum":"0604-18=","name":"Lewotobi","location":"Lesser Sunda Is","country":"Indonesia","latitude":-8.542,"longitude":122.775,"elevation":1703,"morphology":"Stratovolcano","vei":2,"agent":"T,P,L","deaths":9,"deathsAmountOrder":1,"injuries":64,"housesDestroyed":23,"housesDestroyedAmountOrder":1,"deathsTotal":9,"deathsAmountOrderTotal":1,"injuriesTotal":64,"injuriesAmountOrderTotal":2,"housesDestroyedTotal":23,"housesDestroyedAmountOrderTotal":1,"significant":true,"publish":false,"eruption":true,"status":"Historical","timeErupt":"D1","date":"2024-11-03","group":"VEI 2"}},{"type":"Feature","geometry":{"type":"Point","coordinates":[123.13,10.41]},"properties":{"id":7577,"year":2024,"month":12,"day":9,"volcanoLocationId":70202,"volcanoLocationNewNum":272020,"volcanoLocationNum":"0702-02=","name":"Kanlaon","location":"Philippines-C","country":"Philippines","latitude":10.41,"longitude":123.13,"elevation":2422,"morphology":"Stratovolcano","vei":2,"agent":"T,P","deathsAmountOrder":0,"damageMillionsDollars":2.2,"damageAmountOrder":2,"housesDestroyed":1,"housesDestroyedAmountOrder":1,"deathsAmountOrderTotal":0,"damageMillionsDollarsTotal":2.2,"damageAmountOrderTotal":2,"housesDestroyedTotal":1,"housesDestroyedAmountOrderTotal":1,"significant":true,"publish":false,"eruption":true,"status":"Historical","timeErupt":"D1","date":"2024-12-09","group":"VEI 2"}},{"type":"Feature","geometry":{"type":"Point","coordinates":[100.474,-0.38]},"properties":{"id":7578,"year":1979,"month":4,"day":30,"volcanoLocationId":60114,"volcanoLocationNewNum":261140,"volcanoLocationNum":"0601-14=","name":"Marapi","location":"Sumatra","country":"Indonesia","latitude":-0.38,"longitude":100.474,"elevation":2885,"morphology":"Complex volcano","vei":2,"agent":"M","deaths":80,"deathsAmountOrder":2,"deathsTotal":80,"deathsAmountOrderTotal":2,"significant":true,"publish":false,"eruption":true,"status":"Historical","timeErupt":"D1","date":"1979-04-30","group":"VEI 2"}},{"type":"Feature","geometry":{"type":"Point","coordinates":[-90.743,14.465]},"properties":{"id":7579,"year":1541,"month":9,"day":11,"volcanoLocationId":140210,"volcanoLocationNewNum":342100,"volcanoLocationNum":"1402-10=","name":"Agua","location":"Guatemala","country":"Guatemala","latitude":14.465,"longitude":-90.743,"elevation":3760,"morphology":"Stratovolcano","agent":"m","deaths":1300,"deathsAmountOrder":4,"deathsTotal":1300,"deathsAmountOrderTotal":4,"significant":true,"publish":false,"eruption":false,"status":"Holocene","timeErupt":"U","date":"1541-09-11","group":"VEI not recorded"}},{"type":"Feature","geometry":{"type":"Point","coordinates":[109.879,-7.2]},"properties":{"id":7580,"year":1978,"volcanoLocationId":60320,"volcanoLocationNewNum":263200,"volcanoLocationNum":"0603-20=","name":"Dieng Volcanic Complex","location":"Java","country":"Indonesia","latitude":-7.2,"longitude":109.879,"elevation":2565,"morphology":"Complex volcano","agent":"I","deaths":3,"deathsAmountOrder":1,"deathsTotal":3,"deathsAmountOrderTotal":1,"significant":true,"publish":false,"eruption":false,"status":"Historical","timeErupt":"D1","date":"1978","group":"VEI not recorded"}},{"type":"Feature","geometry":{"type":"Point","coordinates":[110.446,-7.54]},"properties":{"id":7581,"year":1904,"month":1,"day":30,"volcanoLocationId":60325,"volcanoLocationNewNum":263250,"volcanoLocationNum":"0603-25=","name":"Merapi","location":"Java","country":"Indonesia","latitude":-7.54,"longitude":110.446,"elevation":2910,"morphology":"Stratovolcano","vei":2,"agent":"P","deaths":16,"deathsAmountOrder":1,"injuries":45,"injuriesAmountOrder":1,"deathsTotal":16,"deathsAmountOrderTotal":1,"injuriesTotal":45,"injuriesAmountOrderTotal":1,"significant":true,"publish":false,"eruption":true,"status":"Historical","timeErupt":"D1","date":"1904-01-30","group":"VEI 2"}},{"type":"Feature","geometry":{"type":"Point","coordinates":[160.642,56.056]},"properties":{"id":7582,"year":2025,"month":7,"day":29,"tsunamiEventId":6044,"earthquakeEventId":10923,"volcanoLocationId":100026,"volcanoLocationNewNum":300260,"volcanoLocationNum":"1000-26=","name":"Klyuchevskoy","location":"Kamchatka","country":"Russia","latitude":56.056,"longitude":160.642,"elevation":4754,"morphology":"Stratovolcano","significant":true,"publish":false,"eruption":true,"status":"Historical","timeErupt":"D1","date":"2025-07-29","group":"VEI not recorded"}},{"type":"Feature","geometry":{"type":"Point","coordinates":[40.722,13.51]},"properties":{"id":7583,"year":2025,"month":11,"day":23,"volcanoLocationId":201091,"volcanoLocationNewNum":221091,"volcanoLocationNum":"0201-091","name":"Hayli Gubbi","location":"Africa-NE","country":"Ethiopia","latitude":13.51,"longitude":40.722,"elevation":493,"morphology":"Shield volcano","agent":"T","deathsAmountOrder":0,"damageAmountOrder":1,"deathsAmountOrderTotal":0,"damageAmountOrderTotal":1,"significant":true,"publish":false,"eruption":true,"status":"Holocene","timeErupt":"U","date":"2025-11-23","group":"VEI not recorded"}},{"type":"Feature","geometry":{"type":"Point","coordinates":[140.342,29.794]},"properties":{"id":7584,"year":2023,"month":10,"day":8,"tsunamiEventId":5891,"earthquakeEventId":10709,"volcanoLocationId":804091,"volcanoLocationNewNum":284091,"volcanoLocationNum":"0804-091","name":"Sofugan","location":"Izu Is-Japan","country":"Japan","latitude":29.794,"longitude":140.342,"elevation":99,"morphology":"Submarine volcano","agent":"S,W","significant":true,"publish":false,"eruption":true,"status":"Uncertain","timeErupt":"Unknown","date":"2023-10-08","group":"VEI not recorded"}},{"type":"Feature","geometry":{"type":"Point","coordinates":[15.213,38.789]},"properties":{"id":7585,"year":2024,"month":7,"day":4,"tsunamiEventId":6084,"volcanoLocationId":10104,"volcanoLocationNewNum":211040,"volcanoLocationNum":"0101-04=","name":"Stromboli","location":"Italy","country":"Italy","latitude":38.789,"longitude":15.213,"elevation":924,"morphology":"Stratovolcano","vei":2,"significant":true,"publish":false,"eruption":true,"status":"Historical","timeErupt":"D1","date":"2024-07-04","group":"VEI 2"}},{"type":"Feature","geometry":{"type":"Point","coordinates":[122.775,-8.542]},"properties":{"id":7586,"year":2025,"month":3,"day":20,"volcanoLocationId":60418,"volcanoLocationNewNum":264180,"volcanoLocationNum":"0604-18=","name":"Lewotobi","location":"Lesser Sunda Is","country":"Indonesia","latitude":-8.542,"longitude":122.775,"elevation":1703,"morphology":"Stratovolcano","vei":2,"agent":"T,P","deaths":1,"deathsAmountOrder":1,"injuries":1,"injuriesAmountOrder":1,"deathsTotal":1,"deathsAmountOrderTotal":1,"injuriesTotal":1,"injuriesAmountOrderTotal":1,"significant":true,"publish":false,"eruption":true,"status":"Historical","timeErupt":"D1","date":"2025-03-20","group":"VEI 2"}},{"type":"Feature","geometry":{"type":"Point","coordinates":[-78.42,-1.67]},"properties":{"id":7587,"year":2000,"month":10,"day":13,"tsunamiEventId":6167,"volcanoLocationId":1502824,"volcanoLocationNewNum":352824,"name":"Altar","location":"Ecuador","country":"Ecuador","latitude":-1.67,"longitude":-78.42,"elevation":5321,"morphology":"Stratovolcano","agent":"W,A","deathsTotal":13,"deathsAmountOrderTotal":1,"damageAmountOrderTotal":2,"housesDestroyedTotal":10,"housesDestroyedAmountOrderTotal":1,"significant":true,"publish":false,"eruption":false,"status":"Pleistocene","timeErupt":"Unknown","date":"2000-10-13","group":"VEI not recorded"}},{"type":"Feature","geometry":{"type":"Point","coordinates":[127.878,1.699]},"properties":{"id":7588,"year":2026,"month":5,"day":7,"volcanoLocationId":60801,"volcanoLocationNewNum":268010,"volcanoLocationNum":"0608-01=","name":"Dukono","location":"Halmahera-Indonesia","country":"Indonesia","latitude":1.699,"longitude":127.878,"elevation":1273,"morphology":"Complex volcano","agent":"T","deaths":3,"deathsAmountOrder":1,"injuries":15,"injuriesAmountOrder":1,"deathsTotal":3,"deathsAmountOrderTotal":1,"injuriesTotal":15,"injuriesAmountOrderTotal":1,"significant":true,"publish":false,"eruption":true,"status":"Historical","timeErupt":"D1","date":"2026-05-07","group":"VEI not recorded"}},{"type":"Feature","geometry":{"type":"Point","coordinates":[25.483,36.524]},"properties":{"id":7589,"year":1650,"month":9,"day":27,"tsunamiEventId":6189,"volcanoLocationId":102042,"volcanoLocationNewNum":212042,"name":"Kolumbo","location":"Greece","country":"Greece","latitude":36.524,"longitude":25.483,"elevation":-18,"morphology":"Volcanic complex","vei":4,"agent":"W","significant":true,"publish":false,"eruption":true,"status":"Holocene","timeErupt":"D5","date":"1650-09-27","group":"VEI 4"}},{"type":"Feature","geometry":{"type":"Point","coordinates":[25.483,36.524]},"properties":{"id":7590,"year":1650,"month":11,"day":4,"tsunamiEventId":6190,"volcanoLocationId":102042,"volcanoLocationNewNum":212042,"name":"Kolumbo","location":"Greece","country":"Greece","latitude":36.524,"longitude":25.483,"elevation":-18,"morphology":"Volcanic complex","vei":4,"agent":"W,G","deaths":20,"deathsAmountOrder":1,"deathsTotal":20,"deathsAmountOrderTotal":1,"significant":true,"publish":false,"eruption":true,"status":"Holocene","timeErupt":"D5","date":"1650-11-04","group":"VEI 4"}},{"type":"Feature","geometry":{"type":"Point","coordinates":[25.483,36.524]},"properties":{"id":7591,"year":1650,"month":12,"day":6,"tsunamiEventId":6191,"volcanoLocationId":102042,"volcanoLocationNewNum":212042,"name":"Kolumbo","location":"Greece","country":"Greece","latitude":36.524,"longitude":25.483,"elevation":-18,"morphology":"Volcanic complex","vei":4,"agent":"W","significant":true,"publish":false,"eruption":true,"status":"Holocene","timeErupt":"D5","date":"1650-12-06","group":"VEI 4"}}]}